560.37,557.87,554.04,550.36,548.56,547.53,546.64,545.81,545.32,544.90,544.50,544.37,544.79,545.28,545.62,545.75,545.83,545.90,545.98,546.03,545.93,545.70,545.44,545.20,544.94,544.63,544.52,544.48,544.38,544.22,544.01,543.63,543.06,542.37,541.69,540.99,539.91,538.03,535.39,534.08,533.02,532.35,533.68,535.32,536.98,538.70,540.63,542.56,544.22,545.77,547.31,548.93,550.79,552.55,554.09,555.45,556.74,557.47,557.86,558.28,559.20,561.04,563.25,565.48,567.45,569.36,571.93,574.78,577.16,579.49,582.02,584.48,586.66,588.56,590.49,593.14,596.58,600.64,605.52,611.54,618.26,625.29,632.10,638.24,643.63,648.51,653.83,658.61,662.88,666.66,669.83,672.82,675.38,677.64,679.64,681.41,682.27,682.53,682.14,680.37,676.54,672.19,668.33,666.16,667.49,672.95,679.49,685.61,690.52,694.01,696.69,699.18,701.93,703.91,705.19,706.17,706.82,706.59,706.12,705.25,704.23,703.84,703.38,702.81,702.19,701.55,700.85,700.15,699.47,698.70,697.56,696.42,695.44,694.74,694.66,695.33,696.59,697.70,698.04,697.38,695.47,693.48,692.36,693.45,696.57,701.29,706.39,710.76,714.49,717.86,720.91,723.59,725.82,727.01,727.47,727.39,726.78,725.47,723.98,722.23,720.12,717.85,715.67,713.78,712.30,711.44,711.80,713.39,716.12,720.34,726.57,733.52,740.89,748.22,754.21,760.02,766.25,772.97,779.94,785.74,790.11,793.24,795.13,796.20,796.58,796.70,796.54,795.68,794.63,793.45,792.01,790.15,788.34,786.31,784.26,782.33,780.36,778.13,775.75,773.20,770.34,767.19,763.93,760.63,757.25,753.49,748.33,742.19,736.39,733.86,733.90,733.34,732.02,730.64,728.60,726.79,725.64,725.17,724.55,724.61,724.72,724.69,724.70,725.22,725.87,726.62,727.49,728.34,729.07,729.80,730.52,731.16,731.83,732.55,733.29,733.98,734.71,735.38,735.98,736.58,737.30,738.04,738.77,739.40,739.82,740.82,742.52,744.35,745.83,746.94,748.15,749.17,750.31,752.85,756.26,761.52
563.36,561.51,558.39,554.39,551.03,548.85,547.86,547.09,546.60,546.13,545.64,545.26,545.53,545.96,546.31,546.46,546.58,546.66,546.76,546.87,546.93,546.82,546.62,546.38,546.15,545.88,545.69,545.54,545.36,545.05,544.58,543.99,543.31,542.54,541.84,541.16,540.40,539.27,537.41,536.00,534.61,533.44,533.65,535.11,536.80,538.49,540.21,541.92,543.54,545.10,546.65,548.24,549.91,551.38,552.64,553.88,555.19,556.04,556.68,557.41,558.51,560.36,562.50,564.63,566.53,568.32,570.53,573.00,575.30,577.36,579.39,581.40,583.34,585.16,587.01,589.42,592.62,596.90,602.41,609.48,617.10,624.29,630.78,636.16,640.92,645.42,650.10,654.52,658.68,662.45,665.59,668.55,670.88,672.87,674.73,676.53,677.39,677.64,677.15,675.00,671.02,666.63,663.30,662.72,666.00,672.08,678.57,684.36,688.92,691.83,693.88,695.74,697.80,699.21,700.10,700.63,700.82,700.47,699.93,699.11,698.18,697.54,696.86,696.06,695.26,694.52,693.55,692.72,691.95,691.12,690.08,688.91,687.98,687.43,687.51,688.65,690.23,691.52,691.91,691.14,689.49,687.87,687.51,690.38,693.99,697.99,702.05,705.76,708.73,711.14,713.26,715.16,716.97,718.73,719.71,719.89,719.41,718.25,716.90,715.12,712.66,709.95,707.44,705.69,704.73,704.23,704.93,707.68,711.72,716.34,721.88,728.72,736.51,744.73,751.94,757.90,763.86,770.12,776.33,781.42,785.24,787.81,789.06,789.56,789.72,789.75,789.66,789.25,788.42,787.28,785.88,784.23,782.68,780.74,778.72,776.77,774.77,772.80,770.61,768.14,765.31,762.43,759.46,756.43,752.94,747.47,741.49,735.93,731.80,730.90,731.34,730.32,728.09,725.84,723.96,722.80,722.48,722.97,723.53,724.45,725.35,726.03,726.34,726.88,727.30,727.63,727.99,728.61,729.09,729.69,730.58,731.72,732.66,733.45,734.18,734.92,735.65,736.28,736.84,737.40,738.05,738.70,739.47,740.30,741.13,742.36,744.15,746.12,747.82,748.97,750.35,751.89,753.76,756.66,761.65,767.53
565.76,564.25,561.93,558.07,553.56,550.38,549.19,548.35,547.80,547.28,546.72,546.21,546.28,546.64,546.98,547.14,547.30,547.42,547.54,547.68,547.82,547.80,547.66,547.45,547.21,546.97,546.72,546.47,546.17,545.66,544.95,544.19,543.43,542.67,541.97,541.33,540.71,539.98,538.80,537.38,535.94,534.60,533.78,534.92,536.57,538.20,539.75,541.35,542.95,544.53,546.07,547.60,549.10,550.34,551.40,552.54,553.77,554.72,555.61,556.72,558.10,559.80,561.73,563.74,565.60,567.38,569.26,571.31,573.49,575.41,576.96,578.50,580.25,582.09,583.93,586.11,588.99,593.37,599.38,607.48,616.03,623.45,629.72,634.32,638.44,642.57,646.61,650.57,654.50,658.21,661.33,664.25,666.37,668.08,669.70,671.38,672.16,672.29,671.56,669.06,665.30,661.29,658.81,659.93,664.64,671.02,677.28,682.63,686.74,689.07,690.57,691.85,693.13,694.02,694.62,694.88,694.73,694.36,693.79,693.04,692.18,691.36,690.53,689.60,688.65,687.73,686.53,685.57,684.71,683.87,683.06,681.97,681.09,680.61,680.81,682.40,684.13,685.41,685.82,684.98,683.72,682.49,682.55,686.41,690.30,693.70,696.75,699.54,701.47,703.03,704.50,705.95,707.46,709.80,711.27,711.68,711.35,710.22,708.92,707.11,704.47,701.63,699.13,697.72,697.34,697.32,698.43,702.10,707.32,712.77,717.78,724.38,732.30,741.06,749.54,755.79,761.56,767.37,772.88,777.23,780.39,782.43,783.25,783.35,783.37,783.39,783.39,783.35,782.63,781.44,780.03,778.59,777.19,775.34,773.38,771.45,769.45,767.71,765.73,763.36,760.61,757.96,755.13,752.07,748.20,741.45,735.16,730.53,728.13,728.23,728.39,726.67,723.75,721.11,719.90,719.77,720.60,722.32,724.14,725.88,727.50,728.82,729.38,729.83,729.93,729.77,729.54,729.82,730.10,730.67,731.70,733.17,734.31,735.16,735.89,736.63,737.30,737.85,738.36,738.88,739.47,740.07,740.87,741.92,743.18,744.60,746.29,748.13,749.92,751.23,752.81,754.93,757.64,760.97,767.06,773.04
568.28,566.12,562.18,558.44,555.20,552.66,550.90,549.53,548.78,548.19,547.62,547.16,547.04,547.30,547.61,547.77,547.98,548.17,548.32,548.43,548.58,548.69,548.65,548.50,548.26,547.98,547.65,547.16,546.48,545.78,545.02,544.28,543.56,542.79,542.14,541.51,540.90,540.20,539.12,537.73,536.35,535.16,534.48,535.04,536.29,537.82,539.37,540.88,542.38,543.90,545.44,546.93,548.45,549.75,550.84,551.83,552.85,553.74,554.79,556.20,557.65,559.18,560.91,562.82,564.66,566.40,568.12,569.87,571.64,573.30,574.57,575.84,577.39,579.16,580.96,583.23,586.29,590.73,596.84,605.76,615.22,622.88,628.72,632.89,636.58,640.20,643.63,647.16,650.75,654.19,657.20,659.95,662.04,663.69,665.07,666.31,666.88,666.64,665.49,663.08,659.93,656.84,655.80,658.76,663.61,669.65,675.39,680.12,683.63,685.63,686.82,687.54,687.92,688.27,688.59,688.80,688.80,688.45,688.09,687.62,687.00,686.27,685.49,684.60,683.44,681.87,680.25,678.88,677.63,676.53,675.68,674.85,674.20,673.90,674.38,676.26,678.01,679.25,679.64,678.72,677.63,676.45,676.16,679.11,683.45,687.04,689.56,691.03,691.66,693.05,695.02,697.22,698.86,700.31,701.18,701.49,701.23,699.99,698.65,697.02,694.97,693.23,692.01,691.49,691.66,692.41,694.45,697.71,702.54,709.26,715.14,721.55,728.88,737.37,746.74,753.31,758.88,764.27,769.54,773.31,775.53,776.84,777.53,777.60,777.74,777.83,777.86,777.95,777.22,776.19,774.99,773.59,771.92,770.22,768.63,767.09,765.36,763.53,761.50,759.19,756.53,753.95,750.66,746.57,741.66,736.40,731.67,728.13,726.04,725.26,724.13,721.96,719.79,719.12,719.44,720.41,722.56,725.84,728.43,730.45,732.06,733.23,733.70,733.97,733.78,733.33,732.84,732.59,732.84,733.26,733.84,734.97,736.01,736.88,737.60,738.24,738.78,739.42,740.12,740.83,741.60,742.41,743.45,744.71,746.06,747.46,748.97,750.63,752.40,753.99,755.66,757.80,760.97,766.07,772.02,777.38
569.80,568.14,564.79,560.18,557.17,554.96,553.02,551.34,550.17,549.27,548.54,548.10,547.83,547.99,548.27,548.43,548.63,548.86,549.04,549.22,549.50,549.80,549.80,549.57,549.22,548.68,548.12,547.43,546.61,545.86,545.11,544.39,543.71,543.05,542.38,541.70,541.04,540.37,539.43,538.19,536.98,535.97,535.30,535.31,536.13,537.48,538.96,540.26,541.67,543.16,544.67,546.16,547.63,548.98,550.15,551.10,552.01,552.81,553.84,555.32,556.80,558.33,560.03,561.87,563.65,565.33,566.94,568.49,569.92,571.23,572.19,573.19,574.53,576.22,578.07,580.57,583.91,588.53,594.99,604.25,614.09,622.08,627.59,631.63,635.08,638.20,640.99,643.82,646.94,650.16,653.11,655.65,657.70,659.30,660.50,661.43,661.83,661.38,659.94,657.39,654.75,653.02,653.59,657.63,662.47,667.95,672.98,677.02,680.03,681.86,682.83,683.20,683.13,683.15,683.13,683.09,683.02,682.77,682.55,682.26,681.84,681.27,680.51,679.59,678.30,676.38,674.28,672.26,670.52,669.19,668.35,667.61,666.98,666.67,667.19,669.09,670.99,672.43,673.09,672.59,671.54,670.34,669.70,671.18,674.92,678.30,680.63,681.69,681.93,683.28,685.61,688.42,690.40,691.54,692.13,692.31,691.99,690.82,689.60,688.29,686.87,685.89,685.48,685.57,686.18,687.52,690.43,694.01,698.59,704.93,711.85,718.56,725.65,733.78,743.33,750.38,755.82,760.47,764.75,767.87,769.49,770.38,770.88,770.58,770.60,770.69,770.94,771.80,771.44,770.63,769.62,768.36,766.76,765.42,764.12,762.66,760.99,759.11,757.04,754.69,751.76,748.74,745.17,740.98,736.31,732.35,728.88,726.06,723.95,722.44,720.45,718.93,718.34,719.09,721.00,723.27,726.25,729.86,732.71,734.89,736.53,737.66,738.22,738.42,738.11,737.49,736.73,736.07,736.07,736.27,736.59,737.27,738.15,738.98,739.78,740.64,741.38,742.00,742.59,743.26,744.07,745.00,746.13,747.48,749.04,750.56,751.88,753.27,754.91,756.61,758.68,761.27,764.86,770.41,776.14,781.34
570.62,570.09,568.66,563.14,559.72,557.44,555.43,553.60,551.95,550.60,549.63,549.11,548.68,548.73,548.96,549.13,549.31,549.55,549.80,550.11,550.62,551.13,551.03,550.54,549.97,549.10,548.26,547.44,546.62,545.91,545.25,544.59,543.99,543.47,542.75,541.99,541.27,540.62,539.87,538.79,537.77,536.93,536.21,535.76,536.13,537.18,538.55,539.57,540.88,542.33,543.82,545.33,546.70,548.05,549.32,550.31,551.20,551.91,552.82,554.21,555.68,557.32,559.09,560.90,562.61,564.19,565.73,567.15,568.30,569.24,569.92,570.69,571.78,573.33,575.31,578.11,581.85,586.77,593.73,602.98,612.78,621.10,626.35,630.45,633.81,636.48,638.65,640.67,643.21,646.12,648.93,651.30,653.31,654.90,656.00,656.73,656.98,656.42,654.84,652.15,650.01,649.89,652.04,656.50,661.18,665.95,670.15,673.45,676.00,677.68,678.50,678.69,678.50,678.34,677.95,677.54,677.30,677.20,677.07,676.87,676.62,676.26,675.50,674.53,673.16,671.11,668.52,665.75,663.41,661.84,661.03,660.27,659.57,659.15,659.54,661.21,663.19,664.92,666.04,666.30,665.36,664.20,663.29,663.20,665.61,668.32,670.50,671.80,672.32,673.84,676.43,679.67,682.07,683.35,683.90,683.97,683.53,682.55,681.56,680.63,679.80,679.31,679.39,679.94,680.95,682.76,686.33,690.69,695.29,700.39,708.15,715.40,722.54,730.35,739.62,747.11,752.44,756.18,759.06,761.38,762.56,763.14,763.32,762.44,762.23,762.33,762.94,764.84,765.07,764.57,763.76,762.75,761.51,760.59,759.51,757.99,756.29,754.42,752.39,749.96,746.58,742.96,739.30,735.63,732.04,729.10,726.55,724.11,721.79,719.76,717.54,717.39,718.73,720.58,723.94,727.47,730.87,734.06,736.91,739.23,740.97,742.18,742.93,743.16,742.86,742.18,741.24,740.29,739.90,739.86,740.03,740.27,740.91,741.64,742.50,743.66,744.72,745.21,745.55,746.06,746.85,747.86,749.00,750.37,752.14,753.78,754.93,756.04,757.54,759.26,761.88,765.13,769.09,774.20,779.70,785.06
571.22,570.84,570.13,567.51,564.33,560.99,557.89,556.04,554.33,552.85,551.63,550.67,549.91,549.66,549.74,550.00,550.29,550.69,551.13,551.63,552.21,552.75,552.12,550.85,549.85,549.05,548.29,547.50,546.67,545.99,545.56,545.25,544.93,544.44,543.71,542.91,542.11,541.40,540.92,539.62,538.48,537.80,537.22,536.69,536.59,537.05,538.15,539.06,540.19,541.52,542.98,544.43,545.77,547.07,548.31,549.35,550.31,551.04,551.87,553.12,554.61,556.33,558.11,559.86,561.55,563.12,564.52,565.77,566.85,567.73,568.43,569.08,569.81,570.84,572.93,576.18,580.49,585.92,593.16,602.32,611.90,620.08,625.06,629.17,632.48,634.93,636.82,638.43,640.20,642.14,644.19,646.53,648.74,650.52,651.65,652.27,652.30,651.68,650.39,648.44,647.36,648.47,651.37,655.46,659.41,663.41,666.85,669.40,671.16,672.32,672.92,673.12,673.00,672.69,672.11,671.58,671.32,671.32,671.31,671.24,671.12,670.98,670.29,669.35,667.94,665.70,662.84,659.56,656.56,654.37,653.58,652.93,652.32,651.96,652.34,653.21,654.44,655.93,657.50,658.52,658.60,658.08,657.32,656.94,657.93,658.97,660.06,661.59,662.93,665.37,668.35,671.41,673.99,675.71,676.41,676.38,675.99,675.21,674.38,673.63,673.13,673.12,673.74,674.96,676.71,678.91,682.13,686.98,692.48,697.85,704.82,711.98,719.45,727.58,736.50,743.57,748.56,751.86,753.78,754.82,754.99,754.62,753.87,752.72,752.47,752.96,754.15,756.02,756.68,756.67,756.33,755.79,755.16,754.34,753.35,752.21,750.95,749.30,747.49,745.23,741.85,738.67,735.20,731.95,729.36,726.86,724.50,722.00,719.36,717.03,716.80,717.96,720.19,723.61,727.56,731.18,734.56,737.85,741.20,743.85,745.86,747.31,748.12,748.64,748.53,748.00,747.20,746.26,745.57,745.30,745.40,745.48,745.77,746.09,746.52,747.24,747.84,748.17,748.57,749.25,750.17,751.53,752.84,754.11,755.72,756.97,757.96,759.14,760.86,762.83,765.52,768.90,772.99,777.78,783.20,788.60
571.75,571.37,570.97,570.52,568.17,564.89,561.53,559.07,557.00,555.32,553.91,552.67,551.66,551.14,551.03,551.29,551.63,552.11,552.67,553.26,553.83,554.22,553.12,551.32,550.11,549.21,548.38,547.60,546.89,546.37,546.16,546.12,545.99,545.50,544.77,543.95,543.17,542.62,542.42,540.85,539.39,538.63,538.16,537.65,537.26,537.28,537.98,538.68,539.60,540.76,542.14,543.51,544.80,546.04,547.20,548.26,549.27,550.08,550.91,552.02,553.56,555.32,557.09,558.80,560.48,561.98,563.25,564.38,565.44,566.30,567.05,567.73,568.40,569.31,571.84,575.69,580.49,586.13,593.50,602.26,611.24,619.01,623.93,627.92,631.09,633.42,635.16,636.57,637.80,639.00,640.35,642.31,644.31,645.99,647.15,647.83,647.75,647.17,646.23,645.13,645.29,647.33,650.50,654.06,657.33,660.61,663.42,665.44,666.55,667.20,667.52,667.59,667.43,667.03,666.50,666.09,665.94,666.01,666.10,666.06,665.95,665.86,665.14,664.15,662.66,660.22,657.05,653.30,649.79,647.19,646.29,645.72,645.27,645.13,645.63,646.19,647.07,648.38,650.07,651.38,652.15,652.20,651.72,651.31,651.27,651.08,651.33,652.73,654.47,657.24,660.25,663.00,665.28,667.12,667.82,667.76,667.62,666.92,666.39,666.16,666.33,667.11,668.46,670.44,672.93,675.60,678.54,683.43,689.47,695.53,701.75,708.69,716.45,725.02,733.75,740.16,744.72,747.70,748.86,748.90,748.04,746.54,744.55,742.63,741.97,742.54,744.21,746.65,748.21,748.91,749.10,749.04,748.88,748.20,747.41,746.69,745.83,744.42,742.78,740.69,737.57,734.83,731.84,729.13,727.10,724.84,722.46,719.73,716.98,715.56,716.99,719.23,722.25,726.73,730.97,734.73,738.31,741.95,745.79,748.86,751.25,752.94,753.74,754.42,754.46,754.09,753.46,752.51,751.60,751.06,750.91,750.91,750.96,750.99,751.12,751.50,751.79,752.10,752.58,753.35,754.36,755.83,757.16,758.35,759.69,760.62,761.57,762.85,764.67,766.67,769.18,772.43,776.45,781.01,786.47,791.98
572.25,571.87,571.47,571.02,570.19,569.00,566.96,562.96,559.97,557.88,556.38,555.20,554.12,553.43,553.14,553.22,553.46,553.88,554.39,554.93,555.37,555.35,554.00,552.26,551.26,549.86,548.64,547.79,547.34,547.22,547.18,547.17,547.05,546.55,545.83,545.01,544.44,544.37,544.46,542.64,540.70,539.50,538.99,538.50,538.16,538.04,538.19,538.49,539.16,540.11,541.28,542.59,543.80,544.95,546.03,547.04,548.05,549.01,549.94,550.94,552.54,554.25,555.99,557.74,559.40,560.71,561.85,562.97,564.07,564.90,565.68,566.57,567.70,569.20,572.73,577.38,582.48,587.77,595.06,603.00,610.84,617.86,623.07,626.72,629.62,631.97,633.63,635.05,636.19,637.15,638.09,639.10,640.15,641.26,642.40,643.36,643.38,642.94,642.36,642.04,643.56,646.11,649.07,652.03,654.85,657.51,659.89,661.71,662.49,662.77,662.68,662.37,661.97,661.58,661.43,661.44,661.54,661.68,661.78,661.67,661.40,661.07,660.11,658.93,657.30,654.66,651.04,646.83,643.09,640.47,639.35,638.76,638.55,638.76,639.60,640.77,642.15,643.54,644.80,645.70,646.37,646.69,646.62,646.22,645.75,645.38,645.39,646.14,647.45,649.45,651.88,654.25,655.58,656.94,657.40,657.38,657.80,656.96,656.99,657.84,659.30,661.34,663.67,666.46,669.63,672.87,675.93,680.23,686.01,693.02,699.00,705.69,713.59,722.62,731.34,737.02,741.08,743.79,744.38,743.96,742.25,739.51,735.96,732.46,730.74,730.77,732.73,736.90,740.15,741.86,742.61,742.98,743.00,742.65,742.24,741.87,741.25,740.05,738.46,736.48,733.88,731.30,729.17,727.19,725.08,722.89,720.33,717.24,714.80,716.09,718.05,721.05,724.95,729.52,733.87,738.15,742.41,746.65,750.80,754.43,757.26,759.18,759.89,760.47,760.55,760.29,759.76,758.70,757.69,756.78,756.13,756.10,756.11,756.15,756.31,756.70,757.12,757.60,758.13,758.78,759.76,760.85,762.02,763.18,764.18,765.06,766.13,767.47,769.06,770.69,772.73,775.57,779.29,783.73,789.41,795.16
572.78,572.36,571.93,571.50,571.05,570.48,569.41,566.94,564.32,561.75,559.41,557.69,556.51,555.71,555.24,555.11,555.28,555.68,556.16,556.63,556.91,556.50,555.40,554.26,553.67,552.44,550.45,548.87,548.31,548.24,548.26,548.24,548.07,547.57,546.84,546.29,546.10,546.34,546.60,545.07,543.22,541.74,540.59,539.54,538.99,538.80,538.70,538.69,539.09,539.76,540.77,542.36,543.65,544.76,545.79,546.74,547.61,548.57,549.46,550.27,551.61,553.18,554.86,556.59,558.26,559.64,560.81,561.93,563.14,564.46,565.64,566.85,568.36,570.69,575.38,580.63,585.72,590.69,596.97,603.65,610.41,616.88,621.88,625.36,628.18,630.52,632.13,633.46,634.51,635.38,636.22,636.97,637.70,638.48,639.28,639.98,639.66,639.11,638.73,638.99,641.07,643.67,646.23,648.62,651.09,652.99,654.50,655.56,655.90,655.99,655.88,655.66,655.40,655.19,655.21,655.46,655.91,656.33,656.54,656.45,656.13,655.71,654.65,653.07,650.87,647.78,644.01,640.05,636.75,634.63,633.87,633.54,633.53,633.92,634.96,636.30,637.64,638.84,639.80,640.56,641.20,641.58,641.64,641.40,641.10,640.98,641.17,641.79,642.66,644.21,646.27,648.35,649.27,650.52,651.21,651.46,651.81,651.65,652.15,653.43,655.46,657.83,660.16,662.86,666.11,669.94,673.45,677.51,682.86,689.92,696.30,703.08,710.69,719.12,727.35,733.22,737.00,738.99,738.92,737.25,734.81,731.88,728.51,725.20,723.08,722.56,724.07,728.13,732.52,735.41,737.04,737.94,738.12,738.06,737.88,737.60,737.07,735.89,734.30,732.31,729.68,727.06,725.46,724.49,723.50,721.49,717.74,715.12,714.87,716.90,719.27,722.84,727.30,732.07,736.79,741.93,747.04,751.76,755.93,759.37,762.12,764.09,764.96,765.49,765.70,765.65,765.30,764.63,763.88,763.15,762.59,762.39,762.30,762.20,762.24,762.64,763.10,763.56,764.04,764.62,765.48,766.38,767.33,768.31,769.20,770.12,771.35,772.78,774.20,775.19,776.29,778.46,781.98,786.47,792.39,799.01
573.29,572.85,572.41,572.02,571.59,571.17,570.77,570.29,568.51,565.86,562.95,560.68,559.24,558.18,557.40,557.03,557.11,557.46,557.89,558.29,558.46,557.86,557.16,556.69,556.50,555.70,553.31,551.23,550.42,550.17,550.09,549.89,549.44,548.68,547.93,547.66,547.79,548.15,548.45,547.45,546.05,544.58,542.77,541.03,540.09,539.68,539.29,539.06,539.18,539.58,540.43,542.37,543.96,545.21,546.22,547.09,547.76,548.59,549.40,550.07,551.13,552.54,554.07,555.63,557.17,558.66,559.95,561.16,562.59,564.45,566.08,567.63,569.50,572.60,577.95,583.45,588.47,593.24,598.46,603.93,609.71,615.66,620.53,623.93,626.68,628.98,630.55,631.80,632.78,633.61,634.42,635.12,635.76,636.31,636.75,637.03,636.32,635.57,635.25,635.82,638.11,640.60,642.79,644.64,646.68,647.93,648.69,649.12,649.20,649.26,649.29,649.27,649.20,649.17,649.27,649.63,650.30,650.92,651.18,651.05,650.59,649.84,648.59,646.63,643.97,640.59,637.08,633.84,631.31,629.83,629.53,629.49,629.70,630.25,631.37,632.63,633.83,634.86,635.66,636.37,637.01,637.41,637.56,637.60,637.67,637.91,638.34,638.97,639.48,640.75,642.52,644.27,644.97,646.02,646.93,647.51,647.78,648.41,649.28,650.67,652.82,655.13,657.23,659.61,662.67,666.73,670.69,674.75,679.73,686.48,693.47,700.45,707.69,715.28,722.78,728.84,732.36,733.60,732.93,730.14,727.18,724.33,721.51,718.78,716.51,715.47,716.28,719.67,724.71,728.74,731.43,732.97,733.45,733.64,733.63,733.37,732.86,731.65,730.02,727.98,725.30,722.72,721.43,721.30,721.52,719.43,715.23,713.71,715.61,717.74,720.49,724.61,729.55,734.62,739.88,745.82,751.62,756.64,760.67,763.84,766.42,768.44,769.56,770.13,770.51,770.68,770.54,770.30,769.86,769.45,769.13,768.79,768.62,768.40,768.32,768.67,769.07,769.46,769.88,770.41,771.15,771.92,772.73,773.57,774.50,775.59,777.02,778.60,779.99,780.43,780.55,781.81,784.82,789.37,795.54,802.98
573.76,573.38,573.02,572.64,572.28,571.94,571.61,571.27,570.57,569.35,567.63,565.45,563.28,561.33,559.84,559.09,559.00,559.14,559.40,559.74,560.00,559.89,559.66,559.49,559.43,559.14,558.19,557.04,555.99,555.12,554.46,553.57,552.19,550.19,549.36,549.12,549.11,549.17,549.22,548.94,548.62,548.00,546.10,543.87,542.20,540.95,539.84,539.54,539.46,539.59,540.31,542.54,545.04,546.87,547.99,548.69,549.07,549.57,550.23,551.06,552.16,553.44,554.56,555.46,556.36,557.81,559.33,560.93,562.87,564.89,566.77,568.61,570.81,574.30,578.33,583.01,588.14,593.16,598.11,603.03,608.07,613.43,618.96,622.42,624.96,627.09,628.69,630.02,630.98,631.72,632.44,633.09,633.67,634.17,634.48,634.37,633.55,632.63,631.97,632.20,634.30,636.68,638.72,640.14,641.44,642.54,643.51,644.35,644.94,645.33,645.51,645.54,645.52,645.46,645.52,645.70,646.05,646.49,646.41,645.94,644.90,642.79,640.84,638.88,636.55,633.72,631.63,629.97,628.63,627.74,627.54,627.60,628.17,629.06,629.88,630.70,631.97,633.26,634.21,634.92,635.61,636.10,636.48,637.02,637.58,638.06,638.51,639.03,639.50,640.73,642.21,643.49,643.96,644.17,644.76,645.63,646.42,647.37,648.38,649.48,650.83,652.86,654.89,657.14,659.73,662.72,666.85,671.35,676.35,682.48,690.10,697.33,704.39,711.42,717.92,723.20,726.20,727.09,726.14,723.52,720.64,717.75,714.84,712.13,709.88,708.44,708.44,711.26,715.82,720.63,724.70,727.15,728.40,728.84,728.91,728.69,728.11,726.88,725.15,723.06,720.77,718.75,717.44,717.27,717.67,714.50,713.49,714.31,716.22,718.31,721.61,726.33,731.81,737.42,743.62,749.77,755.43,760.25,763.90,767.22,770.05,772.26,773.64,774.51,775.13,775.50,775.52,775.32,775.06,774.81,774.56,774.36,774.24,774.12,774.07,774.23,774.40,774.69,775.10,775.65,776.31,777.05,777.95,778.98,780.17,781.77,783.55,785.47,787.27,787.68,787.26,787.07,788.29,792.79,799.24,806.63
574.40,574.06,573.72,573.36,573.04,572.72,572.39,572.14,571.92,571.44,570.50,568.88,567.06,565.18,563.51,562.36,562.05,561.89,561.91,562.10,562.36,562.41,562.35,562.29,562.25,562.13,561.83,561.24,560.35,559.54,558.75,557.76,556.42,554.59,553.68,552.87,552.01,551.16,550.42,550.10,550.44,550.74,548.88,546.63,544.74,543.13,541.61,540.79,540.12,539.88,540.64,543.18,546.24,548.42,549.59,550.15,550.46,550.89,551.52,552.39,553.50,554.69,555.64,556.27,556.78,557.81,559.07,560.63,562.80,564.99,567.12,569.27,571.68,574.81,577.72,581.18,585.55,590.95,595.98,600.61,605.25,610.28,615.87,620.16,623.17,625.14,626.81,628.14,629.07,629.76,630.42,631.04,631.57,631.98,632.12,631.61,630.59,629.45,628.49,628.37,630.30,632.80,634.97,636.32,637.29,638.15,638.98,639.83,640.74,641.40,641.72,641.80,641.82,641.75,641.78,641.88,642.00,642.04,641.66,640.87,639.48,637.09,634.81,632.82,630.92,629.07,627.88,627.01,626.42,626.23,626.64,627.17,628.10,629.21,630.06,630.88,632.23,633.64,634.67,635.40,636.05,636.55,636.97,637.61,638.28,638.87,639.43,640.14,641.12,642.57,644.07,645.24,645.60,645.36,645.40,645.74,646.09,646.80,647.66,648.53,649.51,651.00,652.93,655.12,657.41,659.69,663.04,667.45,672.51,678.31,686.19,693.67,700.82,707.64,713.47,717.90,720.19,720.59,719.49,716.96,714.21,711.39,708.51,705.91,703.90,702.46,702.09,703.96,707.13,712.10,717.32,720.74,722.49,723.19,723.32,723.00,722.29,721.82,720.71,718.97,717.05,715.29,713.93,713.53,713.94,712.09,713.11,715.04,716.90,718.98,722.82,728.04,733.95,740.02,746.42,752.50,758.05,762.78,766.41,769.99,773.12,775.69,777.68,779.16,780.09,780.62,780.79,780.67,780.52,780.33,780.10,779.89,779.72,779.65,779.66,779.73,779.81,780.01,780.42,781.02,781.67,782.59,783.69,784.90,786.23,788.06,790.15,792.34,794.19,794.49,793.69,792.56,792.47,796.30,802.99,810.22
575.18,574.85,574.48,574.16,573.84,573.50,573.17,572.99,572.83,572.49,571.93,571.13,570.34,569.26,567.90,566.52,566.00,565.52,565.22,565.19,565.35,565.26,565.15,565.08,564.98,564.77,564.49,564.10,563.66,563.38,562.80,562.18,561.59,560.92,559.96,558.31,556.31,554.28,552.45,551.47,551.95,552.92,551.15,549.18,547.45,545.84,544.16,542.58,541.14,540.49,541.35,544.15,547.41,549.72,550.92,551.39,551.88,552.45,553.12,553.96,555.01,556.15,557.12,557.77,558.09,558.47,559.13,560.32,562.41,564.72,567.06,569.48,571.99,574.28,576.37,578.48,581.51,587.07,592.31,596.94,601.49,606.43,611.63,617.17,621.13,623.16,624.90,626.18,627.07,627.74,628.37,628.96,629.41,629.69,629.62,628.74,627.46,626.06,624.80,624.32,626.17,628.89,631.36,632.88,633.89,634.42,634.83,635.38,636.41,637.32,637.78,637.91,637.97,637.90,637.93,637.99,637.92,637.46,636.81,635.71,634.15,632.32,630.11,628.15,626.75,626.07,625.41,624.85,624.73,625.32,626.65,627.85,629.09,630.35,631.50,632.61,634.01,635.40,636.48,637.19,637.77,638.20,638.54,638.97,639.54,640.18,640.95,642.04,643.84,645.67,647.38,648.69,649.03,648.69,648.11,647.40,646.66,646.74,647.20,647.91,648.81,649.65,651.39,653.48,655.57,657.46,659.52,663.32,668.26,673.87,681.78,689.52,696.92,703.78,709.24,712.89,714.41,714.28,713.06,710.53,707.89,705.21,702.48,700.07,698.44,697.39,697.03,697.90,699.31,703.85,709.68,713.90,716.03,717.00,717.16,716.63,715.99,716.76,716.71,715.55,713.95,712.28,710.97,710.36,710.73,711.73,713.68,715.74,717.65,719.83,724.19,729.77,735.94,742.32,748.37,754.23,759.72,764.52,768.42,772.32,775.83,778.95,781.85,784.09,785.40,786.13,786.48,786.52,786.38,786.17,785.91,785.60,785.28,785.17,785.19,785.26,785.35,785.49,785.86,786.52,787.23,788.41,789.75,791.11,792.52,794.42,796.79,799.14,800.77,800.88,799.90,798.30,797.32,800.04,806.75,813.75
575.96,575.61,575.28,574.97,574.62,574.27,573.97,573.80,573.65,573.43,573.07,572.47,571.94,571.50,571.07,570.61,570.22,569.62,569.03,568.59,568.35,568.11,567.93,567.79,567.62,567.44,567.20,566.97,566.78,566.58,566.36,566.13,565.93,565.72,564.94,563.64,562.03,560.11,557.69,555.90,555.17,554.88,553.04,551.07,549.27,547.57,545.83,544.12,542.70,541.87,542.25,544.91,547.97,550.14,551.39,552.25,553.16,553.95,554.70,555.55,556.57,557.67,558.59,559.16,559.22,559.29,559.64,560.39,561.75,563.84,566.01,568.31,570.70,572.71,574.50,576.20,578.33,582.07,586.79,592.02,597.27,602.29,607.36,612.92,617.69,621.01,622.86,624.13,625.02,625.69,626.29,626.70,627.02,627.07,626.64,625.70,624.30,622.54,620.77,619.87,621.75,624.44,626.93,628.66,629.81,630.00,630.01,630.36,631.54,632.80,633.50,633.74,633.84,633.75,633.70,633.55,633.12,632.28,631.34,629.81,628.00,626.82,625.29,624.00,623.24,623.20,623.32,623.99,625.02,626.34,627.82,629.18,630.52,631.92,633.36,634.52,635.84,637.16,638.26,638.90,639.42,639.85,640.20,640.58,641.32,642.42,643.61,644.78,646.84,648.79,650.43,651.62,652.03,651.86,651.08,649.90,648.70,648.04,648.17,648.63,649.13,649.66,651.00,652.46,653.88,655.51,657.33,659.90,663.35,668.34,676.61,684.72,692.20,698.87,704.39,707.78,709.11,708.84,707.32,704.86,702.19,699.47,696.80,694.65,693.41,692.98,693.35,694.58,696.17,699.23,703.16,706.93,709.99,711.33,711.34,710.79,711.71,713.13,713.33,712.31,710.94,709.86,709.34,709.37,710.06,711.65,713.83,716.11,718.46,721.41,726.13,731.68,737.62,743.75,749.52,755.29,760.83,765.90,770.41,774.61,778.78,782.92,786.73,789.59,791.52,792.83,793.60,793.80,793.62,793.26,792.84,792.38,791.86,791.38,791.09,791.13,791.24,791.36,791.63,792.17,792.87,793.86,795.15,796.68,798.44,800.78,803.43,805.79,807.17,807.25,806.67,805.10,803.44,804.92,810.42,817.07
576.71,576.39,576.08,575.76,575.40,575.06,574.79,574.62,574.46,574.33,574.14,573.79,573.68,573.89,574.25,574.55,574.48,573.97,573.29,572.58,571.96,571.51,571.23,571.02,570.76,570.57,570.32,570.16,570.12,569.98,569.99,570.02,570.05,570.06,569.51,568.66,567.58,566.04,563.50,560.90,558.65,556.74,554.80,552.82,550.94,549.13,547.36,545.69,544.25,543.15,543.08,545.54,548.23,550.18,551.47,552.64,553.86,554.88,555.81,556.78,557.80,558.88,559.80,560.34,560.24,560.17,560.39,560.84,561.57,563.15,564.81,566.64,568.68,570.55,572.13,573.54,575.08,577.49,581.43,586.45,592.04,597.76,602.82,608.16,613.37,617.73,620.10,621.89,622.98,623.63,624.14,624.37,624.51,624.33,623.60,622.45,620.56,618.29,616.12,615.15,616.93,619.48,621.83,623.46,624.32,623.93,623.47,623.62,624.86,626.36,627.28,627.70,627.96,627.89,627.81,627.59,627.04,626.23,625.40,624.06,622.55,621.94,621.13,620.60,620.59,621.27,622.26,623.95,625.86,627.70,629.23,630.66,632.06,633.53,635.14,636.43,637.68,638.87,639.88,640.46,640.98,641.43,641.83,642.20,643.14,644.62,646.20,647.60,649.71,651.67,653.26,654.37,654.90,654.95,654.17,652.85,651.54,650.48,650.28,650.44,650.64,651.23,652.14,653.01,653.84,655.05,656.59,658.03,659.91,663.64,671.30,679.50,686.96,693.28,698.56,702.06,703.54,703.32,701.68,699.35,696.67,693.98,691.68,690.43,689.92,690.17,691.18,692.86,694.74,696.57,698.69,701.59,704.76,706.20,706.32,706.13,708.04,709.60,709.91,709.25,708.50,708.21,708.46,709.05,710.00,711.86,714.19,716.68,719.48,723.34,728.38,733.88,739.61,745.49,750.97,756.50,762.01,767.33,772.31,776.96,781.84,786.88,791.41,794.92,797.62,799.60,800.71,801.04,800.76,800.26,799.69,799.12,798.49,797.80,797.30,797.36,797.50,797.63,797.77,798.01,798.51,799.30,800.63,802.47,804.68,807.45,810.25,812.48,813.53,813.46,812.97,811.51,809.66,810.20,814.34,820.54
577.38,577.20,576.88,576.52,576.18,575.89,575.66,575.44,575.27,575.19,575.18,575.34,576.23,577.16,577.85,578.25,578.71,578.63,578.18,577.49,576.64,575.92,575.47,575.16,574.81,574.52,574.17,573.94,573.89,573.92,573.93,573.97,574.04,574.08,573.83,573.18,572.35,571.26,569.21,565.86,562.01,558.49,556.49,554.55,552.62,550.74,548.94,547.40,545.57,544.03,543.70,546.03,548.16,549.84,551.16,552.33,553.55,554.83,556.10,557.32,558.40,559.54,560.53,561.16,561.11,561.13,561.38,561.80,562.31,563.01,563.66,564.54,565.89,567.73,569.05,570.11,571.44,574.01,576.95,580.20,585.20,592.67,597.80,602.89,607.92,612.52,616.09,619.29,620.94,621.52,621.89,621.97,621.88,621.50,620.62,618.85,615.82,612.75,610.50,610.07,611.52,613.79,615.82,616.75,616.55,615.14,614.05,614.02,615.17,616.70,617.75,618.43,619.08,619.15,619.13,619.09,618.99,618.83,618.86,618.82,618.63,618.39,618.16,618.35,619.23,620.99,622.91,624.93,627.01,629.03,630.70,632.19,633.62,635.05,636.64,638.29,639.54,640.48,641.21,641.77,642.36,642.91,643.38,643.77,644.83,646.42,648.30,650.28,652.21,654.13,655.77,656.96,657.68,657.96,657.40,656.30,655.32,654.47,653.94,653.70,653.93,655.05,655.63,656.11,656.65,657.12,657.97,658.65,659.26,660.81,666.05,673.73,681.10,686.87,691.22,695.28,697.32,697.34,695.94,693.84,691.25,688.83,687.45,688.22,689.02,689.97,691.27,693.06,694.77,696.13,697.47,699.20,700.84,701.89,702.63,703.39,704.78,705.80,706.24,706.44,707.03,707.72,708.47,709.22,710.22,712.50,715.05,717.68,720.83,725.66,731.00,736.53,742.24,748.11,753.20,758.21,763.46,768.96,774.08,779.43,785.02,790.57,795.50,799.75,803.43,806.11,807.31,807.69,807.32,806.69,806.04,805.43,804.91,804.33,803.94,804.14,804.30,804.49,804.44,804.11,804.10,804.82,806.46,808.83,811.60,814.70,817.41,819.28,819.87,819.40,818.27,816.87,815.65,815.79,818.71,824.34
577.95,577.86,577.64,577.31,576.99,576.71,576.49,576.30,576.22,576.24,576.31,576.47,577.48,578.63,579.67,580.45,580.89,580.86,580.55,580.05,579.46,578.96,578.65,578.46,578.28,578.05,577.79,577.61,577.65,577.98,578.08,578.14,578.24,578.36,578.31,577.74,576.93,575.93,573.97,570.88,566.84,562.28,558.48,556.23,554.28,552.33,550.45,548.80,546.84,544.95,544.02,545.87,547.74,549.38,550.83,552.10,553.40,554.76,556.14,557.46,558.63,559.82,560.95,561.82,561.99,562.14,562.41,562.80,563.29,563.69,564.08,564.63,565.51,566.74,567.66,568.50,569.60,571.52,573.94,576.73,580.52,585.82,590.74,596.30,601.57,606.04,609.71,612.88,614.94,616.13,616.82,617.10,616.85,615.97,614.34,612.13,609.64,607.24,605.50,605.60,606.87,608.79,610.41,610.88,610.48,609.36,608.58,608.63,609.51,610.61,611.46,612.08,612.67,613.01,613.20,613.37,613.66,614.25,614.82,615.44,616.09,616.71,617.39,618.30,619.72,621.85,624.04,626.24,628.35,630.28,631.88,633.44,634.95,636.49,638.10,639.70,640.86,641.74,642.44,643.07,643.66,644.29,644.90,645.37,646.53,648.30,650.45,652.77,654.81,656.76,658.38,659.55,660.41,660.80,660.63,660.08,659.38,658.77,658.34,658.10,658.15,658.78,659.12,659.40,659.70,659.95,660.33,660.63,660.94,661.76,664.58,669.57,675.14,680.32,684.30,687.68,689.83,690.60,689.74,688.00,686.92,686.61,687.14,688.86,690.15,691.32,692.63,694.16,695.79,696.96,697.85,698.86,700.13,701.79,703.15,703.93,704.72,705.33,705.78,706.30,707.22,708.05,708.87,709.86,711.33,713.71,716.27,719.27,723.08,728.20,733.72,739.47,745.39,751.32,756.26,760.95,765.89,771.14,776.20,782.13,788.25,794.23,799.93,805.00,809.04,811.92,813.42,813.91,813.73,813.36,812.99,812.63,812.21,811.86,811.69,811.77,811.86,811.63,811.09,810.34,809.84,810.48,812.33,815.12,818.41,821.75,824.24,825.75,826.18,825.83,824.91,823.74,822.57,821.96,823.69,828.19
578.49,578.46,578.36,578.10,577.79,577.52,577.32,577.21,577.25,577.37,577.47,577.49,578.28,579.50,580.88,582.09,582.35,582.26,582.02,581.71,581.47,581.27,581.15,581.12,581.17,581.08,580.95,580.94,581.22,582.03,582.41,582.60,582.74,582.91,582.98,582.49,581.65,580.54,578.51,575.93,572.11,566.90,561.05,558.01,555.86,553.86,551.90,550.13,548.17,546.03,544.47,545.68,547.36,549.01,550.52,551.92,553.31,554.71,556.10,557.47,558.74,559.97,561.24,562.36,562.84,563.15,563.44,563.82,564.31,564.66,565.02,565.48,566.06,566.69,567.26,567.92,568.72,569.76,571.72,574.33,576.91,579.37,583.68,589.23,594.45,598.73,602.32,605.12,607.44,609.27,610.31,610.83,610.45,609.18,607.08,604.91,603.49,602.19,601.24,601.71,602.81,604.31,605.49,605.69,605.48,605.12,605.01,605.32,605.96,606.62,607.23,607.75,608.22,608.80,609.21,609.58,610.19,611.50,612.58,613.67,614.91,616.28,617.68,619.17,620.93,623.13,625.37,627.64,629.71,631.48,632.98,634.57,636.17,637.80,639.45,640.90,642.01,642.90,643.64,644.33,644.92,645.63,646.38,646.98,648.29,650.28,652.68,655.21,657.42,659.40,660.98,662.11,663.09,663.56,663.80,663.80,663.36,663.00,662.78,662.62,662.47,662.42,662.56,662.69,662.79,662.98,663.03,663.13,663.43,664.09,664.90,666.91,670.21,674.49,678.17,680.61,682.72,684.26,684.11,683.02,683.89,685.98,688.35,690.49,691.96,693.21,694.43,695.64,697.19,698.40,699.23,699.89,701.02,703.33,705.10,705.59,705.84,706.09,706.50,707.11,707.97,708.69,709.55,710.86,712.86,715.16,717.69,721.12,725.61,730.88,736.59,742.65,748.84,754.78,759.66,764.15,768.76,773.62,778.58,784.94,791.44,797.84,804.38,810.04,814.17,817.14,819.07,819.80,819.95,820.02,820.11,820.02,819.72,819.57,819.53,819.44,819.40,818.73,817.75,816.71,815.77,816.36,818.41,821.50,825.03,828.39,830.55,831.73,832.14,832.03,831.53,830.65,829.42,828.18,828.83,832.02
579.04,579.03,579.00,578.87,578.56,578.31,578.22,578.28,578.40,578.57,578.68,578.58,579.03,580.32,582.00,583.45,583.68,583.54,583.28,582.99,582.75,582.54,582.41,582.42,582.60,582.73,582.77,583.11,584.11,585.92,587.21,587.88,588.12,588.17,588.15,587.84,587.07,585.62,583.45,580.89,577.23,572.02,565.38,560.24,557.12,555.15,553.28,551.59,549.78,547.63,545.72,546.17,547.57,549.01,550.34,551.79,553.23,554.64,556.05,557.48,558.84,560.10,561.37,562.60,563.52,564.11,564.50,564.85,565.27,565.64,565.98,566.42,567.07,567.91,568.52,568.93,569.22,569.55,570.65,572.52,574.60,576.62,579.17,582.02,585.57,589.84,594.04,597.04,599.25,600.88,601.89,602.34,601.84,600.98,600.22,599.77,599.23,598.92,598.95,599.34,600.04,600.91,601.67,602.06,602.40,602.95,603.70,604.58,605.37,606.06,606.72,607.36,607.98,608.64,609.13,609.57,610.31,612.17,613.96,615.60,617.06,618.23,619.31,620.75,622.52,624.57,626.79,628.97,630.90,632.56,634.09,635.65,637.21,638.80,640.42,641.90,643.17,644.16,644.83,645.53,646.19,646.91,647.69,648.53,650.23,652.62,655.23,657.66,659.95,661.89,663.44,664.61,665.60,666.22,666.69,666.93,666.66,666.57,666.45,666.25,666.01,665.87,665.84,665.81,665.77,665.87,665.85,665.88,666.19,666.86,667.23,667.89,669.24,671.49,674.46,676.56,678.56,680.34,681.15,681.78,684.39,687.69,690.38,692.31,693.81,695.13,696.34,697.46,698.74,700.52,702.36,703.54,703.94,705.79,707.22,707.37,707.39,707.37,707.63,708.16,708.81,709.44,710.81,712.68,714.81,716.84,719.48,723.22,728.12,733.76,739.97,746.40,752.72,758.47,763.32,767.77,772.11,776.55,781.47,787.82,794.45,801.22,808.41,813.75,817.76,821.01,823.56,824.93,825.63,826.33,827.03,827.07,826.95,826.69,826.40,826.16,825.94,825.31,824.45,823.42,822.26,822.88,825.19,828.38,831.06,833.71,835.33,836.26,836.82,836.79,836.46,835.83,834.88,833.87,833.82,835.70
580.14,580.00,579.97,579.93,579.69,579.55,579.65,579.85,580.08,580.37,580.56,580.37,580.44,581.47,583.09,584.72,585.06,584.93,584.66,584.37,584.13,583.88,583.70,583.72,584.04,584.28,584.46,585.12,586.61,588.76,590.39,591.32,591.69,591.71,591.64,591.38,590.70,589.36,587.51,585.15,581.78,576.97,570.39,563.57,559.06,556.45,554.64,552.92,551.17,549.11,547.05,546.59,547.68,548.98,550.18,551.60,553.06,554.49,555.93,557.39,558.81,560.11,561.35,562.55,563.68,564.55,565.23,565.78,566.24,566.63,566.98,567.38,567.97,568.99,569.92,570.28,570.14,570.07,570.63,571.87,573.42,574.96,576.36,577.71,579.92,583.18,586.60,589.63,591.75,593.16,594.18,594.86,594.76,594.58,594.86,595.74,596.01,596.39,596.99,597.48,598.17,598.97,599.75,600.41,601.32,602.48,603.72,604.88,605.76,606.53,607.25,607.94,608.63,609.31,609.84,610.46,611.60,613.79,615.96,617.76,619.13,620.07,620.96,622.39,624.19,626.10,628.19,630.20,632.03,633.66,635.20,636.75,638.30,639.85,641.40,642.84,644.23,645.36,646.07,646.75,647.44,648.20,649.13,650.50,652.57,655.14,657.80,660.21,662.61,664.45,665.91,667.09,668.05,668.94,669.74,670.39,670.80,670.95,670.91,670.70,670.35,670.01,669.75,669.42,669.07,669.03,668.96,668.88,669.01,669.52,669.74,669.83,670.20,671.24,673.29,675.33,677.25,678.86,680.07,683.09,686.64,689.86,692.26,694.02,695.60,697.08,698.74,701.27,703.43,705.70,707.73,708.80,708.83,709.70,710.26,709.95,709.64,709.35,709.35,709.70,710.44,711.33,712.95,714.95,717.02,719.23,722.18,726.10,731.05,736.97,743.44,749.90,756.16,762.04,767.18,771.72,776.03,780.40,785.33,791.49,798.13,805.03,812.08,817.22,821.41,825.05,828.12,830.41,831.95,833.32,834.53,834.97,835.07,834.87,834.48,834.03,833.52,832.62,831.55,830.41,829.16,829.84,832.03,834.87,837.14,839.43,841.05,842.17,842.91,843.16,842.90,842.21,841.13,839.94,839.15,839.91
582.02,581.66,581.56,581.51,581.35,581.37,581.69,581.98,582.31,582.74,583.05,582.83,582.55,583.06,584.32,585.96,586.51,586.43,586.17,585.88,585.63,585.34,585.07,585.07,585.57,585.86,586.15,587.04,588.77,590.69,592.16,593.15,593.69,593.75,593.70,593.37,592.77,591.86,590.68,588.68,585.75,581.63,575.72,567.91,561.74,557.83,555.98,554.14,552.35,550.42,548.40,546.97,547.69,548.88,550.03,551.37,552.81,554.28,555.74,557.20,558.64,559.98,561.15,562.21,563.35,564.46,565.57,566.54,567.17,567.61,568.00,568.34,568.77,569.87,571.31,571.79,571.40,571.17,571.48,572.28,573.27,574.20,575.05,576.09,577.40,578.94,580.52,583.28,585.29,586.53,587.63,588.78,589.50,590.15,591.13,592.79,593.77,594.57,595.38,596.17,597.15,598.32,599.44,600.43,601.85,603.34,604.71,605.88,606.80,607.65,608.42,609.13,609.81,610.44,610.98,611.92,613.65,615.93,618.14,619.80,620.88,621.66,622.57,624.07,625.87,627.65,629.52,631.34,633.11,634.77,636.33,637.88,639.42,640.95,642.42,643.78,645.23,646.49,647.36,648.04,648.78,649.64,650.85,652.90,655.27,657.84,660.44,662.89,665.37,667.04,668.36,669.50,670.40,671.63,672.83,674.08,675.52,675.89,675.94,675.77,675.31,674.70,674.17,673.47,672.73,672.49,672.36,672.11,671.94,672.14,672.34,672.40,672.62,673.21,674.26,676.30,678.15,679.48,680.91,686.33,690.00,692.20,693.95,695.66,697.46,699.34,701.99,706.85,710.69,713.34,714.94,715.42,715.42,715.08,714.45,713.58,712.79,712.16,711.78,711.87,712.89,714.21,715.93,717.77,719.75,722.51,725.86,729.75,734.41,740.39,746.86,753.09,759.22,765.51,771.14,775.92,780.44,785.10,790.12,796.02,802.59,809.40,815.68,820.76,825.35,829.43,832.83,836.10,838.59,840.61,842.26,843.38,843.82,843.86,843.60,842.95,842.10,840.66,839.10,837.71,836.50,837.20,838.93,841.12,843.44,845.68,847.73,849.33,850.24,850.86,850.58,849.62,848.10,846.36,844.85,844.67
586.71,586.23,585.79,585.38,584.93,584.80,585.07,585.25,585.45,585.77,586.04,585.94,585.78,586.03,586.64,587.46,588.03,588.02,587.79,587.52,587.23,586.82,586.40,586.34,587.03,587.61,588.04,588.92,590.46,592.14,593.65,594.84,595.61,595.78,595.71,595.33,594.69,593.80,592.72,591.03,588.67,585.31,580.10,573.26,565.80,559.71,557.22,555.32,553.53,551.64,549.65,547.95,547.96,548.74,549.85,551.17,552.58,554.06,555.54,556.93,558.19,559.49,560.65,561.67,562.74,563.85,565.21,566.62,567.71,568.43,568.92,569.29,569.72,570.76,572.34,573.11,573.00,572.74,572.79,573.43,574.29,575.02,575.60,576.45,577.37,578.29,579.32,580.93,582.41,583.68,584.95,586.27,587.58,588.95,590.45,592.04,593.30,594.35,595.33,596.41,597.50,598.64,599.83,601.10,602.73,604.31,605.71,606.87,607.76,608.66,609.54,610.34,610.94,611.52,612.30,613.56,615.42,617.39,619.22,620.83,622.15,623.10,624.22,625.70,627.30,628.81,630.54,632.35,634.13,635.85,637.44,639.00,640.56,642.14,643.67,645.02,646.34,647.57,648.64,649.56,650.87,652.26,653.81,655.95,658.32,660.99,663.63,665.94,668.06,669.40,670.44,671.42,672.30,673.55,675.24,677.19,679.02,679.70,679.85,679.76,679.47,678.98,678.41,677.73,677.00,676.46,676.08,675.68,675.38,675.37,675.41,675.36,675.45,675.84,676.49,677.68,679.28,681.70,685.80,689.66,692.16,693.95,695.63,697.36,700.24,704.13,708.74,713.48,717.36,720.44,722.59,723.42,723.50,722.85,721.74,720.25,718.57,717.14,716.13,715.75,716.41,717.67,719.80,722.41,725.25,728.26,731.33,734.58,738.38,743.52,749.45,755.71,762.30,769.16,774.73,780.06,785.33,790.60,796.08,802.38,808.83,815.15,821.08,826.04,830.62,834.69,837.96,840.72,843.22,845.64,848.00,850.13,851.41,852.16,852.45,852.11,851.18,849.65,847.78,845.88,844.68,844.96,846.33,848.41,850.83,852.99,854.99,856.57,857.40,857.82,857.33,856.31,854.89,852.94,851.09,850.17
591.71,591.10,590.37,589.68,588.96,588.59,588.67,588.74,588.80,589.03,589.30,589.36,589.38,589.48,589.60,589.72,590.10,590.05,589.79,589.44,589.01,588.42,587.82,587.62,588.31,589.26,589.95,590.76,591.98,593.53,595.08,596.45,597.47,597.82,597.72,597.26,596.57,595.62,594.49,592.95,591.02,588.34,583.94,578.24,570.38,562.70,558.59,556.51,554.73,552.84,550.86,549.05,548.43,548.76,549.71,550.97,552.29,553.71,555.12,556.42,557.54,558.78,559.93,560.96,562.03,563.22,564.78,566.52,568.03,568.99,569.69,570.32,571.01,572.00,573.53,574.51,574.70,574.42,574.28,574.79,575.57,576.19,576.59,577.29,577.99,578.64,579.54,580.47,581.66,583.07,584.53,586.00,587.69,589.49,591.19,592.43,593.75,594.91,595.94,597.14,598.25,599.38,600.64,602.13,603.75,605.31,606.71,607.86,608.75,609.71,610.72,611.62,612.17,612.72,613.64,614.97,616.62,618.13,619.62,621.24,622.88,624.19,625.59,627.05,628.44,629.79,631.48,633.30,635.13,636.90,638.57,640.13,641.72,643.35,644.94,646.35,647.62,648.96,650.44,651.82,653.58,655.33,657.10,659.44,661.88,664.48,666.96,669.00,670.74,671.78,672.60,673.42,674.29,675.36,677.09,679.35,681.57,682.82,683.18,683.15,682.96,682.58,682.01,681.38,680.70,679.94,679.39,678.95,678.61,678.44,678.35,678.21,678.27,678.62,679.15,680.18,681.93,685.11,690.46,692.57,694.06,695.62,697.41,699.80,704.09,709.71,715.69,720.12,723.88,727.18,729.72,730.86,730.98,730.27,728.99,727.17,724.95,723.05,721.62,720.80,721.01,722.34,724.86,728.05,731.47,734.47,737.14,739.77,742.75,746.86,752.08,758.40,765.41,772.48,778.12,784.22,790.43,796.39,802.30,808.93,815.27,821.13,826.69,831.49,835.93,839.76,842.57,844.69,847.21,850.07,853.13,856.06,858.18,859.62,860.42,860.36,859.55,858.08,856.08,853.90,852.70,852.53,853.65,855.74,858.15,860.19,862.11,863.62,864.38,864.54,863.81,862.68,861.26,859.21,857.19,855.74
596.21,595.37,594.56,593.85,593.06,592.44,592.17,592.17,592.24,592.51,592.90,593.14,593.23,593.31,593.39,593.42,593.23,592.96,592.51,591.87,591.10,590.26,589.48,588.98,589.22,590.70,591.77,592.52,593.33,594.94,596.51,597.99,599.24,599.88,599.69,599.13,598.39,597.45,596.15,594.50,592.65,590.45,587.14,582.08,575.44,567.74,560.25,557.75,555.94,554.03,552.04,550.17,549.24,549.13,549.66,550.73,551.91,553.08,554.25,555.44,556.60,557.77,558.90,560.00,561.22,562.79,564.56,566.39,568.08,569.10,570.20,571.51,572.93,573.93,575.23,576.14,576.45,576.15,575.93,576.25,576.85,577.38,577.72,578.30,578.88,579.50,580.62,582.12,583.74,585.37,587.03,588.73,590.54,592.20,593.47,594.17,595.30,596.36,597.24,598.18,599.24,600.53,602.02,603.61,604.91,606.34,607.70,608.87,609.81,610.89,612.02,613.00,613.60,614.14,614.94,615.84,616.75,617.70,619.10,620.82,622.72,624.62,626.40,627.83,629.12,630.60,632.39,634.24,636.09,637.92,639.72,641.32,642.91,644.53,646.14,647.72,649.19,650.96,653.26,655.43,657.26,658.79,660.52,663.57,666.29,668.48,670.31,671.94,673.42,674.33,675.04,675.79,676.62,677.22,678.14,679.83,682.73,685.01,685.84,685.80,685.40,685.01,684.45,683.76,683.00,682.20,681.77,681.47,681.20,680.94,680.84,680.71,680.87,681.44,682.21,684.73,687.53,690.25,692.98,694.60,695.93,697.32,699.39,703.71,709.66,715.85,721.58,726.36,730.35,733.46,735.63,736.60,736.61,735.98,734.86,733.27,731.43,729.92,728.58,727.51,727.33,729.15,731.90,734.95,737.98,740.60,742.93,745.22,747.68,750.73,755.17,761.46,768.54,775.09,781.28,788.49,795.76,802.42,808.54,815.10,821.35,827.02,831.99,836.53,840.78,844.09,845.95,847.85,850.78,854.23,857.83,861.05,863.76,865.68,866.71,866.71,866.28,864.96,863.16,861.27,860.05,859.57,860.58,862.71,864.85,866.77,868.67,870.25,871.07,871.12,870.16,868.68,866.88,864.82,862.79,861.08
600.74,599.81,598.90,598.02,596.99,596.11,595.61,595.53,595.72,596.13,596.64,597.05,597.18,597.23,597.23,597.11,596.72,596.30,595.72,594.93,594.04,593.12,592.24,591.55,591.45,592.77,593.81,594.50,595.09,596.21,597.64,599.17,600.59,601.54,601.40,600.82,600.11,599.32,598.11,596.45,594.66,592.69,590.06,585.46,579.54,572.45,564.58,559.73,557.20,555.35,553.46,551.66,550.42,549.80,549.81,550.54,551.37,552.28,553.29,554.44,555.57,556.70,557.79,558.85,560.01,561.53,563.49,565.68,567.77,569.37,570.92,572.54,574.17,575.51,576.82,577.73,578.08,577.88,577.62,577.74,578.12,578.57,578.93,579.75,580.68,581.65,582.96,584.59,586.25,587.91,589.65,591.42,593.25,594.82,595.83,596.36,597.12,597.91,598.72,599.73,600.95,602.38,603.89,605.30,606.49,607.70,608.94,610.18,611.29,612.50,613.65,614.57,615.09,615.63,616.40,617.25,618.07,618.92,620.20,621.74,623.44,625.31,627.13,628.67,630.19,632.02,633.94,635.83,637.71,639.55,641.32,642.91,644.48,646.08,647.74,649.70,651.72,653.95,656.41,658.45,660.08,661.76,663.93,667.11,669.52,671.36,672.95,674.51,675.99,676.88,677.62,678.50,679.66,680.54,681.93,683.98,686.49,688.31,689.32,689.25,688.09,687.44,686.77,686.00,685.15,684.32,683.91,683.63,683.34,683.04,682.92,682.85,683.02,683.60,684.46,686.60,689.16,691.83,694.47,696.35,697.82,699.83,703.36,708.93,715.38,721.52,727.00,731.89,735.80,738.77,740.94,742.19,742.50,742.24,741.33,739.69,737.68,736.03,734.72,733.94,734.39,736.62,739.32,742.10,744.85,747.34,749.46,751.51,753.57,755.73,759.21,764.84,771.49,777.82,784.52,792.27,799.90,806.92,814.12,820.69,826.67,832.10,836.91,841.59,845.82,849.23,851.60,854.01,856.94,860.16,863.49,866.64,869.44,871.47,872.83,873.57,873.74,872.67,870.82,868.67,867.25,866.70,867.74,869.95,872.13,874.04,875.92,877.38,877.86,877.52,876.37,874.66,872.57,870.39,868.26,866.32
605.25,604.36,603.37,602.30,600.99,599.83,599.10,598.93,599.25,599.78,600.39,600.95,601.13,601.17,601.10,600.84,600.42,599.92,599.24,598.37,597.45,596.49,595.52,594.68,594.31,595.15,595.91,596.47,596.91,597.46,598.68,600.20,601.75,602.98,602.97,602.44,601.81,601.17,600.12,598.58,596.90,595.11,592.82,588.65,583.23,576.92,569.82,562.66,558.91,556.78,555.02,553.34,551.87,550.83,550.38,550.73,551.19,551.81,552.63,553.62,554.58,555.60,556.62,557.63,558.67,559.97,561.95,564.39,566.88,569.28,571.34,573.15,574.85,576.65,578.17,579.26,579.88,579.95,579.80,579.88,580.17,580.57,580.92,581.91,583.15,584.46,585.90,587.52,589.14,590.81,592.62,594.38,596.21,597.69,598.56,599.12,599.62,600.19,600.96,602.07,603.38,604.82,606.17,607.28,608.45,609.51,610.64,611.90,613.17,614.41,615.45,616.19,616.58,617.12,617.94,618.88,619.80,620.75,621.92,623.21,624.62,626.23,627.97,629.65,631.49,633.69,635.75,637.68,639.56,641.37,643.07,644.65,646.20,647.82,649.69,652.11,654.67,657.18,659.44,661.03,662.41,664.26,666.78,669.75,671.95,673.78,675.48,677.11,678.67,679.65,680.52,681.60,683.20,684.64,686.83,689.41,691.25,692.32,693.45,693.49,691.82,690.91,690.09,688.93,687.51,686.41,685.96,685.65,685.32,684.98,684.86,684.84,685.01,685.50,686.40,687.68,689.73,692.55,695.89,698.34,700.28,703.28,708.48,714.72,721.07,726.93,732.17,736.97,740.69,743.63,746.03,747.79,748.58,748.77,748.15,746.55,744.39,742.45,741.12,740.72,741.95,744.41,746.99,749.48,751.95,754.37,756.32,758.10,759.75,761.18,763.75,768.51,774.56,780.85,787.94,795.91,803.67,811.02,819.29,825.91,831.63,836.90,841.82,846.80,851.16,854.93,858.21,861.30,864.12,866.88,869.70,872.58,875.20,877.23,878.91,880.52,881.30,880.57,878.73,876.27,874.51,873.91,875.00,877.29,879.64,881.60,883.38,884.54,884.54,883.74,882.35,880.47,878.21,875.95,873.71,871.56
609.61,609.00,608.12,607.02,605.54,604.03,602.88,602.60,602.87,603.40,604.03,604.65,604.96,605.07,605.02,604.76,604.42,604.00,603.34,602.44,601.54,600.40,599.21,598.23,597.80,597.86,597.99,598.14,598.39,598.87,599.82,601.18,602.74,604.14,604.43,604.09,603.54,602.87,601.88,600.73,599.52,598.01,595.45,591.75,586.73,580.88,574.72,568.22,562.39,558.46,556.77,555.23,553.83,552.85,552.35,552.39,552.70,553.00,553.28,553.52,553.79,554.48,555.38,556.39,557.40,558.50,559.84,561.63,564.24,567.51,570.23,572.42,574.33,576.56,578.67,580.74,582.53,583.48,583.92,584.61,585.36,585.80,585.94,586.29,586.97,588.00,589.32,591.02,592.85,594.77,596.77,598.44,600.26,601.76,602.68,603.58,604.37,605.17,606.01,606.85,607.71,608.55,609.31,610.07,611.28,612.62,613.83,614.88,615.97,616.89,617.43,617.71,618.00,618.63,619.53,620.51,621.50,622.54,623.64,624.90,626.27,627.71,629.33,631.11,633.10,635.39,637.67,639.57,641.33,643.06,644.76,646.38,647.94,649.80,652.47,655.35,657.81,659.85,661.47,662.83,664.10,665.58,667.39,669.71,672.93,676.04,678.59,680.35,681.97,683.34,684.53,685.80,687.71,689.71,692.06,694.46,696.22,697.61,698.98,699.74,699.39,698.58,697.55,694.79,690.87,688.61,687.95,687.65,687.31,686.96,686.80,686.81,686.99,687.42,688.24,689.66,692.06,695.21,698.57,701.69,705.00,709.37,715.23,720.85,726.47,731.95,737.03,741.26,744.82,748.16,751.19,753.53,755.02,755.62,755.54,754.76,753.26,751.30,749.81,749.30,750.39,752.59,755.08,757.43,759.51,761.64,763.31,764.63,765.69,766.73,768.81,772.90,778.46,784.85,791.95,799.70,807.73,815.84,823.82,830.41,836.23,841.73,847.26,852.66,857.41,861.59,865.27,868.61,871.45,874.12,876.67,878.97,881.19,883.21,885.13,887.00,888.16,888.01,886.79,884.65,882.18,881.25,882.27,884.66,887.12,889.25,890.62,891.14,890.68,889.48,887.64,885.62,883.57,881.51,879.26,877.02
614.11,613.51,612.58,611.37,609.82,608.19,606.82,606.34,606.54,607.07,607.75,608.40,608.76,608.92,608.91,608.72,608.43,608.08,607.50,606.69,605.87,604.81,603.64,602.62,602.04,601.48,601.12,600.85,600.68,600.95,601.41,602.41,603.90,605.43,605.98,605.79,605.26,604.56,603.59,602.64,601.66,600.36,598.14,595.17,590.48,584.85,579.36,573.72,567.38,562.32,559.51,557.38,555.92,554.98,554.43,554.23,554.44,554.50,554.41,554.28,554.22,554.57,555.13,555.78,556.46,557.28,558.22,559.52,561.72,564.90,568.20,571.07,573.38,575.75,578.08,580.56,583.16,585.56,587.26,588.92,590.34,591.14,591.54,591.55,591.70,592.26,593.42,595.34,597.53,599.82,602.06,603.55,604.95,606.13,607.00,607.92,608.69,609.42,610.10,610.67,611.45,612.09,612.62,613.29,614.75,616.09,617.09,617.77,618.46,618.97,619.17,619.21,619.44,620.09,621.11,622.22,623.26,624.33,625.35,626.56,627.90,629.13,630.69,632.54,634.63,636.95,639.24,641.20,643.01,644.77,646.48,648.20,649.99,652.23,655.44,658.18,660.30,661.95,663.23,664.47,665.70,666.97,668.87,672.71,676.34,679.53,682.09,683.85,685.49,687.40,689.28,691.10,693.34,695.68,697.94,699.95,701.49,702.97,704.20,705.06,705.30,704.66,703.60,700.60,696.24,693.50,692.24,691.47,690.80,690.22,689.90,689.93,690.30,691.08,692.40,694.08,696.55,699.62,702.81,706.23,710.39,715.39,721.11,726.23,731.25,736.24,741.00,745.02,748.83,752.61,756.14,758.97,760.87,761.69,761.94,761.70,760.71,759.12,757.78,757.25,758.19,760.02,762.25,764.44,766.36,768.35,770.00,771.28,772.34,773.58,775.33,778.71,783.57,789.64,796.46,803.86,811.83,820.17,827.79,834.41,840.41,846.16,851.99,857.56,862.67,867.26,871.25,874.94,878.14,880.92,883.32,885.35,887.25,889.18,891.23,893.30,894.71,894.95,894.10,892.11,889.36,888.18,889.13,891.58,894.24,896.42,897.61,897.88,897.17,895.65,893.60,891.53,889.53,887.33,885.06,882.91
618.58,617.75,616.67,615.30,613.81,612.29,610.93,610.24,610.34,610.87,611.58,612.21,612.56,612.70,612.74,612.67,612.40,612.10,611.65,611.04,610.33,609.57,608.64,607.69,606.86,605.89,605.23,604.54,603.81,603.69,603.45,603.94,605.24,606.88,607.64,607.54,606.99,606.25,605.27,604.32,603.29,602.13,600.81,598.77,594.49,588.98,583.79,578.89,573.57,568.20,563.38,560.05,558.26,557.21,556.52,556.13,556.24,556.14,555.92,555.79,555.76,555.80,555.85,555.88,555.95,556.42,557.22,558.24,559.57,561.77,565.42,569.12,572.01,574.31,576.50,578.84,581.72,585.79,589.16,592.03,594.30,595.80,597.02,597.23,597.16,597.33,598.30,600.46,602.98,605.56,607.97,609.21,609.84,610.41,611.12,611.78,612.23,612.63,613.01,613.39,614.40,615.22,615.88,616.72,618.57,619.63,620.15,620.38,620.55,620.65,620.68,620.73,620.93,621.47,622.65,623.94,625.04,626.13,627.04,628.16,629.42,630.45,631.96,633.87,636.01,638.28,640.42,642.55,644.58,646.47,648.22,650.12,652.32,655.05,658.40,660.47,662.09,663.50,664.77,666.02,667.42,668.87,671.72,678.63,681.94,684.10,685.99,687.73,689.46,692.07,694.88,697.55,700.09,702.52,704.49,705.99,707.18,708.49,709.27,709.65,709.68,709.22,708.29,706.30,703.47,700.91,698.78,697.16,695.90,694.91,694.33,694.40,695.07,696.47,698.67,700.60,702.83,705.46,708.38,711.80,716.21,721.10,726.06,730.88,735.46,739.89,744.21,748.43,752.83,757.06,760.91,764.08,766.09,766.99,767.36,767.33,766.65,765.72,764.83,764.41,765.28,766.72,768.55,770.54,772.57,774.62,776.51,778.19,779.78,781.68,783.25,785.93,789.94,795.31,801.54,808.42,815.94,823.90,831.25,837.98,844.22,850.16,855.97,861.46,866.86,871.84,876.10,880.30,884.15,887.28,889.67,891.73,893.41,895.19,897.23,899.46,901.02,901.48,900.71,898.64,896.00,894.69,895.54,898.07,901.01,903.16,904.44,904.83,904.10,902.39,900.38,898.36,896.26,893.64,891.30,889.32
621.28,620.95,620.07,618.87,617.73,616.62,615.62,615.07,615.11,615.37,615.73,616.13,616.31,616.37,616.39,616.37,616.25,616.04,615.65,615.05,614.39,613.67,612.82,611.95,611.15,610.14,609.18,608.22,607.30,606.70,605.97,605.84,606.62,608.37,609.28,609.25,608.72,607.93,606.91,605.92,604.90,603.83,602.70,601.16,598.34,594.01,588.21,583.39,578.91,574.19,569.29,565.42,562.36,560.18,558.77,558.07,557.89,557.66,557.44,557.37,557.28,557.16,557.04,556.90,556.77,556.97,557.34,557.80,558.44,559.85,562.49,565.93,569.66,572.41,574.72,576.86,579.20,582.37,585.78,589.58,592.94,595.39,598.87,600.94,602.50,603.93,605.04,606.38,607.79,609.24,610.65,611.49,611.83,612.18,612.80,613.46,614.01,614.56,615.13,615.69,616.49,617.13,617.85,619.06,620.80,621.64,621.99,622.14,622.25,622.27,622.30,622.35,622.45,622.73,623.87,625.32,626.64,627.85,628.74,629.63,630.55,631.46,632.96,634.85,636.91,639.02,641.18,643.41,645.62,647.75,649.82,652.10,654.71,657.52,660.16,661.89,663.30,664.69,666.13,667.61,670.62,674.18,678.19,683.08,685.79,688.13,690.65,693.42,696.22,699.61,702.96,705.90,708.27,710.22,711.83,713.19,714.40,715.58,716.46,716.99,717.10,716.70,715.59,713.65,711.11,708.57,706.25,704.39,702.98,701.98,701.15,701.11,701.64,702.72,704.44,706.20,708.29,710.77,713.76,717.57,721.89,726.40,730.93,735.52,739.57,743.60,747.90,752.56,757.27,761.86,765.91,768.87,770.95,772.03,772.54,772.66,772.44,771.72,771.18,771.18,772.06,773.36,774.96,776.91,779.30,781.82,784.20,786.32,788.24,790.22,791.96,794.46,798.09,803.04,807.97,813.71,820.06,826.93,834.31,841.40,847.83,853.69,859.32,864.76,870.19,875.42,880.26,885.00,889.65,893.53,896.42,898.53,900.18,901.75,903.54,905.70,907.30,907.98,907.38,905.25,902.27,900.71,901.62,904.45,907.69,910.10,911.59,912.15,911.61,910.40,908.72,906.78,904.61,902.07,899.52,897.02
622.90,623.49,623.33,622.55,621.79,621.09,620.48,620.13,620.13,620.19,620.30,620.51,620.60,620.64,620.64,620.59,620.53,620.41,620.07,619.49,618.79,617.95,617.00,616.05,615.11,614.02,612.81,611.62,610.51,609.49,608.40,607.81,608.14,609.91,611.00,611.06,610.57,609.85,608.83,607.67,606.57,605.54,604.45,603.14,601.61,598.64,592.78,587.71,583.68,579.66,575.31,571.44,567.41,564.18,561.98,560.78,560.17,559.63,559.21,559.03,558.82,558.55,558.32,558.13,557.93,557.92,557.92,557.90,558.03,558.73,560.19,562.95,566.98,570.25,572.81,574.92,576.83,578.96,581.79,585.62,589.48,592.94,598.25,602.19,605.52,608.40,609.99,610.74,611.24,611.74,612.31,612.90,613.13,613.39,613.94,614.62,615.29,616.00,616.78,617.56,618.20,618.75,619.54,620.91,622.44,623.21,623.56,623.73,623.87,623.89,623.94,624.00,624.00,624.04,625.04,626.51,628.02,629.30,630.18,630.88,631.56,632.40,633.86,635.64,637.53,639.44,641.63,643.94,646.27,648.60,650.96,653.47,656.38,659.26,661.32,662.96,664.35,665.77,667.40,669.37,674.21,679.66,684.33,687.20,689.71,692.71,696.29,700.40,704.38,708.31,711.83,714.65,716.64,717.97,719.20,720.49,721.75,722.84,723.83,724.53,724.73,724.53,723.39,721.55,719.23,716.78,714.45,712.48,710.91,709.76,708.58,708.28,708.52,709.13,710.20,711.67,713.67,716.25,719.51,723.55,727.61,731.68,735.85,740.05,743.64,747.52,752.04,757.12,762.05,766.69,770.66,773.46,775.81,777.33,778.20,778.57,778.83,778.30,778.05,778.38,779.30,780.47,781.93,783.86,786.43,789.24,791.94,794.52,796.90,799.07,801.07,803.49,806.75,811.13,814.93,819.59,824.80,830.62,837.90,845.03,851.36,856.98,862.32,867.70,873.05,878.44,883.93,889.41,894.88,899.51,902.92,905.12,906.68,907.95,909.38,911.42,913.13,914.06,913.74,911.82,908.70,906.87,907.72,910.74,914.25,916.93,918.61,919.27,918.85,918.10,916.69,914.85,912.70,910.33,907.70,904.90
622.95,625.09,626.64,626.67,626.23,625.76,625.41,625.21,625.24,625.41,625.66,625.89,626.14,626.31,626.31,626.12,625.88,625.75,625.55,625.10,624.16,623.00,621.66,620.18,618.57,617.10,615.76,614.38,612.91,611.60,610.42,609.75,609.95,611.54,612.93,613.09,612.70,612.32,611.41,609.79,608.37,607.35,606.24,604.81,603.67,601.84,597.69,591.98,587.57,583.89,580.53,577.54,573.70,570.16,567.30,565.22,563.98,562.67,561.50,560.86,560.42,559.96,559.60,559.38,559.16,559.09,558.95,558.79,558.70,558.80,559.42,561.07,564.04,567.67,570.72,573.21,575.36,577.44,579.10,581.07,583.99,588.46,593.90,598.86,603.36,607.24,609.92,611.16,611.94,612.63,613.32,614.09,614.38,614.60,615.06,615.74,616.33,616.97,617.73,618.62,619.48,620.36,621.25,622.23,623.55,624.56,625.13,625.34,625.49,625.51,625.56,625.62,625.61,625.57,626.24,627.47,628.99,630.13,630.99,631.75,632.49,633.33,634.65,636.17,637.76,639.46,641.58,643.96,646.34,648.68,651.12,653.45,656.42,659.54,661.72,663.67,665.33,666.83,668.54,671.53,677.94,683.77,687.89,691.30,694.67,698.79,703.75,709.38,714.26,718.19,721.23,723.35,724.74,725.38,726.25,727.43,728.60,729.64,730.52,731.10,731.31,731.63,731.00,729.84,728.24,726.08,723.84,721.73,719.77,717.91,716.14,715.38,715.20,715.45,716.21,717.28,719.31,722.36,726.21,729.93,733.49,737.11,740.90,744.29,747.73,751.92,756.95,762.31,767.37,771.42,774.74,777.75,780.87,783.40,785.08,785.92,786.66,786.54,786.43,786.75,787.72,788.66,790.09,791.96,794.19,796.67,799.22,802.21,805.52,808.41,810.68,812.97,815.65,818.96,822.36,826.42,830.95,836.16,842.89,849.18,854.84,859.97,864.82,870.08,875.26,880.69,886.83,893.49,899.76,904.93,908.67,910.98,912.26,913.05,914.04,915.92,917.94,919.18,919.39,918.24,915.67,913.61,914.05,916.84,920.58,923.42,925.15,925.76,925.21,924.40,923.01,921.32,919.38,917.12,914.79,912.49
621.92,625.11,627.85,629.17,629.40,629.28,629.19,629.45,629.73,630.01,630.31,630.66,630.95,631.10,631.11,630.96,630.73,630.61,630.48,630.15,629.38,628.50,627.25,625.67,623.81,621.55,619.06,616.89,615.27,613.85,612.64,611.84,611.84,613.34,614.82,615.29,615.22,615.00,614.46,613.10,611.43,609.72,608.16,606.98,606.19,605.00,601.94,596.50,591.85,587.98,584.73,582.06,578.92,575.82,572.96,570.44,568.54,566.70,565.07,563.93,563.18,562.63,562.21,561.84,561.36,561.07,560.70,560.22,559.74,559.38,559.45,560.42,562.70,566.17,569.16,571.71,573.96,576.02,577.34,578.61,580.58,583.99,588.81,594.19,599.49,604.19,607.57,610.00,611.43,612.28,613.11,614.13,614.85,615.46,616.12,616.78,617.35,617.93,618.67,619.75,620.83,621.89,622.91,623.86,625.01,626.08,626.75,626.96,627.11,627.13,627.16,627.18,627.15,627.14,627.47,628.44,630.03,631.20,632.14,633.03,633.91,634.69,635.59,636.58,637.77,639.32,641.09,643.24,645.49,647.68,649.80,651.61,654.58,658.30,661.45,663.68,665.61,667.48,669.90,674.61,681.17,687.02,691.58,695.60,700.01,705.49,711.60,717.62,722.56,726.17,728.90,730.95,732.66,733.36,733.96,734.65,735.30,735.88,736.33,736.61,736.80,737.41,737.54,737.15,736.14,734.28,732.13,730.17,728.35,726.46,724.38,723.49,723.19,723.28,723.98,724.82,726.59,729.29,732.58,735.93,739.12,742.30,745.60,748.96,752.75,757.25,762.32,767.25,771.62,775.26,778.83,782.99,787.02,789.99,792.00,793.13,793.82,793.93,793.98,794.32,795.32,796.28,797.57,799.25,801.40,804.02,806.51,809.31,812.42,815.30,817.84,820.29,822.95,826.11,829.55,833.36,837.48,842.15,847.84,852.92,857.82,862.65,867.32,872.23,877.36,883.06,889.78,897.47,904.28,909.66,913.45,915.76,917.00,917.62,918.38,920.08,921.95,923.50,924.15,923.48,921.63,920.16,920.93,923.78,927.25,929.49,930.86,931.38,930.91,930.16,928.82,927.17,925.31,923.27,921.21,919.19
620.21,624.20,627.82,630.56,631.72,632.10,632.31,633.10,633.75,634.19,634.58,635.11,635.42,635.52,635.52,635.50,635.42,635.36,635.26,635.05,634.62,634.16,633.15,631.70,629.83,626.86,623.13,619.97,617.94,616.21,614.94,614.00,613.78,615.23,616.68,617.62,618.05,618.05,617.91,617.07,615.33,612.92,610.87,609.88,609.30,608.41,606.12,601.50,596.60,592.19,588.62,585.91,583.50,581.06,578.51,575.89,573.48,571.32,569.41,567.81,566.64,565.90,565.33,564.76,564.03,563.51,562.86,562.04,561.15,560.43,560.05,560.46,562.12,565.08,567.80,570.28,572.58,574.65,575.96,577.09,578.29,580.04,583.81,589.12,594.87,600.21,604.17,607.89,610.18,611.38,612.39,613.62,614.83,615.95,616.92,617.65,618.25,618.83,619.60,620.90,622.17,623.37,624.51,625.58,626.62,627.65,628.31,628.53,628.70,628.83,628.87,628.84,628.79,628.91,629.06,629.79,631.32,632.64,633.62,634.59,635.57,636.26,636.68,637.15,637.98,639.37,640.69,642.45,644.38,646.28,647.93,649.24,652.11,656.39,660.85,663.42,665.65,668.10,671.53,677.87,684.10,689.92,695.24,699.97,705.48,712.15,719.04,724.92,729.60,732.95,735.59,737.87,740.10,741.11,741.52,741.67,741.71,741.75,741.73,741.71,741.88,742.63,743.48,743.82,743.35,741.90,740.00,738.33,736.84,735.20,733.08,732.15,731.82,731.86,732.55,733.28,734.68,736.73,739.09,741.99,744.88,747.67,750.55,754.15,758.36,763.00,767.74,771.88,775.48,779.10,783.42,788.89,793.69,796.83,798.96,800.31,800.86,801.13,801.32,801.68,802.67,803.72,804.85,806.31,808.45,811.28,813.76,816.21,818.74,821.31,824.07,826.79,829.66,833.04,836.69,840.40,844.26,848.38,852.86,856.73,860.89,865.41,869.88,874.35,879.50,885.54,892.81,901.38,908.57,914.01,917.72,920.08,921.49,922.19,922.90,924.41,925.93,927.66,928.67,928.38,927.31,926.72,927.98,930.83,933.87,935.38,936.33,936.79,936.52,935.84,934.57,932.93,931.09,929.27,927.41,925.54
617.55,622.18,626.28,630.08,632.69,634.12,634.72,635.79,636.82,637.73,638.52,639.25,639.78,639.94,639.94,640.00,640.28,640.42,640.44,640.37,640.19,639.67,638.75,637.53,635.92,633.38,629.92,625.96,621.93,618.76,617.22,616.21,615.85,617.17,618.52,620.11,621.55,622.35,622.22,621.70,620.51,618.67,616.73,615.11,614.04,613.03,611.22,608.16,602.67,597.16,593.04,589.82,587.26,585.04,582.97,580.91,578.72,576.70,574.78,572.87,570.98,569.37,568.20,567.48,566.94,566.41,565.59,564.56,563.53,562.56,561.62,561.19,561.83,563.82,566.25,568.75,571.16,573.27,574.54,575.70,576.91,578.34,580.56,584.79,590.10,595.72,600.49,604.59,607.99,610.47,611.71,612.92,614.15,615.44,616.79,617.98,618.78,619.53,620.50,621.96,623.41,624.78,626.03,627.16,628.28,629.12,629.66,629.93,630.17,630.82,631.06,630.97,630.97,631.49,632.15,632.78,633.57,635.25,635.86,636.51,637.41,637.86,638.19,638.67,639.41,640.50,641.50,642.67,643.90,645.14,646.39,647.92,650.42,654.41,660.12,663.22,666.00,669.35,673.90,680.23,686.71,692.82,698.57,704.35,710.74,717.45,723.90,729.47,734.09,737.98,741.25,743.88,745.80,746.82,747.23,747.27,747.17,747.06,746.94,746.92,747.18,747.83,748.79,749.50,749.66,749.00,748.01,746.83,745.51,744.04,742.43,741.33,740.80,740.86,741.36,742.10,743.23,744.76,746.78,749.08,751.59,754.30,757.30,760.81,764.83,768.86,772.55,775.67,779.66,784.63,790.20,795.85,800.57,803.74,806.03,807.67,808.65,809.07,809.28,809.63,810.54,811.50,812.49,813.79,815.73,818.30,820.82,823.29,825.73,828.10,830.78,833.65,836.78,840.32,843.97,847.70,851.33,854.79,858.21,861.59,865.24,869.07,872.75,876.75,881.96,888.32,895.97,905.17,912.56,917.97,921.65,924.41,926.45,927.81,928.88,930.07,931.34,932.71,933.70,933.97,933.65,933.66,934.66,936.75,939.62,941.22,942.29,942.96,942.98,942.22,941.06,939.49,937.60,935.77,933.92,932.07
615.21,620.04,624.35,629.00,632.62,635.16,636.76,638.14,639.61,640.98,642.19,643.22,644.05,644.62,645.05,645.49,646.14,646.63,646.86,646.80,646.53,645.59,644.32,642.88,641.21,639.01,636.13,632.25,627.48,623.35,620.79,618.95,618.17,619.83,621.88,624.16,626.29,627.68,627.69,627.35,626.48,625.02,623.17,621.11,619.46,618.03,616.31,613.95,608.94,603.41,598.68,594.67,591.68,589.34,587.35,585.52,583.62,581.85,580.12,578.30,576.35,574.57,573.19,572.24,571.42,570.27,568.66,566.99,565.74,564.49,563.23,562.39,562.37,563.18,565.07,567.34,569.68,571.86,573.18,574.45,575.80,577.16,578.56,581.52,585.96,591.42,596.58,600.94,605.07,608.64,610.85,612.16,613.44,614.86,616.40,617.90,619.01,620.05,621.25,622.86,624.46,625.97,627.36,628.60,629.64,630.36,630.84,631.17,631.52,632.46,633.07,633.33,633.63,634.44,635.53,636.26,636.58,637.90,638.16,638.50,639.12,639.42,639.79,640.33,641.04,641.88,642.72,643.57,644.43,645.32,646.30,647.56,649.56,652.89,658.13,661.37,665.45,670.32,675.75,682.12,688.84,695.27,701.43,707.90,714.82,721.35,727.40,732.98,737.93,742.44,746.37,749.46,751.52,752.73,753.30,753.42,753.26,753.11,752.94,752.87,753.06,753.63,754.55,755.37,755.82,755.71,755.56,754.80,753.47,751.83,750.60,749.52,748.96,749.08,749.46,750.09,750.99,752.30,754.27,756.37,758.79,761.43,764.24,767.30,770.74,774.17,777.41,780.52,784.94,790.58,796.75,802.67,807.47,810.65,812.95,814.68,815.91,816.58,816.93,817.34,818.29,819.26,820.30,821.49,823.03,825.09,827.30,829.64,832.07,834.48,837.32,840.49,843.99,847.86,851.61,855.24,858.62,861.66,864.46,867.28,870.21,873.16,876.00,879.92,885.12,891.53,899.45,909.09,916.36,921.49,925.19,928.67,931.47,933.49,934.92,935.98,937.15,938.49,939.73,940.58,940.76,941.08,941.91,943.50,946.03,947.48,948.50,949.21,949.40,948.78,947.78,946.33,944.46,942.59,940.71,938.84
613.37,617.91,622.21,627.49,631.66,635.29,638.47,640.21,642.14,643.95,645.57,647.07,648.29,649.62,650.91,651.99,652.96,653.92,654.41,654.27,653.57,651.94,649.93,647.80,645.66,643.54,641.31,638.33,634.33,629.96,625.74,622.35,620.87,623.29,626.74,629.75,632.19,633.88,634.22,633.93,633.11,631.74,629.88,627.68,625.44,623.33,621.29,618.66,615.22,610.79,605.51,600.55,596.98,594.19,591.85,589.85,588.16,586.71,585.33,583.96,582.65,581.42,580.24,579.00,577.40,575.08,572.13,569.36,567.68,566.09,564.80,564.01,563.72,563.30,564.38,566.15,568.24,570.48,571.93,573.36,574.85,576.29,577.69,579.39,582.60,587.46,592.50,597.12,601.54,605.85,609.69,611.33,612.76,614.29,615.85,617.45,618.95,620.37,621.82,623.56,625.26,626.89,628.46,629.84,630.67,631.33,631.85,632.25,632.74,633.70,634.78,635.78,636.62,637.59,638.91,639.87,640.10,640.38,640.39,640.45,640.66,640.94,641.41,642.04,642.71,643.40,644.22,645.07,645.95,646.86,647.70,648.14,649.54,652.01,655.15,658.10,664.13,670.95,676.98,683.62,690.51,697.22,703.77,710.53,717.60,723.87,729.70,735.62,741.25,746.43,750.96,754.66,757.40,759.04,759.90,760.21,760.06,759.90,759.70,759.51,759.51,760.00,760.79,761.46,761.87,762.04,762.52,762.08,760.63,758.55,757.50,756.67,756.27,756.42,756.79,757.16,757.93,759.28,761.40,763.69,766.28,768.82,771.11,773.49,776.11,779.11,782.55,786.58,791.33,796.81,802.89,809.24,814.25,817.41,819.57,821.16,822.43,823.44,824.08,824.65,825.75,826.79,828.00,829.14,830.12,831.52,833.16,835.21,837.67,840.34,843.63,847.29,851.28,855.59,859.55,862.96,866.07,868.97,871.62,873.77,875.81,877.81,879.89,884.02,889.11,895.31,903.34,913.18,919.93,924.61,928.40,932.84,936.48,939.10,940.88,942.05,943.29,944.98,946.74,948.14,948.60,948.96,949.79,951.23,953.21,954.20,954.93,955.49,955.69,955.43,954.65,953.34,951.57,949.64,947.68,945.74
612.02,616.23,620.50,626.01,631.00,635.63,639.67,641.98,644.32,646.47,648.56,651.00,653.15,655.19,656.97,658.31,659.35,660.35,660.81,660.59,659.82,658.14,655.94,653.29,650.14,647.16,644.66,642.08,639.09,635.65,631.22,627.26,625.17,627.09,630.84,634.41,637.35,639.37,640.04,640.07,639.51,638.33,636.54,634.36,631.75,628.96,626.27,623.65,620.71,616.86,611.96,607.25,603.25,599.92,597.19,595.13,593.33,591.92,590.68,589.40,588.07,586.77,585.42,583.94,582.21,579.93,576.64,572.92,569.82,567.73,566.41,565.60,565.09,564.35,564.60,565.88,567.81,569.68,571.12,572.57,574.06,575.52,576.96,578.42,580.75,584.37,589.11,593.78,598.38,602.97,607.36,610.22,612.08,613.63,615.19,616.86,618.66,620.40,622.08,623.86,625.64,627.37,628.99,630.37,631.28,632.09,632.77,633.33,633.91,634.93,636.07,637.19,638.25,639.34,640.50,641.37,641.67,641.73,641.71,641.75,641.96,642.46,643.06,643.70,644.37,645.08,645.80,646.58,647.44,648.38,649.30,649.44,650.53,652.68,655.36,658.14,664.65,671.98,678.15,685.03,692.14,699.04,705.72,712.48,719.35,725.64,731.59,737.57,743.55,749.35,754.77,759.50,762.97,765.05,766.05,766.38,766.33,766.12,765.86,765.60,765.46,765.79,766.33,766.90,767.40,767.75,768.32,768.27,767.49,766.08,765.16,764.53,764.04,763.77,764.01,764.41,765.16,766.36,768.17,770.19,772.41,774.71,777.10,780.13,783.27,786.31,789.36,792.87,797.55,803.27,809.56,815.63,819.76,822.44,824.51,826.27,827.74,829.13,830.16,830.93,831.81,832.58,833.38,834.20,835.07,836.38,838.24,840.59,843.32,846.25,850.18,854.44,858.80,863.17,867.09,870.32,873.27,876.14,878.87,880.97,882.94,884.84,886.70,890.06,894.60,900.56,908.42,917.20,923.07,927.64,932.04,937.04,941.39,944.68,946.96,948.37,950.00,951.88,953.72,955.22,956.13,957.05,958.02,959.08,960.34,961.09,961.57,961.83,961.82,961.68,961.10,959.96,958.23,956.08,953.66,951.50
611.22,615.05,619.30,624.88,630.62,636.07,640.68,643.49,646.16,648.80,651.62,654.95,657.99,660.68,662.87,664.41,665.53,666.47,666.84,666.54,665.66,663.94,661.63,658.63,654.72,650.87,647.71,645.09,642.82,640.26,636.23,632.19,629.64,630.89,634.71,638.82,642.30,644.60,645.66,646.10,645.89,644.96,643.27,641.16,638.36,635.11,631.82,628.99,626.13,622.61,618.27,614.02,609.81,606.05,602.96,600.75,598.74,597.20,595.85,594.45,593.00,591.49,589.91,588.25,586.49,584.47,581.06,576.67,572.36,569.65,568.09,567.13,566.46,565.62,565.14,565.91,567.59,569.10,570.51,571.95,573.42,574.90,576.37,577.82,579.49,581.93,586.22,590.82,595.49,600.19,604.80,608.85,611.26,612.96,614.57,616.33,618.34,620.31,622.14,623.94,625.80,627.62,629.29,630.63,631.67,632.63,633.47,634.21,634.96,636.01,637.10,638.18,639.31,640.44,641.43,642.21,642.68,642.78,642.81,642.94,643.28,643.97,644.67,645.33,646.02,646.78,647.43,648.13,648.93,649.86,650.84,650.94,651.87,653.81,656.32,659.15,665.69,673.05,679.33,686.40,693.72,700.79,707.55,714.19,720.75,727.05,733.14,739.13,745.29,751.66,758.03,763.82,767.74,770.07,771.16,771.52,771.61,771.45,771.18,770.92,770.81,771.03,771.41,771.91,772.47,772.91,773.40,773.63,773.46,772.77,771.99,771.48,770.93,770.41,770.55,771.02,771.80,772.97,774.67,776.63,778.85,781.35,784.33,788.07,791.57,794.49,796.95,799.71,804.20,809.91,815.97,821.33,824.66,827.01,829.10,831.12,832.91,834.75,836.15,837.10,837.78,838.32,838.80,839.37,840.22,841.46,843.50,846.10,849.05,852.27,856.69,861.43,866.12,870.58,874.61,877.89,880.83,883.65,886.34,888.49,890.56,892.59,894.46,896.98,900.96,906.60,913.92,921.18,926.33,931.04,936.10,941.43,946.21,949.99,952.74,954.46,956.32,958.22,959.98,961.52,962.88,964.48,965.84,966.89,967.80,968.40,968.70,968.75,968.62,968.57,968.09,966.96,965.11,962.67,959.64,957.01
611.55,614.91,619.12,624.65,630.80,636.67,641.52,644.52,647.34,650.95,655.11,658.91,662.39,665.58,668.21,670.04,671.44,672.33,672.63,672.23,670.93,668.79,666.25,663.29,659.60,655.36,651.12,647.69,645.25,642.70,639.70,636.22,633.53,634.46,638.42,643.16,647.18,649.61,651.20,652.10,652.36,651.81,650.18,648.20,645.57,642.40,638.81,635.07,631.82,628.38,624.41,620.50,616.47,612.68,609.31,606.61,604.39,602.42,600.52,598.68,597.17,595.51,593.81,592.09,590.20,588.14,584.63,580.15,575.82,572.25,569.88,568.50,567.81,566.87,565.99,566.17,567.32,568.74,570.13,571.57,573.06,574.59,576.06,577.43,578.78,580.61,584.22,588.53,593.07,597.69,602.38,606.93,610.09,612.33,614.10,616.04,618.09,620.06,621.90,623.75,625.66,627.56,629.30,630.69,631.74,632.73,633.67,634.60,635.69,636.69,637.69,638.71,639.75,640.78,641.74,642.66,643.44,643.79,643.90,644.20,644.77,645.47,646.21,646.92,647.65,648.47,649.16,649.73,650.38,651.22,652.13,652.52,653.51,655.14,657.22,660.56,666.92,674.02,680.52,687.75,695.17,702.41,709.29,715.69,721.89,728.02,734.08,740.07,746.28,753.13,760.35,767.00,770.66,772.72,773.82,774.37,774.68,774.88,774.73,774.63,774.90,775.25,775.73,776.23,776.69,777.03,777.38,777.53,777.35,776.77,776.17,775.64,775.28,775.19,775.40,775.88,776.77,778.26,780.70,783.46,786.89,790.92,795.32,799.09,801.72,803.75,805.58,807.87,812.13,816.80,821.31,825.35,828.81,831.45,833.83,836.19,838.50,840.86,842.58,843.64,844.34,845.05,845.75,846.47,847.24,848.04,849.67,852.02,854.98,858.50,862.94,867.77,872.75,877.71,882.35,886.22,889.47,892.15,894.36,896.40,898.52,900.70,902.77,904.92,908.65,913.78,919.79,925.05,930.14,935.46,940.99,946.28,950.85,954.63,957.63,959.75,961.30,962.80,964.40,966.12,967.83,970.06,972.38,974.51,976.17,976.71,976.96,977.14,977.28,977.37,976.71,975.17,972.84,970.03,966.27,962.59
613.76,616.14,619.68,625.09,631.29,637.19,642.05,645.33,648.59,653.01,658.06,662.24,666.25,669.97,673.13,675.46,677.28,678.33,678.71,678.31,676.80,674.71,671.85,668.32,664.25,659.91,655.20,650.88,647.43,644.69,641.87,638.85,636.63,637.67,642.45,647.58,651.86,654.77,656.65,657.84,658.39,658.12,656.72,654.79,652.23,649.15,645.61,641.65,637.90,634.18,630.36,626.56,622.64,618.87,615.42,612.57,610.16,607.82,605.55,603.45,601.62,599.67,597.66,595.64,593.61,591.19,587.56,582.96,578.06,574.23,571.82,570.28,569.23,568.13,567.08,566.79,567.40,568.74,570.02,571.35,572.76,574.24,575.70,577.01,578.23,579.77,582.63,586.76,591.23,595.76,600.37,604.93,608.72,611.55,613.47,615.48,617.52,619.61,621.68,623.60,625.56,627.52,629.30,630.66,631.68,632.65,633.68,634.81,636.09,637.13,638.12,639.09,640.06,641.06,642.01,642.97,643.91,644.58,645.00,645.52,646.17,646.84,647.57,648.26,649.01,649.90,650.67,651.22,651.79,652.54,653.40,654.04,655.09,656.54,658.45,662.53,668.77,675.49,681.91,689.12,696.64,703.99,710.83,716.84,722.90,728.98,735.01,741.00,747.16,754.17,761.90,769.13,772.53,774.83,776.30,777.25,778.01,778.63,778.84,779.01,779.45,779.95,780.46,780.88,781.26,781.78,782.15,782.30,782.24,781.96,781.54,781.29,781.26,781.45,781.75,782.19,783.45,785.82,789.52,793.34,797.19,801.40,806.01,809.71,811.93,813.57,815.07,816.75,819.87,823.46,827.15,830.75,833.85,836.75,839.70,842.67,845.29,847.85,849.60,850.57,851.14,851.78,852.36,852.90,853.43,853.95,855.43,857.79,860.94,864.71,868.86,874.11,879.91,885.41,890.35,894.41,897.81,900.63,902.90,905.13,907.74,910.43,912.43,914.44,917.55,921.63,926.41,931.15,935.91,940.87,946.02,951.14,955.44,959.19,962.39,964.68,966.21,967.61,969.37,971.72,974.46,977.52,980.37,982.69,984.06,984.40,984.52,984.55,984.41,984.07,983.12,981.52,979.35,976.91,973.87,970.26
617.06,618.37,620.97,626.02,631.96,637.63,642.41,646.02,649.87,654.95,660.59,665.17,669.75,674.01,677.69,680.58,682.88,684.16,684.68,684.36,682.85,681.01,677.83,673.59,668.92,664.45,659.52,654.39,649.64,646.47,643.41,640.80,639.37,640.88,646.55,651.88,656.25,659.67,661.74,663.18,663.99,664.00,662.89,661.00,658.45,655.43,652.06,648.20,643.97,639.86,636.05,632.25,628.40,624.66,621.21,618.35,615.71,613.06,610.55,608.33,606.12,603.84,601.46,599.05,596.81,593.95,590.17,585.37,579.67,575.93,573.80,572.19,570.66,569.39,568.27,567.59,567.65,568.91,570.02,571.22,572.52,573.93,575.40,576.65,577.84,579.25,581.41,585.44,589.83,594.21,598.70,603.02,607.22,610.56,612.70,614.71,616.63,618.91,621.40,623.41,625.41,627.42,629.23,630.58,631.56,632.52,633.64,634.96,636.31,637.46,638.47,639.40,640.35,641.34,642.30,643.26,644.27,645.24,646.02,646.74,647.40,648.04,648.72,649.41,650.21,651.20,652.06,652.63,653.17,653.83,654.68,655.49,656.57,657.95,660.02,664.97,671.07,677.33,683.57,690.62,698.17,705.54,712.23,717.80,723.87,729.94,735.91,741.86,747.94,755.00,762.99,770.56,773.83,776.65,778.89,780.58,781.91,782.99,783.62,784.05,784.49,785.03,785.48,785.78,786.10,786.88,787.39,787.66,787.84,788.03,787.90,788.04,788.35,788.73,789.11,789.69,791.61,795.10,800.14,804.80,808.61,812.34,816.40,819.81,821.82,823.30,824.58,825.72,827.54,830.14,833.35,836.86,839.57,842.71,846.23,849.76,852.53,855.09,856.78,857.68,858.21,858.71,859.06,859.33,859.59,859.93,861.29,863.61,866.79,870.65,874.63,880.47,887.21,893.18,898.31,902.33,905.78,908.85,911.43,913.98,917.13,920.35,922.33,924.53,927.15,930.23,933.98,938.60,942.73,946.81,951.21,956.09,960.15,963.88,967.18,969.56,971.23,972.72,974.80,977.92,981.83,985.62,988.65,990.69,991.42,991.60,991.59,991.38,990.78,989.81,988.51,986.91,985.05,983.12,981.21,978.25
621.16,622.27,623.96,627.79,632.77,637.90,642.63,646.62,651.14,656.56,662.38,667.66,672.80,677.45,681.46,684.72,687.45,688.89,689.52,689.46,688.41,686.62,683.36,679.07,674.23,668.83,663.44,657.95,652.56,648.29,644.96,642.70,642.13,644.89,650.33,655.49,659.73,662.92,665.36,667.26,668.57,669.06,668.25,666.48,663.88,660.75,657.28,653.45,649.16,644.92,640.99,637.10,633.32,629.60,626.07,623.01,620.04,617.18,614.62,612.45,610.12,607.72,605.15,602.43,599.70,596.72,592.64,587.30,581.13,577.72,575.59,573.79,572.07,570.57,569.40,568.40,567.97,569.06,570.06,571.20,572.50,573.91,575.46,576.72,577.92,579.24,581.06,585.02,589.12,593.18,597.69,601.78,605.58,608.92,611.57,613.56,614.91,617.50,620.92,622.94,624.95,626.99,628.89,630.38,631.38,632.50,633.77,635.13,636.47,637.76,638.84,639.78,640.76,641.76,642.75,643.76,644.81,645.81,646.67,647.40,648.05,648.72,649.37,650.25,651.32,652.44,653.32,653.95,654.50,655.10,655.97,656.75,657.64,659.17,662.45,668.33,674.09,679.81,685.95,692.59,699.92,707.07,713.49,718.79,724.85,730.82,736.63,742.46,748.43,755.69,763.67,771.03,774.84,778.50,782.38,785.89,787.90,789.45,790.30,790.73,790.87,790.73,790.85,791.03,791.35,792.19,793.08,793.79,794.52,795.50,796.20,796.61,796.97,797.39,797.82,799.51,802.80,807.43,812.85,816.76,820.23,823.39,826.08,828.41,830.04,831.26,832.29,833.37,835.23,837.52,840.15,843.19,846.38,849.81,853.29,856.55,859.12,861.50,863.35,864.75,865.98,866.61,867.04,867.31,867.43,867.78,868.68,870.03,872.03,875.39,880.38,886.95,893.95,900.01,905.41,909.26,912.64,915.98,918.77,921.49,924.40,927.41,930.25,933.72,937.27,940.83,944.32,947.27,949.94,953.01,956.83,961.41,965.57,969.26,972.49,975.08,976.90,978.75,981.22,984.66,988.86,992.45,995.00,996.59,997.39,997.83,997.97,997.74,996.98,995.93,994.20,992.06,989.68,987.26,985.09,982.87
625.44,626.53,627.60,630.12,634.04,638.54,643.17,647.55,652.47,658.02,663.96,669.94,675.66,680.49,684.59,688.03,690.90,692.51,693.32,693.44,692.62,690.87,687.78,683.69,678.82,673.07,667.34,661.51,655.62,650.25,646.54,644.62,644.89,648.55,653.68,658.69,662.89,666.03,669.24,671.82,673.57,674.30,673.72,671.95,669.24,665.93,662.26,658.39,654.09,649.63,645.27,641.38,637.65,633.96,630.34,627.01,623.84,620.85,618.26,616.16,613.80,611.29,608.60,605.69,602.61,599.41,594.97,589.11,582.39,578.86,576.63,574.79,573.09,571.60,570.40,569.24,568.52,569.29,570.19,571.38,572.74,574.20,575.78,577.12,578.46,579.90,581.46,585.07,588.64,592.33,597.09,601.14,604.57,607.64,610.29,612.05,612.67,615.56,620.05,622.39,624.47,626.52,628.50,630.20,631.33,632.58,633.93,635.30,636.63,638.00,639.19,640.22,641.23,642.25,643.26,644.28,645.34,646.34,647.24,647.99,648.64,649.35,650.13,651.20,652.44,653.63,654.56,655.29,655.87,656.40,657.25,657.94,659.10,661.43,666.00,671.90,677.31,682.69,688.61,694.80,701.94,708.78,714.78,719.96,725.89,731.67,737.29,743.01,748.91,756.25,764.17,771.45,775.93,780.88,786.22,791.08,794.03,796.13,797.34,797.95,797.97,797.46,797.34,797.44,797.76,798.53,799.86,801.20,802.53,803.94,805.03,805.89,806.72,807.56,808.39,810.62,814.33,819.06,823.93,827.25,830.30,832.90,834.71,836.38,837.82,839.00,839.97,840.97,842.71,844.67,846.79,849.31,852.63,855.97,859.14,862.04,864.44,866.64,868.55,870.27,871.84,872.64,873.27,873.75,874.05,874.59,875.38,876.28,877.62,880.46,885.64,892.26,899.22,905.46,910.70,914.50,918.03,921.69,924.78,928.00,931.29,934.75,938.68,942.75,946.64,950.24,953.29,955.37,957.47,960.25,963.94,968.36,972.24,975.62,978.56,981.03,983.03,985.16,987.96,991.56,995.15,998.22,1000.55,1002.23,1003.41,1004.03,1004.22,1003.88,1002.88,1001.60,999.63,997.24,994.54,991.65,988.88,986.82
629.76,630.93,631.76,633.05,635.89,639.71,644.14,648.90,653.88,659.39,665.48,672.04,678.30,683.13,687.06,690.45,693.17,695.01,696.07,696.28,695.36,693.65,690.94,687.26,682.47,677.13,671.22,665.05,658.74,652.43,648.18,646.53,647.57,651.65,656.59,661.54,665.83,669.34,673.66,677.10,679.15,679.79,679.38,677.47,674.60,671.12,667.15,663.13,658.83,654.02,648.96,645.05,641.38,637.72,634.02,630.37,627.17,624.13,621.51,619.50,617.15,614.56,611.81,608.86,605.58,601.96,597.12,590.81,583.44,579.24,576.86,575.15,573.70,572.46,571.25,570.10,569.33,569.63,570.46,571.76,573.27,574.81,576.35,577.80,579.44,581.19,582.58,585.49,588.30,591.62,596.83,601.05,604.23,606.80,608.84,610.15,610.05,613.18,618.78,621.78,624.02,626.07,628.11,630.04,631.45,632.77,634.13,635.50,636.83,638.20,639.52,640.71,641.72,642.79,643.82,644.83,645.84,646.84,647.78,648.58,649.28,650.03,651.13,652.33,653.56,654.76,655.78,656.64,657.27,657.78,658.59,659.29,661.26,665.02,670.70,675.61,680.68,685.98,691.47,697.22,704.23,710.67,716.13,721.35,727.02,732.49,737.90,743.58,749.43,756.64,764.50,771.96,777.15,783.82,790.29,795.83,799.95,802.68,804.49,805.53,805.71,805.30,805.10,805.18,805.50,806.10,807.87,809.96,811.86,813.24,814.16,815.70,817.44,819.11,820.75,822.72,825.69,829.34,832.77,835.88,838.50,840.63,842.31,843.93,845.49,846.89,848.04,848.81,850.04,851.52,853.17,855.16,858.00,860.83,863.52,866.03,868.34,870.37,872.22,873.93,875.43,876.51,877.49,878.39,879.20,880.14,881.26,882.45,883.88,886.22,890.41,896.19,902.84,909.36,913.94,917.87,921.84,925.89,929.42,933.53,937.98,942.73,947.80,951.55,954.94,957.94,960.36,962.75,965.45,968.78,972.80,977.14,980.30,983.05,985.47,987.41,989.59,991.83,994.78,998.34,1000.50,1002.85,1005.35,1007.76,1009.52,1010.23,1010.33,1009.79,1008.43,1006.71,1004.73,1002.45,999.79,996.63,993.14,990.63
633.04,634.59,635.68,636.73,638.75,641.77,645.78,650.53,655.50,661.18,667.56,674.35,680.48,685.26,689.14,692.42,695.17,697.36,698.78,699.24,698.49,696.67,693.86,690.22,685.71,680.49,674.57,668.37,661.99,655.38,650.27,648.15,649.39,654.24,659.48,664.52,669.45,674.33,678.70,681.91,683.93,684.66,684.07,682.20,679.55,676.19,671.98,667.62,663.22,658.45,653.23,648.29,644.48,640.95,637.36,633.66,630.25,627.10,624.46,622.50,620.44,618.09,615.44,612.33,608.34,604.38,599.00,592.11,584.40,579.61,577.22,575.72,574.39,573.15,571.98,570.91,570.13,570.13,570.94,572.28,573.83,575.38,576.91,578.22,579.61,581.22,582.93,585.39,587.84,591.05,596.23,600.34,602.99,605.03,606.81,608.00,608.74,612.10,617.44,621.17,623.60,625.81,628.01,630.11,631.62,633.05,634.47,635.85,637.20,638.56,639.86,641.06,642.12,643.24,644.30,645.35,646.38,647.39,648.34,649.18,650.04,651.15,652.33,653.52,654.74,655.95,657.05,657.93,658.66,659.51,661.16,663.16,665.99,669.91,675.07,679.71,684.56,689.42,694.25,699.67,706.23,712.27,717.52,722.79,728.22,733.36,738.53,744.23,750.04,757.11,764.91,772.52,778.19,786.21,793.86,800.21,804.91,808.42,811.14,812.99,813.67,813.46,813.28,813.25,813.54,814.50,816.38,818.35,820.11,821.55,822.84,824.54,826.36,828.22,830.23,832.32,834.98,838.00,840.82,843.53,846.07,848.50,850.81,853.06,855.08,856.90,858.23,858.39,858.58,859.02,859.77,860.97,862.81,865.16,867.54,869.75,871.89,873.73,875.46,877.32,879.70,882.46,884.39,885.88,887.33,888.68,890.09,891.48,892.77,894.07,896.21,900.39,906.00,911.88,916.42,920.75,925.20,929.74,934.00,938.52,943.70,949.23,954.24,958.29,961.75,965.00,968.31,971.80,975.44,979.15,982.78,986.02,988.69,990.86,992.68,994.26,995.95,997.53,999.53,1002.00,1003.75,1005.96,1008.70,1011.59,1013.80,1014.93,1015.22,1014.87,1013.79,1012.06,1009.88,1007.33,1004.53,1001.68,998.68,996.49
636.00,637.98,639.49,640.62,642.07,644.40,647.97,652.54,657.45,663.21,669.75,676.62,682.41,687.15,691.07,694.23,697.09,699.68,701.51,702.27,701.68,699.69,696.63,692.91,688.62,683.43,677.56,671.45,665.15,658.47,652.58,649.90,651.13,656.65,662.39,667.92,673.66,679.59,683.68,686.41,688.24,689.07,688.31,686.55,684.11,680.92,676.64,672.04,667.50,662.81,657.69,651.90,647.54,643.89,640.42,636.75,633.20,629.99,627.35,625.48,623.69,621.57,619.03,615.78,611.17,606.73,600.74,593.28,585.41,580.04,577.63,576.31,575.08,573.82,572.73,571.75,570.96,570.70,571.49,572.84,574.35,575.83,577.29,578.40,579.48,580.86,582.90,585.08,587.34,590.46,595.37,599.51,601.75,603.37,605.02,606.26,607.96,611.36,616.13,620.60,623.35,625.82,628.23,630.37,631.89,633.38,634.82,636.21,637.59,638.90,640.19,641.42,642.52,643.66,644.76,645.85,646.92,647.93,648.90,649.87,650.98,652.44,653.65,654.82,655.99,657.20,658.43,659.54,660.62,662.00,664.42,667.62,671.10,674.88,679.32,683.87,688.34,692.64,696.94,702.13,708.15,713.78,718.90,724.22,729.46,734.29,739.25,744.93,750.76,757.72,765.45,773.16,779.38,788.42,797.06,804.17,809.33,813.56,816.99,819.50,820.75,820.84,821.00,821.14,821.49,822.77,824.53,826.20,827.75,829.27,830.99,832.72,834.56,836.63,838.98,841.38,844.02,846.72,849.09,851.32,853.92,856.79,859.82,862.80,865.32,867.47,868.86,868.54,867.78,867.14,866.86,867.13,867.80,869.44,871.41,873.39,875.40,877.58,879.69,882.00,885.26,889.49,892.51,894.76,896.77,898.36,899.86,901.15,902.08,902.37,902.68,905.17,909.43,914.36,918.88,923.51,928.34,933.32,938.19,942.98,948.71,954.86,959.81,964.37,968.24,972.17,976.76,981.18,985.42,989.19,992.24,994.35,996.52,998.12,999.35,1000.57,1001.67,1002.52,1003.49,1004.80,1006.41,1008.79,1011.83,1015.10,1017.68,1019.30,1019.99,1020.06,1019.50,1017.86,1015.46,1012.57,1009.48,1006.77,1004.22,1002.45
638.82,641.19,643.15,644.54,645.95,648.03,651.22,655.47,660.19,665.62,671.80,678.62,683.95,688.75,692.84,695.96,699.04,702.05,704.37,705.47,704.74,702.52,699.23,695.29,690.88,685.67,679.91,674.00,667.97,661.41,655.20,652.23,653.32,658.92,665.40,672.43,679.08,684.38,688.01,690.31,691.82,692.54,691.96,690.31,687.82,684.66,680.79,676.45,671.70,666.97,662.28,656.97,651.03,646.38,642.94,639.37,635.91,632.82,630.33,628.59,626.86,624.75,622.21,618.98,614.38,609.00,602.20,594.39,586.61,580.67,578.10,576.83,575.66,574.54,573.59,572.71,571.88,571.31,572.05,573.37,574.76,575.99,577.13,578.11,579.08,580.29,582.30,584.53,586.84,589.72,594.03,598.81,601.22,602.72,604.41,605.99,607.74,610.63,614.90,620.15,623.56,626.53,629.15,631.06,632.47,633.79,635.14,636.51,637.84,639.11,640.49,641.87,643.01,644.11,645.20,646.28,647.36,648.42,649.48,650.76,652.31,653.91,655.15,656.31,657.45,658.63,660.11,662.15,664.32,666.46,668.75,671.88,675.31,679.07,683.51,687.87,691.46,695.09,699.43,704.61,710.06,715.27,720.28,725.58,730.69,735.42,740.23,745.74,751.70,758.75,766.36,774.01,781.13,790.56,799.58,807.17,812.86,817.58,820.87,823.32,825.08,825.63,827.05,828.23,828.97,830.04,831.25,832.74,834.38,836.01,837.86,839.74,842.03,844.85,847.75,850.81,853.98,856.83,858.60,860.37,863.02,866.22,869.65,873.15,875.98,878.05,879.20,879.01,878.05,876.62,875.24,874.41,873.72,874.00,875.15,877.00,879.08,883.16,887.23,890.76,894.12,898.12,902.10,905.49,907.78,909.13,910.12,910.58,910.53,910.34,910.33,911.54,914.07,917.83,921.86,926.31,931.20,936.41,941.26,946.28,952.38,959.06,964.86,970.08,974.95,980.20,985.98,990.21,993.75,996.80,999.27,1000.96,1002.39,1003.44,1004.22,1004.89,1005.63,1006.14,1006.67,1007.50,1009.02,1011.94,1015.42,1018.92,1021.85,1023.88,1025.32,1026.26,1026.36,1024.88,1022.32,1019.09,1015.47,1011.88,1008.73,1007.12
641.52,644.40,646.76,648.55,650.11,652.15,655.09,658.89,663.24,668.30,674.09,680.47,685.75,690.47,694.55,697.91,701.48,704.97,707.47,708.50,707.75,705.46,701.66,697.18,692.77,687.83,682.17,676.33,670.43,664.04,657.82,654.76,655.86,661.85,669.27,677.05,683.79,688.40,691.62,693.77,695.19,695.82,695.29,693.90,691.43,688.20,684.49,680.30,675.58,670.77,666.05,661.12,655.00,649.65,645.41,641.81,638.47,635.70,633.48,631.75,629.91,627.79,625.16,621.76,617.12,611.39,603.88,595.64,588.27,581.49,578.67,577.49,576.41,575.42,574.54,573.70,572.88,572.17,572.52,573.57,574.81,575.89,576.87,577.81,578.75,579.90,581.75,583.98,586.30,588.93,592.52,597.36,600.30,602.21,603.92,605.61,607.38,609.74,613.37,619.00,622.93,626.42,629.37,631.27,632.67,633.96,635.30,636.70,638.01,639.29,640.72,642.20,643.49,644.66,645.75,646.84,647.92,649.01,650.41,651.99,653.67,655.33,656.65,657.86,659.21,660.90,662.86,665.38,667.92,670.23,672.33,675.48,679.11,683.03,687.26,691.03,694.14,697.51,701.83,706.90,711.99,716.92,721.81,726.93,731.95,736.71,741.58,747.00,752.88,760.04,767.72,775.39,782.66,792.06,801.35,809.40,815.40,820.21,823.54,826.22,828.68,830.48,832.44,833.93,834.98,836.27,837.68,839.38,841.17,842.87,844.86,847.20,849.95,852.97,855.56,858.26,861.02,863.51,865.27,867.41,870.46,874.07,877.94,881.68,884.81,887.06,888.25,888.13,886.89,885.10,883.22,881.54,879.80,878.94,879.56,881.86,884.96,889.58,894.52,899.26,903.54,907.52,911.21,914.30,916.36,917.51,918.10,918.15,917.81,917.49,917.29,917.88,919.35,921.89,925.16,929.14,933.76,938.84,943.66,949.10,955.66,962.78,969.11,974.93,980.71,986.48,991.91,996.02,999.27,1001.97,1004.17,1005.86,1007.53,1008.79,1009.64,1010.22,1010.69,1010.93,1011.22,1011.81,1012.98,1015.88,1019.38,1022.86,1025.93,1028.97,1031.26,1032.66,1032.88,1031.59,1029.06,1025.84,1022.11,1017.97,1014.55,1013.05
644.09,647.55,650.27,652.50,654.41,656.61,659.41,662.73,666.59,671.25,676.59,682.30,687.71,692.31,696.33,700.11,704.25,708.02,710.49,711.32,710.54,708.31,704.01,698.91,694.45,689.88,684.35,678.53,672.71,666.54,660.46,657.37,658.50,665.13,673.59,681.60,687.93,691.86,694.75,697.02,698.56,699.19,698.69,697.51,695.01,691.63,687.90,683.75,679.17,674.31,669.34,664.67,659.14,653.38,648.08,644.32,641.11,638.69,636.74,634.92,632.88,630.71,628.00,624.40,619.64,613.77,605.72,597.16,590.36,582.86,579.56,578.23,577.25,576.38,575.52,574.70,573.91,573.17,573.02,573.65,574.64,575.63,576.58,577.51,578.47,579.60,581.25,583.43,585.74,588.12,590.99,595.50,599.14,601.72,603.43,605.14,606.90,608.80,611.75,617.42,621.81,625.83,629.16,631.20,632.67,634.00,635.39,636.82,638.14,639.46,640.91,642.44,643.93,645.21,646.36,647.46,648.56,649.73,651.57,653.42,655.09,656.75,658.20,659.57,661.28,663.67,666.14,668.80,671.32,673.51,675.50,678.76,682.67,686.74,690.53,693.60,696.51,699.90,704.20,709.10,713.92,718.67,723.42,728.30,733.24,738.17,743.22,748.62,754.30,761.56,769.40,777.07,784.07,793.17,802.61,811.11,817.32,821.98,825.48,828.67,832.00,835.26,837.44,838.99,840.37,842.19,844.24,846.30,848.20,849.90,851.90,854.64,857.64,860.43,862.34,864.26,866.23,868.22,870.33,873.20,876.73,880.75,885.07,889.01,892.44,895.00,896.42,896.35,894.89,893.03,891.00,888.71,886.20,884.39,884.62,887.54,891.93,896.54,901.81,907.50,912.75,916.71,919.52,921.67,923.29,924.30,924.59,924.49,924.20,923.95,923.67,924.00,924.88,926.33,928.70,932.01,936.09,940.80,945.55,951.54,958.60,966.04,972.73,979.10,985.56,991.36,995.84,999.89,1003.12,1005.78,1008.05,1010.14,1012.54,1014.35,1015.53,1016.24,1016.60,1016.64,1016.77,1017.20,1017.87,1020.34,1023.64,1027.11,1030.32,1034.35,1037.33,1038.94,1039.03,1037.91,1035.55,1032.58,1029.02,1024.56,1020.98,1019.45
646.38,650.30,653.43,656.02,658.67,661.48,664.39,667.30,670.68,674.83,679.55,684.48,689.73,694.34,698.62,702.91,707.27,710.30,712.44,713.48,712.35,710.44,706.40,701.14,696.12,691.68,686.42,680.75,675.00,669.27,663.27,659.75,660.61,668.35,677.74,685.53,691.12,694.50,697.45,700.36,702.53,703.60,703.36,701.64,698.72,695.12,691.21,686.86,682.30,677.46,672.42,667.81,662.83,657.30,651.81,647.70,644.52,642.21,640.15,637.91,635.76,633.46,630.86,627.50,622.29,615.79,607.80,599.73,593.37,586.56,581.76,579.07,578.17,577.32,576.43,575.57,574.80,574.24,573.95,573.99,574.43,575.34,576.31,577.25,578.22,579.32,580.83,582.95,585.15,587.35,589.83,593.71,597.75,600.88,602.72,604.47,606.20,608.01,610.64,615.59,620.64,625.10,628.69,631.11,632.71,634.10,635.49,636.89,638.26,639.62,641.09,642.64,644.16,645.57,646.88,648.09,649.25,650.82,652.87,654.92,656.77,658.38,659.96,661.90,664.15,666.63,669.07,671.55,673.96,676.30,678.72,682.28,686.13,689.75,692.73,695.53,698.56,702.23,706.69,711.25,715.76,720.34,725.01,729.75,734.65,739.89,745.30,750.71,756.25,763.56,771.33,778.72,785.45,793.96,803.36,812.29,818.78,823.22,827.14,831.36,835.92,839.56,842.31,844.56,846.74,849.48,852.22,854.42,856.10,857.38,858.87,860.74,862.78,864.81,866.51,868.29,870.27,872.50,875.15,878.30,881.73,885.77,890.63,895.31,898.99,901.83,903.69,903.85,902.60,900.91,898.94,896.53,893.84,891.39,891.10,893.88,898.31,903.98,909.78,915.09,919.30,922.61,925.08,927.05,928.63,929.65,929.78,929.62,929.41,929.17,928.92,929.15,929.84,930.93,932.55,934.91,938.11,942.19,946.74,953.39,960.85,968.38,975.40,982.10,988.33,993.97,998.79,1002.93,1006.32,1009.50,1012.73,1016.12,1018.91,1020.93,1022.28,1023.08,1023.73,1023.79,1023.67,1023.63,1023.68,1025.25,1028.41,1032.55,1036.46,1039.78,1042.42,1044.02,1044.06,1043.09,1041.13,1038.67,1035.53,1031.01,1026.85,1024.67
648.36,652.66,656.17,659.29,662.61,665.90,668.92,671.55,674.76,678.45,682.50,686.90,691.90,696.60,701.15,705.73,710.08,712.61,714.51,715.64,714.36,712.51,708.88,703.73,697.84,693.37,688.43,683.00,677.31,671.85,666.25,662.73,663.45,671.76,681.73,688.88,693.56,696.74,700.11,703.66,706.53,708.18,708.19,706.08,702.76,698.86,694.59,689.91,685.19,680.33,675.35,670.79,666.15,661.10,656.00,651.82,648.64,646.17,643.90,641.47,638.79,636.12,633.44,630.15,624.69,617.70,610.09,602.87,597.00,590.91,585.23,581.14,579.27,578.22,577.28,576.46,575.79,575.35,574.96,574.59,574.59,575.27,576.07,576.99,577.97,579.06,580.39,582.42,584.56,586.63,588.82,591.89,596.02,599.64,601.88,603.70,605.45,607.25,609.61,613.71,619.29,624.14,627.99,630.87,632.61,634.19,635.66,637.02,638.43,639.86,641.35,642.88,644.41,645.89,647.33,648.69,650.08,652.03,654.22,656.40,658.43,660.15,661.91,664.10,666.56,669.06,671.49,673.85,676.22,678.75,681.76,685.51,689.10,692.16,694.63,697.31,700.66,704.63,709.05,713.25,717.53,722.00,726.65,731.34,736.17,741.62,747.31,752.78,758.27,765.37,772.92,780.14,786.72,794.61,803.94,813.26,819.95,824.52,829.04,834.08,839.41,843.36,846.75,849.85,852.85,856.02,858.86,860.92,862.38,863.44,864.61,865.86,867.30,868.97,870.64,872.32,874.36,876.83,879.81,883.06,886.54,890.80,896.10,901.10,904.95,908.02,910.18,910.68,909.96,908.64,906.92,904.67,902.07,899.31,898.36,900.41,904.80,910.88,916.57,921.21,924.69,927.83,930.33,932.33,933.85,934.83,934.92,934.58,934.13,933.87,933.65,933.89,934.58,935.64,936.95,938.60,940.85,943.97,948.02,955.08,962.82,970.31,977.35,984.03,990.22,996.02,1001.33,1005.72,1009.31,1012.81,1016.60,1020.82,1024.06,1026.89,1029.19,1030.47,1031.20,1031.13,1030.74,1030.32,1030.04,1031.11,1034.00,1038.18,1042.26,1045.09,1047.43,1048.93,1048.95,1047.99,1046.24,1043.99,1041.05,1036.78,1032.43,1029.85
649.93,654.58,658.41,662.26,666.07,669.62,672.71,675.25,678.65,681.99,685.37,689.57,694.26,699.13,703.93,708.43,712.58,715.13,716.97,717.94,716.79,714.61,711.45,706.63,699.66,695.01,690.40,685.29,679.67,674.23,669.42,666.46,667.26,675.39,685.44,691.54,695.20,698.61,702.77,706.90,710.43,712.78,712.98,710.78,707.22,702.91,698.09,692.96,687.88,682.89,678.08,673.62,669.10,664.72,660.58,656.76,653.59,650.70,648.17,645.82,642.07,638.75,635.66,632.12,626.75,619.53,612.60,606.52,601.26,595.68,590.11,584.87,580.69,579.14,578.11,577.39,576.91,576.50,576.00,575.49,575.25,575.52,575.91,576.74,577.76,578.82,579.94,581.85,583.93,585.97,587.94,590.08,593.89,597.90,600.93,602.83,604.66,606.51,608.62,611.85,617.72,622.88,627.06,630.45,632.35,634.29,635.96,637.28,638.73,640.23,641.71,643.21,644.74,646.22,647.73,649.29,651.04,653.31,655.58,657.81,659.99,662.06,663.99,665.98,668.20,670.79,673.27,675.67,678.10,680.85,684.56,688.29,691.38,693.93,696.32,699.06,702.91,707.13,711.18,715.06,719.23,723.69,728.35,733.11,737.80,743.30,749.15,754.74,760.24,766.84,774.03,781.25,787.85,795.12,804.38,814.03,820.78,826.01,831.27,836.78,842.18,846.54,850.62,854.60,858.32,861.26,863.45,865.08,866.38,867.54,868.75,869.96,871.49,873.41,875.18,876.75,878.78,881.34,884.30,887.51,891.35,896.08,901.63,906.33,910.28,913.49,915.76,916.73,916.82,916.12,914.84,913.04,910.77,908.07,906.38,907.10,911.55,916.97,921.69,925.58,929.12,932.81,935.71,937.83,939.22,940.05,940.21,939.57,938.50,938.16,937.98,938.33,939.19,940.50,942.04,943.36,944.71,946.53,949.71,956.79,964.58,971.88,978.50,984.75,991.29,997.71,1003.43,1008.29,1012.04,1015.51,1019.19,1023.49,1027.40,1031.87,1036.06,1038.28,1038.76,1038.37,1037.72,1037.11,1036.90,1038.02,1040.47,1043.82,1047.29,1050.22,1052.49,1053.85,1053.85,1052.75,1050.88,1048.40,1045.32,1041.69,1037.72,1035.19
650.75,655.75,660.00,664.18,668.27,672.20,675.77,678.65,681.92,685.03,688.20,692.22,696.78,701.61,706.39,710.94,715.22,718.01,719.75,720.42,719.36,716.72,713.38,708.83,702.31,696.93,692.39,687.63,682.22,676.78,672.03,669.14,670.08,678.36,687.50,692.99,696.58,700.43,705.28,710.03,714.12,716.91,717.19,715.08,711.46,706.89,701.59,696.05,690.53,685.30,680.51,676.03,672.02,668.44,665.20,662.28,659.59,656.83,654.01,650.93,646.52,642.13,638.10,634.05,628.76,621.59,615.19,609.85,605.05,600.11,594.80,589.34,584.29,581.06,579.28,578.36,577.87,577.39,576.86,576.34,576.08,576.24,576.47,576.95,577.65,578.53,579.63,581.39,583.32,585.21,587.02,588.87,592.04,595.90,599.65,602.02,604.02,605.93,607.92,610.58,616.07,621.33,625.93,629.87,632.39,634.82,636.94,638.59,639.88,641.11,642.43,643.86,645.40,646.88,648.40,650.09,652.05,654.30,656.61,658.89,661.10,663.22,665.28,667.31,669.56,672.24,674.76,677.19,679.87,683.06,686.77,690.11,692.93,695.41,697.92,701.13,705.14,709.23,712.96,716.65,720.86,725.39,730.06,734.74,739.48,744.96,750.73,756.25,761.73,767.93,774.78,782.03,788.79,795.56,804.56,814.34,821.43,827.07,832.85,838.72,844.26,849.06,853.51,857.70,861.53,864.67,867.02,868.76,870.17,871.43,872.64,874.10,875.93,878.10,880.25,881.98,883.93,886.26,889.06,892.23,896.04,900.43,905.23,909.69,913.88,917.50,920.26,921.63,922.30,922.10,921.22,919.81,918.27,916.05,914.51,914.90,918.26,922.34,926.38,930.35,934.47,938.38,941.41,943.65,945.06,945.59,945.64,945.02,943.95,943.34,943.07,943.66,944.88,946.42,948.10,949.50,950.71,952.10,954.75,960.73,967.24,973.25,978.71,984.57,991.16,998.00,1004.45,1009.66,1013.25,1016.43,1020.06,1025.12,1030.93,1036.47,1040.90,1043.23,1044.06,1043.99,1043.57,1043.11,1042.98,1043.57,1045.57,1048.68,1051.97,1054.96,1057.37,1058.79,1058.68,1057.31,1055.21,1052.54,1049.38,1046.00,1042.62,1040.78
651.11,656.45,661.14,665.51,669.84,674.19,678.33,681.55,684.64,687.67,690.86,694.77,699.25,703.97,708.75,713.49,717.87,720.81,722.50,722.98,722.01,719.10,715.50,711.14,705.35,699.09,694.45,690.00,684.87,679.41,674.56,671.81,673.03,681.20,689.09,694.10,697.91,702.30,707.73,713.03,717.53,720.56,720.91,719.04,715.57,710.88,705.07,699.19,693.28,687.78,682.91,678.47,675.07,672.32,670.00,668.04,665.80,663.15,660.04,656.23,651.47,646.00,640.77,635.96,630.77,624.09,618.26,613.41,608.90,604.45,599.48,594.18,588.80,583.88,581.08,579.56,578.72,578.18,577.64,577.17,576.95,577.12,577.28,577.43,577.76,578.38,579.40,580.98,582.73,584.49,586.21,587.94,590.37,593.85,598.10,601.13,603.33,605.32,607.29,609.60,614.41,619.59,624.53,628.95,632.25,635.23,637.90,640.00,641.16,642.14,643.30,644.67,646.18,647.63,649.17,650.97,653.08,655.23,657.56,659.85,662.03,664.13,666.27,668.41,670.78,673.54,676.14,678.63,681.58,685.09,688.61,691.54,694.18,696.75,699.47,703.25,707.31,711.15,714.63,718.20,722.47,727.05,731.71,736.30,741.13,746.54,752.14,757.54,763.01,768.81,775.36,782.62,789.56,795.90,804.57,814.39,821.97,828.01,834.16,840.28,845.96,851.08,855.75,859.99,863.84,867.35,870.03,872.05,873.70,875.16,876.58,878.47,880.67,883.08,885.53,887.43,889.29,891.41,894.03,897.13,900.74,904.56,908.50,912.74,917.08,921.08,924.34,926.16,927.34,927.66,927.26,926.33,925.53,923.94,922.82,923.12,925.18,927.98,931.44,935.54,940.12,944.00,947.01,949.34,950.92,951.41,951.43,950.90,949.87,948.83,948.38,949.21,950.85,952.66,954.64,956.47,957.99,959.37,961.71,966.28,971.03,975.29,979.25,984.36,990.69,997.83,1005.10,1010.55,1013.93,1016.82,1020.44,1026.41,1034.24,1040.63,1044.96,1047.34,1048.73,1049.29,1049.38,1049.19,1049.14,1049.21,1050.71,1053.49,1056.54,1059.58,1062.15,1063.65,1063.43,1061.88,1059.61,1056.81,1053.61,1050.36,1047.59,1046.50
650.68,656.38,661.48,665.90,670.47,675.26,679.87,683.13,686.18,689.44,693.02,697.04,701.43,706.03,711.02,716.29,720.39,723.10,724.85,725.62,724.83,722.33,718.79,714.43,708.89,701.79,696.70,692.37,687.67,682.13,677.31,675.34,677.26,684.25,690.62,695.20,699.34,704.35,710.15,715.67,720.24,723.19,723.60,722.31,719.47,714.95,708.50,702.46,696.38,690.60,685.48,681.34,678.52,676.65,675.35,674.07,671.74,668.67,665.24,661.50,656.98,650.69,644.02,637.86,632.87,627.77,622.81,618.02,613.38,608.79,604.22,599.46,594.29,588.67,584.55,581.48,579.42,578.87,578.33,577.95,577.84,578.05,578.21,578.36,578.48,578.68,579.33,580.60,582.23,584.00,585.74,587.30,589.04,591.84,596.02,599.97,602.40,604.47,606.60,608.99,612.76,617.49,622.46,627.11,631.23,634.94,638.22,640.78,642.13,643.18,644.36,645.69,647.06,648.41,650.06,651.99,654.12,656.24,658.48,660.67,662.78,664.88,667.02,669.29,671.81,674.67,677.37,680.13,683.18,686.49,689.73,692.56,695.22,697.92,701.03,705.23,709.23,712.86,716.25,719.82,724.05,728.56,733.14,737.74,742.65,747.89,753.24,758.56,764.02,769.42,775.66,782.89,789.90,795.99,804.29,814.03,822.31,828.90,835.22,841.37,847.08,852.17,856.79,861.15,865.33,869.28,872.17,874.54,876.62,878.51,880.90,883.49,886.14,888.74,891.04,892.83,894.71,896.88,899.48,902.37,905.51,908.84,912.41,916.45,920.55,924.54,928.09,930.52,932.25,933.21,933.59,933.48,933.04,932.20,931.62,931.74,932.79,935.08,938.11,941.70,945.86,949.27,951.97,954.33,956.45,957.80,958.24,957.72,956.30,954.54,953.68,954.64,956.69,958.97,961.84,964.87,967.40,969.34,971.77,974.95,977.61,979.63,981.67,984.83,990.22,997.46,1005.53,1010.92,1014.29,1017.13,1020.80,1027.56,1036.69,1043.69,1048.30,1051.34,1053.35,1055.01,1056.00,1056.15,1056.26,1056.38,1057.21,1058.83,1061.11,1064.14,1066.76,1068.23,1067.97,1066.67,1064.54,1061.74,1058.48,1055.41,1053.14,1052.46
649.68,655.60,661.14,665.62,670.24,675.36,680.54,684.03,687.26,690.76,694.56,698.60,703.19,708.09,713.37,718.77,722.53,725.27,727.22,728.22,727.68,725.42,721.98,717.72,712.45,705.26,699.44,694.64,690.16,684.92,680.11,678.31,680.45,686.99,692.18,696.38,700.81,706.35,712.37,718.11,722.93,726.13,726.59,725.32,722.58,718.20,711.79,705.56,699.65,693.96,688.79,685.18,683.05,681.70,680.75,679.74,677.56,674.14,670.08,665.75,661.10,654.78,647.75,641.04,636.26,632.09,627.90,623.36,618.26,613.36,608.86,604.38,599.57,594.14,589.07,584.88,581.81,580.22,579.19,578.73,578.68,578.92,579.19,579.35,579.34,579.25,579.49,580.48,581.92,583.54,585.11,586.54,587.97,590.07,593.42,597.92,601.13,603.68,606.01,608.51,611.75,615.96,620.62,625.28,629.90,634.06,637.80,640.84,642.38,643.65,645.00,646.44,647.81,649.16,650.90,652.90,655.02,657.12,659.27,661.41,663.49,665.58,667.71,670.10,672.79,675.73,678.54,681.46,684.52,687.65,690.68,693.45,696.14,699.08,702.79,707.22,711.07,714.51,717.90,721.60,725.82,730.34,734.95,739.50,744.25,749.21,754.32,759.49,764.70,769.91,775.92,782.93,789.92,795.88,803.88,813.52,822.49,829.36,835.78,841.94,847.59,852.66,857.35,861.86,866.24,870.40,873.71,876.57,879.24,881.84,884.82,887.89,890.90,893.69,895.99,897.87,899.87,902.15,904.75,907.49,910.26,913.17,916.49,920.57,924.69,928.69,932.31,935.03,937.10,938.35,938.97,939.09,938.85,938.53,938.49,938.83,939.36,941.34,944.08,947.24,950.76,953.80,956.70,959.57,962.23,963.96,964.42,963.76,962.14,960.08,959.01,960.01,962.32,965.01,968.21,971.63,974.57,976.79,978.98,981.23,982.96,984.19,985.48,987.54,991.58,997.78,1005.57,1011.01,1014.42,1017.30,1021.18,1028.63,1038.52,1046.08,1051.10,1054.58,1057.34,1059.75,1061.33,1061.80,1061.95,1062.17,1062.67,1063.63,1065.45,1068.13,1070.60,1072.16,1072.27,1071.42,1069.68,1067.13,1063.97,1060.99,1058.87,1058.38
648.22,654.24,660.18,664.78,669.36,674.75,680.60,684.43,687.97,691.70,695.61,699.63,704.61,710.06,715.67,720.94,724.40,727.34,729.58,730.80,730.57,728.45,725.11,721.00,716.00,709.14,702.51,696.96,692.49,687.74,683.00,681.12,683.15,689.53,693.83,697.75,702.41,708.33,714.50,720.48,725.60,729.07,729.61,728.08,725.14,720.88,714.97,708.57,702.99,697.66,692.70,689.76,688.30,687.22,686.19,685.16,683.18,679.51,674.74,669.44,664.36,658.46,651.82,645.24,640.65,636.89,633.30,629.09,623.50,618.22,613.53,609.11,604.67,599.92,594.29,589.33,585.37,582.27,580.46,579.74,579.64,579.89,580.30,580.44,580.33,580.03,579.90,580.58,581.77,583.16,584.50,585.83,587.20,588.65,590.78,595.34,599.54,602.80,605.32,607.78,610.97,614.76,618.96,623.52,628.37,632.79,636.93,640.43,642.15,643.69,645.30,646.93,648.42,649.85,651.67,653.70,655.79,657.87,659.96,662.04,664.13,666.22,668.31,670.85,673.72,676.71,679.63,682.61,685.62,688.63,691.50,694.25,697.00,700.23,704.64,709.15,712.83,716.15,719.62,723.50,727.74,732.29,736.99,741.46,745.90,750.54,755.38,760.35,765.18,770.29,776.13,782.81,789.75,795.65,803.38,812.89,822.49,829.47,835.97,842.12,847.64,852.70,857.55,862.21,866.70,870.93,874.77,878.22,881.52,884.94,888.39,891.86,895.15,898.05,900.44,902.55,904.76,907.18,909.81,912.46,915.00,917.65,920.79,925.03,929.29,933.29,936.84,939.64,941.87,943.13,943.62,943.56,943.40,943.43,943.87,944.64,945.11,946.99,949.46,952.14,954.97,957.87,961.35,964.95,968.03,969.83,970.10,969.28,967.62,965.52,964.40,965.40,967.86,970.87,974.06,977.26,980.13,982.43,984.25,986.03,987.59,988.93,990.22,991.81,994.42,998.92,1005.59,1011.06,1014.50,1017.52,1021.77,1029.85,1040.02,1048.01,1053.50,1057.30,1060.89,1063.83,1065.80,1066.61,1066.84,1067.17,1067.56,1068.20,1069.65,1071.75,1073.94,1075.69,1076.44,1076.17,1074.92,1072.72,1069.76,1066.82,1064.65,1064.25
646.07,652.00,658.03,663.08,667.72,673.45,680.07,684.24,688.17,692.10,696.05,700.17,705.42,711.44,717.34,722.29,725.98,729.18,731.83,733.55,733.52,731.52,728.33,724.35,719.39,712.66,705.79,699.80,694.94,690.30,686.21,684.88,686.88,692.14,695.96,699.83,704.51,710.42,716.79,723.20,728.15,730.99,731.68,730.31,727.38,723.31,718.09,711.56,706.09,701.39,697.47,695.16,693.91,692.89,691.79,690.39,688.13,684.50,679.59,673.57,667.64,662.05,656.34,650.74,646.28,642.38,638.64,634.49,629.29,623.84,618.77,614.11,609.73,605.09,599.91,594.62,589.67,585.86,583.49,582.05,581.42,581.63,581.92,581.91,581.64,581.19,580.81,581.05,581.98,583.26,584.53,585.84,587.17,588.37,589.78,592.93,597.42,601.23,603.72,605.25,609.11,613.25,617.45,621.98,626.78,631.44,635.92,639.76,641.71,643.39,645.10,646.86,648.66,650.36,652.24,654.23,656.26,658.30,660.33,662.40,664.48,666.57,668.70,671.46,674.55,677.54,680.44,683.35,686.33,689.35,692.21,694.99,697.80,701.30,706.30,710.71,714.36,717.87,721.66,725.60,729.80,734.34,739.02,743.36,747.66,751.97,756.41,761.11,765.63,770.58,776.24,782.70,789.61,795.44,802.81,812.04,822.08,829.19,835.78,841.90,847.24,852.28,857.24,862.03,866.63,871.01,875.27,879.19,882.98,886.97,891.40,895.51,898.96,901.66,904.03,906.46,909.06,911.76,914.43,917.10,919.85,922.69,925.83,930.02,934.24,938.12,941.49,944.24,946.27,947.26,947.41,947.00,946.78,946.87,947.47,948.63,950.00,952.13,953.99,955.66,958.16,962.05,966.32,970.19,973.04,974.83,975.24,974.61,973.13,971.15,970.14,971.17,973.65,976.75,979.80,982.24,984.49,986.75,988.72,990.88,992.61,993.96,995.38,997.12,999.21,1002.33,1006.98,1011.74,1015.05,1018.45,1023.47,1032.16,1041.72,1049.55,1055.42,1059.75,1064.12,1067.56,1069.95,1071.32,1072.12,1072.62,1072.92,1073.20,1073.84,1075.20,1077.17,1079.25,1080.83,1081.07,1080.02,1077.97,1075.18,1072.25,1070.14,1069.86
643.85,649.65,655.73,661.24,665.99,671.81,678.80,683.70,688.10,692.21,696.16,700.33,705.85,712.39,718.61,723.49,727.51,730.98,733.99,736.17,736.49,734.69,731.59,727.59,722.56,716.25,709.25,702.82,697.50,692.85,689.28,688.54,690.75,695.31,698.84,702.46,706.91,712.68,719.25,725.74,730.36,732.67,733.38,732.07,729.38,725.71,720.94,714.79,709.68,705.67,702.78,701.00,699.79,698.69,697.41,695.57,692.92,689.27,684.34,677.95,671.58,666.16,661.41,657.05,652.80,648.62,644.40,640.00,635.12,629.66,624.36,619.44,614.91,610.26,605.43,600.08,594.58,590.06,586.80,584.59,583.47,583.56,583.60,583.39,582.93,582.32,581.80,581.60,582.25,583.42,584.63,585.92,587.18,588.21,589.12,591.03,595.14,598.94,601.37,602.50,606.91,611.55,615.98,620.53,625.30,630.11,634.81,638.93,641.37,643.29,645.12,647.00,648.99,650.85,652.72,654.63,656.57,658.58,660.62,662.70,664.82,666.91,669.08,672.04,675.32,678.34,681.20,684.04,686.98,689.99,692.89,695.71,698.76,702.62,707.93,712.18,715.83,719.62,723.92,728.35,732.83,737.26,741.55,745.58,749.60,753.52,757.57,761.93,766.19,771.05,776.51,782.68,789.50,795.24,802.28,811.15,821.25,828.39,835.08,841.25,846.50,851.47,856.57,861.55,866.31,870.82,875.37,879.73,883.98,888.49,894.04,898.57,902.09,904.80,907.33,910.13,913.08,916.00,918.77,921.53,924.54,927.72,931.12,935.13,939.13,942.82,946.05,948.63,950.48,951.43,951.66,951.37,951.11,951.14,951.76,953.16,955.09,957.20,958.60,959.68,961.93,966.42,971.05,975.07,978.12,980.08,980.58,980.08,978.85,977.16,976.25,977.36,979.90,983.00,985.81,987.67,989.47,991.62,993.76,996.00,997.72,999.05,1000.65,1002.52,1004.35,1006.50,1009.43,1013.19,1016.29,1020.09,1025.82,1034.64,1043.29,1050.81,1057.14,1062.38,1067.33,1071.17,1074.02,1075.96,1077.30,1077.96,1078.21,1078.22,1078.24,1078.99,1080.91,1083.35,1085.42,1085.98,1085.13,1083.28,1080.68,1077.85,1075.88,1075.72
641.71,647.34,653.48,659.37,664.27,669.83,676.55,682.76,687.73,691.99,695.92,700.05,705.85,712.82,719.44,724.64,729.04,732.74,736.01,738.58,739.44,737.98,734.88,730.65,725.43,719.97,712.91,705.97,700.21,695.44,692.08,691.84,694.59,699.31,702.70,705.78,709.66,715.22,721.95,727.92,732.12,734.28,734.80,733.28,731.10,728.08,723.42,718.37,714.02,710.76,708.70,707.26,705.97,704.62,703.01,700.69,697.60,693.80,688.90,682.61,676.48,671.16,667.22,664.25,660.35,655.77,650.80,645.76,640.90,635.64,630.33,625.17,620.28,615.56,610.73,605.62,600.23,594.81,590.17,587.17,585.72,585.60,585.20,584.77,584.12,583.32,582.76,582.18,582.54,583.59,584.71,585.93,587.09,587.95,588.60,589.85,592.82,595.86,598.21,599.87,604.51,609.67,614.57,619.17,623.99,628.85,633.60,637.96,641.21,643.54,645.58,647.56,649.54,651.36,653.15,654.93,656.71,658.70,660.82,663.00,665.19,667.29,669.50,672.60,676.04,679.13,681.96,684.75,687.62,690.59,693.56,696.44,699.92,704.30,709.59,713.59,717.31,721.48,726.51,732.07,737.28,741.48,744.84,748.33,751.77,755.27,758.95,762.91,766.94,771.80,777.08,782.79,789.40,795.03,801.82,810.29,819.92,826.91,833.69,840.04,845.38,850.21,855.48,860.75,865.74,870.32,875.05,879.80,884.52,889.49,896.22,900.85,904.33,907.40,910.36,913.60,916.82,919.90,922.81,925.72,928.97,932.61,936.56,940.29,943.85,947.29,950.43,952.72,954.48,955.81,956.78,957.29,957.11,956.97,957.47,958.87,960.68,962.28,963.54,964.75,966.82,971.08,975.39,979.56,983.48,985.90,986.35,985.85,984.88,983.65,982.81,984.06,986.77,989.76,992.18,993.90,995.60,997.62,999.79,1001.53,1002.87,1004.15,1005.95,1007.80,1009.52,1011.21,1013.12,1015.67,1018.48,1022.66,1028.87,1037.12,1044.64,1051.76,1058.71,1065.30,1070.52,1074.71,1078.04,1080.49,1082.25,1083.04,1083.25,1083.15,1082.95,1083.33,1085.43,1088.19,1090.28,1090.85,1090.29,1088.76,1086.38,1083.80,1082.08,1082.02
639.62,645.06,651.28,657.26,662.42,667.64,673.67,680.94,686.43,690.94,695.02,699.23,705.29,712.58,719.70,725.55,730.21,734.18,737.57,740.23,741.60,740.54,737.86,733.79,728.25,723.02,716.53,709.70,703.38,698.22,694.86,695.07,698.43,703.29,706.73,710.03,713.95,719.06,725.27,730.53,734.42,736.70,736.97,735.15,732.76,729.88,726.00,721.84,718.54,716.12,714.44,712.99,711.69,710.23,708.34,705.52,701.90,697.81,693.14,687.79,682.71,678.18,674.65,671.75,667.87,663.28,657.93,652.38,647.26,641.76,636.17,630.72,625.56,620.82,616.14,611.24,606.00,600.38,594.84,590.45,587.78,587.17,586.59,585.92,585.12,584.27,583.70,583.04,583.13,583.90,584.95,586.03,587.12,588.07,588.84,589.68,591.94,594.48,596.75,598.83,603.21,608.37,613.45,618.08,622.89,627.74,632.64,637.35,641.08,643.68,645.93,648.08,650.04,651.71,653.41,655.13,656.87,658.76,660.86,663.10,665.39,667.62,670.01,673.20,676.72,679.93,682.76,685.57,688.44,691.38,694.35,697.23,701.15,706.07,711.33,715.40,719.66,724.70,730.75,737.19,742.30,746.22,749.33,752.23,754.78,757.74,761.05,764.51,768.12,772.47,777.42,783.00,789.34,794.95,801.65,809.64,818.18,824.95,831.64,838.11,843.84,848.63,854.06,859.56,864.80,869.63,874.74,879.82,884.83,890.17,897.46,902.30,906.02,909.55,913.01,916.60,920.14,923.54,926.71,929.87,933.38,937.18,941.14,944.79,948.12,951.27,954.13,956.35,958.52,960.47,962.10,963.18,963.42,963.45,963.79,964.68,966.04,967.43,968.75,970.23,972.52,976.59,981.28,985.77,989.42,991.70,992.17,991.72,990.80,989.83,989.22,990.34,992.68,995.28,997.50,999.38,1001.26,1003.26,1005.16,1006.61,1007.81,1009.06,1010.72,1012.32,1013.82,1015.32,1017.06,1019.70,1022.88,1026.97,1032.36,1039.40,1046.51,1053.66,1060.87,1067.85,1073.24,1077.91,1081.88,1084.93,1086.95,1087.77,1088.06,1088.02,1087.60,1088.04,1090.07,1092.72,1094.90,1095.85,1095.55,1094.23,1092.07,1089.65,1088.39,1088.53
637.92,643.20,649.47,655.50,660.89,665.84,671.20,679.04,684.76,689.49,693.81,698.16,704.39,711.95,719.57,726.17,731.22,735.48,738.96,741.61,743.42,742.69,740.51,736.85,731.27,725.89,720.03,713.53,706.73,701.13,697.59,698.22,702.31,707.50,711.32,714.97,718.90,723.43,728.88,733.45,737.03,739.32,739.43,737.51,734.83,731.88,728.77,725.49,723.27,721.69,720.33,718.80,717.40,715.76,713.57,710.32,706.21,701.83,697.39,693.07,689.19,685.60,682.38,679.22,675.18,670.60,665.06,659.12,653.53,647.76,641.94,636.24,630.87,626.15,621.64,616.92,611.79,606.15,600.04,594.32,590.22,588.72,587.86,586.97,586.06,585.23,584.64,583.97,583.82,584.28,585.27,586.22,587.25,588.34,589.36,590.07,591.86,593.99,596.13,598.42,602.33,607.34,612.50,617.16,621.95,626.81,631.91,637.00,641.06,643.89,646.39,648.70,650.54,652.04,653.63,655.30,656.99,658.75,660.81,663.11,665.54,667.95,670.61,673.89,677.49,680.93,683.82,686.69,689.60,692.54,695.46,698.40,702.66,707.95,713.18,717.53,722.55,728.54,735.47,742.44,747.35,751.11,754.17,756.53,758.34,760.82,763.74,766.63,769.64,773.32,777.86,783.35,789.45,795.06,801.71,809.21,816.50,822.92,829.35,835.88,842.12,846.97,852.47,858.18,863.72,868.81,874.26,879.63,884.91,890.61,898.22,903.35,907.43,911.41,915.32,919.29,923.22,926.99,930.49,933.97,937.70,941.56,945.38,949.00,952.19,955.09,957.71,960.01,962.66,965.22,967.44,968.97,969.69,969.99,970.23,970.63,971.51,972.84,974.33,976.15,978.84,982.57,987.41,992.00,995.19,997.21,997.76,997.43,996.60,995.83,995.44,996.39,998.29,1000.50,1002.62,1004.68,1006.71,1008.65,1010.28,1011.51,1012.62,1013.82,1015.28,1016.67,1018.31,1020.00,1021.80,1024.61,1027.93,1031.61,1035.93,1041.78,1048.64,1055.85,1063.13,1070.17,1075.81,1080.96,1085.52,1089.11,1091.34,1092.26,1092.72,1092.87,1092.47,1093.12,1094.97,1097.32,1099.47,1100.76,1100.67,1099.55,1097.59,1095.32,1094.49,1094.82
637.51,642.70,648.96,655.15,660.63,665.58,670.70,677.74,682.81,687.50,692.22,696.80,702.87,710.61,718.76,726.14,731.92,736.62,740.22,742.85,744.84,744.24,742.41,739.56,735.04,728.87,723.21,717.12,710.26,704.29,700.14,701.13,706.34,712.47,717.58,721.30,724.58,728.30,732.79,737.03,740.12,741.77,742.11,740.85,738.31,735.15,732.10,729.80,728.51,727.71,726.91,725.36,723.55,721.41,718.80,715.26,710.93,706.35,701.96,698.17,695.21,692.38,689.53,686.31,681.87,676.98,671.46,665.37,658.95,653.25,647.63,641.93,636.39,631.78,627.42,622.72,617.50,611.79,605.72,599.50,594.12,590.67,588.97,587.91,587.03,586.25,585.59,584.91,584.53,584.70,585.65,586.63,587.64,588.76,590.03,591.37,593.04,594.80,596.59,598.56,601.79,606.62,611.87,616.54,621.42,626.34,631.68,637.17,641.36,644.44,647.28,649.73,651.14,652.45,653.87,655.39,656.98,658.59,660.59,663.00,665.67,668.37,671.39,674.79,678.58,682.61,685.74,688.72,691.70,694.68,697.58,700.77,705.05,710.13,715.28,720.30,726.34,733.10,740.16,746.77,751.92,755.93,758.95,761.02,762.90,765.24,767.69,769.82,771.87,774.86,778.89,784.04,790.12,795.69,802.20,809.25,815.44,821.13,826.94,833.37,840.23,845.30,850.66,856.57,862.61,867.80,873.25,878.83,884.51,890.59,898.29,903.89,908.47,912.76,916.89,921.40,925.84,930.06,934.02,937.90,941.76,945.60,949.36,952.94,956.01,958.85,961.59,964.29,967.13,970.03,972.65,974.47,975.53,976.07,976.46,976.92,977.64,979.04,980.83,983.14,986.36,989.27,992.82,996.59,999.82,1001.75,1002.50,1002.52,1002.06,1001.48,1001.22,1002.08,1003.80,1005.93,1008.07,1010.09,1011.94,1013.61,1015.20,1016.27,1017.17,1018.19,1019.67,1021.25,1024.26,1027.26,1029.01,1030.89,1032.95,1035.63,1039.35,1044.73,1051.16,1058.09,1065.18,1072.12,1078.34,1083.84,1088.65,1092.51,1094.91,1096.27,1097.12,1097.72,1098.21,1099.10,1100.64,1102.43,1104.06,1105.22,1105.30,1104.37,1102.57,1100.47,1099.73,1100.17
639.41,644.66,650.73,656.84,662.26,667.27,672.34,678.25,682.46,686.56,691.01,695.82,701.89,709.80,718.36,726.36,732.73,737.70,741.50,744.34,746.47,746.30,744.89,742.53,738.68,732.56,726.52,720.55,714.28,707.60,703.63,705.41,711.56,718.21,723.88,727.39,730.08,733.14,736.68,740.20,742.91,744.50,744.96,744.14,741.63,738.35,735.58,734.03,733.30,732.90,732.39,731.09,729.25,727.03,724.30,720.62,716.35,712.10,708.29,705.17,702.34,699.24,696.07,692.63,688.02,682.81,677.02,670.84,664.57,659.10,653.84,648.23,642.32,637.43,632.90,628.15,622.99,617.29,611.04,604.59,598.65,594.06,591.07,589.19,588.00,587.27,586.58,585.88,585.32,585.24,586.05,587.05,588.07,589.15,590.42,591.96,593.55,595.14,596.75,598.52,601.40,606.12,611.40,616.12,621.08,626.19,631.89,637.82,642.20,645.50,648.30,650.52,651.75,652.97,654.26,655.63,657.08,658.58,660.63,663.20,666.14,669.15,672.47,675.97,679.87,684.26,687.81,690.95,693.98,697.01,700.11,703.42,707.58,712.46,717.72,723.36,729.85,736.78,743.84,750.70,756.16,760.29,763.28,765.48,767.54,769.52,771.39,773.12,774.66,777.02,780.55,785.37,791.09,796.49,802.67,809.21,814.83,820.14,825.40,831.38,838.20,843.67,848.87,854.86,861.34,866.70,872.16,878.06,884.20,890.51,897.99,904.06,909.27,914.02,918.42,923.28,928.09,932.71,937.15,941.47,945.59,949.52,953.24,956.77,959.80,962.65,965.56,968.82,972.21,975.50,978.40,980.52,981.94,982.72,983.21,983.65,984.37,985.70,987.33,989.34,992.02,994.31,997.31,1000.71,1003.89,1005.87,1006.84,1007.11,1006.85,1006.49,1006.59,1007.60,1009.37,1011.68,1014.01,1015.88,1017.36,1018.61,1019.93,1020.99,1021.93,1022.98,1024.58,1026.58,1029.90,1033.01,1034.68,1036.38,1038.08,1040.29,1043.42,1048.01,1053.76,1060.26,1067.18,1074.22,1080.76,1086.44,1091.45,1095.67,1098.48,1100.52,1101.93,1102.89,1103.63,1104.42,1105.65,1107.15,1108.68,1109.95,1110.27,1109.58,1107.99,1106.02,1105.30,1105.87
643.12,648.52,654.25,660.02,665.25,670.34,675.41,680.03,683.34,686.58,690.41,695.44,701.73,709.73,718.46,726.86,733.61,738.71,742.78,746.01,748.34,748.84,747.85,745.70,742.17,736.73,730.02,723.92,718.56,711.32,708.08,710.92,717.85,724.58,730.11,733.20,735.34,737.82,740.49,743.10,745.57,747.53,748.09,747.58,745.15,741.89,739.50,738.45,738.03,737.72,737.24,736.28,734.63,732.54,729.88,726.22,722.31,718.83,715.94,713.50,710.31,706.25,702.25,698.34,693.67,688.14,681.97,675.80,670.39,665.28,660.49,655.04,648.71,643.25,638.26,633.37,628.31,622.66,616.12,609.55,603.51,598.41,593.99,590.92,589.11,588.27,587.57,586.88,586.19,585.88,586.47,587.47,588.49,589.50,590.62,592.05,593.57,595.11,596.66,598.35,601.11,605.78,611.07,615.85,620.93,626.32,632.44,638.80,643.37,646.88,649.38,651.14,652.37,653.55,654.77,656.02,657.30,658.71,660.89,663.69,666.89,670.25,673.82,677.42,681.41,685.99,689.95,693.23,696.28,699.39,702.78,706.13,710.16,714.95,720.46,726.54,732.99,739.70,746.76,754.32,760.05,764.21,767.29,769.92,772.19,773.72,775.02,776.59,777.97,779.82,782.85,787.27,792.40,797.56,803.34,809.37,814.77,819.89,824.68,830.00,836.26,842.19,847.22,853.19,859.98,865.57,871.07,877.34,883.95,890.39,897.43,904.00,909.93,915.14,919.83,924.90,930.00,935.00,939.90,944.69,949.12,953.19,956.90,960.43,963.52,966.48,969.64,973.50,977.61,981.30,984.42,986.79,988.49,989.45,989.97,990.35,991.21,992.42,993.64,994.88,996.39,998.27,1001.21,1004.57,1007.59,1009.66,1010.89,1011.36,1011.24,1011.15,1011.81,1013.14,1015.10,1017.72,1020.22,1021.79,1022.81,1023.61,1024.56,1025.68,1026.81,1028.05,1029.87,1032.36,1035.35,1037.93,1039.59,1041.57,1043.51,1045.57,1048.05,1051.62,1056.46,1062.39,1069.12,1076.38,1083.01,1088.79,1094.03,1098.64,1102.06,1104.88,1106.94,1108.24,1108.87,1109.43,1110.39,1111.78,1113.46,1114.94,1115.53,1115.13,1113.81,1112.02,1111.35,1112.07
648.27,653.81,659.09,664.01,668.92,673.91,678.64,682.10,684.99,688.09,691.88,697.16,704.27,711.95,719.95,727.97,734.41,739.58,743.92,747.62,750.63,752.03,751.30,748.94,745.35,740.84,733.97,727.46,722.38,716.93,714.58,718.23,725.71,731.69,735.95,738.33,739.95,741.69,743.80,746.09,748.74,751.30,752.38,752.41,750.72,748.04,745.58,744.70,744.35,743.88,743.01,741.73,739.94,737.55,734.64,731.51,728.76,726.47,724.37,722.07,718.68,713.86,708.59,703.34,698.25,692.59,686.54,680.87,676.50,671.99,667.62,662.49,656.21,650.09,644.23,638.81,633.56,627.74,621.19,614.40,608.02,602.61,597.84,594.01,591.13,589.31,588.57,587.87,587.17,586.72,586.95,587.86,588.84,589.84,590.93,592.20,593.57,595.05,596.60,598.24,600.70,605.43,610.93,615.78,621.06,626.83,633.32,639.87,644.20,647.95,650.34,651.75,652.94,654.15,655.35,656.55,657.79,659.08,661.49,664.54,667.99,671.74,675.50,679.44,683.72,688.29,691.91,695.11,698.20,701.37,704.73,708.11,712.56,717.94,723.63,729.35,735.18,741.73,749.40,757.50,763.05,767.38,771.16,774.49,776.76,778.25,779.45,780.80,782.20,784.00,786.58,790.17,794.59,799.83,805.58,811.28,816.21,820.88,825.25,829.98,835.55,841.45,846.37,852.16,858.83,864.62,870.16,876.63,883.55,890.14,896.81,904.11,910.60,915.73,920.60,925.90,931.38,936.84,942.06,947.20,951.69,955.80,959.75,963.52,966.90,970.37,974.13,978.22,982.48,986.42,989.72,991.93,993.37,994.15,994.62,995.12,996.26,997.64,998.85,999.87,1000.94,1002.66,1005.37,1008.44,1011.22,1013.17,1014.67,1015.55,1015.94,1016.49,1017.71,1019.49,1021.68,1024.10,1025.96,1026.89,1027.55,1028.34,1029.48,1030.43,1031.57,1033.07,1035.17,1037.86,1041.25,1044.44,1046.70,1048.68,1050.35,1051.81,1053.38,1055.89,1059.61,1064.67,1070.93,1078.17,1084.66,1090.79,1096.44,1101.38,1105.53,1108.82,1111.45,1113.44,1114.53,1115.37,1116.40,1117.68,1119.14,1120.41,1121.17,1121.06,1120.13,1119.07,1118.90,1119.70
652.94,658.31,663.00,667.21,672.04,676.93,681.18,683.97,686.72,689.94,693.92,699.33,706.97,714.21,721.42,728.94,735.05,740.24,744.81,749.00,752.94,755.28,755.08,752.78,748.90,744.67,738.23,731.60,726.10,721.98,720.98,725.32,732.73,737.82,740.97,742.86,744.18,745.42,747.30,749.77,752.80,755.83,757.34,757.82,756.90,754.95,752.66,751.69,751.22,750.57,749.44,747.85,745.89,743.11,739.94,737.56,735.82,734.33,732.58,730.04,726.42,721.15,714.91,708.40,702.75,697.03,691.24,686.04,682.32,678.27,674.17,669.33,663.31,656.70,649.89,643.81,638.30,632.39,625.89,618.89,612.20,606.59,601.88,597.67,593.98,591.20,590.04,589.02,588.20,587.62,587.47,588.25,589.16,590.15,591.28,592.44,593.69,595.05,596.51,598.12,600.27,605.04,610.76,615.77,621.20,627.32,634.08,640.67,644.90,648.74,651.06,652.31,653.51,654.74,655.92,657.11,658.33,659.67,662.29,665.54,669.19,673.30,677.32,681.46,685.79,690.13,693.48,696.63,699.84,703.16,706.51,710.07,714.85,720.58,726.39,731.70,736.98,743.46,751.74,760.12,765.76,770.49,774.94,778.72,781.14,782.84,784.32,785.89,787.50,789.35,791.60,794.50,798.43,803.52,809.02,814.33,818.76,823.00,826.99,831.24,836.19,841.64,846.37,851.84,858.10,863.87,869.38,876.10,883.30,889.87,896.32,904.24,911.17,916.20,921.22,926.69,932.48,938.30,943.81,949.13,953.68,957.89,962.10,966.17,969.92,973.87,978.10,982.32,986.76,991.01,994.47,996.46,997.66,998.38,998.89,999.50,1000.91,1002.40,1003.62,1004.57,1005.51,1007.16,1009.65,1012.42,1014.95,1016.87,1018.83,1020.43,1021.56,1022.56,1023.93,1025.67,1027.63,1029.52,1030.79,1031.79,1032.77,1033.85,1035.09,1035.91,1036.91,1038.38,1040.57,1043.40,1047.04,1050.66,1053.57,1055.84,1057.36,1058.34,1059.14,1060.66,1063.23,1067.29,1072.85,1079.80,1086.18,1092.63,1098.78,1104.24,1108.77,1112.35,1115.47,1118.07,1119.61,1120.92,1122.24,1123.65,1125.08,1126.16,1126.75,1126.70,1126.15,1125.77,1126.08,1126.97
656.39,661.06,665.02,668.89,674.06,678.91,682.55,685.43,688.31,691.89,696.26,701.61,709.17,715.90,722.47,729.52,735.45,740.60,745.32,750.00,755.15,758.44,759.23,757.51,753.12,748.03,742.83,736.65,729.81,725.61,726.59,731.50,737.89,742.14,744.80,746.65,748.02,749.19,751.29,754.57,758.17,761.35,763.04,763.80,763.49,762.36,760.74,759.38,758.50,757.73,756.68,754.97,752.87,749.72,746.40,744.94,743.72,742.31,740.20,736.93,733.01,727.75,721.13,713.76,707.45,701.73,696.27,691.38,687.59,683.69,679.59,674.97,669.42,662.60,654.84,648.01,642.24,636.41,629.97,622.83,615.92,610.23,605.93,601.88,597.93,594.44,592.30,590.43,589.27,588.57,588.06,588.61,589.43,590.44,591.64,592.81,593.99,595.15,596.39,597.97,599.84,604.58,610.51,615.80,621.27,627.67,634.52,640.98,645.45,649.14,651.42,652.77,654.06,655.30,656.48,657.64,658.90,660.54,663.34,666.69,670.44,674.84,679.22,683.32,687.22,691.01,694.43,697.69,701.13,704.77,708.21,712.20,717.02,722.52,728.33,733.39,738.42,744.96,753.65,761.92,768.23,773.68,778.56,782.37,785.24,787.49,789.68,792.21,794.27,796.21,798.29,800.88,804.72,809.20,814.02,818.71,822.73,826.61,830.26,834.19,838.71,843.14,847.52,852.50,858.04,863.39,868.73,875.80,883.31,889.60,896.06,904.34,911.57,916.65,921.76,927.34,933.24,939.25,945.05,950.34,955.02,959.45,963.88,968.28,972.48,976.73,981.09,985.45,990.27,994.91,998.53,1000.28,1001.45,1002.41,1003.13,1003.83,1005.41,1006.82,1007.98,1008.98,1010.05,1011.77,1014.08,1016.55,1018.88,1020.97,1023.70,1026.40,1028.53,1029.55,1030.42,1031.32,1032.28,1033.28,1034.27,1036.57,1038.98,1040.70,1041.74,1042.50,1043.22,1044.21,1046.07,1049.07,1052.45,1055.93,1059.39,1062.51,1064.26,1065.07,1065.40,1066.06,1067.52,1070.45,1075.01,1081.28,1087.65,1094.29,1101.05,1107.33,1111.64,1115.34,1118.81,1121.81,1123.63,1125.55,1127.46,1129.38,1131.17,1132.20,1132.12,1131.76,1131.54,1131.61,1132.20,1133.23
658.15,662.32,665.90,669.60,674.62,679.36,682.97,685.96,689.01,692.79,697.38,702.98,710.31,716.92,723.30,729.91,735.40,740.48,745.29,750.29,756.26,759.75,760.99,760.16,756.79,751.49,746.38,740.85,734.71,729.61,731.08,736.03,741.93,746.23,749.24,751.67,753.67,755.34,757.54,760.91,764.24,766.82,768.18,768.92,769.02,768.49,767.34,766.31,765.36,764.40,763.29,761.71,759.73,757.22,754.71,753.34,752.37,750.88,748.43,744.59,739.51,733.63,726.97,719.83,713.21,707.51,702.36,697.60,693.18,688.54,683.87,679.01,673.63,667.13,659.03,651.50,645.05,639.16,632.87,626.00,619.26,613.58,609.74,605.96,602.06,598.31,595.41,593.11,591.26,589.79,588.85,588.96,589.67,590.68,591.88,593.08,594.25,595.40,596.61,597.99,599.54,604.23,610.30,615.77,621.39,627.82,634.52,640.81,645.46,649.21,651.55,653.00,654.42,655.78,657.02,658.20,659.54,661.68,664.58,667.99,671.88,676.31,680.44,684.17,687.76,691.42,694.89,698.35,702.10,706.10,709.81,714.01,718.78,724.07,729.67,734.23,739.11,745.92,755.15,763.44,769.85,775.37,780.38,784.82,789.00,792.78,796.23,799.29,801.63,803.69,805.82,808.44,812.31,815.93,819.93,824.07,827.61,831.01,834.40,837.95,841.73,845.57,849.78,854.52,859.50,863.93,868.58,875.63,883.29,889.35,895.95,904.53,911.97,917.12,922.39,928.01,933.88,939.91,945.93,951.18,955.98,960.65,965.30,969.86,974.23,978.76,983.51,988.32,993.92,998.41,1001.51,1003.25,1004.58,1005.76,1006.85,1007.99,1009.74,1011.21,1012.37,1013.45,1014.93,1016.85,1019.11,1021.44,1023.66,1026.01,1028.67,1031.16,1033.05,1033.82,1034.43,1035.06,1035.77,1036.68,1038.16,1041.29,1044.40,1046.52,1047.86,1048.83,1049.73,1050.56,1051.31,1053.30,1056.41,1060.19,1064.32,1068.13,1070.55,1071.87,1072.44,1072.92,1073.60,1075.32,1078.45,1083.42,1089.41,1096.10,1103.17,1109.82,1113.89,1117.60,1121.55,1125.31,1127.82,1130.41,1133.11,1135.45,1136.89,1137.53,1137.37,1137.07,1136.95,1137.14,1137.99,1139.35
659.05,662.81,666.10,669.62,674.32,678.99,682.89,686.04,689.26,693.17,697.95,703.87,710.97,717.52,723.78,729.90,735.02,740.04,744.93,750.17,756.69,760.29,761.95,762.05,759.97,755.11,749.69,744.54,739.51,733.79,735.29,740.12,745.76,750.31,753.81,756.85,759.51,761.77,764.04,767.12,769.87,771.74,772.75,773.51,773.98,773.97,773.29,772.77,771.88,770.80,769.63,768.26,766.52,764.82,763.21,761.64,760.62,758.88,756.12,751.95,745.81,739.25,732.58,725.88,719.25,713.62,708.60,703.76,698.65,693.14,687.73,682.40,676.94,670.79,662.57,654.47,647.33,641.25,635.15,628.68,622.28,616.81,613.36,609.88,606.17,602.36,598.80,596.10,593.53,591.23,589.84,589.40,589.94,590.95,592.12,593.35,594.52,595.71,596.90,598.06,599.33,603.93,610.06,615.64,621.34,627.65,634.13,640.25,645.16,649.15,651.63,653.16,654.69,656.17,657.50,658.77,660.29,662.91,665.85,669.30,673.32,677.72,681.43,684.75,688.09,691.71,695.20,698.86,702.89,707.22,711.32,715.63,720.35,725.47,730.74,734.83,739.58,746.63,756.30,764.58,770.90,776.30,781.41,786.73,792.42,797.83,802.55,806.13,808.77,811.12,813.43,816.09,819.80,822.69,825.98,829.58,832.66,835.62,838.78,841.96,845.09,848.62,852.75,857.21,861.56,865.06,869.08,875.85,883.37,889.25,896.02,904.78,912.39,917.72,923.15,928.82,934.64,940.63,946.71,951.93,956.87,961.75,966.58,971.25,975.78,980.64,985.85,991.16,997.29,1001.48,1004.03,1005.90,1007.46,1008.92,1010.45,1012.13,1014.01,1015.58,1016.74,1017.92,1019.90,1022.05,1024.35,1026.59,1028.73,1031.21,1033.58,1035.56,1036.94,1037.51,1038.03,1038.65,1039.44,1040.63,1042.74,1046.24,1049.59,1051.96,1053.78,1055.10,1056.30,1057.08,1056.73,1057.45,1060.13,1064.13,1068.78,1073.10,1076.37,1078.58,1079.83,1080.45,1080.56,1081.17,1082.85,1086.31,1091.64,1098.40,1105.56,1112.02,1115.89,1119.76,1124.23,1128.76,1132.06,1135.27,1138.56,1141.12,1142.15,1142.45,1142.45,1142.39,1142.40,1142.66,1143.72,1145.34
658.75,662.24,665.15,668.30,672.65,677.46,682.03,685.56,688.94,692.97,697.93,704.10,711.06,717.37,723.18,728.75,733.96,739.01,744.02,749.40,755.86,760.19,762.77,763.56,762.01,759.18,753.36,747.41,742.65,738.24,739.82,744.50,750.08,754.61,758.17,761.21,763.99,766.51,768.84,771.15,773.17,774.77,775.99,777.13,778.05,778.60,778.58,778.45,777.71,776.74,775.71,774.55,773.22,771.79,770.23,768.43,766.62,764.21,761.28,757.46,751.51,744.68,737.76,731.12,725.12,719.64,714.16,708.68,703.36,697.53,691.39,685.28,679.29,672.87,664.62,656.42,648.97,642.42,636.56,630.44,624.60,619.90,616.56,613.34,609.99,606.35,602.26,598.77,595.75,593.19,591.28,590.15,590.39,591.32,592.49,593.71,594.89,596.02,597.13,598.18,599.26,603.68,609.69,615.23,620.59,626.60,632.80,638.83,644.36,649.04,651.78,653.29,654.83,656.36,657.80,659.35,661.33,664.13,667.06,670.52,674.59,678.99,682.39,685.52,688.72,692.11,695.58,699.31,703.42,707.94,712.62,716.95,721.69,726.75,731.56,735.52,740.15,747.06,756.57,764.67,770.88,776.28,781.68,788.02,795.02,801.24,806.64,811.24,814.50,817.67,820.41,822.71,825.49,828.36,831.44,834.54,837.27,840.08,843.01,845.99,849.09,852.85,856.93,860.73,864.06,867.12,871.37,877.36,883.83,889.68,896.58,905.18,912.93,918.80,924.31,930.06,935.98,941.89,947.55,952.81,957.90,962.89,967.78,972.55,977.46,982.86,988.63,994.19,999.61,1003.46,1006.15,1008.34,1010.20,1012.17,1014.29,1016.44,1018.27,1019.90,1021.05,1022.31,1024.82,1027.18,1029.62,1031.88,1033.84,1035.94,1038.13,1039.99,1041.34,1042.16,1042.91,1043.78,1045.03,1046.97,1049.37,1052.14,1054.82,1057.19,1059.54,1061.43,1062.87,1063.61,1063.07,1062.94,1064.68,1068.04,1072.57,1076.91,1081.20,1084.89,1087.54,1088.71,1088.69,1088.66,1089.24,1091.16,1095.27,1102.30,1109.09,1113.91,1117.69,1122.36,1127.40,1132.25,1136.27,1139.86,1142.73,1144.91,1146.26,1146.74,1147.15,1147.56,1147.97,1148.47,1149.65,1151.03
657.51,660.86,663.64,666.53,670.36,675.21,680.56,684.49,688.12,692.27,697.26,703.39,710.53,716.78,722.29,727.43,732.34,737.45,742.70,748.31,754.74,759.71,762.99,764.48,763.75,761.80,756.82,750.89,745.48,741.78,743.74,748.47,753.89,758.18,761.54,764.47,767.19,769.73,772.03,774.06,775.88,777.61,779.48,781.27,782.72,783.74,784.20,784.14,783.38,782.36,781.31,780.20,779.03,777.59,775.84,773.74,771.28,768.39,765.19,761.42,756.08,749.15,741.97,735.30,729.79,724.73,718.88,712.69,706.99,700.73,694.02,687.34,680.85,674.03,665.76,657.44,649.71,643.01,637.23,631.77,626.86,622.94,619.62,616.45,613.19,609.63,605.40,601.24,597.77,595.08,593.17,591.68,591.27,591.69,592.71,593.86,594.99,596.09,597.13,598.13,599.16,603.20,608.95,614.62,619.62,625.10,630.85,636.75,642.72,648.42,651.80,653.55,655.32,656.91,658.45,660.23,662.48,665.19,668.08,671.57,675.65,679.89,683.12,686.20,689.36,692.63,696.03,699.78,703.97,708.64,713.71,718.36,723.13,727.97,732.41,736.34,741.07,747.88,756.94,764.60,770.69,776.05,781.53,788.42,796.11,802.98,809.05,814.46,818.59,822.38,825.60,828.18,830.81,833.71,836.68,839.58,842.25,845.01,847.86,850.76,853.86,857.61,861.31,864.52,867.44,870.95,875.47,880.61,886.09,891.90,898.52,906.44,913.98,920.31,925.98,931.69,937.56,943.42,948.95,954.20,959.30,964.31,969.32,974.48,979.92,985.63,991.44,996.95,1001.62,1005.31,1008.28,1010.68,1012.81,1015.07,1017.40,1019.64,1021.52,1023.23,1024.67,1026.37,1029.29,1032.02,1034.58,1036.98,1039.23,1041.42,1043.79,1045.85,1047.38,1048.43,1049.28,1050.11,1051.25,1053.04,1055.26,1057.62,1060.06,1062.62,1065.34,1067.68,1069.37,1070.20,1069.83,1069.45,1070.30,1072.63,1076.58,1081.23,1086.07,1090.36,1093.61,1095.26,1095.58,1095.53,1095.67,1096.72,1099.84,1105.97,1111.84,1115.85,1119.88,1125.07,1130.36,1135.36,1139.99,1143.83,1146.72,1148.98,1150.71,1151.50,1152.11,1152.69,1153.25,1153.84,1154.99,1156.07
655.55,658.83,661.66,664.41,667.65,672.40,678.42,682.87,686.88,691.19,696.06,701.94,709.40,715.73,721.12,725.98,730.31,735.47,741.03,746.94,753.42,758.97,762.79,764.99,765.37,763.39,760.04,754.75,748.11,744.54,747.05,751.97,757.17,761.03,764.04,766.79,769.40,771.79,774.00,776.17,778.25,780.43,783.21,785.83,787.84,789.26,790.05,789.90,789.02,787.86,786.60,785.36,784.06,782.39,780.32,777.88,774.91,771.65,768.10,764.08,759.55,752.63,745.23,738.53,733.36,728.81,722.69,715.77,709.58,702.82,695.68,688.58,681.63,674.40,666.10,657.62,649.68,643.17,637.49,632.90,629.11,625.85,622.50,619.25,615.93,612.35,608.28,603.58,599.63,596.83,595.25,593.65,592.43,592.10,592.89,593.88,594.93,595.95,596.94,597.94,599.00,602.53,607.90,613.87,618.46,623.26,628.48,634.18,640.38,647.24,651.53,653.82,655.96,657.71,659.38,661.33,663.70,666.14,668.96,672.47,676.55,680.51,683.72,686.83,690.02,693.28,696.61,700.36,704.63,709.47,714.76,719.87,724.66,729.16,733.34,737.33,742.34,749.07,757.44,764.46,770.41,775.69,781.06,788.08,795.89,803.23,809.94,816.00,821.18,825.51,829.32,832.73,835.81,838.73,841.65,844.57,847.41,850.19,853.10,856.07,859.19,862.78,865.93,868.72,871.75,876.31,881.04,885.43,890.05,895.71,901.74,908.68,915.73,922.34,928.17,933.72,939.41,945.22,950.83,956.02,961.04,966.04,971.23,976.99,983.01,988.80,994.25,999.44,1003.49,1007.14,1010.37,1012.87,1015.25,1017.57,1019.79,1021.88,1023.88,1025.71,1027.71,1030.16,1033.37,1036.51,1039.18,1041.83,1044.76,1047.48,1050.32,1052.76,1054.60,1055.86,1056.66,1057.23,1057.84,1058.84,1060.55,1062.78,1065.36,1068.21,1071.15,1073.78,1075.70,1076.76,1076.83,1076.74,1076.90,1078.04,1081.06,1086.06,1091.00,1095.23,1098.47,1100.50,1101.44,1101.80,1102.03,1102.75,1105.07,1109.44,1113.97,1117.89,1122.42,1127.85,1133.14,1138.19,1143.33,1147.46,1150.75,1153.44,1155.49,1156.63,1157.29,1157.80,1158.28,1158.81,1159.72,1160.46
653.13,656.26,659.14,661.91,665.05,669.23,674.64,680.35,685.33,689.90,694.53,700.05,707.24,713.72,719.33,724.15,728.25,733.28,739.03,745.35,752.08,758.35,762.84,765.82,767.30,765.63,762.84,757.73,750.62,746.74,749.42,754.56,759.65,762.80,765.64,768.37,770.98,773.40,775.71,778.04,780.66,783.63,786.84,790.10,792.74,794.63,795.63,795.79,795.23,794.06,792.31,790.33,788.36,786.29,784.02,781.30,777.85,774.00,769.92,765.58,761.11,754.31,747.10,740.61,735.46,730.94,724.48,716.97,710.33,703.50,696.03,688.37,680.86,673.52,665.11,656.53,648.79,643.34,638.62,634.73,631.32,628.13,624.88,621.73,618.50,615.01,611.07,606.17,601.58,598.09,596.34,594.58,593.19,592.74,593.47,594.32,595.14,595.90,596.70,597.70,598.73,601.72,606.72,613.00,617.14,621.34,626.10,631.50,637.38,644.72,650.05,653.35,655.80,658.09,660.23,662.44,664.82,667.14,669.83,673.28,677.31,681.21,684.57,687.77,690.96,694.22,697.58,701.53,706.01,711.06,716.59,721.59,726.26,730.69,734.78,738.99,744.30,750.73,757.95,764.41,770.11,775.25,780.50,787.17,794.27,801.57,808.72,815.40,821.63,827.26,832.40,836.79,839.93,842.87,845.84,848.85,851.77,854.54,857.63,861.00,864.55,868.16,871.44,874.52,878.03,883.19,887.82,892.13,896.41,901.10,906.71,913.22,919.73,925.78,931.34,936.57,942.00,947.60,953.04,958.19,963.25,968.46,974.07,980.20,986.38,991.99,996.95,1001.68,1005.85,1009.24,1012.04,1014.50,1016.98,1019.25,1021.36,1023.41,1025.51,1027.53,1030.32,1033.73,1037.10,1040.06,1042.86,1045.94,1049.60,1053.43,1056.69,1059.38,1061.46,1062.78,1063.52,1063.90,1064.19,1064.75,1066.20,1068.30,1070.94,1073.98,1076.81,1079.33,1081.30,1082.67,1083.47,1084.40,1084.97,1085.68,1087.49,1091.39,1096.05,1100.44,1103.97,1106.02,1107.18,1107.79,1108.20,1108.84,1110.32,1113.13,1116.51,1120.30,1125.25,1130.60,1135.87,1141.11,1146.63,1151.86,1155.74,1158.53,1160.46,1161.63,1162.30,1162.78,1163.15,1163.32,1163.40,1163.64
650.46,653.56,656.49,659.32,662.46,666.23,671.05,677.34,683.04,688.09,692.83,698.00,704.57,711.19,717.27,722.37,726.32,730.96,736.73,743.53,750.70,757.70,762.97,766.74,769.02,767.91,765.36,760.47,753.48,748.92,751.55,756.66,761.51,764.22,767.02,769.74,772.33,774.79,777.20,779.83,783.00,786.65,790.29,794.07,797.11,799.29,800.53,801.14,801.09,800.11,798.03,795.36,792.62,790.04,787.45,784.34,780.36,775.91,771.26,766.56,761.93,755.11,748.02,741.71,736.55,731.98,725.29,717.38,710.23,703.45,695.54,687.30,679.46,672.33,664.06,655.78,648.65,644.26,640.42,636.99,633.69,630.38,627.15,624.10,620.98,617.62,613.77,608.72,603.50,599.26,597.16,595.30,593.88,593.43,594.15,594.90,595.58,596.20,596.86,597.76,598.62,600.79,605.26,612.08,615.92,619.55,623.85,628.88,634.26,641.37,647.84,652.66,655.41,658.36,660.95,663.34,665.69,667.96,670.62,674.00,677.93,681.81,685.34,688.76,692.16,695.56,699.08,703.11,707.69,712.87,718.51,723.33,727.87,732.27,736.50,741.24,746.89,753.02,759.24,765.16,770.37,775.19,780.22,786.48,792.86,799.91,807.35,814.69,821.74,828.45,834.67,839.87,843.12,846.13,849.30,852.56,855.67,858.70,862.13,865.85,869.68,873.36,876.96,880.65,884.83,890.10,894.55,898.83,903.02,907.21,912.54,918.54,924.45,929.95,935.20,940.04,945.13,950.49,955.78,960.91,966.06,971.49,977.42,983.72,989.85,995.18,999.72,1003.98,1008.11,1011.19,1013.61,1016.00,1018.49,1020.66,1022.68,1024.69,1026.84,1029.21,1032.75,1036.89,1040.18,1042.94,1045.87,1049.46,1054.01,1058.73,1062.33,1065.27,1067.62,1069.04,1069.74,1070.04,1070.20,1070.55,1071.78,1073.73,1076.24,1079.12,1081.62,1083.98,1086.10,1087.89,1089.35,1091.11,1092.19,1092.95,1094.14,1097.02,1101.39,1105.85,1109.50,1111.44,1112.62,1113.34,1113.86,1114.44,1115.31,1117.08,1119.65,1123.23,1128.30,1133.54,1138.79,1144.23,1150.33,1156.52,1160.81,1163.57,1165.30,1166.42,1167.08,1167.54,1167.80,1167.71,1167.17,1166.84
647.53,650.77,653.76,656.68,659.88,663.70,668.36,673.76,679.53,685.37,690.92,695.84,701.35,708.06,714.95,720.83,724.66,728.48,734.00,741.37,749.25,756.94,763.14,767.70,770.22,770.05,767.54,763.11,757.04,751.27,753.57,758.21,762.50,765.38,768.29,770.98,773.51,775.98,778.39,781.54,785.20,789.21,793.44,797.56,800.58,802.69,804.31,805.47,806.09,805.62,803.66,800.53,797.09,793.84,790.66,786.93,782.37,777.35,772.15,766.99,762.06,754.95,747.73,741.47,736.35,731.66,725.03,717.03,709.23,702.57,694.02,685.18,677.48,671.01,663.36,656.09,650.20,646.54,643.15,639.79,636.34,632.81,629.43,626.38,623.38,620.18,616.36,611.12,605.38,600.46,597.87,596.03,594.60,594.14,594.89,595.60,596.34,597.09,597.79,598.39,598.84,599.67,603.35,611.09,614.94,618.05,621.82,626.45,631.12,636.97,644.69,651.87,654.91,658.56,661.45,663.87,666.13,668.40,671.25,674.63,678.36,682.21,685.85,689.75,693.73,697.51,701.42,705.25,709.64,714.83,720.34,725.06,729.44,733.80,738.52,744.36,750.38,756.28,761.93,767.30,771.68,775.87,780.51,786.38,792.29,798.95,806.43,814.53,822.01,829.08,835.69,841.35,844.93,848.13,851.72,855.50,858.97,862.84,866.82,870.69,874.39,878.15,882.13,886.77,891.87,896.55,900.73,904.88,909.25,914.08,919.32,924.45,929.65,934.97,940.01,944.35,948.99,954.09,959.33,964.46,969.77,975.41,981.43,987.56,993.38,998.40,1002.63,1006.49,1010.03,1012.82,1015.15,1017.49,1019.84,1021.90,1023.82,1025.74,1027.88,1030.87,1035.00,1039.38,1042.20,1044.97,1047.99,1052.16,1057.90,1062.87,1066.70,1069.94,1072.64,1074.24,1074.97,1075.39,1075.71,1076.10,1077.09,1078.82,1080.89,1083.03,1084.93,1087.20,1089.68,1092.07,1094.02,1095.93,1097.37,1098.73,1100.52,1103.00,1107.20,1111.48,1114.82,1116.57,1117.55,1118.17,1118.64,1119.14,1119.80,1121.40,1123.74,1126.97,1131.68,1136.84,1142.06,1147.73,1154.81,1161.40,1165.69,1168.30,1169.86,1170.87,1171.51,1171.91,1172.11,1172.06,1171.44,1170.50
644.66,648.37,651.81,654.84,657.88,661.55,666.17,671.45,676.93,682.69,688.44,693.57,698.60,704.96,711.85,718.13,722.67,726.60,731.85,738.98,747.43,755.86,763.52,769.18,771.14,771.07,769.05,765.04,759.14,753.40,755.55,759.66,763.36,766.32,769.23,771.99,774.63,777.20,779.88,783.37,787.28,791.47,795.94,799.83,802.79,805.13,807.09,808.49,809.33,809.23,807.82,805.16,801.01,796.92,793.13,788.91,783.61,778.02,772.39,766.78,761.35,753.96,746.80,740.82,735.61,730.34,723.60,715.72,707.63,700.37,692.05,684.09,677.46,671.51,664.86,658.63,653.41,649.50,645.93,642.38,638.78,635.18,631.69,628.52,625.54,622.56,619.05,613.86,607.86,602.30,598.74,596.80,595.33,594.83,595.59,596.29,597.02,597.73,598.39,598.87,599.08,599.47,602.79,610.51,613.96,616.75,620.07,624.11,628.46,633.63,640.79,648.38,653.62,657.97,661.27,664.01,666.47,668.83,671.86,675.22,678.80,682.64,686.40,690.55,694.89,699.06,702.97,706.72,711.15,716.44,721.74,726.50,731.26,736.22,741.60,748.03,754.34,760.07,765.07,769.78,773.69,777.72,782.31,787.69,793.09,799.64,807.16,815.11,822.50,829.36,835.94,841.77,845.51,849.34,853.67,858.06,861.72,865.66,869.65,873.57,877.40,881.37,885.57,890.46,895.76,900.41,904.71,909.34,914.29,919.42,924.37,929.44,934.63,939.80,944.48,948.40,952.73,957.60,962.67,967.74,973.11,978.77,984.67,990.68,996.30,1001.01,1004.87,1008.43,1011.53,1014.20,1016.63,1018.95,1021.11,1023.07,1024.96,1026.89,1029.01,1032.42,1036.64,1040.76,1043.54,1046.39,1049.88,1054.54,1060.53,1066.04,1070.65,1074.40,1077.22,1078.97,1080.08,1080.81,1081.35,1081.90,1082.82,1084.17,1085.65,1087.13,1088.69,1090.90,1093.45,1096.10,1098.66,1101.06,1102.89,1104.67,1106.92,1109.68,1113.60,1117.45,1120.44,1121.99,1122.49,1122.77,1123.11,1123.61,1124.30,1126.25,1129.11,1132.76,1137.29,1142.04,1147.79,1154.47,1161.25,1166.47,1169.88,1172.11,1173.53,1174.54,1175.32,1175.91,1176.29,1176.36,1175.89,1174.94
642.48,646.65,650.60,653.81,656.73,660.30,664.97,670.20,675.13,680.39,685.97,691.39,696.17,702.01,708.62,715.25,720.63,724.96,729.94,736.59,745.58,754.81,763.90,770.57,771.95,771.78,770.28,766.62,760.73,755.40,757.36,760.94,764.14,767.16,770.09,772.96,775.73,778.44,781.46,785.15,789.20,793.51,798.05,801.57,804.50,807.10,809.31,810.83,811.77,811.95,811.10,809.05,804.43,799.57,795.08,790.42,784.44,778.35,772.31,766.24,760.12,752.51,745.56,739.91,734.57,728.72,721.84,714.14,706.02,698.18,690.58,683.91,678.40,672.82,667.14,661.84,657.01,652.60,648.66,644.86,641.16,637.64,634.18,630.88,627.82,624.93,621.77,616.75,610.64,604.48,599.76,597.64,596.13,595.56,596.21,596.88,597.55,598.17,598.73,599.15,599.30,599.74,602.96,610.20,613.19,615.73,618.62,622.02,626.16,630.82,636.89,644.15,651.66,656.77,660.61,663.77,666.48,669.08,672.30,675.68,679.15,683.01,686.90,691.24,695.84,700.32,704.11,707.83,712.35,717.73,722.87,727.79,733.07,738.76,744.80,751.66,758.12,763.67,768.13,772.22,775.88,779.99,784.74,789.74,794.70,801.18,808.64,816.20,823.21,829.66,836.02,841.88,845.72,850.23,855.32,860.25,863.99,867.73,871.58,875.51,879.55,883.71,888.07,892.97,898.23,903.06,907.69,912.90,918.45,923.83,928.61,933.87,939.23,944.29,948.54,952.09,956.11,960.73,965.60,970.61,976.01,981.62,987.36,993.25,998.68,1003.14,1006.72,1010.04,1012.81,1015.44,1018.00,1020.37,1022.39,1024.28,1026.18,1028.15,1030.35,1033.98,1038.01,1041.75,1044.60,1047.50,1051.52,1056.60,1062.59,1068.79,1074.23,1078.42,1081.25,1083.13,1084.77,1086.01,1086.96,1087.76,1088.74,1089.72,1090.65,1091.60,1092.94,1095.08,1097.62,1100.44,1103.58,1106.43,1108.61,1110.72,1113.38,1116.65,1120.30,1123.64,1126.23,1127.57,1127.61,1127.61,1127.90,1128.49,1129.33,1131.73,1135.17,1139.36,1144.06,1148.61,1154.82,1162.10,1167.85,1171.33,1173.75,1175.60,1176.94,1178.01,1178.97,1179.80,1180.40,1180.63,1180.38,1179.61
642.90,647.09,651.21,654.85,658.04,661.95,666.86,671.34,675.19,679.44,684.32,689.64,694.38,699.65,705.93,713.10,718.91,723.44,728.23,734.59,744.15,754.31,764.00,770.99,772.64,772.75,771.25,767.71,762.20,757.13,758.53,761.67,764.80,767.92,771.05,774.01,776.84,779.71,782.97,786.58,790.66,795.10,799.45,802.90,805.89,808.51,810.60,812.23,813.40,813.75,812.87,810.80,806.60,801.44,796.08,790.93,784.72,778.25,771.80,765.28,757.96,750.42,743.90,738.53,733.08,727.16,720.29,712.77,705.11,697.76,691.52,685.89,680.49,674.90,669.60,664.67,660.01,655.41,651.12,647.14,643.57,640.50,637.49,634.26,630.86,627.47,624.46,619.84,613.85,607.20,601.18,598.65,597.15,596.43,596.62,597.12,597.61,598.07,598.51,598.92,599.41,600.68,604.18,610.36,613.20,615.56,617.98,620.76,624.62,628.77,634.02,640.55,648.15,654.26,659.00,662.60,665.35,668.69,672.17,675.64,679.17,683.05,687.10,691.66,696.44,700.97,704.67,708.44,712.94,718.26,723.58,728.82,734.53,740.67,747.15,754.36,760.59,765.87,770.31,774.13,777.89,782.42,787.67,792.81,797.69,803.82,810.94,818.30,824.48,830.44,836.48,842.15,846.08,850.87,856.38,861.62,865.13,868.64,872.47,876.45,880.51,884.72,889.17,894.05,899.27,904.40,909.63,915.06,920.74,926.64,931.95,937.32,942.69,947.68,951.40,954.68,958.30,962.47,967.22,972.29,977.70,983.29,988.91,994.62,999.83,1004.27,1007.95,1011.11,1013.83,1016.45,1019.09,1021.67,1023.79,1025.73,1027.67,1029.78,1032.40,1035.64,1039.18,1042.62,1045.42,1048.25,1052.41,1057.78,1064.17,1071.16,1076.93,1081.06,1083.69,1085.71,1087.99,1090.33,1092.29,1093.50,1094.85,1095.71,1096.39,1097.20,1098.51,1100.41,1103.06,1106.24,1109.56,1112.36,1114.60,1116.97,1120.09,1123.90,1127.42,1130.29,1132.32,1133.35,1133.38,1133.64,1134.33,1135.30,1136.36,1138.90,1142.30,1146.51,1152.37,1157.94,1163.63,1168.98,1172.59,1175.20,1177.33,1179.09,1180.44,1181.63,1182.74,1183.70,1184.43,1184.85,1184.75,1184.18
644.23,648.37,652.58,656.52,660.41,664.78,669.56,673.37,676.64,680.54,685.17,690.09,694.41,699.07,704.70,711.39,717.17,722.13,727.28,733.86,743.79,754.61,764.44,771.37,773.32,773.60,772.03,768.67,763.65,758.67,759.48,762.31,765.48,768.70,772.18,775.27,778.12,781.01,784.20,787.75,791.85,796.34,800.50,804.00,807.18,809.95,812.00,813.71,815.04,815.42,814.39,812.12,808.10,802.70,796.62,790.81,784.55,777.73,770.73,763.63,755.60,748.47,742.43,737.19,731.88,726.13,719.74,712.89,705.86,699.01,693.47,688.25,682.70,677.04,671.88,667.08,662.47,657.86,653.46,649.49,646.06,643.35,640.83,637.90,634.41,630.60,627.23,622.79,617.09,610.48,603.78,600.08,598.26,597.41,597.22,597.54,597.96,598.39,598.87,599.62,600.79,602.72,605.95,610.54,613.22,615.50,617.72,620.21,623.79,627.56,632.23,637.95,644.65,650.66,655.90,660.25,663.82,667.72,671.48,675.05,678.62,682.58,687.09,691.89,696.72,701.22,704.88,708.61,713.05,718.32,723.72,729.24,735.20,741.59,748.35,755.91,762.07,767.19,771.63,775.40,779.45,784.34,789.94,795.45,800.66,806.76,813.58,820.42,825.91,831.78,837.69,843.05,847.03,851.69,857.15,862.39,865.79,869.16,872.99,877.04,881.13,885.41,889.95,894.81,899.98,905.43,911.06,916.71,922.51,928.57,934.10,939.51,944.82,949.63,952.89,955.85,959.11,962.91,967.56,972.68,978.16,983.82,989.53,995.10,1000.31,1004.91,1008.80,1011.85,1014.58,1017.26,1020.04,1022.88,1025.20,1027.21,1029.32,1031.73,1034.51,1037.34,1040.41,1043.55,1046.32,1049.23,1053.53,1059.17,1066.07,1073.32,1078.92,1082.87,1085.53,1087.86,1090.96,1094.11,1096.62,1097.93,1099.19,1100.27,1101.12,1101.95,1103.55,1105.64,1108.67,1112.24,1115.36,1118.11,1120.52,1123.20,1126.68,1130.53,1133.74,1136.14,1137.75,1138.75,1139.05,1139.60,1140.58,1141.96,1143.31,1145.98,1149.45,1153.74,1159.69,1165.18,1170.00,1173.94,1176.48,1178.56,1180.50,1182.32,1183.88,1185.29,1186.44,1187.42,1188.19,1188.69,1188.80,1188.52
646.27,650.33,654.59,658.82,663.63,668.46,672.80,676.18,679.38,683.52,688.28,692.59,696.27,700.33,705.04,710.43,715.78,721.31,727.32,734.57,744.59,755.72,765.26,771.78,773.97,774.35,772.71,769.58,765.14,760.14,760.34,762.89,766.18,769.51,773.41,776.68,779.53,782.33,785.23,788.73,792.84,797.29,801.34,805.00,808.44,811.45,813.57,815.34,816.74,817.06,815.76,813.13,809.02,803.38,796.76,790.15,783.94,776.84,769.25,761.59,753.42,747.01,741.46,736.29,731.34,725.91,720.29,714.43,708.10,701.63,696.13,690.72,684.88,679.08,673.93,669.14,664.57,660.16,655.94,652.11,648.85,646.31,644.17,641.67,638.34,634.24,630.13,625.63,620.32,614.15,607.36,602.04,599.59,598.53,598.04,598.15,598.59,599.09,599.75,601.05,603.06,605.34,607.86,610.64,613.16,615.49,617.75,620.23,623.59,627.14,631.39,636.25,641.42,646.41,651.65,656.88,661.78,666.12,670.21,673.94,677.51,681.63,686.76,691.84,696.65,701.10,704.75,708.37,712.71,717.93,723.35,729.04,735.11,741.55,748.48,756.36,762.63,767.76,772.21,776.07,780.51,785.69,791.48,797.49,803.30,809.68,816.27,822.38,827.42,833.54,839.49,844.46,848.48,852.74,857.75,862.70,866.07,869.41,873.26,877.36,881.51,885.86,890.48,895.32,900.46,906.20,912.03,917.89,923.78,929.62,935.07,940.39,945.55,950.11,953.04,955.69,958.63,962.16,966.70,971.87,977.44,983.28,989.24,994.76,1000.17,1005.10,1009.25,1012.34,1015.11,1017.90,1020.88,1024.03,1026.62,1028.72,1031.05,1033.84,1036.53,1038.99,1041.70,1044.57,1047.34,1050.52,1054.95,1060.88,1068.26,1075.28,1080.33,1084.03,1086.91,1089.75,1093.74,1097.34,1099.89,1101.04,1101.91,1103.42,1104.76,1105.79,1107.94,1110.57,1114.17,1118.07,1120.74,1123.51,1126.21,1129.27,1132.98,1136.41,1139.14,1141.12,1142.46,1143.64,1144.44,1145.23,1146.37,1148.17,1149.87,1152.67,1156.33,1160.75,1165.84,1170.28,1174.05,1177.20,1179.63,1181.44,1183.29,1185.22,1187.11,1188.78,1189.92,1190.85,1191.63,1192.15,1192.54,1192.62
648.97,653.04,657.56,662.60,667.55,672.18,676.36,680.11,684.04,688.28,692.62,696.65,700.53,704.37,708.36,712.68,717.53,723.16,730.13,738.49,747.81,758.37,766.74,772.24,774.58,775.32,773.63,770.75,766.98,762.08,761.44,763.55,766.95,770.40,774.40,777.91,780.93,783.63,786.36,789.70,793.75,798.28,802.55,806.57,809.97,812.79,815.13,817.19,818.54,818.67,817.07,813.75,809.36,803.41,796.23,788.82,782.57,775.55,768.15,761.00,753.82,748.09,743.14,738.54,733.92,728.56,723.09,717.42,711.19,704.65,698.60,692.64,686.48,680.27,675.40,671.18,667.24,663.51,660.02,656.63,653.43,650.57,647.89,645.25,642.04,638.04,633.51,628.77,623.50,617.51,610.85,605.25,602.02,600.13,599.05,598.83,599.15,599.75,600.62,601.97,603.63,605.52,607.66,610.12,612.75,615.37,617.88,620.52,623.94,627.48,631.28,635.32,639.45,643.72,648.11,652.82,657.93,663.06,667.85,672.06,675.87,679.97,685.21,690.56,695.73,700.46,703.99,707.56,711.83,716.94,722.32,728.07,734.08,740.42,747.37,755.35,761.98,767.50,772.20,776.17,780.70,785.97,791.88,798.09,804.13,810.73,817.40,823.37,828.51,835.08,841.15,845.84,850.03,854.15,858.63,862.97,866.20,869.50,873.44,877.65,881.85,886.08,890.64,895.48,900.66,906.49,912.39,918.13,923.67,929.00,934.13,939.09,943.79,947.96,951.31,954.02,956.79,960.03,964.27,969.67,975.38,981.34,987.54,993.39,999.10,1004.38,1009.00,1012.64,1015.59,1018.50,1021.75,1025.36,1028.05,1030.34,1032.69,1035.21,1037.69,1040.22,1042.99,1045.88,1048.75,1052.42,1057.05,1063.02,1070.42,1077.00,1081.45,1084.95,1088.18,1091.77,1096.20,1099.33,1101.24,1102.58,1103.67,1105.34,1106.92,1108.45,1111.32,1114.49,1118.09,1121.71,1124.55,1127.48,1130.79,1134.29,1137.71,1140.55,1142.88,1144.68,1146.02,1147.28,1148.33,1149.29,1150.59,1152.71,1154.82,1157.80,1161.46,1165.64,1170.10,1173.99,1177.20,1179.74,1181.66,1183.48,1185.36,1187.29,1189.16,1190.80,1192.16,1193.28,1194.22,1195.16,1195.87,1196.25
652.02,656.17,661.17,666.77,671.76,676.16,680.16,684.33,688.90,693.27,697.32,701.21,705.33,709.14,712.71,716.34,720.85,726.71,734.23,743.04,751.84,761.27,768.24,772.72,775.22,776.42,774.77,772.01,768.69,764.10,762.61,764.21,767.67,771.26,775.28,778.93,782.04,784.63,787.25,790.50,794.58,799.28,803.83,808.11,811.44,814.16,816.72,818.94,820.28,820.33,818.51,814.54,809.66,803.32,795.71,787.68,781.26,774.76,768.23,762.04,755.90,750.58,745.93,741.69,737.29,731.97,726.39,720.58,714.20,707.44,700.83,694.38,688.05,681.88,677.32,673.73,670.66,667.78,665.00,662.03,658.89,655.65,652.35,649.23,645.79,641.73,636.90,631.88,626.47,620.58,614.20,608.46,604.66,602.07,600.32,599.59,599.74,600.42,601.43,602.68,603.94,605.45,607.31,609.59,612.26,615.12,617.90,620.75,624.31,627.93,631.38,634.71,638.09,641.67,645.23,649.18,653.94,659.49,664.85,669.68,673.97,678.10,683.35,688.92,694.40,699.31,702.93,706.57,710.77,715.68,720.95,726.70,732.67,738.92,745.87,753.75,760.63,766.54,771.53,775.66,780.19,785.48,791.42,797.63,803.74,810.54,817.46,823.64,829.02,836.06,842.35,846.88,851.22,855.30,859.33,863.12,866.25,869.55,873.53,877.81,882.04,886.18,890.65,895.43,900.56,906.19,911.89,917.32,922.47,927.30,931.97,936.56,940.84,944.71,948.40,951.42,954.30,957.40,961.26,966.74,972.69,978.85,985.19,991.34,997.47,1003.26,1008.45,1012.65,1015.95,1019.09,1022.58,1026.55,1029.47,1031.96,1034.29,1036.57,1038.94,1041.60,1044.44,1047.38,1050.45,1054.54,1059.47,1065.44,1072.41,1078.45,1082.43,1085.75,1089.18,1093.21,1097.75,1100.43,1101.87,1103.36,1104.69,1106.39,1108.12,1110.09,1113.51,1117.19,1120.77,1124.14,1127.31,1130.88,1134.80,1138.52,1141.56,1144.01,1146.13,1147.87,1149.26,1150.53,1151.72,1152.71,1153.99,1156.19,1158.69,1161.95,1165.69,1169.74,1173.84,1177.20,1179.84,1181.86,1183.38,1185.17,1187.08,1188.98,1190.77,1192.35,1193.90,1195.25,1196.43,1197.75,1198.80,1199.48
655.47,659.86,665.69,671.10,676.25,680.64,684.33,688.65,693.38,697.98,702.24,706.13,710.20,714.19,717.91,721.47,726.03,732.60,739.80,747.49,756.49,764.06,769.46,773.25,775.93,777.73,776.23,773.33,769.99,766.12,763.84,764.84,768.27,771.99,776.08,779.62,782.57,785.07,787.58,790.96,795.28,800.26,805.08,809.33,812.71,815.60,818.35,820.38,821.86,822.11,820.28,815.85,810.15,803.28,795.48,787.23,780.41,775.15,770.55,765.78,760.30,754.87,749.86,745.32,740.96,735.69,729.79,723.44,716.64,709.58,702.65,695.98,689.84,684.74,680.39,677.35,675.34,673.44,671.11,668.42,665.37,661.89,658.18,654.12,649.77,645.14,640.09,634.76,629.04,623.15,617.32,611.09,607.23,604.49,602.06,600.47,600.42,601.13,602.14,603.22,604.48,605.95,607.54,609.31,611.75,614.67,617.67,620.77,624.49,628.28,631.56,634.46,637.37,640.27,643.41,646.73,650.45,655.50,661.01,666.60,671.82,676.09,681.35,687.09,692.63,697.38,701.53,705.47,709.60,714.15,719.19,724.90,730.89,737.18,744.07,751.58,758.40,764.47,769.75,774.16,778.64,783.86,789.73,795.63,801.64,808.64,816.02,822.86,828.51,836.02,842.64,847.26,851.64,855.74,859.56,863.07,866.25,869.55,873.47,877.68,881.93,886.16,890.50,895.11,899.97,904.94,909.88,914.78,919.59,924.12,928.16,932.43,936.56,940.32,943.88,947.59,951.09,954.35,957.75,962.91,969.25,975.82,982.10,988.35,995.09,1001.70,1007.63,1012.16,1016.10,1019.67,1023.32,1027.39,1030.86,1033.52,1035.87,1038.22,1040.73,1043.44,1046.20,1049.11,1052.58,1056.81,1062.25,1068.21,1074.04,1079.45,1083.22,1086.43,1089.69,1093.42,1097.55,1100.24,1101.84,1103.25,1104.57,1106.23,1108.00,1110.10,1113.68,1117.82,1121.62,1125.03,1128.63,1133.72,1138.13,1141.59,1144.25,1146.83,1149.07,1150.90,1152.35,1153.54,1154.70,1155.50,1156.38,1158.18,1161.05,1164.75,1168.85,1173.12,1177.38,1179.98,1181.83,1183.43,1184.91,1186.50,1188.36,1190.26,1191.96,1193.59,1195.14,1196.68,1198.19,1199.68,1201.07,1202.08
660.22,665.22,671.25,676.30,680.77,684.71,688.38,692.84,697.50,702.03,706.38,710.51,714.64,718.63,722.39,726.20,731.49,737.78,744.33,751.36,759.76,766.32,771.00,774.55,777.44,779.10,777.69,774.77,771.27,767.74,765.01,765.58,768.83,772.51,776.51,779.96,782.88,785.41,787.90,791.48,796.02,801.27,806.53,810.54,813.83,816.79,819.54,821.57,823.23,823.50,821.49,817.40,810.93,803.61,795.97,788.12,782.06,777.45,773.41,769.24,764.24,758.61,753.06,747.95,743.32,737.84,731.79,725.39,718.74,711.95,705.52,699.43,693.82,688.91,684.81,682.10,680.42,678.68,676.52,673.93,670.94,667.48,663.55,658.96,654.03,648.88,643.49,637.40,631.27,625.36,619.77,613.77,609.47,606.24,603.55,601.34,601.21,601.96,602.96,603.98,605.13,606.41,607.72,609.12,611.22,614.12,617.23,620.45,624.17,627.93,631.12,633.85,636.47,639.13,642.02,645.01,648.21,652.32,657.64,663.39,669.01,674.00,679.31,684.96,690.43,695.15,699.30,703.40,707.77,712.51,717.52,723.11,729.07,735.21,741.50,748.82,755.59,761.78,767.39,772.33,776.82,781.82,787.49,793.38,799.23,806.02,813.39,820.65,827.03,834.84,841.82,846.96,851.46,855.41,859.17,862.80,866.18,869.57,873.35,877.30,881.27,885.36,889.39,893.58,897.85,901.93,906.13,910.55,915.02,919.31,923.50,927.65,931.73,935.63,939.19,943.02,946.84,950.54,954.24,958.82,964.77,971.54,978.57,985.19,991.99,999.05,1005.95,1011.58,1016.34,1020.43,1024.37,1028.54,1032.12,1034.98,1037.51,1039.95,1042.60,1045.35,1048.26,1051.43,1055.10,1059.12,1064.42,1070.18,1075.56,1080.23,1083.62,1086.61,1089.71,1093.18,1096.56,1099.15,1101.02,1102.38,1103.82,1105.53,1107.35,1109.42,1112.59,1116.82,1120.90,1124.63,1128.71,1134.99,1139.82,1143.29,1146.08,1148.88,1151.35,1153.47,1155.21,1156.54,1157.55,1158.33,1159.30,1161.14,1164.33,1168.18,1172.36,1176.53,1179.73,1181.75,1183.35,1184.86,1186.36,1187.90,1189.61,1191.38,1193.07,1194.69,1196.34,1197.97,1199.59,1201.21,1202.81,1204.20
665.66,671.23,676.96,681.50,685.09,688.53,692.33,696.85,701.37,705.76,710.09,714.47,718.62,722.50,726.31,730.58,736.58,742.19,748.05,754.68,762.27,768.20,772.54,776.02,779.05,780.40,779.19,776.46,772.86,769.29,766.23,766.41,769.36,772.90,776.73,780.10,783.03,785.64,788.19,792.00,796.80,802.32,808.01,811.76,814.92,817.90,820.55,822.69,824.58,824.80,822.59,819.05,812.14,804.65,797.40,790.28,785.06,780.68,776.60,772.49,767.74,761.86,755.78,750.07,745.00,739.26,733.23,727.11,721.01,714.90,709.13,703.71,698.60,693.65,689.70,687.18,685.59,683.75,681.64,679.05,676.05,672.61,668.60,663.71,658.37,652.77,646.95,639.96,633.37,627.43,621.93,616.39,611.61,607.80,604.96,602.32,602.05,602.77,603.76,604.76,605.77,606.83,607.88,609.01,610.75,613.57,616.71,619.93,623.52,627.15,630.32,633.04,635.50,638.09,640.83,643.65,646.57,649.75,654.67,660.26,666.02,671.73,677.14,682.67,688.07,692.82,696.80,700.95,705.60,710.72,715.83,721.29,727.19,733.12,738.73,745.75,752.42,758.67,764.60,770.12,774.75,779.56,784.96,790.92,796.63,803.01,810.10,817.63,824.78,832.76,840.10,845.99,850.77,854.65,858.48,862.34,865.93,869.42,873.02,876.62,880.19,884.00,887.65,891.30,894.88,898.07,901.55,905.41,909.40,913.39,917.92,922.13,926.32,930.56,934.26,938.10,942.13,946.31,950.53,954.66,960.03,966.82,974.76,981.96,988.64,995.95,1003.79,1010.71,1016.45,1021.14,1025.40,1029.66,1033.28,1036.38,1039.16,1041.75,1044.51,1047.30,1050.41,1053.88,1057.62,1061.38,1066.29,1071.74,1076.89,1080.86,1083.84,1086.58,1089.44,1092.55,1095.18,1097.62,1099.69,1101.07,1102.69,1104.49,1106.32,1108.30,1110.94,1115.09,1119.39,1123.51,1128.04,1134.99,1140.29,1144.11,1147.25,1150.35,1153.19,1155.72,1157.85,1159.33,1160.18,1161.06,1162.33,1164.49,1167.99,1171.87,1175.90,1179.60,1181.51,1183.11,1184.66,1186.20,1187.74,1189.28,1190.83,1192.43,1194.10,1195.74,1197.46,1199.17,1200.84,1202.55,1204.31,1206.03
671.99,677.28,681.56,685.26,688.53,692.01,696.02,700.38,704.83,709.13,713.31,717.48,721.33,725.02,729.10,734.08,739.69,744.57,750.06,756.64,763.83,769.44,773.58,776.93,779.82,781.35,780.87,779.01,775.84,771.16,767.70,767.45,769.84,773.11,776.63,779.94,782.95,785.63,788.35,792.46,797.67,803.59,809.29,813.00,816.18,819.12,821.56,823.90,826.11,826.44,824.08,820.70,814.62,807.98,801.58,795.45,789.64,784.81,780.25,775.30,770.22,763.96,757.62,751.64,745.90,740.17,734.60,729.35,724.58,719.86,714.21,708.47,703.26,698.62,694.46,691.87,690.45,688.72,686.68,683.99,680.74,676.97,673.00,668.11,662.62,656.71,650.36,642.52,635.49,629.47,623.98,618.75,613.80,609.59,606.41,603.69,602.93,603.33,604.27,605.23,606.23,607.17,608.11,609.12,610.46,613.15,616.18,619.16,622.25,625.73,629.03,631.98,634.53,637.11,639.79,642.57,645.43,648.36,652.62,657.72,663.26,668.87,674.54,680.20,685.65,690.55,694.53,698.42,703.06,708.55,713.92,719.35,725.13,730.93,736.32,742.35,748.64,754.89,760.94,766.84,772.04,776.98,782.11,788.04,793.68,799.52,806.02,813.54,820.93,828.79,836.47,843.39,848.99,853.37,857.47,861.43,865.00,868.53,871.89,875.11,878.26,881.54,884.77,887.91,890.88,893.49,896.32,899.21,902.16,905.45,910.01,914.59,919.41,924.38,928.63,932.93,937.20,941.48,945.97,950.63,955.83,962.31,970.51,978.70,985.45,992.76,1000.99,1008.84,1015.93,1021.39,1025.86,1030.13,1034.25,1037.69,1040.79,1043.71,1046.50,1049.33,1052.50,1055.97,1059.53,1063.40,1067.94,1072.86,1077.61,1081.21,1084.02,1086.45,1088.74,1091.08,1093.40,1095.65,1097.61,1099.10,1100.99,1102.83,1104.60,1106.50,1109.08,1112.90,1117.13,1121.47,1126.12,1132.26,1138.38,1143.46,1147.04,1150.64,1154.24,1157.41,1159.87,1161.34,1162.13,1163.24,1165.07,1168.00,1171.69,1175.63,1178.97,1181.23,1182.78,1184.31,1185.85,1187.40,1188.93,1190.44,1191.93,1193.45,1195.06,1196.73,1198.44,1200.19,1201.98,1203.79,1205.62,1207.40
677.22,681.75,685.29,688.44,691.55,694.96,698.81,702.97,707.25,711.33,715.24,719.15,722.83,726.42,730.63,735.86,741.07,745.57,750.93,757.56,764.52,770.00,774.07,777.35,780.17,781.95,782.12,781.02,778.45,773.90,769.92,768.75,770.28,773.41,776.64,779.87,782.93,785.74,788.57,792.97,798.59,804.84,810.41,814.15,817.46,820.55,823.19,825.76,827.93,828.40,826.53,823.57,818.51,812.65,806.69,801.05,795.22,789.77,784.16,777.99,772.11,765.28,758.75,753.00,747.75,742.61,737.64,732.97,728.74,724.57,719.23,713.40,707.79,703.20,698.97,696.28,694.83,693.17,691.08,688.46,685.23,681.24,677.15,672.19,666.52,660.22,653.16,645.11,638.02,631.96,626.45,621.43,616.46,611.82,607.92,605.20,603.84,603.75,604.54,605.48,606.45,607.35,608.22,609.14,610.17,612.68,615.54,618.23,620.89,624.13,627.43,630.53,633.27,635.90,638.60,641.38,644.24,647.10,650.75,655.43,660.87,666.35,671.99,677.69,683.21,688.21,692.42,696.31,700.85,706.30,711.84,717.24,722.87,728.62,734.06,739.29,745.07,751.05,757.00,763.13,768.96,774.24,779.30,785.06,790.82,796.33,802.23,809.24,816.62,824.30,832.08,839.58,845.94,850.91,855.41,859.66,863.41,866.85,869.95,872.84,875.61,878.40,881.16,883.86,886.44,888.84,891.22,893.54,895.92,898.73,902.68,906.97,911.86,917.36,922.51,927.38,932.07,936.69,941.45,946.78,952.26,958.62,966.60,975.45,982.66,990.10,998.38,1006.78,1014.56,1020.69,1025.64,1030.15,1034.99,1038.86,1042.23,1045.37,1048.31,1051.18,1054.34,1057.72,1061.07,1064.82,1068.85,1073.21,1077.72,1081.14,1083.67,1085.71,1087.54,1089.41,1091.16,1093.03,1094.84,1096.37,1098.23,1100.25,1102.30,1104.40,1106.99,1110.49,1114.57,1118.97,1123.64,1129.07,1135.74,1141.84,1145.99,1150.19,1154.68,1158.50,1161.18,1162.78,1164.02,1165.49,1167.68,1171.05,1174.84,1178.41,1181.06,1182.58,1184.01,1185.53,1187.07,1188.61,1190.12,1191.58,1193.04,1194.52,1196.07,1197.72,1199.42,1201.17,1202.98,1204.81,1206.66,1208.48
681.13,684.62,688.16,691.07,694.09,697.23,700.56,704.54,708.55,712.28,715.84,719.51,723.15,726.77,730.93,735.97,740.90,745.37,750.82,757.50,764.38,769.91,774.02,777.31,780.20,782.23,782.95,782.42,780.52,777.31,772.81,770.33,770.71,773.77,776.75,779.85,782.96,785.97,788.88,793.54,799.55,806.09,811.43,815.24,818.74,822.19,825.41,828.15,829.99,830.64,829.77,827.50,823.60,818.37,812.44,806.74,801.42,795.27,788.22,780.57,773.50,765.98,759.43,754.49,750.79,746.69,742.34,737.85,733.32,728.86,723.99,718.36,712.20,707.36,703.27,700.53,698.86,697.22,694.95,692.52,689.53,685.47,681.14,676.00,670.10,663.33,655.50,647.87,641.05,634.96,629.39,624.44,619.57,614.48,609.59,606.81,604.83,604.16,604.65,605.54,606.47,607.34,608.19,609.04,609.87,612.19,614.82,617.21,619.54,622.44,625.59,628.75,631.68,634.45,637.23,640.05,642.93,645.87,649.02,653.38,658.80,664.21,669.53,675.17,680.77,685.81,690.43,694.56,698.95,703.99,709.61,714.96,720.46,726.18,731.89,736.61,741.78,747.26,752.91,759.06,765.49,771.30,776.51,782.01,787.99,793.43,798.77,804.87,811.97,819.47,827.10,834.66,841.64,847.25,852.27,856.96,861.10,864.37,867.20,869.79,872.20,874.55,876.87,879.20,881.60,884.10,886.27,888.47,890.81,893.36,896.25,899.65,904.11,909.84,916.07,921.57,926.83,932.00,937.11,943.16,949.34,955.80,963.17,972.25,980.28,988.03,996.08,1004.64,1012.37,1019.03,1024.76,1029.74,1035.46,1039.84,1043.42,1046.63,1049.79,1052.72,1055.80,1059.02,1062.15,1065.54,1068.95,1072.79,1077.17,1080.58,1082.73,1084.36,1085.87,1087.54,1088.49,1089.82,1091.43,1092.92,1094.52,1096.83,1099.39,1101.93,1104.60,1107.85,1111.72,1116.07,1120.67,1125.64,1132.50,1139.26,1144.21,1149.05,1154.45,1158.85,1161.72,1163.60,1165.73,1167.74,1170.10,1173.55,1177.34,1180.16,1182.21,1183.76,1185.24,1186.76,1188.31,1189.83,1191.30,1192.71,1194.15,1195.63,1197.13,1198.74,1200.43,1202.14,1203.87,1205.66,1207.49,1209.33
683.25,686.53,689.81,692.43,694.98,697.61,700.57,704.36,708.32,711.88,715.16,718.68,722.33,725.97,730.13,735.15,740.13,744.75,750.10,756.47,763.29,769.17,773.50,776.93,780.09,782.33,783.80,783.72,781.80,779.42,775.41,772.37,771.52,773.74,776.42,779.31,782.52,786.07,789.12,794.06,800.51,807.44,812.65,816.49,820.15,823.87,827.31,830.00,831.94,832.70,831.98,830.45,828.00,823.78,818.04,811.79,805.69,799.03,791.56,783.10,774.35,767.01,761.76,758.51,755.99,752.06,747.44,742.56,737.63,732.83,727.89,722.39,716.42,711.48,707.89,705.47,703.81,702.10,699.46,696.67,693.50,689.49,685.05,679.76,673.61,666.57,658.90,651.82,645.13,638.76,632.83,627.50,622.59,617.49,612.27,608.49,606.38,605.36,605.13,605.62,606.47,607.32,608.13,608.93,609.75,611.99,614.42,616.54,618.64,621.12,624.06,627.15,629.93,632.68,635.54,638.48,641.49,644.59,647.69,651.70,656.70,662.07,667.20,672.70,678.31,683.58,688.37,692.62,696.94,701.72,707.25,712.60,718.01,723.62,729.33,734.12,738.89,743.85,749.09,754.81,761.25,767.59,773.45,778.70,784.43,790.12,795.49,800.67,807.22,814.42,821.72,828.92,835.95,842.51,848.04,852.82,857.29,860.93,863.53,865.67,867.70,869.49,871.45,873.58,875.92,878.60,881.02,883.41,885.86,888.42,891.22,894.57,898.80,904.16,910.42,916.37,922.15,927.85,933.62,940.28,947.19,953.96,960.81,969.50,978.20,986.42,994.39,1002.71,1009.42,1016.38,1023.15,1028.80,1035.13,1040.10,1043.89,1046.89,1049.90,1052.87,1055.93,1058.99,1061.81,1064.82,1068.06,1071.63,1075.50,1078.85,1081.03,1082.58,1083.83,1084.99,1085.68,1086.46,1087.57,1089.15,1090.85,1093.03,1095.52,1098.21,1101.00,1104.38,1108.35,1112.74,1117.34,1122.22,1128.28,1135.23,1142.29,1147.35,1152.61,1157.39,1161.03,1163.04,1165.81,1168.59,1171.52,1175.14,1178.74,1181.21,1183.12,1184.85,1186.45,1187.98,1189.48,1190.97,1192.43,1193.84,1195.28,1196.75,1198.24,1199.89,1201.62,1203.34,1205.04,1206.78,1208.54,1210.28
684.15,687.36,690.32,692.68,694.85,697.09,699.70,703.10,706.99,710.56,713.79,717.14,720.81,724.56,728.75,733.71,738.82,743.65,748.90,754.93,761.80,768.02,772.74,776.51,779.90,782.32,784.44,784.86,783.10,781.16,777.78,774.49,772.55,773.64,775.98,778.67,781.92,785.94,789.40,794.66,801.53,808.86,813.88,817.75,821.61,825.52,829.05,831.71,833.86,834.80,834.24,833.25,831.77,828.41,823.06,816.11,809.05,801.92,794.16,785.14,775.22,768.48,764.64,762.86,761.06,757.34,752.55,747.26,741.77,736.53,731.35,725.93,720.38,715.80,712.84,710.82,709.24,707.51,704.64,701.40,697.78,693.53,688.91,683.49,677.18,670.10,662.86,656.22,649.52,642.79,636.43,630.53,625.45,620.47,615.23,610.31,608.01,606.72,605.88,605.86,606.53,607.33,608.11,608.89,609.73,611.78,613.97,615.88,617.81,619.93,622.61,625.56,628.22,630.82,633.68,636.73,639.89,643.12,646.26,649.94,654.45,659.86,664.95,670.28,675.82,681.29,686.19,690.61,694.96,699.56,704.84,710.12,715.47,720.96,726.56,731.54,736.08,740.63,745.48,750.70,756.87,763.47,769.88,775.22,780.62,786.43,791.97,796.73,802.53,809.25,816.16,822.98,829.82,836.94,843.04,848.14,852.74,856.67,859.18,861.01,862.64,863.90,865.55,867.53,869.83,872.54,875.25,877.99,880.72,883.47,886.50,890.07,894.27,899.28,905.22,911.66,917.95,924.11,930.54,937.70,945.24,952.33,958.84,966.98,976.04,984.63,992.59,1000.63,1006.52,1013.46,1020.83,1027.14,1033.80,1039.47,1043.66,1046.40,1049.12,1051.79,1054.48,1057.19,1059.89,1062.95,1066.22,1069.53,1072.81,1076.26,1078.45,1079.97,1081.11,1082.00,1082.70,1083.18,1083.87,1085.31,1087.02,1089.01,1091.37,1094.11,1097.03,1100.56,1104.66,1109.16,1113.87,1118.75,1124.15,1131.12,1139.72,1145.36,1150.47,1155.44,1159.75,1162.18,1165.51,1168.95,1172.45,1176.18,1179.62,1181.96,1183.92,1185.87,1187.59,1189.15,1190.64,1192.10,1193.55,1194.95,1196.39,1197.87,1199.41,1201.13,1202.92,1204.67,1206.38,1208.10,1209.85,1211.55
683.16,686.14,688.84,691.04,693.23,695.45,697.72,700.24,703.94,707.85,711.47,714.57,718.24,722.29,726.63,731.33,736.55,741.67,746.93,752.77,759.89,766.28,771.68,776.15,779.60,782.11,784.57,785.74,784.85,782.74,779.76,776.52,773.90,773.55,775.53,778.07,781.20,785.33,789.82,795.45,802.69,810.36,814.98,818.96,823.06,827.11,830.58,833.40,835.73,837.12,837.19,836.28,834.42,831.44,826.73,819.07,811.34,803.69,795.46,786.05,776.40,770.81,767.97,766.60,764.72,761.75,757.46,752.03,745.67,739.82,734.26,728.83,723.86,720.57,718.40,716.75,715.32,713.74,711.05,707.41,702.95,697.75,692.73,687.15,680.93,674.21,667.54,661.02,654.06,646.92,640.16,633.46,627.99,623.17,618.29,612.45,609.51,607.98,607.05,606.47,606.73,607.42,608.23,609.00,609.80,611.40,613.25,615.07,616.93,618.85,621.21,623.91,626.65,628.94,631.62,634.69,638.00,641.19,644.40,647.81,651.89,657.49,662.80,667.95,673.24,678.81,683.80,688.53,693.11,697.64,702.44,707.42,712.69,718.13,723.46,728.65,733.25,737.65,742.20,747.03,752.59,758.79,765.30,771.41,776.61,782.11,787.82,793.26,798.06,803.96,810.41,816.98,823.40,830.05,836.81,842.95,847.28,851.00,853.74,855.68,856.88,857.75,859.13,861.01,863.24,865.54,868.41,871.68,875.02,878.25,881.76,885.75,890.25,895.27,900.62,907.72,914.57,921.00,927.95,935.47,943.36,950.71,957.23,964.76,973.52,982.13,990.23,998.07,1004.13,1010.41,1017.20,1024.09,1030.57,1037.23,1042.16,1044.70,1046.97,1048.59,1050.08,1051.98,1055.11,1059.20,1062.73,1065.63,1068.36,1072.25,1074.25,1075.64,1077.03,1078.35,1079.44,1080.19,1080.77,1081.49,1082.82,1084.71,1087.07,1089.84,1092.89,1096.41,1100.54,1105.22,1110.31,1115.16,1120.73,1127.56,1135.75,1143.03,1148.49,1153.29,1157.75,1161.41,1165.21,1169.00,1172.76,1176.49,1179.88,1182.42,1184.63,1186.73,1188.52,1190.24,1191.80,1193.21,1194.67,1196.08,1197.52,1199.03,1200.67,1202.53,1204.43,1206.24,1207.95,1209.72,1211.63,1213.50
680.46,683.70,686.25,688.55,690.77,692.89,694.91,696.96,700.36,704.24,708.07,711.53,715.41,719.48,723.72,728.31,733.54,739.08,744.62,750.49,757.64,764.19,769.94,774.94,779.01,781.98,784.67,786.56,786.86,784.82,781.53,778.16,775.39,774.24,775.56,777.78,780.92,785.38,790.52,796.38,803.68,811.37,815.82,820.11,824.41,828.52,832.08,835.29,837.71,839.22,839.58,838.81,836.85,833.68,828.74,820.74,812.49,804.49,796.17,787.23,779.26,775.22,773.02,771.26,768.63,765.45,761.35,756.07,749.33,742.70,736.76,731.58,727.57,725.64,724.26,722.91,721.47,719.85,717.44,713.88,709.08,703.07,697.12,691.32,685.14,678.54,672.09,665.68,658.57,651.06,643.80,636.66,630.66,625.60,620.93,615.26,611.04,608.77,607.90,607.23,607.18,607.73,608.52,609.26,610.03,611.41,613.02,614.72,616.47,618.22,620.32,622.77,625.40,627.45,629.71,632.41,635.62,639.00,642.41,645.81,649.59,654.76,660.38,665.62,670.75,676.15,681.30,686.17,690.82,695.29,699.79,704.58,709.73,715.05,720.30,725.50,730.16,734.56,738.97,743.55,748.61,754.35,760.64,766.94,772.47,777.79,783.27,789.00,794.03,799.18,804.70,810.64,816.88,823.09,829.55,835.74,840.57,844.45,847.41,849.50,850.66,851.41,852.47,854.01,855.94,858.06,861.14,864.85,868.82,872.84,877.03,881.71,886.75,891.97,897.22,904.09,911.31,918.47,925.74,933.31,941.11,948.47,955.15,962.49,970.81,979.17,987.15,994.54,1000.90,1006.97,1013.40,1020.55,1026.99,1033.63,1039.03,1042.34,1044.30,1045.76,1047.12,1048.67,1050.88,1053.72,1056.10,1058.17,1060.49,1064.10,1066.54,1068.76,1071.12,1073.28,1074.60,1075.62,1076.46,1077.18,1078.61,1080.60,1083.05,1085.96,1089.21,1092.79,1096.89,1101.51,1106.65,1111.95,1117.85,1124.64,1132.65,1141.34,1146.91,1151.48,1155.99,1160.26,1164.35,1168.34,1172.24,1175.95,1179.48,1182.24,1184.71,1187.10,1189.24,1191.07,1192.66,1194.13,1195.62,1197.06,1198.53,1200.16,1202.04,1203.99,1205.90,1207.77,1209.61,1211.49,1213.48,1215.44
676.76,680.35,682.90,685.43,687.65,689.66,691.55,693.47,696.55,700.24,704.16,708.14,712.25,716.26,720.38,724.93,730.12,736.08,742.05,748.11,755.15,761.96,768.02,773.46,778.27,781.82,784.74,787.28,788.75,787.07,783.31,779.68,776.88,775.29,775.83,777.69,780.91,785.79,791.35,797.39,804.65,812.14,816.62,821.22,825.65,829.80,833.61,837.20,839.62,841.12,841.67,840.99,839.04,835.45,829.91,821.78,813.21,805.04,796.96,789.05,783.13,780.48,778.58,776.14,772.59,768.73,764.57,759.55,752.78,745.39,739.11,734.27,731.33,730.54,729.86,728.77,727.29,725.59,723.48,720.17,715.38,708.88,701.88,695.71,689.49,682.90,676.36,670.04,662.82,654.93,647.14,639.85,633.42,627.99,623.40,618.30,612.64,609.42,608.58,608.00,607.73,608.15,608.90,609.60,610.36,611.59,613.04,614.60,616.20,617.81,619.67,621.84,624.25,626.15,627.98,630.19,633.10,636.63,640.27,643.77,647.36,651.87,657.63,663.13,668.32,673.49,678.74,683.64,688.31,692.78,697.09,701.70,706.66,711.85,717.08,722.19,726.89,731.35,735.70,740.11,744.78,750.08,755.99,762.14,768.13,773.43,778.61,784.32,789.93,794.65,799.29,804.44,810.43,816.17,821.91,827.64,833.03,837.28,840.49,842.77,844.11,844.95,845.75,846.88,848.44,850.48,853.71,857.71,862.28,867.32,872.29,877.77,883.47,889.11,894.50,900.80,908.29,916.36,923.84,931.27,938.72,945.93,952.80,960.06,967.88,975.86,983.62,990.52,997.10,1003.19,1009.47,1016.63,1023.30,1029.51,1035.09,1039.43,1041.52,1043.27,1044.88,1046.26,1047.21,1048.18,1049.10,1050.30,1052.20,1055.06,1057.88,1060.92,1064.23,1067.31,1069.03,1070.41,1071.65,1072.71,1074.48,1076.66,1079.29,1082.44,1085.94,1089.62,1093.69,1098.19,1103.25,1109.12,1115.46,1122.34,1130.27,1140.02,1145.59,1149.87,1154.31,1158.88,1163.14,1167.28,1171.25,1174.94,1178.61,1181.63,1184.38,1187.12,1189.74,1191.62,1193.20,1194.73,1196.29,1197.80,1199.35,1201.14,1203.30,1205.38,1207.31,1209.28,1211.34,1213.37,1215.38,1217.38
672.01,675.31,678.25,681.19,683.30,685.19,687.28,689.73,692.77,696.29,700.12,704.10,708.19,712.35,716.65,721.27,726.39,732.53,738.99,745.51,752.25,759.88,766.61,772.38,777.40,781.40,784.69,787.59,789.65,789.07,785.54,781.46,778.05,776.39,776.30,777.91,781.25,786.44,792.19,798.62,805.77,812.84,817.68,822.27,826.57,830.83,835.27,838.83,841.05,842.63,843.51,842.48,840.61,836.71,830.62,822.62,814.18,806.36,799.32,793.25,788.25,785.45,783.08,780.19,776.26,771.51,766.86,761.95,755.74,748.02,741.52,737.01,734.83,734.14,733.63,732.79,731.54,729.95,727.97,724.83,720.53,714.79,707.08,700.06,693.50,686.93,679.73,673.27,665.91,657.65,649.36,642.51,636.28,630.74,625.94,620.99,614.49,610.38,609.07,608.57,608.25,608.64,609.38,610.07,610.75,611.84,613.17,614.62,616.08,617.55,619.13,620.91,622.96,624.87,626.75,628.69,630.90,633.93,637.68,641.39,644.94,648.86,654.09,660.01,665.88,671.09,676.13,680.98,685.75,690.40,694.71,698.85,703.45,708.50,713.72,718.75,723.37,727.79,732.17,736.53,741.08,746.09,751.55,757.25,763.13,768.88,774.31,779.35,784.65,790.13,795.10,799.55,804.52,809.59,814.62,819.55,824.33,829.02,832.65,835.28,837.01,838.36,839.21,840.13,841.41,843.38,846.39,850.19,855.13,861.62,867.52,873.66,880.18,886.77,892.51,898.40,906.21,915.05,922.58,929.64,936.44,943.24,950.16,957.13,964.35,971.89,979.43,986.17,992.40,998.80,1005.32,1011.93,1019.85,1025.75,1030.74,1035.42,1039.19,1041.57,1043.08,1044.10,1044.90,1045.72,1046.54,1047.47,1048.65,1050.20,1051.81,1053.83,1056.51,1060.00,1063.20,1065.37,1066.91,1068.54,1070.68,1073.22,1076.21,1079.72,1083.54,1087.40,1091.58,1096.11,1101.11,1107.32,1114.23,1121.50,1129.40,1139.13,1144.57,1148.51,1152.54,1157.18,1161.57,1165.82,1169.84,1173.44,1176.99,1180.27,1183.45,1186.61,1189.64,1191.47,1192.91,1194.37,1196.08,1197.80,1199.51,1201.49,1203.96,1206.34,1208.47,1210.74,1213.16,1215.38,1217.42,1219.40
667.30,670.25,673.09,675.88,678.01,680.04,682.44,685.50,688.73,692.28,696.12,700.04,704.05,708.26,712.70,717.38,722.24,728.33,735.08,742.13,749.31,757.65,765.05,771.29,776.51,780.89,784.58,787.81,790.22,790.50,787.45,783.04,778.96,777.28,776.99,778.51,781.94,787.42,793.31,799.96,806.92,813.57,818.72,823.16,827.30,831.69,836.63,840.32,842.61,844.34,845.39,844.23,842.13,838.27,832.44,824.68,816.98,809.96,803.94,799.07,794.22,790.52,787.18,783.68,779.54,774.25,768.97,763.74,757.93,750.56,744.69,740.85,739.06,738.23,737.58,736.63,735.34,733.78,731.71,728.72,724.70,719.21,711.54,704.19,697.30,690.47,682.84,676.06,668.63,660.40,651.95,645.34,639.35,633.84,628.81,623.65,616.89,611.88,609.48,609.03,608.76,609.09,609.78,610.50,611.16,612.12,613.35,614.76,616.14,617.50,618.85,620.33,622.18,624.14,625.99,627.64,629.22,631.45,634.70,638.33,642.01,645.69,650.34,656.36,662.72,668.32,673.37,678.12,682.88,687.66,692.18,696.10,700.28,704.97,710.15,715.17,719.76,724.16,728.56,732.93,737.42,742.17,747.22,752.50,758.13,763.94,769.54,774.56,779.47,784.92,790.13,794.74,799.12,803.56,807.99,812.29,816.33,820.78,824.50,827.39,829.46,831.20,832.43,833.67,835.22,837.36,840.31,843.93,848.80,855.70,862.71,869.47,876.78,884.50,890.65,896.45,904.49,913.74,921.18,927.88,934.19,940.53,947.12,953.77,960.37,967.28,974.44,981.25,987.44,993.84,1000.43,1007.22,1015.35,1021.59,1026.63,1031.18,1035.89,1039.09,1040.90,1041.88,1042.76,1043.60,1044.44,1045.26,1046.05,1046.92,1047.81,1048.99,1050.78,1053.71,1057.04,1059.87,1062.32,1064.81,1067.32,1070.16,1073.50,1077.39,1081.54,1085.62,1089.96,1094.59,1099.58,1105.88,1113.20,1120.93,1128.94,1138.18,1143.41,1147.14,1150.90,1155.43,1159.92,1164.21,1168.20,1171.80,1175.27,1178.55,1181.82,1185.16,1188.53,1190.70,1192.27,1193.72,1195.52,1197.41,1199.29,1201.42,1204.03,1206.67,1209.20,1211.91,1214.76,1217.21,1219.32,1221.33
662.74,665.35,667.54,669.63,671.89,674.30,677.04,680.70,684.34,688.18,692.15,696.04,699.93,704.07,708.55,713.30,717.74,723.54,730.38,738.04,746.45,755.37,763.37,770.16,775.63,780.34,784.48,788.01,790.59,791.37,788.94,784.38,779.67,777.94,777.88,779.48,783.03,788.75,794.72,801.37,808.06,814.32,819.67,823.87,827.89,832.39,837.62,841.64,844.35,846.31,847.37,846.37,843.80,840.32,835.52,828.19,821.71,815.82,810.64,806.13,800.79,795.71,791.03,786.69,782.36,776.94,770.97,765.02,759.45,753.19,748.86,746.02,744.29,743.15,742.07,740.64,738.95,737.23,734.81,731.88,727.84,721.93,715.01,707.92,700.76,693.42,685.68,678.44,671.11,663.35,655.21,648.53,642.69,637.28,632.01,626.31,619.89,614.04,610.00,609.48,609.27,609.49,610.06,610.87,611.58,612.42,613.56,615.00,616.37,617.64,618.82,620.14,621.96,623.96,625.63,626.96,628.06,629.30,631.44,634.64,638.53,642.33,646.46,652.18,658.73,665.00,670.38,675.04,679.66,684.51,689.43,693.42,697.19,701.32,706.36,711.43,716.07,720.49,724.89,729.35,733.78,738.31,742.99,747.92,753.22,758.62,764.20,769.92,774.49,779.05,784.23,789.77,794.14,798.08,802.10,806.00,809.35,812.87,816.29,819.27,821.59,823.53,825.41,827.49,829.82,832.35,835.51,839.06,843.47,849.67,857.80,865.13,873.23,882.17,888.80,894.85,903.02,912.27,919.51,925.89,931.89,937.76,943.69,949.99,955.96,962.10,968.66,975.66,982.22,988.30,994.76,1002.44,1009.73,1016.93,1022.71,1026.82,1031.46,1035.64,1038.20,1039.49,1040.58,1041.44,1042.28,1043.13,1043.93,1044.82,1045.68,1046.45,1047.32,1048.81,1050.79,1053.99,1057.85,1061.45,1064.39,1067.51,1071.13,1075.36,1079.84,1084.20,1088.76,1093.55,1098.58,1104.72,1112.29,1120.47,1128.69,1137.06,1142.02,1145.72,1149.37,1153.65,1158.20,1162.44,1166.36,1170.07,1173.51,1176.52,1179.51,1182.77,1186.34,1189.27,1191.31,1192.86,1194.72,1196.69,1198.72,1200.96,1203.58,1206.38,1209.43,1212.73,1216.05,1218.78,1220.99,1223.12
657.98,660.26,662.30,664.24,666.25,668.52,671.31,675.05,679.25,683.59,687.87,691.93,695.86,700.05,704.57,709.35,713.97,719.16,726.22,735.17,744.61,754.34,762.71,769.62,775.23,780.26,784.86,788.66,791.21,792.30,790.29,785.85,780.88,778.66,778.63,780.67,784.59,790.33,796.18,802.56,808.95,815.02,820.36,824.43,828.38,832.92,838.39,842.80,845.97,848.23,849.44,848.89,846.96,843.72,839.07,832.67,826.52,820.95,815.85,810.94,805.53,800.42,795.23,789.88,784.69,779.14,772.76,766.48,761.72,757.72,755.28,753.46,751.63,749.77,748.26,746.43,744.11,741.33,737.82,734.18,729.63,723.35,716.54,709.72,702.58,695.00,687.23,680.13,673.65,667.12,659.82,652.92,646.68,640.90,635.29,629.14,623.28,617.54,612.67,610.66,609.84,609.82,610.33,611.21,612.00,612.79,613.85,615.17,616.39,617.55,618.69,620.01,621.82,623.54,624.90,626.03,627.03,628.05,629.53,631.72,634.72,638.55,642.53,647.62,653.77,660.60,666.59,671.59,676.33,681.16,686.13,690.57,694.46,698.18,702.39,707.35,712.23,716.85,721.22,725.65,730.10,734.51,738.91,743.42,748.42,753.57,758.83,764.22,769.24,773.91,778.75,783.86,788.76,792.97,796.83,800.47,803.89,807.01,809.90,812.49,814.73,816.88,819.02,821.26,823.66,826.38,830.33,834.45,839.01,844.90,852.12,860.26,869.32,878.76,886.44,893.07,901.24,910.24,917.45,923.50,929.02,934.46,940.05,945.85,951.63,957.19,962.77,969.13,975.98,982.52,988.94,995.94,1004.23,1011.64,1017.62,1022.22,1026.70,1031.43,1034.52,1036.10,1037.37,1038.54,1039.69,1040.76,1041.66,1042.40,1043.09,1043.72,1044.46,1045.75,1047.26,1049.75,1053.17,1057.35,1061.59,1065.30,1069.05,1073.24,1077.86,1082.79,1087.68,1092.56,1097.84,1103.92,1111.54,1119.86,1128.03,1135.28,1140.16,1143.95,1147.46,1151.45,1155.96,1160.31,1164.35,1168.07,1171.44,1174.37,1177.18,1180.12,1183.54,1186.95,1189.80,1192.05,1193.95,1195.95,1198.01,1200.35,1203.17,1206.11,1209.28,1212.81,1216.51,1219.64,1222.10,1224.36
652.45,654.40,656.37,658.42,660.31,662.45,665.19,668.84,673.54,678.45,683.21,687.64,691.81,696.25,701.00,705.98,711.06,716.00,723.36,733.33,743.57,754.01,762.56,769.37,775.04,780.27,785.34,789.39,791.89,793.24,791.49,787.28,782.30,779.42,779.38,781.96,786.33,791.99,797.70,803.82,809.90,815.68,820.88,824.83,828.69,833.26,839.00,843.79,847.39,849.98,851.40,851.28,850.03,847.12,842.66,837.01,830.89,825.36,820.13,814.77,809.21,804.29,798.97,792.94,786.79,781.14,774.60,768.27,764.40,762.38,761.38,760.31,758.58,756.30,754.46,752.29,749.42,745.60,740.95,736.29,731.02,724.34,717.27,710.53,703.53,696.13,688.78,682.25,676.63,671.14,664.71,657.59,650.77,644.46,638.48,632.07,626.60,621.21,616.21,613.11,611.82,611.51,611.78,612.48,613.04,613.65,614.44,615.39,616.34,617.41,618.55,619.90,621.59,622.97,624.09,625.11,626.12,627.14,628.21,629.50,631.45,634.91,638.76,643.25,648.80,655.73,662.39,667.84,672.82,677.71,682.62,687.47,691.69,695.30,698.71,703.25,708.24,713.09,717.53,721.94,726.41,730.79,735.02,739.14,743.76,748.65,753.60,758.55,763.87,768.75,773.33,777.91,783.10,787.59,791.43,794.99,798.61,801.59,804.16,806.44,808.52,810.72,812.97,815.28,817.68,820.43,824.96,829.77,834.83,840.67,846.99,855.57,865.20,874.95,883.86,891.07,899.07,907.68,915.09,920.85,925.93,930.99,936.27,941.61,947.21,952.39,957.23,962.73,969.45,976.37,982.95,989.42,998.50,1006.11,1012.34,1017.48,1021.83,1026.70,1030.16,1032.18,1033.60,1034.91,1036.13,1037.24,1038.15,1038.84,1039.53,1040.31,1041.32,1042.86,1044.35,1046.24,1049.03,1053.38,1058.80,1063.19,1067.12,1071.17,1075.82,1081.09,1086.30,1091.45,1097.03,1103.10,1110.63,1118.91,1126.94,1133.27,1138.07,1141.97,1145.45,1149.20,1153.56,1157.99,1162.19,1165.91,1169.23,1172.16,1174.84,1177.48,1180.64,1184.28,1187.80,1190.84,1192.97,1194.99,1197.12,1199.60,1202.58,1205.63,1208.83,1212.46,1216.42,1219.95,1222.65,1225.07
645.02,646.55,648.42,650.88,653.25,655.61,658.23,661.68,666.64,672.18,677.75,682.99,687.80,692.97,698.43,704.07,709.95,715.82,723.56,733.43,744.02,754.68,763.07,769.57,775.05,780.22,785.73,790.10,792.57,794.12,792.34,788.56,783.99,780.26,780.25,783.44,788.24,793.69,799.33,805.40,811.13,816.30,821.13,824.84,828.57,833.19,839.31,844.45,848.38,851.31,853.04,853.12,851.94,849.68,846.06,840.31,834.05,828.28,822.88,817.46,811.30,806.22,801.24,795.58,788.64,782.90,776.63,770.81,767.66,766.16,765.10,764.14,763.09,761.49,759.58,757.19,754.13,749.91,744.39,738.50,732.19,725.04,717.12,710.01,703.33,696.95,691.23,685.95,680.71,675.31,669.40,662.19,654.75,647.72,641.36,635.12,629.43,624.50,620.60,618.41,617.51,616.84,616.39,616.31,615.75,615.72,615.78,615.82,616.26,617.26,618.49,619.77,621.05,622.22,623.31,624.38,625.44,626.51,627.59,628.63,629.85,631.92,635.48,639.64,644.43,650.37,657.59,663.56,668.93,674.06,678.91,683.85,688.58,692.73,695.94,699.35,703.94,708.98,713.82,718.26,722.73,727.19,731.50,735.42,739.37,743.89,748.75,753.65,758.38,763.08,767.79,772.46,777.01,781.28,785.27,789.08,792.78,796.02,798.97,801.47,803.36,805.20,807.44,809.99,812.63,815.14,819.36,824.78,830.78,837.02,843.81,851.74,860.75,870.75,880.96,888.62,896.08,904.11,912.24,917.75,922.63,927.44,932.27,937.30,942.54,947.75,952.72,957.31,962.83,969.41,976.58,984.00,992.11,1000.33,1007.32,1012.50,1016.86,1021.04,1024.68,1027.49,1029.01,1029.77,1030.29,1030.78,1031.40,1032.45,1033.73,1035.23,1037.02,1039.24,1041.32,1043.62,1046.40,1050.26,1055.95,1061.04,1065.39,1069.33,1073.78,1078.58,1084.05,1090.00,1095.91,1102.00,1109.22,1117.18,1125.02,1131.05,1135.64,1139.64,1143.38,1147.11,1151.08,1155.43,1159.76,1163.48,1166.85,1169.87,1172.54,1175.01,1177.93,1181.22,1184.87,1188.53,1191.36,1193.50,1195.88,1198.55,1201.43,1204.60,1207.83,1211.42,1215.39,1219.27,1222.11,1224.72
639.11,640.33,641.93,644.18,647.16,650.38,653.86,658.33,663.63,669.55,675.81,682.12,688.19,694.05,699.93,706.07,712.66,719.59,727.42,736.48,746.75,756.37,764.16,770.34,775.37,780.71,786.39,790.76,793.15,795.02,793.24,789.77,785.73,782.25,782.27,785.47,790.23,795.58,801.16,806.91,812.22,816.94,821.34,824.93,828.63,833.26,839.38,844.62,848.81,852.04,854.16,854.95,853.89,851.92,848.77,843.12,836.73,830.53,824.82,819.45,813.21,807.86,802.92,797.58,790.61,785.13,779.88,775.31,772.74,771.14,769.73,768.39,767.08,765.50,763.55,761.16,758.10,753.68,747.81,740.84,733.33,725.65,718.02,711.28,705.24,699.83,695.05,690.34,685.35,679.89,673.71,666.76,658.82,651.07,644.24,637.95,632.51,628.78,626.68,625.50,624.86,623.80,622.41,620.80,618.46,617.59,617.17,616.83,617.03,617.57,618.46,619.57,620.71,621.74,622.81,623.88,624.96,625.98,627.00,627.92,628.85,630.16,632.78,636.45,640.80,645.87,652.33,658.49,664.37,669.97,675.04,679.91,684.77,689.37,693.15,696.28,700.11,704.57,709.42,714.18,718.67,723.10,727.46,731.50,735.31,739.32,743.65,748.30,752.80,757.29,761.65,765.88,770.13,774.35,778.40,782.24,785.76,789.05,792.22,795.09,797.44,799.44,801.61,804.01,806.66,809.68,813.62,819.63,826.69,833.65,840.89,848.20,856.67,866.64,876.72,885.00,892.49,899.92,907.63,913.57,918.60,923.24,927.70,932.29,937.28,942.48,947.59,952.15,957.20,963.20,970.11,977.91,985.80,994.21,1001.67,1007.40,1011.96,1015.83,1019.20,1021.91,1023.39,1023.92,1024.15,1024.36,1024.78,1025.80,1027.38,1029.40,1031.81,1034.55,1037.43,1040.71,1044.17,1047.81,1053.02,1058.79,1063.78,1067.65,1071.89,1076.51,1081.82,1087.70,1093.87,1100.09,1106.89,1114.48,1122.49,1128.60,1133.25,1137.34,1141.19,1144.87,1148.48,1152.41,1156.52,1160.47,1164.05,1167.14,1169.93,1172.54,1175.33,1178.30,1181.87,1185.78,1189.24,1192.03,1194.76,1197.52,1200.34,1203.48,1206.68,1210.15,1214.00,1218.13,1221.50,1224.51
634.32,635.67,637.25,639.30,643.01,647.34,652.03,657.95,663.69,669.86,676.58,683.80,691.21,697.69,703.82,710.33,717.53,725.33,733.06,741.03,750.49,758.54,765.55,771.39,775.85,781.43,787.15,791.39,793.71,795.89,794.16,790.97,787.54,784.74,784.83,787.75,792.25,797.54,803.06,808.36,813.21,817.54,821.54,825.06,828.79,833.39,839.35,844.58,848.98,852.53,855.13,856.79,855.98,854.11,851.12,845.68,839.13,832.41,826.28,820.98,814.91,809.25,804.21,799.20,792.76,787.80,783.91,780.87,778.74,776.86,775.00,773.09,771.10,769.15,767.07,764.67,761.60,757.04,751.01,743.24,734.74,726.64,719.89,713.89,708.56,703.86,699.55,695.12,690.27,684.65,677.81,671.15,662.87,654.50,647.18,640.82,636.03,633.85,633.63,633.39,632.90,631.51,629.24,626.02,621.87,619.95,618.92,618.23,618.25,618.19,618.58,619.45,620.64,621.57,622.50,623.50,624.54,625.48,626.40,627.29,628.15,629.11,630.61,633.64,637.61,641.98,647.18,653.22,659.47,665.51,670.92,675.72,680.55,685.47,690.08,693.52,696.63,700.23,704.75,709.73,714.23,718.63,723.05,727.31,731.23,734.79,738.48,742.80,747.20,751.43,755.25,758.77,762.80,767.01,771.06,774.79,778.08,781.37,784.65,787.91,790.97,793.43,795.64,797.88,800.52,804.27,808.11,814.51,822.45,830.38,838.09,844.96,853.01,862.75,871.93,880.77,888.46,895.30,902.06,908.51,913.83,918.42,922.67,926.89,931.67,936.76,941.92,946.88,951.90,957.36,963.75,971.57,979.63,988.01,995.78,1002.23,1007.11,1010.87,1013.82,1016.05,1017.35,1017.82,1017.99,1018.12,1018.40,1019.27,1021.03,1023.46,1026.36,1029.49,1033.11,1037.49,1041.93,1045.71,1050.20,1056.47,1062.11,1066.06,1070.11,1074.64,1079.59,1085.04,1091.35,1097.71,1104.09,1111.24,1119.38,1125.87,1130.76,1134.98,1138.87,1142.49,1145.83,1149.23,1152.91,1156.96,1160.81,1164.09,1167.07,1169.93,1172.70,1175.46,1178.86,1182.81,1186.79,1190.38,1193.49,1196.34,1199.14,1202.27,1205.44,1208.76,1212.43,1216.73,1220.71,1224.19
631.28,634.56,637.82,641.10,645.80,650.93,656.26,662.78,669.17,675.53,681.99,688.75,696.32,703.20,709.58,716.08,723.67,731.17,738.41,745.68,753.61,760.65,767.00,772.35,776.49,782.02,787.71,791.96,794.37,796.61,795.13,792.38,789.47,786.99,787.27,789.99,794.20,799.36,804.78,809.69,814.03,817.92,821.71,825.22,829.00,833.56,839.33,844.60,849.27,853.32,856.58,858.68,858.61,856.77,853.39,848.21,841.40,834.05,827.39,822.01,816.06,810.17,805.04,800.51,795.47,791.63,788.88,786.78,784.99,783.25,781.22,778.93,776.43,773.82,771.16,768.22,764.66,759.70,753.27,745.66,737.52,729.69,723.88,718.66,713.54,708.53,704.07,700.07,695.27,689.26,681.86,674.76,666.59,658.17,650.47,644.32,641.16,640.28,640.67,640.86,640.45,639.04,636.64,633.09,628.63,625.09,622.18,620.05,619.48,619.26,619.35,620.00,621.49,622.24,622.58,623.08,624.00,624.88,625.75,626.61,627.49,628.45,629.51,631.68,634.89,639.00,643.57,648.83,654.49,660.33,666.00,671.16,676.03,680.87,685.82,690.39,693.81,696.92,700.44,704.51,708.91,713.49,718.07,722.36,726.25,729.93,733.63,737.57,741.58,745.56,748.99,751.87,755.16,759.25,763.18,766.73,770.10,773.58,776.92,780.26,783.65,786.81,789.74,792.63,795.74,799.67,803.97,809.87,817.59,826.92,835.14,842.43,850.51,859.63,867.73,876.31,883.78,890.15,896.18,901.86,907.25,912.26,916.82,921.28,925.82,930.40,935.17,940.46,945.81,951.63,958.11,965.50,973.90,982.33,990.20,997.02,1002.33,1006.13,1008.94,1010.94,1011.91,1012.29,1012.49,1012.66,1012.97,1013.96,1015.99,1018.72,1021.93,1025.28,1028.80,1033.46,1038.76,1043.78,1048.09,1054.05,1059.89,1064.49,1068.48,1072.82,1077.41,1082.51,1088.75,1095.00,1101.14,1107.70,1115.08,1122.31,1127.74,1132.23,1136.23,1139.89,1143.17,1146.32,1149.38,1152.50,1156.54,1160.41,1163.78,1166.66,1169.70,1172.60,1175.98,1179.87,1183.89,1187.73,1191.19,1194.33,1197.34,1200.82,1204.08,1207.32,1210.85,1215.06,1219.26,1223.03
630.94,636.05,640.70,645.07,650.27,655.97,662.03,668.64,675.13,681.34,687.46,694.04,701.32,708.17,714.70,721.41,729.18,736.23,742.93,749.60,756.43,762.79,768.48,773.29,777.29,782.91,788.48,792.71,795.28,797.37,796.43,794.27,791.75,789.41,789.71,792.28,796.24,801.15,806.45,810.98,814.88,818.39,821.92,825.38,829.21,833.76,839.30,844.59,849.61,854.26,858.13,860.23,860.55,859.05,855.79,850.44,843.48,835.77,828.67,823.04,817.27,811.32,806.39,802.68,799.13,796.38,794.41,792.86,791.30,789.77,787.68,785.10,782.11,778.92,775.53,771.97,767.95,762.55,756.00,748.74,741.27,734.25,728.85,723.88,718.69,713.33,708.52,704.39,699.58,693.49,685.74,678.05,670.02,661.78,654.04,648.67,647.21,647.40,648.01,648.13,647.36,645.59,642.98,639.44,635.17,630.99,627.25,624.41,623.20,622.69,622.44,622.65,623.72,624.20,624.12,624.22,624.86,625.42,626.01,626.62,627.30,628.09,628.85,630.28,632.78,636.65,640.61,645.19,650.14,655.41,661.02,666.31,671.24,676.04,681.06,686.31,690.47,693.77,696.66,700.04,704.13,708.54,712.99,717.14,721.02,724.80,728.47,732.05,735.86,739.61,742.89,745.66,748.50,752.02,755.38,758.57,762.09,765.93,769.54,773.14,776.88,780.50,784.07,787.65,791.44,795.78,800.58,806.28,813.77,823.73,832.45,840.23,848.24,856.71,864.39,872.02,878.94,885.08,890.60,895.71,900.82,905.80,910.52,915.24,919.76,924.18,928.76,934.01,939.55,945.80,952.60,959.90,968.31,976.79,984.80,991.93,997.64,1001.75,1004.59,1006.39,1007.17,1007.41,1007.56,1007.73,1008.08,1009.07,1011.53,1014.65,1018.10,1021.79,1025.41,1030.05,1035.78,1042.09,1046.37,1051.64,1057.44,1062.89,1066.88,1071.07,1075.45,1080.30,1086.26,1092.30,1098.15,1104.18,1110.88,1118.42,1124.40,1129.30,1133.46,1137.14,1140.49,1143.51,1146.16,1148.59,1152.21,1156.07,1159.72,1163.05,1166.35,1169.51,1173.01,1176.91,1180.91,1184.78,1188.47,1192.00,1195.47,1199.27,1202.66,1205.91,1209.33,1213.34,1217.63,1221.62
633.68,640.20,645.60,650.63,655.74,661.75,668.65,674.86,680.81,686.45,692.28,699.16,705.83,712.21,718.78,725.99,733.69,740.29,746.42,752.55,758.92,764.93,769.98,774.22,778.27,784.20,789.56,793.71,796.50,798.27,798.16,796.72,794.45,792.10,792.18,794.62,798.38,802.91,808.06,812.24,815.77,818.97,822.16,825.52,829.42,833.97,839.27,844.54,849.98,855.29,859.66,861.34,861.58,860.76,858.25,852.32,845.37,837.63,830.26,824.22,818.72,812.98,808.66,806.11,803.97,802.13,800.56,799.13,797.70,796.31,794.26,791.46,787.98,784.38,780.18,776.00,771.57,765.79,759.55,752.73,746.10,740.30,734.69,729.34,723.83,718.16,712.89,707.96,703.06,697.27,689.35,681.04,673.11,665.24,657.96,654.03,654.13,655.14,655.73,655.30,653.68,651.10,648.02,644.68,640.91,637.33,634.21,631.70,629.92,628.96,628.33,627.86,627.65,627.73,627.50,627.34,627.49,627.44,627.42,627.53,627.75,628.08,628.60,629.47,631.40,634.97,638.25,642.32,646.61,651.02,656.10,661.20,666.17,671.01,675.84,681.14,686.32,690.52,693.41,696.53,700.13,703.97,707.90,711.73,715.61,719.35,722.84,726.13,730.00,733.53,736.90,740.15,743.01,745.49,747.85,750.52,754.20,758.48,762.61,766.71,770.90,774.71,778.73,782.99,787.55,792.65,797.89,803.85,811.29,820.88,830.14,838.31,846.08,853.92,861.95,868.00,874.03,880.16,885.39,890.32,894.79,899.19,903.82,908.67,913.44,918.15,922.87,927.73,933.26,939.85,947.14,954.82,962.88,971.35,979.56,986.96,993.01,997.71,1000.70,1002.30,1003.02,1003.10,1003.05,1003.17,1003.64,1004.47,1007.54,1011.18,1014.87,1019.07,1023.16,1027.55,1033.23,1040.64,1045.02,1049.31,1054.82,1061.20,1065.29,1069.37,1073.67,1078.40,1083.94,1089.70,1095.17,1100.77,1107.04,1114.25,1120.73,1126.15,1130.53,1134.20,1137.74,1140.74,1143.26,1145.49,1148.02,1151.09,1154.84,1159.07,1162.61,1166.12,1169.89,1173.89,1177.87,1181.59,1185.39,1189.37,1193.51,1197.52,1201.12,1204.50,1207.85,1211.58,1215.84,1220.00
639.07,645.55,651.00,656.32,662.11,668.13,674.17,679.96,685.58,690.96,696.55,703.16,709.46,715.75,722.53,730.11,737.55,743.30,748.77,754.56,760.60,766.23,770.96,775.03,779.22,785.63,790.92,795.02,798.02,799.95,800.33,799.39,797.51,795.41,794.97,797.02,800.49,804.63,809.41,813.11,816.22,819.16,822.30,825.65,829.52,833.99,839.19,844.54,850.11,855.65,860.38,862.28,862.55,861.72,859.43,854.34,847.29,839.79,832.63,826.42,821.59,817.51,814.49,812.52,810.87,809.31,807.80,806.27,804.57,802.75,800.48,797.54,793.83,789.79,785.24,780.43,775.41,770.10,764.92,759.09,752.97,747.01,740.94,735.15,729.19,723.02,717.14,711.80,706.39,700.17,692.19,683.55,675.55,668.33,662.62,660.50,661.71,663.39,664.24,663.52,661.22,657.79,653.93,650.05,646.11,643.00,640.63,638.91,637.66,636.90,636.22,635.46,634.57,633.80,632.99,632.24,631.59,630.83,630.08,629.41,628.92,628.92,629.10,629.50,630.82,633.69,636.64,640.01,643.81,647.89,651.82,656.35,660.90,665.40,670.12,675.35,680.62,685.29,689.08,692.79,696.18,699.60,703.11,706.53,710.01,713.51,716.93,720.22,723.68,727.04,730.36,733.63,736.75,739.34,741.77,744.44,747.81,751.42,755.58,760.17,765.11,770.01,774.85,779.59,784.42,789.91,795.44,801.57,808.87,818.02,828.21,836.55,844.11,851.61,859.17,864.66,869.66,874.61,879.26,883.67,888.02,892.37,896.76,901.32,906.03,911.15,916.59,921.92,927.57,934.08,941.60,950.11,958.17,966.34,974.26,981.52,987.70,992.59,995.50,996.72,996.91,996.77,996.57,996.82,997.95,999.68,1003.05,1007.30,1011.95,1016.54,1021.37,1026.00,1031.53,1038.91,1043.60,1047.53,1052.47,1058.57,1063.32,1067.44,1071.60,1076.22,1081.80,1087.69,1093.03,1098.07,1103.43,1109.90,1116.55,1122.31,1126.92,1130.84,1134.42,1137.45,1140.03,1142.33,1144.67,1147.32,1150.38,1153.99,1158.13,1162.33,1166.45,1170.50,1174.47,1178.09,1181.76,1185.75,1190.15,1194.32,1198.52,1202.35,1205.82,1209.52,1213.76,1218.09
644.81,650.86,656.27,661.89,668.23,674.07,679.07,684.48,689.76,694.93,700.36,706.61,712.69,719.00,725.98,733.75,740.69,745.63,750.56,756.17,761.94,767.27,771.80,775.84,780.25,787.02,792.30,796.41,799.66,801.87,802.66,802.09,800.56,798.73,797.78,799.39,802.55,806.35,810.52,813.73,816.50,819.25,822.42,825.78,829.59,833.98,839.10,844.54,850.24,855.93,860.84,863.07,863.58,862.70,860.52,856.49,849.42,842.16,835.30,829.21,825.18,822.84,821.13,819.66,818.32,816.94,815.45,813.78,811.80,809.54,806.85,803.54,799.48,794.99,790.29,785.09,779.70,774.93,770.76,765.93,760.30,753.93,747.37,741.06,734.58,727.86,721.33,715.52,709.63,702.94,694.67,685.91,677.96,671.55,667.65,667.27,669.20,671.17,672.12,671.14,668.47,664.57,660.10,655.52,651.28,648.70,647.16,646.30,645.77,645.38,644.81,643.97,642.71,641.07,639.49,638.02,636.63,635.36,634.02,632.64,631.46,631.01,630.67,630.57,631.20,633.08,635.39,638.06,641.41,645.19,648.13,651.95,655.88,659.87,664.35,669.36,674.47,679.41,684.02,688.27,691.83,695.17,698.42,701.43,704.42,707.54,710.80,714.12,717.32,720.58,723.81,727.01,730.33,733.26,736.00,738.81,741.98,745.08,749.19,754.13,759.67,765.65,771.44,776.67,781.65,787.35,793.15,799.47,806.64,815.31,826.21,834.74,842.14,849.30,856.17,861.45,865.62,869.35,873.26,877.06,881.26,885.58,889.80,894.12,898.76,904.24,910.43,916.45,922.26,928.66,936.36,945.70,953.81,961.59,969.06,976.01,982.15,986.93,989.67,990.62,990.37,990.13,989.89,990.37,992.27,995.17,998.89,1003.65,1009.13,1014.16,1019.71,1024.65,1029.97,1036.84,1042.07,1045.94,1050.19,1055.54,1061.05,1065.36,1069.43,1073.96,1079.66,1085.76,1091.06,1095.68,1100.14,1105.72,1112.12,1117.99,1122.88,1127.12,1130.74,1133.78,1136.42,1138.78,1141.15,1143.51,1145.97,1148.96,1153.52,1158.28,1162.75,1166.93,1170.93,1174.51,1178.01,1181.81,1186.17,1190.50,1195.22,1199.58,1203.40,1207.24,1211.47,1215.95
649.50,655.08,660.71,667.00,672.89,678.14,682.91,688.14,692.86,697.79,703.22,709.27,715.45,721.80,728.77,736.31,742.20,746.69,751.62,757.37,762.97,768.18,772.61,776.74,781.53,788.19,793.49,797.83,801.43,803.90,805.08,804.70,803.23,801.58,800.38,801.60,804.48,808.07,811.13,813.89,816.58,819.38,822.54,825.90,829.68,834.01,839.05,844.48,850.59,856.49,861.19,863.53,864.82,864.38,862.36,858.90,852.09,844.87,838.28,833.01,829.79,828.30,827.40,826.61,825.84,824.80,823.39,821.69,819.72,817.50,813.96,809.54,804.57,799.63,794.96,790.11,785.14,780.54,776.55,772.38,767.35,760.96,754.01,747.01,739.90,732.64,725.39,718.75,712.73,705.94,696.69,688.14,680.76,675.45,673.23,674.03,675.85,677.16,677.39,676.12,673.87,670.64,666.41,661.24,656.80,654.98,654.41,654.32,654.19,654.18,653.95,653.35,652.13,649.92,647.38,645.07,643.37,642.28,640.84,639.16,637.48,636.16,634.83,634.06,633.87,634.18,634.57,636.71,639.64,642.76,645.73,648.68,651.73,655.01,658.82,663.24,668.21,673.15,677.62,681.60,686.16,690.36,693.79,696.47,699.04,701.51,704.17,707.39,711.22,714.56,717.68,720.81,724.02,727.08,730.01,733.05,736.62,740.55,744.86,749.64,755.13,761.43,768.26,774.21,779.34,785.08,791.20,797.85,804.99,813.04,823.65,832.58,840.11,846.66,852.75,858.04,862.18,865.48,868.46,871.54,875.10,879.08,883.42,888.01,892.79,898.45,904.98,911.62,917.65,924.18,932.12,941.94,949.98,957.27,964.18,970.67,976.45,980.51,982.99,984.14,984.14,984.18,984.23,985.09,987.62,991.66,996.14,1001.04,1006.36,1012.02,1018.09,1023.20,1028.07,1034.00,1040.26,1044.44,1047.91,1052.05,1058.17,1063.03,1067.27,1071.73,1077.47,1083.53,1089.01,1093.66,1097.59,1102.20,1107.34,1112.74,1118.10,1122.75,1126.39,1129.39,1131.96,1134.18,1136.45,1138.68,1141.37,1144.91,1149.18,1153.82,1158.53,1163.10,1167.24,1170.93,1174.30,1177.67,1181.43,1185.95,1190.66,1195.49,1200.27,1204.49,1208.80,1213.29
652.98,658.60,664.73,671.09,676.72,681.78,686.51,691.23,695.47,700.09,705.40,711.49,717.66,723.63,730.27,737.76,743.17,747.46,752.50,758.45,763.89,768.93,773.32,777.58,782.60,789.10,794.88,799.56,803.08,805.80,807.41,807.36,806.02,804.24,802.66,803.67,806.34,809.48,811.84,814.17,816.70,819.50,822.67,826.06,829.88,834.24,839.31,844.74,851.00,856.92,861.45,863.90,865.77,865.85,864.19,861.19,854.98,848.12,841.98,837.51,834.83,833.78,833.33,833.07,832.78,832.13,830.80,828.94,826.74,824.30,820.61,815.89,810.36,804.66,799.56,794.65,789.96,785.93,782.11,777.75,772.67,766.61,759.41,751.79,744.19,736.73,729.21,721.92,715.43,708.28,698.50,690.23,683.59,679.71,679.40,680.74,682.06,682.65,682.30,680.80,678.74,675.70,671.64,666.88,663.65,663.02,663.38,663.94,664.34,664.59,664.34,663.53,662.01,659.60,656.72,654.01,651.86,650.14,648.14,646.07,644.06,642.17,640.08,638.24,636.90,636.22,635.57,636.57,638.56,641.09,643.76,646.25,648.76,651.48,654.65,658.46,662.59,666.99,671.55,675.62,680.12,684.25,687.81,690.97,693.69,696.02,698.30,700.98,704.18,707.25,710.66,714.52,718.12,721.43,724.64,727.98,731.82,736.26,740.96,745.85,751.14,757.46,764.67,771.38,777.31,783.14,789.38,796.45,803.89,811.54,821.16,830.26,837.86,843.77,849.09,854.09,858.00,860.93,863.43,866.07,869.15,872.80,877.34,883.09,888.62,894.77,901.64,908.33,914.57,921.32,929.31,938.80,946.65,953.34,959.63,965.67,970.99,974.60,977.04,978.51,978.89,979.06,979.41,980.86,984.31,989.32,994.51,999.63,1004.72,1010.07,1016.09,1021.40,1026.20,1031.43,1038.23,1042.69,1045.97,1049.41,1054.55,1060.02,1064.78,1069.17,1074.51,1080.72,1086.47,1091.32,1095.14,1098.97,1103.09,1107.83,1112.95,1117.35,1121.06,1124.17,1126.86,1129.22,1131.66,1134.26,1137.43,1141.36,1145.45,1149.67,1154.16,1158.81,1163.28,1167.10,1170.51,1173.85,1177.45,1181.66,1186.20,1190.92,1195.76,1200.57,1205.29,1210.14
655.51,661.46,668.30,674.47,679.89,684.95,689.67,693.79,697.68,702.01,707.14,713.35,719.43,724.80,730.95,738.47,743.76,748.06,753.24,759.34,764.70,769.55,773.94,778.35,783.51,789.85,796.26,801.33,804.61,807.57,809.50,809.78,808.65,806.67,804.72,805.63,808.11,810.66,812.61,814.58,816.87,819.63,822.81,826.22,830.12,834.60,839.77,845.20,851.47,857.31,861.72,864.29,866.61,867.25,866.12,863.53,858.14,851.89,846.32,842.51,840.20,839.34,839.14,839.23,839.29,839.02,837.75,835.70,833.21,830.39,826.83,822.22,816.36,809.84,804.10,798.88,794.32,790.99,787.34,782.54,777.12,771.31,763.85,755.70,747.79,740.30,732.79,725.04,717.92,710.22,700.31,692.29,686.57,684.31,685.87,687.38,688.08,687.96,687.07,685.29,683.14,680.01,676.13,672.31,670.97,671.68,672.93,674.12,675.08,675.51,675.08,673.86,671.94,669.51,666.65,663.80,661.18,658.51,655.83,653.37,651.12,648.78,646.07,643.04,640.45,638.96,637.58,637.25,638.09,640.00,642.20,644.45,646.65,648.91,651.45,654.58,657.63,661.27,665.86,670.09,674.00,677.65,681.23,685.07,688.18,690.63,692.76,694.87,696.99,699.66,703.41,708.13,712.37,716.17,719.78,723.44,727.48,732.16,737.28,742.40,747.51,753.63,760.84,768.33,775.43,781.43,787.74,795.28,803.16,810.50,818.78,827.76,835.29,840.54,845.22,849.75,853.31,855.97,858.21,860.59,863.38,866.86,871.71,879.05,885.70,892.57,899.73,906.17,912.54,919.50,927.33,936.01,943.59,949.65,955.28,960.84,965.67,969.01,971.48,973.27,974.08,974.42,975.25,977.51,981.94,987.67,993.44,998.79,1003.65,1008.25,1013.85,1019.30,1024.26,1029.04,1035.91,1040.72,1044.22,1047.27,1050.75,1056.55,1061.86,1066.29,1071.04,1077.29,1083.35,1088.53,1092.49,1095.84,1099.17,1103.12,1107.57,1111.42,1115.16,1118.45,1121.32,1123.99,1126.85,1130.14,1133.92,1138.13,1142.18,1145.90,1149.87,1154.26,1158.91,1162.91,1166.53,1170.09,1173.78,1177.53,1181.82,1186.16,1190.61,1195.92,1201.14,1206.51
656.65,662.92,670.75,677.06,682.13,686.83,691.37,695.33,699.26,703.57,708.60,714.75,720.53,725.37,731.11,738.58,743.93,748.55,753.72,759.57,765.14,770.01,774.42,778.93,784.27,790.64,797.15,802.39,805.90,809.00,810.66,810.94,810.11,808.45,806.62,807.42,809.54,811.54,813.33,815.25,817.35,819.77,822.98,826.37,830.36,835.03,840.40,845.87,852.13,857.91,862.25,865.06,867.69,868.97,868.61,866.44,862.14,856.85,851.78,848.04,846.08,845.38,845.22,845.27,845.30,845.01,843.84,841.88,839.31,836.15,832.18,827.32,821.41,814.73,808.50,802.89,798.17,794.89,791.61,787.44,782.04,775.02,766.81,758.59,750.74,743.27,735.84,728.05,720.33,712.09,702.59,694.63,690.35,689.70,692.10,693.79,694.30,693.78,692.25,689.57,686.68,683.44,679.93,676.88,676.93,678.51,680.57,682.57,683.94,684.49,684.00,682.73,680.92,678.34,675.45,672.54,669.70,666.83,664.07,661.54,659.06,656.08,652.73,649.07,645.59,642.68,639.69,638.68,638.85,639.81,641.49,643.55,645.59,647.51,649.37,651.50,654.23,657.47,661.10,664.77,668.63,672.19,675.44,678.71,681.57,684.22,686.82,689.39,691.66,694.29,697.50,701.47,706.15,711.32,715.75,719.63,723.79,728.38,733.50,738.79,744.12,749.83,757.00,765.23,773.53,780.02,786.66,794.58,802.69,809.70,816.80,824.78,831.56,836.40,840.94,844.94,848.19,850.75,852.73,854.93,857.93,861.90,867.54,876.18,884.14,891.78,899.06,905.27,911.51,918.30,925.61,933.26,940.57,946.09,950.99,955.87,960.42,963.57,965.90,967.61,968.62,969.85,972.09,975.62,980.62,986.23,992.00,997.40,1002.24,1006.61,1011.44,1016.61,1021.79,1026.85,1032.82,1038.25,1042.40,1045.23,1048.22,1052.54,1057.61,1062.74,1067.17,1072.33,1078.53,1084.31,1088.49,1092.39,1095.39,1098.53,1102.10,1105.72,1109.24,1112.44,1115.40,1118.37,1122.16,1126.32,1130.71,1135.24,1139.45,1143.11,1146.45,1149.71,1153.23,1157.51,1161.72,1165.72,1169.54,1173.41,1177.60,1181.87,1186.21,1190.95,1196.14,1201.76
657.28,663.79,672.32,678.86,683.74,688.15,692.50,696.44,700.49,704.81,709.73,715.73,721.19,725.66,730.94,737.96,743.58,748.67,753.92,759.50,765.24,770.37,774.93,779.51,784.90,791.25,797.83,803.27,807.00,810.02,811.55,811.87,811.24,809.89,808.39,809.03,810.73,812.36,814.06,815.92,817.83,820.03,823.26,826.63,830.75,835.61,841.10,846.58,852.84,858.54,862.79,865.88,868.75,870.71,871.36,870.05,867.15,862.83,858.20,854.49,852.78,852.12,851.85,851.75,851.63,851.13,849.84,847.72,844.71,841.21,836.86,831.79,825.97,819.40,813.06,807.32,802.38,798.65,795.35,791.63,786.40,778.66,769.58,761.01,753.14,745.82,738.47,730.75,722.44,713.68,704.84,697.32,694.62,695.40,698.18,700.13,700.71,699.91,697.78,694.28,690.57,686.94,683.62,681.42,682.63,685.20,688.06,690.69,692.43,693.15,692.63,691.25,689.45,686.72,683.72,680.66,677.63,674.80,672.03,669.32,666.51,663.09,659.13,654.92,650.80,647.07,643.46,642.20,641.78,641.68,642.47,643.56,644.84,646.25,647.72,649.24,651.51,654.23,657.15,660.21,663.62,666.89,669.88,672.69,675.32,678.02,680.84,683.69,686.31,689.12,692.06,695.47,700.35,706.16,711.25,715.61,719.93,724.50,729.65,735.17,740.86,746.60,753.68,762.33,771.53,778.83,785.75,793.70,801.77,808.64,814.88,821.33,826.92,831.24,835.36,838.93,842.08,844.79,846.96,849.51,853.16,858.01,864.66,874.23,883.04,891.16,898.54,904.73,910.89,917.48,924.24,930.77,937.23,942.41,946.90,951.09,955.12,958.10,960.33,962.10,963.73,966.12,969.49,973.86,979.22,984.70,990.35,995.69,1000.47,1004.75,1009.11,1013.94,1019.05,1024.17,1029.47,1035.02,1039.65,1042.82,1045.58,1048.69,1053.13,1058.29,1062.61,1066.97,1072.78,1078.57,1083.07,1087.60,1090.72,1093.56,1096.63,1099.96,1103.18,1106.29,1109.34,1112.68,1117.79,1122.96,1127.86,1132.41,1136.53,1140.14,1143.07,1145.56,1148.27,1152.38,1156.77,1161.03,1165.10,1169.14,1173.31,1177.61,1181.98,1186.34,1191.25,1196.84
657.48,664.13,672.86,679.72,684.66,688.95,693.13,697.15,701.33,705.66,710.46,716.22,721.40,725.68,730.41,736.53,742.62,748.33,753.75,759.13,764.99,770.63,775.47,780.09,785.38,791.60,798.34,804.04,807.88,810.55,812.27,812.74,812.16,811.00,810.00,810.42,811.66,813.13,814.80,816.52,818.29,820.43,823.71,827.09,831.34,836.36,841.84,847.33,853.58,859.18,863.29,866.67,869.74,872.41,874.28,874.41,873.30,869.92,865.63,862.03,860.44,859.63,859.13,858.81,858.46,857.52,855.84,853.20,849.29,845.41,840.79,835.65,830.04,823.82,817.87,812.33,807.18,802.48,798.60,794.83,789.87,782.33,772.39,763.03,754.94,747.91,740.63,733.02,724.17,714.92,706.95,700.43,699.42,701.33,704.11,706.41,707.27,706.33,703.67,699.58,695.07,690.70,687.29,686.13,688.32,692.07,695.79,698.79,700.84,701.83,701.27,699.67,697.63,694.75,691.54,688.20,684.92,682.28,679.44,676.38,673.11,669.53,665.02,660.28,655.83,652.16,649.41,648.36,647.40,646.12,645.55,644.69,644.46,645.07,646.49,647.92,649.43,651.45,654.16,656.63,659.05,661.68,664.51,667.25,669.76,672.31,674.91,677.59,680.60,683.80,686.99,690.43,695.20,700.58,706.01,711.15,715.75,720.45,725.79,731.63,737.85,744.23,751.17,759.75,769.42,777.86,784.96,792.49,800.20,807.15,812.86,817.36,821.32,824.95,828.19,831.50,834.81,837.96,840.93,844.49,849.30,855.40,863.24,873.27,882.28,890.49,897.97,904.41,910.58,917.03,923.29,928.61,933.49,938.57,943.07,946.59,949.79,952.59,954.84,956.94,959.78,963.50,967.46,972.01,977.50,982.99,988.50,993.65,998.28,1002.54,1006.86,1011.39,1016.07,1020.84,1025.90,1030.89,1035.65,1039.82,1042.49,1045.15,1048.62,1052.82,1057.22,1061.39,1066.14,1071.13,1076.00,1081.02,1084.79,1088.06,1091.16,1094.06,1096.98,1100.04,1103.22,1106.99,1113.74,1120.10,1125.39,1129.59,1133.27,1136.76,1139.59,1141.93,1144.51,1147.86,1151.79,1156.07,1160.52,1164.65,1168.91,1173.34,1177.86,1182.32,1186.72,1191.94
657.44,663.82,672.50,679.69,684.72,688.99,693.18,697.29,701.51,705.98,710.89,716.50,721.35,725.51,730.04,735.66,741.60,747.53,753.06,758.54,765.09,770.94,775.82,780.41,785.68,791.91,798.62,804.35,808.30,810.87,812.78,813.57,813.31,812.25,811.40,811.75,812.81,814.15,815.64,817.17,818.92,821.21,824.53,827.96,832.23,837.22,842.60,848.07,854.16,859.56,863.60,867.25,870.74,873.96,876.63,878.04,878.23,876.13,872.75,869.32,867.58,866.74,866.17,865.61,864.77,863.29,861.34,858.79,855.11,850.15,844.65,839.10,833.58,828.02,822.59,817.29,812.10,807.06,802.46,797.83,792.33,784.93,775.38,765.37,756.65,749.47,742.29,734.74,725.63,716.13,708.61,704.25,704.51,706.98,710.06,712.64,713.45,712.24,709.22,704.64,699.12,694.20,691.30,691.91,695.33,700.38,705.00,708.26,710.27,711.50,711.15,709.47,706.81,703.30,699.75,695.98,692.02,688.70,685.54,682.19,678.58,674.76,670.37,665.68,661.16,657.53,655.90,655.28,653.95,651.52,649.22,647.33,646.48,646.49,646.97,647.48,648.38,649.78,651.75,654.00,656.22,658.35,660.39,662.40,664.53,666.85,669.36,672.07,675.01,678.48,682.11,685.92,690.59,695.95,701.57,707.04,711.98,717.10,723.07,729.66,736.62,743.52,750.58,758.70,767.88,776.99,784.24,791.13,797.97,804.40,809.55,813.21,816.34,819.33,822.18,825.40,828.88,832.48,836.19,840.60,846.58,853.95,862.69,872.56,881.47,889.64,897.17,903.86,909.94,916.13,921.95,926.47,930.47,934.93,938.97,942.14,945.08,947.83,950.40,953.18,957.04,961.50,965.74,970.23,975.40,980.82,986.27,991.30,995.77,999.90,1004.18,1008.65,1013.19,1017.73,1022.37,1026.92,1031.27,1035.19,1038.39,1041.47,1044.72,1048.26,1052.23,1056.01,1059.91,1064.04,1068.51,1073.53,1078.08,1082.19,1085.78,1088.63,1091.55,1094.65,1097.80,1101.38,1108.30,1116.06,1122.46,1126.64,1130.05,1133.12,1135.75,1138.11,1140.66,1143.78,1147.53,1151.68,1156.06,1160.37,1164.84,1169.47,1174.22,1178.91,1183.35,1188.11
657.35,663.30,671.71,679.14,684.29,688.58,692.80,697.02,701.34,706.03,711.16,716.58,721.16,725.27,729.67,734.87,740.45,746.49,752.24,758.03,765.29,771.25,776.08,780.64,785.92,792.19,798.81,804.51,808.55,811.14,813.22,814.40,814.55,813.60,812.79,813.05,814.00,815.24,816.54,817.88,819.67,822.16,825.50,829.01,833.29,838.18,843.39,848.82,854.70,859.92,863.97,867.88,871.72,875.35,878.60,881.08,882.41,881.70,879.46,876.42,874.44,873.44,872.76,872.00,870.75,868.81,866.58,864.10,860.88,855.24,848.80,842.62,837.17,832.25,827.33,822.28,817.08,811.74,806.30,800.73,794.50,786.89,777.86,767.52,758.30,750.83,743.64,736.08,726.97,717.53,710.52,708.38,709.72,712.57,715.87,718.51,719.11,717.71,714.53,709.58,703.19,698.08,696.10,698.76,703.54,709.46,714.47,717.69,719.43,720.68,720.52,718.89,715.83,711.92,708.02,703.78,699.04,694.77,691.06,687.35,683.40,679.24,675.01,670.61,666.32,663.00,662.59,662.47,660.96,657.64,653.69,650.96,649.60,648.99,648.37,647.78,648.10,648.93,650.13,652.16,654.17,655.79,657.08,658.43,660.16,662.16,664.45,667.14,669.99,673.51,677.43,681.67,686.37,691.92,697.76,703.46,708.68,714.20,720.78,728.11,735.82,743.25,750.38,757.97,766.48,776.00,783.34,789.53,795.36,801.02,805.56,808.66,811.21,813.71,816.55,819.90,823.77,828.03,832.61,837.76,844.65,853.01,862.51,871.92,880.55,888.62,896.19,903.11,909.00,914.85,920.23,924.23,927.69,931.47,935.00,937.97,940.78,943.47,946.39,949.90,954.54,959.51,963.99,968.34,973.09,978.36,983.68,988.69,993.20,997.17,1001.33,1005.73,1010.21,1014.59,1018.84,1023.05,1026.90,1030.36,1034.05,1037.62,1040.86,1043.95,1047.35,1050.70,1053.99,1057.41,1061.32,1066.07,1071.16,1076.01,1080.22,1083.49,1086.65,1089.79,1092.82,1096.13,1102.66,1111.39,1118.85,1123.36,1126.59,1129.27,1131.78,1134.28,1136.89,1139.99,1143.63,1147.64,1151.93,1156.39,1160.97,1165.76,1170.74,1175.72,1180.32,1184.75
657.33,662.70,670.35,677.81,683.11,687.42,691.55,695.96,700.61,705.77,711.18,716.22,720.78,724.96,729.21,733.85,738.96,745.11,751.44,757.99,765.50,771.50,776.30,780.83,786.12,792.43,798.95,804.57,808.65,811.42,813.65,815.24,815.89,815.07,814.29,814.36,815.10,816.29,817.54,818.77,820.64,823.36,826.60,830.32,834.66,839.37,844.24,849.58,855.24,860.41,864.72,868.83,872.64,876.36,879.90,882.90,885.28,886.01,885.23,883.16,880.89,879.21,878.12,877.33,876.10,874.13,871.45,868.45,865.34,861.01,853.92,846.80,841.35,836.79,832.26,827.44,822.15,816.09,809.50,803.45,796.63,787.75,778.58,768.81,759.83,752.00,744.42,736.74,728.17,719.65,713.61,712.87,715.08,718.22,721.25,723.28,723.50,722.22,719.38,714.37,707.75,703.40,703.12,708.05,714.44,719.69,723.48,725.77,726.84,727.43,727.13,725.85,723.41,720.28,716.22,711.38,705.93,700.64,695.96,691.56,687.15,682.45,677.90,673.96,670.65,668.50,669.41,669.88,668.61,665.17,660.21,656.38,654.06,652.60,651.15,649.70,649.35,649.68,650.47,651.97,653.01,654.00,655.18,656.72,658.32,659.67,661.21,663.54,666.63,669.68,673.27,677.76,682.88,688.93,695.23,701.26,706.55,712.16,718.85,726.48,734.83,742.85,749.72,756.86,765.06,774.56,781.78,787.30,792.12,796.80,800.50,802.97,805.06,807.49,811.12,815.12,820.04,825.68,831.54,837.27,844.18,852.73,862.71,871.27,879.30,887.17,894.88,901.97,907.43,912.71,917.69,921.66,924.99,928.40,931.68,934.61,937.19,939.68,942.84,946.83,951.70,957.07,961.75,966.02,970.39,975.32,980.32,985.55,990.68,994.58,998.30,1002.40,1006.79,1011.16,1015.32,1019.32,1022.99,1026.31,1029.79,1033.28,1036.64,1039.73,1042.44,1045.49,1048.68,1051.97,1055.47,1059.56,1064.27,1069.19,1074.09,1078.82,1082.72,1085.84,1088.63,1091.98,1097.74,1105.76,1113.45,1119.11,1122.38,1125.00,1127.69,1130.56,1133.48,1136.71,1140.19,1144.14,1148.70,1153.19,1157.49,1162.15,1167.31,1172.56,1177.38,1181.93
657.51,662.40,669.04,676.30,681.74,686.13,690.17,694.56,699.21,704.78,710.71,715.71,720.47,724.75,728.90,733.28,738.06,743.99,750.55,757.70,765.60,771.65,776.46,781.02,786.27,792.39,798.80,804.44,808.68,811.57,814.01,816.01,817.13,816.46,815.73,815.58,816.08,817.19,818.37,819.78,821.90,824.77,827.95,831.70,835.96,840.52,845.26,850.40,855.91,861.07,865.53,869.75,873.60,877.38,881.09,884.44,887.52,889.31,889.71,888.72,887.28,885.59,884.08,882.79,881.31,879.28,876.52,873.36,870.15,866.39,860.23,852.80,845.67,841.56,837.60,833.00,827.48,820.64,812.89,805.85,798.29,788.91,779.34,769.91,761.19,753.25,745.50,737.55,729.52,722.33,718.02,718.18,720.76,724.07,727.10,728.78,728.85,727.59,724.94,720.28,714.30,711.34,712.49,718.01,724.02,728.63,731.76,733.39,733.78,733.63,732.82,731.40,729.33,726.77,722.85,717.81,711.92,705.96,700.46,695.34,690.32,684.95,679.94,676.14,673.61,672.90,675.26,676.47,675.64,672.52,667.73,663.68,660.54,658.06,656.01,654.12,653.14,652.86,653.18,654.16,654.59,655.05,655.79,656.80,657.72,658.50,659.57,661.49,664.51,667.24,670.31,674.37,679.94,686.40,692.99,699.23,704.72,710.28,716.91,724.61,733.20,741.73,748.44,755.35,763.30,772.04,779.30,784.56,788.62,792.16,794.79,796.77,799.04,802.30,807.07,812.75,819.03,825.56,831.96,838.24,845.65,854.25,863.49,871.06,877.92,885.10,892.64,899.58,904.91,909.83,914.44,918.32,921.66,924.83,927.80,930.53,933.33,935.86,939.32,943.74,948.68,954.16,958.98,963.29,967.47,972.06,976.75,981.72,986.82,991.37,995.21,999.12,1003.24,1007.45,1011.38,1015.10,1018.70,1022.23,1025.74,1029.47,1033.05,1036.17,1038.55,1041.04,1043.66,1046.59,1049.99,1053.74,1058.29,1063.30,1068.57,1073.90,1078.70,1082.51,1085.68,1088.90,1093.35,1100.22,1107.51,1113.57,1117.27,1120.31,1123.43,1126.70,1129.96,1133.35,1136.86,1140.82,1145.47,1150.06,1154.41,1159.02,1164.07,1169.40,1174.34,1179.13
657.82,662.31,667.90,674.74,680.30,684.83,688.78,693.01,697.43,703.28,709.83,715.16,720.26,724.62,728.71,733.03,737.70,743.23,749.75,757.33,765.65,771.74,776.59,781.20,786.42,792.25,798.50,804.22,808.67,811.72,814.43,816.79,818.28,817.81,817.15,816.78,817.02,818.03,819.18,820.96,823.39,826.33,829.47,833.13,837.24,841.69,846.40,851.27,856.67,861.83,866.36,870.67,874.58,878.40,882.20,885.80,889.33,891.87,893.22,893.38,893.42,892.25,890.46,888.45,886.53,884.35,881.69,878.61,875.22,871.57,867.08,859.93,850.75,846.74,843.10,838.56,832.72,825.08,816.34,808.05,799.68,790.40,780.39,771.14,762.65,754.70,746.76,738.49,731.02,725.46,723.44,724.35,727.11,730.51,733.63,735.04,735.08,733.81,731.28,727.29,722.44,721.00,723.15,728.16,732.72,736.76,739.54,740.67,740.42,739.54,738.03,736.14,734.07,731.83,728.23,723.30,717.19,710.68,704.49,698.70,693.04,686.91,681.40,677.54,675.69,676.60,680.29,682.29,682.08,679.65,675.73,672.00,668.27,664.85,662.40,660.33,658.80,657.88,657.73,658.15,658.19,658.17,658.24,658.36,658.27,658.50,659.18,660.58,663.28,665.81,668.30,671.58,677.49,684.22,690.93,697.30,703.10,708.54,715.02,722.56,731.11,740.07,746.67,753.44,761.08,768.68,775.99,781.28,784.90,787.37,788.99,790.94,793.99,798.56,804.64,812.36,819.99,827.01,833.48,840.19,848.20,856.59,864.38,870.88,876.34,882.52,889.58,896.22,901.57,906.31,910.61,914.33,917.68,920.68,923.34,925.87,929.08,931.89,935.69,940.46,945.45,950.88,955.79,960.22,964.34,968.61,973.07,977.52,982.18,987.56,991.88,995.77,999.61,1003.58,1007.20,1010.60,1014.17,1018.02,1021.74,1025.82,1029.65,1032.90,1035.31,1037.22,1039.08,1041.51,1044.91,1048.53,1053.02,1058.18,1063.73,1069.13,1074.76,1079.62,1083.53,1086.53,1089.52,1094.97,1101.38,1107.36,1111.68,1115.42,1119.07,1122.76,1126.43,1129.98,1133.62,1137.61,1142.20,1146.94,1151.55,1156.17,1161.00,1166.27,1171.28,1176.34
658.08,662.37,667.46,673.55,679.11,683.81,687.75,691.80,695.92,701.54,708.34,714.90,720.27,724.60,728.60,732.96,738.23,743.52,749.80,757.44,765.82,771.87,776.71,781.36,786.64,792.44,798.53,804.09,808.64,812.32,815.50,817.95,819.37,819.15,818.61,818.13,818.16,819.08,820.55,822.63,825.14,828.00,831.13,834.71,838.69,843.01,847.63,852.34,857.48,862.54,867.23,871.60,875.59,879.46,883.29,887.01,890.76,893.67,895.73,897.05,898.37,898.28,897.02,894.85,892.32,889.57,886.72,883.72,880.44,877.00,872.78,866.96,859.63,853.46,847.94,842.65,836.63,828.19,819.30,810.20,801.24,792.52,782.98,773.73,765.16,756.95,747.91,739.48,732.83,729.12,730.02,732.58,736.15,739.65,742.19,743.01,742.85,741.72,739.63,736.50,732.69,731.31,732.87,737.21,741.23,744.82,747.02,747.49,746.85,745.57,743.59,740.98,737.89,735.26,732.03,727.65,721.57,713.82,707.17,701.24,695.26,688.22,682.36,678.59,677.57,680.10,684.11,686.61,687.39,686.25,683.14,679.56,675.96,672.69,670.15,667.98,666.20,664.98,664.43,664.12,663.65,663.02,662.39,662.10,661.20,660.58,660.36,660.79,662.87,665.20,667.50,670.39,675.81,682.36,689.03,695.48,701.51,707.03,713.32,720.44,728.55,737.83,744.33,750.49,757.30,764.49,771.14,776.67,780.81,783.19,784.85,788.88,793.93,799.51,806.51,814.70,822.54,829.67,836.22,842.76,849.99,857.26,863.78,869.18,874.08,879.29,885.16,891.67,896.92,901.61,905.86,909.37,912.19,914.97,917.72,920.48,923.55,927.18,931.42,936.25,941.63,947.18,952.19,956.66,960.73,964.92,969.30,973.59,977.86,982.62,987.41,991.82,995.91,999.75,1003.18,1006.37,1009.65,1013.26,1017.32,1021.18,1025.01,1028.79,1032.14,1034.15,1035.95,1038.09,1040.91,1044.30,1048.62,1054.16,1060.51,1066.15,1071.65,1077.03,1081.59,1084.43,1087.18,1091.06,1096.08,1101.82,1106.56,1110.83,1114.88,1118.93,1123.22,1126.89,1130.51,1134.46,1138.96,1143.68,1148.47,1153.28,1158.17,1163.29,1168.39,1173.56
658.33,662.49,667.18,672.60,678.15,682.98,686.89,690.83,694.82,700.14,706.92,714.55,720.27,724.60,728.72,733.49,739.22,744.31,750.27,757.66,765.86,771.87,776.78,781.53,786.87,792.68,798.64,804.01,808.48,812.60,816.27,818.88,820.32,820.49,820.08,819.57,819.58,820.57,822.16,824.39,826.95,829.73,832.83,836.29,840.21,844.46,848.98,853.58,858.50,863.49,868.33,872.78,876.85,880.69,884.43,888.20,892.07,895.29,898.08,900.72,903.32,904.30,903.62,901.43,898.32,894.97,891.78,888.61,885.15,881.77,877.55,872.61,866.75,859.31,852.43,846.34,839.89,830.80,821.77,812.14,802.86,794.66,785.94,776.72,767.85,759.14,749.22,741.15,736.06,734.54,737.52,741.24,745.26,748.74,750.93,751.45,751.21,750.21,748.46,745.84,742.59,741.12,742.37,746.64,750.55,753.64,755.20,754.99,753.66,751.82,749.28,746.00,741.96,738.28,734.95,731.00,725.25,716.57,709.40,703.30,697.14,689.40,683.46,680.13,680.04,683.77,687.80,690.48,691.93,691.88,689.72,686.68,683.52,680.54,677.95,675.70,673.84,672.49,671.72,670.93,670.17,669.22,668.18,667.38,665.69,664.18,663.02,662.41,663.16,664.92,667.00,669.64,674.41,680.72,687.25,693.63,699.82,705.35,711.43,718.21,725.87,734.62,741.21,747.00,752.91,759.57,765.80,771.35,775.83,778.84,781.87,787.96,794.74,801.29,808.83,816.89,824.57,831.62,838.00,844.28,850.69,856.84,862.29,866.88,871.25,875.64,880.47,886.45,891.66,896.44,900.76,904.28,906.85,909.46,912.21,915.13,918.25,922.39,926.89,931.74,937.33,942.95,948.18,952.90,957.05,961.12,965.30,969.47,973.60,977.90,982.79,987.49,991.82,995.71,999.06,1002.18,1005.29,1008.67,1012.80,1016.41,1020.11,1024.03,1027.85,1030.51,1032.85,1035.12,1037.54,1040.69,1044.82,1050.54,1057.42,1063.33,1068.64,1074.08,1078.97,1082.14,1084.93,1087.83,1091.71,1096.84,1101.82,1106.41,1110.71,1115.03,1119.81,1123.87,1127.62,1131.54,1135.95,1140.66,1145.55,1150.53,1155.57,1160.69,1165.86,1171.10
658.57,662.68,666.98,671.93,677.48,682.38,686.22,690.17,694.27,699.32,705.80,714.01,720.18,724.63,729.15,734.87,740.65,745.59,751.15,757.95,765.69,771.67,776.77,781.72,787.07,792.93,798.82,803.97,808.14,812.29,816.41,819.37,821.08,821.81,821.56,821.13,821.36,822.66,823.99,826.17,828.75,831.53,834.56,837.88,841.80,846.11,850.49,855.03,859.84,864.81,869.78,874.34,878.50,882.20,885.68,889.41,893.31,896.85,900.46,904.58,908.51,910.40,910.22,908.09,904.53,900.63,896.91,893.19,889.10,885.49,881.21,876.20,870.34,863.48,856.53,849.76,842.46,833.01,823.63,813.81,804.53,796.70,789.06,779.93,770.53,761.05,750.80,743.87,741.37,742.46,746.12,750.07,753.87,757.16,759.46,760.20,760.08,759.19,757.51,754.90,751.58,750.17,751.85,756.95,761.08,763.57,764.43,763.54,761.04,758.31,755.06,751.22,746.59,741.10,736.93,733.15,728.06,719.11,711.27,704.85,698.64,690.58,684.88,682.48,683.44,687.68,691.57,694.03,695.61,696.24,695.24,693.34,690.86,688.11,685.47,683.19,681.42,680.17,679.40,678.58,677.85,677.04,676.01,674.47,671.99,669.58,667.51,665.84,664.34,664.96,666.65,669.18,673.25,679.33,685.59,691.72,697.97,703.35,709.20,715.81,723.08,730.10,737.05,742.94,748.00,753.80,760.10,765.34,769.73,774.15,780.21,787.80,795.63,803.16,810.70,818.15,825.41,832.18,837.99,844.06,849.87,855.17,859.77,863.95,867.71,871.51,875.67,880.54,885.83,890.82,895.34,899.19,902.08,904.57,907.12,910.03,913.61,917.69,922.18,927.06,932.51,938.05,943.66,948.89,953.32,957.17,960.97,965.00,969.30,973.74,978.19,982.71,987.16,991.30,994.73,997.98,1001.18,1004.47,1008.21,1011.71,1015.13,1018.52,1021.91,1025.83,1029.39,1032.35,1034.80,1037.76,1041.68,1047.26,1054.13,1060.31,1065.52,1070.51,1075.30,1079.42,1082.45,1085.29,1088.52,1092.56,1097.57,1102.19,1106.54,1110.99,1116.06,1120.88,1125.00,1128.95,1133.31,1138.06,1142.97,1148.05,1153.29,1158.64,1163.84,1169.13
658.62,662.79,666.91,671.54,676.96,681.89,685.89,689.94,694.09,699.03,705.37,713.65,720.13,724.74,729.53,735.81,741.84,746.77,752.12,758.50,765.55,771.55,776.84,781.97,787.51,793.38,799.04,803.91,807.87,811.71,815.72,818.97,821.25,822.52,822.92,822.84,823.22,824.64,826.01,828.04,830.53,833.32,836.37,839.83,843.78,847.99,852.23,856.61,861.45,866.55,871.69,876.50,880.41,883.85,887.19,890.87,894.89,899.00,903.40,908.19,912.53,915.18,915.69,913.96,910.48,906.42,902.23,897.95,893.54,889.30,884.54,879.21,873.19,866.39,859.75,852.57,844.48,835.19,825.41,815.97,807.05,798.85,791.67,782.59,772.62,762.53,753.33,748.82,748.59,751.18,755.34,759.60,763.48,766.67,768.77,769.47,769.34,768.62,767.33,765.31,763.39,762.75,764.22,768.12,771.23,772.36,772.04,770.45,767.67,764.17,760.21,755.79,750.55,744.18,738.91,734.44,729.49,721.14,713.15,706.39,700.01,692.04,686.24,684.76,686.66,690.78,694.60,697.40,699.57,701.00,700.95,699.69,697.55,695.00,692.63,690.63,689.14,688.22,687.81,687.27,686.73,685.94,684.81,683.25,680.53,676.69,672.77,669.82,667.12,666.10,666.65,668.79,672.38,677.81,683.70,689.63,695.54,700.93,706.70,712.91,719.42,725.68,732.32,738.49,743.95,749.06,754.83,760.59,766.16,771.80,778.97,786.97,795.19,803.16,810.14,817.02,823.82,830.21,835.70,841.22,846.64,851.61,855.81,859.42,862.89,866.37,870.10,874.58,879.32,883.92,888.48,893.01,896.55,899.58,902.53,905.69,909.45,913.61,918.20,923.14,928.30,933.35,938.60,943.76,948.43,952.58,956.28,960.03,964.06,968.53,973.11,977.56,981.91,986.17,989.98,993.50,996.88,1000.26,1003.82,1007.24,1010.55,1013.80,1016.99,1020.65,1024.55,1028.33,1031.73,1035.04,1038.82,1044.11,1050.68,1056.67,1061.63,1066.38,1071.07,1075.40,1079.13,1082.54,1085.86,1089.38,1093.70,1098.33,1102.92,1107.47,1112.29,1117.70,1122.39,1126.66,1131.12,1136.22,1141.42,1146.74,1152.27,1157.99,1163.12,1168.08
658.54,662.84,666.86,671.27,676.50,681.44,685.66,689.85,694.05,698.97,705.21,713.36,720.02,724.77,729.82,736.59,742.85,747.81,753.02,759.00,765.38,771.42,776.89,782.24,788.03,793.88,799.23,803.81,807.58,811.11,814.82,818.27,821.11,822.85,824.06,824.51,825.10,826.53,827.96,829.94,832.38,835.19,838.26,841.99,846.01,850.10,854.20,858.47,863.43,868.71,873.97,878.82,882.39,885.59,888.89,892.59,896.78,901.48,906.49,911.56,916.01,919.18,920.35,919.18,916.03,912.04,907.55,902.87,898.19,893.33,888.06,882.36,876.09,869.17,862.81,855.24,846.46,837.45,827.46,818.44,809.86,801.23,793.93,784.85,774.56,764.27,756.73,754.92,756.69,760.38,765.00,769.58,773.54,776.60,778.41,779.01,778.87,778.35,777.47,776.12,775.69,775.80,776.77,778.89,780.45,780.09,778.62,776.38,773.43,769.34,764.79,759.81,753.88,747.03,740.74,735.35,730.25,722.61,714.78,707.80,701.18,693.48,687.61,686.91,689.62,693.63,697.59,700.98,703.89,706.05,706.74,705.98,704.13,701.82,699.72,697.99,696.85,696.30,696.27,696.09,695.74,694.92,693.65,692.15,689.31,684.34,678.78,674.38,670.74,668.09,667.19,668.51,671.58,676.25,681.64,687.27,692.81,698.19,703.84,709.70,715.61,721.37,727.46,733.84,740.01,744.94,750.13,756.56,763.50,770.15,777.69,785.74,794.03,802.02,808.35,814.75,821.09,827.09,832.38,837.37,842.38,847.08,851.06,854.26,857.52,860.77,864.23,868.51,872.72,876.97,881.53,886.56,890.77,894.51,898.05,901.61,905.59,909.87,914.56,919.53,924.45,929.01,933.72,938.51,943.21,947.59,951.35,954.91,958.66,963.07,967.81,972.30,976.58,980.87,985.02,988.81,992.35,995.76,999.21,1002.74,1006.15,1009.39,1012.47,1015.59,1019.50,1023.90,1028.32,1032.28,1036.15,1041.07,1047.09,1052.82,1057.55,1062.11,1066.63,1070.96,1075.31,1079.51,1083.31,1086.71,1090.37,1095.14,1100.05,1104.71,1109.16,1114.85,1120.07,1124.82,1129.57,1135.06,1140.63,1146.21,1151.91,1157.95,1162.92,1167.46
658.23,662.72,666.72,671.10,676.10,681.01,685.48,689.78,694.06,699.05,705.27,713.19,719.70,724.48,729.86,737.21,743.50,748.52,753.54,759.07,765.14,771.15,776.82,782.45,788.49,794.38,799.35,803.57,807.23,810.76,814.10,817.44,820.50,822.56,824.59,825.90,826.97,828.20,829.46,831.86,834.54,837.25,840.34,844.46,848.70,852.78,856.77,861.19,866.38,871.82,877.01,881.11,884.35,887.50,890.95,894.96,899.36,904.36,909.54,914.45,918.84,921.92,923.40,922.99,920.57,916.93,912.74,908.15,903.06,897.92,892.50,886.58,879.95,872.79,866.13,858.08,848.83,839.93,830.49,821.44,812.77,804.26,795.55,786.35,776.60,767.38,762.10,762.63,765.85,770.35,775.61,780.36,784.13,786.87,788.43,788.93,788.95,788.59,787.89,786.91,786.80,786.80,786.98,787.36,786.92,785.45,783.38,780.71,777.03,772.76,768.09,762.66,755.81,748.81,742.03,735.91,730.17,722.66,715.55,708.75,701.87,694.58,689.04,688.69,691.87,696.54,701.18,705.51,709.14,711.67,712.65,712.39,711.04,709.04,706.98,705.19,704.32,704.07,704.17,704.22,703.94,703.08,701.67,699.73,696.66,692.13,686.50,680.36,675.58,671.81,669.25,668.56,670.72,674.67,679.24,684.16,689.57,694.74,700.09,705.96,712.19,717.38,722.81,728.92,735.54,741.85,746.93,753.69,761.35,768.44,775.84,783.83,791.74,798.95,804.86,811.03,817.01,822.65,827.92,832.77,837.13,841.21,845.08,848.63,851.62,854.70,858.16,862.08,866.47,871.09,875.76,880.38,884.87,889.25,893.47,897.63,902.15,906.66,911.33,916.18,921.18,925.69,929.92,934.02,938.02,941.95,945.92,949.82,953.70,957.81,962.30,966.99,971.56,975.75,979.83,983.66,987.14,990.31,993.65,997.93,1001.92,1005.31,1008.30,1011.42,1015.17,1019.41,1024.07,1029.19,1033.82,1038.30,1043.12,1048.88,1053.62,1057.89,1062.07,1066.35,1070.68,1075.80,1080.65,1084.68,1088.56,1093.80,1099.16,1104.01,1108.18,1113.28,1118.73,1124.21,1129.70,1135.40,1141.35,1147.04,1152.57,1158.59,1163.16,1167.39
657.73,662.43,666.58,670.95,675.70,680.46,685.07,689.57,693.95,698.93,705.05,712.82,719.32,724.32,730.00,737.60,743.99,749.11,753.98,759.16,765.03,770.87,776.49,782.29,788.67,794.70,799.50,803.45,806.90,810.40,813.61,816.87,820.00,822.33,824.72,826.68,828.19,829.45,831.32,834.10,836.95,839.81,843.52,847.69,851.82,855.81,859.83,864.36,869.90,875.37,879.98,883.47,886.46,889.74,893.52,897.80,902.57,907.49,912.43,917.31,922.00,925.08,926.66,926.63,924.53,920.99,916.82,912.31,907.39,902.06,896.28,890.29,883.97,876.67,869.39,860.95,851.74,843.26,834.05,824.73,815.62,806.73,797.29,787.95,778.91,771.39,768.68,770.53,774.76,780.06,785.51,790.01,793.21,795.56,797.19,797.94,798.18,798.06,797.62,796.91,796.31,795.63,794.86,793.83,791.98,789.78,787.07,783.62,779.28,774.81,769.97,764.25,757.01,750.05,742.94,736.23,729.95,722.72,716.11,709.54,702.64,695.52,690.60,691.08,694.98,699.99,704.92,709.85,713.97,716.61,717.48,717.48,716.75,715.50,713.96,712.65,712.16,712.14,712.29,712.41,712.29,711.54,710.01,707.54,703.51,698.46,692.44,685.57,680.08,675.73,672.31,670.30,670.89,673.17,676.65,681.04,686.14,690.91,695.91,701.58,707.91,713.38,718.73,724.98,732.15,739.23,744.55,751.14,758.80,766.52,773.96,781.65,788.99,795.52,801.08,806.96,812.54,817.82,823.00,827.74,831.86,835.71,839.52,843.17,846.18,849.26,852.73,856.67,860.99,865.66,870.48,875.20,879.62,884.23,889.02,893.96,898.92,903.65,908.21,912.81,917.79,922.50,926.60,930.36,933.97,937.57,941.06,944.93,949.12,953.04,957.28,961.86,966.47,970.78,974.88,978.79,982.38,985.65,988.99,993.34,997.64,1001.48,1004.73,1007.79,1011.54,1015.79,1020.49,1026.12,1031.60,1036.15,1040.18,1045.44,1050.24,1054.56,1058.70,1063.06,1067.88,1073.79,1079.63,1084.64,1088.98,1094.76,1100.16,1104.72,1108.84,1113.85,1119.35,1125.01,1130.72,1136.38,1142.65,1148.43,1153.61,1159.23,1163.63,1167.74
657.00,661.92,666.31,670.77,675.28,679.84,684.47,689.21,693.69,698.62,704.63,712.31,718.92,724.27,730.22,737.79,744.33,749.56,754.33,759.24,764.95,770.52,775.98,781.86,788.61,794.82,799.62,803.40,806.60,810.04,813.31,816.55,819.64,822.21,824.63,827.01,828.97,830.55,833.47,836.58,839.56,842.80,847.40,851.43,855.24,859.09,863.21,867.89,873.77,879.06,882.81,885.86,888.79,892.34,896.53,901.07,906.22,910.81,915.29,920.23,925.36,928.49,930.08,930.13,928.06,924.39,920.04,915.56,911.14,905.82,899.63,893.67,888.06,880.72,872.73,864.00,855.12,847.25,838.11,828.42,818.67,809.06,799.39,789.98,781.76,776.24,776.06,778.53,783.35,789.30,794.76,798.83,801.40,803.45,805.34,806.42,806.78,806.81,806.58,805.94,804.39,802.71,800.94,798.82,796.03,793.31,789.91,785.51,780.59,775.88,770.85,764.96,757.74,750.95,743.69,736.52,729.81,722.90,716.60,710.26,703.49,696.43,692.27,693.77,698.47,703.68,708.61,713.85,718.16,720.72,721.32,721.43,721.38,721.09,720.34,719.81,719.74,719.88,720.06,720.16,720.27,719.71,718.15,715.18,709.90,703.79,697.26,690.42,684.46,679.87,676.21,673.54,672.25,672.35,674.44,678.10,682.50,686.68,691.25,696.64,702.96,709.19,715.00,721.79,729.59,736.97,742.74,748.81,755.94,764.25,771.89,779.13,785.83,791.79,797.00,802.50,807.70,812.64,817.71,822.38,826.62,830.57,834.31,837.92,841.15,844.30,847.70,851.79,855.85,860.29,865.23,870.56,874.88,879.49,884.70,890.40,895.70,900.65,904.99,909.18,914.14,919.17,923.44,927.17,930.65,934.01,936.61,940.14,944.69,948.57,952.57,956.81,961.28,965.89,970.12,974.14,977.98,981.61,985.07,989.08,993.47,997.88,1001.60,1004.63,1008.57,1013.01,1017.62,1023.28,1029.55,1034.49,1038.07,1042.46,1047.30,1051.94,1056.40,1061.04,1066.70,1073.30,1079.97,1086.04,1091.03,1097.22,1102.39,1106.42,1110.68,1115.91,1121.34,1126.80,1132.32,1137.78,1144.31,1150.12,1154.85,1159.84,1164.23,1168.34
655.68,660.71,665.31,670.19,674.79,679.22,683.67,688.51,693.09,698.10,704.18,711.97,718.67,724.27,730.37,737.82,744.29,749.58,754.34,759.06,764.42,769.88,775.32,781.30,788.33,794.41,799.30,803.19,806.33,809.66,813.24,816.66,819.74,822.30,824.72,827.13,829.67,832.49,835.70,839.15,842.52,846.11,850.95,855.13,858.79,862.41,866.69,871.96,877.43,882.00,885.23,888.21,891.78,895.77,900.20,905.24,910.07,914.30,918.62,923.61,928.45,931.49,933.14,933.29,931.17,927.28,922.65,917.99,913.70,909.31,903.30,897.41,892.12,884.90,876.87,868.00,859.09,851.62,843.09,833.42,823.27,813.16,803.17,794.11,786.80,782.55,783.51,786.60,791.13,796.78,803.06,807.47,810.76,813.42,815.29,815.63,815.22,814.60,813.79,812.46,810.30,807.98,805.57,802.82,799.41,795.96,791.87,786.92,781.62,776.70,771.44,765.46,758.53,752.06,744.92,737.65,730.68,723.71,717.59,711.20,704.31,697.70,694.10,695.63,700.45,706.44,711.53,716.52,720.37,722.54,723.60,724.07,724.46,724.62,724.14,723.82,723.87,724.16,724.56,724.75,724.94,724.56,723.28,720.67,715.45,709.51,703.24,696.47,689.81,684.90,681.38,678.87,676.63,675.52,675.42,676.24,678.24,681.40,685.41,690.84,697.81,703.97,711.05,719.03,727.42,735.01,741.27,746.80,752.90,760.77,768.72,775.63,781.89,787.51,792.03,796.86,801.82,806.85,812.00,816.80,821.48,825.70,829.31,833.20,836.50,839.40,842.26,845.76,849.57,853.39,858.20,864.96,870.59,875.46,880.61,886.35,891.81,896.88,900.64,904.10,909.46,914.64,919.35,923.48,926.90,929.81,931.98,935.23,939.70,943.76,947.67,951.50,955.75,960.92,965.35,969.60,973.70,977.69,981.85,985.91,990.20,994.59,998.67,1002.21,1006.91,1011.81,1016.20,1021.81,1028.22,1033.20,1036.51,1040.19,1044.73,1050.04,1055.67,1061.28,1067.72,1074.78,1081.61,1087.80,1093.66,1099.45,1104.29,1108.46,1113.06,1118.28,1123.54,1128.75,1133.97,1139.41,1145.90,1151.45,1155.71,1160.26,1164.62,1168.75
654.03,659.16,664.14,669.57,674.21,678.46,682.78,687.67,692.40,697.51,703.62,711.47,718.42,724.28,730.48,737.79,744.03,749.28,754.01,758.63,763.67,769.03,774.56,780.65,787.65,793.57,798.61,802.66,805.81,809.13,812.95,816.72,820.07,822.65,825.08,827.47,830.43,834.30,837.86,841.66,845.49,849.53,854.51,858.72,862.25,865.74,870.08,875.73,880.63,884.54,887.66,891.01,895.16,899.47,904.00,909.15,913.62,917.74,922.13,927.07,931.30,934.27,936.07,936.40,934.36,930.02,925.03,920.15,915.85,912.24,907.04,901.63,896.41,889.21,881.30,872.35,863.28,856.25,848.60,839.45,829.28,818.66,808.27,799.53,793.12,789.91,791.06,794.57,799.61,805.66,812.12,816.74,820.35,823.20,824.94,824.97,824.15,822.88,821.18,818.84,816.09,813.19,810.10,806.68,802.78,798.79,794.03,788.41,782.84,777.53,771.95,765.95,759.60,753.44,746.59,739.56,732.67,725.54,719.11,712.42,705.41,699.02,695.55,696.73,701.49,708.34,713.41,718.02,721.41,723.41,725.27,726.30,727.07,727.54,727.36,727.14,727.27,727.68,728.20,728.50,728.84,728.65,727.71,725.63,720.94,715.19,709.08,702.80,696.31,691.56,688.19,685.68,682.84,680.74,678.54,676.60,676.32,677.91,680.72,685.41,692.38,699.07,707.21,716.15,725.13,733.00,739.47,744.60,749.96,757.19,764.90,771.38,777.19,782.41,786.38,790.52,795.09,800.09,805.42,810.40,815.22,819.53,823.24,827.48,831.00,833.99,836.75,839.82,843.37,846.77,851.27,858.43,865.40,871.07,876.43,881.97,887.32,892.38,895.94,898.99,904.02,908.91,913.68,918.10,921.86,924.96,927.34,930.53,934.77,938.93,942.67,946.17,950.17,955.38,960.01,964.73,969.34,973.83,978.68,983.08,987.51,992.04,996.44,1000.74,1006.26,1011.62,1015.89,1021.33,1027.60,1032.45,1035.56,1038.80,1043.34,1049.24,1055.84,1062.48,1069.47,1076.65,1083.43,1089.59,1095.69,1101.08,1105.87,1110.44,1115.41,1120.53,1125.56,1130.56,1135.65,1141.11,1147.22,1152.30,1156.16,1160.38,1164.71,1168.89
652.07,657.22,662.91,668.97,673.50,677.52,681.79,686.69,691.70,696.90,702.90,710.68,718.11,724.28,730.57,737.71,743.52,748.54,753.23,757.84,762.70,767.91,773.67,779.91,786.40,792.17,797.43,801.68,804.90,808.35,812.24,816.56,820.67,823.38,825.83,828.23,831.33,835.63,839.88,844.07,848.39,853.04,858.17,862.11,865.55,869.06,873.27,878.85,883.08,886.63,890.26,894.54,898.96,903.38,907.83,912.41,916.63,921.05,925.79,930.52,933.86,936.80,938.89,939.52,937.75,932.69,927.21,922.14,917.67,914.32,910.77,906.52,901.04,893.66,885.98,876.96,867.71,861.16,854.65,846.73,837.12,825.92,815.07,806.47,800.89,798.55,798.74,802.43,809.47,817.30,822.63,827.04,829.94,832.03,833.56,834.26,833.91,832.25,829.40,825.76,822.34,818.80,814.92,810.61,806.34,802.17,796.79,790.22,784.44,778.49,772.39,766.47,761.10,755.21,748.87,742.52,736.17,728.90,721.38,714.06,706.98,700.32,696.34,696.82,701.41,709.07,713.83,717.97,721.12,723.42,726.39,728.23,729.36,730.05,730.32,730.23,730.48,730.93,731.39,731.78,732.40,732.48,731.82,730.36,726.62,720.72,714.39,709.25,704.45,700.65,697.34,694.26,691.21,688.16,684.24,680.35,678.46,677.72,678.31,680.94,686.60,695.06,703.67,712.94,722.54,730.81,737.01,742.01,747.23,753.81,760.31,766.13,771.43,776.12,779.85,783.38,787.28,791.90,797.55,802.70,807.12,811.19,815.36,819.98,824.00,827.72,831.24,834.37,837.66,841.06,845.05,850.67,858.62,865.86,872.02,877.19,881.99,886.91,890.96,894.27,897.64,901.59,905.72,910.12,914.84,919.18,922.67,926.23,930.14,934.13,937.54,940.92,944.62,948.91,953.75,959.30,964.80,970.01,975.42,980.47,985.55,990.61,995.35,1000.63,1006.87,1012.62,1016.99,1022.11,1027.95,1032.51,1035.48,1038.64,1043.79,1050.06,1057.04,1064.58,1071.74,1078.59,1085.15,1091.25,1096.55,1101.80,1106.99,1112.20,1117.53,1122.47,1127.18,1132.06,1137.36,1142.82,1148.10,1152.47,1156.06,1160.05,1164.37,1168.66
651.14,656.28,662.30,668.72,673.39,677.44,681.68,686.49,691.63,696.96,702.92,710.36,717.84,724.21,730.60,737.60,743.22,748.03,752.60,757.17,761.96,767.28,773.15,779.24,785.14,790.69,796.00,800.50,803.98,807.39,811.42,816.29,821.09,824.02,826.65,829.33,832.61,836.99,842.07,846.63,851.29,856.27,861.20,865.14,868.63,872.18,876.29,881.15,885.26,889.06,893.07,897.68,902.26,906.81,911.37,915.89,920.22,924.78,929.36,933.51,936.71,939.94,942.06,942.36,940.55,936.79,931.05,924.80,919.96,916.37,913.01,909.04,903.79,896.84,888.99,880.87,872.88,865.57,858.55,851.04,842.43,832.49,822.93,814.43,808.71,806.54,807.42,811.64,818.18,825.10,830.17,834.23,836.97,839.04,840.73,842.04,842.22,840.72,837.69,833.74,829.32,824.77,820.08,815.16,810.34,805.76,800.59,794.36,787.20,780.27,773.88,768.13,763.12,757.72,751.49,744.96,738.41,731.64,724.01,716.49,709.28,702.28,698.06,697.77,701.35,708.32,713.23,717.37,720.95,724.13,727.43,729.64,731.03,731.88,732.29,732.38,732.66,733.21,733.98,734.61,735.40,735.94,736.00,735.27,732.60,727.88,722.13,716.47,711.95,708.47,705.27,702.06,698.94,695.60,691.35,686.69,682.81,679.45,678.40,679.45,683.38,692.52,701.24,710.03,719.16,727.94,734.19,739.17,744.09,749.74,755.30,760.75,765.85,770.38,774.17,777.44,780.65,784.49,789.91,795.27,799.57,803.44,807.49,811.84,816.11,820.54,825.01,828.87,832.80,836.50,840.44,845.54,852.56,859.54,865.79,871.12,875.89,880.45,884.32,887.65,890.97,894.93,899.12,903.56,908.28,912.82,917.34,921.56,925.49,929.50,933.19,936.73,940.34,944.39,949.02,954.37,959.93,965.58,971.60,977.60,983.63,989.57,995.18,1001.41,1007.81,1013.36,1017.62,1023.04,1028.66,1033.00,1035.93,1039.12,1044.92,1051.53,1058.42,1065.65,1072.55,1079.17,1085.57,1091.54,1096.51,1101.71,1107.13,1112.62,1117.97,1122.92,1127.65,1132.54,1137.81,1143.16,1148.21,1152.40,1155.77,1159.22,1163.34,1167.87
650.89,655.98,662.20,668.76,673.55,677.67,681.88,686.56,691.73,697.19,703.14,710.19,717.60,724.12,730.60,737.49,743.01,747.65,752.09,756.60,761.35,766.88,772.82,778.69,784.07,789.31,794.61,799.36,803.20,806.58,810.80,816.14,821.48,824.61,827.50,830.56,834.05,838.39,844.26,849.21,854.14,859.33,864.15,868.18,871.73,875.29,879.38,883.59,887.73,891.85,896.10,900.79,905.45,910.14,914.86,919.50,924.01,928.57,932.85,936.51,939.91,943.34,945.32,945.18,943.28,941.03,935.34,928.05,922.59,918.52,914.88,910.89,905.92,899.48,891.34,884.14,877.65,869.59,861.76,854.39,846.79,838.46,830.49,822.49,816.74,814.57,816.32,820.86,826.23,831.66,836.64,840.28,843.12,845.54,847.66,849.53,850.14,848.90,845.98,841.83,836.53,831.04,825.55,820.00,814.43,809.36,804.47,798.86,790.59,782.85,776.12,770.32,765.37,760.38,754.17,747.32,740.47,734.24,726.85,719.35,712.00,704.73,700.13,698.94,701.30,707.21,712.35,716.67,720.82,724.91,728.44,730.87,732.49,733.49,733.95,734.23,734.53,735.16,736.23,737.14,738.06,739.02,739.80,739.76,738.17,735.07,730.49,724.54,719.67,716.08,712.77,709.42,706.29,702.89,698.70,693.72,688.10,682.37,679.76,679.43,681.91,691.08,699.70,707.85,716.17,725.07,731.31,736.26,740.84,745.51,750.25,755.35,760.31,764.79,768.64,771.71,774.36,777.53,782.68,788.17,792.39,796.02,799.79,803.75,808.17,813.10,818.27,823.07,827.99,832.27,836.45,841.44,847.24,853.38,859.37,864.85,869.55,873.70,877.28,880.57,884.17,888.29,892.72,897.32,902.05,906.70,911.99,916.83,920.99,925.14,929.28,933.10,936.83,940.88,945.25,950.11,955.51,961.53,968.18,975.12,982.18,989.10,995.50,1002.46,1008.80,1014.00,1018.24,1024.17,1029.59,1033.70,1036.72,1040.16,1046.44,1053.09,1059.60,1066.24,1072.79,1079.17,1085.39,1091.21,1096.02,1101.15,1106.69,1112.39,1117.76,1122.80,1127.64,1132.52,1137.65,1142.88,1147.99,1152.17,1155.29,1158.15,1161.86,1166.45
651.83,656.82,663.23,669.46,674.02,678.05,682.26,686.71,691.78,697.28,703.27,710.09,717.38,724.00,730.58,737.41,742.84,747.49,751.88,756.24,760.90,766.72,772.75,778.50,783.66,788.38,793.57,798.59,802.92,806.51,811.04,816.55,821.92,825.14,828.32,831.82,835.58,839.95,846.18,851.69,856.88,862.13,867.55,871.71,875.09,878.53,882.88,887.49,891.60,895.56,899.70,904.19,908.84,913.63,918.50,923.27,927.85,932.10,936.12,940.05,944.00,947.03,948.53,948.27,946.50,944.13,939.31,932.71,925.94,921.08,917.19,913.08,907.97,901.69,893.13,885.94,880.05,872.73,864.91,857.69,850.60,843.08,835.74,829.72,825.44,823.50,824.84,828.52,833.26,838.22,842.67,845.91,849.06,852.29,855.40,857.74,858.31,857.12,854.13,849.10,843.75,838.01,831.83,825.14,818.37,812.73,807.52,801.96,794.96,787.35,779.85,773.12,767.88,762.80,756.68,750.05,743.40,736.99,730.01,722.78,715.44,708.18,702.32,699.90,701.27,706.49,711.68,716.25,720.65,725.11,729.40,732.04,733.84,735.08,735.63,736.05,736.40,737.00,738.05,739.12,740.16,741.22,742.15,742.56,741.84,740.45,738.32,734.76,728.89,724.30,720.18,716.16,712.99,709.59,705.32,700.17,694.18,687.40,682.88,681.26,683.73,691.85,700.10,707.92,715.49,722.97,728.68,733.46,737.69,741.51,745.55,750.06,754.71,759.12,762.67,765.36,767.96,771.33,776.63,781.88,785.80,789.14,792.63,796.59,801.06,805.72,810.62,816.24,822.36,827.85,832.88,838.00,843.73,849.12,854.33,859.26,863.23,867.09,870.69,874.03,877.27,880.95,885.42,890.63,896.47,902.07,907.36,912.35,917.08,921.52,926.00,930.32,934.54,938.84,943.23,947.76,953.09,959.59,966.89,974.37,982.36,990.22,996.54,1003.48,1009.59,1014.68,1019.30,1025.89,1030.90,1034.69,1038.07,1042.51,1048.52,1054.20,1059.81,1066.32,1072.68,1078.67,1084.55,1090.24,1094.93,1099.75,1105.35,1111.45,1117.13,1122.38,1127.22,1131.94,1136.78,1141.89,1147.39,1151.62,1154.30,1156.87,1159.55,1163.42
654.88,659.37,665.59,670.81,674.76,678.51,682.53,686.68,691.42,696.75,702.74,709.69,716.94,723.45,729.94,736.77,742.48,747.28,751.62,755.77,760.18,766.10,772.33,778.23,783.31,787.71,792.96,798.25,802.86,806.60,811.34,816.88,822.26,825.90,829.45,833.22,837.29,842.05,848.60,854.56,860.25,865.99,871.81,875.94,879.34,882.88,887.22,891.53,895.42,899.28,903.40,907.82,912.47,917.34,922.29,927.05,931.47,935.65,939.91,944.29,947.93,950.30,951.34,950.99,949.42,947.18,943.03,937.02,929.82,924.26,919.93,915.48,910.12,903.99,895.97,889.13,883.43,876.57,868.71,861.73,855.23,848.51,841.57,836.29,832.86,831.56,832.85,836.32,840.70,845.33,849.67,853.00,856.93,860.82,863.88,865.63,865.43,863.72,860.56,855.57,850.20,844.26,837.69,830.47,822.91,816.31,810.39,804.76,798.54,791.33,783.47,776.07,770.56,765.26,759.28,753.04,746.85,740.40,733.70,726.79,719.70,712.49,705.62,702.24,702.55,706.39,711.36,716.10,720.73,725.39,730.06,733.16,735.19,736.52,737.26,737.77,738.18,738.78,739.73,740.80,741.85,742.97,744.07,744.89,744.88,744.68,744.12,742.20,736.91,732.18,727.54,722.80,718.87,714.97,710.59,705.52,699.43,692.06,686.42,683.97,686.24,693.54,701.05,708.41,715.56,722.00,726.83,730.83,734.39,737.63,741.04,744.77,748.87,753.13,756.61,759.33,762.10,765.66,770.90,775.77,779.62,782.99,786.36,789.82,794.04,798.56,803.45,809.40,816.01,822.61,828.90,834.72,840.31,845.22,849.84,854.10,857.31,860.63,863.98,867.32,870.79,874.60,879.12,884.67,891.43,898.14,903.83,908.98,913.85,918.61,923.47,928.30,933.12,937.92,942.35,946.77,952.04,958.70,966.36,974.08,982.60,991.04,997.34,1004.06,1010.00,1015.21,1020.31,1026.94,1031.63,1035.28,1038.94,1044.07,1049.80,1054.78,1059.68,1065.76,1071.81,1077.54,1083.20,1088.74,1093.50,1098.24,1103.77,1109.91,1115.71,1121.01,1125.86,1130.49,1135.12,1139.99,1145.68,1150.27,1153.20,1155.52,1157.66,1160.65
659.68,663.43,669.05,672.82,675.93,679.17,682.80,686.53,690.81,695.78,701.69,708.98,716.22,722.49,728.74,735.61,741.92,747.00,751.31,755.19,759.25,765.05,771.49,777.71,782.92,787.20,792.65,798.19,802.92,806.77,811.64,817.15,822.57,826.87,830.82,834.75,839.13,844.57,851.44,857.78,864.14,870.67,876.61,880.59,884.16,887.95,892.08,895.56,899.13,902.96,907.11,911.55,916.24,921.17,926.15,930.75,934.88,939.29,944.11,948.87,951.58,953.19,953.82,953.41,952.07,950.22,946.52,941.00,934.15,927.98,923.07,918.17,912.57,906.56,899.76,893.58,887.87,881.23,873.29,866.53,860.62,854.70,848.08,842.66,839.58,839.14,840.64,844.36,848.59,852.94,857.48,861.30,866.17,870.39,872.57,873.01,871.56,868.97,865.55,861.25,855.86,849.70,843.03,835.82,827.91,820.08,813.22,807.38,801.42,794.78,787.05,779.34,773.43,767.86,761.98,756.20,750.61,744.37,737.84,731.26,724.57,717.38,709.82,705.71,704.85,706.85,711.39,716.27,721.08,725.83,730.52,734.25,736.58,737.92,738.88,739.41,739.91,740.53,741.33,742.26,743.26,744.41,745.68,746.88,747.53,748.16,748.43,747.42,743.86,739.59,734.71,729.25,723.99,719.23,714.64,709.74,703.68,696.07,690.00,687.15,689.12,695.79,702.28,709.00,715.87,721.65,725.42,728.31,730.99,733.81,736.66,739.55,742.97,746.95,750.57,753.65,756.77,760.48,765.38,769.70,773.55,777.16,780.51,783.23,787.10,791.71,796.90,802.84,809.35,816.78,824.49,831.42,836.85,841.52,845.71,849.27,851.78,854.41,857.28,860.57,864.73,869.11,873.78,879.55,887.04,894.85,901.28,906.58,911.28,916.34,921.59,926.92,932.39,937.91,942.38,946.78,952.00,958.57,966.34,974.08,982.78,991.51,997.86,1004.29,1010.12,1015.62,1021.22,1027.33,1031.74,1035.40,1039.31,1044.84,1050.33,1054.88,1059.24,1064.60,1070.26,1075.85,1081.38,1086.79,1091.77,1096.59,1101.98,1107.87,1113.61,1118.81,1123.64,1128.28,1132.80,1137.36,1142.96,1148.07,1151.84,1154.08,1156.13,1158.23
665.63,669.15,673.35,676.22,678.65,681.05,683.63,686.70,690.47,695.10,700.74,707.74,714.64,720.90,727.12,733.88,741.06,746.61,750.95,754.56,758.27,763.64,769.70,776.04,782.23,786.72,792.12,797.79,802.93,806.89,811.93,817.66,823.38,828.08,832.26,836.25,840.91,847.09,854.47,861.37,868.39,875.29,880.48,884.34,888.14,892.11,896.01,899.27,902.73,906.50,910.55,914.82,919.76,924.85,929.69,933.90,938.15,943.31,948.32,952.01,954.34,955.84,956.32,955.76,954.59,953.05,949.75,944.88,938.89,932.29,926.77,921.76,916.53,910.40,904.35,898.95,893.78,887.54,879.92,872.70,866.52,861.41,855.67,851.10,848.58,848.29,849.56,853.04,857.03,861.16,865.63,870.00,874.34,877.62,878.99,878.65,876.60,873.54,869.83,865.53,860.00,853.80,847.24,840.32,832.70,824.00,816.22,809.96,804.06,798.04,791.47,784.29,776.83,770.99,765.03,759.24,753.95,748.61,742.39,735.90,729.25,722.01,714.38,709.42,707.17,707.87,712.14,717.27,722.17,726.70,731.27,735.40,738.23,739.88,740.72,741.25,741.73,742.26,742.89,743.72,744.68,745.82,747.09,748.42,750.32,752.13,753.26,752.89,750.16,745.82,740.60,734.64,727.98,722.60,717.38,711.84,705.66,698.14,692.13,689.51,691.81,697.71,703.05,708.62,714.53,719.74,723.08,725.56,727.68,729.75,732.28,734.88,737.81,741.27,745.05,748.71,752.35,756.04,759.74,763.01,766.29,769.62,772.89,776.04,780.62,785.96,791.76,797.95,804.29,811.40,819.29,827.42,833.27,837.76,841.51,844.58,846.82,849.06,851.48,854.60,859.32,864.07,869.51,876.21,884.44,892.79,899.69,905.16,909.77,914.93,920.46,926.14,932.18,938.56,942.96,947.07,952.06,958.57,966.38,974.11,982.82,991.61,998.02,1004.36,1010.25,1016.00,1021.75,1026.86,1030.80,1034.53,1038.91,1044.84,1050.25,1054.45,1058.13,1062.46,1067.96,1073.46,1078.85,1084.20,1089.54,1094.51,1099.86,1105.51,1110.86,1115.73,1120.49,1125.22,1129.87,1134.45,1139.10,1144.14,1149.09,1152.25,1154.43,1156.38
671.74,675.06,678.05,680.35,682.31,683.95,685.51,688.08,691.29,695.16,700.00,706.47,712.86,718.86,724.76,731.21,739.48,745.83,750.50,754.03,757.44,762.17,767.77,774.23,781.31,786.07,791.57,797.47,803.01,807.21,812.42,818.30,824.25,829.32,833.63,837.81,842.84,849.54,857.27,864.41,871.82,878.99,883.58,887.48,891.56,895.69,899.36,902.53,905.95,909.68,913.68,917.91,923.05,928.15,932.76,936.72,941.27,946.80,951.75,954.76,957.02,958.48,958.88,958.28,957.22,955.88,952.95,948.64,943.35,936.96,931.23,926.15,921.23,915.15,909.73,905.00,900.39,894.57,887.30,880.00,874.03,870.19,866.10,862.59,860.20,859.27,859.98,862.60,865.98,869.69,873.75,878.08,881.64,884.12,885.10,884.21,881.72,878.25,874.18,869.71,864.14,857.81,851.20,844.55,837.48,828.59,820.31,813.55,807.39,801.71,796.06,789.59,781.43,774.65,768.33,762.44,757.19,752.52,746.88,740.69,734.07,726.77,719.16,713.41,709.89,709.37,713.13,718.35,723.50,728.16,732.68,736.96,740.04,741.90,742.70,743.16,743.59,744.03,744.51,745.21,746.13,747.22,748.56,750.48,753.52,756.16,757.85,758.01,756.00,751.66,746.07,739.40,731.42,725.25,719.34,713.12,706.53,699.32,693.82,691.71,694.20,699.31,703.66,707.98,712.47,716.52,719.66,722.11,724.04,725.63,727.94,730.37,732.94,735.85,739.40,743.20,746.98,750.48,753.36,755.96,758.83,761.95,765.34,769.27,774.80,781.01,787.48,794.02,800.03,806.53,814.05,822.56,828.89,833.41,836.96,839.78,841.97,844.12,846.39,849.39,854.31,859.62,866.01,873.59,882.35,891.16,898.45,904.06,908.64,913.91,919.66,925.57,932.03,939.17,943.57,947.54,952.42,958.83,966.54,974.06,982.61,991.36,997.87,1004.05,1009.95,1015.89,1021.77,1025.97,1029.38,1032.99,1037.54,1043.67,1049.21,1053.27,1056.45,1059.96,1065.17,1070.53,1075.84,1081.19,1086.81,1092.09,1097.54,1103.07,1108.03,1112.47,1117.04,1121.73,1126.44,1131.27,1135.29,1139.93,1145.24,1149.36,1152.28,1154.47
677.69,680.73,683.20,685.31,687.12,688.30,689.15,691.54,694.17,696.51,699.58,705.36,710.99,716.19,721.18,727.02,736.69,744.38,749.87,753.67,756.89,760.72,765.94,772.57,780.10,785.08,791.05,797.41,803.27,807.93,813.27,819.10,825.04,830.50,834.88,839.50,845.02,851.88,859.58,866.30,873.60,881.02,885.61,889.82,894.25,898.52,901.95,905.08,908.51,912.25,916.35,920.84,926.00,930.82,935.08,939.14,944.14,949.19,953.73,957.30,959.88,961.22,961.57,961.10,960.13,958.76,956.16,952.25,947.16,942.13,936.83,931.67,926.70,921.16,916.27,911.97,907.72,902.31,895.31,888.85,884.33,882.62,881.39,878.93,875.79,873.05,872.78,873.59,875.68,878.58,881.69,884.90,887.75,890.13,891.48,890.27,887.42,883.50,878.92,874.25,868.80,862.14,855.12,848.61,842.32,834.37,826.36,819.00,812.04,806.19,800.69,794.92,788.08,779.12,772.01,766.00,760.39,755.74,751.11,745.67,739.23,731.88,724.18,717.85,713.33,711.59,714.26,719.30,724.98,730.51,735.19,739.27,742.09,743.84,744.83,745.15,745.49,745.86,746.23,746.80,747.61,748.60,750.24,753.63,757.42,760.15,761.83,762.40,761.20,757.23,751.22,743.40,734.26,726.90,720.32,713.63,706.17,699.59,695.23,693.85,696.12,700.42,704.13,707.22,709.69,711.49,714.57,717.46,719.75,721.47,723.63,725.93,728.30,730.74,733.33,736.40,739.53,742.62,745.64,748.47,751.41,754.66,758.52,763.50,770.05,777.13,784.28,791.25,796.67,802.44,809.04,816.39,823.06,827.99,831.79,834.75,837.10,839.63,842.27,845.36,849.81,856.09,863.50,871.68,880.58,889.91,897.51,903.23,907.82,913.26,919.22,925.16,931.78,939.49,944.05,948.25,953.26,959.57,966.90,973.88,982.02,990.59,997.24,1003.13,1008.85,1014.91,1021.00,1024.63,1027.47,1030.56,1034.65,1040.64,1046.62,1050.90,1053.99,1057.17,1061.75,1066.89,1072.20,1077.64,1083.33,1089.16,1095.00,1100.59,1105.32,1109.20,1113.36,1117.76,1122.33,1127.69,1131.97,1135.82,1139.84,1144.63,1149.34,1152.27
682.19,685.00,687.72,690.60,693.10,694.94,696.35,698.52,700.26,701.29,702.66,706.33,710.25,714.29,718.36,723.35,732.56,741.79,748.79,753.25,756.46,759.94,764.92,771.16,777.97,783.51,790.17,797.09,803.34,808.19,813.61,819.46,825.44,831.04,835.53,840.54,846.40,853.17,860.31,866.75,874.08,881.73,886.51,890.99,895.54,899.82,903.26,906.52,910.07,913.88,917.97,922.38,927.30,932.11,936.66,941.11,946.18,951.07,955.58,959.41,962.05,963.61,964.13,963.71,962.78,961.50,959.38,956.06,951.14,946.22,941.49,936.99,932.66,928.25,924.11,919.89,915.18,909.31,902.34,897.00,893.81,892.88,892.59,891.44,889.57,887.43,885.92,884.80,885.15,886.87,889.61,892.94,895.78,897.78,898.33,896.31,892.98,888.79,884.09,879.20,873.75,867.24,860.14,853.19,847.15,839.81,832.35,825.22,817.93,811.41,805.54,799.88,793.50,784.49,776.62,769.97,764.33,759.48,754.95,749.89,743.94,736.78,728.85,721.63,716.22,714.00,715.03,719.61,725.58,731.73,736.82,740.92,744.01,746.09,746.97,747.27,747.50,747.76,748.10,748.58,749.59,751.29,753.79,757.29,760.63,763.19,765.00,765.88,765.04,761.14,755.25,747.46,737.41,728.70,721.13,713.83,705.92,699.48,696.24,695.80,697.87,701.05,703.88,706.23,708.01,709.15,711.22,713.50,715.72,717.82,719.97,722.01,724.10,726.31,728.53,730.99,733.23,735.24,737.25,740.00,743.44,747.53,752.62,759.21,766.57,773.90,780.95,787.62,792.96,798.37,804.32,810.78,816.28,820.57,824.30,827.87,831.74,834.92,838.13,841.94,847.18,853.91,862.26,871.15,879.90,888.88,896.47,902.39,907.27,912.99,919.17,925.09,931.44,938.84,943.90,948.59,953.79,959.93,967.01,973.66,981.17,989.21,996.11,1001.92,1007.42,1013.19,1019.13,1022.90,1025.65,1028.35,1031.74,1036.85,1042.63,1047.34,1051.01,1054.39,1058.67,1063.63,1069.06,1074.88,1080.93,1086.85,1092.61,1098.07,1102.76,1106.48,1110.13,1114.00,1118.26,1123.11,1127.80,1132.01,1135.86,1140.05,1144.40,1148.18
686.07,688.89,692.14,695.82,698.99,701.69,703.98,705.99,706.97,707.09,707.18,708.63,710.78,713.63,716.86,721.13,729.17,739.25,747.42,752.58,755.97,759.46,764.29,770.00,775.86,781.87,789.18,796.67,803.32,808.28,813.71,819.56,825.58,831.27,835.89,841.27,847.41,853.98,860.38,866.56,873.81,881.53,886.80,891.57,896.14,900.37,903.94,907.41,911.09,914.95,918.99,923.25,927.82,932.71,937.75,942.75,947.78,952.64,957.24,961.25,964.04,965.91,966.65,966.29,965.37,964.14,962.47,959.75,955.17,950.09,945.84,942.06,938.48,935.10,931.58,927.35,922.20,915.92,909.25,904.96,902.70,901.88,901.79,901.83,901.51,900.36,897.78,895.15,894.09,894.83,897.48,901.11,903.93,905.38,904.92,902.21,898.41,894.03,889.29,884.26,878.82,872.58,865.57,858.10,851.94,845.16,838.38,831.66,824.24,816.95,810.52,804.62,798.28,789.90,781.41,774.08,768.45,763.36,758.61,753.75,748.29,741.38,733.25,725.12,718.83,716.22,715.64,719.66,725.77,732.38,737.95,742.38,745.95,748.45,749.25,749.59,749.75,749.97,750.36,750.83,752.13,754.55,757.79,760.92,763.54,765.96,768.06,769.24,768.47,764.50,758.76,751.31,740.95,730.68,721.95,714.11,705.97,699.56,697.25,697.59,699.45,701.73,703.89,705.76,707.24,708.19,709.21,710.81,712.89,715.22,717.19,718.85,720.60,722.59,724.64,726.58,728.02,728.99,729.90,732.37,735.99,740.73,747.07,755.35,763.36,770.63,777.21,783.37,788.80,794.02,799.39,804.94,809.03,812.54,816.14,820.33,825.75,829.82,833.97,838.99,845.47,852.54,861.60,871.04,879.55,887.93,895.33,901.45,906.74,912.73,919.09,924.97,930.99,937.90,943.50,948.70,954.06,960.00,966.86,973.29,980.22,987.60,994.64,1000.45,1005.77,1011.23,1016.87,1021.05,1023.90,1026.32,1029.02,1033.04,1038.30,1043.33,1047.75,1051.64,1055.94,1060.80,1066.32,1072.49,1078.88,1084.70,1090.19,1095.42,1100.16,1103.89,1107.12,1110.45,1114.34,1118.46,1123.42,1128.22,1132.35,1135.77,1139.24,1143.54
689.51,693.09,697.02,700.29,703.08,705.85,708.63,710.82,711.89,712.31,712.58,713.38,714.76,716.73,719.50,723.74,730.44,738.47,745.60,751.06,755.16,759.22,764.08,769.51,775.04,780.66,788.25,796.25,803.31,808.33,813.54,819.23,825.24,831.14,835.88,841.65,848.05,854.34,859.97,865.76,872.38,879.64,886.18,891.41,895.90,900.01,903.82,907.56,911.33,915.14,919.07,923.24,927.54,932.45,937.95,943.68,948.82,953.68,958.32,962.55,966.17,968.34,969.21,968.96,968.02,966.66,965.02,962.76,959.19,954.55,950.23,946.46,943.13,939.66,935.93,931.84,927.26,922.02,917.01,913.11,910.31,908.79,908.73,909.15,908.76,907.05,904.28,902.00,901.28,902.34,905.23,908.14,909.97,910.65,909.94,907.56,903.58,898.96,894.15,889.24,883.93,877.91,871.08,863.52,856.60,850.61,844.55,837.92,830.54,822.74,815.63,809.05,802.18,794.27,785.76,778.20,772.41,767.04,762.12,757.24,751.86,745.05,737.00,728.30,721.03,717.44,716.12,719.62,725.56,732.37,738.29,743.96,748.17,750.81,751.98,752.49,752.78,753.22,753.96,754.65,756.08,758.27,761.01,763.77,766.21,769.01,771.75,773.29,772.14,767.86,761.76,754.27,745.51,733.19,723.03,715.07,707.01,700.95,698.79,699.00,700.60,703.20,705.86,707.65,708.52,709.13,710.09,712.06,714.36,716.00,716.89,717.93,719.17,720.66,722.59,724.22,725.46,726.43,727.42,729.21,731.28,734.92,741.67,751.25,759.60,766.35,772.02,777.86,783.40,788.56,793.30,797.50,801.19,804.76,808.46,812.67,818.00,823.50,829.81,837.00,844.85,852.44,861.49,870.72,878.97,886.95,893.98,900.15,905.87,912.08,918.39,924.23,930.25,937.11,942.90,948.35,953.77,959.48,966.00,972.45,979.13,985.97,992.53,998.31,1003.80,1009.25,1014.58,1019.23,1022.25,1024.67,1027.11,1030.11,1034.41,1039.19,1044.07,1049.00,1054.13,1059.13,1064.49,1070.52,1076.78,1082.32,1087.43,1092.36,1097.21,1101.14,1104.41,1107.52,1110.92,1114.90,1119.39,1124.16,1128.80,1132.49,1135.79,1139.29
693.04,696.99,700.72,703.63,706.31,709.15,712.11,714.45,715.94,717.09,718.11,719.11,720.56,722.45,724.99,728.60,733.54,739.30,744.94,750.06,754.69,759.35,764.19,769.24,774.44,779.64,787.31,795.64,803.05,808.28,813.42,818.95,824.87,830.93,835.74,841.68,848.15,854.10,859.00,864.45,870.54,877.08,883.61,890.00,894.83,898.64,902.48,906.50,910.81,914.96,918.78,922.86,927.01,932.12,938.10,944.22,949.51,954.38,959.21,964.08,968.30,970.70,971.78,971.82,971.14,969.79,968.00,965.78,962.70,958.38,954.31,950.80,947.75,944.30,940.35,936.38,932.41,928.18,924.54,921.32,918.61,916.88,916.76,917.05,916.39,914.31,911.34,909.16,908.69,909.86,912.33,914.38,915.24,915.15,914.08,911.73,907.78,903.18,898.49,894.01,888.95,883.27,876.87,869.58,861.94,855.89,850.25,844.14,836.85,828.66,820.97,813.78,806.45,798.16,789.73,782.24,776.21,770.63,765.51,760.46,755.04,748.46,740.79,731.72,723.47,718.70,717.01,719.70,725.03,731.86,738.37,745.45,750.32,753.05,754.66,755.51,756.07,756.75,757.69,758.62,760.12,762.07,764.33,766.79,769.85,773.17,776.06,777.36,775.83,771.47,765.17,757.58,749.73,737.14,726.38,718.15,710.64,704.85,701.80,701.26,703.11,705.94,708.63,710.55,711.69,712.65,714.16,716.29,718.29,719.26,719.65,720.19,721.06,722.47,724.69,726.82,728.52,729.67,730.09,730.02,730.07,732.08,737.72,746.08,754.38,761.20,766.58,771.78,776.94,781.92,786.43,790.18,793.89,797.89,802.14,806.87,812.72,819.05,826.93,835.88,844.41,852.44,861.32,870.13,878.00,885.58,892.32,898.38,904.24,910.90,917.26,923.13,929.13,935.85,942.02,947.78,953.27,958.75,964.94,971.32,977.71,984.05,990.21,995.97,1001.58,1006.97,1011.97,1016.53,1019.81,1022.50,1024.99,1027.50,1031.00,1035.43,1040.57,1046.29,1052.18,1057.29,1062.45,1068.17,1074.11,1079.70,1084.70,1089.33,1094.03,1098.08,1101.57,1104.78,1108.00,1111.71,1115.88,1120.46,1125.16,1129.16,1132.56,1135.73
696.55,700.41,703.27,705.95,708.85,711.84,714.72,717.24,719.37,721.52,723.63,725.45,727.60,730.02,732.48,734.97,737.94,741.60,745.60,749.89,754.78,759.88,764.61,769.19,774.01,778.84,786.43,794.87,802.53,808.13,813.34,818.74,824.50,830.60,835.43,841.35,847.70,853.35,857.59,862.75,868.42,874.11,879.53,887.36,892.87,896.45,900.14,904.39,909.65,914.47,918.25,922.22,926.41,931.85,938.27,944.46,949.90,954.78,959.93,965.69,970.28,972.91,974.31,974.84,974.66,973.51,971.58,969.12,966.06,961.91,958.30,955.27,952.52,949.29,945.21,941.34,937.86,934.52,931.84,929.55,927.55,926.14,925.93,925.77,924.79,922.57,919.24,916.76,916.28,917.30,918.86,920.08,920.15,919.34,917.69,914.92,911.09,906.69,902.26,898.42,893.79,888.57,882.79,876.09,867.98,861.15,855.47,850.09,842.93,834.59,826.47,818.76,810.99,801.74,793.37,786.08,779.80,774.13,768.81,763.51,757.94,751.66,744.59,735.43,726.31,720.20,718.33,719.99,724.41,731.03,738.26,746.75,752.29,755.14,757.23,758.57,759.51,760.43,761.48,762.64,764.17,765.94,767.89,770.22,774.39,778.19,780.76,781.32,779.47,775.18,768.96,761.31,753.68,742.46,731.89,723.23,716.57,710.87,706.26,704.52,706.76,709.55,711.87,714.07,716.25,718.22,720.70,722.80,724.16,724.63,725.08,725.27,725.92,727.55,730.37,733.61,736.25,737.71,737.07,734.38,732.18,732.12,735.25,740.34,748.00,755.24,760.94,765.32,769.73,774.41,779.03,783.17,787.26,792.07,797.30,803.05,809.99,816.62,825.40,835.52,844.09,852.38,860.94,869.19,876.63,883.80,890.36,896.22,901.98,909.20,915.73,921.68,927.63,934.12,940.81,946.98,952.57,957.86,963.73,969.93,976.02,981.94,987.75,993.49,999.08,1004.35,1009.00,1012.96,1016.55,1019.75,1022.54,1025.12,1028.06,1032.14,1037.31,1043.44,1049.87,1055.12,1060.12,1065.45,1070.92,1076.78,1081.92,1086.32,1090.66,1094.73,1098.55,1102.12,1105.44,1108.79,1112.82,1117.15,1121.52,1125.74,1129.43,1132.72
698.76,702.12,704.90,707.62,710.75,713.99,717.12,720.17,723.10,725.93,728.63,731.03,733.51,735.86,738.08,740.21,742.32,745.19,748.62,752.49,756.75,761.15,765.49,769.81,774.25,778.76,786.21,794.24,801.39,807.85,813.15,818.36,823.88,829.69,834.64,840.36,846.55,852.36,856.43,861.00,866.27,871.79,876.65,883.00,889.16,894.28,897.97,902.20,908.20,913.68,917.60,921.70,926.45,932.25,938.63,944.54,949.97,954.90,960.17,966.18,971.21,974.43,976.50,977.71,978.17,977.75,976.70,974.86,971.73,967.80,964.12,960.88,958.03,955.23,951.60,947.81,944.29,941.45,939.25,937.57,936.34,935.66,935.55,935.38,934.28,931.65,927.22,924.09,923.16,923.82,925.17,926.38,926.38,925.11,922.37,918.10,913.72,909.23,904.91,901.38,897.75,893.23,887.97,881.99,874.95,867.32,860.25,853.88,847.09,839.83,831.81,823.35,814.81,805.60,796.66,788.86,782.74,777.59,772.21,766.72,760.98,754.47,747.81,739.64,730.74,723.00,719.84,721.17,725.02,730.77,738.24,747.26,753.45,756.95,759.48,761.28,762.67,763.99,765.41,766.88,768.54,770.27,772.36,775.55,779.33,782.50,784.49,784.62,782.67,778.25,772.45,765.73,758.37,749.07,739.00,729.72,723.22,717.26,712.53,709.74,709.71,711.68,714.18,716.92,719.86,723.02,726.36,728.92,730.59,731.38,731.84,732.05,732.60,734.00,736.69,740.44,743.77,745.82,745.40,742.11,738.05,735.17,735.00,737.45,742.23,748.47,754.89,759.13,763.29,767.71,772.28,776.91,782.06,788.61,795.41,802.19,809.92,816.94,825.77,835.69,843.98,851.86,859.56,867.13,874.45,881.33,888.06,894.04,899.74,906.86,913.49,919.60,925.56,931.88,938.92,945.53,951.40,956.67,962.28,968.37,974.37,980.12,985.61,990.87,996.08,1000.99,1005.20,1008.39,1012.24,1016.02,1019.41,1022.65,1025.91,1029.93,1034.66,1039.99,1045.91,1051.81,1057.33,1062.41,1067.57,1073.12,1078.37,1083.06,1087.09,1091.26,1095.25,1099.00,1102.54,1106.07,1110.10,1114.35,1118.57,1122.56,1126.26,1129.54
700.25,703.24,706.17,709.12,712.47,715.91,719.33,722.87,726.40,729.69,732.74,735.58,738.22,740.41,742.45,744.55,746.59,749.46,752.77,756.24,759.62,763.19,767.14,771.19,775.08,779.36,786.49,793.90,800.44,807.53,812.95,818.03,823.31,828.80,833.80,839.23,845.21,851.28,855.27,859.31,864.19,869.62,874.26,879.09,885.61,892.07,896.00,900.17,906.62,912.68,917.03,921.51,926.78,932.71,938.87,944.56,949.93,954.84,960.05,966.07,971.59,975.59,978.41,980.24,981.23,981.45,981.19,980.07,977.33,974.03,970.54,967.16,964.09,961.43,958.31,954.82,951.36,948.69,946.68,945.43,944.83,944.80,944.92,944.76,943.59,940.75,935.70,931.82,930.13,930.22,931.42,932.70,932.69,930.99,927.18,921.52,916.31,911.41,907.00,903.82,901.01,897.27,892.63,887.21,881.13,873.14,864.91,857.33,850.62,844.13,836.37,827.46,818.07,809.01,799.79,791.60,785.45,780.82,775.59,770.07,764.12,757.17,750.81,743.65,735.18,726.15,721.83,722.54,725.65,730.57,738.17,747.51,754.26,758.38,761.37,763.64,765.46,767.25,769.18,770.96,772.76,774.65,777.06,780.94,784.19,786.66,788.08,787.86,785.79,781.35,776.02,770.15,763.05,755.34,746.07,736.62,729.68,723.19,718.21,714.52,712.46,713.34,715.89,719.03,722.52,726.63,730.90,734.25,736.55,737.79,738.31,738.62,739.16,740.39,742.97,746.84,750.38,752.71,752.62,749.50,744.62,739.61,736.07,736.02,737.98,742.51,748.59,752.77,757.08,761.77,766.75,772.08,778.36,786.64,794.94,802.53,810.75,818.17,826.74,835.98,843.83,851.16,857.87,864.61,871.74,878.50,885.32,891.51,897.36,904.32,911.18,917.50,923.49,929.65,936.80,943.73,949.88,955.21,960.60,966.54,972.46,978.14,983.40,988.12,992.79,997.24,1000.97,1003.33,1006.91,1011.17,1015.68,1020.00,1023.92,1028.03,1032.34,1036.80,1041.89,1048.11,1054.11,1059.22,1064.22,1069.40,1074.63,1079.52,1083.43,1087.70,1091.83,1095.75,1099.51,1103.40,1107.53,1111.74,1115.88,1119.63,1123.27,1126.46
700.84,703.93,707.09,710.53,714.06,717.62,721.23,725.01,728.71,732.09,735.24,738.34,740.93,743.05,745.10,747.48,750.63,754.59,758.25,761.17,763.51,766.50,770.23,773.90,776.83,781.02,787.51,794.13,800.15,807.18,812.82,817.90,822.93,828.20,833.09,838.10,843.83,850.11,854.05,857.77,862.25,867.46,872.36,876.89,883.15,889.77,894.39,898.53,904.89,911.36,916.70,921.96,927.40,933.02,938.76,944.48,949.82,954.53,959.40,965.16,971.31,976.31,979.90,982.10,983.37,983.76,983.70,983.16,981.77,979.90,977.42,974.40,970.97,967.75,965.04,962.27,959.30,956.28,954.12,953.06,952.78,953.07,953.60,953.28,952.03,949.52,945.18,940.48,937.62,936.77,937.63,938.82,938.60,936.38,931.78,925.42,919.13,913.27,908.45,905.79,903.20,900.35,896.60,891.26,885.28,877.83,869.49,860.99,853.70,846.83,839.38,830.72,820.46,811.40,802.76,794.71,787.99,783.58,778.90,773.61,767.38,759.81,753.57,747.04,738.94,729.44,724.73,723.94,725.76,730.26,738.03,747.59,754.67,759.20,762.66,765.38,767.60,769.94,772.58,774.59,776.56,778.88,781.82,785.61,788.74,790.81,791.79,791.28,788.91,784.80,779.89,774.28,767.37,760.29,752.32,743.72,735.43,727.97,721.91,717.49,715.13,714.67,716.77,719.94,723.65,728.13,733.57,738.11,741.30,742.93,743.58,743.98,744.64,746.06,748.91,752.31,755.20,757.05,756.99,754.72,751.05,745.58,738.91,736.37,736.61,738.63,741.90,745.91,751.02,757.04,763.43,769.84,777.15,786.76,796.08,804.06,812.28,820.07,828.14,836.27,843.54,850.29,855.94,861.63,868.28,875.20,881.81,888.24,894.71,901.70,909.02,915.63,921.65,927.69,934.53,941.46,947.80,953.30,958.56,964.24,970.04,975.71,980.92,985.19,989.16,992.97,996.19,997.68,999.93,1004.45,1010.96,1017.01,1021.91,1026.29,1030.41,1034.39,1038.42,1044.10,1050.20,1055.84,1060.95,1065.93,1070.84,1075.53,1079.66,1084.01,1088.31,1092.42,1096.36,1100.77,1105.11,1109.35,1113.43,1117.10,1120.68,1123.62
701.51,704.86,708.28,711.91,715.54,719.18,722.88,726.70,730.57,734.11,737.37,740.51,743.17,745.42,747.84,751.03,755.07,759.02,762.41,765.22,767.89,771.29,774.63,777.64,780.50,784.58,790.52,796.52,801.91,807.99,813.33,818.31,823.18,828.02,832.61,837.26,842.67,848.88,853.08,856.82,861.17,866.26,871.37,875.92,881.86,888.33,893.60,898.00,904.29,910.90,916.77,922.31,927.80,933.22,938.67,944.32,949.53,954.13,958.76,964.09,970.11,976.25,980.85,983.47,985.11,985.98,986.24,985.99,985.13,983.83,982.14,980.07,977.61,975.10,973.09,970.85,968.29,965.88,964.26,963.41,963.04,962.99,963.07,962.34,960.58,957.55,952.92,947.71,944.42,943.26,943.82,944.61,943.83,940.94,935.63,928.91,922.81,917.31,912.39,908.37,905.56,902.88,899.52,894.83,888.89,881.96,873.70,864.62,856.89,849.81,842.23,833.73,824.06,814.33,805.97,798.75,792.54,787.21,782.63,777.31,770.74,763.05,756.45,750.09,742.64,733.65,727.47,725.28,726.19,730.30,737.99,747.37,754.66,759.63,763.33,766.50,769.60,772.90,776.26,778.58,780.90,783.61,786.72,790.03,792.84,794.69,795.46,794.73,792.37,788.70,784.01,778.18,771.09,764.18,756.93,749.03,740.36,732.29,725.60,720.47,717.27,715.80,717.43,720.53,724.36,728.91,735.78,741.34,745.22,747.74,749.10,749.80,750.57,752.01,754.81,757.99,760.54,762.02,761.79,759.79,756.43,751.24,744.20,738.66,737.16,737.70,739.55,742.97,748.29,754.92,762.09,769.28,776.85,787.48,797.73,805.96,813.85,821.41,828.97,836.37,843.00,848.87,853.67,858.45,864.26,871.29,878.06,884.92,892.01,899.10,906.58,913.41,919.65,925.71,932.06,938.80,945.23,950.90,956.06,961.35,966.76,972.18,977.32,981.80,985.66,989.08,991.84,993.09,995.30,1000.04,1007.11,1014.15,1020.03,1024.73,1028.77,1032.63,1036.33,1041.09,1046.51,1052.10,1057.11,1062.13,1066.98,1071.56,1075.80,1080.07,1084.37,1088.70,1093.11,1097.81,1102.40,1106.76,1110.83,1114.52,1117.93,1120.69
702.46,706.07,709.66,713.34,717.03,720.73,724.45,728.26,732.27,735.99,739.35,742.47,745.24,747.73,750.69,754.75,759.34,762.89,766.10,769.34,772.78,776.69,779.61,782.10,785.33,789.36,794.66,799.98,804.75,809.58,814.38,819.14,823.80,828.17,832.47,836.84,841.95,847.95,852.45,856.31,860.61,865.63,870.89,875.58,881.21,887.45,893.21,897.97,904.18,910.81,917.02,922.64,928.13,933.40,938.62,944.13,949.15,953.69,958.15,963.03,968.65,975.86,981.47,984.57,986.75,988.20,988.84,988.80,988.15,987.11,986.04,984.92,983.67,982.18,980.88,979.14,977.12,975.63,974.73,974.07,973.49,972.96,972.37,971.19,968.88,965.13,960.01,954.53,951.21,950.06,950.31,950.49,948.89,945.19,939.33,932.58,926.95,922.07,917.24,911.71,908.30,905.30,902.09,898.12,892.21,885.66,877.58,868.22,860.16,852.95,845.15,836.75,828.07,817.82,809.59,803.19,797.82,791.67,786.78,781.13,774.18,766.64,759.54,753.10,746.20,737.89,729.94,726.55,726.75,730.46,737.99,747.05,754.47,759.85,763.72,767.35,771.62,776.07,780.04,782.75,785.40,788.28,791.32,794.23,796.75,798.44,799.09,798.22,795.96,792.67,788.06,781.88,774.52,767.56,760.72,753.38,744.73,736.16,729.00,723.21,719.00,716.88,718.05,721.04,725.00,729.63,737.76,744.22,748.79,752.32,754.61,755.84,756.89,758.38,760.99,763.99,766.33,767.57,767.12,764.89,761.35,756.63,750.35,742.28,738.80,738.05,739.06,741.90,747.18,754.07,761.67,769.37,776.92,788.34,799.32,807.65,815.15,822.29,829.32,836.11,842.15,847.09,851.17,855.20,860.11,866.94,873.99,881.43,889.13,896.47,903.92,910.94,917.52,923.75,929.55,936.00,942.41,948.23,953.33,958.23,963.19,968.21,973.19,977.98,981.91,985.13,987.61,988.96,991.71,996.71,1003.76,1011.34,1018.09,1023.16,1027.19,1031.05,1034.75,1038.64,1043.17,1048.35,1053.05,1058.05,1062.90,1067.50,1071.88,1076.06,1080.30,1084.84,1089.82,1094.78,1099.59,1104.07,1108.16,1111.87,1115.10,1117.69
704.39,708.06,711.50,715.08,718.72,722.40,726.13,729.98,733.97,737.81,741.33,744.41,747.26,750.31,753.92,758.23,762.30,765.64,769.97,775.18,779.00,782.25,784.89,787.77,791.83,796.15,800.28,804.46,808.69,812.47,816.63,820.82,824.92,829.03,833.34,837.63,842.56,848.38,852.77,856.61,860.87,865.82,871.13,875.83,881.40,887.48,893.13,898.16,904.29,910.92,917.39,923.11,928.50,933.67,938.76,943.92,948.77,953.22,957.59,962.27,967.63,975.43,981.67,985.29,988.54,990.64,991.63,991.86,991.55,990.89,989.96,988.90,987.75,986.51,985.44,984.46,983.54,982.75,982.20,981.66,981.09,980.45,979.63,978.34,975.90,972.05,967.14,961.89,959.05,958.24,958.04,957.36,954.30,949.49,943.56,937.71,931.50,926.24,921.87,917.28,912.29,908.22,904.77,901.06,895.26,888.53,880.65,871.80,863.51,856.32,848.56,840.22,831.83,822.81,814.48,807.74,802.88,798.08,792.04,785.10,777.77,770.79,763.35,756.50,749.37,740.81,731.55,727.61,727.37,730.55,737.98,746.75,754.17,759.81,763.93,767.98,773.90,779.68,783.78,787.11,789.62,791.94,794.55,797.97,800.59,802.16,802.64,801.74,799.64,796.16,791.32,785.05,777.70,770.60,763.75,756.58,748.14,738.81,731.18,724.85,719.87,718.05,718.87,721.68,725.96,731.23,739.59,746.72,752.21,756.51,759.65,762.05,764.09,766.02,768.34,770.91,773.14,774.52,773.94,770.34,766.00,761.46,756.15,748.19,741.87,738.87,739.30,742.17,747.32,754.22,761.88,769.52,777.13,788.83,799.85,807.87,815.30,822.12,828.53,834.68,840.49,844.76,848.33,851.94,856.25,861.78,869.04,877.20,885.65,893.59,900.83,907.97,915.10,921.84,927.25,933.22,939.36,945.17,950.38,955.14,959.71,964.21,968.66,973.05,976.94,980.37,983.20,985.03,988.69,994.16,1001.06,1008.41,1015.72,1021.27,1025.44,1029.13,1032.96,1036.90,1040.99,1045.14,1048.97,1053.24,1058.01,1063.04,1067.85,1072.24,1076.38,1080.98,1086.50,1091.95,1096.86,1101.36,1105.43,1109.00,1112.18,1114.52
706.50,710.15,713.49,716.96,720.54,724.20,727.93,731.83,735.81,739.61,743.15,746.30,749.39,752.86,756.80,761.13,765.03,769.23,774.45,780.08,783.98,787.25,790.33,793.68,797.71,801.70,805.10,808.50,812.12,815.45,819.43,823.26,826.92,830.89,835.26,839.46,844.10,849.46,853.66,857.50,861.71,866.52,871.66,876.38,881.76,887.57,893.20,898.63,904.81,911.38,917.91,923.74,929.16,934.20,938.99,943.73,948.38,952.77,957.09,961.69,967.02,974.91,981.62,986.13,990.20,992.87,994.35,994.98,994.90,994.56,993.88,992.98,991.91,990.77,989.91,989.38,989.05,988.67,988.39,987.96,987.39,986.67,985.65,984.21,981.80,978.18,973.62,968.68,965.82,964.72,964.07,962.69,959.14,954.01,947.99,942.55,936.59,931.03,926.25,922.12,916.88,912.19,908.06,903.83,898.12,891.36,883.86,875.60,866.73,859.73,852.29,844.23,836.31,828.19,820.18,813.21,807.93,803.50,797.61,790.44,782.56,774.95,767.69,760.30,752.63,744.28,734.21,729.27,728.33,731.31,739.05,747.49,754.49,759.95,764.36,768.86,775.78,782.38,786.69,790.39,792.86,794.96,797.49,801.44,804.41,805.90,806.18,805.26,803.19,799.53,794.46,788.02,780.70,773.50,766.48,759.18,750.63,740.66,732.63,726.22,721.37,719.45,720.19,722.92,727.34,733.45,741.66,749.38,755.77,760.43,764.20,767.72,770.86,773.56,776.14,778.63,780.67,781.86,781.05,776.75,771.70,766.76,761.50,753.70,745.78,740.85,739.95,742.82,747.68,754.47,762.08,769.53,777.41,788.94,799.51,807.05,814.21,820.94,826.91,832.38,837.80,841.93,845.31,848.64,852.46,857.08,863.71,871.96,881.24,890.25,897.61,904.73,911.99,919.06,924.70,930.45,936.32,942.09,947.36,951.88,956.09,960.14,964.04,967.93,971.59,975.09,978.38,981.24,985.77,991.53,998.12,1005.13,1012.62,1018.91,1023.75,1027.30,1031.00,1034.88,1038.65,1042.14,1045.44,1049.08,1053.33,1058.15,1063.26,1068.07,1072.67,1077.65,1083.38,1088.93,1093.89,1098.45,1102.62,1106.11,1109.13,1111.22
708.50,712.08,715.42,718.81,722.39,726.05,729.78,733.76,737.71,741.37,744.78,748.10,751.55,755.27,759.26,763.50,767.65,773.61,779.27,783.81,787.59,791.66,795.71,799.47,802.68,805.80,808.94,811.96,814.94,818.44,822.67,826.42,829.80,833.73,838.12,842.21,846.44,851.11,855.08,858.94,863.11,867.67,872.46,877.16,882.25,887.72,893.46,899.35,905.67,912.17,918.59,924.60,930.13,934.96,939.29,943.56,948.01,952.34,956.66,961.26,966.79,974.33,981.45,987.15,991.72,994.88,996.98,998.14,998.22,998.13,997.83,997.24,996.31,995.22,994.58,994.17,993.86,993.64,993.57,993.26,992.71,991.89,990.69,989.09,986.83,983.68,979.54,974.89,971.54,969.58,968.47,966.57,963.40,958.70,952.58,946.96,941.96,936.34,930.47,926.05,921.80,917.04,911.89,906.49,900.81,894.20,887.23,879.54,869.88,863.17,856.26,848.76,841.49,833.76,826.43,819.45,812.99,807.81,803.22,796.86,788.40,779.19,772.43,764.43,756.04,748.32,737.91,731.63,729.77,732.86,741.20,749.19,755.37,760.26,764.97,769.99,777.23,784.10,788.74,792.56,795.17,797.49,800.37,804.74,808.18,809.68,809.78,808.83,806.60,802.77,797.47,790.77,783.47,776.20,768.93,761.23,752.23,741.75,733.40,727.33,723.42,721.11,722.03,724.76,729.15,736.15,744.01,752.24,759.40,764.06,768.32,772.84,777.10,780.81,784.17,786.93,788.73,789.38,788.15,783.91,778.33,772.49,766.46,758.58,750.24,743.83,741.04,743.67,748.09,754.67,762.16,769.37,777.68,788.64,798.38,805.28,811.91,818.72,824.44,829.28,834.15,838.53,842.06,845.26,848.70,852.93,858.24,865.89,875.89,886.40,894.25,901.23,908.22,915.41,921.82,927.63,933.31,938.97,944.24,948.45,952.32,956.01,959.37,962.69,966.00,969.48,973.32,977.63,982.95,988.78,994.92,1001.52,1008.81,1016.02,1022.01,1025.56,1028.88,1032.52,1036.05,1039.27,1042.45,1045.63,1049.04,1053.03,1058.26,1063.61,1069.12,1074.76,1080.42,1085.70,1090.64,1095.31,1099.62,1103.17,1105.96,1107.80
708.73,712.13,715.68,719.57,723.44,727.33,731.28,735.28,739.13,742.71,746.11,749.54,753.11,756.86,761.06,765.84,770.47,776.71,782.22,786.45,790.67,795.55,799.71,803.11,806.06,809.00,811.94,814.79,817.73,821.63,825.94,829.88,833.54,837.43,841.22,845.06,849.04,853.18,857.07,861.00,865.10,869.35,873.60,878.00,883.04,888.56,894.31,900.22,906.48,912.91,919.43,926.18,931.44,935.69,939.51,943.53,947.75,952.04,956.38,961.04,966.72,974.35,981.96,988.49,993.42,997.12,999.80,1001.50,1001.99,1002.14,1001.98,1001.50,1000.68,999.84,999.30,998.87,998.53,998.41,998.46,998.31,997.92,997.29,996.28,994.98,992.93,989.93,986.08,981.53,978.01,975.65,973.97,971.61,967.75,962.88,957.24,950.89,945.68,940.59,935.30,930.06,925.47,920.84,915.68,909.70,903.59,896.97,890.09,882.67,873.92,866.67,860.07,853.55,846.65,838.86,831.54,824.62,818.03,812.25,807.28,801.22,793.52,784.58,776.69,768.29,759.83,751.61,741.20,734.73,732.69,735.66,743.78,750.70,755.90,760.27,765.16,770.93,778.38,785.33,790.25,794.26,797.33,800.48,804.14,808.25,811.72,813.50,813.84,812.82,810.10,805.53,799.66,792.76,785.41,778.16,770.70,762.58,752.98,742.13,733.57,727.50,724.09,723.22,724.39,727.03,731.40,738.52,746.56,754.95,762.20,767.05,772.60,778.00,782.93,787.30,791.21,794.17,795.87,796.06,793.93,789.71,783.89,777.73,771.53,763.29,753.55,746.25,743.04,744.11,748.06,754.49,761.81,768.81,777.30,787.78,796.69,802.69,808.56,814.90,820.62,825.54,829.85,833.95,837.79,841.44,845.00,849.00,853.90,860.55,869.71,881.71,890.49,897.53,904.20,911.39,918.25,924.35,930.12,935.71,940.76,944.88,948.50,951.77,954.53,957.38,960.63,964.57,969.41,974.71,980.50,986.42,992.26,997.96,1004.52,1012.12,1019.22,1023.65,1026.84,1029.99,1033.17,1036.30,1039.46,1042.53,1045.65,1049.30,1054.41,1059.83,1065.47,1071.24,1077.03,1082.35,1087.17,1091.70,1095.97,1099.91,1102.73,1104.34
707.41,710.65,714.59,719.09,723.36,727.56,731.83,736.04,740.00,743.65,747.11,750.63,754.27,758.14,762.71,768.21,773.37,779.33,784.49,788.73,793.54,798.83,802.86,805.91,808.77,811.63,814.43,817.23,820.37,824.64,828.98,833.13,837.09,840.93,844.24,847.87,851.69,855.50,859.48,863.53,867.51,871.33,875.00,879.09,884.08,889.64,895.32,901.17,907.37,913.69,920.26,927.71,932.55,936.22,939.67,943.55,947.60,951.84,956.25,961.03,966.82,974.56,982.58,989.74,994.97,999.23,1002.49,1004.79,1005.94,1006.54,1006.57,1006.20,1005.54,1004.88,1004.19,1003.60,1003.17,1003.09,1003.12,1003.05,1002.81,1002.38,1001.61,1000.70,999.03,996.33,992.90,988.50,984.72,981.86,979.68,976.94,972.42,967.25,961.82,955.13,949.24,944.34,939.72,934.02,928.84,924.17,919.12,912.89,906.29,899.57,892.75,885.68,877.95,870.17,863.71,857.99,851.54,844.09,836.47,829.27,822.72,816.35,810.73,804.75,797.82,789.48,780.64,771.98,763.40,754.47,744.52,737.96,735.63,738.39,746.18,751.95,756.27,760.31,765.43,771.84,779.34,786.26,791.51,795.91,799.55,803.44,807.67,811.47,814.94,817.02,817.66,816.56,813.37,808.11,801.65,794.44,787.01,779.73,772.12,763.61,753.37,742.31,733.63,727.56,724.62,725.23,726.73,729.57,734.21,741.12,749.52,757.79,764.85,770.25,776.92,783.04,788.52,793.43,797.81,800.97,802.54,802.25,799.33,795.04,789.01,782.62,776.38,768.01,757.02,748.87,745.16,744.68,748.01,754.08,761.12,767.99,776.44,786.34,794.48,799.70,804.75,810.42,815.92,820.85,824.93,828.78,832.78,836.77,840.66,844.86,849.69,855.50,863.51,875.91,885.96,893.58,900.16,907.14,914.09,920.54,926.57,932.12,937.01,941.11,944.58,947.47,949.71,952.11,955.43,959.95,965.85,972.10,978.25,984.18,989.73,994.61,1000.26,1007.60,1015.27,1021.01,1024.55,1027.41,1030.24,1033.21,1036.18,1039.22,1042.37,1046.02,1050.98,1056.34,1061.95,1067.74,1073.57,1078.89,1083.63,1087.98,1092.07,1096.07,1098.93,1100.39
703.40,706.57,711.17,716.31,721.05,725.65,730.33,735.24,739.85,743.85,747.44,751.06,754.85,759.15,764.39,770.65,776.34,781.53,786.21,790.76,796.21,800.96,804.78,807.97,810.80,813.44,816.14,819.12,822.66,827.05,831.45,835.70,839.75,843.51,846.93,850.58,854.36,858.19,862.55,866.86,870.59,873.73,876.89,880.67,885.51,890.94,896.40,902.22,908.43,914.61,920.98,928.72,933.03,936.32,939.73,943.61,947.61,951.84,956.36,961.38,967.25,974.92,983.10,990.64,996.10,1000.86,1004.76,1007.85,1010.04,1011.57,1012.03,1011.97,1011.60,1010.80,1009.48,1008.41,1007.82,1007.62,1007.40,1007.22,1007.00,1006.63,1006.00,1005.50,1004.50,1002.70,1000.05,996.04,991.59,987.71,985.30,982.36,977.85,972.30,966.21,960.37,953.32,947.45,942.85,937.82,932.20,927.01,921.80,915.77,908.73,901.80,895.27,888.85,881.48,873.62,867.05,861.48,855.82,849.89,841.60,833.35,826.59,819.60,813.61,807.46,800.59,792.62,784.13,775.41,766.29,756.75,748.16,741.06,737.84,740.23,747.97,752.69,756.43,760.55,766.09,772.76,780.01,786.79,792.50,797.68,801.98,806.08,810.14,813.88,817.53,819.85,820.65,819.51,816.06,810.51,803.59,795.81,788.21,780.79,773.06,764.27,753.38,742.42,733.74,727.87,725.55,726.78,728.72,732.50,738.12,744.42,753.34,761.00,767.58,774.29,781.29,787.82,793.79,799.14,803.91,807.30,808.61,807.77,804.52,800.03,793.66,786.97,780.69,772.89,761.50,752.21,747.13,745.80,748.15,753.32,759.84,766.74,774.81,783.86,791.35,796.25,800.46,805.27,809.87,814.27,818.87,822.90,826.57,830.38,834.79,840.10,845.16,850.69,857.72,867.97,879.84,889.14,896.21,902.54,908.94,915.80,922.26,927.83,932.77,937.00,940.43,943.09,944.99,947.01,950.52,955.66,962.47,969.84,976.25,982.00,987.18,991.72,996.36,1002.18,1009.18,1016.73,1021.67,1024.82,1027.38,1029.87,1032.21,1035.22,1038.86,1043.07,1047.93,1053.10,1058.80,1064.65,1070.20,1075.27,1080.03,1084.29,1087.94,1091.03,1093.83,1095.32
699.43,702.58,706.98,712.22,717.36,722.28,727.16,732.43,738.12,742.81,746.60,750.35,754.64,759.58,765.42,772.11,777.91,782.80,787.44,792.31,797.86,802.28,806.14,809.55,812.38,815.02,817.72,820.78,824.40,828.59,833.11,837.52,841.65,845.48,849.12,852.88,856.83,861.05,865.81,870.15,873.73,876.71,879.88,883.42,887.78,892.70,897.95,903.81,909.93,916.04,922.36,929.56,933.57,936.69,939.99,943.76,947.65,952.04,956.88,962.21,968.11,975.87,983.97,991.36,997.10,1002.57,1007.35,1011.52,1015.18,1018.11,1019.53,1019.96,1019.60,1018.42,1017.19,1016.21,1015.58,1015.24,1014.83,1014.55,1014.25,1013.77,1013.15,1012.58,1011.34,1009.11,1006.04,1001.99,997.24,992.86,990.09,987.04,982.23,976.39,970.27,964.77,958.11,951.48,945.59,940.74,935.17,929.69,924.29,918.46,910.92,903.82,897.44,891.41,884.56,876.83,870.14,864.39,858.77,853.29,844.92,836.32,829.16,821.62,815.22,808.93,802.16,794.43,786.13,777.32,768.12,758.86,751.18,744.65,741.07,742.23,748.97,753.17,756.72,760.88,766.67,773.60,780.54,787.03,792.93,798.74,803.62,808.03,812.12,815.84,819.30,821.69,822.71,821.75,818.37,812.48,805.15,797.01,789.13,781.40,773.45,764.45,753.33,742.91,734.20,728.40,726.74,728.22,731.81,736.61,742.07,747.95,757.10,764.79,771.43,778.59,785.43,792.20,798.57,804.34,809.63,813.26,814.40,813.11,809.39,804.57,798.21,791.37,784.62,777.05,765.78,755.52,748.81,747.10,748.36,752.45,758.19,764.72,772.36,780.41,787.22,792.11,796.26,800.40,804.16,807.80,811.92,815.75,819.45,823.43,828.09,833.36,839.16,845.49,852.58,861.23,872.63,882.97,891.38,897.79,903.53,910.11,916.68,922.56,927.72,932.25,935.84,938.50,940.33,942.52,946.89,952.83,959.72,966.90,973.48,979.36,984.48,988.81,993.05,997.79,1003.55,1010.68,1016.99,1021.36,1024.41,1026.61,1028.73,1031.44,1034.97,1039.22,1044.00,1048.97,1054.34,1060.01,1065.72,1070.75,1075.57,1080.04,1083.86,1086.54,1088.89,1090.10
696.12,699.24,703.06,708.14,713.45,718.55,723.47,728.89,735.47,740.95,745.16,749.00,753.77,759.44,765.93,772.88,778.63,783.49,788.32,793.46,798.89,803.17,807.16,810.79,813.65,816.39,819.14,822.21,825.73,829.59,834.26,838.86,843.09,847.03,850.97,854.95,859.19,863.92,869.04,873.40,877.00,880.12,883.49,886.75,890.54,894.90,899.89,905.77,911.78,917.88,924.11,930.37,934.15,937.22,940.42,944.12,947.92,952.53,957.72,963.30,969.27,977.10,984.98,992.00,998.04,1004.33,1010.05,1015.39,1020.64,1024.86,1027.22,1028.17,1027.82,1026.32,1025.42,1024.70,1024.05,1023.59,1023.09,1022.72,1022.34,1021.78,1021.12,1020.19,1018.27,1015.12,1011.17,1006.80,1001.81,997.11,993.95,990.81,985.64,979.63,973.74,968.41,962.69,955.65,948.29,943.21,937.83,932.16,926.54,920.78,912.86,905.64,899.31,893.49,887.03,879.52,872.77,866.75,860.75,855.26,847.18,838.58,830.82,822.71,815.98,809.62,802.97,795.40,787.25,778.53,769.56,760.91,753.82,748.18,744.50,744.23,749.60,753.53,757.09,761.32,767.28,774.36,780.98,787.11,793.05,799.34,804.73,809.45,813.68,817.44,820.67,823.13,824.42,823.67,820.33,814.12,806.43,798.06,789.90,781.81,773.56,764.36,753.23,743.53,734.97,729.30,728.18,730.00,735.40,741.03,746.03,751.80,761.01,768.95,775.80,782.85,789.39,796.28,802.97,809.15,815.01,818.82,819.89,818.34,814.12,808.86,802.53,795.57,788.28,780.81,770.02,759.05,750.69,748.49,748.64,751.64,756.48,762.31,769.35,776.35,782.46,787.40,791.74,795.40,798.50,801.39,804.67,808.18,812.05,816.33,821.10,826.04,832.55,839.88,847.54,855.34,865.20,875.93,885.78,892.84,898.16,904.17,910.55,916.75,922.17,927.01,930.88,933.75,935.80,938.55,943.95,950.61,957.20,963.73,970.36,976.43,981.60,985.82,989.91,993.92,998.36,1004.13,1011.15,1016.98,1021.02,1023.33,1025.55,1027.96,1031.15,1035.19,1039.87,1044.61,1049.45,1054.76,1060.62,1065.75,1070.63,1075.37,1079.56,1082.13,1084.06,1084.91
695.74,698.70,701.96,706.61,711.36,716.01,720.74,725.99,731.83,737.86,743.34,747.18,751.55,757.94,765.36,772.58,778.27,783.42,788.57,793.89,799.25,803.71,807.79,811.46,814.45,817.33,820.10,823.06,826.37,829.93,834.76,839.54,843.86,847.90,852.37,856.79,861.38,866.46,871.84,876.59,880.68,884.28,887.72,890.47,893.93,898.13,902.82,908.27,914.35,920.49,926.30,931.28,934.85,938.00,941.29,945.15,949.17,953.93,959.17,964.74,970.86,978.39,985.87,992.63,998.95,1006.14,1012.74,1019.00,1025.41,1029.61,1031.90,1033.05,1033.18,1032.14,1031.25,1030.41,1029.65,1029.19,1028.75,1028.47,1028.24,1027.95,1027.43,1025.70,1022.96,1019.27,1014.74,1009.61,1003.95,998.76,995.34,991.98,986.83,980.95,975.26,970.32,965.06,958.65,951.58,945.42,939.81,933.98,927.99,921.75,914.17,906.95,900.52,894.55,887.72,880.30,873.88,867.85,861.07,855.54,848.25,839.82,830.98,822.09,815.40,809.27,802.76,795.25,787.44,779.56,771.42,763.04,755.95,750.54,746.85,745.98,750.07,753.77,757.55,762.05,768.04,775.00,781.26,787.08,792.96,799.30,804.93,809.94,814.43,818.39,821.91,824.75,826.34,825.55,821.55,815.09,807.27,798.75,790.61,782.14,773.50,764.06,752.97,743.98,736.50,731.41,730.27,733.56,739.07,744.59,749.92,756.65,765.78,773.66,780.24,786.48,793.01,799.78,806.59,813.28,819.60,823.37,824.61,823.33,818.94,812.92,806.03,798.80,791.48,784.19,774.40,763.58,754.02,749.89,749.19,751.39,755.18,759.68,765.45,771.48,776.91,781.41,785.56,789.27,792.38,795.09,797.89,801.28,805.23,809.58,814.38,819.96,826.12,833.28,841.63,850.88,859.04,868.50,878.54,887.19,893.58,898.95,904.49,910.48,915.94,920.89,925.11,928.62,931.63,935.61,941.59,948.26,954.53,960.76,967.25,973.19,978.23,982.47,986.41,990.25,994.28,998.85,1003.77,1010.26,1016.04,1019.82,1022.70,1025.31,1028.37,1032.11,1036.60,1040.99,1045.32,1049.86,1054.91,1060.41,1065.29,1069.93,1074.15,1077.02,1079.46,1080.17
696.40,699.37,702.39,706.23,710.37,714.65,719.11,723.94,728.85,734.74,740.80,745.06,749.22,755.66,763.62,771.70,777.36,782.70,788.18,793.78,799.16,803.76,808.03,811.89,815.06,818.13,820.90,823.72,826.76,830.13,835.03,839.88,844.25,848.40,853.35,858.30,863.34,868.72,874.33,879.32,883.73,887.66,891.23,893.96,897.40,901.57,906.14,911.66,917.44,923.08,928.23,932.36,935.86,939.29,942.94,947.01,951.21,955.90,960.99,966.52,973.00,980.08,987.07,993.80,1000.65,1008.34,1015.64,1022.61,1029.27,1033.29,1035.69,1037.18,1037.83,1037.51,1036.77,1036.07,1035.49,1034.91,1034.53,1034.30,1034.02,1033.46,1032.35,1029.56,1025.96,1021.86,1017.00,1011.20,1005.06,999.57,995.90,992.38,987.20,981.39,975.88,971.18,966.18,960.33,953.74,947.01,941.07,935.03,928.75,922.13,914.65,907.73,901.32,895.00,887.69,880.40,874.16,868.04,860.69,855.23,848.49,840.13,830.47,821.33,814.89,809.10,802.91,795.85,788.72,781.79,774.40,766.07,758.77,753.14,749.13,747.64,750.57,754.13,758.15,762.80,768.59,775.19,781.21,786.87,792.60,798.89,804.83,810.12,814.76,818.90,822.97,826.29,828.20,827.47,823.08,816.17,808.04,799.42,791.32,782.50,773.48,763.80,752.72,744.10,737.59,733.43,732.84,736.88,742.51,748.47,754.83,762.51,771.30,778.63,784.72,790.51,796.84,803.50,810.50,817.65,823.94,827.49,828.85,828.03,824.00,817.30,809.91,802.37,794.87,788.00,779.47,769.47,759.52,753.31,751.25,751.77,753.77,756.92,761.14,765.98,770.57,774.56,778.14,781.69,784.96,787.93,790.75,794.26,798.53,803.22,808.25,813.98,820.03,826.96,835.29,845.29,853.37,861.88,871.14,880.45,888.03,893.66,898.88,904.36,909.63,914.47,918.82,922.85,927.02,932.44,938.99,945.61,951.59,957.51,963.67,969.45,974.52,978.81,982.75,986.56,990.40,994.30,997.90,1003.57,1009.50,1014.48,1018.74,1022.38,1025.81,1029.32,1033.26,1037.26,1041.32,1045.46,1049.86,1055.09,1060.05,1064.92,1069.53,1073.03,1075.73,1076.33
698.06,701.25,704.35,707.03,710.62,714.63,718.73,722.87,726.85,731.90,737.65,742.72,746.97,752.75,760.72,770.15,775.91,781.33,787.13,793.14,798.60,803.28,807.88,812.12,815.48,818.77,821.60,824.23,826.98,830.29,835.14,839.97,844.35,848.59,853.93,859.48,865.04,870.66,876.45,881.49,885.98,890.06,893.86,897.11,900.87,905.13,909.85,915.90,920.99,925.55,929.90,933.71,937.30,941.19,945.41,949.69,953.99,958.41,963.15,968.70,975.70,982.17,988.69,995.67,1003.27,1010.98,1018.80,1026.21,1032.17,1036.02,1038.82,1040.82,1041.96,1042.52,1042.18,1041.97,1041.87,1041.09,1040.75,1040.48,1039.86,1038.40,1035.92,1031.83,1027.38,1022.92,1017.94,1011.63,1005.28,999.76,995.85,992.23,986.88,981.02,975.68,971.02,966.12,960.63,954.51,947.86,941.60,935.28,928.77,921.93,914.35,907.98,901.76,894.94,887.18,879.98,873.72,867.39,859.85,854.54,848.07,839.65,829.64,820.93,814.93,809.53,803.81,797.57,791.40,785.43,778.64,770.20,762.49,756.27,751.63,749.39,751.20,754.66,758.83,763.49,768.87,774.93,780.83,786.44,791.97,798.18,804.48,810.03,814.71,819.00,823.78,827.64,829.88,829.32,824.94,817.43,808.81,800.12,792.03,782.90,773.54,763.64,752.54,743.94,738.13,735.17,735.77,739.75,745.72,752.82,760.75,769.24,777.38,783.75,789.24,795.05,800.98,807.56,814.83,822.27,828.00,831.21,832.64,832.37,829.20,822.08,814.38,806.52,798.63,792.29,785.20,776.65,767.20,759.13,755.18,753.10,752.60,754.36,756.82,760.10,763.64,767.01,769.73,772.82,776.29,779.87,783.17,787.02,791.83,797.19,802.70,808.00,814.29,821.07,828.66,838.34,848.01,856.16,863.88,872.70,881.31,888.13,893.69,898.48,903.31,907.87,912.14,916.53,922.00,928.94,936.07,942.64,948.34,953.88,959.55,965.16,970.44,974.85,978.92,982.79,986.58,990.35,993.84,997.36,1001.70,1007.30,1013.43,1018.95,1023.33,1026.75,1029.83,1033.39,1037.40,1041.57,1045.70,1050.03,1055.15,1060.61,1065.94,1070.29,1072.87,1073.37
702.37,705.69,708.51,710.67,713.64,717.00,720.37,723.59,726.86,731.13,736.16,741.02,745.23,750.22,757.27,766.53,773.61,779.41,785.62,792.20,797.56,802.54,807.56,812.15,815.67,819.08,821.99,824.66,827.43,830.81,835.63,840.38,844.67,848.98,854.55,860.47,866.34,872.03,877.75,882.87,887.48,891.73,895.80,899.79,904.06,908.84,914.28,919.63,924.10,928.22,932.29,936.03,939.82,943.98,948.38,952.67,956.95,961.15,965.84,971.69,978.51,984.37,991.02,998.88,1006.53,1013.94,1022.02,1029.56,1034.49,1038.32,1041.23,1043.53,1045.23,1046.44,1047.04,1047.58,1047.93,1047.53,1047.24,1046.53,1045.04,1042.38,1038.70,1033.24,1027.97,1023.29,1017.85,1011.20,1004.91,999.59,995.56,991.73,985.94,979.83,974.56,969.81,964.66,959.40,953.91,947.66,941.37,934.75,927.88,920.93,914.28,908.31,902.16,895.25,887.27,879.73,873.13,866.81,860.00,854.74,848.39,840.49,831.52,824.08,818.56,813.39,807.88,801.76,795.78,790.19,783.93,775.92,767.70,761.18,756.16,753.02,752.83,755.22,758.93,763.47,768.88,774.66,780.35,785.86,791.33,797.41,803.82,809.60,814.49,818.85,824.02,828.21,830.56,829.94,825.79,818.31,809.61,800.82,792.73,783.53,773.99,764.00,753.17,744.28,738.72,736.44,737.84,742.31,749.16,757.19,765.83,774.52,781.79,788.00,793.84,799.76,805.45,812.14,819.19,825.88,831.07,834.39,836.08,836.06,833.30,827.17,819.84,811.84,803.52,796.66,790.17,783.08,775.31,767.72,762.30,758.54,756.29,755.85,756.03,756.77,758.21,760.42,762.86,765.57,768.67,772.04,775.51,779.48,784.62,790.53,796.73,802.50,808.72,815.40,822.81,831.67,841.64,850.38,858.12,865.86,874.00,881.31,887.54,892.64,897.22,901.92,906.45,911.38,918.19,925.95,933.21,939.53,944.80,949.74,955.00,960.44,965.75,970.47,974.72,978.60,982.32,986.11,989.89,993.22,996.81,1001.24,1006.68,1014.12,1020.38,1024.62,1027.24,1030.25,1033.98,1038.22,1042.77,1047.49,1052.57,1057.97,1063.25,1067.21,1069.65,1070.11
706.79,710.14,712.75,714.78,717.37,720.18,722.93,725.50,728.20,731.70,735.84,740.03,744.04,748.29,754.22,762.65,770.85,776.99,783.47,790.52,796.11,801.37,806.91,811.99,815.62,819.16,822.17,824.94,827.85,831.52,836.40,841.06,845.27,849.65,855.39,861.46,867.40,873.06,878.65,883.82,888.61,893.08,897.45,902.11,906.96,912.33,918.41,923.07,927.18,931.20,935.17,938.90,942.80,947.04,951.45,955.69,959.88,963.90,968.73,975.09,981.34,986.88,993.85,1002.31,1009.81,1017.17,1025.18,1032.39,1036.52,1040.29,1043.31,1045.89,1048.16,1049.99,1051.49,1052.64,1053.37,1053.39,1053.06,1051.80,1049.47,1045.83,1041.11,1034.59,1028.57,1023.48,1017.49,1010.61,1004.45,999.34,995.13,990.95,984.75,978.41,973.15,968.14,962.76,957.70,952.75,946.88,940.58,933.68,926.55,919.75,914.21,908.63,902.57,895.74,887.89,880.07,873.29,867.22,861.25,855.94,849.83,842.75,835.16,829.06,824.00,818.85,813.16,806.82,800.69,795.13,789.25,781.98,773.67,766.81,761.37,757.43,755.29,756.08,758.92,763.22,768.70,774.25,779.74,785.17,790.68,796.66,803.12,809.08,814.19,818.61,824.08,828.53,830.97,830.25,826.27,819.03,810.41,801.51,793.41,784.30,774.77,764.81,754.25,745.22,739.70,737.70,739.60,744.72,752.44,761.16,770.12,778.64,785.33,791.76,798.15,804.22,809.84,816.55,823.25,829.16,833.95,837.48,839.50,839.78,837.52,832.76,825.82,817.69,809.16,801.52,795.02,788.97,782.90,776.39,770.28,765.33,761.62,759.17,757.32,755.79,755.27,756.17,757.96,759.93,762.25,764.98,768.19,772.04,777.31,783.64,790.61,797.12,803.37,810.03,817.38,825.50,835.25,844.47,852.50,859.35,866.79,874.24,880.97,886.55,891.17,896.19,901.38,907.24,915.03,923.26,930.47,936.51,941.40,945.84,950.64,955.74,960.94,965.88,970.31,974.29,978.05,981.88,985.97,989.59,992.88,996.22,1000.68,1009.19,1017.18,1022.72,1025.13,1027.73,1031.20,1035.51,1040.63,1046.04,1051.11,1056.15,1060.91,1064.18,1066.32,1066.62
709.76,712.96,715.69,718.29,721.15,723.96,726.61,729.35,731.75,734.47,737.51,740.53,744.00,747.69,752.55,759.48,767.40,773.57,779.94,787.05,793.91,799.27,805.49,811.45,815.14,818.86,821.99,824.86,828.02,832.52,837.66,842.29,846.41,850.90,856.82,862.57,868.09,873.61,879.00,884.21,889.23,894.08,898.79,903.78,909.26,915.19,921.29,926.03,930.52,934.86,938.90,942.58,946.27,950.25,954.43,958.60,962.58,966.52,971.84,979.10,984.13,990.21,997.52,1005.49,1012.70,1020.89,1028.16,1033.97,1038.16,1041.73,1044.91,1047.91,1050.74,1053.22,1055.17,1056.51,1057.28,1057.49,1056.91,1055.10,1052.30,1048.46,1043.09,1036.32,1029.73,1023.64,1017.10,1010.15,1004.15,999.10,994.49,989.70,983.28,976.91,971.54,965.98,960.65,955.78,950.98,945.21,938.78,931.66,924.64,918.64,914.04,908.88,902.98,896.44,889.51,881.93,875.58,870.21,864.74,859.22,853.75,847.89,841.70,836.59,831.92,826.31,819.61,812.56,805.91,799.78,793.93,787.91,780.65,773.17,767.03,762.73,759.30,757.66,759.00,762.84,768.24,773.53,778.87,784.34,790.03,795.99,802.47,808.53,813.77,818.30,823.99,828.71,831.33,830.55,826.43,819.55,811.17,802.20,794.12,785.32,776.14,766.45,756.04,747.44,741.67,739.25,741.11,746.88,755.13,764.09,772.84,780.59,787.69,794.79,801.69,807.92,813.82,820.21,826.49,832.17,837.00,840.70,843.09,844.02,842.78,839.49,832.56,824.20,816.01,807.61,800.07,793.91,788.81,783.45,778.44,773.05,768.07,764.73,761.79,759.44,757.96,757.47,757.34,757.49,758.32,759.79,761.79,765.09,770.07,776.56,784.30,791.77,798.53,805.32,812.54,820.42,829.47,838.30,846.29,853.12,860.24,867.37,873.98,879.76,885.06,890.57,897.32,905.05,912.84,920.98,928.01,933.85,938.59,942.92,947.04,951.43,956.19,961.00,965.61,969.94,974.00,977.85,982.07,985.97,989.62,993.26,997.64,1004.92,1013.59,1021.14,1023.74,1026.41,1029.79,1034.17,1039.78,1045.87,1051.11,1055.44,1058.89,1061.50,1062.89,1062.71
711.66,714.87,717.82,720.66,723.54,726.44,729.52,733.34,736.09,738.40,740.62,742.96,745.68,749.00,753.26,758.84,765.39,771.10,776.88,783.49,791.37,797.01,803.42,809.82,814.24,818.16,821.61,825.13,829.16,834.03,839.05,843.57,847.81,852.65,858.43,863.79,868.93,874.26,879.58,884.87,889.97,894.87,899.69,904.77,910.54,916.85,923.24,928.43,933.28,937.82,941.87,945.45,949.13,953.02,957.07,961.12,965.04,969.81,975.67,982.20,986.74,993.77,1001.35,1008.72,1016.51,1023.85,1030.15,1035.42,1039.70,1043.53,1046.98,1050.22,1053.30,1056.15,1057.83,1058.79,1059.30,1059.45,1059.01,1057.59,1054.90,1050.45,1044.46,1037.42,1030.48,1023.83,1016.76,1009.79,1003.93,998.94,994.17,988.79,982.15,975.84,970.54,964.47,959.05,954.16,949.26,943.38,936.71,929.78,923.39,918.46,915.28,910.98,905.50,899.17,892.77,885.95,879.97,874.78,869.83,864.73,859.33,853.83,848.62,844.46,839.82,833.99,826.91,818.97,811.50,804.78,798.68,792.97,786.59,779.64,773.41,768.32,763.80,760.74,760.45,762.84,767.60,772.71,778.01,783.49,789.19,795.11,801.59,807.89,813.52,818.15,823.98,829.00,831.74,830.56,826.10,819.31,811.23,802.59,794.78,786.27,777.30,767.90,758.13,749.54,743.95,741.64,743.35,748.80,757.16,766.11,774.66,782.28,789.44,796.78,803.97,810.39,816.26,822.88,829.30,834.86,839.63,843.63,846.48,847.98,847.38,844.48,838.22,830.75,823.42,815.31,806.70,799.61,794.34,789.56,785.12,780.29,775.69,772.18,768.48,765.16,762.56,760.78,759.36,758.30,757.99,758.31,759.09,761.23,765.33,771.45,779.54,787.41,794.31,801.03,808.08,815.91,824.44,832.45,839.94,847.18,853.85,860.60,867.09,873.11,878.97,885.36,893.56,902.64,910.27,918.15,925.03,930.85,935.67,939.86,943.72,947.73,952.04,956.62,961.14,965.56,969.91,974.25,978.63,982.83,986.94,991.17,995.92,1002.36,1010.56,1018.61,1022.61,1025.72,1029.14,1033.54,1039.33,1045.52,1050.43,1054.13,1056.74,1058.57,1059.32,1058.66
712.97,716.24,719.39,722.27,725.06,728.09,731.87,737.12,740.54,742.74,744.49,746.63,748.88,751.94,755.68,759.98,764.72,769.71,774.73,780.56,788.94,794.83,801.09,807.58,812.98,817.22,821.25,825.72,830.79,835.75,840.49,844.90,849.37,854.69,860.14,865.08,869.93,875.12,880.47,885.81,890.83,895.52,900.27,905.31,911.20,917.77,924.50,930.23,935.40,940.10,944.21,947.80,951.59,955.50,959.44,963.42,967.46,973.34,979.63,984.89,989.62,997.53,1005.29,1012.20,1020.43,1026.20,1031.58,1036.77,1041.19,1045.49,1049.23,1052.63,1055.78,1058.61,1059.69,1060.07,1060.23,1060.23,1060.06,1059.41,1057.15,1052.09,1045.56,1038.23,1031.03,1024.04,1016.52,1009.55,1003.78,998.86,994.04,988.20,981.39,975.22,970.06,963.55,957.92,952.87,947.81,941.90,935.24,928.85,923.40,919.68,917.79,914.38,909.45,903.42,897.30,891.29,885.47,880.10,875.60,871.14,865.60,860.03,855.40,851.88,847.12,841.24,834.15,825.50,817.17,809.88,803.39,797.47,791.73,785.79,779.84,774.04,768.71,764.71,762.85,763.39,766.93,771.87,777.23,782.70,788.30,794.15,800.60,807.18,813.26,818.06,824.02,829.34,832.15,830.40,825.50,818.66,810.84,802.67,795.24,787.13,778.34,769.23,760.26,751.43,746.15,744.24,745.78,750.61,758.80,767.61,775.96,783.67,790.71,798.08,805.46,812.09,817.88,824.98,831.77,837.38,842.24,846.54,849.83,851.80,851.61,848.72,843.49,837.35,830.96,823.67,814.43,806.23,800.08,795.37,791.06,787.14,783.61,780.35,776.30,772.22,768.61,765.70,763.25,761.27,759.90,759.01,758.52,759.30,762.23,767.76,775.97,783.88,790.65,797.11,803.86,811.61,819.79,826.92,833.75,841.36,847.74,854.14,860.52,866.79,873.12,880.44,889.86,899.90,907.32,914.74,921.48,927.47,932.53,936.68,940.52,944.34,948.32,952.66,957.00,961.37,966.01,971.12,975.75,980.24,984.83,989.68,994.94,1000.82,1008.03,1015.74,1021.58,1025.32,1028.85,1033.23,1038.97,1044.80,1049.19,1052.37,1054.44,1055.45,1055.56,1054.40
713.95,717.14,720.23,723.02,725.72,728.91,733.28,739.54,743.67,746.37,748.63,751.67,755.23,758.05,760.62,763.57,767.00,771.28,775.77,780.83,787.83,793.40,799.04,805.04,811.06,816.08,821.52,827.12,832.46,837.26,841.92,846.42,851.18,856.97,861.84,866.47,871.35,876.78,882.29,887.46,891.96,895.98,900.40,905.33,911.35,918.07,924.76,930.55,935.81,940.77,945.41,949.64,953.62,957.52,961.44,965.56,970.21,976.36,982.51,987.70,994.24,1001.60,1009.32,1016.79,1022.70,1027.47,1032.62,1037.94,1042.65,1047.41,1051.31,1054.83,1057.94,1059.55,1060.14,1060.38,1060.50,1060.48,1060.31,1059.98,1058.21,1053.51,1046.78,1039.14,1031.60,1024.30,1016.71,1009.63,1003.81,998.89,994.05,988.26,981.66,975.67,970.58,963.85,957.83,952.45,947.44,942.50,937.29,932.15,927.96,925.46,923.01,919.63,915.36,910.15,904.04,897.81,891.24,885.15,880.84,876.58,871.18,865.58,860.60,856.25,851.57,845.89,839.02,830.98,822.33,814.60,807.75,801.49,795.49,790.09,784.85,779.57,774.34,769.47,766.58,765.60,766.52,771.19,776.71,782.20,787.58,793.29,799.65,806.28,812.63,817.89,824.11,829.73,832.53,830.08,824.74,817.81,810.04,802.02,794.95,787.59,779.30,770.48,761.87,752.50,747.29,745.70,747.41,752.36,760.21,768.75,776.93,784.18,791.13,798.63,806.20,812.96,819.25,826.60,833.68,839.85,845.73,850.15,853.49,855.64,855.69,853.48,849.49,844.16,837.74,831.36,823.59,815.43,807.81,802.03,797.05,793.18,790.12,787.42,784.22,780.71,777.15,773.56,769.86,766.79,763.93,761.28,759.35,759.16,761.15,766.13,774.42,782.10,788.17,793.84,799.87,806.96,815.15,822.23,828.60,835.38,842.47,848.94,855.26,861.71,868.41,875.88,885.68,896.20,903.41,909.89,916.50,922.96,928.66,933.28,937.20,941.08,945.20,949.55,953.85,958.17,963.11,969.22,974.41,979.19,983.99,989.00,994.34,1000.11,1006.53,1013.46,1020.30,1024.78,1028.54,1032.77,1037.97,1042.81,1046.89,1049.97,1051.77,1052.02,1051.27,1049.44
714.84,717.97,720.95,723.67,726.28,729.70,734.78,741.86,746.59,749.86,752.75,756.41,760.54,763.31,765.48,767.97,770.95,774.82,778.93,783.40,789.09,794.06,798.90,804.10,809.92,815.60,822.46,828.92,834.14,838.72,843.29,848.04,853.24,859.17,863.59,868.20,873.42,879.21,884.85,889.48,893.33,896.84,900.86,905.39,911.36,918.15,924.68,930.27,935.46,940.58,945.75,950.83,955.22,959.32,963.36,967.60,972.87,979.16,985.33,990.96,998.54,1005.78,1013.36,1020.64,1024.94,1029.07,1033.86,1039.13,1044.40,1049.39,1053.36,1056.73,1059.36,1060.07,1060.36,1060.55,1060.68,1060.66,1060.47,1060.26,1058.91,1054.88,1048.00,1040.16,1032.41,1025.03,1017.84,1010.58,1004.54,999.50,994.66,989.27,983.00,977.14,972.03,965.54,959.23,953.63,948.78,944.60,940.70,936.89,933.74,931.55,928.42,924.80,920.86,916.30,910.42,904.08,897.34,890.77,885.36,881.05,875.98,870.45,864.88,859.62,854.59,848.91,842.38,835.13,827.04,819.04,811.69,805.32,798.99,793.76,788.95,784.16,779.25,774.02,770.36,768.12,767.14,770.70,776.14,781.74,786.91,792.48,798.94,805.72,812.22,817.77,824.35,830.40,833.06,829.47,823.86,816.70,808.67,800.57,794.13,787.39,779.39,770.76,762.69,753.74,748.53,746.86,748.73,754.31,762.07,770.42,778.40,785.03,791.78,799.26,806.87,813.88,820.86,828.51,835.85,842.48,848.93,853.58,857.20,859.78,860.28,858.46,855.13,850.47,844.60,839.04,832.83,825.31,817.08,810.24,804.23,799.63,796.23,793.74,791.26,788.40,785.22,781.66,777.47,773.56,769.53,765.43,761.89,760.34,761.14,765.20,773.00,780.36,785.89,790.99,796.43,802.70,810.60,817.69,823.94,830.22,837.58,844.36,850.93,857.69,864.84,872.74,882.36,892.33,899.31,904.91,911.06,917.57,923.78,929.06,933.39,937.53,941.84,946.54,951.30,955.96,961.20,967.82,973.50,978.56,983.45,988.40,993.62,999.23,1005.10,1011.43,1018.55,1023.66,1027.78,1031.88,1036.36,1040.17,1043.55,1046.10,1047.40,1047.09,1045.88,1043.70
715.68,718.80,721.64,724.30,726.83,730.61,736.54,744.20,749.38,753.22,756.68,760.49,764.10,767.06,769.88,773.02,776.48,780.31,784.23,788.34,793.10,797.22,801.16,805.26,809.99,816.10,824.11,831.11,835.84,840.16,844.59,849.75,855.52,861.21,865.35,870.37,876.27,882.52,888.11,891.83,894.98,898.21,901.83,905.65,911.35,918.11,924.33,929.51,934.43,939.60,945.23,951.29,956.37,960.93,965.23,969.56,975.39,981.79,988.24,994.74,1002.17,1009.99,1017.36,1023.48,1027.42,1031.26,1035.44,1040.42,1046.52,1051.44,1055.36,1058.28,1059.92,1060.31,1060.51,1060.70,1060.87,1060.85,1060.65,1060.38,1059.37,1056.23,1049.16,1041.28,1033.53,1026.33,1020.07,1012.63,1006.21,1000.90,996.06,991.38,985.53,979.73,974.55,968.79,962.37,956.72,952.11,948.22,945.19,942.66,940.17,937.24,933.56,929.53,925.49,921.24,915.88,909.71,903.57,896.92,889.14,884.47,879.90,874.55,868.33,862.27,856.37,850.41,844.27,837.79,831.18,823.11,815.15,808.90,802.31,796.89,792.11,787.60,783.09,778.17,773.98,770.78,769.00,770.48,775.51,781.30,786.31,791.76,798.54,805.59,812.16,817.77,824.80,831.37,833.76,828.60,822.84,815.30,806.71,798.32,792.80,786.45,778.44,769.87,762.62,755.19,750.00,747.88,749.97,756.65,764.63,772.89,780.63,786.57,793.02,800.22,807.72,815.10,822.88,830.88,838.44,845.26,851.64,856.65,860.92,864.28,865.50,863.69,860.33,856.24,851.63,846.73,841.75,835.43,827.79,820.20,812.98,806.89,802.26,799.46,797.29,794.89,792.34,789.52,785.78,781.38,776.64,771.58,766.33,762.95,762.21,764.85,771.39,778.38,783.64,788.52,793.62,799.02,806.23,813.25,819.75,826.10,833.14,840.44,847.65,854.80,862.52,871.24,880.12,888.45,895.15,900.01,905.34,911.38,917.82,923.86,929.01,933.62,938.16,943.53,949.38,954.79,960.33,966.83,972.84,978.16,983.04,987.73,992.71,998.01,1003.59,1009.60,1016.25,1021.85,1026.43,1030.45,1034.08,1036.94,1039.14,1040.60,1041.14,1040.51,1039.35,1037.20
716.65,719.70,722.34,724.89,727.42,731.64,738.34,745.89,751.19,755.19,758.84,763.05,766.89,770.83,774.82,778.75,782.65,786.83,790.92,794.80,798.63,802.59,805.95,809.04,812.77,818.64,826.40,833.31,838.09,842.03,846.00,851.36,857.59,862.88,866.98,873.22,880.37,886.62,890.98,894.05,896.87,899.87,903.15,906.68,912.15,918.49,923.87,928.52,933.29,938.52,944.47,951.30,957.25,962.40,967.07,971.88,978.07,984.63,991.45,998.62,1005.76,1013.55,1020.64,1026.24,1030.05,1033.59,1037.59,1042.63,1049.01,1053.57,1057.09,1059.37,1060.19,1060.46,1060.63,1060.83,1061.02,1061.07,1060.86,1060.53,1059.89,1057.59,1049.89,1042.36,1034.94,1027.88,1022.74,1016.67,1010.19,1004.00,998.85,994.28,988.98,983.60,978.53,973.21,967.41,961.84,956.87,952.87,949.88,947.30,944.62,941.37,937.39,932.94,928.45,923.91,918.81,912.64,906.64,900.45,893.27,887.49,882.78,877.79,871.68,865.00,858.53,852.20,845.94,839.75,833.74,825.98,817.94,811.35,804.79,799.17,794.30,789.99,785.85,781.53,777.53,774.05,771.61,771.23,775.38,781.01,786.09,791.59,798.45,805.56,812.18,817.94,825.57,832.18,834.07,828.14,821.86,813.72,804.94,796.85,791.37,784.93,776.97,768.64,761.93,755.73,751.14,749.76,753.29,761.01,769.32,777.32,784.58,790.60,796.72,803.35,810.52,818.26,826.14,833.99,841.14,847.46,853.85,859.50,864.45,868.51,870.74,869.67,866.95,863.00,857.87,852.84,848.14,842.92,836.94,830.51,824.05,817.05,810.82,807.05,804.09,801.37,798.69,795.92,792.74,788.37,783.35,777.86,771.98,767.22,764.66,764.92,768.89,775.63,781.00,785.98,791.08,796.29,802.66,809.54,816.41,823.02,830.41,838.36,845.97,853.12,861.09,869.72,877.81,885.03,891.16,895.79,900.47,905.88,912.21,918.39,924.10,929.56,934.98,940.74,947.84,953.91,959.42,965.65,971.60,977.05,982.05,986.73,991.59,996.62,1001.92,1007.57,1013.77,1019.71,1024.37,1028.12,1031.21,1033.30,1034.88,1035.83,1035.99,1035.23,1033.75,1031.70
717.82,720.75,723.17,725.61,728.25,732.89,740.05,747.20,752.49,756.59,760.46,765.18,769.67,774.70,779.78,784.47,788.99,793.44,797.62,801.32,804.41,808.17,811.07,813.55,816.89,822.60,829.69,836.03,840.58,844.04,847.67,853.17,859.69,864.68,869.28,876.76,884.73,890.46,893.63,896.27,898.93,901.71,904.70,908.23,913.54,919.39,923.87,928.00,932.67,938.02,944.27,951.60,958.19,963.80,968.84,974.24,980.81,987.69,994.86,1002.33,1009.13,1016.74,1023.66,1029.06,1032.82,1036.24,1040.35,1045.50,1051.55,1055.71,1058.58,1060.13,1060.36,1060.59,1060.76,1060.95,1061.17,1061.29,1061.03,1060.66,1060.30,1058.62,1050.39,1043.35,1036.42,1029.61,1025.20,1020.60,1014.45,1007.73,1002.28,997.61,992.74,987.79,982.97,978.09,973.24,967.93,962.55,958.28,954.82,951.64,948.36,944.66,940.38,935.55,930.60,925.67,920.71,914.51,908.55,902.91,896.97,890.13,885.17,880.60,874.91,867.56,860.79,854.23,847.75,841.63,835.80,828.50,820.63,813.49,807.02,801.23,796.24,792.06,788.15,784.38,780.69,777.19,774.25,772.27,775.51,780.84,786.00,791.60,798.57,805.71,812.32,818.23,826.48,832.94,834.22,827.82,820.98,812.32,803.47,795.69,789.88,783.14,775.21,767.17,760.94,755.69,752.48,752.72,757.79,766.23,774.70,782.38,789.20,795.46,801.34,807.51,814.39,822.23,829.93,837.29,843.84,849.68,856.19,862.35,867.94,872.75,875.98,875.92,873.99,870.19,864.47,859.17,854.09,849.41,844.98,840.06,834.78,827.63,820.39,815.56,811.71,808.38,805.22,802.16,799.24,794.91,789.75,784.06,777.92,771.89,767.53,765.43,766.76,772.63,778.10,783.31,788.58,793.84,799.44,806.16,813.36,820.40,828.56,837.14,844.91,851.77,859.76,867.85,875.13,881.53,887.23,891.87,896.20,901.15,907.30,913.63,919.83,926.12,932.39,938.43,946.44,952.96,958.36,964.18,969.96,975.45,980.55,985.31,990.16,995.00,999.93,1005.13,1010.94,1017.12,1021.90,1025.54,1028.22,1029.68,1030.78,1031.39,1031.33,1030.50,1028.81,1026.90
719.54,722.18,724.42,726.71,729.76,734.67,741.51,747.87,752.99,757.44,761.89,767.20,773.00,778.85,784.41,789.64,795.34,799.50,803.22,806.80,809.76,812.63,815.18,818.19,822.89,829.19,835.47,840.35,843.39,846.10,849.98,855.70,862.12,867.14,873.76,881.86,888.90,892.90,895.93,898.65,901.26,903.84,906.66,910.70,916.10,921.54,925.39,929.10,933.77,939.37,945.91,953.17,959.54,965.12,970.42,976.40,983.63,991.25,998.64,1005.46,1011.85,1019.40,1026.48,1032.11,1035.90,1039.67,1044.50,1049.68,1053.97,1057.84,1059.61,1060.25,1060.48,1060.71,1060.88,1061.08,1061.30,1061.46,1061.13,1060.73,1060.35,1058.65,1050.55,1044.05,1037.89,1031.61,1026.68,1022.63,1017.69,1012.01,1006.49,1001.61,996.65,991.94,987.64,983.33,979.91,975.41,969.92,965.13,960.38,956.01,951.57,946.66,941.86,936.82,931.65,926.50,921.51,915.28,909.47,904.30,899.10,891.96,886.88,882.79,877.80,869.51,863.01,856.78,850.25,843.86,837.60,830.95,823.59,815.61,809.17,803.30,798.22,793.96,789.94,786.30,782.80,779.43,776.37,773.48,775.98,780.92,786.02,791.71,799.04,806.32,812.80,818.68,827.56,833.70,834.27,827.60,820.35,811.57,802.74,794.85,788.33,780.97,772.97,765.30,759.50,754.68,754.73,758.21,764.18,772.40,780.42,787.76,794.47,800.86,806.76,813.11,819.95,827.09,834.29,840.57,846.43,852.44,859.28,865.36,871.49,877.28,881.21,882.40,881.13,877.86,872.81,867.53,860.70,854.97,850.90,847.04,842.68,837.13,831.01,825.40,821.14,816.99,812.92,809.10,805.47,800.73,795.50,789.94,783.72,776.43,770.55,766.93,766.50,769.44,774.66,780.39,785.99,791.40,796.68,803.14,810.49,818.40,828.01,837.08,844.50,850.49,857.98,864.96,871.35,877.41,883.32,888.36,893.12,898.24,904.25,911.16,917.98,924.69,931.23,937.38,945.15,951.59,956.82,961.96,967.56,972.91,977.98,982.87,987.98,992.76,997.11,1001.56,1007.28,1013.40,1018.76,1022.89,1025.33,1026.45,1027.07,1027.38,1027.27,1026.43,1025.07,1023.44
721.35,723.76,726.03,728.36,732.17,737.24,743.09,748.44,753.56,758.45,763.46,769.35,776.04,782.42,788.61,794.68,800.00,803.90,807.38,810.70,813.57,816.46,820.20,824.62,829.52,835.38,840.42,844.12,846.60,849.37,853.87,859.40,865.15,870.49,877.83,885.39,891.31,894.57,897.68,900.71,903.50,906.22,909.62,914.83,920.67,925.79,929.04,932.39,937.04,942.69,949.10,955.88,961.51,966.74,972.30,979.24,987.07,994.82,1001.91,1008.07,1014.14,1022.35,1029.63,1034.91,1039.29,1043.78,1048.45,1052.87,1056.37,1059.11,1060.09,1060.38,1060.61,1060.84,1061.03,1061.24,1061.47,1061.64,1061.34,1060.87,1060.16,1058.00,1050.52,1044.62,1039.10,1033.33,1028.15,1024.31,1020.18,1015.17,1009.21,1004.08,999.24,994.89,991.16,987.42,984.32,980.32,975.35,970.31,964.79,959.12,953.43,947.86,942.68,937.40,932.06,926.82,921.80,915.48,909.69,904.74,899.94,893.09,887.95,883.86,879.00,870.20,864.13,858.56,852.46,845.98,839.25,832.79,825.73,817.51,810.88,804.97,799.81,795.42,791.40,787.82,784.46,781.23,778.08,774.75,776.59,781.20,786.66,793.06,800.44,807.52,813.99,820.49,829.05,834.59,834.71,827.94,820.21,811.41,802.61,794.51,787.53,779.52,771.39,764.03,758.69,755.33,757.59,763.00,769.82,777.84,785.47,792.64,799.49,806.14,812.01,818.64,825.60,831.99,838.13,843.60,849.30,855.76,862.85,869.36,875.98,882.18,886.22,887.81,887.20,884.94,881.02,875.67,868.66,862.18,857.07,853.18,849.39,845.12,840.22,834.82,830.36,825.64,820.94,816.45,811.87,806.38,800.63,794.80,788.49,780.40,773.19,768.38,767.01,767.80,771.56,776.95,783.12,789.03,794.48,800.85,808.15,816.34,826.09,835.54,843.23,849.08,855.76,861.97,867.97,874.04,880.33,885.92,891.12,896.31,901.97,908.95,915.99,922.88,929.45,935.61,942.83,949.33,954.85,959.72,965.23,970.09,974.80,979.79,985.01,990.14,994.53,998.43,1002.83,1007.89,1013.42,1018.45,1021.83,1023.19,1023.56,1023.57,1023.14,1021.61,1020.10,1018.64
723.32,725.62,728.04,730.61,735.14,740.11,744.68,749.07,754.26,759.57,765.12,771.64,778.93,785.63,792.36,799.18,803.41,807.11,810.51,813.58,816.42,820.00,825.53,831.51,836.09,841.06,844.81,847.67,850.20,853.51,858.62,863.75,868.67,874.37,881.61,887.97,892.71,895.78,899.04,902.45,905.60,908.76,913.18,919.78,926.05,930.87,933.70,936.77,941.44,947.01,953.02,959.09,963.81,968.68,974.62,982.51,990.86,998.32,1004.77,1010.35,1016.21,1025.21,1032.70,1037.59,1042.90,1048.06,1052.10,1055.43,1058.53,1059.81,1060.26,1060.50,1060.73,1060.96,1061.19,1061.42,1061.64,1061.79,1061.55,1061.00,1059.81,1056.92,1050.33,1045.04,1040.05,1034.72,1029.43,1025.59,1021.94,1017.33,1010.83,1005.47,1000.82,996.88,993.65,990.42,987.00,983.21,978.88,973.74,967.76,960.97,954.24,948.38,942.97,937.48,932.04,926.80,921.72,915.23,909.41,904.52,899.87,893.60,888.47,884.10,879.02,870.07,864.52,859.72,854.30,847.92,840.78,834.20,827.31,819.25,812.33,806.40,801.16,796.60,792.61,789.01,785.73,782.60,779.40,776.01,777.34,781.72,787.79,795.18,802.41,809.12,815.67,823.14,830.82,835.59,835.44,828.64,820.43,811.70,802.94,794.61,787.26,778.68,770.40,763.24,758.34,756.88,760.77,767.37,774.85,782.64,789.95,797.14,804.33,811.19,817.18,824.11,831.14,836.77,841.65,846.58,852.50,859.63,866.90,873.99,880.91,887.03,890.81,892.36,892.39,891.29,888.65,883.38,877.13,870.37,863.82,859.05,855.40,851.99,848.18,843.57,839.07,834.06,829.00,823.98,818.38,811.87,805.25,798.84,792.41,783.97,775.80,770.04,768.01,767.28,769.07,773.56,780.12,786.64,792.59,799.00,806.14,814.26,823.45,833.05,841.28,847.46,853.35,859.08,865.03,871.37,878.12,884.23,889.78,894.91,900.08,906.70,913.73,920.63,927.17,933.21,939.79,946.37,952.39,957.41,962.92,967.16,971.37,976.34,981.68,987.33,992.05,995.60,998.25,1001.75,1006.89,1012.50,1017.00,1018.83,1019.18,1018.99,1018.16,1015.85,1014.09,1012.93
725.90,728.45,731.12,734.44,738.41,742.29,745.99,750.32,755.41,760.81,766.80,774.21,781.77,788.65,795.16,801.19,805.21,808.91,812.40,815.61,818.78,823.91,829.83,835.56,840.44,845.20,848.71,851.68,854.73,858.49,863.23,868.07,872.94,878.45,885.09,890.15,893.84,896.80,900.00,903.53,907.24,911.42,917.03,924.15,929.93,934.21,937.52,940.51,945.33,950.83,956.25,961.58,965.99,971.46,978.30,986.01,994.73,1001.45,1006.94,1012.40,1018.25,1026.82,1034.42,1040.28,1046.71,1051.24,1054.80,1057.69,1059.52,1060.16,1060.42,1060.63,1060.86,1061.09,1061.32,1061.55,1061.73,1061.68,1061.37,1060.82,1059.28,1055.65,1049.87,1045.14,1040.43,1035.18,1029.72,1025.82,1022.17,1017.58,1011.12,1005.71,1001.10,997.25,994.13,990.99,987.28,983.02,978.25,972.88,966.63,959.95,953.47,947.75,942.47,937.00,931.57,926.35,921.20,914.38,908.47,903.58,898.72,893.00,888.01,883.30,877.74,869.40,864.32,859.91,854.96,849.24,842.06,835.19,828.29,820.71,813.73,807.71,802.35,797.59,793.39,789.57,786.19,783.02,779.87,777.09,778.50,783.00,789.72,797.71,804.69,811.08,817.82,826.23,832.88,836.95,836.58,829.63,821.04,812.50,803.97,795.47,787.48,778.91,770.54,763.21,758.53,758.34,763.96,771.62,778.86,786.18,793.38,801.11,808.95,815.37,822.34,829.42,835.85,840.84,844.97,850.06,856.68,864.65,872.19,879.09,885.32,890.55,893.84,895.56,896.01,895.44,893.50,889.50,884.30,878.80,872.91,866.07,861.24,857.44,853.85,849.92,845.75,841.12,836.31,831.21,825.03,816.96,808.89,801.58,795.04,787.25,779.38,772.91,769.23,768.17,768.85,771.91,777.34,783.95,790.73,797.36,804.28,812.27,821.00,829.99,838.24,845.18,851.25,857.01,863.25,870.13,877.36,883.44,888.70,893.43,897.96,903.52,910.28,917.31,923.96,929.69,935.94,942.25,948.51,954.74,960.53,964.60,968.33,972.80,978.68,984.52,989.38,993.01,995.32,997.55,1000.52,1003.88,1006.94,1008.77,1009.67,1009.72,1008.90,1007.29,1006.30,1006.25
728.68,731.63,734.56,738.11,741.40,744.41,747.54,751.88,756.88,762.22,768.46,776.81,784.41,791.24,797.39,802.65,806.58,810.38,814.01,817.53,821.55,827.63,833.62,839.20,844.53,848.97,852.33,855.51,859.05,863.20,867.92,872.86,877.93,883.23,888.56,892.40,895.37,898.24,901.48,905.04,909.03,913.81,920.11,927.15,932.56,936.66,940.42,943.56,948.38,953.77,958.96,964.02,968.76,974.82,982.16,989.89,998.22,1004.21,1009.22,1014.83,1020.94,1028.85,1036.50,1043.26,1049.84,1053.81,1056.91,1059.25,1060.07,1060.39,1060.56,1060.75,1060.98,1061.21,1061.36,1061.50,1061.57,1061.36,1061.05,1060.37,1058.34,1054.09,1049.14,1044.93,1040.46,1035.24,1029.59,1025.55,1021.67,1016.90,1010.58,1005.21,1000.73,997.03,993.95,990.72,986.38,981.44,976.20,970.69,964.51,958.21,952.20,946.83,941.82,936.28,930.75,925.43,919.97,912.98,907.08,902.22,897.27,891.98,887.10,881.88,875.62,868.49,863.93,859.76,855.09,849.79,842.75,835.76,828.90,821.87,814.93,808.75,803.21,798.24,793.77,789.76,786.24,783.03,780.05,778.24,780.43,785.65,792.99,800.77,807.35,813.55,820.39,829.03,834.99,838.52,837.91,830.84,821.82,813.12,804.58,796.09,787.96,779.56,771.09,763.51,759.22,760.82,767.50,775.40,782.33,789.36,796.84,804.98,813.13,819.65,827.24,834.16,840.00,844.65,848.90,854.59,861.74,869.87,877.29,883.83,889.33,893.72,896.73,898.80,899.67,899.56,898.21,895.15,890.80,886.30,881.25,874.07,868.55,863.96,859.84,855.94,851.67,847.21,842.57,837.35,830.53,821.30,812.14,804.10,797.61,790.39,782.95,776.09,770.97,769.25,769.21,771.34,775.73,781.67,789.00,795.92,802.73,810.48,818.85,827.29,835.38,842.82,849.41,855.58,862.23,869.37,876.39,882.24,887.23,891.66,895.79,900.47,906.75,913.64,920.37,926.07,931.97,937.95,944.32,951.36,957.47,961.87,965.59,969.67,975.44,981.31,986.29,990.06,992.43,994.00,995.50,997.12,998.77,1000.14,1000.87,1000.70,999.65,998.41,997.84,998.30
731.59,735.01,738.20,741.22,743.92,746.53,749.49,753.78,758.72,763.81,770.07,779.37,786.76,793.25,799.02,803.81,807.70,811.70,815.51,819.50,824.95,830.99,836.94,842.85,848.64,852.51,855.69,859.03,862.91,867.46,872.83,878.33,883.74,888.81,892.09,894.86,897.54,900.34,903.76,907.28,911.15,915.85,922.08,928.47,933.82,938.28,942.26,945.80,950.40,955.63,961.12,966.52,972.33,978.75,985.99,994.18,1001.17,1006.59,1011.77,1017.84,1024.51,1031.70,1039.28,1046.61,1051.99,1055.76,1058.37,1059.92,1060.26,1060.51,1060.69,1060.87,1061.10,1061.31,1061.27,1061.20,1061.11,1060.83,1060.61,1059.53,1056.85,1052.19,1048.07,1044.35,1040.09,1034.88,1029.04,1024.80,1020.46,1015.31,1009.18,1003.92,999.75,996.31,993.26,989.75,984.37,978.65,973.12,967.64,961.91,956.07,950.56,945.75,941.10,935.35,929.53,923.94,917.84,910.98,905.24,900.43,895.59,890.61,885.77,879.87,872.68,867.34,863.39,859.32,854.66,849.38,842.68,835.79,829.11,822.64,815.81,809.44,803.66,798.47,793.69,789.54,785.91,782.67,780.11,779.65,783.44,790.00,797.87,804.45,810.50,816.68,823.49,831.35,837.07,840.28,839.40,832.29,822.78,813.41,804.54,796.27,788.65,780.59,771.98,764.17,760.49,764.63,771.44,778.54,785.24,792.29,800.50,808.83,816.76,824.22,831.74,838.16,843.55,848.31,853.66,860.39,867.71,875.07,881.85,887.95,892.85,896.70,899.76,902.35,903.68,904.03,903.25,900.48,896.67,892.55,888.16,883.09,877.79,872.16,866.72,862.04,857.03,852.30,847.56,842.09,834.48,824.76,815.07,806.63,800.35,793.40,786.35,779.45,773.41,770.39,769.96,771.89,775.66,780.04,787.48,794.72,801.59,808.98,817.09,825.22,833.06,840.52,847.90,854.88,861.99,868.96,874.86,880.32,885.17,889.54,893.59,897.82,903.36,909.76,916.47,922.58,927.99,933.65,939.98,947.11,953.57,958.80,963.14,967.06,971.85,977.57,982.64,986.57,989.21,990.87,992.16,993.26,994.04,994.43,994.00,992.89,991.28,989.67,988.89,988.91
733.89,737.34,740.37,743.07,745.59,748.33,751.69,756.17,760.78,765.45,771.57,781.33,788.52,794.64,800.10,804.82,808.85,813.18,817.49,822.04,827.93,833.78,840.09,846.37,851.59,855.27,858.85,862.72,867.17,872.85,878.95,884.49,889.25,893.09,895.69,898.04,900.56,903.49,906.87,910.43,914.23,918.50,923.75,929.63,935.07,939.91,944.11,947.82,952.39,957.63,963.35,969.39,975.76,982.21,989.25,997.78,1003.91,1009.29,1014.89,1021.24,1027.98,1034.56,1041.74,1048.95,1053.63,1057.36,1059.39,1060.16,1060.36,1060.59,1060.79,1060.93,1061.01,1061.07,1060.96,1060.83,1060.68,1060.41,1059.81,1057.72,1054.32,1050.09,1046.61,1043.34,1039.06,1033.55,1027.99,1023.54,1018.65,1013.15,1007.47,1002.38,998.53,995.31,992.12,987.98,982.19,976.35,970.94,965.80,959.95,954.19,948.98,944.56,939.97,933.91,927.75,921.76,914.86,908.60,903.28,898.45,893.55,888.68,884.03,878.08,870.72,866.24,862.50,858.25,853.22,847.66,841.48,835.13,828.90,822.79,815.97,809.55,803.73,798.45,793.30,789.09,785.49,782.76,781.94,783.47,788.34,794.98,802.08,808.09,813.93,820.50,827.59,833.87,838.98,841.75,840.55,833.38,823.73,813.98,804.78,796.45,789.16,781.86,773.82,766.24,762.72,767.81,774.18,780.59,787.38,794.69,803.68,812.33,820.27,828.44,835.60,841.48,846.87,852.56,858.41,865.05,872.11,879.24,885.79,891.17,895.75,899.78,903.34,906.28,907.90,908.56,908.19,906.16,902.84,899.08,895.08,890.53,885.61,880.10,874.52,869.34,863.58,857.78,852.23,846.42,838.26,828.52,818.75,809.94,803.15,796.26,789.53,782.85,776.65,773.04,771.54,772.68,775.99,779.80,786.96,794.22,801.15,808.44,816.13,823.98,831.87,839.81,847.71,855.21,861.96,867.90,873.00,878.30,883.09,887.41,891.48,895.97,901.16,906.93,913.13,919.37,924.72,929.99,935.85,942.86,949.76,955.28,959.81,963.88,968.61,973.90,978.67,982.45,984.86,986.49,987.54,988.25,988.61,988.53,987.37,985.63,983.68,982.01,981.25,980.91
735.98,739.31,742.07,744.59,747.10,750.11,753.96,758.56,762.79,767.23,773.32,783.05,790.02,795.79,801.02,805.76,810.03,814.79,819.62,824.65,830.60,836.28,842.93,849.39,853.89,857.59,861.76,866.36,871.61,878.31,884.83,890.13,894.09,896.83,899.25,901.48,904.03,907.30,910.86,914.35,917.83,921.47,925.62,931.03,936.52,941.60,945.99,949.74,954.24,959.48,965.46,972.19,978.88,985.29,992.20,1000.81,1006.44,1011.95,1018.04,1024.70,1031.23,1037.32,1043.95,1050.63,1054.85,1058.53,1060.09,1060.26,1060.42,1060.64,1060.85,1060.94,1060.86,1060.77,1060.63,1060.48,1060.28,1059.82,1058.51,1055.44,1051.59,1048.01,1045.03,1041.99,1037.57,1031.78,1026.56,1021.83,1016.46,1010.75,1005.55,1000.67,997.08,993.97,990.48,985.67,979.96,974.34,969.20,964.45,958.28,952.47,947.52,943.35,938.62,932.25,925.76,919.37,911.88,906.27,901.30,896.40,891.44,886.69,882.08,876.25,869.25,865.24,861.33,856.69,851.26,845.39,839.70,834.02,828.35,822.53,815.81,809.44,803.60,798.15,792.61,788.41,785.25,783.52,784.53,787.95,793.53,799.86,806.03,811.81,817.64,824.46,831.54,836.43,840.92,843.10,841.45,834.32,824.69,814.69,805.24,796.86,789.91,783.43,776.15,768.99,765.34,770.33,776.09,782.09,789.19,796.86,806.53,815.65,823.79,832.22,838.94,844.50,850.15,856.86,862.85,869.21,875.98,882.90,889.21,893.98,898.42,902.86,906.97,910.20,912.06,912.93,912.85,911.50,908.61,905.19,901.48,897.13,892.62,887.58,882.25,876.78,870.50,863.61,857.05,850.67,842.35,832.79,823.02,813.82,806.16,799.24,792.70,786.19,780.00,775.90,773.29,773.57,776.54,780.14,786.99,794.13,801.14,808.51,815.78,823.40,831.44,839.79,847.86,855.54,861.75,866.66,871.18,876.26,881.07,885.42,889.49,894.26,899.33,904.61,910.24,916.47,921.95,926.94,932.30,939.04,946.24,951.88,956.49,960.72,965.49,970.27,974.61,978.13,980.20,981.70,982.52,982.86,982.81,982.38,980.67,978.51,976.47,975.03,974.39,973.66
737.98,741.10,743.66,746.20,748.86,752.14,756.22,760.50,764.42,769.38,776.02,784.59,791.21,796.79,801.88,806.66,811.37,816.68,821.90,827.00,832.63,838.39,844.89,850.99,855.20,859.23,864.01,869.71,876.28,882.98,888.86,893.48,897.06,900.00,902.57,905.06,908.12,912.25,916.94,919.87,922.26,924.90,928.37,933.39,938.58,943.49,947.93,951.49,955.62,960.74,967.09,974.47,981.08,987.62,994.71,1002.72,1008.47,1014.23,1020.77,1027.99,1033.87,1039.71,1045.61,1051.12,1055.18,1058.64,1060.13,1060.33,1060.49,1060.71,1060.82,1060.82,1060.73,1060.60,1060.44,1060.29,1059.89,1058.57,1055.92,1052.52,1049.10,1046.16,1043.42,1039.96,1035.24,1029.51,1024.34,1019.11,1013.59,1008.11,1003.23,998.56,995.10,991.77,987.66,982.41,977.63,972.85,968.09,963.59,956.94,951.03,946.28,942.22,936.87,930.33,923.64,916.96,909.71,904.40,899.39,894.31,889.47,885.03,879.82,874.07,868.43,864.50,859.53,854.14,848.57,842.59,837.11,832.06,827.04,821.58,815.32,809.17,803.15,797.16,791.23,787.27,785.71,786.04,787.95,792.37,797.94,803.84,809.74,815.83,821.97,828.19,834.14,838.90,843.09,844.34,841.93,835.08,825.68,815.60,806.10,797.97,791.66,785.70,779.17,772.60,768.30,771.32,776.46,782.86,790.69,798.78,808.81,818.65,827.39,834.93,841.21,847.16,853.58,860.71,866.32,872.85,879.61,885.95,891.52,896.23,900.97,905.83,910.31,913.76,915.84,916.81,916.64,915.42,912.87,909.72,906.24,902.39,898.33,893.85,888.95,883.56,877.52,870.28,862.62,855.03,847.60,838.37,828.56,818.82,809.80,802.75,796.02,789.29,782.93,778.14,774.78,774.57,777.39,781.14,787.82,794.77,801.85,809.62,816.61,824.22,832.35,840.56,847.93,854.97,860.79,865.48,869.71,874.27,879.27,883.93,887.82,892.30,897.61,902.98,908.35,914.32,920.17,925.30,930.40,936.62,943.56,949.26,953.98,958.12,962.40,966.68,970.55,973.68,975.58,976.78,977.38,977.32,976.50,975.68,973.52,971.33,969.85,969.24,968.80,967.49
740.22,743.03,745.55,748.14,751.07,754.50,758.41,762.36,766.07,771.40,778.39,786.05,792.41,797.92,803.03,808.03,813.34,818.78,823.97,828.97,834.43,840.13,846.23,851.88,856.08,860.59,865.95,872.33,879.49,885.94,891.55,896.08,899.72,902.81,905.61,908.91,912.88,917.47,921.75,924.27,926.26,928.49,931.71,936.39,941.35,946.06,950.17,953.47,957.06,961.77,968.21,976.22,982.86,989.80,997.32,1004.53,1010.48,1016.64,1023.47,1030.72,1036.33,1041.59,1046.71,1051.48,1055.39,1058.71,1060.12,1060.31,1060.47,1060.67,1060.68,1060.63,1060.56,1060.41,1060.26,1059.68,1058.48,1056.40,1053.24,1049.96,1046.91,1044.18,1041.30,1037.27,1032.30,1026.76,1021.52,1015.95,1010.57,1005.49,1000.75,996.12,992.27,988.41,983.97,979.07,974.93,970.81,966.58,962.27,955.09,949.34,945.05,940.95,934.78,928.26,921.52,914.58,907.90,902.77,897.63,892.39,887.70,883.39,878.12,872.57,867.43,863.00,857.27,851.52,846.00,840.12,834.63,829.90,825.40,820.40,814.31,808.16,801.78,795.34,790.10,787.37,787.23,788.90,791.78,796.65,802.03,807.80,814.05,820.17,826.31,831.99,837.19,842.16,846.09,846.14,842.63,835.90,827.02,817.00,807.73,800.19,794.38,788.85,782.88,776.72,771.97,773.10,777.27,783.60,791.94,800.57,810.85,821.06,830.11,837.14,843.14,849.62,856.64,863.64,869.44,876.05,882.64,888.59,893.86,898.75,903.78,908.84,913.34,917.10,919.62,920.94,920.89,919.81,917.32,914.21,910.81,907.14,903.29,899.15,894.61,889.36,883.21,875.57,867.36,859.32,852.13,843.53,834.38,824.98,815.31,806.96,800.00,793.31,786.27,779.87,776.10,775.57,777.97,781.97,788.84,795.90,803.13,811.14,817.93,825.32,833.17,840.93,847.52,853.95,859.57,864.23,868.08,872.37,877.74,882.79,886.48,890.48,895.89,901.44,906.79,912.54,918.78,924.05,928.93,934.70,941.26,946.71,951.34,955.47,959.40,963.27,966.68,969.39,971.05,971.95,972.26,971.87,970.64,969.32,966.93,964.83,963.66,963.36,962.86,961.15
742.55,745.05,747.63,750.33,753.54,756.98,760.51,764.14,767.80,773.34,780.39,787.37,793.58,799.15,804.42,809.73,815.61,820.91,825.80,830.63,835.99,841.51,847.10,852.28,856.63,861.65,867.57,874.34,881.55,887.65,893.27,898.07,902.03,905.22,908.37,912.72,917.71,922.41,925.55,927.85,929.88,932.12,935.34,939.71,944.44,948.87,952.43,955.46,958.55,962.82,969.17,977.57,984.30,991.79,999.83,1006.24,1012.44,1019.06,1026.06,1033.04,1038.59,1043.13,1047.50,1051.82,1055.54,1058.74,1060.09,1060.24,1060.40,1060.55,1060.49,1060.41,1060.37,1060.20,1059.88,1058.58,1056.34,1053.68,1050.54,1047.60,1044.83,1041.98,1038.68,1034.08,1028.93,1023.59,1018.15,1012.45,1007.39,1002.76,997.97,993.25,988.78,984.29,979.73,975.61,971.89,968.27,964.60,960.35,952.86,947.48,943.69,939.41,932.49,926.12,919.43,912.34,906.38,901.33,895.99,890.61,886.07,881.76,876.74,871.44,866.20,860.93,854.71,848.88,843.54,837.90,832.34,827.74,823.61,819.02,812.92,806.61,799.81,793.15,789.35,788.45,789.56,792.06,795.84,800.79,806.00,811.93,818.75,824.79,830.70,835.89,840.62,845.83,849.53,848.36,843.66,836.96,828.74,819.00,810.06,803.08,797.68,792.53,787.02,781.20,776.02,775.35,778.44,784.45,793.04,802.33,812.73,822.97,832.10,838.95,844.81,851.88,859.39,865.96,872.34,878.90,885.18,890.87,896.15,901.38,906.68,911.81,916.19,920.31,923.38,925.17,925.42,924.55,922.09,918.96,915.48,911.64,907.83,903.85,899.54,894.49,888.04,879.95,871.52,863.53,856.18,848.32,840.18,831.58,821.90,811.84,804.48,797.85,789.94,781.44,777.38,776.60,778.42,782.80,790.02,797.39,804.82,812.87,819.52,826.55,833.89,841.03,846.85,852.74,858.23,862.91,866.39,870.58,876.37,881.81,885.33,888.84,894.17,899.87,905.37,911.00,917.71,923.14,927.80,933.16,939.32,944.34,948.71,952.77,956.40,959.92,962.90,965.19,966.56,967.18,967.15,966.51,965.12,963.30,960.87,958.87,957.77,957.39,956.67,954.74
744.62,747.13,749.82,752.73,755.85,759.08,762.37,765.75,769.88,775.22,781.51,788.15,794.43,800.46,806.18,811.61,817.28,822.29,827.04,831.81,836.88,842.12,847.39,852.34,856.73,861.93,868.44,875.51,882.45,888.27,894.04,899.06,903.21,906.66,910.42,915.34,920.52,924.94,928.33,930.77,933.00,935.44,938.53,942.60,946.83,950.69,953.79,956.67,960.21,964.80,970.86,978.53,985.29,993.15,1001.47,1007.65,1014.08,1021.00,1028.12,1034.87,1040.37,1044.63,1048.57,1052.39,1055.73,1058.74,1060.03,1060.18,1060.32,1060.39,1060.33,1060.25,1060.16,1059.82,1058.37,1056.22,1053.69,1050.95,1048.00,1045.13,1042.21,1038.95,1035.16,1030.39,1025.20,1019.67,1013.59,1008.55,1003.97,999.26,993.94,989.11,984.51,979.90,975.38,971.65,968.28,964.95,961.31,956.59,950.27,945.50,941.54,936.72,930.15,924.07,917.56,910.68,905.29,900.09,894.48,888.99,884.53,880.09,875.19,869.91,864.28,858.31,852.03,846.38,841.30,835.84,830.63,826.23,822.08,817.32,811.30,804.62,797.74,791.82,789.81,790.56,792.71,795.77,799.85,804.69,810.54,816.94,823.54,829.88,835.43,840.12,844.37,848.97,852.56,850.96,845.79,839.17,831.48,822.65,813.76,805.98,800.92,796.14,791.22,785.80,779.89,777.43,780.07,785.96,794.16,804.33,814.41,824.10,833.01,840.20,846.07,853.71,861.72,868.07,875.09,881.30,887.05,892.55,897.88,903.63,909.21,914.41,919.13,923.52,926.94,929.13,929.85,929.47,927.99,925.27,921.33,916.52,912.46,908.34,903.99,899.16,892.77,884.15,875.39,867.50,860.02,852.55,844.78,836.68,828.12,818.07,809.60,802.07,794.02,783.79,779.07,777.74,779.11,784.21,791.45,799.20,806.95,814.47,820.99,827.68,834.50,841.03,846.47,851.91,857.03,861.51,865.02,869.16,874.95,880.47,884.18,887.64,892.45,897.93,903.63,909.45,917.10,922.89,927.29,932.17,938.03,942.84,946.72,949.96,953.12,956.33,958.96,960.84,961.93,962.29,962.10,961.35,959.90,958.02,955.71,953.61,952.08,951.19,950.42,948.58
746.41,749.00,751.82,754.82,757.85,760.95,764.14,767.42,771.75,776.84,782.51,788.87,795.63,801.97,807.79,813.12,818.31,823.06,827.71,832.45,837.35,842.27,847.23,852.01,856.51,861.87,868.74,876.02,882.84,888.47,894.33,899.50,903.80,907.55,911.81,916.97,922.07,926.30,930.04,932.73,935.17,937.78,940.79,944.56,948.37,951.86,954.81,957.69,961.88,966.92,972.69,979.43,986.32,994.43,1002.77,1008.85,1015.41,1022.62,1029.96,1036.71,1041.94,1046.06,1049.55,1052.63,1055.54,1058.33,1059.73,1060.12,1060.23,1060.25,1060.20,1059.97,1059.45,1058.61,1056.36,1053.71,1051.03,1048.26,1045.41,1042.46,1039.28,1035.65,1031.45,1026.56,1021.15,1015.34,1009.35,1004.88,1000.41,995.40,989.84,984.84,980.00,975.21,970.66,966.93,963.63,960.38,956.80,952.27,947.34,943.03,938.75,933.62,927.84,922.15,915.93,909.44,904.39,898.87,893.04,887.54,883.11,878.54,873.70,868.35,862.25,855.68,849.55,844.15,839.17,833.82,829.02,824.83,820.57,815.42,809.14,802.57,796.29,791.60,791.28,793.07,795.90,799.44,803.78,809.00,815.39,822.08,828.49,834.88,839.81,844.00,848.02,852.41,855.88,854.12,848.77,842.10,834.90,826.98,818.52,810.33,804.51,799.74,795.15,790.02,783.95,779.96,781.85,787.33,795.16,806.16,815.77,824.84,833.55,841.08,847.22,855.26,863.62,870.04,877.35,883.23,888.60,894.02,899.52,905.67,911.50,916.84,921.85,926.44,930.00,932.46,933.68,933.87,933.30,931.17,927.25,922.07,917.45,912.94,908.39,903.56,897.46,888.56,879.46,871.46,863.85,856.50,848.92,841.27,833.80,823.96,814.50,806.04,797.85,786.54,780.73,778.60,779.68,785.26,792.38,800.32,808.29,815.50,822.01,828.47,834.85,840.85,845.92,850.98,855.76,860.03,863.67,867.91,873.54,879.03,883.02,886.51,890.87,896.04,901.79,907.79,915.96,922.17,926.66,931.13,936.58,941.13,944.61,947.19,949.77,952.63,954.94,956.52,957.41,957.68,957.42,956.58,955.02,953.00,950.69,948.40,946.44,945.20,944.33,942.63
747.86,750.54,753.50,756.40,759.44,762.60,765.84,769.19,773.20,778.07,783.58,789.65,797.38,803.75,809.08,814.00,818.52,823.06,827.68,832.42,837.37,841.96,846.57,851.22,855.94,861.50,868.38,875.73,882.71,888.27,894.11,899.34,903.79,907.82,912.36,917.34,922.19,926.45,930.40,933.39,936.06,938.76,941.79,945.25,948.81,952.27,955.48,958.61,963.51,969.05,974.54,980.33,987.52,995.71,1003.74,1009.77,1016.38,1023.87,1031.63,1038.66,1043.35,1047.37,1050.32,1052.35,1054.81,1057.32,1059.10,1060.02,1060.09,1060.10,1060.03,1059.41,1057.98,1056.20,1053.85,1051.25,1048.50,1045.61,1042.73,1039.52,1036.01,1032.14,1027.70,1022.60,1016.73,1010.61,1005.85,1001.63,996.69,991.23,985.91,980.69,975.34,970.16,965.43,961.26,957.63,954.21,950.87,947.60,943.95,939.80,935.17,930.14,925.54,920.39,914.62,908.67,903.65,897.64,891.66,886.29,881.85,877.20,872.32,866.79,860.25,853.16,847.43,842.27,837.17,831.82,827.42,823.41,818.99,813.27,806.24,800.52,795.80,792.80,793.96,795.94,798.97,802.90,807.67,813.98,820.58,827.18,833.66,839.59,843.58,847.28,851.50,856.41,859.70,858.03,852.79,845.86,839.08,831.93,824.53,816.78,808.63,803.38,798.68,793.64,788.27,783.15,783.77,788.34,795.97,807.67,816.70,825.17,833.78,841.53,848.26,856.49,864.98,871.84,878.90,884.56,889.83,895.32,901.13,907.46,913.51,919.10,924.19,928.88,932.34,934.89,936.66,937.46,937.47,936.05,933.00,928.51,922.95,917.76,912.86,907.70,902.11,893.32,883.94,875.48,867.73,860.17,852.65,845.44,838.71,828.97,818.87,809.70,801.19,789.65,782.27,779.05,780.02,785.63,792.48,800.30,808.33,815.73,822.38,828.75,834.84,840.40,845.06,849.85,854.35,858.47,862.31,866.82,872.20,877.51,881.87,885.39,889.49,894.34,899.86,905.99,913.95,920.62,925.69,929.86,934.67,938.80,942.06,944.43,946.36,948.76,950.79,952.21,953.03,953.46,953.23,952.30,950.53,948.21,945.68,943.13,940.88,939.61,938.53,936.96
748.87,751.62,754.61,757.52,760.90,764.33,767.67,771.23,775.15,779.73,785.00,791.16,798.58,804.80,809.89,814.17,818.09,822.52,827.36,832.46,837.49,841.89,846.05,850.30,855.07,860.83,867.61,874.70,881.47,887.10,892.87,898.28,903.09,907.22,911.65,916.05,920.25,924.38,929.51,933.02,935.94,938.84,941.90,945.08,948.26,951.73,955.81,959.37,964.78,970.68,976.19,981.74,988.90,996.70,1004.08,1009.87,1016.68,1024.83,1033.05,1039.96,1044.83,1048.49,1051.01,1052.66,1054.62,1056.93,1058.57,1059.33,1059.26,1059.22,1058.58,1057.35,1055.59,1053.55,1051.26,1048.65,1045.82,1042.89,1039.70,1036.23,1032.47,1028.33,1023.70,1018.21,1012.49,1007.08,1002.63,998.26,993.19,987.73,982.44,976.69,971.16,965.92,961.03,956.55,952.80,949.47,946.40,943.37,939.34,934.89,930.36,926.00,922.25,917.99,913.08,907.75,902.75,896.44,890.38,885.07,880.56,875.81,870.64,864.77,858.00,850.96,845.47,840.39,835.23,830.12,825.81,821.49,816.53,810.41,803.43,799.19,796.30,794.79,796.53,799.02,802.51,807.07,812.84,819.25,825.47,831.70,837.94,843.07,846.96,851.10,855.93,860.98,864.29,862.90,857.77,850.37,843.67,837.29,830.35,822.39,813.69,807.20,801.80,796.63,791.11,785.88,785.56,789.36,797.02,808.68,817.36,825.45,833.84,841.67,848.94,857.40,865.92,872.84,879.63,885.18,890.54,896.25,902.25,908.73,914.97,920.73,925.91,930.60,934.23,937.08,939.20,940.47,940.80,939.91,937.66,933.92,928.38,922.86,917.51,911.85,905.68,898.20,889.42,879.96,872.07,864.18,856.12,848.38,841.62,832.62,822.44,812.68,803.69,792.38,784.28,780.17,780.42,785.32,791.92,799.69,807.81,815.38,822.09,828.57,834.54,839.69,844.15,848.58,852.88,856.98,860.97,865.60,870.76,875.96,880.66,884.44,888.50,893.10,898.30,904.11,911.60,918.44,923.85,927.60,931.38,934.54,937.19,939.38,941.02,943.04,944.86,946.28,947.25,947.74,947.62,946.79,945.07,942.88,940.67,938.38,936.21,934.86,933.52,931.73
749.72,752.49,755.47,758.40,762.18,766.00,769.54,773.30,777.18,781.47,786.48,792.80,799.48,805.48,810.40,814.09,817.51,821.81,826.93,832.50,837.63,841.87,845.59,849.40,854.07,860.08,866.66,873.32,879.70,885.35,891.06,896.63,901.76,906.01,910.26,914.11,917.65,921.48,927.26,931.63,935.13,938.29,941.46,944.44,947.30,950.75,955.55,959.90,965.87,972.19,977.97,983.38,990.29,997.50,1004.14,1009.61,1016.68,1025.57,1034.28,1040.97,1046.16,1049.43,1051.59,1053.12,1054.62,1056.51,1057.67,1058.02,1057.81,1057.70,1056.52,1054.81,1052.92,1050.81,1048.59,1045.98,1043.05,1039.96,1036.42,1032.70,1028.75,1024.37,1019.47,1013.70,1008.34,1003.81,999.51,994.94,989.84,984.47,979.10,972.96,967.43,962.19,957.03,952.25,948.39,945.07,942.02,938.78,934.06,929.29,924.93,921.21,918.03,914.70,910.73,906.12,901.37,895.13,889.11,883.79,879.15,874.34,868.84,862.58,855.63,848.83,843.47,838.37,833.18,828.25,823.90,819.16,813.71,807.41,801.14,798.38,797.20,797.12,799.28,802.33,806.48,811.79,818.29,824.41,830.10,835.88,841.77,846.32,850.50,855.36,860.84,865.87,869.14,867.93,862.86,855.04,848.16,842.32,835.74,827.67,819.01,811.22,804.89,799.35,793.47,788.33,787.25,790.39,798.16,809.58,817.97,825.76,833.91,841.81,849.51,858.16,866.66,873.50,880.00,885.50,891.00,896.99,903.23,909.85,916.25,922.19,927.49,932.11,935.96,939.14,941.55,943.20,943.79,943.32,941.71,938.58,933.45,927.88,922.18,916.06,909.09,902.87,894.91,884.81,876.61,868.22,859.51,851.11,844.01,835.84,825.87,815.75,806.36,795.62,786.96,782.00,781.30,784.75,791.00,798.77,806.96,814.67,821.39,828.01,833.92,838.74,843.10,847.27,851.41,855.54,859.62,864.25,869.25,874.38,879.33,883.46,887.57,891.96,896.73,902.01,908.91,915.73,921.32,924.73,927.44,929.48,931.36,933.19,934.58,936.26,937.93,939.46,940.75,941.39,941.41,940.71,939.14,937.30,935.48,933.50,931.47,929.92,928.28,926.25
750.54,753.15,756.04,758.93,762.97,767.32,771.42,775.17,778.98,783.03,787.82,794.12,799.96,805.59,810.39,813.84,817.05,821.08,826.37,832.46,837.71,841.74,845.19,848.65,852.90,859.31,865.52,871.47,877.23,882.63,888.41,893.95,899.03,903.57,907.87,911.63,914.94,918.02,921.72,927.83,933.02,936.50,940.10,943.12,945.97,949.21,953.64,959.84,966.72,973.74,980.33,985.32,991.57,997.98,1003.87,1009.02,1016.29,1025.84,1035.05,1041.64,1046.95,1049.96,1051.91,1053.41,1054.71,1055.40,1055.46,1055.21,1054.99,1054.84,1053.76,1052.15,1050.27,1048.04,1045.75,1043.18,1040.12,1036.36,1032.65,1028.73,1024.64,1020.25,1014.75,1009.22,1004.29,1000.15,996.45,991.91,986.78,981.32,975.73,970.02,964.75,959.31,953.50,948.38,944.21,940.35,936.50,932.51,927.75,923.05,918.69,914.87,911.75,909.01,905.89,902.22,898.55,893.42,887.78,882.28,877.40,872.63,866.93,860.27,853.02,846.60,841.09,835.86,830.65,825.49,820.90,816.01,810.51,804.64,800.48,798.63,798.46,799.84,802.64,806.21,811.46,817.67,823.39,828.87,834.16,839.52,845.01,850.10,855.05,860.55,866.38,871.24,874.07,872.50,867.28,859.46,851.84,845.81,839.78,832.71,824.23,815.75,808.32,801.78,795.66,790.29,788.70,791.52,799.40,810.57,818.67,826.19,834.19,842.22,850.08,858.76,867.16,873.81,880.07,885.51,891.13,897.42,904.23,910.98,917.48,923.64,929.15,933.57,937.60,941.07,943.65,945.58,946.46,946.22,944.73,941.71,937.40,932.35,926.75,920.43,913.05,906.66,899.40,890.46,881.38,871.99,862.89,854.39,846.73,839.04,829.67,819.78,810.39,800.95,791.52,785.56,783.69,784.01,789.61,797.35,805.57,813.32,820.05,826.66,832.53,837.28,841.68,845.88,850.04,854.15,858.18,862.64,867.64,872.75,877.63,882.18,886.50,890.69,894.82,899.23,905.41,911.83,917.32,920.75,922.64,923.67,924.57,925.53,926.30,927.81,929.54,931.32,933.21,934.42,934.64,934.00,932.64,931.37,929.67,927.68,925.53,923.46,921.52,919.47
751.64,753.93,756.60,759.46,764.06,768.91,773.16,776.96,780.74,784.63,789.07,794.68,799.75,805.29,810.22,813.64,816.76,820.74,826.18,832.56,837.88,841.78,845.08,848.40,852.51,859.01,864.80,870.08,875.17,880.15,885.51,890.75,895.80,900.73,905.18,908.99,912.24,915.03,918.06,924.29,930.04,934.18,938.13,941.45,944.46,947.65,951.97,959.13,967.03,974.74,981.52,986.36,992.25,998.23,1003.70,1008.53,1015.96,1025.84,1035.28,1041.87,1047.00,1049.97,1051.78,1052.95,1053.83,1053.97,1053.58,1053.03,1052.63,1052.22,1051.11,1049.57,1047.73,1045.55,1043.12,1040.20,1036.73,1032.70,1028.93,1024.98,1020.69,1015.85,1010.16,1005.01,1000.57,996.83,993.51,988.97,983.81,978.33,972.65,967.13,961.74,956.01,949.93,944.62,940.08,935.69,931.16,926.39,921.50,916.84,912.60,908.94,905.84,903.30,900.65,897.72,894.73,890.22,885.03,879.83,875.17,870.24,864.20,857.22,849.83,843.61,838.00,832.47,827.04,822.18,817.57,813.05,808.33,803.58,800.88,800.28,801.17,803.38,806.73,811.21,816.78,822.67,827.79,832.83,838.24,843.80,849.27,854.53,860.19,866.00,871.58,876.08,878.59,877.19,872.06,863.66,855.68,849.08,843.08,836.79,828.80,819.98,811.67,804.17,797.58,792.16,790.49,793.25,801.04,811.64,819.53,827.05,835.08,843.09,851.13,859.53,867.48,873.94,880.07,885.50,891.07,897.37,904.68,911.93,918.67,924.88,930.49,935.01,939.14,942.75,945.54,947.88,948.92,948.84,947.68,945.28,941.38,936.61,931.10,924.66,917.72,910.83,903.70,895.89,886.76,876.50,866.63,857.68,849.82,842.29,833.88,824.77,815.30,806.06,796.43,789.47,785.86,784.33,788.49,795.35,803.25,811.22,818.11,824.74,830.67,835.61,840.17,844.47,848.67,852.75,856.61,860.73,865.84,871.18,876.02,880.62,885.02,889.21,893.14,896.96,901.88,907.38,912.41,915.57,916.98,917.61,918.11,918.68,919.34,921.00,923.09,925.31,927.46,928.78,928.99,928.34,927.07,925.85,923.87,921.68,919.51,917.35,915.38,913.23
753.01,754.89,757.24,760.21,765.49,770.74,774.84,778.67,782.42,786.18,790.16,794.70,799.11,804.70,809.94,813.52,816.66,820.79,826.37,832.83,838.19,842.03,845.30,848.64,852.84,859.13,864.41,869.05,873.52,878.04,882.73,887.53,892.51,897.78,902.43,906.32,909.58,912.45,915.99,921.35,926.81,931.62,935.80,939.55,942.87,946.22,950.66,958.15,967.04,975.30,981.80,986.72,992.47,998.28,1003.56,1008.15,1015.71,1025.64,1035.11,1041.70,1046.44,1049.47,1051.20,1051.91,1052.28,1052.31,1051.93,1051.29,1050.58,1049.79,1048.57,1047.06,1045.29,1043.24,1040.57,1037.09,1033.04,1029.05,1025.28,1021.35,1016.79,1011.30,1005.79,1001.16,997.24,993.90,990.70,986.10,980.91,975.46,969.76,964.23,958.45,952.42,946.35,940.94,935.95,931.03,925.95,920.53,915.47,910.87,906.84,903.50,900.42,897.80,895.31,892.78,890.07,885.86,881.18,876.61,872.41,867.20,860.73,853.49,846.11,839.98,834.27,828.40,822.77,818.53,814.12,810.35,806.95,803.83,802.19,803.01,804.94,807.58,811.35,816.77,822.04,826.87,831.66,836.56,842.43,848.51,854.18,859.40,865.59,871.41,876.39,880.49,882.79,881.82,876.87,867.63,859.61,852.28,845.90,840.09,832.75,823.84,814.84,806.44,799.31,793.94,792.54,795.46,803.03,812.86,820.59,828.28,836.48,844.29,852.51,860.42,867.65,873.95,880.00,885.44,890.88,897.02,904.74,912.65,919.73,925.95,931.55,936.38,940.55,944.18,947.25,950.01,951.17,951.20,950.45,948.97,945.27,940.65,935.24,928.76,922.69,915.24,907.88,900.94,892.30,881.53,870.77,861.09,853.25,845.59,838.29,830.29,820.73,810.87,801.33,793.38,787.79,785.43,787.60,793.00,800.31,808.47,815.66,822.36,828.47,833.82,838.59,843.00,847.24,851.30,854.98,858.67,863.89,869.54,874.46,878.87,883.21,887.50,891.54,894.99,898.43,902.68,906.90,909.60,910.82,911.48,911.98,912.53,913.43,915.45,918.02,920.69,922.86,923.97,924.02,923.31,921.99,920.47,918.05,915.63,913.54,911.59,909.75,907.44
754.95,756.38,758.47,762.28,767.72,772.79,776.70,780.33,783.71,787.12,790.72,794.60,798.57,804.02,809.45,813.51,817.00,821.64,827.35,833.58,839.02,842.90,846.25,849.80,854.24,859.67,864.20,868.30,872.50,877.14,881.75,886.28,890.90,895.86,900.40,904.06,907.16,910.34,915.07,920.52,925.46,929.63,933.69,937.61,941.46,945.44,950.31,958.30,967.50,975.62,981.65,986.72,992.30,997.90,1003.13,1007.94,1015.57,1025.41,1034.69,1041.03,1045.16,1047.91,1049.67,1050.55,1050.72,1050.56,1050.10,1049.37,1048.38,1047.35,1046.16,1044.70,1042.90,1040.81,1037.58,1033.71,1029.57,1025.57,1021.74,1017.36,1012.41,1007.08,1002.10,998.36,995.13,991.93,988.17,983.34,978.03,972.48,966.76,961.04,955.03,948.96,943.04,937.31,931.63,926.05,920.61,915.43,910.53,906.16,902.31,899.07,896.17,893.46,890.54,887.36,884.26,880.54,876.63,872.66,868.43,862.95,856.12,848.76,841.64,835.64,829.49,823.84,819.01,815.07,811.32,808.34,806.11,804.79,804.90,806.48,808.98,812.28,816.45,821.10,825.59,830.13,835.39,841.02,847.10,853.07,858.60,864.32,870.08,875.48,880.43,884.77,886.82,885.46,880.23,871.01,863.29,855.73,848.82,842.59,835.57,826.73,817.23,808.14,800.89,795.57,794.73,798.11,805.50,814.67,822.27,830.08,838.31,845.67,853.87,861.24,867.79,873.90,879.86,885.15,890.57,896.86,904.69,912.82,920.20,926.70,932.35,937.25,941.39,945.15,948.63,951.47,952.88,952.99,952.21,951.23,948.33,944.12,938.88,932.67,926.50,919.35,911.93,904.43,896.08,886.52,875.91,865.49,857.31,849.08,842.14,834.91,825.75,815.11,804.89,796.06,789.50,786.69,786.88,790.90,797.43,804.93,812.39,819.55,826.16,831.92,836.72,841.17,845.46,849.59,853.42,857.01,861.76,867.27,872.78,877.14,881.18,885.28,889.32,892.57,895.47,898.50,901.47,903.85,905.23,905.89,906.34,906.96,908.23,910.35,912.73,915.13,917.30,918.41,918.35,917.43,915.86,914.06,911.99,909.97,908.09,906.20,904.33,901.94
757.41,758.99,761.55,765.78,770.75,775.36,779.12,782.31,785.29,788.42,791.71,795.05,798.57,803.87,809.47,814.00,817.87,823.06,828.91,834.89,840.43,844.52,848.20,852.11,856.63,861.00,864.69,868.33,872.41,877.17,881.74,886.17,890.69,895.55,899.79,903.13,906.03,909.51,915.94,921.75,926.12,929.40,933.15,937.05,941.40,946.03,951.12,959.00,967.93,975.59,981.16,986.49,991.99,997.44,1002.69,1007.94,1015.70,1025.27,1034.14,1040.06,1043.63,1046.08,1047.94,1049.10,1048.96,1048.50,1047.89,1047.10,1045.98,1044.86,1043.72,1042.28,1040.34,1038.03,1034.31,1030.14,1025.99,1022.01,1017.98,1013.26,1008.16,1003.22,999.02,995.96,993.08,989.72,985.24,980.07,974.67,969.13,963.40,957.69,951.64,945.56,939.64,933.53,927.23,921.23,915.76,910.85,906.12,901.87,898.11,894.83,891.72,888.65,885.23,881.46,878.04,874.68,871.31,867.63,862.99,857.13,850.28,843.20,836.47,830.50,824.67,819.84,815.97,812.36,809.47,807.53,806.52,806.67,808.08,810.13,813.01,816.77,820.82,824.64,828.83,833.70,839.56,845.73,851.77,857.44,862.78,868.63,873.91,879.24,884.48,888.53,890.16,888.52,883.18,874.06,866.68,858.97,851.57,844.84,838.08,829.20,819.38,809.94,802.58,797.33,796.82,800.39,807.54,816.32,824.13,832.08,840.13,846.96,854.90,861.87,868.01,873.96,879.76,884.86,890.21,896.62,904.60,912.83,920.39,927.10,932.82,937.85,942.19,946.16,949.84,952.71,954.59,955.05,954.29,953.25,950.88,946.98,941.90,935.88,929.48,922.60,915.12,907.01,898.73,890.58,880.94,870.62,861.83,852.53,845.35,838.37,829.40,818.08,807.33,798.09,791.17,787.84,786.60,789.21,794.62,801.45,808.79,816.26,823.34,829.54,834.42,839.05,843.53,847.84,851.95,855.55,859.74,865.00,871.07,875.37,879.06,882.81,886.53,889.47,891.92,894.01,895.96,897.83,899.03,899.60,900.04,900.85,902.72,905.17,907.46,909.50,911.43,912.34,912.21,911.34,909.84,907.96,906.21,904.52,902.79,900.88,898.93,896.62
760.61,763.30,767.49,771.24,774.92,778.73,782.39,784.86,787.52,790.51,793.62,796.51,799.44,804.62,810.42,815.28,819.50,825.20,831.20,836.98,842.64,847.19,851.58,856.03,860.32,863.52,866.34,869.61,873.74,878.40,882.83,887.38,892.31,897.63,901.30,904.25,906.96,910.71,919.45,925.75,929.53,931.90,935.18,938.81,943.55,948.69,953.53,960.31,968.22,975.09,980.25,986.01,991.58,996.96,1002.32,1008.23,1016.26,1025.33,1033.43,1038.80,1041.89,1044.12,1046.15,1047.57,1046.88,1045.98,1045.16,1044.33,1043.30,1042.27,1041.19,1039.68,1037.45,1034.68,1030.67,1026.34,1022.15,1018.21,1013.84,1009.09,1004.27,999.88,996.74,993.92,990.76,986.81,981.55,975.92,970.54,965.20,959.48,954.14,948.31,942.22,936.02,929.50,922.73,916.82,911.79,906.93,902.24,897.91,894.05,890.61,886.59,882.75,878.85,874.92,871.45,868.19,864.89,860.98,855.49,849.07,842.77,836.59,830.40,824.32,820.15,816.93,813.97,810.87,809.02,808.50,808.86,809.86,811.62,813.86,816.94,820.71,823.87,827.28,832.09,838.07,844.50,850.67,856.28,861.57,866.70,871.94,876.95,882.86,888.77,891.47,892.40,890.89,885.87,876.72,869.63,861.79,854.01,846.92,840.41,831.25,821.38,812.04,804.45,799.32,798.72,801.95,808.71,817.57,826.09,834.23,841.74,848.04,855.37,862.20,868.40,874.19,879.76,884.62,889.80,896.20,904.48,912.77,920.31,927.00,932.85,938.13,943.04,947.38,950.87,953.83,956.47,957.69,957.17,955.29,952.84,949.03,944.02,937.97,931.44,924.52,916.91,908.52,900.05,893.14,885.46,876.61,866.93,855.85,847.62,840.18,830.90,819.12,808.30,799.42,792.83,788.76,787.03,788.13,791.91,798.34,804.91,812.29,819.71,826.37,831.47,836.57,841.44,846.07,850.58,854.28,857.96,862.89,869.36,873.54,876.89,880.04,883.00,885.35,887.26,888.88,890.26,891.28,891.72,892.00,892.48,893.66,896.46,899.68,902.23,904.01,905.29,905.62,905.52,905.12,904.26,902.67,900.98,899.31,897.58,895.54,893.48,891.49
766.16,769.17,773.08,776.91,780.66,784.19,787.22,789.32,791.61,794.24,797.13,800.18,803.32,807.68,812.52,817.17,821.85,827.60,833.41,839.16,845.56,850.92,855.90,860.63,864.84,868.13,871.49,874.90,878.34,881.96,885.71,890.34,895.52,900.05,903.25,906.01,909.79,916.00,924.60,929.96,933.13,935.53,939.20,943.57,947.93,952.14,956.49,962.44,969.13,975.00,979.82,985.89,991.56,996.89,1002.39,1009.05,1017.18,1025.62,1032.84,1037.57,1040.85,1043.12,1044.85,1045.73,1044.73,1043.62,1042.58,1041.57,1040.53,1039.52,1038.17,1036.43,1034.11,1030.80,1026.41,1022.07,1018.07,1014.19,1009.59,1004.94,1000.62,997.01,994.13,991.04,987.32,982.74,977.16,971.61,966.39,961.32,956.04,950.73,944.91,938.73,932.20,925.19,918.94,913.49,908.55,903.60,898.57,893.79,889.30,885.04,880.72,876.46,872.36,868.54,865.09,860.95,856.84,852.50,847.12,841.23,835.87,830.55,825.12,820.66,817.65,815.50,813.68,811.76,810.83,810.98,811.87,813.30,815.25,817.60,820.52,823.86,826.88,831.18,836.74,842.97,849.06,854.75,859.88,864.79,869.71,874.89,880.81,886.83,891.92,894.10,894.12,892.11,887.19,878.68,871.90,864.14,856.21,848.86,842.22,832.72,822.82,813.79,806.64,801.47,800.88,803.74,809.65,818.74,827.30,835.16,842.21,848.31,855.38,862.18,868.45,874.24,879.80,884.58,889.71,896.15,904.52,912.73,920.19,926.90,932.89,938.35,943.58,948.32,952.19,955.31,958.18,959.73,959.48,957.45,954.75,951.06,946.11,939.57,932.88,925.63,917.88,909.63,901.18,894.87,888.25,880.27,870.13,858.14,849.16,841.39,832.26,820.26,809.53,800.97,794.56,789.76,787.89,788.21,790.68,795.78,801.28,808.59,816.38,823.46,828.64,833.87,839.07,844.10,848.75,852.70,856.39,860.93,866.74,871.15,874.29,876.87,879.05,880.69,881.99,882.92,883.63,884.18,884.45,884.71,885.13,886.06,888.28,891.41,894.33,896.65,898.22,898.98,899.28,899.19,898.52,897.07,895.55,893.86,891.87,889.53,887.42,885.58
772.03,775.34,778.98,782.88,786.75,789.98,792.33,794.28,796.35,798.70,801.41,804.67,808.06,811.43,815.10,819.46,824.58,830.13,835.69,841.54,848.63,854.91,860.54,865.60,869.95,873.61,877.59,881.11,883.79,886.39,889.55,894.06,899.07,902.53,905.37,908.48,913.80,922.35,929.83,933.99,936.89,939.83,943.96,948.92,952.70,955.83,959.69,964.87,970.32,975.20,979.73,986.08,991.84,997.18,1002.84,1010.12,1018.28,1026.07,1032.40,1036.54,1040.13,1042.46,1043.71,1043.83,1042.65,1041.35,1040.05,1038.82,1037.71,1036.64,1034.89,1032.75,1030.17,1026.43,1021.96,1017.80,1014.02,1010.01,1005.32,1000.93,997.19,994.21,991.20,987.69,983.40,978.25,972.60,967.30,962.37,957.65,952.86,947.37,941.48,935.20,928.38,921.10,915.51,910.51,905.55,900.38,894.90,889.63,884.48,879.39,874.87,870.37,866.08,862.15,858.58,853.75,848.88,844.10,839.03,834.12,829.78,825.38,821.00,818.51,816.55,815.30,814.58,813.81,813.60,814.08,815.16,816.84,818.82,821.20,823.89,826.88,830.28,835.67,841.79,847.85,853.31,858.44,863.16,867.77,872.58,878.00,884.82,890.68,894.71,896.71,896.00,893.27,888.21,880.47,873.93,866.25,858.26,850.71,843.84,834.12,824.14,815.36,808.92,803.77,803.08,805.41,810.40,819.68,828.12,835.61,842.31,848.32,855.24,862.04,868.41,874.26,879.87,884.63,889.75,896.23,904.63,912.74,920.19,926.97,933.09,938.69,944.13,949.20,953.48,956.85,959.77,961.55,961.66,959.61,956.60,952.97,948.06,941.03,934.07,926.52,918.69,910.66,902.36,896.31,890.18,882.64,872.34,859.97,850.42,842.48,833.84,821.94,811.22,802.82,796.50,791.12,788.98,788.68,790.08,793.80,798.32,805.47,813.52,820.90,826.10,831.30,836.70,842.01,846.69,850.94,854.80,858.94,863.75,868.33,871.32,873.41,874.95,876.01,876.75,877.06,877.18,877.38,877.65,877.94,878.27,878.82,880.14,882.84,885.92,888.79,890.89,892.31,893.01,893.09,892.44,891.07,889.63,887.83,885.57,883.16,881.15,879.43
776.33,780.81,786.38,789.65,792.26,794.59,796.73,798.88,801.32,803.94,806.69,809.62,812.50,815.06,818.12,822.45,827.79,832.85,838.29,844.47,851.41,858.63,865.21,871.14,876.33,879.87,883.12,886.04,888.60,891.28,894.84,898.54,902.00,904.88,907.61,912.76,919.92,927.89,933.46,937.16,940.93,945.20,949.11,952.97,956.31,959.48,963.12,967.44,971.81,975.94,980.33,986.97,992.76,998.23,1004.13,1011.52,1019.65,1026.86,1032.43,1036.13,1039.72,1041.86,1042.59,1042.10,1040.86,1039.21,1037.57,1036.10,1034.83,1033.45,1031.23,1028.23,1024.59,1020.96,1017.54,1014.13,1010.33,1005.50,1001.09,997.42,994.24,991.18,987.55,983.65,978.98,973.56,968.24,963.24,958.78,954.60,950.04,944.07,938.06,931.71,924.77,918.03,912.54,907.59,902.62,896.95,891.01,885.45,880.15,874.94,869.91,865.38,860.59,855.54,851.24,847.50,843.11,838.03,832.92,829.33,825.85,822.63,820.19,818.91,818.16,817.84,817.70,817.30,817.25,817.70,818.72,820.41,822.15,824.29,826.90,830.29,835.08,840.85,846.67,852.10,856.90,861.71,866.32,870.94,875.99,882.10,888.43,893.70,897.48,899.57,899.02,895.53,889.76,882.39,875.83,868.06,860.00,852.36,845.34,835.90,825.71,816.70,811.15,806.48,805.07,806.37,810.77,819.93,828.34,835.74,842.33,848.35,855.04,861.85,868.38,874.32,880.03,884.74,889.83,896.33,904.71,912.96,920.61,927.59,933.81,939.50,945.09,950.16,954.36,958.16,961.10,963.28,964.02,961.60,958.32,954.52,949.58,942.58,934.98,927.52,919.88,911.87,903.91,897.67,891.01,883.06,873.20,861.26,851.57,843.85,836.44,825.41,814.26,805.48,799.21,793.68,790.36,789.22,790.11,793.26,797.50,804.17,811.91,819.34,824.49,829.42,834.61,839.78,844.29,848.83,852.86,856.65,860.53,864.59,867.48,869.42,870.71,871.88,872.44,872.52,872.38,872.32,872.48,872.71,872.98,873.38,874.36,876.29,878.74,881.35,883.67,885.46,886.16,886.05,885.30,883.95,882.10,879.92,877.73,876.24,874.84,873.41
780.50,785.79,791.55,794.59,796.91,799.18,801.54,804.00,806.67,809.34,811.92,814.37,816.78,818.98,821.83,826.11,831.04,835.64,840.87,847.09,854.12,862.55,870.18,876.50,881.25,884.63,887.70,890.64,893.46,896.17,899.34,902.18,904.69,907.42,911.31,917.31,924.60,931.95,936.89,941.03,945.26,949.52,952.94,956.22,959.43,962.68,966.10,970.04,973.96,977.87,982.31,988.76,994.79,1000.35,1006.10,1013.33,1021.17,1027.77,1032.73,1036.04,1039.23,1040.90,1041.22,1040.41,1038.99,1037.13,1035.28,1033.50,1031.60,1029.14,1026.26,1022.95,1019.36,1016.26,1013.22,1009.74,1005.67,1001.17,997.34,994.10,991.00,987.56,983.51,979.22,974.33,968.89,963.85,959.27,955.07,950.85,945.98,940.00,934.12,927.89,921.12,914.88,909.60,904.63,899.43,893.41,887.61,881.93,876.38,870.98,865.43,860.28,855.18,850.14,845.82,842.14,837.81,833.06,828.97,826.29,824.20,822.63,821.75,821.44,821.47,821.79,822.15,822.08,822.08,822.36,823.07,824.33,825.72,827.96,830.97,834.92,840.13,845.68,850.97,855.86,860.40,865.00,869.61,874.47,879.93,886.26,891.71,896.30,900.01,902.31,901.45,897.74,891.90,884.59,878.24,870.61,862.37,854.23,847.03,838.55,828.77,819.61,814.10,809.09,806.75,807.13,811.08,820.10,828.38,835.73,842.34,848.36,854.93,861.68,868.29,874.44,880.28,885.08,890.19,896.62,904.77,913.30,921.25,928.40,934.66,940.42,946.07,951.16,955.31,959.22,962.22,964.85,966.30,964.10,960.62,956.44,951.28,944.39,936.41,929.13,921.93,914.29,906.14,899.39,892.39,884.37,874.76,863.88,853.76,845.55,839.02,829.56,818.71,809.59,802.82,797.02,792.88,790.69,790.52,792.83,796.88,803.20,810.66,818.09,823.34,828.04,832.90,837.85,842.35,846.83,850.83,854.38,857.61,860.88,863.27,864.73,865.48,866.14,866.28,866.08,865.74,865.51,865.68,866.16,866.86,867.74,868.75,870.45,872.58,874.90,877.10,878.67,879.10,878.63,877.42,875.66,873.85,872.18,870.74,869.63,868.63,867.96
784.51,790.21,794.91,798.18,801.04,803.88,806.76,809.56,812.29,814.78,816.97,818.90,820.94,823.12,826.07,830.19,834.35,838.58,843.57,849.65,857.00,866.71,875.21,881.38,884.86,888.11,891.49,894.92,898.18,900.83,903.06,905.15,907.34,910.34,916.01,921.78,927.98,934.91,940.21,945.29,949.53,952.79,955.66,958.88,962.22,965.56,968.90,972.87,976.83,980.92,985.57,991.56,997.81,1003.33,1008.66,1015.50,1022.83,1028.75,1033.13,1036.11,1038.64,1039.66,1039.61,1038.69,1037.05,1035.10,1033.09,1030.87,1027.99,1024.02,1020.42,1017.26,1014.54,1012.14,1008.92,1004.82,1000.45,997.06,993.94,990.84,987.45,983.45,979.15,974.51,969.50,964.28,959.47,955.30,951.07,946.35,940.83,935.24,929.66,923.74,917.41,911.63,906.68,901.61,896.00,889.86,884.61,878.90,872.96,867.24,861.18,855.17,849.97,845.77,841.95,837.51,833.02,829.20,826.92,824.93,824.53,824.79,825.11,825.60,826.08,826.78,827.52,827.75,827.74,827.81,828.09,828.71,829.76,832.29,835.90,840.35,845.20,850.12,854.77,859.27,863.88,868.38,873.14,878.40,884.27,890.29,894.69,898.68,902.46,904.93,903.40,899.88,894.51,887.06,881.08,873.85,865.42,856.50,849.02,841.81,832.97,823.91,817.77,811.81,808.37,807.91,811.54,820.27,828.28,835.55,842.27,848.34,854.87,861.53,868.15,874.58,880.57,885.56,890.76,897.03,904.88,913.74,922.02,929.30,935.56,941.37,947.04,952.14,956.31,960.12,963.31,966.38,968.49,967.00,963.52,958.88,953.29,946.46,938.32,931.25,924.65,917.64,909.03,901.60,894.40,886.53,877.02,867.57,856.94,847.75,841.64,834.08,824.28,815.06,807.49,801.22,796.46,793.10,791.48,792.60,796.29,802.22,809.38,816.79,822.30,826.85,831.38,836.11,840.77,844.93,848.73,852.09,854.86,857.20,858.77,859.52,859.54,859.29,858.85,858.37,857.89,857.57,857.85,858.75,860.14,861.83,863.14,865.04,867.14,869.22,871.03,871.97,871.96,871.08,869.27,866.95,865.59,865.08,864.91,863.93,863.35,863.75
787.69,793.08,798.09,802.54,805.98,809.20,812.49,815.35,817.70,819.67,821.38,823.00,824.91,827.25,830.20,833.93,837.96,842.36,847.45,853.65,861.63,871.52,878.99,883.98,887.51,891.08,894.79,898.31,901.40,903.91,906.07,908.21,910.84,914.83,919.84,924.74,930.63,938.01,943.45,948.22,952.02,954.93,957.84,961.43,965.00,968.64,972.79,977.18,981.20,985.46,990.57,996.69,1001.92,1006.79,1011.91,1018.13,1024.85,1029.68,1033.03,1035.58,1037.92,1038.33,1037.79,1036.70,1035.04,1033.06,1030.51,1027.33,1023.45,1019.17,1015.53,1012.57,1010.14,1007.65,1004.06,1000.20,996.54,993.43,990.27,986.98,983.31,979.06,974.53,969.66,964.69,959.86,955.46,950.95,945.96,940.56,934.97,929.68,924.44,919.03,913.50,908.50,903.96,898.44,892.22,886.80,881.74,875.80,869.23,862.55,856.27,850.75,846.03,842.01,838.18,833.65,830.03,827.75,826.99,826.59,826.98,827.86,829.01,830.31,831.36,832.23,832.86,833.02,833.02,833.20,833.63,834.41,835.75,837.96,841.04,844.93,849.27,853.74,858.25,862.82,867.56,872.41,877.62,883.11,888.59,893.20,897.17,901.49,905.65,907.34,905.58,902.28,897.27,890.05,884.19,877.73,869.73,860.45,852.12,844.88,837.25,829.46,822.63,816.00,811.10,809.72,813.47,820.67,827.90,834.95,841.78,848.21,854.74,861.37,868.02,874.50,880.47,885.81,891.24,897.44,905.34,914.25,922.63,929.99,936.11,942.04,947.80,952.92,957.12,961.33,965.30,968.57,970.52,970.02,967.55,962.74,956.33,948.93,940.55,933.55,927.32,920.96,913.13,905.24,897.46,889.36,880.19,871.63,861.30,851.69,844.93,838.21,830.42,822.43,814.75,807.66,801.55,797.19,794.49,793.71,795.47,799.96,806.39,813.84,819.72,824.48,829.14,834.03,839.04,843.09,846.53,849.44,851.68,853.21,854.03,854.31,854.12,853.60,852.99,852.49,852.12,851.89,852.27,853.03,854.16,855.70,857.36,859.50,861.65,863.55,864.91,865.45,865.24,864.42,863.00,861.46,860.88,861.22,862.20,863.08,864.12,865.30
790.53,795.76,801.49,807.18,811.30,814.81,818.11,820.82,822.84,824.43,825.81,827.27,829.07,831.46,834.37,837.82,841.89,846.63,852.01,858.41,866.64,875.81,881.98,885.99,889.75,893.63,897.52,901.06,904.03,906.60,908.94,911.39,914.46,918.92,922.97,927.41,933.26,940.67,946.05,950.35,953.80,956.69,959.92,963.93,967.91,972.03,976.76,981.31,985.48,990.14,995.72,1001.46,1005.71,1010.02,1014.96,1020.65,1026.71,1030.49,1032.89,1035.02,1037.02,1036.89,1035.92,1034.70,1033.10,1030.82,1027.56,1023.54,1019.04,1014.69,1011.18,1008.33,1005.89,1003.19,999.59,996.11,992.98,989.88,986.58,982.97,978.98,974.53,969.79,964.87,960.08,955.56,951.15,946.07,940.40,934.50,928.89,924.03,919.33,914.56,909.80,905.45,900.83,895.04,888.77,884.00,878.71,872.22,865.01,857.78,851.62,846.64,842.33,838.45,834.84,831.09,828.76,827.95,828.40,829.40,830.55,831.94,833.65,835.37,836.72,837.60,838.02,838.10,838.13,838.45,839.04,839.92,841.35,843.22,845.80,849.23,853.21,857.38,861.86,866.60,871.57,876.68,882.14,887.54,892.34,895.85,899.89,904.59,908.81,909.77,907.94,904.66,899.86,893.21,887.45,881.71,874.51,865.46,856.18,848.26,841.44,834.96,827.88,820.76,814.69,812.30,815.47,821.07,827.45,834.18,841.09,848.03,854.61,861.20,867.80,874.27,880.31,885.94,891.55,897.79,905.85,914.69,923.00,930.33,936.51,942.64,948.45,953.59,957.94,962.55,967.15,970.60,972.44,972.63,970.93,966.19,959.40,951.63,943.14,936.14,930.02,924.08,917.35,909.41,901.01,892.49,884.00,875.98,866.43,856.82,848.80,842.45,836.20,829.55,822.44,815.09,807.84,802.25,798.17,795.52,795.13,797.91,803.19,810.20,816.47,821.61,826.53,831.60,836.83,840.89,844.07,846.54,848.19,849.01,849.30,849.25,848.91,848.29,847.62,847.20,846.98,846.89,847.31,847.95,848.85,850.13,851.91,854.11,856.20,857.99,859.30,859.81,859.62,859.01,858.31,858.20,858.64,859.84,861.83,864.22,866.51,868.34
793.05,798.67,805.33,812.02,817.04,820.72,823.36,825.64,827.58,829.14,830.49,831.98,833.62,835.85,838.66,842.13,846.31,851.51,857.40,864.04,871.76,878.91,883.96,887.77,891.63,895.60,899.41,902.92,906.11,909.14,911.84,914.73,918.00,921.71,925.15,930.07,936.12,942.48,947.53,951.49,954.89,958.19,962.01,966.37,971.07,975.88,980.50,984.52,989.05,994.54,1000.54,1004.70,1008.49,1012.65,1017.40,1022.78,1028.16,1031.11,1032.85,1034.61,1035.84,1035.26,1034.05,1032.75,1031.25,1028.17,1024.08,1019.58,1015.16,1010.83,1007.45,1004.53,1001.73,998.95,996.00,992.85,989.57,986.29,982.92,978.91,974.49,969.85,964.91,960.24,955.85,951.43,946.17,940.41,934.42,928.38,922.67,918.50,914.67,910.72,906.57,902.47,896.90,891.23,886.09,881.48,875.35,867.81,860.02,853.17,847.65,842.85,838.62,835.06,832.29,830.64,830.01,830.30,831.56,833.24,835.40,837.58,839.43,840.86,841.98,842.64,842.88,842.96,843.03,843.43,844.00,844.60,845.53,847.24,849.83,853.33,857.26,861.35,865.84,870.78,876.11,881.20,886.39,891.15,895.02,898.39,903.24,908.06,911.62,912.32,910.57,906.92,902.09,896.51,890.88,885.67,879.67,871.83,861.60,852.27,845.43,839.96,833.46,826.02,819.47,815.92,817.05,821.38,826.94,833.23,840.20,847.79,854.53,860.99,867.42,873.88,880.17,885.91,891.62,898.03,906.34,915.01,922.97,930.14,936.79,943.18,948.97,954.15,958.82,963.68,968.41,972.07,974.19,974.48,972.72,968.38,962.16,954.62,946.28,939.18,932.81,926.86,921.34,914.05,905.13,895.96,888.64,880.70,872.59,863.50,853.56,847.05,841.11,835.51,829.97,823.51,815.81,808.48,802.33,798.15,795.76,796.68,800.21,805.91,812.53,818.27,823.50,828.59,833.80,837.98,841.17,843.35,844.30,844.53,844.69,844.50,843.93,843.25,842.61,842.33,842.29,842.31,842.66,843.45,844.49,845.70,847.12,849.05,850.88,852.63,854.64,855.76,855.85,855.59,855.86,857.91,859.67,861.83,864.60,867.28,869.72,872.07
795.37,800.14,807.28,815.30,821.08,825.15,828.03,830.49,832.73,834.62,836.22,837.58,838.98,840.96,843.64,847.25,851.83,857.00,862.66,868.90,875.73,881.14,885.32,889.01,892.89,896.93,900.65,904.13,907.42,910.62,913.63,916.72,920.02,923.59,927.01,932.02,937.85,943.45,948.16,952.13,955.69,959.29,963.76,968.48,973.39,978.20,982.54,986.37,992.11,998.08,1002.94,1006.45,1010.26,1014.45,1019.01,1024.00,1028.64,1031.26,1032.88,1034.28,1034.51,1033.67,1032.47,1030.94,1028.42,1024.85,1020.65,1016.22,1011.87,1007.67,1004.37,1001.44,998.51,995.66,992.78,989.68,986.37,982.94,978.94,974.56,969.97,965.22,960.45,955.99,951.39,946.37,940.69,934.50,928.39,922.78,918.16,914.41,910.67,906.82,902.87,898.66,893.05,887.80,883.12,877.80,870.88,863.01,855.28,848.72,843.62,839.75,837.01,835.23,833.72,833.32,833.57,834.43,836.23,838.50,840.85,842.94,844.58,845.84,846.75,847.29,847.52,847.64,847.78,848.18,848.70,849.23,850.11,851.98,854.67,858.05,861.78,865.86,870.57,875.66,880.66,885.58,890.14,894.21,897.94,902.22,907.06,911.45,914.55,915.04,912.96,909.37,904.97,900.04,894.74,889.22,883.48,876.84,867.64,858.22,850.54,844.40,838.55,831.36,824.46,819.90,819.40,822.31,826.89,832.69,839.65,847.70,854.42,860.77,867.07,873.38,879.64,885.57,891.50,897.89,905.63,914.11,922.21,929.78,937.01,943.59,949.55,954.93,959.79,964.97,969.92,974.04,976.74,976.87,974.53,970.25,964.58,957.63,949.68,942.60,936.04,929.90,924.59,918.49,909.83,900.12,892.80,885.39,877.96,869.57,860.01,852.61,846.49,841.19,836.30,830.96,824.10,816.28,808.55,802.28,798.02,796.85,798.26,802.19,808.00,813.68,819.48,825.27,830.48,834.75,837.62,839.20,839.58,839.55,839.32,838.71,837.74,836.83,836.39,836.37,836.62,837.16,838.32,839.39,840.56,842.01,843.62,845.60,847.45,849.16,851.02,852.75,854.26,855.64,857.31,860.50,863.22,866.07,869.29,872.47,875.25,878.06
797.82,801.29,808.48,817.65,824.19,828.82,832.20,835.04,837.62,839.89,841.78,843.10,844.45,846.38,849.06,852.74,857.57,862.48,867.62,873.14,878.88,882.88,886.40,889.99,893.86,897.87,901.49,904.93,908.29,911.54,914.76,917.96,921.26,924.91,928.51,933.49,938.97,943.98,948.38,952.48,956.28,960.19,965.24,970.25,975.14,979.75,983.80,987.58,994.57,1000.84,1004.32,1007.56,1011.52,1015.79,1020.19,1024.69,1028.69,1031.20,1032.80,1033.78,1033.11,1032.09,1030.87,1028.96,1025.34,1021.44,1017.35,1013.11,1008.82,1004.77,1001.52,998.58,995.65,992.70,989.69,986.53,983.18,979.45,974.83,970.20,965.55,960.75,956.21,951.77,946.75,941.00,935.03,928.59,922.62,917.69,914.27,910.74,906.81,902.82,898.86,894.37,889.04,884.18,879.55,873.48,865.92,858.11,850.80,844.70,840.26,837.72,836.81,837.02,836.91,837.45,838.32,839.60,841.70,844.28,846.43,848.13,849.47,850.60,851.34,851.80,852.06,852.18,852.39,852.78,853.28,853.92,854.96,857.08,859.85,863.06,866.58,870.71,875.57,880.63,885.12,889.77,893.68,897.33,901.38,906.65,911.18,914.85,917.37,917.66,915.28,911.79,907.80,903.30,898.40,892.39,886.58,880.92,873.25,864.29,855.92,848.89,843.40,836.55,829.33,823.90,822.10,823.36,827.00,832.36,839.29,847.68,854.32,860.58,866.80,872.92,879.02,885.10,891.18,897.41,904.34,912.81,921.30,929.42,937.20,943.97,950.15,955.74,960.78,966.26,971.47,976.10,979.35,979.41,976.68,972.36,967.04,960.64,953.22,946.22,939.53,933.17,927.61,922.54,914.53,904.69,896.87,890.04,883.07,875.44,867.03,858.88,852.34,846.89,842.19,837.78,832.07,824.26,815.39,807.17,801.23,797.98,797.23,799.22,803.59,808.82,815.01,821.52,826.90,831.18,833.59,834.54,834.42,834.18,833.52,832.50,831.30,830.36,830.26,830.58,831.21,832.37,834.43,835.94,837.37,839.14,841.06,843.25,845.30,847.07,848.68,851.16,854.35,857.63,860.75,864.63,868.04,871.43,875.03,878.73,881.95,885.20
801.11,803.09,809.14,818.44,825.99,831.49,835.25,838.37,840.99,843.35,845.43,847.12,849.24,852.08,855.28,858.68,862.69,867.10,871.58,876.03,880.37,883.84,887.18,890.66,894.42,898.18,901.65,905.03,908.40,911.66,914.86,918.09,921.49,925.25,929.11,934.02,939.21,943.87,948.17,952.38,956.48,960.81,966.11,971.10,975.82,980.24,984.26,988.15,995.39,1001.71,1004.94,1008.16,1012.17,1016.51,1020.77,1024.50,1028.35,1030.84,1032.18,1032.53,1031.68,1030.48,1028.74,1026.20,1022.55,1018.62,1014.49,1010.23,1005.95,1001.94,998.71,995.78,992.83,989.84,986.70,983.43,979.74,975.06,970.62,966.19,961.61,956.83,952.22,947.22,941.69,935.63,929.33,923.06,917.91,913.88,910.53,906.75,902.69,898.55,894.27,889.32,884.29,879.25,874.04,868.18,860.52,853.27,846.98,842.13,839.62,838.87,839.26,840.40,841.63,843.02,844.63,846.40,848.27,850.19,851.71,853.01,854.20,855.19,855.85,856.28,856.50,856.47,856.65,857.07,857.75,858.85,860.35,862.59,865.30,868.39,871.86,876.12,880.64,885.08,889.23,893.36,897.15,901.36,906.47,911.70,915.76,918.39,919.66,919.67,917.59,913.92,909.57,905.20,900.69,894.76,888.80,883.14,876.45,868.32,860.90,854.37,847.96,841.10,833.47,827.57,825.18,824.15,827.08,832.34,839.27,847.72,854.25,860.48,866.74,872.82,878.51,884.49,890.36,896.05,902.40,911.57,920.82,929.35,937.25,944.42,950.71,956.41,961.80,967.29,972.89,977.82,981.25,981.80,980.00,975.80,970.07,963.60,956.90,950.12,943.42,936.92,930.72,925.34,918.42,909.94,901.31,894.58,888.16,881.38,874.01,866.64,859.34,853.02,847.91,843.44,838.45,830.96,821.85,812.94,806.00,801.03,798.37,798.43,800.44,804.58,810.15,816.50,822.69,826.74,828.60,829.08,828.67,828.00,827.03,826.11,825.49,825.49,826.02,826.88,828.04,829.68,831.98,834.29,836.46,838.47,840.45,843.08,845.61,847.77,849.84,853.68,858.05,862.47,866.79,870.88,874.45,878.18,882.28,886.38,890.10,893.80
805.20,805.75,809.81,818.29,826.66,833.16,837.42,840.80,843.61,846.26,848.82,851.26,854.13,857.30,860.49,863.62,866.99,870.61,874.27,877.91,881.46,884.67,887.88,891.19,894.66,898.09,901.42,904.74,908.07,911.32,914.50,917.74,921.16,924.96,928.88,933.80,938.93,943.48,947.71,952.07,956.50,961.17,966.55,971.42,975.90,980.16,984.25,988.29,995.69,1002.02,1005.14,1008.33,1012.35,1016.76,1021.01,1024.37,1027.92,1030.30,1031.41,1031.22,1030.03,1028.38,1026.23,1023.45,1019.89,1015.94,1011.71,1007.34,1003.04,999.34,996.21,993.27,990.33,987.36,984.20,980.36,975.84,970.96,966.78,962.45,957.85,953.03,948.19,942.72,936.74,930.39,924.03,918.27,913.72,910.01,906.46,902.46,898.34,893.99,889.20,883.94,879.05,874.07,868.77,862.90,855.59,849.47,844.79,841.74,841.30,842.08,843.40,845.05,846.84,848.59,850.42,852.26,853.97,855.76,857.31,858.69,859.91,860.97,861.79,862.25,862.38,862.32,862.59,863.12,863.84,864.81,866.21,868.14,870.57,873.55,877.12,881.30,885.46,889.50,893.57,897.79,902.04,906.73,911.88,916.14,919.06,920.67,921.15,920.72,918.85,915.19,910.64,906.07,901.58,895.95,890.10,884.33,878.00,870.62,864.25,858.62,852.19,845.17,837.38,830.96,827.41,825.17,827.49,832.68,839.80,848.11,854.35,860.42,866.67,872.79,878.33,884.08,889.65,894.95,900.82,910.82,920.74,929.46,937.33,944.75,951.32,957.28,962.83,968.28,974.17,979.32,982.92,984.12,982.87,979.17,973.56,966.57,960.33,953.80,947.22,940.74,934.37,928.74,922.23,914.51,906.10,899.39,893.32,887.20,880.68,873.76,866.48,859.63,853.68,848.78,843.56,836.21,827.33,818.23,810.54,804.52,800.46,798.74,799.13,801.77,806.33,812.08,817.77,821.57,823.23,823.54,822.98,822.20,821.48,821.24,821.72,823.09,824.79,826.51,828.36,830.65,833.08,835.41,837.72,840.03,842.24,844.84,847.72,850.76,854.06,858.66,863.54,868.43,873.24,877.77,881.87,886.10,890.48,894.29,897.78,901.09
809.93,809.22,810.73,817.46,826.30,833.84,838.79,842.43,845.59,848.73,852.00,855.43,858.90,861.83,864.57,867.46,870.41,873.08,875.88,878.97,882.27,885.39,888.50,891.59,894.66,897.70,900.87,904.09,907.34,910.57,913.74,916.96,920.35,924.14,927.93,932.89,938.17,942.87,947.03,951.57,956.31,961.26,966.58,971.25,975.47,979.55,983.80,988.09,995.60,1001.94,1004.99,1008.14,1012.14,1016.61,1020.94,1024.24,1027.41,1029.56,1030.45,1029.84,1028.18,1025.95,1023.52,1020.80,1017.34,1013.36,1008.99,1004.47,1000.19,996.99,994.04,991.10,988.13,985.22,981.99,977.25,971.65,967.26,963.34,958.98,954.26,949.31,944.10,938.27,931.91,925.31,919.18,914.13,909.90,906.02,902.07,897.93,893.75,889.10,883.75,878.37,873.54,868.87,863.86,857.76,851.29,846.81,844.18,843.34,844.87,846.79,848.71,850.57,852.29,854.02,855.72,857.40,859.09,861.23,863.30,865.09,866.49,867.77,868.91,869.47,869.52,869.54,869.94,870.59,871.16,871.50,872.37,873.73,875.78,878.71,882.41,886.29,890.16,894.10,898.34,903.18,908.19,913.04,917.24,919.88,921.16,921.81,921.90,920.91,919.04,915.58,911.03,906.03,901.22,896.01,890.46,884.54,878.10,871.40,866.07,861.55,855.99,848.69,841.01,834.03,828.81,826.43,828.32,833.47,840.89,848.84,854.62,860.42,866.62,872.84,878.46,883.90,889.16,894.24,899.80,910.57,921.01,929.73,937.44,944.95,951.97,958.31,963.83,969.22,975.35,980.69,984.53,986.43,985.31,982.38,977.37,969.73,963.59,957.27,950.87,944.56,938.41,932.68,925.99,918.47,911.09,904.36,898.45,892.85,887.02,880.24,873.55,866.50,859.47,853.84,847.70,840.40,832.10,823.25,815.04,808.51,803.44,800.16,799.58,800.47,803.68,808.38,812.47,815.95,817.68,818.06,817.59,817.21,817.30,818.20,820.12,823.06,826.35,829.20,831.87,834.83,837.29,839.03,841.01,843.64,846.16,848.41,851.52,855.71,860.63,865.39,870.32,875.22,879.96,885.15,890.00,894.75,899.14,902.11,904.82,907.07
814.71,813.56,813.55,817.05,824.78,832.87,839.14,843.26,846.75,850.44,854.41,858.31,861.50,864.24,866.88,869.57,872.12,874.55,877.10,879.87,882.82,885.77,888.79,891.78,894.63,897.35,900.09,903.02,906.16,909.27,912.39,915.63,919.10,922.95,926.55,931.11,936.47,942.03,946.17,950.71,955.58,960.69,965.93,970.48,974.40,978.25,982.73,987.70,995.29,1001.55,1004.66,1007.88,1011.77,1016.08,1020.29,1023.50,1026.46,1028.38,1028.90,1027.83,1026.50,1024.30,1021.69,1018.75,1015.08,1010.95,1006.39,1001.92,998.28,995.33,992.51,989.47,986.15,983.03,978.69,973.48,968.25,964.37,960.46,955.93,950.94,945.64,939.98,933.66,927.03,920.55,915.07,910.31,906.12,902.06,897.64,893.28,888.57,883.56,878.39,873.41,869.07,864.52,859.29,853.15,848.70,846.18,845.44,846.59,848.71,850.94,853.09,855.08,856.84,859.21,861.73,864.15,866.26,868.28,870.12,871.76,873.19,874.47,875.69,876.43,876.67,876.69,876.88,876.99,876.99,877.02,877.81,879.49,882.03,885.25,888.34,891.83,895.71,900.00,904.85,910.18,914.64,918.12,920.57,922.29,922.86,922.62,921.80,920.49,917.97,914.55,910.29,905.06,899.86,894.73,889.22,883.15,876.77,870.90,866.40,862.72,858.25,850.72,843.37,836.17,829.69,827.84,830.15,835.53,842.82,849.86,855.11,860.74,866.97,873.33,878.84,884.21,889.45,894.58,900.33,911.13,921.48,930.05,937.59,945.13,952.43,959.00,964.53,969.95,976.62,982.68,987.06,988.95,988.14,985.43,980.96,974.41,967.41,960.73,954.35,948.18,941.97,936.02,929.58,922.53,915.22,908.50,902.93,897.89,892.71,886.61,879.59,872.30,865.08,858.26,852.11,845.42,838.04,830.09,821.70,814.27,808.19,803.99,802.16,801.79,803.12,805.79,808.96,811.49,812.77,813.43,814.17,815.57,817.19,819.30,822.14,825.94,830.64,834.68,837.88,840.48,842.71,844.49,846.57,849.22,851.64,854.12,857.50,861.79,866.53,871.25,876.73,882.31,887.48,893.17,897.67,901.74,905.49,908.16,910.58,912.47
819.52,818.12,817.19,817.96,823.85,831.58,838.77,843.46,847.45,851.66,856.11,860.20,863.04,865.64,868.25,870.81,873.15,875.57,878.06,880.65,883.34,886.12,888.98,891.79,894.40,896.87,899.25,901.90,904.91,907.85,910.85,914.13,917.76,921.69,925.17,929.19,934.46,940.87,945.18,949.83,954.81,959.96,965.13,969.69,973.42,977.00,981.45,987.17,994.83,1001.04,1004.33,1007.61,1011.39,1015.56,1019.63,1022.72,1025.36,1027.04,1027.33,1026.01,1024.84,1022.74,1020.00,1016.74,1012.88,1008.51,1003.88,999.64,996.60,993.77,990.92,987.69,984.05,980.44,975.12,969.79,965.21,961.59,957.56,952.78,947.47,941.78,935.61,928.85,922.19,916.13,911.24,906.61,902.28,897.92,893.13,888.51,883.39,878.23,873.41,868.99,864.93,860.26,854.89,849.69,847.22,846.73,847.79,850.27,852.61,855.03,857.51,859.92,861.96,864.79,867.84,870.71,873.07,874.94,876.53,878.02,879.45,880.73,881.92,882.75,883.16,883.24,883.35,883.18,882.94,883.00,883.92,885.91,888.71,891.93,894.55,897.84,901.88,906.56,911.75,916.65,920.08,922.21,923.24,923.88,923.71,922.72,921.13,919.26,916.14,912.63,908.42,903.00,897.63,892.30,886.63,880.52,874.45,869.65,866.01,862.94,859.13,851.48,844.56,837.71,831.09,829.88,832.97,838.56,845.26,851.15,855.85,861.37,867.69,874.13,879.69,885.10,890.35,895.61,901.93,912.44,922.35,930.63,938.08,945.60,953.08,959.79,965.33,971.05,978.26,984.84,989.53,991.36,990.78,988.34,984.45,978.85,971.14,964.12,957.70,951.56,945.28,939.20,933.01,926.44,919.12,912.31,906.86,902.22,897.67,892.27,885.03,877.54,870.20,862.58,856.40,850.34,843.99,837.16,829.29,821.44,814.39,808.86,805.55,804.15,803.87,804.60,806.73,808.36,809.38,810.62,812.89,816.05,819.00,822.21,826.02,830.60,835.80,840.33,843.85,846.37,848.85,851.03,853.26,855.65,857.82,860.50,863.90,867.90,872.23,877.29,883.28,889.29,894.67,900.36,904.47,908.00,911.28,913.93,916.27,917.99
824.36,822.78,821.65,821.43,824.63,830.36,837.37,842.68,847.54,852.22,856.68,860.59,863.37,865.89,868.41,870.98,873.53,876.12,878.71,881.31,883.90,886.55,889.12,891.53,893.75,896.09,898.37,900.88,903.69,906.39,909.15,912.51,916.43,920.48,923.99,927.40,932.25,939.12,943.99,949.07,954.18,959.21,964.35,969.09,972.87,976.14,980.03,986.43,994.16,1000.41,1004.06,1007.36,1011.11,1015.20,1019.18,1022.16,1024.17,1025.57,1025.97,1024.88,1023.13,1021.05,1018.19,1014.53,1010.72,1005.92,1001.47,997.78,994.95,992.15,988.88,985.37,981.60,977.05,971.46,966.55,962.52,958.67,954.37,949.23,943.56,937.48,930.71,923.70,917.45,912.28,907.64,903.01,898.27,893.41,888.49,883.56,878.48,873.56,869.16,865.39,861.07,855.80,850.66,848.36,847.28,848.80,851.56,854.12,856.46,859.21,862.45,865.89,868.64,871.31,873.83,876.16,878.22,880.10,881.77,883.31,884.76,886.12,887.19,887.87,888.26,888.59,889.02,889.41,889.82,890.47,891.75,893.60,895.81,898.30,901.07,904.55,908.91,913.90,918.74,921.34,923.32,924.84,925.42,924.39,923.02,921.54,919.65,916.61,913.32,909.47,904.76,899.10,894.04,888.13,881.96,876.00,870.72,867.42,864.78,861.95,857.78,850.28,843.94,838.41,833.79,833.18,837.41,843.01,848.37,852.86,856.99,862.51,868.96,875.40,881.41,886.96,892.15,897.57,905.08,914.94,923.97,931.77,939.24,946.69,954.20,960.91,966.49,972.98,980.61,987.10,991.46,993.44,992.81,991.02,987.83,982.11,974.43,967.38,960.83,954.52,948.31,942.25,936.26,930.01,922.95,915.77,909.97,905.37,901.40,896.57,889.68,882.07,874.39,866.97,860.32,854.68,849.46,843.88,837.86,830.75,822.79,814.87,809.66,807.53,806.41,805.83,806.34,807.46,808.83,811.18,815.19,819.43,822.99,827.08,832.15,837.67,841.58,845.14,848.67,852.12,855.98,859.02,861.28,862.98,864.81,867.29,870.22,873.56,877.78,884.11,890.28,895.85,900.82,905.54,909.65,913.44,916.94,919.86,922.33,924.01
828.87,827.31,826.10,825.39,826.57,830.28,836.34,842.24,847.66,852.52,856.86,860.62,863.30,865.68,868.02,870.42,873.09,875.89,878.73,881.50,884.06,886.67,889.16,891.49,893.72,896.18,898.26,900.48,903.11,905.79,908.53,911.92,915.91,919.96,923.41,926.65,931.17,937.70,943.20,948.63,953.77,958.65,963.67,968.52,972.41,975.70,979.50,986.15,993.95,1000.23,1003.97,1007.24,1010.87,1014.87,1018.75,1021.41,1023.08,1024.22,1024.53,1023.56,1021.87,1019.44,1016.25,1012.38,1008.15,1003.35,999.30,996.05,993.24,990.25,986.72,982.86,978.62,973.57,968.41,963.82,959.75,955.61,950.87,945.34,939.27,932.68,925.26,918.88,913.38,908.45,903.58,898.76,893.91,889.05,884.16,878.80,873.83,869.37,865.50,862.13,857.51,852.83,849.30,848.67,849.33,851.94,855.30,858.29,861.39,864.64,868.02,871.38,874.24,876.67,878.86,880.93,883.01,885.10,887.04,888.80,890.37,891.80,892.94,893.80,894.45,895.04,895.56,896.06,896.63,897.45,898.87,900.54,902.54,904.98,907.83,911.48,915.78,920.21,923.75,925.03,925.80,925.97,925.10,923.34,921.42,919.21,916.46,912.86,909.11,904.88,900.03,894.30,887.68,881.49,875.63,870.32,866.52,864.33,862.22,859.18,854.24,848.73,843.31,838.95,836.81,837.90,842.05,846.71,850.93,854.76,858.81,864.57,871.25,877.71,884.01,889.52,894.60,900.08,907.84,917.17,925.55,932.95,940.46,947.86,955.13,961.81,967.80,974.76,982.67,989.10,993.26,995.48,995.02,993.34,990.36,984.94,977.05,970.16,963.68,957.11,950.69,944.52,938.59,932.62,926.11,919.35,913.44,908.67,904.93,900.65,894.65,887.50,879.73,872.18,865.33,859.65,854.77,850.19,845.42,839.51,832.37,824.48,817.89,813.47,810.11,807.85,807.79,809.15,811.84,815.51,819.94,824.29,828.34,832.76,837.63,842.27,845.73,850.13,855.02,859.19,863.46,866.65,868.89,870.34,871.49,873.35,875.85,879.09,883.68,889.94,895.78,900.96,905.66,910.34,914.72,918.95,922.89,925.98,928.42,930.00
833.24,831.79,830.51,829.52,829.25,831.14,835.87,842.00,847.74,852.65,856.86,860.52,863.09,865.31,867.44,869.65,872.35,875.34,878.42,881.39,884.02,886.67,889.16,891.57,894.06,896.72,898.63,900.60,903.11,905.86,908.66,912.06,915.98,919.94,923.30,926.55,930.80,936.80,942.94,948.55,953.59,958.27,963.13,968.07,972.10,975.54,979.46,986.19,994.00,1000.26,1003.95,1007.16,1010.65,1014.63,1018.47,1020.78,1022.27,1023.12,1023.21,1022.26,1020.76,1017.85,1014.28,1010.26,1005.57,1000.99,997.37,994.44,991.53,988.22,984.49,980.27,975.48,970.21,965.57,961.19,956.88,952.42,947.18,941.28,934.75,927.53,919.88,914.41,909.60,904.64,899.40,894.40,889.60,884.88,879.96,874.27,869.50,865.54,862.22,859.16,854.51,851.02,849.58,850.15,852.42,855.71,859.30,862.84,866.71,870.34,873.58,876.43,879.09,881.30,883.32,885.36,887.61,890.00,892.32,894.45,896.35,898.03,899.38,900.45,901.30,901.98,902.35,902.72,903.22,904.00,905.42,906.94,908.91,911.56,914.67,918.56,922.49,925.85,927.76,928.05,927.64,926.25,923.65,921.24,918.93,915.97,912.28,908.31,903.91,899.07,893.93,888.21,880.24,873.98,868.77,864.53,862.25,860.81,858.97,855.76,850.40,847.21,843.08,840.03,840.23,843.03,846.68,850.19,853.41,856.85,861.06,867.11,873.98,880.43,886.85,892.25,897.31,902.93,910.62,919.34,927.15,934.25,941.80,949.12,956.01,962.63,969.24,976.51,984.58,990.99,995.08,997.56,997.34,995.58,992.57,987.55,979.28,972.58,966.24,959.42,952.76,946.50,940.57,934.80,928.87,922.77,916.95,912.04,908.38,904.52,899.48,893.04,885.49,877.80,870.85,864.96,860.10,856.23,852.24,847.48,841.65,834.63,827.11,820.29,814.55,810.70,810.60,812.58,816.59,821.29,825.67,829.75,834.02,838.38,842.54,846.03,849.83,855.63,862.00,866.63,870.86,873.88,876.01,877.33,877.85,878.92,880.93,884.17,889.29,895.04,900.39,905.26,909.87,914.88,919.67,924.31,928.57,931.77,934.22,935.82
837.57,836.28,834.81,833.63,833.13,834.09,837.10,842.05,847.53,852.48,856.77,860.48,862.90,864.96,866.98,869.11,871.69,874.67,877.78,880.89,883.85,886.63,889.16,891.80,894.92,897.72,899.76,901.89,904.52,907.25,910.19,913.53,917.17,920.84,924.15,927.40,931.56,937.46,944.14,949.50,954.01,958.24,963.05,968.01,972.21,975.88,980.00,986.72,994.36,1000.40,1003.90,1007.01,1010.50,1014.66,1018.72,1020.96,1022.43,1022.91,1022.55,1021.34,1019.54,1016.28,1012.41,1008.21,1003.56,999.48,996.10,993.08,989.89,986.17,982.20,977.72,972.60,967.42,962.62,958.12,953.73,949.00,943.24,937.02,929.84,921.63,915.73,910.78,905.97,900.96,895.47,890.65,886.10,881.29,875.77,870.38,866.08,862.51,859.49,856.88,853.35,851.59,852.03,853.77,856.58,860.36,864.50,868.45,871.91,875.20,878.08,880.47,882.61,884.71,886.97,889.42,892.03,894.73,897.58,900.49,903.37,906.10,907.79,908.73,909.17,909.26,908.81,908.70,908.96,909.57,910.81,912.37,914.41,917.30,921.45,925.89,928.85,930.34,930.78,929.88,928.08,925.38,921.63,917.28,914.25,910.89,906.75,902.26,896.89,890.48,883.96,878.28,872.77,866.82,862.39,860.14,858.38,856.86,855.05,852.52,848.88,846.37,844.45,843.68,844.80,847.56,850.94,853.89,856.40,859.46,863.95,870.12,876.90,883.20,889.34,894.69,900.08,906.31,914.12,921.68,928.85,935.98,943.58,950.64,956.98,963.55,970.94,978.31,986.29,992.79,997.15,999.88,999.87,998.03,994.90,989.89,980.97,974.25,968.05,961.24,954.68,948.47,942.54,936.75,930.97,925.39,920.08,915.47,911.78,907.85,903.19,897.61,891.07,883.82,876.69,870.63,865.73,861.82,857.59,853.08,847.76,841.25,833.83,826.67,820.25,815.82,816.08,818.94,822.80,827.11,831.61,835.31,838.87,842.42,846.10,850.33,856.28,862.93,869.09,873.55,877.37,879.99,881.74,882.78,883.38,883.66,884.82,887.65,893.11,898.68,903.71,908.53,913.60,919.00,924.28,928.93,932.76,935.90,938.72,940.95
842.01,840.60,839.01,837.73,836.99,837.14,838.74,842.46,847.16,852.03,856.67,860.54,862.91,864.94,866.96,869.04,871.38,874.24,877.25,880.26,883.32,886.27,889.19,892.34,895.92,898.95,901.21,903.50,906.17,908.97,912.07,915.40,918.87,922.38,925.73,929.39,933.88,939.66,946.15,950.93,954.88,958.76,963.42,968.34,972.76,976.83,981.26,987.77,995.09,1000.84,1004.12,1007.19,1010.81,1015.16,1019.31,1021.29,1022.73,1022.86,1022.08,1020.60,1018.22,1014.67,1010.59,1006.24,1001.78,998.08,994.86,991.70,988.18,984.19,979.81,974.92,969.58,964.50,959.60,954.96,950.36,945.26,939.26,932.23,924.56,917.08,912.15,907.34,902.35,897.19,891.85,887.24,882.63,877.62,872.02,867.18,863.36,860.19,857.60,855.62,853.91,853.80,855.42,858.10,861.45,865.40,869.55,873.41,876.46,879.26,881.73,883.84,885.78,887.99,890.59,893.45,896.46,899.85,903.31,906.76,910.17,913.36,915.27,916.24,916.57,916.41,915.71,915.34,915.31,915.60,916.49,918.20,920.80,924.40,928.90,932.43,933.97,933.86,932.68,930.70,927.13,922.67,917.74,912.52,908.87,905.07,900.56,895.56,889.43,882.45,875.92,871.21,867.59,863.12,859.90,858.62,857.39,856.04,854.65,853.00,850.69,848.75,848.16,848.65,850.16,852.66,855.72,858.58,861.02,863.38,867.76,873.65,879.99,885.88,891.57,896.94,902.68,909.22,916.53,923.57,930.49,937.66,945.42,952.08,958.18,964.89,972.77,980.32,988.09,994.58,999.25,1002.06,1002.17,1000.28,996.97,991.87,983.01,976.21,969.88,962.99,956.45,950.61,944.86,939.07,933.43,928.15,923.25,918.87,915.04,910.94,906.50,901.68,896.28,889.92,882.98,876.93,871.95,867.80,863.38,858.45,853.03,846.86,839.37,831.67,825.10,821.03,822.01,825.86,829.90,833.76,837.46,840.32,843.16,846.57,850.87,856.39,863.38,870.08,875.68,879.62,883.01,885.40,886.98,887.88,888.50,888.39,888.84,891.01,896.37,901.58,906.42,911.33,916.76,922.70,928.19,932.83,936.58,939.97,943.19,945.91
846.70,844.88,843.23,841.89,840.83,840.29,840.82,843.35,846.77,851.38,856.52,860.67,863.11,865.26,867.39,869.45,871.46,874.10,876.85,879.55,882.47,885.65,889.27,893.17,897.04,900.36,902.91,905.31,907.95,910.88,914.15,917.54,920.98,924.48,927.98,932.40,937.55,943.14,948.75,952.73,956.20,959.87,964.29,969.07,973.74,978.33,983.19,989.34,996.18,1001.55,1004.66,1007.73,1011.60,1016.11,1020.15,1021.69,1023.07,1022.87,1021.72,1020.01,1016.83,1013.01,1008.81,1004.37,1000.22,996.77,993.58,990.25,986.39,982.23,977.24,971.84,966.42,961.37,956.51,951.73,946.80,941.26,935.27,927.08,919.18,913.96,909.05,904.01,898.74,893.39,888.56,884.12,879.20,873.91,868.80,864.66,861.30,858.60,856.62,855.52,856.04,857.44,859.60,862.91,866.81,870.63,874.26,877.63,880.36,882.61,884.69,886.73,888.78,891.32,894.29,897.52,900.99,905.36,909.43,913.16,916.61,919.66,921.65,922.85,923.42,923.43,923.09,922.75,922.48,922.38,922.82,924.78,928.21,932.73,936.72,938.00,937.79,936.40,933.45,930.39,924.81,918.24,912.14,907.17,903.02,898.70,893.87,888.46,881.98,875.61,870.53,867.65,865.08,863.04,861.38,860.14,859.47,858.63,858.01,857.28,855.73,854.40,854.17,854.88,856.41,858.59,861.28,864.39,867.24,868.71,872.54,877.69,883.22,888.46,893.57,899.03,905.06,911.55,917.88,925.02,932.10,939.31,947.28,953.41,959.60,966.65,974.73,982.51,989.96,996.40,1001.36,1004.14,1004.31,1002.33,998.79,993.53,985.44,978.53,971.84,964.77,958.09,952.87,947.50,941.77,936.31,931.15,926.53,922.28,918.20,913.95,909.61,905.38,901.08,895.94,889.60,883.74,878.63,874.11,869.69,863.88,857.84,851.79,843.99,835.42,829.05,826.18,828.24,833.03,837.57,841.01,843.15,844.88,847.27,851.24,857.03,864.04,870.79,876.77,881.61,884.81,887.82,890.16,891.80,892.75,893.34,893.22,893.15,894.43,899.19,903.86,908.63,913.71,919.40,925.98,931.44,936.09,940.21,944.11,947.69,950.75
852.55,850.34,848.33,846.55,845.44,844.77,844.66,845.73,847.43,851.05,856.05,860.67,863.45,865.91,868.23,870.27,872.11,874.32,876.60,878.97,881.88,885.50,889.63,894.12,898.64,901.82,904.45,907.00,909.73,912.82,916.09,919.52,923.10,926.82,930.82,935.47,940.69,946.18,950.89,954.63,958.16,961.88,966.00,970.48,975.14,979.98,985.24,991.40,997.57,1002.38,1005.42,1008.51,1012.86,1017.27,1020.75,1022.14,1023.20,1022.69,1021.28,1019.29,1015.51,1011.39,1007.14,1002.91,999.07,995.71,992.30,988.62,984.49,979.75,974.14,968.49,963.27,958.20,953.29,948.34,943.17,937.40,931.06,923.36,916.26,911.39,906.18,900.74,895.28,890.09,885.74,881.38,876.32,871.07,866.62,862.78,859.99,858.12,857.25,857.45,859.07,861.57,864.59,867.84,871.35,874.90,878.36,881.52,883.94,885.99,888.00,890.11,892.50,895.27,898.49,902.09,906.14,910.98,915.24,918.99,922.40,925.57,927.73,929.16,930.10,930.67,930.84,930.96,931.08,931.27,931.98,933.86,936.61,939.72,941.72,941.68,940.16,937.35,932.92,927.70,920.65,913.36,907.12,902.04,897.24,892.39,887.42,882.31,877.04,872.72,869.75,868.34,867.11,866.25,865.68,865.34,865.09,864.75,864.51,864.09,862.97,862.20,862.24,863.09,864.76,866.89,869.39,871.97,874.24,875.78,878.70,882.41,886.50,890.77,895.40,900.91,906.90,913.09,919.33,926.75,934.14,941.49,949.10,954.67,961.01,968.62,977.13,984.48,991.70,998.28,1003.67,1006.87,1007.00,1004.55,1000.50,995.16,987.83,981.12,974.36,967.07,959.89,954.85,950.03,944.82,939.44,934.52,930.11,925.99,921.97,917.90,913.54,909.25,905.10,900.75,895.49,889.85,884.50,880.08,875.68,870.13,863.68,856.46,848.53,839.46,833.34,831.66,835.38,840.17,843.80,846.37,848.33,850.47,854.00,858.75,864.53,870.94,876.80,881.86,886.01,889.05,891.81,894.17,896.04,897.37,898.36,898.36,897.94,898.27,901.47,905.65,910.44,915.81,922.01,928.92,934.52,939.45,944.03,948.16,951.86,955.20
858.39,856.13,854.10,852.16,851.10,850.40,849.76,849.38,849.53,851.75,855.72,860.16,863.29,866.24,868.94,871.15,872.99,874.91,876.80,878.87,881.78,885.70,890.26,895.23,900.15,903.20,905.89,908.60,911.45,914.66,917.92,921.45,925.24,929.24,933.67,938.48,943.67,948.95,952.96,956.55,960.16,963.89,967.77,972.11,976.84,981.89,987.38,993.68,999.13,1003.34,1006.41,1009.72,1014.53,1018.66,1021.39,1022.59,1023.21,1022.42,1020.78,1018.42,1014.21,1009.86,1005.62,1001.58,997.94,994.49,990.79,986.84,982.48,976.85,970.85,965.23,960.23,955.17,950.18,945.06,939.64,933.62,926.86,920.03,913.91,908.88,903.29,897.55,892.15,887.40,883.44,879.01,873.92,868.94,865.16,861.61,859.42,858.50,858.86,860.37,862.77,865.94,869.45,872.51,875.58,878.89,882.27,885.35,887.58,889.61,891.64,893.87,896.53,899.50,902.98,907.00,911.64,916.59,920.86,924.53,927.76,930.91,933.25,934.99,936.31,937.43,938.09,938.63,939.10,939.55,940.50,942.19,944.10,945.63,945.78,944.54,941.80,937.69,931.95,924.71,916.50,908.76,902.41,896.97,891.79,886.78,881.96,877.50,874.24,872.23,871.20,870.95,870.92,870.92,871.18,871.68,871.82,871.86,871.75,871.40,870.73,870.30,870.47,871.35,873.03,875.08,877.47,879.54,881.21,882.88,884.86,887.20,889.92,893.20,897.34,902.67,908.47,914.48,920.99,928.62,936.30,943.74,950.74,955.83,962.45,970.63,979.40,986.22,993.39,1000.13,1005.75,1009.27,1009.33,1006.60,1002.23,996.85,990.21,983.78,977.07,969.69,962.15,956.97,952.45,947.77,942.62,937.98,933.73,929.79,926.10,922.33,917.99,913.58,909.38,905.41,900.93,895.55,890.10,885.62,881.19,876.05,869.30,860.87,852.73,843.73,838.10,837.45,842.53,847.51,850.57,852.59,854.64,857.35,861.65,866.61,871.82,877.10,882.01,886.28,889.92,892.94,895.68,898.40,900.84,902.74,904.06,904.17,903.40,902.75,904.13,907.62,912.27,917.90,924.65,931.65,937.45,942.74,947.69,951.86,955.64,959.37
863.61,862.03,860.89,859.73,858.83,857.96,856.86,855.22,854.45,854.67,855.92,858.53,861.90,865.63,869.13,871.96,874.16,876.19,877.97,879.80,882.66,886.49,891.39,896.63,901.17,904.33,907.18,910.06,913.06,916.23,919.56,923.31,927.43,931.70,936.25,941.33,946.52,951.32,955.07,958.50,961.88,965.38,969.25,973.89,979.03,984.33,989.69,996.21,1000.95,1004.54,1007.80,1011.81,1016.89,1020.47,1022.23,1023.02,1023.05,1022.05,1020.18,1017.28,1012.93,1008.55,1004.33,1000.33,996.65,992.73,988.77,984.81,980.32,973.22,967.35,962.30,957.44,952.47,947.42,942.13,936.41,929.92,922.80,916.86,911.58,906.19,900.26,894.51,889.71,885.91,882.13,877.34,872.40,868.01,864.82,861.73,860.18,860.23,861.90,864.50,867.57,870.63,873.60,876.51,879.52,882.75,886.07,889.16,891.54,893.74,895.91,898.19,901.00,904.02,907.86,912.48,917.60,922.13,926.26,929.74,932.45,935.13,937.64,939.78,941.55,942.96,943.95,944.58,944.99,945.32,946.04,947.46,948.90,949.76,949.18,946.43,942.49,937.45,930.66,922.31,913.37,905.08,898.18,891.95,887.10,882.77,878.67,875.34,875.04,875.23,875.38,875.74,876.46,877.22,877.98,878.67,879.21,879.38,879.04,878.58,878.51,877.98,877.97,878.63,879.98,881.75,884.11,886.16,887.71,889.13,890.31,891.77,893.60,896.03,899.64,904.28,909.69,915.92,923.03,930.72,938.49,945.85,951.98,956.76,963.94,972.61,981.15,987.58,995.05,1001.87,1007.16,1010.53,1010.53,1008.14,1004.10,998.64,992.58,986.48,979.93,972.72,965.41,959.52,954.68,950.30,945.74,941.43,937.28,933.66,930.75,927.36,923.22,918.93,914.71,910.39,905.73,900.73,895.52,890.32,885.75,880.77,873.90,864.84,856.22,848.36,843.83,843.74,849.17,855.34,859.36,861.86,863.90,866.76,870.08,873.83,877.92,881.96,886.08,889.99,893.50,896.50,899.71,903.54,907.22,910.00,911.26,911.38,910.22,908.50,907.99,910.24,914.39,920.14,927.39,934.07,940.13,945.78,950.86,954.79,958.72,963.06
868.17,866.61,865.54,864.53,863.62,862.74,861.72,860.18,859.26,858.72,858.67,859.74,862.11,865.17,868.42,871.53,874.19,876.95,879.45,881.75,884.57,888.22,893.10,898.30,902.58,905.79,908.70,911.57,914.47,917.50,921.28,925.47,929.84,934.25,939.01,944.22,949.27,953.56,957.18,960.48,963.71,967.09,971.11,976.01,981.43,986.99,992.50,998.43,1002.63,1006.04,1009.65,1014.51,1019.12,1022.19,1023.76,1024.26,1023.38,1021.89,1019.71,1016.38,1011.87,1007.46,1003.18,998.98,994.84,990.74,986.65,982.28,976.96,970.08,964.56,959.80,955.14,950.21,945.10,939.56,933.41,926.43,919.82,914.41,909.34,903.70,897.92,892.52,888.08,884.54,880.82,876.01,871.29,867.28,864.47,862.04,861.76,862.96,865.19,868.14,871.16,874.04,876.90,880.13,883.49,886.77,889.99,893.06,895.47,898.44,901.47,904.28,906.94,909.89,913.81,918.46,923.25,927.26,930.93,934.10,936.65,939.24,941.90,944.28,946.25,947.72,948.72,949.38,949.81,950.11,950.76,951.89,952.98,953.31,951.54,948.14,943.31,937.15,929.49,921.10,911.60,902.59,895.19,888.65,883.79,880.13,877.55,876.51,877.66,878.92,879.91,880.82,881.99,883.17,884.18,884.93,885.45,885.69,885.45,884.98,884.72,884.15,884.30,885.21,886.85,888.86,891.13,892.89,894.05,895.12,895.71,896.53,897.97,900.34,903.08,907.06,911.98,917.93,925.33,932.78,940.43,947.69,953.18,957.83,965.45,974.32,982.44,989.10,996.61,1003.26,1008.25,1011.48,1011.99,1010.03,1006.13,1000.45,994.42,988.55,982.55,976.09,968.94,962.82,957.74,953.31,949.09,944.91,940.86,937.30,934.45,931.45,928.16,924.52,920.42,915.74,910.69,905.60,900.40,895.01,890.00,884.75,877.76,868.51,858.97,851.75,848.19,849.04,855.51,861.94,866.05,868.74,871.12,873.91,876.58,879.48,882.74,886.19,889.90,893.55,897.01,900.32,904.19,908.38,912.28,915.30,916.81,917.08,916.01,914.09,912.51,913.10,916.39,922.00,929.47,936.27,942.63,948.28,952.97,956.85,961.17,965.99
872.57,870.76,869.41,868.24,867.24,866.38,865.60,864.65,863.91,863.20,862.60,862.47,863.44,865.25,867.70,870.74,873.98,877.74,881.25,884.25,887.04,890.54,895.20,900.16,904.23,907.48,910.40,913.19,915.94,918.90,923.19,927.82,932.36,936.84,941.86,947.10,951.90,955.73,959.24,962.39,965.46,968.82,973.19,978.39,984.05,989.90,995.62,1000.59,1004.35,1007.87,1011.99,1017.41,1021.24,1023.89,1025.57,1025.84,1024.12,1022.02,1019.39,1015.62,1010.95,1006.51,1002.11,997.59,992.85,988.60,984.35,979.44,973.23,967.28,962.17,957.57,953.09,948.13,942.91,937.12,930.56,923.20,917.39,912.35,907.22,901.51,896.04,891.10,886.90,883.34,879.61,874.90,870.41,866.67,864.10,862.63,863.75,865.99,868.46,871.40,874.14,876.92,879.99,883.70,887.48,890.84,894.05,897.30,899.90,903.65,907.54,910.88,913.36,916.24,920.10,924.50,928.58,932.10,935.23,938.04,940.62,943.25,946.03,948.55,950.59,952.02,952.90,953.56,954.06,954.41,955.07,955.96,956.71,956.45,953.39,949.59,944.05,936.85,928.43,920.29,910.47,900.87,893.07,886.43,881.52,878.63,877.89,879.38,881.25,883.04,884.63,886.03,887.48,888.88,890.02,890.74,891.05,891.32,891.25,890.84,890.19,889.66,890.10,891.47,893.68,896.16,898.33,899.69,900.37,901.05,901.39,901.97,903.31,905.72,907.49,910.82,915.16,920.55,927.85,934.91,942.33,949.38,954.41,959.14,967.06,975.92,983.65,990.78,998.13,1004.43,1009.16,1012.26,1013.55,1012.07,1008.20,1002.36,996.11,990.37,984.97,979.43,972.68,966.66,961.42,956.78,952.64,948.48,944.50,940.89,937.83,935.11,932.76,929.91,926.11,921.26,915.80,910.42,905.16,899.82,894.26,888.50,881.33,872.10,862.04,855.10,852.36,854.26,861.61,867.65,871.48,874.30,877.11,879.74,881.99,884.33,887.00,890.17,893.63,897.10,900.59,904.34,908.89,913.15,916.92,919.93,921.66,922.01,921.12,919.27,917.00,915.97,918.40,923.78,931.26,938.38,944.99,950.40,954.57,958.50,963.32,968.60
877.50,875.57,874.03,872.52,871.28,870.28,869.43,868.62,867.98,867.34,866.72,866.34,866.72,867.48,868.66,870.78,874.91,879.61,883.83,887.24,890.04,893.61,897.88,902.28,906.14,909.56,912.47,915.21,918.03,921.37,925.88,930.51,934.98,939.53,944.76,949.77,954.22,957.90,961.00,963.87,966.75,970.21,975.50,981.22,987.30,993.48,999.16,1003.16,1006.60,1010.66,1015.63,1020.07,1023.26,1025.67,1027.29,1027.43,1025.72,1023.01,1019.47,1014.99,1010.25,1005.73,1001.14,996.26,991.05,986.30,981.48,976.19,970.18,964.99,960.23,955.69,951.11,945.94,940.49,934.52,927.90,920.71,915.37,910.52,905.55,900.24,894.86,890.15,886.13,882.59,878.78,874.10,869.76,866.12,863.72,864.14,865.97,868.38,871.10,873.99,876.76,880.00,883.76,887.71,891.45,894.86,898.54,902.88,906.54,910.04,913.30,916.27,919.00,922.11,925.82,929.73,933.16,936.44,939.22,941.82,944.44,947.11,949.85,952.31,954.35,955.85,956.61,957.23,957.84,958.46,959.14,960.01,960.21,958.85,954.94,950.27,944.21,936.65,927.57,918.95,909.46,900.27,892.45,885.71,881.20,879.55,880.55,883.22,885.56,887.65,889.57,891.24,892.79,894.29,895.44,896.05,896.13,896.22,896.12,895.82,895.43,895.13,895.87,897.69,900.51,903.50,905.61,906.62,906.85,907.19,908.41,910.04,911.68,913.03,914.04,916.60,920.21,924.79,930.83,937.44,944.47,951.01,955.71,961.29,969.11,977.56,985.35,992.87,999.61,1005.38,1009.95,1012.96,1015.16,1014.05,1010.22,1004.64,998.16,992.25,986.97,982.07,976.80,971.42,966.21,961.25,956.61,952.41,948.39,944.75,941.67,938.77,936.34,933.85,930.89,926.84,921.18,915.62,910.41,905.15,899.13,892.69,884.96,875.91,867.92,860.68,858.30,861.03,867.19,871.83,875.47,878.69,881.69,884.12,886.35,888.68,891.26,894.22,897.46,900.88,904.57,908.80,913.63,918.13,922.18,925.36,926.58,926.46,925.19,922.97,920.11,918.44,920.65,925.87,933.05,940.51,946.94,952.01,955.96,960.11,965.38,971.27
882.63,880.59,878.87,877.15,875.75,874.61,873.68,872.84,872.13,871.48,870.88,870.37,870.27,870.34,870.70,872.07,876.23,881.38,886.15,890.07,893.15,896.83,900.89,904.98,908.77,912.21,915.17,918.00,921.03,924.73,928.97,933.23,937.53,942.29,947.52,952.27,956.42,959.87,962.66,965.34,968.38,972.36,978.23,984.24,990.70,997.01,1002.07,1005.62,1009.20,1013.60,1018.60,1022.23,1025.13,1027.49,1029.12,1029.23,1027.52,1024.12,1019.67,1014.63,1009.73,1004.97,1000.17,995.16,989.75,984.49,979.23,973.81,968.14,963.27,958.59,953.98,949.28,943.98,938.24,932.06,925.49,918.85,913.83,909.14,904.39,899.45,893.98,889.43,885.57,882.05,878.12,873.43,869.12,865.76,864.28,865.79,867.99,870.56,873.54,876.45,879.71,883.55,887.74,891.70,895.48,899.44,903.76,908.44,912.38,915.64,918.55,921.31,924.27,927.54,931.12,934.67,937.69,940.60,943.06,945.48,948.13,950.84,953.59,956.12,958.33,960.08,961.08,962.03,962.90,963.44,963.73,963.66,962.65,960.13,955.71,950.57,944.29,936.55,926.94,917.93,908.68,899.83,892.09,885.52,882.23,882.01,884.13,887.27,889.99,892.40,894.70,896.95,898.75,900.39,901.47,901.75,901.51,901.20,900.89,900.68,900.63,900.75,902.00,904.26,907.26,910.06,911.83,912.53,912.57,913.11,915.39,918.10,920.33,921.41,922.03,923.58,926.12,929.72,934.42,940.37,946.67,952.48,957.05,963.33,971.23,979.51,987.33,994.96,1001.13,1006.43,1010.89,1013.98,1016.70,1016.08,1012.64,1007.32,1000.55,994.58,989.37,984.77,980.58,976.03,971.22,966.31,961.52,957.06,952.87,949.10,945.89,942.86,940.27,937.83,935.15,931.50,926.14,920.60,915.28,910.01,903.92,897.15,889.18,880.31,873.07,866.26,864.27,867.04,871.97,875.80,879.43,882.92,886.03,888.38,890.64,892.98,895.48,898.25,901.22,904.56,908.53,913.41,918.52,923.29,927.40,930.28,930.98,930.39,928.86,926.50,923.43,921.44,923.23,928.16,935.34,942.66,948.62,953.31,957.20,961.68,967.52,973.95
888.04,885.86,883.93,882.10,880.62,879.40,878.41,877.43,876.47,875.70,875.06,874.46,873.91,873.65,873.73,874.65,877.86,882.88,888.02,892.54,896.16,900.05,904.12,908.22,912.12,915.43,918.47,921.55,924.89,928.80,932.33,935.94,940.03,945.12,950.13,954.64,958.53,961.65,964.27,966.92,970.50,975.39,981.41,987.42,994.12,1000.30,1004.24,1007.89,1012.08,1016.52,1020.72,1023.89,1026.82,1029.30,1031.01,1031.19,1029.38,1025.25,1019.97,1014.54,1009.42,1004.26,999.25,994.32,988.97,983.28,977.79,972.46,967.17,962.14,957.25,952.47,947.66,942.36,936.29,929.84,923.41,917.64,912.80,908.24,903.75,899.06,893.38,888.91,885.20,881.71,877.61,872.88,868.50,865.62,865.78,867.41,869.76,872.60,875.82,878.89,883.07,887.53,891.81,895.63,899.63,904.59,909.64,913.75,917.07,920.29,923.27,926.09,929.22,932.55,936.00,939.35,942.22,944.65,946.80,949.08,951.73,954.51,957.36,960.11,962.67,964.85,966.37,967.97,969.17,969.23,968.63,966.71,963.89,960.24,955.64,950.50,944.29,936.48,926.50,917.30,908.13,899.44,891.87,885.81,884.51,885.80,888.38,891.36,894.46,897.26,900.09,903.19,905.41,907.24,908.15,907.95,907.34,906.44,905.79,905.57,905.87,906.57,908.51,911.18,913.94,915.84,917.04,917.48,917.62,918.81,922.12,925.75,928.78,930.50,931.12,931.54,932.76,935.25,938.75,943.75,948.98,953.87,958.51,965.21,973.41,981.80,989.55,997.01,1002.69,1007.64,1012.08,1015.44,1018.22,1018.21,1015.53,1010.43,1003.38,997.46,992.31,987.70,983.95,980.34,976.28,971.84,967.35,962.49,958.03,954.04,950.55,947.48,944.74,942.00,938.98,935.19,930.61,925.26,919.67,914.28,908.48,901.78,893.99,885.27,877.18,871.51,869.96,871.95,875.94,879.75,883.52,887.12,890.27,892.68,895.00,897.34,899.72,902.27,904.94,908.22,912.51,918.15,923.53,928.52,932.41,934.53,934.83,933.84,932.21,930.02,927.11,925.03,926.13,930.61,938.11,944.78,950.05,954.35,958.32,963.27,969.79,976.64
894.65,892.26,889.72,887.32,885.67,884.43,883.39,882.34,881.30,880.35,879.52,878.81,878.07,877.50,877.22,877.65,879.68,884.12,888.99,893.47,897.57,901.99,906.50,910.91,914.99,918.50,921.66,924.85,928.21,931.53,934.74,938.38,942.74,947.95,952.72,957.06,960.81,963.74,966.19,969.11,973.34,978.89,984.83,990.60,996.62,1002.09,1005.95,1010.02,1014.51,1018.78,1022.41,1025.46,1028.28,1030.61,1032.17,1032.31,1030.64,1026.25,1020.52,1014.72,1009.39,1003.88,998.63,993.68,988.44,982.69,977.20,971.96,966.76,961.60,956.48,951.49,946.65,941.57,935.35,928.84,922.60,917.16,912.33,907.82,903.42,898.79,893.07,888.67,885.02,881.52,877.32,872.44,868.15,865.79,866.88,868.59,871.31,874.52,877.98,881.85,886.44,891.05,895.42,899.67,904.50,909.66,914.49,918.33,921.58,924.74,927.85,930.93,934.13,937.36,940.61,943.74,946.50,948.96,951.06,953.28,955.94,958.95,962.01,964.95,967.72,970.15,971.36,972.42,973.05,972.48,970.80,967.80,964.11,959.91,955.14,949.88,943.50,935.56,925.67,916.62,907.63,899.11,891.85,886.86,886.88,889.07,892.00,895.02,898.72,902.63,906.32,909.36,911.71,913.48,914.45,914.48,913.87,912.74,911.76,911.24,911.53,912.75,915.05,917.84,920.58,922.40,923.51,924.02,924.24,925.09,928.30,932.11,935.38,937.23,938.33,938.86,939.76,941.59,944.41,948.23,952.21,956.28,961.03,967.84,975.91,984.12,991.71,998.73,1004.29,1009.29,1013.92,1017.75,1020.18,1020.43,1018.61,1014.35,1007.41,1001.32,996.07,991.43,987.37,983.93,980.43,976.69,972.75,968.48,964.15,959.98,956.19,952.84,949.60,946.31,942.86,939.10,934.54,929.27,923.65,918.00,912.18,905.61,898.21,890.02,881.78,876.16,874.31,875.80,879.74,883.83,887.73,891.38,894.61,897.07,899.62,902.09,904.37,906.54,909.08,912.78,917.58,923.12,928.22,932.82,936.39,938.36,938.51,937.45,935.70,933.41,930.66,928.55,929.18,933.08,940.18,946.39,951.34,955.56,959.81,965.55,972.34,979.27
900.66,898.26,895.38,892.59,890.81,889.55,888.53,887.45,886.34,885.23,884.20,883.34,882.42,881.53,880.92,880.91,881.77,885.30,889.59,893.90,898.41,903.42,908.44,913.22,917.55,921.28,924.56,927.80,931.04,933.82,936.82,940.71,945.45,950.62,955.18,959.39,963.08,966.02,968.58,971.99,976.74,982.58,988.34,993.69,998.88,1003.66,1007.72,1012.21,1016.78,1020.81,1024.02,1027.02,1029.70,1031.89,1033.32,1033.21,1031.57,1027.19,1021.33,1015.19,1009.65,1003.80,998.30,993.28,988.12,982.46,977.03,971.84,966.63,961.36,955.97,950.78,945.96,941.14,934.91,928.44,922.34,917.01,912.11,907.60,903.24,898.61,892.89,888.53,884.91,881.38,877.08,872.09,868.03,866.17,867.84,869.73,872.84,876.43,880.19,884.86,889.69,894.38,898.99,903.89,909.69,914.91,919.38,923.07,926.22,929.27,932.41,935.66,938.79,941.88,945.01,948.10,950.94,953.53,955.58,957.75,960.52,963.75,967.03,970.17,973.03,975.35,976.11,976.27,975.81,974.23,971.60,967.88,963.68,959.19,954.29,948.85,942.23,934.22,924.70,915.87,907.11,898.91,892.24,888.41,889.39,892.19,895.46,898.88,903.20,907.95,912.23,915.17,917.68,919.43,920.52,920.87,920.34,919.14,917.95,917.16,917.40,919.14,921.88,924.96,927.83,929.61,930.57,931.04,931.26,931.74,934.41,937.93,941.08,943.01,944.83,946.19,947.49,949.05,951.21,953.64,956.33,959.61,964.36,970.93,978.69,986.59,993.94,1000.61,1006.21,1011.30,1016.03,1020.01,1022.18,1022.58,1021.39,1018.12,1011.95,1005.74,1000.25,995.56,991.13,987.59,984.41,981.25,977.84,974.19,970.10,965.91,961.93,958.24,954.49,950.62,946.69,942.82,938.18,932.98,927.42,921.57,915.67,909.27,902.22,894.49,886.59,880.78,878.43,879.50,883.62,887.98,892.00,895.71,899.09,901.70,904.42,906.98,909.19,911.15,913.71,917.83,922.92,927.99,932.72,936.88,940.15,942.02,942.12,941.05,939.17,936.75,934.14,932.00,932.28,935.59,941.97,947.80,952.67,957.09,961.81,968.19,974.98,981.86
904.29,902.46,900.21,897.80,896.00,894.77,893.94,892.86,891.63,890.44,889.29,888.14,886.93,885.73,884.86,884.56,884.52,886.49,889.81,894.02,898.74,904.34,909.80,914.90,919.56,923.39,926.82,930.00,932.94,935.74,938.71,942.89,947.99,952.89,957.34,961.48,965.27,968.63,972.05,976.31,981.17,986.46,991.88,996.51,1001.11,1005.65,1009.91,1014.63,1018.97,1022.64,1025.64,1028.58,1031.17,1033.49,1034.93,1034.10,1032.06,1028.11,1022.65,1016.25,1010.51,1004.31,998.51,993.33,988.15,982.76,977.44,972.18,966.88,961.51,955.82,950.44,945.74,941.11,935.14,928.83,922.73,917.22,912.20,907.63,903.24,898.61,892.89,888.50,884.83,881.23,876.85,871.93,868.27,866.87,868.64,871.00,874.44,878.39,882.66,887.70,892.58,897.52,902.74,908.52,915.26,920.71,925.06,928.71,931.35,934.11,937.06,940.07,942.85,945.78,949.06,952.58,955.97,958.64,960.46,962.58,965.68,969.02,972.49,975.78,978.52,979.92,980.40,979.47,977.17,973.67,970.60,966.57,962.21,957.75,952.79,947.06,940.19,932.31,923.64,914.98,906.50,899.03,893.57,890.80,892.24,895.21,898.84,903.55,908.40,912.86,916.76,920.06,923.04,925.02,926.25,926.72,926.20,925.13,923.99,923.22,923.57,925.81,929.45,933.43,936.71,938.01,938.32,938.29,938.32,938.95,940.71,943.16,945.65,947.79,950.73,953.98,956.86,958.95,960.11,960.82,962.17,964.72,969.14,974.81,981.98,989.42,996.33,1003.18,1008.94,1014.01,1018.38,1021.58,1024.03,1024.46,1023.30,1020.99,1017.04,1010.94,1005.01,1000.24,995.77,991.86,988.49,985.45,982.35,978.78,975.00,971.15,967.27,963.24,959.22,954.90,950.32,945.93,941.35,936.32,930.88,925.09,919.13,913.01,906.08,898.38,891.65,885.73,882.83,883.48,887.83,892.27,896.36,900.22,903.87,906.89,909.53,911.94,914.20,916.52,919.39,923.57,928.28,932.45,936.93,940.92,943.93,945.54,945.65,944.48,942.51,940.08,937.54,935.29,935.46,938.20,943.40,949.06,954.17,959.32,964.96,971.38,977.71,984.35
907.75,906.19,904.41,902.50,901.06,900.04,899.28,898.30,897.05,895.79,894.50,893.04,891.54,890.03,888.85,888.17,887.39,888.05,890.43,894.35,899.17,905.32,911.16,916.42,921.13,925.02,928.50,931.64,934.45,937.23,940.44,944.78,949.93,954.95,959.41,963.63,967.75,971.85,975.98,980.39,984.97,989.64,994.26,998.47,1002.98,1007.76,1012.52,1017.29,1021.20,1024.50,1027.42,1030.32,1033.01,1035.38,1036.67,1035.28,1032.96,1029.28,1024.08,1017.42,1011.45,1004.93,998.90,993.69,988.68,983.49,978.20,972.86,967.43,962.06,956.29,950.82,946.06,941.52,935.80,929.64,923.51,917.87,912.79,908.08,903.54,898.87,893.37,888.98,885.21,881.49,876.93,871.97,868.66,867.58,869.11,871.77,875.73,880.27,885.07,890.27,895.16,900.65,906.98,913.92,920.67,926.26,930.76,934.20,936.34,938.56,941.09,943.89,946.63,949.94,953.57,957.24,960.56,963.12,965.07,967.35,970.47,973.86,977.32,980.33,982.51,983.40,983.22,981.26,977.72,973.02,969.37,965.11,960.62,956.07,951.12,945.39,938.51,930.73,922.41,913.81,905.75,899.04,894.67,893.50,895.34,898.65,902.89,907.95,912.77,917.22,921.35,925.12,928.40,930.78,932.35,932.97,932.42,931.50,930.67,930.36,931.33,933.94,937.72,941.61,944.57,945.71,946.03,945.72,945.30,946.01,947.26,949.55,952.24,954.79,958.15,961.76,964.87,966.96,967.82,967.88,968.52,970.33,973.94,979.04,985.64,992.79,999.83,1006.66,1012.01,1016.67,1020.82,1024.01,1026.35,1026.73,1025.68,1023.82,1020.76,1015.60,1009.98,1004.86,1000.40,996.54,993.09,989.86,986.58,982.95,979.10,975.21,971.33,967.15,962.87,958.34,953.60,948.86,944.24,939.30,934.06,928.58,922.96,916.97,910.17,902.63,895.84,890.21,887.33,887.79,892.20,896.86,901.25,905.34,909.10,912.37,914.89,917.01,919.11,921.83,924.91,928.71,932.76,936.47,940.70,944.66,947.57,948.94,948.97,947.82,945.86,943.40,940.76,938.43,938.28,940.50,945.11,950.50,956.10,962.02,968.20,974.13,980.20,986.57
911.22,909.79,908.37,906.98,906.01,905.26,904.55,903.68,902.47,901.17,899.75,898.00,896.25,894.52,893.12,892.14,890.85,890.40,891.79,895.14,899.82,906.31,912.42,917.77,922.39,926.37,929.82,932.91,935.68,938.46,942.04,946.41,951.43,956.80,961.43,965.85,970.41,975.23,979.81,984.04,988.21,992.29,996.05,1000.09,1004.80,1010.01,1015.33,1019.96,1023.38,1026.36,1029.30,1032.17,1035.01,1037.38,1038.44,1036.65,1034.11,1030.58,1025.53,1018.70,1012.51,1005.72,999.50,994.28,989.51,984.46,979.18,973.75,968.24,962.88,957.16,951.70,946.90,942.41,936.84,930.72,924.54,918.83,913.69,908.83,904.09,899.34,894.14,889.74,885.81,881.92,877.24,872.28,869.23,868.29,869.45,872.45,877.02,882.21,887.51,892.70,897.69,903.89,911.43,919.35,925.73,931.41,936.20,939.38,941.08,942.73,944.87,947.57,950.52,954.35,958.29,961.94,964.96,967.33,969.55,972.04,975.06,978.40,981.72,984.24,985.82,986.43,985.35,982.36,977.85,972.37,968.08,963.60,958.99,954.31,949.39,943.76,937.01,929.34,921.09,912.54,904.98,899.06,895.78,896.28,898.58,902.35,907.16,912.13,916.69,921.28,925.84,930.04,933.57,936.58,938.70,939.55,939.05,938.35,937.94,938.18,939.75,942.49,945.96,949.35,951.92,953.21,953.94,953.67,952.96,953.61,954.48,956.73,959.71,962.59,966.03,969.37,972.10,973.93,974.85,974.78,975.00,976.11,978.79,983.48,989.57,996.53,1003.96,1010.60,1015.34,1019.50,1023.54,1027.10,1029.19,1029.47,1028.50,1026.64,1023.73,1019.74,1014.83,1009.41,1004.97,1001.31,997.80,994.25,990.62,986.84,982.78,978.67,974.65,970.42,965.88,961.27,956.61,951.69,946.99,942.12,937.09,932.04,927.02,921.23,914.61,907.23,899.73,894.39,891.81,892.33,896.83,901.80,906.58,910.90,914.61,917.91,920.24,922.03,923.89,926.90,930.07,933.37,936.77,940.32,944.32,948.20,951.03,952.23,952.13,951.05,949.16,946.67,943.93,941.57,940.93,942.56,946.86,952.03,958.20,964.80,971.22,976.51,982.48,988.59
915.20,913.91,912.61,911.55,910.78,910.14,909.51,908.70,907.58,906.28,904.82,903.09,901.27,899.65,898.50,897.86,896.80,895.67,895.74,897.54,901.25,907.25,913.23,918.60,923.26,927.41,930.79,933.78,936.61,939.48,943.35,947.54,952.23,958.20,963.37,968.23,973.13,978.05,982.15,986.25,990.29,994.12,997.74,1002.18,1007.21,1012.65,1018.13,1022.08,1025.23,1028.21,1031.22,1034.14,1037.01,1039.21,1040.06,1038.34,1035.44,1031.81,1026.89,1020.24,1013.93,1007.05,1000.69,995.31,990.63,985.58,980.31,974.94,969.53,964.15,958.46,953.29,949.01,944.59,938.70,932.23,925.82,920.09,914.95,910.05,905.17,900.21,895.18,890.58,886.32,882.24,877.95,873.42,870.31,869.00,869.98,873.84,879.04,884.65,890.19,895.17,900.70,907.75,915.81,923.10,929.44,935.37,940.32,943.39,944.95,946.55,948.87,952.03,955.57,959.38,963.02,966.39,969.38,971.72,974.04,976.56,979.43,982.67,985.45,987.70,989.35,989.86,987.65,983.41,977.93,971.88,967.01,962.22,957.44,952.67,947.71,942.13,935.52,928.01,919.77,911.48,904.39,899.39,897.48,898.72,901.92,906.12,910.90,915.83,920.50,925.17,929.73,933.91,937.77,942.14,945.41,946.75,946.83,946.63,946.52,946.71,947.58,949.64,952.42,955.72,959.20,961.43,962.85,963.66,964.01,964.12,964.21,964.97,966.50,968.98,972.60,976.19,978.90,980.44,981.38,981.15,980.94,981.52,983.91,988.15,993.90,1000.85,1008.47,1014.51,1019.10,1023.27,1027.39,1031.22,1033.36,1033.60,1032.25,1029.48,1026.37,1022.75,1018.50,1013.73,1009.30,1005.48,1001.82,998.14,994.34,990.42,986.38,982.08,977.50,973.17,968.49,963.79,959.16,954.44,949.71,944.83,940.00,935.52,931.35,926.39,920.23,912.67,904.30,898.35,895.91,897.13,902.23,907.69,912.80,917.12,920.37,923.09,924.97,926.54,928.32,931.01,933.95,937.18,940.69,944.44,948.18,951.48,953.94,955.18,955.04,953.96,952.12,949.75,947.20,945.06,943.63,944.23,948.19,953.57,960.10,966.81,973.04,978.19,984.34,990.30
919.46,918.17,916.90,915.95,915.25,914.63,914.02,913.27,912.18,910.90,909.47,907.84,906.10,904.55,903.45,902.83,901.89,900.63,900.01,900.59,903.02,908.13,913.88,919.31,923.99,928.30,931.72,934.71,937.54,940.39,944.17,948.14,952.74,959.28,965.03,970.48,975.68,980.35,984.04,988.00,991.96,995.76,999.57,1004.50,1009.76,1015.14,1020.39,1023.95,1027.05,1030.11,1033.22,1036.20,1038.92,1040.94,1041.64,1039.88,1036.89,1033.05,1028.09,1021.71,1015.43,1008.68,1002.18,996.47,991.89,986.90,981.62,976.22,970.86,965.44,959.91,955.07,951.18,946.92,940.84,934.03,927.38,921.85,916.71,911.64,906.45,901.11,896.11,891.35,886.88,882.74,878.71,874.62,871.49,869.98,871.25,875.64,881.35,887.23,892.72,897.64,903.75,911.35,919.48,926.07,932.49,938.51,943.57,946.96,949.18,951.37,954.08,957.43,961.05,964.73,968.14,971.29,974.19,976.74,979.15,981.60,984.22,987.17,989.67,991.86,993.29,992.62,989.46,984.32,978.06,971.51,966.15,961.11,956.16,951.26,946.29,940.78,934.27,926.78,918.48,910.65,904.48,900.60,899.84,901.89,905.80,910.41,915.15,919.65,924.14,928.76,933.30,937.58,942.08,946.94,950.63,952.41,953.06,953.31,953.43,953.55,953.91,955.43,957.96,961.45,965.61,968.71,970.66,972.06,972.97,973.00,973.01,973.22,974.12,976.35,979.63,982.96,985.42,986.72,987.46,987.08,986.63,986.91,989.06,993.06,998.49,1004.98,1012.10,1017.86,1022.47,1026.89,1031.34,1035.31,1037.26,1037.38,1035.84,1032.49,1028.71,1024.98,1021.14,1017.06,1012.86,1008.89,1005.11,1001.39,997.56,993.60,989.63,985.34,980.60,976.22,971.27,966.36,961.69,957.12,952.51,947.93,943.46,939.29,935.55,931.18,925.57,918.26,909.57,902.94,900.70,902.73,908.07,913.69,918.87,923.01,925.71,927.80,929.27,930.66,932.34,934.74,937.66,941.02,944.70,948.52,952.08,954.95,957.08,958.23,958.10,956.97,955.05,952.63,950.09,947.88,946.02,946.03,949.53,955.12,961.74,968.33,974.38,979.74,986.04,991.87
924.00,922.53,921.20,920.18,919.41,918.73,918.06,917.38,916.26,914.97,913.61,912.16,910.60,909.06,907.71,906.66,905.62,904.79,904.24,904.15,905.09,909.00,914.41,919.96,924.59,929.05,932.65,935.73,938.51,941.21,944.48,948.21,953.00,960.08,966.42,972.56,977.98,982.11,985.62,989.42,993.34,997.32,1001.62,1007.03,1012.37,1017.41,1022.05,1025.61,1028.87,1032.10,1035.30,1038.33,1040.73,1042.55,1043.19,1041.20,1038.44,1034.33,1029.12,1023.08,1016.97,1010.58,1003.98,997.74,993.25,988.45,983.14,977.60,972.19,966.71,961.49,956.94,953.17,949.16,943.13,936.12,929.30,924.13,918.97,913.61,907.92,902.03,896.88,891.99,887.52,883.48,879.49,875.79,872.70,871.28,873.37,877.86,883.90,889.88,895.03,900.13,906.73,914.46,922.26,928.34,934.91,940.86,945.97,950.18,953.89,957.29,960.55,963.71,966.79,970.32,973.71,976.76,979.51,982.44,984.99,987.29,989.52,992.00,994.58,996.81,997.56,994.52,990.66,985.06,978.29,971.29,965.54,960.33,955.21,950.12,945.20,939.80,933.29,925.64,917.21,910.09,905.29,902.76,902.93,906.01,910.36,915.24,919.99,923.65,927.62,932.04,936.58,941.12,946.52,950.77,953.96,956.14,957.28,957.89,958.18,958.32,958.58,959.84,962.72,966.66,971.04,974.74,976.99,978.28,978.99,979.57,980.36,981.31,982.73,985.01,987.36,989.74,991.65,992.77,993.09,992.58,992.13,992.37,994.25,998.19,1003.22,1008.74,1014.56,1020.44,1025.24,1030.11,1035.13,1039.02,1040.45,1040.40,1038.95,1035.51,1030.66,1026.42,1022.69,1019.20,1015.48,1011.46,1007.62,1003.98,1000.23,996.37,992.50,988.43,984.05,979.70,974.37,969.11,964.30,959.75,955.45,951.49,947.59,943.45,939.63,935.44,930.35,923.80,915.48,908.32,906.35,909.17,914.31,919.69,924.57,928.32,930.45,931.96,933.16,934.39,935.94,938.22,941.40,945.03,948.81,952.50,955.95,958.65,960.53,961.45,961.38,960.16,958.04,955.34,952.54,949.89,948.07,948.03,950.98,956.64,963.06,969.36,975.33,981.22,987.60,993.28
928.64,927.12,925.73,924.78,924.00,923.26,922.52,921.71,920.43,918.99,917.49,915.94,914.39,912.96,911.67,910.55,909.65,908.72,907.87,907.26,907.46,910.42,915.25,920.60,925.24,929.63,933.26,936.54,939.59,942.26,945.11,948.47,953.23,960.99,968.19,974.74,980.07,983.69,987.06,991.01,995.08,999.28,1004.26,1009.58,1014.79,1019.62,1023.74,1027.31,1030.77,1034.18,1037.46,1040.33,1042.41,1044.09,1044.67,1042.42,1039.83,1035.67,1030.42,1024.62,1018.69,1012.74,1006.18,999.52,994.75,990.08,984.88,979.35,973.83,968.16,962.86,958.28,954.49,950.58,944.89,938.42,931.97,926.37,921.08,915.64,909.82,903.61,897.84,892.73,888.22,884.18,880.21,876.87,874.07,872.95,875.58,880.40,886.42,892.19,897.24,902.84,909.36,916.69,924.10,930.19,936.90,942.93,948.32,953.28,957.73,961.46,964.85,968.17,971.75,975.42,979.01,982.42,985.50,988.31,990.56,992.69,995.02,997.50,999.46,1000.49,999.89,996.22,991.55,985.63,978.81,971.62,965.61,960.08,954.67,949.41,944.51,939.05,932.38,924.41,915.57,909.48,905.57,904.35,906.52,910.67,915.24,919.60,923.53,926.96,930.95,935.31,939.77,944.21,949.08,953.08,956.51,959.40,961.33,962.34,962.82,963.04,963.38,964.56,968.01,972.49,976.84,980.10,982.40,984.14,985.54,986.77,987.88,989.03,990.56,992.70,994.58,996.28,997.69,998.56,998.70,998.57,998.42,998.62,999.92,1002.94,1006.81,1011.29,1016.40,1021.84,1026.74,1032.01,1037.23,1040.28,1041.36,1041.15,1039.72,1036.47,1031.41,1027.34,1023.86,1020.54,1017.21,1013.51,1010.03,1006.66,1002.86,998.98,995.27,991.52,987.50,983.19,978.34,973.08,967.75,963.12,958.84,955.23,951.93,948.44,944.79,940.20,934.68,928.08,920.30,913.83,912.16,915.08,920.57,925.62,929.54,932.41,934.27,935.63,936.81,938.20,940.04,942.49,945.64,949.09,952.67,956.27,959.56,962.02,963.75,964.69,964.66,963.50,961.33,958.47,955.43,952.54,950.52,950.33,953.00,957.75,963.79,970.08,976.25,982.38,988.74,994.35
933.37,932.07,930.81,929.83,929.02,928.20,927.29,926.22,924.68,923.02,921.35,919.64,918.06,916.73,915.59,914.61,913.92,912.88,911.75,910.75,910.33,912.15,916.20,921.21,925.85,930.14,933.82,937.29,940.63,943.35,945.89,948.99,953.76,962.00,969.99,976.77,981.87,985.11,988.42,992.69,997.06,1001.51,1006.88,1011.97,1016.99,1021.65,1025.44,1029.09,1032.76,1036.34,1039.64,1042.34,1044.24,1045.75,1046.15,1043.67,1041.17,1037.06,1031.88,1026.25,1020.49,1014.90,1008.53,1001.68,996.33,991.68,986.64,981.16,975.50,969.56,964.16,959.53,955.64,951.72,946.37,940.54,934.58,928.51,923.12,917.67,911.85,905.46,898.85,893.49,888.94,884.87,880.94,877.91,875.42,874.62,877.69,883.01,888.88,894.38,899.45,905.54,911.87,918.70,925.71,931.99,938.76,944.81,950.49,956.18,961.10,965.01,968.57,972.23,976.43,980.32,984.12,987.82,991.17,993.86,995.88,997.96,1000.48,1002.85,1003.85,1003.36,1001.35,997.56,992.17,986.02,979.33,972.25,965.99,960.08,954.36,948.92,944.02,938.45,931.57,923.27,914.07,908.99,906.09,906.26,910.34,915.31,919.83,923.55,926.74,930.25,934.32,938.55,942.80,947.03,951.12,954.99,958.91,962.68,965.28,966.67,967.40,967.80,968.27,969.54,973.35,978.08,982.21,985.07,987.57,989.93,992.11,993.77,995.04,996.25,997.71,999.61,1001.16,1002.38,1003.40,1004.15,1004.40,1004.76,1005.00,1005.23,1005.98,1007.90,1010.50,1013.88,1018.22,1022.77,1027.50,1032.85,1037.98,1040.31,1041.22,1040.80,1039.26,1036.36,1031.64,1027.98,1024.81,1021.70,1018.75,1015.48,1012.42,1009.39,1005.66,1001.63,997.93,994.42,990.75,986.64,982.39,977.38,971.81,966.94,962.54,959.11,956.25,953.32,949.88,945.00,939.03,932.14,924.79,919.36,918.19,921.05,926.58,931.06,934.02,936.15,938.00,939.49,940.79,942.38,944.45,946.95,949.90,953.07,956.40,959.89,963.01,965.30,966.97,967.96,967.96,966.88,964.76,961.87,958.62,955.53,953.28,952.74,954.82,958.56,964.26,970.59,976.97,983.34,989.68,995.24
938.29,937.97,937.41,935.99,935.00,933.99,932.63,931.09,929.07,927.11,925.31,923.51,921.87,920.60,919.69,919.15,918.68,917.90,916.89,915.70,914.47,914.40,917.22,921.75,926.29,930.58,934.43,938.09,941.54,944.42,946.89,950.17,955.19,963.23,971.66,978.26,982.98,986.21,989.69,994.53,999.52,1004.25,1008.95,1013.86,1018.68,1023.18,1027.14,1031.06,1034.99,1038.65,1041.83,1044.48,1046.60,1047.82,1047.62,1045.04,1042.44,1038.49,1033.54,1028.05,1022.40,1016.90,1011.03,1004.60,998.07,993.18,988.28,982.89,976.96,970.62,965.37,960.90,956.86,952.71,947.42,941.94,936.41,930.43,925.05,919.64,913.94,907.61,899.90,894.20,889.63,885.56,881.69,878.83,876.56,876.01,879.44,885.56,891.25,896.45,901.73,908.03,914.30,920.74,927.37,933.95,940.54,946.37,952.20,958.61,963.74,968.13,972.31,976.50,980.80,985.06,988.88,992.26,995.32,998.34,1000.69,1003.06,1005.67,1007.22,1006.79,1004.82,1001.74,997.91,992.23,985.99,979.68,973.38,966.74,960.38,954.36,948.78,943.78,938.07,931.00,922.48,913.25,908.91,907.74,909.56,914.43,919.42,923.28,926.65,930.03,933.95,937.94,941.71,945.44,949.37,953.09,956.90,961.49,966.40,969.05,970.75,971.90,972.70,973.35,975.01,978.46,982.41,985.96,989.47,992.69,995.73,998.31,999.69,1000.98,1002.20,1003.48,1004.94,1006.26,1007.32,1008.32,1009.35,1010.36,1011.20,1011.85,1012.35,1012.81,1013.84,1015.35,1017.54,1020.45,1023.24,1027.03,1031.53,1035.96,1038.59,1039.71,1038.86,1036.93,1034.68,1031.27,1028.19,1025.46,1022.92,1020.37,1017.57,1014.83,1012.13,1008.98,1004.51,1000.39,996.73,993.34,989.90,985.97,981.69,976.98,971.53,966.86,963.32,960.35,957.23,953.89,949.55,943.76,936.51,929.17,924.87,924.69,927.67,931.78,935.11,937.56,939.79,942.21,944.22,945.94,947.64,949.43,951.33,953.81,956.78,959.98,963.21,966.16,968.59,970.38,971.30,971.22,970.24,968.37,965.70,962.35,959.08,956.68,955.32,955.63,958.79,964.42,970.73,977.13,983.88,990.35,995.89
942.27,942.34,941.97,940.99,940.25,939.33,937.97,936.41,934.34,932.27,930.19,927.87,925.98,924.72,923.95,923.54,923.14,922.51,921.61,920.32,918.48,917.24,918.77,922.28,926.45,930.88,935.05,938.93,942.46,945.61,948.17,951.56,956.77,965.01,973.64,979.76,983.99,987.35,991.32,996.51,1001.66,1006.34,1010.89,1015.66,1020.37,1024.90,1029.19,1033.43,1037.44,1041.01,1044.04,1046.76,1048.67,1049.46,1048.92,1046.56,1043.64,1039.69,1035.01,1029.86,1024.41,1018.79,1013.14,1007.07,999.78,994.68,989.88,984.65,978.63,971.79,966.62,962.33,958.13,953.36,948.03,942.79,937.53,931.72,926.26,920.82,915.25,909.05,900.62,894.60,889.94,885.88,882.18,879.50,877.75,877.93,881.98,888.08,893.46,898.46,903.77,910.07,916.52,922.79,929.16,936.24,942.29,947.96,954.03,960.80,966.48,971.05,975.36,979.78,984.35,988.75,992.65,996.13,999.42,1002.91,1005.47,1007.68,1009.73,1010.61,1009.20,1006.31,1002.56,998.30,992.18,985.74,979.63,973.90,967.32,960.70,954.47,948.84,943.74,937.79,930.52,922.07,913.45,909.56,909.92,913.21,918.56,923.53,927.26,930.69,934.23,937.91,941.52,944.96,948.34,951.79,955.23,959.72,964.90,969.92,972.73,974.72,976.19,977.30,978.30,980.05,983.04,986.63,990.38,994.31,997.57,1000.48,1002.97,1004.53,1005.98,1007.44,1008.88,1010.30,1011.78,1013.15,1014.44,1015.68,1016.95,1018.10,1018.89,1019.40,1019.86,1020.48,1021.35,1022.61,1024.26,1025.61,1028.09,1031.19,1034.47,1037.34,1038.49,1037.47,1035.41,1033.45,1031.29,1029.21,1027.15,1025.04,1022.87,1020.30,1017.56,1014.79,1011.94,1008.09,1003.95,999.84,996.00,992.75,989.17,985.45,981.47,976.66,971.83,967.62,964.01,960.84,957.59,953.44,947.88,940.84,933.97,930.50,930.69,933.37,936.56,939.18,941.50,943.92,946.59,948.80,950.67,952.39,954.04,955.68,957.82,960.38,963.29,966.46,969.34,971.78,973.59,974.53,974.56,973.69,972.14,969.89,966.72,963.26,960.37,958.22,957.46,959.78,964.91,970.89,977.18,984.18,990.84,996.47
945.74,945.92,945.53,945.38,945.03,944.33,943.21,941.85,940.00,937.95,935.62,932.74,930.52,929.15,928.35,927.90,927.48,926.88,926.04,924.74,922.50,920.55,920.74,922.87,926.54,931.09,935.65,939.79,943.39,946.82,949.63,953.12,958.46,967.13,975.70,981.23,984.97,988.53,993.23,998.61,1003.60,1008.08,1012.74,1017.39,1022.07,1026.77,1031.44,1035.97,1039.95,1043.37,1046.27,1048.98,1050.46,1050.78,1050.05,1048.05,1044.72,1040.72,1036.34,1031.63,1026.45,1020.60,1014.98,1009.22,1001.62,996.23,991.44,986.37,980.31,973.04,967.85,963.70,959.40,953.89,948.41,943.26,938.18,932.54,926.99,921.49,916.02,909.99,901.12,894.83,890.03,886.01,882.58,880.08,879.01,880.19,884.90,890.53,895.58,900.46,905.77,912.10,918.73,924.97,931.23,938.69,944.05,949.65,956.00,962.92,969.14,973.70,977.90,982.44,987.37,991.80,995.83,999.63,1003.35,1007.30,1010.02,1011.92,1013.20,1013.44,1011.30,1007.81,1003.57,998.75,992.06,985.34,979.28,973.92,967.60,960.89,954.59,949.00,943.79,937.57,930.12,921.95,914.40,910.86,912.51,917.02,922.70,927.71,931.62,935.28,938.85,941.98,945.09,948.24,951.34,954.32,957.63,963.11,968.75,973.30,976.44,978.78,980.50,981.88,983.23,984.86,987.36,990.76,994.98,999.07,1002.05,1004.52,1006.76,1008.73,1010.47,1012.29,1014.10,1015.75,1017.57,1019.43,1021.11,1022.51,1023.80,1025.13,1025.91,1026.31,1026.85,1027.33,1027.80,1028.33,1028.88,1029.11,1030.15,1031.61,1033.58,1036.45,1037.45,1036.48,1034.53,1032.77,1031.68,1030.68,1029.36,1027.64,1025.87,1023.50,1020.65,1017.63,1014.86,1011.97,1007.99,1003.37,998.81,995.40,992.12,988.82,985.47,981.83,977.04,972.08,967.64,964.27,961.06,956.96,951.60,945.11,939.00,936.22,936.51,938.70,941.13,943.26,945.63,948.26,950.97,953.16,955.07,956.80,958.42,959.98,961.82,963.92,966.44,969.63,972.50,974.89,976.65,977.59,977.80,977.09,975.90,974.17,971.29,967.74,964.35,961.57,960.16,961.49,965.77,971.16,977.20,984.35,991.22,996.97
949.30,949.79,949.79,949.80,949.47,948.86,947.94,946.63,945.04,943.25,941.23,938.89,936.43,934.40,933.09,932.56,931.98,931.21,930.30,929.04,926.93,924.79,923.38,923.75,927.12,931.29,936.15,940.63,944.28,947.86,951.21,954.89,960.21,969.27,977.37,982.44,985.96,989.74,995.59,1000.84,1005.47,1009.80,1014.40,1018.99,1023.88,1028.91,1033.76,1038.28,1042.14,1045.58,1048.49,1050.42,1051.63,1051.76,1050.86,1048.97,1045.46,1041.56,1037.52,1033.24,1028.47,1022.36,1016.54,1011.03,1004.04,998.11,992.95,987.76,981.50,974.29,968.87,964.61,960.46,954.82,948.84,943.38,938.28,932.74,927.22,921.73,916.29,910.34,901.53,895.04,890.10,886.20,883.28,880.84,880.52,882.70,887.58,892.68,897.59,902.59,908.23,915.30,921.56,927.75,934.29,941.05,945.96,951.68,958.40,965.47,971.17,975.52,979.91,984.86,990.02,994.65,998.81,1002.74,1006.68,1010.49,1013.44,1015.61,1016.77,1016.23,1013.26,1009.16,1004.51,999.28,991.95,984.80,978.55,973.16,966.78,960.26,954.34,949.14,943.81,937.40,929.90,922.30,916.40,913.34,915.61,920.77,926.88,932.12,936.43,939.97,942.98,945.82,948.62,951.38,954.16,957.17,960.96,966.85,972.43,976.68,980.50,983.54,985.64,987.10,988.36,989.74,991.89,994.88,998.59,1002.10,1005.10,1007.87,1010.49,1012.80,1014.99,1017.14,1019.29,1021.47,1023.54,1025.53,1027.27,1028.70,1030.16,1031.46,1032.23,1032.59,1032.83,1033.22,1033.36,1033.34,1033.23,1032.97,1032.92,1033.27,1034.27,1036.11,1036.60,1035.97,1034.80,1033.61,1032.85,1032.16,1031.31,1030.22,1029.01,1027.28,1024.71,1021.63,1018.60,1015.43,1011.38,1006.80,1002.15,998.17,994.81,991.78,988.83,985.57,981.58,977.06,972.29,967.69,964.29,960.27,955.19,949.26,944.02,942.06,942.83,944.79,945.80,947.41,949.69,952.28,954.83,956.91,959.01,960.94,962.59,964.00,965.51,967.36,969.67,972.55,975.47,977.80,979.37,980.10,980.30,979.90,979.16,977.84,975.16,972.01,968.96,966.30,964.55,964.74,967.65,971.95,977.38,984.50,991.49,997.38
953.18,953.99,954.38,954.39,954.10,953.59,952.80,951.55,950.19,948.68,947.01,945.12,942.77,940.43,938.58,937.50,936.54,935.50,934.47,933.26,931.26,928.82,926.28,925.29,927.92,931.95,937.00,941.65,945.36,949.00,952.63,956.40,961.72,971.12,978.69,983.46,987.08,991.37,997.86,1002.89,1007.22,1011.44,1015.93,1020.70,1025.88,1031.17,1036.09,1040.42,1044.18,1047.51,1050.17,1051.58,1052.71,1052.63,1051.42,1049.61,1046.12,1042.27,1038.40,1034.43,1030.10,1023.94,1017.96,1012.53,1006.14,999.75,994.30,989.06,982.67,975.51,969.91,965.51,961.46,955.75,949.26,943.46,938.29,932.83,927.37,921.89,916.46,910.57,901.97,895.36,890.36,886.65,884.06,881.96,882.27,885.08,889.97,894.75,899.72,905.04,911.10,918.57,924.66,931.00,937.74,943.63,948.52,954.43,961.20,967.93,972.96,977.20,981.86,987.19,992.45,997.31,1001.61,1005.58,1009.54,1013.22,1016.38,1018.76,1019.82,1018.68,1015.19,1010.55,1005.36,999.67,991.79,984.26,977.75,972.19,965.85,959.63,954.04,949.04,943.70,937.21,929.82,922.74,918.03,915.85,918.79,924.49,930.98,936.47,940.90,944.27,946.93,949.63,952.27,954.77,957.35,960.46,964.77,970.61,976.27,981.00,985.13,988.42,990.78,992.42,993.62,994.86,996.72,999.25,1002.34,1005.30,1008.32,1011.35,1014.29,1016.95,1019.73,1022.25,1024.68,1027.24,1029.51,1031.60,1033.35,1034.79,1036.46,1037.70,1038.49,1038.88,1038.91,1039.19,1039.00,1038.42,1037.61,1036.84,1035.94,1035.43,1035.61,1036.55,1036.63,1036.20,1035.54,1034.81,1034.29,1033.77,1033.17,1032.43,1031.56,1030.34,1028.31,1025.64,1022.67,1019.12,1014.86,1010.32,1005.82,1001.41,997.68,994.59,991.86,988.82,985.40,981.40,976.75,971.63,967.76,963.51,958.60,953.30,949.05,947.96,949.17,951.15,951.84,952.95,954.62,956.64,958.79,960.86,963.13,965.17,966.79,968.10,969.35,970.95,972.98,975.55,978.39,980.46,981.69,982.18,982.40,982.20,981.67,980.58,978.33,975.57,972.83,970.41,968.73,968.36,970.11,973.29,977.99,984.92,991.83,997.73
957.47,958.60,959.28,959.27,959.08,958.68,957.91,956.76,955.57,954.35,952.98,951.21,949.40,947.31,945.04,942.84,941.25,939.78,938.58,937.40,935.37,932.40,929.39,927.65,928.97,933.28,938.35,942.91,946.66,950.30,953.83,957.55,962.98,972.56,979.66,984.28,988.37,993.55,999.94,1004.67,1008.81,1012.95,1017.32,1022.57,1028.10,1033.51,1038.37,1042.38,1046.07,1049.10,1051.16,1052.53,1053.81,1053.43,1051.72,1050.00,1046.71,1042.85,1038.92,1035.11,1031.20,1025.25,1019.22,1013.67,1007.66,1000.97,995.42,990.28,983.89,976.71,970.99,966.48,962.37,956.60,949.67,943.55,938.33,932.92,927.50,922.04,916.60,910.75,902.46,895.83,890.91,887.42,884.87,883.51,884.32,887.23,892.03,896.77,902.02,907.85,914.38,921.67,928.04,934.76,941.49,946.52,951.93,958.06,964.41,970.23,974.60,978.89,983.86,989.46,994.67,999.74,1004.18,1008.15,1011.96,1015.61,1018.87,1021.29,1022.15,1020.65,1017.04,1011.98,1006.08,999.85,991.59,983.76,976.95,971.07,964.97,959.14,953.71,948.63,943.42,936.99,929.88,923.21,918.99,918.22,922.03,928.21,935.01,940.69,944.83,948.02,950.72,953.42,956.07,958.52,961.07,964.30,969.06,974.39,980.39,986.48,990.33,993.24,995.69,997.68,998.99,1000.24,1001.86,1003.93,1006.47,1009.10,1012.07,1015.16,1018.24,1021.31,1024.76,1027.70,1030.34,1033.05,1035.46,1037.66,1039.44,1040.89,1042.75,1043.95,1044.77,1045.25,1045.26,1045.41,1044.86,1043.70,1042.14,1040.71,1039.22,1038.05,1037.52,1037.89,1037.80,1037.33,1036.73,1036.21,1035.96,1035.55,1034.95,1034.18,1033.33,1032.36,1031.09,1029.41,1026.94,1023.18,1018.57,1013.97,1009.77,1005.23,1000.86,997.31,994.57,991.70,988.39,984.73,980.71,976.19,971.56,966.72,961.81,957.24,954.12,953.95,955.51,957.76,959.59,960.21,960.68,961.50,962.99,965.22,967.59,969.57,971.08,972.32,973.47,974.75,976.41,978.72,981.27,982.81,983.55,983.80,984.12,983.94,983.28,982.22,980.68,978.22,975.60,973.46,972.36,972.17,973.14,975.29,979.15,985.70,992.27,998.02
961.75,963.55,964.86,965.21,965.00,964.20,962.88,961.74,960.59,959.50,958.40,957.13,955.81,954.15,952.21,950.00,947.67,945.36,943.45,941.81,939.52,936.29,932.73,930.19,930.81,935.43,940.07,944.17,947.85,951.62,955.03,959.17,965.12,974.07,980.70,985.31,989.90,995.80,1001.62,1006.16,1010.27,1014.39,1018.73,1024.45,1030.11,1035.33,1040.03,1044.08,1047.69,1050.54,1052.40,1053.72,1054.89,1054.34,1052.38,1050.43,1047.24,1043.19,1039.06,1035.37,1031.74,1025.95,1019.85,1014.15,1008.36,1001.63,996.08,991.03,984.80,977.75,972.08,967.35,962.86,957.35,950.30,943.99,938.71,933.45,928.10,922.53,916.91,911.01,903.15,896.61,891.58,887.95,885.49,885.04,886.39,889.38,894.06,898.88,904.33,910.24,916.68,924.23,931.73,938.60,944.63,949.84,956.03,961.95,967.48,972.64,977.03,981.29,986.18,991.73,996.99,1002.05,1006.65,1010.88,1014.87,1018.38,1021.21,1023.25,1023.87,1021.86,1018.10,1012.70,1006.30,1000.02,991.99,983.93,976.41,969.75,964.10,958.55,953.21,948.13,943.00,936.61,929.78,923.69,920.38,921.40,926.01,932.46,939.43,944.74,948.44,951.48,954.29,957.07,959.83,962.43,965.18,968.63,973.35,979.56,985.62,990.54,993.85,996.65,999.37,1001.80,1003.45,1004.99,1006.74,1008.79,1011.16,1013.60,1016.50,1019.86,1023.44,1026.83,1030.31,1033.32,1036.12,1039.03,1041.56,1043.80,1045.62,1047.07,1048.66,1049.67,1050.36,1050.72,1050.51,1050.47,1049.87,1048.75,1047.23,1045.61,1043.56,1041.59,1040.08,1039.46,1039.03,1038.60,1038.18,1037.86,1037.68,1037.31,1036.71,1035.92,1035.07,1034.16,1033.07,1031.69,1029.81,1027.11,1022.57,1017.59,1013.27,1008.84,1004.22,1000.19,996.96,994.06,990.85,987.38,983.64,979.46,974.75,969.91,965.29,961.47,959.72,960.45,962.43,964.72,966.25,966.43,966.26,966.52,967.75,969.71,971.84,973.75,975.30,976.44,977.63,978.85,980.18,981.84,984.06,985.15,985.52,985.60,985.86,985.62,984.94,983.90,982.43,980.36,978.17,976.47,975.80,975.95,976.65,977.95,980.63,986.30,992.59,998.32
965.86,968.17,969.94,970.62,970.49,969.43,967.67,966.68,965.46,964.34,963.42,962.65,961.72,960.49,959.01,957.12,954.39,951.45,948.80,946.40,943.61,940.24,936.39,933.41,933.55,937.85,941.78,945.33,948.98,952.91,956.29,960.85,967.28,975.59,981.75,986.44,991.54,997.98,1003.17,1007.56,1011.72,1015.85,1020.27,1026.34,1031.95,1036.89,1041.52,1045.70,1049.18,1051.89,1053.75,1055.01,1055.93,1055.19,1053.09,1050.88,1047.72,1043.44,1039.10,1035.50,1032.02,1026.35,1020.14,1014.21,1008.50,1001.90,996.43,991.48,985.44,978.71,973.26,968.38,963.43,958.04,951.03,944.66,939.32,934.24,929.03,923.38,917.60,911.65,904.17,897.66,892.37,888.43,886.14,886.51,888.41,891.51,896.09,900.99,906.55,912.33,918.48,926.33,934.95,941.95,947.40,953.24,960.06,965.75,970.63,975.37,979.82,983.95,988.64,994.09,999.48,1004.61,1009.39,1013.88,1018.01,1021.39,1023.76,1025.26,1025.40,1022.93,1018.87,1013.11,1006.36,1000.16,992.56,984.38,976.18,968.72,963.49,958.14,952.77,947.61,942.55,936.11,929.67,924.36,922.10,924.64,930.15,936.91,943.70,948.43,951.74,954.71,957.70,960.69,963.58,966.49,969.70,973.63,978.40,985.04,990.60,993.95,996.80,999.65,1002.67,1005.51,1007.58,1009.42,1011.37,1013.55,1015.99,1018.53,1021.52,1025.12,1029.08,1032.65,1036.06,1039.12,1042.06,1045.05,1047.64,1049.86,1051.70,1053.19,1054.58,1055.36,1055.83,1055.93,1055.38,1054.99,1054.34,1053.37,1052.08,1050.44,1048.09,1045.58,1043.29,1041.76,1040.95,1040.49,1040.18,1039.96,1039.73,1039.26,1038.57,1037.70,1036.82,1035.89,1034.78,1033.49,1032.08,1030.48,1026.33,1021.19,1016.55,1012.26,1007.59,1003.20,999.42,996.32,993.17,989.82,986.22,982.26,977.79,973.22,969.09,966.18,965.85,967.38,969.57,971.62,972.48,972.21,971.61,971.54,972.62,974.25,976.15,978.03,979.67,980.78,982.05,983.24,984.27,985.25,986.94,987.58,987.63,987.57,987.69,987.33,986.66,985.66,984.07,982.37,980.65,979.38,979.05,979.42,979.95,980.59,982.19,986.85,992.86,998.64
969.43,971.41,972.82,973.42,973.80,973.34,972.08,971.68,970.19,968.71,967.65,967.04,966.29,965.26,964.03,962.55,960.52,958.03,954.96,951.33,947.45,944.08,940.92,938.61,938.39,940.43,943.09,946.22,949.95,954.12,957.69,962.32,968.75,977.08,982.76,987.66,993.29,999.92,1004.61,1008.94,1013.17,1017.43,1022.18,1028.25,1033.48,1038.10,1042.99,1047.29,1050.53,1053.14,1055.23,1056.48,1056.83,1055.73,1053.58,1051.31,1048.06,1043.63,1039.16,1035.55,1032.00,1026.40,1019.98,1013.51,1007.61,1001.48,996.26,991.34,985.53,979.54,974.72,970.04,964.68,958.65,951.90,945.73,940.35,935.43,930.56,925.04,919.27,913.40,906.10,899.27,893.39,888.99,887.08,887.85,890.22,893.65,898.11,903.04,908.44,913.85,919.54,927.46,936.42,943.64,949.48,956.49,963.29,969.02,974.15,979.03,983.00,986.82,991.32,996.72,1002.43,1008.05,1013.11,1017.59,1021.47,1024.81,1027.11,1027.99,1026.96,1024.18,1019.45,1013.23,1006.38,1000.28,993.16,985.15,976.74,968.83,963.69,958.34,952.73,947.20,942.09,935.43,929.60,925.60,924.53,927.36,934.15,941.49,947.08,951.19,954.41,957.50,960.78,964.33,967.36,970.92,975.20,980.25,985.82,990.27,993.75,996.57,999.43,1002.60,1005.89,1008.99,1011.41,1013.43,1015.46,1017.83,1020.78,1024.17,1027.74,1031.39,1035.02,1038.43,1041.96,1045.33,1048.40,1051.06,1053.52,1055.54,1057.33,1059.07,1060.82,1061.46,1061.51,1061.10,1060.03,1058.84,1057.84,1056.84,1055.62,1054.16,1052.34,1050.21,1048.01,1046.21,1044.96,1044.23,1043.75,1043.29,1042.74,1041.90,1040.81,1039.57,1038.58,1037.60,1036.41,1035.06,1033.71,1032.17,1029.12,1024.74,1019.55,1015.25,1010.82,1006.44,1002.35,998.78,995.54,992.19,988.59,984.72,980.84,976.91,973.70,972.13,973.16,975.16,976.93,978.07,978.33,977.55,976.66,976.38,977.25,978.87,980.83,982.80,984.58,985.95,987.27,988.32,989.07,989.60,990.21,990.29,990.12,989.88,989.74,989.21,988.55,987.62,985.92,984.40,982.96,981.98,981.84,981.94,982.18,982.57,983.75,987.36,993.04,998.99
972.29,974.17,975.50,976.24,976.86,976.97,976.54,976.48,975.52,974.44,973.48,972.56,971.50,970.22,968.81,967.27,965.45,963.11,960.11,956.44,952.27,948.09,944.72,942.52,941.99,942.77,944.59,947.32,951.00,955.28,959.30,964.02,970.24,978.47,984.00,989.31,995.22,1001.49,1006.00,1010.35,1014.64,1019.06,1024.17,1029.82,1034.67,1039.26,1044.43,1048.71,1051.77,1054.33,1056.58,1057.96,1057.91,1056.50,1054.25,1051.85,1048.41,1043.80,1039.18,1035.46,1031.83,1026.22,1019.59,1012.73,1006.54,1000.73,995.76,991.06,985.71,980.04,975.57,971.12,965.71,959.22,952.83,946.98,941.70,936.82,932.13,926.82,921.12,915.11,908.12,901.13,894.80,889.97,888.13,888.82,891.55,895.52,900.10,905.11,910.41,915.62,921.02,928.37,937.20,944.61,950.89,958.58,966.00,972.11,977.31,981.97,985.73,989.75,994.44,999.92,1005.99,1011.91,1017.05,1021.40,1025.05,1027.87,1029.83,1030.24,1028.47,1025.06,1019.90,1013.40,1006.43,1000.41,993.69,985.93,977.50,969.36,964.26,958.97,953.26,947.47,942.16,935.03,929.49,926.57,927.09,931.52,938.15,944.56,949.38,953.21,956.47,960.00,963.98,967.96,971.45,975.74,980.72,985.93,990.90,994.23,996.94,999.62,1002.61,1006.02,1009.61,1013.00,1015.67,1017.83,1020.18,1022.96,1026.34,1030.17,1034.00,1037.77,1041.41,1044.78,1048.22,1051.51,1054.57,1057.38,1060.14,1062.33,1064.12,1065.66,1067.15,1067.65,1067.60,1067.09,1065.88,1064.47,1063.09,1061.60,1059.87,1058.10,1056.31,1054.38,1052.38,1050.60,1049.23,1048.27,1047.53,1046.80,1046.03,1044.90,1043.55,1042.13,1040.90,1039.62,1038.23,1036.82,1035.44,1033.62,1030.99,1027.14,1022.04,1017.91,1013.70,1009.48,1005.41,1001.70,998.26,994.81,991.26,987.62,984.09,980.87,978.68,978.26,980.00,982.15,983.64,984.27,983.99,982.95,981.93,981.52,982.17,983.72,985.61,987.49,989.16,990.50,991.84,992.95,993.75,994.19,994.38,994.33,994.11,993.77,993.29,992.43,991.41,990.13,988.23,986.67,985.34,984.51,984.45,984.44,984.54,984.71,985.45,988.21,993.61,999.50
974.71,976.65,978.15,979.15,979.87,980.48,980.96,981.08,981.05,980.74,980.02,978.65,977.09,975.34,973.49,971.60,969.63,967.20,964.49,961.42,957.47,952.33,948.23,945.66,944.81,945.00,946.23,948.59,952.18,956.54,961.00,965.81,971.75,979.78,985.37,991.17,997.20,1002.80,1007.34,1011.74,1016.11,1020.70,1026.12,1031.15,1035.68,1040.39,1045.88,1050.03,1052.97,1055.53,1057.88,1059.38,1059.07,1057.42,1055.03,1052.44,1048.72,1043.94,1039.18,1035.31,1031.61,1025.91,1019.07,1011.88,1005.39,999.79,995.08,990.70,985.86,980.33,975.98,971.73,966.51,959.72,953.77,948.37,943.28,938.40,933.77,928.69,923.08,916.86,910.16,903.05,896.41,891.27,889.29,889.76,892.73,897.20,902.03,907.16,912.45,917.61,922.84,929.36,937.74,945.26,952.00,960.11,968.32,974.86,980.05,984.37,988.19,992.73,997.82,1003.45,1009.83,1015.91,1021.00,1025.18,1028.51,1030.60,1032.08,1032.13,1029.87,1025.69,1020.27,1013.63,1006.55,1000.61,994.19,986.72,978.47,970.31,965.15,959.91,954.19,948.24,942.62,935.02,929.62,927.63,929.94,936.30,941.84,946.56,950.94,954.70,958.16,962.38,967.23,971.52,975.66,980.69,986.05,990.78,994.45,997.44,1000.20,1003.01,1006.20,1009.81,1013.69,1017.41,1020.26,1022.54,1025.33,1028.65,1032.40,1036.41,1040.31,1044.21,1048.03,1051.40,1054.65,1057.69,1060.67,1063.81,1066.98,1069.48,1071.28,1072.42,1073.32,1073.71,1073.76,1073.40,1072.31,1071.04,1069.33,1067.21,1064.77,1062.42,1060.36,1058.45,1056.67,1055.08,1053.76,1052.63,1051.60,1050.62,1049.63,1048.22,1046.65,1045.09,1043.55,1041.87,1040.24,1038.72,1037.24,1034.95,1032.30,1028.80,1024.21,1020.33,1016.39,1012.43,1008.58,1004.95,1001.30,997.74,994.29,990.98,987.68,985.15,983.90,984.37,986.33,988.36,989.66,990.02,989.36,988.26,987.27,986.80,987.25,988.66,990.36,992.02,993.49,994.72,996.15,997.44,998.39,998.87,999.03,999.05,998.93,998.55,997.75,996.51,994.95,993.11,990.96,989.21,987.86,987.06,986.98,986.92,986.96,986.94,987.27,989.37,994.42,1000.09
977.11,979.26,981.14,982.44,983.36,984.19,984.94,985.32,985.45,985.39,984.97,983.82,982.45,980.58,978.35,975.95,973.70,971.04,968.12,964.98,961.45,957.22,952.68,949.01,947.68,947.52,948.06,950.09,953.97,958.49,962.53,967.26,973.29,980.86,986.57,992.69,998.78,1004.00,1008.57,1013.03,1017.52,1022.24,1027.57,1032.29,1036.72,1041.63,1047.46,1051.45,1054.36,1056.93,1059.23,1060.45,1060.04,1058.38,1055.90,1052.88,1048.85,1043.98,1039.24,1035.33,1031.50,1025.66,1018.50,1010.84,1004.25,998.89,994.49,990.30,985.52,980.48,976.18,971.87,966.68,959.96,954.61,949.77,945.05,940.35,935.69,930.75,925.31,919.08,912.08,904.56,897.83,892.88,890.73,891.84,894.72,898.71,903.74,909.01,914.60,919.95,925.11,931.60,939.36,946.64,953.78,962.49,970.22,976.47,981.69,986.30,990.87,995.73,1000.99,1006.78,1013.20,1019.23,1024.36,1028.36,1030.91,1032.81,1033.99,1033.57,1030.79,1026.39,1020.71,1013.95,1006.92,1001.11,994.78,987.61,979.89,972.30,966.58,961.23,955.54,949.45,943.48,936.15,931.26,930.24,934.10,939.43,943.76,947.73,951.91,955.69,959.94,964.98,970.31,974.71,979.49,984.99,990.30,994.32,997.73,1000.80,1003.71,1006.69,1010.15,1014.04,1018.19,1022.15,1025.19,1027.65,1030.84,1034.58,1038.64,1042.91,1046.91,1050.73,1054.35,1057.61,1060.91,1064.07,1067.01,1069.72,1072.45,1074.85,1076.58,1077.58,1078.33,1078.78,1078.88,1078.56,1077.70,1076.66,1075.02,1073.03,1070.80,1068.21,1065.78,1063.61,1061.77,1060.38,1059.04,1057.81,1056.65,1055.49,1054.02,1052.17,1050.07,1047.92,1046.15,1044.38,1042.60,1040.82,1038.96,1036.34,1033.52,1030.26,1026.35,1022.68,1019.13,1015.56,1011.99,1008.50,1004.95,1001.60,998.45,995.44,992.53,990.38,989.38,989.82,991.49,993.04,993.94,994.13,993.64,992.86,992.15,991.80,992.11,993.21,994.63,996.05,997.49,999.27,1001.37,1002.72,1003.30,1003.35,1003.24,1003.20,1003.15,1002.90,1002.07,1000.67,998.88,996.79,994.52,992.43,990.83,989.90,989.71,989.38,989.20,989.07,989.30,991.06,995.28,1000.59
979.57,981.97,984.19,985.75,987.21,988.47,989.38,989.93,990.10,990.11,989.87,989.00,987.87,985.91,983.39,980.60,977.89,974.91,971.61,968.13,964.78,961.38,957.11,953.24,951.61,951.02,950.80,952.26,956.00,960.34,964.04,968.73,974.81,981.92,987.76,994.11,1000.20,1005.12,1009.76,1014.27,1018.85,1023.65,1028.81,1033.40,1037.97,1043.09,1048.99,1052.72,1055.64,1058.22,1060.35,1061.36,1060.81,1059.15,1056.61,1053.16,1048.93,1044.03,1039.29,1035.34,1031.45,1025.48,1018.04,1010.07,1003.42,998.29,994.09,990.04,985.42,980.75,976.45,972.03,966.88,960.38,955.50,951.18,946.88,942.44,937.98,933.08,927.61,921.34,914.02,906.03,899.25,894.60,892.24,893.65,896.36,900.03,905.45,911.14,916.95,922.37,927.62,934.63,941.68,948.70,956.09,964.48,971.57,977.77,983.33,988.35,993.48,998.45,1003.75,1009.67,1016.19,1022.15,1027.13,1030.88,1033.01,1034.90,1035.95,1035.03,1031.53,1027.15,1021.42,1014.61,1007.54,1001.73,995.51,988.64,981.42,974.29,968.15,962.63,956.92,950.84,944.70,938.03,933.88,933.57,937.95,942.04,945.43,948.90,952.89,956.68,961.71,967.36,972.93,977.50,982.94,988.67,993.79,997.53,1000.96,1004.11,1007.13,1010.27,1014.16,1018.55,1022.92,1026.94,1030.22,1033.06,1036.61,1040.68,1044.99,1049.31,1053.22,1056.86,1060.28,1063.51,1066.94,1070.18,1073.04,1075.39,1077.68,1079.82,1081.41,1082.31,1082.88,1083.29,1083.34,1083.02,1082.35,1081.50,1080.09,1078.43,1076.69,1074.36,1071.91,1069.57,1067.54,1066.04,1064.49,1063.05,1061.68,1060.23,1058.43,1056.35,1053.93,1051.28,1048.96,1046.87,1044.89,1042.92,1040.84,1038.22,1035.37,1032.28,1028.92,1025.65,1022.51,1019.33,1016.07,1012.78,1009.47,1006.45,1003.69,1001.04,998.38,996.36,995.21,995.20,996.43,997.73,998.43,998.52,998.12,997.52,996.98,996.71,997.00,998.04,999.49,1001.04,1002.69,1004.73,1006.79,1007.84,1008.00,1007.74,1007.42,1007.25,1007.22,1007.10,1006.35,1004.93,1003.00,1000.70,998.26,995.92,994.19,993.18,992.87,992.39,992.10,991.91,992.02,993.19,996.52,1001.33
982.12,984.81,987.29,989.09,991.52,993.56,994.62,995.17,995.35,995.31,995.05,994.41,993.43,991.38,988.68,985.69,982.33,978.90,975.11,971.06,967.48,964.31,961.27,958.66,957.03,955.87,954.82,955.36,958.21,961.91,965.55,970.31,976.30,983.01,988.97,995.44,1001.45,1006.17,1010.92,1015.47,1020.08,1024.90,1029.86,1034.53,1039.47,1044.86,1050.40,1053.77,1056.74,1059.30,1061.12,1062.09,1061.36,1059.63,1057.07,1053.25,1048.98,1044.09,1039.34,1035.36,1031.44,1025.38,1017.80,1009.73,1003.10,998.11,993.95,989.99,985.75,981.23,976.85,972.35,967.28,961.14,956.53,952.60,948.75,944.63,940.73,935.75,929.95,923.54,915.98,907.55,900.72,896.37,893.75,894.80,897.28,901.09,907.20,913.68,919.53,924.84,930.42,938.50,944.81,951.58,959.04,965.69,972.22,978.86,985.17,990.65,995.92,1000.75,1005.94,1011.95,1018.72,1024.63,1029.18,1032.54,1034.86,1036.95,1038.05,1036.64,1032.18,1028.03,1022.52,1015.73,1008.52,1002.50,996.43,989.90,983.00,976.05,969.82,964.03,958.28,952.38,946.31,940.67,937.52,937.51,941.03,944.22,947.12,950.27,954.00,957.85,963.42,969.36,974.92,979.81,985.92,991.55,996.40,1000.53,1004.14,1007.31,1010.33,1013.65,1018.20,1023.35,1027.87,1031.72,1035.30,1038.80,1042.69,1046.98,1051.48,1055.46,1059.03,1062.41,1065.72,1069.06,1072.66,1075.84,1078.55,1080.82,1082.85,1084.62,1085.98,1086.77,1087.03,1087.18,1087.08,1086.72,1086.14,1085.44,1084.36,1083.19,1082.07,1080.64,1078.71,1076.43,1074.06,1072.03,1070.03,1068.25,1066.50,1064.54,1062.66,1060.71,1058.36,1055.42,1052.12,1049.31,1047.00,1044.99,1042.97,1040.79,1038.16,1035.20,1032.16,1029.57,1026.85,1024.01,1021.07,1018.09,1015.14,1012.57,1010.30,1008.11,1005.46,1003.30,1001.65,1000.81,1001.50,1002.87,1003.68,1003.71,1003.18,1002.51,1001.87,1001.58,1002.04,1003.36,1005.30,1007.49,1009.65,1011.36,1012.29,1012.52,1012.34,1012.02,1011.65,1011.31,1011.17,1011.17,1010.60,1009.30,1007.30,1004.79,1002.05,999.66,997.99,997.00,996.64,996.24,995.96,995.80,995.71,995.86,998.31,1002.44
984.83,988.21,991.96,994.93,997.40,999.24,1000.33,1000.81,1001.06,1001.00,1000.66,1000.07,999.17,997.32,994.84,991.83,987.93,983.69,979.27,974.82,970.66,967.53,965.18,963.31,961.79,960.42,959.01,958.70,960.28,963.52,966.91,971.79,977.89,983.98,989.91,996.44,1002.53,1007.34,1012.10,1016.64,1021.37,1026.30,1031.01,1035.76,1041.09,1046.63,1051.49,1054.79,1057.76,1060.17,1061.76,1062.81,1061.94,1060.22,1057.73,1053.72,1049.15,1044.22,1039.52,1035.45,1031.46,1025.46,1018.12,1010.30,1003.63,998.49,994.21,990.22,986.10,981.84,977.46,972.93,968.06,962.57,958.13,954.28,950.58,946.56,942.80,938.12,932.39,925.48,917.26,908.97,902.12,897.43,894.98,895.66,898.00,902.05,908.73,915.68,921.66,927.34,933.53,941.14,947.64,954.55,961.66,967.32,973.92,980.34,986.40,992.14,997.78,1002.58,1007.65,1013.67,1020.67,1026.65,1030.87,1033.82,1036.29,1038.53,1039.71,1038.67,1034.71,1029.52,1023.87,1017.39,1010.41,1003.98,997.79,991.55,984.92,977.82,971.73,965.72,959.61,953.43,947.45,942.24,939.84,940.26,942.95,945.59,948.37,951.67,955.70,960.01,965.60,971.27,976.62,981.88,987.90,993.45,998.41,1002.85,1006.88,1010.34,1013.54,1017.11,1022.43,1027.65,1032.02,1035.88,1040.05,1044.22,1048.71,1053.17,1057.20,1060.62,1063.86,1067.41,1071.25,1074.86,1078.13,1081.00,1083.50,1085.60,1087.35,1088.82,1089.92,1090.53,1090.68,1090.73,1090.62,1090.32,1089.80,1089.20,1088.37,1087.50,1086.69,1085.65,1084.11,1082.25,1080.22,1078.14,1076.12,1073.98,1071.66,1069.21,1066.91,1064.69,1062.29,1059.51,1056.28,1052.86,1049.85,1047.42,1045.55,1043.60,1041.38,1038.90,1036.35,1034.31,1031.96,1029.47,1026.95,1024.40,1021.85,1019.63,1017.79,1016.30,1014.70,1013.24,1012.01,1011.13,1010.75,1010.97,1011.04,1010.72,1009.94,1008.92,1007.86,1007.30,1007.77,1009.17,1011.18,1013.25,1015.09,1016.42,1016.92,1016.93,1016.57,1015.87,1015.31,1015.01,1014.97,1015.00,1014.49,1013.19,1011.17,1008.63,1005.92,1003.40,1001.69,1000.81,1000.64,1000.25,1000.03,999.80,999.49,999.34,1000.83,1004.09
987.91,992.14,997.00,1000.99,1003.26,1004.74,1005.83,1006.38,1006.75,1006.70,1006.29,1005.71,1004.81,1003.15,1000.86,997.86,993.77,988.76,983.72,978.91,974.24,971.09,969.11,967.66,966.21,964.70,963.16,962.17,962.50,965.09,968.23,973.12,979.19,984.80,990.78,997.37,1003.57,1008.58,1013.29,1017.83,1022.65,1027.67,1032.23,1037.03,1042.63,1048.19,1052.40,1055.72,1058.66,1060.92,1062.36,1063.52,1062.53,1060.81,1058.41,1054.24,1049.33,1044.40,1039.80,1035.65,1031.58,1025.71,1018.69,1011.24,1004.58,999.20,994.75,990.72,986.65,982.62,978.31,973.79,969.11,964.27,959.98,956.15,952.45,948.36,944.58,940.23,934.67,927.22,918.31,910.41,903.58,898.34,896.17,896.52,898.72,902.99,910.03,917.11,923.29,929.46,936.19,943.04,950.08,957.32,964.07,969.07,975.60,981.66,987.37,993.30,999.24,1003.98,1008.95,1014.99,1022.21,1028.29,1032.26,1034.90,1037.50,1039.89,1041.16,1040.63,1037.44,1031.28,1025.44,1019.27,1012.61,1005.87,999.50,993.38,986.86,979.60,973.60,967.30,960.70,954.10,948.20,943.30,941.60,942.50,944.52,946.76,949.72,953.42,957.83,962.47,967.78,973.03,978.19,983.80,989.53,995.00,1000.14,1004.88,1009.30,1013.06,1016.55,1020.52,1026.44,1031.49,1035.71,1039.80,1044.67,1049.66,1054.50,1058.79,1062.25,1065.26,1068.51,1072.43,1076.76,1080.46,1083.32,1085.80,1088.02,1089.87,1091.38,1092.63,1093.52,1093.98,1094.10,1094.12,1094.03,1093.80,1093.36,1092.83,1092.20,1091.56,1090.93,1090.15,1088.95,1087.60,1086.09,1084.18,1082.31,1079.88,1077.05,1074.15,1071.32,1068.66,1066.05,1063.37,1060.46,1056.74,1053.23,1050.42,1048.65,1046.86,1044.97,1042.95,1040.88,1039.28,1037.31,1035.26,1033.25,1031.24,1029.18,1027.37,1025.90,1024.92,1024.28,1023.57,1022.88,1022.12,1020.82,1019.93,1019.22,1018.50,1017.55,1016.16,1014.60,1013.58,1013.79,1015.09,1016.95,1018.66,1019.97,1020.94,1021.26,1021.21,1020.72,1019.61,1018.85,1018.65,1018.70,1018.71,1018.20,1016.89,1014.83,1012.27,1009.60,1007.00,1005.27,1004.52,1004.65,1004.42,1004.31,1004.05,1003.57,1003.28,1003.89,1006.24
992.09,997.35,1001.73,1005.24,1007.51,1009.06,1010.22,1011.27,1011.88,1011.94,1011.60,1011.00,1010.04,1008.13,1005.56,1002.56,999.18,993.98,988.46,983.29,978.67,975.50,973.41,971.79,970.14,968.35,966.97,965.88,965.37,966.50,969.58,974.05,979.41,985.26,991.68,998.39,1004.65,1009.84,1014.45,1019.03,1023.88,1028.89,1033.57,1038.35,1043.78,1049.07,1053.02,1056.40,1059.25,1061.45,1062.95,1064.23,1063.11,1061.36,1058.97,1054.52,1049.40,1044.66,1040.28,1036.13,1032.02,1026.28,1019.57,1012.50,1006.00,1000.42,995.86,991.85,987.86,983.85,979.67,975.28,970.71,966.19,962.13,958.36,954.50,949.94,946.03,941.81,936.29,928.57,919.29,912.01,905.26,899.39,897.55,897.62,899.74,904.04,910.80,917.20,923.65,930.27,937.01,943.67,951.53,959.33,966.11,970.83,976.20,982.03,988.09,994.17,999.90,1004.39,1009.29,1015.50,1022.99,1029.09,1033.05,1035.74,1038.40,1040.91,1042.32,1041.94,1038.95,1033.32,1027.48,1021.36,1014.92,1008.40,1001.96,995.44,988.63,981.50,975.10,968.26,961.07,953.98,948.08,943.72,942.83,944.33,946.14,948.13,951.80,956.28,960.79,964.90,969.55,974.46,979.62,985.43,991.00,996.35,1001.59,1006.64,1011.08,1014.88,1018.88,1023.68,1029.53,1034.24,1038.70,1043.49,1049.16,1055.43,1059.54,1062.63,1065.82,1069.11,1073.51,1078.04,1082.10,1085.20,1087.78,1089.86,1091.58,1093.06,1094.42,1095.68,1096.60,1097.07,1097.26,1097.30,1097.22,1097.03,1096.71,1096.20,1095.67,1095.18,1094.73,1094.22,1093.39,1092.45,1091.36,1089.83,1088.25,1085.86,1082.86,1079.63,1076.26,1072.99,1069.74,1066.55,1063.66,1060.68,1057.69,1054.97,1052.98,1051.39,1049.42,1047.38,1045.65,1044.14,1042.69,1041.35,1040.10,1038.81,1037.59,1036.46,1035.26,1033.88,1032.90,1032.21,1031.51,1030.63,1029.54,1028.77,1027.97,1027.10,1026.26,1024.80,1022.77,1020.92,1020.14,1020.84,1022.27,1023.57,1024.47,1025.18,1025.43,1025.30,1024.67,1023.42,1022.64,1022.45,1022.44,1022.31,1021.67,1020.36,1018.22,1015.47,1012.61,1010.13,1008.52,1007.93,1008.43,1008.95,1009.14,1008.99,1008.53,1007.99,1008.08,1009.50
995.56,1001.13,1005.44,1008.70,1011.05,1012.88,1014.35,1015.69,1016.42,1016.59,1016.35,1015.77,1014.75,1012.48,1009.47,1006.22,1003.02,998.42,993.08,987.59,982.82,979.68,977.51,975.72,973.92,971.98,970.53,969.29,968.29,968.44,971.22,975.25,980.08,986.09,992.91,999.64,1005.77,1010.99,1015.58,1020.22,1025.09,1030.06,1034.79,1039.66,1044.88,1049.82,1053.58,1056.99,1059.74,1061.90,1063.55,1064.89,1063.77,1061.99,1059.56,1055.00,1049.80,1045.20,1041.03,1036.91,1032.74,1027.24,1020.89,1014.14,1007.63,1001.83,997.21,993.33,989.56,985.63,981.53,977.24,972.81,968.45,964.48,960.65,956.59,951.78,947.42,942.97,937.36,929.52,920.26,913.14,906.59,900.83,898.65,898.44,900.69,905.11,911.29,917.16,923.74,930.55,937.25,943.95,952.10,960.27,967.34,972.10,976.61,982.28,988.66,994.95,1000.53,1004.87,1009.70,1015.98,1023.64,1029.70,1033.73,1036.55,1039.24,1041.84,1043.35,1043.06,1040.29,1035.63,1029.98,1023.98,1017.79,1011.44,1004.87,997.82,990.53,983.31,976.48,968.94,961.06,953.54,947.82,944.38,944.22,946.06,947.95,950.58,954.78,959.41,963.63,967.48,971.86,976.61,981.71,987.28,992.58,997.73,1002.91,1008.10,1012.53,1016.38,1020.97,1026.63,1032.13,1036.86,1041.71,1047.20,1053.64,1059.47,1062.97,1065.73,1069.19,1073.59,1078.59,1083.12,1086.67,1089.05,1091.19,1092.98,1094.55,1095.99,1097.37,1098.58,1099.54,1100.16,1100.43,1100.48,1100.59,1100.67,1100.46,1100.18,1099.78,1099.33,1098.93,1098.59,1098.03,1097.36,1096.52,1095.28,1093.97,1091.77,1088.81,1085.29,1081.51,1077.56,1073.68,1070.06,1066.83,1064.11,1061.63,1059.45,1057.90,1056.82,1055.22,1053.45,1051.81,1050.00,1048.22,1046.67,1045.42,1044.42,1043.57,1042.77,1041.82,1040.61,1039.81,1039.32,1038.76,1037.98,1037.14,1036.43,1035.56,1034.56,1033.57,1031.88,1029.77,1027.80,1026.63,1026.76,1027.79,1028.86,1029.64,1030.13,1030.27,1029.85,1028.86,1027.45,1026.58,1026.30,1026.12,1025.71,1024.85,1023.39,1021.21,1018.51,1015.76,1013.46,1012.17,1011.99,1012.95,1013.97,1014.46,1014.52,1014.21,1013.72,1013.41,1013.90
998.37,1003.77,1008.29,1011.50,1014.00,1016.19,1018.12,1019.60,1020.41,1020.70,1020.58,1020.03,1018.94,1016.30,1012.83,1009.19,1005.74,1002.10,997.35,991.71,986.82,983.81,981.55,979.54,977.59,975.60,973.96,972.51,971.33,970.94,973.21,976.77,981.29,987.33,994.41,1001.03,1006.94,1012.08,1016.70,1021.44,1026.32,1031.22,1035.94,1040.88,1045.87,1050.45,1054.07,1057.51,1060.18,1062.35,1064.16,1065.54,1064.48,1062.69,1060.23,1055.80,1050.51,1046.00,1042.00,1037.97,1033.74,1028.54,1022.62,1016.16,1009.52,1003.49,998.80,995.04,991.56,987.79,983.75,979.57,975.31,971.00,967.00,963.00,958.71,953.79,948.77,943.87,938.04,930.21,921.30,914.01,907.74,902.55,899.64,899.17,901.64,906.17,911.64,917.16,923.68,930.48,937.13,944.08,952.18,960.57,968.11,973.01,976.94,982.54,989.18,995.67,1001.21,1005.46,1010.26,1016.54,1024.30,1030.22,1034.32,1037.36,1040.12,1042.80,1044.38,1044.12,1041.59,1038.00,1032.68,1026.89,1021.00,1014.76,1008.05,1000.45,992.53,984.97,977.68,969.38,960.81,952.94,947.48,945.18,945.68,947.71,950.01,953.77,958.27,962.59,966.34,970.19,974.59,979.31,984.22,989.27,994.28,999.19,1004.19,1009.33,1013.76,1017.78,1022.97,1029.35,1034.39,1039.42,1044.79,1050.87,1057.82,1062.17,1065.26,1068.44,1072.71,1078.55,1083.59,1087.61,1090.51,1092.20,1093.85,1095.47,1097.11,1098.74,1100.22,1101.37,1102.37,1103.22,1103.58,1103.70,1104.15,1104.68,1104.60,1104.67,1104.44,1104.05,1103.66,1103.42,1103.06,1102.51,1101.76,1100.70,1099.57,1097.60,1094.78,1091.13,1087.04,1082.38,1077.89,1073.90,1070.14,1067.34,1065.31,1063.92,1063.20,1062.76,1061.80,1060.43,1058.76,1056.46,1053.92,1051.62,1049.83,1048.78,1047.94,1047.20,1046.48,1045.83,1045.55,1045.33,1044.99,1044.45,1043.77,1043.02,1042.09,1041.00,1039.72,1037.78,1035.89,1034.28,1033.15,1032.84,1033.53,1034.49,1035.30,1035.60,1035.56,1034.71,1033.26,1031.66,1030.66,1030.24,1029.83,1029.07,1027.90,1026.18,1023.97,1021.48,1019.04,1016.97,1016.13,1016.50,1017.92,1019.20,1019.96,1020.28,1020.22,1019.96,1019.41,1019.07
1000.14,1005.60,1010.13,1013.26,1015.91,1018.36,1020.58,1022.37,1023.40,1023.89,1023.91,1023.34,1021.95,1019.40,1015.99,1012.03,1008.19,1004.38,999.96,995.15,991.29,988.78,986.12,983.36,981.14,979.19,977.51,976.09,975.05,974.72,976.04,979.15,983.73,989.46,996.09,1002.40,1008.15,1013.26,1017.92,1022.82,1027.78,1032.64,1037.21,1041.67,1046.29,1050.70,1054.32,1057.87,1060.74,1063.04,1064.87,1066.35,1065.27,1063.38,1061.15,1057.72,1051.84,1047.13,1043.36,1039.58,1035.38,1030.47,1025.02,1018.98,1012.28,1006.02,1000.85,996.69,993.34,989.95,986.25,982.35,978.31,973.97,969.74,965.45,960.85,955.59,950.15,944.69,938.52,930.93,922.72,915.32,909.19,904.47,901.13,900.63,902.97,907.19,912.31,917.66,923.80,930.33,937.10,944.56,952.75,961.43,969.33,973.86,977.60,983.27,990.06,996.57,1002.01,1006.34,1011.28,1017.72,1025.39,1030.87,1034.83,1038.09,1041.34,1044.42,1045.92,1045.58,1043.21,1039.60,1034.72,1029.38,1023.77,1017.65,1011.14,1003.28,994.63,986.02,978.22,969.46,960.48,952.38,947.19,945.78,946.82,949.28,952.69,957.02,961.20,965.11,968.92,973.11,977.62,982.09,986.50,991.21,996.19,1000.95,1005.63,1010.45,1014.84,1019.68,1025.40,1031.62,1036.58,1042.21,1048.09,1054.13,1060.16,1064.01,1067.23,1071.59,1077.81,1083.64,1087.78,1090.76,1092.92,1094.58,1096.30,1097.96,1099.58,1101.18,1102.75,1103.90,1104.94,1105.96,1106.66,1107.22,1108.15,1109.15,1109.46,1109.68,1109.85,1109.91,1109.83,1109.73,1109.49,1108.87,1107.86,1106.65,1105.28,1103.12,1100.40,1097.30,1093.10,1087.86,1082.72,1078.28,1074.28,1071.46,1069.70,1068.76,1068.51,1068.33,1067.50,1066.21,1064.60,1062.47,1060.12,1057.58,1055.21,1053.87,1052.92,1052.13,1051.53,1051.29,1051.16,1050.82,1050.37,1049.83,1048.99,1048.09,1047.16,1046.16,1044.91,1043.17,1041.66,1040.41,1039.46,1039.14,1039.76,1040.56,1041.14,1041.24,1040.84,1039.61,1037.83,1036.08,1035.08,1034.56,1033.97,1032.97,1031.48,1029.33,1026.97,1024.61,1022.35,1020.62,1020.30,1021.05,1022.43,1023.65,1024.56,1025.13,1025.32,1025.22,1024.84,1024.41
1001.34,1006.93,1011.49,1014.66,1017.47,1020.17,1022.67,1024.69,1026.06,1026.84,1027.03,1026.37,1024.69,1022.09,1018.66,1014.49,1010.42,1006.41,1002.33,998.49,995.80,993.87,990.86,987.38,984.73,982.93,981.37,980.07,979.17,978.83,979.36,981.98,986.41,991.71,997.71,1003.75,1009.39,1014.37,1019.11,1024.19,1029.22,1033.99,1038.41,1042.47,1046.72,1050.92,1054.57,1058.22,1061.36,1063.85,1065.68,1067.21,1066.16,1064.27,1062.23,1059.57,1053.67,1048.78,1044.97,1041.43,1037.32,1032.58,1027.46,1021.91,1015.64,1008.88,1003.10,998.53,995.16,992.01,988.57,984.93,981.09,976.88,972.43,967.80,962.87,957.29,951.36,945.41,938.99,931.61,923.90,916.62,910.60,906.09,902.72,902.28,904.46,908.37,913.28,918.58,924.33,930.59,937.58,945.40,953.67,962.50,970.53,974.87,978.88,984.72,991.47,997.78,1003.08,1007.72,1013.00,1019.52,1026.99,1031.94,1035.72,1039.19,1042.83,1046.29,1047.72,1047.16,1044.65,1040.88,1036.36,1031.40,1025.99,1019.85,1013.39,1005.57,996.59,986.99,978.63,969.55,960.24,951.91,947.23,946.44,947.78,950.61,955.03,959.62,963.55,967.29,971.30,975.70,980.16,984.37,988.46,993.11,998.09,1002.71,1007.15,1011.72,1016.14,1021.81,1027.92,1033.80,1038.90,1044.96,1051.20,1057.11,1062.03,1065.59,1069.52,1075.07,1082.32,1087.71,1090.99,1093.22,1095.00,1096.73,1098.62,1100.38,1102.00,1103.54,1105.15,1106.39,1107.64,1109.06,1110.33,1111.43,1112.71,1113.96,1114.55,1114.89,1115.35,1115.75,1115.88,1115.88,1115.72,1115.09,1113.95,1112.54,1110.70,1108.20,1105.41,1102.59,1098.53,1093.18,1087.63,1082.62,1078.60,1076.06,1074.61,1073.95,1073.88,1073.69,1072.84,1071.51,1069.86,1067.91,1065.84,1063.44,1060.99,1059.57,1058.67,1058.10,1057.78,1057.74,1057.67,1057.25,1056.68,1055.95,1054.79,1053.73,1052.76,1051.77,1050.53,1048.97,1047.59,1046.35,1045.32,1045.03,1045.63,1046.32,1046.71,1046.67,1046.00,1044.52,1042.55,1040.63,1039.52,1038.91,1038.23,1037.11,1035.34,1032.88,1030.35,1027.94,1025.73,1024.28,1024.35,1025.37,1026.77,1027.97,1028.98,1029.72,1030.11,1030.13,1029.93,1029.59
1001.93,1007.70,1012.33,1015.76,1018.76,1021.72,1024.54,1026.64,1028.45,1029.65,1030.05,1029.23,1027.32,1024.32,1020.58,1016.38,1012.40,1008.45,1004.80,1001.84,1000.23,998.84,995.75,991.73,988.41,986.93,985.71,984.63,983.78,983.12,983.23,985.32,989.14,993.90,999.20,1005.06,1010.63,1015.37,1020.19,1025.54,1030.60,1035.16,1039.48,1043.45,1047.34,1051.18,1054.88,1058.58,1062.04,1064.80,1066.66,1068.12,1067.24,1065.49,1063.49,1061.00,1056.17,1051.18,1046.91,1043.51,1039.58,1034.78,1029.76,1024.82,1019.69,1012.07,1005.55,1000.71,997.11,993.89,990.54,987.01,983.34,979.56,974.99,969.97,964.63,958.84,952.29,946.00,939.50,932.18,924.61,917.76,911.87,907.21,904.30,904.04,906.09,909.79,914.68,920.06,925.46,931.57,938.87,946.73,955.07,963.76,971.59,976.20,981.14,987.22,993.66,999.49,1004.53,1009.87,1015.71,1022.20,1029.32,1033.66,1037.27,1040.90,1044.66,1048.38,1049.80,1048.85,1045.71,1041.88,1037.55,1032.77,1027.41,1021.03,1014.30,1006.93,998.28,988.04,979.04,969.78,960.18,951.60,947.84,947.25,948.56,951.57,956.63,961.11,965.11,969.10,973.37,977.70,981.81,985.80,989.99,994.97,999.88,1004.39,1008.74,1013.26,1017.84,1024.16,1030.45,1035.97,1041.47,1047.58,1053.94,1059.70,1063.61,1067.03,1072.39,1078.92,1085.41,1090.03,1092.81,1094.96,1096.93,1098.74,1100.80,1102.69,1104.36,1105.86,1107.47,1108.90,1110.63,1112.83,1114.98,1116.66,1118.07,1119.17,1119.78,1120.29,1120.82,1121.21,1121.34,1121.34,1121.21,1120.72,1119.73,1118.14,1115.62,1112.65,1109.54,1106.34,1102.77,1098.07,1092.47,1086.73,1083.01,1081.18,1080.18,1079.59,1079.36,1078.87,1077.87,1076.40,1074.51,1072.57,1070.67,1068.80,1067.12,1066.01,1065.48,1065.57,1065.82,1065.70,1065.62,1065.35,1064.72,1063.60,1061.95,1060.74,1059.65,1058.49,1057.16,1055.59,1053.89,1052.10,1050.51,1050.20,1050.80,1051.43,1051.75,1051.70,1050.95,1049.43,1047.41,1045.33,1043.91,1043.21,1042.57,1041.49,1039.51,1037.00,1034.29,1031.57,1029.21,1027.93,1028.11,1029.29,1030.98,1032.26,1033.36,1034.17,1034.62,1034.75,1034.68,1034.48
1002.64,1008.75,1013.07,1016.69,1020.18,1023.50,1026.47,1028.95,1031.20,1032.70,1033.22,1032.26,1030.04,1026.62,1022.60,1018.40,1014.48,1010.78,1007.55,1005.10,1003.74,1002.33,999.85,996.68,993.75,991.99,990.91,989.92,988.84,987.90,987.48,988.77,991.79,996.04,1000.75,1006.31,1011.75,1016.38,1021.30,1026.71,1031.78,1036.28,1040.49,1044.24,1047.80,1051.42,1055.22,1058.91,1062.46,1065.51,1067.71,1068.98,1068.59,1067.14,1065.11,1062.72,1058.84,1054.13,1049.61,1045.93,1041.98,1037.35,1032.44,1027.54,1022.70,1015.75,1009.05,1003.42,999.25,995.81,992.38,988.83,985.16,981.49,977.00,971.66,965.73,959.59,952.74,946.31,939.84,932.65,924.97,918.26,912.54,907.99,905.23,905.47,907.63,911.40,916.91,922.09,927.27,933.32,940.72,948.68,957.03,965.36,972.94,978.59,984.37,990.24,996.10,1001.84,1007.30,1012.72,1018.75,1025.40,1031.50,1035.59,1039.18,1042.86,1046.71,1050.25,1051.58,1050.67,1047.55,1043.22,1038.32,1033.27,1027.91,1021.53,1014.71,1007.67,999.52,989.50,980.01,970.56,960.87,952.21,948.53,947.87,949.11,952.19,957.62,962.23,966.41,970.59,974.96,979.35,983.48,987.51,991.80,996.90,1001.60,1005.98,1010.33,1014.94,1019.83,1026.22,1032.29,1037.48,1043.19,1049.35,1055.55,1061.04,1064.81,1068.70,1074.89,1081.73,1087.52,1091.47,1094.24,1096.53,1098.68,1100.90,1103.14,1105.14,1106.85,1108.39,1110.52,1112.82,1115.18,1117.51,1119.60,1121.22,1122.46,1123.36,1123.96,1124.45,1124.92,1125.22,1125.25,1125.21,1124.97,1124.40,1123.40,1121.83,1119.45,1116.56,1113.35,1109.81,1105.90,1101.49,1096.38,1091.08,1087.88,1086.64,1086.10,1085.78,1085.49,1084.83,1083.51,1081.67,1079.43,1077.14,1075.33,1073.77,1072.49,1071.76,1071.38,1071.56,1072.01,1072.30,1072.34,1072.22,1071.89,1071.16,1069.78,1068.63,1067.47,1066.18,1064.72,1063.00,1061.06,1058.81,1056.50,1055.63,1055.57,1055.83,1056.16,1056.23,1055.34,1053.69,1051.63,1049.55,1048.27,1047.60,1047.06,1046.17,1044.38,1041.68,1038.53,1035.39,1033.01,1031.62,1031.74,1033.00,1034.96,1036.57,1037.94,1038.95,1039.57,1039.89,1039.92,1039.70
1003.53,1009.92,1013.92,1017.71,1021.75,1025.44,1028.52,1031.42,1034.06,1035.81,1036.40,1035.37,1032.90,1029.11,1024.82,1020.64,1016.79,1013.53,1010.85,1008.72,1007.04,1005.29,1003.41,1001.37,999.17,997.24,996.30,995.41,994.12,992.92,991.89,992.19,994.15,997.91,1002.24,1007.54,1012.81,1017.38,1022.38,1027.79,1032.85,1037.31,1041.36,1044.87,1048.19,1051.67,1055.57,1059.25,1062.88,1066.22,1068.83,1069.95,1070.04,1068.94,1066.98,1064.68,1061.50,1057.16,1052.59,1048.48,1044.38,1039.92,1035.12,1030.11,1025.28,1019.42,1012.78,1006.39,1001.60,997.80,994.19,990.51,986.75,983.04,978.69,973.03,966.44,959.97,952.95,946.46,940.05,932.99,925.10,918.43,912.93,908.61,905.97,906.71,909.25,913.37,919.45,924.34,929.42,935.52,942.98,951.06,959.30,967.22,974.61,981.27,987.66,993.23,998.61,1004.44,1010.33,1015.69,1021.82,1028.58,1033.66,1037.65,1041.28,1044.99,1048.96,1052.26,1053.37,1052.46,1049.47,1044.60,1038.99,1033.54,1028.14,1021.86,1015.12,1008.37,1000.75,991.29,981.47,971.83,962.13,953.45,949.30,948.41,949.60,952.78,958.41,963.18,967.57,971.91,976.37,980.84,985.10,989.29,993.71,998.80,1003.26,1007.54,1011.91,1016.63,1021.89,1028.07,1033.74,1038.67,1044.48,1050.65,1056.65,1061.92,1065.89,1070.48,1077.11,1083.90,1089.14,1092.61,1095.50,1098.03,1100.43,1103.12,1105.55,1107.71,1109.61,1111.35,1114.04,1117.15,1120.00,1122.26,1124.08,1125.50,1126.54,1127.32,1128.02,1128.53,1128.93,1129.14,1129.07,1128.93,1128.49,1127.67,1126.49,1124.88,1122.77,1120.12,1116.94,1113.14,1108.73,1104.49,1100.01,1095.59,1093.06,1092.29,1092.11,1091.98,1091.60,1090.74,1089.13,1087.00,1084.58,1082.12,1080.48,1079.17,1078.13,1077.63,1077.22,1077.15,1077.51,1078.24,1078.48,1078.55,1078.58,1078.41,1077.54,1076.54,1075.37,1074.00,1072.37,1070.44,1068.24,1065.62,1062.74,1061.11,1060.22,1060.04,1060.38,1060.52,1059.53,1057.72,1055.54,1053.54,1052.47,1051.93,1051.51,1050.86,1049.37,1046.64,1043.28,1039.84,1037.18,1035.41,1035.36,1036.70,1039.05,1041.18,1042.82,1043.99,1044.76,1045.26,1045.39,1045.13
1004.91,1011.23,1015.25,1019.29,1023.66,1027.61,1030.87,1034.10,1036.92,1038.79,1039.49,1038.55,1036.20,1032.15,1027.61,1023.50,1019.79,1017.47,1015.71,1013.75,1010.67,1008.03,1006.01,1004.40,1003.06,1001.90,1001.39,1000.78,999.65,998.22,996.53,995.35,995.61,998.90,1003.48,1008.69,1013.75,1018.34,1023.42,1028.70,1033.69,1038.11,1041.82,1045.13,1048.44,1051.97,1055.89,1059.65,1063.55,1067.18,1070.04,1071.38,1071.57,1070.81,1069.32,1067.20,1063.86,1059.96,1055.69,1051.08,1046.60,1042.10,1037.34,1032.36,1027.56,1022.49,1016.20,1009.67,1004.55,1000.01,996.01,992.03,987.95,984.10,979.84,973.76,966.48,959.97,952.84,946.38,940.06,932.95,924.76,918.17,912.96,909.05,906.73,907.66,911.24,916.43,922.14,926.76,932.04,938.45,946.12,954.27,962.03,969.63,977.02,983.79,990.03,995.54,1001.09,1007.24,1012.78,1018.31,1024.58,1031.15,1035.86,1039.92,1043.64,1047.44,1051.70,1055.03,1055.55,1054.04,1050.80,1045.75,1039.75,1033.99,1028.47,1022.33,1016.03,1009.55,1002.39,993.81,984.04,974.17,964.53,955.88,950.28,948.89,950.19,953.62,959.22,963.95,968.46,973.02,977.67,982.16,986.53,991.03,995.74,1000.54,1004.86,1009.09,1013.45,1018.20,1023.84,1029.50,1034.64,1039.43,1045.15,1051.32,1057.25,1062.55,1066.98,1072.33,1078.70,1084.96,1090.08,1093.64,1096.61,1099.47,1102.39,1105.35,1108.01,1110.61,1113.14,1115.55,1118.36,1121.31,1124.01,1126.24,1128.08,1129.54,1130.64,1131.62,1132.81,1133.70,1134.16,1134.32,1134.25,1133.90,1133.07,1131.70,1129.87,1127.82,1125.54,1123.07,1120.15,1116.35,1111.72,1107.55,1103.69,1100.39,1098.86,1098.32,1098.03,1097.64,1096.88,1095.57,1093.91,1092.09,1090.27,1088.68,1087.53,1086.52,1085.55,1084.71,1083.88,1083.01,1082.62,1083.34,1083.99,1084.33,1084.53,1084.60,1084.23,1083.56,1082.54,1081.14,1079.26,1077.06,1074.51,1071.76,1068.97,1066.46,1064.88,1064.37,1064.62,1064.53,1063.67,1061.67,1059.17,1057.18,1056.15,1055.90,1055.72,1055.17,1054.02,1052.02,1049.46,1046.30,1042.35,1039.54,1039.12,1040.69,1043.77,1046.81,1048.51,1049.57,1050.33,1050.76,1051.07,1050.88
