1727.91,1731.47,1734.46,1737.30,1740.16,1743.10,1746.07,1749.06,1752.02,1755.00,1758.12,1761.17,1764.50,1767.35,1768.48,1767.42,1764.34,1760.50,1756.71,1753.77,1750.04,1743.24,1734.27,1725.06,1713.54,1707.78,1704.86,1701.53,1696.88,1689.25,1680.94,1673.27,1667.13,1661.54,1656.35,1651.56,1647.34,1643.66,1639.13,1633.06,1625.24,1616.62,1609.31,1603.57,1599.09,1595.51,1592.18,1589.20,1586.73,1584.91,1583.28,1580.40,1574.76,1566.99,1560.45,1556.00,1552.64,1549.90,1547.70,1545.55,1545.60,1546.60,1547.86,1549.52,1551.84,1554.63,1557.60,1560.43,1563.54,1566.26,1568.33,1569.55,1570.05,1570.58,1570.74,1570.45,1570.09,1570.03,1570.83,1572.17,1573.62,1575.52,1576.48,1576.32,1575.00,1572.97,1570.37,1567.59,1564.76,1561.80,1558.37,1554.63,1550.34,1545.11,1539.12,1532.69,1525.30,1517.60,1512.21,1507.97,1504.01,1500.03,1496.01,1492.46,1490.25,1488.67,1487.22,1485.64,1484.06,1482.20,1480.03,1477.61,1475.10,1472.66,1470.39,1468.51,1467.30,1467.10,1467.56,1468.42,1469.26,1470.54,1472.31,1474.50,1477.11,1479.84,1482.38,1484.73,1487.12,1490.36,1493.74,1497.20,1500.58,1503.59,1506.43,1508.47,1509.74,1510.03,1508.90,1506.46,1503.24,1499.49,1495.50,1490.81,1484.44,1477.41,1471.43,1465.11,1458.89,1452.96,1447.19,1440.92,1435.78,1430.83,1425.67,1420.10,1413.53,1407.49,1402.12,1397.37,1393.05,1388.30,1383.26,1378.16,1373.29,1368.31,1363.13,1357.84,1352.68,1347.83,1343.70,1339.74,1335.53,1330.98,1326.32,1321.57,1316.62,1311.44,1307.34,1304.17,1301.58,1299.39,1297.84,1296.48,1295.15,1293.89,1292.94,1291.79,1289.91,1287.38,1284.45,1281.72,1279.50,1278.24,1278.15,1278.27,1277.90,1277.24,1276.13,1274.03,1271.75,1269.04,1266.03,1262.95,1260.26,1257.95,1255.94,1254.13,1252.27,1250.57,1248.81,1247.03,1245.52,1244.30,1243.07,1241.82,1240.59,1239.30,1238.37,1238.05,1238.43,1239.42,1240.33,1241.25,1242.09,1242.64,1242.78,1242.88,1243.20,1243.87,1244.82,1246.45,1248.79,1251.60,1254.50,1257.39,1259.58,1261.45,1263.28,1264.88,1266.27,1267.53,1268.58,1269.16,1269.50,1269.64,1269.60,1269.34,1268.92,1268.16,1267.09,1265.69,1264.11,1261.73,1258.78,1255.16
1728.66,1732.17,1735.33,1738.28,1741.13,1743.96,1746.88,1749.82,1752.70,1755.50,1758.34,1761.23,1764.15,1766.39,1766.85,1765.37,1762.51,1758.93,1755.19,1752.29,1747.50,1741.03,1733.46,1724.93,1713.35,1707.15,1703.73,1699.83,1693.84,1685.38,1676.58,1668.84,1663.46,1658.65,1654.28,1650.20,1646.30,1642.60,1637.81,1630.59,1621.15,1613.21,1606.33,1600.64,1595.98,1592.15,1588.49,1585.27,1582.48,1580.09,1577.63,1573.69,1568.40,1562.59,1558.12,1553.96,1550.24,1546.84,1543.73,1541.33,1541.15,1542.02,1543.35,1545.09,1547.47,1550.00,1552.49,1554.90,1557.30,1559.66,1561.92,1563.86,1564.75,1565.20,1565.28,1564.99,1564.46,1563.91,1564.14,1564.90,1565.87,1567.91,1569.49,1570.21,1569.83,1568.24,1566.22,1564.15,1561.99,1559.38,1556.20,1552.78,1548.77,1543.65,1537.86,1531.71,1524.52,1516.84,1511.24,1506.77,1502.51,1497.97,1492.95,1488.53,1485.45,1483.33,1481.87,1480.61,1479.44,1477.91,1476.00,1473.91,1471.51,1469.00,1466.56,1464.40,1462.82,1462.34,1462.61,1463.37,1464.19,1465.62,1467.70,1470.32,1473.39,1476.67,1479.64,1482.26,1484.64,1487.37,1490.26,1493.34,1496.33,1498.57,1500.95,1503.08,1504.67,1505.28,1504.67,1502.74,1500.05,1496.89,1493.44,1488.60,1482.50,1475.99,1470.05,1463.65,1457.38,1451.37,1445.63,1439.92,1434.98,1430.10,1424.97,1419.44,1413.08,1407.12,1401.72,1396.85,1392.37,1387.59,1382.58,1377.43,1372.35,1367.04,1361.59,1356.10,1350.75,1345.53,1340.73,1336.11,1331.51,1327.00,1322.57,1317.68,1312.50,1307.94,1304.22,1300.95,1297.90,1295.03,1292.67,1290.54,1288.60,1286.98,1285.98,1285.09,1283.32,1280.79,1278.09,1275.50,1273.59,1272.51,1272.34,1272.41,1271.87,1271.07,1269.93,1267.91,1265.68,1263.34,1260.89,1258.34,1256.02,1253.95,1251.99,1249.96,1247.47,1245.11,1243.02,1241.28,1240.02,1239.23,1238.24,1237.06,1235.80,1234.51,1233.15,1232.30,1232.27,1233.19,1234.20,1235.31,1236.42,1237.29,1237.49,1237.72,1238.29,1239.32,1240.74,1242.57,1244.91,1247.60,1250.37,1253.26,1255.45,1257.32,1259.22,1260.97,1262.45,1263.68,1264.68,1265.34,1265.66,1265.76,1265.68,1265.36,1264.74,1263.97,1263.00,1261.68,1259.96,1257.36,1254.39,1251.07
1728.79,1732.32,1735.71,1738.95,1741.98,1744.77,1747.61,1750.52,1753.38,1756.16,1758.92,1761.48,1764.12,1765.87,1765.39,1763.53,1760.65,1756.93,1752.81,1749.65,1745.31,1739.81,1733.21,1724.92,1713.52,1706.82,1702.60,1698.00,1691.51,1682.58,1673.77,1666.18,1660.14,1655.59,1651.47,1647.45,1643.45,1638.96,1633.60,1626.73,1618.56,1611.44,1604.32,1598.30,1593.43,1589.30,1585.24,1581.29,1577.53,1574.25,1571.98,1568.72,1564.38,1559.63,1556.05,1552.34,1548.36,1544.28,1540.47,1537.54,1536.90,1537.30,1538.25,1540.20,1542.74,1545.13,1547.25,1549.27,1551.27,1553.07,1554.93,1556.91,1558.21,1558.84,1559.26,1559.42,1558.84,1558.45,1558.27,1558.19,1558.28,1558.99,1559.36,1559.80,1560.46,1560.60,1560.25,1559.36,1557.96,1555.92,1553.20,1549.95,1546.10,1541.38,1535.91,1529.85,1523.07,1516.03,1510.23,1505.73,1501.32,1496.48,1491.00,1485.56,1481.26,1478.24,1476.54,1475.61,1474.57,1473.20,1471.51,1469.60,1467.30,1464.83,1462.37,1460.05,1458.18,1457.35,1457.32,1458.00,1459.19,1461.09,1463.53,1466.40,1469.68,1473.07,1476.32,1479.36,1482.11,1484.54,1487.22,1490.02,1492.67,1494.75,1496.75,1498.56,1499.93,1500.48,1500.08,1498.77,1496.70,1493.95,1490.65,1485.89,1480.19,1474.16,1468.25,1461.85,1455.48,1449.48,1444.04,1438.91,1434.19,1429.31,1424.10,1418.51,1412.53,1406.74,1401.31,1396.30,1391.41,1386.48,1381.44,1376.32,1371.20,1365.81,1360.30,1354.78,1349.38,1344.07,1338.65,1333.30,1328.22,1323.60,1319.00,1314.15,1309.25,1304.94,1301.20,1297.59,1294.02,1290.56,1287.41,1284.77,1282.62,1281.02,1280.07,1279.04,1277.18,1274.70,1272.18,1269.67,1267.76,1266.64,1266.34,1266.11,1265.56,1264.65,1263.31,1261.40,1259.42,1257.70,1255.95,1253.80,1251.62,1249.38,1247.08,1244.65,1241.99,1239.24,1236.81,1234.90,1233.79,1233.09,1232.33,1231.47,1230.53,1229.41,1228.06,1227.35,1227.56,1228.46,1229.28,1230.21,1231.15,1231.88,1232.20,1232.57,1233.13,1234.10,1235.88,1238.27,1241.02,1243.91,1246.74,1249.50,1251.59,1253.42,1255.32,1257.11,1258.62,1259.86,1260.82,1261.49,1261.84,1261.92,1261.72,1261.18,1260.42,1259.61,1258.49,1256.90,1255.05,1252.74,1250.08,1247.06
1728.68,1732.18,1735.77,1739.26,1742.47,1745.34,1748.16,1751.08,1753.96,1756.78,1759.51,1761.80,1764.10,1765.30,1764.02,1761.94,1758.59,1754.37,1749.80,1746.18,1742.50,1738.03,1732.36,1724.57,1713.60,1706.52,1701.51,1696.16,1689.39,1680.53,1671.88,1663.99,1656.47,1652.10,1648.40,1644.47,1639.91,1634.33,1628.54,1622.39,1615.91,1609.65,1602.47,1596.09,1590.84,1586.42,1581.76,1576.97,1572.47,1568.87,1566.78,1564.10,1560.75,1557.13,1553.98,1550.42,1546.16,1541.56,1537.18,1533.53,1532.12,1531.95,1532.68,1534.66,1537.15,1539.43,1541.53,1543.86,1545.83,1547.29,1548.76,1550.54,1551.97,1552.62,1553.27,1553.83,1553.22,1553.05,1552.49,1551.65,1550.94,1550.42,1549.75,1549.83,1551.11,1552.63,1553.70,1553.87,1553.18,1551.73,1549.46,1546.41,1542.70,1538.26,1533.18,1527.36,1521.16,1514.86,1509.03,1504.51,1499.91,1494.83,1489.16,1483.00,1477.59,1473.61,1471.43,1470.36,1469.45,1468.30,1466.83,1464.96,1462.76,1460.36,1457.90,1455.54,1453.62,1452.57,1452.32,1452.87,1454.32,1456.52,1459.22,1462.32,1465.79,1469.20,1472.60,1475.94,1479.05,1481.47,1484.03,1486.57,1488.92,1490.93,1492.67,1494.24,1495.40,1495.81,1495.58,1494.73,1493.15,1490.73,1487.49,1482.98,1477.73,1472.10,1466.19,1459.68,1453.39,1447.62,1442.50,1437.80,1433.18,1428.18,1422.76,1417.22,1411.62,1406.08,1400.59,1395.20,1390.07,1385.07,1380.05,1374.93,1369.78,1364.38,1358.92,1353.47,1348.10,1342.74,1336.84,1330.89,1325.37,1320.51,1315.71,1310.95,1306.34,1302.05,1298.23,1294.35,1290.34,1286.32,1282.62,1279.70,1277.45,1275.85,1274.76,1273.52,1271.51,1268.97,1266.53,1264.20,1262.22,1260.88,1260.23,1259.39,1258.66,1257.68,1256.34,1254.71,1253.11,1251.87,1250.56,1248.63,1246.38,1243.83,1241.14,1238.43,1235.81,1233.06,1230.63,1228.80,1227.90,1227.23,1226.57,1225.89,1225.13,1224.15,1223.00,1222.60,1223.12,1224.17,1224.97,1225.79,1226.56,1227.09,1227.44,1227.83,1228.33,1229.22,1231.20,1233.93,1237.01,1240.23,1243.33,1246.03,1248.02,1249.78,1251.64,1253.33,1254.84,1256.07,1257.01,1257.73,1258.07,1258.09,1257.77,1257.01,1256.12,1255.16,1253.89,1252.19,1250.40,1248.42,1246.03,1243.18
1728.38,1731.72,1735.41,1739.01,1742.40,1745.52,1748.45,1751.38,1754.34,1757.28,1759.99,1762.16,1763.95,1764.49,1762.73,1760.72,1756.19,1750.93,1745.97,1741.61,1738.45,1734.90,1730.24,1723.56,1713.42,1706.18,1700.47,1694.34,1687.40,1679.48,1671.10,1662.06,1652.08,1647.88,1645.13,1641.52,1635.74,1628.83,1622.97,1617.72,1612.64,1607.25,1600.55,1593.89,1587.99,1583.28,1577.68,1572.03,1567.45,1564.67,1562.37,1559.50,1557.04,1554.90,1551.82,1547.82,1543.20,1538.35,1533.58,1528.96,1526.31,1525.53,1526.43,1528.10,1530.14,1532.31,1534.98,1538.85,1541.40,1542.99,1544.30,1545.65,1546.70,1547.00,1547.55,1548.21,1547.62,1547.48,1546.62,1545.24,1543.97,1542.96,1542.18,1542.17,1543.27,1545.07,1546.73,1547.54,1547.46,1546.57,1544.67,1541.93,1538.35,1533.88,1529.27,1524.05,1518.61,1513.07,1507.48,1502.93,1498.04,1492.69,1487.13,1480.86,1474.65,1469.71,1466.68,1464.68,1463.97,1463.22,1461.93,1459.94,1457.85,1455.49,1453.08,1450.86,1449.23,1448.28,1447.93,1448.30,1449.61,1451.74,1454.54,1457.84,1461.52,1464.96,1468.36,1471.75,1475.03,1477.93,1480.41,1482.67,1484.78,1486.71,1488.39,1490.00,1491.14,1491.38,1491.35,1490.66,1489.29,1487.11,1483.91,1479.88,1475.12,1469.78,1463.79,1456.98,1451.10,1445.89,1441.07,1436.46,1431.80,1426.45,1420.66,1415.39,1410.08,1404.89,1399.33,1393.15,1388.09,1383.29,1378.34,1373.16,1367.93,1362.60,1357.32,1352.07,1346.77,1341.33,1335.21,1328.95,1323.08,1317.80,1312.87,1308.22,1303.73,1299.22,1295.32,1291.36,1287.07,1282.51,1278.71,1275.86,1273.59,1271.76,1270.18,1268.72,1266.48,1263.69,1261.18,1259.20,1257.13,1255.34,1253.98,1252.09,1250.77,1249.78,1248.88,1247.87,1246.76,1245.67,1244.32,1242.29,1239.69,1236.68,1233.68,1230.96,1228.63,1226.43,1224.65,1223.43,1222.92,1222.26,1221.49,1220.63,1219.67,1218.68,1217.98,1217.93,1218.68,1220.19,1221.36,1222.33,1223.09,1223.47,1223.63,1223.86,1224.28,1225.17,1227.14,1229.64,1232.81,1236.46,1240.12,1242.91,1244.87,1246.57,1248.30,1249.72,1251.12,1252.33,1253.30,1254.14,1254.38,1254.26,1253.82,1252.95,1251.87,1250.62,1249.28,1247.89,1246.46,1244.72,1242.42,1239.55
1727.69,1730.83,1734.45,1738.08,1741.54,1744.78,1748.04,1751.22,1754.33,1757.37,1760.14,1762.13,1763.37,1763.41,1761.54,1758.66,1753.21,1747.26,1742.02,1737.79,1734.50,1730.92,1726.48,1720.44,1712.37,1705.14,1698.74,1692.66,1686.25,1678.90,1670.79,1661.66,1651.38,1646.75,1643.63,1639.28,1632.07,1624.84,1619.01,1613.81,1608.86,1604.08,1597.57,1591.09,1585.24,1579.81,1573.39,1567.72,1563.21,1559.94,1557.02,1554.45,1552.67,1551.15,1548.02,1543.93,1538.91,1533.43,1527.99,1522.80,1519.19,1517.62,1518.27,1520.15,1522.40,1524.62,1527.01,1530.07,1532.78,1535.06,1537.28,1539.59,1541.51,1542.04,1542.29,1542.41,1541.65,1540.97,1539.83,1538.38,1537.03,1535.91,1535.39,1535.51,1536.40,1538.16,1539.56,1540.35,1540.53,1539.94,1538.25,1535.86,1532.87,1529.20,1525.13,1520.84,1516.21,1511.21,1506.02,1501.20,1496.07,1490.65,1485.10,1478.90,1472.65,1467.33,1463.40,1460.08,1458.19,1456.88,1455.63,1454.11,1452.65,1450.92,1449.02,1447.17,1445.66,1444.67,1444.17,1444.32,1445.38,1447.47,1450.13,1453.20,1456.63,1460.09,1463.64,1467.18,1470.53,1473.34,1475.71,1477.77,1479.59,1481.11,1482.50,1484.01,1485.40,1486.29,1486.48,1486.14,1485.16,1483.35,1480.46,1476.74,1472.28,1467.16,1461.15,1454.12,1448.63,1443.95,1439.38,1434.75,1429.41,1423.67,1417.94,1412.77,1407.41,1401.98,1396.34,1390.53,1385.65,1381.01,1376.19,1371.12,1366.03,1360.75,1355.60,1350.47,1345.09,1339.56,1333.35,1326.98,1320.89,1315.35,1310.54,1306.11,1301.83,1297.53,1293.56,1289.06,1284.16,1279.34,1275.53,1272.50,1270.02,1267.95,1266.06,1264.10,1261.68,1259.08,1256.93,1255.03,1252.69,1250.31,1248.17,1246.01,1244.67,1243.79,1243.08,1242.23,1241.28,1239.84,1237.95,1235.70,1233.05,1230.15,1227.29,1224.67,1222.58,1220.54,1219.03,1218.10,1217.62,1216.95,1216.22,1215.43,1214.53,1213.68,1212.99,1212.79,1213.31,1214.72,1216.50,1217.91,1218.78,1219.03,1219.13,1219.34,1219.83,1220.93,1223.36,1225.90,1229.01,1232.64,1236.34,1239.41,1241.79,1243.69,1245.22,1246.49,1247.66,1248.60,1249.37,1250.11,1250.04,1249.56,1248.75,1247.59,1246.53,1245.49,1244.55,1243.68,1242.70,1241.12,1238.85,1235.98
1726.78,1729.74,1733.22,1736.84,1740.33,1743.67,1747.26,1750.75,1754.06,1757.18,1760.03,1761.87,1762.64,1762.33,1760.48,1756.46,1750.30,1743.91,1738.43,1734.41,1730.65,1726.57,1721.86,1716.21,1710.28,1703.43,1696.79,1691.10,1685.41,1678.51,1670.73,1662.02,1652.34,1646.97,1643.04,1637.77,1629.31,1621.97,1616.11,1610.49,1604.93,1600.60,1594.41,1588.37,1582.68,1576.42,1569.27,1563.71,1559.22,1555.20,1551.81,1549.53,1548.08,1546.63,1543.43,1539.40,1534.13,1528.16,1522.17,1516.66,1512.36,1509.91,1509.82,1511.61,1514.14,1516.56,1518.64,1520.58,1523.28,1526.18,1529.30,1532.63,1535.52,1536.60,1536.82,1536.54,1535.63,1534.36,1532.86,1531.30,1529.85,1528.68,1528.41,1528.66,1529.38,1531.00,1531.97,1532.59,1532.90,1532.61,1531.24,1529.35,1527.15,1524.54,1521.09,1517.71,1513.82,1509.26,1504.42,1499.36,1494.11,1488.73,1483.15,1477.01,1470.97,1465.54,1460.87,1456.34,1452.92,1450.74,1449.45,1448.45,1447.74,1446.67,1445.29,1443.72,1442.17,1441.04,1440.38,1440.36,1441.31,1443.41,1445.94,1448.66,1451.65,1454.95,1458.54,1462.19,1465.62,1468.33,1470.61,1472.51,1474.04,1475.19,1476.33,1477.78,1479.48,1481.13,1481.59,1481.60,1481.02,1479.58,1477.05,1473.55,1469.26,1464.24,1458.22,1451.27,1446.18,1441.91,1437.49,1432.76,1426.60,1420.49,1414.94,1409.75,1404.18,1398.36,1392.70,1387.62,1382.99,1378.48,1373.78,1368.87,1363.99,1358.82,1353.76,1348.65,1343.14,1337.52,1331.36,1325.00,1318.81,1313.11,1308.56,1304.45,1300.42,1296.31,1292.25,1287.04,1281.37,1276.39,1272.59,1269.40,1266.69,1264.38,1262.16,1259.67,1257.10,1254.71,1252.85,1250.83,1248.18,1245.29,1242.59,1240.52,1239.41,1238.72,1238.11,1237.19,1236.15,1234.23,1231.80,1229.35,1226.75,1224.11,1221.49,1219.05,1217.11,1214.99,1213.53,1212.73,1212.18,1211.55,1210.93,1210.28,1209.56,1208.85,1208.04,1207.53,1207.63,1208.74,1210.98,1212.79,1213.82,1214.08,1214.21,1214.46,1215.08,1216.49,1219.46,1222.21,1225.28,1228.72,1232.27,1235.53,1238.30,1240.44,1241.87,1243.15,1244.15,1244.83,1245.28,1245.70,1245.24,1244.39,1243.30,1241.97,1241.03,1240.39,1239.94,1239.57,1238.95,1237.49,1235.26,1232.41
1725.51,1728.47,1731.72,1735.25,1738.81,1742.31,1745.99,1749.75,1753.24,1756.44,1759.41,1761.23,1761.89,1761.58,1759.77,1754.73,1748.41,1742.06,1736.33,1731.70,1727.11,1721.86,1716.10,1710.41,1705.38,1700.16,1694.89,1689.76,1684.61,1678.20,1671.03,1663.26,1654.91,1648.41,1643.68,1638.13,1629.35,1621.48,1615.22,1608.44,1601.13,1596.88,1592.00,1586.65,1580.76,1573.75,1566.06,1560.00,1555.13,1551.12,1548.32,1545.75,1543.46,1541.17,1537.91,1534.02,1529.23,1523.78,1517.99,1512.62,1508.30,1504.88,1502.66,1502.59,1504.83,1507.71,1510.59,1513.21,1515.73,1518.26,1520.91,1523.74,1526.43,1528.59,1530.06,1530.62,1529.86,1528.53,1526.42,1523.93,1521.71,1520.28,1519.75,1519.84,1520.55,1521.97,1523.05,1523.80,1524.30,1524.48,1524.04,1523.17,1521.95,1520.22,1517.71,1514.76,1511.26,1507.07,1502.24,1497.26,1492.28,1487.15,1481.54,1475.20,1469.37,1464.11,1459.29,1454.50,1449.99,1447.00,1445.45,1444.57,1444.21,1443.31,1441.83,1439.91,1437.96,1436.45,1435.64,1435.78,1437.19,1439.61,1442.17,1444.68,1447.13,1449.59,1452.59,1456.09,1459.84,1462.95,1465.36,1467.13,1468.48,1469.79,1471.14,1472.83,1474.77,1476.60,1477.39,1477.59,1477.14,1475.90,1473.68,1470.21,1465.84,1460.63,1454.46,1448.69,1444.02,1439.70,1435.17,1430.16,1423.36,1417.02,1411.62,1406.27,1400.25,1394.26,1388.81,1384.28,1380.04,1375.63,1370.99,1366.18,1361.47,1356.66,1351.59,1346.24,1340.63,1334.95,1329.13,1323.11,1316.98,1311.34,1307.24,1303.66,1299.93,1295.47,1291.23,1285.20,1278.66,1273.48,1269.66,1266.60,1263.90,1261.36,1258.57,1255.80,1253.06,1250.44,1248.04,1245.44,1242.55,1239.69,1237.24,1235.73,1235.12,1234.71,1234.11,1232.89,1231.23,1229.03,1226.62,1224.27,1221.73,1219.12,1216.63,1214.40,1212.33,1209.82,1208.06,1207.14,1206.67,1206.24,1205.72,1205.22,1204.78,1204.11,1203.26,1202.43,1202.00,1202.68,1204.55,1206.25,1207.52,1208.30,1208.61,1208.90,1209.70,1211.51,1214.76,1218.00,1221.26,1224.55,1227.80,1230.69,1233.23,1235.38,1237.11,1238.86,1240.18,1240.84,1240.86,1240.47,1239.53,1238.61,1237.77,1236.98,1236.35,1236.10,1235.97,1235.73,1235.06,1233.66,1231.49,1228.70
1723.86,1726.80,1729.93,1733.37,1736.92,1740.47,1744.00,1747.71,1751.20,1754.43,1757.53,1760.09,1761.08,1760.62,1758.44,1753.42,1747.23,1740.89,1734.91,1729.64,1724.22,1717.70,1710.77,1705.18,1701.12,1697.11,1692.89,1688.51,1684.02,1678.16,1671.46,1664.31,1657.04,1650.02,1644.84,1639.33,1630.85,1622.12,1615.39,1607.83,1599.36,1594.87,1590.42,1585.33,1579.39,1572.26,1564.04,1557.12,1551.83,1548.22,1545.63,1542.78,1539.86,1536.86,1533.48,1529.57,1525.10,1520.05,1514.41,1508.96,1504.53,1500.78,1497.72,1496.00,1496.71,1499.13,1502.37,1505.40,1508.15,1510.81,1513.40,1515.92,1518.42,1521.08,1523.22,1524.32,1523.85,1522.37,1519.92,1517.08,1514.60,1512.93,1512.18,1512.15,1512.81,1514.01,1515.04,1516.00,1516.96,1517.92,1518.34,1518.20,1517.64,1516.54,1514.62,1511.97,1508.68,1504.76,1500.27,1495.73,1491.00,1485.91,1480.10,1473.48,1467.88,1462.84,1457.94,1453.02,1447.98,1444.03,1441.42,1440.01,1439.27,1438.31,1436.89,1434.97,1432.87,1431.08,1430.24,1430.73,1432.74,1435.55,1438.21,1440.55,1442.68,1444.64,1447.26,1450.43,1453.87,1456.97,1459.68,1461.88,1463.64,1465.10,1466.66,1468.53,1470.53,1472.33,1473.38,1473.71,1473.37,1472.19,1469.83,1466.34,1462.12,1457.10,1451.11,1446.10,1441.69,1437.38,1432.70,1427.01,1420.13,1413.88,1408.52,1403.11,1396.36,1390.31,1385.26,1381.05,1377.11,1372.75,1368.07,1363.29,1358.76,1354.21,1349.08,1343.50,1337.91,1332.46,1326.97,1321.34,1315.60,1310.25,1306.52,1303.29,1299.68,1294.75,1289.64,1282.97,1276.06,1270.74,1266.93,1263.92,1261.05,1258.06,1254.88,1251.73,1248.64,1245.66,1242.80,1239.73,1236.79,1234.15,1232.09,1230.94,1230.54,1230.16,1229.42,1227.97,1226.08,1223.91,1221.67,1219.46,1216.89,1214.34,1211.96,1209.66,1206.97,1204.45,1202.73,1201.78,1201.33,1200.98,1200.63,1200.31,1199.99,1199.42,1198.65,1197.71,1196.93,1197.18,1198.60,1200.16,1201.57,1202.67,1203.06,1203.46,1204.49,1206.66,1210.22,1213.82,1217.23,1220.41,1223.33,1225.96,1228.33,1230.35,1231.97,1233.55,1234.75,1235.34,1235.24,1234.39,1233.35,1232.54,1232.00,1231.70,1231.41,1231.41,1231.52,1231.48,1230.87,1229.55,1227.42,1224.65
1721.89,1724.81,1727.94,1731.28,1734.73,1738.21,1741.45,1744.80,1748.12,1751.35,1754.60,1758.32,1760.01,1759.44,1756.65,1752.53,1746.67,1740.32,1734.10,1728.27,1722.09,1714.28,1706.17,1700.80,1697.73,1694.43,1690.83,1687.22,1683.42,1678.12,1671.81,1665.07,1658.58,1651.64,1646.32,1641.05,1633.35,1623.73,1616.48,1608.60,1599.69,1594.57,1589.63,1584.33,1578.54,1571.83,1563.15,1555.28,1549.58,1546.53,1543.71,1540.57,1537.19,1533.65,1530.03,1525.94,1521.56,1516.74,1511.21,1505.54,1500.94,1497.40,1494.63,1491.61,1489.88,1490.91,1493.92,1497.03,1500.45,1503.72,1506.68,1509.25,1511.68,1514.28,1516.46,1517.78,1517.65,1515.95,1513.44,1510.77,1508.45,1506.55,1505.64,1505.53,1506.11,1507.14,1508.05,1509.23,1510.82,1512.70,1513.86,1514.19,1514.00,1513.32,1511.72,1509.26,1506.10,1502.39,1498.54,1494.67,1490.17,1484.93,1478.81,1471.92,1466.53,1461.72,1456.81,1451.83,1446.69,1441.74,1437.51,1434.99,1433.30,1432.05,1430.79,1429.14,1427.11,1425.19,1424.43,1425.35,1427.97,1431.20,1433.95,1436.21,1438.20,1440.04,1442.50,1445.21,1447.91,1450.62,1453.72,1456.82,1459.46,1461.04,1462.76,1464.72,1466.66,1468.29,1469.45,1469.86,1469.56,1468.33,1465.57,1462.09,1458.21,1453.70,1448.17,1443.50,1439.22,1434.94,1430.08,1423.53,1417.02,1411.11,1405.76,1400.35,1392.79,1386.74,1382.09,1377.99,1374.19,1369.82,1365.06,1360.23,1355.91,1351.47,1346.23,1340.52,1335.07,1330.06,1324.90,1319.68,1314.56,1309.70,1306.25,1303.17,1299.53,1294.06,1287.59,1280.45,1273.62,1268.24,1264.43,1261.33,1258.07,1254.49,1251.08,1247.49,1243.93,1240.51,1237.28,1233.97,1231.09,1228.78,1227.13,1226.08,1225.62,1225.06,1224.07,1222.49,1220.75,1218.86,1216.88,1214.80,1212.13,1209.67,1207.38,1204.86,1201.30,1199.09,1197.64,1196.68,1196.21,1195.84,1195.68,1195.53,1195.19,1194.78,1194.20,1193.33,1192.41,1192.29,1193.26,1194.67,1196.15,1197.35,1197.74,1198.29,1199.60,1202.09,1205.89,1209.69,1213.23,1216.39,1218.97,1221.45,1223.71,1225.51,1226.68,1227.57,1228.27,1228.72,1228.68,1227.69,1226.78,1226.15,1225.86,1225.93,1225.98,1226.13,1226.43,1226.70,1226.29,1225.13,1223.04,1220.27
1719.70,1722.79,1725.95,1729.18,1732.49,1735.81,1738.85,1741.72,1744.75,1748.03,1751.42,1754.82,1757.43,1758.01,1755.38,1752.20,1746.92,1740.72,1734.31,1728.22,1721.41,1712.73,1703.96,1698.69,1695.51,1692.35,1688.86,1685.10,1681.30,1676.37,1670.91,1665.24,1659.41,1652.83,1647.41,1642.22,1635.39,1626.34,1618.79,1611.25,1603.20,1596.27,1589.78,1583.85,1578.25,1572.21,1563.74,1556.24,1550.53,1546.70,1543.35,1539.36,1535.14,1530.95,1526.81,1522.28,1517.49,1512.62,1507.75,1502.51,1498.18,1494.76,1491.88,1488.22,1484.70,1483.43,1484.74,1488.36,1492.76,1496.63,1500.19,1503.63,1506.17,1508.40,1510.47,1511.95,1511.66,1510.16,1507.81,1505.12,1502.59,1500.33,1499.19,1498.94,1499.50,1500.81,1502.20,1503.68,1505.35,1507.32,1508.89,1509.67,1509.88,1509.62,1508.57,1506.49,1503.66,1500.35,1497.00,1493.48,1489.14,1483.91,1477.71,1471.00,1465.62,1460.85,1456.14,1451.45,1446.23,1440.86,1435.77,1431.76,1429.21,1427.36,1425.64,1423.75,1421.77,1420.09,1419.40,1420.17,1422.75,1426.12,1429.04,1431.35,1433.23,1435.18,1437.57,1440.15,1442.74,1445.35,1448.55,1452.23,1455.62,1457.34,1459.17,1461.10,1462.91,1464.38,1465.37,1465.46,1464.86,1463.53,1461.26,1458.38,1454.78,1450.43,1445.26,1440.79,1436.64,1432.28,1427.21,1420.88,1414.62,1409.08,1404.03,1398.46,1391.23,1384.87,1379.61,1375.20,1371.25,1366.66,1361.84,1357.19,1353.00,1348.17,1342.91,1337.55,1332.48,1327.69,1322.91,1318.10,1313.36,1308.99,1305.75,1302.74,1298.98,1292.94,1285.73,1278.44,1271.82,1266.56,1262.48,1258.68,1254.81,1250.86,1247.20,1243.41,1239.63,1235.94,1232.42,1229.15,1226.37,1224.12,1222.43,1221.01,1220.31,1219.64,1218.65,1217.22,1215.76,1214.09,1212.21,1210.04,1207.34,1204.93,1202.71,1200.39,1197.45,1195.25,1193.50,1192.20,1191.56,1191.29,1191.22,1191.05,1190.62,1190.22,1189.80,1189.11,1188.38,1188.40,1189.17,1190.48,1191.90,1192.98,1193.60,1194.29,1195.77,1198.40,1201.80,1205.59,1209.40,1212.85,1215.32,1217.56,1219.56,1221.16,1222.17,1222.72,1223.03,1223.14,1222.76,1221.31,1219.89,1218.83,1218.28,1218.37,1218.65,1219.17,1219.83,1220.47,1220.70,1220.04,1218.23,1215.55
1717.53,1720.80,1724.02,1727.19,1730.34,1733.43,1736.34,1738.83,1741.62,1744.93,1748.59,1751.74,1754.87,1756.38,1754.44,1752.02,1747.49,1741.62,1735.09,1728.84,1721.76,1712.74,1703.65,1698.18,1694.77,1691.61,1688.04,1683.90,1679.72,1674.83,1669.87,1664.93,1659.56,1653.58,1648.06,1642.78,1636.84,1628.88,1621.15,1613.86,1606.62,1598.45,1590.55,1583.87,1578.27,1572.87,1565.10,1558.09,1552.23,1547.47,1543.39,1538.62,1533.63,1528.71,1523.96,1518.83,1513.45,1508.34,1503.97,1499.22,1495.27,1491.95,1488.85,1484.89,1480.01,1476.50,1475.66,1478.96,1483.65,1487.91,1492.05,1496.35,1499.68,1502.16,1504.44,1506.12,1505.68,1504.30,1502.03,1499.27,1496.46,1493.84,1492.34,1491.80,1492.28,1493.90,1495.85,1497.71,1499.49,1501.40,1503.24,1504.51,1505.28,1505.54,1505.13,1503.50,1501.08,1498.20,1495.29,1492.02,1487.87,1482.85,1476.99,1470.80,1465.32,1460.41,1455.89,1451.56,1446.38,1440.81,1435.13,1429.83,1426.43,1423.81,1421.42,1419.14,1417.09,1415.57,1414.83,1415.23,1417.35,1420.51,1423.44,1425.87,1427.89,1430.08,1432.41,1434.84,1437.39,1440.09,1443.39,1447.43,1451.43,1453.70,1455.71,1457.60,1459.29,1460.60,1461.40,1461.28,1460.49,1459.14,1457.32,1454.94,1451.46,1447.09,1442.28,1438.07,1434.02,1429.54,1424.21,1418.18,1412.29,1407.20,1402.49,1396.75,1389.92,1383.34,1377.47,1372.57,1368.38,1363.59,1358.73,1354.15,1349.81,1344.66,1339.47,1334.51,1329.83,1325.22,1320.82,1316.45,1312.11,1308.22,1305.09,1301.92,1297.78,1291.23,1283.75,1276.55,1270.21,1265.13,1260.70,1256.25,1251.81,1247.52,1243.55,1239.52,1235.54,1231.67,1227.96,1224.70,1221.91,1219.58,1217.70,1215.88,1214.75,1213.84,1212.87,1211.71,1210.53,1209.04,1207.26,1205.18,1202.76,1200.56,1198.47,1196.36,1194.02,1191.66,1189.55,1187.94,1187.27,1187.17,1187.19,1187.00,1186.47,1186.00,1185.57,1185.05,1184.60,1184.83,1185.58,1186.88,1188.25,1189.18,1189.94,1190.73,1192.34,1195.03,1198.06,1201.63,1205.39,1208.87,1211.40,1213.58,1215.44,1216.92,1217.86,1218.21,1218.19,1217.84,1216.95,1215.04,1212.97,1211.26,1210.30,1210.52,1211.21,1212.10,1213.04,1213.93,1214.64,1214.45,1213.00,1210.51
1715.50,1718.87,1722.23,1725.41,1728.39,1731.20,1733.99,1736.42,1739.09,1742.38,1746.55,1750.23,1753.01,1754.49,1753.98,1751.91,1748.32,1743.14,1736.60,1730.21,1723.56,1715.10,1706.15,1699.94,1696.53,1693.32,1689.53,1684.96,1679.91,1674.45,1669.07,1663.89,1658.65,1653.59,1647.99,1642.38,1637.25,1630.87,1623.12,1615.54,1608.51,1600.73,1592.15,1584.67,1578.67,1573.73,1567.39,1560.54,1554.12,1548.65,1543.57,1538.40,1532.91,1527.20,1521.76,1515.85,1509.70,1504.05,1499.62,1495.25,1491.72,1488.50,1485.16,1481.26,1475.64,1470.35,1467.09,1468.21,1471.62,1475.93,1480.50,1485.26,1490.70,1494.82,1498.02,1500.03,1499.66,1498.02,1495.59,1492.73,1489.71,1486.72,1484.63,1483.54,1483.74,1485.58,1487.97,1490.36,1492.57,1494.44,1496.39,1498.29,1499.89,1500.91,1501.18,1500.11,1498.15,1495.67,1493.17,1490.04,1486.13,1481.70,1476.98,1471.77,1466.09,1460.76,1456.28,1452.35,1447.42,1441.80,1435.77,1429.77,1425.50,1421.91,1418.70,1415.96,1413.55,1411.89,1410.89,1410.71,1411.77,1414.14,1416.74,1419.34,1422.00,1424.61,1426.85,1428.97,1431.32,1434.34,1437.92,1442.05,1446.38,1450.04,1452.38,1454.26,1455.87,1457.05,1457.75,1457.75,1457.17,1456.00,1454.16,1451.85,1448.16,1443.57,1439.11,1435.32,1431.41,1426.75,1421.06,1415.03,1409.78,1405.30,1400.88,1394.99,1388.25,1381.78,1375.71,1370.12,1365.64,1360.78,1355.88,1351.07,1346.09,1340.92,1335.98,1331.35,1326.94,1322.50,1318.47,1314.63,1310.83,1307.37,1304.18,1300.42,1295.44,1288.50,1281.46,1274.71,1268.72,1263.89,1259.03,1254.26,1249.50,1244.77,1240.38,1235.95,1231.72,1227.76,1224.06,1220.55,1217.54,1214.96,1212.77,1210.73,1208.85,1207.38,1206.38,1205.67,1204.69,1203.31,1201.73,1200.16,1198.65,1196.98,1195.15,1193.09,1190.66,1187.96,1185.57,1183.90,1183.52,1183.66,1183.83,1183.70,1183.13,1182.44,1181.69,1181.22,1181.13,1181.47,1182.48,1183.91,1185.29,1186.12,1186.73,1187.60,1189.26,1191.91,1194.90,1197.94,1200.89,1203.78,1206.65,1209.18,1211.21,1212.73,1213.62,1213.92,1213.63,1212.68,1211.06,1208.85,1206.15,1203.60,1202.13,1202.81,1204.35,1205.53,1206.50,1207.38,1208.07,1208.13,1207.13,1204.97
1713.44,1717.12,1720.80,1723.92,1726.72,1729.36,1731.84,1734.24,1736.89,1740.04,1744.02,1748.12,1751.08,1752.74,1752.87,1751.38,1748.26,1743.61,1737.61,1731.41,1725.41,1717.99,1709.78,1702.96,1698.58,1694.70,1690.54,1685.77,1680.32,1674.46,1668.51,1662.78,1657.84,1653.47,1648.38,1642.85,1637.20,1630.52,1622.93,1615.67,1608.95,1601.46,1593.28,1586.20,1580.43,1575.47,1569.89,1563.22,1556.53,1550.62,1544.91,1539.18,1533.01,1526.43,1520.05,1513.86,1507.07,1500.59,1495.60,1490.67,1486.93,1483.44,1479.75,1476.13,1470.92,1465.15,1460.37,1459.26,1461.30,1464.64,1468.49,1472.91,1478.91,1483.83,1488.41,1491.85,1491.08,1489.55,1487.31,1484.65,1482.01,1479.49,1477.63,1476.60,1476.74,1478.36,1480.36,1482.33,1484.10,1485.66,1487.86,1490.39,1492.81,1494.65,1495.67,1495.38,1494.19,1492.45,1490.62,1488.04,1484.73,1480.88,1476.60,1472.01,1466.84,1461.77,1457.24,1452.91,1447.90,1442.25,1436.04,1429.48,1424.70,1420.43,1416.55,1413.32,1410.52,1408.51,1407.10,1406.38,1406.78,1408.41,1410.95,1413.85,1416.59,1419.24,1421.71,1424.03,1426.40,1429.41,1433.00,1436.97,1441.06,1444.79,1447.80,1450.34,1452.36,1453.62,1454.31,1454.45,1454.04,1452.92,1450.82,1448.11,1444.38,1440.14,1436.21,1432.48,1428.07,1422.91,1417.10,1411.38,1406.52,1402.45,1398.35,1392.60,1386.49,1380.34,1374.26,1368.51,1363.80,1358.78,1353.55,1348.19,1342.69,1337.33,1332.39,1327.84,1323.62,1319.66,1316.03,1312.51,1308.96,1305.54,1302.31,1298.21,1292.82,1286.14,1279.67,1273.43,1267.71,1262.77,1257.54,1252.32,1247.08,1241.93,1237.31,1232.78,1228.50,1224.46,1220.61,1216.99,1213.74,1210.61,1207.52,1204.75,1202.33,1200.49,1199.35,1198.94,1198.68,1198.10,1197.25,1196.21,1195.06,1193.61,1191.72,1189.30,1186.51,1183.86,1181.50,1179.89,1179.83,1180.08,1180.42,1180.49,1180.04,1179.36,1178.60,1178.05,1177.86,1178.16,1179.20,1180.77,1182.28,1183.14,1183.69,1184.80,1186.63,1189.15,1191.87,1194.54,1197.07,1199.53,1201.95,1204.19,1206.22,1207.84,1208.76,1209.14,1208.66,1207.40,1205.45,1203.13,1200.59,1198.23,1196.73,1197.00,1198.38,1199.55,1200.51,1201.39,1202.32,1202.66,1202.06,1200.57
1711.46,1715.49,1719.54,1722.61,1725.22,1727.69,1729.83,1732.18,1734.82,1737.80,1741.29,1745.55,1748.81,1750.75,1751.21,1750.31,1747.53,1743.38,1738.11,1732.28,1726.88,1720.52,1713.25,1706.00,1700.32,1695.49,1690.81,1685.70,1679.53,1673.12,1666.72,1660.74,1656.04,1651.91,1647.30,1641.92,1635.52,1628.19,1621.07,1614.36,1607.87,1600.88,1593.79,1587.63,1582.30,1577.22,1571.97,1565.51,1558.83,1552.76,1546.80,1540.32,1533.22,1525.71,1518.34,1511.69,1504.42,1497.31,1491.59,1485.80,1481.50,1477.56,1473.57,1470.33,1465.97,1460.39,1454.77,1451.73,1452.42,1454.47,1457.17,1460.88,1466.55,1471.67,1477.36,1482.14,1481.00,1479.83,1478.06,1475.94,1473.99,1472.14,1470.73,1469.97,1470.12,1471.37,1472.82,1474.19,1475.42,1476.73,1479.24,1482.33,1485.42,1488.05,1489.82,1490.36,1490.04,1489.14,1488.03,1486.08,1483.45,1480.14,1476.05,1471.86,1467.35,1462.75,1458.14,1453.25,1448.03,1442.28,1435.89,1428.97,1423.88,1419.13,1414.69,1410.96,1407.77,1405.34,1403.43,1402.16,1402.08,1403.07,1405.49,1408.53,1411.11,1413.82,1416.66,1419.35,1421.83,1424.72,1428.23,1431.99,1435.72,1439.16,1442.77,1446.00,1448.51,1449.98,1450.71,1450.98,1450.68,1449.55,1447.19,1444.11,1440.52,1436.83,1433.37,1429.36,1424.20,1418.49,1412.72,1407.44,1402.96,1399.20,1395.40,1389.99,1384.60,1378.83,1372.89,1367.23,1362.31,1357.12,1351.52,1345.56,1339.62,1334.05,1329.01,1324.41,1320.29,1316.84,1313.55,1310.21,1306.75,1303.21,1299.88,1295.54,1289.98,1283.82,1277.95,1272.22,1266.70,1261.49,1256.00,1250.30,1244.60,1239.17,1234.48,1229.87,1225.55,1221.45,1217.41,1213.68,1210.19,1206.50,1202.47,1198.84,1196.03,1193.94,1192.62,1192.32,1192.76,1193.06,1192.98,1192.42,1191.39,1189.96,1187.88,1185.05,1181.94,1179.45,1177.32,1175.93,1176.17,1176.53,1177.08,1177.37,1177.08,1176.50,1175.82,1175.14,1174.69,1174.87,1175.78,1177.40,1179.07,1180.03,1180.62,1182.07,1184.14,1186.57,1188.98,1191.34,1193.60,1195.70,1197.52,1199.28,1201.18,1202.80,1203.72,1204.17,1203.57,1202.15,1200.12,1197.81,1195.66,1193.75,1192.33,1191.94,1192.81,1193.91,1194.96,1195.95,1197.17,1197.75,1197.55,1196.77
1709.86,1714.11,1718.48,1721.59,1723.98,1726.13,1728.13,1730.28,1732.77,1735.56,1738.55,1742.01,1745.29,1747.67,1748.34,1747.70,1745.40,1741.88,1737.34,1732.15,1726.75,1720.83,1714.29,1707.15,1700.38,1694.43,1688.79,1682.46,1673.55,1665.66,1659.66,1655.02,1649.99,1644.76,1639.51,1634.01,1627.92,1621.39,1615.70,1609.56,1602.83,1597.46,1592.53,1587.52,1582.51,1577.74,1572.06,1565.86,1559.85,1554.48,1549.16,1541.38,1532.68,1524.01,1515.88,1507.27,1499.95,1493.54,1487.17,1480.66,1475.37,1470.80,1466.91,1464.14,1460.65,1455.99,1450.88,1447.18,1446.80,1447.73,1449.40,1452.04,1456.09,1460.42,1465.34,1469.42,1468.74,1468.33,1467.78,1467.07,1466.16,1464.46,1463.17,1462.56,1462.74,1463.62,1465.13,1466.69,1468.21,1470.02,1472.93,1476.16,1479.42,1482.53,1484.87,1486.25,1486.76,1486.54,1485.88,1484.35,1482.18,1479.26,1475.30,1471.21,1466.95,1462.58,1458.03,1453.05,1447.63,1441.47,1434.69,1427.96,1422.82,1417.88,1413.14,1408.99,1405.40,1402.58,1400.09,1398.09,1397.57,1398.26,1399.98,1402.20,1404.58,1408.03,1411.38,1414.29,1416.84,1419.84,1423.19,1426.90,1430.78,1434.45,1437.81,1440.87,1443.46,1445.25,1446.14,1446.50,1446.17,1444.94,1442.63,1439.99,1437.07,1433.93,1430.35,1425.20,1419.25,1413.32,1407.85,1403.10,1399.29,1395.88,1392.23,1387.45,1382.26,1376.86,1371.42,1366.03,1360.88,1355.68,1349.98,1343.70,1337.42,1331.78,1326.68,1321.94,1317.57,1314.32,1311.05,1307.62,1304.05,1300.44,1296.67,1292.12,1286.75,1281.04,1275.77,1270.43,1264.95,1259.43,1253.92,1247.85,1242.03,1236.92,1232.40,1227.36,1222.76,1218.62,1214.50,1210.57,1206.86,1202.99,1198.69,1194.39,1191.54,1189.48,1187.94,1187.17,1187.46,1187.87,1187.99,1187.62,1186.58,1184.88,1182.59,1179.76,1176.79,1174.41,1172.84,1172.15,1172.58,1173.27,1174.00,1174.40,1174.21,1173.73,1173.03,1172.27,1171.64,1171.57,1172.07,1173.44,1175.09,1176.26,1177.14,1179.12,1181.59,1184.12,1186.50,1188.55,1190.48,1192.35,1194.04,1195.54,1197.01,1198.23,1198.90,1199.17,1198.52,1197.22,1195.44,1193.39,1191.39,1189.39,1187.72,1187.05,1187.58,1188.79,1190.29,1191.86,1193.11,1193.84,1194.01,1193.71
1708.48,1712.77,1716.97,1720.13,1722.55,1724.55,1726.47,1728.47,1730.71,1733.20,1735.92,1738.78,1741.63,1743.79,1744.41,1744.08,1742.37,1739.63,1735.88,1731.13,1725.33,1719.71,1714.02,1707.07,1699.35,1691.67,1683.80,1675.26,1665.91,1658.41,1652.69,1647.76,1641.55,1635.09,1628.88,1623.19,1618.04,1612.34,1606.80,1600.77,1594.14,1588.13,1584.73,1581.00,1576.52,1572.08,1566.85,1561.56,1556.60,1552.12,1547.75,1539.76,1530.11,1520.13,1511.05,1502.46,1495.74,1489.71,1482.83,1476.17,1469.94,1464.37,1459.88,1457.04,1454.22,1450.54,1446.12,1441.75,1439.35,1439.04,1440.48,1443.57,1447.34,1451.17,1454.94,1457.85,1458.02,1458.58,1459.15,1459.42,1459.04,1457.79,1456.99,1456.79,1457.18,1457.84,1459.11,1460.47,1461.83,1463.58,1466.68,1470.26,1473.93,1477.42,1480.26,1482.43,1483.67,1483.94,1483.58,1482.48,1480.45,1477.54,1473.71,1469.70,1465.58,1461.35,1456.89,1452.00,1446.54,1440.05,1432.96,1426.56,1421.25,1416.03,1411.06,1406.72,1402.97,1399.64,1396.50,1393.92,1393.06,1393.73,1395.23,1397.13,1399.39,1402.74,1406.05,1409.09,1411.91,1414.96,1418.21,1421.73,1425.49,1429.29,1432.67,1435.73,1438.35,1440.20,1441.14,1441.59,1441.39,1440.33,1438.34,1436.16,1433.74,1430.81,1426.66,1420.83,1414.55,1408.57,1403.37,1399.24,1395.88,1392.53,1388.80,1384.36,1379.60,1374.72,1369.72,1364.52,1359.36,1354.27,1348.49,1341.91,1335.51,1329.68,1324.34,1319.36,1314.88,1311.63,1308.30,1304.73,1300.98,1297.26,1293.18,1288.49,1283.37,1278.38,1273.68,1268.37,1262.55,1256.59,1251.00,1245.05,1239.53,1234.76,1230.14,1224.78,1219.94,1215.66,1211.45,1207.47,1203.48,1199.21,1194.67,1190.71,1188.05,1185.96,1184.19,1182.83,1182.37,1182.23,1182.14,1181.81,1180.69,1178.83,1176.57,1174.08,1171.47,1169.63,1168.62,1168.33,1168.69,1169.41,1170.32,1170.90,1170.83,1170.55,1169.87,1169.01,1168.23,1167.99,1168.24,1169.51,1171.20,1172.55,1173.58,1175.79,1178.58,1181.47,1184.02,1185.93,1187.63,1189.23,1190.63,1191.90,1193.02,1193.88,1194.32,1194.42,1193.59,1192.21,1190.48,1188.55,1186.58,1184.61,1182.98,1182.26,1182.62,1183.88,1185.62,1187.52,1189.06,1189.93,1190.38,1190.51
1707.27,1711.42,1715.04,1718.26,1720.92,1722.90,1724.78,1726.71,1728.65,1730.77,1733.41,1735.95,1738.02,1739.38,1739.76,1739.71,1738.66,1736.77,1733.81,1729.17,1722.79,1717.46,1712.61,1705.74,1697.16,1687.21,1676.19,1665.06,1657.55,1652.05,1646.40,1639.70,1631.68,1624.09,1616.92,1611.03,1607.14,1602.08,1595.53,1589.17,1582.95,1574.47,1571.81,1569.27,1565.46,1561.25,1557.07,1552.90,1548.88,1545.22,1541.91,1534.80,1525.06,1514.09,1504.27,1497.66,1492.02,1485.95,1478.75,1472.36,1465.38,1458.57,1452.90,1449.46,1446.96,1444.03,1440.17,1435.11,1430.01,1428.25,1430.01,1434.87,1439.75,1443.50,1446.14,1447.84,1449.09,1450.72,1452.16,1452.93,1452.57,1452.06,1452.04,1452.46,1453.18,1453.76,1454.54,1455.32,1456.09,1457.23,1460.28,1464.36,1468.59,1472.36,1475.59,1478.46,1480.29,1480.91,1480.75,1480.09,1477.97,1474.78,1471.13,1467.24,1463.22,1459.09,1454.76,1450.09,1444.69,1438.01,1430.78,1424.74,1419.13,1413.59,1408.45,1404.15,1400.38,1396.41,1392.61,1389.57,1388.47,1389.37,1391.16,1393.31,1395.60,1398.07,1400.86,1403.90,1407.12,1410.16,1413.34,1416.53,1419.84,1423.63,1427.26,1430.55,1433.23,1434.93,1435.83,1436.42,1436.50,1435.85,1434.41,1432.60,1430.48,1427.46,1422.47,1416.50,1410.34,1404.48,1399.43,1395.94,1392.69,1389.13,1385.13,1380.77,1376.65,1372.38,1367.75,1362.67,1357.72,1352.78,1346.91,1340.07,1333.71,1327.63,1321.91,1316.65,1312.17,1308.76,1305.31,1301.59,1297.61,1293.69,1289.40,1284.68,1279.89,1275.82,1271.56,1265.95,1259.50,1253.06,1247.36,1241.94,1237.04,1232.56,1227.57,1222.08,1217.09,1212.61,1208.28,1204.35,1200.00,1195.20,1190.48,1187.71,1185.39,1183.21,1181.13,1179.14,1177.50,1176.34,1175.64,1175.21,1173.94,1172.04,1170.07,1168.16,1166.13,1165.13,1164.62,1164.36,1164.46,1164.88,1165.91,1166.72,1166.81,1166.84,1166.24,1165.32,1164.45,1164.16,1164.36,1165.67,1167.48,1169.00,1170.05,1172.17,1175.14,1178.56,1181.45,1183.42,1184.99,1186.28,1187.22,1188.29,1189.13,1189.68,1189.92,1189.84,1188.74,1187.10,1185.22,1183.29,1181.26,1179.47,1178.15,1177.61,1177.92,1179.15,1180.85,1182.83,1184.90,1185.95,1186.62,1187.13
1705.87,1709.82,1713.27,1716.43,1719.11,1721.12,1723.00,1724.91,1726.80,1728.75,1731.01,1733.26,1735.09,1736.29,1736.62,1736.39,1735.39,1733.76,1730.93,1725.56,1719.96,1715.40,1710.52,1702.36,1692.45,1680.35,1668.51,1659.18,1653.07,1647.49,1641.60,1634.79,1626.24,1618.82,1612.25,1606.69,1602.34,1597.10,1590.41,1583.66,1577.24,1570.34,1567.25,1564.08,1559.99,1555.57,1549.72,1542.64,1536.08,1531.44,1528.18,1522.02,1514.26,1506.21,1499.65,1494.54,1489.11,1482.94,1476.04,1469.07,1461.88,1455.02,1449.18,1445.18,1441.43,1437.07,1432.22,1427.34,1421.41,1417.73,1417.93,1422.91,1429.24,1433.88,1437.45,1440.14,1441.76,1443.53,1445.15,1446.17,1446.03,1445.79,1445.97,1446.48,1447.16,1447.73,1448.64,1449.48,1450.17,1451.06,1453.74,1457.40,1461.32,1465.04,1468.37,1471.22,1473.27,1474.39,1474.72,1474.25,1472.46,1469.73,1466.53,1463.08,1459.47,1455.67,1451.59,1447.11,1441.53,1434.90,1427.98,1422.15,1416.22,1410.73,1405.80,1401.43,1397.02,1392.55,1388.18,1384.56,1383.34,1384.49,1386.80,1389.53,1392.21,1394.57,1397.12,1399.86,1402.75,1405.76,1408.74,1411.55,1414.36,1417.64,1420.92,1424.41,1427.60,1429.76,1430.81,1431.63,1431.96,1431.60,1430.67,1429.14,1427.21,1424.28,1419.24,1413.57,1407.75,1402.11,1397.04,1393.24,1389.44,1385.53,1381.47,1377.21,1373.36,1369.43,1365.11,1360.28,1355.65,1350.62,1344.51,1337.50,1331.20,1325.23,1319.46,1314.05,1309.53,1305.94,1302.34,1298.45,1294.20,1289.70,1285.03,1280.57,1276.47,1272.67,1267.95,1262.02,1255.53,1249.27,1243.83,1238.68,1233.96,1229.45,1224.15,1219.18,1214.48,1209.93,1205.42,1201.12,1196.27,1191.61,1187.91,1185.39,1183.08,1180.63,1178.04,1175.55,1173.40,1171.60,1170.28,1169.42,1167.80,1165.90,1164.17,1162.75,1161.36,1160.54,1159.97,1159.60,1159.54,1159.70,1160.32,1160.98,1161.36,1161.73,1161.63,1161.11,1160.49,1160.53,1160.72,1162.09,1164.05,1165.75,1167.20,1169.18,1171.76,1174.87,1178.12,1180.46,1182.12,1183.28,1184.04,1184.82,1185.27,1185.43,1185.27,1184.77,1183.56,1181.97,1180.22,1178.44,1176.48,1174.79,1173.64,1173.33,1173.46,1174.42,1175.97,1178.03,1180.33,1182.00,1183.18,1184.02
1704.73,1708.42,1711.70,1714.71,1717.32,1719.38,1721.31,1723.27,1725.16,1726.99,1728.88,1730.77,1732.37,1733.48,1733.81,1733.32,1732.20,1730.61,1727.82,1722.13,1717.40,1713.31,1708.04,1698.61,1687.66,1674.09,1662.34,1655.65,1650.74,1644.82,1638.67,1631.95,1623.17,1616.10,1610.24,1605.02,1600.02,1594.57,1587.88,1580.83,1574.23,1569.09,1565.20,1561.01,1556.37,1551.41,1543.78,1534.43,1525.91,1520.14,1516.30,1510.81,1505.01,1499.93,1496.34,1492.32,1486.93,1480.63,1473.93,1466.43,1459.13,1452.37,1446.48,1441.74,1436.43,1430.40,1424.33,1419.32,1413.54,1408.84,1407.45,1411.36,1418.63,1424.79,1429.69,1433.27,1435.21,1436.98,1438.51,1439.49,1439.46,1439.17,1439.24,1439.60,1440.16,1440.84,1441.93,1442.95,1443.75,1444.61,1446.85,1449.88,1453.29,1456.93,1460.49,1463.28,1465.42,1466.92,1467.62,1467.34,1466.01,1463.92,1461.26,1458.37,1455.24,1451.81,1447.99,1443.62,1437.85,1431.41,1424.94,1419.05,1412.98,1407.67,1402.91,1398.31,1393.30,1388.40,1383.59,1379.53,1378.20,1379.61,1382.38,1385.60,1388.65,1391.23,1393.76,1396.27,1398.82,1401.68,1404.39,1406.86,1409.25,1411.99,1414.84,1418.36,1421.89,1424.56,1426.00,1427.14,1427.73,1427.67,1427.19,1425.94,1424.16,1421.38,1416.71,1411.67,1406.25,1400.73,1395.43,1390.93,1386.39,1382.05,1377.89,1373.65,1369.95,1366.23,1362.17,1357.64,1353.36,1348.06,1341.69,1334.69,1328.57,1322.76,1316.97,1311.48,1306.97,1303.16,1299.29,1295.16,1290.65,1285.64,1280.76,1276.57,1272.92,1268.92,1263.70,1257.60,1251.30,1245.48,1240.42,1235.40,1230.66,1226.07,1220.82,1216.44,1212.03,1207.39,1202.62,1197.85,1192.85,1188.62,1185.85,1183.31,1180.71,1177.88,1174.88,1172.09,1169.61,1167.36,1165.48,1164.05,1162.06,1160.13,1158.55,1157.40,1156.39,1155.51,1154.81,1154.35,1154.22,1154.22,1154.51,1155.01,1155.64,1156.27,1156.67,1156.67,1156.53,1156.99,1157.26,1158.70,1160.84,1162.82,1164.66,1166.59,1168.77,1171.37,1174.50,1177.01,1178.76,1179.89,1180.63,1181.16,1181.32,1181.17,1180.68,1179.86,1178.63,1177.13,1175.46,1173.72,1171.77,1170.12,1169.09,1168.95,1169.05,1169.81,1171.24,1173.32,1175.70,1177.89,1179.56,1180.76
1704.26,1707.61,1710.51,1713.21,1715.65,1717.79,1719.90,1722.01,1723.90,1725.59,1727.29,1728.63,1729.76,1730.64,1730.97,1730.32,1729.01,1727.24,1724.59,1719.97,1715.59,1711.08,1705.03,1695.12,1684.01,1670.45,1659.70,1655.22,1651.29,1645.53,1639.21,1632.21,1623.22,1616.23,1610.51,1605.34,1600.24,1594.91,1588.04,1580.94,1574.57,1569.49,1564.55,1559.42,1554.04,1548.07,1539.79,1531.68,1524.35,1518.03,1512.75,1507.19,1502.25,1498.26,1494.90,1491.23,1486.00,1479.54,1472.44,1464.97,1457.52,1450.59,1444.39,1438.54,1431.77,1424.64,1417.61,1411.34,1406.94,1403.54,1401.45,1402.37,1409.30,1417.91,1424.03,1427.08,1429.57,1431.56,1432.72,1433.13,1432.87,1432.04,1431.57,1431.52,1431.97,1432.97,1434.07,1435.16,1436.26,1437.44,1439.21,1441.61,1444.56,1448.17,1452.45,1455.43,1457.58,1459.06,1459.74,1459.77,1459.00,1457.55,1455.50,1453.36,1450.68,1447.55,1443.92,1439.57,1433.64,1427.60,1421.64,1415.16,1409.38,1404.37,1399.51,1394.36,1389.16,1383.89,1378.88,1374.81,1373.34,1375.03,1377.98,1381.28,1384.53,1387.63,1390.50,1393.15,1395.63,1398.13,1400.46,1402.69,1404.91,1407.24,1409.86,1413.00,1416.29,1419.26,1421.54,1423.12,1424.03,1424.31,1424.22,1423.31,1421.64,1419.07,1415.26,1411.42,1406.41,1400.70,1394.78,1389.27,1383.86,1378.95,1374.49,1370.08,1366.47,1362.77,1358.84,1354.77,1350.74,1344.93,1338.29,1331.67,1326.03,1320.29,1314.40,1308.88,1304.57,1300.42,1296.06,1291.52,1286.78,1281.63,1277.02,1272.97,1269.01,1264.11,1258.72,1252.83,1246.98,1241.80,1237.24,1232.14,1227.13,1222.53,1218.11,1214.17,1209.84,1204.96,1199.76,1194.56,1190.24,1186.79,1184.07,1181.38,1178.01,1174.63,1171.55,1168.86,1166.12,1163.63,1161.35,1159.19,1156.94,1154.89,1153.22,1151.93,1150.64,1149.51,1148.79,1148.43,1148.31,1148.40,1148.79,1149.36,1150.04,1150.73,1151.40,1152.02,1152.67,1153.52,1154.06,1155.64,1158.02,1160.48,1162.51,1164.54,1166.62,1168.69,1170.58,1172.67,1174.38,1175.65,1176.59,1177.04,1177.15,1176.96,1176.39,1175.57,1174.44,1172.97,1171.15,1169.09,1166.93,1165.26,1164.27,1164.16,1164.63,1165.47,1166.88,1168.92,1171.13,1173.40,1175.37,1177.06
1705.22,1708.32,1710.85,1713.18,1715.29,1717.16,1719.06,1721.22,1723.08,1724.59,1726.03,1727.23,1727.86,1728.18,1728.27,1727.31,1725.87,1724.08,1721.64,1717.91,1713.88,1708.74,1701.97,1692.78,1682.41,1669.10,1658.79,1655.41,1652.46,1648.09,1641.98,1634.34,1626.00,1618.62,1612.86,1607.84,1602.58,1597.14,1590.33,1583.10,1576.38,1571.26,1565.79,1560.12,1554.58,1549.30,1542.34,1534.40,1526.31,1518.91,1513.39,1507.95,1503.25,1499.51,1496.18,1492.23,1486.91,1480.47,1473.19,1465.51,1457.46,1449.90,1443.10,1436.17,1428.74,1420.52,1412.53,1406.96,1402.73,1399.37,1397.07,1397.17,1402.53,1411.49,1418.27,1421.55,1423.87,1425.70,1426.58,1426.72,1426.25,1424.88,1423.92,1423.83,1424.71,1425.97,1427.20,1428.18,1428.99,1429.97,1431.81,1434.29,1437.18,1440.42,1444.17,1447.25,1449.69,1451.50,1452.55,1452.78,1452.33,1451.36,1449.86,1448.11,1445.78,1442.79,1439.01,1434.47,1429.19,1423.49,1417.46,1411.11,1405.81,1400.78,1395.63,1390.25,1384.95,1379.45,1374.42,1370.56,1368.89,1370.44,1373.63,1377.34,1380.81,1383.97,1386.91,1389.59,1392.02,1394.40,1396.43,1398.46,1400.58,1402.74,1405.37,1408.25,1411.17,1413.94,1416.59,1418.42,1419.66,1420.52,1421.24,1420.80,1419.58,1417.64,1414.70,1411.62,1406.90,1401.11,1394.82,1388.82,1383.20,1378.04,1373.22,1368.64,1364.71,1360.30,1355.69,1351.38,1347.42,1342.17,1336.04,1329.66,1324.15,1317.93,1311.79,1306.23,1301.69,1297.22,1292.78,1288.27,1283.54,1278.47,1273.74,1269.42,1265.13,1259.92,1254.57,1248.83,1243.37,1238.95,1234.69,1229.96,1225.21,1220.78,1216.89,1213.21,1208.77,1203.62,1198.14,1192.76,1188.70,1185.49,1182.55,1179.13,1175.07,1171.51,1168.65,1165.90,1163.07,1160.52,1158.05,1155.34,1152.56,1150.12,1148.11,1146.49,1145.01,1143.92,1143.34,1143.14,1143.27,1143.64,1144.24,1144.84,1145.34,1145.84,1146.60,1147.64,1148.85,1149.89,1150.91,1152.60,1155.04,1158.12,1160.82,1163.03,1164.93,1166.55,1167.80,1169.05,1170.22,1171.26,1172.03,1172.53,1172.67,1172.47,1171.88,1171.05,1169.80,1168.13,1166.12,1163.96,1161.84,1160.22,1159.22,1159.06,1159.84,1160.94,1162.60,1164.88,1167.02,1169.25,1171.41,1173.39
1706.85,1709.72,1711.93,1713.94,1715.71,1717.21,1718.74,1720.75,1722.43,1723.67,1724.88,1726.04,1726.22,1725.94,1725.71,1724.45,1722.88,1721.06,1718.82,1715.84,1712.12,1706.49,1699.28,1691.26,1682.08,1669.37,1659.30,1656.07,1653.84,1650.99,1645.31,1637.25,1629.90,1622.18,1616.30,1611.42,1606.06,1600.51,1593.94,1586.69,1579.52,1574.15,1568.41,1562.48,1556.96,1552.66,1547.61,1539.83,1530.73,1522.16,1516.50,1510.85,1505.95,1502.10,1498.83,1494.64,1489.27,1482.90,1475.60,1467.80,1459.01,1450.59,1442.92,1434.63,1426.41,1417.21,1408.67,1404.42,1399.82,1395.68,1392.95,1392.93,1396.67,1405.04,1412.22,1416.22,1418.22,1419.69,1420.30,1420.23,1419.55,1417.78,1416.57,1416.61,1417.98,1419.37,1420.64,1421.36,1421.69,1422.30,1424.38,1427.22,1430.26,1433.22,1436.17,1439.30,1442.04,1444.15,1445.61,1446.00,1445.79,1445.21,1444.19,1442.65,1440.54,1437.66,1433.80,1429.19,1424.67,1419.18,1412.91,1407.07,1402.15,1396.95,1391.50,1386.07,1380.66,1375.09,1370.25,1366.68,1364.72,1365.81,1369.14,1373.32,1376.93,1379.92,1382.87,1385.58,1387.98,1390.34,1392.20,1394.15,1396.26,1398.37,1401.06,1403.89,1406.57,1409.00,1411.75,1413.70,1415.25,1416.72,1418.29,1418.32,1417.68,1416.50,1414.38,1411.86,1407.40,1401.63,1395.18,1388.96,1383.53,1378.33,1373.23,1368.47,1364.11,1358.89,1353.35,1348.35,1344.32,1339.88,1334.47,1328.33,1322.78,1316.01,1309.63,1304.01,1299.03,1294.38,1290.07,1285.76,1281.17,1276.26,1271.26,1266.52,1261.85,1256.58,1251.30,1245.73,1240.67,1236.95,1233.00,1228.79,1224.48,1220.31,1216.74,1213.21,1208.69,1203.30,1197.56,1192.04,1187.96,1184.64,1181.26,1176.80,1172.23,1168.70,1166.10,1163.28,1160.42,1157.88,1155.28,1152.19,1148.80,1145.85,1143.36,1141.32,1139.65,1138.63,1138.09,1137.98,1138.34,1139.06,1139.93,1140.60,1140.90,1141.29,1142.13,1143.49,1145.11,1146.36,1147.89,1149.68,1152.08,1155.57,1159.05,1161.56,1163.34,1164.55,1165.39,1165.70,1166.16,1166.78,1167.22,1167.73,1167.89,1167.67,1167.07,1166.23,1164.82,1162.92,1160.72,1158.56,1156.52,1154.89,1153.82,1153.62,1154.68,1156.11,1158.12,1160.71,1162.93,1165.19,1167.54,1169.72
1708.79,1711.35,1713.42,1715.37,1717.07,1718.41,1719.65,1720.87,1721.69,1722.33,1723.59,1724.44,1724.40,1723.93,1723.44,1722.33,1720.44,1718.27,1716.02,1713.56,1709.90,1704.73,1698.37,1691.24,1683.47,1672.51,1662.75,1657.68,1654.92,1651.98,1646.92,1640.05,1633.59,1626.62,1620.74,1615.65,1610.62,1605.33,1599.33,1592.66,1585.63,1579.33,1573.61,1567.81,1562.00,1556.80,1552.51,1546.82,1539.27,1530.22,1522.47,1514.98,1509.07,1505.11,1502.37,1499.37,1494.46,1488.13,1481.14,1473.93,1464.61,1455.14,1446.03,1435.14,1424.08,1414.42,1407.12,1403.14,1398.13,1391.98,1386.95,1385.76,1389.97,1397.65,1405.13,1410.56,1412.88,1413.85,1414.02,1413.57,1412.45,1411.04,1410.39,1410.69,1411.84,1412.96,1413.55,1413.74,1413.82,1414.36,1416.45,1419.45,1422.88,1426.50,1429.84,1432.98,1435.43,1437.10,1438.41,1439.07,1439.21,1438.94,1438.17,1436.75,1434.53,1431.90,1428.89,1425.05,1420.30,1414.52,1408.41,1403.38,1398.08,1392.61,1387.17,1381.81,1376.07,1370.99,1366.82,1363.53,1361.01,1361.04,1364.00,1368.24,1371.59,1374.27,1377.49,1380.51,1382.86,1385.24,1387.36,1389.62,1391.97,1394.09,1396.65,1400.03,1403.34,1405.78,1408.31,1410.17,1411.87,1413.67,1415.47,1415.82,1415.59,1414.91,1413.43,1411.37,1407.32,1401.90,1395.65,1389.45,1384.58,1379.78,1374.73,1369.88,1365.42,1360.26,1354.23,1347.80,1343.45,1338.91,1333.72,1328.00,1322.44,1315.79,1309.51,1303.75,1298.29,1293.92,1289.82,1285.70,1281.40,1276.60,1271.49,1266.33,1261.11,1255.67,1250.34,1245.17,1240.63,1237.18,1233.81,1229.91,1225.89,1222.03,1218.44,1215.01,1210.73,1205.41,1199.21,1193.28,1188.68,1184.74,1180.51,1174.74,1170.28,1166.96,1164.31,1161.60,1158.77,1156.05,1153.32,1150.24,1146.37,1142.83,1139.79,1137.28,1135.20,1133.75,1132.73,1132.18,1132.36,1133.26,1134.48,1135.47,1136.01,1136.99,1138.23,1139.79,1141.63,1143.50,1145.38,1147.29,1149.43,1152.26,1156.02,1159.27,1161.37,1162.18,1162.48,1162.28,1162.16,1162.21,1162.31,1162.40,1162.36,1162.05,1161.37,1160.53,1159.21,1157.36,1155.12,1152.89,1150.57,1148.59,1147.32,1147.31,1148.61,1150.31,1152.54,1155.34,1158.11,1160.90,1163.62,1166.01
1710.26,1712.72,1714.88,1716.89,1718.57,1719.69,1720.54,1721.27,1721.71,1722.15,1723.23,1723.58,1723.41,1723.00,1722.35,1720.89,1718.46,1715.83,1713.37,1710.96,1707.26,1702.79,1697.70,1691.73,1685.08,1676.14,1667.33,1660.85,1656.83,1653.16,1648.38,1642.59,1637.11,1631.00,1625.31,1620.07,1615.09,1610.06,1604.53,1598.46,1591.87,1585.09,1579.17,1573.43,1567.65,1562.01,1557.40,1552.84,1547.00,1538.95,1529.70,1520.35,1512.93,1508.07,1505.27,1502.94,1499.14,1494.04,1488.04,1480.90,1471.82,1461.76,1450.81,1437.94,1423.75,1413.05,1406.47,1402.59,1397.20,1388.16,1379.86,1377.04,1380.62,1387.79,1396.23,1403.90,1407.44,1408.24,1407.70,1406.63,1405.50,1404.63,1404.61,1405.22,1406.24,1406.97,1407.03,1406.85,1406.82,1407.54,1409.58,1412.47,1415.95,1419.89,1423.57,1426.80,1429.23,1430.81,1431.91,1432.72,1433.08,1433.04,1432.56,1431.45,1429.50,1427.22,1424.65,1421.02,1415.84,1410.08,1404.41,1399.46,1393.84,1388.30,1382.89,1377.47,1371.93,1367.38,1363.52,1360.04,1356.77,1355.89,1358.67,1363.13,1366.39,1369.03,1372.20,1375.22,1377.64,1380.02,1382.38,1384.92,1387.49,1389.74,1392.25,1396.05,1400.07,1403.11,1405.49,1407.28,1409.00,1410.85,1412.64,1413.33,1413.49,1413.25,1412.27,1410.31,1406.50,1401.41,1395.50,1389.58,1385.24,1380.91,1376.15,1371.36,1366.87,1361.98,1355.90,1348.59,1343.92,1339.32,1334.28,1328.85,1323.38,1317.28,1311.33,1305.51,1299.74,1295.39,1291.41,1287.44,1283.29,1278.54,1273.28,1267.83,1262.40,1257.18,1251.76,1246.69,1242.41,1239.23,1236.27,1232.39,1228.36,1224.54,1220.94,1217.42,1213.18,1208.01,1201.80,1195.63,1190.27,1185.41,1180.40,1173.89,1169.41,1166.15,1163.42,1160.71,1157.84,1154.97,1152.04,1148.80,1144.64,1140.51,1136.87,1133.88,1131.51,1129.71,1128.27,1127.27,1127.14,1127.96,1129.27,1130.52,1131.60,1133.25,1134.96,1136.78,1138.79,1140.99,1143.10,1145.10,1147.07,1149.24,1152.35,1155.37,1157.40,1158.13,1158.21,1157.71,1157.17,1156.72,1156.37,1156.00,1155.86,1155.66,1155.17,1154.56,1153.46,1151.72,1149.43,1146.91,1143.70,1141.16,1140.02,1140.92,1142.86,1145.24,1147.95,1150.97,1154.06,1157.15,1160.02,1162.47
1711.18,1713.77,1716.22,1718.42,1720.07,1720.92,1721.28,1721.88,1722.54,1723.18,1723.79,1723.51,1723.27,1723.10,1722.41,1720.10,1716.94,1713.77,1710.89,1708.05,1704.26,1700.62,1697.01,1692.49,1686.72,1679.90,1672.61,1665.48,1659.67,1654.82,1649.88,1644.84,1640.36,1635.09,1629.76,1624.48,1619.25,1614.44,1609.23,1603.71,1597.81,1591.16,1584.83,1579.01,1573.56,1568.16,1562.37,1557.70,1553.31,1547.57,1537.85,1526.96,1517.64,1511.01,1507.41,1505.03,1502.81,1500.04,1495.67,1488.16,1480.21,1470.16,1457.13,1442.96,1425.63,1413.16,1406.41,1402.52,1396.60,1384.11,1372.09,1367.41,1369.01,1375.70,1385.43,1395.69,1401.38,1402.56,1401.28,1399.49,1398.80,1398.52,1399.03,1400.00,1401.03,1401.35,1401.14,1400.81,1400.80,1401.88,1403.84,1406.41,1409.57,1413.36,1417.15,1420.55,1423.30,1425.22,1426.21,1427.09,1427.54,1427.65,1427.51,1426.88,1425.58,1423.70,1421.03,1416.96,1411.34,1405.92,1400.86,1395.25,1389.44,1384.05,1378.68,1373.09,1368.29,1364.22,1360.26,1356.14,1352.01,1350.46,1353.27,1358.09,1361.50,1364.39,1367.15,1369.86,1372.47,1374.85,1377.37,1380.09,1382.85,1385.33,1387.95,1391.92,1396.54,1400.69,1403.12,1404.90,1406.54,1408.19,1409.80,1410.83,1411.35,1411.43,1410.80,1408.57,1404.80,1400.04,1394.62,1389.24,1385.33,1381.49,1377.23,1372.67,1368.18,1363.68,1357.97,1350.48,1345.54,1341.02,1336.15,1330.84,1325.60,1320.37,1314.91,1309.16,1303.32,1298.66,1294.68,1290.81,1286.66,1281.92,1276.46,1270.87,1265.58,1260.99,1255.52,1250.25,1245.91,1243.01,1240.18,1236.13,1231.76,1227.68,1224.08,1220.27,1215.88,1210.84,1205.07,1198.87,1192.63,1186.72,1181.05,1174.44,1169.71,1166.27,1163.49,1160.65,1157.67,1154.67,1151.50,1147.89,1143.59,1138.95,1134.65,1131.15,1128.65,1126.61,1124.82,1123.42,1122.91,1123.39,1124.46,1125.90,1127.73,1130.06,1132.32,1134.50,1136.64,1138.82,1140.99,1143.03,1144.90,1146.55,1148.16,1149.94,1151.45,1152.33,1152.51,1151.89,1151.08,1150.26,1149.37,1148.62,1148.51,1148.63,1148.61,1148.45,1147.64,1146.01,1143.60,1140.57,1136.07,1132.95,1132.30,1134.74,1137.66,1141.09,1144.54,1147.78,1150.88,1153.97,1156.73,1159.11
1711.68,1714.39,1717.04,1719.53,1721.37,1722.08,1721.93,1722.47,1723.21,1723.72,1723.62,1723.09,1722.70,1722.53,1722.09,1719.41,1715.90,1712.26,1708.67,1705.06,1701.57,1698.58,1695.75,1692.25,1688.20,1682.73,1676.37,1669.59,1662.94,1657.10,1651.66,1646.63,1642.34,1637.51,1632.43,1627.34,1622.45,1617.87,1612.90,1607.70,1602.31,1596.56,1590.20,1584.22,1578.71,1573.36,1567.64,1562.72,1558.16,1552.93,1545.13,1534.16,1523.42,1514.77,1509.50,1506.78,1504.66,1502.40,1499.30,1493.83,1488.26,1479.26,1465.13,1448.86,1429.04,1414.11,1405.49,1400.86,1391.96,1378.74,1367.07,1362.11,1362.29,1366.31,1373.03,1381.59,1389.97,1393.64,1394.09,1393.23,1392.62,1392.39,1392.64,1393.41,1394.53,1395.15,1395.14,1395.01,1395.10,1395.90,1398.02,1400.70,1403.72,1407.10,1410.52,1413.77,1416.73,1419.24,1421.00,1422.23,1423.07,1423.54,1423.48,1423.08,1421.88,1419.88,1416.91,1412.62,1407.37,1402.03,1396.66,1390.76,1385.06,1379.68,1374.40,1369.17,1364.77,1360.72,1356.69,1352.50,1348.28,1346.30,1348.45,1352.89,1356.72,1359.69,1362.19,1364.77,1367.59,1370.18,1372.66,1375.46,1378.52,1381.44,1384.50,1388.25,1392.51,1396.84,1400.20,1402.40,1404.10,1405.60,1407.05,1407.97,1408.45,1408.45,1407.52,1404.87,1401.41,1397.39,1392.86,1388.27,1384.63,1381.09,1377.26,1373.03,1368.67,1364.24,1358.91,1352.21,1347.04,1342.72,1338.19,1333.22,1328.45,1323.48,1318.30,1312.92,1307.43,1302.62,1298.26,1294.14,1290.06,1285.50,1280.20,1274.73,1269.57,1265.22,1260.49,1255.58,1251.00,1247.34,1244.37,1240.47,1236.02,1231.42,1227.13,1223.13,1218.68,1213.57,1207.68,1201.60,1195.48,1189.46,1183.43,1176.89,1171.30,1167.36,1164.65,1161.78,1158.68,1155.46,1152.08,1148.31,1143.87,1139.06,1134.22,1129.87,1127.09,1124.57,1122.19,1120.22,1119.29,1119.38,1120.31,1121.84,1123.98,1126.85,1130.00,1132.74,1134.97,1137.14,1138.91,1140.53,1142.01,1143.22,1144.26,1145.24,1145.98,1146.33,1146.28,1145.49,1144.51,1143.52,1142.54,1142.07,1142.21,1142.55,1142.72,1142.76,1141.86,1139.93,1137.04,1133.55,1129.84,1127.93,1128.18,1130.62,1133.72,1137.48,1141.23,1144.64,1147.75,1150.77,1153.39,1155.64
1712.10,1714.85,1717.57,1720.15,1722.05,1722.78,1722.56,1723.07,1723.68,1723.87,1723.19,1722.53,1721.98,1721.68,1721.26,1718.42,1714.80,1710.88,1706.74,1702.58,1699.57,1697.22,1694.97,1692.24,1689.55,1685.05,1679.43,1673.16,1666.01,1659.64,1653.87,1648.64,1644.19,1639.68,1634.88,1629.99,1625.31,1620.84,1615.90,1610.77,1605.67,1600.79,1594.73,1588.75,1583.21,1577.96,1572.46,1567.21,1562.15,1557.07,1551.18,1540.84,1529.32,1518.91,1512.01,1508.45,1505.86,1503.55,1501.33,1497.87,1494.20,1486.05,1471.40,1453.95,1432.79,1415.36,1403.63,1396.67,1384.40,1371.46,1361.63,1357.48,1356.84,1358.32,1361.80,1367.88,1377.18,1382.94,1385.61,1386.40,1386.21,1385.89,1385.74,1386.14,1387.11,1387.94,1388.20,1388.44,1388.83,1389.56,1392.00,1394.98,1397.98,1400.85,1403.73,1406.63,1409.61,1412.62,1415.37,1417.14,1418.47,1419.31,1419.33,1419.12,1417.94,1415.79,1412.53,1408.14,1403.31,1398.00,1392.22,1386.16,1380.65,1375.37,1370.24,1365.43,1361.24,1357.16,1353.07,1348.90,1344.74,1342.51,1343.99,1347.93,1352.16,1355.19,1357.60,1360.11,1362.99,1365.74,1368.22,1371.09,1374.38,1377.69,1381.10,1384.57,1388.32,1392.52,1396.64,1399.32,1401.23,1402.74,1404.01,1404.76,1405.11,1404.91,1403.63,1400.85,1397.83,1394.55,1390.84,1386.98,1383.54,1380.21,1376.77,1372.88,1368.63,1364.15,1359.15,1353.39,1348.20,1344.10,1339.96,1335.43,1331.14,1326.49,1321.65,1316.70,1311.64,1306.66,1301.78,1297.26,1293.17,1288.80,1283.78,1278.61,1273.71,1269.57,1265.64,1261.34,1256.74,1252.28,1248.92,1244.99,1240.38,1235.26,1230.26,1225.91,1221.32,1216.04,1209.84,1203.95,1198.19,1192.40,1186.43,1180.13,1173.92,1169.38,1166.45,1163.59,1160.35,1156.90,1153.26,1149.25,1144.66,1139.82,1134.59,1129.46,1126.27,1123.16,1120.14,1117.56,1116.08,1115.71,1116.51,1118.10,1120.45,1123.66,1127.61,1130.96,1133.42,1135.45,1136.80,1137.92,1138.86,1139.53,1140.22,1140.62,1140.67,1140.38,1140.04,1139.11,1138.04,1137.04,1136.29,1136.29,1136.72,1137.19,1137.44,1137.52,1136.33,1133.89,1130.44,1126.77,1124.32,1123.90,1125.05,1127.31,1130.36,1134.14,1137.99,1141.53,1144.61,1147.52,1150.01,1152.13
1712.57,1715.21,1717.71,1719.75,1721.28,1722.30,1723.21,1723.73,1723.76,1723.31,1722.57,1721.82,1721.18,1720.50,1719.33,1716.56,1713.24,1709.48,1705.37,1701.51,1699.17,1697.51,1695.83,1693.46,1690.67,1686.64,1681.65,1675.69,1668.29,1662.47,1657.03,1651.55,1646.52,1642.26,1637.89,1633.10,1627.91,1623.24,1617.85,1612.26,1607.00,1602.45,1597.19,1591.75,1586.50,1581.56,1575.95,1570.21,1564.88,1560.10,1554.62,1545.81,1534.81,1523.52,1515.62,1510.19,1506.50,1503.88,1501.77,1498.74,1494.88,1486.49,1472.19,1456.43,1436.45,1416.84,1399.91,1386.90,1371.80,1360.12,1353.34,1351.86,1351.56,1352.26,1354.63,1358.82,1364.18,1369.72,1374.29,1377.52,1378.89,1378.46,1378.03,1377.94,1378.14,1378.41,1378.91,1379.71,1380.84,1382.49,1385.53,1389.03,1392.18,1394.49,1396.67,1398.88,1401.46,1404.62,1408.34,1410.96,1412.81,1413.96,1414.22,1414.20,1413.29,1411.22,1407.82,1403.51,1398.74,1393.42,1387.58,1381.41,1376.18,1371.22,1366.41,1361.84,1357.64,1353.62,1349.54,1345.28,1341.08,1338.88,1340.10,1343.72,1348.06,1351.27,1353.90,1356.42,1359.00,1361.61,1364.32,1367.28,1370.50,1373.97,1377.29,1380.55,1384.00,1387.86,1391.82,1394.79,1397.22,1399.16,1400.21,1400.90,1401.08,1400.63,1399.32,1397.19,1394.77,1391.98,1388.71,1385.27,1381.92,1378.75,1375.60,1372.02,1367.77,1363.13,1358.25,1353.26,1348.58,1344.67,1340.89,1336.95,1333.02,1329.24,1325.06,1320.48,1315.72,1310.45,1304.95,1299.87,1295.53,1291.27,1286.62,1282.04,1277.77,1273.98,1270.51,1267.08,1263.17,1258.44,1254.21,1249.60,1244.51,1239.01,1233.59,1228.46,1223.41,1217.89,1211.27,1205.69,1200.23,1194.98,1189.93,1184.19,1178.37,1173.23,1169.19,1166.40,1162.95,1159.30,1155.34,1150.74,1145.94,1141.17,1135.89,1130.39,1126.50,1122.70,1119.10,1115.88,1113.52,1112.53,1113.18,1114.89,1117.42,1120.53,1124.82,1128.85,1131.85,1133.41,1134.55,1135.26,1135.52,1135.35,1135.63,1135.73,1135.43,1134.74,1134.11,1133.13,1132.11,1131.40,1131.43,1131.96,1132.65,1133.17,1133.30,1133.13,1131.41,1128.20,1124.15,1121.00,1119.74,1120.38,1122.24,1124.80,1127.69,1131.15,1134.86,1138.45,1141.39,1144.12,1146.52,1148.59
1712.68,1715.13,1717.45,1719.37,1720.87,1722.00,1723.19,1723.91,1723.77,1722.94,1722.04,1721.22,1720.29,1719.10,1717.38,1714.99,1712.13,1708.99,1705.70,1702.65,1700.54,1698.98,1697.30,1694.59,1691.28,1687.39,1683.05,1677.95,1671.35,1666.22,1661.32,1656.07,1650.67,1645.74,1641.12,1636.29,1630.81,1625.50,1619.88,1614.16,1608.70,1604.13,1599.25,1594.07,1588.87,1583.91,1578.11,1571.81,1566.05,1561.35,1556.08,1548.51,1538.54,1527.35,1518.24,1511.45,1506.77,1503.12,1499.43,1495.14,1490.46,1482.12,1469.08,1455.38,1437.54,1416.36,1394.74,1377.34,1361.71,1352.34,1347.76,1346.32,1344.92,1344.64,1345.85,1348.94,1354.31,1359.70,1364.73,1368.87,1371.14,1371.50,1371.10,1370.72,1370.67,1370.92,1371.62,1372.74,1374.17,1375.97,1379.17,1382.64,1385.71,1388.07,1390.31,1392.55,1395.12,1398.21,1401.76,1404.52,1406.75,1408.30,1408.72,1408.81,1407.90,1405.79,1402.39,1398.35,1393.78,1388.44,1382.57,1376.82,1371.80,1367.02,1362.32,1357.76,1353.66,1349.82,1345.93,1341.91,1338.05,1335.87,1336.99,1340.34,1344.13,1347.40,1350.09,1352.48,1354.83,1357.61,1360.56,1363.70,1367.02,1370.42,1373.63,1376.64,1379.67,1382.95,1386.35,1389.48,1392.18,1394.26,1395.55,1396.43,1396.75,1396.45,1395.34,1393.60,1391.43,1388.83,1385.80,1382.60,1379.61,1376.79,1373.95,1370.54,1365.96,1361.32,1356.82,1352.40,1348.07,1344.20,1340.66,1337.30,1333.84,1330.79,1327.30,1323.36,1319.17,1314.49,1309.10,1303.47,1298.12,1293.79,1289.55,1285.44,1281.53,1277.89,1274.55,1271.65,1268.56,1264.53,1259.93,1254.83,1249.14,1242.95,1237.00,1230.85,1225.18,1219.48,1212.83,1207.50,1202.62,1197.97,1193.44,1188.45,1182.99,1177.66,1173.02,1169.77,1166.12,1162.25,1157.94,1152.86,1147.74,1142.89,1137.75,1132.33,1127.73,1123.01,1118.66,1114.82,1111.65,1109.94,1110.32,1112.02,1114.54,1117.57,1121.59,1125.66,1129.01,1130.70,1131.64,1131.98,1131.80,1131.11,1130.65,1130.20,1129.33,1128.04,1127.20,1126.55,1126.03,1125.76,1126.15,1126.94,1127.83,1128.39,1128.24,1127.40,1125.11,1121.75,1118.09,1115.81,1115.58,1117.03,1119.50,1122.43,1125.31,1128.55,1132.03,1135.46,1138.29,1140.82,1143.01,1144.91
1712.51,1714.74,1716.94,1719.01,1720.69,1721.85,1722.96,1723.82,1723.67,1722.63,1721.58,1720.65,1719.31,1717.54,1715.43,1713.45,1710.96,1708.44,1706.18,1704.19,1702.30,1700.70,1698.85,1695.65,1691.83,1688.07,1684.35,1680.27,1674.96,1670.60,1666.20,1661.22,1655.51,1649.42,1644.20,1639.26,1633.61,1627.56,1621.85,1616.15,1610.50,1605.69,1600.93,1595.86,1590.59,1585.37,1579.31,1572.51,1566.38,1561.67,1556.40,1549.74,1541.00,1530.55,1520.35,1512.59,1506.92,1501.85,1495.90,1489.38,1483.32,1475.13,1463.84,1452.09,1436.07,1413.89,1388.99,1368.86,1354.17,1347.23,1344.05,1341.44,1338.55,1337.19,1337.15,1339.26,1345.65,1350.89,1355.88,1360.34,1363.27,1364.79,1364.64,1364.18,1364.17,1364.65,1365.60,1366.93,1368.44,1370.07,1373.07,1376.15,1379.00,1381.64,1384.23,1386.80,1389.54,1392.51,1395.50,1398.09,1400.51,1402.34,1402.87,1402.96,1401.97,1399.84,1396.61,1392.88,1388.56,1383.31,1377.58,1372.41,1367.51,1362.77,1358.07,1353.50,1349.58,1345.95,1342.32,1338.63,1335.17,1333.09,1334.19,1337.26,1340.33,1343.59,1346.26,1348.50,1350.65,1353.59,1356.64,1360.00,1363.56,1366.87,1370.01,1372.89,1375.61,1378.27,1380.96,1384.04,1386.73,1388.77,1390.46,1391.59,1392.19,1392.20,1391.37,1389.86,1387.79,1385.32,1382.49,1379.54,1376.99,1374.54,1371.89,1368.42,1363.51,1359.03,1354.94,1350.83,1346.71,1342.86,1339.59,1336.83,1333.89,1331.44,1328.64,1325.40,1321.90,1318.21,1313.33,1307.40,1301.06,1296.41,1292.54,1288.84,1285.16,1281.57,1278.19,1275.57,1273.18,1270.12,1265.50,1260.10,1253.85,1246.92,1240.41,1233.30,1226.99,1221.09,1214.67,1209.57,1205.31,1201.22,1196.96,1192.66,1187.55,1182.25,1177.31,1173.37,1169.53,1165.42,1160.77,1155.34,1149.87,1144.89,1139.95,1134.81,1129.55,1123.86,1118.71,1114.24,1110.39,1107.91,1107.88,1109.39,1111.80,1114.72,1118.20,1121.96,1125.42,1127.38,1128.11,1128.13,1127.63,1126.55,1125.24,1124.05,1122.54,1120.77,1119.83,1119.64,1119.71,1119.92,1120.46,1121.42,1122.51,1123.13,1122.69,1121.13,1118.38,1115.21,1112.33,1110.95,1111.57,1113.73,1116.75,1120.06,1123.04,1126.14,1129.36,1132.55,1135.28,1137.62,1139.57,1141.26
1711.89,1713.91,1716.18,1718.65,1720.70,1721.96,1723.22,1723.66,1723.24,1722.20,1721.11,1719.92,1718.08,1715.81,1713.48,1711.29,1708.46,1705.64,1703.47,1702.63,1701.85,1700.93,1699.48,1696.70,1693.29,1690.25,1687.13,1683.43,1679.33,1675.77,1671.34,1665.70,1659.42,1651.92,1646.03,1641.01,1635.29,1628.99,1623.32,1617.64,1611.80,1606.69,1601.79,1596.66,1591.25,1585.50,1579.05,1572.26,1566.32,1561.64,1555.85,1549.18,1541.49,1532.52,1522.22,1514.18,1507.30,1500.59,1493.07,1483.52,1474.98,1466.65,1457.49,1446.26,1428.41,1406.51,1383.77,1365.05,1352.84,1346.67,1342.98,1339.52,1336.52,1334.03,1332.46,1332.52,1335.59,1340.53,1346.27,1351.77,1355.86,1358.17,1358.68,1358.63,1358.79,1359.55,1360.95,1362.57,1364.18,1365.80,1367.89,1370.22,1372.67,1375.23,1377.85,1380.62,1383.54,1386.59,1389.64,1392.30,1394.34,1395.69,1396.19,1396.02,1395.15,1393.49,1390.84,1387.23,1383.04,1378.37,1373.42,1368.54,1363.47,1358.48,1353.74,1349.49,1345.86,1342.34,1338.84,1335.27,1331.62,1329.91,1330.94,1333.67,1336.72,1339.88,1342.61,1344.90,1346.90,1349.18,1351.71,1355.20,1359.32,1362.93,1366.15,1369.64,1372.89,1375.27,1377.48,1379.73,1381.78,1383.57,1385.26,1386.48,1387.24,1387.41,1386.66,1385.26,1383.47,1381.41,1379.11,1376.79,1374.45,1372.01,1369.02,1364.65,1360.19,1356.22,1352.18,1347.55,1343.30,1339.86,1337.26,1335.22,1332.73,1330.62,1328.30,1325.62,1322.64,1319.90,1315.73,1310.60,1304.99,1299.49,1295.70,1292.32,1288.85,1285.34,1281.89,1279.09,1276.55,1273.57,1269.37,1264.13,1257.76,1250.50,1243.58,1236.48,1229.72,1223.37,1217.48,1212.63,1208.64,1204.76,1200.55,1196.26,1191.46,1186.34,1181.26,1176.91,1172.82,1168.39,1163.51,1158.13,1152.53,1147.40,1142.51,1137.51,1131.88,1125.51,1119.61,1114.53,1110.41,1107.16,1106.26,1107.16,1109.40,1111.98,1115.06,1118.27,1121.12,1122.74,1123.24,1123.00,1122.16,1120.62,1118.64,1116.42,1114.53,1113.28,1112.63,1112.52,1112.68,1113.06,1113.84,1115.07,1116.44,1117.25,1116.89,1115.41,1112.85,1109.98,1107.45,1106.32,1107.41,1110.26,1113.85,1117.29,1120.68,1123.79,1126.78,1129.70,1132.44,1134.70,1136.54,1138.04
1710.80,1713.07,1715.73,1718.54,1720.77,1722.10,1723.44,1723.53,1722.82,1721.71,1720.51,1718.95,1716.78,1714.27,1711.72,1709.22,1706.04,1702.95,1700.76,1700.35,1700.09,1699.56,1698.47,1696.42,1693.96,1691.76,1689.25,1686.00,1682.72,1679.71,1675.25,1668.99,1661.66,1653.38,1647.11,1641.98,1636.30,1630.02,1624.21,1618.47,1612.70,1607.32,1602.17,1596.93,1591.26,1584.69,1577.77,1570.92,1565.02,1560.33,1554.57,1548.28,1541.42,1533.51,1523.82,1515.71,1508.09,1500.23,1491.10,1478.88,1468.13,1458.91,1450.18,1438.73,1420.65,1400.21,1380.12,1363.34,1353.07,1347.39,1343.44,1339.72,1336.68,1333.20,1330.27,1328.58,1328.90,1332.28,1337.17,1342.57,1347.58,1350.85,1352.21,1352.90,1353.63,1354.69,1356.36,1358.13,1359.79,1361.34,1362.85,1364.59,1366.53,1368.66,1370.94,1373.62,1376.66,1379.92,1382.95,1385.66,1387.63,1388.93,1389.59,1389.45,1388.81,1387.55,1385.31,1381.81,1377.79,1373.54,1369.10,1364.28,1359.32,1354.47,1349.90,1345.83,1342.26,1338.80,1335.36,1331.84,1328.18,1326.61,1327.51,1329.92,1332.73,1335.59,1338.49,1341.23,1343.64,1345.71,1347.95,1351.11,1354.97,1358.64,1362.05,1365.95,1369.63,1372.24,1374.35,1376.10,1377.67,1379.14,1380.58,1381.69,1382.40,1382.58,1381.91,1380.68,1379.16,1377.47,1375.59,1373.59,1371.25,1368.51,1365.13,1360.70,1356.80,1352.85,1348.39,1343.32,1339.29,1336.23,1333.99,1332.32,1330.34,1328.71,1326.89,1324.82,1322.61,1320.43,1316.88,1312.63,1308.05,1302.64,1298.66,1295.26,1291.97,1288.54,1285.13,1282.20,1279.48,1276.43,1272.30,1267.19,1261.10,1254.02,1246.44,1239.62,1232.78,1226.14,1220.61,1215.92,1211.90,1207.97,1203.78,1199.51,1195.08,1190.18,1185.01,1180.31,1175.85,1171.11,1166.06,1160.76,1155.29,1150.18,1145.26,1140.20,1134.30,1127.42,1120.91,1115.28,1110.75,1106.64,1104.56,1104.57,1106.54,1108.81,1111.47,1114.14,1116.44,1117.74,1118.01,1117.32,1115.79,1113.45,1111.14,1108.73,1106.96,1106.17,1105.87,1105.85,1106.01,1106.43,1107.36,1108.69,1110.16,1111.13,1111.00,1109.83,1107.60,1105.00,1102.71,1101.88,1103.16,1106.33,1110.33,1114.16,1117.79,1121.06,1124.04,1126.81,1129.50,1131.75,1133.49,1134.77
1709.33,1712.34,1715.70,1718.69,1720.90,1722.23,1723.57,1723.47,1722.57,1721.26,1719.77,1717.74,1715.52,1713.09,1710.37,1707.50,1704.12,1700.97,1698.68,1697.78,1697.20,1696.55,1695.69,1694.51,1693.42,1692.06,1690.13,1687.50,1684.62,1681.81,1677.40,1670.72,1661.91,1653.70,1647.41,1642.12,1636.57,1630.49,1624.27,1618.39,1612.91,1607.29,1601.82,1596.38,1590.36,1582.77,1575.46,1568.43,1562.36,1557.59,1552.58,1547.18,1540.93,1533.56,1525.07,1517.05,1509.33,1500.93,1490.21,1475.98,1463.46,1452.56,1442.25,1429.92,1413.87,1396.07,1378.34,1363.49,1354.26,1349.01,1345.34,1341.97,1338.77,1334.52,1330.51,1327.58,1326.46,1326.88,1328.99,1332.80,1338.28,1342.66,1345.05,1346.78,1348.49,1349.88,1351.55,1353.29,1354.93,1356.40,1357.86,1359.28,1360.65,1362.00,1363.57,1365.85,1368.92,1372.44,1375.28,1377.94,1380.25,1382.08,1383.10,1383.36,1383.04,1382.02,1380.00,1376.66,1372.88,1368.82,1364.42,1359.50,1355.00,1350.76,1346.62,1342.53,1338.76,1335.27,1331.83,1328.35,1324.96,1323.24,1323.95,1326.11,1328.35,1330.74,1333.90,1337.44,1340.85,1343.38,1345.66,1348.03,1350.70,1354.08,1357.70,1361.64,1365.52,1368.86,1371.27,1373.03,1374.42,1375.55,1376.57,1377.35,1377.78,1377.78,1377.23,1376.24,1374.96,1373.53,1371.88,1369.76,1367.21,1363.95,1360.22,1356.76,1353.34,1348.81,1343.48,1338.24,1334.82,1332.04,1329.78,1328.08,1326.68,1325.68,1324.42,1323.02,1321.81,1319.81,1316.74,1313.32,1309.83,1305.64,1301.26,1297.51,1294.33,1291.00,1287.71,1284.80,1281.99,1278.75,1274.27,1269.20,1263.74,1257.34,1248.88,1242.53,1236.03,1229.38,1223.91,1219.26,1214.94,1210.74,1206.57,1202.39,1198.40,1193.78,1188.57,1183.51,1178.56,1173.52,1168.35,1163.08,1158.01,1153.10,1148.12,1142.81,1136.72,1129.48,1122.53,1116.39,1111.21,1106.17,1102.65,1101.50,1103.07,1105.06,1107.26,1109.43,1111.33,1112.40,1112.41,1111.05,1108.49,1105.09,1102.83,1101.22,1100.12,1099.56,1099.59,1099.71,1099.87,1100.23,1101.16,1102.36,1103.72,1104.78,1105.05,1104.28,1102.44,1100.11,1098.05,1097.64,1098.88,1101.94,1106.11,1110.55,1114.25,1117.81,1121.03,1123.79,1126.38,1128.66,1130.33,1131.38
1708.67,1712.00,1715.76,1718.88,1721.11,1722.52,1723.94,1724.08,1723.43,1722.04,1719.49,1717.03,1715.34,1713.80,1711.50,1708.28,1705.09,1702.12,1699.46,1697.35,1695.44,1693.84,1692.49,1691.33,1690.49,1689.27,1687.60,1685.47,1682.99,1679.83,1675.21,1668.69,1660.15,1652.68,1646.54,1640.99,1635.13,1628.18,1621.25,1615.02,1609.37,1602.86,1597.18,1591.25,1584.88,1578.40,1572.11,1565.58,1559.70,1555.11,1550.40,1545.44,1539.84,1533.31,1525.56,1517.90,1510.37,1502.12,1491.56,1477.31,1463.27,1450.61,1438.93,1425.50,1410.57,1394.80,1378.85,1364.41,1356.11,1351.29,1347.81,1344.53,1340.89,1336.49,1332.09,1328.31,1325.89,1324.05,1323.77,1325.51,1329.74,1333.97,1337.38,1340.17,1342.39,1343.95,1345.41,1347.06,1348.96,1351.10,1353.24,1354.74,1355.86,1356.88,1358.01,1359.69,1362.06,1364.96,1367.79,1370.29,1372.65,1374.57,1375.45,1375.74,1375.52,1374.82,1373.42,1371.06,1367.93,1364.04,1359.51,1354.64,1350.57,1346.64,1342.71,1338.83,1335.14,1331.65,1328.15,1324.62,1321.34,1319.85,1320.70,1322.88,1325.11,1327.49,1330.38,1333.81,1337.61,1340.98,1343.37,1345.51,1347.81,1350.59,1353.73,1357.19,1360.76,1364.13,1366.89,1369.03,1370.69,1371.95,1372.89,1373.40,1373.57,1373.42,1372.89,1371.92,1370.66,1369.21,1367.49,1365.20,1362.54,1359.41,1355.98,1352.64,1348.53,1343.43,1338.00,1333.15,1329.74,1327.03,1324.95,1323.55,1322.56,1321.78,1320.95,1320.07,1319.08,1317.48,1315.14,1312.61,1309.98,1306.48,1302.40,1298.70,1295.47,1292.19,1288.91,1285.78,1282.70,1279.27,1274.57,1269.47,1264.25,1258.33,1250.20,1244.42,1238.56,1232.31,1226.59,1221.71,1217.25,1213.03,1208.99,1204.95,1201.28,1196.89,1191.61,1185.97,1180.59,1175.21,1169.84,1164.64,1159.70,1154.98,1150.13,1144.84,1138.72,1131.02,1123.56,1116.88,1110.89,1104.95,1100.59,1098.49,1099.08,1100.68,1102.39,1103.88,1104.97,1105.43,1104.87,1102.97,1100.27,1097.56,1095.68,1094.61,1093.98,1093.66,1093.72,1093.85,1094.01,1094.26,1094.82,1095.74,1096.94,1098.13,1098.85,1098.28,1096.77,1095.01,1093.70,1094.02,1095.64,1098.39,1101.89,1105.88,1109.77,1113.47,1116.90,1119.97,1122.68,1124.85,1126.49,1127.63
1708.39,1711.91,1715.96,1719.20,1721.52,1723.07,1724.53,1725.09,1724.79,1723.32,1719.96,1717.27,1716.28,1715.75,1713.94,1710.23,1706.87,1703.69,1700.48,1697.36,1694.30,1691.75,1689.71,1688.06,1686.96,1685.49,1683.78,1681.92,1679.74,1676.12,1671.25,1665.09,1657.51,1650.92,1644.89,1638.96,1632.50,1624.31,1616.61,1609.84,1603.69,1596.66,1590.86,1584.66,1578.29,1573.09,1567.87,1562.21,1556.93,1552.59,1548.09,1543.44,1538.47,1532.81,1525.71,1518.44,1511.13,1503.22,1493.40,1480.13,1465.41,1451.47,1438.67,1424.56,1410.02,1395.51,1380.91,1366.63,1358.31,1353.63,1350.35,1347.22,1343.27,1338.63,1333.90,1329.52,1325.99,1322.36,1320.05,1319.81,1322.38,1325.84,1329.82,1333.38,1335.95,1337.58,1338.74,1340.23,1342.28,1344.99,1347.80,1349.66,1350.87,1351.78,1352.68,1354.01,1355.84,1358.18,1360.93,1363.27,1365.55,1367.42,1368.25,1368.62,1368.52,1368.09,1367.25,1365.70,1363.11,1359.29,1354.62,1350.01,1346.28,1342.52,1338.71,1335.05,1331.50,1328.03,1324.49,1320.90,1317.62,1316.44,1317.55,1319.90,1322.33,1324.84,1327.46,1330.59,1334.43,1338.38,1340.89,1343.00,1345.12,1347.32,1349.88,1352.78,1355.87,1359.00,1361.95,1364.45,1366.46,1367.96,1368.96,1369.32,1369.32,1369.07,1368.52,1367.53,1366.23,1364.70,1362.84,1360.45,1357.77,1354.85,1351.72,1348.25,1343.35,1337.85,1332.52,1328.05,1324.47,1321.68,1319.68,1318.47,1317.70,1317.10,1316.68,1316.22,1315.38,1314.23,1312.61,1310.84,1308.91,1306.05,1302.57,1299.07,1295.74,1292.52,1289.17,1285.76,1282.30,1278.57,1273.75,1268.74,1263.71,1258.19,1250.90,1245.75,1240.65,1234.96,1228.86,1223.81,1219.29,1215.10,1211.17,1207.25,1203.74,1199.54,1194.29,1188.10,1182.26,1176.52,1170.96,1165.81,1160.90,1156.30,1151.55,1146.28,1140.06,1132.03,1124.16,1116.92,1110.14,1103.57,1098.60,1095.61,1094.91,1095.87,1097.11,1098.03,1098.45,1098.32,1097.28,1095.11,1092.61,1090.67,1088.97,1088.25,1088.01,1087.94,1087.98,1088.12,1088.29,1088.49,1088.81,1089.51,1090.52,1091.69,1092.63,1092.19,1091.05,1089.93,1089.43,1090.47,1092.66,1095.22,1098.03,1101.34,1105.16,1108.84,1112.36,1115.68,1118.55,1120.64,1122.34,1123.65
1708.61,1712.23,1716.51,1719.92,1722.48,1724.31,1725.61,1726.79,1726.72,1725.08,1722.26,1719.99,1719.72,1719.93,1718.29,1713.68,1708.76,1704.11,1700.02,1697.02,1694.11,1691.30,1688.47,1685.52,1683.45,1681.13,1678.78,1676.64,1674.38,1670.45,1665.44,1659.76,1653.83,1647.98,1641.85,1635.26,1627.71,1617.95,1609.53,1601.83,1594.60,1588.55,1582.84,1577.26,1571.87,1566.90,1561.79,1557.59,1553.77,1549.78,1545.50,1541.14,1536.71,1531.79,1525.40,1518.43,1511.22,1503.64,1495.01,1484.11,1470.96,1457.26,1443.85,1430.51,1414.87,1399.86,1385.83,1372.06,1361.09,1355.56,1352.73,1350.08,1346.37,1340.75,1335.33,1330.81,1326.65,1322.03,1318.48,1316.86,1317.91,1319.75,1322.92,1326.40,1329.29,1330.75,1331.57,1332.66,1334.36,1336.83,1339.71,1342.39,1344.42,1345.55,1346.60,1348.45,1350.86,1353.51,1355.79,1358.04,1360.08,1361.85,1363.21,1364.16,1364.36,1364.08,1363.26,1361.41,1358.70,1354.68,1349.98,1346.15,1342.55,1338.75,1334.95,1331.38,1327.88,1324.49,1321.00,1317.36,1313.89,1313.03,1314.51,1317.22,1320.00,1322.73,1325.51,1328.48,1331.75,1335.20,1337.91,1340.07,1341.93,1343.85,1346.07,1348.57,1351.16,1353.72,1356.36,1358.89,1361.11,1362.86,1363.97,1364.55,1364.65,1364.37,1363.74,1362.83,1361.52,1359.92,1358.02,1355.75,1353.17,1350.20,1346.88,1343.17,1338.15,1332.70,1327.45,1322.91,1319.11,1315.97,1313.59,1312.02,1311.05,1310.83,1310.77,1310.64,1310.31,1309.61,1308.45,1307.07,1305.51,1303.56,1300.96,1297.78,1294.35,1291.29,1287.76,1284.02,1280.04,1275.63,1270.95,1266.39,1261.70,1256.56,1250.64,1246.20,1242.06,1237.10,1230.48,1225.59,1221.05,1216.82,1212.98,1209.05,1205.31,1201.25,1196.32,1189.83,1183.35,1177.28,1171.62,1166.38,1161.46,1156.75,1151.88,1146.43,1139.80,1131.95,1123.92,1116.13,1108.81,1102.23,1096.97,1093.01,1090.65,1090.25,1091.08,1091.97,1092.43,1092.13,1091.00,1089.29,1087.24,1084.98,1082.57,1081.93,1082.01,1082.16,1082.34,1082.55,1082.80,1083.18,1083.89,1084.65,1085.37,1086.05,1086.54,1086.18,1085.56,1085.07,1085.16,1086.71,1089.66,1092.54,1095.22,1098.00,1100.84,1104.12,1107.48,1110.66,1113.61,1115.84,1117.73,1119.30
1709.22,1713.05,1717.46,1720.77,1723.28,1725.31,1726.97,1728.32,1728.57,1727.64,1726.05,1724.49,1723.59,1722.65,1720.35,1715.27,1709.21,1703.52,1698.88,1695.54,1693.14,1690.55,1687.47,1684.00,1681.04,1677.95,1674.94,1672.10,1668.78,1664.60,1660.04,1655.25,1650.09,1644.67,1638.17,1630.59,1621.86,1612.21,1603.70,1595.68,1588.07,1581.88,1575.73,1569.96,1564.63,1559.71,1554.88,1551.26,1548.06,1544.63,1541.26,1538.23,1534.82,1530.46,1524.43,1517.99,1511.24,1504.08,1496.07,1486.65,1475.79,1464.05,1451.58,1438.27,1421.88,1406.21,1392.20,1379.23,1365.89,1358.47,1354.74,1351.99,1348.27,1341.96,1336.12,1331.48,1326.47,1321.33,1317.20,1314.53,1313.84,1314.55,1316.77,1319.73,1322.68,1324.28,1324.81,1325.34,1326.27,1327.88,1330.42,1333.20,1335.47,1336.80,1338.12,1340.31,1343.37,1346.86,1349.63,1352.04,1354.21,1356.13,1357.72,1359.08,1359.66,1359.68,1359.01,1357.04,1354.34,1350.63,1346.40,1342.82,1339.03,1335.08,1331.21,1327.59,1324.10,1320.57,1316.91,1313.20,1310.01,1309.72,1311.75,1314.79,1317.63,1320.44,1323.29,1326.17,1329.10,1332.05,1334.56,1336.61,1338.36,1340.03,1341.88,1343.94,1346.11,1348.32,1350.61,1352.88,1355.02,1356.86,1358.16,1359.03,1359.39,1359.32,1358.78,1357.93,1356.59,1354.95,1353.07,1351.00,1348.68,1345.77,1342.23,1338.21,1333.21,1327.87,1322.64,1317.89,1313.55,1309.88,1307.05,1305.20,1304.38,1304.74,1305.02,1304.93,1304.60,1304.03,1303.01,1301.78,1300.44,1298.88,1296.88,1294.39,1291.51,1288.37,1284.76,1280.23,1275.40,1270.88,1266.31,1262.20,1258.00,1253.49,1249.13,1245.81,1242.45,1238.05,1231.76,1226.92,1222.40,1218.10,1214.09,1210.04,1206.19,1202.26,1197.60,1190.96,1184.16,1177.83,1171.97,1166.63,1161.67,1156.75,1151.59,1145.81,1138.81,1130.91,1122.77,1114.80,1107.47,1101.21,1095.78,1091.10,1087.46,1085.42,1084.83,1084.84,1085.05,1085.09,1084.39,1083.12,1081.32,1078.96,1076.84,1076.58,1076.95,1077.24,1077.41,1077.33,1077.37,1077.77,1078.80,1079.71,1080.30,1080.74,1080.95,1080.32,1079.74,1079.75,1080.62,1082.71,1086.13,1089.48,1092.46,1095.06,1097.33,1099.88,1102.61,1105.43,1108.33,1110.47,1112.32,1113.96
1710.06,1714.14,1718.60,1721.75,1724.16,1726.34,1728.43,1729.67,1730.22,1730.27,1730.00,1729.20,1727.12,1724.28,1720.91,1715.30,1708.25,1701.83,1696.86,1692.88,1691.05,1688.97,1686.04,1682.49,1679.05,1675.40,1671.74,1668.05,1663.41,1659.03,1655.09,1651.19,1646.31,1641.07,1634.21,1625.77,1616.14,1607.38,1599.10,1591.06,1583.34,1576.38,1569.40,1562.84,1556.91,1551.85,1547.40,1543.89,1540.85,1538.03,1535.77,1534.30,1532.08,1528.31,1522.76,1516.94,1510.78,1504.09,1496.54,1488.21,1479.82,1470.79,1460.26,1447.02,1430.45,1414.26,1400.00,1388.01,1373.02,1362.56,1356.38,1352.98,1349.10,1342.43,1336.42,1331.70,1325.94,1320.57,1316.17,1312.65,1310.22,1309.96,1311.18,1313.40,1316.18,1318.04,1318.41,1318.39,1318.45,1318.94,1320.84,1323.23,1325.36,1326.88,1328.52,1330.88,1334.34,1338.64,1342.50,1345.31,1347.84,1350.11,1351.84,1353.55,1354.54,1354.94,1354.52,1352.56,1349.93,1346.76,1343.26,1339.67,1335.61,1331.48,1327.48,1323.70,1320.13,1316.36,1312.44,1308.67,1305.94,1306.47,1309.20,1312.62,1315.35,1318.14,1320.93,1323.68,1326.37,1328.85,1330.97,1332.85,1334.51,1335.96,1337.42,1339.12,1341.00,1343.00,1344.99,1346.91,1348.83,1350.68,1352.13,1353.21,1353.83,1353.99,1353.57,1352.75,1351.39,1349.76,1348.02,1346.23,1344.26,1341.41,1337.67,1333.38,1328.48,1323.24,1318.01,1313.03,1308.07,1303.82,1300.50,1298.35,1297.66,1298.39,1298.81,1298.61,1298.08,1297.56,1296.64,1295.56,1294.43,1293.06,1291.48,1289.78,1287.62,1284.18,1280.39,1274.94,1269.23,1264.87,1260.44,1256.77,1253.13,1249.43,1246.61,1244.58,1241.89,1237.94,1232.43,1227.74,1223.33,1219.01,1214.69,1210.44,1206.57,1202.78,1198.29,1191.63,1184.72,1178.18,1172.12,1166.62,1161.57,1156.40,1150.86,1144.65,1137.21,1129.23,1121.09,1113.19,1106.17,1100.32,1094.78,1089.57,1085.01,1081.35,1078.97,1077.68,1077.34,1077.71,1077.51,1076.57,1074.95,1072.87,1071.54,1071.76,1072.39,1072.80,1072.84,1072.30,1071.99,1072.32,1073.53,1074.71,1075.30,1075.58,1075.59,1074.55,1073.87,1074.25,1075.86,1078.44,1082.08,1085.91,1089.40,1092.08,1094.15,1095.94,1097.89,1100.23,1102.91,1104.86,1106.58,1108.16
1710.94,1715.26,1719.57,1723.08,1725.93,1728.18,1729.64,1730.51,1730.97,1731.07,1730.70,1730.06,1727.71,1724.35,1720.20,1712.53,1704.14,1697.22,1692.23,1687.45,1685.39,1683.89,1681.75,1678.33,1676.18,1672.78,1668.69,1664.50,1659.82,1655.38,1651.26,1647.18,1642.46,1637.06,1630.59,1622.93,1614.03,1605.48,1597.32,1589.10,1580.80,1573.03,1564.53,1556.34,1549.03,1543.31,1539.33,1535.99,1533.01,1530.48,1528.41,1527.01,1525.28,1522.77,1519.28,1513.99,1508.09,1501.97,1495.58,1488.77,1481.75,1474.62,1466.72,1455.79,1441.14,1425.47,1411.12,1400.29,1386.29,1369.92,1357.08,1351.89,1347.75,1341.60,1335.99,1331.40,1325.99,1320.46,1315.67,1311.46,1307.75,1306.06,1306.41,1307.95,1310.11,1311.90,1312.63,1312.69,1312.41,1312.28,1313.14,1314.54,1316.16,1317.93,1319.93,1321.97,1324.42,1327.91,1333.30,1337.00,1340.09,1342.92,1345.33,1347.34,1348.72,1349.54,1349.50,1347.76,1345.18,1342.33,1339.31,1335.94,1332.09,1327.99,1323.79,1319.64,1315.64,1311.67,1307.68,1303.91,1301.38,1303.15,1307.01,1311.04,1313.72,1316.25,1318.61,1320.91,1323.16,1325.33,1327.30,1328.98,1330.37,1331.49,1332.65,1334.45,1336.50,1338.38,1340.40,1342.29,1344.23,1346.09,1347.28,1348.01,1348.31,1348.20,1347.62,1346.60,1345.41,1344.11,1342.72,1341.49,1339.77,1336.82,1332.88,1328.91,1324.15,1318.88,1313.59,1308.64,1303.54,1298.95,1295.14,1292.38,1290.80,1290.24,1289.81,1289.39,1289.21,1289.26,1289.09,1288.76,1288.27,1287.43,1286.25,1284.72,1282.37,1278.13,1273.46,1267.59,1261.79,1257.45,1253.30,1249.97,1246.97,1244.24,1242.41,1241.38,1239.26,1235.68,1230.89,1227.06,1223.27,1219.14,1214.59,1210.14,1206.37,1202.64,1198.12,1191.57,1184.68,1178.12,1171.95,1166.22,1160.91,1155.52,1149.67,1142.89,1134.43,1126.94,1119.26,1111.61,1105.10,1099.26,1093.50,1088.09,1083.36,1079.04,1075.71,1073.30,1071.72,1070.80,1070.24,1069.05,1067.81,1067.37,1066.61,1066.99,1067.79,1068.37,1068.20,1067.33,1066.78,1066.91,1067.92,1069.62,1070.33,1070.36,1070.00,1068.92,1068.56,1069.14,1070.76,1073.46,1076.92,1080.82,1084.66,1087.88,1090.40,1092.17,1093.85,1095.75,1097.75,1099.67,1101.38,1102.75
1711.96,1716.38,1720.53,1724.25,1727.40,1729.63,1730.66,1731.29,1731.56,1731.41,1730.79,1729.93,1727.34,1723.47,1718.10,1708.02,1697.26,1688.72,1683.16,1678.63,1676.48,1675.34,1674.01,1671.56,1670.59,1668.15,1664.53,1660.34,1656.24,1651.85,1647.50,1643.21,1638.62,1633.15,1627.05,1620.29,1612.63,1604.55,1596.29,1587.81,1579.22,1571.01,1561.64,1552.11,1543.49,1537.40,1533.46,1529.74,1526.26,1523.45,1521.13,1519.58,1518.10,1516.32,1513.89,1509.55,1504.47,1499.17,1493.80,1488.28,1482.41,1476.66,1470.58,1461.87,1450.14,1436.02,1421.89,1411.36,1399.35,1381.98,1365.04,1354.08,1347.40,1341.26,1335.93,1331.26,1325.97,1320.43,1315.47,1310.86,1306.36,1303.15,1302.42,1303.10,1304.52,1305.99,1307.08,1307.31,1306.81,1306.16,1306.43,1307.35,1308.77,1310.72,1312.92,1314.78,1316.49,1318.97,1324.14,1328.07,1331.38,1334.38,1337.06,1339.32,1341.51,1343.11,1343.52,1342.35,1340.27,1337.88,1335.23,1332.00,1328.27,1324.16,1319.81,1315.32,1310.89,1306.78,1302.86,1299.29,1297.15,1300.07,1304.54,1308.78,1311.85,1314.29,1316.35,1318.21,1319.99,1321.84,1323.61,1325.10,1326.33,1327.41,1328.59,1330.44,1332.51,1334.37,1336.45,1338.35,1340.21,1341.90,1342.84,1343.22,1343.22,1342.88,1342.14,1341.05,1340.06,1339.06,1337.96,1337.00,1335.31,1332.32,1328.41,1324.70,1320.10,1314.96,1309.83,1304.98,1299.73,1294.76,1290.47,1287.10,1284.64,1283.08,1282.05,1281.49,1281.53,1281.90,1282.26,1282.48,1282.40,1281.79,1280.53,1278.76,1276.18,1271.95,1266.70,1260.93,1255.40,1250.83,1246.82,1243.45,1240.65,1238.52,1237.17,1236.53,1234.99,1232.27,1228.68,1225.72,1222.51,1218.58,1213.85,1209.46,1205.83,1202.13,1197.62,1191.25,1184.41,1177.84,1171.61,1165.67,1159.89,1154.18,1148.03,1140.82,1131.91,1124.96,1117.68,1110.23,1104.17,1098.22,1092.26,1086.72,1081.88,1077.05,1073.00,1069.77,1067.19,1064.99,1063.64,1062.19,1061.24,1061.61,1061.51,1062.20,1063.17,1063.79,1063.27,1062.12,1061.15,1060.81,1061.61,1063.42,1064.43,1064.66,1064.33,1063.63,1063.61,1064.21,1065.54,1068.01,1071.35,1075.27,1079.27,1082.79,1085.73,1087.59,1089.14,1090.75,1092.26,1094.01,1095.57,1096.76
1713.14,1717.51,1721.54,1725.23,1728.32,1730.45,1731.47,1732.08,1732.07,1731.49,1730.68,1729.21,1726.22,1721.58,1714.25,1701.63,1687.41,1675.90,1669.08,1666.08,1664.11,1663.00,1662.39,1661.83,1661.58,1660.79,1658.69,1655.10,1652.13,1647.96,1643.55,1639.25,1634.80,1629.41,1623.55,1617.56,1611.49,1604.33,1595.76,1586.97,1578.54,1570.40,1561.14,1550.89,1541.26,1535.14,1530.58,1525.77,1521.13,1517.38,1514.41,1512.63,1511.16,1509.33,1506.45,1503.59,1500.05,1495.86,1491.20,1486.55,1481.75,1476.81,1471.38,1464.37,1456.40,1445.00,1431.61,1420.33,1410.97,1399.14,1382.36,1361.51,1349.31,1342.07,1336.60,1331.51,1325.84,1320.43,1315.57,1310.94,1306.16,1301.46,1299.36,1298.95,1299.55,1300.42,1301.67,1302.03,1301.34,1300.23,1300.54,1301.73,1303.42,1305.47,1307.71,1309.66,1311.24,1312.82,1315.55,1318.78,1321.82,1324.49,1326.84,1329.26,1332.74,1335.51,1336.43,1336.21,1335.20,1333.49,1331.11,1327.88,1324.08,1319.91,1315.46,1310.73,1305.89,1301.72,1298.00,1294.88,1293.46,1297.21,1301.53,1305.47,1309.42,1312.08,1314.08,1315.65,1316.91,1318.42,1319.94,1321.28,1322.53,1323.94,1325.52,1327.25,1329.08,1331.02,1333.14,1335.01,1336.65,1337.98,1338.75,1338.88,1338.70,1338.26,1337.42,1336.48,1335.67,1334.86,1333.93,1332.85,1330.92,1327.99,1324.41,1320.83,1316.38,1311.63,1306.92,1302.23,1296.72,1291.26,1286.47,1282.57,1279.45,1277.56,1276.40,1275.81,1275.84,1276.12,1276.61,1277.00,1276.96,1276.12,1274.26,1271.87,1269.16,1266.00,1260.74,1255.58,1250.59,1245.51,1241.40,1237.52,1234.40,1232.35,1230.89,1229.94,1228.99,1227.75,1225.92,1223.72,1220.94,1217.17,1212.39,1208.34,1204.91,1201.27,1196.77,1190.68,1183.96,1177.36,1171.05,1164.93,1158.45,1152.33,1145.88,1138.49,1129.97,1123.50,1116.45,1109.12,1103.40,1097.23,1091.13,1085.52,1080.51,1075.20,1070.62,1066.89,1063.77,1060.63,1058.10,1056.46,1055.58,1055.47,1056.11,1057.33,1058.48,1058.93,1057.91,1056.54,1054.95,1053.83,1054.51,1055.88,1057.37,1058.37,1058.57,1058.71,1058.96,1059.39,1060.23,1062.12,1065.44,1069.39,1073.30,1076.71,1079.90,1081.88,1083.39,1084.87,1086.27,1087.66,1088.87,1089.94
1714.55,1719.02,1723.10,1726.78,1729.61,1731.25,1732.22,1732.50,1732.08,1731.17,1730.23,1727.85,1724.46,1718.53,1707.49,1692.36,1677.58,1665.79,1658.47,1655.53,1653.06,1651.56,1650.89,1650.52,1650.37,1650.15,1649.06,1646.65,1644.32,1641.11,1638.10,1635.15,1630.81,1625.27,1620.03,1615.18,1610.23,1603.99,1595.88,1587.32,1579.07,1571.22,1562.56,1553.29,1543.93,1535.43,1529.15,1523.33,1517.98,1513.48,1509.60,1506.97,1504.81,1502.69,1500.32,1498.19,1495.37,1491.85,1487.90,1483.94,1479.69,1475.14,1470.18,1464.67,1458.66,1450.68,1440.91,1430.40,1420.63,1410.50,1397.95,1381.22,1362.25,1348.33,1339.22,1333.31,1327.15,1321.20,1316.24,1311.63,1306.44,1301.05,1297.90,1296.40,1296.04,1296.06,1296.02,1295.33,1293.95,1292.37,1292.59,1294.26,1296.53,1298.98,1301.81,1304.18,1306.05,1307.63,1309.63,1312.14,1314.70,1317.17,1319.60,1322.20,1325.50,1328.34,1329.89,1330.28,1329.97,1328.82,1326.81,1323.83,1320.12,1316.04,1311.42,1306.11,1301.03,1296.85,1293.22,1290.37,1289.47,1292.56,1296.72,1300.93,1304.99,1308.45,1311.06,1312.81,1313.85,1315.20,1316.56,1317.97,1319.48,1321.03,1322.71,1324.41,1326.17,1328.03,1329.98,1331.71,1333.17,1334.28,1334.91,1335.00,1334.73,1334.20,1333.37,1332.50,1331.66,1330.82,1329.88,1328.70,1326.79,1324.13,1320.99,1317.84,1313.99,1309.64,1305.15,1300.49,1294.29,1288.10,1282.78,1278.58,1275.12,1272.84,1271.56,1271.00,1270.98,1271.10,1271.58,1271.99,1271.93,1271.09,1269.40,1267.29,1264.78,1261.42,1256.52,1251.16,1245.82,1240.78,1236.17,1232.09,1228.79,1226.45,1224.84,1224.07,1223.55,1222.97,1222.06,1220.33,1217.69,1214.21,1210.11,1206.63,1203.44,1199.74,1195.22,1189.72,1183.42,1176.51,1169.53,1162.97,1156.55,1150.25,1143.54,1136.18,1128.62,1122.36,1115.45,1108.38,1102.88,1096.67,1090.52,1084.76,1079.47,1074.10,1069.44,1065.48,1061.97,1058.45,1055.23,1052.64,1050.89,1050.30,1050.37,1051.54,1052.61,1052.74,1051.65,1050.25,1048.55,1047.37,1048.30,1049.68,1051.17,1052.27,1052.69,1053.09,1053.54,1053.99,1054.73,1056.66,1059.65,1062.99,1066.43,1069.87,1072.83,1074.64,1076.14,1077.86,1080.00,1081.28,1082.27,1083.29
1716.14,1720.86,1725.07,1728.54,1730.94,1732.11,1732.90,1732.72,1731.85,1730.66,1729.38,1726.18,1721.76,1713.85,1699.41,1682.48,1668.17,1656.64,1648.40,1644.44,1641.22,1638.98,1637.43,1636.09,1635.50,1635.49,1635.26,1634.27,1633.04,1631.49,1630.52,1629.46,1625.79,1620.87,1616.56,1612.73,1608.58,1603.28,1595.98,1588.05,1580.29,1572.89,1564.88,1556.71,1547.70,1536.79,1528.82,1522.13,1516.24,1511.12,1506.28,1502.55,1499.53,1497.08,1495.15,1493.29,1490.72,1487.59,1484.21,1480.80,1476.94,1472.68,1468.14,1463.83,1459.13,1454.16,1448.12,1439.18,1429.18,1419.80,1411.32,1401.07,1379.11,1359.30,1345.17,1336.36,1329.33,1322.48,1317.05,1312.25,1306.75,1301.10,1297.20,1294.67,1293.16,1292.06,1290.51,1288.57,1286.35,1284.20,1284.06,1285.95,1288.73,1291.73,1295.28,1298.22,1300.61,1302.61,1304.59,1306.61,1308.75,1311.06,1313.57,1316.21,1318.96,1321.57,1323.66,1324.55,1324.73,1324.03,1322.42,1319.75,1316.25,1312.36,1307.70,1301.96,1296.45,1292.18,1288.60,1285.91,1285.37,1287.63,1291.53,1295.89,1299.75,1303.81,1307.04,1309.24,1310.51,1312.05,1313.45,1315.03,1316.76,1318.32,1319.87,1321.52,1323.27,1325.05,1326.77,1328.31,1329.55,1330.43,1330.88,1330.92,1330.54,1329.91,1329.21,1328.47,1327.62,1326.73,1325.77,1324.59,1322.87,1320.60,1317.97,1315.25,1312.01,1308.09,1303.82,1299.05,1292.02,1285.14,1279.36,1274.88,1271.09,1268.48,1267.08,1266.54,1266.46,1266.44,1266.82,1267.19,1267.16,1266.43,1265.08,1263.30,1260.90,1257.15,1252.43,1246.78,1241.16,1236.37,1231.38,1227.21,1223.78,1221.12,1219.41,1218.86,1218.59,1218.32,1217.79,1216.25,1213.74,1210.69,1207.48,1204.58,1201.50,1197.74,1193.30,1188.48,1182.77,1175.59,1167.92,1160.96,1154.71,1148.30,1141.43,1134.22,1127.51,1121.32,1114.57,1107.84,1102.49,1096.34,1090.17,1084.27,1078.76,1073.48,1068.89,1064.74,1060.91,1057.21,1053.57,1050.00,1047.10,1045.62,1044.70,1045.46,1046.17,1045.87,1044.76,1043.45,1042.08,1041.37,1042.60,1044.09,1045.46,1046.43,1046.87,1047.28,1047.92,1048.52,1049.40,1051.64,1054.43,1057.16,1060.01,1063.22,1065.80,1067.47,1068.94,1070.83,1073.56,1074.91,1075.88,1076.93
1718.12,1723.40,1727.87,1730.47,1732.07,1733.13,1733.44,1732.57,1731.36,1729.88,1727.54,1724.13,1716.63,1705.07,1689.73,1673.21,1660.10,1648.12,1637.05,1629.98,1625.80,1622.01,1617.76,1613.24,1611.11,1611.07,1611.68,1612.35,1614.12,1615.77,1617.61,1618.92,1617.63,1615.99,1613.27,1609.76,1605.82,1601.52,1595.45,1588.94,1582.57,1575.92,1568.42,1560.15,1550.66,1539.30,1530.64,1523.49,1517.24,1511.64,1505.97,1500.96,1497.10,1494.31,1491.87,1489.40,1486.39,1483.09,1479.88,1476.75,1473.22,1469.35,1465.26,1461.28,1457.41,1453.57,1449.15,1442.98,1435.96,1427.67,1419.22,1410.68,1398.60,1380.25,1359.89,1341.99,1332.99,1324.65,1317.83,1312.09,1306.69,1301.46,1297.51,1294.14,1290.97,1288.11,1285.68,1282.90,1279.72,1276.76,1275.49,1276.67,1279.42,1283.13,1287.36,1291.09,1294.36,1297.28,1300.01,1302.21,1304.31,1306.49,1308.78,1310.93,1313.28,1315.68,1317.85,1319.25,1319.60,1319.13,1317.88,1315.52,1312.47,1308.96,1304.74,1299.31,1292.65,1287.99,1284.38,1281.74,1281.19,1283.37,1286.72,1290.33,1293.69,1297.16,1300.56,1303.65,1306.32,1308.91,1310.91,1312.74,1314.45,1315.74,1316.68,1318.16,1319.98,1321.77,1323.28,1324.54,1325.43,1325.90,1326.07,1325.82,1325.18,1324.48,1324.12,1323.75,1323.15,1322.39,1321.52,1320.62,1319.37,1317.70,1315.64,1313.17,1310.18,1306.78,1302.85,1297.69,1289.77,1282.53,1276.49,1271.59,1267.27,1264.51,1263.03,1262.41,1262.28,1262.21,1262.38,1262.66,1262.84,1262.43,1261.22,1259.18,1256.34,1252.63,1247.21,1241.73,1236.77,1232.43,1227.73,1223.60,1220.06,1217.28,1215.73,1215.05,1214.69,1214.23,1213.22,1211.28,1209.00,1206.73,1204.53,1202.01,1198.60,1194.82,1190.88,1186.71,1181.83,1174.76,1166.86,1159.87,1153.50,1146.98,1140.19,1133.27,1126.67,1120.34,1113.86,1107.60,1102.31,1096.34,1090.19,1084.26,1078.79,1073.73,1069.18,1064.85,1060.72,1057.01,1053.36,1049.40,1045.28,1041.57,1039.58,1039.22,1038.95,1038.02,1036.64,1035.65,1035.58,1036.35,1037.70,1039.22,1040.49,1041.22,1041.31,1041.48,1042.36,1043.37,1044.72,1047.57,1050.85,1053.56,1055.77,1057.83,1060.00,1061.73,1063.21,1064.76,1066.84,1068.60,1070.02,1071.38
1720.24,1725.94,1729.90,1732.07,1733.28,1733.83,1733.32,1732.05,1730.44,1728.42,1725.32,1720.62,1710.84,1696.72,1679.93,1665.14,1651.98,1638.90,1626.29,1617.33,1612.18,1608.14,1603.73,1598.39,1595.66,1594.25,1593.45,1593.34,1594.63,1596.75,1599.79,1603.10,1604.95,1605.90,1605.36,1603.80,1601.57,1598.30,1593.55,1588.43,1583.35,1577.86,1571.32,1563.55,1554.19,1542.76,1533.34,1525.60,1518.87,1512.66,1506.15,1500.40,1495.90,1492.52,1489.41,1486.37,1483.04,1479.63,1476.46,1473.43,1469.93,1466.16,1462.32,1458.75,1455.35,1451.84,1447.90,1443.06,1437.72,1431.24,1424.42,1417.75,1410.33,1396.65,1377.91,1356.95,1340.14,1328.53,1319.66,1312.44,1306.72,1301.39,1296.80,1292.54,1288.38,1284.30,1280.95,1277.39,1273.53,1270.09,1268.46,1269.09,1271.62,1275.85,1280.56,1284.95,1288.64,1291.66,1294.54,1297.05,1299.48,1301.79,1303.77,1305.63,1307.71,1309.87,1311.91,1313.38,1313.96,1313.87,1313.11,1311.37,1308.92,1305.82,1301.74,1296.16,1289.41,1284.40,1280.58,1277.91,1277.19,1279.21,1282.16,1285.34,1288.58,1291.84,1295.74,1299.62,1303.04,1306.15,1308.42,1310.35,1312.02,1313.13,1313.74,1314.93,1316.41,1317.66,1318.74,1319.59,1320.13,1320.37,1320.48,1320.15,1319.59,1319.06,1318.87,1318.75,1318.55,1318.17,1317.59,1317.09,1316.22,1314.99,1313.34,1311.03,1308.27,1305.21,1301.45,1295.99,1287.66,1280.38,1274.00,1268.26,1263.25,1259.98,1258.34,1257.78,1257.74,1257.67,1257.63,1257.55,1257.26,1256.35,1254.68,1252.48,1249.74,1246.21,1241.57,1236.99,1232.69,1228.59,1224.15,1219.86,1216.22,1213.52,1211.55,1210.42,1209.64,1208.82,1207.52,1205.80,1203.96,1202.16,1200.39,1198.23,1194.98,1191.61,1188.37,1184.86,1180.19,1173.55,1166.21,1159.62,1153.36,1146.70,1139.82,1132.95,1126.29,1119.87,1113.53,1107.53,1102.32,1096.47,1090.44,1084.53,1079.03,1074.34,1069.93,1065.45,1061.00,1057.12,1053.42,1049.19,1044.45,1039.70,1036.67,1034.98,1033.55,1031.89,1030.03,1029.02,1029.23,1030.39,1032.00,1033.88,1035.22,1035.93,1036.08,1036.31,1037.20,1038.40,1040.10,1043.07,1046.49,1049.35,1051.48,1052.96,1054.60,1055.93,1057.19,1058.64,1060.49,1062.24,1063.85,1065.49
1722.15,1728.25,1731.37,1733.40,1734.45,1734.16,1732.74,1731.19,1729.17,1726.50,1722.90,1716.04,1704.41,1688.64,1670.50,1657.96,1644.08,1629.73,1616.57,1606.82,1601.01,1597.46,1594.24,1589.53,1586.71,1583.38,1580.15,1577.94,1576.73,1577.52,1580.26,1584.48,1588.91,1591.53,1593.26,1594.58,1595.23,1593.58,1590.51,1586.86,1582.92,1578.68,1573.34,1566.51,1557.82,1546.70,1536.52,1528.18,1520.91,1513.97,1506.72,1500.56,1495.53,1491.40,1487.61,1484.06,1480.48,1476.96,1473.70,1470.62,1467.03,1463.22,1459.55,1456.40,1453.24,1449.49,1445.18,1440.58,1436.13,1431.78,1427.34,1422.44,1416.34,1408.54,1395.97,1376.71,1350.97,1334.55,1322.85,1313.83,1307.28,1301.24,1295.62,1290.38,1285.49,1280.71,1276.59,1272.39,1268.09,1264.32,1262.30,1262.43,1264.77,1269.43,1274.51,1279.43,1283.29,1286.03,1288.69,1291.49,1294.38,1296.96,1298.72,1300.44,1302.31,1304.24,1306.04,1307.31,1308.16,1308.51,1308.28,1307.28,1305.47,1302.76,1298.69,1292.83,1286.71,1281.42,1277.22,1274.36,1273.34,1275.12,1277.83,1280.88,1284.30,1287.70,1292.16,1296.60,1300.32,1303.63,1305.98,1307.89,1309.46,1310.41,1310.86,1311.66,1312.49,1312.94,1313.41,1313.77,1314.00,1314.15,1314.35,1314.13,1313.86,1313.67,1313.58,1313.63,1313.89,1314.01,1313.83,1313.73,1313.20,1312.31,1310.97,1308.81,1306.26,1303.39,1299.64,1293.98,1285.60,1278.47,1271.69,1264.93,1259.10,1255.07,1253.06,1252.48,1252.50,1252.40,1252.15,1251.60,1250.55,1248.83,1246.53,1244.29,1241.97,1238.74,1235.59,1232.22,1228.58,1224.62,1220.38,1215.78,1212.00,1209.33,1206.74,1205.06,1203.78,1202.58,1201.23,1200.06,1198.72,1197.15,1195.38,1193.57,1190.89,1188.22,1185.74,1182.85,1178.12,1172.17,1165.90,1159.97,1153.96,1147.21,1140.14,1133.08,1126.24,1119.78,1113.50,1107.61,1102.48,1096.74,1090.86,1084.99,1079.43,1075.12,1070.90,1066.32,1061.58,1057.44,1053.65,1049.26,1044.28,1039.20,1035.19,1032.12,1029.52,1027.10,1024.64,1023.29,1023.09,1023.88,1025.65,1027.92,1029.39,1030.25,1030.81,1031.40,1032.24,1033.53,1035.48,1038.29,1041.62,1044.68,1047.05,1048.40,1049.52,1050.29,1051.24,1052.69,1054.51,1056.05,1057.71,1059.58
1722.43,1729.35,1732.37,1734.41,1735.05,1733.61,1731.73,1729.70,1727.27,1724.41,1720.61,1710.39,1696.47,1680.33,1663.44,1651.63,1637.58,1623.12,1610.47,1602.00,1597.22,1594.01,1590.90,1586.83,1583.51,1579.71,1575.83,1572.38,1569.29,1567.88,1567.44,1567.81,1569.17,1570.71,1573.36,1577.27,1582.12,1585.28,1585.70,1584.12,1580.93,1576.95,1572.57,1567.18,1560.07,1550.16,1539.65,1530.98,1523.20,1515.40,1507.97,1501.47,1495.75,1490.79,1486.70,1483.01,1479.10,1475.13,1471.46,1468.14,1464.66,1461.18,1457.90,1454.97,1452.02,1447.44,1441.62,1436.20,1432.64,1429.78,1426.43,1421.89,1416.71,1411.07,1403.70,1391.92,1370.72,1346.93,1330.09,1319.15,1310.55,1302.05,1295.29,1288.79,1282.27,1277.80,1273.93,1269.81,1265.42,1261.05,1255.86,1255.18,1258.11,1263.22,1268.83,1273.91,1278.05,1281.20,1283.80,1286.35,1289.14,1291.92,1294.19,1295.97,1297.66,1299.35,1300.93,1302.10,1303.10,1303.76,1303.92,1303.27,1301.83,1299.33,1295.49,1290.19,1285.16,1279.82,1274.91,1271.19,1269.69,1271.05,1273.84,1277.41,1281.54,1285.53,1289.84,1294.00,1297.66,1301.10,1303.56,1305.40,1306.68,1307.16,1307.54,1307.66,1307.64,1307.57,1307.18,1307.05,1307.18,1307.50,1307.82,1308.01,1308.16,1308.35,1308.58,1308.81,1309.28,1309.73,1309.95,1309.96,1309.80,1309.24,1308.13,1306.27,1303.97,1300.96,1297.01,1291.48,1283.41,1276.35,1269.23,1261.67,1254.84,1249.89,1246.78,1245.12,1244.56,1244.12,1243.60,1242.89,1241.83,1240.27,1238.41,1236.56,1234.56,1231.80,1229.14,1226.37,1223.26,1219.53,1215.34,1210.49,1206.07,1202.65,1200.12,1198.47,1197.31,1196.34,1195.34,1194.48,1193.30,1191.62,1189.54,1187.97,1186.52,1184.85,1182.83,1180.22,1175.97,1171.04,1165.94,1160.77,1155.07,1148.63,1141.45,1133.75,1126.49,1120.11,1113.90,1107.99,1102.85,1097.26,1091.48,1085.64,1080.06,1075.73,1071.61,1067.06,1062.22,1057.93,1054.04,1049.64,1044.57,1039.02,1034.21,1030.25,1026.85,1023.82,1020.83,1018.62,1017.51,1017.47,1018.52,1020.09,1021.44,1022.75,1024.26,1025.83,1027.04,1028.58,1030.74,1033.48,1036.59,1039.58,1042.12,1043.85,1044.95,1045.80,1046.72,1047.89,1049.37,1050.97,1052.78,1054.71
1722.41,1729.36,1732.65,1734.98,1735.30,1732.79,1730.39,1727.95,1725.27,1721.99,1716.70,1704.66,1689.54,1673.54,1658.29,1646.22,1632.07,1618.25,1606.92,1599.56,1595.56,1592.45,1589.16,1585.26,1581.42,1577.30,1573.09,1568.93,1564.76,1561.33,1558.27,1555.65,1554.19,1554.08,1555.45,1558.78,1564.62,1570.17,1573.37,1574.62,1574.14,1572.42,1569.80,1565.85,1560.08,1551.50,1541.59,1533.20,1525.30,1516.96,1509.37,1502.64,1496.35,1490.64,1486.19,1482.29,1478.10,1473.76,1469.74,1466.16,1462.76,1459.52,1456.49,1453.62,1450.00,1443.86,1435.84,1428.33,1424.58,1422.12,1419.45,1415.97,1412.72,1409.35,1406.06,1400.83,1387.36,1360.96,1339.00,1323.74,1312.92,1303.36,1295.02,1287.02,1279.76,1275.71,1272.08,1267.92,1263.18,1257.84,1250.89,1249.23,1251.83,1256.97,1262.90,1268.05,1272.46,1276.12,1278.83,1281.28,1283.90,1286.67,1289.32,1291.32,1293.09,1294.78,1296.31,1297.43,1298.47,1299.25,1299.61,1299.27,1298.20,1295.97,1292.52,1287.93,1283.70,1278.47,1273.13,1268.64,1266.43,1267.25,1270.03,1274.02,1278.86,1283.42,1287.62,1291.45,1294.93,1298.27,1300.82,1302.61,1303.61,1303.67,1303.65,1303.02,1302.19,1301.54,1300.61,1300.14,1300.18,1300.61,1301.08,1301.69,1302.33,1302.90,1303.42,1303.86,1304.63,1305.42,1305.95,1306.10,1306.19,1305.89,1305.04,1303.46,1301.00,1297.70,1293.59,1288.26,1280.97,1274.21,1267.07,1259.21,1251.60,1245.78,1241.57,1238.73,1237.35,1236.49,1235.68,1234.80,1233.70,1232.09,1230.32,1228.63,1226.91,1224.75,1222.40,1219.98,1217.18,1213.53,1209.34,1204.69,1200.19,1196.34,1193.70,1191.95,1190.71,1189.70,1188.77,1187.97,1186.84,1185.19,1183.18,1182.10,1181.63,1180.82,1179.32,1177.04,1173.52,1169.66,1165.64,1161.26,1156.03,1150.12,1143.09,1134.97,1127.25,1120.93,1114.70,1108.64,1103.56,1098.21,1092.35,1086.35,1080.75,1076.30,1072.16,1067.63,1062.79,1058.51,1054.50,1050.09,1044.98,1039.09,1033.78,1029.28,1025.37,1021.82,1018.12,1014.86,1012.81,1011.94,1012.02,1012.88,1014.03,1015.57,1017.64,1019.84,1021.56,1023.58,1026.12,1028.85,1031.69,1034.49,1037.06,1039.13,1040.38,1041.42,1042.42,1043.46,1044.74,1046.37,1048.18,1050.03
1722.46,1728.14,1732.04,1734.96,1735.19,1731.79,1728.65,1725.92,1723.21,1719.13,1710.60,1699.21,1684.55,1669.12,1655.40,1642.04,1627.78,1615.37,1606.21,1599.26,1595.28,1591.98,1588.36,1583.99,1579.66,1575.12,1570.62,1566.32,1562.03,1557.11,1552.84,1549.57,1546.89,1544.95,1542.31,1540.72,1542.72,1546.45,1550.87,1555.71,1560.57,1564.04,1564.38,1561.90,1557.02,1549.80,1541.75,1534.42,1526.94,1518.63,1510.81,1504.01,1497.40,1491.07,1486.08,1481.76,1477.36,1472.90,1468.68,1464.82,1461.41,1458.22,1455.17,1452.14,1446.59,1437.91,1426.94,1415.77,1410.05,1406.49,1404.03,1402.83,1402.95,1402.76,1402.13,1400.80,1396.37,1374.84,1348.70,1326.15,1313.28,1304.93,1294.51,1284.84,1278.34,1274.65,1271.00,1266.52,1260.97,1254.26,1248.12,1245.26,1246.06,1250.64,1256.54,1261.70,1266.36,1270.49,1273.54,1276.20,1278.69,1281.19,1283.85,1286.25,1288.45,1290.46,1292.14,1293.34,1294.28,1294.91,1295.26,1295.26,1294.60,1292.77,1289.88,1286.05,1282.08,1277.14,1271.86,1266.92,1263.68,1263.81,1266.35,1270.52,1275.90,1280.95,1285.21,1288.87,1292.05,1294.99,1297.56,1299.32,1300.11,1299.85,1298.96,1297.59,1296.06,1294.69,1293.70,1293.15,1293.09,1293.49,1294.11,1295.14,1296.27,1297.26,1297.93,1298.63,1299.83,1300.99,1301.72,1302.14,1302.29,1302.13,1301.58,1300.22,1297.06,1293.40,1289.25,1284.17,1278.24,1272.11,1265.38,1257.84,1249.83,1243.29,1238.13,1234.24,1231.84,1230.47,1229.34,1228.22,1226.90,1224.74,1222.38,1220.46,1218.98,1217.48,1215.39,1213.08,1210.29,1206.54,1202.32,1198.50,1194.77,1191.09,1187.94,1185.82,1184.08,1182.51,1181.18,1180.16,1179.01,1177.63,1176.29,1176.06,1176.09,1175.85,1175.02,1173.19,1170.67,1167.85,1164.78,1161.18,1156.63,1151.47,1144.92,1136.83,1128.69,1122.38,1115.97,1109.63,1104.71,1099.70,1093.52,1087.13,1081.48,1076.84,1072.55,1067.97,1063.24,1059.20,1055.04,1050.57,1045.46,1039.50,1034.05,1029.39,1025.30,1021.36,1016.68,1012.23,1009.31,1007.69,1006.66,1006.99,1007.88,1009.28,1011.26,1013.42,1015.75,1018.54,1021.66,1024.44,1027.03,1029.53,1031.95,1034.17,1035.68,1036.93,1038.10,1039.27,1040.64,1042.18,1043.78,1045.40
1725.95,1727.87,1731.44,1734.86,1735.03,1730.59,1726.34,1722.84,1719.83,1715.73,1707.16,1697.63,1684.06,1668.75,1654.58,1640.51,1626.60,1614.91,1606.30,1599.31,1595.21,1591.74,1587.88,1583.18,1578.23,1573.35,1568.54,1563.70,1558.69,1553.58,1549.40,1546.25,1543.32,1539.77,1535.14,1530.91,1529.15,1529.41,1531.73,1535.23,1539.63,1544.73,1548.37,1549.88,1548.98,1544.81,1538.36,1532.15,1526.09,1519.60,1512.36,1505.50,1498.76,1492.21,1486.43,1481.46,1476.75,1472.23,1467.97,1463.86,1460.33,1457.13,1454.09,1450.61,1442.00,1428.94,1413.67,1399.32,1385.41,1376.93,1372.62,1371.34,1372.35,1373.69,1374.75,1375.03,1372.74,1360.53,1341.13,1321.69,1309.79,1300.79,1290.45,1281.87,1277.00,1273.72,1270.10,1265.39,1259.52,1252.66,1246.21,1241.86,1241.04,1244.87,1250.33,1255.39,1260.16,1264.55,1267.92,1270.94,1273.67,1276.22,1278.66,1280.97,1283.05,1285.04,1286.91,1288.36,1289.42,1290.16,1290.61,1290.70,1290.33,1288.97,1286.64,1283.39,1279.69,1275.10,1270.14,1265.28,1261.38,1260.42,1262.68,1267.09,1272.52,1277.83,1282.16,1285.74,1288.67,1291.08,1292.98,1294.18,1294.58,1293.94,1292.52,1290.81,1288.89,1286.91,1285.84,1285.45,1285.66,1286.37,1287.28,1288.61,1289.93,1291.01,1291.71,1292.40,1293.37,1294.32,1295.05,1295.59,1295.74,1295.68,1295.33,1294.20,1291.72,1288.82,1285.39,1280.96,1275.98,1270.19,1263.71,1256.39,1248.19,1241.44,1235.68,1230.92,1227.66,1225.30,1223.55,1222.15,1220.86,1218.99,1217.15,1215.48,1213.89,1212.06,1209.44,1206.66,1203.76,1200.57,1197.03,1193.43,1189.67,1185.79,1182.36,1179.88,1177.88,1176.13,1174.61,1173.49,1172.34,1171.19,1170.31,1170.30,1170.50,1170.64,1170.36,1169.03,1167.58,1165.73,1163.41,1160.40,1156.38,1151.81,1145.81,1138.18,1130.57,1124.33,1117.86,1111.33,1106.02,1101.15,1095.02,1088.55,1082.67,1077.47,1072.90,1068.42,1064.03,1060.11,1055.93,1051.47,1046.57,1041.01,1035.48,1030.55,1026.14,1021.78,1016.11,1010.93,1007.30,1004.84,1002.75,1002.02,1002.52,1003.88,1005.91,1008.07,1010.56,1013.43,1016.59,1019.68,1022.40,1024.81,1027.05,1029.11,1030.59,1031.87,1033.08,1034.35,1035.88,1037.56,1039.21,1040.80
1730.40,1728.98,1731.78,1734.92,1734.61,1729.30,1724.04,1719.80,1716.41,1712.46,1705.04,1697.84,1686.04,1671.20,1655.96,1641.51,1627.73,1616.05,1607.08,1599.62,1595.33,1591.72,1587.64,1582.51,1576.97,1571.71,1566.58,1561.27,1555.63,1550.74,1546.94,1543.99,1540.91,1535.94,1530.17,1524.47,1519.72,1516.63,1516.15,1516.86,1518.72,1523.32,1528.76,1533.61,1536.70,1536.09,1532.31,1528.14,1524.08,1519.61,1513.22,1506.57,1499.96,1493.37,1486.81,1481.21,1476.22,1471.61,1467.26,1462.89,1459.28,1456.13,1453.02,1448.63,1435.76,1417.49,1397.64,1380.30,1360.72,1349.06,1343.36,1341.23,1341.67,1343.01,1344.41,1344.95,1342.85,1338.94,1328.27,1314.95,1304.97,1295.12,1285.84,1279.21,1275.95,1273.04,1269.45,1264.51,1258.43,1251.76,1244.83,1239.09,1236.64,1239.31,1244.25,1249.24,1254.07,1258.55,1262.17,1265.44,1268.43,1271.14,1273.48,1275.68,1277.60,1279.49,1281.44,1283.08,1284.26,1285.13,1285.69,1285.81,1285.64,1284.70,1282.95,1280.25,1276.87,1272.72,1268.29,1263.79,1259.42,1257.12,1258.99,1263.68,1269.01,1274.44,1278.82,1282.34,1285.08,1287.00,1288.16,1288.72,1288.66,1287.65,1285.71,1283.60,1281.34,1279.03,1277.94,1277.79,1278.35,1279.48,1280.86,1282.43,1283.80,1284.82,1285.47,1286.05,1286.64,1287.25,1287.87,1288.45,1288.64,1288.68,1288.48,1287.57,1286.05,1284.14,1281.61,1277.99,1273.76,1268.19,1261.85,1254.72,1246.41,1239.56,1233.45,1228.09,1224.12,1220.77,1218.38,1216.66,1215.33,1213.85,1212.61,1211.13,1209.24,1206.91,1203.87,1200.74,1197.82,1195.18,1192.25,1188.65,1184.69,1180.64,1177.04,1174.26,1172.04,1170.14,1168.43,1167.14,1165.95,1164.95,1164.37,1164.43,1164.71,1165.16,1165.42,1164.71,1164.23,1163.13,1161.38,1158.91,1155.41,1151.44,1146.11,1139.24,1132.47,1126.35,1119.90,1113.27,1107.39,1102.53,1096.60,1090.22,1084.09,1078.31,1073.49,1069.14,1065.04,1061.19,1056.93,1052.44,1047.75,1042.70,1037.27,1032.15,1027.42,1022.64,1016.32,1010.54,1006.32,1003.16,1000.07,998.01,997.82,998.97,1001.02,1003.15,1005.74,1008.57,1011.58,1014.83,1017.69,1020.06,1022.13,1023.95,1025.36,1026.66,1027.93,1029.28,1031.02,1032.88,1034.67,1036.24
1734.70,1733.73,1735.21,1735.64,1733.36,1727.88,1722.34,1717.98,1714.20,1710.15,1704.66,1700.19,1691.86,1679.06,1662.57,1648.33,1633.47,1620.10,1609.37,1600.46,1595.84,1592.17,1587.83,1581.90,1575.89,1570.13,1564.67,1559.43,1554.03,1549.46,1545.79,1542.62,1538.81,1532.75,1526.72,1521.13,1515.89,1511.52,1509.09,1506.99,1505.07,1505.56,1507.58,1511.17,1515.32,1518.26,1520.89,1521.82,1520.71,1517.15,1511.67,1506.17,1500.36,1493.95,1486.89,1480.95,1475.76,1470.92,1466.22,1461.54,1458.09,1455.18,1451.76,1445.23,1425.19,1400.79,1376.72,1356.63,1345.72,1340.30,1336.78,1333.51,1330.97,1328.85,1327.13,1325.68,1324.00,1320.74,1314.80,1307.33,1299.48,1289.97,1282.90,1278.36,1275.78,1273.00,1269.42,1264.20,1257.75,1251.18,1244.33,1237.81,1233.61,1233.97,1238.45,1243.60,1248.44,1252.69,1256.25,1259.36,1262.32,1265.22,1268.05,1270.59,1272.69,1274.55,1276.23,1277.65,1278.75,1279.60,1280.16,1280.29,1280.16,1279.53,1278.30,1276.23,1273.36,1269.97,1266.47,1262.73,1258.19,1254.05,1255.26,1260.24,1265.51,1270.76,1275.13,1278.64,1281.24,1282.93,1283.79,1283.96,1283.46,1282.10,1279.35,1276.22,1273.45,1271.64,1270.86,1270.94,1271.73,1273.30,1275.59,1277.35,1278.58,1279.39,1279.84,1280.23,1280.66,1281.05,1281.37,1281.86,1282.33,1282.55,1282.36,1281.56,1280.63,1279.38,1277.62,1274.97,1271.28,1265.73,1259.40,1252.41,1244.01,1236.99,1230.95,1225.67,1221.34,1217.56,1214.76,1212.59,1210.77,1209.12,1207.69,1205.74,1203.29,1200.92,1198.52,1196.05,1193.50,1190.74,1187.49,1183.69,1179.81,1176.05,1172.41,1169.50,1166.97,1164.67,1162.61,1160.78,1159.36,1158.26,1157.64,1157.87,1158.27,1159.03,1159.96,1160.26,1160.22,1159.18,1157.59,1155.75,1152.86,1149.66,1145.40,1139.83,1134.03,1128.10,1121.92,1115.43,1108.85,1103.71,1098.15,1092.11,1085.84,1079.74,1074.92,1070.61,1066.52,1062.59,1057.93,1053.23,1048.59,1043.90,1039.09,1034.16,1029.23,1024.14,1018.28,1011.89,1007.30,1004.00,1000.02,996.25,994.56,994.83,996.69,998.64,1001.55,1004.57,1007.35,1010.02,1012.69,1014.94,1016.86,1018.58,1020.10,1021.57,1022.99,1024.46,1026.42,1028.53,1030.40,1031.76
1738.80,1737.73,1737.40,1735.80,1732.39,1727.13,1721.63,1717.41,1713.67,1709.96,1706.07,1702.86,1697.00,1686.53,1670.31,1655.12,1640.45,1626.24,1613.22,1603.32,1597.44,1593.20,1588.65,1581.96,1575.24,1569.09,1563.46,1558.26,1553.16,1548.63,1544.85,1541.36,1536.61,1530.04,1523.67,1517.82,1512.35,1507.25,1503.88,1500.81,1497.73,1496.05,1495.06,1495.12,1496.34,1499.01,1503.06,1506.28,1508.21,1508.50,1506.88,1503.59,1498.88,1492.94,1486.33,1480.54,1475.33,1470.31,1465.25,1460.58,1457.26,1454.45,1450.50,1440.93,1414.09,1384.48,1359.19,1343.60,1337.86,1335.22,1332.80,1329.66,1326.07,1322.40,1318.57,1314.81,1311.78,1308.35,1304.80,1300.41,1293.91,1286.01,1280.83,1277.56,1275.27,1272.73,1269.25,1263.87,1257.16,1250.69,1243.91,1237.13,1231.75,1229.79,1232.72,1237.67,1242.76,1247.20,1250.61,1253.49,1256.23,1259.05,1261.99,1264.55,1266.77,1268.76,1270.55,1272.04,1273.28,1274.26,1274.93,1275.14,1275.07,1274.61,1273.66,1272.00,1269.54,1266.80,1263.88,1260.43,1255.65,1251.06,1251.70,1256.30,1261.68,1266.84,1271.20,1274.62,1276.91,1278.20,1278.58,1278.20,1276.98,1274.51,1271.36,1268.15,1265.72,1264.87,1265.01,1265.62,1266.71,1268.39,1270.69,1272.48,1273.71,1274.50,1274.88,1275.11,1275.24,1275.25,1275.16,1275.14,1275.28,1275.35,1275.20,1274.74,1274.61,1274.12,1273.08,1271.13,1267.62,1262.20,1255.96,1249.09,1241.12,1234.35,1228.58,1223.45,1218.73,1214.62,1210.80,1207.62,1205.41,1203.77,1202.28,1200.33,1197.97,1195.75,1193.57,1191.19,1188.58,1185.68,1182.38,1178.66,1174.91,1171.28,1167.66,1164.58,1161.69,1159.01,1156.76,1154.64,1152.83,1151.43,1150.74,1151.07,1151.51,1152.30,1153.32,1153.91,1154.37,1153.92,1152.92,1151.75,1149.72,1147.27,1143.93,1139.50,1134.45,1128.95,1123.18,1117.09,1110.59,1105.31,1099.95,1094.24,1088.14,1081.98,1076.92,1072.45,1068.27,1064.19,1059.51,1054.65,1049.83,1045.19,1040.80,1036.13,1031.23,1026.11,1020.47,1014.01,1008.88,1004.84,1000.26,995.28,991.95,990.83,992.11,994.13,997.07,1000.09,1002.76,1004.86,1006.99,1009.09,1011.04,1012.77,1014.61,1016.35,1018.00,1019.71,1021.74,1023.69,1025.40,1026.67
1742.36,1740.76,1738.51,1735.52,1731.68,1726.87,1721.72,1717.84,1714.50,1711.42,1708.65,1705.64,1701.36,1693.24,1678.56,1662.04,1648.21,1633.85,1618.71,1607.87,1599.94,1594.67,1589.97,1582.65,1574.99,1568.50,1562.82,1557.62,1552.85,1548.14,1544.09,1540.16,1534.43,1527.72,1520.97,1514.63,1508.98,1503.58,1499.96,1497.13,1494.55,1492.02,1488.64,1484.34,1480.66,1480.47,1482.30,1485.38,1489.62,1494.72,1498.32,1498.19,1495.23,1490.41,1485.16,1479.92,1474.85,1469.70,1464.34,1459.86,1456.67,1453.89,1449.07,1435.18,1402.39,1369.25,1345.43,1338.20,1334.65,1332.22,1330.04,1327.74,1324.49,1320.56,1315.50,1309.62,1304.39,1300.45,1297.60,1294.24,1288.64,1283.03,1279.37,1276.76,1274.53,1272.26,1268.86,1263.37,1256.55,1250.16,1243.43,1236.78,1230.70,1226.52,1227.19,1231.55,1236.91,1241.84,1245.11,1247.72,1250.16,1252.71,1255.50,1257.91,1260.17,1262.36,1264.46,1266.22,1267.70,1268.88,1269.71,1270.06,1270.05,1269.69,1268.90,1267.49,1265.44,1263.24,1260.64,1257.20,1252.26,1248.09,1248.32,1252.21,1257.77,1262.82,1267.12,1270.34,1272.17,1272.95,1272.66,1271.53,1269.31,1265.34,1262.21,1259.65,1258.14,1258.40,1259.69,1260.99,1262.42,1264.10,1265.96,1267.70,1269.02,1269.90,1270.33,1270.41,1270.19,1269.77,1269.20,1268.43,1267.87,1267.60,1267.56,1267.61,1268.35,1268.62,1268.16,1266.59,1262.94,1257.81,1251.83,1245.17,1238.05,1231.78,1226.38,1221.34,1216.17,1211.64,1206.54,1202.18,1199.64,1198.08,1196.59,1194.91,1193.05,1191.05,1188.78,1186.11,1183.18,1180.16,1176.99,1173.51,1169.91,1166.28,1162.68,1159.40,1156.20,1153.25,1150.95,1148.70,1146.43,1144.62,1143.79,1144.14,1144.54,1145.18,1145.97,1146.49,1147.52,1147.98,1147.87,1147.32,1146.21,1144.42,1141.85,1138.35,1133.91,1129.02,1123.79,1118.26,1112.45,1107.16,1101.94,1096.53,1090.78,1084.74,1079.30,1074.53,1070.22,1065.94,1061.48,1056.52,1051.38,1046.61,1042.47,1038.06,1033.36,1028.31,1022.76,1016.57,1010.85,1005.73,1000.75,994.99,990.12,987.31,987.48,989.52,992.23,995.12,997.77,999.43,1000.90,1002.87,1005.02,1006.91,1009.19,1011.19,1013.09,1015.01,1016.94,1018.46,1019.84,1021.05
1743.43,1741.24,1738.44,1735.02,1731.13,1726.85,1722.62,1719.53,1716.95,1714.39,1711.36,1708.03,1704.08,1697.56,1685.84,1670.56,1656.21,1642.20,1628.10,1614.61,1603.45,1596.58,1591.77,1584.61,1575.66,1568.48,1562.67,1557.61,1553.07,1548.22,1543.68,1539.08,1532.87,1525.91,1518.95,1512.32,1506.30,1501.13,1497.58,1494.72,1491.85,1488.13,1483.77,1478.83,1474.10,1471.10,1469.28,1469.30,1471.03,1474.64,1479.72,1484.19,1485.93,1484.91,1482.84,1478.59,1473.89,1468.90,1463.43,1459.05,1456.01,1453.34,1446.66,1424.25,1388.53,1358.54,1340.34,1335.25,1331.78,1329.17,1326.91,1324.69,1321.98,1317.42,1311.90,1306.08,1300.75,1296.61,1293.23,1289.79,1285.51,1281.25,1278.33,1276.02,1273.84,1271.63,1267.82,1262.18,1255.50,1249.08,1242.43,1236.17,1229.88,1224.05,1222.65,1225.39,1230.31,1235.80,1239.38,1241.77,1244.01,1246.40,1249.00,1251.49,1253.72,1255.86,1257.95,1259.77,1261.16,1262.29,1263.19,1263.71,1263.77,1263.63,1263.20,1262.26,1260.82,1258.93,1256.51,1253.34,1249.15,1245.02,1245.33,1249.31,1254.61,1259.13,1263.02,1265.79,1267.03,1267.08,1265.90,1263.43,1259.70,1255.05,1252.76,1251.38,1250.82,1251.49,1252.84,1254.29,1256.13,1258.42,1260.80,1262.82,1264.13,1264.91,1265.49,1265.57,1265.27,1264.66,1263.71,1262.47,1261.43,1261.02,1261.30,1262.10,1263.15,1263.58,1263.07,1261.06,1256.86,1252.41,1247.44,1241.74,1235.72,1229.92,1224.58,1219.29,1213.41,1207.54,1202.11,1197.71,1194.82,1192.86,1191.08,1189.41,1187.75,1185.77,1183.35,1180.57,1177.58,1174.47,1171.36,1167.98,1164.42,1160.69,1156.76,1153.45,1150.45,1147.75,1145.50,1143.14,1140.54,1138.36,1137.25,1137.25,1137.46,1138.06,1139.05,1140.22,1141.94,1143.21,1143.79,1143.55,1142.78,1141.16,1138.86,1135.85,1132.15,1128.00,1123.39,1118.57,1113.88,1108.95,1104.02,1098.88,1093.31,1087.44,1081.66,1076.62,1072.19,1067.64,1063.30,1058.52,1053.36,1048.25,1044.18,1040.11,1035.53,1030.32,1024.88,1018.92,1012.94,1007.22,1001.92,995.97,990.53,986.14,983.67,984.35,986.44,989.17,991.93,993.76,995.28,997.38,999.92,1002.51,1005.02,1007.00,1008.74,1010.38,1011.85,1012.99,1013.91,1014.65
1743.88,1740.96,1738.03,1734.75,1731.15,1727.39,1724.07,1721.68,1719.66,1717.42,1714.11,1710.03,1706.04,1700.98,1692.42,1678.50,1664.07,1650.44,1637.29,1622.61,1609.12,1599.97,1593.87,1587.20,1577.50,1569.39,1562.96,1557.77,1553.39,1548.41,1543.33,1538.05,1531.67,1524.32,1517.09,1510.22,1503.95,1499.24,1495.88,1492.93,1489.64,1484.92,1479.87,1474.77,1469.69,1464.77,1460.59,1458.23,1457.51,1458.76,1462.68,1468.28,1472.38,1474.35,1475.37,1473.64,1470.71,1466.80,1461.79,1457.82,1454.94,1451.46,1442.01,1413.81,1377.31,1351.11,1337.87,1333.49,1329.57,1326.41,1323.58,1320.71,1317.68,1312.95,1307.73,1302.66,1298.02,1293.90,1290.18,1286.72,1283.40,1280.06,1277.56,1275.38,1273.20,1270.93,1266.19,1260.24,1253.85,1247.49,1241.02,1235.19,1229.10,1222.69,1219.63,1220.46,1224.09,1229.28,1233.35,1235.99,1238.19,1240.40,1242.84,1245.37,1247.57,1249.63,1251.64,1253.44,1254.79,1255.94,1256.95,1257.64,1257.85,1257.89,1257.73,1257.20,1256.16,1254.45,1252.13,1249.16,1245.57,1241.65,1242.23,1246.55,1251.99,1255.96,1259.15,1261.15,1261.54,1260.80,1258.82,1255.56,1251.24,1246.75,1244.97,1244.36,1244.46,1245.39,1246.71,1248.17,1250.09,1252.53,1255.08,1257.15,1258.51,1259.38,1259.97,1260.00,1259.64,1258.88,1257.65,1256.10,1254.75,1254.22,1254.68,1256.13,1257.44,1257.89,1257.27,1255.18,1251.27,1247.68,1243.59,1238.63,1233.38,1228.01,1222.61,1216.83,1210.10,1203.42,1198.09,1193.88,1190.64,1188.19,1186.13,1184.26,1182.39,1180.22,1177.65,1174.85,1171.88,1168.77,1165.66,1162.08,1158.44,1154.87,1151.13,1148.00,1145.18,1142.53,1140.06,1137.49,1134.77,1132.47,1131.14,1130.77,1130.80,1131.30,1132.30,1133.68,1135.68,1137.38,1138.42,1138.57,1138.27,1137.09,1135.23,1132.73,1129.72,1126.25,1122.39,1118.40,1114.55,1110.28,1105.79,1101.06,1095.93,1090.22,1084.25,1078.85,1074.04,1069.18,1064.90,1060.40,1055.43,1050.18,1046.06,1042.21,1037.72,1032.34,1026.78,1021.03,1015.00,1008.94,1003.30,997.32,991.60,985.98,981.09,979.94,981.22,983.46,985.95,988.09,989.92,992.28,995.14,998.18,1000.70,1002.60,1004.13,1005.37,1006.28,1006.98,1007.46,1007.76
1744.11,1740.24,1737.47,1734.93,1732.05,1728.78,1726.22,1724.22,1722.32,1720.12,1716.85,1711.49,1707.21,1703.60,1698.05,1685.11,1671.59,1658.29,1645.09,1631.98,1617.88,1605.59,1596.35,1590.45,1580.95,1571.65,1563.83,1558.06,1553.73,1548.59,1542.96,1537.08,1530.87,1522.95,1515.32,1508.25,1501.93,1497.93,1494.84,1491.79,1488.11,1482.78,1477.11,1471.62,1466.22,1460.77,1456.63,1453.76,1451.99,1451.24,1450.88,1451.80,1453.76,1456.59,1459.99,1462.92,1463.81,1462.35,1458.59,1455.62,1452.83,1447.10,1433.69,1405.25,1370.74,1347.66,1337.19,1332.97,1328.32,1324.13,1320.05,1315.62,1310.90,1306.82,1302.86,1299.00,1295.72,1291.92,1288.49,1285.39,1282.36,1279.51,1277.12,1274.87,1272.62,1270.13,1263.80,1257.29,1251.39,1245.20,1239.14,1233.67,1228.30,1222.86,1218.80,1217.50,1218.73,1222.20,1226.92,1230.45,1232.88,1234.86,1237.16,1239.68,1241.86,1243.85,1245.76,1247.48,1248.91,1250.26,1251.48,1252.33,1252.80,1252.93,1252.88,1252.59,1251.53,1249.89,1247.60,1244.61,1241.15,1237.83,1238.86,1243.69,1249.97,1253.46,1255.63,1256.43,1255.63,1254.05,1251.50,1248.43,1245.11,1241.86,1239.87,1239.22,1239.55,1240.66,1242.12,1243.51,1245.00,1246.71,1248.60,1250.28,1251.86,1253.09,1253.45,1253.33,1252.85,1251.96,1250.59,1248.89,1247.45,1246.75,1247.13,1248.99,1250.65,1251.05,1250.45,1249.08,1246.86,1244.27,1240.65,1235.84,1230.80,1225.82,1220.26,1213.71,1205.97,1199.60,1194.79,1190.79,1187.26,1184.27,1181.99,1179.64,1177.04,1174.37,1171.68,1168.91,1166.05,1163.06,1159.92,1155.71,1151.85,1148.88,1146.19,1143.55,1140.73,1137.71,1134.54,1131.62,1129.06,1126.99,1125.59,1124.91,1124.79,1125.10,1125.70,1126.37,1128.00,1129.57,1130.77,1131.53,1132.06,1131.85,1130.84,1129.00,1126.57,1123.64,1120.72,1117.68,1114.15,1110.89,1107.04,1102.95,1098.70,1093.13,1087.18,1081.30,1075.68,1070.50,1066.20,1062.06,1057.56,1052.48,1048.17,1044.35,1039.92,1034.39,1028.33,1022.77,1016.97,1010.86,1004.81,998.88,993.09,986.77,980.21,976.94,977.16,978.40,979.98,982.47,984.83,987.59,990.61,993.52,995.77,997.59,998.96,999.76,1000.03,1000.17,1000.27,1000.32
1746.68,1743.00,1740.02,1737.52,1734.78,1731.55,1728.76,1726.59,1724.41,1721.93,1718.75,1712.99,1708.36,1704.87,1700.52,1690.25,1678.14,1665.35,1652.32,1639.91,1626.42,1612.96,1601.33,1593.92,1586.20,1575.89,1566.07,1559.30,1554.25,1548.80,1542.85,1536.57,1530.05,1522.07,1514.58,1507.62,1501.22,1497.33,1494.25,1490.89,1486.59,1480.68,1474.66,1468.62,1462.70,1457.27,1453.06,1449.89,1447.52,1445.59,1442.78,1440.83,1439.40,1438.52,1438.89,1440.42,1441.36,1440.88,1438.50,1436.01,1432.09,1423.60,1407.65,1383.52,1360.72,1345.02,1336.23,1331.94,1327.36,1322.63,1317.69,1312.48,1307.18,1303.16,1299.78,1296.78,1294.12,1291.28,1288.48,1285.73,1283.00,1280.40,1277.97,1275.22,1271.74,1267.43,1260.87,1254.58,1248.90,1242.93,1237.42,1232.39,1227.58,1222.92,1218.82,1215.79,1214.88,1216.47,1220.02,1223.31,1225.98,1228.28,1230.59,1233.14,1235.45,1237.54,1239.40,1241.05,1242.58,1243.88,1244.94,1245.80,1246.36,1246.58,1246.60,1246.39,1245.57,1244.24,1242.07,1239.07,1235.95,1234.15,1235.97,1240.60,1246.14,1249.50,1251.27,1251.47,1250.06,1248.04,1245.39,1242.44,1239.44,1236.70,1235.01,1234.49,1234.84,1235.93,1237.42,1238.88,1240.34,1241.83,1243.27,1244.64,1246.06,1247.23,1247.56,1247.28,1246.26,1244.83,1243.18,1241.40,1240.19,1239.72,1240.22,1242.04,1243.66,1244.62,1244.92,1244.51,1243.32,1240.80,1237.00,1232.27,1227.84,1222.94,1216.62,1209.22,1201.81,1196.47,1191.98,1187.86,1183.99,1180.31,1177.25,1174.30,1171.32,1168.38,1165.46,1162.57,1159.57,1156.34,1153.37,1149.92,1146.76,1144.16,1141.53,1138.66,1135.64,1132.58,1129.61,1126.74,1124.09,1121.67,1119.68,1118.67,1118.29,1118.32,1118.63,1119.15,1120.51,1122.03,1123.47,1124.73,1125.76,1126.05,1125.68,1124.62,1122.85,1120.62,1118.49,1116.34,1113.72,1111.06,1107.72,1104.20,1100.62,1095.86,1090.19,1084.09,1077.96,1072.45,1067.78,1063.62,1059.38,1054.67,1050.23,1045.85,1041.15,1035.73,1029.22,1023.81,1018.31,1012.42,1006.29,1000.29,994.56,988.31,981.44,976.56,974.36,973.77,974.57,977.11,979.73,982.47,985.26,987.88,990.01,991.66,992.77,993.25,993.28,993.32,993.29,993.31
1749.74,1746.64,1743.41,1740.69,1737.90,1734.60,1731.35,1728.76,1726.12,1723.24,1720.04,1714.26,1709.45,1705.81,1702.04,1694.85,1684.23,1672.10,1659.49,1647.33,1634.74,1621.00,1607.61,1597.78,1591.55,1580.93,1569.67,1561.53,1555.03,1549.00,1542.89,1536.50,1529.60,1521.61,1514.30,1507.46,1500.91,1497.01,1493.86,1490.17,1485.26,1478.85,1472.54,1466.06,1459.68,1454.27,1449.96,1446.54,1443.66,1440.83,1436.57,1432.60,1428.00,1422.94,1419.23,1417.65,1417.11,1416.43,1414.56,1411.93,1406.09,1395.37,1379.25,1361.59,1351.18,1342.75,1335.31,1330.83,1326.40,1321.39,1315.96,1310.36,1304.96,1300.90,1297.95,1295.75,1293.60,1291.69,1289.49,1287.04,1284.56,1282.08,1279.37,1275.71,1270.67,1264.81,1258.81,1253.18,1247.74,1241.94,1236.71,1231.87,1227.40,1223.35,1219.30,1214.91,1212.04,1211.60,1213.55,1216.14,1218.85,1221.42,1223.70,1226.20,1228.57,1230.72,1232.59,1234.20,1235.86,1237.21,1238.28,1239.25,1239.91,1240.25,1240.37,1240.23,1239.62,1238.54,1236.53,1233.62,1230.89,1230.99,1233.66,1237.76,1241.94,1245.02,1246.40,1246.18,1244.43,1242.12,1239.48,1236.61,1233.69,1231.24,1229.90,1229.51,1229.86,1230.93,1232.49,1234.11,1235.72,1237.21,1238.30,1239.40,1240.47,1241.33,1241.60,1241.13,1239.59,1237.67,1235.80,1234.06,1233.14,1233.01,1233.69,1235.36,1236.88,1238.40,1239.62,1240.02,1239.44,1236.81,1232.89,1228.38,1224.48,1219.24,1212.14,1204.33,1197.89,1193.55,1189.16,1184.75,1180.55,1176.29,1172.54,1169.13,1165.91,1162.71,1159.46,1156.38,1153.21,1149.81,1147.03,1144.45,1141.99,1139.53,1136.73,1133.63,1130.53,1127.57,1124.88,1121.95,1119.05,1116.20,1113.67,1112.47,1111.94,1111.78,1111.92,1112.45,1113.57,1115.01,1116.58,1118.14,1119.48,1120.12,1120.29,1119.98,1118.94,1117.46,1116.01,1114.61,1112.94,1110.81,1108.04,1105.07,1102.04,1098.33,1093.03,1086.83,1080.37,1074.54,1069.48,1065.18,1061.14,1056.83,1052.32,1047.40,1042.37,1036.95,1030.00,1024.65,1019.43,1013.83,1007.80,1001.76,996.13,990.14,983.35,977.14,972.43,969.88,969.80,972.11,974.57,977.10,979.61,981.94,983.96,985.42,986.29,986.57,986.54,986.60,986.60,986.69
1751.90,1749.59,1746.34,1743.32,1740.35,1737.13,1733.64,1730.41,1727.13,1723.71,1720.06,1714.73,1710.41,1707.02,1703.65,1699.15,1689.77,1678.63,1667.08,1654.63,1642.51,1629.48,1615.68,1602.70,1595.30,1586.63,1576.55,1566.10,1556.44,1549.15,1543.16,1537.41,1530.44,1522.02,1514.49,1507.50,1500.62,1496.83,1493.65,1489.78,1484.56,1477.85,1471.22,1464.80,1458.54,1452.55,1448.02,1444.29,1440.78,1437.11,1432.93,1427.94,1422.33,1416.40,1410.85,1406.68,1403.52,1400.15,1395.46,1391.14,1381.93,1371.46,1361.96,1353.34,1347.02,1340.91,1334.86,1329.91,1325.15,1320.24,1315.08,1309.70,1304.61,1300.80,1298.46,1297.27,1296.06,1294.30,1292.23,1289.96,1287.48,1285.01,1281.23,1275.78,1269.23,1264.53,1260.35,1256.09,1251.32,1245.42,1239.35,1233.77,1229.06,1225.18,1220.45,1215.50,1211.09,1208.31,1209.09,1210.67,1212.64,1214.72,1216.71,1218.76,1220.77,1222.74,1224.64,1226.43,1228.31,1230.32,1232.32,1233.93,1234.94,1235.53,1235.87,1235.86,1235.11,1233.89,1232.06,1229.59,1227.23,1229.48,1232.88,1236.04,1238.49,1240.28,1240.71,1239.99,1238.20,1235.70,1232.99,1230.10,1227.23,1224.95,1223.62,1223.25,1223.69,1224.97,1226.83,1228.82,1230.76,1232.44,1233.38,1234.22,1234.65,1234.79,1234.74,1233.97,1232.42,1230.62,1228.92,1227.53,1226.81,1226.90,1227.80,1229.47,1231.02,1232.50,1233.68,1234.12,1233.38,1231.07,1227.89,1224.22,1220.24,1213.45,1206.09,1199.55,1194.87,1190.59,1185.81,1180.93,1176.39,1172.12,1168.60,1165.33,1161.98,1158.33,1154.61,1151.19,1148.01,1144.97,1142.32,1139.50,1136.61,1133.79,1131.16,1128.61,1126.01,1123.25,1120.16,1116.46,1112.97,1109.97,1107.76,1106.79,1106.63,1106.71,1106.93,1107.53,1108.34,1109.46,1110.75,1112.05,1113.37,1114.39,1115.00,1115.13,1114.99,1114.19,1113.25,1112.24,1110.99,1109.64,1107.67,1105.28,1102.68,1100.04,1095.15,1089.01,1082.47,1076.49,1071.24,1066.88,1062.99,1058.98,1054.54,1049.88,1044.68,1038.51,1031.13,1025.61,1020.49,1015.11,1009.39,1003.64,998.04,992.11,985.40,978.26,972.23,968.13,966.60,968.05,969.31,971.33,973.79,976.01,977.85,979.08,979.88,980.27,980.33,980.45,980.64,980.98
1752.74,1750.46,1747.44,1744.52,1741.62,1738.46,1734.77,1731.09,1727.31,1723.42,1719.45,1715.10,1711.30,1707.89,1704.46,1700.91,1693.10,1683.59,1673.38,1661.66,1649.78,1637.50,1624.32,1610.09,1599.79,1591.71,1583.20,1572.73,1561.54,1551.93,1544.55,1538.59,1531.56,1523.18,1515.47,1508.27,1501.35,1497.18,1493.71,1489.64,1484.28,1477.43,1470.56,1464.18,1458.12,1452.05,1447.33,1443.14,1439.06,1434.85,1430.39,1424.67,1418.58,1412.21,1405.17,1400.26,1396.27,1391.75,1385.57,1379.55,1369.79,1360.49,1354.07,1349.38,1345.02,1340.39,1335.50,1330.59,1325.62,1320.66,1315.55,1310.29,1305.65,1302.77,1301.29,1300.68,1299.83,1298.35,1296.32,1294.00,1291.57,1289.05,1285.02,1279.31,1272.68,1268.22,1264.58,1260.72,1256.14,1250.26,1243.74,1237.52,1232.03,1227.29,1221.93,1216.16,1210.61,1206.39,1205.53,1206.23,1207.39,1208.73,1210.29,1211.92,1213.63,1215.32,1216.92,1218.53,1220.44,1222.66,1225.11,1227.51,1229.52,1230.70,1231.32,1231.49,1230.67,1229.46,1227.65,1225.39,1223.90,1227.58,1231.38,1233.92,1235.17,1235.78,1235.36,1234.11,1232.07,1229.43,1226.59,1223.60,1220.75,1218.68,1217.55,1217.28,1217.77,1219.07,1220.97,1222.96,1224.86,1226.46,1227.37,1227.99,1228.03,1227.64,1227.08,1226.04,1224.33,1222.45,1220.88,1220.14,1219.78,1220.05,1221.13,1223.15,1224.93,1226.36,1227.37,1227.69,1226.96,1225.20,1222.66,1219.25,1214.57,1207.55,1200.97,1195.67,1191.67,1187.11,1181.90,1176.77,1172.27,1168.43,1165.13,1161.79,1158.14,1154.20,1150.46,1146.99,1143.70,1140.58,1137.65,1134.63,1131.60,1128.73,1126.24,1123.87,1121.36,1118.54,1115.16,1111.11,1107.42,1104.44,1102.47,1101.54,1101.55,1101.83,1102.25,1103.11,1103.94,1104.82,1105.71,1106.56,1107.55,1108.47,1109.10,1109.44,1109.87,1109.78,1109.38,1108.88,1108.39,1107.63,1106.55,1105.03,1103.03,1100.95,1096.50,1090.63,1084.17,1078.14,1073.19,1068.84,1064.80,1060.88,1056.52,1052.05,1046.74,1040.14,1032.73,1027.00,1021.91,1016.73,1010.96,1005.23,999.69,993.91,987.37,979.85,973.02,967.78,964.67,964.14,964.20,965.40,967.40,969.65,971.52,972.93,973.93,974.47,974.61,974.78,975.21,975.89
1752.56,1749.79,1747.10,1744.55,1741.86,1738.73,1734.89,1730.88,1726.72,1722.46,1718.35,1715.16,1711.87,1708.29,1704.50,1700.69,1694.64,1687.13,1678.43,1668.27,1656.64,1645.08,1633.11,1619.22,1605.43,1596.59,1589.43,1580.71,1569.57,1557.39,1547.61,1540.43,1533.16,1525.19,1517.34,1509.84,1503.04,1498.00,1494.03,1489.76,1484.37,1477.49,1470.44,1464.07,1458.23,1452.48,1447.60,1442.85,1438.24,1433.72,1428.68,1422.46,1416.21,1409.66,1401.48,1397.09,1393.54,1389.06,1382.47,1375.08,1366.83,1359.18,1353.05,1348.39,1344.65,1340.96,1336.94,1332.36,1327.30,1322.22,1317.13,1312.15,1308.23,1306.67,1306.11,1305.70,1304.74,1303.63,1301.65,1299.19,1296.84,1294.14,1290.38,1285.52,1279.84,1274.83,1270.65,1266.44,1261.68,1255.81,1249.16,1242.44,1235.93,1229.72,1223.69,1216.84,1210.45,1205.42,1202.62,1202.40,1202.69,1203.14,1204.20,1205.45,1206.92,1208.28,1209.41,1210.66,1212.43,1214.57,1217.13,1220.34,1223.66,1225.59,1226.58,1226.97,1226.22,1225.11,1223.26,1221.09,1220.78,1225.10,1228.94,1231.09,1231.65,1231.26,1230.19,1228.46,1226.03,1223.22,1220.17,1217.02,1214.14,1212.29,1211.48,1211.38,1211.88,1213.09,1214.80,1216.56,1218.16,1219.49,1220.44,1220.86,1220.69,1220.03,1218.92,1217.65,1215.68,1213.57,1212.05,1211.99,1212.05,1212.53,1213.81,1216.37,1218.47,1219.88,1220.74,1220.99,1220.47,1219.34,1217.20,1213.55,1207.97,1201.80,1196.64,1192.37,1188.17,1183.10,1177.53,1172.35,1168.22,1165.01,1161.90,1158.33,1154.31,1150.30,1146.86,1143.49,1140.04,1136.55,1133.09,1129.94,1126.98,1124.19,1121.72,1119.17,1116.45,1113.43,1109.95,1105.91,1102.34,1099.53,1097.68,1096.61,1096.55,1096.90,1097.55,1098.74,1099.82,1100.55,1101.01,1101.37,1101.88,1102.33,1102.69,1103.08,1103.81,1104.43,1104.66,1104.79,1105.26,1105.00,1104.82,1104.31,1103.01,1101.17,1097.11,1091.65,1085.46,1079.51,1075.17,1070.87,1066.55,1062.54,1058.24,1053.90,1048.57,1041.85,1034.71,1028.66,1023.53,1018.52,1012.45,1006.57,1001.12,995.56,989.24,981.76,974.53,968.44,963.77,960.57,959.41,959.58,960.80,963.07,965.07,966.92,968.33,969.08,969.31,969.51,970.13,971.12
1752.01,1748.99,1746.09,1743.55,1740.90,1737.69,1733.89,1729.43,1724.89,1720.57,1716.76,1713.56,1710.53,1707.28,1703.51,1699.74,1695.02,1689.04,1681.71,1673.38,1663.22,1652.06,1640.31,1627.97,1614.74,1603.45,1594.76,1588.09,1578.92,1567.79,1556.48,1545.92,1536.91,1529.46,1521.43,1513.23,1505.97,1499.43,1494.83,1490.43,1485.03,1478.05,1470.95,1464.57,1458.88,1453.50,1448.34,1443.06,1437.94,1433.07,1427.52,1421.25,1415.14,1408.69,1400.38,1395.89,1392.05,1387.13,1380.20,1373.26,1365.85,1359.14,1353.76,1349.26,1345.71,1342.31,1338.51,1333.68,1328.53,1323.60,1319.49,1316.66,1314.71,1313.72,1313.15,1312.61,1311.70,1310.73,1309.00,1306.88,1304.68,1301.01,1296.77,1292.32,1287.57,1281.97,1276.63,1271.87,1266.97,1260.35,1253.35,1246.61,1239.99,1233.15,1225.80,1217.78,1210.44,1204.41,1199.92,1197.92,1196.97,1196.66,1197.20,1198.30,1199.55,1200.80,1202.03,1203.26,1204.85,1207.24,1210.43,1214.16,1217.34,1219.62,1221.18,1221.98,1221.61,1220.53,1218.88,1217.27,1217.62,1221.02,1223.97,1225.68,1226.18,1225.46,1224.37,1222.63,1219.91,1216.66,1213.20,1209.74,1206.67,1204.79,1204.06,1204.10,1204.74,1205.97,1207.48,1209.24,1210.78,1211.91,1212.73,1212.76,1212.51,1212.06,1211.18,1209.89,1207.92,1205.69,1203.78,1203.16,1203.29,1204.23,1206.08,1208.89,1210.76,1212.33,1213.78,1214.89,1214.76,1213.68,1211.13,1206.98,1202.11,1197.20,1192.70,1188.41,1183.70,1178.13,1172.49,1167.67,1164.18,1161.16,1157.95,1154.35,1150.52,1146.97,1143.64,1140.13,1136.51,1132.94,1129.51,1126.22,1122.95,1119.64,1116.33,1113.33,1110.58,1107.85,1104.70,1100.97,1097.64,1095.03,1093.23,1091.81,1091.14,1091.09,1091.55,1092.54,1093.64,1094.39,1094.87,1095.28,1095.70,1095.85,1095.96,1096.31,1097.33,1098.59,1099.62,1100.51,1101.56,1102.16,1102.47,1102.45,1101.86,1100.44,1096.49,1091.42,1085.90,1080.34,1076.16,1072.20,1068.13,1063.93,1059.62,1055.26,1050.19,1043.95,1036.78,1030.08,1024.58,1019.60,1013.65,1007.77,1002.51,997.13,990.88,983.59,976.31,969.60,963.69,958.85,956.08,955.19,955.59,956.94,958.74,960.83,962.66,963.86,964.41,964.55,964.83,965.52
1751.49,1748.10,1744.84,1742.15,1739.43,1736.16,1732.41,1727.54,1722.53,1717.97,1714.37,1711.21,1708.42,1705.52,1702.02,1698.50,1694.72,1689.96,1683.96,1677.26,1668.80,1658.57,1647.43,1636.34,1623.93,1611.42,1601.33,1594.78,1587.42,1577.97,1566.53,1554.13,1543.42,1535.31,1526.91,1518.25,1510.19,1502.34,1496.72,1491.89,1486.61,1479.70,1472.25,1465.61,1459.91,1454.77,1449.48,1443.92,1438.40,1432.98,1426.90,1420.62,1414.65,1408.41,1400.35,1395.62,1391.29,1385.85,1378.64,1372.21,1365.48,1359.46,1354.63,1350.13,1346.66,1343.38,1339.77,1335.32,1330.94,1326.80,1323.88,1322.93,1322.49,1321.88,1321.18,1320.46,1319.68,1318.62,1316.76,1314.58,1312.38,1308.23,1303.63,1299.31,1295.02,1289.16,1282.76,1277.22,1271.90,1264.70,1257.05,1250.08,1243.43,1236.36,1227.96,1219.40,1211.27,1204.02,1198.34,1194.67,1192.32,1190.91,1190.46,1190.88,1191.68,1192.85,1194.39,1195.97,1197.73,1200.41,1203.98,1207.95,1211.05,1213.54,1215.44,1216.49,1216.42,1215.49,1214.14,1213.14,1214.22,1216.90,1219.07,1220.35,1220.74,1219.72,1218.48,1216.67,1213.85,1210.26,1206.48,1202.83,1199.67,1197.69,1196.76,1196.82,1197.47,1198.46,1199.64,1201.22,1202.71,1203.89,1204.72,1204.78,1204.66,1204.43,1203.79,1202.54,1200.65,1198.45,1196.38,1195.39,1195.63,1196.92,1199.10,1201.84,1203.51,1205.09,1206.73,1208.07,1208.13,1207.01,1204.39,1200.42,1196.52,1192.57,1188.43,1183.93,1178.74,1172.87,1167.33,1162.93,1159.98,1157.07,1153.78,1150.25,1146.75,1143.63,1140.31,1136.70,1133.00,1129.43,1126.02,1122.34,1118.56,1114.77,1110.98,1107.77,1105.02,1102.44,1099.57,1096.17,1093.18,1090.73,1088.80,1086.95,1085.63,1085.10,1085.38,1086.27,1087.40,1088.21,1088.78,1089.26,1089.63,1089.64,1089.66,1090.01,1091.12,1092.76,1094.42,1095.96,1097.42,1098.74,1099.50,1099.85,1099.71,1098.50,1094.82,1090.33,1085.62,1080.67,1076.75,1073.11,1069.30,1065.07,1060.80,1056.39,1051.52,1045.81,1038.95,1031.73,1025.78,1020.68,1014.90,1009.03,1003.88,998.65,992.50,985.42,978.14,970.95,964.05,957.88,953.54,951.39,950.77,951.18,952.58,954.58,956.44,957.77,958.58,958.76,958.98,959.66
1751.10,1747.07,1743.39,1740.36,1737.43,1734.18,1730.51,1725.28,1719.64,1714.45,1710.73,1708.09,1705.59,1702.91,1699.98,1697.00,1693.63,1689.69,1684.99,1679.49,1672.73,1664.43,1654.88,1644.16,1631.70,1620.72,1610.34,1600.42,1593.99,1586.17,1576.72,1565.86,1554.05,1543.22,1534.10,1525.52,1516.29,1507.70,1500.42,1494.56,1489.57,1483.09,1474.74,1467.40,1461.46,1456.25,1451.21,1445.81,1439.99,1433.72,1427.10,1420.69,1414.79,1408.82,1401.33,1396.31,1391.42,1385.48,1378.06,1371.64,1365.52,1360.02,1355.25,1350.42,1346.94,1343.72,1340.50,1337.68,1335.62,1333.25,1331.57,1331.43,1331.28,1330.91,1330.21,1329.36,1328.74,1327.29,1324.56,1321.48,1319.00,1315.43,1311.01,1306.42,1301.78,1296.24,1289.16,1282.51,1276.28,1269.02,1260.29,1252.60,1245.76,1238.83,1230.12,1222.12,1213.51,1204.71,1198.66,1193.80,1189.89,1186.76,1184.52,1183.22,1183.20,1184.24,1186.26,1188.70,1191.27,1194.20,1197.58,1201.39,1204.99,1207.56,1209.30,1210.29,1210.30,1209.72,1208.79,1208.34,1210.45,1213.22,1215.10,1216.00,1216.00,1214.51,1212.69,1210.59,1207.92,1204.29,1200.42,1196.80,1193.73,1191.64,1190.14,1189.99,1190.40,1190.67,1191.30,1192.28,1193.67,1195.28,1196.44,1197.29,1197.64,1197.51,1196.88,1195.72,1193.96,1192.00,1190.31,1189.70,1190.26,1191.61,1193.54,1195.78,1197.47,1198.77,1199.61,1199.79,1199.63,1198.52,1196.66,1194.15,1191.18,1187.52,1183.42,1178.78,1173.26,1167.42,1162.18,1158.14,1155.49,1152.74,1149.43,1146.11,1143.00,1140.09,1136.69,1133.09,1129.48,1125.96,1122.39,1117.87,1113.34,1109.35,1105.99,1103.10,1100.32,1097.51,1094.63,1091.57,1089.02,1086.68,1084.28,1081.99,1080.05,1079.11,1079.35,1080.49,1081.70,1082.63,1083.26,1083.65,1083.92,1084.02,1084.22,1084.70,1085.52,1087.10,1089.02,1090.98,1092.69,1094.38,1095.62,1096.31,1096.18,1094.78,1091.71,1088.13,1084.38,1080.30,1076.93,1073.50,1069.82,1065.86,1061.76,1057.28,1052.41,1047.08,1041.24,1033.83,1027.41,1022.01,1016.32,1010.42,1005.25,1000.10,994.14,987.29,979.96,972.43,964.88,957.64,951.93,948.16,946.16,945.94,946.72,948.08,949.29,950.10,950.97,951.41,952.21,953.62
1747.58,1743.65,1740.62,1737.88,1735.18,1732.16,1728.00,1722.30,1716.27,1710.97,1707.79,1705.30,1702.78,1700.12,1697.39,1694.81,1691.82,1688.28,1684.11,1679.37,1674.07,1667.65,1659.86,1650.14,1639.06,1628.46,1618.21,1608.35,1600.09,1592.92,1585.39,1576.47,1564.99,1553.81,1543.98,1534.64,1524.88,1515.93,1507.58,1500.21,1493.99,1488.14,1480.14,1472.43,1465.64,1459.60,1454.46,1449.09,1443.08,1436.30,1429.34,1422.66,1416.42,1410.30,1403.57,1399.11,1394.03,1387.32,1378.96,1372.08,1366.52,1361.70,1357.32,1353.14,1349.88,1347.20,1344.97,1343.31,1342.31,1341.11,1340.20,1340.02,1339.70,1338.88,1337.62,1336.13,1334.82,1333.07,1330.47,1327.46,1324.53,1321.03,1316.55,1311.71,1306.56,1300.17,1292.74,1285.73,1278.97,1271.11,1262.22,1254.29,1247.18,1240.11,1231.49,1223.85,1215.19,1205.83,1199.32,1194.45,1190.24,1186.36,1182.89,1180.11,1178.44,1178.15,1179.45,1181.75,1184.84,1188.31,1192.03,1196.08,1199.60,1202.24,1204.08,1205.05,1205.12,1204.47,1203.69,1203.72,1206.38,1209.28,1211.25,1212.11,1211.74,1210.22,1208.25,1205.99,1203.24,1199.47,1195.49,1191.11,1186.78,1183.76,1181.78,1181.38,1181.87,1182.66,1183.75,1184.86,1186.23,1187.82,1189.07,1189.83,1190.11,1189.97,1189.33,1188.28,1186.61,1185.00,1184.02,1183.97,1184.74,1186.09,1187.88,1189.89,1191.64,1193.06,1193.91,1193.90,1193.54,1192.33,1190.63,1188.54,1185.94,1182.42,1178.41,1173.79,1167.98,1162.06,1157.04,1153.27,1150.76,1148.21,1145.03,1141.90,1139.05,1136.30,1132.99,1129.35,1125.59,1121.66,1117.10,1112.58,1108.53,1105.08,1101.88,1099.02,1096.24,1093.40,1090.47,1087.82,1085.59,1083.27,1080.51,1077.67,1075.33,1073.60,1072.76,1073.40,1074.59,1076.07,1077.45,1078.37,1078.82,1079.03,1079.28,1079.72,1080.39,1081.85,1083.82,1085.92,1087.76,1089.55,1090.88,1091.67,1091.71,1090.71,1088.44,1085.63,1082.52,1079.07,1076.00,1072.82,1069.43,1065.83,1062.02,1057.63,1052.96,1048.10,1042.66,1035.75,1029.20,1023.39,1017.94,1012.08,1006.71,1001.37,995.50,989.07,981.75,974.11,966.29,958.32,952.06,947.31,943.84,941.91,941.60,941.98,942.42,942.97,944.53,945.79,947.20,948.94
1743.08,1739.71,1737.55,1735.27,1732.79,1729.85,1725.14,1718.93,1712.77,1707.77,1705.15,1702.63,1699.98,1697.24,1694.52,1692.12,1689.40,1686.14,1682.30,1678.21,1674.12,1669.21,1662.92,1654.52,1645.38,1635.22,1625.45,1616.64,1606.58,1599.37,1593.09,1585.92,1575.66,1565.00,1554.66,1544.55,1534.58,1525.21,1516.20,1507.57,1499.86,1494.08,1486.69,1478.84,1471.19,1464.26,1458.73,1453.23,1447.11,1440.06,1432.77,1425.78,1419.12,1412.64,1406.31,1402.39,1397.45,1390.26,1380.80,1373.50,1368.28,1363.97,1360.16,1357.02,1354.31,1352.43,1351.26,1350.49,1349.99,1349.53,1349.05,1348.53,1347.83,1346.33,1344.38,1342.20,1339.94,1337.77,1335.38,1332.58,1329.17,1325.49,1320.82,1315.69,1309.97,1302.33,1294.72,1287.61,1280.46,1272.02,1263.42,1255.54,1248.22,1240.96,1232.56,1225.16,1216.64,1207.24,1200.43,1195.88,1191.80,1187.63,1183.34,1179.28,1175.86,1173.79,1173.63,1175.16,1178.51,1182.47,1186.63,1190.94,1194.30,1196.95,1198.83,1199.68,1199.71,1198.92,1198.40,1199.08,1202.05,1205.06,1207.19,1208.16,1207.60,1206.21,1204.22,1201.81,1198.83,1194.73,1190.47,1185.30,1179.75,1175.74,1173.32,1172.70,1173.38,1175.03,1176.87,1178.39,1179.80,1181.18,1182.33,1182.75,1182.80,1182.54,1181.83,1180.78,1179.02,1177.58,1177.23,1177.72,1178.72,1180.17,1181.95,1183.91,1185.74,1187.38,1188.49,1188.62,1188.16,1186.96,1185.30,1183.29,1180.81,1177.36,1173.32,1168.55,1162.60,1156.68,1151.97,1148.47,1146.01,1143.66,1140.69,1137.76,1135.03,1132.17,1128.83,1125.07,1121.06,1116.73,1111.37,1107.20,1103.95,1101.19,1098.14,1095.24,1092.44,1089.59,1086.59,1084.25,1082.15,1079.75,1076.73,1073.50,1070.88,1068.39,1066.38,1066.29,1067.44,1069.48,1071.65,1073.13,1073.84,1074.22,1074.53,1074.89,1075.52,1076.91,1078.85,1080.97,1082.84,1084.60,1085.90,1086.73,1086.97,1086.48,1084.95,1082.78,1080.18,1077.26,1074.42,1071.47,1068.42,1065.25,1061.83,1057.65,1053.32,1048.92,1043.74,1037.54,1030.97,1024.70,1019.48,1013.74,1008.18,1002.61,996.74,990.69,983.48,975.81,967.79,959.27,952.81,947.41,942.68,938.94,937.25,936.38,935.95,936.30,938.42,940.55,942.65,944.71
1738.72,1736.77,1734.97,1732.95,1730.29,1726.56,1721.73,1714.95,1709.33,1705.60,1702.74,1700.02,1697.21,1694.25,1691.15,1688.32,1685.64,1682.70,1679.40,1676.08,1672.54,1667.80,1661.89,1655.23,1648.34,1640.30,1631.82,1623.46,1615.11,1606.44,1598.95,1592.48,1584.93,1575.16,1565.04,1555.12,1545.32,1534.97,1526.08,1517.67,1509.27,1501.34,1493.97,1486.37,1478.64,1471.45,1464.91,1458.93,1452.83,1445.99,1438.11,1430.84,1423.95,1416.93,1409.37,1404.91,1400.87,1394.54,1384.30,1377.36,1371.65,1367.13,1364.10,1362.18,1361.01,1360.29,1359.82,1359.45,1358.93,1358.38,1357.64,1356.57,1355.38,1353.14,1350.72,1348.26,1345.17,1341.98,1338.86,1335.61,1331.88,1327.71,1322.56,1317.01,1310.70,1301.77,1294.19,1287.01,1279.53,1271.27,1263.48,1256.12,1248.97,1241.68,1233.47,1226.08,1217.94,1209.27,1202.83,1198.36,1194.45,1190.49,1186.17,1181.42,1176.86,1172.76,1169.80,1169.57,1172.49,1176.46,1180.66,1184.94,1188.50,1190.98,1192.36,1192.58,1192.31,1191.62,1192.02,1194.07,1197.15,1200.09,1202.26,1203.43,1203.26,1202.06,1200.01,1197.35,1193.86,1188.87,1183.76,1178.61,1173.63,1169.48,1166.65,1165.91,1166.84,1169.05,1171.51,1173.57,1175.13,1176.17,1176.86,1177.13,1176.88,1176.25,1175.32,1173.85,1171.35,1169.32,1168.85,1169.54,1171.06,1173.04,1175.24,1177.34,1179.35,1181.13,1182.36,1182.66,1182.49,1181.77,1180.46,1178.49,1175.95,1172.56,1167.83,1162.22,1156.57,1151.11,1147.11,1144.04,1141.52,1139.28,1136.69,1134.00,1131.00,1127.08,1123.10,1118.84,1114.57,1110.49,1106.02,1102.51,1099.72,1097.34,1094.67,1091.85,1088.92,1085.88,1082.78,1080.34,1077.86,1075.08,1071.96,1069.05,1066.37,1063.72,1061.45,1060.72,1061.86,1063.99,1066.15,1067.60,1068.59,1069.34,1069.85,1070.25,1071.04,1072.61,1074.52,1076.47,1078.21,1079.74,1081.03,1081.96,1082.32,1082.04,1080.84,1079.02,1076.81,1074.39,1071.84,1068.99,1066.18,1063.69,1060.81,1057.21,1053.36,1049.34,1044.63,1039.11,1032.48,1025.67,1020.40,1015.08,1009.62,1003.89,997.84,991.84,984.96,977.31,968.94,960.15,953.74,948.22,943.08,938.44,934.84,932.16,930.66,930.67,932.20,934.70,937.63,940.52
1735.14,1733.66,1731.84,1729.54,1726.45,1722.28,1717.52,1711.37,1706.50,1703.30,1700.35,1697.52,1694.60,1691.36,1687.68,1684.32,1681.45,1678.75,1676.06,1673.16,1669.73,1665.07,1659.49,1653.72,1648.06,1641.63,1634.66,1627.51,1620.68,1612.16,1604.70,1598.66,1592.05,1583.81,1574.30,1564.56,1555.25,1544.78,1535.76,1527.45,1519.26,1510.92,1502.92,1494.94,1486.99,1479.37,1472.61,1466.01,1459.56,1453.02,1445.21,1438.21,1431.60,1424.64,1416.44,1410.84,1406.08,1400.22,1392.14,1386.59,1380.83,1375.85,1372.53,1370.61,1369.55,1368.71,1368.00,1367.53,1366.71,1365.85,1364.74,1363.16,1361.31,1358.42,1355.38,1352.34,1348.70,1344.81,1341.04,1337.25,1333.11,1328.45,1322.70,1316.39,1309.25,1299.87,1292.63,1285.68,1278.21,1270.19,1263.21,1256.47,1249.69,1242.62,1234.78,1227.45,1219.83,1212.07,1205.76,1201.28,1197.35,1193.43,1189.23,1184.41,1179.26,1174.06,1169.28,1166.11,1166.61,1169.48,1173.69,1178.25,1181.97,1184.54,1185.94,1186.04,1185.36,1184.28,1184.72,1187.28,1190.92,1194.01,1196.31,1197.69,1197.78,1196.90,1194.53,1191.22,1187.17,1182.31,1177.32,1172.13,1166.94,1162.45,1159.64,1159.06,1160.16,1162.56,1165.23,1167.76,1169.73,1170.93,1171.34,1171.22,1170.31,1168.85,1167.11,1164.96,1162.62,1160.95,1160.60,1161.26,1162.78,1165.02,1167.70,1170.40,1172.89,1174.82,1176.09,1176.63,1176.90,1176.58,1175.43,1173.27,1170.03,1166.34,1161.64,1156.32,1151.15,1146.29,1142.58,1139.58,1137.03,1134.88,1132.08,1128.95,1125.53,1121.57,1117.41,1113.17,1109.01,1105.13,1101.55,1098.56,1096.01,1093.71,1091.17,1088.34,1085.31,1082.12,1078.79,1075.99,1073.23,1070.30,1067.20,1064.38,1061.46,1058.74,1056.59,1055.67,1056.90,1058.94,1060.86,1062.09,1063.03,1063.90,1064.67,1065.38,1066.43,1068.13,1070.04,1071.97,1073.76,1075.10,1076.22,1077.06,1077.42,1077.22,1076.24,1074.63,1072.50,1070.00,1067.63,1065.18,1062.92,1061.11,1058.90,1056.07,1052.81,1049.14,1044.86,1039.83,1033.35,1026.49,1021.42,1016.38,1011.05,1005.16,998.69,992.76,986.21,978.69,970.17,961.13,954.50,948.89,943.64,938.64,934.02,930.26,927.64,926.54,927.13,929.28,932.22,935.29
1732.09,1730.22,1728.06,1725.16,1721.58,1717.35,1712.81,1708.14,1704.12,1700.85,1697.99,1695.14,1692.11,1688.53,1684.15,1680.24,1676.97,1674.42,1672.34,1669.53,1665.89,1661.32,1656.05,1650.53,1645.27,1639.81,1634.32,1628.90,1623.21,1616.23,1609.90,1604.15,1597.12,1590.68,1582.08,1572.55,1563.90,1554.13,1544.89,1536.59,1529.22,1521.96,1513.16,1504.50,1496.22,1488.02,1481.46,1474.24,1467.21,1461.01,1453.76,1447.40,1441.40,1434.95,1426.89,1419.97,1413.31,1407.46,1403.42,1399.72,1394.32,1388.85,1384.53,1381.64,1379.50,1377.57,1375.88,1374.81,1373.42,1372.03,1370.45,1368.38,1365.74,1362.31,1358.56,1354.67,1350.69,1346.40,1342.11,1337.78,1333.19,1328.06,1321.64,1314.40,1306.40,1297.45,1290.74,1284.19,1277.00,1269.27,1262.95,1256.81,1250.53,1243.92,1236.66,1229.46,1222.43,1215.64,1209.30,1204.60,1200.43,1196.38,1192.33,1187.94,1182.63,1177.11,1171.49,1164.84,1161.43,1162.09,1165.87,1170.71,1174.70,1177.68,1179.59,1180.05,1179.02,1177.20,1176.87,1179.07,1183.43,1186.84,1189.36,1190.93,1191.14,1190.60,1187.79,1183.73,1179.25,1175.27,1171.00,1165.66,1159.70,1154.81,1152.32,1152.04,1153.26,1155.56,1158.11,1160.95,1163.44,1165.10,1165.40,1164.74,1163.01,1160.53,1157.70,1154.81,1153.29,1152.65,1152.56,1153.01,1154.17,1156.43,1159.64,1163.21,1166.37,1168.46,1169.77,1170.61,1171.36,1171.25,1170.08,1167.52,1163.31,1159.15,1155.10,1150.92,1146.34,1142.07,1138.27,1135.00,1132.40,1130.27,1126.89,1122.95,1119.08,1115.85,1111.92,1108.13,1104.40,1100.71,1097.83,1095.20,1092.71,1090.29,1087.68,1084.75,1081.64,1078.34,1074.74,1071.44,1068.50,1065.58,1062.47,1059.47,1056.21,1053.54,1051.74,1051.01,1052.36,1054.17,1055.70,1056.59,1057.19,1058.01,1059.05,1060.29,1061.70,1063.47,1065.39,1067.40,1069.40,1070.64,1071.50,1072.10,1072.38,1072.15,1071.24,1069.66,1067.38,1064.39,1062.14,1060.32,1058.84,1057.68,1056.24,1054.24,1051.62,1048.31,1044.42,1039.71,1033.56,1027.09,1022.45,1017.57,1012.39,1006.35,999.30,993.47,987.21,979.91,971.42,962.14,955.12,949.40,944.25,939.24,934.38,930.17,926.48,923.70,923.13,924.34,926.58,929.25
1728.39,1725.68,1723.10,1720.40,1717.27,1713.46,1709.22,1704.95,1701.39,1698.55,1695.86,1693.07,1689.66,1685.53,1680.76,1676.27,1672.55,1669.89,1667.97,1665.09,1661.32,1656.69,1651.72,1647.05,1642.18,1636.84,1631.60,1626.81,1621.76,1616.29,1610.94,1605.62,1599.57,1592.95,1585.28,1576.83,1568.05,1559.91,1551.66,1543.88,1536.88,1530.08,1523.00,1515.57,1507.56,1498.66,1490.49,1482.97,1476.32,1470.37,1463.03,1456.75,1450.72,1444.49,1438.05,1431.80,1424.82,1418.43,1414.28,1409.85,1404.76,1399.94,1395.90,1392.43,1389.66,1387.30,1385.02,1382.39,1379.66,1377.14,1374.66,1371.95,1368.76,1365.02,1360.71,1356.01,1351.51,1346.90,1342.38,1337.81,1332.93,1327.49,1320.58,1313.03,1305.45,1298.33,1291.93,1285.23,1278.07,1270.86,1264.42,1258.32,1252.43,1246.63,1240.17,1233.28,1226.66,1220.47,1214.44,1208.76,1203.94,1199.67,1195.50,1191.32,1186.01,1180.36,1174.48,1167.18,1160.94,1157.62,1157.49,1160.58,1166.09,1170.26,1172.84,1174.04,1173.80,1171.57,1170.15,1171.00,1174.41,1178.13,1180.84,1182.39,1182.74,1181.93,1179.57,1176.32,1172.56,1168.46,1163.34,1157.62,1152.04,1147.97,1145.30,1144.95,1146.23,1148.48,1151.04,1153.39,1155.44,1156.92,1157.16,1156.43,1154.81,1152.59,1150.05,1147.63,1146.13,1145.17,1144.61,1144.70,1146.09,1148.79,1152.41,1156.11,1159.44,1161.85,1163.57,1164.81,1165.46,1165.06,1163.52,1160.83,1157.40,1153.74,1150.07,1146.24,1141.95,1137.63,1133.51,1129.86,1126.87,1124.17,1121.30,1117.98,1114.36,1110.93,1107.22,1103.67,1100.34,1097.24,1094.52,1091.94,1089.46,1087.06,1084.57,1081.52,1078.24,1074.85,1071.37,1067.91,1064.80,1061.48,1057.64,1053.98,1051.03,1048.75,1047.17,1046.61,1047.84,1049.39,1050.59,1051.10,1051.36,1052.07,1053.31,1055.06,1057.02,1058.90,1060.71,1062.58,1064.63,1066.22,1067.18,1067.68,1067.77,1067.29,1065.84,1063.81,1061.39,1058.74,1056.84,1055.45,1054.49,1053.93,1053.01,1051.41,1049.22,1046.41,1042.97,1038.43,1032.78,1027.00,1022.71,1018.06,1013.01,1006.87,999.52,993.65,987.58,980.50,972.14,962.83,955.67,949.83,944.60,939.54,934.52,929.91,925.60,921.92,919.97,920.07,921.49,923.61
1724.13,1720.76,1718.02,1715.63,1712.88,1709.33,1705.42,1701.63,1698.60,1696.20,1693.70,1690.86,1687.13,1682.63,1677.55,1672.53,1668.29,1665.29,1663.23,1660.20,1656.40,1652.01,1647.50,1643.41,1638.63,1633.34,1628.26,1623.79,1619.26,1614.79,1610.05,1604.99,1599.66,1592.82,1586.07,1578.73,1569.94,1563.01,1555.89,1548.94,1542.47,1536.27,1530.95,1524.94,1517.72,1509.14,1500.19,1492.54,1485.93,1479.72,1472.56,1466.19,1459.87,1453.61,1448.31,1442.73,1436.17,1429.79,1424.92,1419.50,1414.76,1410.67,1406.89,1402.56,1399.19,1396.41,1393.46,1389.25,1385.14,1381.53,1378.20,1374.89,1371.34,1367.41,1362.68,1357.36,1352.37,1347.45,1342.74,1338.07,1333.14,1327.59,1320.50,1312.98,1306.07,1300.82,1295.03,1288.54,1281.47,1274.00,1267.21,1261.01,1255.44,1250.41,1244.85,1238.17,1231.64,1225.74,1220.16,1214.01,1208.29,1203.22,1198.82,1194.65,1189.54,1183.93,1177.83,1170.37,1162.10,1155.65,1152.04,1152.43,1157.85,1162.71,1166.02,1167.75,1168.10,1165.90,1163.88,1163.64,1166.02,1169.69,1172.35,1173.78,1174.23,1173.29,1171.51,1169.08,1165.76,1161.22,1155.65,1150.08,1145.15,1141.61,1138.85,1138.26,1139.28,1141.34,1143.87,1145.95,1147.66,1148.88,1149.14,1148.48,1147.08,1145.23,1143.17,1141.25,1139.62,1138.30,1137.47,1137.41,1138.93,1141.81,1145.49,1148.99,1152.22,1154.75,1156.73,1158.18,1158.68,1158.22,1156.71,1154.30,1151.84,1148.79,1145.37,1141.64,1137.51,1133.12,1128.79,1124.92,1121.74,1118.76,1116.37,1113.47,1109.89,1106.25,1102.78,1099.45,1096.40,1093.74,1090.97,1088.48,1086.12,1083.78,1081.44,1078.43,1075.08,1071.65,1068.30,1064.85,1061.53,1057.77,1053.32,1049.21,1046.39,1044.24,1042.65,1042.18,1043.24,1044.58,1045.59,1045.90,1046.04,1046.73,1048.13,1050.20,1052.49,1054.49,1056.29,1058.09,1060.11,1061.92,1062.96,1063.39,1063.26,1062.44,1060.51,1058.13,1055.61,1053.24,1051.49,1050.26,1049.54,1049.35,1048.82,1047.61,1045.87,1043.61,1040.65,1036.41,1031.46,1026.58,1022.64,1018.25,1013.28,1007.09,999.62,993.71,987.75,980.80,972.55,963.31,956.13,950.20,944.85,939.74,934.62,929.63,924.87,920.55,917.31,916.17,916.60,918.04
1719.03,1715.55,1713.15,1710.96,1708.09,1704.26,1700.75,1698.07,1695.82,1693.70,1691.38,1688.26,1684.45,1679.95,1674.64,1669.22,1664.30,1660.61,1658.02,1654.73,1651.15,1647.56,1643.85,1639.56,1634.26,1629.28,1624.68,1620.38,1616.28,1611.85,1607.04,1601.84,1596.17,1589.87,1583.96,1577.43,1569.18,1562.27,1556.09,1550.34,1544.95,1539.88,1535.37,1530.40,1524.78,1518.49,1511.12,1503.55,1495.92,1488.49,1482.34,1475.75,1468.87,1462.19,1456.53,1450.85,1445.48,1440.39,1435.34,1429.43,1425.11,1421.48,1417.40,1411.48,1407.38,1403.93,1400.04,1394.55,1389.31,1384.91,1381.01,1377.30,1373.66,1369.64,1364.72,1359.10,1353.77,1348.52,1343.62,1338.98,1334.38,1329.09,1322.37,1315.28,1308.99,1305.13,1300.67,1295.33,1288.50,1279.19,1271.85,1265.56,1260.18,1255.76,1251.15,1244.42,1237.48,1231.37,1226.40,1221.04,1214.12,1207.17,1202.43,1197.92,1193.34,1188.07,1181.59,1173.77,1164.59,1157.41,1152.57,1149.25,1150.83,1155.15,1159.23,1160.91,1161.01,1159.55,1158.05,1157.63,1159.51,1162.38,1164.51,1165.73,1166.19,1165.63,1164.42,1162.15,1158.30,1153.04,1148.47,1144.19,1139.94,1135.85,1133.43,1132.37,1132.53,1134.09,1136.48,1139.01,1140.96,1142.07,1142.45,1141.94,1140.63,1138.88,1137.04,1135.24,1133.54,1132.31,1131.88,1132.10,1133.38,1135.75,1138.83,1141.80,1144.59,1146.80,1148.58,1149.91,1150.35,1150.45,1149.87,1148.46,1146.63,1144.02,1140.71,1136.91,1132.79,1128.53,1124.31,1120.61,1117.76,1115.27,1112.89,1109.45,1105.20,1101.71,1098.54,1095.46,1092.53,1089.79,1086.80,1084.61,1082.57,1080.37,1078.14,1075.46,1072.31,1068.90,1065.53,1062.28,1058.70,1054.61,1050.05,1046.05,1042.82,1040.11,1038.12,1037.61,1038.47,1039.76,1040.82,1041.26,1041.72,1042.60,1044.08,1046.11,1048.24,1050.35,1052.37,1054.32,1056.23,1057.82,1058.79,1059.14,1058.77,1057.50,1055.47,1053.10,1050.59,1048.06,1045.97,1044.44,1043.51,1043.24,1042.99,1042.26,1041.10,1039.44,1037.03,1033.39,1029.50,1025.76,1022.23,1018.11,1013.15,1006.97,999.66,993.72,987.75,980.78,972.54,963.52,956.47,950.49,945.02,939.86,934.70,929.38,924.26,919.55,915.27,912.74,911.91,912.48
1714.42,1711.14,1708.85,1706.26,1702.84,1698.82,1696.32,1694.50,1692.53,1690.24,1687.75,1684.61,1680.97,1676.73,1671.58,1665.70,1660.20,1655.80,1652.59,1649.56,1646.46,1643.28,1639.75,1635.25,1630.23,1625.60,1621.30,1617.21,1613.19,1608.25,1603.01,1597.76,1592.47,1587.23,1582.00,1575.90,1568.10,1560.90,1554.48,1548.78,1543.78,1539.22,1535.31,1531.38,1527.19,1522.57,1517.13,1510.89,1504.21,1497.50,1491.37,1485.30,1478.32,1470.65,1463.92,1458.25,1452.98,1447.98,1443.16,1437.50,1432.80,1428.71,1424.46,1418.69,1414.15,1410.04,1405.43,1399.34,1393.40,1388.25,1383.79,1379.87,1376.01,1371.84,1366.98,1361.51,1356.13,1350.96,1346.28,1341.93,1337.57,1332.71,1326.91,1320.72,1314.87,1310.76,1306.45,1301.81,1296.40,1289.01,1279.12,1271.27,1265.57,1261.39,1257.32,1250.98,1244.10,1237.84,1232.97,1227.77,1221.32,1213.94,1206.64,1201.55,1196.95,1191.91,1185.75,1177.83,1168.40,1160.37,1154.18,1149.27,1146.97,1149.17,1152.81,1154.83,1155.06,1153.78,1152.26,1151.46,1152.60,1154.68,1156.42,1157.58,1158.07,1157.47,1156.18,1153.92,1150.29,1145.68,1141.43,1137.32,1133.21,1129.29,1126.79,1125.64,1125.68,1127.00,1129.06,1131.39,1133.23,1134.22,1134.46,1134.06,1133.06,1131.70,1130.26,1128.86,1127.40,1126.36,1126.08,1126.36,1127.62,1129.68,1132.22,1134.72,1137.21,1139.30,1141.05,1142.49,1143.24,1143.77,1143.69,1142.76,1141.01,1138.35,1135.23,1131.79,1127.90,1123.76,1119.69,1116.24,1113.56,1110.48,1107.29,1103.80,1100.19,1097.12,1094.21,1091.21,1088.19,1085.33,1082.58,1080.56,1078.68,1076.68,1074.57,1072.24,1069.52,1066.50,1063.33,1060.04,1056.40,1052.35,1047.92,1043.68,1039.63,1036.05,1033.44,1032.69,1033.11,1034.18,1035.28,1035.93,1036.70,1038.05,1039.88,1042.10,1044.45,1046.68,1048.73,1050.64,1052.41,1053.77,1054.61,1054.87,1054.31,1052.76,1050.76,1048.34,1045.54,1042.70,1040.38,1038.78,1037.88,1037.70,1037.45,1036.92,1036.08,1034.84,1033.01,1030.32,1027.36,1024.30,1021.07,1017.19,1012.53,1006.70,999.68,993.73,987.59,980.50,972.34,963.67,956.70,950.67,945.15,939.94,934.76,929.31,923.79,918.44,913.59,909.81,907.75,907.36
1710.35,1707.31,1704.86,1701.45,1697.29,1693.28,1691.65,1690.33,1688.48,1686.07,1683.50,1680.57,1677.24,1673.33,1668.39,1662.14,1656.16,1651.14,1647.35,1644.64,1641.99,1639.02,1635.43,1630.85,1626.36,1622.04,1617.91,1613.89,1609.58,1604.18,1598.67,1593.50,1588.84,1584.67,1579.91,1574.01,1566.60,1559.06,1552.07,1545.97,1540.90,1536.52,1533.14,1530.16,1527.22,1524.01,1520.43,1515.79,1510.71,1505.45,1499.24,1493.84,1487.09,1478.78,1471.03,1465.08,1459.51,1454.31,1449.81,1444.64,1439.44,1434.60,1430.00,1424.76,1419.95,1415.28,1410.18,1403.90,1397.60,1391.86,1386.86,1382.68,1378.61,1374.30,1369.59,1364.45,1359.12,1354.13,1349.74,1345.69,1341.59,1337.20,1332.38,1327.14,1321.70,1316.96,1312.38,1308.08,1304.05,1299.30,1287.66,1278.02,1271.40,1267.12,1263.23,1257.29,1250.63,1244.32,1239.32,1234.01,1228.41,1221.30,1211.61,1205.50,1200.52,1195.58,1189.92,1182.22,1172.77,1163.78,1156.17,1150.41,1144.78,1144.23,1146.58,1148.88,1149.28,1148.01,1146.36,1145.22,1145.65,1147.13,1148.62,1149.76,1150.21,1149.40,1147.82,1145.47,1142.24,1138.50,1134.30,1130.06,1126.01,1122.43,1119.58,1118.36,1118.52,1119.78,1121.38,1123.18,1124.66,1125.51,1125.57,1125.23,1124.42,1123.32,1122.24,1121.37,1120.38,1119.77,1119.89,1120.36,1121.75,1123.58,1125.55,1127.54,1129.79,1131.85,1133.76,1135.48,1136.58,1137.39,1137.62,1136.93,1135.18,1132.44,1129.56,1126.54,1122.94,1118.92,1114.95,1111.60,1108.86,1105.09,1101.18,1097.88,1095.17,1092.49,1089.73,1086.72,1083.63,1080.79,1078.41,1076.49,1074.71,1072.88,1070.94,1068.95,1066.68,1064.10,1061.15,1057.80,1054.16,1050.23,1045.94,1041.35,1036.47,1032.13,1028.94,1027.70,1027.50,1028.19,1029.22,1030.14,1031.38,1033.34,1035.65,1038.16,1040.83,1043.16,1045.18,1047.01,1048.65,1049.81,1050.49,1050.61,1049.92,1048.20,1046.23,1043.66,1040.49,1037.29,1034.81,1033.19,1032.39,1032.36,1032.03,1031.64,1031.10,1030.26,1028.98,1027.23,1025.05,1022.50,1019.53,1015.97,1011.66,1006.24,999.64,993.68,987.33,980.13,972.06,963.72,956.85,950.82,945.25,939.97,934.81,929.26,923.33,917.29,911.95,907.05,903.88,902.63
1707.77,1704.57,1701.33,1696.22,1691.21,1687.89,1685.74,1683.89,1682.14,1680.45,1678.68,1676.52,1673.69,1669.96,1664.89,1658.67,1652.53,1647.25,1643.22,1640.24,1637.60,1634.54,1630.92,1626.79,1622.60,1618.43,1614.21,1609.63,1604.06,1599.25,1594.53,1589.85,1585.77,1581.97,1577.09,1571.03,1563.90,1556.30,1549.11,1542.45,1536.53,1531.86,1529.07,1526.72,1524.48,1522.55,1520.09,1516.38,1512.51,1508.88,1503.55,1498.37,1492.56,1485.80,1478.29,1470.66,1464.78,1460.09,1455.52,1450.81,1445.74,1440.28,1434.49,1428.82,1423.90,1419.13,1414.07,1408.30,1402.39,1396.62,1391.12,1386.15,1382.06,1377.84,1373.31,1368.45,1363.29,1358.22,1353.78,1349.82,1346.06,1342.05,1337.59,1332.90,1328.13,1323.49,1318.68,1313.99,1309.51,1304.83,1297.50,1287.27,1278.05,1272.83,1268.22,1262.14,1255.67,1249.58,1244.37,1238.75,1233.15,1226.87,1218.79,1210.28,1204.19,1199.03,1193.53,1186.94,1177.44,1167.26,1158.05,1151.45,1144.73,1141.10,1140.57,1142.30,1142.54,1141.41,1139.93,1138.84,1139.17,1140.77,1142.38,1143.43,1143.44,1142.44,1140.57,1138.05,1134.84,1130.88,1126.58,1122.68,1119.17,1115.50,1111.90,1110.15,1110.26,1111.80,1112.69,1113.59,1114.34,1114.82,1115.01,1114.60,1113.14,1111.33,1110.31,1110.02,1109.90,1110.60,1112.41,1114.03,1115.77,1117.32,1118.59,1119.79,1121.78,1124.06,1126.50,1128.86,1129.90,1130.69,1130.96,1130.43,1129.14,1126.93,1124.30,1121.36,1117.93,1113.99,1109.88,1105.97,1102.44,1099.24,1096.14,1093.26,1090.57,1087.81,1084.82,1081.74,1078.91,1076.65,1074.49,1072.61,1070.84,1069.09,1067.45,1065.69,1063.63,1061.20,1058.25,1055.09,1051.42,1047.37,1042.91,1037.92,1032.89,1028.63,1025.34,1022.95,1021.76,1021.71,1022.34,1023.51,1025.80,1028.62,1031.54,1034.41,1037.25,1039.57,1041.60,1043.45,1045.07,1046.14,1046.60,1046.53,1045.81,1044.14,1041.92,1039.00,1035.50,1031.97,1029.39,1027.70,1026.89,1026.99,1026.72,1026.61,1026.60,1026.43,1025.52,1024.15,1022.37,1020.21,1017.65,1014.70,1010.50,1005.28,999.33,993.39,986.95,979.74,971.77,963.55,956.85,950.92,945.28,939.79,934.81,929.02,922.66,916.09,909.93,904.15,900.41,898.81
1706.25,1702.46,1698.10,1692.25,1686.87,1683.33,1680.65,1678.54,1676.97,1675.73,1674.38,1672.36,1669.57,1665.83,1660.74,1654.83,1648.97,1643.63,1639.18,1636.01,1633.16,1629.99,1626.39,1622.43,1618.33,1613.91,1609.30,1604.51,1599.17,1594.78,1590.38,1585.89,1582.10,1578.31,1573.38,1567.48,1560.84,1553.27,1545.93,1538.80,1532.13,1527.05,1524.44,1522.63,1521.12,1519.94,1518.30,1515.60,1512.81,1510.23,1505.89,1501.22,1495.80,1489.41,1482.12,1474.38,1468.56,1464.08,1459.69,1455.32,1450.56,1445.07,1438.85,1432.84,1427.61,1422.72,1417.78,1412.37,1406.51,1400.83,1395.32,1390.07,1385.81,1381.65,1377.34,1372.76,1367.74,1362.61,1358.06,1354.10,1350.59,1346.88,1342.68,1338.25,1333.75,1329.28,1324.49,1319.51,1314.42,1309.23,1303.80,1294.10,1284.36,1278.48,1273.27,1267.20,1260.97,1254.98,1249.27,1243.04,1237.01,1230.97,1224.12,1215.63,1208.51,1202.52,1197.05,1190.90,1181.85,1171.21,1160.75,1153.00,1145.57,1139.64,1135.97,1135.03,1134.21,1133.42,1132.52,1131.90,1132.76,1134.60,1136.13,1136.86,1136.43,1135.26,1133.31,1130.70,1127.46,1123.71,1119.88,1116.41,1113.01,1108.74,1104.44,1102.07,1101.62,1102.70,1103.16,1103.74,1104.28,1104.66,1104.89,1104.48,1103.02,1101.21,1100.23,1100.24,1100.95,1102.63,1105.30,1107.58,1109.50,1110.88,1111.81,1112.76,1114.63,1117.09,1119.88,1122.61,1123.92,1125.01,1125.49,1125.10,1124.00,1122.19,1119.85,1117.01,1113.46,1109.30,1104.94,1100.69,1096.89,1094.02,1091.18,1088.38,1085.63,1082.88,1079.97,1077.05,1074.42,1072.36,1070.28,1068.54,1066.89,1065.26,1063.79,1062.14,1060.17,1057.80,1054.93,1051.81,1048.13,1044.03,1039.51,1034.36,1029.63,1025.63,1022.28,1019.31,1017.49,1016.95,1017.35,1018.64,1021.18,1024.29,1027.53,1030.74,1033.78,1036.13,1038.20,1040.10,1041.61,1042.52,1042.82,1042.62,1041.84,1040.23,1037.70,1034.51,1030.84,1027.02,1024.04,1021.88,1020.61,1020.41,1020.36,1020.82,1021.42,1021.77,1021.25,1020.34,1019.04,1017.42,1015.46,1013.04,1009.23,1004.42,998.95,992.98,986.49,979.34,971.51,963.38,956.75,950.82,945.10,939.48,934.59,928.53,921.83,915.01,908.50,902.43,898.25,895.93
1705.62,1700.93,1695.34,1689.67,1684.34,1679.78,1676.52,1674.38,1672.89,1671.72,1670.32,1667.90,1664.80,1660.93,1656.04,1650.67,1645.45,1640.16,1635.13,1631.81,1628.60,1625.29,1621.71,1617.58,1613.38,1608.47,1603.44,1598.87,1595.04,1590.77,1586.12,1581.51,1577.73,1573.67,1568.81,1563.32,1557.27,1549.95,1542.51,1535.03,1527.86,1522.35,1519.51,1518.10,1517.27,1516.40,1515.34,1513.72,1511.87,1509.77,1506.44,1502.56,1496.98,1489.76,1482.55,1476.11,1470.72,1466.20,1462.26,1458.07,1453.68,1448.66,1442.82,1436.72,1431.09,1426.06,1421.29,1416.06,1409.92,1404.41,1399.29,1394.26,1389.73,1385.63,1381.58,1377.29,1372.39,1367.22,1362.55,1358.51,1355.10,1351.59,1347.57,1343.15,1338.51,1334.14,1329.57,1324.46,1318.86,1312.94,1306.76,1298.43,1290.16,1283.95,1278.33,1272.40,1266.40,1260.36,1253.95,1246.91,1240.18,1233.80,1227.50,1221.14,1213.28,1206.08,1200.48,1194.11,1185.93,1175.55,1164.30,1155.08,1147.08,1139.69,1133.05,1127.91,1125.28,1124.73,1124.55,1124.61,1126.33,1128.34,1129.57,1129.82,1129.07,1127.78,1125.91,1123.37,1120.19,1117.11,1114.19,1111.14,1107.41,1102.11,1097.16,1094.12,1092.75,1092.67,1092.99,1093.76,1094.53,1095.07,1095.29,1094.99,1094.16,1093.07,1092.22,1092.31,1093.69,1095.90,1098.57,1101.00,1102.90,1104.21,1105.17,1106.41,1108.34,1110.95,1113.92,1116.77,1118.67,1120.32,1121.18,1120.93,1119.77,1118.19,1116.14,1113.40,1109.49,1104.87,1100.16,1095.84,1092.26,1089.36,1086.21,1083.18,1080.38,1077.74,1075.17,1072.60,1070.11,1067.86,1065.78,1064.25,1062.83,1061.36,1059.93,1058.28,1056.28,1053.93,1051.20,1048.00,1044.33,1040.29,1035.85,1030.83,1026.70,1023.03,1019.64,1016.64,1014.51,1013.71,1014.05,1015.43,1017.51,1020.37,1023.63,1027.07,1030.38,1032.84,1035.01,1036.95,1038.28,1038.98,1039.16,1038.89,1038.03,1036.42,1033.58,1030.20,1026.49,1022.43,1018.80,1015.88,1013.79,1012.91,1013.10,1014.21,1015.36,1016.04,1016.00,1015.67,1015.03,1014.13,1012.92,1010.95,1007.77,1003.61,998.45,992.38,985.93,978.92,971.26,963.20,956.55,950.53,944.70,939.04,934.09,927.78,920.89,914.08,907.68,901.84,897.26,893.90
1705.44,1700.12,1694.57,1688.99,1683.52,1678.29,1673.57,1670.23,1667.76,1665.80,1663.99,1661.82,1659.05,1655.64,1651.48,1646.85,1641.91,1636.45,1630.89,1627.00,1623.30,1619.62,1615.68,1611.00,1606.26,1602.35,1598.69,1594.88,1591.21,1586.37,1581.20,1576.37,1572.47,1568.32,1563.29,1557.58,1551.47,1545.49,1538.13,1530.63,1523.92,1518.71,1515.26,1513.33,1512.46,1512.05,1511.32,1510.31,1508.97,1507.12,1504.53,1501.29,1495.75,1488.08,1480.62,1474.61,1469.82,1465.85,1462.34,1458.06,1453.43,1448.68,1443.80,1438.50,1433.28,1428.42,1423.82,1419.04,1413.08,1407.58,1402.55,1397.76,1393.24,1389.58,1386.02,1382.02,1377.13,1372.08,1367.30,1362.93,1359.12,1355.48,1351.49,1346.97,1341.95,1337.11,1332.18,1327.16,1322.03,1316.48,1309.49,1301.99,1294.68,1288.10,1282.39,1276.29,1269.96,1263.53,1256.95,1249.79,1242.77,1236.12,1229.97,1224.18,1216.96,1209.73,1203.35,1197.11,1189.45,1179.66,1168.45,1157.75,1148.72,1140.85,1133.67,1127.42,1123.41,1120.74,1119.08,1118.53,1119.34,1120.54,1121.43,1121.74,1121.18,1120.02,1118.36,1116.34,1114.01,1111.57,1108.93,1105.70,1101.39,1095.25,1089.32,1085.89,1084.14,1083.19,1083.19,1083.55,1084.23,1085.09,1085.54,1085.64,1085.45,1085.13,1084.94,1085.42,1086.65,1088.72,1091.50,1093.85,1095.54,1096.89,1098.21,1099.98,1102.42,1105.42,1108.71,1111.89,1114.18,1116.06,1117.13,1117.12,1116.24,1114.80,1112.63,1109.70,1105.76,1100.76,1095.60,1091.11,1087.67,1084.42,1081.19,1078.15,1075.33,1072.63,1070.12,1067.68,1065.29,1063.02,1061.22,1059.76,1058.44,1057.10,1055.57,1053.84,1051.85,1049.54,1046.78,1043.77,1040.22,1036.37,1032.33,1027.99,1024.10,1020.33,1016.74,1013.79,1011.06,1009.59,1009.88,1012.23,1014.27,1016.94,1019.92,1023.09,1026.61,1029.68,1032.15,1034.03,1035.28,1035.89,1035.96,1035.57,1034.56,1032.72,1029.65,1026.03,1022.16,1018.14,1014.26,1011.09,1008.63,1006.98,1006.24,1006.55,1007.29,1008.12,1008.87,1009.45,1010.01,1010.25,1009.49,1007.91,1005.41,1001.95,997.24,991.21,985.04,978.37,970.91,962.70,956.08,950.06,944.20,938.44,933.10,926.77,920.10,913.58,907.43,901.58,896.43,892.20
1705.13,1699.38,1694.06,1688.57,1682.93,1677.13,1671.09,1666.48,1662.97,1660.26,1658.03,1656.03,1653.54,1650.55,1647.04,1642.90,1638.03,1632.41,1626.48,1621.78,1617.42,1613.21,1608.98,1604.54,1600.00,1597.17,1594.67,1591.27,1587.34,1581.88,1576.26,1571.24,1567.13,1562.52,1557.25,1551.46,1545.44,1540.31,1533.41,1526.39,1520.38,1515.46,1511.45,1508.78,1507.31,1506.77,1506.29,1505.79,1504.94,1503.43,1501.41,1498.59,1493.27,1485.63,1478.12,1472.38,1468.09,1464.62,1461.24,1456.60,1451.73,1447.25,1443.21,1438.77,1434.10,1429.60,1425.33,1421.07,1415.59,1410.21,1405.26,1400.75,1396.36,1393.06,1389.96,1386.38,1381.66,1376.65,1371.72,1367.06,1362.82,1358.80,1354.62,1349.90,1344.52,1339.06,1333.51,1328.53,1324.02,1319.09,1311.63,1304.63,1297.99,1291.32,1285.55,1279.15,1272.27,1265.21,1258.49,1251.39,1244.37,1237.68,1231.58,1225.95,1219.48,1212.45,1205.41,1199.28,1192.08,1183.24,1172.72,1160.83,1150.74,1142.54,1135.34,1128.80,1123.86,1119.40,1116.10,1114.23,1113.32,1113.27,1113.37,1113.31,1112.86,1111.90,1110.58,1109.14,1107.60,1105.65,1102.85,1098.52,1092.67,1085.70,1079.35,1075.84,1074.03,1072.78,1072.73,1072.91,1073.60,1074.76,1075.52,1076.13,1076.58,1076.97,1077.50,1078.34,1079.41,1081.20,1083.81,1085.98,1087.65,1089.34,1091.27,1093.59,1096.68,1100.08,1103.61,1107.02,1109.65,1111.84,1113.16,1113.40,1112.83,1111.42,1109.07,1105.91,1101.80,1096.44,1091.11,1086.61,1083.16,1079.64,1076.37,1073.35,1070.53,1067.80,1065.25,1062.89,1060.63,1058.48,1056.89,1055.45,1054.11,1052.78,1051.14,1049.32,1047.35,1045.12,1042.43,1039.68,1036.29,1032.63,1028.97,1025.22,1021.32,1017.30,1013.41,1010.29,1006.98,1004.88,1004.98,1007.92,1010.34,1013.27,1016.21,1019.08,1022.60,1026.02,1028.72,1030.72,1032.12,1032.78,1032.74,1032.16,1030.95,1028.85,1025.65,1021.95,1018.03,1014.14,1010.20,1006.92,1004.21,1001.96,1000.23,999.62,999.76,1000.53,1001.79,1003.07,1004.50,1005.61,1005.34,1004.30,1002.52,999.75,995.53,989.82,984.04,977.68,970.35,962.03,955.53,949.61,943.76,937.88,932.12,925.89,919.49,913.20,907.26,901.50,895.96,891.05
1704.30,1698.46,1693.17,1687.81,1682.04,1675.70,1669.07,1663.54,1659.42,1656.47,1653.99,1651.66,1649.03,1646.10,1642.81,1638.53,1633.43,1627.79,1621.79,1615.94,1610.64,1605.67,1601.52,1599.17,1596.63,1594.43,1591.69,1587.69,1583.27,1577.39,1571.62,1566.57,1562.07,1556.12,1550.51,1545.30,1539.97,1534.14,1528.40,1522.85,1517.51,1512.54,1508.27,1504.77,1501.92,1499.84,1499.53,1499.57,1499.36,1498.50,1496.84,1494.03,1489.19,1482.50,1475.55,1470.11,1466.06,1462.61,1458.74,1453.28,1448.49,1444.37,1440.63,1436.74,1432.53,1428.65,1425.08,1421.35,1416.81,1411.87,1407.13,1402.94,1398.79,1395.47,1392.70,1389.87,1385.70,1380.48,1375.31,1370.52,1366.08,1361.23,1356.45,1351.41,1345.83,1339.71,1333.22,1328.04,1324.05,1319.70,1312.60,1305.62,1299.20,1293.14,1287.23,1280.40,1272.70,1264.67,1257.63,1250.67,1244.12,1237.87,1231.77,1226.13,1219.94,1213.10,1205.95,1199.77,1193.04,1185.77,1176.94,1164.49,1153.50,1144.88,1137.58,1131.03,1126.01,1121.59,1117.36,1113.27,1109.67,1107.89,1106.19,1104.59,1103.86,1103.14,1102.37,1101.41,1100.15,1098.40,1094.77,1087.60,1078.18,1070.36,1064.92,1061.92,1060.45,1060.07,1060.63,1061.42,1062.49,1063.82,1065.01,1066.22,1067.29,1068.28,1069.28,1070.32,1071.61,1073.15,1074.91,1076.78,1078.96,1081.60,1084.51,1087.35,1091.12,1094.85,1098.37,1101.69,1104.69,1107.49,1109.26,1109.71,1109.35,1107.78,1105.31,1101.93,1097.24,1091.49,1086.66,1082.54,1078.83,1075.33,1071.99,1068.95,1066.19,1063.53,1060.88,1058.59,1056.61,1054.80,1053.13,1051.58,1050.05,1048.48,1046.79,1044.91,1042.97,1040.91,1038.56,1036.09,1032.86,1029.36,1025.92,1022.26,1018.01,1013.58,1009.26,1005.46,1001.75,999.32,998.89,1001.23,1004.70,1008.83,1012.39,1015.13,1018.23,1021.14,1023.91,1026.46,1028.44,1029.35,1029.21,1028.37,1026.88,1024.54,1021.45,1017.98,1014.33,1010.64,1006.89,1003.50,1000.57,998.15,995.90,994.74,994.40,994.76,995.75,997.09,998.46,999.57,1000.03,999.89,998.92,996.79,993.04,988.24,982.97,976.77,969.38,961.17,954.96,949.26,943.48,937.48,931.40,925.43,919.24,912.85,907.02,901.66,896.23,890.94
1702.68,1696.94,1691.71,1686.55,1680.80,1674.01,1666.67,1660.83,1656.40,1653.00,1650.01,1647.37,1644.64,1641.70,1638.37,1634.31,1629.22,1623.40,1617.03,1610.55,1605.14,1600.80,1597.61,1595.86,1593.98,1591.79,1588.84,1584.71,1579.79,1573.68,1567.85,1562.54,1556.84,1550.47,1544.67,1539.40,1534.29,1528.77,1523.85,1519.11,1514.26,1509.24,1504.99,1501.20,1497.65,1494.60,1493.73,1493.58,1493.40,1492.77,1491.34,1488.82,1484.80,1479.27,1472.89,1467.75,1463.31,1459.16,1454.81,1449.22,1444.75,1440.95,1437.38,1433.77,1430.01,1426.66,1423.59,1420.16,1416.12,1411.67,1407.30,1403.30,1399.38,1396.12,1393.48,1390.94,1387.15,1382.06,1377.10,1372.56,1368.16,1362.85,1357.38,1351.79,1345.80,1338.90,1332.28,1327.25,1323.45,1319.25,1313.00,1306.18,1299.64,1293.74,1287.69,1280.53,1272.39,1263.86,1256.31,1249.32,1242.74,1236.43,1230.39,1224.90,1218.89,1212.26,1205.31,1199.15,1192.65,1186.08,1178.48,1167.70,1157.21,1148.73,1141.06,1133.37,1127.63,1123.26,1118.95,1114.30,1109.58,1105.66,1101.65,1098.03,1096.01,1095.13,1094.15,1092.83,1090.82,1087.37,1082.71,1075.81,1067.51,1060.51,1055.77,1053.20,1051.78,1050.94,1050.96,1051.96,1053.39,1054.98,1056.56,1058.04,1059.43,1060.75,1062.02,1063.19,1064.51,1065.99,1067.62,1069.56,1071.92,1074.78,1077.99,1081.23,1085.13,1089.37,1093.43,1096.89,1100.02,1103.12,1105.23,1105.94,1105.76,1104.37,1101.48,1097.45,1092.65,1087.51,1082.97,1078.77,1074.75,1071.35,1068.13,1065.12,1062.26,1059.39,1056.80,1054.51,1052.46,1050.59,1048.72,1047.22,1045.75,1044.15,1042.48,1040.74,1038.92,1036.99,1034.85,1032.46,1029.40,1026.09,1022.66,1018.45,1013.85,1009.31,1004.98,1000.88,997.25,994.91,994.37,996.31,999.65,1003.77,1007.61,1010.77,1013.76,1016.28,1018.88,1021.47,1023.46,1024.43,1024.41,1023.75,1022.44,1020.29,1017.51,1014.35,1010.91,1007.31,1003.56,1000.03,996.86,994.15,991.69,990.04,989.23,989.36,990.39,991.91,993.47,994.77,995.50,995.70,995.12,993.45,990.29,986.04,981.10,975.21,968.24,960.42,954.48,948.94,943.23,937.20,930.95,925.10,919.16,912.99,907.17,901.93,896.40,890.82
1700.68,1695.11,1689.95,1684.98,1679.32,1672.23,1664.20,1658.23,1653.57,1649.63,1646.04,1643.08,1640.27,1637.27,1633.82,1630.01,1624.96,1618.91,1612.13,1605.50,1600.48,1597.24,1595.17,1593.38,1591.51,1589.10,1585.98,1581.88,1576.46,1570.31,1564.47,1558.75,1551.87,1545.48,1539.48,1533.83,1528.61,1523.71,1519.32,1514.99,1510.40,1505.36,1501.29,1497.48,1493.58,1489.82,1488.12,1487.53,1487.21,1486.63,1485.38,1483.24,1480.10,1475.74,1469.97,1465.03,1460.03,1455.02,1450.23,1444.82,1440.67,1437.12,1433.70,1430.31,1427.00,1424.08,1421.30,1418.07,1414.30,1410.34,1406.38,1402.51,1398.83,1395.72,1393.13,1390.62,1387.08,1382.31,1377.81,1373.71,1369.51,1363.96,1357.97,1351.87,1345.41,1337.72,1331.14,1326.26,1322.46,1318.27,1312.98,1306.39,1299.69,1293.70,1287.51,1280.17,1271.88,1263.13,1255.15,1247.96,1241.10,1234.51,1228.46,1223.03,1217.02,1210.53,1203.93,1197.89,1191.50,1185.21,1178.60,1170.35,1161.13,1153.21,1145.36,1136.60,1129.88,1125.31,1121.11,1116.50,1111.29,1105.45,1099.31,1093.73,1090.15,1088.82,1087.19,1085.06,1082.06,1076.86,1071.58,1066.11,1060.38,1054.63,1050.21,1047.67,1045.91,1044.11,1043.17,1044.04,1045.61,1047.34,1049.14,1050.75,1052.33,1053.89,1055.37,1056.66,1058.01,1059.51,1061.30,1063.43,1065.85,1068.64,1071.80,1075.28,1079.05,1083.65,1088.26,1091.99,1095.35,1098.56,1100.83,1101.78,1101.74,1100.53,1097.32,1092.81,1088.26,1083.97,1079.56,1075.10,1070.89,1067.63,1064.52,1061.46,1058.38,1055.27,1052.81,1050.51,1048.27,1046.16,1044.02,1042.57,1041.23,1039.72,1038.11,1036.56,1034.92,1033.13,1031.10,1028.70,1025.76,1022.56,1018.98,1014.16,1009.32,1004.80,1000.54,996.34,993.00,990.94,990.47,992.14,994.91,998.59,1002.48,1006.15,1009.18,1011.44,1013.79,1016.21,1018.03,1018.99,1019.18,1018.83,1017.87,1016.04,1013.59,1010.69,1007.42,1003.85,1000.05,996.41,993.06,990.08,987.53,985.43,984.19,984.18,985.38,987.14,988.98,990.52,991.30,991.61,991.23,989.94,987.36,983.51,978.79,973.31,966.96,959.68,954.01,948.62,943.00,937.00,930.64,924.85,919.14,913.27,907.48,902.24,896.50,890.62
1698.42,1692.95,1687.89,1682.95,1677.41,1670.55,1662.08,1655.77,1650.60,1646.02,1642.03,1638.73,1635.74,1632.67,1629.13,1625.14,1619.85,1613.57,1606.83,1601.02,1597.13,1594.59,1592.72,1590.84,1588.60,1585.99,1582.81,1578.59,1572.71,1567.10,1561.21,1554.84,1548.23,1541.95,1535.49,1529.11,1523.40,1518.49,1514.12,1509.59,1504.65,1499.68,1496.00,1492.40,1488.37,1484.00,1481.55,1480.81,1480.65,1480.24,1479.10,1477.22,1474.64,1471.11,1466.13,1460.94,1455.74,1450.53,1445.34,1440.29,1436.06,1432.47,1429.36,1426.46,1423.61,1420.75,1417.83,1414.70,1411.09,1407.39,1403.72,1400.13,1396.69,1394.02,1391.49,1388.63,1385.00,1380.84,1377.10,1373.64,1369.76,1364.27,1358.66,1352.73,1345.89,1337.50,1330.34,1324.97,1320.89,1316.94,1312.11,1305.97,1299.37,1293.03,1286.68,1279.63,1271.73,1263.33,1255.47,1247.72,1240.32,1233.35,1226.98,1220.91,1214.32,1207.71,1201.51,1195.79,1189.47,1183.27,1177.37,1171.42,1164.31,1157.64,1150.94,1143.46,1135.75,1129.93,1125.01,1120.16,1114.43,1108.33,1101.68,1095.31,1090.73,1088.38,1085.50,1082.26,1078.93,1075.24,1071.36,1066.87,1061.66,1055.90,1050.76,1046.62,1043.31,1040.83,1039.03,1039.07,1039.92,1041.09,1042.49,1044.14,1045.97,1047.85,1049.60,1051.09,1052.70,1054.41,1056.26,1058.50,1060.97,1063.71,1066.68,1069.85,1073.33,1077.38,1081.63,1085.74,1090.17,1093.14,1095.04,1096.03,1096.02,1094.51,1091.78,1088.36,1084.68,1080.67,1075.93,1071.36,1067.62,1064.39,1061.05,1057.55,1054.05,1051.03,1048.68,1046.40,1044.09,1041.76,1039.22,1037.50,1036.20,1034.95,1033.46,1032.05,1030.65,1029.06,1026.92,1024.50,1021.42,1017.88,1013.89,1009.32,1004.72,1000.17,995.73,991.58,988.49,986.77,986.52,988.05,990.49,993.91,997.59,1001.13,1004.32,1006.70,1008.91,1011.10,1012.96,1013.99,1014.26,1014.04,1013.34,1011.74,1009.27,1006.34,1003.09,999.57,995.72,992.19,988.99,986.01,983.38,980.93,979.37,979.27,980.61,982.62,984.72,986.45,987.24,987.56,987.34,986.34,984.13,980.71,976.12,971.03,965.38,958.74,953.46,948.27,942.78,936.85,930.41,924.63,919.00,913.28,907.74,902.59,896.46,890.13
1695.86,1690.36,1685.41,1680.52,1675.05,1668.35,1660.01,1653.47,1647.90,1642.86,1638.40,1634.72,1631.43,1628.18,1624.53,1619.84,1614.37,1608.29,1602.04,1597.12,1594.06,1591.80,1589.79,1587.76,1585.37,1582.40,1578.84,1574.44,1568.90,1563.74,1558.00,1551.56,1545.28,1538.88,1532.12,1525.34,1519.16,1513.86,1509.19,1504.31,1498.98,1493.87,1490.01,1486.36,1482.41,1478.15,1475.34,1474.35,1474.13,1473.79,1472.85,1471.30,1469.14,1466.11,1461.57,1456.30,1450.94,1445.63,1440.36,1435.49,1431.29,1427.70,1424.65,1421.74,1419.06,1416.19,1413.18,1410.25,1406.89,1403.49,1400.09,1396.73,1393.70,1391.24,1388.69,1385.71,1382.27,1378.88,1375.80,1372.81,1369.27,1364.26,1359.01,1353.49,1347.10,1338.71,1330.95,1324.92,1320.33,1316.19,1311.48,1305.64,1299.19,1292.64,1286.27,1279.44,1271.98,1264.14,1256.78,1249.16,1241.55,1234.11,1227.04,1220.71,1213.84,1207.30,1201.63,1196.08,1189.81,1183.53,1177.78,1172.90,1166.93,1161.20,1155.56,1149.36,1141.93,1135.72,1130.13,1124.62,1118.68,1112.91,1106.40,1099.87,1094.82,1091.50,1088.00,1084.35,1080.87,1077.69,1074.62,1070.72,1065.62,1059.26,1053.29,1047.89,1043.34,1039.98,1037.22,1035.74,1035.44,1036.12,1037.07,1038.30,1039.90,1041.81,1043.89,1045.67,1047.49,1049.32,1051.22,1053.49,1056.07,1058.89,1061.88,1064.98,1068.31,1071.92,1075.77,1079.91,1084.66,1087.72,1089.61,1090.61,1090.73,1089.39,1087.21,1084.46,1081.02,1076.78,1072.16,1067.92,1064.42,1060.95,1057.24,1053.33,1049.57,1046.69,1044.41,1042.00,1039.46,1036.98,1034.42,1032.63,1031.36,1030.32,1029.06,1027.77,1026.50,1024.98,1022.70,1019.99,1016.75,1013.08,1009.03,1004.79,1000.36,995.81,991.31,987.27,984.30,982.73,982.56,983.98,986.24,989.38,992.75,996.05,999.30,1001.85,1004.11,1006.20,1007.96,1008.98,1009.25,1009.06,1008.37,1006.81,1004.26,1001.27,998.08,994.71,991.21,987.96,984.90,981.88,979.08,976.43,974.73,974.54,975.75,977.86,980.21,982.23,983.17,983.53,983.42,982.58,980.58,977.44,973.22,968.56,963.52,957.75,952.78,947.78,942.44,936.59,930.16,924.24,918.60,913.11,907.84,902.79,896.32,889.54
1692.92,1687.33,1682.53,1677.74,1672.27,1665.63,1658.00,1651.40,1645.54,1640.18,1635.18,1631.07,1627.35,1623.78,1619.92,1614.17,1608.68,1603.20,1597.81,1593.69,1591.06,1588.68,1586.28,1584.00,1581.68,1578.22,1574.02,1569.47,1565.01,1560.21,1554.82,1548.93,1542.87,1536.15,1529.28,1522.47,1515.90,1509.95,1504.75,1499.43,1493.73,1488.22,1483.61,1479.60,1475.92,1472.47,1469.69,1468.32,1467.75,1467.36,1466.68,1465.49,1463.59,1460.70,1456.32,1451.17,1445.77,1440.43,1435.39,1430.50,1426.41,1422.84,1419.51,1416.00,1413.21,1410.33,1407.37,1404.74,1401.75,1398.70,1395.57,1392.43,1389.94,1387.47,1384.84,1382.01,1379.07,1376.50,1373.96,1371.24,1368.06,1363.92,1359.00,1354.10,1348.91,1341.22,1333.02,1326.25,1320.95,1316.14,1311.28,1305.58,1299.28,1292.76,1286.52,1279.76,1272.65,1265.51,1258.91,1252.11,1244.69,1236.73,1228.70,1222.52,1215.77,1209.54,1204.43,1198.97,1192.73,1186.24,1180.07,1174.94,1169.04,1163.85,1159.03,1153.88,1147.95,1142.22,1136.09,1129.58,1123.73,1118.72,1112.91,1106.80,1101.75,1097.64,1094.16,1090.83,1087.30,1083.38,1080.25,1076.55,1071.41,1064.08,1057.28,1051.17,1045.82,1041.36,1037.49,1033.89,1032.09,1032.32,1032.81,1033.19,1034.07,1035.65,1038.02,1040.14,1042.09,1043.97,1045.92,1048.21,1050.99,1054.03,1057.24,1060.60,1063.96,1067.35,1070.87,1074.68,1078.91,1082.37,1084.66,1085.73,1086.12,1085.40,1083.67,1081.00,1077.15,1072.33,1068.30,1064.75,1061.21,1057.23,1053.02,1048.83,1044.99,1042.20,1039.95,1037.24,1034.36,1031.85,1029.66,1028.04,1026.82,1025.88,1024.92,1023.74,1022.45,1020.87,1018.46,1015.25,1011.87,1008.37,1004.63,1000.63,996.25,991.74,987.32,983.44,980.49,978.86,978.61,979.90,982.08,984.91,987.92,990.95,994.14,996.83,999.26,1001.40,1002.90,1003.80,1004.06,1003.78,1002.88,1001.18,998.56,995.58,992.50,989.43,986.60,983.76,980.78,977.65,974.63,971.96,970.30,970.02,970.84,972.83,975.39,977.79,979.04,979.51,979.46,978.68,976.75,973.75,970.11,965.97,961.42,956.70,952.00,947.13,941.92,936.16,929.83,923.65,917.92,912.73,907.73,902.77,896.06,888.93
1689.19,1684.07,1679.44,1674.84,1669.51,1663.02,1656.35,1650.00,1643.68,1637.52,1632.18,1627.42,1623.10,1618.83,1614.18,1608.84,1603.67,1598.53,1593.62,1589.89,1587.08,1584.51,1581.83,1578.83,1575.85,1572.33,1568.45,1564.46,1560.61,1556.46,1551.64,1546.17,1540.28,1533.59,1526.82,1520.03,1513.23,1507.37,1501.87,1496.20,1490.13,1483.87,1478.54,1474.16,1470.53,1467.58,1464.97,1463.25,1462.15,1461.40,1460.55,1459.17,1456.98,1453.95,1450.28,1445.61,1440.77,1435.94,1430.98,1425.91,1421.40,1417.25,1413.12,1408.33,1405.43,1403.00,1400.58,1398.28,1395.64,1392.96,1390.33,1387.84,1385.62,1383.32,1380.83,1378.20,1375.68,1373.50,1371.23,1368.82,1366.20,1362.87,1358.89,1354.78,1350.19,1343.34,1335.63,1328.70,1322.72,1317.22,1312.06,1306.45,1300.51,1294.46,1288.39,1281.29,1274.06,1267.20,1260.84,1254.36,1247.27,1239.47,1231.30,1224.91,1218.74,1212.98,1207.83,1202.69,1196.93,1190.34,1183.36,1176.99,1170.90,1166.10,1161.93,1157.61,1152.62,1146.82,1140.10,1132.94,1127.03,1122.71,1118.39,1113.58,1108.35,1103.84,1100.01,1096.53,1093.07,1089.01,1085.27,1081.42,1076.63,1069.43,1062.17,1055.53,1049.53,1044.09,1038.68,1033.40,1029.89,1028.72,1028.74,1028.42,1028.42,1029.08,1030.70,1032.71,1034.96,1037.20,1039.46,1042.34,1045.44,1048.78,1052.31,1055.89,1059.57,1063.14,1066.61,1070.04,1073.54,1076.95,1079.67,1081.38,1082.06,1081.47,1079.55,1076.58,1072.80,1068.49,1064.78,1061.28,1057.49,1053.10,1048.55,1044.22,1040.36,1037.23,1034.61,1031.87,1029.20,1026.99,1025.15,1023.89,1022.83,1021.75,1020.61,1019.42,1018.08,1016.42,1014.08,1011.00,1007.77,1004.42,1000.76,996.60,992.22,987.77,983.46,979.78,977.01,975.28,974.64,975.41,977.23,980.04,983.03,985.90,988.80,991.22,993.41,995.37,996.75,997.62,997.93,997.67,996.69,994.97,992.63,990.00,987.29,984.67,982.04,979.30,976.36,973.22,970.41,968.03,966.46,965.98,966.46,968.07,970.45,972.96,974.60,975.34,975.43,974.75,972.97,970.23,967.03,963.38,959.40,955.34,951.03,946.18,940.88,935.18,928.94,922.82,917.11,911.92,907.03,902.07,895.50,888.53
1685.46,1680.84,1676.38,1671.96,1666.81,1660.60,1654.72,1648.63,1641.89,1634.97,1629.23,1623.84,1618.91,1614.02,1608.80,1604.01,1599.07,1594.14,1589.56,1586.00,1582.74,1579.75,1576.74,1573.22,1569.76,1566.33,1562.95,1559.60,1556.24,1552.59,1548.27,1543.17,1537.35,1530.88,1524.29,1517.53,1510.62,1505.01,1499.35,1493.36,1486.98,1480.30,1474.58,1469.93,1466.18,1463.23,1460.49,1458.36,1456.76,1455.66,1454.61,1453.04,1450.65,1447.60,1444.52,1440.43,1436.21,1431.78,1426.72,1421.42,1416.22,1411.23,1406.27,1400.81,1397.93,1395.84,1393.82,1391.74,1389.41,1387.13,1385.08,1383.24,1381.22,1379.03,1376.67,1374.20,1371.91,1369.85,1367.82,1365.79,1363.76,1361.24,1358.29,1355.04,1351.07,1345.14,1338.24,1331.43,1324.96,1318.82,1313.38,1307.83,1302.27,1296.84,1290.99,1283.53,1276.02,1269.17,1262.84,1256.38,1249.48,1242.01,1234.07,1227.40,1221.72,1216.38,1211.18,1206.29,1200.95,1194.43,1186.90,1179.32,1172.96,1168.47,1164.84,1161.06,1156.68,1150.72,1143.59,1136.10,1130.17,1126.21,1123.05,1119.48,1114.46,1109.76,1105.52,1101.79,1098.42,1094.52,1090.06,1085.69,1080.91,1074.13,1066.82,1059.84,1053.38,1047.39,1041.00,1034.51,1029.38,1026.38,1025.40,1024.06,1023.05,1022.68,1023.25,1025.04,1027.58,1030.22,1032.82,1036.10,1039.39,1043.01,1046.91,1050.76,1054.88,1058.78,1062.39,1065.67,1068.58,1071.66,1074.46,1076.52,1077.36,1076.82,1074.82,1071.80,1068.31,1064.69,1061.26,1057.69,1053.60,1048.84,1044.07,1039.67,1035.74,1032.24,1029.26,1026.53,1024.08,1022.06,1020.44,1019.43,1018.47,1017.30,1016.03,1014.89,1013.54,1011.86,1009.65,1006.84,1003.74,1000.43,996.75,992.47,988.09,983.71,979.55,976.13,973.43,971.47,970.39,970.61,972.13,974.96,978.01,980.82,983.45,985.55,987.45,989.15,990.39,991.11,991.39,991.14,990.16,988.53,986.62,984.49,982.23,980.00,977.48,974.79,971.94,968.96,966.45,964.26,962.67,961.94,962.11,963.39,965.53,968.00,969.94,970.95,971.18,970.63,969.10,966.69,963.86,960.69,957.25,953.66,949.60,944.75,939.41,933.84,927.74,921.72,916.04,910.83,906.03,900.89,894.47,887.83
1682.22,1677.84,1673.53,1669.16,1664.27,1658.64,1652.95,1646.88,1640.00,1632.71,1626.31,1620.41,1615.00,1609.91,1605.01,1600.16,1595.07,1590.18,1585.84,1582.12,1578.09,1574.16,1570.55,1567.41,1564.30,1561.14,1558.07,1555.15,1552.21,1548.59,1544.44,1539.63,1533.69,1527.71,1521.36,1514.64,1507.84,1502.46,1496.74,1490.53,1484.01,1477.89,1472.56,1467.92,1463.74,1459.77,1456.03,1453.33,1451.48,1450.24,1449.09,1447.65,1445.64,1443.01,1439.93,1436.50,1432.63,1428.06,1422.50,1416.89,1410.70,1404.54,1399.02,1394.84,1392.22,1389.95,1387.69,1385.56,1383.46,1381.70,1380.21,1378.80,1376.94,1374.61,1372.19,1369.78,1367.26,1364.96,1363.21,1361.77,1360.27,1358.62,1356.52,1354.18,1351.27,1346.40,1340.52,1334.20,1327.65,1321.11,1315.44,1309.92,1304.72,1299.93,1294.41,1286.79,1278.90,1271.65,1265.18,1258.23,1251.13,1243.97,1236.77,1229.78,1224.06,1218.99,1214.11,1209.07,1203.78,1197.66,1190.48,1182.31,1175.61,1171.40,1168.11,1164.27,1160.00,1154.01,1146.95,1139.70,1133.95,1129.52,1126.27,1123.32,1119.51,1115.00,1110.41,1106.40,1103.15,1099.78,1094.64,1088.98,1083.16,1076.87,1070.33,1063.39,1056.83,1051.32,1045.57,1038.81,1032.33,1027.09,1023.79,1020.48,1018.27,1016.98,1016.32,1017.89,1020.58,1023.54,1026.41,1029.28,1032.35,1036.18,1040.58,1044.78,1049.43,1053.79,1057.89,1061.70,1064.41,1066.81,1068.74,1070.05,1070.73,1070.32,1068.90,1066.67,1063.74,1060.62,1057.51,1053.98,1049.62,1044.45,1039.70,1035.30,1031.19,1027.48,1024.42,1021.65,1019.06,1016.78,1015.04,1013.90,1012.88,1011.83,1010.92,1010.01,1008.78,1007.17,1005.17,1002.63,999.43,995.87,992.07,987.94,983.64,979.36,975.42,972.39,969.38,966.94,965.40,965.29,966.82,969.59,972.70,975.66,978.12,980.12,981.78,983.16,984.14,984.37,984.41,984.11,983.17,981.87,980.51,979.03,977.33,975.25,972.88,970.30,967.72,965.29,962.93,960.56,958.66,957.60,957.49,958.80,960.80,963.01,964.92,966.08,966.41,966.06,964.96,963.04,960.50,957.71,954.75,951.41,947.15,942.31,937.19,931.91,926.11,920.13,914.44,909.30,904.59,898.87,892.45,886.26
1679.32,1674.97,1670.68,1666.31,1661.56,1656.22,1650.57,1644.79,1637.85,1630.21,1623.82,1617.85,1612.31,1607.18,1602.39,1597.18,1591.95,1587.07,1582.61,1578.17,1573.68,1569.45,1565.64,1562.47,1559.57,1556.65,1553.73,1550.89,1548.03,1544.75,1540.60,1535.53,1529.86,1524.25,1517.95,1511.15,1504.40,1498.64,1492.75,1486.54,1480.26,1474.79,1470.00,1465.60,1461.19,1456.39,1452.17,1449.22,1447.21,1445.82,1444.51,1442.93,1440.96,1438.56,1435.71,1432.53,1428.59,1423.81,1418.14,1412.24,1405.69,1399.41,1394.09,1390.11,1387.00,1384.45,1382.33,1380.61,1379.03,1377.70,1376.45,1375.04,1373.07,1370.44,1367.62,1364.68,1361.48,1358.68,1356.86,1355.76,1354.97,1354.21,1353.19,1351.84,1349.77,1346.03,1341.30,1335.89,1329.99,1323.70,1317.86,1312.24,1307.08,1302.41,1296.72,1289.43,1281.61,1274.00,1267.40,1260.33,1253.46,1246.95,1240.69,1234.10,1228.11,1222.72,1217.70,1212.27,1206.58,1200.35,1193.34,1185.34,1178.38,1173.95,1170.55,1166.67,1162.29,1156.52,1150.18,1143.99,1138.91,1134.47,1130.84,1127.54,1123.84,1119.62,1114.87,1110.33,1106.43,1102.75,1097.51,1091.37,1084.90,1078.63,1072.42,1065.68,1059.38,1054.44,1049.43,1043.24,1036.53,1030.04,1024.95,1020.00,1015.95,1012.91,1011.23,1012.04,1014.25,1017.12,1020.26,1023.13,1026.24,1030.02,1034.39,1039.03,1043.87,1048.38,1052.62,1056.53,1059.57,1061.90,1063.53,1064.46,1064.90,1064.65,1063.64,1061.94,1059.52,1056.85,1053.86,1050.13,1045.40,1040.45,1035.85,1031.42,1027.15,1023.30,1019.91,1016.74,1013.92,1011.75,1010.14,1009.08,1008.15,1007.21,1006.30,1005.36,1004.00,1002.24,1000.14,997.49,994.30,990.85,987.24,983.35,979.07,974.71,970.61,967.30,964.33,962.05,960.55,960.20,961.33,963.85,966.87,969.94,972.69,974.81,976.49,977.80,978.60,978.75,978.75,978.47,977.66,976.61,975.47,974.05,972.14,969.53,967.28,965.14,963.06,961.01,958.62,956.25,954.27,952.96,952.52,953.39,954.91,956.71,958.52,959.88,960.50,960.50,959.78,958.16,956.20,953.95,951.32,948.07,943.92,939.44,934.75,929.69,924.14,918.36,912.78,907.65,902.87,896.16,889.53,883.81
1676.61,1672.16,1667.82,1663.43,1658.75,1653.57,1647.99,1642.45,1635.51,1627.71,1621.61,1615.79,1610.33,1605.27,1600.50,1594.84,1589.49,1584.48,1579.60,1574.29,1569.54,1565.32,1561.51,1558.18,1555.38,1552.63,1549.79,1546.88,1543.92,1540.86,1536.58,1531.16,1525.90,1520.53,1514.16,1507.25,1500.52,1494.12,1488.00,1481.97,1476.17,1471.32,1467.05,1462.88,1458.37,1453.06,1448.72,1445.61,1443.38,1441.75,1440.17,1438.32,1436.24,1433.96,1431.44,1428.34,1424.16,1419.14,1413.57,1407.50,1401.02,1395.13,1390.28,1385.99,1382.21,1379.43,1377.56,1376.38,1375.35,1374.31,1373.11,1371.54,1369.36,1366.43,1363.07,1359.39,1355.40,1352.16,1350.20,1349.30,1349.14,1349.10,1349.05,1348.55,1347.15,1344.53,1340.93,1336.61,1331.67,1326.02,1320.16,1314.51,1309.31,1304.41,1298.28,1291.39,1283.80,1276.01,1269.38,1262.48,1256.13,1250.43,1245.19,1239.22,1232.92,1227.03,1221.69,1215.83,1209.52,1202.86,1195.81,1188.30,1181.17,1176.31,1172.60,1168.71,1164.19,1158.82,1153.47,1148.58,1144.31,1140.08,1135.97,1131.93,1127.87,1123.82,1118.87,1113.74,1108.98,1104.62,1099.46,1093.20,1086.33,1079.92,1073.80,1067.36,1061.48,1057.05,1052.76,1047.55,1041.18,1034.03,1027.51,1021.20,1015.31,1010.44,1007.74,1007.29,1008.62,1011.10,1014.36,1017.46,1020.71,1024.29,1028.39,1033.40,1038.30,1042.88,1047.12,1050.93,1054.41,1056.91,1058.56,1059.42,1059.67,1059.57,1058.88,1057.55,1055.56,1053.24,1050.20,1046.17,1041.18,1036.70,1032.24,1027.75,1023.36,1019.42,1015.63,1011.99,1008.93,1006.97,1005.59,1004.68,1003.88,1003.00,1001.93,1000.82,999.21,997.15,994.85,992.04,988.94,985.70,982.28,978.58,974.26,969.78,965.50,961.87,959.15,957.23,955.91,955.30,955.84,957.93,960.73,963.82,966.97,969.31,971.15,972.55,973.30,973.54,973.53,973.23,972.53,971.59,970.38,968.70,966.34,963.17,961.12,959.52,958.02,956.28,953.80,951.48,949.52,948.06,947.33,947.61,948.55,949.94,951.63,953.17,954.13,954.50,954.11,952.78,951.46,949.73,947.34,944.19,940.34,936.37,932.16,927.30,921.94,916.39,910.95,905.77,900.65,893.05,886.24,880.99
1674.10,1669.30,1664.94,1660.51,1655.83,1650.86,1645.75,1639.74,1632.79,1625.60,1619.79,1614.18,1608.94,1604.14,1599.52,1593.64,1588.13,1582.54,1576.64,1570.84,1566.13,1561.99,1558.24,1555.05,1552.08,1549.25,1546.49,1543.68,1540.54,1536.40,1531.70,1526.74,1521.79,1516.28,1509.66,1502.64,1495.96,1489.08,1482.79,1477.17,1472.21,1467.58,1463.42,1459.10,1454.44,1449.66,1445.81,1442.32,1439.34,1437.08,1434.88,1432.73,1430.62,1428.49,1426.17,1423.22,1418.90,1413.71,1408.28,1402.59,1396.77,1391.39,1386.63,1382.01,1378.35,1375.71,1373.94,1372.81,1371.80,1370.66,1369.38,1367.81,1365.53,1362.51,1358.85,1354.64,1350.31,1347.57,1345.89,1344.94,1344.69,1344.59,1344.51,1344.09,1343.05,1341.33,1338.57,1335.14,1331.16,1326.41,1321.16,1316.07,1311.02,1305.56,1298.76,1291.52,1284.05,1276.75,1270.62,1264.42,1258.87,1254.06,1249.63,1243.82,1237.62,1231.65,1226.05,1220.17,1213.24,1205.67,1198.01,1190.90,1183.89,1178.68,1174.65,1170.89,1166.49,1161.78,1157.20,1152.98,1149.21,1145.23,1140.83,1136.32,1132.06,1127.33,1121.77,1116.24,1111.22,1106.32,1100.92,1094.45,1087.41,1081.13,1074.98,1068.91,1063.42,1059.05,1055.05,1050.89,1045.26,1038.01,1030.61,1023.38,1017.07,1011.81,1007.71,1004.77,1004.73,1006.39,1009.02,1012.48,1015.84,1019.15,1022.85,1027.85,1033.06,1037.87,1042.19,1045.95,1049.21,1051.78,1053.72,1054.98,1055.50,1055.51,1054.97,1053.85,1052.05,1049.72,1046.25,1042.03,1037.43,1033.19,1028.59,1024.01,1019.65,1015.62,1011.70,1008.01,1004.89,1002.83,1001.56,1000.73,999.89,998.87,997.68,996.33,994.31,991.88,989.61,987.15,984.26,980.90,977.06,973.07,968.57,964.24,960.49,957.72,955.42,953.50,951.90,950.83,950.69,952.00,954.25,957.11,960.08,962.60,964.81,966.60,967.53,967.80,967.50,966.89,966.01,964.67,962.83,960.69,958.33,955.87,954.37,953.26,952.18,950.75,948.36,945.91,943.95,942.67,941.86,941.79,942.48,943.77,945.49,946.93,948.06,948.65,948.44,947.77,946.74,945.12,942.88,940.14,936.89,933.36,929.43,924.74,919.43,913.83,908.41,903.08,896.77,889.48,883.17,878.28
1671.66,1666.62,1662.10,1657.58,1652.94,1648.16,1643.22,1636.82,1630.05,1623.62,1618.08,1612.69,1607.78,1603.26,1598.73,1592.71,1586.64,1580.36,1573.89,1568.03,1563.26,1559.12,1555.46,1552.33,1549.22,1546.30,1543.40,1540.24,1536.47,1531.75,1526.97,1522.33,1517.43,1511.58,1504.94,1498.19,1491.79,1484.76,1478.40,1472.98,1468.40,1463.88,1459.63,1455.17,1450.58,1446.29,1442.58,1438.62,1435.00,1432.26,1429.59,1427.13,1424.81,1422.55,1420.14,1417.13,1412.74,1407.61,1402.58,1397.47,1392.51,1387.78,1383.16,1378.23,1374.60,1371.98,1370.05,1368.63,1367.42,1366.30,1365.12,1363.65,1361.40,1358.35,1354.55,1350.19,1345.98,1343.40,1341.74,1340.69,1340.25,1340.02,1339.83,1339.46,1338.74,1337.61,1335.57,1332.92,1329.77,1325.89,1321.38,1316.90,1312.14,1306.51,1299.61,1292.17,1284.82,1278.00,1272.18,1266.56,1261.70,1257.53,1253.50,1247.91,1241.81,1235.77,1229.93,1223.88,1216.72,1208.77,1200.84,1194.23,1187.43,1181.99,1177.61,1173.75,1169.61,1165.37,1161.27,1157.42,1153.79,1149.88,1145.36,1140.51,1135.66,1130.46,1124.47,1118.54,1113.13,1107.74,1102.17,1095.85,1089.10,1083.01,1076.93,1071.05,1065.76,1061.48,1057.60,1053.86,1048.67,1041.59,1033.71,1025.81,1019.13,1013.49,1008.35,1003.67,1001.90,1002.16,1004.01,1007.31,1010.70,1013.90,1017.35,1022.08,1027.29,1032.41,1037.10,1041.03,1044.36,1047.10,1049.22,1050.66,1051.46,1051.61,1051.21,1050.27,1048.56,1046.21,1042.49,1038.06,1033.46,1029.21,1024.63,1020.18,1015.99,1011.89,1007.79,1004.14,1001.12,999.00,997.77,996.88,995.92,994.74,993.39,991.76,989.48,986.88,984.60,982.08,978.91,975.33,971.46,967.42,963.29,959.50,956.31,954.04,951.93,949.89,948.03,946.64,946.07,946.84,948.60,951.11,953.80,956.28,958.54,960.42,961.42,961.65,961.21,960.45,959.38,957.54,955.28,953.03,950.99,949.42,948.37,947.43,946.40,945.09,943.02,940.76,938.83,937.46,936.41,936.00,936.50,937.76,939.46,940.88,942.20,943.11,943.28,943.07,942.26,940.79,938.74,936.30,933.39,930.15,926.46,921.92,916.59,911.01,905.57,900.00,893.06,886.11,880.33,875.84
1669.32,1664.16,1659.30,1654.66,1650.11,1645.48,1640.32,1633.72,1627.36,1621.70,1616.43,1611.30,1606.79,1602.59,1598.03,1591.90,1584.87,1577.85,1571.39,1565.88,1560.89,1556.69,1553.13,1549.91,1546.74,1543.70,1540.39,1536.37,1531.55,1527.01,1522.53,1517.92,1512.81,1506.52,1500.17,1494.11,1488.17,1481.36,1475.09,1469.58,1464.80,1460.26,1455.76,1451.30,1446.97,1442.93,1438.88,1434.42,1430.37,1427.35,1424.44,1421.67,1418.96,1416.25,1413.46,1410.13,1405.69,1400.87,1396.55,1392.22,1388.20,1384.20,1379.82,1374.61,1370.88,1368.05,1365.70,1363.67,1362.08,1361.11,1360.27,1358.98,1356.86,1353.81,1350.02,1345.87,1342.22,1339.35,1337.42,1336.24,1335.64,1335.31,1335.08,1334.80,1334.35,1333.53,1332.11,1330.13,1327.64,1324.57,1320.88,1316.99,1312.65,1307.36,1301.05,1293.74,1286.59,1280.08,1274.28,1268.97,1264.59,1260.76,1256.71,1251.44,1245.42,1239.28,1233.18,1226.76,1219.81,1212.09,1204.40,1198.39,1191.97,1186.43,1181.67,1177.44,1173.63,1169.60,1165.65,1161.88,1158.01,1153.94,1149.44,1144.35,1138.55,1133.22,1127.09,1120.77,1114.73,1108.93,1103.32,1097.52,1091.54,1085.69,1079.88,1074.00,1068.68,1064.53,1060.57,1056.53,1051.39,1044.68,1036.73,1028.37,1021.17,1015.00,1009.29,1003.93,1000.13,998.44,999.32,1001.92,1005.20,1008.48,1011.88,1016.12,1020.90,1026.35,1031.66,1036.02,1039.89,1042.90,1045.07,1046.45,1047.46,1047.76,1047.54,1046.74,1045.07,1042.69,1038.92,1034.25,1029.17,1024.68,1020.35,1016.26,1012.34,1008.23,1003.88,1000.33,997.54,995.44,994.15,993.06,991.90,990.56,989.03,987.13,984.75,982.20,979.81,976.74,972.81,968.93,965.55,961.81,958.63,955.72,953.02,950.71,948.49,946.27,944.21,942.65,941.93,942.47,943.87,945.95,948.37,950.56,952.52,954.13,955.02,955.13,954.76,954.07,952.81,950.43,948.12,946.14,944.68,943.98,943.21,942.12,940.83,939.50,937.95,936.20,934.38,932.59,931.08,930.31,930.63,931.85,933.53,935.05,936.59,937.94,938.72,938.70,938.07,936.84,935.02,932.71,929.84,926.70,923.17,918.78,913.42,907.96,902.47,896.64,889.77,883.05,877.74,873.68
1667.57,1661.74,1656.63,1651.88,1647.32,1642.68,1637.15,1631.03,1625.08,1619.59,1614.62,1610.10,1606.04,1602.00,1597.25,1590.75,1583.07,1575.68,1569.29,1563.82,1558.88,1554.54,1550.76,1547.49,1544.30,1540.64,1536.43,1531.75,1527.07,1522.61,1518.10,1513.41,1508.39,1502.49,1496.78,1491.14,1485.11,1478.75,1472.68,1467.07,1461.92,1456.98,1452.32,1447.94,1443.72,1439.40,1434.75,1430.15,1426.09,1422.86,1419.75,1416.77,1413.80,1410.77,1407.56,1403.83,1399.08,1394.40,1391.09,1387.87,1384.36,1380.31,1375.63,1370.71,1367.08,1364.01,1361.13,1358.39,1356.31,1355.27,1354.60,1353.53,1351.35,1348.20,1344.34,1340.12,1336.39,1334.02,1332.41,1331.36,1330.88,1330.65,1330.46,1330.28,1330.03,1329.50,1328.49,1327.05,1325.18,1322.72,1319.85,1316.54,1312.87,1308.57,1302.98,1296.96,1290.38,1283.48,1277.33,1271.76,1267.28,1263.50,1259.60,1254.55,1248.67,1242.42,1235.95,1229.19,1222.41,1215.02,1207.76,1202.56,1197.51,1192.00,1186.66,1182.14,1177.90,1173.81,1169.86,1165.91,1161.50,1156.90,1152.02,1146.68,1140.72,1135.33,1129.49,1123.15,1116.57,1110.59,1105.07,1099.71,1094.46,1089.43,1084.04,1078.32,1072.78,1067.97,1063.79,1059.25,1053.81,1047.21,1039.48,1030.62,1022.98,1016.55,1010.51,1004.73,999.94,996.54,995.33,997.27,1000.05,1003.16,1006.59,1010.47,1014.72,1019.73,1025.10,1030.25,1034.82,1038.17,1040.72,1042.57,1043.75,1044.21,1044.03,1043.25,1041.57,1038.74,1034.83,1030.10,1024.93,1020.48,1016.29,1012.30,1008.37,1004.24,1000.09,996.79,994.16,991.99,990.34,988.91,987.51,986.05,984.49,982.67,980.30,977.50,974.50,971.23,967.54,963.91,960.61,957.26,954.38,951.81,949.43,947.15,944.90,942.46,939.99,937.93,936.84,937.00,938.27,940.51,943.09,945.09,946.74,948.11,948.92,949.02,948.66,947.84,946.30,943.86,941.58,939.80,938.60,937.99,937.32,936.53,935.78,935.11,933.86,932.16,930.27,928.34,926.63,925.55,925.44,926.29,928.00,929.87,931.74,933.35,934.34,934.59,934.16,933.03,931.23,928.92,926.14,923.00,919.39,914.99,910.02,904.74,899.30,893.54,886.82,880.57,875.55,871.42
1666.08,1659.60,1654.17,1649.30,1644.66,1639.90,1634.11,1628.44,1622.83,1617.41,1612.72,1608.82,1605.20,1601.30,1596.31,1589.45,1581.40,1573.84,1567.48,1561.91,1556.99,1552.51,1548.51,1545.17,1541.80,1537.40,1532.38,1527.30,1522.89,1518.40,1513.82,1509.14,1504.28,1498.85,1493.62,1488.21,1482.04,1476.13,1470.36,1464.74,1459.30,1453.99,1449.11,1444.73,1440.54,1435.84,1430.68,1426.02,1422.02,1418.62,1415.34,1412.16,1408.99,1405.64,1401.75,1397.66,1392.95,1388.68,1386.18,1383.81,1380.49,1376.24,1371.36,1366.86,1363.19,1359.78,1356.38,1353.09,1350.52,1349.26,1348.57,1347.57,1345.28,1341.92,1337.92,1333.64,1329.87,1328.01,1326.88,1326.18,1325.98,1325.98,1325.90,1325.81,1325.71,1325.44,1324.79,1323.82,1322.48,1320.59,1318.49,1315.86,1312.95,1309.68,1304.93,1300.32,1294.41,1287.19,1280.67,1274.78,1269.94,1265.91,1262.12,1257.28,1251.69,1245.55,1238.91,1231.95,1225.22,1218.15,1211.40,1206.82,1202.89,1197.64,1192.07,1187.26,1182.40,1177.87,1173.66,1169.53,1164.75,1159.48,1154.11,1148.54,1142.53,1137.03,1131.58,1125.48,1118.66,1112.62,1107.21,1102.22,1097.58,1093.26,1088.36,1082.87,1077.16,1071.68,1066.95,1061.90,1056.09,1049.38,1041.84,1032.58,1024.68,1018.12,1011.78,1005.65,1000.14,995.20,991.84,993.05,995.20,998.06,1001.48,1005.13,1008.95,1013.33,1018.40,1024.09,1029.35,1033.20,1036.22,1038.57,1040.05,1040.68,1040.60,1039.85,1038.18,1035.13,1030.99,1026.19,1021.12,1016.78,1012.68,1008.64,1004.57,1000.39,996.45,993.29,990.69,988.38,986.39,984.69,983.11,981.60,980.06,978.35,975.88,972.75,969.23,965.85,962.52,959.20,955.93,953.04,950.39,948.00,945.77,943.43,941.01,938.26,935.41,932.93,931.54,931.36,932.44,934.71,937.25,939.13,940.64,941.88,942.66,942.78,942.43,941.46,939.63,937.30,935.27,933.71,932.60,931.81,931.22,930.89,930.79,930.75,929.85,928.18,926.25,924.30,922.49,921.24,920.72,921.11,922.69,924.83,926.97,928.74,929.86,930.30,930.04,929.01,927.24,924.93,922.25,919.12,915.44,911.02,906.45,901.46,896.21,890.57,884.09,878.35,873.52,869.17
1664.94,1658.14,1652.22,1647.18,1642.38,1637.28,1631.58,1625.83,1620.35,1615.25,1610.69,1607.20,1603.98,1600.21,1594.96,1588.03,1580.11,1572.66,1566.24,1560.40,1555.22,1550.64,1546.63,1543.16,1539.12,1534.01,1528.73,1523.91,1519.22,1514.51,1509.97,1505.58,1500.94,1495.54,1490.14,1484.59,1478.58,1472.94,1467.60,1462.29,1456.93,1451.60,1446.29,1441.60,1437.22,1432.32,1427.13,1422.38,1418.24,1414.75,1411.37,1407.98,1404.64,1400.87,1395.61,1391.38,1387.84,1384.85,1382.41,1379.92,1376.21,1371.91,1367.48,1363.32,1359.11,1355.06,1351.28,1347.93,1344.99,1343.27,1342.12,1340.74,1338.37,1334.48,1330.20,1326.16,1322.85,1321.01,1320.37,1320.45,1320.86,1321.26,1321.40,1321.40,1321.38,1321.30,1321.00,1320.36,1319.38,1318.02,1316.57,1314.91,1312.88,1310.21,1306.64,1302.87,1297.66,1290.91,1284.14,1278.12,1272.62,1267.76,1263.82,1259.29,1254.32,1248.87,1242.75,1235.90,1228.93,1222.14,1216.00,1211.35,1207.07,1202.70,1197.99,1192.81,1187.39,1181.51,1176.44,1172.36,1167.85,1161.74,1155.86,1150.15,1143.89,1138.06,1132.99,1127.57,1121.32,1115.41,1110.01,1105.22,1100.89,1096.67,1092.27,1087.07,1081.47,1075.82,1069.80,1064.36,1058.21,1050.95,1043.29,1033.98,1026.22,1019.73,1012.99,1006.60,1000.33,994.16,989.29,989.50,990.95,993.43,996.75,1000.39,1004.16,1007.92,1012.12,1017.35,1023.18,1027.91,1031.47,1034.04,1036.13,1037.05,1037.21,1036.69,1035.14,1032.74,1028.32,1023.21,1018.45,1014.31,1010.13,1005.85,1001.48,997.16,993.12,989.69,986.76,984.28,982.23,980.52,978.98,977.56,976.10,974.21,971.38,967.90,964.41,960.91,957.57,954.35,951.35,949.00,946.81,944.56,942.14,939.43,936.31,933.10,930.08,927.69,926.31,925.98,926.61,928.08,929.73,931.64,933.42,934.87,935.73,935.87,935.58,934.54,932.48,930.40,929.14,927.97,926.65,925.49,925.06,925.29,925.64,925.58,925.34,923.99,922.18,920.32,918.62,917.49,916.87,916.79,917.69,919.77,921.88,923.68,924.92,925.32,925.13,924.27,922.72,920.55,917.93,914.91,911.34,906.98,902.54,898.16,893.35,887.79,881.71,876.45,871.63,866.97
1663.72,1656.79,1650.66,1645.47,1640.44,1635.05,1629.33,1623.62,1618.16,1613.17,1609.03,1605.75,1602.56,1598.61,1592.98,1586.02,1578.63,1571.51,1565.00,1559.07,1553.91,1549.36,1545.28,1541.43,1536.71,1531.37,1526.11,1521.36,1516.61,1511.83,1507.20,1502.62,1497.61,1491.96,1486.33,1480.75,1475.13,1469.83,1464.79,1459.76,1454.54,1449.18,1443.62,1438.61,1433.98,1429.06,1423.86,1419.06,1414.83,1411.18,1407.59,1403.89,1399.70,1395.03,1390.38,1386.62,1383.65,1381.09,1378.57,1375.89,1371.59,1367.01,1362.79,1358.40,1353.86,1349.48,1345.54,1342.48,1339.75,1337.92,1336.50,1334.82,1331.97,1327.72,1323.22,1319.17,1316.18,1314.49,1313.93,1314.13,1314.80,1315.47,1315.94,1316.32,1316.67,1317.03,1317.11,1316.84,1316.21,1315.18,1314.16,1313.07,1311.63,1309.52,1306.79,1303.66,1299.28,1293.46,1286.91,1280.93,1275.49,1270.62,1266.36,1261.91,1257.17,1252.22,1246.85,1240.42,1233.64,1227.05,1221.06,1216.21,1211.64,1207.32,1202.76,1197.52,1191.89,1185.54,1179.72,1174.85,1170.32,1164.26,1158.40,1152.76,1146.68,1140.67,1135.62,1130.48,1124.60,1118.61,1113.21,1108.52,1104.31,1100.09,1095.72,1090.66,1085.11,1079.15,1072.50,1066.49,1059.84,1052.14,1044.26,1035.22,1027.50,1020.87,1014.11,1007.53,1000.80,993.99,988.20,986.70,987.12,989.07,992.19,995.86,999.65,1003.28,1007.10,1011.62,1016.96,1022.25,1026.39,1029.21,1031.78,1033.31,1033.87,1033.56,1032.19,1029.93,1025.81,1021.08,1016.65,1012.55,1008.18,1003.58,998.75,993.74,989.67,986.10,982.96,980.44,978.48,976.86,975.38,973.81,971.63,968.62,965.38,962.14,958.94,955.65,952.71,949.97,947.37,945.27,943.20,940.66,937.62,934.41,931.06,927.88,925.08,923.00,921.69,921.20,921.34,922.03,923.02,924.61,926.20,927.47,928.08,927.97,927.58,926.73,925.29,924.16,923.71,922.78,921.22,919.97,919.74,920.14,920.59,920.58,920.44,919.47,918.08,916.51,914.94,913.88,913.09,912.62,912.94,914.28,916.11,917.99,919.51,920.10,920.00,919.21,917.78,915.88,913.23,909.96,906.33,902.55,898.78,894.91,890.37,884.97,879.49,874.57,869.77,865.00
1662.42,1655.45,1649.32,1644.02,1638.74,1633.03,1627.30,1621.68,1616.19,1611.21,1607.57,1604.38,1600.98,1596.66,1590.72,1583.88,1577.13,1570.38,1563.75,1557.89,1552.91,1548.46,1544.25,1539.90,1534.60,1529.28,1524.19,1519.41,1514.68,1509.89,1505.08,1500.06,1494.33,1488.29,1482.48,1476.97,1471.79,1466.76,1461.99,1457.19,1452.16,1446.73,1440.98,1435.68,1430.83,1426.03,1420.84,1415.93,1411.54,1407.69,1403.73,1399.61,1394.50,1389.07,1385.80,1382.71,1379.95,1377.34,1374.55,1371.43,1366.54,1361.66,1357.44,1352.59,1347.93,1343.54,1339.67,1336.96,1334.60,1332.75,1331.10,1329.06,1325.59,1321.11,1316.54,1312.50,1309.75,1308.26,1307.59,1307.60,1308.32,1309.13,1310.04,1310.93,1311.78,1312.64,1313.06,1313.12,1312.78,1311.84,1310.98,1310.11,1309.06,1307.65,1305.72,1303.26,1299.80,1295.08,1289.14,1283.46,1278.54,1274.07,1269.57,1265.06,1260.32,1255.65,1250.97,1245.16,1238.85,1232.50,1226.49,1221.32,1216.48,1211.79,1206.97,1201.77,1196.11,1189.75,1183.29,1177.33,1172.59,1167.01,1161.44,1155.96,1150.26,1144.29,1139.09,1133.93,1128.26,1122.13,1116.67,1111.96,1107.74,1103.43,1098.88,1093.85,1088.26,1081.93,1075.03,1068.38,1061.16,1053.12,1044.97,1036.32,1028.60,1021.73,1015.14,1008.44,1001.46,994.35,987.92,984.58,983.71,984.88,987.63,991.34,995.18,998.96,1002.73,1006.63,1011.05,1016.54,1021.16,1024.34,1027.33,1029.52,1030.48,1030.34,1029.15,1026.86,1023.30,1019.25,1015.15,1011.00,1006.38,1001.37,995.97,990.19,986.12,982.53,979.30,976.80,974.94,973.32,971.69,969.68,966.54,962.29,958.79,956.04,953.24,950.38,948.00,945.82,943.62,941.53,939.29,936.26,932.54,928.90,925.71,922.89,920.52,918.80,917.55,916.80,916.35,916.21,916.64,917.67,918.81,919.71,919.96,919.64,919.16,918.61,918.08,918.04,918.27,917.58,916.00,914.92,914.89,915.26,915.61,915.65,915.31,914.72,913.80,912.51,911.07,910.07,909.16,908.43,908.34,908.71,910.09,911.93,913.61,914.37,914.30,913.49,912.13,910.58,908.00,904.60,901.06,898.08,895.13,891.61,887.23,882.09,877.31,872.65,867.92,863.16
1660.95,1654.00,1648.05,1642.83,1637.32,1631.13,1625.67,1620.03,1614.49,1609.60,1606.21,1603.03,1599.08,1594.26,1588.63,1582.63,1576.05,1569.16,1562.44,1557.02,1552.36,1547.88,1543.35,1538.58,1533.23,1528.05,1523.06,1518.19,1513.41,1508.55,1503.51,1497.97,1491.33,1484.95,1479.27,1474.03,1468.94,1463.76,1459.18,1454.70,1449.84,1444.16,1438.11,1432.71,1428.00,1423.43,1418.29,1412.94,1408.00,1403.71,1398.99,1394.14,1389.45,1385.22,1382.04,1379.04,1376.27,1373.40,1369.87,1365.27,1360.33,1355.55,1350.91,1345.82,1341.66,1338.01,1334.73,1331.93,1329.20,1326.86,1324.59,1321.84,1317.93,1313.51,1309.46,1306.15,1303.71,1302.19,1301.59,1301.61,1302.04,1302.78,1304.32,1305.82,1306.92,1307.98,1308.57,1308.65,1308.13,1306.71,1305.27,1303.86,1303.01,1302.98,1302.58,1301.51,1299.06,1295.14,1290.52,1285.97,1281.89,1278.04,1273.93,1269.33,1264.35,1259.40,1254.60,1249.54,1243.84,1238.19,1232.59,1226.65,1221.63,1216.66,1211.44,1205.88,1200.18,1193.85,1187.12,1180.59,1175.53,1170.21,1164.84,1159.48,1154.12,1148.93,1143.56,1137.99,1132.20,1126.17,1120.37,1115.33,1110.90,1106.44,1101.87,1096.62,1090.65,1084.01,1077.11,1069.90,1062.19,1053.96,1045.60,1037.06,1029.38,1022.52,1016.01,1009.23,1002.41,995.10,987.88,983.86,981.29,980.83,982.60,986.35,990.24,994.28,998.43,1002.67,1006.87,1011.55,1016.03,1019.98,1023.47,1025.71,1026.67,1026.58,1025.51,1023.45,1020.36,1016.77,1012.87,1008.50,1003.76,998.21,992.13,986.61,982.43,979.00,976.02,973.51,971.36,968.99,966.16,962.89,959.66,956.10,953.11,950.60,948.10,945.79,943.68,941.57,939.33,936.96,933.97,930.60,927.04,923.63,921.27,919.19,917.26,915.64,914.29,912.83,911.25,909.93,909.79,910.12,910.61,911.09,911.36,911.73,911.63,911.21,910.78,910.84,911.05,910.90,910.43,910.12,910.26,910.54,910.75,910.66,910.10,909.55,908.63,907.21,905.79,905.00,904.33,903.80,903.74,903.84,904.67,905.72,906.50,906.85,906.43,905.38,904.00,902.83,901.24,899.13,896.78,894.41,891.66,887.85,883.52,879.08,874.91,870.54,865.98,861.38
1659.32,1652.69,1646.96,1641.64,1635.84,1629.40,1624.10,1618.47,1613.05,1608.38,1605.11,1601.81,1597.40,1592.24,1586.83,1581.32,1574.90,1568.02,1561.38,1556.36,1551.93,1547.38,1542.55,1537.45,1532.02,1526.99,1522.16,1517.35,1512.59,1507.62,1502.29,1496.31,1489.25,1482.89,1477.27,1472.04,1466.86,1461.53,1456.97,1452.57,1447.82,1442.25,1435.73,1430.07,1425.32,1420.60,1415.21,1409.47,1404.14,1399.56,1394.38,1389.41,1385.22,1381.76,1378.49,1375.48,1372.55,1369.22,1364.81,1359.39,1354.44,1349.68,1344.90,1340.31,1336.62,1333.33,1330.15,1326.89,1323.71,1320.85,1318.05,1314.88,1310.74,1306.53,1302.88,1300.01,1297.82,1296.32,1295.79,1295.90,1296.34,1297.14,1298.91,1300.65,1301.87,1302.96,1303.52,1303.42,1302.63,1301.03,1299.42,1297.89,1297.22,1297.87,1298.25,1298.07,1296.52,1293.62,1290.52,1287.39,1284.31,1281.18,1277.70,1273.38,1268.63,1263.65,1258.57,1253.63,1248.27,1243.18,1238.14,1232.24,1226.76,1221.55,1216.22,1210.41,1204.13,1197.72,1190.99,1184.27,1178.75,1173.49,1168.24,1162.96,1157.70,1152.79,1147.37,1141.71,1136.00,1129.93,1123.91,1118.54,1113.76,1109.01,1104.31,1098.80,1092.44,1085.41,1078.56,1070.98,1062.96,1054.63,1046.07,1037.65,1030.03,1023.18,1016.72,1009.85,1003.03,995.56,987.85,983.34,979.44,977.22,977.45,980.88,985.18,989.63,994.17,998.80,1002.92,1007.03,1011.28,1015.56,1019.35,1021.74,1022.72,1022.64,1021.74,1019.96,1017.24,1013.91,1009.99,1005.39,1000.36,994.50,988.27,983.06,978.94,975.64,972.69,969.81,967.11,963.96,960.37,956.61,953.61,950.69,948.04,945.62,943.30,941.20,939.16,937.01,934.62,931.90,928.47,925.17,922.22,919.46,917.80,916.25,914.61,912.94,911.16,908.80,906.09,903.59,902.57,902.33,902.80,903.54,903.97,904.75,904.92,904.70,904.42,904.47,904.57,904.72,904.90,905.06,905.24,905.40,905.48,905.35,904.79,904.08,903.03,901.64,900.48,899.89,899.45,899.13,899.11,899.09,899.42,899.76,899.80,899.84,899.45,898.71,897.76,896.87,895.86,894.57,892.86,890.52,887.57,883.74,879.69,875.83,872.17,868.06,863.73,859.38
1657.54,1651.54,1646.08,1640.40,1634.25,1627.87,1622.58,1617.02,1611.88,1607.57,1604.32,1600.74,1596.07,1590.78,1585.39,1579.80,1573.61,1567.02,1560.63,1555.93,1551.60,1546.93,1541.87,1536.52,1530.90,1526.01,1521.46,1516.84,1512.18,1507.10,1501.45,1495.14,1488.28,1482.34,1476.68,1471.11,1465.69,1460.30,1455.52,1450.91,1446.20,1441.17,1434.10,1427.94,1422.87,1417.49,1411.51,1405.49,1400.04,1395.35,1390.19,1385.81,1381.97,1378.45,1375.09,1372.02,1368.77,1364.76,1359.44,1354.19,1349.19,1344.32,1339.84,1336.55,1333.18,1329.65,1325.90,1321.82,1318.22,1314.91,1311.78,1308.58,1304.43,1300.51,1297.01,1294.11,1292.09,1290.69,1290.19,1290.45,1291.31,1292.32,1293.84,1295.33,1296.52,1297.49,1297.80,1297.33,1296.25,1294.92,1293.80,1292.78,1292.32,1292.73,1292.89,1292.83,1291.99,1290.41,1288.93,1287.38,1285.38,1283.05,1280.43,1276.84,1272.90,1268.34,1262.97,1257.37,1252.00,1247.20,1242.77,1237.94,1231.78,1226.36,1221.25,1215.39,1207.95,1201.32,1194.84,1188.29,1182.19,1176.74,1171.53,1166.30,1160.86,1155.51,1150.12,1144.82,1139.47,1133.16,1127.08,1121.46,1116.19,1111.03,1106.03,1100.26,1093.55,1086.06,1079.21,1071.54,1063.44,1055.08,1046.37,1038.09,1030.55,1023.67,1017.24,1010.25,1003.19,995.59,987.84,982.85,978.13,974.20,972.33,974.99,980.05,985.08,989.96,994.91,998.99,1003.00,1007.00,1010.99,1014.83,1017.56,1018.67,1018.58,1017.89,1016.41,1013.94,1010.62,1006.44,1001.64,996.11,990.28,984.57,979.58,975.71,972.47,969.22,965.55,962.02,958.25,954.61,951.45,948.90,946.26,943.63,941.12,938.85,936.51,934.33,932.06,929.45,926.41,923.04,920.32,918.35,916.62,915.38,914.01,912.44,910.58,908.00,904.63,900.86,897.26,895.07,894.48,895.67,897.53,898.27,898.95,899.19,899.22,899.25,899.30,899.31,899.34,899.43,899.57,899.67,899.69,899.68,899.63,899.37,898.32,897.06,895.98,895.37,894.93,894.64,894.47,894.40,894.32,894.28,894.13,893.84,893.82,893.95,894.18,894.21,893.41,892.38,891.05,889.14,886.17,882.66,879.22,875.78,872.32,869.01,865.14,861.09,857.10
1655.87,1650.13,1644.94,1639.12,1632.90,1626.81,1621.68,1616.09,1611.00,1606.83,1603.42,1599.53,1594.86,1589.65,1584.16,1578.46,1572.44,1566.12,1560.01,1555.56,1551.29,1546.51,1541.17,1535.42,1529.91,1525.22,1520.84,1516.33,1511.66,1506.66,1500.87,1494.29,1487.59,1482.06,1476.48,1470.84,1465.44,1460.11,1454.64,1449.63,1445.28,1440.76,1433.64,1427.30,1421.92,1415.91,1409.38,1403.24,1397.65,1392.55,1387.41,1382.97,1378.95,1375.24,1371.85,1368.64,1365.08,1360.70,1355.12,1349.93,1344.91,1340.36,1336.57,1333.42,1329.93,1326.23,1322.26,1317.82,1313.76,1310.32,1307.21,1303.96,1299.64,1295.35,1291.68,1288.81,1286.71,1285.29,1284.83,1285.16,1286.07,1287.09,1288.35,1289.63,1290.67,1291.09,1291.17,1290.65,1289.61,1288.41,1287.74,1287.45,1287.63,1288.27,1288.41,1288.50,1288.20,1287.50,1286.75,1285.64,1284.33,1282.84,1280.97,1278.14,1274.79,1270.90,1266.21,1260.51,1254.99,1249.99,1245.49,1241.23,1235.87,1230.38,1224.95,1219.19,1211.74,1204.83,1198.12,1191.42,1185.03,1179.56,1174.30,1168.95,1163.36,1157.57,1151.70,1146.30,1141.31,1135.12,1128.62,1122.65,1117.20,1111.77,1106.58,1100.74,1093.84,1085.85,1078.73,1071.41,1063.68,1055.45,1046.64,1038.32,1030.78,1023.94,1017.53,1010.38,1003.25,995.70,987.94,982.23,976.78,971.97,969.01,970.38,974.50,980.06,985.99,991.43,995.55,999.37,1003.01,1006.61,1010.51,1013.21,1014.40,1014.54,1014.06,1012.67,1009.99,1006.39,1002.08,997.30,991.83,986.18,980.84,976.46,972.49,968.96,965.43,961.45,957.11,953.29,950.03,947.30,944.94,942.35,939.70,937.15,934.76,932.19,929.55,926.85,924.05,921.26,918.75,916.85,915.42,913.95,912.84,911.48,909.69,907.31,904.34,900.08,895.59,891.68,889.18,888.69,890.19,892.58,894.13,895.17,895.44,895.19,894.65,894.22,893.82,893.43,893.14,893.12,893.05,893.20,893.41,893.41,893.24,892.45,891.49,890.67,890.08,889.69,889.40,889.19,889.03,888.88,888.80,888.76,888.72,888.75,889.19,889.66,889.75,888.85,887.61,886.07,884.00,880.97,877.43,874.38,871.49,868.49,865.28,861.81,858.22,854.58
1654.16,1648.63,1643.67,1637.78,1631.62,1625.91,1620.95,1615.28,1610.20,1606.08,1602.49,1598.36,1593.76,1588.67,1582.99,1577.21,1571.35,1565.30,1559.44,1555.10,1550.81,1545.97,1540.42,1534.25,1528.92,1524.42,1520.14,1515.70,1511.03,1506.18,1500.33,1493.57,1487.07,1481.87,1476.42,1470.80,1465.48,1460.20,1454.11,1448.75,1444.71,1440.58,1433.63,1427.23,1421.57,1415.07,1408.17,1401.96,1396.22,1390.67,1385.35,1380.52,1376.14,1372.20,1368.81,1365.47,1361.60,1356.94,1351.36,1346.13,1341.21,1337.12,1333.93,1330.58,1326.82,1322.92,1318.80,1314.22,1309.91,1306.48,1303.33,1299.74,1295.21,1290.64,1286.81,1283.86,1281.43,1279.82,1279.34,1279.67,1280.46,1281.34,1282.32,1283.33,1284.13,1284.08,1284.09,1283.78,1283.06,1282.18,1281.97,1282.33,1283.07,1283.97,1284.23,1284.47,1284.61,1284.55,1284.26,1283.39,1282.57,1281.69,1280.34,1278.14,1275.30,1272.13,1268.38,1262.98,1257.47,1252.20,1247.44,1243.55,1239.20,1233.84,1228.16,1222.52,1215.44,1208.28,1201.26,1194.31,1187.45,1181.89,1176.55,1171.07,1165.33,1159.14,1152.72,1147.08,1142.36,1136.36,1129.49,1123.20,1117.56,1111.82,1106.61,1100.77,1093.73,1085.39,1078.05,1071.11,1063.79,1055.70,1046.86,1038.47,1030.92,1024.13,1017.75,1010.41,1003.25,995.75,987.88,981.47,975.30,969.82,966.06,966.11,969.18,975.01,981.80,987.83,992.30,996.02,999.31,1002.45,1006.00,1008.39,1009.67,1010.11,1009.76,1008.34,1005.51,1001.81,997.52,992.75,987.44,982.10,977.18,973.26,969.00,965.08,961.28,957.14,952.44,948.87,946.01,943.57,941.26,938.64,935.95,933.23,930.49,927.69,924.67,921.65,918.85,916.44,914.78,913.52,912.35,910.92,909.75,908.28,906.25,903.44,900.05,895.24,890.41,886.46,883.83,883.46,885.11,887.80,890.20,891.74,892.00,891.24,889.76,888.65,887.74,886.95,886.33,885.95,885.80,886.19,886.74,886.94,886.89,886.39,885.75,885.12,884.46,884.08,883.80,883.52,883.30,883.12,883.13,883.33,883.66,883.88,884.40,884.79,884.68,883.67,882.22,880.46,878.31,875.51,872.25,869.58,867.14,864.52,861.41,858.36,855.20,851.83
1652.28,1647.09,1642.22,1636.28,1630.30,1625.12,1620.19,1614.45,1609.37,1605.30,1601.57,1597.37,1592.94,1587.90,1581.85,1576.02,1570.38,1564.62,1558.93,1554.34,1549.84,1545.05,1539.55,1532.99,1527.88,1523.42,1519.11,1514.72,1510.15,1505.46,1499.70,1493.02,1486.84,1481.81,1476.49,1470.92,1465.60,1460.28,1454.20,1448.81,1444.66,1440.54,1433.98,1427.66,1421.77,1415.17,1408.45,1402.20,1396.28,1390.46,1384.34,1378.69,1373.72,1369.55,1366.23,1362.82,1358.65,1353.79,1348.40,1342.90,1338.53,1334.98,1331.79,1328.03,1323.96,1319.74,1315.38,1310.90,1307.09,1303.85,1300.15,1295.32,1290.63,1286.55,1282.92,1279.51,1276.10,1273.95,1273.24,1273.42,1273.90,1274.32,1274.95,1275.55,1275.90,1275.93,1276.38,1276.80,1277.03,1277.12,1277.36,1277.96,1278.76,1279.57,1280.20,1280.66,1281.04,1281.30,1281.27,1281.01,1280.39,1279.40,1277.92,1275.96,1273.54,1271.03,1268.22,1263.85,1259.02,1253.74,1248.61,1244.89,1241.02,1236.28,1231.02,1225.43,1218.90,1211.60,1204.41,1197.25,1189.13,1183.08,1177.62,1172.11,1166.24,1159.75,1152.95,1147.08,1142.39,1136.47,1129.70,1123.22,1117.09,1110.80,1105.97,1100.22,1093.09,1084.85,1077.69,1070.91,1063.69,1055.67,1046.96,1038.60,1031.05,1024.30,1018.00,1010.33,1003.13,995.51,987.22,980.36,973.45,967.26,962.75,961.82,964.91,970.24,976.68,983.48,989.23,993.24,996.30,998.75,1000.75,1002.31,1003.65,1004.48,1004.02,1002.38,999.98,996.93,993.06,988.03,982.76,977.98,973.74,969.57,964.71,960.39,956.29,952.01,948.43,945.43,942.74,940.23,937.80,935.20,932.32,929.08,925.39,922.32,919.42,916.73,914.38,912.31,910.80,909.45,908.06,906.59,905.06,903.29,901.18,898.43,894.25,889.81,885.53,881.70,878.78,878.27,879.82,882.60,885.58,887.69,887.85,886.31,883.55,881.46,880.03,879.20,878.57,877.38,877.51,878.31,879.30,880.12,880.40,879.87,879.15,878.53,877.91,877.59,877.37,877.17,876.97,877.00,877.15,877.50,878.12,878.77,878.93,878.84,878.48,877.50,876.01,874.15,872.08,869.90,867.51,865.27,862.94,860.36,857.61,854.87,851.91,848.61
1650.56,1645.62,1640.70,1634.83,1629.12,1624.30,1619.38,1613.60,1608.46,1604.29,1600.49,1596.50,1592.15,1586.94,1580.53,1574.77,1569.37,1563.91,1558.43,1553.64,1548.89,1544.00,1538.44,1531.68,1526.78,1522.32,1517.91,1513.53,1509.11,1504.43,1498.42,1491.51,1485.82,1481.03,1476.02,1470.76,1465.51,1460.19,1454.44,1449.10,1444.51,1439.92,1433.88,1427.89,1421.99,1415.44,1408.83,1402.65,1396.77,1390.88,1384.16,1377.85,1372.43,1368.02,1364.51,1360.84,1356.50,1351.50,1345.90,1340.30,1336.05,1332.44,1328.90,1324.83,1320.52,1316.11,1311.76,1307.75,1304.31,1300.44,1295.94,1290.95,1286.47,1282.58,1278.77,1274.91,1271.34,1269.03,1268.11,1267.91,1267.78,1267.86,1268.10,1268.28,1268.37,1268.63,1269.46,1270.57,1271.63,1272.28,1272.93,1273.84,1274.78,1275.54,1276.25,1276.75,1277.15,1277.47,1277.57,1277.45,1276.96,1276.09,1274.74,1273.05,1271.14,1269.19,1266.98,1263.61,1259.40,1254.26,1249.02,1245.49,1241.89,1237.69,1233.03,1227.87,1221.56,1214.32,1207.14,1199.82,1190.98,1184.38,1178.36,1172.28,1165.97,1159.18,1152.27,1146.40,1141.75,1135.85,1129.16,1122.51,1116.08,1109.84,1105.21,1099.27,1091.95,1084.02,1077.12,1070.42,1063.35,1055.61,1047.14,1038.76,1031.16,1024.39,1018.07,1010.13,1002.59,994.78,986.37,978.96,971.36,964.89,960.43,959.23,961.89,966.70,972.76,979.55,985.51,990.09,993.40,995.53,996.91,998.08,999.06,999.59,999.04,997.35,995.04,991.99,987.93,983.15,978.41,974.00,969.75,965.14,960.15,955.78,951.85,948.09,944.99,942.25,939.66,937.15,934.65,931.65,928.10,924.27,920.74,917.80,914.96,912.37,910.24,908.46,906.62,904.90,903.36,902.00,900.54,898.55,896.16,893.32,889.21,885.03,880.97,877.12,873.87,873.00,874.09,876.55,879.82,882.49,882.71,881.11,878.47,876.34,874.72,873.41,872.11,870.41,870.33,870.97,872.01,873.31,873.90,873.39,872.68,872.16,871.56,871.11,870.82,870.64,870.50,870.67,870.91,871.27,871.87,872.84,872.92,872.59,871.99,870.89,869.49,867.74,865.88,864.18,862.41,860.41,858.18,855.78,853.47,851.00,848.08,844.69
1649.01,1644.21,1639.15,1633.43,1628.02,1623.43,1618.47,1612.71,1607.47,1603.12,1599.28,1595.64,1591.30,1585.81,1579.13,1573.49,1568.33,1563.15,1557.89,1552.92,1547.93,1542.86,1537.18,1530.38,1525.61,1521.11,1516.59,1512.16,1507.91,1503.14,1496.74,1489.51,1484.31,1479.80,1475.22,1470.37,1465.21,1459.83,1454.47,1449.24,1444.11,1438.82,1433.31,1427.77,1422.03,1415.70,1409.21,1403.14,1397.42,1391.63,1384.62,1377.82,1372.01,1367.35,1363.50,1359.43,1354.96,1349.79,1343.64,1338.03,1333.63,1329.65,1325.59,1321.22,1316.70,1312.23,1308.07,1304.58,1301.25,1296.40,1291.13,1286.57,1282.47,1278.60,1274.46,1270.24,1266.97,1264.74,1263.57,1262.84,1261.99,1261.73,1261.52,1261.32,1261.28,1261.80,1262.88,1264.53,1266.32,1267.36,1268.45,1269.68,1270.78,1271.56,1272.27,1272.75,1273.08,1273.30,1273.43,1273.22,1272.82,1272.19,1271.14,1269.75,1268.35,1266.84,1265.01,1262.50,1258.79,1253.90,1248.86,1245.53,1242.11,1238.36,1234.35,1229.80,1223.57,1216.51,1209.43,1202.01,1192.92,1185.76,1178.97,1172.09,1165.13,1158.01,1151.08,1145.26,1140.60,1134.69,1128.09,1121.35,1114.80,1108.94,1104.39,1098.13,1090.65,1083.10,1076.44,1069.76,1062.86,1055.52,1047.35,1038.90,1031.22,1024.40,1018.00,1009.84,1001.88,993.82,985.44,977.43,969.16,962.67,958.70,957.63,959.71,964.02,969.68,976.00,981.57,986.65,990.41,992.54,993.90,994.88,995.31,995.21,994.52,992.83,990.40,987.02,982.60,978.32,974.25,969.99,965.36,960.32,955.53,951.39,947.87,944.89,941.93,939.28,936.77,934.27,931.59,927.99,923.66,919.46,916.61,913.97,911.18,908.59,906.51,904.85,902.48,900.31,898.65,897.42,896.18,894.03,891.27,888.26,884.69,880.73,876.68,872.74,869.17,867.82,868.29,870.23,873.47,876.44,876.88,875.71,873.87,872.17,870.46,868.49,866.31,864.41,863.91,864.11,864.97,866.57,867.36,866.91,866.30,865.91,865.30,864.64,864.23,864.05,864.01,864.24,864.52,864.81,865.22,866.29,866.43,866.01,865.21,863.99,862.75,861.26,859.72,858.40,857.06,855.22,853.11,850.98,849.11,846.88,843.90,840.39
1647.85,1642.89,1637.65,1632.12,1626.99,1622.47,1617.37,1611.69,1606.40,1601.83,1597.94,1594.41,1589.99,1584.40,1577.81,1572.27,1567.23,1562.21,1557.06,1551.89,1546.83,1541.55,1535.70,1529.15,1524.23,1519.63,1515.05,1510.56,1506.25,1501.38,1495.02,1487.89,1482.56,1478.32,1474.21,1469.69,1464.35,1458.50,1453.00,1447.81,1442.67,1436.96,1431.62,1426.40,1421.11,1415.51,1409.38,1403.28,1397.59,1392.26,1385.96,1379.04,1372.87,1367.84,1363.56,1358.98,1354.23,1348.52,1341.24,1335.67,1331.04,1326.68,1322.26,1317.43,1312.69,1308.41,1304.57,1300.91,1296.54,1291.41,1286.32,1281.89,1278.01,1274.24,1270.16,1266.04,1262.97,1260.85,1259.16,1257.71,1256.45,1255.49,1254.78,1254.41,1254.45,1254.82,1255.51,1257.21,1259.55,1261.44,1263.15,1264.59,1265.75,1266.71,1267.85,1268.53,1268.90,1269.08,1269.25,1269.08,1268.75,1268.30,1267.59,1266.57,1265.36,1264.06,1262.54,1260.26,1256.37,1251.99,1247.92,1244.88,1241.72,1238.26,1234.58,1230.45,1224.61,1217.79,1210.77,1203.40,1194.76,1187.11,1179.92,1172.64,1164.85,1157.18,1150.03,1143.87,1138.68,1132.88,1126.56,1120.09,1113.79,1108.22,1103.63,1097.28,1089.86,1082.56,1075.84,1069.10,1062.34,1055.32,1047.38,1038.87,1031.10,1024.21,1017.74,1009.58,1001.48,993.24,984.59,976.02,967.17,960.68,957.13,956.12,958.16,962.16,967.35,973.19,978.28,982.89,986.63,989.23,990.75,991.50,991.63,991.19,990.03,988.25,985.50,982.07,978.17,974.26,970.04,965.47,960.60,955.70,951.42,947.83,944.68,941.82,939.17,936.68,934.26,931.65,928.10,923.89,920.00,916.66,913.85,911.13,908.54,906.13,903.92,901.75,899.28,897.02,895.17,893.70,892.15,889.76,886.83,883.81,880.60,876.84,872.91,868.97,865.07,863.34,863.47,864.99,867.47,869.44,870.33,869.97,868.37,866.64,864.39,862.08,860.03,858.55,858.05,858.18,858.90,860.14,860.50,860.32,859.99,859.62,858.97,858.28,857.89,857.79,857.78,857.91,858.11,858.33,858.62,859.14,859.04,858.55,857.77,856.77,855.77,854.68,853.59,852.60,851.45,849.91,848.15,846.34,844.62,842.43,839.55,836.14
1646.73,1641.57,1636.17,1630.86,1625.93,1621.34,1616.03,1610.39,1605.07,1600.40,1596.67,1593.22,1588.53,1582.76,1576.53,1571.09,1566.11,1561.16,1556.05,1550.79,1545.72,1540.22,1534.18,1527.93,1522.87,1518.19,1513.63,1509.14,1504.80,1499.75,1493.43,1486.46,1480.94,1476.91,1473.11,1468.63,1462.84,1456.73,1451.21,1446.18,1441.15,1435.06,1429.70,1424.67,1419.73,1414.68,1409.02,1403.12,1397.58,1392.59,1386.91,1380.35,1374.13,1368.71,1363.86,1358.80,1353.20,1346.60,1338.97,1333.54,1328.67,1323.95,1319.21,1314.10,1309.39,1305.28,1301.51,1297.49,1292.49,1287.33,1282.33,1277.72,1273.78,1269.96,1266.01,1262.14,1259.15,1256.97,1254.81,1252.74,1251.13,1249.62,1248.47,1247.84,1247.78,1248.02,1248.67,1250.34,1252.69,1254.82,1256.85,1258.60,1260.15,1261.61,1263.18,1264.12,1264.64,1264.93,1265.13,1265.03,1264.79,1264.46,1263.97,1263.20,1262.12,1260.88,1259.41,1257.12,1253.36,1249.66,1246.51,1243.80,1240.84,1237.47,1233.87,1229.89,1224.43,1218.09,1211.39,1204.23,1195.97,1188.06,1180.65,1173.16,1164.82,1156.34,1149.01,1142.65,1136.99,1131.23,1125.28,1119.09,1112.93,1107.51,1102.85,1096.30,1088.79,1081.67,1074.95,1068.36,1061.83,1055.08,1047.33,1038.82,1030.99,1024.04,1017.45,1009.31,1001.17,992.82,983.95,974.92,965.82,959.25,955.62,954.31,956.32,960.13,964.96,970.39,975.08,979.22,982.81,985.61,987.16,987.77,987.74,987.09,985.55,983.53,980.62,977.28,973.76,969.87,965.47,960.74,955.92,951.51,947.78,944.60,941.65,938.82,936.41,934.04,931.54,928.57,924.48,920.35,917.03,914.27,911.47,908.71,906.25,903.92,901.52,898.75,896.18,893.87,891.80,889.98,888.11,885.60,882.74,879.92,877.04,873.47,869.62,865.62,861.50,859.16,858.85,859.93,861.48,862.56,863.46,863.46,862.05,860.28,857.86,855.57,853.78,852.72,852.31,852.44,852.99,853.74,853.69,853.57,853.39,853.05,852.54,851.97,851.74,851.79,851.88,851.95,852.07,852.26,852.53,852.65,852.42,851.99,851.38,850.59,849.75,848.89,848.05,847.24,846.17,844.77,843.21,841.55,839.80,837.59,834.69,831.26
1645.60,1640.22,1634.71,1629.62,1624.82,1619.98,1614.39,1608.68,1603.38,1598.85,1595.54,1592.14,1586.93,1580.88,1575.34,1569.97,1564.98,1559.99,1554.83,1549.64,1544.63,1538.91,1532.65,1526.69,1521.55,1516.90,1512.43,1508.05,1503.74,1498.42,1492.05,1485.26,1479.59,1475.67,1471.92,1467.13,1460.59,1454.60,1449.36,1444.63,1439.79,1433.30,1427.77,1422.79,1418.02,1413.14,1407.97,1402.61,1397.41,1392.51,1387.16,1381.47,1375.63,1369.82,1364.25,1358.71,1351.58,1343.77,1336.96,1331.82,1326.73,1321.65,1316.67,1311.58,1307.25,1303.21,1299.12,1294.65,1289.87,1284.86,1279.67,1274.49,1270.11,1265.98,1262.13,1258.63,1255.58,1253.08,1250.51,1248.02,1246.03,1244.25,1242.77,1241.72,1241.29,1241.53,1242.74,1244.38,1246.07,1247.55,1249.47,1251.66,1254.00,1256.32,1258.21,1259.43,1260.27,1260.82,1261.04,1261.04,1260.87,1260.59,1260.16,1259.49,1258.52,1257.24,1255.51,1253.00,1249.94,1247.09,1244.60,1242.25,1239.35,1235.85,1232.03,1227.87,1222.74,1217.18,1211.17,1204.38,1196.32,1188.41,1180.97,1173.49,1165.02,1155.44,1148.03,1141.77,1135.77,1129.92,1124.44,1118.49,1112.24,1106.77,1102.04,1095.08,1087.23,1080.27,1073.69,1067.53,1061.36,1054.79,1047.18,1038.78,1030.97,1023.92,1017.17,1009.06,1000.94,992.57,983.60,974.23,965.36,958.60,954.20,952.08,953.93,957.68,962.34,967.43,971.84,975.73,979.05,981.59,983.00,983.58,983.51,982.77,981.01,978.65,975.83,972.68,969.15,964.87,960.41,955.84,951.44,947.87,944.68,941.63,938.67,935.90,933.57,931.25,928.40,924.83,920.85,917.68,914.83,912.07,909.35,906.69,904.22,901.77,899.08,895.76,893.02,890.60,888.33,886.11,883.98,881.56,879.05,876.68,874.09,870.71,866.88,862.77,858.54,855.31,854.32,854.86,855.42,856.04,856.34,856.02,854.83,853.09,851.10,849.19,847.65,846.83,846.53,846.69,847.05,847.26,847.00,846.67,846.38,846.17,846.00,845.74,845.79,846.10,846.34,846.45,846.54,846.78,847.15,847.22,847.08,846.88,846.56,845.89,845.07,844.16,843.27,842.42,841.30,839.80,838.13,836.38,834.41,832.13,829.08,825.43
1644.37,1638.90,1633.33,1628.23,1623.33,1618.18,1612.21,1606.57,1601.64,1597.59,1594.41,1590.70,1585.53,1579.72,1574.29,1568.87,1563.84,1558.81,1553.60,1548.28,1543.08,1537.35,1531.31,1525.62,1520.56,1516.01,1511.67,1507.36,1503.11,1497.74,1491.41,1484.73,1478.97,1474.83,1470.63,1465.51,1459.16,1453.51,1448.63,1444.19,1439.54,1433.26,1427.62,1422.51,1417.58,1412.38,1407.33,1402.26,1397.28,1392.43,1387.33,1382.04,1376.33,1370.28,1364.32,1357.59,1349.74,1342.08,1336.33,1331.79,1326.76,1321.58,1316.65,1312.15,1308.07,1303.87,1299.53,1295.29,1291.01,1286.45,1281.32,1275.55,1270.10,1265.03,1260.58,1256.75,1253.18,1249.71,1246.49,1243.53,1240.84,1238.53,1236.76,1235.66,1235.33,1235.54,1236.90,1238.67,1240.47,1242.14,1244.05,1246.09,1248.29,1250.58,1252.40,1253.74,1254.82,1255.63,1255.79,1255.40,1255.04,1254.80,1254.63,1254.35,1253.74,1252.79,1251.37,1249.33,1246.92,1244.58,1242.29,1239.66,1236.49,1232.83,1228.89,1224.72,1220.00,1215.17,1209.70,1203.18,1195.34,1187.89,1180.90,1173.71,1165.24,1155.28,1147.77,1141.38,1135.08,1129.01,1123.78,1118.05,1111.83,1106.22,1100.89,1093.69,1086.01,1079.40,1072.69,1066.85,1060.99,1054.50,1047.00,1038.76,1030.97,1023.84,1017.03,1009.02,1001.15,992.94,983.85,974.15,965.55,958.64,953.32,949.74,951.09,954.74,959.30,964.15,968.53,972.19,975.14,977.29,978.51,979.00,978.74,977.76,975.87,973.51,970.76,967.60,963.98,960.06,955.70,951.55,947.84,944.61,941.56,938.57,935.66,932.93,930.42,927.86,924.92,921.58,918.31,915.55,912.84,910.06,907.34,904.69,902.09,899.25,895.98,892.51,889.57,886.98,884.61,882.34,880.19,877.97,875.75,873.57,871.11,867.91,864.27,860.26,855.87,851.86,849.62,849.04,849.39,850.04,850.20,849.67,848.27,846.34,844.31,842.52,841.06,839.95,839.39,839.27,839.49,839.91,839.87,839.61,839.49,839.59,839.59,839.44,839.59,839.98,840.28,840.53,840.84,841.34,842.01,842.35,842.37,842.27,841.99,841.14,840.06,838.84,837.52,836.08,834.48,832.45,830.21,827.95,825.92,823.92,821.41,818.42
1643.12,1637.57,1631.95,1626.77,1621.66,1616.14,1609.95,1604.48,1599.99,1596.40,1593.27,1589.23,1584.23,1578.76,1573.22,1567.75,1562.66,1557.62,1552.39,1546.87,1541.40,1535.76,1530.07,1524.72,1519.83,1515.40,1511.14,1506.90,1502.69,1497.32,1491.08,1484.50,1478.68,1474.27,1469.63,1464.31,1458.38,1453.00,1448.44,1444.26,1439.85,1433.99,1428.22,1422.93,1417.79,1412.13,1407.02,1402.14,1397.33,1392.52,1387.58,1382.45,1376.71,1370.45,1364.30,1356.68,1348.68,1341.63,1336.84,1332.88,1328.17,1323.21,1318.51,1314.34,1310.35,1306.04,1301.57,1297.53,1293.62,1289.52,1284.66,1278.62,1272.17,1266.09,1260.70,1256.00,1251.57,1246.89,1242.79,1239.14,1235.72,1232.95,1231.04,1229.99,1229.83,1230.03,1231.31,1233.10,1235.11,1237.21,1239.21,1240.99,1242.84,1244.85,1246.48,1247.85,1249.12,1250.13,1250.29,1249.65,1249.16,1248.98,1249.04,1249.08,1248.83,1248.25,1247.25,1245.77,1243.82,1241.72,1239.42,1236.45,1232.99,1229.19,1225.25,1221.20,1216.96,1212.68,1207.65,1201.38,1193.77,1186.89,1180.47,1173.67,1165.31,1155.33,1147.74,1141.23,1134.72,1128.41,1123.35,1117.75,1111.52,1105.68,1099.60,1092.30,1084.97,1078.71,1071.90,1066.28,1060.60,1054.16,1046.80,1038.70,1030.93,1023.71,1016.85,1009.01,1001.49,993.50,984.32,974.33,965.95,958.82,952.55,947.45,947.97,951.37,955.87,960.58,965.08,968.51,971.07,972.83,973.83,974.14,973.67,972.46,970.50,968.22,965.62,962.52,958.90,955.44,951.34,947.66,944.55,941.46,938.43,935.48,932.65,929.99,927.29,924.50,921.58,918.65,916.09,913.53,910.83,908.03,905.27,902.56,899.72,896.43,892.66,889.15,886.03,883.29,880.88,878.66,876.55,874.50,872.49,870.40,868.01,865.03,861.64,857.80,853.32,848.60,845.09,843.29,843.59,844.36,844.46,843.67,841.92,839.72,837.56,835.82,834.44,833.02,832.16,831.76,831.89,832.60,832.84,832.74,832.82,833.20,833.29,833.20,833.36,833.72,834.02,834.38,834.88,835.62,836.53,837.14,837.27,837.23,836.93,835.82,834.41,832.75,830.85,828.71,826.60,824.21,821.64,819.15,817.21,815.54,813.65,811.43
1641.88,1636.17,1630.52,1625.28,1619.80,1613.74,1607.92,1602.85,1598.62,1595.16,1592.08,1588.00,1583.13,1577.73,1571.96,1566.54,1561.40,1556.37,1551.20,1545.42,1539.74,1534.23,1528.99,1524.22,1519.66,1515.29,1511.00,1506.77,1502.56,1497.19,1491.02,1484.55,1478.73,1474.28,1469.70,1464.56,1458.85,1453.39,1448.90,1444.95,1440.93,1435.58,1429.62,1424.18,1418.95,1412.84,1407.46,1402.63,1397.96,1393.18,1388.19,1382.85,1376.80,1370.31,1364.34,1357.42,1350.39,1344.18,1339.75,1336.02,1332.26,1328.32,1324.00,1318.87,1314.66,1310.56,1306.24,1301.74,1297.45,1293.62,1289.45,1284.12,1277.59,1270.88,1264.10,1257.43,1251.37,1245.40,1239.84,1234.88,1230.88,1228.16,1226.48,1225.58,1225.39,1225.61,1226.44,1227.75,1229.57,1232.12,1234.34,1236.16,1237.85,1239.55,1241.02,1242.32,1243.60,1244.68,1245.01,1245.06,1244.94,1244.82,1244.82,1244.74,1244.56,1244.14,1243.36,1242.15,1240.08,1237.69,1235.11,1232.16,1228.66,1224.91,1221.16,1217.53,1213.88,1209.69,1204.80,1198.88,1191.53,1185.18,1179.22,1172.82,1164.88,1155.33,1147.86,1141.39,1134.93,1128.49,1123.39,1117.73,1111.30,1105.04,1098.16,1091.02,1084.21,1078.11,1071.58,1065.88,1060.08,1053.66,1046.56,1038.57,1030.75,1023.39,1016.39,1008.93,1001.85,994.13,984.91,974.74,966.32,958.80,951.68,945.41,944.40,947.10,951.51,956.39,961.20,964.42,966.65,968.11,968.82,968.77,968.10,966.88,965.00,962.70,960.48,957.90,954.67,951.28,947.81,944.50,941.37,938.28,935.25,932.36,929.66,927.16,924.48,921.75,919.01,916.34,913.94,911.38,908.60,905.74,902.93,899.99,896.62,892.98,889.22,885.68,882.50,879.74,877.33,875.15,873.05,871.01,868.99,866.88,864.62,861.96,858.85,855.15,850.82,845.63,841.21,838.50,838.51,839.28,839.07,837.83,835.65,833.03,830.88,829.31,828.13,826.90,825.92,825.53,825.69,826.26,826.57,826.60,826.75,827.10,827.24,827.23,827.25,827.35,827.61,827.88,828.26,828.89,829.76,830.23,830.34,830.33,830.03,828.76,827.00,824.75,822.15,819.41,817.14,815.25,813.63,812.20,810.72,809.22,807.51,805.60
1640.27,1634.43,1628.86,1623.59,1617.88,1611.56,1606.24,1601.53,1597.48,1594.02,1590.78,1586.67,1581.89,1576.53,1570.64,1565.06,1559.91,1555.01,1549.90,1543.60,1538.02,1532.87,1528.11,1523.90,1519.53,1515.18,1510.88,1506.65,1502.43,1497.11,1491.01,1484.64,1478.96,1474.51,1470.00,1464.99,1459.42,1453.92,1449.38,1445.45,1441.55,1436.43,1430.47,1425.11,1420.11,1414.35,1408.88,1404.08,1399.50,1394.68,1389.38,1383.55,1377.21,1370.73,1364.96,1358.86,1352.75,1347.28,1343.18,1339.66,1336.31,1332.98,1329.39,1324.94,1320.81,1316.50,1311.85,1306.88,1302.19,1298.07,1293.92,1288.96,1282.46,1275.40,1268.00,1260.26,1252.30,1245.26,1238.74,1232.74,1227.78,1224.33,1222.49,1221.51,1221.11,1221.18,1221.72,1222.62,1224.05,1226.50,1228.85,1230.90,1232.78,1234.55,1236.00,1237.16,1238.28,1239.25,1239.69,1240.01,1240.14,1240.13,1240.11,1239.97,1239.78,1239.41,1238.70,1237.50,1235.43,1232.91,1230.17,1227.21,1223.91,1220.56,1217.26,1213.99,1210.44,1206.26,1201.46,1195.84,1189.05,1183.01,1177.43,1171.53,1164.15,1155.17,1147.81,1141.22,1134.67,1128.46,1123.47,1117.74,1111.04,1104.23,1096.86,1089.90,1083.49,1077.42,1070.93,1065.28,1059.55,1053.25,1046.29,1038.18,1030.14,1022.69,1015.97,1008.99,1002.27,994.81,985.81,975.57,966.93,959.18,951.70,944.46,941.18,942.75,946.87,951.51,956.01,959.21,961.52,963.04,963.68,963.56,962.89,961.77,960.16,958.13,956.09,953.73,950.80,947.61,944.43,941.06,937.66,934.73,932.05,929.45,926.95,924.55,921.93,919.24,916.55,913.94,911.44,908.61,905.72,902.87,900.05,896.78,893.19,889.49,885.81,882.21,879.18,876.53,874.06,871.62,869.38,867.32,865.32,863.28,861.20,858.86,856.20,852.96,848.55,842.73,837.43,833.85,833.27,833.69,833.33,832.03,829.87,827.41,825.34,823.66,822.27,821.05,820.41,820.24,820.40,820.82,821.04,821.12,821.24,821.45,821.58,821.63,821.63,821.70,822.01,822.28,822.59,823.13,823.94,824.33,824.30,823.95,823.12,821.33,819.04,816.48,813.93,811.66,809.75,808.38,807.33,806.36,805.12,803.77,802.18,800.41
1638.40,1632.46,1627.03,1621.73,1615.89,1609.57,1604.77,1600.35,1596.39,1592.85,1589.32,1585.19,1580.49,1575.19,1569.29,1563.43,1558.34,1553.62,1548.53,1541.64,1536.33,1531.63,1527.32,1523.61,1519.36,1515.05,1510.76,1506.52,1502.31,1497.06,1491.05,1484.79,1479.30,1474.88,1470.40,1465.49,1460.03,1454.55,1449.86,1445.79,1441.86,1436.80,1430.96,1425.80,1421.25,1416.34,1410.96,1406.21,1401.70,1396.84,1391.15,1384.74,1378.13,1371.74,1366.18,1360.87,1355.61,1350.78,1346.96,1343.62,1340.33,1337.27,1334.50,1331.58,1327.76,1323.14,1317.96,1312.57,1307.47,1302.69,1298.06,1293.11,1286.63,1279.42,1271.91,1263.76,1254.12,1246.20,1239.13,1232.46,1226.30,1221.55,1219.03,1217.67,1216.93,1216.76,1217.09,1217.65,1218.63,1220.61,1222.94,1225.28,1227.52,1229.55,1231.12,1232.16,1233.06,1233.86,1234.34,1234.67,1234.92,1235.05,1235.03,1234.90,1234.63,1234.20,1233.50,1232.13,1230.11,1227.60,1224.78,1221.84,1218.95,1216.16,1213.39,1210.40,1206.68,1202.50,1197.78,1192.38,1186.24,1180.48,1175.24,1169.81,1162.94,1154.62,1147.44,1140.76,1134.14,1128.35,1123.48,1117.66,1110.66,1103.32,1095.62,1088.88,1082.75,1076.62,1070.08,1064.54,1059.00,1052.89,1046.02,1037.69,1029.35,1021.81,1015.58,1009.13,1002.66,995.48,986.84,976.67,967.75,959.88,952.40,944.48,938.72,938.59,941.85,945.99,949.89,953.15,955.74,957.52,958.32,958.42,957.93,957.02,955.74,954.11,952.10,949.74,947.03,944.04,940.88,937.30,933.67,931.03,928.86,926.66,924.37,921.97,919.40,916.74,914.03,911.31,908.52,905.31,902.30,899.55,896.73,893.17,889.56,886.00,882.41,878.77,875.98,873.44,870.81,867.95,865.49,863.40,861.49,859.56,857.71,855.68,853.51,850.79,846.18,839.66,833.66,829.43,828.11,827.94,827.46,826.23,824.20,822.08,820.16,818.32,816.63,815.44,815.39,815.53,815.69,815.95,816.01,816.07,816.13,816.17,816.23,816.30,816.35,816.52,816.93,817.24,817.48,817.89,818.53,818.77,818.45,817.51,815.88,813.52,810.83,808.31,806.31,805.10,803.85,802.96,802.16,801.27,800.14,798.89,797.38,795.65
1636.40,1630.38,1625.03,1619.55,1613.77,1607.94,1603.19,1598.80,1594.79,1591.09,1587.33,1583.21,1578.70,1573.70,1567.98,1562.01,1557.13,1552.46,1547.10,1540.22,1534.93,1530.44,1526.41,1522.86,1519.00,1514.90,1510.67,1506.39,1502.14,1496.99,1491.15,1485.09,1479.70,1475.19,1470.65,1465.80,1460.57,1455.16,1450.30,1446.05,1442.05,1437.14,1431.38,1426.48,1422.39,1418.11,1413.32,1408.79,1404.41,1399.79,1394.28,1387.66,1380.69,1374.07,1368.75,1363.83,1359.15,1354.82,1351.07,1347.72,1344.55,1341.53,1338.69,1335.93,1332.75,1328.69,1323.79,1318.21,1312.65,1307.10,1301.64,1296.04,1289.05,1281.77,1274.24,1266.15,1256.97,1248.60,1241.52,1234.95,1227.98,1221.31,1216.80,1214.12,1212.95,1212.43,1212.55,1212.90,1213.59,1215.09,1217.00,1219.13,1221.33,1223.50,1225.46,1226.68,1227.63,1228.47,1229.11,1229.44,1229.69,1229.85,1229.83,1229.69,1229.26,1228.71,1227.97,1226.42,1224.31,1221.75,1218.97,1216.39,1214.24,1211.72,1208.92,1205.95,1202.32,1198.36,1193.81,1188.46,1182.44,1177.45,1172.61,1167.10,1160.06,1152.37,1145.88,1139.86,1133.82,1128.19,1123.14,1117.00,1109.74,1102.42,1094.33,1087.72,1081.83,1075.54,1069.16,1063.72,1058.36,1052.53,1045.80,1037.53,1029.06,1021.35,1015.21,1009.14,1002.77,995.73,987.50,977.70,968.83,961.01,953.73,946.04,939.36,935.79,935.68,939.15,943.30,946.40,948.79,950.69,952.22,953.10,953.22,952.62,951.27,949.60,947.54,945.19,942.48,939.25,935.84,932.71,930.03,927.82,925.82,923.81,921.56,918.88,916.10,913.45,910.71,907.73,904.42,901.19,898.29,895.62,892.90,889.49,886.00,882.53,879.01,875.43,872.66,869.85,866.72,863.57,860.99,859.02,857.26,855.43,853.83,852.09,849.96,846.99,842.38,835.34,829.61,826.00,824.20,823.34,822.13,820.17,817.32,814.37,812.61,811.44,810.63,810.31,810.55,810.82,811.01,811.11,811.13,811.22,811.29,811.28,811.21,811.22,811.25,811.38,811.76,811.92,812.02,811.99,811.73,811.23,810.07,808.42,806.52,804.80,803.12,801.62,800.37,799.50,798.73,798.02,797.32,796.57,795.59,794.30,792.74,791.09
1634.23,1628.28,1622.94,1617.33,1611.65,1606.28,1601.53,1597.15,1593.07,1589.16,1585.22,1581.11,1576.83,1572.13,1566.64,1560.81,1556.19,1551.53,1545.95,1539.20,1533.99,1529.60,1525.66,1522.10,1518.47,1514.58,1510.49,1506.26,1501.98,1496.84,1491.17,1485.35,1479.98,1475.38,1470.78,1465.97,1460.93,1455.61,1450.72,1446.39,1442.48,1438.06,1432.46,1427.64,1423.69,1419.64,1415.34,1411.02,1406.79,1402.55,1397.64,1391.22,1384.07,1377.10,1371.82,1367.20,1362.92,1358.97,1355.51,1352.24,1349.13,1346.03,1342.93,1340.08,1337.24,1333.64,1329.00,1323.08,1317.11,1310.84,1304.56,1298.22,1290.75,1283.47,1275.98,1268.05,1259.68,1251.23,1244.26,1237.93,1230.77,1223.02,1216.59,1212.10,1209.76,1208.64,1208.13,1208.07,1208.48,1209.62,1211.14,1213.04,1215.20,1217.51,1219.73,1221.15,1222.24,1223.18,1223.97,1224.37,1224.63,1224.80,1224.81,1224.66,1224.10,1223.40,1222.50,1220.81,1218.55,1215.84,1212.99,1210.68,1209.00,1206.68,1203.87,1200.84,1197.39,1193.71,1189.26,1183.93,1178.38,1173.83,1168.94,1163.15,1156.23,1149.62,1143.99,1138.65,1133.18,1127.73,1122.44,1115.99,1108.63,1101.59,1093.05,1086.49,1080.74,1074.23,1068.07,1062.84,1057.69,1052.07,1045.40,1037.25,1028.72,1020.88,1014.78,1008.94,1002.66,995.75,987.88,978.57,969.89,962.17,955.03,947.63,940.54,934.53,931.31,932.71,936.20,938.85,941.09,943.24,945.15,946.56,947.11,946.79,945.56,943.95,941.87,939.52,936.98,934.11,931.06,928.59,926.68,924.76,922.74,920.66,918.29,915.40,912.42,909.72,906.90,903.75,900.33,897.25,894.39,891.66,888.96,885.69,882.23,878.71,875.18,871.55,868.45,865.18,861.66,858.41,856.00,854.26,852.71,850.99,849.45,847.78,845.39,841.90,837.19,830.63,825.62,822.47,820.26,818.63,816.65,814.04,810.77,807.54,805.91,805.07,804.70,804.86,805.13,805.59,806.00,806.11,806.15,806.29,806.40,806.40,806.25,806.15,806.07,806.07,806.21,806.03,805.79,805.34,804.51,803.58,801.98,800.05,798.18,797.01,796.20,795.49,794.79,794.09,793.57,792.96,792.32,791.64,790.82,789.56,788.04,786.49
1631.84,1626.16,1620.74,1615.13,1609.60,1604.46,1599.78,1595.49,1591.29,1587.13,1583.07,1578.97,1574.93,1570.49,1565.21,1559.91,1555.54,1550.89,1545.24,1538.67,1533.65,1529.27,1525.18,1521.43,1517.73,1514.00,1510.14,1506.11,1501.85,1496.56,1491.00,1485.49,1480.04,1475.39,1470.77,1465.98,1461.00,1455.83,1451.08,1446.90,1443.31,1439.83,1434.53,1429.56,1425.22,1420.87,1416.79,1412.60,1408.54,1404.80,1400.96,1395.31,1388.26,1380.88,1375.36,1370.99,1366.88,1363.18,1360.35,1357.33,1354.22,1350.92,1347.49,1344.47,1341.48,1337.98,1333.37,1326.82,1320.49,1313.62,1306.59,1299.63,1291.86,1284.65,1277.26,1269.52,1261.92,1253.87,1247.03,1240.95,1234.45,1227.04,1219.15,1212.36,1207.79,1205.62,1203.89,1203.07,1203.21,1204.15,1205.44,1207.19,1209.36,1211.86,1214.07,1215.67,1216.95,1218.03,1218.92,1219.49,1219.84,1220.04,1220.13,1219.94,1219.34,1218.44,1217.22,1215.39,1212.95,1209.98,1206.90,1204.60,1202.93,1200.79,1198.08,1194.94,1191.76,1188.34,1183.88,1178.59,1174.13,1169.38,1163.79,1157.58,1151.39,1146.55,1141.89,1137.06,1131.99,1126.76,1121.27,1114.63,1107.36,1100.82,1091.80,1085.18,1079.46,1072.64,1066.75,1061.89,1056.99,1051.43,1044.73,1036.68,1028.16,1020.28,1014.26,1008.44,1002.29,995.55,987.91,979.18,970.87,963.27,956.12,948.86,941.80,935.28,930.00,927.31,928.54,930.32,932.59,935.17,936.82,938.24,938.87,938.73,938.00,936.72,934.68,932.39,930.31,928.76,927.06,925.36,923.69,921.78,919.52,917.07,914.41,911.46,908.35,905.50,902.54,899.42,896.55,893.77,890.82,887.81,884.92,881.71,878.08,874.36,870.69,866.82,862.89,859.02,855.38,852.32,850.45,849.08,847.75,846.17,844.39,842.41,839.47,835.24,830.27,825.66,821.78,818.59,815.98,813.53,810.81,807.92,805.08,802.64,801.07,799.86,798.97,798.80,798.82,799.55,800.46,800.83,801.00,801.19,801.37,801.42,801.22,800.97,800.70,800.43,800.10,799.32,798.51,797.75,797.03,796.28,794.99,793.44,791.94,790.93,790.38,789.88,789.33,788.70,788.15,787.60,786.99,786.30,785.57,784.53,783.20,781.80
1629.56,1624.12,1618.70,1613.19,1607.79,1602.75,1598.12,1593.77,1589.38,1584.98,1580.82,1576.88,1572.93,1568.63,1563.69,1558.85,1554.59,1549.85,1544.15,1538.15,1533.29,1528.84,1524.58,1520.66,1517.11,1513.50,1509.74,1505.80,1501.64,1496.20,1490.55,1485.10,1479.82,1475.03,1470.36,1465.66,1460.90,1456.07,1451.53,1447.56,1444.25,1441.05,1436.47,1431.78,1427.26,1422.67,1418.41,1413.99,1409.76,1406.08,1402.87,1398.77,1392.92,1385.87,1379.93,1375.13,1370.81,1367.06,1364.21,1361.38,1358.81,1355.94,1352.56,1349.11,1345.88,1342.25,1337.42,1330.27,1323.29,1315.96,1308.66,1301.67,1294.36,1286.91,1279.38,1271.86,1264.48,1256.78,1249.91,1243.74,1237.63,1230.42,1222.02,1214.05,1207.73,1203.61,1200.44,1198.61,1198.13,1198.91,1200.01,1201.47,1203.41,1205.87,1208.26,1210.09,1211.60,1212.91,1214.07,1214.76,1215.22,1215.56,1215.72,1215.44,1214.63,1213.54,1212.13,1209.82,1206.83,1203.95,1201.47,1199.52,1198.17,1196.00,1192.95,1189.25,1185.67,1181.51,1176.92,1172.25,1168.07,1163.28,1157.90,1152.35,1147.29,1143.18,1139.10,1134.76,1130.06,1125.07,1119.41,1112.88,1105.80,1098.71,1090.19,1083.87,1078.03,1070.94,1065.78,1061.13,1056.27,1050.71,1043.85,1035.88,1027.47,1019.65,1013.63,1007.83,1001.75,995.02,987.42,979.40,971.74,964.31,957.04,950.06,943.48,936.89,930.72,925.96,923.88,924.00,925.32,927.21,928.77,930.29,931.10,931.28,931.06,930.20,928.96,927.44,925.83,924.73,923.50,921.95,920.07,917.96,915.55,913.01,910.37,907.55,904.39,901.39,898.53,895.76,893.03,890.08,886.98,883.76,880.37,876.75,873.00,869.23,865.40,861.19,856.86,853.21,850.36,847.88,846.20,844.65,842.87,840.65,838.32,835.49,832.10,828.19,824.19,821.02,818.02,815.05,812.29,809.45,806.25,803.26,800.95,798.96,796.63,794.70,793.50,792.96,792.92,793.31,793.95,794.63,795.05,795.13,795.08,794.99,794.83,794.62,794.36,794.05,793.59,792.90,792.11,791.37,790.75,790.12,789.09,787.85,786.63,785.76,785.15,784.52,783.75,782.84,782.25,781.79,781.28,780.69,780.13,779.46,778.59,777.60
1627.39,1622.14,1616.77,1611.32,1605.97,1600.95,1596.28,1591.77,1587.15,1582.58,1578.53,1574.79,1570.90,1566.67,1562.10,1557.61,1553.38,1548.51,1542.81,1537.43,1532.70,1528.16,1523.78,1519.80,1516.50,1513.03,1509.34,1505.42,1501.28,1495.70,1489.95,1484.52,1479.41,1474.47,1469.76,1465.20,1460.68,1456.18,1451.81,1448.00,1444.89,1441.78,1437.94,1433.67,1429.14,1424.45,1419.96,1415.30,1410.88,1407.22,1404.44,1401.76,1397.29,1390.98,1384.72,1379.33,1374.69,1370.75,1367.67,1364.95,1362.84,1360.46,1357.31,1353.60,1350.14,1346.25,1341.10,1333.49,1325.83,1318.18,1310.87,1304.11,1297.50,1289.80,1282.04,1274.58,1267.16,1259.78,1252.83,1246.45,1240.55,1233.58,1224.95,1216.14,1208.32,1202.20,1197.41,1194.41,1193.23,1193.78,1194.72,1195.94,1197.61,1199.89,1202.38,1204.38,1206.11,1207.69,1209.13,1209.97,1210.59,1211.05,1211.23,1210.89,1209.89,1208.63,1207.04,1204.35,1200.99,1198.36,1196.55,1194.97,1193.75,1191.38,1187.88,1183.54,1179.24,1174.15,1169.42,1165.34,1161.20,1156.59,1151.86,1147.32,1143.37,1139.66,1135.97,1132.06,1127.78,1123.03,1117.20,1110.85,1104.02,1096.29,1088.59,1082.49,1076.41,1069.31,1064.86,1060.37,1055.50,1049.94,1042.88,1034.93,1026.69,1019.01,1012.92,1007.08,1000.96,994.15,986.59,979.25,972.39,965.22,957.82,951.10,945.09,938.78,932.40,926.52,921.54,919.80,919.56,920.08,921.46,922.98,923.94,924.41,924.61,924.16,923.74,923.04,921.84,920.84,919.73,918.10,915.97,913.66,911.18,908.69,906.18,903.51,900.41,897.33,894.57,892.07,889.31,886.07,882.74,879.29,875.44,871.47,867.66,863.82,859.78,855.49,851.28,848.18,846.15,844.19,842.46,840.57,838.26,835.33,832.31,828.65,825.07,821.92,819.08,816.86,814.45,811.73,808.93,805.98,802.70,799.83,797.88,796.06,793.01,790.50,789.03,787.99,787.70,787.44,787.48,788.24,788.78,788.72,788.49,788.35,788.33,788.22,788.05,787.78,787.34,786.86,786.22,785.56,784.97,784.37,783.51,782.50,781.47,780.65,779.89,779.04,778.01,776.86,776.26,775.91,775.55,775.10,774.75,774.44,774.01,773.42
1625.48,1620.32,1615.05,1609.40,1603.85,1598.73,1593.76,1588.88,1584.01,1579.50,1576.17,1572.73,1568.84,1564.64,1560.29,1555.92,1551.55,1546.59,1541.05,1536.07,1531.38,1526.74,1522.36,1518.79,1515.78,1512.54,1508.94,1504.92,1500.40,1494.80,1489.18,1483.89,1478.73,1473.58,1468.96,1464.63,1460.24,1455.76,1451.40,1447.54,1444.35,1441.38,1437.93,1434.09,1429.94,1425.51,1421.13,1416.52,1412.26,1408.94,1406.33,1403.77,1400.20,1395.25,1389.15,1383.39,1378.38,1374.16,1370.81,1367.94,1365.51,1363.10,1360.41,1357.28,1353.72,1349.37,1343.80,1336.23,1328.04,1320.46,1313.55,1307.24,1301.39,1293.76,1285.64,1277.68,1269.98,1262.75,1255.74,1249.10,1243.04,1236.59,1227.74,1218.14,1209.15,1201.81,1194.99,1190.58,1188.71,1188.81,1189.66,1190.91,1192.45,1194.36,1196.44,1198.31,1200.18,1202.06,1203.67,1204.84,1205.67,1206.15,1206.18,1205.99,1205.05,1203.62,1201.79,1199.42,1196.70,1194.47,1192.78,1191.17,1189.17,1186.20,1182.33,1177.57,1172.10,1166.54,1161.66,1157.52,1153.40,1149.63,1146.07,1142.65,1139.33,1135.88,1132.32,1128.75,1125.07,1120.65,1114.48,1108.16,1101.76,1094.23,1087.41,1080.85,1074.30,1068.03,1063.78,1059.40,1054.60,1049.03,1041.78,1033.69,1025.70,1018.34,1012.09,1005.95,999.47,992.49,985.13,978.29,972.39,965.68,958.22,951.60,946.00,940.73,935.25,929.37,924.07,920.53,917.67,915.67,916.36,917.54,918.39,918.88,919.17,918.99,918.69,918.16,917.25,916.11,914.74,912.98,910.85,908.59,906.23,904.03,901.73,898.99,896.16,893.30,890.45,887.60,884.64,881.20,877.42,873.51,869.77,866.12,862.36,858.23,853.85,850.47,847.75,845.47,843.44,841.32,839.07,836.88,834.47,831.35,827.56,823.72,820.74,818.72,816.37,813.94,811.45,808.85,806.10,803.54,801.19,798.98,796.84,794.54,791.83,789.52,787.71,785.80,784.31,783.02,782.17,782.15,782.19,782.10,782.19,782.56,782.87,782.90,782.85,782.71,782.34,781.85,781.17,780.41,779.63,778.81,777.90,776.90,775.84,774.84,773.85,772.87,771.87,770.92,770.43,770.22,770.08,769.93,769.77,769.63,769.31,768.75
1623.67,1618.54,1613.23,1607.44,1601.65,1596.19,1590.71,1585.40,1580.70,1576.81,1573.82,1570.54,1566.80,1562.72,1558.40,1554.06,1549.59,1544.59,1539.12,1534.24,1529.72,1525.17,1520.91,1517.71,1514.84,1511.74,1508.17,1503.92,1499.05,1493.42,1487.94,1482.81,1477.58,1472.40,1467.92,1463.83,1459.60,1455.20,1450.93,1446.98,1443.42,1440.11,1436.64,1433.05,1429.31,1425.36,1421.28,1417.24,1413.61,1410.71,1408.32,1405.73,1402.56,1398.45,1392.93,1387.14,1381.73,1377.05,1373.39,1370.11,1367.42,1364.96,1362.51,1359.79,1356.29,1351.93,1346.50,1339.38,1331.40,1324.05,1317.40,1311.31,1305.39,1297.92,1289.84,1281.56,1273.13,1265.54,1258.35,1251.53,1245.27,1239.29,1230.19,1219.72,1209.49,1201.10,1193.08,1187.49,1184.56,1183.81,1184.43,1185.69,1187.25,1189.01,1190.80,1192.49,1194.22,1195.98,1197.56,1198.98,1199.97,1200.51,1200.55,1200.42,1199.57,1198.03,1195.93,1193.98,1191.95,1190.11,1188.40,1186.52,1184.01,1180.59,1176.38,1171.35,1165.75,1160.48,1155.75,1151.46,1147.18,1143.62,1140.53,1137.66,1134.76,1131.75,1128.57,1125.35,1121.93,1117.50,1111.63,1105.72,1099.66,1092.32,1085.91,1078.76,1071.86,1066.64,1062.62,1058.26,1053.32,1047.50,1040.10,1032.27,1024.70,1017.61,1011.07,1004.67,997.79,990.60,983.51,977.33,972.14,965.76,958.30,951.82,946.54,941.80,936.97,931.71,926.66,922.24,917.81,913.82,912.48,912.81,913.40,913.83,913.97,913.87,913.55,913.03,912.22,910.91,909.41,907.59,905.49,903.33,901.13,899.06,896.82,894.07,891.34,888.54,885.67,882.69,879.59,875.93,871.94,867.97,864.50,861.32,857.60,853.59,849.76,847.06,844.97,842.88,840.58,838.04,835.60,833.38,830.94,827.67,823.65,820.37,818.04,816.40,814.34,812.10,809.90,807.77,805.57,803.54,801.76,799.86,797.54,795.01,792.42,790.06,787.96,785.85,783.57,781.34,779.59,778.74,778.30,777.92,777.86,778.19,778.37,778.36,778.08,777.57,777.02,776.52,775.86,775.10,774.29,773.40,772.50,771.52,770.49,769.53,768.65,767.78,766.84,765.83,765.02,764.61,764.46,764.44,764.39,764.30,764.03,763.58
1621.86,1616.68,1611.25,1605.34,1599.33,1593.38,1587.29,1581.70,1577.48,1574.44,1571.45,1568.23,1564.72,1560.82,1556.44,1552.06,1547.55,1542.54,1537.08,1532.07,1527.78,1523.40,1519.26,1516.37,1513.52,1510.45,1506.83,1502.35,1497.23,1491.64,1486.37,1481.40,1476.13,1471.07,1466.75,1462.81,1458.72,1454.41,1450.18,1445.99,1441.83,1437.93,1434.21,1430.73,1427.42,1424.10,1420.46,1417.41,1414.77,1412.37,1410.20,1407.60,1404.52,1400.83,1396.16,1390.52,1384.73,1379.53,1375.52,1371.69,1368.77,1366.26,1363.87,1361.38,1358.10,1354.07,1349.15,1342.76,1335.49,1328.49,1321.97,1315.81,1309.20,1301.90,1294.13,1285.76,1276.41,1268.15,1260.69,1253.73,1247.25,1241.59,1232.22,1220.89,1209.45,1200.20,1191.59,1185.00,1180.73,1178.89,1179.08,1180.26,1181.89,1183.71,1185.37,1186.92,1188.37,1189.76,1191.16,1192.67,1193.76,1194.35,1194.42,1194.27,1193.52,1191.89,1189.59,1188.11,1186.74,1185.27,1183.54,1181.28,1178.43,1174.68,1170.18,1165.07,1160.07,1155.56,1151.15,1146.64,1142.06,1138.28,1135.15,1132.41,1129.82,1127.36,1124.69,1121.78,1118.38,1113.77,1108.64,1103.37,1097.60,1090.44,1084.07,1076.37,1069.35,1065.17,1061.37,1056.96,1051.76,1045.53,1038.03,1030.72,1023.64,1016.70,1009.83,1003.19,995.89,988.50,981.75,976.39,971.68,965.50,958.12,951.85,946.78,942.15,937.70,933.36,928.86,924.25,919.14,913.77,909.78,908.77,908.84,909.02,908.89,908.74,908.34,907.76,906.90,905.43,903.87,902.05,899.99,897.98,895.95,893.89,891.61,888.90,886.14,883.31,880.46,877.53,874.30,870.43,866.50,862.83,859.72,857.00,853.40,849.82,847.04,844.79,842.66,840.28,837.55,834.50,832.17,830.11,827.68,824.31,820.57,818.34,816.65,814.94,813.09,811.34,809.71,808.21,806.79,805.29,803.80,801.94,799.47,796.90,794.23,791.65,789.35,787.49,784.87,781.96,779.32,777.55,776.58,775.65,775.05,774.89,774.61,774.43,773.72,772.60,771.66,771.12,770.47,769.72,768.97,768.12,767.29,766.36,765.36,764.52,763.90,763.23,762.35,761.15,759.84,759.08,758.76,758.76,758.74,758.62,758.39,758.07
1619.66,1614.20,1608.56,1602.63,1596.50,1590.23,1583.85,1579.05,1575.35,1572.24,1569.06,1565.75,1562.31,1558.57,1554.30,1549.99,1545.47,1540.41,1534.87,1529.68,1525.59,1520.95,1516.34,1513.58,1510.77,1507.41,1503.57,1499.24,1494.37,1489.43,1484.66,1479.93,1474.75,1469.88,1465.70,1461.61,1457.01,1452.65,1447.65,1442.45,1437.55,1433.62,1429.99,1426.72,1423.77,1421.04,1417.96,1416.21,1414.88,1413.09,1410.94,1408.82,1406.13,1402.72,1398.78,1392.94,1387.03,1381.71,1377.24,1373.09,1369.81,1367.11,1364.77,1362.39,1359.57,1355.85,1351.21,1345.61,1339.00,1332.39,1325.81,1318.96,1311.45,1303.93,1296.42,1288.45,1278.99,1270.33,1262.66,1255.58,1248.79,1242.79,1233.13,1221.37,1209.36,1199.68,1190.56,1183.00,1177.45,1174.57,1173.69,1174.36,1175.89,1177.89,1179.90,1181.72,1183.26,1184.55,1185.80,1186.97,1187.68,1187.95,1187.83,1187.43,1186.51,1184.92,1182.91,1181.87,1181.00,1179.99,1178.58,1176.20,1172.77,1168.63,1164.14,1159.53,1155.04,1150.81,1146.43,1141.69,1136.62,1132.78,1129.64,1126.97,1124.82,1122.70,1120.31,1117.50,1114.06,1109.76,1105.24,1100.34,1094.80,1088.19,1081.34,1073.96,1067.66,1063.80,1059.90,1055.45,1049.99,1043.39,1036.10,1029.11,1022.11,1015.07,1008.06,1001.03,993.37,985.98,979.81,975.33,970.77,964.73,957.68,951.70,946.71,942.00,937.51,933.37,929.14,924.65,919.63,914.22,909.40,906.38,904.74,903.97,903.69,903.48,903.21,902.67,901.65,900.07,898.35,896.51,894.60,892.76,890.78,888.72,886.44,883.78,881.10,878.32,875.51,872.57,869.12,865.27,861.86,858.90,856.08,853.37,850.35,847.33,844.71,842.62,840.21,837.45,834.41,831.38,829.28,827.41,825.07,821.87,819.34,817.81,816.62,815.45,814.27,812.98,811.65,810.26,808.73,807.40,806.10,804.29,801.69,798.92,796.16,793.61,791.39,789.66,787.78,785.04,781.72,778.45,776.41,774.55,773.03,772.04,771.35,771.02,770.39,769.30,767.85,766.90,765.83,764.75,763.85,763.03,762.37,761.46,760.20,758.94,757.99,757.13,756.25,755.23,754.15,753.58,753.34,753.29,753.24,753.14,752.98,752.77
1617.13,1611.51,1605.82,1599.85,1593.66,1587.32,1581.00,1576.80,1573.36,1570.01,1566.56,1563.14,1559.74,1556.08,1551.93,1547.74,1543.21,1538.14,1532.56,1527.06,1522.59,1517.66,1512.90,1510.10,1507.22,1503.67,1499.73,1495.62,1491.19,1486.88,1482.51,1477.93,1473.00,1468.53,1464.52,1460.12,1454.50,1449.25,1443.62,1437.92,1432.69,1428.80,1425.01,1421.67,1418.85,1416.56,1414.46,1413.88,1413.66,1412.63,1410.81,1409.04,1406.65,1403.58,1400.15,1394.43,1388.65,1383.37,1378.61,1374.21,1370.57,1367.65,1365.32,1362.98,1360.47,1356.96,1352.52,1347.47,1341.29,1334.91,1328.24,1320.82,1312.33,1304.63,1297.33,1289.72,1280.78,1271.98,1264.08,1256.80,1249.78,1243.35,1233.49,1221.57,1209.27,1199.26,1189.91,1181.72,1175.13,1171.03,1168.88,1168.75,1169.87,1171.75,1173.92,1175.90,1177.52,1178.79,1179.93,1180.77,1181.17,1181.20,1180.90,1180.35,1179.29,1177.79,1176.15,1175.39,1174.96,1174.25,1172.87,1170.24,1166.58,1162.50,1158.31,1154.15,1150.07,1145.95,1141.43,1136.41,1131.18,1127.25,1123.96,1121.22,1119.30,1117.42,1115.14,1112.29,1108.81,1105.16,1101.35,1096.90,1091.60,1085.27,1078.02,1071.38,1066.03,1062.22,1058.17,1053.61,1047.85,1040.87,1033.78,1027.11,1020.15,1012.98,1005.87,998.35,990.35,983.20,977.91,974.11,969.49,963.55,956.94,951.32,946.25,941.42,936.87,932.68,928.52,924.14,919.35,914.22,909.34,905.16,902.12,900.19,899.32,898.90,898.44,897.63,896.33,894.83,893.17,891.41,889.62,887.91,885.91,883.89,881.66,878.98,876.30,873.50,870.67,867.72,864.32,860.82,857.96,855.53,852.90,850.23,847.66,845.04,842.41,840.38,837.75,834.75,831.65,828.99,827.25,825.77,823.88,821.23,819.46,818.27,817.39,816.69,816.08,815.25,814.23,812.97,811.46,810.26,809.13,807.47,804.90,802.20,798.72,795.80,793.79,792.13,790.79,788.53,785.35,781.59,778.15,775.24,772.74,770.65,769.22,768.41,767.67,766.57,764.74,763.32,761.98,760.77,759.76,758.66,757.75,756.62,755.21,753.79,752.63,751.62,750.71,749.93,749.19,748.80,748.62,748.51,748.23,748.06,747.97,747.93
1614.17,1608.66,1603.19,1597.16,1590.96,1584.93,1579.17,1574.93,1571.27,1567.68,1563.88,1560.40,1556.96,1553.31,1549.27,1545.22,1540.67,1535.62,1530.07,1524.11,1518.33,1513.20,1508.98,1505.93,1502.77,1499.25,1495.49,1491.61,1487.81,1483.89,1479.61,1475.03,1470.59,1466.78,1463.04,1458.11,1450.83,1443.39,1437.61,1432.52,1427.74,1423.79,1419.33,1415.40,1412.30,1410.22,1409.77,1410.07,1410.48,1410.48,1409.51,1407.72,1405.46,1402.83,1399.61,1394.63,1389.31,1384.20,1379.49,1374.89,1370.95,1367.82,1365.43,1363.04,1360.52,1357.06,1352.72,1347.80,1341.69,1335.26,1328.52,1320.90,1311.35,1303.71,1296.51,1289.06,1281.42,1272.85,1264.68,1257.09,1249.97,1243.15,1233.32,1221.53,1209.20,1198.91,1189.76,1181.51,1174.26,1168.63,1165.02,1163.77,1164.01,1165.23,1167.07,1168.94,1170.50,1171.74,1172.91,1173.56,1173.86,1173.88,1173.55,1173.02,1171.99,1170.65,1169.33,1168.62,1168.56,1167.84,1165.97,1162.76,1159.52,1156.28,1152.77,1148.82,1145.01,1140.85,1135.98,1130.63,1125.82,1121.72,1118.07,1115.00,1112.93,1111.14,1108.81,1105.76,1102.28,1099.66,1096.77,1092.97,1087.94,1081.32,1073.99,1068.48,1064.22,1060.27,1056.09,1051.30,1045.14,1037.75,1030.79,1024.44,1017.60,1010.34,1003.11,995.00,986.72,980.12,976.16,972.67,967.73,961.83,955.75,950.56,945.21,940.28,935.70,931.29,926.93,922.58,918.02,913.33,909.10,905.39,901.83,898.59,896.38,895.51,894.30,892.65,890.88,889.76,888.55,887.05,885.35,883.66,881.54,879.62,877.51,874.68,871.86,868.92,865.95,863.00,860.17,857.51,855.10,852.74,850.13,847.72,845.26,842.69,840.11,838.03,835.34,832.37,829.59,827.73,826.49,825.75,824.90,823.34,821.29,819.95,819.11,818.59,818.27,817.92,817.25,816.32,815.32,814.24,813.36,811.99,809.69,807.55,802.32,798.34,796.57,794.93,793.51,791.94,790.20,787.81,782.61,778.63,775.12,771.63,768.87,767.05,765.71,764.33,762.36,760.51,759.24,758.32,757.35,755.44,753.50,751.85,750.54,749.50,748.59,747.59,746.66,746.04,745.62,745.25,745.03,744.84,743.99,743.58,743.55,743.78
1611.36,1605.97,1600.46,1594.54,1588.56,1582.88,1577.61,1573.17,1569.11,1565.19,1561.28,1557.67,1554.14,1550.55,1546.74,1542.65,1536.96,1530.88,1524.98,1519.07,1513.62,1509.08,1505.35,1502.07,1498.61,1494.99,1491.27,1487.48,1483.84,1479.35,1474.85,1470.63,1466.55,1462.48,1457.67,1451.84,1444.87,1438.20,1432.79,1427.97,1423.37,1418.75,1413.47,1408.76,1405.27,1403.84,1403.97,1404.65,1405.46,1406.09,1405.76,1404.46,1402.61,1400.30,1397.26,1393.05,1388.57,1384.13,1379.71,1375.11,1371.01,1367.68,1365.13,1362.63,1359.77,1356.08,1351.50,1345.97,1339.86,1333.31,1326.21,1318.23,1309.13,1301.58,1294.53,1287.54,1280.76,1272.54,1264.29,1256.45,1249.23,1242.66,1232.58,1220.80,1208.97,1198.54,1189.57,1181.67,1174.40,1167.48,1162.26,1159.78,1159.09,1159.47,1160.41,1161.46,1162.57,1163.62,1164.35,1164.77,1165.01,1164.98,1164.51,1164.02,1163.47,1162.86,1162.27,1161.89,1161.59,1160.78,1159.20,1156.55,1153.66,1150.57,1147.25,1143.58,1139.57,1135.20,1130.37,1125.20,1120.30,1115.87,1112.08,1108.89,1106.41,1104.51,1102.52,1100.16,1097.50,1095.16,1092.23,1088.02,1082.62,1076.54,1070.42,1065.73,1061.79,1057.79,1053.66,1048.24,1041.73,1034.51,1027.55,1021.05,1014.16,1006.97,999.69,991.38,983.68,977.88,974.34,970.82,965.61,959.96,954.48,949.26,943.44,938.01,933.12,928.63,924.15,919.60,915.13,910.98,907.55,904.21,900.81,897.46,894.56,892.78,891.28,889.61,887.76,886.29,885.07,883.61,881.87,880.06,877.96,876.07,873.93,871.01,868.22,865.37,862.57,859.91,857.47,855.15,852.89,850.57,848.03,845.58,843.13,840.72,838.54,836.85,835.09,832.98,830.80,829.42,828.50,828.01,827.55,826.72,825.47,824.60,824.01,823.57,823.08,822.56,821.91,821.13,820.23,819.24,818.60,817.69,816.07,814.39,809.89,805.70,802.55,799.13,796.73,794.95,793.25,790.89,786.61,783.01,779.45,775.56,771.89,768.64,766.25,764.25,761.74,759.60,758.04,756.73,755.27,753.22,751.09,749.22,747.72,746.60,745.58,744.51,743.48,742.71,742.34,742.06,741.66,741.03,740.15,739.65,739.47,739.58
1608.63,1603.35,1597.91,1592.17,1586.44,1581.04,1576.10,1571.46,1567.00,1562.74,1558.78,1555.04,1551.41,1547.85,1544.16,1539.43,1532.51,1525.49,1519.34,1513.73,1509.11,1505.25,1501.80,1498.25,1494.43,1490.68,1486.84,1482.80,1478.83,1473.74,1469.06,1465.12,1461.19,1456.77,1451.08,1444.74,1438.68,1433.39,1428.38,1423.68,1419.11,1413.76,1407.74,1402.46,1398.84,1397.93,1398.19,1399.00,1400.02,1400.98,1401.07,1400.31,1398.88,1396.82,1393.97,1390.56,1387.05,1383.41,1379.34,1374.80,1370.73,1367.33,1364.61,1362.00,1358.81,1354.91,1350.06,1343.71,1337.40,1330.53,1322.93,1314.60,1306.43,1298.97,1292.08,1285.65,1279.34,1271.45,1263.20,1255.22,1247.99,1241.70,1231.41,1219.76,1208.61,1198.14,1189.42,1181.97,1174.85,1166.90,1160.24,1156.48,1154.70,1154.10,1154.01,1154.19,1154.74,1155.50,1155.80,1156.05,1156.24,1156.17,1155.65,1155.21,1155.16,1155.25,1155.28,1155.25,1154.58,1153.63,1152.39,1150.46,1147.91,1144.88,1141.64,1138.22,1134.01,1129.46,1124.75,1119.86,1114.77,1110.13,1106.36,1103.20,1100.42,1098.34,1096.73,1095.12,1093.16,1090.62,1087.31,1082.59,1076.88,1071.54,1066.88,1062.85,1059.00,1054.98,1050.88,1044.86,1038.09,1031.13,1024.07,1017.21,1010.28,1003.26,996.03,987.72,980.95,975.95,972.44,968.74,963.38,958.04,953.02,947.47,941.13,935.18,929.94,925.41,920.88,916.24,911.98,908.44,905.69,902.62,899.54,896.42,893.18,890.58,888.91,887.39,885.56,883.60,882.21,880.74,878.97,877.01,874.92,872.99,870.81,867.93,865.13,862.48,859.98,857.69,855.52,853.38,851.22,849.00,846.66,844.34,841.99,839.85,838.14,836.97,836.29,835.22,833.77,832.82,832.19,831.80,831.49,831.12,830.71,830.39,830.08,829.68,828.96,828.15,827.43,826.71,825.74,824.75,824.18,823.58,822.56,821.19,818.11,814.26,809.92,804.97,801.42,798.80,796.32,793.29,790.05,787.04,783.83,780.15,776.15,771.98,768.38,765.31,762.41,760.01,758.01,756.13,754.18,752.20,750.12,748.15,746.42,744.99,743.62,742.24,740.95,739.95,739.53,739.27,738.63,737.52,736.61,735.99,735.53,735.37
1606.07,1600.88,1596.12,1590.66,1584.95,1579.52,1574.55,1569.78,1565.12,1560.63,1556.55,1552.78,1549.03,1545.34,1541.25,1533.93,1526.74,1520.29,1514.68,1509.80,1505.87,1502.10,1498.23,1494.17,1489.87,1486.00,1481.69,1476.29,1470.71,1466.06,1461.75,1457.43,1452.94,1448.96,1444.58,1439.64,1434.26,1429.17,1424.16,1419.36,1414.59,1408.94,1402.59,1397.93,1395.16,1393.77,1393.76,1394.42,1395.23,1395.87,1395.84,1395.22,1393.93,1391.97,1389.46,1386.89,1384.35,1381.43,1377.55,1373.15,1369.58,1366.55,1363.80,1361.16,1358.01,1354.29,1349.46,1342.41,1335.26,1327.41,1319.08,1310.76,1303.51,1296.05,1289.34,1283.38,1276.80,1268.90,1260.72,1252.91,1245.93,1239.35,1229.36,1218.37,1207.89,1197.73,1189.44,1182.32,1175.28,1166.96,1159.60,1154.45,1151.11,1149.27,1148.35,1148.21,1148.40,1148.73,1149.07,1149.37,1149.55,1149.55,1149.32,1149.08,1149.08,1149.04,1148.87,1148.91,1148.13,1146.89,1145.32,1143.31,1141.22,1138.65,1135.70,1132.39,1128.50,1124.03,1119.30,1114.40,1109.41,1105.15,1101.76,1098.95,1096.48,1094.24,1092.71,1090.98,1088.35,1084.76,1080.98,1076.56,1071.60,1066.76,1063.01,1059.39,1055.62,1051.59,1047.22,1041.18,1034.43,1027.36,1020.01,1012.67,1005.83,999.24,992.25,984.29,978.53,974.18,970.34,966.26,961.15,956.10,950.94,944.50,937.79,931.70,926.33,921.62,917.14,913.14,909.76,906.97,904.25,901.17,898.16,895.18,892.09,889.50,887.61,885.90,884.02,881.94,880.30,878.84,877.24,875.15,872.96,870.85,868.70,866.24,863.17,860.74,858.65,856.68,854.64,852.63,850.72,848.90,847.21,845.89,844.22,842.50,841.14,840.52,840.23,839.86,839.34,838.94,838.69,838.52,838.25,837.71,837.12,836.90,836.72,836.33,835.63,834.85,834.12,833.32,832.16,830.91,829.85,828.79,827.51,826.08,824.05,821.54,818.60,815.13,810.90,806.22,801.50,796.92,791.96,788.63,786.08,783.65,780.92,778.23,773.38,767.92,765.66,763.04,760.41,758.10,756.26,754.41,752.25,750.28,748.51,746.46,744.17,741.81,739.75,738.57,738.05,737.50,736.60,735.27,733.71,732.65,731.82,731.17
1603.55,1598.63,1594.28,1588.88,1583.17,1577.91,1572.98,1568.14,1563.34,1558.70,1554.43,1550.54,1546.68,1542.42,1536.86,1528.31,1521.39,1515.66,1510.71,1506.45,1502.59,1498.37,1493.85,1489.38,1484.67,1480.23,1475.37,1469.60,1463.85,1459.38,1455.33,1451.26,1447.07,1443.40,1439.49,1435.10,1430.20,1425.36,1420.43,1415.54,1410.55,1404.76,1397.90,1393.29,1390.88,1389.28,1388.84,1389.05,1389.53,1389.95,1389.73,1389.23,1388.13,1386.34,1384.09,1381.94,1379.70,1376.93,1373.21,1369.38,1366.58,1364.12,1361.70,1359.63,1356.93,1353.68,1349.10,1341.52,1333.77,1324.87,1315.78,1307.61,1300.77,1293.31,1286.53,1280.52,1273.71,1265.78,1257.69,1250.13,1243.58,1236.90,1227.25,1216.95,1207.29,1197.48,1189.40,1182.36,1175.30,1166.87,1159.01,1152.89,1148.37,1145.41,1143.43,1142.68,1142.57,1142.84,1143.29,1143.69,1143.91,1143.91,1143.66,1143.38,1143.20,1142.93,1142.50,1142.20,1141.19,1139.81,1138.19,1136.24,1134.30,1131.88,1129.11,1126.08,1122.68,1118.52,1113.74,1108.64,1103.92,1100.02,1096.88,1094.25,1091.90,1089.56,1087.69,1085.53,1082.46,1078.58,1074.55,1070.25,1065.86,1061.98,1058.73,1055.40,1051.82,1047.86,1043.26,1037.14,1030.38,1023.20,1015.28,1008.15,1001.48,994.94,988.24,981.21,976.16,972.07,968.05,963.77,958.89,953.80,948.20,941.21,934.38,928.53,923.59,919.48,915.92,913.09,910.46,907.84,905.25,902.51,899.60,896.59,893.55,890.75,888.43,886.31,884.19,882.13,879.94,878.13,876.52,874.41,872.17,869.78,867.56,865.62,862.83,860.45,858.64,857.26,855.75,854.45,853.20,851.97,850.85,850.02,849.00,847.92,847.05,846.72,846.56,846.42,846.28,846.11,845.97,845.78,845.46,844.89,844.33,844.11,843.92,843.56,842.88,842.17,841.41,840.51,839.22,837.78,836.45,835.11,833.62,832.05,830.27,828.16,825.73,823.02,819.23,814.72,809.99,805.23,799.20,794.61,790.84,787.55,784.96,782.90,778.71,773.78,771.71,768.17,764.62,761.68,759.53,757.25,754.99,752.93,751.19,749.68,747.51,745.11,742.25,738.92,737.85,736.70,735.21,733.46,731.62,730.14,729.02,728.11
1601.01,1596.48,1592.25,1586.75,1581.10,1576.19,1571.39,1566.50,1561.65,1556.92,1552.40,1548.30,1544.22,1538.94,1531.21,1522.77,1516.53,1511.56,1507.32,1503.51,1499.16,1494.15,1488.91,1484.10,1479.07,1473.84,1468.50,1463.19,1458.34,1453.87,1449.99,1446.62,1443.30,1439.72,1435.54,1430.98,1426.39,1421.83,1417.03,1412.07,1406.88,1401.00,1393.64,1388.65,1386.11,1384.46,1383.46,1383.07,1383.12,1383.37,1382.92,1382.47,1381.51,1379.85,1377.72,1375.70,1373.27,1370.27,1366.74,1363.74,1361.82,1360.13,1358.43,1357.45,1355.52,1352.85,1348.60,1340.79,1332.70,1322.74,1312.93,1305.10,1298.20,1290.77,1283.72,1277.18,1270.19,1262.16,1254.21,1247.03,1240.99,1234.41,1225.12,1215.55,1206.78,1197.36,1189.32,1182.18,1175.05,1166.69,1158.57,1151.84,1146.51,1142.57,1139.26,1137.51,1137.04,1137.49,1138.04,1138.54,1138.82,1138.77,1138.29,1137.79,1137.28,1136.71,1136.02,1135.08,1133.73,1132.36,1130.96,1129.25,1127.31,1124.86,1122.21,1119.58,1116.66,1112.82,1107.99,1102.64,1098.32,1094.72,1091.71,1089.08,1086.68,1084.26,1081.78,1078.98,1075.70,1072.07,1068.06,1063.83,1059.90,1057.23,1054.18,1051.05,1047.73,1043.89,1039.13,1032.82,1025.98,1018.68,1010.20,1003.71,997.22,990.49,984.15,978.41,973.79,969.68,965.62,961.29,956.57,951.13,944.87,937.81,931.19,925.93,921.92,919.04,916.98,915.59,913.60,910.80,908.46,906.23,903.44,900.29,897.26,894.12,891.32,888.72,886.26,884.22,881.34,878.91,877.08,874.96,872.67,869.97,867.63,866.24,864.17,861.89,860.33,859.71,859.08,858.84,858.57,858.15,857.62,856.96,856.53,856.22,855.93,855.68,855.44,855.19,854.91,854.61,854.31,853.90,853.41,852.89,852.43,852.04,851.67,851.23,850.45,849.73,848.93,847.92,846.61,845.09,843.71,842.30,840.70,838.99,836.90,834.44,831.73,829.06,826.44,823.62,820.50,816.58,810.38,804.20,798.13,792.58,789.12,786.59,784.00,781.42,779.05,774.35,769.96,766.44,763.74,760.72,758.16,755.85,754.14,754.00,752.73,750.94,747.35,740.97,739.01,737.03,734.71,732.42,730.52,728.63,727.19,726.03
1598.20,1594.00,1589.41,1583.94,1578.69,1574.33,1569.70,1564.89,1560.07,1555.26,1550.43,1546.04,1540.88,1533.87,1524.64,1517.77,1512.56,1508.26,1504.51,1500.61,1495.41,1489.91,1484.51,1479.30,1474.07,1469.12,1464.26,1459.35,1454.47,1450.39,1446.88,1443.65,1440.17,1436.07,1431.76,1427.36,1422.87,1418.23,1413.28,1408.30,1403.09,1396.55,1390.05,1385.33,1382.19,1379.73,1378.18,1377.45,1377.09,1376.75,1376.10,1375.07,1373.39,1371.12,1368.74,1366.92,1364.57,1361.75,1358.89,1356.18,1354.78,1354.13,1353.99,1354.41,1353.24,1350.49,1346.04,1339.20,1331.11,1320.32,1310.19,1303.22,1295.97,1288.52,1281.05,1273.65,1266.19,1257.55,1250.18,1244.04,1238.23,1231.55,1222.94,1214.28,1206.25,1197.39,1189.39,1182.13,1174.99,1167.02,1159.28,1152.28,1146.38,1141.70,1136.61,1132.82,1131.25,1131.61,1131.90,1132.13,1132.26,1132.21,1131.87,1131.36,1130.59,1129.69,1128.65,1127.21,1125.64,1124.36,1123.32,1122.11,1120.74,1118.89,1116.75,1114.33,1110.96,1106.33,1101.35,1096.61,1092.70,1089.32,1086.34,1083.61,1081.02,1078.40,1075.58,1072.29,1068.44,1064.68,1061.32,1058.11,1055.13,1052.76,1049.96,1047.00,1043.78,1039.92,1034.96,1028.48,1021.24,1013.66,1006.16,999.47,992.87,986.46,980.82,975.90,971.47,967.31,963.22,958.82,954.07,947.87,940.83,935.14,929.66,925.63,922.93,921.32,920.05,919.23,917.88,915.78,913.72,911.45,908.60,905.44,902.57,899.98,897.62,895.19,892.52,889.87,886.85,884.07,881.55,878.79,876.21,873.56,871.36,870.12,868.96,867.96,867.35,867.21,867.37,867.73,868.42,869.35,870.24,870.49,870.63,870.77,870.83,870.59,870.24,869.66,868.83,867.87,866.95,866.00,865.04,864.07,862.84,861.60,860.36,859.01,857.27,855.98,854.97,854.05,852.98,851.72,850.47,849.17,847.73,846.30,844.15,841.58,838.89,836.30,833.56,830.47,827.18,823.66,819.14,814.16,808.81,803.31,798.48,793.04,788.06,783.80,780.27,776.89,773.91,771.28,768.88,766.11,762.10,758.67,756.90,757.34,756.54,754.32,750.66,745.84,743.21,740.37,737.42,734.70,732.26,729.79,727.25,724.70
1594.75,1590.63,1585.91,1580.84,1576.22,1572.32,1567.89,1563.28,1558.63,1553.86,1548.63,1543.41,1536.66,1528.23,1518.97,1513.57,1509.36,1505.67,1502.17,1497.84,1492.01,1486.24,1480.74,1475.14,1469.91,1465.24,1460.65,1455.79,1450.88,1447.19,1443.88,1440.44,1436.53,1432.24,1428.05,1423.85,1419.33,1414.55,1409.46,1404.51,1399.38,1392.62,1386.90,1382.25,1378.37,1375.18,1373.15,1372.03,1371.19,1370.22,1368.81,1366.82,1364.30,1361.53,1359.18,1357.81,1355.90,1353.58,1351.36,1348.97,1348.00,1348.15,1349.18,1350.55,1349.96,1347.29,1342.95,1337.08,1329.09,1317.92,1307.82,1301.52,1293.81,1286.32,1278.33,1269.81,1261.75,1253.07,1246.37,1241.06,1235.48,1228.56,1220.76,1213.14,1205.84,1197.56,1189.66,1182.31,1175.16,1167.72,1160.56,1153.42,1147.07,1141.87,1135.58,1129.94,1126.62,1125.75,1125.68,1125.54,1125.46,1125.35,1125.05,1124.55,1123.65,1122.64,1121.58,1120.07,1118.66,1117.63,1116.88,1116.03,1115.00,1113.38,1111.34,1108.84,1104.99,1099.90,1095.02,1090.89,1087.29,1083.94,1080.84,1077.91,1075.05,1072.06,1068.85,1065.28,1061.39,1057.81,1055.18,1052.86,1050.60,1048.38,1045.89,1042.98,1039.65,1035.70,1030.59,1024.06,1016.67,1009.06,1002.45,995.60,988.91,982.83,977.91,973.53,969.22,965.01,960.86,956.32,951.18,944.59,937.66,933.37,929.41,926.88,925.52,924.93,924.25,923.69,922.82,921.43,919.66,917.31,914.30,911.04,908.22,906.06,904.31,902.43,900.03,897.11,894.05,891.00,887.87,884.39,881.30,878.63,876.48,875.23,874.80,875.18,875.65,876.05,876.82,877.54,878.71,880.32,881.97,882.84,883.36,883.77,884.07,883.87,883.54,882.82,881.71,880.42,879.26,878.16,877.08,875.90,874.26,872.54,870.77,868.78,866.23,864.19,862.68,861.42,860.08,858.62,857.17,855.66,854.08,852.75,850.69,848.25,845.68,843.19,840.27,836.87,833.29,829.83,826.35,822.44,818.02,813.06,807.68,801.11,794.81,788.98,783.45,780.16,777.58,775.32,773.27,770.89,766.50,762.64,760.63,760.75,759.90,757.32,753.62,749.69,746.48,743.25,740.17,737.36,734.45,731.49,728.30,724.81
1590.20,1585.77,1581.44,1577.47,1573.77,1570.11,1565.92,1561.66,1557.42,1552.89,1547.15,1540.09,1531.13,1522.11,1515.31,1510.64,1507.27,1504.14,1500.48,1495.30,1489.39,1483.63,1477.93,1471.96,1467.08,1462.33,1457.24,1451.81,1447.19,1443.77,1440.27,1436.18,1431.68,1428.07,1424.43,1420.36,1415.66,1410.77,1405.66,1400.75,1395.87,1389.89,1384.35,1379.13,1374.41,1370.89,1368.58,1366.83,1365.41,1363.88,1360.69,1357.26,1353.94,1351.11,1349.52,1349.04,1348.16,1346.72,1344.92,1343.13,1342.54,1342.94,1344.12,1345.47,1345.09,1343.09,1339.63,1334.32,1326.45,1315.69,1306.08,1299.95,1291.66,1284.13,1275.43,1265.46,1256.63,1249.21,1243.22,1238.08,1232.81,1225.46,1218.60,1212.20,1205.71,1197.95,1190.24,1182.82,1175.71,1168.93,1162.44,1155.32,1148.65,1143.23,1137.02,1130.28,1124.24,1120.14,1119.65,1119.07,1118.73,1118.45,1117.86,1117.37,1116.55,1115.84,1115.38,1114.55,1114.00,1113.47,1112.85,1112.00,1110.65,1108.33,1105.51,1102.45,1098.37,1093.86,1089.59,1085.79,1082.27,1078.61,1075.18,1071.94,1068.66,1065.03,1061.21,1057.75,1054.90,1052.27,1050.26,1048.24,1046.09,1044.04,1041.99,1038.90,1035.14,1030.99,1025.86,1019.50,1012.53,1005.44,998.96,992.36,985.73,979.79,975.52,971.32,967.07,962.83,958.53,953.76,947.60,941.52,936.39,933.01,930.95,930.20,930.09,930.05,929.81,929.26,928.52,927.58,926.13,923.82,920.54,916.90,913.91,911.63,910.45,909.59,908.33,906.01,902.89,899.62,896.20,892.08,888.22,885.17,882.87,881.43,881.36,882.82,884.39,885.55,886.61,887.38,888.17,889.04,889.87,890.53,891.09,891.58,891.94,891.93,891.87,891.44,890.66,889.88,889.39,888.98,888.50,887.78,886.74,885.48,884.05,882.24,879.43,876.58,874.02,871.59,868.92,866.28,863.94,861.58,859.14,857.44,855.72,853.69,851.37,848.99,846.23,843.18,839.77,835.85,831.51,827.43,823.26,818.87,814.67,811.13,807.09,801.34,792.55,786.11,781.25,777.83,775.87,773.86,771.47,768.78,766.21,764.68,762.97,760.57,756.62,750.61,746.92,744.18,741.81,739.47,736.46,733.20,730.52,727.30
1585.91,1581.71,1577.93,1574.38,1570.85,1567.17,1563.25,1559.60,1555.88,1551.19,1543.77,1534.93,1525.73,1517.64,1512.25,1508.61,1505.80,1502.93,1499.18,1493.42,1487.45,1481.56,1475.68,1469.76,1464.90,1459.81,1454.32,1448.66,1443.61,1439.50,1435.59,1431.61,1427.70,1424.38,1420.57,1416.15,1411.18,1405.99,1401.09,1396.45,1391.88,1386.81,1381.50,1376.19,1371.34,1367.75,1365.06,1362.51,1360.07,1357.56,1353.80,1350.21,1347.06,1344.53,1343.05,1342.52,1341.80,1340.52,1338.60,1336.85,1336.64,1337.43,1338.78,1339.96,1339.83,1338.47,1335.86,1331.14,1322.88,1313.02,1304.34,1297.97,1289.56,1281.48,1272.07,1261.73,1253.62,1246.45,1240.82,1236.09,1231.03,1223.81,1217.62,1211.96,1206.07,1199.17,1191.91,1184.45,1177.13,1170.68,1164.53,1157.52,1150.62,1144.76,1138.90,1131.82,1124.91,1119.36,1116.35,1113.57,1111.69,1110.37,1109.13,1108.68,1108.33,1108.11,1108.01,1107.76,1107.53,1106.95,1106.10,1105.17,1103.71,1101.45,1098.70,1095.60,1091.85,1087.86,1084.04,1080.42,1076.63,1072.88,1069.15,1065.41,1061.61,1057.69,1054.10,1051.22,1049.15,1047.19,1045.46,1043.40,1041.03,1038.79,1036.39,1033.31,1029.70,1025.60,1020.69,1014.88,1008.61,1002.15,995.79,989.36,983.16,977.74,973.68,969.44,965.03,960.58,956.05,951.03,944.76,939.70,936.62,935.44,935.22,935.54,935.93,936.02,935.73,935.02,934.15,933.17,931.93,930.01,927.37,924.38,921.48,918.51,917.22,916.53,915.46,913.73,911.25,908.03,904.17,899.86,895.91,892.53,889.91,888.61,889.15,890.79,892.44,893.69,894.67,895.48,896.20,896.87,897.44,898.00,898.49,898.85,898.99,899.00,898.92,898.61,898.05,897.42,896.97,896.56,896.03,895.24,894.23,893.13,891.93,890.43,888.15,885.73,883.28,880.68,877.63,874.58,871.61,868.60,865.65,863.57,861.37,858.97,856.48,854.10,851.48,848.59,845.36,841.61,837.56,833.47,829.13,824.54,820.37,816.99,813.55,809.11,802.40,795.67,789.43,784.15,780.24,777.10,774.94,772.75,770.29,768.02,765.62,762.91,759.54,755.16,751.13,747.29,743.81,740.69,737.45,734.51,732.26,729.82
1582.03,1578.18,1574.84,1571.42,1567.81,1564.06,1560.46,1557.40,1553.99,1548.79,1539.30,1529.15,1520.57,1513.96,1509.59,1506.90,1504.47,1501.65,1497.73,1491.66,1485.71,1479.75,1473.78,1468.03,1463.04,1457.56,1451.71,1445.80,1440.15,1435.20,1430.90,1427.19,1424.01,1420.67,1416.48,1411.60,1406.35,1400.99,1396.39,1392.11,1387.88,1383.59,1378.47,1373.33,1368.70,1365.15,1361.96,1358.57,1355.02,1351.37,1347.45,1344.12,1341.41,1339.30,1337.79,1336.86,1335.82,1334.30,1332.17,1330.42,1330.55,1331.72,1333.28,1334.38,1334.48,1333.67,1331.74,1327.49,1318.88,1310.14,1302.46,1295.65,1287.43,1278.80,1268.98,1258.91,1251.90,1244.76,1239.34,1234.99,1230.13,1223.22,1217.45,1212.21,1206.80,1200.74,1194.01,1186.56,1179.03,1172.68,1166.72,1159.89,1152.83,1146.39,1140.87,1133.90,1127.00,1120.87,1115.25,1109.97,1106.05,1103.21,1101.09,1100.17,1099.97,1100.05,1100.22,1100.38,1100.25,1099.58,1098.54,1097.58,1096.11,1094.12,1091.67,1088.76,1085.60,1082.09,1078.60,1075.04,1070.89,1067.04,1063.00,1058.78,1054.59,1050.61,1047.46,1045.14,1043.53,1041.94,1040.24,1038.01,1035.36,1032.83,1030.03,1027.13,1023.89,1019.92,1015.36,1010.17,1004.61,998.74,992.54,986.32,980.71,975.90,971.89,967.47,962.85,958.19,953.49,948.42,942.74,939.04,938.00,939.10,940.39,941.41,941.98,941.97,941.49,940.64,939.61,938.50,937.41,935.99,934.19,932.04,929.46,925.98,924.47,923.69,922.58,921.33,919.60,916.62,912.48,908.05,903.92,900.10,897.12,895.94,896.94,898.38,899.75,900.89,901.78,902.74,903.61,904.33,904.88,905.35,905.75,905.92,905.80,905.77,905.57,905.25,904.80,904.14,903.48,902.83,902.06,901.06,899.94,898.86,897.77,896.53,894.86,893.10,891.09,888.68,885.68,882.59,879.21,875.71,872.39,869.89,867.09,864.23,861.49,858.99,856.42,853.62,850.54,847.13,843.66,839.69,835.15,830.23,825.75,821.62,818.06,814.87,811.31,805.48,798.81,792.20,786.23,781.42,778.44,776.08,773.62,770.52,767.63,764.72,762.16,760.16,756.27,751.50,746.68,742.19,738.33,735.79,733.91,732.23
1579.30,1575.57,1572.13,1568.57,1564.87,1561.22,1558.11,1555.22,1551.24,1544.60,1533.11,1523.38,1516.21,1511.12,1507.78,1505.27,1502.88,1499.69,1495.20,1489.45,1483.79,1478.14,1472.47,1466.81,1461.47,1455.84,1449.64,1442.96,1437.00,1431.88,1427.50,1423.73,1420.22,1416.30,1411.76,1406.66,1401.23,1396.50,1392.25,1388.32,1384.50,1380.29,1375.15,1370.52,1366.64,1363.10,1359.01,1354.89,1350.49,1345.68,1341.48,1338.34,1335.98,1334.25,1332.97,1331.55,1329.47,1327.10,1325.09,1324.02,1324.36,1325.63,1327.47,1329.07,1329.37,1328.69,1326.83,1322.53,1314.52,1307.11,1300.07,1292.61,1285.20,1276.62,1267.51,1258.87,1252.34,1245.75,1240.38,1235.94,1231.40,1224.79,1218.86,1213.47,1208.20,1202.63,1196.26,1189.06,1181.59,1175.01,1168.97,1162.50,1155.44,1148.19,1142.55,1136.45,1130.45,1124.78,1119.13,1112.44,1106.25,1101.24,1097.82,1094.37,1092.55,1092.01,1092.28,1092.36,1092.32,1092.03,1091.49,1090.68,1089.41,1087.46,1085.09,1082.58,1080.27,1077.17,1073.73,1069.98,1065.53,1061.33,1056.90,1052.49,1048.60,1044.97,1041.96,1039.47,1037.42,1035.44,1033.27,1030.76,1028.02,1025.36,1022.95,1020.64,1017.85,1014.08,1009.96,1005.22,1000.05,994.48,988.54,982.85,977.92,973.62,969.51,964.73,960.00,955.35,950.79,946.52,942.91,941.27,941.76,943.81,945.46,946.60,947.10,946.75,946.14,945.43,944.55,943.53,942.60,941.53,940.09,938.37,936.45,934.02,932.76,932.01,931.13,930.07,928.55,926.14,922.59,917.69,912.11,907.38,904.03,902.59,903.08,904.05,905.12,906.23,907.51,909.10,910.50,911.54,912.16,912.61,912.88,912.96,912.81,912.69,912.36,911.82,911.09,910.24,909.31,908.37,907.42,906.45,905.42,904.20,902.91,901.51,899.75,897.95,896.05,893.94,891.42,888.63,885.34,881.72,878.07,875.08,872.30,869.58,866.83,863.92,861.16,858.35,855.33,852.05,848.79,845.16,840.94,836.16,831.57,827.09,822.84,818.98,815.64,811.41,806.79,801.81,796.15,789.49,784.07,779.90,776.02,770.55,767.74,765.62,763.73,762.11,760.02,757.08,752.42,745.99,740.12,737.53,735.88,734.23
1577.32,1573.66,1570.03,1566.26,1562.42,1558.75,1555.76,1552.49,1546.44,1537.26,1526.61,1518.54,1512.75,1508.60,1505.77,1503.37,1500.40,1496.47,1491.53,1486.23,1480.70,1475.30,1470.02,1464.67,1459.38,1453.90,1447.84,1441.19,1435.24,1429.90,1425.25,1421.11,1416.94,1412.38,1407.46,1402.25,1396.89,1392.39,1388.41,1384.74,1381.10,1376.84,1372.09,1368.01,1364.54,1360.82,1355.82,1350.60,1345.36,1340.24,1336.00,1332.85,1330.41,1328.54,1327.09,1325.19,1322.53,1319.78,1317.95,1317.53,1318.09,1319.47,1321.49,1323.29,1323.72,1323.13,1321.38,1317.37,1310.48,1303.98,1297.29,1289.65,1282.88,1274.91,1266.86,1259.50,1253.39,1247.55,1242.49,1237.98,1233.34,1227.08,1220.97,1215.28,1209.93,1204.56,1198.68,1191.83,1184.38,1177.30,1170.78,1164.65,1157.97,1150.42,1144.49,1139.06,1133.91,1128.95,1123.75,1116.95,1109.61,1103.03,1098.35,1093.27,1089.70,1087.31,1085.85,1085.14,1084.88,1084.74,1084.53,1084.05,1083.19,1081.69,1079.82,1077.82,1075.84,1072.79,1069.10,1064.94,1060.32,1055.87,1051.35,1046.99,1043.29,1039.91,1036.91,1034.16,1031.57,1028.96,1026.20,1023.34,1020.49,1017.95,1016.01,1014.31,1012.06,1008.61,1004.63,999.99,995.07,990.00,984.70,979.60,975.08,970.91,966.62,961.88,957.41,953.08,949.06,946.37,944.99,945.21,946.83,949.20,951.02,952.24,952.76,952.42,951.97,951.39,950.59,949.58,948.64,947.58,946.27,944.78,943.29,941.64,940.52,939.65,938.75,937.74,936.27,934.10,930.94,926.18,920.38,915.19,911.21,909.09,909.04,909.81,910.84,912.10,913.83,915.73,917.27,918.36,919.04,919.42,919.65,919.75,919.70,919.52,919.19,918.60,917.80,916.88,915.81,914.66,913.44,912.18,910.92,909.47,907.96,906.39,904.51,902.64,900.77,898.81,896.56,893.88,890.74,887.26,883.58,880.14,876.96,873.99,871.19,868.39,865.78,862.92,859.83,856.64,853.50,850.19,846.32,841.77,837.07,832.29,827.58,823.23,819.77,816.21,812.35,808.12,803.21,797.09,790.81,785.28,780.11,773.79,769.69,767.20,765.47,763.93,762.57,760.61,756.75,750.67,744.65,741.01,738.35,736.12
1575.89,1572.28,1568.44,1564.45,1560.44,1556.56,1552.88,1548.62,1539.69,1527.76,1520.25,1514.61,1510.03,1506.28,1503.46,1501.03,1497.05,1492.17,1486.97,1482.10,1476.58,1471.38,1466.56,1461.68,1456.75,1451.65,1446.18,1440.28,1434.66,1429.11,1423.98,1419.21,1414.21,1409.00,1403.71,1398.45,1393.35,1388.64,1384.81,1381.28,1377.61,1373.28,1369.26,1365.68,1362.22,1358.09,1352.20,1345.71,1339.76,1335.04,1330.96,1327.62,1324.79,1322.39,1320.39,1318.05,1315.27,1312.60,1310.94,1310.99,1311.77,1313.23,1315.30,1317.05,1317.54,1317.06,1315.51,1312.11,1306.67,1300.72,1294.13,1286.81,1280.46,1273.53,1266.71,1260.40,1254.78,1249.80,1245.24,1240.71,1235.65,1229.74,1223.50,1217.47,1211.88,1206.54,1201.19,1194.76,1187.33,1179.61,1172.29,1166.46,1160.47,1153.13,1146.82,1141.80,1137.38,1133.18,1128.65,1122.79,1115.40,1107.92,1102.09,1096.28,1091.06,1085.91,1081.19,1079.08,1078.16,1077.82,1077.76,1077.76,1077.45,1076.73,1075.66,1074.16,1072.03,1068.72,1064.58,1059.91,1055.22,1050.66,1046.28,1042.16,1038.52,1035.27,1032.22,1029.19,1026.05,1022.70,1019.29,1016.05,1013.16,1010.94,1009.47,1008.30,1006.55,1003.41,999.32,994.52,989.81,985.41,980.98,976.46,972.11,967.81,963.33,959.01,955.22,951.64,948.66,948.04,948.83,950.62,952.99,955.25,957.15,958.45,959.08,959.02,958.94,958.42,957.57,956.50,955.42,954.15,952.80,951.43,950.12,948.87,947.74,946.58,945.38,944.33,942.79,940.58,937.56,933.42,928.49,923.25,918.56,915.55,915.06,915.88,917.14,918.68,920.83,922.67,923.98,924.89,925.58,925.90,926.14,926.36,926.46,926.26,926.01,925.54,924.84,923.97,922.88,921.61,920.11,918.32,916.60,914.83,913.08,911.29,909.31,907.41,905.50,903.50,901.31,898.57,895.58,892.41,888.96,885.17,881.23,877.64,874.67,872.40,870.16,867.28,864.06,860.97,857.89,854.81,851.27,847.01,842.23,837.22,832.27,827.72,823.96,820.20,815.92,811.51,807.41,803.60,797.94,791.74,785.67,779.89,773.62,769.71,767.56,765.86,764.21,762.32,759.59,755.72,751.16,745.90,741.38,738.08
1574.24,1570.62,1566.84,1562.92,1558.89,1554.00,1546.05,1539.18,1531.05,1522.24,1516.48,1511.60,1507.37,1503.67,1500.46,1497.09,1492.76,1487.83,1482.56,1477.31,1472.23,1467.58,1463.12,1458.32,1453.42,1448.82,1444.00,1438.73,1433.92,1428.66,1423.17,1417.66,1412.30,1406.68,1401.13,1395.73,1390.47,1385.33,1381.26,1377.59,1373.90,1369.96,1366.39,1362.77,1358.70,1353.49,1346.81,1340.40,1334.80,1330.23,1326.25,1322.81,1319.88,1317.38,1314.94,1312.34,1309.57,1306.99,1305.23,1304.90,1305.37,1306.64,1308.66,1310.54,1311.16,1310.84,1309.58,1306.78,1302.28,1296.71,1290.43,1283.73,1277.78,1271.67,1265.70,1260.21,1255.64,1251.25,1246.89,1242.37,1237.36,1231.42,1225.30,1219.38,1213.83,1208.61,1203.44,1197.37,1190.26,1182.39,1174.63,1168.68,1163.23,1156.99,1150.44,1145.50,1141.32,1137.37,1133.27,1128.20,1121.54,1114.16,1107.33,1101.01,1094.81,1087.72,1080.31,1076.47,1073.59,1072.25,1072.25,1072.72,1072.85,1072.44,1071.53,1069.90,1067.27,1063.69,1059.51,1054.92,1050.22,1045.67,1041.42,1037.49,1033.93,1030.74,1027.70,1024.59,1021.25,1017.57,1013.70,1010.46,1008.04,1006.35,1005.03,1003.59,1001.31,997.60,993.49,989.19,985.03,980.98,976.62,972.34,968.21,964.20,960.26,956.40,954.24,952.94,952.15,952.73,954.73,957.36,960.13,962.54,964.50,965.75,966.35,966.32,966.16,965.38,964.29,963.12,962.06,960.92,959.75,958.58,957.41,956.29,954.92,953.27,951.51,950.38,948.72,946.46,943.47,939.34,934.54,929.67,925.35,922.48,922.04,923.12,924.65,926.35,928.35,929.85,930.92,931.69,932.25,932.61,932.96,933.20,933.20,932.95,932.64,932.10,931.32,930.46,929.47,928.29,926.92,925.25,923.29,921.19,918.95,916.63,914.53,912.48,910.35,908.13,905.81,903.07,900.18,897.16,893.91,890.39,886.21,882.02,878.32,875.69,873.30,870.72,867.94,865.02,862.07,859.04,855.62,851.65,847.26,842.13,837.03,832.19,827.64,823.77,819.74,815.37,810.79,806.64,801.49,796.11,790.79,785.26,779.56,774.57,770.61,768.05,766.28,764.33,761.84,758.62,754.71,750.21,745.64,741.39
1572.41,1568.46,1564.50,1560.22,1555.31,1548.74,1538.39,1530.37,1523.80,1518.17,1513.50,1508.90,1504.74,1500.96,1497.33,1493.11,1488.56,1483.56,1478.08,1472.68,1468.16,1463.86,1459.42,1454.59,1449.96,1445.86,1441.62,1436.88,1432.63,1427.57,1421.86,1415.86,1410.15,1404.25,1398.63,1393.16,1387.60,1382.05,1377.72,1373.92,1370.25,1366.68,1363.25,1359.26,1354.40,1348.25,1341.30,1335.36,1330.33,1325.93,1321.93,1318.45,1315.47,1312.79,1309.93,1307.04,1304.23,1301.67,1299.74,1298.95,1299.20,1300.35,1302.27,1304.22,1305.01,1304.84,1303.77,1301.41,1297.57,1292.29,1286.27,1280.07,1274.19,1268.63,1263.36,1258.63,1254.97,1251.22,1247.22,1242.92,1238.09,1232.14,1226.29,1220.72,1215.46,1210.55,1205.57,1199.87,1193.23,1185.50,1177.63,1171.53,1166.37,1161.00,1154.58,1149.65,1145.48,1141.60,1137.70,1133.13,1127.20,1120.22,1112.82,1105.86,1098.87,1090.78,1081.94,1075.95,1070.99,1068.16,1067.38,1067.84,1068.03,1067.64,1066.64,1064.82,1061.94,1058.30,1054.21,1049.78,1045.19,1040.77,1036.69,1032.97,1029.65,1026.59,1023.52,1020.28,1016.76,1012.88,1008.71,1005.45,1003.30,1001.82,1000.37,998.49,995.72,991.74,987.74,983.97,980.27,976.44,972.17,968.08,964.33,960.93,957.97,955.24,954.75,955.42,956.59,958.40,961.33,964.58,967.66,970.14,972.06,973.22,973.73,973.65,973.37,972.29,970.94,969.65,968.54,967.39,966.27,965.17,964.04,962.92,961.37,959.42,957.35,956.05,954.28,951.99,949.01,944.93,940.11,935.65,932.00,929.82,929.80,931.06,932.64,934.25,935.95,937.12,937.99,938.66,939.17,939.61,940.03,940.26,940.14,939.78,939.33,938.66,937.78,936.90,935.96,934.77,933.38,931.81,929.81,927.63,925.22,922.69,920.55,918.19,915.62,913.01,910.55,907.71,904.77,901.77,898.67,895.51,891.38,886.84,882.45,879.10,876.26,873.81,871.43,868.76,865.99,862.96,859.62,855.90,851.79,846.84,841.78,836.71,831.44,827.14,823.26,819.08,814.21,809.31,804.34,799.61,794.97,789.78,784.89,779.45,774.32,770.89,768.55,766.25,763.64,760.50,756.66,752.98,748.79,744.14
1570.33,1565.39,1560.63,1554.91,1547.32,1537.99,1530.76,1525.33,1520.27,1515.33,1511.06,1506.45,1502.16,1498.15,1494.17,1489.78,1485.02,1479.47,1473.42,1468.70,1464.79,1460.26,1455.13,1450.25,1446.50,1442.91,1439.01,1434.68,1430.25,1424.99,1419.30,1413.35,1407.13,1401.14,1395.78,1390.45,1384.45,1378.68,1374.22,1370.39,1366.80,1363.38,1359.60,1354.78,1348.97,1342.51,1336.31,1331.08,1326.59,1322.54,1318.27,1314.86,1311.74,1308.58,1305.25,1302.00,1298.94,1296.19,1294.12,1293.09,1293.53,1294.83,1296.63,1298.41,1299.39,1299.36,1298.30,1296.03,1292.53,1287.37,1281.42,1275.27,1268.86,1263.33,1258.61,1254.63,1251.37,1248.48,1245.32,1241.62,1237.02,1231.28,1225.93,1221.00,1216.42,1212.17,1207.56,1202.33,1196.29,1189.08,1181.61,1175.51,1170.18,1164.83,1159.22,1154.28,1149.92,1145.93,1141.90,1137.26,1131.68,1125.31,1118.21,1110.21,1102.51,1095.00,1087.17,1078.23,1071.57,1066.56,1063.27,1062.71,1062.30,1061.48,1060.16,1058.25,1055.84,1052.54,1048.64,1044.36,1040.05,1035.96,1032.13,1028.71,1025.93,1023.15,1019.99,1016.45,1012.59,1008.60,1004.40,1000.95,998.38,996.36,994.30,991.98,989.28,986.03,982.37,978.89,975.35,971.63,967.85,964.02,960.87,958.55,957.23,957.00,957.77,959.16,961.28,964.75,968.45,972.18,975.57,977.83,979.54,980.54,980.90,980.70,980.46,979.14,977.57,976.13,974.73,973.14,971.68,970.36,969.03,967.81,966.29,964.57,962.79,961.18,959.37,957.05,954.11,950.45,945.63,941.43,938.61,937.83,938.74,939.97,941.08,942.12,943.48,944.47,945.22,945.87,946.51,947.10,947.47,947.63,947.51,946.93,946.24,945.39,944.43,943.51,942.48,940.92,939.07,937.25,935.52,933.82,932.00,930.05,928.07,925.09,921.68,918.42,915.87,912.70,909.43,906.25,903.22,900.36,896.65,892.25,887.50,883.09,879.37,876.59,874.30,871.99,869.48,866.44,863.15,859.59,855.37,851.14,846.49,841.32,835.70,830.29,826.03,822.24,818.08,812.74,807.34,802.20,797.39,792.88,788.04,783.36,778.98,774.94,771.01,767.86,764.81,761.23,756.64,752.79,749.11,745.10
1564.51,1559.21,1553.39,1546.66,1539.14,1531.51,1526.15,1521.83,1517.59,1513.19,1508.75,1504.01,1499.55,1495.38,1491.26,1486.80,1481.60,1475.83,1470.03,1465.65,1461.24,1456.09,1450.75,1446.47,1443.07,1439.66,1435.82,1431.36,1426.71,1421.60,1416.11,1410.18,1403.68,1398.08,1392.71,1387.06,1380.86,1375.14,1370.82,1367.10,1363.50,1359.73,1355.36,1350.02,1344.01,1338.00,1332.48,1327.85,1323.62,1319.41,1315.04,1311.44,1308.08,1304.61,1300.71,1296.94,1293.50,1290.43,1287.97,1286.67,1286.91,1288.25,1290.30,1292.14,1293.14,1293.15,1292.20,1290.12,1286.56,1281.48,1275.24,1268.22,1261.90,1256.76,1252.68,1249.42,1246.52,1244.02,1241.34,1238.12,1234.01,1229.34,1224.72,1220.46,1216.62,1212.86,1208.88,1204.14,1198.56,1192.12,1185.45,1179.43,1173.91,1168.62,1163.36,1158.45,1153.93,1149.68,1145.30,1140.28,1134.48,1128.16,1121.46,1113.69,1105.68,1098.03,1090.52,1081.54,1073.73,1066.85,1061.26,1058.27,1055.97,1054.70,1053.68,1052.09,1049.93,1046.65,1042.90,1039.01,1035.16,1031.61,1028.19,1025.00,1022.16,1019.01,1015.49,1011.48,1007.08,1002.86,998.60,995.35,993.12,991.24,989.46,987.22,984.63,981.88,978.98,975.66,972.20,968.76,965.48,962.68,960.59,959.38,959.37,959.99,961.49,963.55,966.41,971.19,975.50,979.33,982.60,984.81,986.39,987.28,987.62,987.49,987.36,986.25,984.83,983.36,981.62,979.62,977.69,975.90,974.27,972.85,971.28,969.58,967.78,965.85,963.76,961.27,958.33,954.88,950.61,947.15,945.08,944.82,945.55,946.55,947.50,948.36,949.39,950.06,950.60,951.13,951.66,952.09,952.34,952.45,952.39,951.94,951.51,951.03,950.51,949.95,949.34,948.10,946.45,944.64,942.78,940.70,938.41,936.04,933.85,931.02,927.92,924.85,922.03,918.48,914.81,911.21,907.78,904.68,901.22,897.20,892.62,887.71,883.46,879.82,876.82,874.53,872.07,869.29,866.16,862.61,858.59,854.55,850.19,845.29,839.54,833.82,828.96,824.79,820.84,815.86,810.52,805.16,800.01,795.36,790.64,786.23,782.02,777.80,773.45,769.63,765.87,761.64,756.54,752.20,748.47,744.88
1557.53,1551.91,1545.16,1538.01,1531.73,1527.03,1522.88,1519.02,1515.22,1511.17,1506.37,1501.43,1496.78,1492.46,1488.33,1483.86,1478.22,1472.39,1467.09,1462.80,1457.51,1451.81,1446.59,1442.97,1439.67,1436.30,1432.38,1427.66,1422.83,1417.94,1412.63,1406.69,1400.20,1395.10,1389.52,1383.41,1377.35,1371.80,1367.59,1363.92,1360.25,1356.04,1351.01,1345.33,1339.48,1334.14,1329.28,1325.14,1321.00,1316.38,1311.99,1308.16,1304.56,1300.81,1296.38,1292.14,1288.32,1284.85,1281.86,1280.19,1280.07,1281.26,1283.42,1285.26,1286.14,1286.13,1285.35,1283.49,1279.80,1274.81,1268.38,1260.73,1254.84,1250.13,1246.45,1243.60,1240.96,1238.73,1236.42,1233.67,1230.20,1226.80,1222.93,1219.31,1216.21,1212.95,1209.62,1205.39,1200.24,1194.59,1188.80,1183.01,1177.43,1172.18,1166.96,1162.04,1157.35,1152.78,1147.96,1142.47,1136.27,1129.81,1123.45,1116.32,1108.28,1100.39,1092.99,1085.03,1076.42,1068.05,1060.61,1055.10,1050.68,1048.52,1047.42,1046.11,1044.01,1040.67,1037.10,1033.68,1030.24,1027.19,1024.11,1021.00,1017.96,1014.54,1010.66,1006.28,1001.51,997.18,993.08,990.29,988.63,987.09,985.82,983.75,981.24,978.83,976.75,973.68,970.42,967.40,964.79,963.25,962.33,962.12,963.02,963.76,965.65,968.31,971.93,977.67,982.37,986.13,989.14,991.37,992.86,993.69,994.04,994.03,994.00,993.24,992.10,990.69,988.75,986.52,984.20,981.94,979.95,978.25,976.46,974.58,972.62,970.41,967.95,965.25,962.28,959.00,955.43,952.71,951.19,951.06,951.27,952.01,952.89,953.74,954.50,954.90,955.25,955.63,956.00,956.21,956.41,956.57,956.66,956.49,956.42,956.42,956.39,956.22,956.09,955.37,954.11,952.46,950.47,947.84,944.86,941.85,939.37,936.78,934.11,931.33,928.25,924.40,920.37,916.34,912.42,908.86,905.46,901.81,897.58,892.54,887.92,883.37,879.40,876.77,874.26,871.75,868.82,865.31,861.53,857.44,853.30,848.78,843.16,837.42,831.91,827.07,823.06,818.68,813.62,808.22,802.75,797.57,792.92,788.55,784.28,780.04,775.72,771.38,766.80,761.77,756.34,751.53,747.62,744.31
1551.79,1545.01,1538.27,1532.46,1527.71,1523.97,1520.25,1516.60,1512.78,1508.49,1503.40,1498.25,1493.32,1488.85,1484.89,1480.55,1474.78,1469.03,1463.97,1459.21,1453.39,1448.01,1443.45,1439.73,1436.37,1432.93,1428.94,1424.16,1419.35,1414.46,1408.96,1402.98,1397.34,1392.33,1386.16,1379.84,1374.83,1369.54,1364.95,1360.84,1356.94,1352.77,1347.21,1341.45,1335.97,1331.00,1326.80,1322.92,1318.51,1313.28,1308.91,1305.19,1301.45,1297.31,1292.69,1288.45,1284.47,1280.52,1276.69,1274.42,1273.74,1274.18,1275.42,1276.63,1277.05,1276.97,1276.38,1274.75,1271.19,1266.40,1260.91,1255.11,1249.94,1245.23,1240.92,1237.18,1234.50,1232.75,1230.94,1228.79,1226.25,1223.53,1220.19,1217.06,1214.52,1212.01,1209.07,1205.31,1200.75,1195.55,1190.37,1185.32,1180.24,1174.89,1169.16,1163.97,1159.01,1154.05,1148.86,1143.04,1136.63,1130.03,1123.66,1116.80,1109.24,1101.80,1094.80,1087.61,1078.77,1069.99,1062.20,1056.11,1050.68,1045.73,1042.07,1040.23,1037.74,1034.53,1031.36,1028.32,1024.79,1021.82,1018.43,1014.92,1012.11,1009.79,1006.11,1001.91,997.88,994.09,991.18,989.25,987.91,986.34,985.07,982.80,980.13,977.86,976.06,973.90,971.45,969.11,967.84,967.27,967.22,967.58,968.29,968.74,970.44,973.59,978.33,984.16,988.70,992.26,995.10,997.30,998.85,999.67,1000.00,999.99,999.94,999.25,998.31,997.22,995.77,993.95,991.79,989.45,987.13,984.83,982.27,979.81,977.61,975.30,972.45,969.49,966.58,963.60,960.44,957.78,956.11,955.86,955.94,956.50,957.30,958.18,958.94,959.49,959.87,960.16,960.49,960.75,961.34,961.97,962.40,962.52,962.54,962.56,962.46,962.00,961.85,961.28,960.25,958.87,957.37,954.96,952.11,949.19,946.63,943.31,939.78,936.41,933.38,929.57,925.51,921.41,917.32,913.35,909.52,905.72,901.72,897.15,892.35,887.47,882.84,878.98,876.24,873.66,870.91,867.75,863.82,859.69,855.56,851.31,846.50,840.70,834.62,829.16,824.86,820.75,816.07,811.05,805.63,799.66,794.80,790.29,785.93,781.76,777.40,772.79,767.39,761.26,755.89,751.22,747.43,744.22
1547.12,1539.99,1533.63,1528.85,1524.97,1521.42,1517.64,1513.85,1509.56,1504.67,1499.38,1494.14,1489.18,1484.75,1480.96,1476.79,1471.35,1465.81,1460.66,1455.36,1449.68,1444.67,1440.38,1436.51,1433.04,1429.43,1425.26,1420.39,1415.67,1410.79,1405.32,1399.56,1394.50,1389.13,1382.90,1376.94,1372.48,1367.39,1362.61,1358.23,1354.07,1349.49,1343.77,1338.27,1333.28,1328.67,1324.86,1320.90,1316.17,1310.68,1306.45,1302.73,1298.78,1294.35,1289.63,1285.44,1281.33,1276.97,1272.45,1269.63,1268.44,1268.12,1268.35,1268.80,1268.73,1268.19,1267.18,1265.33,1261.85,1257.85,1253.68,1249.32,1244.66,1239.61,1234.57,1230.20,1227.79,1226.27,1224.71,1222.94,1220.97,1218.85,1216.28,1213.71,1211.44,1209.42,1206.80,1203.54,1199.67,1195.11,1190.47,1185.85,1180.98,1175.58,1169.80,1164.51,1159.35,1154.11,1148.66,1142.72,1136.26,1129.59,1123.13,1116.59,1109.57,1102.55,1095.82,1089.17,1080.37,1071.52,1063.67,1057.48,1051.75,1045.07,1039.14,1035.63,1032.46,1029.38,1026.44,1023.48,1019.98,1016.88,1013.55,1010.27,1007.78,1005.97,1002.95,999.72,997.01,994.48,992.45,991.04,989.93,988.43,987.08,984.87,982.26,979.94,977.93,976.15,974.40,972.91,972.50,972.48,972.79,973.26,973.74,974.12,975.96,979.50,984.70,990.21,994.49,997.87,1000.61,1002.80,1004.54,1005.49,1005.88,1005.92,1005.84,1005.23,1004.39,1003.44,1002.27,1000.71,998.80,996.66,994.38,991.91,988.90,985.79,982.96,980.45,977.57,974.62,971.73,968.91,966.21,963.95,962.46,962.11,962.05,962.39,962.96,963.63,964.26,964.88,965.33,965.63,965.85,966.17,966.85,967.60,968.14,968.35,968.38,968.33,968.11,967.48,967.13,966.46,965.40,964.01,962.63,960.51,957.99,955.33,952.72,949.31,945.63,941.99,938.52,934.76,930.57,926.24,922.00,917.87,913.76,909.72,905.63,901.26,896.49,891.41,886.30,881.64,878.20,875.36,872.68,869.75,865.95,861.88,857.80,853.74,849.44,843.73,837.31,831.32,826.57,822.47,818.01,813.25,807.94,801.53,796.43,791.85,787.48,783.28,778.88,774.00,768.05,761.22,755.79,751.19,747.43,744.22
1543.46,1536.77,1531.05,1526.79,1523.07,1519.19,1514.98,1510.66,1505.56,1499.84,1494.45,1489.24,1484.51,1480.34,1476.70,1472.69,1467.90,1462.68,1457.17,1451.40,1446.43,1441.76,1437.27,1433.25,1429.64,1425.81,1421.39,1416.36,1411.80,1406.96,1401.75,1396.45,1391.57,1385.57,1379.82,1374.72,1370.25,1365.28,1360.52,1356.08,1351.63,1346.18,1340.68,1335.74,1331.31,1327.11,1323.45,1319.12,1314.03,1308.64,1304.63,1300.78,1296.58,1291.95,1287.21,1283.02,1278.78,1274.13,1269.12,1265.76,1264.08,1263.01,1262.19,1261.81,1261.21,1259.94,1258.05,1255.63,1252.26,1249.54,1246.82,1243.17,1238.64,1232.97,1227.24,1222.61,1220.77,1219.24,1217.69,1216.03,1214.26,1212.67,1211.05,1209.10,1206.85,1205.02,1202.67,1199.95,1196.87,1193.17,1189.05,1184.53,1179.58,1174.17,1168.86,1163.66,1158.39,1152.98,1147.45,1141.58,1135.22,1128.58,1121.99,1115.84,1109.36,1102.69,1096.09,1089.78,1081.20,1072.48,1064.75,1058.76,1053.32,1046.19,1038.68,1032.63,1028.59,1025.53,1022.58,1019.44,1016.19,1012.87,1010.00,1007.58,1005.50,1003.60,1001.62,999.96,998.90,998.10,996.57,995.33,994.40,993.04,991.59,989.63,987.32,984.84,982.36,980.45,979.23,978.67,978.54,978.66,978.84,979.04,979.33,979.86,982.15,985.95,990.88,995.75,999.71,1002.96,1005.65,1007.90,1009.91,1011.10,1011.67,1011.83,1011.72,1011.21,1010.43,1009.42,1008.22,1006.73,1005.08,1003.33,1001.42,999.21,996.11,992.46,988.73,985.86,983.25,980.54,977.68,974.86,972.67,971.14,970.17,969.74,969.51,969.60,969.81,970.06,970.42,970.98,971.52,971.88,971.94,972.26,972.71,973.20,973.62,973.74,973.70,973.56,973.26,972.64,971.96,971.00,969.70,968.06,966.39,964.51,962.42,960.08,957.40,954.53,951.46,947.95,943.65,939.91,935.47,930.78,926.36,922.26,918.07,913.75,909.31,904.78,900.23,895.06,889.65,884.65,880.13,876.89,874.13,871.30,867.92,864.04,860.06,856.10,851.91,846.41,839.90,833.52,828.21,823.90,819.48,814.82,809.61,803.17,797.83,793.24,788.96,784.63,780.18,775.06,768.80,761.70,756.04,751.38,747.56,744.24
1540.43,1533.55,1528.41,1524.21,1520.37,1516.49,1512.13,1506.88,1501.13,1495.27,1489.84,1484.66,1480.42,1476.80,1473.24,1469.16,1464.36,1459.08,1453.55,1448.26,1443.55,1438.78,1434.01,1429.82,1426.09,1422.19,1417.73,1412.69,1408.22,1403.51,1398.53,1393.38,1388.17,1382.48,1377.40,1372.88,1368.51,1363.65,1358.75,1354.01,1349.16,1343.12,1338.12,1333.70,1329.65,1326.00,1322.54,1317.96,1312.72,1307.54,1303.38,1299.24,1294.92,1290.34,1285.40,1280.92,1276.59,1271.95,1266.77,1262.34,1259.73,1257.55,1255.31,1253.87,1252.65,1251.38,1249.91,1248.02,1245.66,1243.35,1240.54,1236.49,1231.10,1224.69,1218.61,1213.99,1212.28,1210.94,1209.34,1207.53,1205.79,1204.47,1203.22,1201.63,1199.61,1197.66,1195.45,1193.39,1191.31,1188.49,1184.90,1180.66,1175.95,1170.91,1166.10,1161.05,1155.70,1150.22,1145.03,1139.34,1133.24,1126.85,1120.38,1114.60,1108.50,1102.19,1095.88,1089.73,1081.30,1072.62,1064.89,1059.12,1054.16,1047.69,1040.29,1033.23,1028.37,1024.75,1021.48,1018.38,1015.69,1013.00,1010.66,1008.78,1007.45,1006.42,1005.11,1004.00,1003.42,1002.88,1001.81,1000.88,1000.04,998.69,996.95,994.71,992.38,990.42,988.77,987.56,986.79,986.41,986.20,986.11,986.01,985.92,985.92,986.37,988.54,992.08,996.51,1000.41,1003.88,1007.09,1010.08,1012.71,1014.90,1016.26,1016.96,1017.14,1017.11,1016.72,1016.12,1015.25,1013.88,1012.30,1010.59,1008.81,1006.91,1004.84,1002.03,998.72,995.12,991.58,988.84,986.23,983.55,980.95,978.93,977.56,976.65,976.13,975.75,975.67,975.72,975.80,975.95,976.44,976.82,976.98,976.96,977.10,977.26,977.53,977.89,977.98,977.88,977.70,977.43,976.89,976.20,975.17,973.80,972.08,970.27,968.26,966.07,963.65,960.92,958.11,955.14,951.80,947.78,943.78,939.44,934.74,929.86,925.48,921.11,916.66,912.12,907.51,902.87,897.71,892.29,886.97,881.90,878.24,875.27,872.51,869.46,865.79,861.99,858.06,853.55,848.10,841.73,835.34,829.73,825.02,820.45,815.79,810.71,804.56,798.97,794.31,790.10,785.74,781.24,775.98,769.56,762.32,756.46,751.60,747.60,744.11
1537.11,1530.27,1525.60,1521.49,1517.58,1513.70,1509.08,1503.08,1496.91,1491.07,1485.67,1480.72,1476.94,1473.66,1470.02,1465.78,1460.87,1455.60,1450.30,1445.57,1440.90,1435.89,1430.82,1426.37,1422.48,1418.57,1414.21,1409.38,1405.03,1400.40,1395.57,1390.52,1385.18,1379.97,1375.37,1371.14,1366.90,1362.23,1357.16,1352.08,1346.83,1340.63,1336.06,1332.04,1328.27,1325.03,1321.73,1317.01,1311.72,1306.76,1302.44,1298.11,1293.81,1289.31,1284.10,1279.21,1274.68,1269.91,1264.32,1259.12,1255.57,1252.27,1248.78,1246.45,1244.70,1243.49,1242.42,1240.84,1239.24,1237.09,1233.96,1229.33,1223.39,1216.75,1210.67,1206.17,1204.41,1203.12,1201.49,1199.59,1197.84,1196.56,1195.37,1193.91,1192.06,1190.01,1187.94,1186.33,1184.88,1182.64,1179.63,1175.81,1171.52,1167.02,1162.63,1157.70,1152.39,1147.03,1142.14,1136.57,1130.76,1124.79,1118.62,1113.13,1107.31,1101.30,1095.27,1089.13,1080.78,1072.22,1064.64,1059.12,1054.57,1048.89,1041.98,1034.56,1029.07,1025.00,1021.61,1018.80,1016.87,1014.98,1013.26,1011.89,1011.17,1010.87,1009.94,1009.06,1008.63,1008.06,1007.36,1006.67,1005.85,1004.49,1002.63,1000.17,997.78,996.14,995.21,994.55,994.05,993.69,993.40,993.13,992.87,992.63,992.51,992.88,994.66,997.64,1001.41,1004.55,1007.75,1011.09,1014.38,1017.22,1019.39,1020.79,1021.54,1021.73,1021.75,1021.46,1021.01,1020.31,1018.97,1017.37,1015.58,1013.66,1011.69,1009.73,1007.31,1004.53,1001.33,997.42,994.45,991.84,989.31,986.95,985.03,983.71,982.84,982.28,981.80,981.57,981.47,981.43,981.41,981.75,981.90,981.85,981.77,981.77,981.78,981.94,982.27,982.39,982.25,982.06,981.83,981.31,980.63,979.54,978.08,976.25,974.30,972.06,969.58,966.90,964.07,961.12,958.02,954.71,951.04,946.88,942.68,938.09,932.91,928.16,923.50,918.85,914.20,909.50,904.67,899.54,894.18,888.72,883.41,879.38,876.19,873.46,870.63,867.12,863.45,859.49,854.65,849.20,843.00,836.76,831.08,826.02,821.22,816.47,811.45,805.58,799.85,795.15,790.99,786.57,782.00,776.72,770.36,763.13,757.01,751.98,747.75,743.99
1532.73,1526.84,1522.44,1518.67,1515.02,1511.01,1505.65,1499.55,1493.40,1487.55,1482.35,1478.11,1474.51,1470.97,1466.92,1462.41,1457.59,1452.70,1447.96,1443.50,1438.61,1433.27,1427.83,1422.97,1418.83,1414.93,1410.94,1406.72,1402.56,1397.93,1393.07,1388.17,1383.41,1378.56,1373.88,1369.48,1365.34,1361.06,1355.89,1350.39,1344.85,1339.34,1334.90,1330.96,1327.35,1324.16,1320.91,1316.20,1311.00,1306.24,1301.95,1297.77,1293.65,1289.23,1283.68,1278.25,1273.29,1267.85,1261.10,1256.08,1251.88,1247.63,1243.45,1240.72,1238.70,1237.33,1235.96,1233.53,1231.64,1229.56,1226.33,1221.36,1216.17,1210.46,1205.04,1200.74,1198.75,1197.11,1195.50,1193.81,1192.05,1190.44,1188.86,1187.14,1185.23,1183.28,1181.45,1179.71,1177.87,1175.58,1173.20,1170.02,1166.41,1162.66,1158.49,1153.55,1148.54,1143.70,1138.78,1133.11,1127.65,1122.32,1116.74,1111.42,1105.70,1099.85,1093.97,1087.63,1079.18,1070.98,1064.01,1058.72,1054.38,1049.14,1042.76,1035.65,1029.95,1026.03,1023.08,1021.02,1020.19,1019.07,1018.10,1017.37,1016.78,1016.30,1015.33,1014.46,1014.01,1013.58,1013.02,1012.33,1011.41,1010.13,1008.60,1006.40,1003.95,1001.83,1000.63,999.76,999.16,998.82,998.63,998.50,998.38,998.34,998.56,998.93,1000.06,1002.06,1004.90,1007.94,1011.51,1015.25,1018.72,1021.22,1022.97,1024.12,1024.77,1024.91,1024.93,1024.64,1024.21,1023.68,1022.91,1021.55,1019.73,1017.66,1015.59,1013.78,1011.79,1009.52,1006.80,1003.35,1000.19,997.36,994.84,992.66,990.85,989.69,988.99,988.55,988.10,987.69,987.39,987.20,987.03,987.02,986.93,986.76,986.64,986.68,986.90,987.23,987.59,987.79,987.71,987.55,987.28,986.63,985.83,984.59,982.89,980.76,978.63,976.10,973.18,970.01,967.01,963.68,960.20,956.61,952.84,948.86,944.74,940.31,935.41,930.25,925.03,919.95,915.04,910.20,905.14,899.98,894.75,889.52,884.37,880.17,876.79,874.01,871.14,867.70,863.99,859.89,854.92,849.45,843.38,837.42,832.08,826.92,821.79,816.77,811.66,805.88,800.25,795.64,791.49,786.89,782.16,777.13,771.21,764.31,757.75,752.68,748.20,743.97
1529.96,1524.63,1520.28,1516.62,1512.94,1508.56,1502.75,1496.51,1490.54,1485.06,1480.17,1476.15,1472.50,1468.73,1464.52,1460.02,1455.32,1450.70,1446.35,1442.24,1437.30,1431.80,1426.17,1420.98,1416.74,1412.80,1408.88,1404.85,1400.63,1396.10,1391.42,1386.72,1382.12,1377.17,1372.29,1367.73,1363.67,1359.43,1354.38,1349.00,1343.63,1338.59,1334.27,1330.39,1326.84,1323.62,1320.24,1315.66,1310.70,1306.14,1301.98,1297.98,1294.05,1289.75,1284.14,1278.12,1272.48,1266.48,1259.44,1254.18,1248.88,1243.81,1239.50,1236.55,1234.05,1232.01,1230.01,1227.29,1225.01,1222.73,1219.61,1214.93,1209.28,1204.10,1199.56,1195.88,1193.49,1191.21,1189.06,1187.03,1185.09,1183.01,1180.91,1178.95,1177.19,1175.40,1173.73,1171.98,1170.04,1167.87,1165.79,1163.24,1160.42,1157.40,1153.61,1149.07,1144.36,1139.63,1134.66,1129.53,1124.49,1119.45,1114.24,1108.96,1103.28,1097.48,1091.60,1085.09,1077.07,1069.39,1062.86,1057.96,1053.84,1048.90,1042.88,1036.09,1030.36,1026.87,1024.73,1023.64,1023.51,1023.09,1022.81,1022.66,1022.48,1021.98,1021.31,1020.73,1020.30,1019.72,1019.14,1018.46,1017.52,1016.13,1014.76,1012.95,1010.87,1008.80,1007.21,1005.92,1004.92,1004.26,1003.92,1003.69,1003.58,1003.60,1003.80,1004.19,1004.99,1006.55,1009.13,1012.34,1016.05,1019.72,1022.92,1025.03,1026.50,1027.46,1028.01,1028.13,1028.15,1027.91,1027.48,1026.93,1026.40,1025.15,1023.51,1021.66,1019.67,1017.70,1015.76,1013.71,1011.38,1008.59,1005.89,1003.28,1000.81,998.64,996.77,995.50,994.72,994.33,993.87,993.43,993.08,992.80,992.51,992.28,992.06,991.87,991.80,991.86,992.14,992.49,992.74,992.85,992.65,992.39,992.05,991.31,990.31,988.99,987.42,985.59,983.23,980.15,976.69,973.10,969.62,965.87,962.00,958.06,953.97,949.87,945.69,941.32,936.57,931.35,925.90,920.41,915.05,910.00,904.85,899.74,894.64,889.51,884.40,880.17,876.72,873.85,870.99,867.61,863.97,859.83,854.47,848.80,843.06,837.55,832.45,827.25,821.98,816.71,811.32,805.49,800.15,795.79,791.76,787.13,782.02,777.05,771.44,764.88,758.43,753.30,748.60,744.01
1528.30,1523.14,1518.74,1515.03,1511.16,1506.35,1500.27,1493.97,1488.27,1483.28,1478.69,1474.66,1470.83,1466.89,1462.65,1458.27,1453.71,1449.31,1445.28,1441.54,1436.66,1431.17,1425.49,1420.09,1415.83,1411.84,1407.85,1403.76,1399.36,1394.94,1390.50,1385.99,1381.31,1376.15,1371.06,1366.38,1362.29,1357.88,1353.01,1347.96,1342.94,1338.24,1334.01,1330.15,1326.59,1323.30,1319.74,1315.37,1310.77,1306.50,1302.57,1298.77,1294.96,1290.76,1285.18,1278.59,1272.19,1265.67,1258.63,1252.95,1246.47,1240.66,1236.47,1233.30,1230.27,1227.41,1224.67,1221.89,1219.24,1216.59,1213.53,1209.34,1203.14,1198.32,1194.50,1191.31,1188.42,1185.44,1182.54,1179.90,1177.63,1175.01,1172.45,1170.31,1168.66,1167.05,1165.44,1163.71,1161.86,1159.93,1158.07,1156.13,1154.09,1151.70,1148.38,1144.32,1139.88,1135.15,1130.28,1125.87,1121.25,1116.35,1111.23,1105.92,1100.29,1094.54,1088.62,1082.03,1074.67,1067.58,1061.44,1057.01,1053.13,1048.40,1042.72,1036.39,1030.80,1027.89,1026.68,1026.56,1026.95,1027.27,1027.64,1028.06,1028.35,1028.02,1027.71,1027.42,1027.04,1026.30,1025.63,1024.94,1024.01,1022.42,1021.07,1019.56,1017.88,1016.06,1014.12,1012.45,1011.06,1010.01,1009.40,1008.93,1008.73,1008.70,1008.78,1009.20,1009.89,1011.31,1013.86,1017.28,1020.96,1024.30,1026.99,1028.71,1029.97,1030.80,1031.29,1031.46,1031.52,1031.40,1031.02,1030.45,1029.96,1028.82,1027.46,1025.94,1024.08,1021.80,1019.70,1017.67,1015.58,1013.46,1011.39,1009.17,1006.82,1004.69,1002.79,1001.37,1000.45,1000.03,999.57,999.21,998.91,998.64,998.32,998.01,997.76,997.61,997.60,997.60,997.79,998.00,998.03,997.83,997.42,996.98,996.45,995.56,994.27,992.86,991.51,990.09,987.56,983.95,979.99,976.00,971.96,967.78,963.54,959.22,954.74,950.36,946.03,941.62,936.92,931.80,926.24,920.39,914.53,909.24,904.06,899.04,894.07,888.98,883.85,879.66,876.19,873.22,870.36,867.03,863.49,859.32,853.55,847.72,842.35,837.33,832.41,827.17,821.84,816.37,810.71,804.85,799.85,795.72,791.77,787.12,781.58,776.66,771.38,765.23,759.06,753.84,748.91,744.02
1528.43,1522.58,1517.96,1514.03,1509.81,1504.62,1498.65,1492.69,1487.34,1482.63,1478.17,1473.94,1469.88,1465.87,1461.79,1457.47,1453.07,1448.94,1445.26,1441.74,1437.14,1431.98,1426.61,1421.36,1417.03,1413.10,1409.08,1404.65,1399.92,1395.52,1391.21,1386.73,1381.76,1376.66,1371.67,1366.88,1362.33,1357.59,1352.75,1347.89,1343.12,1338.57,1334.34,1330.37,1326.67,1323.34,1319.75,1315.66,1311.63,1308.10,1304.58,1300.93,1297.12,1292.80,1287.07,1280.08,1273.11,1266.00,1258.47,1252.54,1245.20,1238.89,1234.83,1231.16,1227.69,1224.31,1221.10,1218.21,1215.32,1212.10,1208.52,1204.47,1199.73,1195.27,1191.03,1187.03,1183.41,1179.99,1176.53,1173.18,1170.17,1167.00,1164.51,1162.36,1160.40,1158.84,1157.05,1155.27,1153.64,1152.22,1150.86,1149.52,1147.98,1145.91,1143.04,1139.04,1134.65,1130.29,1126.22,1122.14,1117.77,1112.88,1107.23,1101.76,1096.34,1090.82,1085.03,1078.59,1071.97,1065.53,1059.86,1055.96,1052.33,1047.80,1042.63,1037.30,1032.30,1030.20,1029.68,1030.01,1030.88,1032.20,1033.35,1034.23,1034.87,1035.13,1034.77,1034.36,1034.10,1033.62,1032.87,1032.05,1031.03,1029.32,1027.70,1025.74,1023.76,1022.05,1020.17,1018.78,1017.63,1016.55,1015.50,1014.64,1014.16,1014.00,1014.16,1014.67,1015.59,1017.04,1019.32,1022.62,1025.99,1028.74,1030.77,1032.20,1033.32,1034.16,1034.78,1035.17,1035.45,1035.65,1035.65,1035.36,1034.76,1033.99,1032.90,1031.48,1029.58,1026.92,1024.51,1022.22,1019.91,1017.90,1016.02,1014.12,1012.22,1010.48,1009.01,1007.85,1006.97,1006.39,1005.96,1005.85,1005.84,1005.84,1005.83,1005.80,1005.78,1005.75,1005.66,1005.31,1004.99,1004.68,1004.22,1003.17,1002.52,1001.68,1000.49,999.10,997.34,995.66,994.09,992.47,990.20,986.69,982.58,978.20,973.75,969.11,964.52,959.95,955.20,950.45,945.80,941.13,936.32,931.30,925.55,919.41,913.25,907.70,902.50,897.61,892.82,887.82,882.55,878.38,874.95,871.94,868.93,865.64,862.05,857.73,851.89,846.44,841.36,836.55,831.81,826.46,820.95,815.44,809.93,804.40,799.56,795.35,791.12,786.04,780.46,775.87,771.22,765.76,759.58,754.16,748.96,743.81
1529.29,1523.01,1518.04,1513.74,1509.16,1503.74,1497.89,1492.22,1487.12,1482.52,1478.06,1473.70,1469.51,1465.44,1461.41,1457.21,1453.06,1449.26,1445.88,1442.53,1438.34,1433.52,1428.35,1423.25,1418.85,1414.94,1410.98,1406.55,1401.67,1397.09,1392.61,1387.97,1382.87,1377.83,1372.90,1368.07,1363.28,1358.38,1353.38,1348.49,1343.84,1339.40,1335.20,1331.17,1327.33,1323.76,1320.10,1316.41,1312.99,1309.97,1306.78,1303.21,1299.32,1294.80,1288.86,1282.02,1274.85,1267.12,1258.80,1252.63,1245.12,1238.67,1234.41,1230.26,1226.38,1222.62,1219.06,1216.03,1212.86,1209.21,1205.27,1201.31,1197.72,1193.70,1189.29,1184.70,1180.40,1176.64,1172.82,1168.90,1165.09,1161.52,1158.82,1156.43,1154.18,1152.57,1150.55,1148.76,1147.24,1145.63,1144.17,1142.86,1141.28,1139.10,1136.66,1133.33,1129.59,1125.79,1122.21,1118.26,1113.71,1108.51,1102.72,1097.45,1092.28,1086.99,1081.40,1075.19,1069.33,1063.67,1058.55,1054.92,1051.38,1047.05,1042.40,1038.09,1034.44,1033.38,1033.55,1034.38,1035.96,1038.19,1039.93,1041.02,1041.65,1042.09,1041.87,1041.57,1041.44,1040.99,1040.15,1039.12,1037.81,1035.88,1033.94,1031.64,1029.34,1027.39,1025.30,1023.96,1022.88,1021.80,1020.63,1019.70,1019.13,1018.92,1019.13,1019.69,1020.73,1022.19,1024.25,1027.29,1030.23,1032.54,1034.21,1035.53,1036.62,1037.58,1038.40,1039.00,1039.43,1039.79,1039.97,1039.87,1039.38,1038.87,1038.05,1036.89,1035.26,1032.93,1030.37,1027.59,1024.73,1022.62,1020.82,1019.11,1017.46,1016.01,1014.88,1014.07,1013.46,1013.02,1012.81,1012.92,1013.12,1013.29,1013.35,1013.29,1013.12,1012.84,1012.43,1011.69,1011.04,1010.38,1009.47,1008.06,1007.11,1005.89,1004.22,1002.31,1000.13,997.99,995.96,994.01,991.81,988.54,984.46,979.75,974.82,969.78,964.87,960.02,954.99,949.88,944.90,940.03,935.15,930.10,924.13,917.70,911.36,905.88,900.74,895.93,891.18,886.16,881.02,876.97,873.52,870.32,867.19,863.95,860.13,855.53,850.01,844.91,840.02,835.33,830.68,825.30,819.80,814.37,809.00,803.52,798.80,794.53,789.95,784.38,779.17,774.96,770.68,765.57,759.53,754.03,748.66,743.26
1530.78,1524.44,1519.03,1514.23,1509.30,1503.77,1498.00,1492.53,1487.55,1482.92,1478.33,1473.94,1469.71,1465.56,1461.49,1457.45,1453.68,1450.24,1447.10,1443.87,1440.19,1435.66,1430.57,1425.55,1421.15,1417.21,1413.39,1409.32,1404.47,1399.53,1394.59,1389.61,1384.54,1379.51,1374.58,1369.77,1365.02,1360.17,1354.87,1349.73,1345.08,1340.74,1336.59,1332.58,1328.62,1324.64,1320.84,1317.62,1314.74,1311.95,1308.95,1305.34,1301.30,1296.55,1290.34,1284.22,1277.24,1268.97,1259.64,1253.24,1246.31,1240.11,1235.36,1230.74,1226.47,1222.42,1218.68,1215.48,1211.99,1208.13,1204.10,1200.22,1197.17,1193.64,1189.44,1184.66,1179.75,1175.69,1171.71,1167.42,1162.78,1158.95,1155.64,1152.72,1150.28,1148.50,1146.22,1144.41,1142.81,1140.28,1138.06,1136.14,1133.98,1131.33,1129.34,1127.33,1124.81,1121.68,1118.16,1114.05,1108.92,1103.26,1097.86,1093.14,1088.22,1083.13,1077.84,1071.96,1066.88,1062.08,1057.59,1053.95,1050.35,1046.33,1042.26,1038.92,1037.29,1037.45,1038.37,1039.84,1042.28,1045.20,1047.24,1048.29,1048.59,1048.77,1048.89,1048.99,1048.94,1048.28,1047.34,1046.02,1044.26,1042.00,1039.71,1037.25,1034.71,1032.18,1029.60,1027.98,1026.76,1025.63,1024.66,1023.99,1023.56,1023.38,1023.60,1024.15,1025.16,1026.57,1028.52,1031.19,1033.62,1035.68,1037.40,1038.78,1039.96,1041.13,1042.17,1042.92,1043.41,1043.70,1043.84,1043.80,1043.65,1043.24,1042.67,1041.94,1040.88,1039.55,1037.09,1033.76,1030.16,1027.81,1026.00,1024.30,1022.69,1021.38,1020.42,1019.96,1019.79,1019.75,1019.94,1020.21,1020.50,1020.70,1020.58,1020.12,1019.38,1018.50,1017.56,1016.42,1015.70,1014.86,1013.56,1012.33,1011.05,1009.50,1007.60,1005.22,1002.65,999.91,997.25,994.91,992.52,989.53,985.61,980.64,975.14,969.77,964.57,959.40,954.08,948.57,943.30,938.27,933.38,928.12,921.91,915.29,908.93,903.87,898.83,894.02,889.18,883.99,879.27,875.44,871.88,868.36,865.18,861.96,857.74,852.78,847.96,843.09,838.31,833.66,829.01,823.68,818.38,813.17,807.86,802.11,797.48,793.16,788.22,782.16,777.75,773.96,769.74,764.58,758.86,753.42,747.93,742.34
1532.94,1526.59,1520.85,1515.59,1510.27,1504.58,1498.78,1493.51,1488.65,1484.01,1479.24,1474.77,1470.35,1466.03,1461.99,1458.23,1454.83,1451.67,1448.62,1445.40,1441.93,1437.70,1432.88,1428.03,1423.98,1420.10,1416.20,1412.09,1407.30,1402.32,1397.15,1391.78,1386.29,1381.15,1376.24,1371.45,1366.73,1361.95,1356.75,1351.59,1346.81,1342.53,1338.41,1334.40,1330.43,1326.40,1322.51,1319.17,1316.22,1313.40,1310.23,1306.35,1302.02,1297.05,1290.82,1285.15,1278.69,1270.80,1261.57,1254.90,1249.04,1243.60,1238.52,1233.63,1228.70,1224.41,1220.76,1217.42,1214.05,1210.50,1206.83,1203.16,1199.90,1196.51,1192.31,1187.22,1181.85,1177.32,1173.16,1168.77,1163.65,1158.75,1154.51,1150.98,1148.27,1146.19,1143.69,1141.32,1138.90,1135.63,1132.63,1130.03,1127.48,1124.91,1123.43,1122.21,1120.20,1117.18,1113.56,1107.78,1102.58,1098.20,1093.93,1089.34,1084.36,1079.37,1074.55,1069.84,1065.47,1061.22,1057.12,1053.41,1050.04,1047.27,1044.67,1042.31,1041.79,1043.01,1044.85,1046.99,1049.55,1051.79,1053.41,1054.44,1054.92,1055.35,1055.54,1055.58,1055.42,1054.79,1053.76,1052.33,1050.46,1048.03,1045.34,1042.59,1039.85,1037.16,1034.62,1032.75,1031.21,1029.85,1028.74,1028.05,1027.65,1027.53,1027.82,1028.39,1029.39,1030.73,1032.47,1034.77,1036.97,1039.20,1041.32,1042.89,1044.16,1045.33,1046.30,1046.92,1047.44,1047.64,1047.70,1047.69,1047.63,1047.21,1046.69,1046.05,1045.13,1043.97,1042.07,1039.61,1036.89,1034.72,1032.53,1030.56,1028.93,1027.68,1026.65,1026.01,1025.65,1025.58,1025.73,1025.97,1026.22,1026.38,1026.28,1025.63,1024.72,1023.70,1022.58,1021.25,1020.01,1018.66,1017.12,1015.79,1014.26,1012.47,1010.38,1007.89,1004.80,1001.52,998.44,995.81,993.09,989.91,985.92,980.89,974.95,969.14,963.66,958.32,952.67,946.60,940.85,935.52,930.39,924.49,918.29,912.24,906.67,901.88,896.69,891.65,886.68,881.60,876.93,872.94,869.33,865.96,862.75,859.04,854.60,849.87,845.62,841.06,836.30,831.46,826.58,821.42,816.48,811.39,805.95,800.22,795.56,790.63,785.23,779.85,776.09,772.74,768.64,763.39,757.75,752.15,746.61,741.02
1535.59,1529.21,1523.28,1517.67,1511.93,1505.85,1499.85,1494.75,1490.09,1485.48,1480.54,1475.89,1471.24,1466.76,1462.77,1459.21,1456.11,1453.20,1450.31,1447.20,1443.87,1439.89,1435.33,1430.57,1426.70,1422.89,1418.99,1414.85,1410.12,1405.10,1399.72,1393.97,1388.07,1382.88,1377.99,1373.20,1368.42,1363.66,1358.61,1353.54,1348.75,1344.63,1340.47,1336.38,1332.38,1328.38,1324.42,1320.80,1317.51,1314.39,1310.86,1306.64,1302.03,1296.90,1290.84,1285.51,1279.52,1272.23,1263.63,1256.98,1252.16,1247.64,1242.74,1237.79,1232.56,1227.94,1224.03,1220.51,1217.19,1213.93,1210.63,1207.20,1203.73,1200.31,1196.07,1190.82,1185.18,1180.23,1175.81,1171.14,1165.38,1159.44,1154.43,1150.43,1147.43,1145.04,1142.29,1139.34,1136.13,1132.35,1128.61,1125.26,1122.27,1119.79,1118.53,1117.58,1115.66,1112.48,1108.56,1101.95,1097.15,1093.94,1090.41,1085.70,1080.79,1076.05,1071.76,1068.21,1064.61,1061.03,1057.53,1054.15,1051.32,1049.75,1048.55,1047.20,1047.49,1049.47,1051.91,1054.31,1056.51,1057.89,1059.03,1059.99,1060.63,1061.25,1061.41,1061.31,1061.05,1060.52,1059.51,1058.11,1056.31,1053.95,1051.10,1048.10,1045.06,1042.08,1039.63,1037.63,1035.91,1034.41,1033.18,1032.40,1031.98,1031.88,1032.17,1032.69,1033.60,1034.82,1036.42,1038.58,1040.81,1043.25,1045.66,1047.39,1048.73,1049.90,1050.82,1051.39,1052.01,1052.26,1052.34,1052.35,1052.32,1051.95,1051.40,1050.69,1049.67,1048.35,1046.85,1045.13,1043.20,1041.34,1038.99,1036.94,1035.45,1034.35,1033.33,1032.49,1031.89,1031.64,1031.57,1031.61,1031.63,1031.56,1031.37,1030.56,1029.58,1028.54,1027.31,1025.91,1024.26,1022.46,1020.65,1019.04,1017.23,1015.19,1012.93,1010.35,1006.87,1003.03,999.41,996.44,993.37,989.88,985.80,980.75,974.26,968.06,962.34,956.75,950.63,944.02,937.91,932.30,926.85,920.56,914.55,909.21,904.44,899.65,894.25,889.06,884.06,879.05,874.27,870.18,866.63,863.42,860.00,855.80,851.38,847.11,843.24,838.77,833.85,828.76,823.70,818.90,814.31,809.28,803.72,798.17,793.38,787.78,782.07,777.64,774.37,771.18,767.10,761.81,756.24,750.56,745.01,739.44
1539.10,1532.60,1526.74,1521.09,1514.88,1507.83,1501.24,1496.30,1491.95,1487.50,1482.40,1477.41,1472.49,1467.91,1463.99,1460.36,1457.37,1454.72,1452.20,1449.59,1446.36,1442.49,1438.05,1433.14,1428.75,1424.99,1421.43,1417.57,1412.85,1407.65,1401.95,1395.88,1389.86,1384.84,1380.02,1375.11,1370.11,1365.20,1360.14,1355.31,1350.98,1347.22,1342.86,1338.49,1334.32,1330.36,1326.37,1322.41,1318.47,1314.49,1310.36,1305.79,1300.96,1295.85,1290.31,1285.16,1279.33,1272.62,1265.32,1259.51,1255.32,1251.82,1248.26,1243.75,1239.31,1234.13,1228.83,1225.06,1221.32,1217.92,1214.70,1211.52,1208.28,1204.69,1200.42,1195.42,1189.98,1184.83,1179.94,1174.42,1167.31,1160.90,1155.80,1151.70,1148.45,1145.77,1142.73,1139.47,1136.00,1132.15,1127.89,1123.63,1119.93,1117.25,1115.32,1113.65,1111.19,1107.53,1102.87,1098.64,1095.12,1091.68,1087.35,1082.20,1077.83,1073.87,1070.14,1067.14,1064.53,1062.14,1059.95,1058.02,1056.31,1055.24,1054.58,1054.35,1055.26,1057.34,1059.42,1060.97,1061.96,1062.95,1063.90,1064.67,1065.11,1065.45,1065.46,1065.34,1065.16,1064.69,1063.96,1062.84,1061.38,1059.63,1057.28,1054.27,1050.66,1046.74,1044.18,1042.36,1040.88,1039.62,1038.56,1037.65,1037.13,1036.93,1037.03,1037.31,1037.91,1038.92,1040.55,1043.16,1045.91,1048.45,1050.64,1052.33,1053.74,1055.00,1056.12,1057.07,1057.98,1058.67,1059.03,1059.08,1059.07,1058.93,1058.37,1057.36,1055.90,1054.06,1052.16,1049.99,1047.61,1046.02,1044.35,1042.98,1042.03,1041.39,1040.70,1040.02,1039.43,1038.95,1038.41,1037.90,1037.28,1036.53,1035.83,1034.80,1033.78,1032.74,1031.40,1030.11,1028.53,1026.64,1024.48,1022.24,1019.98,1017.70,1015.28,1012.41,1008.95,1004.45,999.89,996.34,992.94,989.21,985.08,979.98,972.59,966.19,960.28,954.20,947.25,940.35,934.27,928.53,922.71,916.94,911.45,906.64,902.17,896.81,891.14,886.18,881.46,876.27,871.14,867.36,864.13,860.77,856.66,852.31,848.45,844.93,840.99,835.94,830.47,825.07,820.11,816.09,811.77,806.69,801.11,796.04,790.95,784.90,779.25,775.83,772.64,768.88,764.41,759.28,753.91,748.54,743.09,737.44
1542.75,1536.15,1530.31,1524.75,1518.51,1511.07,1503.66,1498.14,1493.67,1489.48,1484.58,1479.36,1474.32,1469.72,1465.75,1462.14,1459.14,1456.53,1454.17,1451.76,1448.64,1444.86,1440.57,1435.82,1431.00,1427.06,1423.56,1419.90,1415.35,1410.29,1404.34,1397.75,1391.71,1386.58,1381.65,1376.66,1371.59,1366.63,1361.62,1356.99,1353.06,1349.69,1345.46,1340.76,1336.12,1332.08,1327.78,1323.37,1318.82,1314.14,1309.48,1304.72,1299.91,1295.02,1289.91,1284.82,1279.25,1273.38,1267.66,1262.81,1259.00,1255.84,1252.93,1249.38,1245.52,1240.72,1235.50,1231.06,1226.21,1222.24,1218.75,1215.33,1212.19,1208.73,1204.53,1199.54,1194.24,1189.25,1184.32,1178.68,1171.54,1164.58,1159.05,1154.62,1151.05,1147.83,1144.70,1141.34,1137.72,1133.85,1129.08,1124.05,1119.65,1116.56,1114.02,1111.63,1108.72,1105.02,1100.64,1097.02,1093.72,1089.98,1084.97,1080.06,1076.27,1073.28,1070.88,1068.80,1067.12,1065.75,1064.64,1063.76,1062.92,1062.33,1062.07,1062.30,1063.09,1064.48,1065.90,1067.01,1067.56,1068.25,1068.92,1069.47,1069.83,1070.03,1069.96,1069.81,1069.61,1069.13,1068.48,1067.42,1066.03,1064.54,1062.57,1059.94,1056.68,1052.90,1049.31,1047.11,1045.64,1044.58,1043.88,1043.23,1042.84,1042.69,1042.67,1042.75,1043.08,1043.78,1045.16,1047.76,1050.57,1053.21,1055.53,1057.33,1058.90,1060.24,1061.42,1062.47,1063.36,1064.16,1064.72,1065.01,1065.23,1065.40,1065.24,1064.67,1063.56,1062.17,1060.56,1058.43,1055.72,1053.49,1051.41,1049.67,1048.45,1047.85,1047.06,1046.25,1045.59,1045.11,1044.47,1043.62,1042.61,1041.52,1040.41,1039.04,1037.65,1036.26,1034.79,1033.38,1031.69,1029.74,1027.57,1025.12,1022.56,1019.90,1017.07,1013.88,1010.10,1004.86,999.51,995.65,992.10,988.27,984.11,978.86,970.68,963.97,957.73,951.07,943.36,936.57,930.54,924.79,919.06,913.71,908.93,904.72,900.22,893.63,888.23,883.48,878.61,873.14,868.42,864.88,861.54,857.79,853.46,849.47,846.01,842.58,838.12,832.61,826.81,821.44,817.00,813.23,808.65,803.51,798.22,793.35,787.68,781.85,776.88,773.66,770.29,766.28,761.75,756.79,751.58,746.30,740.88,735.15
1546.38,1539.77,1533.87,1528.50,1522.49,1515.01,1506.74,1500.19,1495.34,1491.45,1486.94,1481.65,1476.60,1471.99,1467.92,1464.38,1461.37,1458.69,1456.27,1453.88,1450.82,1447.08,1442.90,1438.50,1433.43,1429.18,1425.54,1421.99,1417.67,1412.88,1406.75,1399.70,1393.61,1388.20,1383.10,1378.05,1372.99,1368.04,1363.13,1358.71,1355.10,1352.15,1348.20,1343.16,1337.86,1333.59,1328.84,1323.89,1318.76,1313.50,1308.47,1303.72,1299.12,1294.57,1289.83,1284.80,1279.60,1274.71,1270.66,1266.97,1263.51,1260.36,1257.58,1254.90,1251.37,1247.28,1242.76,1237.64,1231.64,1226.88,1222.83,1218.96,1215.71,1212.38,1208.23,1203.26,1198.23,1193.66,1188.94,1183.57,1177.01,1169.62,1163.57,1158.65,1154.56,1150.72,1147.51,1144.09,1140.36,1136.43,1131.30,1125.72,1120.70,1116.97,1113.86,1110.77,1107.47,1103.93,1100.21,1096.36,1092.76,1088.71,1083.32,1078.97,1075.88,1073.98,1073.08,1072.03,1071.14,1070.59,1070.32,1070.17,1069.97,1069.79,1069.81,1070.17,1070.56,1071.05,1071.79,1072.66,1073.16,1073.65,1074.07,1074.43,1074.78,1074.90,1074.81,1074.61,1074.32,1073.81,1073.13,1072.06,1070.65,1069.20,1067.52,1065.32,1062.70,1059.47,1054.80,1052.08,1050.45,1049.47,1049.13,1048.87,1048.74,1048.69,1048.65,1048.62,1048.75,1049.18,1050.23,1052.59,1055.25,1057.98,1060.54,1062.49,1064.20,1065.59,1066.78,1067.82,1068.62,1069.40,1070.11,1070.69,1071.19,1071.61,1071.93,1071.97,1071.44,1070.78,1069.67,1067.82,1065.05,1062.05,1059.33,1056.95,1055.11,1054.20,1053.03,1051.87,1050.98,1050.51,1049.81,1048.75,1047.55,1046.28,1044.92,1043.22,1041.35,1039.49,1037.78,1036.09,1034.18,1032.17,1030.11,1027.66,1024.87,1021.78,1018.45,1014.90,1010.62,1004.64,998.67,994.63,991.01,987.16,982.83,977.15,968.45,961.40,954.68,947.45,939.41,932.91,926.96,921.27,915.90,910.91,906.80,902.88,897.95,890.31,885.37,880.75,875.59,869.99,865.96,862.53,858.87,854.72,850.48,847.04,843.76,839.99,834.84,829.02,823.11,817.98,814.13,810.31,805.27,800.08,795.15,790.22,784.05,778.80,774.68,771.26,767.59,763.49,759.05,754.27,749.13,743.84,738.42,732.60
1549.66,1543.35,1537.19,1532.09,1526.57,1519.31,1510.43,1502.65,1497.16,1493.44,1489.43,1484.62,1479.65,1474.93,1470.80,1467.37,1464.65,1461.84,1458.85,1456.33,1453.02,1449.06,1444.87,1440.86,1436.25,1431.63,1427.46,1423.82,1419.66,1414.90,1409.00,1402.16,1395.56,1389.81,1384.58,1379.55,1374.54,1369.67,1364.98,1360.77,1357.34,1354.80,1351.16,1345.79,1339.71,1334.79,1329.46,1323.85,1318.14,1312.61,1307.76,1303.56,1299.53,1295.39,1290.92,1286.25,1281.69,1277.82,1275.30,1273.44,1270.81,1267.63,1264.15,1260.68,1256.78,1252.75,1248.47,1243.45,1237.86,1232.30,1227.24,1222.96,1218.89,1214.88,1210.62,1206.21,1202.16,1198.45,1194.23,1189.21,1183.05,1176.00,1169.78,1164.05,1158.74,1154.46,1150.73,1146.99,1143.08,1138.91,1133.98,1128.60,1123.23,1118.38,1114.71,1111.05,1107.38,1103.77,1100.16,1096.28,1092.38,1088.21,1083.52,1079.63,1077.76,1077.01,1076.73,1076.36,1075.76,1075.40,1075.34,1075.31,1075.26,1075.21,1075.32,1075.72,1076.22,1076.72,1077.30,1077.96,1078.49,1079.00,1079.45,1079.84,1080.15,1080.36,1080.19,1079.87,1079.52,1079.07,1078.31,1077.35,1076.16,1074.57,1072.92,1070.51,1067.59,1064.39,1060.66,1057.97,1056.02,1054.70,1054.19,1054.04,1054.12,1054.29,1054.46,1054.55,1054.79,1055.30,1056.37,1058.59,1061.17,1063.86,1066.39,1068.22,1069.82,1071.20,1072.43,1073.55,1074.61,1075.53,1076.36,1077.06,1077.51,1077.80,1077.95,1077.78,1076.97,1076.09,1074.88,1073.33,1071.40,1069.28,1067.38,1065.39,1063.32,1061.44,1059.56,1057.65,1056.03,1054.96,1053.66,1052.59,1051.40,1050.00,1048.72,1047.11,1045.11,1042.84,1040.52,1038.31,1036.11,1033.92,1031.73,1029.26,1026.25,1022.90,1019.25,1015.12,1010.25,1003.90,997.67,993.42,989.69,985.82,980.57,973.41,965.34,957.98,950.38,942.81,936.30,930.11,924.27,918.81,913.87,909.28,905.11,899.89,893.47,887.10,882.31,877.44,872.35,867.55,863.70,859.99,856.08,852.00,848.27,845.03,841.32,836.73,831.03,825.28,819.89,815.22,811.35,807.10,801.98,796.88,791.90,786.27,780.71,776.17,772.34,768.57,764.63,760.50,756.17,751.50,746.19,740.81,735.38,729.41
1552.59,1546.58,1539.60,1534.46,1529.46,1522.86,1514.32,1505.95,1499.65,1495.45,1491.73,1487.36,1482.63,1477.99,1473.98,1470.82,1468.23,1465.32,1461.93,1458.95,1455.23,1450.99,1446.75,1443.06,1439.00,1434.38,1429.86,1425.89,1421.88,1416.93,1411.22,1404.81,1397.82,1392.02,1386.82,1381.82,1376.87,1372.39,1367.99,1363.93,1360.52,1357.83,1353.76,1347.92,1341.34,1335.68,1329.80,1323.70,1317.74,1312.35,1307.84,1304.26,1300.88,1297.30,1293.27,1288.98,1285.08,1282.11,1280.68,1279.98,1278.08,1275.07,1271.13,1266.75,1262.32,1257.93,1253.43,1248.39,1243.05,1237.16,1231.51,1226.70,1222.00,1217.56,1213.37,1209.48,1206.09,1203.06,1199.38,1194.76,1188.93,1182.04,1175.48,1169.29,1163.53,1158.63,1154.23,1149.90,1145.53,1141.19,1136.49,1131.43,1125.97,1120.33,1115.92,1111.72,1107.71,1103.90,1100.01,1096.10,1092.13,1088.19,1084.56,1081.59,1080.65,1080.55,1080.55,1080.53,1080.20,1080.06,1080.14,1080.22,1080.26,1080.27,1080.43,1080.90,1081.48,1082.06,1082.61,1083.15,1083.72,1084.36,1084.97,1085.50,1085.83,1086.19,1086.04,1085.66,1085.26,1084.76,1083.92,1083.00,1081.90,1080.25,1078.55,1076.06,1073.05,1069.83,1066.56,1063.92,1061.80,1060.25,1059.54,1059.32,1059.44,1059.74,1060.08,1060.46,1061.07,1061.92,1063.17,1065.20,1067.54,1069.97,1072.27,1074.03,1075.64,1077.14,1078.52,1079.75,1080.95,1081.88,1082.63,1083.22,1083.50,1083.57,1083.41,1082.92,1081.91,1080.79,1079.45,1077.98,1076.46,1074.86,1073.34,1071.65,1069.69,1067.49,1065.35,1063.01,1060.83,1059.13,1057.28,1055.91,1054.54,1053.03,1051.73,1050.17,1048.22,1045.82,1042.97,1040.17,1037.61,1035.17,1032.78,1030.24,1026.96,1023.34,1019.39,1014.70,1009.21,1002.71,996.54,992.21,988.28,984.30,978.03,969.27,961.67,953.94,946.01,938.70,933.30,927.34,921.59,916.27,911.50,907.06,902.26,896.19,889.41,884.13,879.29,874.29,869.42,865.22,861.39,857.43,853.39,849.50,846.13,842.92,838.53,833.06,827.37,821.90,816.91,812.44,808.43,804.14,798.75,793.38,788.13,782.32,777.46,773.40,769.60,765.59,761.55,757.49,753.18,748.36,742.89,737.50,731.93,725.77
1555.10,1549.28,1540.90,1535.36,1530.89,1525.37,1518.21,1510.03,1502.88,1497.50,1493.79,1489.77,1485.40,1481.09,1477.42,1474.65,1471.99,1468.99,1465.51,1461.73,1457.48,1452.98,1448.66,1445.13,1441.61,1437.42,1432.85,1428.34,1424.43,1419.06,1413.43,1407.58,1400.49,1394.96,1389.96,1385.03,1380.16,1376.35,1372.30,1368.33,1364.70,1361.20,1355.83,1349.38,1342.61,1336.21,1329.89,1323.58,1317.79,1313.00,1308.96,1305.96,1303.24,1300.34,1296.95,1293.03,1289.79,1287.62,1286.77,1286.35,1284.93,1282.28,1278.23,1273.08,1268.04,1262.93,1257.71,1252.40,1246.92,1241.28,1235.63,1230.17,1225.15,1220.70,1216.75,1213.23,1210.00,1207.37,1204.15,1199.97,1194.41,1187.37,1180.25,1174.03,1168.81,1163.09,1157.93,1152.76,1147.68,1143.27,1138.72,1133.99,1128.71,1122.75,1117.47,1112.73,1108.41,1104.26,1099.73,1095.76,1092.03,1088.73,1086.36,1084.81,1084.38,1084.37,1084.37,1084.37,1084.37,1084.51,1084.78,1085.03,1085.14,1085.18,1085.40,1085.99,1086.56,1087.16,1087.77,1088.36,1089.00,1089.82,1090.67,1091.38,1091.78,1092.37,1092.32,1091.96,1091.49,1090.77,1089.88,1088.89,1087.72,1086.13,1084.30,1082.00,1079.27,1076.09,1072.48,1069.81,1067.73,1066.12,1065.23,1064.78,1064.78,1065.07,1065.51,1066.36,1067.57,1068.97,1070.54,1072.30,1074.22,1076.19,1078.12,1079.89,1081.68,1083.42,1085.02,1086.39,1087.51,1088.26,1088.74,1088.98,1089.02,1088.81,1088.26,1087.45,1086.46,1085.23,1083.78,1082.16,1080.42,1078.66,1076.82,1075.14,1073.59,1071.90,1070.04,1067.72,1065.28,1063.08,1060.83,1058.80,1056.98,1055.37,1053.85,1052.24,1050.48,1048.25,1045.04,1041.62,1038.61,1035.87,1033.22,1030.56,1026.96,1023.03,1018.79,1013.62,1007.48,1001.03,995.26,990.98,986.77,982.43,975.13,964.93,957.45,949.31,941.78,935.40,930.31,924.43,918.78,913.48,908.55,903.90,898.01,891.88,886.19,881.43,876.35,871.43,866.92,862.94,858.99,854.86,850.86,847.21,843.97,840.59,835.35,829.08,824.01,818.97,814.13,809.54,805.30,801.39,795.55,789.45,783.81,778.50,774.26,770.36,766.43,762.33,758.36,754.48,750.05,744.80,739.23,733.91,728.07,721.72
1556.65,1550.08,1541.35,1535.78,1531.50,1526.45,1520.05,1512.25,1505.27,1499.94,1496.25,1492.40,1488.24,1484.16,1480.65,1477.77,1475.01,1472.01,1468.57,1464.64,1460.47,1456.00,1451.54,1447.62,1444.28,1440.56,1436.21,1431.35,1427.08,1421.38,1415.62,1410.04,1403.86,1398.36,1393.45,1388.77,1384.22,1380.39,1376.49,1372.24,1367.71,1363.41,1356.97,1349.90,1342.89,1336.28,1330.14,1324.58,1319.63,1315.52,1312.20,1309.24,1306.59,1304.05,1301.07,1297.86,1295.45,1294.19,1294.11,1293.76,1291.82,1288.58,1284.15,1278.71,1273.42,1267.78,1261.93,1256.49,1251.19,1245.90,1240.48,1234.93,1229.57,1224.88,1220.66,1216.87,1213.63,1211.01,1207.66,1203.38,1198.10,1191.50,1184.07,1177.40,1172.05,1166.56,1160.86,1155.11,1149.67,1145.13,1140.82,1136.15,1130.98,1125.34,1119.95,1114.67,1109.65,1104.79,1099.69,1096.02,1093.05,1090.71,1089.33,1088.60,1088.42,1088.42,1088.42,1088.42,1088.55,1088.81,1089.15,1089.45,1089.71,1089.98,1090.39,1091.03,1091.80,1092.62,1093.60,1094.70,1095.61,1096.36,1097.03,1097.55,1097.79,1098.14,1097.97,1097.43,1096.64,1095.71,1094.75,1093.72,1092.56,1091.11,1089.43,1087.41,1084.95,1081.93,1078.64,1076.04,1073.82,1071.97,1070.92,1070.45,1070.39,1070.66,1071.28,1072.37,1073.75,1075.21,1076.75,1078.59,1080.54,1082.64,1084.74,1086.39,1088.00,1089.56,1091.01,1092.24,1093.09,1093.56,1093.75,1093.73,1093.66,1093.20,1092.48,1091.56,1090.45,1089.24,1087.76,1086.03,1084.09,1082.10,1080.10,1078.15,1076.29,1074.49,1072.68,1070.69,1068.57,1066.33,1063.88,1061.41,1059.12,1057.09,1055.39,1053.63,1051.75,1049.42,1045.97,1041.94,1038.59,1035.69,1032.87,1029.85,1025.90,1021.70,1017.29,1012.00,1005.56,999.22,993.62,989.09,984.59,978.20,969.82,960.36,952.99,945.01,938.12,932.38,927.01,921.33,915.90,910.71,905.59,900.22,894.04,888.34,883.39,878.63,873.54,868.95,864.83,860.88,856.58,852.39,848.52,845.02,841.63,837.45,832.07,826.24,821.32,816.31,811.27,806.41,801.84,797.19,791.33,785.36,779.83,774.97,770.97,767.07,763.12,759.19,755.42,751.29,746.49,741.00,735.50,729.78,723.75,717.65
1557.38,1550.10,1541.45,1535.99,1531.88,1527.18,1521.35,1514.12,1507.62,1502.60,1498.94,1495.24,1491.28,1487.34,1483.84,1480.76,1477.92,1474.96,1471.59,1467.72,1463.78,1459.57,1455.14,1450.84,1447.22,1443.70,1439.61,1434.67,1429.93,1424.03,1418.10,1412.56,1407.21,1401.79,1396.91,1392.41,1388.04,1384.04,1380.21,1375.66,1370.24,1364.97,1357.69,1350.09,1342.88,1336.41,1330.83,1326.26,1322.38,1319.14,1316.72,1313.84,1311.17,1308.77,1306.00,1303.15,1301.33,1300.75,1301.21,1300.83,1298.29,1294.41,1289.56,1283.97,1278.62,1272.73,1266.55,1260.99,1255.86,1250.82,1245.72,1240.41,1234.87,1229.77,1225.00,1220.65,1217.12,1214.15,1210.46,1205.97,1200.77,1194.69,1187.39,1180.43,1174.66,1169.56,1163.51,1157.39,1151.75,1147.15,1143.00,1138.42,1133.39,1128.03,1122.65,1116.90,1111.23,1105.72,1100.26,1096.90,1094.72,1093.31,1092.73,1092.53,1092.49,1092.49,1092.50,1092.56,1092.80,1093.14,1093.54,1093.90,1094.32,1094.84,1095.45,1096.16,1097.14,1098.11,1099.36,1100.83,1101.87,1102.48,1102.91,1103.21,1103.31,1103.39,1103.11,1102.43,1101.41,1100.35,1099.32,1098.26,1097.11,1095.74,1094.20,1092.39,1090.15,1087.36,1084.50,1081.97,1079.61,1077.58,1076.43,1075.98,1075.92,1076.19,1076.98,1078.26,1079.68,1081.12,1082.62,1084.55,1086.62,1088.91,1091.14,1092.65,1094.01,1095.28,1096.50,1097.54,1098.12,1098.34,1098.31,1098.11,1098.00,1097.37,1096.49,1095.44,1094.18,1092.94,1091.43,1089.63,1087.55,1085.42,1083.25,1080.96,1078.65,1076.60,1074.77,1073.05,1071.23,1069.09,1066.55,1063.78,1061.00,1058.48,1056.58,1054.60,1052.51,1049.94,1046.18,1041.67,1038.10,1035.09,1032.11,1028.64,1024.37,1019.91,1015.31,1009.94,1003.37,997.13,991.57,986.62,981.43,973.22,964.25,955.90,948.61,941.12,934.88,929.53,923.79,918.32,913.11,907.93,902.52,896.42,890.42,885.29,880.85,875.98,871.00,866.72,862.85,858.78,854.15,850.01,846.31,842.85,839.06,834.18,828.93,823.71,818.76,813.65,808.38,803.24,798.32,792.89,787.13,781.45,776.15,771.64,767.66,763.73,759.82,756.08,752.42,747.91,742.73,737.14,731.73,725.57,719.41,713.58
1556.37,1549.33,1541.15,1536.00,1532.17,1527.93,1522.63,1516.39,1510.50,1505.60,1502.01,1498.57,1494.82,1490.88,1487.05,1483.89,1481.07,1478.17,1474.92,1471.20,1467.52,1463.89,1460.14,1455.91,1450.97,1446.78,1442.84,1438.46,1433.35,1427.56,1421.54,1415.54,1409.92,1404.84,1400.03,1395.26,1390.51,1386.42,1382.58,1377.99,1372.18,1365.53,1357.86,1350.03,1342.78,1337.12,1332.68,1329.15,1326.41,1324.59,1323.42,1321.20,1318.68,1316.07,1312.95,1309.26,1307.10,1306.43,1306.59,1306.05,1303.54,1299.54,1294.36,1288.67,1283.50,1278.12,1272.40,1266.62,1261.37,1256.31,1251.54,1247.04,1241.78,1236.00,1230.24,1224.89,1220.43,1216.31,1212.17,1207.49,1201.72,1195.99,1189.97,1183.51,1176.99,1171.96,1165.98,1159.85,1154.23,1149.78,1145.54,1141.36,1136.62,1130.91,1125.31,1119.30,1113.36,1107.70,1102.41,1099.13,1097.43,1096.70,1096.54,1096.44,1096.41,1096.41,1096.47,1096.76,1097.19,1097.68,1098.20,1098.75,1099.32,1099.98,1100.73,1101.57,1102.61,1103.45,1104.37,1105.38,1106.05,1106.46,1106.84,1107.17,1107.35,1107.44,1107.22,1106.73,1105.95,1104.94,1103.89,1102.79,1101.56,1100.05,1098.41,1096.53,1094.37,1091.86,1089.29,1086.72,1084.37,1082.49,1081.36,1080.99,1080.99,1081.31,1082.17,1083.67,1085.10,1086.63,1088.42,1090.20,1092.27,1094.40,1096.35,1097.69,1098.83,1099.87,1100.89,1101.84,1102.32,1102.45,1102.36,1102.17,1102.11,1101.53,1100.42,1099.02,1097.59,1096.09,1094.45,1092.66,1090.68,1088.63,1086.17,1083.58,1081.02,1078.70,1076.83,1074.92,1072.94,1070.91,1068.51,1065.59,1062.42,1059.38,1057.18,1054.87,1052.50,1049.56,1045.15,1040.55,1036.98,1033.93,1030.76,1026.72,1022.24,1017.56,1012.63,1007.01,1000.51,994.29,988.56,982.95,975.86,967.87,959.75,951.93,944.70,938.20,932.46,926.97,921.05,915.75,910.58,905.12,899.10,892.71,887.62,883.14,878.72,873.83,869.16,864.95,860.84,856.39,851.72,847.83,844.32,840.65,835.98,831.16,826.25,821.21,816.03,810.77,805.42,800.10,794.87,789.46,783.78,778.24,773.11,768.62,764.41,760.45,756.67,752.96,749.02,744.08,738.75,733.37,727.88,721.58,715.31,709.46
1555.59,1549.64,1542.13,1537.12,1533.36,1529.38,1524.47,1519.05,1513.59,1508.63,1505.09,1501.86,1498.64,1495.07,1490.92,1487.35,1484.47,1481.67,1478.70,1475.55,1472.14,1468.74,1465.26,1461.24,1456.22,1451.26,1446.59,1442.10,1437.11,1431.48,1425.43,1419.19,1413.19,1407.87,1402.85,1397.88,1392.94,1388.45,1384.23,1379.45,1373.58,1366.44,1358.59,1350.91,1344.09,1339.13,1335.56,1332.95,1331.18,1330.30,1329.66,1328.06,1325.97,1323.51,1320.52,1317.25,1315.09,1313.90,1313.08,1311.50,1308.48,1304.14,1298.71,1293.26,1288.33,1283.49,1278.52,1273.24,1267.60,1262.23,1257.23,1252.51,1247.61,1242.05,1236.06,1229.92,1224.15,1218.98,1214.14,1209.06,1203.20,1197.77,1192.57,1186.70,1180.14,1174.71,1168.97,1163.19,1157.75,1153.15,1148.71,1144.51,1139.84,1134.09,1128.08,1121.99,1116.12,1110.68,1106.13,1103.42,1102.11,1101.64,1101.63,1101.60,1101.76,1102.03,1102.34,1102.61,1102.96,1103.38,1103.84,1104.34,1104.86,1105.57,1106.33,1107.05,1107.90,1108.63,1109.20,1109.64,1110.08,1110.41,1110.58,1110.61,1110.54,1110.55,1110.38,1109.97,1109.33,1108.58,1107.76,1106.89,1105.85,1104.37,1102.60,1100.62,1098.45,1096.11,1093.68,1091.21,1088.90,1086.96,1085.77,1085.34,1085.36,1085.78,1086.76,1088.24,1089.77,1091.44,1093.35,1095.15,1096.97,1098.74,1100.37,1101.66,1102.74,1103.70,1104.68,1105.65,1106.13,1106.30,1106.29,1106.18,1106.14,1105.76,1104.85,1103.51,1101.86,1099.84,1097.67,1095.55,1093.50,1091.37,1088.91,1086.23,1083.46,1080.81,1078.55,1076.43,1074.36,1072.29,1069.96,1066.88,1063.36,1059.85,1057.21,1054.53,1051.74,1048.26,1043.28,1038.88,1035.39,1032.18,1028.63,1024.26,1019.60,1014.70,1009.46,1003.52,997.01,990.64,984.45,978.12,970.96,963.48,955.97,948.61,941.72,935.69,930.05,924.42,918.58,913.24,907.72,901.92,895.89,890.04,885.42,881.07,876.54,871.75,867.36,863.18,858.87,854.19,849.68,845.83,842.15,838.10,833.16,828.61,823.86,818.76,813.34,807.84,802.46,797.19,791.93,786.45,780.84,775.32,770.09,765.42,761.17,757.24,753.44,749.52,745.23,740.20,734.90,729.56,723.95,717.33,711.22,705.88
1555.08,1550.64,1544.10,1539.08,1535.11,1531.26,1526.66,1521.88,1516.77,1511.78,1508.22,1505.12,1502.47,1499.42,1495.14,1491.07,1488.05,1485.35,1482.67,1480.19,1477.07,1473.73,1470.29,1466.53,1462.08,1456.48,1450.79,1445.81,1441.07,1435.57,1429.54,1423.16,1416.69,1410.84,1405.46,1400.31,1395.24,1390.21,1385.38,1380.33,1374.58,1367.51,1359.73,1352.52,1346.46,1342.25,1339.43,1337.61,1336.59,1336.27,1335.69,1334.59,1332.97,1330.82,1328.18,1325.83,1323.74,1321.80,1319.78,1316.79,1312.97,1308.21,1302.71,1297.78,1293.23,1288.88,1284.58,1280.01,1274.09,1268.40,1262.90,1257.49,1252.79,1247.77,1241.95,1235.30,1228.27,1222.09,1216.41,1210.86,1205.25,1200.11,1195.42,1190.16,1183.97,1177.87,1172.30,1166.96,1161.79,1156.99,1152.40,1147.85,1142.98,1137.39,1130.95,1124.90,1119.27,1114.31,1110.79,1108.87,1107.92,1107.56,1107.57,1107.57,1107.96,1108.57,1109.12,1109.25,1109.41,1109.66,1109.99,1110.37,1110.78,1111.43,1112.11,1112.58,1113.10,1113.68,1113.88,1113.74,1113.97,1114.20,1114.07,1113.67,1113.23,1113.10,1112.92,1112.53,1111.94,1111.50,1110.99,1110.44,1109.69,1108.36,1106.58,1104.55,1102.39,1100.10,1097.70,1095.46,1093.24,1091.16,1089.87,1089.33,1089.34,1089.84,1090.93,1092.32,1093.95,1095.72,1097.57,1099.39,1100.88,1102.27,1103.64,1104.95,1106.08,1107.07,1108.06,1109.10,1109.64,1109.93,1110.04,1110.04,1110.03,1109.84,1109.27,1108.21,1106.42,1103.96,1101.14,1098.45,1096.11,1093.77,1091.40,1088.74,1085.79,1082.82,1080.03,1077.67,1075.53,1073.33,1071.01,1067.70,1063.83,1059.91,1056.80,1053.71,1050.38,1046.31,1040.97,1036.91,1033.46,1029.94,1025.91,1021.32,1016.50,1011.41,1005.90,999.63,993.03,986.45,979.78,972.93,966.58,959.66,952.58,945.69,939.29,933.43,927.68,921.93,916.25,910.71,904.70,898.62,892.92,887.94,883.54,879.07,874.37,869.74,865.58,861.39,856.91,852.10,847.82,843.92,839.87,835.38,830.55,826.32,821.62,816.32,810.69,804.99,799.64,794.51,789.34,783.73,778.13,772.56,767.10,762.17,757.98,754.09,750.18,745.97,741.33,736.33,731.13,725.71,719.90,713.11,707.37,702.70
1555.32,1552.08,1547.58,1542.18,1537.23,1533.32,1529.08,1524.51,1519.82,1515.35,1511.66,1508.31,1505.60,1502.86,1499.27,1495.11,1491.91,1489.10,1486.37,1483.91,1481.04,1477.92,1474.56,1470.87,1466.79,1461.56,1455.85,1450.27,1445.10,1439.49,1433.43,1426.89,1419.76,1413.50,1407.86,1402.46,1396.99,1391.51,1386.01,1380.57,1374.95,1368.37,1361.39,1355.16,1350.26,1347.37,1345.58,1344.20,1343.25,1342.77,1341.95,1340.75,1339.09,1336.98,1334.62,1332.12,1329.52,1326.98,1324.41,1320.54,1315.92,1311.01,1306.20,1302.28,1298.58,1294.32,1289.57,1284.78,1279.86,1274.60,1268.98,1263.11,1257.56,1252.24,1246.57,1240.27,1233.24,1226.00,1219.42,1213.65,1208.74,1204.02,1199.55,1194.69,1188.93,1182.19,1176.01,1170.49,1165.58,1161.25,1157.05,1151.55,1145.72,1140.33,1134.05,1128.05,1122.69,1118.36,1115.78,1114.45,1114.05,1114.09,1114.14,1114.19,1114.54,1114.94,1115.22,1115.32,1115.41,1115.60,1115.96,1116.59,1117.07,1117.51,1117.91,1118.19,1118.35,1118.38,1118.18,1117.82,1117.61,1117.30,1116.81,1116.22,1115.69,1115.50,1115.07,1114.47,1113.86,1113.44,1112.84,1112.23,1111.61,1110.67,1109.50,1107.91,1105.89,1103.49,1101.01,1099.16,1097.27,1095.26,1093.89,1093.31,1093.27,1093.69,1094.70,1096.21,1097.79,1099.26,1100.61,1101.99,1103.47,1104.96,1106.42,1107.85,1109.04,1110.07,1111.06,1112.01,1112.66,1113.03,1113.20,1113.24,1113.22,1112.89,1112.30,1111.42,1110.08,1108.28,1105.32,1101.83,1098.44,1095.80,1093.23,1090.42,1087.37,1084.27,1081.17,1078.56,1076.22,1073.85,1071.43,1067.57,1063.23,1059.13,1055.81,1052.10,1048.05,1043.62,1038.80,1034.90,1031.04,1026.88,1022.31,1017.45,1012.46,1007.31,1001.75,995.29,988.51,981.81,975.32,969.11,963.01,955.97,949.13,943.02,937.06,931.25,925.48,919.65,913.77,907.88,901.86,895.93,890.47,885.96,881.63,877.08,872.36,867.97,863.88,859.54,854.88,850.09,845.89,841.87,837.54,832.83,828.30,824.14,819.32,813.82,808.16,802.68,797.55,792.46,787.10,781.26,775.59,769.85,764.17,759.21,755.02,751.05,747.06,742.82,737.91,732.67,727.30,721.72,715.57,709.73,704.73,700.22
1556.28,1553.66,1550.51,1545.34,1539.99,1535.75,1531.75,1527.53,1523.36,1519.26,1515.19,1511.75,1508.84,1506.07,1502.96,1499.15,1496.00,1493.14,1490.30,1487.35,1484.50,1481.54,1478.33,1474.72,1470.70,1465.78,1460.27,1454.57,1449.21,1443.48,1437.20,1430.32,1422.89,1416.20,1410.13,1404.41,1398.75,1392.84,1386.82,1381.02,1375.49,1369.74,1363.75,1358.45,1354.44,1352.55,1351.42,1350.48,1349.73,1349.19,1348.27,1347.00,1345.34,1343.28,1341.01,1338.23,1335.16,1332.10,1329.13,1324.99,1319.97,1314.99,1310.63,1307.07,1303.55,1299.18,1294.01,1288.64,1284.16,1279.31,1273.93,1268.11,1262.15,1256.21,1250.28,1244.21,1237.62,1229.96,1222.90,1217.01,1212.52,1208.20,1203.85,1199.08,1193.45,1186.57,1179.63,1173.82,1169.09,1164.91,1160.94,1155.07,1148.68,1143.01,1137.01,1131.24,1126.29,1122.63,1120.79,1120.00,1119.99,1120.29,1120.43,1120.61,1120.95,1121.25,1121.39,1121.52,1121.65,1121.81,1122.10,1122.64,1123.02,1123.21,1123.30,1123.32,1123.18,1122.87,1122.47,1122.01,1121.49,1120.72,1119.90,1119.08,1118.31,1117.74,1117.04,1116.30,1115.65,1115.17,1114.45,1113.78,1113.18,1112.46,1111.66,1110.40,1108.65,1106.36,1103.84,1102.23,1100.67,1098.92,1097.53,1096.95,1096.85,1097.14,1097.99,1099.46,1100.91,1102.15,1103.18,1104.27,1105.74,1107.32,1108.88,1110.41,1111.71,1112.84,1113.86,1114.76,1115.51,1115.99,1116.26,1116.35,1116.30,1115.77,1115.04,1114.13,1112.91,1111.40,1108.63,1104.88,1100.71,1097.54,1094.62,1091.57,1088.37,1085.19,1081.98,1079.16,1076.61,1074.09,1071.56,1067.09,1062.04,1057.38,1053.71,1049.72,1045.32,1040.69,1036.21,1032.24,1027.90,1023.23,1018.35,1013.35,1008.26,1003.08,997.47,990.79,983.90,977.29,971.15,965.50,959.41,952.52,946.05,940.43,934.79,929.09,923.27,917.31,911.13,905.03,899.15,893.55,888.41,884.12,879.77,875.13,870.41,866.33,862.27,857.67,852.80,848.16,843.98,839.79,835.29,830.55,826.25,822.08,817.12,811.53,806.02,800.78,795.81,790.60,784.81,778.91,773.09,767.11,761.24,756.44,752.26,748.25,744.18,739.79,734.65,729.08,723.57,718.14,712.09,707.13,702.62,698.11
1558.12,1555.37,1552.46,1548.35,1543.53,1538.67,1534.71,1531.16,1527.58,1523.64,1518.96,1515.67,1512.47,1509.23,1506.17,1503.20,1500.38,1497.61,1494.60,1490.69,1487.52,1484.58,1481.53,1478.05,1473.78,1468.88,1463.69,1458.44,1453.33,1447.57,1440.83,1433.39,1426.14,1418.98,1412.28,1406.17,1400.64,1394.32,1388.00,1381.94,1376.42,1371.87,1366.95,1362.39,1358.92,1357.52,1356.51,1356.06,1355.81,1355.44,1354.62,1353.45,1351.91,1349.97,1347.55,1344.57,1341.14,1337.64,1334.34,1330.63,1325.70,1320.73,1316.35,1312.22,1307.91,1303.22,1297.89,1291.70,1286.67,1282.05,1277.31,1272.12,1266.47,1259.68,1252.98,1246.87,1241.03,1233.77,1226.82,1220.89,1216.37,1212.39,1208.08,1203.05,1197.16,1190.75,1183.11,1176.94,1172.28,1167.71,1163.65,1158.30,1151.99,1145.44,1139.76,1134.44,1130.06,1127.08,1125.78,1125.46,1125.62,1125.94,1126.25,1126.66,1127.11,1127.49,1127.78,1128.05,1128.29,1128.44,1128.51,1128.51,1128.56,1128.47,1128.24,1127.93,1127.58,1127.24,1126.88,1126.41,1125.77,1124.76,1123.63,1122.48,1121.23,1119.89,1118.93,1118.16,1117.46,1116.82,1116.03,1115.31,1114.66,1113.88,1112.99,1111.88,1110.49,1108.64,1106.20,1104.58,1103.27,1101.95,1100.62,1100.04,1099.89,1100.06,1100.68,1101.87,1103.15,1104.31,1105.34,1106.43,1107.83,1109.39,1111.00,1112.60,1114.06,1115.35,1116.46,1117.38,1118.20,1118.83,1119.23,1119.38,1119.27,1118.56,1117.59,1116.41,1114.81,1112.92,1110.64,1107.34,1102.87,1098.91,1095.51,1092.13,1088.72,1085.54,1082.36,1079.41,1076.66,1074.03,1071.33,1066.24,1060.24,1054.50,1050.31,1046.51,1042.22,1037.53,1033.00,1028.68,1023.88,1018.93,1014.10,1009.11,1004.02,998.80,993.09,986.16,979.30,973.04,967.35,961.93,955.63,949.38,943.47,937.93,932.47,926.91,921.04,914.83,908.33,902.23,896.63,891.46,886.74,882.45,877.96,873.20,868.52,864.81,860.75,855.79,850.68,846.31,842.12,837.72,833.14,828.58,824.42,820.15,815.08,809.53,804.36,799.30,794.37,788.85,782.43,776.67,770.63,764.33,758.33,753.88,749.73,745.73,741.58,736.88,731.52,725.57,720.03,715.16,709.80,705.36,700.98,696.36
1561.22,1557.57,1554.53,1551.08,1546.93,1542.25,1538.35,1535.37,1532.63,1529.65,1525.93,1522.16,1517.86,1513.79,1510.87,1508.43,1506.05,1503.27,1499.76,1495.36,1491.34,1487.72,1484.32,1480.82,1476.42,1471.63,1466.63,1461.47,1456.40,1451.08,1444.38,1436.49,1429.03,1421.67,1414.51,1407.98,1402.45,1396.51,1390.20,1384.19,1378.97,1374.83,1370.68,1366.85,1364.07,1363.40,1362.72,1362.46,1362.34,1361.98,1361.20,1360.10,1358.63,1356.67,1353.96,1351.04,1347.55,1343.78,1340.11,1336.30,1331.64,1326.71,1321.78,1316.64,1311.27,1306.04,1300.67,1294.49,1288.73,1283.91,1279.38,1274.57,1269.44,1261.85,1254.72,1248.92,1243.17,1236.46,1230.09,1224.50,1219.89,1215.64,1211.13,1205.93,1199.95,1193.83,1186.96,1180.73,1175.31,1170.25,1165.93,1161.11,1155.09,1147.89,1142.38,1137.56,1133.82,1131.48,1130.70,1130.65,1130.98,1131.53,1132.27,1132.90,1133.47,1133.95,1134.35,1134.77,1135.17,1135.41,1135.51,1135.56,1135.57,1135.38,1135.05,1134.57,1134.07,1133.53,1132.89,1132.08,1131.05,1129.76,1128.16,1126.50,1125.08,1123.72,1122.36,1121.03,1119.78,1118.53,1117.59,1116.85,1116.14,1115.27,1114.25,1113.09,1111.75,1110.17,1108.24,1106.58,1105.06,1103.61,1102.31,1101.64,1101.41,1101.60,1102.39,1103.53,1104.73,1105.91,1107.08,1108.29,1109.77,1111.35,1112.97,1114.59,1116.11,1117.57,1118.82,1119.67,1120.30,1120.77,1120.99,1120.98,1120.90,1120.30,1119.30,1117.91,1115.96,1113.80,1111.51,1108.31,1103.82,1099.42,1095.58,1091.96,1088.48,1085.22,1081.90,1078.82,1075.94,1073.05,1069.62,1063.93,1057.45,1051.43,1047.29,1043.51,1038.91,1033.73,1028.79,1023.96,1019.12,1014.35,1009.68,1004.83,999.72,994.26,988.27,981.49,975.25,969.41,963.84,958.36,952.11,946.41,941.00,935.68,930.34,924.83,918.74,912.21,905.69,899.76,894.40,889.55,885.19,880.95,875.88,870.99,866.74,863.11,859.01,853.97,848.80,844.49,840.23,835.72,831.20,826.82,822.65,818.17,813.12,807.78,802.75,797.86,792.78,786.91,780.18,774.65,767.95,761.45,755.92,751.56,747.36,743.28,739.00,734.01,728.14,722.33,717.12,712.56,707.88,703.68,699.31,694.55
1564.89,1560.40,1556.87,1553.71,1550.18,1546.06,1542.52,1540.10,1538.07,1535.98,1533.36,1529.26,1524.25,1519.64,1516.71,1514.47,1512.33,1509.41,1505.34,1500.54,1495.71,1491.19,1487.09,1483.34,1478.86,1474.17,1469.27,1464.15,1459.08,1454.14,1447.63,1439.58,1431.77,1424.28,1416.86,1410.02,1404.39,1399.01,1393.04,1387.32,1382.40,1378.35,1374.63,1371.48,1369.44,1369.47,1369.24,1369.21,1369.18,1368.90,1368.28,1367.24,1365.81,1363.79,1360.84,1357.94,1354.33,1350.21,1346.00,1341.78,1337.32,1332.42,1326.91,1320.78,1314.29,1308.39,1302.92,1297.02,1290.50,1285.31,1280.79,1276.16,1271.41,1263.26,1255.98,1250.58,1244.80,1238.60,1232.82,1227.59,1222.84,1218.17,1213.40,1208.09,1202.11,1196.22,1190.38,1184.32,1178.23,1172.76,1168.03,1163.52,1157.83,1150.46,1145.25,1140.93,1137.79,1136.07,1135.72,1135.88,1136.43,1137.32,1138.48,1139.39,1140.07,1140.61,1141.05,1141.49,1141.92,1142.18,1142.29,1142.43,1142.43,1142.24,1141.85,1141.30,1140.68,1139.94,1139.05,1137.94,1136.61,1135.18,1133.29,1131.26,1129.68,1128.31,1126.50,1124.59,1122.79,1120.92,1119.61,1118.54,1117.57,1116.60,1115.47,1114.22,1112.91,1111.52,1110.00,1108.27,1106.49,1104.83,1103.62,1102.89,1102.57,1102.79,1103.84,1104.98,1106.13,1107.34,1108.66,1110.02,1111.59,1113.21,1114.84,1116.46,1118.02,1119.59,1120.95,1121.79,1122.23,1122.46,1122.46,1122.23,1122.04,1121.51,1120.49,1118.92,1116.66,1114.26,1111.83,1108.57,1104.04,1099.38,1095.16,1091.35,1087.82,1084.46,1081.03,1077.84,1074.82,1071.61,1067.29,1061.15,1054.51,1048.50,1044.41,1040.27,1035.12,1029.39,1024.15,1019.02,1014.31,1009.82,1005.32,1000.58,995.38,989.66,983.47,977.09,971.48,965.92,960.32,954.73,948.80,943.59,938.58,933.46,928.19,922.64,916.30,909.49,903.08,897.44,892.35,887.76,883.60,879.21,873.68,868.80,864.99,861.35,857.21,852.17,847.03,842.67,838.31,833.76,829.30,825.06,820.83,816.16,811.21,806.15,801.18,796.43,791.06,784.82,778.02,772.62,765.31,758.74,753.77,749.35,745.05,740.85,736.40,731.14,724.81,719.34,714.57,710.26,706.12,702.06,697.64,692.71
1569.25,1564.79,1560.05,1556.32,1553.08,1550.03,1547.81,1545.92,1543.99,1541.87,1539.42,1536.05,1532.20,1528.34,1524.87,1522.07,1519.39,1516.02,1511.52,1506.18,1501.03,1495.60,1490.17,1485.55,1481.01,1476.28,1471.41,1466.47,1461.48,1456.28,1450.04,1442.56,1434.35,1426.78,1419.53,1412.71,1406.76,1401.89,1397.00,1392.05,1387.23,1382.87,1378.87,1376.15,1374.94,1375.32,1375.83,1376.29,1376.63,1376.79,1376.68,1375.80,1374.31,1372.20,1369.31,1366.07,1361.93,1357.08,1351.81,1346.65,1342.02,1337.12,1331.36,1324.60,1317.13,1310.37,1304.52,1299.02,1291.72,1286.04,1281.28,1276.42,1271.49,1263.47,1256.56,1251.61,1245.98,1239.96,1234.41,1229.28,1224.26,1219.18,1214.23,1208.89,1203.05,1197.45,1192.14,1186.64,1180.96,1175.36,1169.92,1165.03,1159.63,1153.36,1149.08,1145.15,1142.44,1141.27,1141.17,1141.49,1142.41,1143.74,1145.16,1146.43,1147.19,1147.68,1148.01,1148.05,1148.05,1147.99,1147.85,1147.73,1147.61,1147.40,1147.05,1146.49,1145.82,1145.07,1144.24,1143.29,1142.21,1141.13,1139.63,1137.81,1135.89,1133.81,1131.58,1129.48,1127.58,1125.38,1123.04,1120.77,1118.87,1117.80,1116.61,1115.40,1114.20,1112.90,1111.19,1109.33,1107.49,1105.90,1104.98,1104.32,1103.94,1104.13,1105.26,1106.41,1107.53,1108.71,1110.07,1111.61,1113.21,1114.83,1116.47,1118.14,1119.71,1121.23,1122.60,1123.64,1124.10,1124.19,1124.05,1123.65,1122.84,1121.91,1120.78,1119.15,1116.58,1114.01,1111.39,1107.87,1103.03,1098.37,1093.99,1090.00,1086.37,1082.88,1079.51,1076.29,1073.13,1069.56,1064.31,1058.20,1051.94,1046.14,1041.64,1036.13,1030.00,1024.01,1019.08,1014.42,1010.01,1005.69,1001.29,996.43,990.94,985.05,979.09,973.60,968.13,962.35,956.48,950.93,946.00,941.13,936.17,931.09,925.82,920.08,913.52,906.62,900.44,895.32,890.58,886.12,881.78,876.63,871.34,866.88,863.28,859.56,855.36,850.42,845.36,840.86,836.36,831.80,827.37,823.11,818.80,814.11,809.37,804.61,799.74,795.05,789.04,782.42,776.04,770.39,762.96,756.63,751.99,747.28,742.80,738.40,733.71,728.23,721.83,716.86,712.61,708.53,704.58,700.48,695.96,690.84
1573.72,1569.57,1564.06,1559.35,1555.76,1553.42,1552.04,1550.80,1549.22,1547.16,1544.68,1541.72,1538.72,1535.73,1532.69,1529.66,1526.01,1521.91,1517.25,1511.53,1505.78,1499.79,1493.82,1488.43,1483.33,1478.28,1473.27,1468.33,1463.46,1458.32,1452.35,1445.22,1436.77,1429.15,1422.00,1415.33,1409.60,1405.16,1401.06,1396.84,1392.41,1388.00,1384.04,1381.43,1380.41,1381.10,1381.89,1382.79,1383.54,1383.90,1383.90,1382.84,1381.12,1378.87,1375.90,1372.51,1368.37,1363.45,1357.66,1351.30,1345.93,1340.80,1335.08,1327.91,1319.64,1312.08,1305.68,1300.02,1292.28,1286.34,1281.44,1276.41,1271.18,1263.53,1256.98,1252.13,1246.46,1240.36,1234.93,1229.91,1224.66,1219.41,1214.29,1208.91,1203.19,1197.88,1192.99,1188.04,1182.84,1177.30,1171.70,1166.58,1161.43,1156.12,1152.31,1149.24,1147.31,1146.66,1146.95,1147.48,1148.57,1149.99,1151.32,1152.47,1153.13,1153.57,1153.85,1153.83,1153.82,1153.81,1153.78,1153.67,1153.37,1153.05,1152.65,1152.07,1151.33,1150.40,1149.43,1148.44,1147.39,1146.44,1145.17,1143.55,1141.62,1139.45,1137.02,1134.68,1132.53,1130.13,1127.29,1124.37,1121.68,1119.65,1118.03,1116.74,1115.55,1114.20,1112.35,1110.40,1108.60,1107.14,1106.28,1105.50,1105.08,1105.28,1106.38,1107.53,1108.68,1109.96,1111.49,1113.16,1114.82,1116.45,1118.08,1119.70,1121.22,1122.69,1124.11,1125.27,1125.64,1125.18,1124.51,1123.75,1122.55,1121.54,1120.23,1118.36,1115.69,1113.09,1109.81,1105.70,1100.83,1096.24,1092.04,1088.21,1084.67,1081.19,1077.84,1074.58,1071.11,1066.92,1061.49,1055.50,1049.43,1043.53,1037.90,1031.61,1025.34,1019.61,1014.93,1010.59,1006.50,1002.30,997.71,992.64,986.98,981.18,975.55,970.32,964.83,958.77,952.83,947.90,943.58,938.79,933.76,928.65,923.35,917.35,910.64,903.85,898.11,893.24,888.75,884.40,879.81,874.07,869.21,865.16,861.55,857.66,853.42,848.54,843.49,838.82,834.14,829.46,825.05,820.93,816.63,812.09,807.54,802.96,798.13,793.36,786.82,779.83,773.65,767.84,760.85,754.89,750.27,745.25,740.59,736.13,731.25,725.32,719.46,714.95,710.95,706.99,703.12,698.81,694.03,688.72
1578.35,1574.56,1568.67,1562.87,1558.62,1556.67,1555.74,1555.13,1553.98,1552.05,1549.41,1546.68,1544.30,1542.20,1540.05,1536.97,1532.22,1527.32,1522.55,1516.57,1510.11,1503.80,1497.71,1491.68,1485.78,1480.23,1474.95,1469.92,1465.14,1460.22,1454.49,1447.52,1439.04,1431.48,1424.39,1417.94,1412.70,1408.64,1405.09,1401.52,1397.67,1393.49,1389.82,1387.28,1386.26,1387.22,1387.98,1389.11,1390.09,1390.37,1390.16,1388.70,1386.66,1384.20,1381.05,1377.60,1373.69,1369.09,1363.23,1355.75,1349.30,1343.69,1338.13,1330.74,1321.77,1313.50,1306.46,1300.29,1292.42,1286.36,1281.32,1276.13,1270.58,1263.48,1257.29,1252.31,1246.44,1240.13,1234.79,1229.90,1224.46,1219.16,1213.93,1208.52,1202.97,1197.89,1193.32,1188.83,1184.10,1178.82,1173.39,1168.20,1163.30,1158.80,1155.24,1153.24,1152.28,1152.18,1152.91,1153.64,1154.79,1156.10,1157.14,1157.97,1158.52,1158.93,1159.27,1159.45,1159.67,1159.95,1160.20,1160.23,1159.75,1159.24,1158.71,1158.05,1157.20,1156.02,1154.79,1153.60,1152.40,1151.38,1150.18,1148.72,1146.99,1145.07,1142.64,1140.08,1137.62,1135.01,1132.02,1128.83,1125.50,1122.18,1119.88,1118.29,1116.93,1115.44,1113.51,1111.53,1109.77,1108.41,1107.48,1106.52,1106.08,1106.32,1107.34,1108.48,1109.71,1111.17,1112.92,1114.68,1116.40,1118.03,1119.59,1121.11,1122.53,1123.95,1125.37,1126.50,1126.63,1125.45,1124.10,1122.95,1121.59,1120.55,1118.96,1116.76,1114.12,1111.35,1107.17,1102.41,1097.76,1093.35,1089.53,1086.05,1082.71,1079.35,1076.03,1072.68,1068.80,1063.91,1058.78,1052.95,1046.91,1040.65,1033.65,1027.01,1021.09,1015.90,1011.44,1007.28,1003.45,999.32,994.40,989.12,983.41,977.82,972.49,967.11,961.46,955.22,949.47,945.38,941.35,936.50,931.33,926.13,920.78,914.50,907.71,901.17,895.94,891.18,886.88,882.58,877.68,871.63,867.26,863.53,859.79,855.71,851.35,846.42,841.32,836.53,831.72,826.89,822.48,818.56,814.35,810.06,805.71,801.21,796.34,791.32,784.40,777.18,771.02,765.12,758.88,753.36,748.53,743.22,738.44,733.97,728.88,722.46,717.47,713.36,709.48,705.57,701.69,697.03,691.91,686.45
1583.49,1579.43,1573.79,1567.81,1563.19,1561.01,1560.12,1559.63,1558.60,1556.69,1553.80,1551.39,1549.64,1548.14,1546.20,1542.75,1537.84,1532.54,1527.09,1520.88,1514.13,1507.45,1500.99,1494.71,1488.50,1482.33,1476.58,1471.52,1466.64,1461.75,1455.97,1448.98,1441.02,1433.94,1427.14,1420.87,1415.82,1411.89,1408.71,1405.56,1402.19,1399.00,1395.87,1394.33,1394.42,1395.49,1395.97,1396.41,1396.50,1395.91,1395.02,1393.28,1390.96,1388.11,1384.50,1380.79,1376.78,1372.35,1367.04,1359.77,1352.22,1345.59,1339.78,1332.50,1322.99,1314.08,1306.54,1300.03,1292.34,1286.11,1280.74,1275.32,1269.55,1263.26,1257.56,1252.27,1245.91,1239.75,1234.66,1229.90,1224.41,1218.91,1213.70,1208.52,1203.28,1198.23,1193.69,1189.30,1184.85,1180.15,1175.04,1170.07,1165.47,1161.54,1158.58,1157.30,1157.11,1157.72,1158.87,1159.56,1160.71,1162.02,1162.85,1163.95,1164.79,1165.53,1166.22,1166.69,1167.16,1167.68,1168.08,1167.99,1167.46,1166.81,1165.97,1164.81,1163.75,1162.43,1160.97,1159.44,1157.82,1156.40,1155.01,1153.56,1151.97,1150.22,1148.03,1145.57,1142.92,1139.90,1136.71,1133.38,1129.88,1126.23,1123.13,1120.47,1118.28,1116.61,1114.77,1112.88,1110.98,1109.31,1108.39,1107.45,1107.09,1107.41,1108.34,1109.47,1110.92,1112.58,1114.36,1116.13,1117.88,1119.34,1120.57,1121.96,1123.31,1124.64,1125.71,1126.10,1125.52,1124.14,1122.79,1121.71,1120.49,1118.60,1116.45,1114.15,1111.44,1107.29,1102.44,1097.81,1093.83,1089.99,1086.54,1083.29,1080.14,1077.07,1073.87,1070.25,1065.97,1060.93,1056.16,1050.42,1044.08,1037.24,1029.93,1023.31,1017.64,1012.71,1008.32,1004.18,1000.37,996.17,991.11,985.84,980.25,974.72,969.28,963.64,957.44,951.77,946.99,943.14,938.91,934.01,928.79,923.44,917.89,911.49,904.84,898.60,893.65,889.11,884.96,880.50,875.24,869.74,865.57,861.77,857.89,853.72,848.83,843.42,838.17,833.68,829.07,824.27,819.79,815.81,811.81,807.86,803.81,799.38,794.12,788.30,781.62,774.82,768.51,762.51,756.94,751.70,746.56,741.11,736.49,731.78,726.34,720.03,715.57,711.73,707.98,704.15,700.11,695.00,689.63,684.24
1588.30,1584.03,1578.90,1573.27,1568.71,1566.33,1565.25,1564.41,1563.15,1561.04,1557.86,1555.76,1554.58,1553.55,1551.69,1548.01,1542.79,1536.93,1530.80,1524.45,1517.55,1510.67,1503.96,1497.36,1490.95,1484.42,1478.35,1473.13,1468.02,1462.98,1457.13,1450.29,1442.98,1436.48,1430.10,1424.05,1419.01,1415.10,1412.13,1409.27,1406.32,1403.86,1401.16,1400.19,1400.83,1401.96,1402.45,1402.73,1402.43,1401.18,1399.59,1397.37,1394.48,1390.92,1386.83,1382.79,1378.55,1374.03,1368.86,1361.61,1353.71,1346.73,1340.78,1333.47,1323.69,1314.38,1306.36,1299.38,1291.89,1285.74,1280.28,1274.76,1269.07,1263.38,1257.84,1252.12,1245.37,1239.39,1234.44,1229.76,1224.40,1218.93,1213.76,1208.78,1203.94,1199.14,1194.61,1190.19,1185.87,1181.57,1176.82,1172.19,1168.03,1164.73,1162.70,1162.07,1162.47,1163.66,1165.12,1165.99,1167.38,1169.05,1170.34,1171.77,1172.87,1173.82,1174.66,1175.15,1175.61,1176.10,1176.38,1175.90,1175.22,1174.47,1173.46,1172.05,1170.79,1169.31,1167.65,1165.82,1163.91,1162.18,1160.50,1158.80,1157.05,1155.14,1153.04,1150.70,1147.97,1144.76,1141.35,1137.88,1134.32,1130.49,1126.79,1123.33,1120.36,1118.16,1116.26,1114.37,1112.35,1110.39,1109.24,1108.32,1108.07,1108.48,1109.45,1110.68,1112.28,1114.04,1115.81,1117.56,1119.17,1120.41,1121.38,1122.55,1123.69,1124.68,1125.26,1125.01,1123.94,1122.55,1121.11,1119.72,1118.31,1115.94,1113.23,1110.36,1107.05,1102.23,1097.37,1093.20,1089.90,1086.57,1083.43,1080.39,1077.43,1074.57,1071.41,1067.50,1062.97,1058.06,1053.53,1047.91,1041.33,1033.98,1026.50,1020.12,1014.72,1009.96,1005.56,1001.32,997.31,992.95,987.90,982.71,977.23,971.58,965.79,959.85,953.61,948.66,944.68,940.91,936.42,931.39,926.10,920.61,914.84,908.39,901.98,896.11,891.35,887.04,882.82,878.04,872.50,867.64,863.66,859.88,855.97,851.68,846.09,840.30,835.06,830.80,826.40,821.65,817.09,813.01,809.26,805.60,801.61,797.02,791.37,785.00,778.68,772.35,765.98,760.15,755.05,749.97,744.63,739.21,734.69,729.48,723.61,717.88,713.75,710.06,706.44,702.66,698.26,692.88,687.50,682.27
1592.50,1588.25,1583.86,1579.16,1575.20,1572.79,1571.30,1569.59,1567.61,1565.07,1561.53,1559.67,1558.94,1558.28,1556.49,1552.82,1546.85,1540.12,1533.41,1527.08,1520.15,1513.35,1506.61,1499.54,1492.97,1486.47,1480.33,1474.78,1469.30,1463.87,1457.99,1451.58,1444.97,1439.12,1433.31,1427.56,1422.35,1418.32,1415.34,1412.66,1410.04,1407.74,1405.28,1404.06,1404.24,1405.38,1406.31,1407.38,1407.63,1406.24,1404.00,1401.00,1397.07,1392.43,1387.88,1383.45,1378.85,1373.92,1368.18,1360.44,1353.25,1346.98,1341.11,1333.52,1323.82,1314.40,1305.93,1298.30,1291.00,1285.27,1280.11,1274.70,1269.52,1264.03,1258.17,1251.85,1244.94,1239.07,1234.12,1229.44,1224.42,1219.35,1214.21,1209.37,1205.00,1200.81,1196.33,1191.82,1187.43,1183.22,1178.83,1174.66,1171.07,1168.61,1167.88,1167.82,1168.61,1170.18,1171.84,1173.26,1175.22,1177.70,1180.33,1182.05,1183.25,1184.16,1184.77,1184.90,1184.98,1185.07,1184.86,1183.73,1182.75,1181.90,1180.97,1179.72,1178.31,1176.64,1174.77,1172.77,1170.84,1168.98,1166.94,1164.69,1162.34,1159.87,1157.59,1155.26,1152.60,1149.55,1145.92,1142.29,1138.68,1134.71,1130.75,1127.04,1123.51,1120.28,1118.07,1116.05,1113.95,1111.82,1110.08,1109.15,1109.01,1109.53,1110.70,1112.21,1113.82,1115.53,1117.29,1118.97,1120.21,1121.19,1122.04,1122.85,1123.57,1123.93,1123.88,1123.29,1122.12,1120.83,1119.05,1116.76,1114.59,1112.39,1109.21,1105.10,1100.52,1096.31,1092.30,1088.88,1086.18,1083.15,1080.26,1077.44,1074.64,1071.85,1068.59,1064.42,1059.84,1055.33,1050.84,1045.40,1038.75,1031.03,1023.42,1017.47,1012.38,1007.70,1003.22,998.73,994.27,989.68,984.81,979.76,974.30,968.32,961.96,955.68,950.21,946.01,942.44,938.61,933.87,928.63,923.21,917.63,911.64,905.20,899.13,893.71,889.06,884.97,880.36,875.06,869.42,865.13,861.41,857.82,854.06,849.54,843.16,837.22,832.21,828.01,823.75,819.03,814.39,810.23,806.77,803.28,799.04,793.94,787.99,781.56,775.64,769.68,763.41,758.10,753.24,748.18,742.82,737.64,733.04,727.00,720.69,716.05,712.02,708.36,704.85,701.08,696.04,690.67,685.59,680.61
1596.64,1592.44,1588.60,1584.84,1581.59,1579.16,1577.11,1574.89,1572.35,1569.35,1565.84,1563.80,1562.90,1562.04,1559.96,1556.11,1549.61,1542.20,1534.97,1528.73,1522.03,1515.50,1508.90,1501.56,1494.71,1488.22,1482.13,1476.51,1470.97,1465.11,1459.03,1452.91,1447.21,1442.00,1436.81,1431.51,1426.27,1421.93,1418.43,1415.52,1413.13,1411.01,1408.87,1407.59,1407.51,1408.79,1409.88,1410.71,1410.79,1409.59,1407.22,1402.91,1397.87,1392.71,1387.75,1382.71,1377.72,1372.46,1366.36,1359.19,1352.64,1346.69,1340.66,1332.76,1323.03,1313.38,1304.72,1297.67,1290.93,1285.46,1280.52,1275.50,1270.67,1264.81,1258.37,1251.64,1245.01,1239.21,1234.15,1229.47,1224.90,1220.44,1215.50,1210.67,1206.41,1202.70,1199.04,1194.97,1190.58,1186.21,1181.81,1177.95,1175.03,1173.58,1173.43,1173.91,1175.12,1177.08,1179.39,1181.84,1184.27,1186.63,1188.76,1190.05,1190.93,1191.55,1191.91,1191.97,1191.98,1191.85,1191.40,1190.30,1189.24,1188.17,1187.00,1185.65,1184.13,1182.38,1180.53,1178.62,1176.63,1174.47,1172.20,1169.86,1167.43,1164.76,1162.22,1159.57,1156.65,1153.62,1150.00,1146.26,1142.50,1138.59,1134.59,1130.77,1127.07,1123.45,1120.34,1117.88,1115.64,1113.52,1111.61,1110.46,1110.10,1110.52,1111.85,1113.46,1115.14,1116.88,1118.58,1119.99,1121.01,1121.90,1122.57,1122.69,1122.77,1122.80,1122.49,1121.45,1119.65,1117.67,1115.41,1112.80,1109.99,1107.20,1103.75,1099.73,1095.54,1091.69,1088.18,1085.17,1082.67,1079.88,1077.18,1074.54,1071.82,1068.78,1065.51,1061.41,1056.92,1052.52,1047.95,1042.63,1035.98,1028.17,1021.00,1015.36,1010.21,1005.30,1000.76,996.14,991.56,986.93,982.10,976.90,971.11,964.70,958.01,952.09,947.57,943.87,940.23,935.98,931.12,925.80,920.22,914.41,908.39,902.28,896.55,891.40,887.01,882.94,877.68,872.07,867.02,862.89,859.21,855.74,851.95,846.71,840.23,834.37,829.48,825.39,821.09,816.34,811.74,807.71,804.36,800.70,796.21,790.78,784.53,778.87,773.28,767.36,761.18,756.22,751.42,746.31,740.96,735.91,730.79,724.57,718.52,714.40,710.54,706.97,703.47,699.50,693.77,688.59,683.78,678.89
1600.98,1596.88,1593.54,1590.56,1587.86,1585.37,1582.70,1580.08,1577.14,1573.86,1570.56,1568.23,1566.69,1565.15,1562.59,1558.51,1551.52,1543.61,1536.07,1529.92,1523.52,1517.30,1510.88,1503.43,1496.23,1489.70,1483.76,1478.26,1472.77,1466.63,1460.37,1454.47,1449.49,1444.87,1440.34,1435.63,1430.61,1426.00,1421.90,1418.55,1416.07,1414.08,1412.35,1411.28,1411.21,1412.51,1413.46,1413.67,1413.18,1411.82,1409.26,1403.72,1397.85,1392.55,1387.23,1381.59,1376.27,1370.77,1364.35,1357.85,1351.79,1345.93,1339.67,1331.45,1321.77,1312.13,1303.58,1297.35,1291.35,1286.13,1281.33,1276.60,1271.95,1265.70,1258.78,1251.86,1245.56,1239.72,1234.49,1229.77,1225.55,1221.74,1217.16,1212.39,1208.04,1204.67,1201.85,1198.43,1194.29,1189.83,1185.32,1181.77,1179.59,1179.07,1179.34,1180.42,1182.22,1184.67,1187.55,1190.71,1193.28,1195.18,1196.41,1197.13,1197.61,1197.91,1198.05,1198.11,1198.07,1197.79,1197.21,1196.27,1195.18,1193.89,1192.47,1190.96,1189.35,1187.53,1185.71,1183.90,1181.84,1179.42,1177.01,1174.66,1172.23,1169.51,1166.72,1163.74,1160.56,1157.49,1153.94,1150.07,1146.07,1142.21,1138.26,1134.41,1130.65,1126.88,1122.92,1119.87,1117.39,1115.29,1113.39,1112.03,1111.34,1111.53,1112.93,1114.58,1116.32,1118.07,1119.68,1120.81,1121.74,1122.48,1122.83,1122.29,1121.79,1121.46,1120.80,1119.19,1116.74,1113.99,1111.26,1108.46,1105.13,1101.68,1098.09,1094.48,1090.97,1087.46,1084.41,1081.78,1079.44,1076.88,1074.33,1071.72,1068.92,1065.66,1062.35,1058.36,1054.01,1049.67,1045.09,1039.73,1033.08,1025.43,1018.85,1013.42,1008.09,1002.85,998.23,993.55,988.95,984.32,979.41,973.93,967.73,960.91,954.14,948.99,945.33,941.89,938.00,933.26,928.30,922.92,917.20,911.22,905.24,899.50,894.12,889.18,884.91,880.71,874.95,869.23,864.82,860.72,857.05,853.56,849.53,843.53,837.17,831.59,826.90,822.89,818.46,813.66,809.14,805.26,801.89,798.00,793.22,787.56,781.26,776.44,771.13,765.19,759.13,754.33,749.55,744.44,739.13,734.14,728.31,722.18,716.72,712.88,709.17,705.70,702.10,697.75,691.53,686.60,681.98,677.05
1606.05,1602.19,1599.33,1596.60,1593.88,1591.08,1587.79,1584.79,1581.82,1578.86,1576.11,1573.40,1570.33,1567.08,1563.76,1559.37,1551.93,1543.91,1536.68,1530.53,1524.43,1518.40,1512.13,1504.94,1497.26,1490.63,1484.99,1479.98,1474.68,1468.73,1462.59,1456.67,1451.66,1447.43,1443.66,1439.88,1435.70,1431.19,1426.81,1422.68,1419.15,1417.02,1415.95,1415.86,1416.45,1417.25,1417.41,1416.73,1415.00,1412.00,1408.49,1402.53,1396.89,1392.12,1386.61,1380.61,1375.17,1369.59,1362.88,1356.36,1350.24,1344.22,1337.64,1329.05,1319.89,1311.12,1303.41,1297.69,1292.60,1287.82,1282.93,1277.80,1272.99,1266.81,1260.08,1253.39,1247.21,1241.06,1235.50,1230.60,1226.38,1223.02,1219.24,1214.76,1210.00,1206.66,1204.03,1201.39,1198.31,1194.21,1189.59,1186.58,1185.17,1185.20,1186.05,1188.02,1190.88,1194.19,1196.88,1199.23,1200.97,1202.20,1202.99,1203.36,1203.57,1203.70,1203.77,1203.73,1203.50,1203.09,1202.48,1201.57,1200.32,1198.96,1197.50,1195.90,1194.23,1192.33,1190.38,1188.39,1186.20,1183.87,1181.45,1178.95,1176.28,1173.57,1170.68,1167.65,1164.52,1161.38,1157.88,1153.80,1149.38,1145.29,1141.49,1137.73,1133.93,1130.07,1126.08,1122.30,1119.22,1116.99,1115.33,1114.01,1112.93,1112.62,1113.94,1115.53,1117.23,1118.88,1120.34,1121.45,1122.44,1122.74,1122.32,1121.57,1120.91,1119.83,1118.13,1115.69,1113.00,1110.06,1106.99,1103.78,1100.24,1096.65,1093.16,1089.71,1086.25,1083.23,1080.88,1078.91,1076.99,1074.63,1072.16,1069.17,1065.82,1062.72,1059.13,1055.09,1050.90,1046.78,1042.55,1036.66,1029.93,1023.07,1017.04,1011.58,1005.94,1000.36,995.59,990.92,986.37,981.65,976.43,970.50,963.88,956.96,950.70,946.95,943.66,939.97,935.64,930.59,925.42,919.89,914.17,908.36,902.48,897.00,891.93,887.12,882.44,877.81,872.25,866.90,862.64,858.59,854.93,851.04,846.30,839.90,833.71,828.76,824.67,820.70,815.89,811.08,806.64,802.73,799.19,795.14,790.01,784.17,778.65,774.18,768.98,763.19,757.35,752.25,747.52,742.64,737.54,732.39,725.63,719.89,715.36,711.58,707.96,704.51,700.51,695.47,689.52,684.78,680.07,674.87
1611.71,1607.76,1604.87,1602.17,1599.50,1596.75,1593.37,1589.73,1586.26,1583.14,1580.44,1577.57,1573.26,1568.29,1563.63,1558.61,1551.59,1544.11,1537.10,1530.78,1524.98,1519.16,1512.96,1505.91,1497.95,1491.36,1486.06,1481.60,1476.75,1471.22,1465.42,1459.72,1454.72,1450.23,1446.46,1443.17,1439.98,1436.35,1432.12,1427.64,1423.51,1421.08,1420.13,1420.30,1420.90,1420.98,1420.40,1418.66,1415.62,1411.16,1406.49,1400.69,1395.44,1390.78,1384.98,1379.01,1373.43,1367.65,1360.92,1354.47,1348.24,1341.79,1334.62,1326.10,1317.91,1310.40,1303.82,1298.63,1294.16,1289.78,1284.94,1279.50,1274.52,1268.65,1262.17,1255.51,1249.32,1242.99,1237.09,1231.81,1227.45,1224.36,1221.24,1217.38,1212.80,1208.96,1206.24,1203.92,1201.48,1198.39,1194.84,1192.36,1191.37,1192.05,1193.30,1195.47,1198.43,1201.71,1204.14,1205.94,1207.19,1208.14,1208.87,1209.15,1209.35,1209.48,1209.49,1209.33,1208.94,1208.48,1207.89,1206.93,1205.59,1204.17,1202.68,1201.03,1199.26,1197.22,1195.11,1192.97,1190.67,1188.31,1185.86,1183.26,1180.40,1177.40,1174.39,1171.37,1168.31,1165.14,1161.72,1157.65,1153.02,1148.26,1144.24,1140.42,1136.61,1132.82,1128.95,1124.96,1121.40,1118.68,1117.01,1115.61,1114.29,1113.67,1114.82,1116.41,1118.09,1119.63,1120.94,1122.02,1122.70,1122.54,1121.69,1120.79,1119.73,1117.98,1115.68,1112.96,1109.80,1106.57,1103.20,1099.63,1095.84,1092.06,1088.38,1084.97,1082.16,1079.88,1078.14,1076.52,1074.69,1072.48,1069.65,1066.27,1062.70,1059.63,1055.85,1051.90,1047.97,1044.03,1040.08,1034.20,1027.54,1020.99,1015.36,1009.71,1003.89,998.25,993.38,988.48,983.72,978.70,973.08,966.85,960.10,953.67,948.36,945.17,941.87,937.70,932.87,927.70,922.53,917.04,911.39,905.66,899.94,894.61,889.46,884.45,879.61,874.79,869.62,864.69,860.47,856.49,852.62,848.09,842.61,836.35,830.72,826.31,822.47,818.29,813.38,808.53,804.05,800.06,796.37,792.22,787.01,781.25,776.15,771.63,766.36,760.69,755.15,750.08,745.45,740.75,735.83,730.64,723.56,718.08,714.04,710.30,706.73,703.27,698.80,693.03,687.54,682.90,678.02,672.54
1617.46,1613.34,1610.14,1607.34,1604.76,1602.21,1599.05,1594.70,1590.37,1586.61,1583.59,1580.66,1575.40,1568.87,1562.66,1556.91,1550.76,1544.17,1537.30,1530.79,1525.23,1519.62,1513.49,1506.51,1498.49,1492.05,1487.11,1483.18,1478.92,1473.95,1468.66,1463.36,1458.38,1453.30,1449.06,1445.83,1443.54,1441.13,1437.42,1433.05,1428.79,1425.96,1424.74,1424.57,1424.65,1423.93,1422.63,1419.87,1415.55,1409.71,1403.84,1398.46,1393.59,1388.68,1382.59,1376.88,1371.21,1365.19,1358.59,1352.27,1345.89,1338.94,1331.19,1323.14,1316.19,1310.12,1304.72,1300.03,1295.91,1291.88,1287.21,1281.60,1276.43,1270.99,1264.79,1258.05,1251.76,1245.39,1239.17,1233.46,1228.90,1225.87,1223.23,1220.12,1216.13,1211.63,1208.64,1206.23,1204.10,1202.32,1200.44,1198.53,1197.77,1199.10,1200.59,1202.52,1204.93,1207.61,1209.75,1211.28,1212.38,1213.31,1214.21,1214.62,1215.00,1215.24,1215.20,1214.95,1214.48,1214.03,1213.49,1212.47,1211.09,1209.61,1208.07,1206.37,1204.45,1202.22,1199.94,1197.66,1195.22,1192.74,1190.23,1187.60,1184.63,1181.23,1178.00,1174.92,1171.90,1168.74,1165.41,1161.52,1156.85,1151.24,1146.70,1142.68,1138.90,1135.24,1131.57,1127.70,1123.82,1120.41,1118.48,1116.90,1115.47,1114.71,1115.60,1117.22,1118.87,1120.31,1121.47,1122.53,1122.67,1122.07,1121.03,1119.98,1118.37,1116.09,1113.54,1110.85,1107.06,1103.46,1099.82,1095.94,1091.88,1087.83,1083.89,1080.58,1078.74,1077.25,1075.96,1074.47,1072.54,1070.27,1066.83,1063.10,1059.57,1056.45,1052.59,1048.84,1045.18,1041.40,1037.65,1032.14,1025.67,1019.12,1013.76,1007.83,1001.92,996.39,991.46,986.16,981.00,975.57,969.53,963.15,956.50,950.92,946.79,943.57,939.93,935.17,929.87,924.73,919.69,914.35,908.79,903.10,897.54,892.25,886.81,881.42,876.63,871.77,867.04,862.53,858.31,854.39,850.10,844.82,838.74,832.96,828.11,824.10,820.23,815.75,810.90,805.98,801.39,797.34,793.52,789.27,784.17,778.66,773.70,768.88,763.46,757.88,752.68,747.87,743.37,738.80,733.99,728.81,721.94,716.69,712.80,709.09,705.49,701.91,696.96,690.56,685.56,680.89,675.76,670.05
1621.54,1618.05,1614.90,1612.14,1609.46,1606.55,1603.10,1598.76,1593.47,1588.10,1584.71,1581.41,1575.60,1568.41,1561.67,1555.89,1549.90,1543.55,1536.94,1530.63,1525.16,1519.67,1513.77,1507.11,1499.38,1493.30,1488.66,1484.91,1481.08,1476.65,1471.91,1467.03,1462.12,1457.13,1452.49,1448.69,1446.18,1443.90,1441.11,1437.88,1434.40,1431.28,1429.57,1428.49,1427.56,1426.34,1424.18,1421.22,1416.18,1408.50,1402.07,1396.35,1391.07,1385.81,1379.78,1374.20,1368.59,1362.62,1356.11,1349.78,1343.18,1336.33,1329.28,1322.36,1316.51,1311.31,1306.47,1301.91,1297.76,1293.81,1289.40,1284.06,1278.59,1273.29,1267.45,1261.00,1254.64,1248.24,1242.03,1236.29,1231.55,1228.12,1225.37,1222.55,1219.23,1215.30,1211.82,1208.98,1206.84,1205.55,1204.24,1203.16,1203.08,1204.49,1205.98,1207.79,1209.87,1212.06,1214.01,1215.64,1217.00,1218.18,1219.17,1219.82,1220.44,1220.86,1220.95,1220.84,1220.51,1220.11,1219.60,1218.64,1217.30,1215.76,1214.02,1212.03,1209.93,1207.51,1205.04,1202.52,1199.67,1196.97,1194.43,1191.92,1189.17,1185.81,1181.96,1178.25,1175.01,1171.88,1168.69,1165.01,1160.47,1154.59,1149.22,1144.90,1141.12,1137.40,1133.72,1129.95,1126.11,1122.45,1119.71,1118.02,1116.60,1115.72,1116.27,1117.74,1119.30,1120.66,1121.78,1122.85,1122.63,1121.76,1120.57,1119.10,1117.10,1114.80,1112.27,1109.25,1104.75,1100.68,1096.84,1092.93,1088.65,1084.19,1080.73,1078.34,1076.78,1075.39,1074.03,1072.59,1070.69,1067.51,1063.59,1059.82,1056.42,1053.21,1049.63,1046.13,1042.63,1038.93,1035.22,1029.97,1023.83,1017.50,1012.18,1005.91,999.96,994.62,989.57,983.63,978.09,972.48,966.30,959.87,953.63,948.81,945.39,942.17,937.72,932.52,927.18,922.17,917.23,911.88,906.28,900.62,895.18,889.69,884.17,878.88,874.20,869.28,864.56,860.18,856.17,852.25,847.07,841.34,835.54,830.18,825.75,821.74,817.70,813.28,808.34,803.31,798.78,794.89,790.97,786.42,781.42,776.24,771.19,766.08,760.69,755.32,750.29,745.82,741.45,736.88,731.93,726.47,720.55,715.82,711.95,708.10,704.25,700.09,694.84,688.59,683.43,678.32,672.87,667.15
1625.60,1622.57,1619.39,1616.39,1613.36,1610.02,1606.21,1601.65,1595.61,1589.08,1584.89,1580.74,1574.60,1567.46,1560.86,1555.11,1549.04,1542.68,1536.24,1530.17,1524.88,1519.53,1513.81,1507.47,1500.57,1495.09,1490.74,1487.09,1483.52,1479.55,1475.30,1470.83,1466.17,1461.39,1456.52,1452.16,1449.04,1446.53,1444.32,1441.97,1439.20,1436.07,1433.94,1432.09,1430.32,1428.66,1425.92,1422.61,1416.87,1407.90,1400.98,1394.94,1389.16,1383.35,1377.28,1371.68,1366.13,1360.25,1353.82,1347.58,1341.25,1335.05,1329.11,1323.44,1318.25,1313.48,1308.87,1304.11,1299.77,1295.76,1291.51,1286.51,1280.94,1275.67,1270.08,1263.99,1257.70,1251.34,1245.25,1239.64,1234.88,1231.07,1228.06,1225.30,1222.45,1219.24,1215.60,1212.44,1210.15,1209.05,1208.13,1207.73,1208.10,1209.40,1210.82,1212.54,1214.36,1216.20,1217.99,1219.71,1221.33,1222.75,1223.82,1224.73,1225.57,1226.18,1226.46,1226.51,1226.33,1226.02,1225.55,1224.72,1223.53,1222.04,1220.25,1218.09,1215.75,1213.15,1210.52,1207.83,1204.72,1201.78,1199.01,1196.32,1193.60,1190.47,1186.56,1182.58,1178.97,1175.45,1172.15,1168.54,1164.09,1158.10,1152.15,1147.42,1143.47,1139.70,1135.93,1132.16,1128.37,1124.62,1121.21,1119.09,1117.53,1116.63,1117.09,1118.37,1119.76,1121.01,1122.08,1123.02,1122.55,1121.53,1120.26,1118.53,1116.32,1114.05,1111.47,1107.95,1102.77,1098.36,1094.36,1090.33,1085.82,1081.39,1078.45,1076.67,1075.11,1073.66,1072.12,1070.42,1068.20,1064.32,1060.26,1056.59,1053.32,1050.11,1046.80,1043.49,1040.14,1036.63,1033.04,1027.73,1021.71,1015.69,1010.24,1003.79,997.92,992.65,987.13,980.75,974.96,969.31,963.25,956.94,951.33,947.12,944.03,940.63,935.37,929.87,924.63,919.72,914.87,909.46,903.79,898.11,892.65,887.02,881.59,876.53,871.88,866.88,862.17,857.89,853.97,849.74,843.93,837.98,832.53,827.70,823.51,819.41,815.18,810.65,805.48,800.45,796.07,792.33,788.36,783.62,778.59,773.51,768.46,763.19,757.89,752.72,747.91,743.71,739.41,734.79,729.68,723.97,719.01,714.80,710.92,706.96,702.96,698.14,692.43,686.15,680.70,675.36,669.67,664.05
1630.06,1626.99,1623.57,1619.85,1616.11,1612.40,1608.29,1602.92,1596.50,1589.77,1584.13,1578.48,1572.28,1566.04,1560.35,1554.53,1548.20,1541.65,1535.17,1529.29,1524.34,1519.22,1513.58,1507.45,1502.17,1497.57,1493.53,1489.96,1486.40,1482.77,1478.90,1474.81,1470.69,1466.13,1461.26,1456.53,1452.53,1449.48,1447.21,1445.05,1442.62,1439.88,1437.53,1435.26,1433.05,1430.96,1428.15,1424.00,1417.42,1408.21,1400.76,1394.67,1388.45,1381.81,1375.43,1369.63,1364.06,1358.26,1351.93,1346.00,1340.71,1335.87,1331.37,1326.87,1321.71,1316.83,1312.06,1306.68,1302.03,1297.79,1293.52,1288.87,1283.51,1278.18,1272.68,1266.91,1260.95,1254.73,1248.86,1243.52,1238.93,1234.91,1231.58,1228.65,1225.96,1223.36,1220.08,1216.90,1214.37,1213.18,1212.70,1212.59,1212.98,1214.03,1215.34,1216.91,1218.57,1220.24,1221.89,1223.58,1225.34,1226.94,1228.09,1229.26,1230.24,1231.03,1231.56,1231.72,1231.72,1231.53,1231.12,1230.45,1229.56,1228.35,1226.75,1224.63,1222.06,1219.28,1216.56,1213.83,1210.74,1207.57,1204.23,1200.88,1197.80,1195.05,1192.05,1188.54,1184.38,1179.86,1176.02,1172.22,1167.78,1161.78,1155.72,1150.47,1146.06,1142.30,1138.40,1134.45,1130.62,1126.92,1123.19,1120.16,1118.16,1117.39,1118.17,1119.21,1120.33,1121.44,1122.44,1123.05,1122.42,1121.38,1120.16,1118.47,1116.27,1114.00,1111.19,1107.01,1101.26,1096.70,1092.56,1088.24,1083.49,1079.75,1077.21,1075.35,1073.52,1071.94,1070.12,1067.77,1064.60,1060.61,1056.92,1053.50,1050.30,1047.24,1044.06,1040.87,1037.71,1034.57,1031.20,1025.37,1019.17,1013.52,1007.71,1001.38,995.75,990.32,983.80,977.36,971.54,966.02,960.41,954.47,949.70,945.94,942.67,938.76,932.88,927.29,922.23,917.36,912.55,907.09,901.32,895.51,889.85,884.25,879.11,874.32,869.57,864.48,859.91,855.77,851.70,846.65,840.75,834.90,829.66,825.50,821.35,817.15,812.72,807.76,802.17,797.35,793.22,789.52,785.55,780.80,775.56,770.26,765.38,760.18,754.97,750.00,745.53,741.43,737.12,732.43,727.19,721.36,717.19,713.39,709.53,705.53,701.56,696.13,689.66,682.82,677.07,671.95,666.18,660.76
1633.12,1630.18,1626.57,1622.09,1617.63,1613.64,1609.35,1603.40,1596.74,1590.03,1583.84,1577.63,1571.43,1565.51,1559.96,1553.70,1547.16,1540.60,1534.25,1528.65,1523.86,1519.00,1513.83,1508.55,1504.22,1500.31,1496.67,1493.26,1489.82,1486.30,1482.58,1478.72,1474.82,1470.60,1465.96,1461.28,1457.03,1453.63,1450.89,1448.32,1445.69,1442.99,1440.33,1437.69,1435.14,1432.73,1429.88,1425.11,1418.15,1409.36,1401.74,1395.52,1389.31,1382.73,1376.20,1370.23,1364.52,1358.82,1353.07,1347.84,1343.20,1338.93,1335.01,1331.36,1326.36,1321.01,1315.47,1309.52,1304.54,1300.07,1295.64,1290.95,1285.79,1280.66,1275.29,1269.65,1264.00,1258.25,1252.68,1247.55,1243.26,1239.59,1236.18,1233.10,1230.45,1228.00,1224.93,1221.71,1219.01,1217.90,1217.49,1217.48,1217.90,1218.90,1220.09,1221.49,1223.02,1224.60,1226.14,1227.66,1229.29,1230.90,1232.30,1233.52,1234.55,1235.45,1236.17,1236.49,1236.62,1236.51,1236.14,1235.47,1234.69,1233.69,1232.48,1230.90,1228.64,1226.03,1223.22,1220.21,1216.91,1213.59,1210.11,1206.56,1203.15,1199.86,1196.48,1192.95,1189.18,1185.02,1180.61,1176.29,1171.87,1166.68,1160.58,1154.64,1149.36,1144.99,1141.07,1137.12,1133.19,1129.29,1125.24,1121.50,1119.13,1118.28,1119.01,1119.87,1120.76,1121.70,1122.63,1123.19,1122.52,1121.54,1120.49,1119.09,1116.95,1114.49,1111.33,1106.80,1100.78,1096.11,1091.86,1087.41,1082.59,1079.00,1076.28,1074.06,1072.04,1069.95,1067.41,1064.43,1061.00,1057.25,1053.76,1050.52,1047.45,1044.47,1041.43,1038.35,1035.28,1032.13,1028.27,1022.58,1016.68,1011.07,1004.84,998.88,993.25,987.41,980.59,974.34,968.72,963.35,957.93,952.35,948.14,944.61,940.99,936.19,930.44,925.03,920.05,915.20,910.20,904.66,898.85,893.01,887.57,882.22,877.19,872.28,867.07,862.01,857.64,853.54,849.12,843.57,837.71,832.14,827.18,823.04,818.73,814.28,809.56,804.40,799.12,794.42,790.27,786.47,782.40,777.35,772.06,766.96,762.27,757.27,752.18,747.35,742.98,738.78,734.44,729.65,724.46,719.32,715.43,711.73,707.87,703.77,699.22,693.17,686.35,679.59,674.18,668.77,663.42,658.97
1635.60,1632.75,1629.01,1623.84,1618.68,1614.43,1610.06,1603.67,1596.84,1590.24,1583.92,1577.64,1571.51,1565.60,1559.81,1553.02,1546.32,1539.82,1533.67,1528.34,1523.74,1519.26,1514.75,1510.36,1506.74,1503.43,1500.23,1497.01,1493.62,1490.08,1486.40,1482.62,1478.82,1474.91,1470.58,1466.06,1461.78,1458.06,1454.77,1451.67,1448.69,1445.90,1442.84,1439.78,1436.86,1434.14,1431.21,1425.97,1418.92,1410.77,1403.12,1396.72,1390.60,1384.34,1377.84,1371.75,1365.98,1360.56,1355.65,1351.17,1347.02,1343.04,1339.36,1336.22,1331.46,1325.71,1319.40,1312.91,1307.39,1302.58,1297.91,1293.03,1288.03,1283.12,1277.89,1272.33,1266.87,1261.65,1256.49,1251.67,1247.74,1244.60,1241.22,1237.93,1235.05,1232.53,1229.64,1226.50,1223.76,1222.63,1222.16,1222.17,1222.68,1223.74,1224.84,1226.11,1227.51,1228.99,1230.42,1231.76,1233.23,1234.86,1236.57,1237.97,1239.12,1240.15,1241.01,1241.47,1241.68,1241.64,1241.33,1240.66,1239.82,1238.85,1237.87,1236.81,1234.98,1232.68,1229.90,1226.65,1223.18,1219.71,1216.08,1212.37,1208.72,1204.84,1200.81,1197.01,1193.61,1190.08,1185.39,1180.63,1176.15,1171.71,1165.77,1159.36,1153.22,1147.95,1143.84,1139.88,1135.84,1131.65,1127.33,1123.15,1120.47,1119.45,1119.99,1120.68,1121.34,1122.07,1122.90,1123.49,1122.84,1121.89,1120.97,1119.82,1117.77,1115.05,1111.55,1106.79,1100.66,1095.92,1091.61,1087.07,1082.24,1078.55,1075.48,1072.82,1070.51,1067.83,1064.59,1061.09,1057.55,1054.03,1050.69,1047.58,1044.63,1041.70,1038.78,1035.81,1032.77,1029.42,1024.99,1019.61,1014.04,1008.33,1001.87,996.29,990.56,984.30,977.56,971.60,966.23,961.02,955.74,950.54,946.68,943.17,939.09,933.46,928.07,922.94,917.98,913.10,907.86,902.25,896.42,890.63,885.51,880.44,875.47,870.31,864.50,859.56,855.40,851.25,846.40,840.54,834.80,829.54,824.83,820.51,816.02,811.27,806.25,801.03,796.19,791.58,787.30,783.32,779.08,773.79,768.59,763.79,759.24,754.43,749.46,744.70,740.36,736.02,731.62,726.79,721.72,717.38,713.62,709.86,705.95,701.73,696.51,689.91,682.98,676.59,671.54,665.80,661.05,657.70
1637.58,1634.47,1630.80,1625.20,1619.48,1614.92,1610.60,1604.04,1597.18,1590.81,1584.87,1579.15,1573.15,1566.88,1560.32,1553.08,1546.35,1540.03,1534.12,1528.88,1524.78,1521.13,1517.46,1513.53,1510.35,1507.58,1504.86,1501.85,1498.15,1494.46,1490.60,1486.61,1482.82,1479.00,1474.88,1470.59,1466.33,1462.24,1458.48,1455.03,1451.88,1448.79,1445.18,1441.45,1437.92,1434.88,1431.74,1426.37,1419.58,1412.20,1404.65,1397.93,1391.64,1385.58,1379.73,1373.57,1368.16,1363.66,1359.96,1356.08,1352.20,1348.38,1344.70,1341.20,1336.84,1331.36,1324.97,1318.02,1311.16,1305.60,1300.57,1295.42,1290.44,1285.55,1280.44,1275.00,1269.35,1264.52,1260.05,1255.94,1252.52,1249.83,1246.67,1242.92,1238.95,1236.04,1233.45,1230.85,1228.41,1226.78,1226.06,1226.16,1226.89,1228.12,1229.32,1230.60,1231.89,1233.15,1234.39,1235.70,1237.22,1239.01,1241.12,1243.28,1244.94,1246.25,1247.22,1247.65,1247.82,1247.83,1247.68,1247.18,1245.98,1244.37,1242.90,1241.81,1240.12,1238.32,1235.94,1232.89,1229.69,1225.97,1221.69,1217.41,1213.83,1210.16,1205.92,1201.53,1197.40,1194.00,1190.05,1185.51,1180.64,1175.91,1170.72,1164.74,1158.25,1151.78,1146.84,1142.62,1138.38,1133.95,1129.55,1125.63,1122.82,1121.41,1121.74,1122.22,1122.53,1122.96,1123.64,1124.22,1123.56,1122.55,1121.50,1120.28,1118.22,1115.29,1111.54,1106.74,1100.64,1095.98,1091.67,1087.06,1082.20,1078.21,1074.82,1071.73,1068.72,1065.58,1062.16,1058.47,1054.60,1050.94,1047.73,1044.68,1041.72,1038.85,1036.01,1033.14,1029.97,1026.16,1021.73,1016.45,1010.80,1004.94,998.90,993.51,987.53,981.08,975.04,969.47,964.28,959.20,954.16,949.40,945.52,941.49,936.73,930.96,925.94,920.99,916.01,911.02,905.55,899.88,894.15,888.58,883.67,878.80,873.83,868.35,861.91,857.23,853.25,848.86,843.45,837.69,832.13,827.10,822.53,818.00,813.54,808.50,803.17,798.09,793.40,788.87,784.45,780.08,775.47,770.56,765.77,761.12,756.50,751.72,746.81,742.07,737.67,733.24,728.79,724.03,719.22,715.21,711.47,707.55,703.44,699.05,693.50,686.62,679.95,674.25,668.95,663.31,659.24,656.67
1639.06,1635.69,1631.87,1626.23,1620.41,1615.63,1611.25,1604.83,1598.18,1592.06,1586.46,1581.18,1575.37,1568.81,1561.39,1553.85,1546.99,1540.73,1535.09,1530.16,1526.53,1523.42,1520.46,1517.49,1514.83,1512.42,1509.95,1507.01,1503.14,1499.22,1495.12,1490.87,1486.85,1482.95,1478.93,1474.73,1470.36,1465.93,1461.71,1457.88,1454.49,1451.21,1447.38,1443.09,1438.85,1435.35,1431.86,1426.50,1420.03,1413.15,1405.86,1399.03,1392.63,1386.70,1381.38,1375.85,1371.11,1367.28,1364.13,1360.52,1356.76,1353.00,1349.28,1345.58,1341.28,1335.98,1329.79,1323.00,1315.87,1309.45,1303.62,1298.19,1293.10,1288.17,1283.13,1277.80,1272.14,1267.58,1263.70,1260.15,1256.91,1254.28,1251.30,1247.68,1243.51,1239.64,1236.65,1234.24,1232.24,1230.72,1230.18,1230.47,1231.31,1232.59,1233.83,1235.10,1236.39,1237.68,1238.96,1240.34,1242.00,1243.90,1245.95,1248.06,1249.62,1250.79,1251.64,1252.07,1252.22,1252.31,1252.37,1252.14,1251.12,1249.49,1247.85,1246.53,1244.72,1242.91,1240.64,1237.83,1234.90,1231.31,1227.16,1222.85,1218.89,1214.97,1210.63,1206.05,1201.57,1197.78,1193.92,1189.46,1184.52,1179.67,1174.94,1169.59,1163.39,1156.48,1150.60,1145.89,1141.50,1137.05,1132.56,1128.54,1125.56,1123.87,1123.75,1123.85,1123.89,1124.08,1124.58,1125.14,1124.49,1123.43,1122.30,1121.02,1118.92,1115.79,1111.82,1106.93,1100.93,1096.18,1091.75,1087.12,1082.45,1078.05,1074.10,1070.48,1067.05,1063.62,1059.97,1056.07,1052.02,1048.28,1045.06,1041.91,1038.74,1035.78,1033.00,1030.07,1026.75,1022.72,1018.10,1012.84,1007.23,1001.50,995.99,990.66,984.71,978.46,972.85,967.52,962.42,957.42,952.55,948.08,944.18,939.67,934.35,928.87,924.13,919.20,914.10,908.96,903.36,897.70,892.12,886.78,881.99,877.18,871.89,865.99,859.63,855.06,850.87,846.17,840.58,834.91,829.67,824.88,820.35,815.66,810.94,805.68,800.34,795.53,790.80,786.11,781.53,777.04,772.39,767.63,762.95,758.35,753.70,748.90,744.04,739.33,734.91,730.38,725.89,721.35,716.90,713.02,709.15,705.08,700.76,696.04,690.59,683.98,677.65,672.27,667.04,661.81,658.21,655.94
1640.11,1636.51,1632.41,1627.12,1621.60,1616.64,1612.15,1606.10,1599.80,1593.87,1588.55,1583.56,1578.01,1571.27,1563.00,1555.31,1548.30,1542.03,1536.63,1532.14,1528.95,1526.21,1523.86,1522.19,1520.12,1517.94,1515.49,1512.42,1508.44,1504.23,1499.83,1495.29,1490.89,1486.75,1482.70,1478.52,1473.98,1469.17,1464.53,1460.31,1456.62,1453.22,1449.41,1444.70,1439.70,1435.63,1431.71,1426.48,1420.37,1413.79,1406.86,1400.12,1393.73,1387.93,1383.11,1378.69,1374.81,1371.39,1368.27,1364.68,1360.90,1357.06,1353.22,1349.44,1344.98,1339.74,1333.89,1327.63,1321.01,1313.84,1307.02,1301.26,1295.97,1290.95,1285.92,1280.70,1275.24,1270.90,1267.46,1264.32,1261.01,1258.13,1255.23,1252.11,1248.40,1243.44,1239.63,1237.10,1235.54,1234.62,1234.54,1235.02,1235.91,1237.18,1238.44,1239.70,1241.07,1242.54,1243.96,1245.43,1247.22,1249.12,1250.79,1252.25,1253.30,1254.08,1254.64,1255.10,1255.29,1255.50,1255.78,1255.89,1255.40,1254.22,1252.72,1251.07,1248.99,1246.78,1244.36,1241.74,1239.03,1235.85,1232.32,1228.39,1223.88,1219.40,1214.97,1210.49,1205.95,1201.52,1197.27,1192.75,1187.93,1183.06,1178.57,1173.89,1168.43,1161.76,1155.05,1149.74,1145.16,1140.80,1136.21,1131.82,1128.62,1126.68,1125.90,1125.54,1125.36,1125.38,1125.67,1126.20,1125.55,1124.47,1123.29,1121.92,1119.77,1116.48,1112.29,1107.30,1101.46,1096.52,1091.87,1087.25,1082.89,1078.06,1073.39,1069.15,1065.52,1061.88,1057.95,1053.85,1049.76,1045.96,1042.61,1039.20,1035.72,1032.59,1029.79,1026.68,1023.16,1019.06,1014.14,1008.86,1003.45,998.10,993.09,987.75,982.05,976.29,970.90,965.65,960.61,955.69,950.93,946.62,942.67,937.73,931.99,927.09,922.53,917.52,912.23,906.91,901.26,895.67,890.28,885.18,880.41,875.58,869.73,863.31,857.59,852.97,848.34,843.32,837.83,832.24,827.38,822.82,818.26,813.45,808.25,802.88,797.79,793.31,788.30,783.30,778.58,774.15,769.66,764.84,760.10,755.47,750.81,745.98,741.17,736.52,732.07,727.47,722.97,718.68,714.64,710.74,706.66,702.44,697.90,692.85,687.79,681.80,675.86,670.56,665.72,661.11,657.79,655.50
1640.64,1637.02,1632.98,1628.56,1623.75,1618.71,1614.28,1608.49,1602.21,1596.14,1591.00,1586.09,1580.84,1574.23,1565.58,1558.05,1551.29,1545.08,1539.59,1535.33,1532.56,1530.52,1528.99,1528.07,1526.73,1524.77,1522.03,1518.29,1513.79,1509.14,1504.34,1499.50,1494.90,1490.21,1485.92,1481.83,1477.35,1471.83,1466.89,1462.44,1458.39,1454.75,1451.03,1446.12,1440.58,1435.90,1431.73,1426.76,1421.03,1414.69,1408.03,1401.63,1395.75,1390.64,1386.62,1383.11,1379.87,1376.72,1373.48,1369.70,1365.65,1361.36,1356.93,1352.89,1348.55,1343.25,1337.17,1330.92,1324.58,1317.80,1310.95,1304.52,1299.03,1293.84,1288.70,1283.59,1278.70,1274.83,1271.63,1268.55,1265.17,1261.90,1258.67,1255.47,1252.09,1247.82,1243.95,1241.13,1239.48,1239.05,1239.11,1239.59,1240.57,1242.10,1243.45,1244.85,1246.24,1247.56,1248.76,1249.97,1251.35,1252.79,1254.16,1255.48,1256.39,1257.04,1257.55,1258.09,1258.53,1258.96,1259.39,1259.68,1259.35,1258.48,1257.25,1255.65,1253.46,1250.79,1248.00,1245.24,1242.53,1239.47,1236.05,1232.37,1228.41,1223.89,1219.09,1214.38,1209.91,1205.45,1201.12,1196.38,1191.22,1186.04,1181.69,1177.35,1172.49,1166.72,1160.32,1154.74,1149.65,1144.83,1140.20,1135.75,1132.16,1129.55,1128.07,1127.27,1126.96,1126.83,1126.85,1127.28,1126.61,1125.54,1124.30,1122.59,1120.38,1116.96,1112.66,1107.74,1102.08,1097.06,1092.27,1087.59,1083.30,1078.32,1073.02,1068.03,1064.13,1060.26,1056.11,1051.89,1047.80,1043.91,1040.12,1036.37,1032.74,1029.47,1026.51,1023.14,1019.20,1014.62,1009.71,1004.66,999.71,994.91,990.02,984.77,979.41,974.13,969.00,963.56,958.77,954.20,949.57,945.32,940.90,935.57,929.83,925.38,920.87,915.79,910.33,904.80,899.27,893.85,888.65,883.69,878.83,873.96,867.55,860.59,855.52,850.82,845.86,840.69,835.41,830.04,825.28,820.72,816.10,811.25,805.74,800.56,795.90,791.47,785.71,780.48,775.73,771.23,766.51,761.72,757.09,752.54,747.79,742.94,738.25,733.67,729.11,724.44,720.02,715.87,711.91,707.98,703.90,699.44,694.72,689.88,685.13,679.45,673.88,669.10,665.05,660.86,657.69,655.48
1640.76,1637.42,1633.66,1630.08,1626.01,1621.14,1616.85,1611.26,1604.96,1598.69,1593.59,1588.80,1583.80,1577.41,1568.77,1561.34,1554.85,1548.89,1543.58,1539.60,1537.37,1535.89,1534.88,1534.38,1533.53,1531.73,1528.79,1524.56,1519.52,1514.27,1508.79,1503.33,1498.60,1493.55,1488.94,1484.71,1480.34,1474.52,1469.18,1464.40,1460.12,1456.23,1452.52,1447.41,1441.43,1436.31,1431.95,1427.22,1421.90,1415.94,1409.43,1403.55,1398.47,1394.28,1390.94,1387.88,1384.88,1381.77,1378.34,1374.46,1370.23,1365.58,1360.66,1356.18,1351.78,1346.42,1340.19,1333.76,1327.31,1321.05,1314.55,1307.74,1302.13,1296.85,1291.64,1286.60,1282.11,1278.57,1275.46,1272.39,1269.02,1265.47,1261.99,1258.68,1255.43,1251.79,1248.24,1245.51,1243.88,1243.64,1243.64,1244.08,1245.18,1247.01,1248.38,1249.74,1251.00,1252.11,1253.09,1254.07,1255.12,1256.22,1257.41,1258.66,1259.56,1260.24,1260.84,1261.52,1262.18,1262.78,1263.29,1263.64,1263.41,1262.76,1261.70,1260.09,1257.84,1254.89,1251.77,1248.72,1245.79,1242.63,1239.08,1235.44,1231.99,1227.76,1222.86,1217.99,1213.49,1209.03,1204.66,1199.87,1194.44,1188.53,1184.32,1180.33,1175.98,1170.93,1165.13,1159.62,1154.32,1149.22,1144.54,1140.00,1136.06,1132.90,1130.81,1129.56,1128.92,1128.51,1128.23,1128.40,1127.71,1126.63,1125.21,1123.11,1120.76,1117.25,1112.93,1108.16,1102.62,1097.53,1092.64,1087.93,1083.66,1078.61,1072.88,1067.31,1063.09,1058.96,1054.68,1050.41,1046.29,1042.21,1037.90,1033.76,1029.96,1026.51,1023.23,1019.40,1015.00,1010.20,1005.50,1000.80,996.26,991.79,986.90,981.83,976.81,971.92,967.10,961.68,957.10,952.79,948.27,944.03,939.10,933.56,928.04,923.89,919.28,914.00,908.35,902.70,897.43,892.20,887.11,882.19,877.23,872.13,865.33,858.17,853.46,848.61,843.47,838.29,833.23,828.10,823.38,818.76,814.05,809.09,803.48,798.56,794.21,789.63,783.33,778.00,773.25,768.56,763.55,758.78,754.16,749.50,744.56,739.85,735.35,730.82,726.10,721.45,717.14,713.05,709.10,705.15,700.87,696.18,691.43,686.94,682.32,676.74,671.60,667.66,664.42,660.80,657.78,655.42
1640.34,1637.75,1634.50,1631.53,1628.13,1623.86,1619.80,1614.33,1608.00,1601.57,1596.27,1591.77,1586.94,1580.81,1572.73,1565.20,1558.87,1553.45,1548.90,1545.36,1543.86,1542.63,1541.49,1541.04,1540.24,1538.48,1535.62,1531.37,1525.89,1519.84,1513.17,1506.58,1501.74,1496.80,1491.76,1487.01,1482.73,1477.47,1471.51,1466.16,1461.87,1457.77,1453.93,1448.58,1442.27,1436.95,1432.49,1427.92,1423.05,1417.68,1411.22,1406.06,1402.14,1399.07,1396.07,1392.77,1389.38,1385.92,1382.26,1378.52,1374.30,1369.61,1364.50,1359.31,1354.44,1349.07,1342.98,1336.21,1329.11,1323.18,1317.35,1310.83,1305.24,1300.03,1294.88,1289.84,1285.29,1281.74,1278.62,1275.55,1272.29,1268.72,1265.30,1261.98,1258.59,1254.85,1252.04,1250.11,1248.90,1248.34,1248.04,1248.42,1249.69,1251.80,1253.03,1253.97,1254.88,1255.78,1256.66,1257.59,1258.61,1259.73,1260.94,1262.07,1263.03,1263.93,1264.84,1265.72,1266.50,1267.13,1267.62,1267.90,1267.73,1267.17,1266.10,1264.29,1262.02,1259.10,1255.80,1252.30,1248.86,1245.28,1241.34,1237.43,1234.07,1230.52,1226.07,1221.28,1216.52,1211.92,1207.49,1202.97,1197.60,1190.31,1186.22,1182.72,1178.77,1173.96,1168.87,1163.90,1159.02,1154.17,1149.40,1144.61,1140.43,1137.02,1134.53,1132.83,1131.51,1130.54,1129.95,1129.59,1128.89,1127.69,1125.92,1123.40,1120.83,1117.28,1113.08,1108.51,1102.99,1097.79,1092.85,1088.17,1083.91,1078.86,1073.01,1067.19,1062.61,1058.23,1053.94,1049.68,1045.43,1041.02,1036.19,1031.60,1027.49,1023.80,1019.97,1015.36,1010.51,1006.07,1001.82,997.61,993.28,988.72,983.76,978.98,974.24,969.60,965.18,960.27,955.76,951.41,947.01,942.72,937.37,931.88,926.87,922.78,917.83,912.14,906.23,900.66,895.86,890.80,885.67,880.63,875.63,869.91,863.07,856.26,851.39,846.32,841.23,836.23,831.34,826.48,821.75,817.06,812.24,807.05,801.62,796.96,792.64,787.69,781.34,776.15,771.36,766.34,761.05,756.27,751.43,746.32,741.02,736.69,732.49,727.97,723.03,718.54,714.35,710.29,706.31,702.34,697.47,692.60,688.09,683.99,679.21,673.48,668.85,666.15,663.64,660.91,658.06,655.17
1638.16,1636.27,1634.32,1632.04,1629.20,1625.64,1621.83,1617.07,1611.14,1604.58,1598.93,1594.53,1590.13,1584.70,1577.45,1569.96,1563.56,1558.08,1553.62,1550.59,1549.42,1548.41,1547.32,1546.58,1545.44,1543.45,1540.49,1536.30,1531.01,1524.97,1517.85,1510.37,1504.66,1499.83,1494.58,1489.31,1484.68,1479.80,1473.57,1467.87,1463.48,1459.30,1455.21,1450.18,1444.41,1438.81,1434.40,1430.21,1425.79,1420.79,1414.93,1409.88,1406.17,1403.56,1400.99,1397.65,1393.96,1390.09,1386.12,1382.35,1377.99,1373.04,1367.57,1361.94,1356.65,1351.16,1345.25,1338.66,1331.20,1325.31,1319.92,1313.98,1308.23,1303.12,1298.17,1293.19,1288.38,1284.81,1281.67,1278.52,1275.07,1271.24,1267.65,1264.26,1260.97,1257.70,1255.24,1253.72,1252.95,1252.65,1252.86,1253.76,1255.20,1256.87,1257.69,1258.56,1259.49,1260.41,1261.36,1262.11,1262.84,1263.68,1264.73,1265.74,1266.72,1267.75,1268.84,1269.84,1270.72,1271.31,1271.63,1271.77,1271.55,1270.91,1269.78,1267.97,1265.61,1262.73,1259.40,1255.68,1251.80,1248.14,1243.53,1238.73,1235.15,1231.54,1227.33,1222.90,1218.47,1213.88,1209.30,1204.67,1199.33,1192.18,1187.63,1184.04,1180.33,1175.88,1170.93,1166.34,1162.05,1157.88,1153.47,1149.07,1144.95,1141.27,1138.38,1136.57,1134.98,1133.70,1132.84,1131.90,1130.72,1129.14,1127.01,1124.03,1120.73,1116.98,1112.90,1108.46,1103.06,1097.86,1092.88,1088.20,1084.01,1079.03,1073.09,1067.02,1062.19,1057.72,1053.50,1049.23,1044.68,1039.79,1034.56,1029.66,1025.23,1021.04,1016.55,1011.78,1007.09,1002.81,998.56,994.40,990.03,985.37,980.73,976.26,971.87,967.53,963.28,958.79,954.32,949.95,945.68,941.32,935.63,930.31,925.86,921.74,916.13,910.09,904.19,898.87,894.28,889.31,884.14,879.00,873.97,867.55,860.79,854.53,849.49,844.28,839.25,834.40,829.66,824.97,820.27,815.55,810.67,805.25,800.10,795.68,791.32,786.12,780.05,774.88,769.77,764.22,758.60,753.47,748.49,743.48,738.44,734.23,729.86,725.14,720.27,715.88,711.71,707.65,703.63,699.38,694.14,688.93,684.38,680.85,677.17,672.63,668.64,665.82,663.03,659.77,655.93,650.56
1635.25,1634.05,1633.32,1631.73,1629.42,1626.57,1623.20,1619.37,1614.05,1607.54,1601.59,1597.13,1593.11,1588.45,1582.18,1574.95,1568.52,1562.87,1558.28,1555.56,1554.37,1553.45,1552.44,1551.39,1549.83,1547.52,1544.34,1540.11,1535.15,1529.49,1522.37,1514.30,1507.43,1502.63,1497.36,1491.69,1486.48,1481.80,1475.53,1469.62,1465.04,1460.88,1456.61,1452.11,1447.15,1441.49,1437.10,1433.22,1429.20,1424.61,1419.52,1414.53,1410.74,1408.19,1405.88,1402.50,1398.52,1394.29,1390.02,1386.01,1381.43,1376.19,1370.36,1364.46,1358.72,1353.06,1347.32,1341.08,1333.61,1327.64,1322.51,1317.18,1311.33,1306.25,1301.45,1296.60,1291.56,1287.79,1284.55,1281.30,1277.63,1273.55,1269.73,1266.22,1263.09,1260.41,1258.21,1257.01,1256.67,1256.83,1257.65,1259.08,1260.60,1261.77,1262.34,1263.31,1264.38,1265.37,1266.30,1266.84,1267.26,1267.81,1268.71,1269.71,1270.74,1271.84,1273.02,1274.04,1274.93,1275.40,1275.51,1275.49,1275.14,1274.36,1273.13,1271.30,1268.86,1265.99,1262.60,1258.68,1254.45,1250.74,1245.45,1239.70,1235.67,1231.74,1227.76,1223.83,1219.89,1215.37,1210.57,1205.71,1200.38,1193.79,1188.70,1184.88,1181.35,1177.24,1172.26,1167.96,1164.27,1160.85,1156.97,1153.12,1149.19,1145.36,1142.13,1140.26,1138.54,1137.06,1135.90,1134.39,1132.60,1130.55,1128.02,1124.50,1120.47,1116.51,1112.54,1108.18,1102.94,1097.79,1092.82,1088.16,1084.05,1079.15,1073.15,1066.95,1061.94,1057.41,1053.24,1048.91,1044.03,1038.59,1032.97,1027.75,1022.97,1018.18,1013.14,1008.43,1004.04,999.77,995.37,991.08,986.60,981.96,977.77,973.63,969.60,965.59,961.42,957.26,952.84,948.48,944.31,939.82,933.92,928.82,924.87,920.65,914.29,907.95,902.23,897.24,892.77,887.80,882.55,877.33,872.24,865.21,858.58,852.85,847.66,842.38,837.43,832.69,828.08,823.52,818.86,814.15,809.20,803.59,798.76,794.56,790.18,784.77,779.03,773.82,768.29,762.15,756.20,750.72,745.65,740.86,736.23,731.98,727.26,722.37,717.69,713.43,709.21,705.10,700.99,696.35,690.71,685.31,680.90,678.07,675.66,672.52,669.05,665.57,662.10,657.42,651.57,643.23
1631.81,1631.23,1630.55,1629.49,1627.82,1625.50,1623.23,1620.41,1615.97,1610.10,1604.30,1599.42,1595.31,1591.13,1585.95,1579.69,1573.70,1568.22,1563.52,1560.20,1558.21,1556.91,1555.92,1554.87,1553.10,1550.42,1546.74,1542.05,1537.21,1532.26,1525.98,1518.15,1509.84,1504.79,1500.00,1494.46,1488.22,1483.30,1477.49,1471.65,1466.57,1462.64,1458.66,1454.66,1450.48,1445.76,1441.03,1436.95,1433.21,1429.40,1425.04,1420.74,1416.90,1413.68,1411.01,1407.26,1402.99,1398.57,1394.12,1389.34,1384.41,1378.99,1373.01,1367.14,1360.81,1354.84,1349.21,1343.35,1336.85,1330.79,1325.39,1320.50,1315.00,1309.66,1304.70,1300.02,1295.13,1290.55,1286.89,1283.67,1280.07,1276.02,1271.94,1268.21,1265.14,1262.81,1261.06,1260.30,1260.39,1260.94,1261.82,1263.03,1264.36,1265.68,1266.89,1268.26,1269.48,1270.35,1270.78,1271.14,1271.49,1272.00,1273.03,1274.40,1275.64,1276.79,1277.85,1278.61,1279.19,1279.44,1279.37,1279.07,1278.52,1277.52,1276.01,1273.90,1271.59,1268.55,1264.78,1260.46,1256.16,1252.07,1246.45,1240.24,1235.31,1230.97,1227.48,1224.25,1220.70,1216.15,1211.05,1205.98,1200.66,1194.26,1189.10,1185.25,1181.83,1177.89,1172.88,1168.87,1165.55,1162.55,1159.30,1155.78,1152.22,1148.72,1145.46,1143.19,1141.40,1139.79,1138.20,1136.20,1133.89,1131.36,1128.30,1124.02,1119.82,1115.85,1111.86,1107.50,1102.51,1097.46,1092.61,1088.10,1084.04,1079.16,1073.32,1067.29,1062.25,1057.56,1053.25,1048.74,1043.57,1037.62,1031.44,1025.70,1020.39,1014.97,1009.98,1005.42,1001.00,996.49,991.93,987.33,982.85,978.67,974.99,971.15,967.46,963.78,959.68,955.66,951.36,947.04,942.82,938.00,932.33,927.53,923.71,919.26,912.17,905.73,900.40,895.87,891.55,886.29,880.86,875.64,870.31,863.12,856.63,851.16,845.93,840.76,835.85,831.14,826.59,822.13,817.56,812.85,807.81,802.19,797.71,793.73,789.37,783.85,778.18,772.76,766.79,760.15,754.04,748.54,743.43,738.66,734.21,729.63,724.58,719.69,715.48,711.42,707.06,702.73,698.34,693.25,686.88,681.97,678.76,676.83,674.85,672.23,668.66,664.22,659.77,652.10,641.87,631.11
1626.38,1626.00,1625.36,1624.74,1623.86,1622.57,1621.32,1619.28,1615.76,1610.92,1605.76,1600.97,1596.83,1592.85,1588.36,1582.82,1577.39,1572.35,1567.93,1564.45,1562.03,1560.45,1559.23,1557.69,1555.19,1551.92,1547.87,1543.07,1538.34,1533.82,1528.22,1520.97,1512.38,1506.84,1502.20,1496.82,1489.91,1484.62,1479.06,1473.45,1468.34,1464.51,1460.78,1457.20,1453.62,1449.70,1445.35,1441.30,1437.65,1434.26,1430.45,1426.67,1422.95,1419.41,1416.24,1412.23,1407.60,1402.79,1398.03,1392.66,1387.19,1381.48,1375.48,1369.54,1362.94,1356.78,1351.15,1345.63,1339.97,1334.20,1328.83,1324.09,1318.89,1313.50,1308.44,1303.72,1298.77,1293.71,1289.54,1285.96,1282.34,1278.38,1274.22,1270.37,1267.27,1265.17,1263.83,1263.52,1263.98,1264.68,1265.59,1266.82,1268.26,1269.86,1271.55,1273.01,1274.09,1274.70,1274.90,1275.14,1275.58,1276.24,1277.23,1278.58,1279.85,1280.98,1281.94,1282.62,1283.12,1283.26,1283.07,1282.59,1281.70,1280.38,1278.53,1276.09,1273.56,1270.00,1265.76,1261.13,1256.52,1251.92,1246.25,1240.02,1234.46,1230.06,1226.89,1224.09,1220.85,1216.20,1210.81,1205.50,1200.15,1194.10,1189.09,1185.29,1181.84,1177.87,1172.86,1169.04,1165.95,1163.20,1160.32,1157.11,1153.85,1150.63,1147.53,1144.85,1142.96,1141.29,1139.38,1136.97,1134.30,1131.38,1127.89,1123.22,1118.93,1114.92,1110.85,1106.39,1101.61,1096.92,1092.37,1088.00,1083.98,1079.28,1073.66,1067.80,1062.70,1057.83,1053.30,1048.49,1042.85,1036.47,1029.82,1023.59,1017.79,1012.06,1007.12,1002.53,997.94,993.17,988.69,984.06,979.72,975.91,972.43,968.88,965.48,962.00,958.00,954.08,949.88,945.65,941.37,936.16,930.82,926.33,922.34,917.07,909.99,903.85,898.88,894.57,890.13,884.63,879.11,873.90,868.24,861.19,854.86,849.48,844.35,839.20,834.28,829.57,825.05,820.59,816.16,811.51,806.45,800.90,796.69,792.79,788.33,782.70,777.13,771.49,765.23,758.36,752.16,746.65,741.58,736.84,732.39,727.45,722.38,717.75,713.85,709.85,705.18,700.46,695.71,690.14,683.74,679.54,677.22,675.62,673.85,671.48,667.27,660.75,653.45,642.82,631.88,623.00
1619.57,1619.07,1618.53,1618.24,1618.16,1618.13,1617.75,1616.28,1613.69,1610.13,1605.99,1601.76,1597.69,1593.72,1589.55,1584.39,1579.47,1575.05,1571.16,1567.86,1565.35,1563.57,1561.97,1559.58,1556.08,1552.13,1547.88,1543.32,1538.72,1534.36,1529.22,1522.74,1514.83,1508.72,1503.99,1498.79,1491.62,1485.83,1480.32,1475.06,1470.30,1466.48,1462.93,1459.68,1456.57,1453.26,1449.83,1446.07,1442.40,1439.11,1435.66,1432.20,1428.71,1425.16,1421.44,1417.30,1412.29,1406.90,1401.65,1395.92,1389.80,1383.72,1377.79,1371.70,1365.13,1358.94,1353.27,1347.98,1342.94,1337.76,1332.68,1327.88,1322.90,1317.65,1312.56,1307.64,1302.43,1297.25,1292.50,1288.26,1284.50,1280.64,1276.58,1272.71,1269.50,1267.54,1266.56,1266.69,1267.49,1268.21,1269.21,1270.70,1272.46,1274.29,1276.15,1277.44,1278.15,1278.44,1278.66,1278.85,1279.48,1280.38,1281.21,1282.23,1283.38,1284.46,1285.38,1286.14,1286.71,1286.87,1286.63,1285.98,1284.67,1282.92,1280.70,1277.88,1274.77,1270.45,1265.70,1260.82,1255.70,1250.54,1244.98,1239.04,1233.17,1229.05,1226.06,1223.43,1220.37,1215.52,1209.88,1204.36,1198.98,1193.42,1188.75,1185.01,1181.45,1177.27,1172.30,1168.60,1165.62,1162.94,1160.20,1157.27,1154.23,1151.22,1148.36,1145.29,1143.29,1141.60,1139.51,1136.75,1133.86,1130.63,1126.82,1122.14,1117.84,1113.76,1109.53,1104.90,1100.29,1096.17,1092.06,1087.83,1083.85,1079.42,1074.09,1068.40,1063.27,1058.19,1053.41,1048.17,1041.93,1035.21,1028.17,1021.46,1015.24,1009.47,1004.54,999.77,994.89,989.94,985.68,981.31,977.25,973.65,970.12,966.82,963.60,960.22,956.34,952.49,948.41,944.28,939.93,934.30,929.37,925.18,920.81,914.28,907.80,902.30,897.62,893.32,888.54,882.84,877.31,872.13,866.09,859.40,853.26,847.85,842.90,837.70,832.70,827.96,823.45,818.94,814.67,810.13,805.08,799.71,795.66,791.70,787.07,781.36,775.87,770.02,763.57,756.72,750.49,745.00,740.01,735.34,730.75,725.47,720.65,716.48,712.75,708.64,703.53,698.37,693.18,687.03,681.27,677.93,676.11,674.37,672.65,670.17,664.61,654.95,643.60,630.97,622.62,618.71
1614.50,1614.07,1613.70,1613.44,1613.30,1613.25,1613.02,1612.11,1610.34,1607.77,1604.68,1601.16,1597.49,1593.74,1589.62,1584.06,1578.90,1574.52,1570.85,1567.22,1564.52,1562.54,1560.63,1557.87,1554.53,1550.75,1546.74,1542.61,1538.30,1534.04,1529.04,1522.93,1515.73,1509.83,1505.25,1500.44,1493.86,1487.22,1481.76,1476.88,1472.37,1468.49,1465.15,1462.18,1459.39,1456.57,1453.56,1450.38,1447.12,1443.81,1440.42,1436.95,1433.45,1429.87,1426.06,1421.96,1416.75,1410.70,1404.37,1398.47,1392.18,1385.95,1380.00,1373.89,1367.59,1361.82,1356.43,1350.81,1345.83,1341.10,1336.38,1331.57,1326.64,1321.54,1316.53,1311.54,1306.17,1300.85,1295.69,1290.88,1286.70,1282.86,1279.10,1275.49,1272.29,1270.05,1269.28,1269.89,1271.26,1272.47,1273.99,1275.71,1277.31,1278.60,1279.83,1280.74,1281.28,1281.50,1281.69,1281.96,1282.66,1283.60,1284.50,1285.37,1286.58,1287.76,1288.70,1289.47,1290.03,1290.20,1289.88,1288.85,1287.11,1284.87,1282.20,1278.93,1274.85,1269.86,1264.65,1259.43,1253.95,1248.55,1242.83,1236.86,1231.21,1227.79,1225.04,1222.36,1219.07,1213.71,1208.02,1202.57,1197.37,1192.24,1187.95,1184.29,1180.55,1176.13,1171.28,1167.73,1164.74,1161.91,1159.15,1156.37,1153.53,1150.57,1147.34,1143.97,1142.06,1140.43,1138.12,1135.18,1132.16,1128.72,1124.75,1120.37,1116.33,1112.27,1107.87,1103.04,1098.82,1095.03,1091.24,1087.34,1083.44,1079.05,1074.09,1068.94,1064.04,1058.90,1053.68,1047.91,1041.27,1034.33,1026.73,1019.61,1013.27,1007.55,1002.39,997.32,992.31,987.58,983.25,979.29,975.60,972.07,968.44,965.04,961.71,958.28,954.52,950.78,946.85,942.75,938.25,932.51,927.94,924.00,919.35,911.86,906.06,901.10,896.54,892.08,886.83,881.11,875.65,870.39,864.13,857.82,852.00,846.69,841.72,836.44,831.24,826.30,821.71,817.29,813.24,808.63,803.42,798.54,794.54,790.34,785.50,779.89,774.31,768.16,761.64,755.00,748.90,743.59,738.71,734.01,729.25,723.85,719.42,715.71,712.13,707.69,702.30,696.94,691.35,684.14,679.53,676.86,675.05,673.33,671.63,667.35,658.24,644.21,631.18,623.17,618.76,616.48
1609.55,1609.24,1609.00,1608.75,1608.51,1608.31,1608.10,1607.60,1606.50,1604.77,1602.55,1599.72,1596.50,1592.87,1588.40,1582.25,1576.63,1572.11,1568.57,1564.92,1562.20,1560.06,1557.93,1555.10,1552.06,1548.58,1544.86,1540.98,1536.86,1532.63,1527.78,1522.14,1515.99,1510.53,1506.15,1501.84,1496.13,1488.81,1483.36,1478.78,1474.46,1470.63,1467.47,1464.71,1462.20,1459.80,1457.21,1454.62,1451.78,1448.48,1445.06,1441.51,1437.93,1434.32,1430.47,1426.45,1421.15,1414.56,1407.11,1400.94,1394.63,1388.47,1382.64,1376.76,1370.50,1364.96,1359.89,1354.27,1348.99,1344.38,1339.93,1335.20,1330.29,1325.31,1320.36,1315.34,1309.87,1304.47,1299.14,1294.02,1289.38,1285.36,1281.74,1278.32,1275.19,1272.85,1272.27,1273.22,1274.99,1276.60,1278.37,1280.07,1281.41,1282.22,1282.92,1283.56,1284.04,1284.34,1284.53,1284.92,1285.65,1286.60,1287.62,1288.50,1289.77,1291.00,1291.93,1292.68,1293.18,1293.34,1292.92,1291.47,1289.27,1286.39,1283.10,1279.30,1274.23,1268.72,1263.12,1257.47,1251.72,1246.27,1240.43,1234.43,1229.22,1226.24,1223.61,1220.75,1217.07,1211.39,1205.65,1200.45,1195.67,1190.89,1186.81,1183.07,1179.13,1174.55,1169.83,1166.26,1163.15,1160.17,1157.43,1154.80,1152.06,1149.01,1145.51,1142.10,1140.13,1138.38,1135.93,1132.94,1129.84,1126.33,1122.41,1118.31,1114.46,1110.26,1105.65,1100.93,1097.17,1093.66,1090.13,1086.55,1082.84,1078.58,1074.03,1069.38,1064.72,1059.69,1054.04,1047.69,1040.65,1033.55,1025.44,1018.00,1011.66,1005.93,1000.55,995.29,990.29,985.76,981.37,977.73,974.33,970.80,967.00,963.38,959.91,956.45,952.79,949.03,945.13,941.01,936.39,930.83,926.50,922.47,917.45,909.76,904.54,899.96,895.42,890.74,885.06,879.38,874.01,868.72,862.45,856.42,850.82,845.59,840.55,835.13,829.75,824.64,820.01,815.75,811.76,807.08,801.84,797.38,793.38,788.86,783.76,778.22,772.48,766.09,759.55,753.22,747.43,742.33,737.51,732.71,727.71,722.38,718.31,714.97,711.49,706.86,701.31,695.85,689.94,681.95,678.27,676.00,674.07,672.25,669.96,662.50,649.52,633.00,621.58,618.03,616.60,615.35
1604.13,1603.98,1603.76,1603.61,1603.50,1603.40,1603.29,1602.88,1602.22,1601.19,1599.42,1597.18,1594.38,1590.59,1585.12,1578.30,1572.12,1567.29,1563.89,1561.03,1558.62,1556.40,1554.17,1551.68,1548.74,1545.51,1541.95,1537.97,1533.72,1529.45,1524.87,1520.07,1515.64,1510.73,1506.58,1502.85,1498.29,1490.73,1485.20,1480.71,1476.57,1473.01,1469.94,1467.32,1465.02,1462.95,1460.98,1458.86,1456.32,1453.13,1449.63,1445.98,1442.36,1438.71,1434.74,1430.78,1425.54,1418.66,1410.27,1403.52,1397.34,1391.56,1386.18,1380.94,1374.21,1368.33,1363.53,1358.75,1352.76,1347.68,1343.21,1338.73,1333.89,1328.95,1324.01,1318.95,1313.43,1308.11,1303.02,1298.02,1293.01,1288.40,1284.54,1281.08,1278.08,1276.18,1275.82,1276.81,1278.57,1280.20,1281.50,1282.71,1283.76,1284.53,1285.23,1285.87,1286.49,1287.02,1287.27,1287.79,1288.57,1289.56,1290.69,1291.80,1293.06,1294.21,1295.03,1295.68,1296.14,1296.21,1295.64,1293.84,1291.09,1287.29,1283.06,1278.61,1272.74,1266.97,1261.02,1254.83,1248.91,1243.71,1237.89,1232.00,1227.45,1224.24,1221.46,1218.27,1214.05,1208.53,1202.69,1197.93,1193.97,1189.40,1185.14,1181.05,1176.83,1172.32,1167.68,1163.78,1160.36,1157.34,1154.75,1152.38,1149.50,1146.17,1142.81,1139.84,1137.44,1135.20,1132.78,1129.92,1126.77,1123.47,1119.93,1115.92,1112.10,1107.37,1102.49,1098.49,1095.25,1091.99,1088.66,1085.30,1081.93,1078.12,1074.00,1069.66,1065.14,1060.49,1054.48,1047.51,1040.05,1032.82,1024.34,1016.76,1010.51,1004.63,999.11,993.98,989.16,984.65,980.34,976.77,973.43,969.91,965.75,961.86,958.30,954.88,951.35,947.24,943.17,938.94,934.28,929.36,924.99,920.26,914.66,908.13,903.29,898.77,894.16,889.23,883.22,877.62,872.39,867.18,861.25,855.30,849.70,844.44,839.30,833.66,828.16,823.02,818.44,814.43,810.21,805.47,800.51,796.27,792.19,787.29,781.80,776.15,770.28,763.74,757.26,751.34,746.18,741.25,736.39,731.40,726.02,721.03,717.25,714.05,710.63,706.13,700.67,695.15,689.12,681.06,677.64,675.36,673.22,671.00,667.00,654.29,637.68,622.80,618.47,616.45,615.64,615.55
1598.47,1598.34,1597.85,1597.34,1596.97,1596.82,1596.68,1596.53,1596.52,1596.37,1595.27,1593.55,1590.40,1585.71,1579.38,1572.51,1566.65,1562.15,1559.06,1556.66,1554.53,1552.43,1550.24,1547.83,1545.09,1541.63,1537.71,1533.61,1529.71,1525.55,1521.47,1517.67,1514.16,1510.09,1506.31,1502.69,1498.49,1492.42,1487.54,1483.23,1479.16,1475.77,1472.81,1470.29,1468.16,1466.38,1464.72,1462.93,1460.67,1457.72,1454.44,1450.66,1446.85,1443.08,1439.03,1434.93,1429.57,1422.82,1414.80,1407.08,1400.62,1394.90,1389.62,1384.46,1378.37,1372.27,1366.74,1362.13,1356.51,1351.28,1346.49,1341.93,1337.13,1332.33,1327.43,1322.34,1316.84,1311.48,1306.41,1301.58,1296.87,1292.00,1287.77,1284.23,1281.49,1279.72,1279.41,1280.27,1281.77,1283.24,1284.36,1285.26,1286.07,1286.84,1287.54,1288.26,1289.03,1289.80,1290.33,1290.96,1291.80,1292.83,1294.02,1295.22,1296.42,1297.49,1298.33,1298.91,1299.25,1299.15,1298.40,1296.51,1292.88,1287.86,1282.38,1276.88,1270.52,1264.36,1258.03,1251.66,1246.21,1240.98,1235.27,1229.77,1225.71,1222.27,1218.93,1215.23,1210.71,1204.91,1199.83,1195.72,1192.04,1187.60,1183.17,1178.77,1174.34,1169.80,1165.12,1161.08,1157.54,1154.47,1151.86,1149.24,1146.16,1142.82,1139.69,1136.89,1134.39,1131.93,1129.31,1126.46,1123.44,1120.23,1116.75,1112.79,1108.10,1103.46,1099.35,1096.12,1093.23,1090.25,1087.16,1084.01,1080.82,1077.44,1073.68,1069.61,1065.27,1060.74,1054.56,1047.22,1039.38,1032.14,1023.64,1016.04,1009.79,1004.07,998.61,993.56,988.81,984.26,979.98,976.37,972.88,969.05,964.44,960.44,956.86,953.42,949.77,945.43,941.13,936.79,932.25,927.53,923.15,918.03,912.13,906.37,901.78,897.22,892.42,887.27,881.31,875.63,870.47,865.62,860.05,854.12,848.53,843.27,837.97,832.22,826.65,821.51,816.97,813.02,808.64,803.87,799.06,794.84,790.35,785.13,779.45,773.63,767.54,761.08,754.95,749.58,744.80,739.99,735.10,730.00,724.53,719.72,716.06,712.91,709.52,705.01,699.76,694.29,688.21,680.67,677.36,675.03,672.63,669.50,662.81,645.55,628.66,619.14,617.05,616.11,615.88,616.16
1592.59,1592.28,1591.34,1590.30,1589.57,1589.30,1589.10,1589.26,1589.86,1590.46,1590.01,1588.70,1585.13,1579.58,1572.69,1566.25,1561.11,1557.18,1554.38,1552.15,1550.21,1548.26,1546.15,1543.76,1541.14,1537.36,1533.09,1529.00,1525.57,1521.60,1518.06,1515.11,1512.05,1508.68,1505.32,1501.88,1498.12,1493.91,1489.92,1485.94,1482.01,1478.69,1475.91,1473.54,1471.57,1470.01,1468.52,1466.95,1464.95,1462.24,1459.24,1455.40,1451.42,1447.48,1443.34,1439.04,1433.54,1427.03,1419.69,1411.17,1404.27,1398.40,1393.04,1387.84,1382.62,1376.42,1369.99,1365.09,1360.07,1354.81,1349.67,1344.89,1340.10,1335.42,1330.62,1325.55,1320.11,1314.72,1309.60,1304.90,1300.66,1295.80,1291.28,1287.62,1285.09,1283.37,1283.06,1283.71,1284.89,1286.16,1287.19,1287.90,1288.55,1289.31,1290.03,1290.85,1291.77,1292.72,1293.54,1294.26,1295.15,1296.22,1297.47,1298.72,1299.88,1300.92,1301.76,1302.28,1302.40,1302.00,1301.03,1299.07,1294.53,1288.31,1281.51,1274.78,1267.99,1261.43,1254.81,1248.48,1243.56,1238.24,1232.75,1227.74,1223.97,1220.27,1216.30,1212.08,1207.34,1201.38,1197.22,1193.68,1190.01,1185.58,1180.87,1176.17,1171.56,1166.99,1162.32,1158.25,1154.64,1151.47,1148.76,1145.73,1142.42,1139.15,1136.30,1133.54,1131.03,1128.45,1125.63,1122.69,1119.74,1116.51,1112.94,1108.95,1103.61,1099.42,1096.33,1093.74,1091.14,1088.45,1085.64,1082.70,1079.65,1076.62,1073.19,1069.38,1065.24,1060.78,1054.51,1046.91,1038.74,1031.56,1023.15,1015.57,1009.35,1003.86,998.53,993.57,988.81,984.17,979.88,976.20,972.46,968.20,963.16,959.11,955.54,952.04,948.15,943.60,939.10,934.70,930.29,925.59,921.13,915.82,909.83,904.62,900.15,895.52,890.55,885.15,879.33,873.57,868.53,864.11,858.86,852.92,847.34,842.11,836.63,830.79,825.18,820.04,815.55,811.53,806.98,802.20,797.54,793.28,788.25,782.69,776.86,770.86,764.59,758.25,752.57,747.81,743.35,738.62,733.70,728.55,723.13,718.50,714.86,711.65,708.21,703.66,698.64,693.21,687.15,680.38,677.13,674.69,671.94,667.59,658.20,637.65,621.87,618.06,616.47,616.31,616.56,616.92
1586.14,1585.14,1583.42,1581.89,1580.85,1580.40,1580.23,1580.70,1581.40,1581.95,1581.79,1580.60,1577.37,1572.25,1565.78,1560.69,1556.66,1553.29,1550.41,1547.76,1545.74,1543.80,1541.74,1539.46,1536.45,1532.70,1528.87,1525.39,1522.14,1518.55,1515.27,1512.32,1509.03,1505.45,1502.51,1500.26,1498.25,1494.96,1491.72,1488.49,1485.12,1481.64,1479.36,1477.41,1475.57,1474.03,1472.55,1471.09,1469.18,1466.52,1463.62,1460.07,1456.19,1452.09,1447.72,1443.25,1437.75,1431.30,1424.05,1415.85,1408.59,1402.20,1396.60,1391.62,1386.58,1380.57,1373.95,1367.93,1362.88,1357.73,1352.47,1347.34,1342.51,1337.84,1333.18,1328.34,1323.05,1317.79,1312.69,1307.98,1303.85,1299.54,1295.24,1291.49,1288.75,1287.12,1286.77,1287.29,1288.33,1289.45,1290.33,1291.01,1291.67,1292.45,1293.25,1294.13,1295.08,1296.04,1296.84,1297.64,1298.57,1299.66,1300.96,1302.30,1303.61,1304.73,1305.52,1305.93,1305.41,1304.42,1303.04,1300.70,1295.58,1288.68,1280.85,1272.67,1265.32,1258.48,1252.00,1246.05,1240.99,1235.73,1230.71,1226.15,1222.20,1218.10,1213.85,1209.26,1204.26,1199.22,1195.42,1191.86,1187.94,1183.16,1177.78,1172.70,1167.95,1163.45,1159.22,1155.24,1151.43,1147.94,1145.08,1141.73,1138.17,1134.90,1132.40,1129.59,1126.93,1124.35,1121.57,1118.28,1114.93,1111.46,1107.69,1103.39,1099.48,1096.35,1093.71,1091.28,1088.91,1086.57,1084.05,1081.31,1078.49,1075.55,1072.43,1068.98,1064.96,1060.72,1054.41,1046.67,1038.36,1031.17,1022.88,1015.43,1009.33,1003.96,998.81,993.97,989.16,984.20,979.87,976.12,972.05,967.27,962.05,958.01,954.47,950.84,946.51,941.69,937.23,932.92,928.46,923.68,918.94,913.72,908.12,903.01,898.34,893.75,888.78,883.02,877.16,871.63,866.93,862.85,857.72,851.76,846.18,840.94,835.32,829.30,823.66,818.62,814.21,809.84,805.04,800.33,795.93,791.66,786.00,779.95,773.87,767.78,761.53,755.25,749.93,745.87,741.78,737.10,732.15,727.05,721.84,717.54,713.84,710.27,706.46,702.07,697.08,691.54,685.59,679.81,676.52,673.86,670.48,664.53,653.69,633.86,619.82,617.77,616.83,616.92,617.24,617.61
1580.01,1578.24,1576.04,1574.12,1572.72,1572.01,1571.81,1572.39,1573.20,1573.85,1573.78,1572.30,1569.23,1564.86,1559.58,1555.52,1552.10,1549.01,1546.13,1543.42,1541.38,1539.50,1537.50,1535.16,1532.09,1528.67,1525.27,1522.07,1518.85,1515.53,1512.30,1509.09,1505.59,1502.18,1500.00,1498.82,1497.94,1495.55,1492.94,1490.38,1487.70,1484.46,1482.42,1480.65,1479.02,1477.91,1476.69,1475.40,1473.61,1470.94,1467.84,1464.34,1460.56,1456.48,1452.06,1447.52,1442.00,1435.66,1428.71,1420.92,1413.28,1406.32,1400.32,1395.22,1390.34,1384.60,1377.99,1371.16,1365.63,1360.37,1355.07,1349.76,1344.81,1339.99,1335.39,1330.85,1325.80,1320.64,1315.61,1310.90,1306.75,1302.82,1298.94,1295.44,1292.71,1291.17,1290.81,1291.18,1291.98,1292.95,1293.72,1294.39,1295.08,1295.88,1296.81,1297.76,1298.70,1299.55,1300.27,1301.09,1302.03,1303.12,1304.42,1305.83,1307.26,1308.35,1308.89,1309.11,1307.96,1306.27,1304.30,1301.50,1295.98,1288.33,1279.50,1270.36,1262.83,1255.93,1249.56,1243.80,1238.64,1233.54,1228.81,1224.43,1220.30,1216.12,1211.66,1206.76,1201.56,1197.24,1193.67,1189.87,1185.46,1180.29,1174.45,1169.18,1164.38,1159.82,1155.63,1151.64,1147.73,1143.98,1140.75,1137.20,1133.63,1130.37,1127.77,1124.97,1122.28,1119.59,1116.69,1113.26,1109.85,1106.31,1102.58,1098.69,1095.81,1093.34,1091.00,1088.72,1086.65,1084.55,1082.24,1079.72,1077.11,1074.34,1071.38,1068.09,1064.16,1059.81,1053.73,1046.24,1037.98,1030.78,1022.80,1015.70,1009.87,1004.59,999.38,994.49,989.59,984.46,979.92,975.86,971.42,966.30,961.01,957.00,953.43,949.65,945.02,940.06,935.43,930.98,926.48,921.76,917.04,911.94,906.55,901.41,896.62,891.89,886.75,880.75,874.57,869.50,865.36,861.51,856.36,850.53,845.03,839.75,833.98,827.80,822.10,817.12,812.81,808.22,803.37,798.66,794.16,789.52,783.32,776.92,770.67,764.46,758.21,752.47,747.74,744.02,740.12,735.43,730.52,725.57,720.62,716.37,712.42,708.51,704.44,700.10,695.17,689.62,683.82,678.96,675.72,672.92,669.06,661.79,648.42,630.52,618.96,617.71,617.19,617.41,617.79,618.19
1574.19,1571.66,1569.29,1567.07,1565.31,1564.32,1564.07,1564.57,1565.48,1566.34,1566.20,1564.15,1561.10,1557.62,1554.01,1550.58,1547.33,1544.29,1541.55,1539.15,1537.19,1535.40,1533.47,1530.95,1528.18,1525.26,1522.18,1518.93,1515.64,1512.47,1509.13,1505.53,1501.88,1499.07,1497.84,1497.50,1497.06,1495.66,1493.64,1491.63,1489.69,1487.05,1485.01,1483.20,1481.85,1481.54,1480.79,1479.73,1478.09,1475.43,1471.92,1468.21,1464.44,1460.54,1456.22,1451.71,1446.20,1440.03,1433.57,1426.21,1418.26,1410.71,1404.18,1398.63,1393.88,1388.47,1382.03,1374.76,1368.38,1362.80,1357.50,1352.20,1347.04,1341.96,1337.35,1333.07,1328.36,1323.29,1318.34,1313.67,1309.40,1305.68,1302.35,1299.36,1296.89,1295.44,1295.14,1295.33,1295.80,1296.65,1297.32,1298.00,1298.75,1299.63,1300.73,1301.74,1302.59,1303.25,1303.81,1304.59,1305.53,1306.60,1307.88,1309.32,1310.79,1311.71,1311.82,1311.72,1309.94,1307.49,1304.78,1301.49,1295.66,1287.23,1277.52,1267.98,1260.65,1253.86,1247.50,1241.73,1236.57,1231.64,1226.98,1222.53,1218.30,1214.28,1209.67,1204.50,1199.22,1195.32,1191.83,1187.64,1182.59,1177.03,1171.00,1165.72,1160.89,1156.14,1151.62,1147.52,1143.56,1139.64,1135.88,1132.21,1128.81,1125.63,1122.57,1119.87,1117.23,1114.38,1111.16,1107.83,1104.64,1101.22,1097.74,1094.90,1092.45,1090.25,1088.13,1086.07,1084.33,1082.36,1080.19,1077.90,1075.48,1072.93,1070.02,1066.71,1062.87,1058.18,1052.54,1045.64,1037.57,1030.38,1022.87,1016.31,1010.87,1005.63,1000.17,995.07,990.07,984.87,979.99,975.40,970.56,965.28,959.98,955.98,952.35,948.44,943.68,938.70,933.74,928.96,924.41,919.89,915.41,910.47,905.06,899.80,894.96,889.93,884.46,878.34,871.74,867.31,863.81,860.08,854.81,849.24,843.87,838.51,832.61,826.29,820.53,815.58,811.36,806.70,801.97,797.18,792.26,786.90,780.24,773.65,767.30,760.94,754.73,749.95,745.96,742.28,738.36,733.64,728.81,724.07,719.36,714.88,710.55,706.31,702.11,697.74,692.90,687.43,681.88,677.83,674.76,671.74,667.46,659.17,642.69,627.46,618.84,617.83,617.48,617.76,618.21,618.66
1568.12,1565.38,1562.66,1560.36,1558.68,1557.85,1557.82,1558.27,1558.79,1559.13,1558.82,1556.93,1554.38,1551.50,1548.30,1545.08,1542.16,1539.53,1537.21,1535.24,1533.37,1531.60,1529.74,1527.43,1524.91,1522.09,1519.00,1515.72,1512.45,1509.35,1505.99,1502.29,1498.65,1496.34,1495.34,1495.09,1495.08,1494.80,1493.85,1492.49,1490.85,1488.94,1486.76,1484.94,1483.98,1484.32,1483.76,1482.98,1481.64,1479.21,1475.78,1471.67,1467.45,1463.36,1459.42,1454.97,1449.78,1443.92,1437.47,1430.72,1423.05,1415.27,1408.06,1402.02,1396.99,1391.82,1385.88,1378.60,1371.25,1365.14,1359.73,1354.45,1349.19,1344.09,1339.40,1335.03,1330.46,1325.58,1320.75,1316.13,1311.96,1308.56,1305.42,1302.70,1300.70,1299.61,1299.36,1299.39,1299.64,1300.39,1301.03,1301.87,1302.97,1304.31,1305.55,1306.44,1307.02,1307.34,1307.60,1308.20,1309.07,1310.15,1311.46,1312.90,1314.08,1314.63,1314.27,1312.99,1310.47,1307.34,1303.97,1300.27,1294.00,1285.27,1275.66,1266.74,1259.70,1252.58,1245.96,1240.21,1235.13,1229.96,1224.98,1220.35,1216.22,1212.26,1207.36,1202.13,1197.27,1193.38,1189.33,1184.69,1179.41,1173.64,1167.86,1162.46,1157.30,1152.28,1147.68,1143.32,1139.07,1134.92,1130.97,1127.17,1123.78,1120.72,1117.88,1115.34,1112.72,1109.76,1106.39,1103.03,1099.81,1096.53,1093.40,1090.97,1088.67,1086.63,1084.83,1083.23,1081.57,1079.79,1077.84,1075.70,1073.43,1071.01,1068.14,1064.88,1061.26,1056.78,1051.47,1044.95,1037.18,1030.06,1022.91,1016.81,1011.69,1006.39,1000.80,995.50,990.33,985.01,979.77,974.69,969.43,963.94,958.65,954.43,950.70,946.88,942.37,937.39,932.39,927.55,922.98,918.48,913.92,908.88,903.41,898.06,892.94,887.60,881.85,875.71,869.89,865.92,862.51,858.63,853.40,848.03,842.61,837.09,831.25,824.78,819.15,814.33,809.98,805.31,800.59,795.69,790.35,784.08,777.14,770.39,763.87,757.54,751.89,747.86,744.32,740.60,736.50,731.80,727.02,722.20,717.15,712.54,707.94,703.39,699.03,694.77,689.93,684.69,679.73,676.44,673.51,669.23,663.18,654.15,638.84,625.99,619.01,618.19,617.88,618.12,618.54,619.00
1562.19,1559.56,1556.60,1554.23,1552.62,1551.90,1551.96,1552.35,1552.47,1552.21,1551.56,1549.82,1547.65,1545.12,1542.07,1539.02,1536.63,1534.64,1532.89,1531.30,1529.58,1527.91,1526.16,1524.02,1521.56,1518.68,1515.56,1512.37,1509.25,1506.23,1502.81,1498.97,1495.32,1493.36,1492.56,1492.47,1492.90,1493.45,1493.44,1492.78,1491.53,1490.17,1487.97,1486.37,1485.91,1486.67,1486.44,1485.99,1484.91,1482.61,1479.22,1474.77,1470.13,1465.81,1462.12,1457.83,1452.88,1447.25,1440.86,1434.63,1427.42,1419.63,1411.88,1405.38,1399.92,1394.80,1389.28,1382.22,1374.18,1367.52,1361.86,1356.55,1351.14,1346.04,1341.29,1336.77,1332.19,1327.42,1322.77,1318.35,1314.31,1311.21,1308.34,1305.95,1304.36,1303.59,1303.38,1303.33,1303.45,1304.15,1304.84,1305.86,1307.22,1308.83,1310.10,1310.87,1311.25,1311.33,1311.37,1311.78,1312.59,1313.70,1315.04,1316.47,1317.22,1317.27,1316.31,1313.77,1310.54,1306.84,1302.89,1298.61,1291.98,1283.25,1274.14,1266.17,1259.53,1251.97,1245.00,1239.26,1234.22,1228.71,1223.24,1218.26,1214.16,1210.06,1204.97,1199.86,1195.40,1191.35,1186.69,1181.66,1176.29,1170.41,1164.85,1159.22,1153.67,1148.48,1143.77,1139.09,1134.55,1130.27,1126.26,1122.41,1119.02,1116.04,1113.37,1110.87,1108.17,1105.02,1101.39,1097.95,1094.82,1091.89,1089.20,1087.04,1084.80,1082.84,1081.27,1080.05,1078.51,1076.97,1075.25,1073.26,1071.04,1068.69,1065.90,1062.76,1059.40,1055.30,1050.28,1044.07,1036.65,1029.63,1022.86,1017.13,1012.22,1006.88,1001.26,995.76,990.33,984.82,979.25,973.73,968.11,962.41,957.12,952.73,948.93,945.25,941.05,936.12,931.15,926.32,921.67,917.12,912.40,907.23,901.70,896.29,890.88,885.25,879.27,873.14,868.34,864.76,861.27,857.18,852.06,846.78,841.25,835.56,829.80,823.37,817.94,813.18,808.60,803.83,799.01,793.89,788.14,781.23,774.13,767.25,760.57,754.28,749.41,745.96,742.65,738.85,734.62,729.96,725.20,720.25,714.77,709.88,704.99,700.22,695.75,691.42,686.57,681.78,677.67,674.93,671.98,666.31,658.51,649.10,635.87,625.05,619.22,618.57,618.29,618.47,618.84,619.25
1556.64,1554.61,1551.69,1549.17,1547.39,1546.50,1546.24,1546.56,1546.48,1545.76,1544.49,1542.52,1540.21,1537.63,1534.76,1532.07,1530.50,1529.46,1528.52,1527.11,1525.70,1524.30,1522.73,1520.55,1517.76,1514.65,1511.58,1508.73,1506.04,1503.15,1499.53,1495.33,1491.55,1489.70,1489.36,1489.92,1490.85,1491.50,1491.93,1492.02,1491.55,1490.31,1488.42,1487.50,1487.70,1488.52,1489.02,1489.02,1488.02,1485.51,1481.90,1477.32,1472.53,1468.02,1464.23,1460.23,1455.26,1449.58,1443.63,1437.58,1430.94,1423.51,1415.60,1408.68,1402.67,1397.24,1391.80,1385.30,1377.23,1369.99,1363.82,1358.38,1352.65,1347.55,1342.80,1338.14,1333.35,1328.45,1324.12,1320.13,1316.24,1313.34,1311.11,1309.28,1307.86,1307.18,1307.04,1307.02,1307.19,1307.91,1308.81,1309.97,1311.28,1312.56,1313.58,1314.34,1314.79,1314.95,1314.97,1315.26,1316.05,1317.20,1318.58,1319.92,1320.17,1319.48,1317.67,1314.15,1310.33,1306.25,1301.82,1296.60,1289.80,1281.51,1273.30,1266.52,1260.50,1252.46,1245.06,1239.31,1234.20,1228.29,1222.13,1216.50,1212.13,1207.53,1202.63,1197.89,1193.51,1189.11,1184.07,1178.81,1173.38,1167.59,1162.00,1155.92,1149.98,1144.87,1139.91,1134.83,1130.13,1125.97,1122.03,1118.30,1114.97,1111.92,1109.01,1106.27,1103.30,1099.72,1095.55,1091.95,1089.33,1087.12,1085.09,1083.19,1080.95,1078.95,1077.34,1076.17,1074.99,1073.76,1072.31,1070.47,1068.08,1065.74,1063.11,1060.21,1057.13,1053.57,1048.79,1042.82,1035.83,1028.94,1022.60,1017.13,1012.23,1006.94,1001.41,995.67,989.86,984.06,978.21,972.40,966.50,960.61,955.31,950.92,947.17,943.65,939.72,934.91,930.00,925.16,920.40,915.66,910.75,905.48,899.96,894.53,888.92,883.07,876.92,870.82,866.95,863.67,860.06,855.75,850.82,845.43,839.70,833.86,828.12,822.14,816.98,812.14,807.16,802.13,796.96,791.40,785.30,778.47,771.30,764.35,757.58,751.28,747.42,744.28,740.88,736.94,732.75,728.13,723.34,718.25,712.48,706.93,701.69,696.85,692.39,687.52,682.71,678.81,675.92,673.31,669.94,663.13,654.28,645.17,633.94,624.55,619.38,618.83,618.64,618.80,619.10,619.43
1551.19,1549.38,1546.60,1544.15,1542.24,1540.95,1540.19,1539.94,1539.32,1538.12,1536.55,1534.64,1532.62,1530.60,1528.60,1526.60,1525.50,1524.83,1524.18,1522.98,1521.43,1519.81,1518.01,1515.68,1513.12,1510.43,1507.79,1505.26,1502.60,1499.33,1495.37,1491.02,1487.31,1485.52,1485.02,1485.33,1486.29,1487.63,1489.18,1490.21,1490.30,1489.52,1488.09,1487.92,1488.81,1489.53,1490.06,1490.14,1489.53,1487.69,1484.04,1479.02,1474.08,1469.75,1465.88,1462.04,1457.03,1451.26,1445.46,1439.75,1433.40,1426.11,1418.20,1411.39,1405.08,1399.23,1393.57,1387.55,1380.37,1372.58,1365.48,1359.90,1354.13,1348.91,1344.08,1339.38,1334.50,1329.70,1325.59,1321.85,1318.15,1315.49,1313.54,1312.02,1310.97,1310.53,1310.47,1310.53,1310.79,1311.66,1312.56,1313.69,1314.91,1316.09,1317.13,1318.17,1318.98,1319.46,1319.61,1319.66,1320.38,1321.44,1322.22,1323.02,1322.51,1321.11,1318.81,1314.86,1310.56,1305.85,1300.73,1295.15,1288.41,1280.59,1273.01,1266.89,1261.59,1253.70,1246.08,1239.89,1234.23,1227.90,1221.30,1215.18,1210.43,1205.62,1200.84,1196.21,1191.72,1186.97,1181.85,1176.55,1171.00,1164.89,1158.98,1152.88,1147.00,1141.74,1136.61,1131.51,1126.79,1122.45,1118.02,1114.17,1110.63,1107.30,1104.20,1100.93,1097.46,1093.79,1090.04,1086.81,1084.50,1082.51,1080.59,1078.64,1076.36,1074.41,1072.94,1071.92,1070.76,1069.52,1068.14,1066.47,1064.27,1062.05,1059.73,1057.25,1054.48,1051.09,1046.51,1040.75,1034.00,1027.69,1021.98,1016.91,1012.14,1006.83,1000.92,994.81,988.80,982.98,976.71,970.42,964.21,958.26,953.07,949.12,945.64,942.16,938.18,933.49,928.57,923.68,918.90,914.16,909.10,903.73,898.27,893.04,887.39,881.34,875.12,869.34,865.72,862.39,858.66,854.30,849.37,843.93,838.11,832.18,826.51,820.90,815.95,810.91,805.35,800.29,795.06,789.30,782.88,775.87,768.84,761.85,755.14,749.37,745.83,742.67,739.16,735.12,730.78,726.23,721.38,716.14,710.37,704.79,699.44,694.40,689.64,684.63,680.43,677.26,674.83,672.16,667.57,659.84,650.92,642.81,632.85,624.62,619.98,619.22,619.01,619.16,619.42,619.70
1545.80,1544.04,1541.44,1539.10,1537.05,1535.27,1533.99,1533.02,1531.79,1530.21,1528.58,1526.87,1525.32,1524.02,1523.01,1521.76,1520.93,1520.33,1519.71,1518.62,1516.87,1514.93,1512.85,1510.48,1508.35,1506.21,1504.02,1501.68,1498.89,1495.08,1490.69,1486.25,1482.74,1481.03,1480.20,1480.05,1480.91,1483.00,1485.66,1487.56,1488.16,1488.11,1487.42,1488.03,1489.52,1490.11,1490.43,1490.46,1490.24,1489.29,1485.80,1480.39,1475.36,1471.28,1467.34,1463.52,1458.46,1452.59,1446.75,1441.44,1435.25,1427.91,1419.96,1413.59,1407.39,1401.10,1394.95,1389.31,1383.20,1375.02,1367.10,1361.31,1355.61,1350.29,1345.35,1340.63,1335.72,1331.08,1327.11,1323.52,1320.08,1317.64,1315.82,1314.57,1313.92,1313.75,1313.78,1313.91,1314.31,1315.37,1316.27,1317.40,1318.65,1319.90,1321.13,1322.46,1323.61,1324.40,1324.65,1324.47,1325.01,1325.77,1325.78,1325.84,1324.52,1322.47,1319.80,1315.68,1311.01,1305.65,1299.87,1294.17,1287.61,1280.24,1273.16,1267.42,1262.68,1255.26,1247.58,1240.75,1234.40,1227.60,1220.61,1214.11,1208.96,1204.07,1199.34,1194.71,1190.04,1184.96,1179.85,1174.57,1168.86,1162.35,1156.12,1150.17,1144.46,1139.05,1133.82,1128.80,1123.97,1119.20,1114.08,1109.92,1106.04,1102.38,1099.08,1095.34,1091.49,1087.92,1084.87,1082.16,1080.04,1078.03,1075.98,1073.87,1071.59,1069.77,1068.45,1067.46,1066.09,1064.63,1063.17,1061.66,1059.82,1057.88,1055.86,1053.70,1051.15,1047.81,1043.36,1037.83,1031.51,1026.03,1021.02,1016.41,1011.81,1006.34,999.94,993.50,987.38,981.53,974.80,967.98,961.48,955.60,950.73,947.31,944.16,940.69,936.52,931.93,926.97,922.01,917.28,912.62,907.39,901.96,896.62,891.69,886.05,879.83,873.62,868.26,864.56,860.98,857.12,852.79,847.77,842.26,836.41,830.49,824.91,819.64,814.87,809.60,803.43,798.39,793.20,787.33,780.67,773.42,766.62,759.57,752.93,747.88,744.36,741.05,737.44,733.38,728.86,724.29,719.39,714.12,708.54,703.23,697.96,692.74,687.62,682.62,679.10,676.40,674.06,671.25,665.28,656.85,648.19,641.15,632.23,625.15,620.95,619.72,619.42,619.55,619.79,620.06
1540.48,1538.72,1536.36,1533.90,1531.49,1529.30,1527.74,1526.25,1524.74,1523.28,1521.95,1520.64,1519.44,1518.47,1517.84,1517.07,1516.21,1515.40,1514.56,1513.30,1511.69,1509.91,1508.07,1506.26,1504.45,1502.34,1500.00,1497.44,1494.50,1490.30,1485.41,1480.68,1477.65,1476.07,1475.34,1475.37,1476.44,1478.44,1481.05,1483.16,1484.43,1485.62,1486.64,1488.10,1489.64,1490.28,1490.66,1490.66,1490.42,1489.67,1486.88,1481.80,1476.89,1472.82,1468.81,1464.66,1459.47,1453.50,1447.39,1442.36,1436.36,1428.70,1420.17,1414.68,1409.84,1403.33,1395.99,1390.43,1384.51,1376.76,1368.98,1362.75,1357.13,1351.93,1346.99,1342.16,1337.25,1332.62,1328.61,1325.15,1322.21,1319.74,1318.15,1317.23,1316.86,1316.84,1316.95,1317.18,1317.71,1318.91,1320.20,1321.80,1323.52,1325.20,1326.84,1328.02,1328.91,1329.53,1329.66,1329.48,1329.37,1329.24,1328.82,1328.12,1326.24,1323.67,1320.57,1316.52,1311.66,1306.00,1299.93,1294.14,1287.91,1280.92,1274.13,1268.51,1263.64,1256.97,1249.45,1241.90,1235.06,1227.54,1220.08,1213.31,1207.91,1203.01,1198.21,1193.45,1188.61,1183.30,1178.14,1172.77,1166.88,1160.24,1154.23,1148.37,1142.67,1137.30,1132.27,1126.97,1121.45,1115.77,1110.04,1105.18,1100.90,1097.01,1093.43,1089.95,1086.59,1083.42,1080.58,1078.12,1075.96,1073.77,1071.53,1069.40,1067.40,1065.81,1064.36,1062.72,1060.76,1058.74,1056.93,1055.45,1054.19,1052.91,1050.95,1048.39,1045.55,1042.47,1037.86,1032.72,1027.89,1023.51,1019.24,1015.10,1010.61,1004.58,998.00,991.65,985.50,979.16,971.87,964.67,958.12,952.64,948.64,945.52,942.49,939.04,934.73,930.05,925.07,920.17,915.60,910.99,905.45,900.01,895.05,890.39,884.80,878.51,872.38,867.39,863.42,859.36,855.28,851.04,845.92,840.15,834.33,828.67,823.26,818.29,813.67,808.27,801.73,796.50,791.21,785.28,778.60,771.35,764.75,757.48,750.75,746.33,742.65,739.19,735.66,731.83,727.25,722.37,717.51,712.66,707.61,702.82,697.90,692.80,687.62,682.66,678.93,675.99,673.47,670.52,663.94,655.27,646.63,639.69,632.17,626.64,622.76,620.43,619.89,620.02,620.28,620.65
1535.22,1533.30,1530.95,1528.39,1525.86,1523.61,1521.88,1520.24,1518.72,1517.36,1516.21,1515.13,1514.18,1513.42,1512.88,1512.32,1511.46,1510.54,1509.58,1508.32,1506.87,1505.26,1503.59,1502.03,1500.34,1498.16,1495.71,1493.06,1489.95,1485.40,1480.21,1475.40,1472.78,1471.38,1470.89,1471.22,1472.56,1474.63,1477.24,1479.75,1481.87,1483.77,1485.69,1487.64,1489.34,1490.21,1490.63,1490.63,1490.44,1489.86,1487.79,1483.17,1478.38,1474.16,1469.99,1465.53,1460.23,1454.18,1447.83,1442.90,1436.96,1429.13,1420.44,1415.53,1411.42,1404.78,1396.81,1391.32,1385.56,1378.39,1370.91,1364.32,1358.81,1353.78,1349.03,1344.36,1339.30,1334.63,1330.56,1327.15,1324.55,1322.35,1321.08,1320.41,1320.17,1320.23,1320.39,1320.77,1321.53,1322.93,1324.47,1326.17,1327.94,1329.68,1331.32,1332.30,1332.98,1333.43,1333.45,1333.21,1332.62,1331.87,1331.17,1330.07,1327.99,1325.06,1321.33,1317.08,1312.19,1306.35,1300.05,1294.45,1288.70,1281.98,1275.21,1269.37,1264.16,1257.68,1250.25,1242.39,1235.04,1227.13,1219.52,1212.69,1207.08,1202.10,1197.26,1192.40,1187.37,1181.87,1176.68,1171.17,1165.15,1158.73,1153.17,1147.48,1141.76,1136.39,1131.51,1125.89,1119.63,1112.97,1106.51,1101.18,1096.63,1092.60,1089.00,1085.69,1082.60,1079.68,1076.95,1074.50,1072.16,1069.81,1067.47,1065.32,1063.28,1061.56,1059.72,1057.26,1054.49,1052.01,1049.94,1048.35,1047.23,1046.13,1044.25,1041.62,1038.61,1035.74,1031.59,1027.32,1023.79,1020.44,1016.84,1012.90,1008.15,1001.67,995.24,989.08,982.83,975.98,968.21,961.01,954.83,950.02,946.70,943.76,940.57,936.90,932.50,927.84,923.00,918.33,913.89,909.10,903.42,898.15,893.54,888.88,883.52,877.24,871.13,866.40,862.24,857.79,853.40,849.09,844.09,838.32,832.56,827.00,821.67,816.89,812.15,806.58,800.05,794.84,789.44,783.50,776.92,769.73,763.19,755.75,748.97,745.04,741.34,737.75,734.20,730.42,725.55,720.59,715.97,711.62,707.26,703.02,698.47,693.52,688.28,683.33,679.27,675.98,673.19,669.90,662.84,654.11,645.60,638.77,632.44,627.88,624.30,621.62,620.56,620.58,620.89,621.41
1529.91,1527.73,1525.24,1522.66,1520.28,1518.27,1516.50,1515.03,1513.66,1512.34,1511.14,1510.09,1509.31,1508.65,1508.01,1507.41,1506.63,1505.75,1504.81,1503.75,1502.41,1500.93,1499.35,1497.66,1495.91,1493.65,1491.19,1488.63,1485.35,1480.54,1475.25,1470.60,1468.25,1467.05,1466.90,1467.61,1469.21,1471.59,1474.38,1477.49,1480.56,1482.62,1484.55,1486.63,1488.60,1489.88,1490.34,1490.42,1490.35,1489.96,1488.51,1484.39,1479.69,1475.22,1470.81,1466.12,1460.73,1454.62,1448.08,1443.11,1437.06,1429.31,1420.94,1416.22,1412.11,1405.47,1397.56,1392.13,1386.62,1380.06,1372.95,1366.06,1360.68,1355.83,1351.47,1347.21,1341.97,1337.19,1333.05,1329.62,1327.14,1325.51,1324.62,1324.11,1323.88,1323.94,1324.14,1324.71,1325.76,1327.37,1328.98,1330.39,1331.75,1333.16,1334.41,1335.18,1335.72,1336.07,1335.99,1335.61,1334.77,1333.74,1332.83,1331.68,1329.72,1326.54,1322.06,1317.37,1312.57,1306.66,1300.22,1295.03,1289.84,1283.28,1276.29,1269.93,1264.17,1257.26,1249.79,1242.10,1234.27,1226.35,1218.93,1212.22,1206.49,1201.33,1196.50,1191.60,1186.36,1180.72,1175.50,1169.86,1163.75,1157.85,1152.92,1147.45,1141.70,1136.27,1131.46,1125.51,1118.57,1110.97,1103.63,1098.12,1093.47,1089.38,1085.97,1082.62,1079.50,1076.62,1073.94,1071.27,1068.65,1066.15,1063.78,1061.56,1059.13,1056.84,1054.27,1050.92,1047.28,1044.54,1042.36,1040.57,1039.12,1037.69,1035.92,1033.62,1030.65,1027.95,1024.85,1021.83,1019.28,1016.77,1013.71,1009.67,1004.40,997.72,991.70,985.74,979.32,971.98,963.91,957.09,951.70,947.76,944.85,941.92,938.35,934.21,929.81,925.27,920.79,916.47,912.14,906.93,901.33,896.41,892.08,887.20,882.20,875.99,869.85,865.31,861.04,856.31,851.56,847.02,842.36,836.86,831.15,825.53,820.20,815.44,810.32,804.55,798.39,793.43,787.96,782.05,775.67,768.57,761.97,754.41,747.67,744.05,740.47,736.76,733.08,729.11,723.73,719.02,714.84,711.01,707.39,703.69,699.51,694.74,689.41,684.40,679.97,676.31,673.18,669.41,661.93,653.27,645.04,638.38,633.02,628.77,625.52,623.25,621.47,621.24,621.63,622.35
1523.45,1521.77,1519.80,1517.63,1515.51,1513.60,1511.74,1510.14,1508.57,1506.91,1505.17,1504.04,1503.36,1502.86,1502.35,1501.89,1501.31,1500.58,1499.70,1498.65,1497.43,1496.15,1494.75,1493.05,1491.32,1489.27,1487.04,1484.58,1481.22,1476.42,1471.35,1466.93,1464.37,1463.15,1463.30,1464.49,1466.51,1468.99,1471.76,1475.02,1478.57,1481.25,1483.33,1485.32,1487.25,1488.85,1489.88,1490.21,1490.19,1489.79,1488.05,1484.35,1479.96,1475.44,1470.88,1466.03,1460.60,1454.55,1448.08,1442.91,1436.78,1429.40,1421.70,1416.89,1412.55,1406.47,1399.45,1394.02,1388.65,1382.46,1375.56,1368.49,1362.95,1358.18,1354.05,1350.27,1345.98,1340.99,1336.54,1332.99,1330.61,1329.12,1328.42,1328.08,1327.90,1327.94,1328.23,1328.83,1329.75,1331.08,1332.51,1333.82,1335.06,1336.31,1337.46,1338.01,1338.30,1338.44,1338.33,1337.80,1336.80,1335.50,1334.07,1332.50,1330.54,1327.22,1322.28,1317.52,1312.88,1307.21,1300.98,1295.78,1290.84,1284.16,1276.87,1270.15,1263.16,1255.57,1248.15,1240.95,1233.26,1225.73,1218.53,1211.92,1206.26,1201.08,1196.22,1191.28,1185.96,1180.26,1175.02,1169.35,1163.28,1157.68,1153.13,1147.83,1142.06,1136.56,1131.74,1125.69,1118.51,1110.45,1102.16,1096.74,1092.23,1088.03,1084.24,1080.48,1077.16,1074.12,1071.22,1068.27,1065.40,1062.63,1059.96,1057.36,1054.70,1050.94,1046.68,1042.78,1039.65,1037.27,1035.26,1033.48,1031.75,1030.02,1028.18,1026.14,1023.81,1021.42,1018.89,1016.46,1014.21,1011.83,1008.57,1004.44,999.47,993.56,987.52,981.40,974.77,967.17,959.36,953.36,948.87,945.61,942.81,939.15,935.07,930.89,926.76,922.45,918.39,914.45,910.15,904.43,899.25,894.76,890.55,885.71,880.86,874.74,868.69,864.32,859.98,854.90,850.04,845.75,841.40,835.72,829.89,824.27,818.86,813.99,808.47,802.58,796.91,792.21,786.92,781.10,774.78,767.90,761.26,753.75,747.11,743.51,739.91,736.12,732.17,727.81,722.27,718.02,714.35,710.87,707.52,704.11,700.35,695.92,690.58,685.00,680.16,676.30,673.04,669.00,661.47,652.95,644.87,638.29,633.62,629.88,626.93,624.76,622.78,622.07,622.39,623.39
1517.24,1516.02,1514.56,1512.79,1510.90,1509.02,1507.07,1505.21,1503.33,1501.33,1499.18,1497.96,1497.24,1496.77,1496.41,1496.03,1495.55,1494.90,1494.04,1493.02,1491.91,1490.87,1489.77,1488.31,1486.74,1485.03,1483.17,1480.95,1477.76,1473.09,1468.20,1463.87,1460.96,1459.57,1459.88,1461.45,1463.96,1466.50,1469.21,1472.42,1476.09,1479.37,1481.77,1483.76,1485.60,1487.37,1488.85,1489.45,1489.55,1489.08,1487.00,1483.78,1479.73,1475.13,1470.44,1465.43,1459.98,1454.05,1447.77,1442.42,1436.28,1429.51,1422.79,1417.80,1413.21,1407.73,1401.67,1396.23,1390.99,1385.17,1378.63,1371.62,1365.74,1360.83,1356.75,1353.33,1350.02,1345.33,1340.82,1337.08,1334.51,1333.01,1332.40,1332.14,1332.02,1332.02,1332.36,1332.93,1333.68,1334.68,1335.85,1336.99,1338.08,1339.13,1340.09,1340.37,1340.39,1340.32,1340.12,1339.48,1338.30,1336.69,1334.74,1332.80,1330.77,1327.38,1322.25,1317.58,1313.13,1307.80,1301.83,1296.49,1291.64,1284.83,1277.33,1270.29,1261.88,1253.64,1246.31,1239.62,1232.12,1225.12,1218.25,1211.75,1206.19,1201.00,1196.17,1191.30,1186.01,1180.12,1174.78,1169.10,1163.13,1157.81,1153.59,1148.62,1142.99,1137.26,1132.23,1126.11,1118.91,1110.64,1101.67,1096.21,1091.72,1087.33,1083.05,1078.88,1075.24,1071.90,1068.66,1065.43,1062.36,1059.36,1056.39,1053.27,1049.69,1044.52,1039.08,1035.05,1032.51,1030.40,1028.41,1026.48,1024.55,1022.59,1020.69,1018.89,1017.20,1015.09,1012.91,1010.73,1008.50,1006.06,1002.67,998.66,994.15,988.95,982.84,976.55,969.79,962.17,954.91,949.89,946.25,943.33,940.16,935.81,931.49,927.48,923.61,919.62,915.94,912.19,907.75,901.86,897.18,893.02,888.77,883.89,879.06,873.27,867.62,863.37,858.78,853.45,848.60,844.61,840.42,834.51,828.59,823.02,817.56,812.52,806.62,800.73,795.71,791.26,786.12,780.36,774.08,767.40,760.73,753.32,746.81,743.15,739.49,735.61,731.46,726.82,721.38,717.53,714.23,711.02,707.77,704.49,701.05,696.95,691.71,685.73,680.38,676.21,672.88,668.68,661.21,652.87,644.94,638.48,634.38,631.05,628.30,626.13,624.12,622.94,623.16,624.38
1512.29,1511.00,1509.65,1508.03,1506.21,1504.27,1502.22,1499.96,1497.72,1495.59,1493.65,1492.38,1491.33,1490.57,1490.26,1489.68,1488.99,1488.16,1487.23,1486.38,1485.38,1484.61,1484.02,1483.37,1482.25,1481.06,1479.76,1478.11,1475.65,1471.24,1466.25,1461.62,1458.37,1456.56,1456.64,1458.36,1461.39,1464.01,1466.68,1469.58,1472.80,1476.31,1479.46,1481.81,1483.57,1485.19,1486.53,1487.41,1487.75,1487.16,1485.13,1482.63,1478.88,1474.00,1469.20,1464.01,1458.54,1452.80,1446.84,1441.45,1435.50,1429.72,1424.50,1419.36,1414.59,1409.46,1403.99,1398.61,1393.54,1388.27,1382.49,1376.04,1369.57,1364.05,1359.65,1356.26,1353.35,1350.26,1346.46,1342.38,1338.97,1337.27,1336.60,1336.32,1336.18,1336.13,1336.39,1336.89,1337.59,1338.46,1339.28,1340.01,1340.70,1341.36,1341.68,1341.58,1341.38,1341.13,1340.68,1340.07,1338.61,1336.53,1334.27,1332.25,1330.11,1326.76,1321.90,1317.48,1313.31,1308.31,1302.58,1297.01,1292.00,1285.23,1277.79,1270.42,1260.53,1251.86,1244.69,1238.28,1230.81,1224.47,1218.11,1211.83,1206.30,1201.03,1196.38,1191.85,1186.80,1180.37,1174.70,1168.99,1163.22,1158.28,1154.40,1150.21,1145.05,1138.75,1132.98,1126.81,1119.81,1111.70,1102.74,1096.83,1091.87,1087.09,1082.45,1078.02,1073.90,1070.00,1066.29,1062.86,1059.66,1056.59,1053.48,1049.69,1043.45,1037.50,1032.69,1029.35,1026.80,1024.41,1021.87,1019.29,1017.31,1015.28,1013.47,1011.92,1010.46,1008.55,1006.40,1004.05,1001.53,999.00,996.11,992.70,988.59,983.36,977.37,971.04,964.32,957.23,950.87,946.99,943.98,940.71,936.12,931.62,927.73,924.19,920.43,916.90,913.45,909.44,904.47,899.31,895.16,891.01,886.38,881.14,876.17,871.24,866.63,862.48,857.18,851.82,847.19,843.32,838.96,832.94,827.08,821.69,816.32,811.01,804.77,799.11,795.08,790.85,785.63,779.84,773.66,767.07,760.33,753.06,746.73,743.02,739.22,735.26,731.09,726.57,721.69,717.92,714.68,711.58,708.31,704.91,701.52,697.63,692.73,687.06,680.90,676.13,672.74,668.51,661.16,653.04,645.39,639.20,635.51,632.27,629.44,627.21,625.27,623.85,623.94,625.15
1507.14,1506.09,1504.82,1503.21,1501.38,1499.31,1496.96,1494.48,1492.06,1489.84,1488.03,1486.54,1485.33,1484.43,1483.90,1483.20,1482.37,1481.48,1480.58,1479.70,1478.80,1478.04,1477.56,1477.57,1477.46,1476.92,1476.28,1475.50,1473.37,1469.43,1464.72,1460.08,1456.61,1454.15,1453.44,1454.61,1457.75,1461.16,1464.08,1466.81,1469.66,1472.90,1476.30,1479.00,1481.06,1482.80,1484.04,1484.95,1485.38,1484.91,1483.22,1480.72,1476.79,1471.83,1467.41,1462.39,1457.09,1451.57,1445.91,1440.71,1435.25,1430.10,1425.45,1420.62,1415.93,1411.22,1406.32,1401.02,1396.08,1391.22,1386.01,1380.15,1374.09,1368.14,1363.19,1359.43,1356.35,1353.84,1350.83,1347.51,1344.59,1342.48,1340.97,1340.10,1339.85,1339.78,1339.93,1340.30,1340.87,1341.58,1342.19,1342.47,1342.48,1342.29,1342.05,1341.72,1341.37,1340.98,1340.45,1339.29,1337.58,1335.56,1333.43,1331.45,1329.07,1325.71,1321.31,1317.08,1313.05,1308.39,1303.09,1297.63,1292.41,1285.64,1278.18,1270.38,1259.41,1250.57,1243.58,1237.39,1230.11,1224.04,1218.01,1212.03,1206.68,1201.64,1197.12,1192.65,1187.53,1180.71,1174.82,1169.07,1163.49,1158.95,1155.34,1151.78,1147.27,1141.08,1134.49,1127.82,1120.80,1113.08,1104.43,1098.04,1092.76,1087.75,1082.45,1077.49,1072.89,1068.55,1064.52,1060.91,1057.64,1054.53,1051.03,1045.83,1039.13,1033.29,1028.65,1025.18,1022.24,1019.40,1016.56,1013.77,1011.24,1008.84,1006.72,1004.87,1003.07,1000.93,998.80,996.62,994.29,991.82,989.41,986.25,982.13,977.17,971.37,964.82,958.17,952.18,947.16,943.62,940.31,936.48,931.95,927.96,924.42,921.01,917.41,914.10,910.36,906.00,901.13,896.75,892.79,888.17,882.91,878.09,873.52,869.25,865.23,861.09,855.34,850.22,845.92,842.10,837.49,831.43,825.64,820.38,815.16,809.65,803.45,798.06,794.42,790.52,785.16,779.31,773.29,766.95,760.13,752.91,746.72,743.06,739.28,735.28,731.15,726.92,722.52,718.69,715.31,712.15,708.90,705.44,702.01,698.20,693.53,688.08,681.34,676.16,672.80,668.70,661.80,653.84,646.11,639.94,636.31,633.05,630.20,628.02,626.27,624.73,624.59,625.60
1501.90,1501.15,1499.95,1498.34,1496.45,1494.25,1491.61,1489.04,1486.53,1484.22,1482.49,1480.78,1479.51,1478.56,1477.72,1476.90,1475.92,1474.99,1474.14,1473.16,1472.27,1471.37,1470.83,1471.34,1472.31,1472.53,1472.66,1472.81,1470.96,1467.61,1463.37,1458.89,1455.26,1452.07,1450.32,1450.56,1453.49,1457.66,1461.05,1463.92,1466.59,1469.44,1472.75,1475.69,1478.11,1480.06,1481.27,1482.17,1482.63,1482.31,1480.95,1478.12,1473.97,1469.22,1465.38,1460.70,1455.66,1450.44,1445.13,1440.21,1435.33,1430.62,1426.15,1421.72,1417.21,1412.89,1408.48,1403.32,1398.45,1393.92,1389.23,1383.99,1378.67,1372.49,1367.01,1362.74,1359.26,1356.73,1354.36,1352.11,1350.13,1347.64,1345.22,1343.66,1343.24,1343.11,1343.13,1343.30,1343.59,1343.93,1344.22,1343.99,1343.26,1342.22,1341.53,1341.05,1340.56,1340.00,1339.38,1337.59,1335.75,1334.01,1332.16,1330.32,1327.72,1324.42,1320.57,1316.49,1312.51,1308.15,1303.35,1298.20,1292.79,1286.03,1278.56,1270.31,1258.62,1249.73,1242.89,1236.87,1229.90,1223.92,1218.10,1212.42,1207.28,1202.56,1198.10,1193.52,1188.22,1181.14,1175.07,1169.35,1163.97,1159.78,1156.38,1153.29,1149.48,1143.84,1136.59,1129.11,1121.85,1114.57,1106.40,1099.59,1094.07,1088.84,1082.75,1077.18,1072.14,1067.45,1063.15,1059.39,1056.02,1052.76,1048.66,1041.99,1035.80,1030.38,1025.67,1021.74,1018.26,1014.91,1011.80,1008.87,1005.64,1002.73,1000.15,997.79,995.50,993.07,990.93,988.95,986.89,984.58,982.52,979.44,975.22,970.58,964.82,958.22,951.95,947.24,943.43,939.78,935.87,931.70,927.92,924.63,921.31,917.85,914.35,911.05,906.90,902.32,897.86,894.08,889.94,884.75,879.13,874.99,871.01,867.25,863.51,859.31,853.36,848.62,844.69,840.87,835.99,830.01,824.30,819.11,814.11,808.51,802.55,797.43,793.87,790.30,784.75,778.81,773.04,767.00,760.08,752.86,746.78,743.20,739.51,735.47,731.43,727.51,723.52,719.63,716.07,712.78,709.53,706.00,702.48,698.67,694.19,688.96,681.75,676.24,672.97,669.09,662.72,654.90,647.04,640.76,636.96,633.61,630.73,628.61,627.08,625.54,625.18,625.91
1496.63,1495.82,1494.75,1493.26,1491.38,1489.15,1486.75,1484.23,1481.64,1479.23,1477.53,1475.93,1474.72,1473.73,1472.75,1471.63,1470.40,1469.29,1468.34,1467.32,1466.05,1464.88,1464.31,1465.04,1466.18,1467.43,1468.64,1469.35,1468.35,1465.65,1461.96,1457.82,1453.95,1450.33,1447.40,1446.39,1448.73,1452.02,1456.32,1460.37,1463.61,1466.42,1469.24,1471.87,1474.21,1476.13,1477.63,1478.76,1479.31,1478.90,1477.17,1474.01,1470.40,1466.80,1463.32,1459.11,1454.44,1449.66,1445.05,1440.35,1435.75,1431.42,1427.27,1422.73,1418.29,1414.12,1409.91,1405.06,1400.13,1395.82,1391.70,1387.24,1382.19,1376.25,1370.76,1366.23,1362.51,1359.37,1356.79,1354.66,1352.86,1350.69,1348.57,1347.04,1346.36,1346.05,1345.85,1345.52,1344.98,1344.18,1343.38,1342.40,1341.33,1340.35,1339.58,1338.91,1338.16,1337.26,1336.11,1334.54,1332.98,1331.45,1329.84,1328.11,1325.75,1322.91,1319.57,1315.63,1311.60,1307.42,1303.03,1298.30,1292.94,1286.38,1278.99,1270.47,1258.83,1249.88,1242.99,1237.09,1230.62,1224.75,1219.01,1213.40,1208.25,1203.59,1198.96,1194.21,1188.87,1181.84,1175.63,1170.05,1165.04,1160.93,1157.63,1154.62,1151.32,1146.82,1139.72,1131.05,1122.96,1115.87,1108.32,1101.44,1095.67,1090.03,1083.18,1077.19,1071.91,1066.99,1062.38,1058.43,1054.91,1050.87,1045.70,1038.93,1032.94,1027.57,1022.70,1018.40,1014.52,1010.81,1007.01,1003.18,999.69,996.36,993.40,990.80,988.50,986.30,984.11,981.81,979.40,977.33,975.03,972.01,968.19,963.50,956.87,951.27,946.83,942.99,938.97,934.71,930.89,927.73,924.73,921.62,918.18,914.50,910.77,907.03,903.01,898.93,894.95,890.94,885.56,880.44,876.14,872.36,868.70,865.11,861.29,856.79,851.28,847.01,843.33,839.49,834.50,828.83,823.25,818.05,813.33,808.06,802.47,797.54,793.88,790.37,784.47,778.55,773.21,767.35,760.31,753.02,746.96,743.39,739.74,735.75,731.72,727.86,724.19,720.60,717.11,713.68,710.22,706.46,702.80,698.98,694.66,689.88,682.16,676.29,673.18,669.67,663.42,655.94,648.40,641.96,637.63,634.05,631.05,628.80,627.33,626.04,625.73,626.28
1491.45,1490.62,1489.68,1488.30,1486.47,1484.23,1481.88,1479.36,1476.79,1474.41,1472.63,1470.94,1469.62,1468.49,1467.32,1465.96,1464.55,1463.30,1462.24,1461.12,1459.56,1458.24,1457.62,1458.23,1459.38,1461.25,1463.27,1464.74,1464.83,1462.91,1459.78,1455.94,1451.88,1447.78,1444.18,1442.48,1444.24,1446.98,1451.28,1455.64,1459.34,1462.50,1465.25,1467.68,1469.85,1471.71,1473.32,1474.52,1475.09,1474.59,1472.88,1470.09,1467.18,1464.37,1461.18,1457.35,1453.10,1448.76,1444.59,1440.22,1436.01,1432.06,1428.10,1423.22,1418.83,1414.84,1410.86,1406.32,1401.30,1397.21,1393.59,1389.72,1384.98,1379.45,1374.16,1369.53,1365.67,1362.22,1359.32,1356.95,1355.04,1352.85,1350.69,1348.91,1347.74,1347.00,1346.50,1345.75,1344.61,1343.08,1341.42,1339.70,1338.14,1336.92,1335.96,1335.15,1334.30,1333.30,1332.09,1330.83,1329.64,1328.45,1327.05,1325.49,1323.46,1320.95,1317.89,1314.16,1310.41,1306.66,1302.80,1298.36,1292.98,1286.54,1279.19,1270.59,1259.73,1250.83,1243.70,1237.70,1231.69,1225.92,1220.25,1214.72,1209.58,1204.91,1200.25,1195.39,1189.94,1182.96,1176.50,1170.90,1166.16,1162.28,1158.98,1155.94,1152.89,1149.08,1142.33,1132.93,1124.18,1117.06,1110.18,1103.55,1097.55,1091.37,1083.93,1077.42,1071.91,1066.84,1061.99,1057.78,1053.97,1049.23,1043.27,1036.52,1030.49,1024.90,1019.72,1015.10,1010.99,1006.98,1002.66,998.14,994.27,990.62,987.34,984.41,981.80,979.33,977.12,974.88,972.53,970.55,968.06,964.72,960.56,955.66,949.26,944.79,941.57,938.02,933.92,929.83,926.48,923.89,921.05,917.84,914.26,910.46,906.62,902.72,898.89,894.97,890.80,886.36,881.04,876.52,873.03,869.57,866.17,862.58,858.55,853.87,849.16,845.32,841.73,837.79,832.92,827.49,822.17,817.27,812.97,808.18,803.01,798.25,794.35,790.55,784.29,778.31,773.23,767.55,760.52,753.23,747.16,743.65,740.11,736.16,732.16,728.35,724.88,721.49,718.03,714.50,710.88,706.99,703.08,699.13,695.06,690.64,682.66,676.57,673.55,670.31,664.41,657.28,649.95,643.34,638.43,634.60,631.45,629.05,627.71,626.59,626.32,626.81
1486.35,1485.63,1484.77,1483.47,1481.70,1479.44,1476.90,1474.31,1471.87,1469.66,1467.72,1465.64,1464.00,1462.63,1461.20,1459.71,1458.24,1456.93,1455.78,1454.52,1452.89,1451.58,1450.91,1451.13,1452.18,1454.13,1456.55,1458.93,1460.18,1459.17,1456.65,1453.11,1448.95,1444.31,1440.59,1438.86,1440.16,1442.87,1446.16,1449.79,1453.68,1457.49,1460.68,1463.12,1465.08,1466.91,1468.38,1469.48,1469.94,1469.45,1468.27,1466.56,1464.43,1461.91,1458.96,1455.37,1451.53,1447.58,1443.55,1439.61,1435.95,1432.37,1428.41,1423.09,1418.75,1415.00,1411.30,1407.02,1401.91,1398.05,1394.84,1391.34,1386.98,1382.02,1377.08,1372.51,1368.64,1365.18,1361.94,1359.07,1356.78,1354.13,1351.43,1349.01,1347.09,1345.74,1344.89,1343.84,1342.41,1340.69,1338.48,1336.09,1333.84,1331.97,1330.63,1329.73,1328.95,1328.18,1327.46,1326.51,1325.75,1325.01,1323.81,1322.49,1320.78,1318.46,1315.41,1312.06,1308.94,1305.93,1302.66,1298.38,1292.87,1286.44,1279.09,1270.58,1261.20,1252.54,1245.03,1238.68,1233.05,1227.38,1221.80,1216.40,1211.27,1206.55,1201.99,1197.13,1191.46,1184.54,1177.70,1171.88,1167.28,1163.79,1160.40,1157.25,1154.15,1150.43,1144.12,1134.61,1125.49,1118.16,1111.95,1105.84,1099.65,1092.90,1085.03,1077.90,1072.12,1066.94,1061.95,1057.40,1053.14,1047.89,1041.51,1034.76,1028.45,1022.41,1016.79,1011.88,1007.70,1003.47,998.85,993.98,989.55,985.69,982.14,978.76,975.49,972.20,970.00,968.24,966.37,964.23,961.60,957.54,952.30,947.18,942.27,938.89,935.94,932.13,928.27,925.25,922.61,919.94,916.63,913.11,909.42,905.63,901.85,898.13,894.41,890.19,885.22,880.37,876.61,873.14,869.71,866.54,863.32,859.58,855.29,850.65,847.01,843.53,839.83,835.76,831.24,825.89,820.98,816.76,812.98,808.78,804.09,799.46,795.22,790.81,784.18,778.06,773.03,767.53,760.71,753.46,747.39,743.99,740.62,736.72,732.77,729.03,725.61,722.25,718.77,715.15,711.49,707.57,703.28,699.11,695.35,691.18,683.23,677.11,674.08,670.98,665.74,658.97,651.67,644.88,639.39,635.31,631.99,629.42,628.27,627.20,626.96,627.49
1481.13,1480.51,1479.59,1478.16,1476.23,1473.85,1471.39,1468.97,1466.68,1464.51,1462.26,1459.77,1457.88,1456.38,1454.92,1453.53,1452.21,1450.98,1449.91,1449.17,1447.98,1447.13,1446.79,1447.00,1447.72,1449.07,1450.78,1452.57,1453.87,1453.45,1451.96,1449.53,1445.74,1440.89,1436.96,1435.12,1436.38,1438.95,1441.79,1444.99,1448.62,1452.31,1455.59,1458.09,1460.10,1462.12,1463.46,1464.51,1465.09,1464.91,1464.14,1462.90,1461.27,1459.19,1456.46,1453.18,1449.38,1445.32,1441.30,1437.67,1434.44,1431.07,1427.07,1422.04,1417.99,1414.38,1410.72,1406.42,1401.65,1398.05,1395.01,1391.71,1387.75,1383.32,1378.85,1374.54,1370.43,1366.52,1362.78,1359.36,1356.47,1353.41,1350.28,1347.35,1344.94,1343.40,1342.54,1341.34,1339.50,1337.05,1334.33,1331.56,1328.91,1326.54,1324.65,1323.59,1322.87,1322.35,1322.07,1321.62,1321.14,1320.58,1319.75,1318.65,1317.09,1314.97,1312.36,1309.84,1307.42,1304.87,1301.87,1297.72,1292.21,1285.89,1278.58,1270.05,1262.10,1254.26,1246.86,1240.20,1234.51,1229.09,1223.79,1218.57,1213.41,1208.26,1203.62,1198.73,1192.93,1186.08,1179.13,1173.17,1168.49,1165.04,1161.63,1158.16,1154.63,1150.71,1144.86,1135.57,1126.39,1118.98,1113.12,1107.32,1101.42,1094.72,1086.32,1078.69,1072.63,1067.30,1062.17,1057.12,1052.36,1046.76,1040.21,1033.39,1026.68,1020.37,1014.55,1009.47,1005.29,1000.78,995.86,990.72,985.98,981.73,977.80,974.13,970.70,967.38,965.15,963.10,960.46,957.20,953.51,949.02,944.14,940.12,936.28,932.91,929.46,925.50,922.32,919.58,916.94,914.20,911.06,907.70,904.00,900.16,896.50,892.54,888.02,883.53,879.51,875.79,872.78,869.79,866.63,863.51,860.00,856.07,851.99,848.11,844.79,841.40,837.71,833.59,829.04,823.82,819.45,815.90,812.39,808.53,804.37,800.04,795.58,790.89,784.03,777.87,772.93,767.46,761.03,753.93,747.87,744.53,741.10,737.27,733.38,729.66,726.16,722.74,719.23,715.61,711.83,707.60,703.07,698.83,695.25,691.42,683.70,677.71,674.74,671.75,667.12,660.75,653.51,646.52,640.65,636.36,632.74,629.78,628.68,627.75,627.53,627.95
1475.82,1475.29,1474.32,1472.79,1470.75,1468.28,1465.95,1463.63,1461.34,1459.02,1456.47,1453.82,1451.85,1450.35,1448.96,1447.71,1446.52,1445.36,1444.42,1444.16,1443.49,1443.12,1443.18,1443.49,1443.99,1444.77,1445.75,1446.84,1447.90,1447.90,1447.28,1445.83,1442.44,1437.47,1433.35,1431.40,1432.64,1435.02,1437.61,1440.55,1443.94,1447.41,1450.64,1453.24,1455.41,1457.54,1458.85,1459.89,1460.59,1460.70,1460.27,1459.30,1458.01,1456.32,1453.82,1450.57,1446.64,1442.43,1438.46,1435.16,1432.24,1428.98,1425.02,1420.57,1416.90,1413.46,1409.77,1405.36,1400.96,1397.54,1394.57,1391.43,1387.69,1383.69,1379.50,1375.16,1370.81,1366.46,1362.40,1358.68,1355.33,1351.98,1348.39,1344.92,1342.02,1340.29,1339.27,1337.93,1335.88,1332.90,1329.82,1326.84,1323.99,1321.33,1319.07,1317.84,1317.09,1316.65,1316.62,1316.55,1316.28,1315.87,1315.37,1314.53,1313.17,1311.39,1309.37,1307.65,1305.82,1303.64,1300.81,1296.69,1291.27,1285.08,1277.80,1269.42,1262.76,1255.82,1248.73,1241.90,1236.07,1230.89,1225.88,1220.84,1215.63,1210.00,1205.16,1200.23,1194.44,1187.73,1180.67,1174.64,1169.94,1166.30,1162.69,1158.82,1154.86,1150.71,1145.24,1136.26,1127.18,1119.72,1113.99,1108.43,1102.96,1096.57,1087.82,1079.78,1073.41,1067.88,1062.59,1057.13,1051.82,1045.91,1039.32,1032.35,1025.26,1018.72,1012.76,1007.54,1003.29,998.52,993.33,987.99,982.97,978.36,974.10,970.13,966.48,963.03,960.43,957.73,954.19,949.95,945.34,940.61,936.21,932.94,929.77,926.41,922.69,918.80,916.19,913.60,910.93,908.20,905.27,902.01,898.28,894.37,890.73,886.63,881.70,877.29,874.32,871.77,869.17,866.46,863.55,860.23,856.39,852.44,848.77,845.64,842.44,839.07,835.39,831.29,826.69,821.80,817.96,814.93,811.62,807.98,804.22,800.15,795.60,790.74,783.82,777.69,772.82,767.44,761.45,754.52,748.40,745.03,741.48,737.73,733.94,730.21,726.61,723.07,719.53,715.92,712.05,707.54,702.80,698.52,695.07,691.54,684.20,678.40,675.44,672.60,668.70,662.64,655.34,648.18,642.10,637.59,633.69,630.39,629.13,628.31,628.10,628.41
1470.34,1469.88,1468.99,1467.60,1465.70,1463.35,1461.08,1458.50,1455.72,1452.85,1450.09,1448.00,1446.49,1445.24,1444.02,1442.78,1441.56,1440.42,1439.54,1439.22,1438.91,1438.87,1439.12,1439.63,1440.36,1441.19,1442.14,1443.18,1444.04,1444.16,1443.68,1442.33,1439.14,1433.96,1429.80,1427.85,1428.88,1430.93,1433.40,1436.38,1439.89,1443.39,1446.40,1449.17,1451.68,1453.62,1455.09,1456.18,1456.86,1457.00,1456.79,1455.99,1454.77,1453.17,1450.94,1447.00,1442.65,1438.48,1434.87,1431.99,1429.07,1425.80,1422.14,1418.59,1415.42,1412.23,1408.56,1403.88,1399.73,1396.19,1393.13,1390.22,1386.17,1382.41,1377.85,1372.55,1368.08,1363.68,1359.89,1356.56,1353.37,1349.95,1345.78,1341.58,1338.04,1335.81,1333.95,1332.43,1330.82,1328.22,1325.21,1322.26,1319.49,1317.01,1315.06,1313.68,1312.63,1311.86,1311.51,1311.38,1311.25,1311.04,1310.67,1310.18,1309.34,1308.25,1306.95,1305.60,1304.07,1302.18,1299.48,1295.10,1290.00,1283.84,1276.62,1268.86,1263.20,1256.99,1250.38,1243.79,1237.80,1232.79,1227.93,1223.00,1217.86,1211.78,1206.58,1201.58,1196.05,1189.69,1182.41,1176.46,1171.98,1167.75,1163.40,1159.07,1154.90,1150.74,1145.35,1136.75,1127.93,1120.40,1114.44,1109.09,1104.14,1098.30,1089.84,1081.41,1074.73,1068.95,1063.42,1057.91,1051.88,1045.69,1039.24,1031.99,1024.57,1017.82,1011.74,1006.37,1001.81,996.86,991.55,986.05,980.72,975.97,971.53,967.17,962.74,958.39,954.47,950.68,946.77,942.58,938.02,933.39,928.82,924.48,921.15,918.50,915.75,912.41,909.75,907.52,905.29,902.79,899.68,896.07,892.14,888.10,884.17,880.53,876.91,873.52,870.66,868.24,865.72,863.13,860.21,856.29,852.29,848.84,845.79,842.89,839.79,836.38,832.72,828.75,824.30,820.27,816.87,813.88,810.78,807.16,803.40,799.42,795.00,790.09,783.44,777.48,772.64,767.56,762.01,755.24,748.97,745.25,741.62,737.96,734.29,730.61,726.88,723.15,719.53,715.93,712.11,707.60,702.67,698.24,694.89,691.52,684.88,679.36,676.18,673.60,670.77,664.82,657.06,649.83,643.87,639.09,635.02,631.73,629.79,628.88,628.71,629.00
1465.58,1465.14,1464.18,1462.85,1461.20,1459.19,1456.99,1454.43,1451.20,1447.66,1444.99,1442.94,1441.42,1440.15,1438.93,1437.73,1436.55,1435.48,1434.65,1434.26,1433.96,1433.86,1433.99,1434.43,1435.30,1436.42,1437.65,1438.83,1439.56,1439.67,1439.16,1437.81,1434.92,1430.31,1426.38,1424.36,1425.15,1427.04,1429.27,1431.90,1435.05,1438.59,1441.94,1444.92,1447.45,1449.38,1451.14,1452.41,1453.20,1453.48,1453.35,1452.58,1451.22,1449.35,1446.90,1442.72,1438.25,1434.10,1430.55,1427.50,1424.53,1421.46,1418.38,1415.54,1412.88,1409.85,1406.05,1401.07,1396.37,1392.75,1389.54,1386.02,1381.87,1377.63,1372.88,1367.88,1363.83,1360.01,1356.70,1353.65,1350.46,1346.69,1341.83,1337.03,1333.22,1330.93,1328.92,1327.26,1325.66,1323.46,1320.84,1318.14,1315.49,1313.07,1311.20,1309.94,1308.97,1308.23,1307.87,1307.74,1307.67,1307.57,1307.30,1306.87,1306.21,1305.39,1304.42,1303.31,1301.94,1300.03,1297.30,1293.17,1288.13,1281.60,1274.47,1267.92,1263.32,1257.97,1251.95,1245.51,1239.25,1234.44,1229.96,1225.33,1220.19,1214.00,1208.35,1202.99,1197.47,1191.10,1183.94,1178.03,1173.45,1168.94,1163.59,1158.81,1154.50,1150.10,1144.72,1136.53,1128.05,1120.64,1114.67,1109.43,1104.76,1099.42,1091.67,1083.27,1076.19,1070.00,1064.25,1058.53,1051.94,1045.58,1039.27,1031.79,1024.02,1017.20,1011.20,1005.81,1000.92,995.77,990.36,984.83,979.45,974.64,969.98,965.20,960.05,954.55,950.12,946.11,941.79,936.76,931.53,926.81,922.54,918.22,914.96,912.34,909.74,906.78,903.97,901.57,899.16,896.47,893.30,889.54,885.82,882.32,879.04,875.84,872.90,870.15,867.60,865.30,862.80,859.80,856.25,852.30,848.79,845.74,842.86,839.86,836.70,833.31,829.71,825.87,821.87,818.63,815.73,812.88,809.80,806.19,802.45,798.51,794.12,789.08,782.66,776.85,772.02,767.13,762.14,755.68,749.40,745.45,741.69,738.11,734.57,730.99,727.20,723.11,719.23,715.56,711.75,707.19,702.28,697.88,694.49,691.02,684.96,679.85,676.74,674.34,671.97,666.71,659.33,651.61,645.47,640.22,635.87,632.67,630.67,629.62,629.40,629.77
1461.11,1460.73,1459.71,1458.46,1457.08,1455.43,1453.17,1450.58,1446.97,1442.94,1440.46,1438.23,1436.53,1435.16,1433.91,1432.75,1431.66,1430.69,1429.91,1429.41,1428.95,1428.63,1428.51,1428.76,1429.62,1431.00,1432.49,1433.76,1434.48,1434.58,1434.03,1432.70,1430.16,1426.43,1422.82,1420.64,1421.20,1423.06,1425.08,1427.25,1429.85,1433.36,1437.18,1440.40,1442.92,1444.98,1447.03,1448.52,1449.48,1449.89,1449.78,1448.98,1447.43,1445.16,1442.28,1438.10,1433.71,1429.60,1425.99,1422.58,1419.53,1416.75,1414.21,1411.88,1409.62,1406.69,1402.71,1397.30,1391.83,1388.05,1384.58,1380.19,1375.94,1371.02,1366.31,1362.25,1358.89,1355.87,1353.04,1350.18,1346.92,1342.65,1337.19,1332.05,1328.24,1326.00,1324.08,1322.31,1320.59,1318.75,1316.60,1314.20,1311.70,1309.26,1307.41,1306.39,1305.72,1305.21,1304.98,1304.88,1304.86,1304.80,1304.58,1304.07,1303.39,1302.60,1301.70,1300.71,1299.39,1297.36,1294.54,1290.80,1285.70,1278.76,1271.87,1266.87,1263.21,1258.73,1253.27,1246.99,1240.49,1235.90,1231.89,1227.64,1222.49,1216.39,1210.23,1204.39,1198.73,1192.19,1185.31,1179.40,1174.55,1169.86,1163.44,1158.22,1153.80,1149.09,1143.67,1135.85,1127.78,1120.62,1114.76,1109.59,1105.07,1100.17,1093.28,1085.10,1077.64,1071.05,1065.09,1059.10,1052.08,1045.59,1039.42,1031.78,1023.71,1016.87,1011.01,1005.63,1000.45,995.13,989.68,984.16,978.83,973.98,969.11,963.96,958.30,951.77,947.24,943.32,938.59,932.47,926.34,921.38,917.46,913.52,910.25,907.25,904.39,901.60,898.50,895.69,892.90,889.95,886.79,883.14,879.87,877.14,874.76,871.95,869.32,866.94,864.74,862.43,859.80,856.24,851.99,848.34,845.53,842.80,839.87,836.64,833.34,830.02,826.52,822.88,819.53,816.94,814.50,811.84,808.67,805.07,801.34,797.40,792.97,787.70,781.53,775.90,771.09,766.38,761.90,755.82,749.66,745.57,741.69,738.16,734.75,731.26,727.38,722.87,718.70,714.94,711.12,706.50,701.72,697.41,693.83,690.09,684.50,679.88,677.04,674.81,672.60,668.35,661.82,653.45,646.91,641.11,636.49,633.50,631.68,630.43,630.13,630.70
1456.35,1456.22,1455.63,1454.65,1453.42,1451.70,1448.69,1445.12,1441.49,1438.14,1435.52,1433.34,1431.77,1430.58,1429.51,1428.46,1427.50,1426.63,1425.85,1425.19,1424.64,1424.23,1423.99,1424.04,1424.40,1425.31,1426.26,1426.95,1427.93,1428.39,1428.20,1427.22,1425.11,1421.79,1418.12,1415.65,1416.09,1418.08,1420.35,1422.56,1424.87,1427.97,1431.53,1435.02,1438.14,1440.51,1442.64,1444.15,1445.15,1445.62,1445.50,1444.78,1443.22,1440.84,1437.76,1433.57,1429.51,1425.70,1422.04,1418.80,1415.85,1413.00,1410.30,1407.89,1405.52,1402.64,1398.55,1392.29,1386.81,1382.45,1378.36,1373.84,1369.01,1364.26,1360.28,1357.17,1354.37,1351.61,1348.79,1345.88,1342.58,1337.85,1332.59,1328.00,1324.60,1321.85,1319.47,1317.63,1316.12,1314.44,1312.36,1310.06,1307.60,1305.18,1303.60,1302.85,1302.47,1302.28,1302.16,1302.11,1302.11,1302.04,1301.77,1301.14,1300.30,1299.38,1298.38,1297.20,1295.78,1293.73,1290.92,1287.09,1282.03,1275.45,1269.56,1266.12,1262.85,1258.77,1253.68,1247.67,1241.51,1237.08,1233.37,1229.43,1224.40,1218.36,1211.80,1205.49,1199.63,1193.13,1186.43,1180.42,1175.20,1170.12,1162.99,1157.38,1152.76,1147.83,1142.30,1134.76,1127.16,1120.46,1114.75,1109.68,1105.29,1100.65,1094.25,1086.22,1078.78,1072.09,1065.94,1059.80,1052.53,1045.99,1039.95,1032.37,1024.24,1017.25,1011.25,1005.82,1000.53,995.26,989.89,984.39,978.94,973.96,969.00,963.91,958.49,952.23,947.53,943.15,937.89,931.68,925.47,920.09,915.48,910.94,906.76,903.20,900.00,896.73,892.79,889.85,887.26,884.59,881.70,878.86,876.20,873.68,871.21,868.41,865.82,863.54,861.39,858.39,855.15,851.57,847.84,844.62,842.03,839.34,836.38,833.13,829.86,826.55,823.27,820.20,817.71,815.41,813.06,810.42,807.14,803.63,799.83,795.77,791.20,785.42,779.65,774.43,769.80,765.44,760.95,755.13,749.34,745.35,741.47,737.94,734.56,731.03,726.76,722.01,717.77,714.03,710.18,705.62,701.00,696.64,692.59,688.20,682.95,678.93,676.57,674.62,672.64,669.45,663.91,655.20,648.03,641.73,637.22,634.83,632.83,631.23,630.98,631.91
1451.36,1451.47,1451.10,1450.06,1448.58,1446.58,1443.41,1439.68,1436.21,1433.28,1430.88,1428.93,1427.54,1426.50,1425.60,1424.63,1423.63,1422.74,1421.96,1421.17,1420.47,1419.92,1419.51,1419.32,1419.21,1419.61,1420.12,1420.56,1421.47,1422.06,1422.08,1421.25,1419.08,1415.89,1412.61,1410.45,1410.81,1412.80,1415.23,1417.57,1419.82,1422.57,1425.74,1429.45,1433.23,1436.18,1438.47,1439.97,1440.92,1441.37,1441.31,1440.66,1439.15,1436.74,1433.60,1429.78,1426.16,1422.65,1418.96,1415.73,1412.62,1409.56,1406.63,1403.96,1401.24,1398.17,1394.01,1387.61,1382.35,1377.58,1372.90,1368.07,1362.90,1358.35,1354.83,1352.18,1349.61,1346.91,1344.01,1340.96,1337.64,1332.95,1328.39,1324.41,1321.03,1317.62,1314.86,1312.89,1311.42,1309.87,1307.95,1305.75,1303.37,1301.02,1299.55,1298.82,1298.51,1298.42,1298.30,1298.25,1298.23,1298.17,1297.91,1297.36,1296.53,1295.59,1294.55,1293.29,1291.76,1289.65,1286.79,1282.85,1277.87,1272.35,1267.81,1265.26,1262.32,1258.41,1253.57,1247.95,1242.23,1237.92,1234.35,1230.66,1225.85,1219.92,1213.10,1206.49,1200.49,1194.04,1187.44,1181.23,1175.54,1170.07,1162.47,1156.57,1151.71,1146.50,1140.84,1133.60,1126.43,1120.10,1114.61,1109.69,1105.41,1100.95,1094.87,1087.11,1079.77,1073.06,1066.80,1060.46,1053.01,1046.46,1040.57,1033.15,1024.98,1017.94,1011.93,1006.48,1001.08,995.83,990.51,985.01,979.46,974.39,969.44,964.51,959.56,953.84,949.03,944.31,938.86,932.82,926.93,921.25,915.84,910.76,905.34,900.99,897.37,893.76,889.51,886.18,883.30,880.56,877.87,875.57,873.18,870.53,867.61,864.66,861.89,859.31,856.74,853.46,850.09,846.73,843.51,840.69,838.27,835.61,832.64,829.42,826.23,823.18,820.29,817.74,815.77,813.69,811.34,808.60,805.28,801.81,797.93,793.68,788.82,782.75,777.26,772.39,768.01,763.91,759.31,753.87,748.66,744.93,741.14,737.59,734.15,730.46,725.70,720.88,716.68,712.93,709.01,704.56,700.12,695.78,691.42,686.47,681.68,678.29,676.31,674.55,672.75,670.37,665.61,656.69,648.95,642.31,637.87,635.84,633.70,631.93,631.83,633.10
1446.13,1446.41,1445.94,1444.43,1442.30,1439.84,1437.36,1434.54,1431.39,1428.40,1426.69,1425.12,1423.88,1422.92,1422.09,1421.17,1419.96,1418.89,1418.12,1417.30,1416.36,1415.55,1414.92,1414.44,1413.96,1413.91,1414.26,1414.88,1415.32,1415.63,1415.56,1414.60,1411.86,1408.64,1406.34,1405.22,1405.52,1407.33,1409.72,1412.19,1414.64,1417.20,1420.01,1423.81,1428.18,1431.91,1434.54,1436.06,1436.90,1437.30,1437.31,1436.75,1435.32,1432.95,1429.90,1426.86,1423.79,1420.51,1416.83,1413.31,1409.72,1406.30,1403.16,1400.12,1396.88,1393.35,1389.13,1383.54,1378.65,1373.76,1368.59,1363.13,1357.92,1353.49,1350.00,1347.22,1344.47,1341.70,1338.64,1335.41,1332.08,1328.05,1324.60,1321.15,1317.30,1313.20,1310.25,1308.06,1306.34,1304.88,1303.29,1301.27,1298.99,1296.75,1295.18,1294.20,1293.66,1293.40,1293.22,1293.08,1293.03,1292.98,1292.81,1292.58,1291.99,1291.18,1290.19,1289.01,1287.42,1285.16,1282.14,1278.20,1273.42,1269.61,1266.67,1264.20,1261.63,1257.65,1252.93,1247.83,1242.59,1238.35,1234.79,1231.24,1226.78,1221.02,1214.11,1207.38,1201.34,1194.89,1188.34,1181.84,1175.60,1169.74,1161.92,1155.84,1150.73,1145.18,1139.34,1132.42,1125.62,1119.55,1114.30,1109.59,1105.42,1101.04,1095.14,1087.80,1080.61,1073.91,1067.61,1061.05,1053.48,1046.94,1041.20,1034.09,1025.88,1018.95,1013.10,1007.67,1002.14,996.82,991.50,986.03,980.39,975.30,970.42,965.75,961.38,956.36,951.53,946.68,941.50,935.78,930.54,924.78,918.65,913.23,906.39,901.03,896.92,893.19,889.32,885.27,881.43,878.08,875.42,873.17,870.61,867.49,863.87,860.65,857.50,854.16,850.67,847.72,844.85,841.92,839.04,836.50,834.22,831.60,828.63,825.49,822.46,819.94,817.63,815.47,813.58,811.66,809.25,806.32,803.04,799.53,795.57,791.05,785.78,779.71,774.36,769.72,765.62,761.62,756.89,751.99,747.61,744.30,740.69,737.07,733.45,729.47,724.17,719.47,715.41,711.63,707.61,703.30,699.06,694.86,690.45,685.05,680.92,678.17,676.43,674.72,673.00,671.11,666.85,657.84,649.68,642.83,638.35,636.36,634.19,632.52,632.67,634.24
1440.92,1440.98,1440.25,1438.86,1436.99,1434.77,1432.48,1429.87,1426.98,1424.28,1422.77,1421.10,1419.65,1418.43,1417.36,1416.41,1415.32,1414.47,1413.96,1413.32,1412.13,1410.88,1409.87,1409.30,1408.47,1408.08,1407.99,1408.09,1408.43,1407.93,1407.08,1405.89,1403.94,1401.84,1400.62,1400.25,1400.70,1402.22,1404.22,1406.59,1409.33,1412.16,1415.06,1418.44,1422.18,1425.84,1429.57,1431.93,1433.16,1433.54,1433.52,1432.88,1431.50,1429.38,1426.71,1424.02,1421.11,1417.88,1414.28,1410.54,1406.49,1402.64,1399.20,1395.82,1392.32,1388.57,1384.40,1379.65,1375.14,1370.16,1364.65,1358.72,1353.16,1348.86,1345.35,1342.33,1339.46,1336.57,1333.16,1329.57,1326.28,1322.95,1319.97,1316.66,1312.81,1309.17,1306.26,1303.66,1301.32,1299.49,1298.07,1296.30,1294.11,1291.75,1290.20,1289.02,1288.33,1288.16,1288.34,1288.29,1288.27,1288.25,1288.09,1287.94,1287.48,1286.75,1285.72,1284.43,1282.63,1280.18,1277.13,1273.52,1270.23,1267.66,1265.41,1263.07,1260.52,1256.56,1252.04,1247.30,1242.35,1238.34,1234.91,1231.44,1227.12,1221.40,1214.49,1207.79,1201.83,1195.49,1189.00,1182.50,1176.03,1169.43,1161.38,1155.31,1150.15,1144.28,1138.16,1131.53,1125.15,1119.31,1113.86,1109.16,1105.09,1100.84,1095.09,1087.92,1080.89,1074.37,1068.20,1061.35,1053.84,1047.43,1041.84,1035.09,1027.43,1020.62,1014.69,1009.32,1003.71,998.27,992.98,987.65,981.96,976.76,971.81,967.21,963.24,959.04,954.39,949.61,944.73,939.12,934.10,928.78,923.04,917.28,909.92,903.84,899.04,894.91,890.94,886.62,882.12,877.70,873.91,870.93,867.83,864.38,860.69,857.30,853.83,850.14,846.36,843.27,840.63,838.09,835.52,832.81,830.04,827.16,824.23,821.36,818.79,816.75,814.90,813.03,811.05,808.85,806.25,803.28,800.00,796.46,792.36,787.60,782.04,776.13,771.03,766.57,762.46,758.12,753.49,749.49,746.11,743.02,739.50,735.85,731.93,727.43,722.05,717.65,713.76,710.03,706.17,701.99,697.93,693.87,689.38,683.73,680.19,677.95,676.35,674.65,672.95,671.24,667.26,658.46,650.00,642.90,638.34,636.47,634.52,633.31,633.74,635.37
1435.74,1435.51,1434.60,1433.45,1431.99,1430.08,1427.83,1425.21,1422.53,1420.14,1418.59,1416.69,1414.95,1413.40,1411.98,1410.91,1409.93,1409.27,1408.95,1408.48,1407.27,1405.86,1404.68,1404.11,1403.13,1402.50,1401.99,1401.55,1401.75,1400.59,1399.06,1397.67,1396.53,1395.53,1395.26,1395.56,1396.30,1397.62,1399.22,1401.36,1404.17,1407.20,1410.34,1413.36,1416.33,1419.68,1424.08,1427.09,1428.73,1429.28,1429.39,1428.75,1427.49,1425.70,1423.50,1421.01,1418.15,1414.97,1411.41,1407.46,1403.08,1398.86,1395.04,1391.28,1387.62,1383.85,1379.93,1375.86,1371.52,1366.42,1360.64,1354.43,1348.71,1344.45,1340.85,1337.52,1334.34,1331.10,1327.36,1323.55,1320.40,1317.65,1314.96,1311.83,1308.26,1305.29,1302.31,1299.14,1296.02,1293.64,1292.05,1290.44,1288.46,1286.20,1284.78,1283.62,1282.97,1282.97,1283.51,1283.65,1283.71,1283.70,1283.45,1283.27,1282.69,1281.72,1280.41,1279.06,1277.28,1275.01,1272.29,1269.32,1267.49,1265.83,1263.99,1261.81,1259.13,1255.26,1250.97,1246.53,1241.86,1238.13,1234.81,1231.35,1227.06,1221.44,1214.64,1208.01,1202.13,1195.91,1189.49,1183.04,1176.44,1169.21,1161.01,1154.98,1149.77,1143.64,1137.24,1130.87,1124.85,1119.14,1113.33,1108.62,1104.64,1100.48,1094.76,1087.71,1080.92,1074.68,1068.67,1061.55,1054.17,1047.91,1042.46,1036.12,1029.18,1022.57,1016.55,1011.15,1005.45,999.92,994.66,989.50,983.91,978.61,973.54,968.92,965.16,961.58,957.23,952.66,948.09,942.63,937.59,932.63,927.45,921.59,914.35,907.81,902.24,897.52,893.21,888.75,883.75,878.29,873.26,869.40,865.77,862.10,858.46,854.93,851.12,847.09,843.08,839.73,837.11,834.75,832.25,829.11,825.80,822.66,819.77,817.18,815.04,813.32,811.73,810.04,807.97,805.48,802.77,799.87,796.64,792.97,788.58,783.43,777.64,772.09,767.30,762.96,758.76,754.30,750.13,747.06,744.49,741.55,738.03,734.31,730.03,725.00,719.82,715.76,712.04,708.36,704.68,700.62,696.75,692.83,688.33,682.62,679.57,677.72,676.20,674.53,672.86,671.21,667.39,658.79,650.08,642.83,638.26,636.50,634.79,634.11,634.82,636.44
1430.64,1430.26,1429.49,1428.50,1427.15,1425.26,1422.93,1420.21,1417.60,1415.30,1413.35,1411.22,1409.29,1407.48,1405.68,1404.22,1403.04,1402.19,1401.65,1401.09,1400.59,1400.00,1399.42,1399.03,1398.45,1397.78,1397.14,1396.64,1396.33,1395.34,1394.02,1392.61,1391.22,1390.34,1390.53,1391.48,1392.80,1394.24,1395.74,1397.49,1399.62,1402.17,1405.70,1408.89,1411.66,1414.69,1417.87,1420.23,1421.99,1423.29,1424.02,1423.75,1422.85,1421.51,1419.80,1417.40,1414.63,1411.53,1407.95,1403.74,1399.39,1395.02,1390.66,1386.40,1382.64,1379.35,1376.12,1372.21,1367.41,1361.99,1356.13,1350.11,1344.99,1340.56,1336.62,1332.90,1328.82,1324.59,1320.71,1317.32,1314.51,1311.90,1309.47,1306.92,1304.17,1301.56,1297.97,1293.89,1289.87,1286.72,1284.09,1282.29,1280.88,1279.55,1278.50,1278.03,1277.94,1278.16,1278.70,1279.17,1279.44,1279.35,1278.75,1278.44,1277.05,1274.93,1272.69,1271.53,1270.63,1269.59,1268.27,1266.61,1265.14,1263.71,1262.20,1260.28,1257.25,1253.56,1249.57,1245.37,1241.11,1237.61,1234.31,1230.73,1226.28,1221.06,1214.52,1208.01,1202.14,1195.97,1189.63,1183.18,1176.51,1169.28,1161.12,1155.04,1149.70,1143.40,1136.89,1130.68,1124.76,1118.91,1112.68,1107.99,1104.09,1099.82,1093.84,1086.95,1080.64,1074.82,1068.94,1061.71,1054.53,1048.38,1043.03,1037.23,1031.07,1024.87,1018.85,1013.10,1007.28,1001.79,996.59,991.56,986.47,981.11,975.97,971.25,967.20,963.63,959.72,955.60,951.30,946.40,940.89,935.59,930.59,925.41,919.43,912.98,906.63,900.95,895.98,891.43,886.20,880.11,874.45,869.93,866.07,862.43,858.69,855.03,850.70,846.04,841.51,837.89,834.89,832.01,828.89,825.00,821.47,818.30,815.45,813.00,810.92,809.07,807.28,805.46,803.48,801.08,798.54,795.91,792.93,788.89,783.72,777.82,771.75,767.07,762.74,758.36,754.04,750.43,747.71,745.30,742.85,740.00,736.28,732.40,727.70,722.22,717.78,714.01,710.38,706.74,703.08,699.19,695.51,691.75,687.39,682.09,679.28,677.52,675.97,674.39,672.82,671.21,667.38,658.69,649.73,642.67,638.37,636.68,635.00,634.78,635.75,637.36
1425.93,1425.49,1424.72,1423.54,1421.96,1419.95,1417.58,1414.97,1412.49,1410.23,1408.05,1405.82,1403.80,1401.93,1400.18,1398.77,1397.78,1397.04,1396.46,1396.07,1395.91,1395.67,1395.32,1394.96,1394.43,1393.71,1392.90,1392.08,1391.24,1390.04,1388.67,1387.22,1385.88,1385.24,1385.78,1387.14,1388.91,1390.58,1392.23,1393.98,1395.95,1398.36,1401.58,1404.61,1407.38,1410.24,1412.79,1414.74,1416.40,1417.86,1418.79,1418.83,1418.26,1417.28,1416.02,1413.82,1411.29,1408.52,1405.15,1400.89,1396.58,1391.99,1387.03,1382.38,1378.71,1375.60,1372.37,1367.98,1362.82,1357.29,1351.64,1346.13,1341.13,1336.46,1332.04,1327.67,1322.99,1318.42,1314.61,1311.50,1308.91,1306.57,1304.35,1302.00,1299.42,1296.68,1292.73,1288.30,1284.06,1280.84,1278.12,1276.11,1274.67,1273.74,1273.15,1273.00,1273.16,1273.63,1274.36,1274.92,1275.17,1274.84,1273.63,1272.53,1270.91,1269.01,1267.24,1266.31,1265.80,1265.33,1264.68,1263.72,1262.55,1261.20,1259.59,1257.49,1254.52,1251.17,1247.61,1243.84,1239.96,1236.62,1233.38,1229.75,1225.18,1220.14,1213.86,1207.57,1201.88,1195.84,1189.59,1183.23,1176.74,1169.83,1161.56,1155.30,1149.89,1143.65,1137.16,1130.89,1124.86,1118.84,1112.41,1107.65,1103.65,1099.21,1093.02,1086.46,1080.51,1074.95,1069.22,1062.07,1054.98,1048.91,1043.72,1038.44,1032.54,1026.65,1020.95,1015.34,1009.34,1003.83,998.63,993.67,989.05,983.89,978.73,973.82,969.43,965.69,962.00,958.14,953.95,949.33,943.72,938.20,933.06,928.08,922.88,916.96,910.60,904.28,898.49,893.71,888.58,882.61,876.66,871.85,867.82,864.12,860.33,856.29,851.67,846.69,841.75,837.70,834.16,830.65,826.84,822.45,818.52,815.04,811.89,809.10,806.75,804.63,802.68,800.86,798.91,796.54,793.96,791.15,787.74,783.02,777.52,771.88,766.68,762.49,758.29,754.13,750.35,747.61,745.53,743.45,741.00,737.82,733.92,729.47,724.52,719.44,715.53,711.96,708.48,704.99,701.48,698.19,694.91,691.33,687.14,682.45,679.69,677.93,676.53,674.98,673.03,670.95,666.66,657.64,648.65,642.21,638.41,636.81,635.24,635.44,636.58,638.06
1421.32,1420.79,1419.90,1418.38,1416.46,1414.29,1411.92,1409.53,1407.26,1405.06,1402.81,1400.59,1398.56,1396.73,1395.18,1394.01,1393.38,1392.84,1392.33,1392.16,1392.12,1391.94,1391.59,1391.15,1390.49,1389.69,1388.71,1387.50,1386.20,1384.67,1383.12,1381.68,1380.56,1380.28,1381.10,1382.76,1384.92,1386.88,1388.80,1390.77,1392.87,1395.29,1397.90,1400.65,1403.46,1406.23,1408.55,1410.27,1411.71,1412.99,1413.84,1414.12,1413.85,1413.16,1412.31,1410.39,1408.19,1405.77,1402.76,1398.59,1394.37,1389.55,1384.02,1379.10,1375.54,1372.29,1368.55,1363.40,1357.99,1352.51,1347.21,1342.21,1337.05,1332.11,1327.12,1322.01,1316.98,1312.48,1308.85,1305.87,1303.38,1301.36,1299.32,1297.01,1294.29,1291.23,1287.13,1282.76,1278.71,1275.66,1273.16,1270.90,1269.18,1268.38,1268.22,1268.14,1268.34,1268.96,1269.89,1270.46,1270.66,1270.13,1268.33,1266.24,1264.71,1263.69,1263.02,1262.37,1262.03,1261.73,1261.32,1260.64,1259.71,1258.32,1256.44,1254.01,1251.34,1248.40,1245.30,1242.02,1238.51,1235.27,1232.09,1228.51,1223.89,1218.87,1212.82,1206.84,1201.43,1195.60,1189.44,1183.22,1177.03,1170.61,1162.26,1155.79,1150.33,1144.30,1137.90,1131.46,1125.18,1118.94,1112.41,1107.50,1103.33,1098.68,1092.34,1086.16,1080.45,1075.06,1069.50,1062.56,1055.54,1049.51,1044.48,1039.68,1033.84,1028.22,1022.97,1017.74,1011.62,1006.01,1000.75,995.84,991.60,986.78,981.66,976.54,971.83,967.81,964.18,960.42,956.22,951.69,946.20,940.56,935.14,930.04,925.25,920.02,914.11,907.45,900.90,895.80,890.90,885.48,879.51,874.68,870.54,866.72,862.87,858.35,853.57,848.56,843.40,838.77,834.61,830.43,826.01,821.30,816.89,812.90,809.21,805.80,802.93,800.39,798.22,796.36,794.35,791.86,789.05,785.83,781.72,776.40,771.00,766.22,762.28,758.33,754.15,750.38,747.38,745.38,743.45,741.46,738.91,735.20,731.20,726.09,721.04,716.76,713.18,709.76,706.44,703.16,699.94,697.42,694.62,691.27,687.37,683.40,680.63,678.86,677.63,675.99,673.41,670.41,665.25,655.87,647.20,641.62,638.42,636.89,635.54,636.10,637.30,638.63
1416.02,1415.01,1413.82,1412.26,1410.39,1408.24,1405.92,1403.81,1401.91,1400.10,1398.04,1396.04,1394.09,1392.16,1390.39,1389.22,1388.47,1387.87,1387.35,1387.03,1386.96,1386.73,1386.29,1385.72,1384.92,1384.00,1382.98,1381.82,1380.53,1378.99,1377.48,1376.21,1375.47,1375.78,1376.97,1378.93,1381.56,1383.80,1385.90,1388.02,1390.20,1392.49,1395.06,1397.69,1400.31,1402.94,1405.39,1407.07,1408.31,1409.36,1409.95,1410.27,1410.23,1409.82,1409.11,1407.72,1405.70,1403.30,1400.53,1396.68,1392.63,1387.73,1382.00,1377.16,1373.20,1368.98,1364.15,1358.77,1353.30,1348.13,1342.99,1337.64,1332.18,1327.02,1321.52,1315.82,1310.97,1306.78,1303.12,1299.96,1297.43,1295.55,1293.69,1291.60,1289.13,1286.19,1282.50,1278.55,1274.65,1271.10,1267.59,1264.91,1263.31,1262.86,1262.67,1262.51,1262.47,1262.69,1263.24,1264.14,1264.79,1264.72,1263.37,1261.08,1259.64,1258.88,1258.52,1258.27,1258.29,1258.19,1257.86,1257.24,1256.24,1254.78,1252.90,1250.65,1248.26,1245.70,1242.89,1239.84,1236.64,1233.47,1230.30,1226.85,1222.54,1217.28,1211.46,1205.90,1200.84,1195.25,1189.25,1183.16,1177.17,1171.25,1163.45,1156.95,1151.31,1145.49,1139.35,1132.76,1126.17,1119.61,1112.78,1107.59,1103.21,1098.47,1092.14,1086.05,1080.39,1075.11,1069.80,1063.26,1056.46,1050.40,1045.27,1040.73,1035.46,1030.19,1025.15,1020.20,1014.38,1008.57,1003.03,998.02,993.86,989.45,984.53,979.39,974.59,970.25,966.47,962.58,958.18,953.46,948.17,942.66,937.14,931.79,926.86,921.87,916.39,910.10,903.58,898.15,893.28,888.41,882.85,878.19,874.07,870.14,866.05,861.08,856.26,851.76,847.27,841.69,836.78,832.25,827.75,822.92,818.14,813.44,808.93,804.78,801.03,797.81,794.99,792.50,790.09,786.81,783.40,779.87,775.74,771.17,766.89,762.87,758.97,755.08,751.24,747.85,745.12,743.11,741.25,739.02,736.11,732.30,728.46,723.45,718.59,714.59,711.00,707.64,704.43,701.40,698.77,696.61,694.04,691.15,688.08,684.85,682.38,680.68,679.29,677.10,673.89,669.15,662.30,653.09,645.91,641.23,638.37,636.97,636.20,636.77,637.79,639.16
1409.89,1408.58,1407.31,1405.92,1404.29,1402.39,1400.40,1398.62,1397.03,1395.41,1393.38,1391.35,1389.30,1387.28,1385.45,1384.23,1383.31,1382.66,1382.23,1381.84,1381.68,1381.39,1380.92,1380.30,1379.51,1378.62,1377.63,1376.52,1375.22,1373.60,1371.97,1370.69,1370.30,1371.24,1373.03,1375.47,1378.51,1381.20,1383.53,1385.75,1387.93,1390.04,1392.45,1394.92,1397.38,1399.90,1402.42,1404.16,1405.39,1406.33,1406.84,1407.18,1407.25,1406.97,1406.26,1405.22,1403.40,1401.04,1398.36,1394.88,1390.92,1386.05,1380.41,1375.69,1371.06,1365.74,1359.94,1354.38,1348.98,1343.93,1338.66,1332.78,1327.03,1321.43,1315.55,1309.63,1304.78,1300.44,1296.87,1293.95,1291.65,1290.00,1288.28,1286.33,1284.03,1281.20,1277.79,1274.01,1270.04,1266.08,1262.19,1259.52,1258.08,1257.75,1257.55,1257.36,1257.19,1257.14,1257.41,1258.24,1258.90,1258.93,1257.85,1255.76,1254.58,1254.04,1253.92,1254.20,1254.59,1254.69,1254.40,1253.70,1252.57,1251.00,1249.15,1247.13,1245.05,1242.84,1240.35,1237.53,1234.59,1231.52,1228.36,1224.96,1220.82,1215.28,1209.90,1204.92,1200.11,1194.72,1188.90,1183.01,1177.34,1172.01,1164.94,1158.41,1152.54,1146.95,1141.06,1134.49,1127.73,1120.85,1113.72,1108.15,1103.47,1098.56,1092.29,1086.26,1080.58,1075.30,1070.15,1063.98,1057.48,1051.46,1046.26,1042.00,1037.29,1032.34,1027.42,1022.71,1017.47,1011.52,1005.69,1000.50,996.22,992.03,987.36,982.33,977.42,972.88,968.88,964.81,960.19,955.11,949.77,944.44,939.11,933.62,928.39,923.41,918.29,912.59,906.60,901.00,896.02,891.48,886.41,881.97,877.91,873.96,869.75,864.73,859.67,855.22,851.26,845.78,840.51,835.54,830.71,825.77,820.79,815.69,810.56,805.56,801.02,797.17,793.59,790.22,787.27,783.28,779.36,775.62,771.61,767.69,764.17,760.55,756.52,752.59,749.00,745.80,743.04,740.89,739.07,736.59,733.45,729.84,726.18,721.60,717.10,713.19,709.58,706.38,703.35,700.58,698.38,696.50,694.24,691.77,689.27,686.57,684.47,682.87,681.38,678.89,674.81,668.38,660.10,651.09,644.89,640.89,638.35,637.12,637.00,637.59,638.41,639.82
1402.86,1401.59,1400.57,1399.51,1398.30,1396.90,1395.58,1394.21,1392.74,1391.02,1388.75,1386.33,1383.95,1381.85,1380.27,1378.96,1377.93,1377.31,1377.10,1376.84,1376.52,1376.19,1375.80,1375.24,1374.66,1373.98,1373.12,1371.98,1370.55,1368.69,1366.71,1365.11,1364.99,1366.57,1369.24,1372.42,1375.74,1379.11,1381.77,1384.03,1386.09,1388.01,1390.01,1392.24,1394.64,1397.07,1399.53,1401.44,1402.86,1403.87,1404.55,1404.94,1404.98,1404.63,1403.81,1402.82,1401.21,1399.01,1396.27,1393.15,1389.16,1384.42,1379.24,1374.61,1368.99,1362.62,1356.10,1350.37,1345.18,1339.95,1334.19,1327.76,1321.71,1315.43,1309.32,1303.63,1298.43,1293.38,1290.04,1287.95,1286.23,1284.90,1283.26,1281.28,1278.95,1276.18,1272.78,1268.78,1264.47,1260.41,1257.20,1255.06,1253.76,1253.20,1253.06,1252.97,1252.88,1252.88,1253.09,1253.25,1253.23,1252.77,1251.50,1250.01,1249.29,1249.05,1249.20,1250.12,1250.84,1251.12,1250.88,1249.98,1248.70,1247.01,1245.16,1243.36,1241.60,1239.78,1237.63,1235.12,1232.37,1229.45,1226.33,1222.87,1218.60,1212.77,1208.13,1203.88,1199.19,1193.95,1188.35,1182.78,1177.55,1172.94,1166.69,1160.13,1154.01,1148.66,1143.01,1136.69,1129.92,1122.76,1115.37,1109.33,1104.21,1099.05,1092.85,1086.89,1081.13,1075.72,1070.57,1064.75,1058.59,1052.71,1047.55,1043.56,1039.34,1034.63,1029.81,1025.28,1020.88,1014.95,1008.84,1003.37,998.78,994.53,990.13,985.38,980.26,975.68,971.47,967.16,962.36,956.73,951.01,945.86,941.04,935.62,929.99,924.82,919.92,914.97,909.97,904.47,899.32,894.76,890.18,885.96,882.01,878.12,873.98,869.45,863.90,858.78,855.02,851.05,845.93,840.38,834.86,829.77,824.78,819.71,814.28,808.34,803.22,798.85,794.48,790.09,786.48,782.02,777.79,773.91,770.02,766.36,762.89,759.20,755.05,751.00,747.49,744.20,741.16,738.84,737.01,734.36,731.19,728.11,724.60,720.74,716.72,712.75,709.19,706.27,703.56,701.05,699.07,697.40,695.57,693.44,691.04,688.61,686.84,685.40,683.91,681.54,676.30,668.45,659.27,650.39,644.21,640.59,638.40,637.40,637.90,638.58,639.23,640.64
1397.24,1396.19,1395.28,1394.39,1393.37,1392.13,1390.89,1389.53,1387.88,1385.87,1383.52,1381.13,1378.77,1376.55,1374.74,1373.65,1372.91,1372.52,1372.43,1372.32,1372.05,1371.74,1371.37,1370.88,1370.41,1370.03,1369.39,1368.19,1366.62,1364.21,1361.83,1360.20,1360.41,1362.59,1365.78,1369.43,1373.21,1376.73,1379.82,1382.35,1384.34,1386.24,1388.13,1390.18,1392.43,1394.82,1397.07,1398.92,1400.40,1401.53,1402.33,1402.75,1402.75,1402.31,1401.42,1400.44,1398.99,1397.04,1394.51,1391.42,1387.35,1382.85,1378.26,1373.63,1366.68,1359.37,1352.66,1347.16,1342.10,1336.94,1331.04,1324.14,1317.74,1311.29,1305.01,1299.05,1293.55,1288.96,1285.83,1283.57,1281.48,1279.40,1277.37,1275.33,1273.19,1270.76,1267.29,1263.47,1259.65,1256.09,1252.91,1250.40,1248.58,1247.65,1247.70,1247.73,1247.91,1248.18,1248.11,1247.61,1247.02,1246.27,1245.16,1244.09,1243.58,1243.41,1243.57,1244.53,1245.27,1245.57,1245.42,1244.77,1243.73,1242.37,1240.94,1239.62,1238.21,1236.67,1234.79,1232.51,1229.88,1227.10,1224.13,1220.62,1216.00,1210.58,1206.34,1202.48,1198.23,1193.25,1187.81,1182.39,1177.39,1173.10,1167.28,1161.28,1155.70,1150.67,1145.17,1139.20,1132.55,1125.16,1117.57,1111.01,1105.52,1100.37,1094.56,1088.36,1082.29,1076.70,1071.63,1066.13,1060.28,1054.58,1049.41,1045.24,1041.30,1036.89,1032.25,1027.79,1023.62,1018.46,1012.46,1006.26,1001.49,997.12,992.81,988.26,983.18,978.40,974.20,969.98,965.03,958.58,952.66,947.52,942.81,937.71,932.14,926.93,922.03,917.27,912.66,908.33,903.78,898.92,894.29,889.90,885.83,881.97,878.06,873.80,868.72,863.56,858.98,855.02,850.58,845.57,840.16,834.69,829.13,823.88,818.49,812.52,807.00,802.03,797.23,792.64,788.72,784.18,779.38,774.66,770.35,766.51,762.82,758.87,754.54,750.37,746.98,743.89,741.05,738.74,736.71,734.05,730.95,727.77,724.37,720.91,717.22,713.30,709.68,707.00,704.66,702.56,700.95,699.33,697.74,695.87,693.54,691.34,689.49,687.88,686.12,683.18,678.18,669.67,659.63,650.82,643.86,640.27,638.55,638.02,638.52,639.06,639.64,641.17
1391.89,1391.09,1390.30,1389.51,1388.60,1387.43,1386.13,1384.69,1382.86,1380.63,1378.28,1376.05,1373.85,1371.66,1369.65,1368.71,1368.25,1368.07,1368.06,1368.03,1367.86,1367.62,1367.31,1366.93,1366.62,1366.52,1366.06,1364.77,1362.98,1360.03,1357.28,1355.67,1356.27,1358.91,1362.53,1366.63,1370.93,1374.50,1377.91,1380.67,1382.64,1384.54,1386.41,1388.34,1390.40,1392.68,1394.70,1396.40,1397.84,1399.01,1399.92,1400.36,1400.34,1399.87,1398.99,1398.01,1396.72,1395.03,1392.76,1389.74,1385.71,1381.48,1377.35,1372.69,1364.52,1356.45,1349.76,1344.59,1339.59,1334.51,1328.63,1321.55,1314.81,1308.18,1301.68,1295.42,1289.72,1285.57,1282.27,1279.35,1276.55,1273.69,1271.30,1269.25,1267.35,1265.16,1261.62,1258.10,1254.93,1251.81,1248.47,1245.48,1243.14,1241.82,1241.80,1241.81,1242.10,1242.54,1242.24,1241.38,1240.48,1239.66,1238.83,1238.07,1237.67,1237.51,1237.68,1238.55,1239.29,1239.65,1239.64,1239.36,1238.67,1237.73,1236.77,1235.89,1234.78,1233.44,1231.77,1229.70,1227.20,1224.58,1221.70,1218.11,1213.24,1208.54,1204.61,1200.97,1197.10,1192.47,1187.11,1181.82,1177.03,1172.97,1167.65,1162.34,1157.36,1152.61,1147.35,1141.72,1135.20,1127.70,1120.00,1112.97,1107.18,1102.12,1096.81,1090.39,1083.93,1078.10,1073.07,1067.93,1062.23,1056.61,1051.41,1046.98,1043.20,1039.10,1034.69,1030.30,1026.13,1021.78,1016.13,1009.47,1004.36,999.79,995.44,990.99,986.04,981.08,976.88,972.79,967.82,960.74,954.61,949.36,944.63,939.82,934.48,929.28,924.32,919.58,915.17,911.97,908.22,903.36,898.56,893.93,889.63,885.66,881.87,877.78,873.24,868.17,862.79,858.48,854.61,850.32,845.31,839.60,833.59,828.13,822.82,817.04,811.25,805.84,800.75,796.06,791.99,787.59,782.38,776.77,771.67,767.31,763.25,759.08,754.62,750.34,747.09,744.30,741.77,739.51,737.27,734.58,731.49,728.12,724.86,721.71,718.34,714.61,710.92,708.37,706.35,704.68,703.40,701.76,700.27,698.58,696.43,694.40,692.30,690.38,688.27,684.81,680.14,671.11,660.34,651.63,643.76,640.09,638.78,638.68,639.01,639.38,640.04,641.78
1386.11,1385.55,1385.00,1384.29,1383.41,1382.32,1381.03,1379.59,1377.85,1375.78,1373.53,1371.48,1369.68,1367.97,1366.27,1365.04,1364.43,1364.20,1364.17,1364.06,1363.99,1363.89,1363.77,1363.68,1363.73,1363.75,1363.27,1361.83,1359.64,1356.40,1353.40,1351.75,1352.86,1355.60,1359.66,1364.41,1369.16,1373.04,1376.29,1378.95,1381.04,1382.82,1384.70,1386.57,1388.45,1390.41,1392.26,1393.72,1394.85,1395.78,1396.84,1397.28,1397.33,1397.04,1396.29,1395.38,1394.28,1392.84,1390.76,1388.18,1384.62,1380.62,1376.44,1371.82,1362.99,1354.68,1348.24,1343.33,1338.29,1333.09,1327.39,1320.90,1313.95,1306.63,1299.77,1293.60,1287.91,1283.05,1278.48,1274.18,1270.49,1267.66,1265.42,1263.59,1261.88,1259.34,1255.78,1252.62,1249.83,1246.47,1242.81,1239.92,1237.68,1235.95,1235.01,1234.42,1234.22,1234.29,1234.15,1233.80,1233.40,1232.98,1232.51,1231.93,1231.47,1231.35,1231.75,1232.70,1233.67,1234.31,1234.61,1234.71,1234.37,1233.70,1232.95,1232.22,1231.21,1229.86,1228.28,1226.44,1224.14,1221.74,1218.71,1214.88,1210.32,1206.64,1203.11,1199.46,1195.54,1191.36,1185.93,1180.74,1176.34,1172.62,1168.38,1163.58,1158.67,1154.04,1149.42,1143.93,1137.52,1130.27,1122.63,1115.39,1109.44,1104.52,1099.73,1093.45,1086.59,1080.29,1075.17,1070.51,1064.50,1058.58,1053.32,1048.80,1045.01,1041.18,1037.12,1032.87,1028.55,1024.41,1019.56,1013.70,1007.61,1002.63,997.96,993.34,988.67,983.66,979.24,975.15,970.57,963.70,957.14,951.55,946.72,941.87,936.87,931.77,926.73,921.98,917.74,914.61,911.56,907.88,903.11,898.30,893.63,889.16,885.02,880.95,876.25,871.14,865.98,861.47,857.41,853.37,848.97,843.63,837.99,832.52,827.09,821.39,815.56,810.27,805.00,799.84,795.80,791.86,786.96,780.99,774.40,768.80,764.24,760.03,755.72,751.30,748.27,745.82,743.54,741.29,739.01,736.07,732.72,729.39,726.43,723.59,720.64,717.42,713.79,710.98,709.09,707.79,706.56,704.93,703.22,701.56,699.92,697.88,695.41,693.00,690.60,687.35,682.00,672.20,661.10,652.65,644.10,640.31,639.13,639.09,639.34,639.65,640.73,642.92
1380.15,1379.68,1379.37,1378.93,1378.25,1377.24,1375.95,1374.57,1373.06,1371.39,1369.55,1367.78,1366.19,1364.63,1363.01,1361.71,1360.87,1360.45,1360.38,1360.24,1360.23,1360.30,1360.40,1360.55,1360.89,1360.94,1360.29,1358.60,1356.04,1352.68,1349.74,1348.22,1349.47,1352.33,1356.70,1361.89,1367.13,1371.50,1374.57,1377.04,1379.21,1381.00,1382.80,1384.54,1386.23,1387.93,1389.57,1390.84,1391.81,1392.58,1393.48,1393.91,1394.04,1393.89,1393.42,1392.69,1391.78,1390.54,1388.67,1386.33,1383.25,1379.58,1375.38,1370.73,1362.07,1353.90,1347.51,1342.53,1337.43,1332.18,1326.64,1320.49,1313.47,1305.85,1298.78,1292.52,1286.48,1280.76,1275.04,1269.64,1265.32,1262.23,1259.83,1257.79,1255.86,1253.43,1250.39,1247.52,1244.75,1241.48,1238.03,1235.19,1232.75,1230.59,1228.98,1228.10,1227.74,1227.68,1227.61,1227.59,1227.55,1227.43,1227.13,1226.67,1226.30,1226.22,1226.56,1227.34,1228.31,1229.14,1229.73,1230.02,1229.91,1229.47,1228.86,1228.13,1227.21,1225.89,1224.42,1222.78,1220.63,1218.22,1215.21,1211.61,1207.66,1204.45,1201.07,1197.40,1193.47,1189.41,1184.18,1179.37,1175.40,1171.88,1168.23,1163.94,1159.42,1155.09,1150.97,1145.68,1139.55,1132.74,1125.36,1118.25,1111.94,1106.59,1102.20,1096.64,1089.81,1082.95,1077.07,1072.69,1067.19,1061.21,1055.48,1050.93,1046.98,1043.13,1039.20,1035.11,1030.98,1027.04,1022.76,1017.68,1011.49,1005.93,1000.80,995.94,991.21,986.28,981.70,977.48,973.19,967.41,960.45,954.38,949.54,945.01,939.94,934.63,929.42,924.61,920.06,916.80,914.04,911.13,907.22,902.41,897.37,892.47,887.92,883.70,878.86,873.70,868.69,864.26,860.18,856.19,851.98,847.10,841.72,836.26,830.73,825.09,819.40,814.14,808.85,803.61,799.38,795.46,790.88,785.26,778.38,771.98,766.69,762.19,758.14,753.90,750.56,747.89,745.62,743.41,741.18,738.26,734.90,731.62,728.62,725.89,723.25,720.54,717.46,714.65,712.54,710.93,709.41,707.81,705.96,703.99,701.96,699.61,697.01,694.45,691.93,688.92,683.04,672.90,661.68,653.22,645.29,641.16,639.59,639.62,639.99,640.55,642.00,644.37
1374.25,1373.79,1373.70,1373.56,1373.12,1372.23,1370.98,1369.69,1368.51,1367.37,1366.07,1364.61,1363.09,1361.48,1359.82,1358.63,1357.55,1356.87,1356.66,1356.51,1356.55,1356.79,1357.15,1357.52,1358.09,1358.08,1357.21,1355.20,1352.19,1348.76,1346.10,1344.92,1346.10,1349.07,1353.59,1359.06,1364.84,1369.78,1372.75,1375.05,1377.24,1379.07,1380.71,1382.28,1383.81,1385.29,1386.73,1387.87,1388.77,1389.47,1390.05,1390.47,1390.65,1390.62,1390.47,1390.00,1389.27,1388.20,1386.54,1384.32,1381.68,1378.36,1374.19,1369.37,1361.47,1353.76,1347.28,1342.08,1336.90,1331.68,1326.24,1320.26,1313.22,1305.55,1298.39,1291.93,1285.33,1278.61,1271.82,1265.56,1260.76,1257.23,1254.47,1252.02,1249.74,1247.66,1245.34,1242.68,1239.77,1236.76,1233.83,1230.97,1228.21,1225.64,1223.57,1222.60,1222.26,1222.23,1222.19,1222.34,1222.53,1222.60,1222.34,1221.93,1221.73,1221.68,1221.80,1222.28,1223.11,1224.08,1224.91,1225.29,1225.33,1225.07,1224.55,1223.77,1222.91,1221.66,1220.31,1218.82,1216.78,1214.26,1211.40,1208.31,1205.07,1201.92,1198.49,1194.81,1190.95,1186.88,1182.03,1177.74,1174.18,1170.82,1167.45,1163.69,1159.73,1155.82,1152.06,1147.03,1141.28,1134.99,1128.00,1121.26,1114.57,1108.60,1104.39,1099.77,1093.29,1085.95,1079.08,1074.68,1070.07,1064.27,1057.98,1053.35,1049.14,1045.13,1041.17,1037.24,1033.44,1029.65,1025.74,1021.36,1015.67,1009.50,1003.86,998.73,993.75,988.88,984.19,979.76,975.61,971.29,964.31,957.83,952.90,948.88,943.67,937.92,932.34,927.46,922.45,918.92,916.14,913.64,910.90,906.21,900.88,895.56,890.68,886.21,881.23,876.04,871.09,866.83,862.84,858.77,854.54,850.09,844.94,839.49,833.89,828.27,822.79,817.49,812.24,807.15,802.61,798.42,794.13,789.21,782.89,776.18,770.13,765.14,761.33,757.49,753.65,750.48,748.05,745.81,743.68,740.91,737.69,734.41,731.21,728.47,726.00,723.68,721.37,718.70,716.20,713.95,711.95,710.32,708.29,705.78,702.88,700.07,697.51,695.01,692.51,689.66,683.37,673.25,662.13,653.43,646.75,642.25,640.11,640.26,640.88,641.83,643.56,645.90
1369.22,1368.88,1368.87,1368.53,1368.02,1367.41,1366.38,1365.39,1364.56,1363.79,1362.72,1361.40,1359.92,1358.35,1356.83,1355.88,1354.75,1353.72,1353.06,1352.89,1352.96,1353.32,1353.89,1354.60,1355.35,1355.32,1354.27,1351.86,1347.94,1344.14,1341.86,1341.48,1342.85,1345.72,1350.01,1355.53,1362.06,1367.38,1370.84,1373.34,1375.34,1376.99,1378.32,1379.64,1381.05,1382.47,1383.90,1385.01,1385.94,1386.75,1387.18,1387.58,1387.77,1387.76,1387.71,1387.42,1386.83,1385.89,1384.48,1382.40,1379.88,1376.79,1372.77,1367.28,1360.78,1353.86,1347.26,1342.01,1336.82,1331.66,1326.26,1320.19,1312.97,1305.37,1298.21,1291.55,1284.61,1276.53,1268.69,1261.81,1256.53,1252.52,1249.48,1247.02,1244.97,1243.07,1240.68,1238.01,1235.20,1232.34,1229.56,1226.74,1223.88,1221.14,1218.92,1217.82,1217.40,1217.37,1217.40,1217.59,1217.76,1217.80,1217.56,1216.98,1216.72,1216.64,1216.72,1217.13,1217.87,1218.87,1219.89,1220.46,1220.56,1220.43,1220.03,1219.24,1218.35,1217.23,1215.97,1214.52,1212.56,1210.27,1207.66,1204.83,1201.81,1198.48,1194.87,1191.25,1187.66,1183.81,1179.60,1175.71,1172.33,1169.36,1166.36,1163.03,1159.51,1155.97,1152.44,1147.77,1142.33,1136.34,1129.93,1123.53,1117.23,1111.42,1106.67,1102.16,1096.16,1089.29,1082.43,1076.99,1072.51,1067.34,1061.49,1056.26,1051.95,1047.85,1043.80,1039.83,1035.96,1032.16,1028.32,1024.24,1019.35,1013.02,1007.01,1001.62,996.55,991.42,986.54,981.88,977.50,973.54,968.52,962.59,956.78,952.96,948.78,942.35,935.61,930.82,926.16,922.17,919.07,916.59,913.50,909.31,903.93,898.17,893.34,888.74,883.68,878.44,873.39,868.78,864.78,860.83,856.74,852.45,847.62,842.27,836.62,830.91,825.38,819.95,814.59,809.40,804.73,800.25,795.85,791.26,786.02,780.29,773.99,768.33,764.25,760.89,757.41,754.24,751.45,748.75,746.51,743.77,740.52,737.04,733.89,731.13,728.51,726.00,723.75,721.20,718.64,716.20,713.88,711.71,708.97,705.83,702.59,699.66,697.16,694.80,692.34,689.16,682.51,672.93,662.39,653.21,646.72,642.49,640.64,641.14,642.08,643.13,644.74,646.88
1364.75,1364.32,1364.20,1363.68,1363.12,1362.75,1362.05,1361.31,1360.68,1360.09,1359.18,1357.98,1356.64,1355.24,1353.90,1353.02,1351.51,1349.73,1348.26,1347.99,1348.42,1349.31,1350.42,1351.52,1352.51,1352.38,1351.00,1348.10,1343.70,1339.98,1338.17,1338.34,1339.82,1342.43,1346.39,1351.78,1358.47,1364.13,1368.21,1371.21,1373.32,1374.82,1375.90,1377.05,1378.33,1379.71,1381.13,1382.23,1383.19,1384.07,1384.45,1384.82,1385.02,1385.02,1385.00,1384.84,1384.37,1383.55,1382.30,1380.37,1377.96,1375.10,1371.38,1365.90,1360.44,1354.15,1347.56,1342.12,1336.88,1331.74,1326.32,1320.14,1312.74,1305.41,1298.24,1291.19,1284.10,1274.88,1266.13,1258.66,1252.86,1248.17,1244.74,1242.08,1239.93,1237.93,1235.59,1233.11,1230.55,1227.90,1225.19,1222.38,1219.51,1216.74,1214.49,1213.25,1212.64,1212.46,1212.56,1212.77,1212.89,1212.89,1212.66,1212.01,1211.68,1211.57,1211.59,1211.86,1212.53,1213.50,1214.60,1215.43,1215.67,1215.66,1215.33,1214.53,1213.72,1212.77,1211.63,1210.24,1208.42,1206.34,1203.85,1201.06,1198.00,1194.45,1190.89,1187.48,1184.20,1180.66,1176.92,1173.41,1170.33,1167.76,1165.13,1162.18,1158.98,1155.67,1152.37,1147.92,1142.68,1136.96,1131.13,1125.17,1119.41,1113.90,1108.70,1104.12,1098.58,1092.32,1085.68,1079.19,1074.65,1070.14,1064.90,1059.14,1054.69,1050.56,1046.46,1042.37,1038.18,1034.33,1030.60,1026.76,1022.31,1016.22,1010.04,1004.31,999.08,993.77,988.75,983.92,979.37,975.55,971.97,966.89,960.86,956.54,952.89,946.48,939.35,934.33,930.12,926.04,922.54,919.53,915.84,911.78,906.46,900.60,895.75,891.07,886.03,880.82,875.64,870.65,866.50,862.58,858.59,854.38,849.86,844.64,838.96,833.15,827.49,822.03,816.58,811.20,806.29,801.50,796.99,792.66,788.30,783.34,777.13,771.16,766.70,763.59,760.50,757.46,754.51,751.59,749.27,746.66,743.46,739.67,736.42,733.56,730.75,728.00,725.61,723.00,720.32,717.69,715.13,712.51,709.24,705.59,701.98,699.02,696.60,694.35,691.86,688.21,681.31,672.22,662.17,652.61,646.33,642.66,641.35,642.18,643.32,644.45,645.88,647.85
1360.88,1360.04,1359.58,1359.03,1358.55,1358.31,1358.03,1357.42,1356.76,1356.13,1355.31,1354.23,1353.16,1352.09,1350.92,1349.81,1347.43,1344.41,1341.72,1341.22,1342.47,1344.49,1346.59,1348.14,1349.44,1349.12,1347.19,1343.72,1339.56,1336.68,1335.41,1335.66,1337.10,1339.25,1342.90,1347.87,1353.85,1359.77,1364.55,1368.35,1371.07,1372.51,1373.55,1374.59,1375.76,1377.08,1378.40,1379.50,1380.46,1381.29,1381.72,1382.10,1382.29,1382.29,1382.29,1382.20,1381.83,1381.10,1379.91,1378.12,1375.90,1373.30,1370.08,1365.69,1360.59,1354.64,1348.28,1342.38,1337.03,1331.83,1326.35,1320.07,1312.54,1305.75,1298.53,1290.84,1283.82,1273.90,1264.40,1256.36,1250.01,1244.34,1240.33,1237.10,1234.20,1231.73,1229.81,1227.84,1225.68,1223.31,1220.61,1217.78,1214.97,1212.35,1210.20,1208.80,1207.87,1207.37,1207.49,1207.70,1207.81,1207.77,1207.57,1207.05,1206.73,1206.55,1206.44,1206.45,1207.05,1207.92,1208.94,1210.08,1210.61,1210.71,1210.37,1209.59,1209.04,1208.30,1207.31,1206.05,1204.48,1202.47,1199.86,1196.81,1193.49,1189.75,1186.58,1183.64,1180.63,1177.45,1173.95,1170.81,1168.22,1166.03,1163.75,1161.09,1158.07,1154.80,1151.74,1147.28,1142.12,1136.71,1131.36,1126.04,1120.85,1115.65,1110.36,1105.60,1100.43,1094.76,1088.43,1081.16,1076.48,1072.48,1067.88,1061.85,1057.18,1053.07,1049.01,1044.70,1039.96,1036.02,1032.52,1028.92,1024.33,1018.92,1012.84,1006.66,1001.17,995.82,990.76,985.89,981.31,977.59,974.22,970.15,965.09,959.36,955.24,949.88,943.66,937.94,934.12,930.49,926.57,922.33,918.03,913.48,908.29,902.82,897.81,893.07,888.21,883.14,877.83,872.53,868.08,864.01,860.01,855.83,851.55,846.49,840.85,834.94,829.10,823.73,818.27,812.62,807.29,802.18,797.61,793.54,789.65,784.80,779.10,773.38,768.53,765.29,762.39,759.60,756.84,754.13,751.82,749.51,746.54,742.36,738.72,735.63,732.65,729.70,727.07,724.13,721.15,718.25,715.50,712.68,709.27,705.31,701.18,698.26,695.93,693.72,691.09,686.87,679.86,671.06,661.25,651.54,645.79,642.95,642.30,643.40,644.56,645.76,647.04,648.94
1356.43,1355.64,1355.30,1354.97,1354.65,1354.38,1354.06,1353.45,1352.82,1352.22,1351.47,1349.95,1348.39,1346.74,1344.78,1343.25,1341.00,1338.42,1336.24,1335.99,1337.16,1339.28,1341.71,1343.62,1344.89,1344.74,1342.82,1339.17,1335.97,1333.61,1332.62,1333.05,1334.60,1336.81,1339.93,1344.14,1349.62,1355.04,1359.93,1364.01,1367.07,1369.22,1370.88,1372.14,1373.21,1374.35,1375.34,1376.05,1376.62,1377.16,1377.69,1377.99,1378.12,1378.15,1378.28,1378.24,1378.05,1377.55,1376.51,1375.07,1373.25,1370.95,1367.97,1364.19,1359.57,1354.42,1348.87,1342.93,1337.38,1331.97,1326.34,1319.99,1312.32,1305.73,1298.66,1290.95,1283.79,1273.67,1263.67,1254.97,1248.10,1242.09,1237.42,1233.39,1229.72,1226.54,1224.25,1222.08,1219.74,1217.21,1214.50,1211.76,1209.16,1206.86,1204.87,1203.55,1202.54,1201.87,1201.97,1202.21,1202.41,1202.51,1202.47,1202.16,1201.93,1201.75,1201.60,1201.51,1201.85,1202.39,1203.06,1203.86,1204.50,1204.89,1204.93,1204.58,1204.39,1203.83,1202.84,1201.41,1199.54,1197.21,1194.42,1191.30,1187.99,1184.57,1181.89,1179.43,1176.74,1173.76,1170.39,1167.55,1165.44,1163.81,1161.83,1159.11,1156.02,1152.85,1149.26,1144.70,1140.03,1135.51,1130.74,1125.98,1121.32,1116.54,1111.38,1106.53,1101.53,1096.18,1090.24,1083.45,1078.31,1074.04,1069.71,1064.23,1059.29,1055.10,1051.13,1046.78,1041.91,1037.78,1034.13,1030.52,1026.07,1021.07,1015.17,1008.90,1003.13,997.77,992.69,987.79,983.23,979.66,976.31,972.72,968.53,963.15,957.91,952.51,946.94,941.53,937.32,933.35,929.11,924.52,919.94,914.97,909.67,904.28,899.22,894.65,890.04,885.14,879.87,874.53,869.76,865.44,861.34,857.10,852.88,847.99,842.51,836.63,830.73,825.28,819.78,814.02,808.24,802.57,797.91,794.12,790.49,785.85,780.55,775.10,770.13,766.76,763.88,761.10,758.38,755.89,753.60,751.48,748.95,745.31,741.21,737.69,734.42,731.23,728.23,725.04,721.80,718.60,715.48,712.19,708.54,704.50,700.39,697.66,695.31,693.03,690.18,685.19,677.97,669.33,659.82,650.46,645.37,643.17,642.93,644.17,645.41,646.71,648.00,649.96
1351.47,1350.97,1350.90,1350.87,1350.80,1350.64,1350.23,1349.65,1349.06,1348.49,1347.79,1345.72,1343.44,1340.93,1338.04,1336.01,1334.06,1332.21,1330.87,1330.87,1331.74,1333.62,1336.03,1338.04,1339.12,1339.13,1337.47,1334.14,1331.98,1330.15,1329.48,1330.21,1332.10,1334.56,1337.25,1340.70,1345.55,1350.25,1354.94,1359.02,1362.25,1365.08,1367.33,1368.89,1370.01,1371.04,1371.83,1372.18,1372.33,1372.55,1373.16,1373.40,1373.45,1373.52,1373.75,1373.78,1373.76,1373.50,1372.66,1371.53,1370.08,1368.08,1365.36,1362.12,1358.13,1353.92,1349.30,1343.49,1337.72,1332.01,1326.19,1319.83,1312.15,1305.62,1298.75,1291.23,1283.88,1273.83,1263.48,1254.16,1246.85,1240.77,1235.49,1230.62,1226.11,1222.07,1219.06,1216.36,1213.64,1210.83,1208.05,1205.35,1202.92,1200.95,1199.20,1198.06,1197.14,1196.48,1196.54,1196.78,1197.07,1197.35,1197.49,1197.39,1197.25,1197.13,1197.00,1196.88,1196.97,1197.19,1197.47,1197.78,1198.38,1198.93,1199.24,1199.23,1199.22,1198.66,1197.56,1195.88,1193.62,1191.02,1188.26,1185.36,1182.34,1179.42,1177.24,1175.14,1172.63,1169.79,1166.56,1163.88,1162.00,1160.69,1158.93,1156.09,1152.82,1149.56,1145.57,1141.17,1137.18,1133.62,1129.54,1125.42,1121.25,1116.83,1111.88,1107.01,1102.09,1096.96,1091.45,1085.46,1079.95,1075.28,1071.05,1066.25,1061.16,1056.87,1052.90,1048.54,1043.72,1039.40,1035.52,1031.78,1027.52,1022.78,1017.10,1010.85,1004.80,999.37,994.36,989.58,985.15,981.69,978.29,974.95,971.43,966.89,960.63,954.81,949.57,944.64,939.99,935.56,931.04,926.33,921.54,916.18,910.67,905.24,900.18,895.86,891.57,886.92,881.76,876.47,871.42,866.82,862.55,858.22,854.02,849.31,844.00,838.16,832.29,826.76,821.23,815.43,809.20,802.97,798.19,794.61,791.15,786.70,781.71,776.51,771.58,768.05,765.13,762.31,759.58,757.27,755.04,753.03,750.91,748.02,743.63,739.68,736.11,732.70,729.24,725.80,722.33,718.82,715.23,711.33,707.36,703.35,699.56,697.06,694.68,692.26,689.08,683.29,675.90,667.28,658.08,649.54,645.11,643.39,643.42,644.75,646.06,647.42,648.81,650.89
1345.38,1345.43,1345.81,1346.01,1346.39,1347.03,1346.78,1346.52,1346.01,1345.29,1344.57,1342.25,1339.17,1335.81,1332.52,1329.85,1327.70,1325.95,1324.74,1324.59,1325.34,1326.88,1328.73,1330.08,1330.70,1330.51,1329.49,1327.69,1326.02,1325.15,1325.25,1326.55,1329.39,1332.19,1334.99,1338.04,1341.63,1345.66,1349.65,1353.32,1356.49,1359.09,1361.15,1362.98,1364.62,1365.89,1367.10,1367.59,1367.66,1367.69,1368.21,1368.49,1368.62,1368.68,1368.77,1368.96,1369.04,1368.88,1368.28,1367.14,1365.73,1363.99,1361.85,1359.41,1356.38,1353.17,1349.39,1343.81,1337.87,1331.70,1325.57,1319.39,1312.11,1305.61,1298.87,1291.61,1284.14,1274.52,1264.09,1254.36,1246.86,1241.00,1235.38,1229.71,1224.12,1219.11,1214.88,1211.28,1208.09,1205.02,1201.97,1199.09,1196.57,1194.70,1193.46,1192.60,1192.07,1191.88,1191.89,1192.01,1192.29,1192.64,1192.92,1192.92,1192.88,1192.87,1192.88,1192.85,1192.92,1193.00,1193.07,1193.11,1193.27,1193.34,1193.21,1192.84,1192.27,1191.18,1189.68,1187.79,1185.41,1183.12,1181.18,1179.34,1177.17,1174.87,1173.07,1170.97,1168.14,1165.33,1162.32,1159.47,1156.98,1155.09,1153.23,1150.46,1146.88,1142.90,1139.63,1136.41,1133.30,1130.32,1127.26,1124.16,1120.36,1115.96,1111.27,1106.47,1101.57,1096.61,1091.58,1086.23,1080.97,1076.25,1071.93,1067.35,1062.60,1058.16,1053.89,1049.49,1044.92,1040.53,1036.42,1032.50,1028.24,1023.58,1018.08,1011.94,1005.63,999.89,995.27,991.13,987.14,983.60,980.09,976.72,973.37,969.43,963.17,956.80,951.01,946.07,941.73,937.17,932.38,927.44,922.39,916.65,910.85,905.28,900.25,896.17,892.43,888.28,883.32,878.09,872.93,868.06,863.47,859.06,854.89,850.34,845.15,839.23,833.59,828.13,822.67,816.89,810.26,803.75,798.78,795.12,791.71,787.32,782.41,777.42,772.75,768.95,765.96,763.14,760.42,758.15,756.06,754.05,752.05,749.67,745.67,741.49,737.67,734.11,730.00,726.31,722.70,718.88,714.57,709.88,705.51,701.68,698.60,696.34,693.99,691.30,687.50,680.98,673.63,664.80,655.89,649.15,645.31,643.70,643.76,645.12,646.44,647.77,649.32,651.65
1339.77,1340.03,1340.66,1341.29,1342.13,1343.20,1343.40,1343.39,1343.01,1342.26,1341.13,1338.68,1335.30,1331.53,1327.90,1324.78,1322.39,1320.58,1319.44,1319.26,1319.86,1320.94,1322.15,1322.99,1323.35,1323.19,1322.65,1321.80,1320.70,1320.32,1320.86,1322.64,1326.17,1329.61,1332.78,1335.79,1338.84,1342.38,1345.83,1348.95,1351.57,1353.66,1355.42,1357.09,1358.66,1359.94,1361.27,1361.98,1362.41,1362.93,1363.64,1364.18,1364.45,1364.49,1364.51,1364.67,1364.64,1364.37,1363.79,1362.79,1361.64,1360.31,1358.75,1356.98,1354.66,1352.07,1348.74,1343.49,1337.56,1331.17,1324.84,1318.74,1311.99,1305.58,1298.88,1291.65,1283.99,1274.96,1264.91,1255.26,1247.80,1242.08,1235.97,1229.57,1223.25,1217.55,1212.59,1208.20,1204.16,1200.14,1196.34,1193.19,1190.70,1188.97,1187.98,1187.41,1187.23,1187.31,1187.32,1187.36,1187.53,1187.80,1188.07,1188.04,1187.99,1188.00,1188.05,1187.95,1187.90,1187.84,1187.73,1187.57,1187.43,1187.15,1186.71,1186.07,1185.23,1184.09,1182.71,1181.09,1179.18,1177.40,1175.92,1174.47,1172.62,1170.44,1168.43,1166.01,1162.91,1159.88,1156.75,1153.61,1150.59,1147.97,1145.62,1142.92,1139.75,1136.28,1133.62,1131.12,1128.61,1126.13,1123.90,1121.21,1117.61,1113.46,1109.31,1105.03,1100.41,1095.68,1090.96,1086.15,1081.32,1076.74,1072.35,1067.83,1063.18,1058.69,1054.27,1049.79,1045.24,1040.79,1036.56,1032.49,1028.20,1023.69,1018.37,1012.36,1006.07,1000.24,995.93,992.21,988.48,984.84,981.20,977.66,974.14,970.20,964.42,957.94,951.77,946.75,942.57,937.97,933.02,927.85,922.48,916.43,910.57,905.13,900.25,896.40,892.92,889.04,884.35,879.32,874.20,869.10,864.13,859.45,855.32,851.01,846.05,840.17,834.64,829.25,823.91,818.24,811.40,804.68,799.47,795.62,792.22,787.99,783.02,778.00,773.49,769.63,766.60,763.76,761.02,758.69,756.70,754.75,752.84,750.74,747.35,743.24,739.17,735.25,730.73,726.75,722.88,718.78,714.06,708.81,704.04,700.24,697.65,695.46,693.19,690.03,685.32,678.34,670.85,662.22,654.06,648.73,645.40,643.98,644.11,645.46,646.75,648.05,649.79,652.40
1334.53,1334.78,1335.55,1336.67,1337.94,1339.16,1339.95,1340.11,1339.90,1339.20,1337.50,1334.97,1331.59,1327.75,1323.90,1320.51,1317.88,1315.92,1314.78,1314.66,1315.10,1315.71,1316.34,1316.85,1317.11,1317.11,1316.86,1316.39,1315.80,1315.60,1316.37,1318.55,1322.63,1326.86,1330.55,1333.78,1336.80,1339.97,1343.05,1345.59,1347.40,1348.88,1350.25,1351.44,1352.49,1353.53,1354.72,1355.68,1356.74,1358.13,1359.24,1360.16,1360.63,1360.69,1360.70,1360.73,1360.49,1360.02,1359.38,1358.61,1357.86,1357.01,1355.98,1354.74,1352.91,1350.59,1347.45,1342.61,1336.79,1330.43,1324.07,1318.00,1311.84,1305.51,1298.74,1291.45,1283.66,1275.27,1265.88,1256.67,1249.38,1243.69,1237.09,1230.05,1223.18,1217.03,1211.65,1206.62,1201.54,1196.06,1191.26,1187.79,1185.34,1183.69,1182.72,1182.37,1182.41,1182.62,1182.63,1182.65,1182.68,1182.78,1182.99,1182.84,1182.74,1182.73,1182.75,1182.50,1182.28,1182.08,1181.85,1181.55,1181.21,1180.75,1180.14,1179.35,1178.51,1177.62,1176.64,1175.54,1174.39,1173.16,1171.81,1170.28,1168.35,1165.95,1163.37,1160.47,1157.19,1153.88,1150.41,1146.85,1143.28,1139.93,1136.95,1134.35,1131.98,1129.72,1127.51,1125.35,1123.14,1121.03,1119.39,1116.76,1113.37,1109.74,1106.35,1102.82,1098.66,1094.23,1089.77,1085.43,1081.13,1076.79,1072.37,1067.79,1063.09,1058.58,1054.15,1049.59,1044.90,1040.41,1036.11,1031.91,1027.61,1023.25,1018.10,1012.25,1006.17,1000.46,996.36,992.87,989.25,985.46,981.66,977.88,974.00,969.66,964.60,958.35,952.01,946.87,942.70,938.08,933.05,927.66,921.96,915.69,909.94,904.83,900.18,896.51,893.08,889.30,884.89,880.18,875.18,869.90,864.50,859.48,855.41,851.39,846.74,841.02,835.51,830.19,824.97,819.44,812.55,805.69,800.22,796.11,792.71,788.70,783.56,778.37,773.96,770.19,767.13,764.25,761.44,758.96,757.03,755.19,753.34,751.35,748.67,744.82,740.55,736.14,731.42,727.14,722.94,718.53,713.58,708.00,702.93,699.07,696.78,694.54,692.34,688.56,682.76,675.53,667.79,659.67,652.55,648.26,645.39,644.23,644.45,645.75,647.00,648.29,650.23,653.12
1329.36,1329.66,1330.63,1332.07,1333.56,1334.81,1335.76,1336.00,1335.85,1335.26,1333.69,1330.86,1327.30,1323.53,1319.96,1316.76,1313.91,1311.74,1310.53,1310.38,1310.71,1311.29,1311.96,1312.55,1312.72,1312.70,1312.31,1311.40,1310.42,1310.58,1311.79,1314.39,1319.20,1323.86,1328.02,1331.58,1334.46,1337.38,1340.20,1342.54,1344.21,1345.46,1346.29,1346.74,1346.99,1347.39,1348.38,1349.47,1350.89,1352.77,1354.22,1355.30,1356.05,1356.46,1356.53,1356.61,1356.45,1356.15,1355.84,1355.29,1354.73,1354.08,1353.26,1352.31,1350.65,1348.30,1345.15,1340.79,1335.23,1329.35,1323.46,1317.64,1311.86,1305.21,1298.29,1291.28,1284.00,1275.91,1267.01,1258.32,1251.20,1245.32,1238.76,1231.29,1223.41,1216.97,1211.20,1205.81,1200.09,1193.06,1187.74,1183.93,1181.10,1179.07,1177.72,1177.07,1176.91,1177.04,1177.06,1177.18,1177.23,1177.36,1177.70,1177.60,1177.55,1177.60,1177.63,1177.48,1177.26,1177.03,1176.79,1176.51,1176.10,1175.66,1175.15,1174.51,1173.73,1172.92,1171.98,1170.86,1169.67,1168.43,1166.95,1165.24,1163.24,1160.63,1157.76,1154.72,1151.57,1148.51,1144.96,1140.61,1135.96,1132.35,1129.68,1127.16,1124.82,1122.86,1120.80,1118.64,1116.25,1113.83,1112.13,1110.07,1107.66,1105.16,1102.74,1099.62,1095.79,1091.86,1088.08,1084.19,1080.27,1076.15,1071.77,1067.14,1062.29,1057.80,1053.48,1049.01,1044.19,1039.57,1035.13,1030.85,1026.64,1022.27,1017.15,1011.50,1005.78,1000.29,996.26,992.84,989.25,985.14,981.09,977.10,973.00,968.50,963.67,957.77,951.64,946.40,942.11,937.38,932.24,926.77,920.89,914.43,908.84,904.10,899.72,896.15,892.71,888.95,884.69,880.26,875.46,870.05,864.30,859.23,855.23,851.46,847.18,841.80,836.37,831.07,825.78,820.15,813.44,806.69,801.03,796.62,793.26,789.36,784.12,778.87,774.64,770.86,767.73,764.66,761.60,759.05,757.10,755.28,753.46,751.53,749.17,745.52,741.30,736.84,731.96,727.45,722.97,718.16,712.58,707.14,702.29,698.55,696.22,693.93,691.67,687.18,680.29,672.99,665.18,657.57,651.31,647.77,645.23,644.37,644.73,645.96,647.19,648.49,650.57,653.63
1323.79,1324.16,1325.40,1327.05,1328.63,1329.88,1330.95,1331.28,1331.17,1330.60,1329.09,1326.15,1322.67,1319.15,1315.91,1312.92,1310.01,1307.68,1306.34,1306.04,1306.25,1306.77,1307.43,1307.99,1307.96,1307.65,1306.90,1305.66,1304.69,1305.64,1307.62,1310.67,1315.80,1320.86,1325.32,1329.04,1331.91,1334.48,1336.93,1339.03,1340.60,1341.68,1342.01,1341.84,1341.49,1341.39,1342.07,1343.12,1344.63,1346.69,1348.57,1349.93,1351.01,1351.79,1352.04,1352.29,1352.32,1352.24,1352.19,1351.87,1351.47,1350.95,1350.27,1349.39,1347.86,1345.59,1342.63,1338.85,1333.83,1328.45,1322.95,1317.39,1311.87,1304.78,1297.68,1291.10,1284.37,1276.52,1268.20,1260.20,1253.34,1247.39,1240.79,1232.88,1224.11,1217.20,1211.04,1205.30,1199.05,1190.88,1185.06,1180.84,1177.56,1175.05,1173.27,1172.18,1171.68,1171.60,1171.59,1171.72,1171.77,1171.93,1172.38,1172.36,1172.40,1172.49,1172.54,1172.48,1172.30,1172.07,1171.82,1171.57,1171.14,1170.73,1170.32,1169.82,1169.08,1168.27,1167.28,1166.06,1164.58,1163.06,1161.33,1159.45,1157.48,1155.01,1152.29,1149.45,1146.46,1143.10,1138.93,1133.95,1128.89,1125.32,1122.89,1120.41,1118.06,1116.20,1114.20,1112.01,1109.54,1107.03,1105.24,1103.61,1101.95,1100.28,1098.48,1095.72,1092.41,1089.09,1085.93,1082.54,1078.96,1075.10,1070.81,1065.94,1061.00,1056.59,1052.34,1047.77,1042.81,1038.11,1033.63,1029.37,1025.35,1021.04,1016.03,1010.55,1005.03,999.77,995.75,992.24,988.56,984.19,979.99,975.88,971.68,967.06,962.25,956.60,950.75,945.56,941.09,936.19,930.91,925.30,919.27,912.88,907.58,903.23,899.07,895.51,892.01,888.23,884.04,879.82,875.30,869.93,864.00,858.89,855.01,851.44,847.38,842.27,837.00,831.82,826.50,820.76,814.30,807.72,801.89,797.18,793.81,789.96,784.65,779.39,775.29,771.52,768.24,764.96,761.72,759.12,757.13,755.33,753.52,751.59,749.36,745.86,741.76,737.34,732.41,727.69,722.96,717.83,711.79,706.50,701.89,698.25,695.81,693.43,690.88,685.84,678.35,671.01,663.34,656.16,650.51,647.49,645.17,644.58,645.08,646.24,647.43,648.68,650.82,653.98
