1473.10,1474.57,1476.04,1477.49,1478.91,1480.28,1481.59,1482.88,1484.08,1485.17,1486.09,1486.68,1487.28,1487.85,1488.38,1488.91,1489.59,1490.23,1490.84,1491.42,1491.94,1492.28,1491.86,1490.96,1489.92,1488.58,1487.06,1485.50,1483.91,1482.20,1480.18,1477.41,1474.07,1470.50,1465.69,1461.35,1457.95,1455.57,1453.23,1450.80,1447.98,1444.78,1441.58,1439.38,1438.23,1437.84,1437.99,1438.30,1438.58,1438.80,1438.98,1439.20,1439.09,1438.78,1438.38,1437.99,1437.22,1436.31,1435.25,1434.00,1432.72,1431.30,1429.88,1428.51,1427.11,1425.63,1423.98,1422.20,1420.33,1418.38,1416.17,1413.63,1410.48,1406.18,1401.55,1397.78,1394.83,1391.73,1387.67,1382.64,1377.56,1373.20,1369.13,1365.33,1361.46,1357.55,1354.00,1351.26,1350.43,1351.43,1353.91,1356.25,1357.70,1358.46,1358.69,1358.67,1358.66,1358.62,1358.47,1358.07,1356.69,1355.19,1353.76,1352.52,1352.09,1353.42,1356.79,1361.45,1364.65,1367.72,1370.60,1373.29,1375.93,1379.06,1383.65,1388.67,1393.27,1397.26,1401.33,1405.71,1410.56,1416.04,1421.12,1425.46,1429.68,1434.47,1439.76,1445.31,1450.60,1455.43,1459.94,1463.26,1466.40,1470.53,1476.95,1483.12,1488.03,1492.05,1495.56,1499.25,1503.62,1508.22,1512.87,1517.50,1521.76,1525.73,1530.08,1535.34,1540.37,1543.83,1546.77,1550.04,1554.54,1559.26,1563.87,1568.23,1572.11,1575.38,1578.55,1581.60,1584.51,1587.54,1590.87,1594.34,1597.78,1600.98,1603.77,1606.26,1608.70,1611.42,1614.62,1617.69,1620.43,1622.79,1624.96,1626.93,1628.98,1631.11,1633.20,1635.34,1637.46,1639.46,1641.22,1642.73,1644.26,1645.88,1647.65,1649.76,1651.98,1654.18,1656.35,1658.33,1659.43,1660.50,1661.76,1663.19,1664.56,1665.79,1666.88,1667.84,1668.72,1669.55,1670.35,1671.07,1671.63,1671.81,1671.17,1670.29,1669.59,1669.55,1670.12,1671.18,1672.55,1674.18,1676.12,1678.15,1679.86,1681.06,1682.03,1682.89,1683.14,1682.85,1682.41,1682.05,1683.26,1685.38,1687.71,1690.02,1692.28,1694.48,1696.65,1698.82,1701.11,1703.48,1705.87,1708.32,1710.98,1713.66,1716.26,1718.89,1721.98,1725.20,1728.22,1730.97,1733.41,1735.66,1737.77,1739.98,1742.44,1744.72,1746.97,1749.16,1751.37,1753.76,1756.07,1758.13
1473.01,1474.49,1475.99,1477.50,1478.92,1480.29,1481.64,1482.99,1484.34,1485.65,1486.79,1487.54,1488.21,1488.82,1489.39,1489.98,1490.64,1491.20,1491.74,1492.29,1492.81,1493.19,1492.81,1491.94,1491.03,1489.93,1488.58,1487.03,1485.30,1483.41,1481.37,1478.73,1475.56,1472.02,1467.47,1462.53,1458.43,1455.98,1453.41,1450.80,1448.32,1446.03,1444.03,1443.03,1442.63,1442.73,1443.43,1444.22,1444.86,1445.27,1445.42,1445.43,1445.18,1444.81,1444.38,1443.91,1443.09,1441.98,1440.55,1438.69,1436.60,1434.71,1432.97,1431.29,1429.50,1427.82,1426.09,1424.27,1422.30,1420.18,1417.72,1414.99,1411.89,1408.07,1403.46,1399.42,1396.17,1393.17,1389.77,1384.80,1379.38,1374.63,1370.39,1366.44,1362.60,1359.00,1356.02,1353.94,1353.60,1354.88,1357.48,1359.93,1361.38,1362.15,1362.49,1362.62,1362.64,1362.64,1362.63,1362.48,1361.42,1360.22,1359.09,1358.10,1357.44,1357.44,1358.96,1361.87,1364.30,1366.63,1369.14,1371.71,1374.06,1376.59,1380.11,1384.70,1389.93,1393.89,1397.89,1402.31,1407.33,1413.19,1418.86,1423.46,1427.55,1431.97,1437.20,1442.78,1448.26,1453.37,1457.93,1461.58,1464.83,1468.41,1473.40,1480.14,1485.41,1489.66,1493.51,1497.25,1501.44,1506.07,1510.98,1515.87,1520.42,1524.51,1528.70,1533.73,1539.47,1543.18,1546.15,1549.38,1553.61,1558.27,1563.19,1567.99,1572.05,1575.35,1578.49,1581.53,1584.42,1587.29,1590.42,1593.81,1597.31,1600.56,1603.18,1605.53,1607.84,1610.30,1613.25,1616.15,1618.87,1621.30,1623.27,1625.23,1627.30,1629.45,1631.54,1633.69,1635.86,1637.97,1639.95,1641.63,1643.26,1645.03,1647.00,1649.13,1651.42,1653.69,1655.92,1658.08,1659.80,1661.38,1662.94,1664.45,1665.85,1667.21,1668.43,1669.52,1670.54,1671.45,1672.27,1672.98,1673.53,1673.74,1673.10,1672.41,1672.03,1672.00,1672.59,1673.68,1675.10,1676.76,1678.43,1679.94,1681.17,1682.10,1683.03,1683.95,1684.41,1684.30,1683.65,1683.07,1683.60,1685.14,1687.42,1689.66,1691.88,1694.04,1696.20,1698.48,1700.85,1703.24,1705.63,1708.01,1710.50,1713.07,1715.63,1718.20,1721.05,1724.01,1726.92,1729.68,1732.12,1734.27,1736.30,1738.40,1740.63,1742.80,1745.00,1747.13,1749.21,1751.41,1753.62,1755.62
1472.86,1474.36,1475.90,1477.44,1478.89,1480.31,1481.73,1483.13,1484.60,1486.02,1487.30,1488.23,1488.99,1489.64,1490.27,1490.88,1491.49,1492.06,1492.60,1493.14,1493.67,1494.10,1493.73,1492.84,1491.90,1490.96,1489.78,1488.30,1486.50,1484.54,1482.36,1479.81,1476.87,1473.48,1469.61,1464.37,1459.66,1456.93,1454.18,1451.47,1449.33,1447.97,1447.21,1447.23,1447.38,1447.74,1448.64,1449.59,1450.45,1451.05,1451.29,1451.21,1450.92,1450.58,1450.21,1449.71,1448.91,1447.68,1445.94,1443.53,1440.55,1438.08,1435.91,1433.88,1431.82,1429.95,1428.16,1426.33,1424.26,1421.94,1419.24,1416.31,1413.19,1409.67,1405.22,1400.99,1397.40,1394.48,1391.63,1386.89,1381.19,1375.88,1371.54,1367.55,1363.86,1360.61,1358.15,1356.61,1356.76,1358.42,1361.19,1363.81,1365.37,1366.23,1366.68,1366.92,1366.99,1366.97,1366.93,1366.84,1366.13,1365.29,1364.51,1363.88,1363.33,1362.52,1362.50,1363.59,1365.10,1366.58,1368.67,1371.12,1373.33,1375.43,1377.84,1381.55,1386.67,1390.41,1394.16,1398.46,1403.59,1409.82,1416.15,1421.20,1425.37,1429.48,1434.60,1440.15,1445.87,1451.37,1455.86,1459.86,1463.35,1466.55,1470.26,1477.24,1482.78,1487.29,1491.52,1495.37,1499.38,1503.97,1509.07,1514.22,1519.01,1523.21,1527.30,1532.04,1538.36,1542.39,1545.48,1548.65,1552.51,1557.05,1562.21,1567.46,1571.86,1575.22,1578.33,1581.35,1584.22,1586.95,1589.86,1593.16,1596.71,1600.01,1602.49,1604.72,1606.91,1609.14,1611.75,1614.41,1617.07,1619.53,1621.30,1623.23,1625.30,1627.42,1629.53,1631.82,1634.07,1636.29,1638.48,1640.46,1642.27,1644.22,1646.37,1648.53,1650.88,1653.25,1655.59,1657.90,1660.16,1662.20,1664.04,1665.65,1667.12,1668.58,1669.92,1671.15,1672.30,1673.29,1674.13,1674.85,1675.41,1675.66,1675.07,1674.60,1674.51,1674.51,1675.12,1676.19,1677.57,1679.09,1680.39,1681.38,1682.25,1683.13,1684.05,1684.96,1685.61,1685.76,1685.03,1684.37,1684.24,1685.03,1687.00,1689.14,1691.31,1693.46,1695.64,1698.02,1700.49,1702.91,1705.27,1707.59,1709.91,1712.38,1714.92,1717.48,1720.10,1722.85,1725.66,1728.38,1730.76,1732.84,1734.86,1736.86,1738.87,1740.93,1743.04,1745.11,1747.13,1749.14,1751.14,1752.99
1472.65,1474.18,1475.72,1477.27,1478.78,1480.31,1481.86,1483.37,1484.88,1486.34,1487.66,1488.78,1489.69,1490.43,1491.08,1491.69,1492.26,1492.85,1493.41,1493.96,1494.49,1495.00,1494.61,1493.64,1492.65,1491.68,1490.65,1489.35,1487.59,1485.46,1483.24,1480.84,1478.12,1474.81,1471.60,1467.32,1462.87,1459.27,1456.74,1454.35,1452.54,1451.53,1451.26,1451.45,1451.81,1452.33,1453.10,1453.93,1454.69,1455.27,1455.59,1455.72,1455.62,1455.49,1455.30,1454.80,1454.00,1452.82,1451.14,1448.68,1445.27,1441.41,1438.15,1435.80,1433.94,1431.92,1430.10,1428.30,1426.12,1423.57,1420.80,1417.66,1414.17,1410.66,1406.46,1402.29,1398.59,1395.66,1392.81,1388.50,1382.91,1376.82,1372.47,1368.80,1365.45,1362.46,1360.30,1359.17,1360.06,1362.42,1365.30,1368.14,1370.12,1371.37,1371.97,1372.23,1372.41,1372.32,1371.97,1371.57,1370.93,1370.22,1369.50,1368.90,1368.69,1368.62,1368.73,1369.08,1369.71,1370.58,1372.20,1374.41,1376.76,1378.52,1380.30,1382.17,1384.30,1387.29,1390.14,1393.74,1398.56,1404.93,1412.03,1417.99,1422.83,1427.03,1431.83,1437.13,1443.04,1449.17,1453.94,1458.16,1461.82,1465.13,1468.75,1474.70,1480.34,1485.30,1489.60,1493.53,1497.45,1501.94,1507.04,1512.29,1517.19,1521.55,1525.66,1530.16,1536.52,1541.09,1544.54,1547.57,1551.01,1555.41,1560.48,1565.95,1571.35,1574.86,1577.97,1580.93,1583.69,1586.34,1589.10,1592.26,1595.73,1599.00,1601.56,1603.77,1605.83,1607.89,1609.98,1612.33,1614.74,1617.02,1618.75,1620.36,1622.17,1624.17,1626.32,1629.29,1631.91,1634.27,1636.59,1639.05,1641.23,1643.36,1645.56,1647.93,1650.37,1652.84,1655.39,1658.06,1660.54,1662.83,1664.88,1666.70,1668.43,1669.95,1671.35,1672.68,1673.93,1675.06,1675.97,1676.72,1677.29,1677.59,1677.29,1677.03,1677.02,1677.05,1677.58,1678.57,1679.68,1680.60,1681.57,1682.46,1683.33,1684.24,1685.16,1686.00,1686.79,1687.31,1686.97,1686.25,1685.62,1685.47,1686.27,1688.24,1690.43,1692.66,1694.96,1697.35,1699.86,1702.27,1704.60,1706.91,1709.18,1711.61,1714.10,1716.60,1719.12,1721.85,1724.55,1727.07,1729.25,1731.34,1733.36,1735.33,1737.23,1739.14,1741.12,1743.12,1745.13,1747.11,1748.77,1750.30
1472.45,1474.00,1475.57,1477.12,1478.66,1480.24,1481.85,1483.42,1484.98,1486.48,1487.93,1489.29,1490.33,1491.16,1491.87,1492.50,1493.05,1493.62,1494.20,1494.78,1495.37,1495.92,1495.60,1494.68,1493.65,1492.62,1491.62,1490.38,1488.65,1486.42,1484.18,1481.87,1479.33,1476.31,1473.52,1470.18,1466.40,1462.67,1460.20,1457.93,1456.23,1455.38,1455.32,1455.57,1456.02,1456.61,1457.31,1458.05,1458.78,1459.40,1459.86,1460.14,1460.18,1460.12,1459.89,1459.29,1458.43,1457.30,1455.60,1452.93,1449.42,1445.04,1440.82,1437.46,1435.51,1433.57,1431.77,1429.94,1427.76,1425.10,1422.28,1419.10,1415.45,1411.66,1407.53,1403.48,1399.77,1396.69,1393.75,1389.81,1384.36,1377.70,1373.49,1370.11,1367.11,1364.59,1363.02,1362.53,1364.14,1367.17,1370.48,1373.53,1375.77,1377.35,1378.36,1378.96,1379.16,1378.91,1378.27,1377.34,1376.51,1375.71,1375.03,1374.64,1374.57,1375.06,1375.57,1375.85,1375.98,1376.40,1377.44,1378.99,1380.87,1382.45,1383.81,1384.74,1385.41,1387.20,1388.95,1391.47,1395.24,1400.85,1407.69,1414.16,1419.69,1424.15,1428.86,1434.06,1439.91,1446.22,1451.92,1456.37,1460.20,1463.75,1467.43,1472.49,1478.26,1483.63,1487.97,1492.04,1495.96,1500.34,1505.28,1510.53,1515.37,1519.83,1524.05,1528.45,1534.41,1539.58,1543.55,1546.49,1549.64,1553.80,1558.58,1564.13,1570.59,1574.25,1577.32,1580.22,1582.91,1585.55,1588.21,1591.22,1594.53,1597.66,1600.37,1602.57,1604.53,1606.46,1608.25,1610.12,1612.05,1613.95,1615.57,1617.01,1618.59,1620.39,1622.49,1625.61,1628.78,1631.78,1634.61,1637.45,1640.10,1642.52,1644.84,1647.39,1650.01,1652.66,1655.39,1658.24,1660.90,1663.30,1665.51,1667.56,1669.51,1671.14,1672.66,1674.12,1675.45,1676.70,1677.72,1678.49,1678.99,1679.31,1679.33,1679.30,1679.30,1679.35,1679.83,1680.70,1681.59,1682.14,1682.76,1683.55,1684.42,1685.32,1686.21,1686.99,1687.80,1688.53,1688.71,1688.24,1687.45,1686.76,1686.62,1687.55,1689.43,1691.57,1693.78,1696.22,1698.90,1701.42,1703.77,1706.05,1708.30,1710.69,1713.15,1715.65,1718.13,1720.76,1723.29,1725.63,1727.71,1729.82,1731.81,1733.72,1735.56,1737.39,1739.26,1741.17,1743.12,1745.01,1746.50,1747.89
1472.24,1473.81,1475.41,1476.98,1478.53,1480.12,1481.74,1483.36,1484.92,1486.51,1488.13,1489.72,1490.89,1491.83,1492.63,1493.30,1493.86,1494.41,1495.00,1495.63,1496.30,1496.85,1496.68,1495.91,1494.84,1493.78,1492.72,1491.43,1489.70,1487.44,1485.19,1482.92,1480.56,1477.99,1475.44,1472.89,1470.02,1466.80,1464.30,1461.97,1460.25,1459.38,1459.32,1459.54,1459.96,1460.55,1461.28,1462.01,1462.77,1463.51,1464.14,1464.53,1464.65,1464.50,1464.07,1463.27,1462.30,1461.13,1459.28,1456.33,1452.93,1448.75,1443.84,1439.06,1436.68,1434.93,1433.18,1431.29,1429.18,1426.51,1423.67,1420.54,1416.91,1412.66,1408.44,1404.51,1400.88,1397.56,1394.50,1390.85,1385.61,1378.72,1374.84,1371.67,1368.96,1366.96,1366.17,1366.53,1368.86,1372.50,1376.31,1379.54,1381.89,1383.73,1385.24,1386.34,1386.50,1386.12,1385.27,1383.81,1382.69,1381.72,1381.08,1380.99,1380.92,1381.66,1382.57,1383.16,1383.10,1383.24,1383.66,1384.34,1385.33,1386.79,1387.89,1388.64,1389.15,1389.65,1390.43,1391.75,1394.00,1398.06,1403.65,1410.07,1416.11,1420.88,1425.69,1430.94,1436.58,1442.75,1449.71,1454.49,1458.53,1462.38,1466.19,1470.61,1476.53,1482.23,1486.61,1490.84,1494.84,1499.05,1503.72,1508.92,1513.62,1518.11,1522.47,1526.89,1532.17,1537.93,1542.47,1545.39,1548.40,1552.22,1556.58,1562.10,1569.53,1573.38,1576.41,1579.25,1581.94,1584.57,1587.20,1590.06,1593.12,1596.07,1598.89,1601.14,1603.03,1604.85,1606.48,1607.83,1609.14,1610.51,1611.94,1613.34,1614.74,1616.30,1618.34,1621.29,1625.08,1629.03,1632.62,1635.77,1638.93,1641.74,1644.21,1646.92,1649.79,1652.66,1655.53,1658.41,1661.20,1663.67,1666.00,1668.27,1670.39,1672.17,1673.85,1675.45,1676.85,1678.22,1679.32,1680.07,1680.49,1680.82,1681.16,1681.35,1681.38,1681.45,1681.89,1682.63,1683.35,1683.73,1684.03,1684.69,1685.52,1686.37,1687.21,1687.93,1688.67,1689.46,1690.20,1690.16,1689.50,1688.62,1687.82,1687.25,1688.49,1690.30,1692.27,1694.76,1697.69,1700.38,1702.77,1705.02,1707.27,1709.63,1712.09,1714.62,1717.08,1719.56,1721.89,1724.06,1726.15,1728.28,1730.20,1732.03,1733.87,1735.66,1737.45,1739.27,1741.11,1742.88,1744.34,1745.74
1471.92,1473.51,1475.09,1476.72,1478.36,1480.01,1481.68,1483.35,1484.95,1486.59,1488.27,1489.91,1491.24,1492.42,1493.40,1494.11,1494.67,1495.31,1495.98,1496.66,1497.33,1497.82,1497.76,1497.16,1496.09,1495.09,1494.13,1492.77,1490.79,1488.54,1486.29,1484.16,1482.11,1480.01,1477.76,1475.47,1473.10,1470.68,1468.50,1466.30,1464.52,1463.40,1462.99,1462.90,1463.16,1463.76,1464.69,1465.66,1466.59,1467.49,1468.29,1468.72,1468.80,1468.48,1467.76,1466.66,1465.49,1463.83,1461.55,1458.54,1455.13,1451.51,1446.77,1441.45,1438.09,1436.02,1434.17,1432.26,1430.25,1427.71,1424.77,1421.61,1417.99,1413.28,1408.89,1405.00,1401.49,1398.20,1395.07,1391.51,1386.80,1380.99,1377.96,1374.85,1371.81,1369.56,1369.37,1370.74,1373.92,1377.86,1381.14,1384.24,1386.70,1388.62,1390.02,1390.94,1391.16,1390.98,1390.49,1389.65,1389.01,1388.38,1387.89,1387.67,1387.54,1387.83,1388.24,1388.54,1388.43,1388.45,1388.71,1389.18,1389.81,1390.74,1391.63,1392.36,1392.96,1393.85,1395.25,1396.55,1397.79,1399.63,1402.54,1407.30,1412.62,1417.22,1422.20,1427.58,1433.30,1439.58,1446.84,1452.40,1456.92,1460.99,1465.07,1469.46,1475.36,1481.10,1485.56,1489.86,1493.84,1497.84,1502.25,1507.50,1512.18,1516.58,1520.91,1525.38,1530.27,1536.16,1541.04,1544.19,1547.14,1550.64,1554.70,1560.02,1567.45,1572.08,1575.33,1578.08,1580.69,1583.31,1585.90,1588.58,1591.36,1594.19,1596.85,1599.25,1601.33,1602.94,1604.28,1605.48,1606.54,1607.48,1608.46,1609.69,1611.02,1612.59,1614.96,1618.30,1622.47,1626.83,1630.86,1634.38,1637.89,1641.03,1643.81,1646.63,1649.70,1652.71,1655.60,1658.37,1661.28,1663.99,1666.55,1668.95,1671.11,1673.01,1674.78,1676.44,1677.99,1679.33,1680.24,1680.91,1681.46,1681.92,1682.46,1682.89,1683.17,1683.46,1683.84,1684.49,1685.11,1685.36,1685.55,1685.94,1686.59,1687.41,1688.17,1688.76,1689.39,1690.17,1691.13,1691.31,1690.80,1690.01,1689.21,1688.38,1688.60,1689.46,1690.94,1693.41,1696.32,1699.00,1701.42,1703.71,1706.04,1708.42,1710.86,1713.34,1715.72,1718.06,1720.30,1722.45,1724.53,1726.57,1728.46,1730.31,1732.19,1733.97,1735.72,1737.46,1739.21,1740.87,1742.36,1743.77
1471.59,1473.23,1474.84,1476.52,1478.24,1479.94,1481.64,1483.34,1484.99,1486.66,1488.36,1490.03,1491.45,1492.80,1493.99,1494.87,1495.54,1496.28,1497.02,1497.71,1498.35,1498.80,1498.84,1498.38,1497.40,1496.48,1495.53,1494.06,1491.95,1489.87,1487.67,1485.70,1483.93,1482.14,1480.28,1478.26,1476.29,1474.51,1472.63,1470.63,1468.84,1467.49,1466.66,1466.19,1466.24,1466.84,1467.99,1469.21,1470.39,1471.49,1472.40,1472.81,1472.72,1472.17,1471.19,1469.82,1468.29,1466.08,1463.34,1460.21,1456.81,1453.58,1449.31,1443.99,1439.37,1436.94,1435.02,1433.10,1431.11,1428.69,1425.68,1422.44,1418.82,1413.78,1409.29,1405.43,1402.01,1398.71,1395.47,1391.98,1387.92,1383.52,1381.21,1378.26,1375.06,1372.64,1372.91,1375.01,1378.55,1382.40,1385.28,1388.22,1390.75,1392.71,1394.00,1394.69,1394.94,1394.94,1394.77,1394.52,1394.32,1393.98,1393.59,1393.24,1393.08,1393.04,1393.09,1393.16,1393.10,1393.09,1393.30,1393.68,1394.11,1394.59,1395.32,1396.07,1396.85,1398.20,1400.09,1401.50,1402.17,1402.45,1403.20,1405.82,1409.55,1413.66,1418.73,1424.04,1429.78,1436.30,1443.74,1450.24,1455.30,1459.53,1463.88,1468.50,1474.42,1480.15,1484.68,1488.97,1492.91,1496.74,1500.91,1506.20,1510.99,1515.29,1519.46,1523.89,1528.63,1534.29,1539.29,1542.94,1545.90,1549.17,1553.01,1557.96,1564.78,1570.52,1574.14,1576.80,1579.34,1581.92,1584.47,1586.99,1589.53,1592.13,1594.53,1596.94,1599.09,1600.56,1601.77,1602.95,1603.91,1604.54,1605.13,1606.17,1607.44,1609.21,1612.26,1616.28,1620.75,1625.25,1629.49,1633.26,1636.97,1640.38,1643.45,1646.49,1649.71,1652.77,1655.61,1658.27,1661.21,1664.20,1667.01,1669.50,1671.69,1673.72,1675.60,1677.35,1678.97,1680.16,1680.92,1681.52,1682.14,1682.53,1683.02,1683.45,1683.81,1684.20,1684.55,1685.12,1685.69,1685.98,1686.29,1686.68,1687.32,1688.20,1688.85,1689.34,1689.92,1690.73,1691.82,1692.31,1691.98,1691.29,1690.58,1689.80,1689.34,1689.45,1690.37,1692.40,1694.96,1697.53,1699.93,1702.11,1704.44,1706.86,1709.37,1711.88,1714.20,1716.46,1718.65,1720.77,1722.78,1724.71,1726.59,1728.49,1730.42,1732.22,1733.94,1735.63,1737.30,1738.92,1740.43,1741.85
1471.27,1473.02,1474.76,1476.46,1478.21,1479.94,1481.64,1483.35,1485.03,1486.73,1488.43,1490.09,1491.47,1492.87,1494.28,1495.57,1496.53,1497.35,1498.08,1498.75,1499.31,1499.78,1499.89,1499.58,1498.81,1497.96,1496.78,1495.16,1493.22,1491.58,1489.52,1487.70,1486.11,1484.38,1483.01,1481.48,1479.87,1478.31,1476.60,1474.88,1473.23,1471.70,1470.44,1469.54,1469.37,1469.93,1471.24,1472.70,1474.22,1475.58,1476.54,1476.76,1476.33,1475.49,1474.34,1472.76,1470.64,1467.92,1464.76,1461.32,1457.97,1454.76,1451.13,1446.49,1440.38,1437.67,1435.77,1433.80,1431.71,1429.39,1426.32,1422.98,1419.31,1414.23,1409.76,1405.96,1402.52,1399.03,1395.65,1392.23,1388.94,1386.11,1384.11,1381.52,1378.69,1376.55,1377.06,1379.32,1382.30,1385.47,1388.53,1391.33,1393.87,1395.94,1397.28,1397.89,1398.09,1398.09,1397.99,1397.88,1397.78,1397.45,1397.02,1396.68,1396.56,1396.67,1396.87,1397.07,1397.23,1397.26,1397.45,1397.76,1398.04,1398.37,1399.02,1399.86,1400.88,1402.25,1403.83,1405.12,1405.90,1406.06,1406.07,1406.17,1407.24,1410.42,1415.42,1420.26,1425.85,1432.72,1440.46,1448.02,1453.64,1457.96,1462.55,1467.66,1473.70,1479.44,1484.03,1488.19,1492.06,1495.79,1499.84,1505.06,1510.12,1514.36,1518.24,1522.46,1527.34,1532.25,1537.13,1541.60,1544.69,1547.91,1551.62,1555.96,1561.35,1568.66,1572.86,1575.41,1577.89,1580.38,1582.87,1585.32,1587.69,1589.87,1591.92,1594.02,1595.95,1597.43,1598.84,1600.16,1601.10,1601.58,1602.04,1602.85,1604.09,1606.29,1610.51,1615.53,1620.25,1624.62,1628.70,1632.50,1636.22,1639.74,1643.11,1646.55,1649.88,1652.84,1655.53,1658.14,1660.98,1664.23,1667.28,1669.82,1672.07,1674.27,1676.33,1678.20,1679.75,1680.65,1681.36,1681.99,1682.44,1682.39,1682.39,1682.42,1682.47,1682.68,1683.08,1683.56,1684.13,1684.81,1685.55,1686.44,1687.49,1688.53,1689.07,1689.49,1690.15,1691.11,1692.32,1693.35,1693.23,1692.53,1691.85,1691.20,1690.85,1690.77,1691.05,1691.94,1693.65,1695.97,1698.30,1700.09,1702.23,1704.76,1707.48,1710.18,1712.53,1714.78,1716.94,1718.97,1720.81,1722.67,1724.56,1726.51,1728.48,1730.34,1732.08,1733.74,1735.37,1736.99,1738.54,1739.95
1470.67,1472.54,1474.28,1476.05,1477.99,1480.06,1482.18,1484.09,1485.75,1487.34,1488.90,1490.37,1491.70,1493.12,1494.59,1496.01,1497.21,1498.16,1499.02,1499.86,1500.61,1501.05,1501.05,1500.71,1500.11,1499.42,1498.53,1497.34,1495.81,1494.15,1492.18,1490.31,1488.67,1487.33,1486.19,1485.02,1483.90,1482.84,1481.34,1479.82,1478.29,1476.75,1475.30,1473.88,1473.23,1473.40,1474.45,1476.09,1477.61,1478.86,1479.63,1479.57,1479.03,1478.26,1477.13,1475.09,1472.40,1469.26,1465.86,1462.31,1458.78,1455.57,1452.32,1448.22,1442.04,1438.66,1436.36,1434.29,1432.14,1429.82,1426.66,1423.21,1419.47,1414.54,1410.18,1406.24,1402.56,1399.07,1396.11,1393.47,1391.08,1388.98,1386.97,1384.44,1381.68,1379.75,1381.05,1383.83,1386.73,1389.47,1392.14,1394.72,1397.78,1400.79,1403.13,1404.26,1404.80,1404.84,1404.40,1403.53,1402.70,1402.03,1401.56,1401.31,1401.22,1401.43,1401.64,1401.75,1401.77,1401.80,1401.95,1402.19,1402.44,1402.80,1403.45,1404.33,1405.42,1406.72,1408.08,1409.12,1409.73,1409.86,1409.66,1409.16,1409.05,1410.33,1413.61,1417.68,1422.81,1429.43,1437.50,1445.46,1451.62,1456.39,1461.07,1466.76,1473.18,1479.09,1483.68,1487.62,1491.34,1494.96,1498.81,1503.67,1509.05,1513.40,1517.13,1521.14,1526.07,1530.87,1535.60,1540.06,1543.37,1546.67,1550.44,1554.73,1559.72,1566.56,1570.97,1573.82,1576.26,1578.70,1581.11,1583.43,1585.60,1587.50,1589.24,1590.87,1592.35,1593.57,1594.69,1595.55,1596.13,1596.53,1597.28,1598.43,1600.49,1604.11,1610.14,1615.46,1620.15,1624.38,1628.23,1631.95,1635.63,1639.24,1642.81,1646.45,1649.86,1652.77,1655.37,1657.96,1660.75,1664.05,1667.31,1670.16,1672.44,1674.65,1676.80,1678.74,1680.11,1680.91,1681.44,1681.78,1681.88,1681.62,1681.40,1681.16,1680.90,1680.77,1681.16,1681.72,1682.42,1683.32,1684.37,1685.60,1686.94,1688.22,1689.09,1689.60,1690.36,1691.45,1692.72,1693.92,1694.28,1693.98,1693.38,1693.02,1692.82,1692.76,1692.89,1693.41,1694.25,1695.55,1697.11,1698.67,1700.50,1702.89,1705.63,1708.43,1710.71,1712.87,1714.99,1717.06,1718.92,1720.56,1722.35,1724.34,1726.45,1728.33,1730.12,1731.82,1733.46,1735.14,1736.68,1738.07
1469.98,1471.98,1473.74,1475.63,1477.77,1480.19,1482.78,1485.01,1486.72,1488.22,1489.59,1490.80,1492.09,1493.49,1494.94,1496.38,1497.74,1498.85,1499.86,1500.87,1501.85,1502.31,1502.23,1501.84,1501.35,1500.82,1500.33,1499.68,1498.64,1496.95,1495.08,1493.13,1491.39,1490.43,1489.50,1488.65,1488.02,1487.53,1486.33,1484.99,1483.55,1482.00,1480.35,1478.46,1477.31,1477.02,1477.68,1479.27,1480.61,1481.61,1482.13,1481.78,1481.21,1480.56,1479.47,1477.07,1473.90,1470.44,1466.86,1463.19,1459.40,1456.20,1453.15,1449.47,1443.77,1439.65,1436.82,1434.61,1432.38,1430.01,1426.83,1423.32,1419.56,1414.94,1410.86,1406.96,1403.16,1399.70,1397.15,1395.30,1393.70,1391.91,1389.74,1387.10,1384.41,1382.86,1385.00,1388.19,1391.08,1393.57,1396.01,1398.86,1402.47,1406.25,1409.54,1411.36,1412.38,1412.53,1411.77,1410.10,1408.33,1407.17,1406.59,1406.41,1406.31,1406.53,1406.71,1406.71,1406.59,1406.66,1406.81,1406.99,1407.23,1407.62,1408.26,1409.12,1410.19,1411.34,1412.43,1413.21,1413.62,1413.74,1413.56,1413.17,1412.57,1412.06,1413.28,1416.13,1420.41,1426.49,1434.88,1443.00,1449.58,1454.80,1459.52,1465.64,1472.34,1478.44,1483.16,1486.88,1490.45,1494.00,1497.72,1502.15,1507.77,1512.30,1516.02,1519.88,1524.78,1529.65,1534.26,1538.46,1541.99,1545.43,1549.30,1553.66,1558.59,1564.39,1568.83,1572.07,1574.51,1576.86,1579.19,1581.39,1583.39,1585.05,1586.52,1587.68,1588.65,1589.55,1590.17,1590.42,1590.57,1590.93,1592.13,1594.05,1597.34,1602.61,1610.40,1615.72,1620.21,1624.26,1627.88,1631.52,1635.15,1638.81,1642.51,1646.24,1649.71,1652.61,1655.18,1657.77,1660.53,1663.83,1667.29,1670.46,1672.75,1674.93,1677.13,1679.10,1680.27,1680.99,1681.30,1681.31,1681.05,1680.56,1680.06,1679.53,1678.99,1678.62,1679.04,1679.79,1680.71,1681.83,1683.12,1684.60,1686.13,1687.62,1688.91,1689.66,1690.56,1691.76,1693.05,1694.31,1695.17,1695.43,1695.06,1695.02,1694.95,1694.95,1695.11,1695.48,1695.60,1695.86,1696.54,1697.84,1699.29,1701.40,1704.00,1706.76,1708.96,1710.99,1713.04,1715.13,1717.07,1718.56,1720.26,1722.28,1724.48,1726.39,1728.26,1730.00,1731.64,1733.34,1734.86,1736.24
1469.26,1471.47,1473.43,1475.59,1477.82,1480.26,1482.96,1485.64,1487.85,1489.43,1490.57,1491.56,1492.77,1494.10,1495.45,1496.81,1498.14,1499.35,1500.44,1501.43,1502.39,1503.21,1503.38,1503.07,1502.55,1502.06,1501.67,1501.29,1500.71,1499.54,1497.89,1495.99,1494.24,1493.30,1492.68,1492.18,1491.93,1491.90,1491.24,1490.22,1488.77,1486.91,1484.82,1482.67,1481.28,1480.71,1480.96,1481.75,1482.65,1483.38,1483.67,1483.13,1482.56,1481.79,1480.57,1478.42,1475.15,1471.62,1467.87,1463.78,1459.78,1456.53,1453.43,1449.85,1444.90,1440.34,1437.01,1434.51,1432.13,1429.73,1426.71,1423.34,1419.75,1415.84,1412.59,1409.61,1406.50,1402.92,1400.00,1398.19,1396.70,1394.70,1392.21,1389.21,1386.93,1386.45,1388.95,1391.70,1394.28,1396.94,1400.42,1405.47,1409.10,1412.03,1414.90,1417.29,1418.76,1419.23,1418.72,1417.18,1414.83,1413.05,1412.05,1411.76,1411.61,1411.58,1411.65,1411.82,1411.98,1412.30,1412.57,1412.76,1412.89,1413.12,1413.58,1414.27,1415.16,1415.90,1416.59,1417.14,1417.55,1417.74,1417.80,1417.70,1417.36,1416.73,1416.63,1417.03,1419.28,1424.50,1433.18,1441.38,1447.94,1453.15,1457.90,1463.71,1470.02,1476.21,1481.59,1485.23,1488.72,1492.41,1496.31,1500.50,1505.90,1510.68,1514.75,1518.64,1523.35,1528.27,1532.83,1536.83,1540.53,1544.17,1547.99,1552.21,1557.15,1562.31,1566.50,1569.84,1572.47,1574.63,1576.90,1579.11,1581.05,1582.52,1583.71,1584.59,1585.27,1585.74,1585.73,1585.58,1585.53,1585.92,1587.57,1591.16,1596.19,1602.84,1611.37,1616.36,1620.37,1624.10,1627.64,1631.26,1634.89,1638.53,1642.18,1645.78,1649.32,1652.30,1654.94,1657.58,1660.34,1663.74,1667.33,1670.58,1672.84,1675.05,1677.25,1679.16,1680.21,1680.68,1680.79,1680.68,1680.26,1679.22,1677.83,1676.71,1676.10,1676.05,1676.76,1677.87,1679.21,1680.71,1682.19,1683.71,1685.26,1686.79,1688.27,1689.55,1690.78,1692.00,1693.26,1694.55,1695.76,1696.64,1696.97,1697.11,1697.07,1697.12,1697.28,1697.36,1697.37,1697.44,1697.72,1698.44,1699.44,1701.04,1703.10,1705.46,1707.62,1709.53,1711.40,1713.32,1715.29,1717.04,1718.88,1720.85,1722.93,1724.90,1726.87,1728.64,1730.18,1731.64,1733.15,1734.58
1468.49,1471.01,1473.25,1475.60,1477.88,1480.32,1483.07,1486.00,1488.59,1490.34,1491.41,1492.37,1493.49,1494.75,1496.05,1497.34,1498.63,1499.82,1500.90,1501.89,1502.85,1503.82,1504.32,1504.29,1503.82,1503.45,1503.16,1502.88,1502.48,1501.67,1500.22,1498.54,1497.02,1496.16,1495.81,1495.63,1495.65,1495.90,1495.73,1495.08,1493.74,1491.72,1489.29,1486.91,1485.30,1484.50,1484.44,1484.63,1485.00,1485.24,1485.11,1484.45,1483.68,1482.64,1481.26,1479.32,1476.05,1472.54,1468.75,1464.45,1460.16,1456.66,1453.36,1449.77,1445.36,1440.91,1437.48,1434.80,1432.25,1429.65,1426.82,1423.81,1420.68,1417.51,1414.98,1412.73,1410.34,1407.34,1404.54,1402.39,1400.30,1397.70,1394.78,1391.58,1389.69,1389.93,1392.30,1394.77,1397.87,1401.51,1405.53,1410.48,1413.71,1416.39,1419.37,1422.12,1423.85,1424.52,1424.21,1422.90,1420.67,1418.72,1417.38,1416.82,1416.66,1416.58,1416.69,1417.06,1417.52,1417.98,1418.28,1418.42,1418.43,1418.39,1418.53,1418.91,1419.51,1420.00,1420.43,1420.82,1421.17,1421.39,1421.49,1421.50,1421.32,1420.77,1420.05,1419.14,1420.07,1424.22,1432.02,1439.84,1446.30,1451.57,1456.37,1461.70,1467.39,1473.39,1479.27,1483.40,1486.97,1490.66,1494.64,1498.96,1504.13,1509.01,1513.37,1517.30,1521.73,1526.64,1531.21,1535.15,1538.84,1542.47,1546.23,1550.35,1555.13,1560.07,1564.11,1567.37,1569.98,1572.04,1574.17,1576.23,1578.05,1579.43,1580.52,1581.27,1581.78,1581.99,1581.70,1581.39,1581.35,1582.18,1585.26,1590.65,1597.07,1604.25,1612.08,1616.67,1620.42,1623.98,1627.46,1631.05,1634.69,1638.34,1641.94,1645.47,1648.96,1652.01,1654.76,1657.46,1660.32,1663.83,1667.46,1670.69,1672.88,1675.01,1677.13,1678.97,1679.94,1680.07,1679.71,1679.06,1678.09,1676.60,1674.76,1673.51,1673.19,1673.69,1674.80,1676.26,1677.95,1679.83,1681.53,1683.15,1684.75,1686.35,1687.97,1689.57,1690.99,1692.26,1693.55,1694.88,1696.24,1697.45,1698.31,1698.67,1698.80,1698.96,1699.13,1699.09,1699.07,1699.07,1699.21,1699.65,1700.33,1701.41,1702.95,1704.95,1706.92,1708.66,1710.41,1712.31,1714.41,1716.41,1718.31,1720.15,1721.99,1723.84,1725.75,1727.49,1728.98,1730.27,1731.76,1733.26
1467.71,1470.54,1473.10,1475.58,1477.91,1480.37,1483.14,1486.13,1488.96,1490.89,1492.08,1493.14,1494.19,1495.42,1496.70,1497.95,1499.18,1500.25,1501.27,1502.27,1503.26,1504.21,1505.05,1505.46,1505.15,1504.96,1504.78,1504.50,1504.03,1503.42,1502.14,1500.81,1499.70,1499.01,1498.87,1498.97,1499.20,1499.55,1499.78,1499.50,1498.40,1496.42,1493.85,1491.29,1489.47,1488.44,1488.13,1487.85,1487.60,1487.18,1486.50,1485.74,1484.59,1483.19,1481.66,1479.83,1476.65,1473.23,1469.52,1465.22,1460.64,1456.74,1453.11,1449.39,1445.34,1441.48,1438.33,1435.63,1432.94,1430.05,1427.40,1424.89,1422.41,1419.97,1417.97,1416.17,1414.39,1412.44,1410.19,1407.47,1404.35,1400.93,1397.48,1394.22,1392.64,1393.22,1395.16,1397.78,1402.02,1406.95,1410.92,1413.88,1416.56,1419.64,1423.21,1426.10,1427.90,1428.66,1428.48,1427.42,1425.87,1424.12,1422.57,1421.66,1421.54,1421.59,1421.86,1422.40,1423.08,1423.59,1423.81,1423.82,1423.68,1423.31,1423.06,1423.05,1423.29,1423.66,1424.00,1424.29,1424.54,1424.74,1424.73,1424.65,1424.49,1424.08,1423.32,1422.17,1422.44,1425.33,1431.23,1438.30,1444.67,1450.10,1454.94,1459.73,1464.71,1470.28,1476.39,1481.46,1485.24,1488.83,1492.80,1497.52,1502.46,1507.34,1511.85,1515.84,1519.97,1524.80,1529.43,1533.40,1536.93,1540.42,1544.11,1548.12,1552.63,1557.63,1561.59,1564.67,1567.08,1569.09,1570.99,1572.80,1574.46,1575.84,1576.97,1577.72,1578.13,1578.24,1578.02,1577.89,1578.20,1579.90,1585.07,1592.15,1599.47,1606.40,1612.44,1616.61,1620.29,1623.83,1627.26,1630.86,1634.55,1638.22,1641.82,1645.27,1648.60,1651.68,1654.57,1657.43,1660.47,1664.05,1667.66,1670.80,1672.88,1674.85,1676.84,1678.58,1679.36,1679.04,1678.02,1676.54,1674.75,1672.93,1671.06,1670.11,1670.40,1671.59,1673.18,1674.95,1676.93,1679.14,1681.10,1682.84,1684.53,1686.23,1687.98,1689.69,1691.18,1692.52,1693.90,1695.28,1696.64,1697.95,1699.11,1699.76,1700.18,1700.48,1700.67,1700.67,1700.67,1700.69,1700.86,1701.33,1701.82,1702.41,1703.48,1705.13,1706.78,1708.30,1710.03,1712.05,1714.32,1716.53,1718.43,1720.10,1721.66,1723.26,1724.99,1726.64,1728.10,1729.32,1730.78,1732.34
1466.90,1469.81,1472.52,1475.13,1477.71,1480.37,1483.21,1486.24,1489.07,1491.01,1492.26,1493.44,1494.66,1495.95,1497.21,1498.41,1499.59,1500.64,1501.62,1502.59,1503.59,1504.57,1505.55,1506.32,1506.56,1506.54,1506.41,1506.12,1505.64,1505.08,1504.05,1503.02,1502.17,1501.65,1501.68,1502.10,1502.60,1502.96,1503.18,1503.01,1502.26,1500.84,1498.74,1496.59,1494.55,1492.98,1492.19,1490.99,1489.68,1488.56,1487.66,1486.55,1485.10,1483.51,1481.89,1480.15,1477.18,1473.91,1470.34,1466.24,1461.76,1457.69,1453.55,1449.35,1445.77,1442.72,1440.20,1437.91,1435.44,1432.78,1430.24,1427.90,1425.77,1423.86,1421.95,1420.00,1418.05,1416.18,1414.04,1411.33,1408.10,1404.37,1400.47,1397.02,1395.44,1396.10,1398.11,1403.00,1407.48,1411.04,1414.09,1416.54,1419.73,1423.57,1427.56,1430.24,1431.88,1432.64,1432.62,1431.84,1430.65,1429.15,1427.73,1426.86,1426.72,1426.87,1427.19,1427.66,1428.20,1428.64,1428.65,1428.32,1427.87,1427.33,1426.91,1426.71,1426.82,1427.10,1427.37,1427.62,1427.85,1428.05,1427.94,1427.80,1427.62,1427.25,1426.62,1425.54,1425.06,1426.22,1430.26,1436.76,1443.27,1449.02,1453.84,1458.34,1463.00,1468.03,1473.56,1479.33,1483.41,1487.13,1491.19,1495.97,1500.78,1505.45,1509.92,1514.12,1518.27,1522.88,1527.42,1531.48,1534.95,1538.35,1541.95,1545.83,1550.05,1554.50,1558.40,1561.51,1563.71,1565.49,1567.21,1568.89,1570.50,1571.91,1573.09,1573.83,1574.18,1574.26,1574.39,1575.42,1577.53,1581.13,1586.91,1594.32,1601.26,1607.19,1612.07,1616.03,1619.62,1623.08,1626.58,1630.53,1634.45,1638.20,1641.74,1644.94,1647.98,1651.05,1654.22,1657.49,1660.72,1664.32,1667.85,1670.85,1672.84,1674.74,1676.64,1677.99,1677.57,1676.52,1675.12,1673.37,1671.29,1669.34,1667.68,1667.16,1668.02,1669.87,1671.89,1673.99,1676.21,1678.57,1680.68,1682.48,1684.18,1685.91,1687.77,1689.64,1691.27,1692.68,1694.11,1695.55,1696.99,1698.41,1699.68,1700.57,1701.27,1701.76,1702.01,1702.03,1702.03,1702.24,1702.66,1703.20,1703.63,1704.11,1704.75,1705.68,1706.96,1708.40,1710.16,1712.26,1714.56,1716.73,1718.73,1720.60,1722.32,1724.01,1725.55,1726.99,1728.33,1729.59,1730.90,1732.26
1466.06,1469.08,1471.97,1474.80,1477.63,1480.44,1483.30,1486.27,1489.03,1490.94,1492.23,1493.53,1494.93,1496.30,1497.60,1498.81,1499.96,1501.01,1501.99,1502.94,1503.95,1504.95,1505.99,1506.98,1507.72,1507.93,1507.95,1507.78,1507.39,1506.87,1506.07,1505.25,1504.59,1504.24,1504.43,1505.15,1505.89,1506.26,1506.40,1506.29,1505.87,1505.00,1503.45,1501.68,1499.55,1497.55,1496.17,1494.14,1491.95,1490.12,1488.77,1487.29,1485.63,1483.93,1482.26,1480.55,1477.79,1474.65,1471.24,1467.41,1463.13,1459.11,1454.70,1450.11,1446.79,1444.41,1442.48,1440.66,1438.73,1436.49,1434.11,1431.84,1429.85,1428.20,1426.25,1424.11,1421.92,1419.84,1417.59,1414.84,1411.53,1407.59,1403.42,1399.84,1398.47,1399.65,1402.14,1407.93,1411.92,1414.16,1416.59,1419.32,1423.24,1427.64,1431.70,1434.20,1435.74,1436.56,1436.72,1436.13,1435.11,1433.81,1432.61,1431.92,1431.86,1432.12,1432.49,1432.89,1433.29,1433.63,1433.47,1432.93,1432.28,1431.65,1431.14,1430.78,1430.62,1430.64,1430.84,1431.06,1431.29,1431.55,1431.45,1431.34,1431.21,1430.91,1430.33,1429.22,1428.03,1427.68,1430.16,1435.82,1442.25,1448.26,1453.10,1457.38,1461.78,1466.32,1471.17,1477.19,1481.66,1485.64,1489.82,1494.58,1499.20,1503.59,1507.88,1512.20,1516.42,1520.85,1525.25,1529.37,1532.86,1536.18,1539.65,1543.33,1547.25,1551.16,1554.84,1557.86,1559.91,1561.53,1563.10,1564.63,1566.08,1567.41,1568.66,1569.57,1570.10,1570.44,1571.72,1574.31,1578.11,1583.08,1588.86,1596.10,1602.34,1607.26,1611.47,1615.29,1618.82,1622.28,1625.95,1630.19,1634.38,1638.26,1641.71,1644.60,1647.36,1650.38,1653.79,1657.56,1661.04,1664.62,1668.05,1670.93,1672.86,1674.70,1676.27,1676.92,1675.50,1673.91,1672.15,1670.13,1667.85,1665.80,1664.43,1664.41,1665.81,1668.18,1670.66,1673.14,1675.61,1678.04,1680.27,1682.11,1683.83,1685.63,1687.59,1689.59,1691.31,1692.79,1694.28,1695.76,1697.28,1698.77,1700.10,1701.17,1702.10,1702.83,1703.27,1703.34,1703.45,1703.87,1704.49,1705.10,1705.53,1705.95,1706.28,1706.61,1707.50,1708.83,1710.64,1712.81,1715.07,1717.20,1719.30,1721.32,1723.24,1725.06,1726.57,1727.87,1729.05,1730.21,1731.34,1732.53
1465.19,1468.44,1471.67,1474.89,1477.88,1480.71,1483.44,1486.14,1488.85,1490.71,1491.95,1493.40,1494.90,1496.37,1497.80,1499.16,1500.28,1501.36,1502.39,1503.38,1504.38,1505.39,1506.40,1507.40,1508.31,1508.94,1509.36,1509.53,1509.38,1508.97,1508.30,1507.58,1506.99,1506.80,1507.17,1508.12,1509.05,1509.48,1509.55,1509.52,1509.32,1508.77,1507.62,1506.00,1504.02,1501.92,1499.83,1497.36,1494.78,1492.25,1489.91,1488.10,1486.38,1484.68,1482.98,1481.20,1478.55,1475.49,1472.25,1468.77,1464.71,1461.14,1457.01,1452.35,1448.80,1446.73,1445.11,1443.79,1442.85,1441.25,1439.14,1436.87,1434.69,1432.84,1430.78,1428.62,1426.38,1423.91,1421.28,1418.14,1414.47,1410.26,1406.20,1402.68,1402.04,1404.70,1408.30,1411.37,1413.74,1415.90,1418.67,1422.65,1427.28,1431.69,1435.23,1437.69,1439.43,1440.46,1440.76,1440.17,1439.06,1437.86,1436.90,1436.54,1436.77,1437.18,1437.62,1438.07,1438.50,1438.69,1438.54,1438.13,1437.56,1436.95,1436.44,1435.82,1435.05,1434.51,1434.57,1434.77,1435.01,1435.46,1435.55,1435.67,1435.76,1435.59,1434.81,1433.39,1431.60,1430.33,1431.86,1436.06,1441.87,1448.00,1452.93,1457.06,1461.14,1465.27,1469.66,1475.11,1480.08,1484.54,1488.82,1493.55,1497.85,1501.85,1505.83,1509.99,1514.27,1518.63,1522.89,1526.92,1530.58,1533.86,1537.09,1540.45,1544.07,1547.65,1550.80,1553.42,1555.44,1557.14,1558.63,1559.86,1560.89,1561.88,1563.28,1564.72,1565.89,1567.06,1570.97,1575.48,1580.16,1585.00,1590.15,1596.84,1602.28,1606.46,1610.70,1614.45,1617.98,1621.63,1625.66,1629.90,1634.37,1638.43,1641.75,1644.28,1646.85,1649.76,1653.29,1657.60,1661.45,1664.98,1668.26,1671.06,1672.98,1674.78,1675.51,1674.99,1673.35,1671.73,1669.55,1667.03,1664.49,1662.33,1661.32,1661.84,1663.79,1666.38,1669.37,1672.35,1675.11,1677.56,1679.87,1681.73,1683.54,1685.52,1687.57,1689.59,1691.34,1692.87,1694.40,1695.93,1697.47,1698.96,1700.31,1701.46,1702.53,1703.56,1704.40,1704.65,1705.10,1705.68,1706.32,1706.97,1707.45,1707.81,1708.02,1708.14,1708.59,1709.74,1711.59,1713.84,1716.03,1718.19,1720.29,1722.32,1724.25,1726.15,1727.96,1729.34,1730.27,1731.03,1731.95,1733.12
1464.29,1467.80,1471.34,1474.72,1477.90,1480.78,1483.38,1485.93,1488.44,1490.35,1491.81,1493.35,1494.86,1496.36,1497.86,1499.27,1500.48,1501.62,1502.69,1503.74,1504.81,1505.83,1506.83,1507.83,1508.81,1509.60,1510.30,1510.79,1510.94,1510.70,1510.18,1509.67,1509.30,1509.25,1509.72,1510.64,1511.60,1512.23,1512.49,1512.67,1512.66,1512.29,1511.29,1509.75,1507.79,1505.51,1502.94,1500.26,1497.40,1494.55,1491.86,1489.58,1487.67,1485.92,1484.15,1482.07,1479.46,1476.49,1473.39,1470.22,1466.69,1463.51,1460.01,1456.12,1452.57,1450.16,1448.48,1447.35,1446.72,1445.71,1444.14,1442.18,1439.93,1437.53,1435.12,1432.81,1430.45,1427.69,1424.65,1421.01,1416.88,1412.46,1408.44,1405.68,1405.67,1408.41,1411.46,1413.62,1415.57,1417.90,1421.35,1426.14,1430.93,1435.18,1438.56,1441.05,1443.04,1444.36,1444.91,1444.54,1443.73,1442.90,1442.32,1442.21,1442.48,1442.83,1443.20,1443.55,1443.69,1443.66,1443.46,1443.11,1442.61,1441.98,1441.22,1440.34,1439.42,1438.73,1438.54,1438.56,1438.76,1439.30,1439.57,1439.78,1439.91,1439.79,1439.11,1437.92,1436.18,1434.49,1434.83,1437.46,1442.28,1448.06,1453.06,1457.42,1461.39,1465.21,1469.17,1473.94,1478.81,1483.58,1488.26,1492.88,1496.66,1500.22,1503.93,1507.96,1512.03,1516.30,1520.53,1524.54,1528.08,1531.32,1534.37,1537.37,1540.48,1543.42,1546.01,1548.28,1550.21,1551.77,1553.19,1554.40,1555.53,1557.02,1558.61,1560.71,1563.48,1567.23,1572.09,1576.93,1581.61,1586.24,1591.26,1597.35,1602.29,1606.17,1610.17,1613.82,1617.39,1621.22,1625.58,1630.16,1635.11,1639.24,1642.26,1644.65,1647.07,1650.07,1653.85,1658.43,1662.20,1665.60,1668.63,1671.15,1672.99,1674.30,1674.34,1673.24,1671.46,1669.17,1666.43,1663.56,1660.86,1658.64,1658.01,1658.98,1661.31,1664.28,1667.48,1670.65,1673.66,1676.45,1679.22,1681.40,1683.37,1685.38,1687.43,1689.45,1691.21,1692.75,1694.30,1695.84,1697.43,1698.99,1700.40,1701.59,1702.69,1703.82,1704.91,1705.62,1706.42,1707.19,1707.92,1708.65,1709.18,1709.44,1709.62,1709.85,1710.35,1711.43,1713.12,1715.20,1717.29,1719.38,1721.45,1723.48,1725.47,1727.40,1729.01,1730.19,1731.00,1731.77,1732.61,1733.48
1463.48,1467.24,1471.03,1474.49,1477.84,1480.78,1483.26,1485.69,1487.96,1489.94,1491.67,1493.27,1494.78,1496.31,1497.84,1499.29,1500.61,1501.80,1502.91,1504.01,1505.15,1506.20,1507.23,1508.25,1509.25,1510.13,1511.04,1511.81,1512.26,1512.26,1511.91,1511.63,1511.51,1511.58,1512.13,1512.97,1513.90,1514.76,1515.29,1515.72,1515.90,1515.65,1514.68,1513.12,1511.09,1508.65,1505.80,1502.96,1499.88,1496.87,1494.09,1491.38,1489.24,1487.37,1485.44,1483.08,1480.55,1477.70,1474.74,1471.84,1468.91,1466.07,1463.26,1460.33,1457.00,1454.22,1452.33,1451.17,1450.54,1449.95,1448.89,1447.32,1445.18,1442.40,1439.60,1436.93,1434.27,1431.21,1427.76,1423.62,1419.09,1414.54,1410.57,1408.69,1409.11,1411.36,1413.45,1415.41,1417.48,1420.17,1424.36,1429.68,1434.39,1438.40,1441.68,1444.23,1446.48,1448.11,1448.97,1448.98,1448.63,1448.23,1448.00,1448.10,1448.31,1448.54,1448.80,1448.98,1448.80,1448.59,1448.34,1448.05,1447.66,1446.99,1445.89,1444.73,1443.81,1443.11,1442.66,1442.48,1442.61,1443.12,1443.50,1443.71,1443.80,1443.72,1443.26,1442.45,1440.99,1439.18,1438.44,1439.53,1443.15,1448.26,1453.20,1457.84,1461.75,1465.29,1468.84,1472.91,1477.58,1482.61,1487.71,1492.25,1495.55,1498.70,1502.11,1505.95,1509.73,1513.88,1518.12,1522.15,1525.53,1528.69,1531.52,1534.12,1536.62,1538.83,1540.90,1542.90,1544.74,1546.09,1547.44,1548.84,1550.49,1552.88,1555.02,1557.91,1562.32,1568.63,1573.75,1578.37,1582.76,1587.16,1592.18,1597.71,1602.32,1606.09,1609.81,1613.50,1617.16,1621.17,1625.82,1630.81,1636.16,1640.28,1642.94,1645.27,1647.59,1650.76,1654.85,1659.51,1663.07,1666.30,1669.08,1671.24,1672.88,1673.48,1672.90,1671.41,1669.35,1666.26,1663.01,1659.86,1656.98,1654.76,1654.58,1656.02,1658.71,1662.08,1665.36,1668.62,1671.88,1675.14,1678.42,1680.99,1683.15,1685.17,1687.19,1689.21,1690.99,1692.56,1694.12,1695.68,1697.33,1698.97,1700.45,1701.64,1702.76,1703.93,1705.15,1706.34,1707.44,1708.39,1709.29,1710.20,1710.79,1711.00,1711.21,1711.65,1712.35,1713.40,1714.89,1716.73,1718.71,1720.68,1722.65,1724.64,1726.65,1728.58,1729.86,1730.75,1731.50,1732.35,1733.06,1733.54
1463.09,1466.98,1470.84,1474.39,1477.80,1480.78,1483.22,1485.47,1487.59,1489.56,1491.37,1492.99,1494.57,1496.16,1497.75,1499.29,1500.62,1501.81,1502.93,1504.03,1505.19,1506.36,1507.49,1508.60,1509.69,1510.67,1511.68,1512.62,1513.34,1513.70,1513.57,1513.44,1513.43,1513.61,1514.29,1515.16,1516.11,1517.06,1517.86,1518.51,1518.87,1518.71,1517.69,1515.82,1513.59,1511.16,1508.47,1505.38,1502.10,1498.98,1496.18,1493.51,1491.08,1488.81,1486.61,1484.38,1482.13,1479.49,1476.73,1474.11,1471.45,1468.92,1466.48,1464.03,1461.43,1459.17,1457.07,1455.40,1454.60,1453.72,1452.62,1451.36,1449.88,1447.95,1444.91,1441.33,1437.62,1434.10,1430.21,1425.81,1421.21,1416.83,1413.00,1411.53,1411.73,1413.17,1415.15,1417.14,1419.65,1423.04,1427.78,1433.13,1437.70,1441.38,1444.28,1446.92,1449.37,1451.29,1452.60,1453.23,1453.35,1453.21,1453.12,1453.25,1453.43,1453.61,1453.77,1453.84,1453.63,1453.43,1453.31,1453.21,1453.01,1452.30,1450.89,1449.41,1448.31,1447.63,1447.11,1446.84,1446.84,1447.02,1447.20,1447.29,1447.30,1447.22,1447.02,1446.44,1445.31,1443.78,1442.66,1442.50,1444.64,1448.53,1452.98,1457.45,1461.16,1464.43,1467.64,1471.14,1476.04,1481.37,1486.61,1491.30,1494.48,1497.38,1500.42,1503.76,1507.35,1511.25,1515.43,1519.62,1523.06,1526.02,1528.41,1530.43,1532.30,1533.85,1535.62,1537.57,1539.45,1540.62,1541.87,1543.90,1546.92,1550.72,1554.71,1558.77,1563.57,1569.65,1574.70,1579.29,1583.61,1587.87,1592.60,1597.88,1602.36,1606.08,1609.85,1614.03,1618.01,1622.21,1627.05,1632.20,1637.34,1641.14,1643.57,1645.88,1648.20,1651.69,1656.05,1660.47,1663.87,1667.02,1669.62,1671.38,1672.42,1672.15,1670.99,1669.03,1665.93,1662.51,1659.12,1655.74,1652.55,1650.46,1650.98,1653.12,1656.29,1659.87,1663.22,1666.59,1670.14,1673.94,1677.37,1680.20,1682.58,1684.65,1686.71,1688.77,1690.64,1692.33,1693.99,1695.64,1697.33,1698.97,1700.46,1701.70,1702.89,1704.11,1705.35,1706.58,1707.78,1708.86,1710.03,1711.46,1712.17,1712.61,1713.02,1713.53,1714.32,1715.36,1716.77,1718.48,1720.31,1722.07,1723.81,1725.55,1727.34,1729.24,1730.37,1731.12,1731.78,1732.45,1732.68,1732.73
1462.78,1466.70,1470.47,1474.03,1477.58,1480.64,1483.02,1485.12,1487.17,1489.16,1491.03,1492.65,1494.30,1495.93,1497.55,1499.13,1500.51,1501.74,1502.89,1504.04,1505.22,1506.47,1507.68,1508.87,1510.03,1511.08,1512.13,1513.16,1514.12,1514.84,1515.15,1515.26,1515.36,1515.63,1516.43,1517.32,1518.16,1518.95,1519.69,1520.32,1520.66,1520.53,1519.63,1517.90,1515.65,1513.17,1510.57,1507.54,1504.24,1501.00,1498.03,1495.41,1492.97,1490.62,1488.33,1486.17,1484.01,1481.54,1479.02,1476.67,1474.22,1471.86,1469.64,1467.52,1465.39,1463.40,1461.28,1459.38,1458.27,1457.14,1455.97,1454.81,1453.61,1452.08,1449.17,1445.29,1440.92,1436.64,1432.39,1427.81,1423.05,1418.51,1415.00,1414.00,1414.24,1415.17,1416.90,1419.07,1422.08,1426.03,1431.01,1436.21,1440.39,1443.76,1446.54,1449.27,1451.86,1454.02,1455.75,1457.12,1457.94,1458.16,1458.11,1458.08,1458.14,1458.28,1458.40,1458.43,1458.31,1458.20,1458.15,1458.17,1458.13,1457.53,1456.11,1454.41,1452.91,1452.11,1451.48,1451.11,1450.96,1450.91,1450.93,1450.88,1450.79,1450.69,1450.49,1450.02,1449.15,1447.92,1446.77,1445.81,1446.48,1448.82,1452.48,1456.66,1460.05,1463.03,1466.00,1469.07,1473.57,1478.96,1484.71,1489.89,1493.16,1495.91,1498.60,1501.42,1504.79,1508.48,1512.47,1516.62,1520.23,1523.07,1525.13,1526.66,1528.00,1529.29,1530.96,1532.95,1535.07,1536.93,1538.72,1541.51,1545.49,1550.19,1555.17,1559.84,1564.67,1570.26,1575.39,1580.06,1584.38,1588.51,1593.03,1598.02,1602.44,1606.27,1610.10,1614.71,1619.12,1623.58,1628.47,1633.67,1638.46,1641.95,1644.30,1646.66,1649.19,1652.97,1657.40,1661.44,1664.65,1667.69,1670.03,1671.29,1671.57,1670.28,1668.25,1665.62,1662.08,1658.63,1655.31,1652.04,1648.92,1646.49,1647.35,1649.99,1653.54,1657.35,1661.01,1664.74,1668.67,1672.79,1676.30,1679.37,1681.94,1684.02,1686.11,1688.17,1690.11,1691.91,1693.64,1695.36,1697.12,1698.85,1700.45,1701.72,1702.96,1704.20,1705.44,1706.69,1707.94,1709.13,1710.43,1711.98,1712.89,1713.68,1714.42,1715.17,1716.09,1717.12,1718.41,1719.95,1721.62,1723.18,1724.68,1726.16,1727.66,1729.29,1730.33,1731.06,1731.64,1732.15,1732.05,1731.81
1462.48,1466.33,1469.90,1473.40,1477.13,1480.34,1482.67,1484.66,1486.71,1488.75,1490.65,1492.29,1493.97,1495.61,1497.23,1498.83,1500.30,1501.58,1502.80,1504.03,1505.27,1506.57,1507.84,1509.08,1510.29,1511.38,1512.42,1513.49,1514.62,1515.71,1516.59,1517.05,1517.27,1517.65,1518.53,1519.36,1520.01,1520.44,1520.82,1521.22,1521.40,1521.20,1520.57,1519.38,1517.31,1514.73,1512.11,1509.44,1506.31,1502.98,1499.75,1497.15,1494.92,1492.75,1490.57,1488.41,1486.15,1483.82,1481.59,1479.49,1477.18,1474.86,1472.74,1470.82,1468.86,1466.87,1464.89,1463.05,1461.53,1460.27,1459.03,1457.79,1456.48,1454.80,1452.33,1448.75,1444.17,1438.93,1434.38,1429.68,1424.65,1419.67,1416.63,1416.23,1416.74,1417.51,1418.84,1421.23,1424.70,1429.01,1433.93,1438.82,1442.48,1445.55,1448.50,1451.31,1454.02,1456.45,1458.66,1460.86,1462.48,1463.10,1463.03,1462.64,1462.53,1462.62,1462.73,1462.81,1462.86,1462.86,1462.87,1462.91,1462.98,1462.61,1461.41,1459.59,1457.56,1456.51,1455.76,1455.26,1454.95,1454.81,1454.72,1454.51,1454.28,1454.12,1453.72,1453.24,1452.53,1451.58,1450.65,1449.32,1448.67,1449.30,1451.92,1455.66,1458.64,1461.29,1464.12,1466.88,1470.37,1475.54,1482.00,1487.85,1491.44,1494.17,1496.59,1498.93,1502.08,1505.56,1509.29,1513.21,1517.03,1519.84,1521.67,1522.87,1523.83,1525.30,1527.11,1529.22,1531.79,1535.07,1538.02,1541.59,1546.04,1551.01,1556.07,1560.76,1565.41,1570.52,1575.95,1580.77,1585.07,1589.10,1593.48,1598.10,1602.54,1606.66,1610.61,1615.54,1620.40,1625.13,1629.94,1635.12,1639.48,1642.73,1645.13,1647.57,1650.53,1654.56,1658.86,1662.34,1665.35,1668.21,1670.20,1670.79,1670.18,1667.80,1664.70,1661.36,1657.98,1654.76,1651.68,1648.82,1646.11,1642.95,1643.80,1646.70,1650.49,1654.53,1658.70,1663.02,1667.41,1671.63,1675.20,1678.48,1681.22,1683.33,1685.41,1687.45,1689.41,1691.30,1693.07,1694.85,1696.72,1698.63,1700.41,1701.70,1702.94,1704.18,1705.43,1706.73,1707.97,1709.24,1710.53,1711.81,1713.00,1714.16,1715.33,1716.48,1717.55,1718.59,1719.75,1721.07,1722.55,1723.96,1725.23,1726.44,1727.64,1728.80,1729.82,1730.58,1731.12,1731.53,1731.28,1730.88
1462.00,1465.62,1469.05,1472.51,1476.34,1479.70,1482.20,1484.21,1486.27,1488.34,1490.29,1491.95,1493.61,1495.25,1496.87,1498.48,1500.04,1501.35,1502.60,1503.89,1505.22,1506.61,1507.99,1509.32,1510.54,1511.72,1512.87,1514.01,1515.18,1516.37,1517.42,1518.19,1518.75,1519.39,1520.15,1520.78,1521.24,1521.53,1521.85,1522.14,1522.13,1521.72,1521.04,1520.16,1518.41,1516.05,1513.48,1511.01,1508.16,1505.10,1502.06,1499.37,1497.09,1494.93,1492.78,1490.70,1488.57,1486.46,1484.41,1482.40,1480.20,1477.93,1475.79,1473.83,1471.93,1469.95,1468.06,1466.27,1464.59,1463.29,1461.87,1460.46,1459.09,1457.33,1454.64,1451.30,1447.09,1441.39,1436.37,1431.61,1426.60,1421.55,1419.05,1419.00,1419.73,1420.64,1421.90,1423.92,1427.11,1431.23,1435.97,1440.47,1444.01,1447.10,1450.13,1453.20,1456.13,1459.42,1463.01,1466.14,1467.65,1468.26,1468.10,1467.20,1466.76,1466.71,1466.80,1466.92,1467.04,1467.17,1467.33,1467.49,1467.52,1467.04,1465.70,1463.85,1461.94,1460.79,1460.04,1459.53,1459.17,1458.89,1458.70,1458.31,1457.81,1457.37,1456.83,1456.21,1455.48,1454.66,1453.85,1452.52,1451.48,1451.40,1453.14,1455.74,1458.14,1460.49,1462.99,1465.45,1468.31,1472.73,1478.42,1483.73,1488.09,1491.38,1493.94,1496.20,1499.14,1502.36,1505.90,1509.80,1513.72,1516.31,1518.05,1519.32,1520.46,1522.53,1525.06,1527.79,1530.94,1535.28,1539.11,1543.09,1547.44,1551.96,1556.85,1561.38,1565.81,1570.82,1576.90,1581.60,1585.60,1589.46,1593.50,1597.78,1602.38,1607.17,1611.95,1617.10,1621.87,1626.44,1631.13,1636.25,1640.38,1643.59,1646.15,1648.66,1652.17,1656.22,1659.92,1662.52,1665.18,1667.63,1669.02,1668.74,1666.93,1663.98,1660.78,1657.63,1654.52,1651.54,1648.76,1646.16,1643.55,1640.22,1641.03,1643.90,1647.59,1651.49,1656.14,1660.97,1665.72,1670.18,1673.86,1677.23,1680.16,1682.57,1684.68,1686.74,1688.75,1690.69,1692.52,1694.45,1696.42,1698.38,1700.20,1701.50,1702.73,1703.99,1705.27,1706.54,1707.78,1709.01,1710.25,1711.52,1712.72,1713.97,1715.27,1716.60,1717.89,1719.06,1720.22,1721.44,1722.73,1723.99,1725.16,1726.27,1727.37,1728.37,1729.28,1729.99,1730.50,1730.87,1730.68,1730.18
1461.33,1464.76,1468.04,1471.40,1475.24,1478.81,1481.62,1483.75,1485.84,1487.92,1489.91,1491.62,1493.25,1494.88,1496.52,1498.13,1499.73,1501.08,1502.38,1503.72,1505.11,1506.56,1508.06,1509.53,1510.88,1512.15,1513.39,1514.60,1515.77,1516.99,1518.11,1519.09,1519.99,1520.86,1521.55,1522.04,1522.39,1522.64,1522.89,1523.05,1522.84,1522.22,1521.42,1520.68,1519.32,1517.30,1514.81,1512.52,1509.99,1507.37,1504.74,1502.01,1499.68,1497.50,1495.38,1493.36,1491.32,1489.33,1487.34,1485.31,1483.14,1480.91,1478.73,1476.64,1474.71,1472.76,1470.98,1469.26,1467.48,1466.10,1464.49,1462.87,1461.30,1459.32,1456.41,1453.26,1449.49,1443.80,1438.32,1433.48,1428.66,1423.88,1421.92,1422.24,1423.24,1424.38,1425.72,1427.36,1429.89,1433.40,1437.82,1441.91,1445.42,1448.63,1451.79,1455.13,1458.45,1462.63,1467.33,1471.00,1472.55,1473.38,1473.53,1472.72,1472.32,1472.10,1471.99,1472.01,1472.17,1472.29,1472.41,1472.47,1472.26,1471.52,1469.92,1468.02,1466.30,1465.16,1464.43,1463.90,1463.50,1463.18,1462.95,1462.50,1461.87,1461.18,1460.48,1459.64,1458.76,1457.88,1457.03,1455.75,1454.58,1454.04,1454.87,1456.51,1458.59,1460.85,1463.17,1465.41,1467.68,1471.09,1475.50,1479.75,1484.42,1488.13,1490.99,1493.43,1496.22,1499.24,1502.65,1506.51,1510.45,1512.95,1514.82,1516.46,1518.15,1520.83,1524.01,1527.35,1531.01,1536.07,1540.52,1544.74,1548.90,1552.95,1557.58,1561.91,1566.17,1571.12,1577.73,1582.31,1586.03,1589.74,1593.52,1597.50,1602.32,1607.78,1613.30,1618.54,1623.16,1627.55,1632.12,1637.11,1641.07,1644.33,1647.14,1649.82,1653.56,1657.35,1660.45,1662.40,1664.65,1666.40,1666.98,1665.88,1663.19,1660.02,1656.98,1654.12,1651.24,1648.51,1645.99,1643.56,1641.02,1637.81,1638.63,1641.49,1645.13,1648.91,1653.81,1659.01,1664.06,1668.56,1672.26,1675.69,1678.91,1681.75,1683.89,1685.98,1688.02,1690.00,1691.92,1693.98,1696.02,1698.01,1699.86,1701.20,1702.44,1703.70,1704.97,1706.20,1707.40,1708.60,1709.84,1711.16,1712.37,1713.67,1715.03,1716.45,1717.91,1719.23,1720.43,1721.58,1722.72,1723.85,1724.93,1725.97,1726.97,1727.88,1728.67,1729.33,1729.84,1730.15,1729.96,1729.33
1460.34,1463.76,1466.83,1469.87,1473.62,1477.48,1480.88,1483.26,1485.40,1487.48,1489.49,1491.23,1492.88,1494.54,1496.20,1497.82,1499.38,1500.78,1502.15,1503.53,1504.92,1506.33,1507.92,1509.67,1511.40,1512.76,1514.01,1515.21,1516.39,1517.62,1518.72,1519.82,1520.91,1521.91,1522.70,1523.29,1523.72,1523.98,1524.05,1523.90,1523.47,1522.76,1521.87,1521.03,1520.07,1518.57,1516.14,1514.02,1511.89,1509.90,1507.95,1505.37,1503.09,1500.95,1498.86,1496.79,1494.66,1492.53,1490.37,1488.12,1485.89,1483.65,1481.40,1479.15,1477.01,1475.18,1473.53,1471.89,1470.12,1468.48,1466.77,1464.88,1462.72,1460.20,1457.35,1454.37,1450.90,1446.03,1440.21,1435.22,1430.79,1426.86,1425.42,1426.25,1427.68,1429.10,1430.64,1432.17,1433.64,1435.80,1439.70,1443.35,1446.83,1450.24,1453.66,1457.19,1461.30,1466.08,1470.87,1474.12,1476.52,1478.37,1479.70,1480.42,1480.96,1480.51,1479.82,1479.40,1479.55,1479.37,1479.00,1478.44,1477.59,1476.39,1474.49,1472.45,1470.76,1469.79,1469.07,1468.44,1467.97,1467.83,1467.72,1467.48,1467.06,1466.37,1465.41,1464.25,1463.01,1461.75,1460.53,1459.18,1457.98,1457.07,1456.84,1458.32,1460.69,1463.34,1465.88,1468.13,1469.73,1471.80,1474.46,1477.14,1480.82,1484.39,1487.67,1490.67,1493.50,1496.47,1499.78,1503.50,1507.32,1510.10,1512.52,1514.99,1517.83,1520.88,1524.34,1527.96,1531.89,1537.15,1541.75,1545.99,1550.06,1554.00,1558.28,1562.44,1566.59,1571.36,1578.12,1582.67,1586.32,1589.98,1593.70,1597.53,1602.58,1608.53,1614.24,1619.36,1623.94,1628.34,1632.81,1637.50,1641.38,1644.81,1648.00,1651.10,1654.21,1657.28,1660.00,1662.00,1663.75,1664.26,1663.67,1661.99,1659.29,1656.46,1653.61,1650.79,1648.07,1645.57,1643.18,1640.84,1638.42,1635.69,1636.68,1639.70,1643.59,1647.44,1652.12,1657.47,1662.67,1666.72,1670.19,1673.71,1677.38,1680.84,1683.02,1685.11,1687.15,1689.17,1691.22,1693.30,1695.33,1697.36,1699.31,1700.79,1702.07,1703.29,1704.47,1705.63,1706.76,1707.97,1709.31,1710.73,1712.03,1713.43,1714.87,1716.32,1717.79,1719.22,1720.47,1721.57,1722.66,1723.70,1724.68,1725.59,1726.41,1727.22,1727.95,1728.61,1729.12,1729.28,1728.87,1728.01
1459.41,1462.56,1465.46,1468.30,1471.63,1475.34,1479.12,1482.17,1484.70,1486.97,1489.07,1490.89,1492.54,1494.18,1495.79,1497.37,1498.92,1500.37,1501.78,1503.18,1504.62,1506.21,1508.01,1509.91,1511.76,1513.33,1514.64,1515.84,1517.01,1518.24,1519.41,1520.60,1521.82,1522.96,1523.78,1524.32,1524.65,1524.82,1524.80,1524.58,1524.13,1523.44,1522.53,1521.63,1520.75,1519.51,1517.48,1515.41,1513.51,1511.84,1510.30,1508.22,1506.07,1503.88,1501.68,1499.56,1497.40,1495.21,1492.96,1490.58,1488.05,1485.64,1483.39,1481.26,1479.15,1477.26,1475.56,1473.86,1472.00,1470.22,1468.20,1465.89,1463.29,1460.56,1457.75,1454.88,1451.71,1447.57,1442.01,1437.15,1433.01,1429.70,1428.62,1430.03,1432.13,1434.12,1435.75,1436.86,1437.72,1439.12,1442.11,1445.46,1448.94,1452.43,1455.99,1459.88,1464.26,1468.96,1473.46,1476.81,1479.83,1482.38,1484.46,1485.94,1486.93,1486.95,1486.59,1486.19,1486.01,1485.59,1484.92,1483.97,1482.58,1481.10,1479.14,1477.09,1475.39,1474.36,1473.62,1473.00,1472.51,1472.33,1472.15,1471.87,1471.47,1470.86,1469.99,1468.88,1467.68,1466.45,1465.15,1463.68,1462.19,1460.75,1459.63,1460.29,1462.71,1465.82,1468.83,1471.21,1473.11,1475.05,1477.06,1478.90,1481.51,1484.33,1487.12,1489.81,1492.46,1495.35,1498.53,1502.00,1505.57,1508.56,1511.42,1514.43,1517.77,1521.17,1524.81,1528.64,1532.87,1538.17,1542.66,1546.77,1550.78,1554.77,1558.97,1563.06,1567.20,1571.95,1578.05,1582.61,1586.41,1590.06,1593.82,1597.89,1603.11,1609.10,1614.83,1619.84,1624.28,1628.58,1633.00,1637.51,1641.53,1645.27,1648.71,1651.67,1654.33,1656.91,1659.23,1660.88,1662.00,1661.77,1660.53,1658.42,1655.74,1652.98,1650.20,1647.43,1644.76,1642.29,1639.93,1637.58,1635.18,1632.92,1634.41,1637.97,1642.28,1645.93,1649.92,1655.14,1660.56,1664.65,1668.05,1671.66,1675.62,1679.53,1682.07,1684.21,1686.25,1688.31,1690.39,1692.48,1694.51,1696.54,1698.53,1700.23,1701.54,1702.70,1703.84,1704.99,1706.08,1707.35,1708.76,1710.25,1711.64,1713.06,1714.51,1715.96,1717.38,1718.88,1720.21,1721.33,1722.37,1723.29,1724.16,1724.99,1725.76,1726.50,1727.18,1727.84,1728.38,1728.48,1727.79,1726.72
1458.46,1461.23,1463.99,1466.69,1469.51,1472.87,1476.82,1480.64,1483.67,1486.25,1488.53,1490.53,1492.21,1493.78,1495.33,1496.88,1498.42,1499.92,1501.37,1502.79,1504.34,1506.19,1508.20,1510.20,1512.05,1513.83,1515.23,1516.46,1517.63,1518.87,1520.12,1521.40,1522.71,1523.93,1524.73,1525.15,1525.35,1525.40,1525.33,1525.13,1524.75,1524.15,1523.28,1522.35,1521.41,1520.32,1518.76,1516.73,1514.98,1513.51,1512.18,1510.65,1508.68,1506.45,1504.16,1501.99,1499.82,1497.61,1495.30,1492.77,1489.83,1487.20,1484.98,1483.06,1481.05,1479.06,1477.23,1475.41,1473.42,1471.53,1469.20,1466.49,1463.53,1460.70,1457.90,1455.10,1452.15,1448.60,1443.63,1439.08,1435.25,1432.48,1431.84,1433.82,1436.55,1439.06,1440.73,1441.45,1441.99,1442.92,1444.91,1447.93,1451.36,1454.86,1458.44,1462.58,1466.99,1471.39,1475.58,1479.33,1482.91,1485.97,1488.48,1490.33,1491.56,1492.24,1492.48,1492.31,1491.78,1491.19,1490.37,1489.14,1487.35,1485.65,1483.66,1481.64,1479.88,1478.71,1477.99,1477.43,1476.97,1476.70,1476.39,1475.99,1475.54,1475.02,1474.30,1473.36,1472.34,1471.26,1470.01,1468.43,1466.67,1464.79,1463.02,1462.59,1464.71,1468.08,1471.57,1474.28,1476.83,1479.09,1480.98,1482.43,1484.16,1486.16,1488.27,1490.38,1492.74,1495.43,1498.34,1501.45,1504.74,1507.89,1511.11,1514.49,1518.03,1521.67,1525.42,1529.43,1533.93,1539.13,1543.40,1547.36,1551.36,1555.49,1559.72,1563.79,1567.95,1572.65,1577.79,1582.34,1586.37,1590.10,1594.01,1598.48,1603.75,1609.56,1615.25,1620.19,1624.46,1628.61,1633.01,1637.41,1641.61,1645.63,1649.25,1651.87,1654.16,1656.38,1658.27,1659.33,1659.76,1659.05,1657.42,1655.01,1652.34,1649.51,1646.72,1644.04,1641.40,1638.92,1636.57,1634.15,1631.72,1630.09,1632.28,1636.51,1641.23,1644.57,1647.78,1652.57,1658.04,1662.52,1665.99,1669.70,1673.84,1678.04,1681.07,1683.29,1685.33,1687.41,1689.50,1691.58,1693.63,1695.64,1697.63,1699.52,1700.90,1702.04,1703.15,1704.30,1705.40,1706.70,1708.17,1709.68,1711.16,1712.57,1713.98,1715.42,1716.80,1718.32,1719.76,1720.98,1721.93,1722.75,1723.53,1724.30,1725.06,1725.76,1726.40,1727.06,1727.62,1727.64,1726.67,1725.45
1457.22,1459.77,1462.38,1464.93,1467.51,1470.48,1474.11,1478.30,1481.76,1484.73,1487.45,1490.01,1491.74,1493.29,1494.83,1496.38,1497.93,1499.53,1501.07,1502.59,1504.38,1506.38,1508.44,1510.46,1512.31,1514.14,1515.73,1517.09,1518.26,1519.50,1520.86,1522.24,1523.55,1524.64,1525.19,1525.57,1525.79,1525.79,1525.67,1525.46,1525.16,1524.71,1524.04,1523.11,1522.10,1521.03,1519.79,1518.03,1516.46,1515.00,1513.55,1512.07,1510.43,1508.51,1506.35,1504.14,1501.92,1499.72,1497.33,1494.45,1491.06,1488.38,1486.14,1484.14,1482.18,1480.23,1478.26,1476.27,1474.21,1472.14,1469.77,1467.01,1463.91,1460.87,1457.99,1455.13,1452.13,1448.73,1444.68,1440.76,1437.36,1435.20,1435.74,1438.14,1440.82,1443.12,1444.87,1445.82,1446.48,1447.22,1448.44,1450.69,1453.84,1457.23,1460.61,1464.25,1468.51,1472.93,1477.39,1481.98,1486.22,1489.48,1491.95,1493.80,1495.13,1496.09,1496.61,1496.63,1496.24,1495.70,1494.88,1493.64,1491.76,1489.73,1487.55,1485.38,1483.48,1482.28,1481.67,1481.24,1480.93,1480.80,1480.43,1480.03,1479.58,1479.00,1478.14,1477.20,1476.18,1475.05,1473.85,1472.38,1470.82,1469.17,1467.38,1466.05,1466.78,1469.29,1473.10,1476.63,1479.57,1482.00,1484.01,1485.71,1487.45,1489.53,1491.71,1493.70,1495.61,1497.61,1499.74,1502.20,1505.37,1508.62,1512.06,1515.61,1519.07,1522.65,1526.42,1530.55,1535.17,1539.90,1544.03,1548.00,1552.09,1556.48,1560.76,1564.85,1568.90,1573.12,1577.55,1581.95,1586.16,1590.26,1594.72,1599.36,1604.45,1609.94,1615.63,1620.56,1624.75,1628.81,1633.13,1637.52,1641.66,1645.68,1649.31,1651.68,1653.72,1655.66,1657.04,1657.17,1656.98,1655.93,1654.17,1651.77,1648.90,1645.91,1643.09,1640.51,1638.12,1635.71,1633.43,1630.97,1628.53,1628.12,1631.32,1636.07,1640.85,1643.91,1646.78,1650.40,1655.03,1660.49,1664.35,1668.26,1672.38,1676.48,1679.97,1682.33,1684.38,1686.42,1688.51,1690.60,1692.67,1694.69,1696.63,1698.51,1700.04,1701.33,1702.46,1703.61,1704.71,1705.99,1707.40,1708.80,1710.31,1711.66,1713.02,1714.50,1716.01,1717.45,1718.99,1720.45,1721.30,1722.08,1722.85,1723.60,1724.31,1724.96,1725.62,1726.31,1726.80,1726.49,1725.43,1724.23
1455.81,1458.20,1460.67,1463.14,1465.60,1468.34,1471.71,1475.99,1479.74,1483.04,1486.10,1489.07,1491.09,1492.74,1494.32,1495.91,1497.51,1499.16,1500.83,1502.56,1504.54,1506.61,1508.69,1510.70,1512.53,1514.38,1516.12,1517.63,1518.91,1520.18,1521.61,1523.04,1524.33,1525.16,1525.57,1525.93,1526.16,1526.15,1525.99,1525.77,1525.48,1525.09,1524.52,1523.61,1522.59,1521.54,1520.49,1519.17,1517.80,1516.37,1514.86,1513.34,1511.82,1510.09,1508.10,1505.86,1503.66,1501.47,1498.99,1495.89,1492.17,1489.33,1487.04,1485.03,1483.03,1481.03,1478.93,1476.79,1474.68,1472.54,1470.38,1467.82,1464.68,1461.46,1458.41,1455.52,1452.67,1449.61,1446.18,1442.77,1439.75,1438.00,1439.30,1442.00,1444.67,1446.89,1448.77,1450.06,1450.93,1451.63,1452.44,1453.76,1456.37,1459.51,1462.69,1465.96,1470.17,1474.77,1479.59,1484.63,1489.07,1492.45,1495.07,1497.14,1498.79,1500.03,1500.87,1501.27,1501.20,1500.55,1499.51,1498.06,1496.08,1493.93,1491.56,1489.13,1486.92,1485.63,1485.08,1484.81,1484.69,1484.76,1484.51,1484.21,1483.83,1483.20,1482.24,1481.20,1480.08,1478.86,1477.55,1476.09,1474.59,1473.00,1471.17,1469.32,1468.91,1470.64,1474.67,1478.71,1482.00,1484.63,1486.84,1489.03,1491.28,1493.63,1495.90,1497.81,1499.45,1501.01,1502.52,1504.15,1506.42,1509.61,1513.35,1517.17,1520.54,1524.04,1527.70,1531.71,1536.16,1540.63,1544.84,1548.94,1553.11,1557.59,1562.00,1566.12,1570.04,1573.93,1577.89,1582.09,1586.36,1590.75,1595.69,1600.35,1605.16,1610.38,1616.05,1621.06,1625.32,1629.40,1633.71,1638.07,1642.08,1645.92,1649.33,1651.47,1653.26,1654.64,1655.31,1654.83,1654.24,1652.84,1650.81,1648.23,1645.24,1642.42,1639.79,1637.33,1635.04,1632.56,1629.93,1627.22,1625.26,1626.96,1631.07,1636.01,1640.61,1643.43,1646.09,1648.90,1652.90,1659.00,1663.44,1667.53,1671.41,1675.05,1678.58,1681.22,1683.40,1685.44,1687.54,1689.63,1691.67,1693.65,1695.56,1697.35,1698.95,1700.34,1701.56,1702.71,1703.75,1704.90,1706.18,1707.57,1709.14,1710.47,1711.78,1713.22,1714.79,1716.24,1717.86,1719.49,1720.55,1721.38,1722.13,1722.86,1723.57,1724.24,1724.93,1725.61,1726.04,1725.56,1724.49,1723.32
1454.20,1456.50,1458.86,1461.32,1463.75,1466.44,1469.71,1473.81,1477.69,1481.21,1484.50,1487.69,1490.18,1492.07,1493.72,1495.40,1497.08,1498.77,1500.63,1502.69,1504.77,1506.86,1508.94,1510.93,1512.73,1514.58,1516.41,1518.11,1519.59,1520.92,1522.36,1523.81,1525.01,1525.53,1525.94,1526.28,1526.50,1526.51,1526.31,1526.08,1525.73,1525.26,1524.69,1523.83,1522.85,1521.86,1520.90,1520.13,1519.00,1517.63,1516.13,1514.53,1512.92,1511.25,1509.39,1507.17,1505.04,1502.85,1500.32,1497.13,1493.27,1490.17,1487.79,1485.83,1483.67,1481.50,1479.26,1477.01,1474.88,1472.82,1471.11,1468.97,1465.95,1462.64,1459.32,1456.44,1453.93,1451.43,1448.29,1445.18,1442.47,1440.93,1442.46,1445.33,1448.12,1450.42,1452.47,1454.14,1455.29,1456.11,1456.80,1457.16,1459.03,1461.75,1464.76,1467.87,1472.14,1477.04,1482.18,1487.22,1491.41,1494.89,1497.88,1500.41,1502.62,1504.20,1505.44,1506.38,1506.74,1505.83,1504.32,1502.49,1500.36,1498.25,1495.75,1492.99,1490.35,1488.91,1488.38,1488.26,1488.37,1488.67,1488.68,1488.59,1488.31,1487.64,1486.67,1485.46,1484.16,1482.78,1481.22,1479.67,1478.01,1476.22,1474.28,1472.32,1471.14,1472.28,1476.43,1480.60,1484.24,1487.14,1489.62,1492.49,1495.60,1498.33,1500.61,1502.45,1504.04,1505.46,1506.56,1507.26,1507.93,1510.89,1514.97,1519.10,1522.37,1525.81,1529.26,1532.88,1536.91,1541.37,1545.87,1550.18,1554.39,1558.83,1563.44,1567.59,1571.38,1575.12,1578.88,1582.85,1587.05,1591.63,1596.93,1601.44,1605.94,1610.91,1616.60,1621.74,1626.19,1630.44,1634.80,1639.06,1642.82,1646.28,1649.30,1651.25,1652.74,1653.30,1653.10,1652.33,1651.52,1649.76,1647.32,1644.41,1641.43,1639.13,1636.89,1634.55,1632.18,1629.48,1626.10,1623.01,1622.11,1626.52,1631.36,1636.12,1640.40,1643.07,1645.60,1648.10,1651.84,1658.14,1663.23,1667.44,1670.92,1673.85,1676.97,1679.97,1682.41,1684.46,1686.59,1688.68,1690.63,1692.53,1694.40,1696.07,1697.64,1699.09,1700.41,1701.55,1702.47,1703.41,1704.51,1705.94,1707.53,1708.88,1710.16,1711.54,1713.13,1714.72,1716.38,1718.09,1719.68,1720.68,1721.40,1722.09,1722.85,1723.60,1724.30,1724.97,1725.36,1724.87,1723.85,1722.73
1452.05,1454.43,1456.85,1459.35,1461.81,1464.61,1467.99,1471.79,1475.54,1479.09,1482.48,1485.71,1488.30,1490.43,1492.30,1493.99,1495.66,1497.85,1500.28,1502.74,1504.99,1507.11,1509.17,1511.14,1512.96,1514.81,1516.70,1518.54,1520.23,1521.70,1523.20,1524.47,1525.41,1525.91,1526.39,1526.75,1526.93,1526.84,1526.58,1526.24,1525.83,1525.34,1524.73,1523.83,1522.94,1522.13,1521.35,1520.67,1519.86,1518.76,1517.32,1515.67,1514.01,1512.35,1510.57,1508.41,1506.20,1503.91,1501.47,1498.64,1495.03,1491.73,1489.06,1486.83,1484.32,1481.71,1479.29,1477.11,1475.22,1473.60,1472.19,1470.58,1468.42,1465.52,1461.95,1458.81,1456.34,1454.17,1451.22,1448.14,1445.55,1444.40,1446.11,1448.74,1451.30,1453.53,1455.67,1457.77,1459.33,1460.32,1460.81,1461.13,1462.47,1464.57,1467.22,1470.37,1474.69,1479.54,1484.52,1489.29,1493.47,1497.13,1500.46,1503.56,1506.24,1508.35,1510.05,1511.24,1511.52,1510.58,1508.96,1506.95,1504.70,1502.45,1499.91,1497.11,1494.38,1492.87,1492.52,1492.63,1492.89,1493.20,1493.22,1493.15,1492.88,1492.16,1491.11,1489.82,1488.29,1486.57,1484.94,1483.24,1481.41,1479.48,1477.48,1475.62,1474.12,1474.65,1478.27,1482.82,1486.60,1489.93,1493.14,1496.48,1500.02,1502.98,1505.40,1507.39,1508.95,1510.06,1510.82,1511.28,1511.62,1514.23,1517.76,1521.32,1524.35,1527.65,1530.88,1534.20,1537.93,1542.61,1547.25,1551.58,1555.69,1560.11,1564.74,1569.02,1572.95,1576.67,1580.41,1584.26,1588.42,1593.11,1598.47,1602.82,1607.12,1612.04,1618.08,1623.11,1627.73,1632.20,1636.43,1639.92,1642.82,1645.78,1648.69,1650.51,1651.42,1651.52,1650.93,1649.61,1647.91,1645.77,1643.36,1640.86,1638.51,1636.53,1634.46,1632.16,1629.61,1626.62,1622.84,1620.33,1621.36,1626.17,1630.97,1635.53,1639.63,1642.55,1645.24,1647.81,1651.73,1658.40,1663.18,1667.19,1670.56,1673.37,1676.24,1679.12,1681.52,1683.53,1685.56,1687.57,1689.50,1691.37,1693.13,1694.73,1696.25,1697.67,1698.97,1700.08,1700.97,1701.82,1702.67,1703.53,1704.33,1705.57,1707.25,1709.32,1711.48,1713.29,1715.01,1716.77,1718.50,1719.93,1720.86,1721.57,1722.30,1722.99,1723.68,1724.34,1724.70,1724.12,1723.24,1722.21
1449.59,1452.17,1454.71,1457.26,1459.84,1462.80,1466.26,1469.78,1473.36,1476.89,1480.32,1483.54,1486.09,1488.42,1490.53,1492.35,1494.13,1496.90,1499.89,1502.68,1505.09,1507.30,1509.38,1511.37,1513.28,1515.17,1517.13,1519.05,1520.83,1522.38,1523.90,1524.97,1525.64,1526.20,1526.76,1527.18,1527.32,1527.10,1526.78,1526.34,1525.87,1525.37,1524.75,1523.86,1523.05,1522.38,1521.74,1521.09,1520.53,1519.73,1518.48,1516.89,1515.22,1513.53,1511.74,1509.59,1507.30,1504.93,1502.53,1499.97,1496.66,1493.33,1490.51,1488.12,1485.38,1482.29,1479.59,1477.43,1475.86,1474.63,1473.43,1472.25,1470.91,1468.64,1465.22,1461.99,1459.40,1457.38,1454.63,1451.49,1448.89,1448.03,1449.70,1452.04,1454.37,1456.59,1458.92,1461.42,1463.32,1464.45,1464.85,1465.38,1466.39,1467.96,1470.23,1473.33,1477.48,1482.04,1486.67,1491.13,1495.36,1499.21,1502.88,1506.47,1509.58,1512.26,1514.43,1515.82,1515.94,1515.03,1513.36,1511.23,1508.89,1506.47,1503.89,1501.14,1498.52,1497.19,1497.17,1497.53,1497.90,1498.18,1498.15,1498.03,1497.65,1496.78,1495.62,1494.28,1492.60,1490.62,1488.84,1486.83,1484.77,1482.70,1480.64,1478.81,1477.13,1477.17,1480.21,1485.13,1489.15,1492.95,1496.84,1500.72,1504.53,1507.67,1510.24,1512.32,1513.81,1514.62,1515.18,1515.63,1516.05,1518.16,1520.84,1523.59,1526.34,1529.41,1532.46,1535.54,1539.09,1544.08,1548.79,1553.04,1557.07,1561.45,1566.04,1570.40,1574.46,1578.20,1582.01,1585.79,1589.98,1594.82,1600.04,1604.25,1608.48,1613.48,1619.77,1624.76,1629.52,1634.12,1638.14,1640.77,1642.82,1645.28,1647.99,1649.57,1649.69,1649.22,1648.22,1646.39,1644.10,1641.91,1639.80,1637.79,1635.97,1634.16,1632.12,1629.77,1627.03,1623.79,1620.06,1618.55,1621.47,1626.08,1630.61,1634.90,1638.84,1642.05,1644.91,1647.64,1651.68,1658.34,1662.90,1666.73,1670.07,1672.89,1675.57,1678.21,1680.52,1682.54,1684.46,1686.38,1688.30,1690.13,1691.80,1693.35,1694.81,1696.15,1697.31,1698.21,1698.81,1699.30,1699.71,1700.02,1700.41,1701.81,1704.03,1706.84,1709.76,1711.90,1713.76,1715.55,1717.34,1719.11,1720.28,1721.08,1721.76,1722.38,1723.05,1723.68,1724.00,1723.33,1722.58,1721.66
1446.68,1449.63,1452.38,1454.95,1457.81,1460.94,1464.31,1467.74,1471.18,1474.64,1478.08,1481.28,1483.66,1486.02,1488.41,1490.71,1492.92,1496.16,1499.46,1502.38,1504.91,1507.38,1509.60,1511.68,1513.78,1515.82,1517.92,1519.80,1521.34,1522.82,1524.26,1525.15,1525.65,1526.26,1526.92,1527.43,1527.58,1527.22,1526.80,1526.34,1525.84,1525.33,1524.81,1524.05,1523.30,1522.61,1521.95,1521.43,1520.94,1520.39,1519.63,1518.33,1516.76,1514.96,1512.94,1510.67,1508.36,1505.99,1503.49,1500.73,1497.60,1494.59,1492.10,1490.02,1487.42,1483.94,1480.71,1478.33,1477.22,1476.02,1474.87,1473.79,1472.69,1471.30,1469.10,1466.30,1463.40,1461.19,1458.73,1455.51,1452.69,1451.73,1452.84,1454.99,1457.34,1459.76,1462.64,1465.44,1467.38,1468.51,1469.15,1469.96,1471.04,1472.44,1474.35,1477.07,1480.57,1484.43,1488.49,1492.72,1496.91,1501.04,1505.05,1508.82,1512.34,1515.57,1518.20,1519.85,1519.94,1519.02,1517.29,1515.09,1512.68,1510.13,1507.47,1504.83,1502.62,1501.98,1502.56,1503.22,1503.64,1503.91,1503.84,1503.55,1502.87,1501.60,1500.26,1498.93,1497.34,1495.38,1493.18,1490.46,1487.99,1485.81,1483.66,1481.53,1479.75,1479.64,1482.39,1487.42,1492.11,1496.37,1500.54,1505.25,1509.20,1512.46,1515.12,1517.04,1518.30,1519.05,1519.65,1520.27,1521.01,1522.36,1523.95,1525.82,1528.27,1530.97,1533.86,1536.87,1540.43,1545.84,1550.51,1554.64,1558.60,1562.84,1567.40,1571.68,1575.67,1579.51,1583.41,1587.18,1591.61,1596.80,1601.52,1605.57,1610.08,1615.40,1621.48,1626.76,1631.58,1636.03,1639.71,1641.63,1643.28,1645.31,1647.45,1648.44,1647.44,1645.92,1644.16,1642.05,1640.31,1638.96,1637.52,1635.76,1633.86,1631.97,1629.71,1627.11,1624.24,1620.94,1618.12,1618.10,1622.31,1626.62,1630.70,1634.61,1638.33,1641.65,1644.58,1647.44,1651.21,1656.85,1661.89,1665.85,1669.15,1671.99,1674.53,1676.95,1679.23,1681.34,1683.22,1685.09,1686.95,1688.76,1690.42,1691.93,1693.30,1694.45,1695.26,1695.55,1695.14,1694.52,1694.07,1694.28,1695.61,1697.98,1700.82,1704.01,1707.83,1710.60,1712.73,1714.56,1716.39,1718.13,1719.51,1720.51,1721.14,1721.76,1722.39,1722.96,1723.18,1722.47,1721.75,1720.96
1443.57,1446.67,1449.70,1452.80,1456.01,1459.29,1462.62,1465.95,1469.23,1472.63,1476.12,1479.46,1482.04,1484.41,1486.76,1489.15,1491.62,1495.26,1498.93,1502.09,1504.72,1507.37,1509.75,1511.96,1514.15,1516.31,1518.47,1520.31,1521.75,1523.14,1524.46,1525.25,1525.68,1526.25,1526.89,1527.33,1527.43,1527.10,1526.74,1526.32,1525.86,1525.36,1524.87,1524.18,1523.49,1522.84,1522.26,1521.79,1521.32,1520.87,1520.35,1519.44,1518.08,1516.23,1514.05,1511.73,1509.39,1506.88,1504.20,1501.38,1498.53,1495.97,1493.77,1491.80,1489.59,1486.61,1483.46,1480.69,1478.84,1477.48,1476.44,1475.51,1474.67,1474.00,1472.24,1469.64,1466.71,1464.17,1461.86,1459.13,1456.74,1455.80,1456.52,1458.46,1460.80,1463.38,1466.51,1469.23,1471.25,1472.72,1473.91,1474.96,1475.87,1477.02,1478.69,1480.88,1483.80,1487.06,1490.53,1494.25,1498.37,1502.63,1506.83,1510.83,1514.53,1518.04,1521.03,1523.08,1523.58,1523.05,1521.53,1519.26,1516.48,1513.81,1511.14,1508.57,1506.52,1506.18,1507.35,1508.55,1509.30,1509.62,1509.41,1508.85,1507.90,1506.42,1504.85,1503.37,1501.74,1499.81,1497.60,1494.82,1492.02,1489.32,1486.70,1484.45,1482.68,1482.53,1485.11,1489.92,1494.97,1499.89,1504.77,1509.76,1513.87,1516.93,1519.23,1520.97,1522.27,1523.36,1524.34,1525.21,1526.05,1526.73,1527.43,1528.54,1530.62,1532.92,1535.48,1538.51,1542.44,1547.87,1552.27,1556.19,1560.11,1564.32,1568.66,1572.76,1576.65,1580.54,1584.53,1588.56,1593.17,1598.34,1602.76,1606.80,1611.53,1617.08,1623.12,1628.50,1633.18,1637.26,1640.47,1642.14,1643.68,1645.36,1646.79,1646.80,1645.37,1643.59,1641.64,1639.47,1637.87,1636.74,1635.49,1633.84,1631.91,1629.71,1627.20,1624.41,1621.40,1617.98,1616.78,1618.44,1622.86,1626.82,1630.62,1634.24,1637.67,1640.93,1644.10,1647.23,1650.97,1656.09,1660.98,1664.80,1668.01,1670.86,1673.35,1675.64,1677.87,1680.01,1681.91,1683.72,1685.51,1687.27,1688.92,1690.34,1691.55,1692.46,1692.95,1692.82,1691.77,1690.57,1689.77,1690.07,1691.76,1694.56,1697.88,1701.55,1705.68,1709.13,1711.63,1713.47,1715.25,1716.93,1718.45,1719.72,1720.61,1721.23,1721.81,1722.24,1722.33,1721.77,1721.07,1720.14
1440.41,1443.54,1446.89,1450.67,1454.25,1457.70,1461.08,1464.33,1467.46,1470.77,1474.30,1477.85,1480.80,1483.20,1485.42,1487.74,1490.35,1494.31,1498.33,1501.79,1504.54,1507.31,1509.86,1512.19,1514.42,1516.64,1518.82,1520.66,1522.04,1523.37,1524.58,1525.32,1525.72,1526.20,1526.78,1527.07,1527.07,1526.84,1526.60,1526.24,1525.83,1525.40,1524.93,1524.30,1523.66,1523.10,1522.62,1522.16,1521.69,1521.25,1520.83,1520.33,1519.26,1517.52,1515.30,1512.93,1510.53,1507.87,1505.03,1502.19,1499.56,1497.40,1495.42,1493.50,1491.72,1489.56,1486.85,1483.79,1480.84,1479.21,1478.18,1477.37,1476.80,1476.68,1475.07,1472.59,1469.69,1466.75,1464.48,1462.36,1460.62,1459.85,1460.44,1462.20,1464.44,1467.06,1470.20,1472.72,1474.85,1476.83,1478.78,1480.12,1480.83,1481.69,1483.11,1484.77,1487.10,1489.78,1492.63,1495.76,1499.79,1504.09,1508.42,1512.65,1516.45,1520.09,1523.37,1525.89,1526.95,1526.98,1525.85,1523.65,1520.56,1517.67,1514.92,1512.35,1510.41,1510.20,1511.87,1513.66,1514.89,1515.29,1514.89,1514.04,1512.84,1511.25,1509.43,1507.73,1505.95,1504.01,1501.92,1499.34,1496.38,1493.16,1489.98,1487.61,1485.82,1485.66,1488.15,1492.67,1497.93,1503.54,1509.17,1514.14,1518.22,1520.91,1522.77,1524.39,1526.01,1527.72,1529.22,1530.37,1531.18,1531.34,1531.37,1531.84,1533.43,1535.22,1537.39,1540.44,1544.83,1549.98,1554.02,1557.74,1561.60,1565.75,1569.81,1573.69,1577.51,1581.43,1585.50,1589.87,1594.62,1599.56,1603.88,1608.02,1612.88,1618.53,1624.62,1629.98,1634.43,1638.08,1640.79,1642.42,1643.95,1645.28,1645.95,1645.02,1643.55,1641.90,1640.01,1637.82,1636.14,1634.89,1633.59,1631.94,1629.96,1627.44,1624.65,1621.68,1618.45,1614.94,1615.70,1619.11,1623.23,1626.83,1630.39,1633.77,1636.93,1640.06,1643.49,1646.89,1650.72,1655.56,1660.05,1663.61,1666.72,1669.56,1672.05,1674.29,1676.44,1678.55,1680.51,1682.29,1683.99,1685.67,1687.29,1688.62,1689.62,1690.26,1690.47,1689.99,1688.56,1687.07,1686.19,1686.69,1688.54,1691.50,1695.15,1699.28,1703.45,1707.47,1710.38,1712.32,1714.00,1715.64,1717.24,1718.74,1719.94,1720.60,1721.13,1721.41,1721.36,1720.99,1720.30,1719.14
1437.45,1440.61,1444.21,1448.36,1452.18,1455.96,1459.72,1462.99,1466.03,1469.13,1472.47,1476.21,1479.62,1482.21,1484.46,1486.81,1489.43,1493.43,1497.68,1501.50,1504.39,1507.27,1509.89,1512.25,1514.44,1516.63,1518.80,1520.65,1522.08,1523.44,1524.64,1525.38,1525.77,1526.19,1526.64,1526.76,1526.64,1526.42,1526.23,1525.93,1525.64,1525.36,1524.99,1524.48,1523.96,1523.46,1523.00,1522.53,1522.03,1521.55,1521.14,1520.81,1520.28,1519.18,1517.37,1514.76,1512.29,1509.67,1506.86,1503.88,1501.05,1498.79,1496.85,1495.08,1493.41,1491.62,1489.61,1487.16,1484.10,1481.96,1480.39,1479.47,1479.27,1479.22,1478.13,1475.78,1472.55,1469.28,1466.82,1464.68,1463.21,1463.09,1464.23,1466.00,1467.93,1470.05,1472.79,1475.29,1477.66,1480.23,1483.18,1485.09,1485.92,1486.53,1487.42,1488.76,1490.38,1492.34,1494.62,1497.36,1501.26,1505.59,1510.02,1514.37,1518.34,1522.03,1525.55,1528.50,1529.85,1530.34,1529.85,1528.41,1525.87,1522.35,1519.00,1516.27,1514.63,1514.70,1516.40,1518.55,1520.36,1520.86,1520.24,1519.13,1517.74,1516.04,1514.12,1512.14,1510.05,1507.82,1505.54,1503.09,1500.47,1497.61,1494.35,1491.34,1489.18,1488.92,1491.50,1496.12,1501.59,1507.47,1513.27,1518.00,1521.14,1523.36,1525.23,1527.20,1529.78,1532.44,1534.55,1535.85,1536.59,1536.71,1536.64,1536.74,1537.38,1538.28,1540.10,1543.12,1547.44,1551.84,1555.68,1559.34,1562.99,1566.74,1570.67,1574.49,1578.30,1582.30,1586.47,1590.99,1595.63,1600.31,1605.02,1609.41,1614.07,1619.38,1625.57,1630.80,1635.03,1638.40,1640.82,1642.31,1643.74,1644.56,1644.55,1643.76,1642.59,1641.05,1639.12,1636.73,1634.67,1633.18,1631.72,1629.93,1627.79,1625.19,1622.21,1618.84,1615.07,1611.73,1614.53,1619.64,1623.46,1626.77,1629.95,1633.07,1636.12,1639.19,1642.57,1646.10,1649.98,1654.47,1658.80,1662.22,1665.22,1668.04,1670.57,1672.81,1674.88,1676.88,1678.82,1680.70,1682.38,1683.95,1685.44,1686.68,1687.39,1687.77,1687.74,1686.95,1685.42,1683.91,1683.11,1683.90,1686.10,1689.20,1692.93,1697.16,1701.36,1705.24,1708.54,1711.11,1712.71,1714.33,1715.88,1717.30,1718.47,1719.30,1719.79,1719.99,1719.90,1719.47,1718.72,1717.58
1435.01,1438.17,1441.79,1446.07,1450.20,1454.35,1458.48,1461.91,1464.92,1467.86,1471.03,1474.74,1478.37,1481.21,1483.65,1486.12,1488.86,1492.82,1497.15,1501.17,1504.17,1507.11,1509.79,1512.18,1514.33,1516.49,1518.63,1520.50,1521.97,1523.40,1524.63,1525.38,1525.76,1526.10,1526.44,1526.44,1526.23,1525.99,1525.83,1525.56,1525.32,1525.14,1524.89,1524.55,1524.14,1523.72,1523.28,1522.82,1522.32,1521.86,1521.52,1521.35,1521.17,1520.60,1519.37,1517.08,1514.69,1512.10,1509.25,1506.18,1503.25,1500.74,1498.57,1496.74,1495.10,1493.48,1491.86,1489.90,1487.21,1484.78,1482.90,1481.77,1481.46,1481.35,1480.66,1478.67,1475.53,1472.00,1469.13,1466.78,1465.46,1465.84,1467.43,1469.24,1470.94,1472.70,1475.22,1477.84,1480.62,1483.72,1487.13,1489.43,1490.66,1491.40,1492.03,1492.88,1493.76,1494.99,1496.73,1499.20,1503.09,1507.41,1511.80,1516.18,1520.40,1524.31,1527.89,1530.84,1532.46,1533.25,1533.20,1532.33,1530.39,1527.13,1523.85,1520.94,1518.92,1519.04,1521.17,1523.77,1525.85,1526.32,1525.59,1524.23,1522.58,1520.72,1518.65,1516.47,1514.14,1511.67,1509.16,1506.66,1504.13,1501.39,1498.20,1494.87,1492.49,1492.07,1494.48,1499.12,1505.04,1511.24,1516.94,1520.93,1523.46,1525.50,1527.76,1530.76,1534.29,1537.29,1539.44,1540.68,1541.36,1541.56,1541.51,1541.40,1541.44,1541.68,1543.05,1545.74,1549.72,1553.63,1557.38,1560.97,1564.42,1567.88,1571.72,1575.59,1579.46,1583.45,1587.55,1591.89,1596.28,1600.80,1605.93,1610.64,1615.17,1620.15,1626.31,1631.31,1635.32,1638.49,1640.72,1642.09,1643.22,1643.61,1643.20,1642.54,1641.59,1640.02,1637.92,1635.49,1633.20,1631.43,1629.73,1627.80,1625.54,1622.90,1619.74,1616.07,1612.10,1609.43,1613.28,1619.12,1622.93,1626.16,1629.22,1632.25,1635.28,1638.32,1641.65,1645.27,1649.14,1653.28,1657.35,1660.69,1663.63,1666.38,1668.94,1671.15,1673.18,1675.13,1677.06,1678.97,1680.64,1682.13,1683.49,1684.61,1685.12,1685.26,1684.99,1683.94,1682.35,1680.89,1680.24,1681.30,1683.93,1687.23,1690.98,1695.15,1699.31,1703.11,1706.57,1709.49,1711.36,1712.98,1714.44,1715.75,1716.87,1717.74,1718.15,1718.27,1718.13,1717.65,1716.90,1715.82
1433.17,1436.34,1439.72,1443.92,1448.42,1452.99,1457.38,1461.11,1464.15,1467.03,1470.05,1473.52,1477.06,1480.20,1483.01,1485.66,1488.63,1492.54,1496.78,1500.79,1503.83,1506.78,1509.52,1511.97,1514.07,1516.22,1518.33,1520.18,1521.72,1523.23,1524.53,1525.30,1525.66,1525.91,1526.16,1526.09,1525.84,1525.57,1525.38,1525.11,1524.87,1524.73,1524.62,1524.44,1524.18,1523.84,1523.44,1522.99,1522.55,1522.21,1522.05,1522.01,1521.93,1521.71,1521.14,1519.78,1517.70,1515.11,1512.19,1509.08,1506.19,1503.34,1500.74,1498.55,1496.86,1495.23,1493.60,1491.90,1489.95,1487.53,1485.64,1484.23,1483.29,1483.01,1482.56,1481.16,1478.61,1474.95,1471.50,1468.85,1467.55,1468.18,1469.97,1471.79,1473.41,1475.09,1477.64,1480.53,1483.84,1487.33,1490.55,1493.04,1494.90,1496.22,1496.94,1497.16,1497.31,1497.88,1499.11,1501.42,1505.39,1509.62,1513.83,1518.13,1522.66,1526.92,1530.40,1532.92,1534.77,1535.74,1535.87,1535.26,1533.85,1531.84,1529.39,1526.33,1523.26,1523.19,1526.14,1529.26,1531.30,1531.59,1530.87,1529.31,1527.33,1525.24,1522.96,1520.66,1518.22,1515.61,1512.89,1510.14,1507.30,1504.36,1501.29,1498.07,1495.72,1495.07,1496.98,1501.59,1508.15,1514.73,1520.06,1522.89,1525.28,1527.53,1530.58,1535.18,1539.50,1542.11,1543.71,1544.70,1545.34,1545.67,1545.71,1545.57,1545.45,1545.36,1546.17,1548.21,1551.59,1555.39,1559.12,1562.60,1565.88,1569.22,1573.06,1577.06,1581.04,1584.90,1588.74,1592.56,1596.58,1601.10,1606.61,1611.66,1616.19,1620.91,1626.84,1631.50,1635.30,1638.36,1640.51,1641.76,1642.41,1642.46,1642.00,1641.27,1640.38,1638.55,1636.21,1633.93,1631.64,1629.56,1627.58,1625.54,1623.23,1620.54,1617.23,1613.41,1609.62,1608.15,1611.96,1617.42,1621.52,1624.90,1628.14,1631.30,1634.37,1637.41,1640.75,1644.42,1648.25,1652.02,1655.72,1659.01,1661.94,1664.59,1667.18,1669.32,1671.33,1673.32,1675.24,1677.11,1678.75,1680.20,1681.42,1682.43,1682.81,1682.73,1682.18,1680.96,1679.30,1677.98,1677.57,1678.90,1681.99,1685.53,1689.28,1693.26,1697.28,1701.16,1704.55,1707.43,1709.88,1711.55,1712.90,1714.13,1715.22,1715.97,1716.26,1716.28,1716.08,1715.60,1714.88,1713.91
1432.12,1435.33,1438.69,1442.89,1447.72,1452.48,1456.79,1460.59,1463.65,1466.50,1469.50,1472.87,1476.36,1479.65,1482.68,1485.51,1488.52,1492.37,1496.38,1500.14,1503.25,1506.29,1509.07,1511.53,1513.61,1515.69,1517.74,1519.63,1521.25,1522.68,1524.05,1524.97,1525.44,1525.66,1525.82,1525.75,1525.52,1525.20,1524.88,1524.54,1524.26,1524.11,1524.06,1523.99,1523.83,1523.60,1523.33,1523.04,1522.89,1522.81,1522.75,1522.74,1522.68,1522.59,1522.30,1521.40,1519.90,1517.93,1515.43,1512.36,1509.55,1506.62,1503.75,1501.06,1498.72,1496.97,1495.35,1493.70,1491.94,1489.87,1488.01,1486.37,1485.11,1484.76,1484.43,1483.18,1480.92,1477.97,1474.62,1471.80,1470.30,1470.79,1472.22,1474.04,1475.76,1477.57,1480.42,1483.62,1486.97,1490.26,1493.20,1495.85,1498.16,1500.03,1501.26,1501.76,1501.86,1502.16,1503.04,1505.11,1508.52,1512.29,1516.13,1520.19,1524.72,1528.96,1532.37,1534.88,1537.04,1538.26,1538.61,1538.22,1537.04,1535.43,1533.20,1530.49,1527.97,1527.78,1530.38,1533.33,1535.46,1536.00,1535.43,1533.89,1531.81,1529.46,1526.85,1524.32,1521.87,1519.41,1516.82,1513.77,1510.55,1507.33,1504.22,1501.08,1498.73,1497.77,1499.26,1504.73,1511.42,1517.34,1521.77,1524.42,1526.86,1530.08,1534.22,1539.06,1542.92,1545.47,1547.20,1548.30,1548.97,1549.31,1549.41,1549.35,1549.20,1549.07,1549.32,1550.70,1553.72,1557.20,1560.64,1563.95,1567.21,1570.72,1574.79,1578.74,1582.49,1586.15,1589.85,1593.46,1597.24,1601.76,1607.97,1612.84,1617.12,1621.65,1627.09,1631.17,1634.64,1637.68,1640.03,1641.17,1641.51,1641.35,1640.70,1639.45,1637.88,1635.70,1633.29,1631.09,1628.90,1626.94,1625.07,1623.13,1620.77,1617.91,1614.62,1610.88,1607.10,1606.93,1610.65,1615.53,1619.57,1623.08,1626.50,1629.82,1633.01,1636.13,1639.51,1643.19,1646.99,1650.74,1654.20,1657.32,1660.20,1662.85,1665.26,1667.43,1669.45,1671.40,1673.28,1675.10,1676.71,1678.10,1679.22,1680.01,1680.27,1679.88,1678.89,1677.63,1676.09,1674.99,1675.03,1677.06,1680.23,1683.79,1687.46,1691.23,1695.15,1699.09,1702.50,1705.33,1707.80,1709.75,1711.25,1712.48,1713.48,1714.09,1714.31,1714.28,1714.02,1713.55,1712.87,1711.93
1431.40,1434.68,1438.13,1442.43,1447.53,1452.35,1456.43,1460.21,1463.28,1466.17,1469.16,1472.50,1475.97,1479.35,1482.54,1485.49,1488.49,1492.15,1495.90,1499.44,1502.63,1505.69,1508.45,1510.89,1512.95,1514.96,1516.93,1518.80,1520.49,1521.88,1523.31,1524.39,1525.04,1525.35,1525.47,1525.37,1525.13,1524.82,1524.36,1523.94,1523.62,1523.43,1523.42,1523.44,1523.37,1523.23,1523.08,1522.94,1523.11,1523.30,1523.37,1523.45,1523.42,1523.42,1523.31,1522.71,1521.76,1520.44,1518.48,1515.66,1512.92,1509.99,1506.98,1503.94,1501.00,1498.91,1497.14,1495.45,1493.75,1491.97,1490.06,1488.22,1486.83,1486.54,1486.38,1485.25,1483.22,1480.99,1477.99,1475.19,1473.54,1473.78,1474.73,1476.43,1478.27,1480.34,1483.47,1486.75,1489.86,1492.75,1495.48,1498.39,1501.15,1503.52,1505.25,1506.23,1506.53,1506.74,1507.33,1508.99,1511.61,1514.81,1518.36,1522.30,1526.76,1530.89,1534.31,1537.00,1539.44,1540.92,1541.55,1541.38,1540.30,1538.81,1536.63,1534.33,1532.56,1532.24,1534.27,1536.95,1539.21,1540.07,1539.70,1538.24,1536.12,1533.54,1530.62,1527.81,1525.26,1522.94,1520.47,1517.37,1513.89,1510.32,1506.96,1503.85,1501.52,1500.38,1501.72,1507.89,1514.46,1519.62,1523.19,1525.89,1528.61,1532.84,1537.87,1542.45,1545.77,1548.32,1550.28,1551.59,1552.30,1552.66,1552.83,1552.84,1552.70,1552.58,1552.37,1553.16,1555.72,1558.83,1562.01,1565.21,1568.56,1572.41,1576.70,1580.49,1583.92,1587.35,1590.93,1594.40,1598.09,1602.68,1609.31,1613.83,1617.86,1622.26,1627.26,1630.83,1633.92,1636.86,1639.33,1640.21,1640.23,1639.75,1638.76,1637.00,1634.81,1632.37,1629.97,1627.87,1625.84,1623.92,1621.98,1619.91,1617.64,1614.87,1611.74,1608.18,1604.51,1605.26,1609.03,1613.56,1617.48,1621.07,1624.62,1628.09,1631.44,1634.68,1638.08,1641.74,1645.54,1649.32,1652.65,1655.63,1658.43,1661.09,1663.37,1665.53,1667.54,1669.45,1671.30,1673.06,1674.59,1675.91,1676.92,1677.44,1677.51,1676.73,1675.25,1674.01,1672.66,1671.91,1672.45,1675.09,1678.39,1681.98,1685.59,1689.15,1692.91,1696.87,1700.33,1703.17,1705.53,1707.66,1709.27,1710.51,1711.46,1712.10,1712.31,1712.19,1711.81,1711.34,1710.62,1709.65
1431.02,1434.43,1438.10,1442.76,1448.00,1452.68,1456.41,1460.01,1463.12,1466.09,1469.16,1472.50,1476.01,1479.45,1482.66,1485.60,1488.55,1491.72,1495.18,1498.78,1502.03,1504.91,1507.53,1509.88,1511.89,1513.85,1515.66,1517.41,1519.09,1520.65,1522.09,1523.28,1524.20,1524.86,1525.08,1524.87,1524.54,1524.30,1523.81,1523.34,1522.97,1522.74,1522.74,1522.84,1522.84,1522.74,1522.65,1522.56,1522.87,1523.30,1523.66,1524.01,1524.12,1524.24,1524.30,1523.94,1523.23,1522.19,1520.76,1518.73,1516.00,1513.12,1510.25,1507.35,1504.30,1501.42,1499.09,1497.21,1495.55,1493.74,1491.49,1489.46,1488.27,1488.39,1488.55,1487.76,1486.05,1483.97,1481.50,1479.18,1477.70,1477.65,1478.15,1479.43,1481.35,1483.87,1486.98,1489.75,1492.15,1494.49,1497.30,1500.71,1504.01,1506.80,1508.79,1510.10,1510.86,1511.24,1511.55,1512.33,1513.97,1516.62,1520.14,1524.48,1528.90,1532.97,1536.57,1539.63,1542.24,1544.03,1544.98,1545.05,1543.97,1542.39,1540.24,1538.12,1536.56,1536.07,1537.76,1540.33,1542.74,1543.80,1543.71,1542.33,1540.13,1537.46,1534.40,1531.19,1528.27,1525.73,1523.22,1520.76,1517.44,1513.38,1509.27,1506.13,1503.82,1503.00,1504.87,1510.62,1516.77,1521.54,1524.79,1527.48,1530.99,1535.86,1540.92,1544.86,1548.27,1550.77,1552.78,1554.32,1555.05,1555.57,1555.82,1555.85,1555.73,1555.44,1555.14,1555.49,1557.12,1559.89,1563.09,1566.41,1570.03,1574.52,1578.85,1582.34,1585.38,1588.55,1592.02,1595.32,1599.16,1604.08,1610.11,1614.23,1618.13,1622.53,1627.40,1630.86,1633.51,1636.00,1638.21,1638.38,1637.89,1636.76,1635.07,1633.17,1631.03,1628.69,1626.40,1624.46,1622.71,1620.34,1617.46,1614.54,1612.72,1610.86,1608.22,1604.88,1601.81,1602.28,1606.45,1611.48,1615.36,1618.90,1622.43,1626.03,1629.60,1633.01,1636.38,1639.99,1643.79,1647.52,1650.94,1653.94,1656.69,1659.25,1661.60,1663.66,1665.58,1667.46,1669.34,1670.99,1672.38,1673.55,1674.39,1674.63,1674.27,1672.94,1670.98,1669.79,1668.72,1668.60,1669.68,1672.32,1676.16,1680.04,1683.66,1687.04,1690.43,1694.26,1697.84,1700.85,1703.14,1705.02,1706.47,1707.66,1708.74,1709.86,1710.23,1709.90,1709.16,1708.69,1707.70,1706.57
1431.22,1434.84,1438.75,1443.95,1449.00,1453.27,1456.67,1460.02,1463.13,1466.17,1469.30,1472.68,1476.26,1479.70,1482.91,1485.84,1488.75,1491.76,1494.98,1498.29,1501.30,1503.93,1506.39,1508.66,1510.62,1512.47,1514.20,1515.86,1517.47,1519.05,1520.48,1521.69,1522.69,1523.47,1523.81,1523.71,1523.52,1523.42,1523.12,1522.74,1522.37,1522.10,1522.10,1522.23,1522.28,1522.24,1522.18,1522.13,1522.50,1523.03,1523.51,1523.97,1524.30,1524.63,1524.89,1524.78,1524.39,1523.69,1522.62,1520.97,1518.69,1516.10,1513.38,1510.56,1507.63,1504.55,1501.85,1499.53,1497.51,1495.58,1493.42,1491.43,1490.21,1490.51,1491.24,1490.86,1489.33,1487.38,1485.38,1483.56,1482.37,1482.28,1482.73,1483.86,1485.57,1487.82,1490.41,1492.53,1494.40,1496.44,1499.35,1503.42,1507.01,1509.96,1512.23,1513.81,1514.72,1515.19,1515.41,1515.72,1516.70,1519.16,1522.77,1527.13,1531.36,1535.42,1539.10,1542.32,1545.11,1547.18,1548.38,1548.67,1547.77,1546.17,1544.07,1541.96,1540.34,1539.93,1541.41,1543.78,1546.13,1547.30,1547.44,1546.08,1543.76,1540.95,1537.88,1534.58,1531.41,1528.52,1525.86,1523.52,1520.61,1516.96,1512.71,1508.86,1506.23,1505.63,1508.00,1513.16,1518.69,1523.18,1526.49,1529.37,1533.36,1538.25,1543.09,1546.96,1550.28,1552.88,1555.09,1556.84,1557.73,1558.44,1558.84,1558.96,1558.82,1558.47,1558.12,1558.14,1559.07,1561.49,1564.59,1568.19,1572.35,1577.10,1580.85,1583.91,1586.76,1589.75,1592.98,1596.12,1600.17,1605.47,1610.92,1614.76,1618.53,1622.81,1627.53,1630.89,1633.34,1635.23,1636.33,1635.73,1634.79,1633.25,1631.14,1628.98,1626.77,1624.48,1622.16,1619.85,1617.34,1614.59,1611.75,1609.24,1608.00,1607.15,1605.30,1602.40,1599.42,1599.70,1603.49,1608.52,1613.02,1616.63,1620.07,1623.62,1627.30,1630.98,1634.53,1638.15,1641.83,1645.46,1648.92,1651.98,1654.74,1657.26,1659.61,1661.66,1663.56,1665.39,1667.14,1668.69,1670.02,1671.06,1671.65,1671.71,1670.82,1669.14,1667.10,1665.76,1664.86,1665.19,1666.70,1669.36,1673.14,1677.32,1681.30,1684.82,1688.10,1691.72,1695.14,1698.08,1700.27,1701.94,1703.07,1703.88,1704.57,1705.39,1705.68,1705.48,1705.00,1704.76,1704.15,1703.35
1431.89,1435.72,1439.93,1445.63,1450.28,1453.99,1457.10,1460.20,1463.29,1466.37,1469.54,1472.97,1476.57,1479.97,1483.11,1486.06,1488.97,1491.98,1494.99,1497.89,1500.52,1502.91,1505.20,1507.36,1509.23,1510.94,1512.61,1514.19,1515.67,1517.17,1518.56,1519.73,1520.72,1521.57,1522.06,1522.21,1522.26,1522.33,1522.31,1522.08,1521.75,1521.47,1521.47,1521.60,1521.71,1521.74,1521.68,1521.68,1522.07,1522.59,1523.09,1523.59,1524.12,1524.70,1525.18,1525.32,1525.30,1524.96,1524.14,1522.71,1521.07,1518.88,1516.36,1513.65,1510.89,1507.94,1505.01,1502.22,1499.72,1497.59,1495.64,1493.80,1492.46,1492.85,1494.19,1494.31,1493.03,1491.30,1489.64,1488.14,1487.16,1487.14,1487.67,1488.71,1490.12,1491.83,1493.77,1495.28,1496.77,1498.69,1501.71,1506.38,1510.09,1513.08,1515.62,1517.48,1518.55,1519.19,1519.56,1519.71,1520.28,1522.57,1526.04,1530.05,1533.96,1537.96,1541.66,1544.93,1547.94,1550.31,1551.77,1552.31,1551.70,1550.08,1547.95,1545.75,1543.97,1543.77,1545.18,1547.35,1549.53,1550.64,1550.84,1549.44,1547.02,1544.13,1541.13,1537.92,1534.61,1531.38,1528.51,1526.05,1523.59,1520.67,1516.64,1511.94,1508.86,1508.37,1511.04,1515.60,1520.42,1524.68,1528.23,1531.39,1535.63,1540.23,1544.76,1548.80,1551.99,1554.78,1557.24,1559.17,1560.32,1561.24,1561.87,1562.16,1562.05,1561.72,1561.36,1561.17,1561.59,1563.59,1566.54,1570.46,1575.15,1579.76,1582.72,1585.37,1588.11,1590.95,1593.90,1596.92,1601.19,1606.82,1611.68,1615.32,1618.97,1623.10,1627.72,1630.94,1633.20,1634.35,1634.01,1632.64,1631.18,1629.32,1626.99,1624.58,1622.25,1619.96,1617.54,1614.67,1611.07,1608.04,1605.70,1604.13,1603.50,1603.53,1602.55,1600.21,1597.09,1597.31,1600.39,1605.11,1610.40,1614.26,1617.64,1621.09,1624.82,1628.82,1632.64,1636.26,1639.77,1643.22,1646.67,1649.82,1652.64,1655.15,1657.46,1659.54,1661.45,1663.23,1664.78,1666.27,1667.56,1668.46,1668.77,1668.68,1667.27,1665.33,1663.36,1661.80,1661.00,1661.67,1663.52,1666.21,1669.65,1674.10,1678.56,1682.43,1685.78,1689.17,1692.35,1695.12,1697.24,1698.73,1699.46,1699.73,1699.80,1699.98,1700.13,1700.20,1700.23,1700.33,1700.40,1700.16
1433.49,1437.31,1441.97,1447.59,1451.54,1454.69,1457.69,1460.68,1463.75,1466.84,1470.02,1473.45,1476.78,1479.82,1482.79,1485.84,1488.98,1491.86,1494.69,1497.47,1499.90,1502.23,1504.31,1506.16,1507.86,1509.33,1510.78,1512.21,1513.61,1514.89,1516.07,1517.18,1518.30,1519.41,1520.21,1520.70,1521.01,1521.21,1521.27,1521.20,1521.01,1520.79,1520.80,1520.96,1521.12,1521.20,1521.18,1521.23,1521.63,1522.08,1522.47,1523.06,1523.48,1524.24,1525.13,1525.40,1525.81,1525.69,1525.11,1524.17,1522.84,1521.08,1519.00,1516.63,1513.88,1510.99,1508.10,1505.28,1502.63,1500.14,1498.07,1496.24,1494.96,1495.52,1497.10,1497.92,1497.65,1496.57,1494.81,1492.72,1491.28,1491.26,1491.38,1492.08,1493.35,1495.09,1496.93,1498.43,1499.89,1501.85,1505.09,1509.49,1513.15,1516.23,1518.97,1521.40,1523.31,1524.84,1525.98,1526.54,1527.11,1528.34,1530.32,1533.10,1536.41,1540.06,1543.63,1547.01,1550.39,1553.19,1555.16,1556.18,1555.89,1554.16,1551.63,1549.11,1547.38,1547.51,1549.11,1551.32,1553.30,1553.76,1553.26,1551.70,1549.48,1546.85,1543.92,1540.92,1537.80,1534.58,1531.51,1529.10,1526.63,1523.72,1520.02,1515.64,1512.41,1511.51,1513.75,1517.92,1522.19,1526.22,1529.92,1533.32,1537.38,1541.78,1546.19,1550.20,1553.52,1556.54,1559.14,1561.16,1562.62,1563.87,1564.84,1565.51,1565.79,1565.64,1565.44,1565.31,1565.49,1566.76,1569.55,1573.60,1578.17,1581.66,1584.35,1586.89,1589.46,1592.11,1594.96,1598.01,1602.39,1607.99,1612.18,1615.66,1619.32,1623.50,1628.18,1631.07,1632.52,1632.72,1631.55,1629.47,1627.14,1624.75,1622.36,1620.08,1617.73,1615.31,1612.74,1609.78,1606.13,1603.16,1600.97,1599.70,1599.48,1599.65,1599.09,1597.29,1594.31,1594.87,1597.62,1601.80,1606.98,1611.68,1615.29,1618.78,1622.61,1626.93,1630.90,1634.43,1637.67,1640.83,1644.18,1647.43,1650.37,1652.86,1655.13,1657.19,1659.09,1660.83,1662.36,1663.80,1664.92,1665.62,1665.71,1665.35,1663.69,1661.54,1659.37,1657.63,1656.92,1657.78,1659.84,1662.65,1665.84,1670.29,1675.05,1679.44,1683.17,1686.51,1689.62,1692.45,1694.69,1695.97,1696.37,1696.20,1695.74,1695.66,1695.93,1696.17,1696.34,1696.81,1697.33,1697.48
1435.19,1439.01,1443.95,1449.20,1452.67,1455.52,1458.41,1461.33,1464.31,1467.35,1470.48,1473.76,1476.86,1479.76,1482.69,1485.84,1489.08,1491.77,1494.37,1496.95,1499.22,1501.43,1503.29,1504.80,1506.03,1507.20,1508.42,1509.75,1511.14,1512.37,1513.40,1514.50,1515.73,1517.03,1518.15,1518.97,1519.54,1519.89,1520.03,1520.06,1519.98,1519.85,1519.86,1520.11,1520.38,1520.58,1520.65,1520.70,1521.00,1521.30,1521.56,1522.10,1522.52,1523.44,1524.61,1525.21,1525.87,1526.11,1525.93,1525.34,1524.30,1522.91,1521.21,1519.14,1516.53,1513.72,1510.89,1508.13,1505.49,1502.84,1500.59,1498.64,1497.35,1497.81,1499.38,1500.71,1501.25,1500.65,1499.15,1496.99,1495.29,1494.92,1494.66,1495.12,1496.34,1498.21,1500.21,1501.79,1503.32,1505.36,1508.66,1512.63,1516.21,1519.44,1522.44,1525.35,1527.89,1530.06,1531.71,1532.57,1533.13,1533.60,1534.47,1536.29,1538.93,1542.14,1545.53,1549.00,1552.65,1555.90,1558.30,1559.68,1559.67,1558.07,1555.47,1552.89,1551.28,1551.67,1553.35,1555.33,1556.82,1556.72,1555.71,1554.03,1551.86,1549.22,1546.32,1543.53,1540.68,1537.70,1534.62,1532.20,1529.67,1526.76,1523.32,1519.32,1516.15,1514.93,1516.57,1520.41,1524.37,1528.10,1531.55,1534.84,1538.77,1543.10,1547.45,1551.38,1554.82,1557.98,1560.67,1562.78,1564.54,1566.13,1567.45,1568.49,1569.16,1569.32,1569.29,1569.22,1569.38,1570.41,1573.08,1576.81,1580.75,1583.47,1586.03,1588.47,1590.91,1593.44,1596.16,1599.25,1603.52,1608.73,1612.49,1615.86,1619.48,1623.60,1628.05,1630.52,1631.11,1630.33,1628.38,1625.77,1622.91,1620.26,1617.93,1615.76,1613.45,1610.98,1608.30,1605.25,1601.63,1598.78,1596.68,1595.47,1595.38,1595.51,1595.21,1593.89,1591.21,1592.21,1594.98,1598.77,1603.55,1608.93,1612.99,1616.88,1621.12,1625.48,1629.28,1632.56,1635.56,1638.51,1641.69,1644.93,1647.91,1650.44,1652.70,1654.71,1656.55,1658.24,1659.78,1661.16,1662.16,1662.70,1662.60,1661.83,1659.89,1657.53,1655.26,1653.54,1652.97,1653.92,1656.04,1658.92,1661.93,1666.20,1671.07,1675.90,1680.05,1683.62,1686.82,1689.72,1692.08,1693.21,1693.33,1692.75,1691.77,1691.37,1691.79,1692.39,1693.00,1693.79,1694.53,1694.89
1436.82,1440.69,1445.75,1450.35,1453.65,1456.48,1459.30,1462.15,1464.98,1467.92,1470.91,1473.86,1476.87,1479.89,1482.98,1486.17,1489.28,1491.75,1494.05,1496.32,1498.42,1500.40,1502.05,1503.18,1503.64,1504.41,1505.43,1506.71,1508.20,1509.55,1510.61,1511.76,1513.08,1514.44,1515.88,1517.00,1517.81,1518.34,1518.57,1518.62,1518.60,1518.58,1518.61,1518.96,1519.43,1519.82,1519.99,1520.02,1520.08,1520.16,1520.29,1520.60,1521.24,1522.29,1523.58,1524.71,1525.44,1526.20,1526.60,1526.16,1525.43,1524.34,1522.89,1521.06,1518.80,1516.07,1513.30,1510.65,1508.15,1505.65,1503.17,1501.00,1499.58,1499.58,1500.88,1502.42,1503.42,1503.03,1502.30,1500.84,1499.24,1498.14,1497.60,1498.01,1499.29,1501.33,1503.70,1505.36,1507.04,1509.21,1512.32,1515.82,1519.29,1522.72,1526.08,1529.27,1532.10,1534.44,1536.21,1537.17,1537.68,1537.89,1538.37,1539.70,1541.60,1544.27,1547.43,1551.00,1554.81,1558.44,1561.10,1562.64,1562.86,1561.70,1559.53,1557.27,1555.85,1556.35,1557.88,1559.28,1559.97,1559.51,1558.36,1556.61,1554.27,1551.28,1548.34,1545.70,1543.19,1540.62,1537.76,1535.24,1532.68,1529.85,1526.53,1522.84,1519.96,1518.62,1519.63,1523.18,1527.05,1530.36,1533.10,1535.89,1539.80,1544.19,1548.51,1552.33,1555.83,1559.01,1561.74,1564.00,1566.04,1567.94,1569.60,1570.96,1571.94,1572.55,1572.67,1572.67,1572.99,1574.43,1577.01,1579.94,1582.82,1585.34,1587.81,1590.14,1592.49,1595.02,1597.54,1600.63,1604.53,1608.98,1612.63,1615.90,1619.41,1623.27,1627.09,1629.04,1628.81,1627.10,1624.36,1621.43,1618.54,1616.00,1613.83,1611.72,1609.49,1607.05,1604.30,1601.09,1597.45,1594.71,1592.66,1591.30,1591.03,1591.03,1590.89,1589.96,1587.74,1589.24,1592.39,1596.10,1600.28,1606.03,1610.71,1615.45,1620.42,1624.52,1627.76,1630.63,1633.42,1636.31,1639.27,1642.35,1645.27,1647.88,1650.18,1652.10,1653.81,1655.43,1657.00,1658.29,1659.22,1659.69,1659.40,1658.09,1655.80,1653.30,1651.05,1649.62,1649.27,1650.22,1652.23,1655.07,1657.97,1661.94,1666.68,1671.79,1676.35,1680.40,1683.89,1686.87,1689.30,1690.35,1690.23,1689.23,1687.70,1686.94,1687.46,1688.67,1690.13,1691.16,1691.89,1692.29
1438.09,1442.22,1447.50,1451.51,1454.72,1457.62,1460.41,1463.26,1466.06,1468.92,1471.84,1474.71,1477.70,1480.52,1483.35,1486.35,1489.34,1491.61,1493.70,1495.81,1497.70,1499.19,1500.34,1501.03,1501.13,1501.43,1502.13,1503.27,1504.78,1506.14,1507.61,1509.21,1510.92,1512.69,1514.23,1515.38,1516.26,1516.90,1517.06,1517.09,1517.07,1517.03,1517.02,1517.36,1517.81,1518.13,1518.16,1518.16,1518.16,1518.21,1518.39,1518.84,1519.86,1521.13,1522.48,1523.76,1524.79,1525.76,1526.44,1526.50,1526.00,1525.19,1524.10,1522.62,1520.61,1518.20,1515.63,1513.05,1510.58,1508.11,1505.67,1503.56,1502.07,1501.32,1502.09,1503.63,1505.15,1505.49,1505.14,1503.97,1502.52,1501.38,1500.86,1501.30,1502.74,1505.02,1507.46,1509.32,1511.18,1513.47,1516.54,1519.64,1522.84,1526.15,1529.58,1532.93,1535.93,1538.55,1540.67,1541.91,1542.71,1543.07,1543.37,1544.01,1545.12,1546.83,1549.62,1553.50,1557.51,1560.89,1563.43,1565.12,1565.69,1564.93,1563.34,1561.65,1560.55,1560.70,1561.70,1562.60,1562.91,1562.24,1560.93,1559.05,1556.63,1553.66,1550.64,1547.92,1545.41,1542.98,1540.31,1537.73,1535.07,1532.18,1528.92,1525.52,1523.20,1522.37,1523.51,1526.64,1529.62,1532.16,1534.47,1537.18,1540.92,1545.26,1549.50,1553.08,1556.50,1559.67,1562.47,1564.87,1567.13,1569.32,1571.22,1572.82,1574.06,1575.05,1575.52,1575.78,1576.30,1577.87,1580.11,1582.63,1585.22,1587.67,1589.91,1592.00,1594.15,1596.54,1598.93,1602.03,1605.69,1609.59,1612.91,1615.98,1619.12,1622.35,1625.21,1626.35,1625.62,1623.54,1620.46,1617.30,1614.37,1611.88,1609.80,1607.85,1605.66,1603.08,1600.10,1596.70,1593.10,1590.20,1587.76,1585.92,1585.29,1585.59,1585.81,1585.26,1583.69,1585.48,1589.31,1593.64,1597.91,1603.41,1608.38,1613.62,1618.98,1622.98,1625.95,1628.59,1631.25,1634.11,1636.96,1639.85,1642.65,1645.26,1647.47,1649.36,1651.01,1652.46,1653.77,1654.89,1655.63,1655.90,1655.46,1654.06,1651.79,1649.39,1647.38,1646.34,1646.31,1647.41,1649.33,1651.83,1654.81,1658.66,1663.05,1667.69,1672.21,1676.58,1680.52,1683.83,1686.16,1687.12,1686.40,1684.62,1682.56,1681.92,1682.72,1684.20,1685.90,1687.29,1688.28,1688.88
1439.31,1443.76,1449.12,1452.66,1455.79,1458.77,1461.63,1464.49,1467.30,1470.13,1472.99,1475.87,1478.81,1481.39,1483.90,1486.61,1489.35,1491.41,1493.32,1495.22,1496.76,1497.78,1498.46,1498.81,1498.74,1498.67,1499.10,1500.08,1501.49,1502.86,1504.77,1506.86,1509.03,1511.24,1512.81,1513.91,1514.80,1515.46,1515.54,1515.54,1515.48,1515.39,1515.34,1515.63,1515.97,1516.16,1516.01,1515.98,1515.98,1516.06,1516.35,1517.06,1518.45,1519.95,1521.36,1522.67,1523.97,1525.07,1525.96,1526.50,1526.21,1525.74,1525.04,1523.91,1522.08,1520.05,1517.75,1515.31,1512.84,1510.37,1508.11,1506.21,1504.71,1503.31,1503.30,1504.69,1506.74,1507.91,1507.80,1506.87,1505.67,1504.67,1504.27,1504.84,1506.51,1509.09,1511.63,1513.68,1515.69,1518.00,1520.86,1523.58,1526.46,1529.60,1533.01,1536.46,1539.62,1542.53,1544.99,1546.47,1547.53,1548.09,1548.29,1548.36,1548.76,1549.62,1552.05,1556.15,1560.15,1563.21,1565.66,1567.56,1568.54,1568.29,1567.29,1566.19,1565.42,1565.20,1565.56,1565.88,1565.79,1564.87,1563.38,1561.38,1558.98,1556.18,1553.15,1550.23,1547.57,1545.12,1542.57,1539.96,1537.21,1534.25,1531.09,1528.04,1526.36,1526.13,1527.49,1530.10,1532.09,1533.89,1535.88,1538.51,1542.08,1546.31,1550.42,1553.77,1557.06,1560.17,1563.00,1565.56,1568.04,1570.46,1572.59,1574.41,1575.92,1577.22,1578.09,1578.70,1579.38,1580.95,1582.91,1585.19,1587.66,1590.00,1592.01,1593.90,1595.86,1598.10,1600.46,1603.54,1606.93,1610.31,1613.24,1616.07,1618.86,1621.51,1623.59,1623.72,1622.43,1620.05,1616.75,1613.43,1610.41,1607.91,1605.89,1604.05,1601.85,1599.07,1595.82,1592.23,1588.68,1585.53,1582.70,1580.43,1579.51,1580.03,1580.41,1580.10,1579.34,1581.59,1586.29,1591.54,1596.25,1601.41,1606.32,1611.57,1616.89,1620.94,1623.88,1626.44,1629.04,1631.84,1634.62,1637.35,1640.04,1642.62,1644.73,1646.60,1648.16,1649.43,1650.45,1651.27,1651.76,1651.81,1651.14,1649.74,1647.60,1645.46,1643.81,1643.18,1643.53,1644.86,1646.78,1649.02,1652.09,1656.05,1660.25,1664.39,1668.64,1673.07,1677.28,1680.86,1683.06,1683.79,1682.38,1679.80,1677.26,1676.71,1677.63,1679.17,1680.97,1682.69,1684.06,1684.97
1440.66,1445.43,1450.39,1453.71,1456.75,1459.83,1462.93,1465.86,1468.71,1471.56,1474.43,1477.33,1480.07,1482.58,1484.96,1487.27,1489.33,1491.18,1492.88,1494.30,1495.09,1495.89,1496.50,1496.82,1496.80,1496.73,1497.20,1497.99,1499.03,1500.48,1502.56,1505.00,1507.61,1510.06,1511.55,1512.63,1513.46,1513.93,1514.03,1514.00,1513.90,1513.77,1513.66,1513.85,1514.05,1514.09,1513.89,1513.82,1513.80,1513.94,1514.42,1515.49,1517.03,1518.68,1520.23,1521.54,1522.80,1524.08,1525.19,1525.86,1525.84,1525.84,1525.56,1524.66,1522.91,1521.20,1519.32,1517.19,1514.77,1512.31,1510.45,1508.95,1507.57,1506.11,1504.81,1505.70,1508.28,1510.12,1510.20,1509.71,1508.97,1508.12,1507.90,1508.77,1510.84,1513.90,1516.84,1518.97,1520.95,1522.99,1525.09,1527.37,1529.97,1532.96,1536.38,1539.84,1543.18,1546.34,1548.95,1550.35,1551.31,1551.87,1552.09,1552.05,1552.10,1552.78,1555.03,1558.76,1562.16,1565.21,1567.97,1570.29,1571.72,1572.35,1571.88,1571.18,1570.78,1570.38,1570.10,1569.55,1568.64,1567.34,1565.54,1563.50,1561.31,1558.89,1555.99,1552.80,1549.75,1547.00,1544.38,1541.81,1539.08,1536.19,1533.31,1530.79,1529.75,1529.91,1531.12,1533.05,1534.36,1535.75,1537.54,1539.82,1543.28,1547.34,1551.23,1554.39,1557.54,1560.46,1563.26,1566.00,1568.79,1571.32,1573.63,1575.74,1577.52,1578.99,1580.30,1581.29,1582.02,1583.44,1585.46,1587.71,1589.94,1591.94,1593.88,1595.77,1597.69,1599.84,1602.44,1605.34,1608.30,1611.13,1613.63,1616.22,1618.87,1621.48,1623.51,1622.30,1619.97,1617.05,1613.58,1610.19,1606.94,1604.31,1602.32,1600.37,1597.99,1594.97,1591.46,1587.71,1584.18,1580.79,1577.84,1575.69,1574.74,1574.88,1574.69,1574.17,1574.56,1577.96,1583.88,1590.35,1595.99,1601.10,1605.14,1609.12,1613.42,1617.87,1621.31,1624.14,1626.72,1629.31,1632.06,1634.79,1637.47,1640.00,1642.11,1643.87,1645.25,1646.34,1647.17,1647.43,1647.62,1647.39,1646.32,1644.83,1642.87,1641.16,1640.08,1639.90,1640.68,1642.32,1644.52,1647.08,1650.02,1654.65,1659.45,1663.50,1667.17,1670.99,1674.80,1678.24,1680.36,1680.44,1678.39,1675.30,1672.38,1671.44,1671.80,1673.06,1674.98,1676.96,1678.81,1680.19
1442.07,1447.09,1451.53,1454.72,1457.74,1460.89,1464.16,1467.17,1470.03,1472.86,1475.72,1478.61,1480.94,1483.16,1485.34,1487.37,1489.04,1490.61,1491.98,1492.97,1493.41,1494.02,1494.52,1494.80,1494.83,1494.79,1495.28,1495.95,1496.77,1498.26,1500.41,1502.95,1505.64,1508.19,1510.05,1511.28,1512.05,1512.42,1512.50,1512.43,1512.30,1512.14,1512.01,1512.07,1512.08,1511.97,1511.68,1511.45,1511.47,1511.79,1512.52,1513.76,1515.32,1517.02,1518.73,1520.24,1521.62,1522.94,1524.18,1525.19,1525.68,1525.82,1525.60,1524.87,1523.40,1521.95,1520.40,1518.59,1516.36,1514.34,1512.77,1511.36,1509.93,1508.51,1506.75,1506.88,1508.90,1511.22,1512.21,1512.23,1511.77,1511.37,1512.18,1513.68,1515.93,1518.79,1521.56,1523.87,1525.89,1527.74,1529.49,1531.31,1533.53,1536.24,1539.46,1542.87,1546.24,1549.34,1551.88,1553.44,1554.51,1555.14,1555.42,1555.37,1555.27,1555.90,1557.93,1561.23,1564.40,1567.44,1570.26,1572.78,1574.75,1576.15,1576.48,1576.36,1576.20,1575.91,1575.31,1574.08,1572.24,1570.10,1567.74,1565.52,1563.40,1561.19,1558.61,1555.45,1552.23,1549.21,1546.46,1543.95,1541.33,1538.67,1536.33,1534.72,1534.13,1534.30,1535.08,1536.23,1537.06,1538.15,1539.68,1541.65,1544.92,1548.52,1551.88,1554.74,1557.67,1560.52,1563.42,1566.45,1569.44,1572.02,1574.43,1576.76,1578.99,1580.78,1582.39,1583.64,1584.53,1585.91,1587.83,1589.89,1591.93,1593.79,1595.68,1597.60,1599.59,1601.82,1604.42,1607.14,1609.76,1612.17,1614.45,1616.84,1619.37,1621.75,1623.05,1621.09,1617.99,1614.48,1610.70,1606.83,1603.40,1600.75,1598.74,1596.72,1594.42,1591.26,1587.50,1583.55,1579.83,1576.41,1573.39,1570.99,1569.40,1568.97,1568.67,1568.67,1570.36,1575.03,1582.52,1590.18,1596.02,1600.85,1604.41,1607.70,1611.32,1615.64,1618.93,1621.56,1623.99,1626.57,1629.38,1632.14,1634.79,1637.25,1639.39,1641.04,1642.28,1643.15,1643.55,1643.37,1643.05,1642.43,1641.26,1639.88,1638.23,1637.06,1636.69,1637.03,1638.29,1640.26,1642.70,1645.49,1648.70,1653.90,1659.13,1663.15,1666.46,1669.82,1673.31,1676.48,1678.10,1677.73,1675.23,1671.82,1668.77,1667.47,1667.52,1668.46,1670.03,1671.74,1673.42,1674.78
1443.60,1448.72,1452.60,1455.71,1458.74,1461.96,1465.34,1468.44,1471.28,1474.04,1476.85,1479.66,1481.53,1483.38,1485.29,1487.08,1488.49,1489.76,1490.75,1491.39,1491.74,1492.17,1492.53,1492.76,1492.82,1492.84,1493.32,1493.91,1494.60,1496.14,1498.28,1500.73,1503.30,1505.83,1508.18,1509.59,1510.34,1510.67,1510.71,1510.57,1510.37,1510.17,1509.98,1509.87,1509.71,1509.45,1509.09,1508.76,1508.92,1509.51,1510.53,1511.88,1513.43,1515.15,1516.99,1518.78,1520.36,1521.65,1522.94,1524.33,1525.37,1525.51,1525.25,1524.70,1523.66,1522.41,1521.14,1519.64,1517.69,1516.25,1514.86,1513.39,1511.87,1510.51,1508.81,1508.13,1509.01,1511.61,1513.76,1514.42,1514.29,1514.49,1516.60,1518.85,1521.15,1523.55,1525.89,1528.39,1530.46,1532.20,1533.89,1535.32,1537.13,1539.46,1542.36,1545.61,1548.89,1551.79,1554.18,1556.04,1557.36,1558.15,1558.52,1558.51,1558.41,1559.06,1560.84,1563.69,1566.82,1569.84,1572.59,1575.16,1577.62,1579.63,1580.81,1581.33,1581.35,1581.30,1580.58,1578.84,1576.18,1573.07,1570.05,1567.53,1565.33,1563.22,1561.01,1558.08,1554.86,1551.66,1548.78,1546.35,1543.92,1541.64,1540.00,1539.39,1539.11,1539.07,1539.35,1539.74,1540.24,1541.07,1542.28,1543.90,1546.81,1549.77,1552.50,1555.05,1557.72,1560.56,1563.64,1566.94,1570.07,1572.70,1575.17,1577.70,1580.40,1582.59,1584.41,1585.83,1586.92,1588.37,1590.10,1591.94,1593.81,1595.66,1597.53,1599.48,1601.59,1603.96,1606.41,1608.91,1611.24,1613.37,1615.54,1617.79,1620.21,1622.21,1622.33,1619.91,1616.25,1612.21,1608.04,1603.54,1599.91,1597.22,1595.17,1593.04,1590.80,1587.53,1583.56,1579.48,1575.53,1572.19,1569.15,1566.30,1563.81,1562.81,1562.77,1563.76,1566.89,1572.78,1581.74,1590.38,1596.13,1600.64,1603.99,1606.95,1610.11,1613.95,1616.71,1618.93,1621.13,1623.74,1626.62,1629.43,1632.07,1634.46,1636.63,1638.21,1639.31,1639.91,1639.76,1639.19,1638.30,1637.26,1636.13,1634.93,1633.67,1633.13,1633.53,1634.50,1636.23,1638.53,1641.19,1644.20,1647.86,1653.50,1659.00,1663.06,1666.18,1669.24,1672.46,1675.24,1676.12,1675.39,1672.62,1669.06,1665.98,1664.28,1664.15,1664.77,1665.81,1667.03,1668.26,1669.37
1445.57,1450.28,1453.60,1456.66,1459.78,1463.06,1466.43,1469.61,1472.40,1475.02,1477.60,1480.07,1481.82,1483.49,1485.04,1486.33,1487.39,1488.39,1489.19,1489.73,1490.09,1490.37,1490.57,1490.71,1490.78,1490.84,1491.24,1491.73,1492.40,1494.08,1496.09,1498.25,1500.55,1502.99,1504.99,1506.39,1507.24,1507.57,1507.60,1507.29,1506.84,1506.34,1505.84,1505.49,1505.22,1504.96,1504.72,1505.01,1505.66,1506.61,1507.95,1509.72,1511.51,1513.34,1515.21,1517.08,1518.67,1519.96,1521.19,1522.50,1523.59,1524.09,1524.24,1524.14,1523.67,1522.72,1521.61,1520.34,1518.76,1517.26,1515.78,1514.33,1512.98,1511.69,1510.24,1509.21,1509.30,1511.55,1514.01,1515.82,1516.85,1517.49,1519.74,1522.22,1524.74,1527.27,1529.66,1532.00,1534.08,1535.98,1537.81,1539.29,1540.77,1542.61,1545.03,1547.92,1550.93,1553.79,1556.36,1558.40,1560.13,1561.22,1561.79,1561.92,1561.98,1562.57,1564.07,1566.55,1569.53,1572.39,1575.13,1577.75,1580.13,1582.24,1583.68,1584.53,1584.81,1584.80,1584.04,1582.28,1579.60,1576.26,1572.82,1569.78,1567.19,1565.05,1562.85,1560.38,1557.52,1554.39,1551.61,1549.20,1547.15,1545.54,1544.68,1544.41,1544.20,1544.07,1544.13,1544.28,1544.55,1545.05,1545.80,1546.75,1548.64,1550.97,1553.45,1555.93,1558.43,1561.31,1564.44,1567.72,1570.87,1573.67,1576.41,1579.15,1581.88,1584.40,1586.38,1587.92,1589.18,1590.73,1592.45,1594.25,1596.06,1597.92,1599.82,1601.78,1603.87,1606.13,1608.44,1610.57,1612.59,1614.61,1616.77,1618.99,1621.38,1622.88,1621.38,1618.24,1614.35,1610.14,1605.70,1601.05,1596.87,1593.79,1591.61,1589.12,1586.03,1582.43,1578.58,1574.73,1571.09,1567.78,1564.64,1561.56,1558.62,1557.68,1558.35,1560.68,1565.50,1572.17,1580.88,1589.37,1595.73,1600.45,1603.76,1606.62,1609.47,1612.41,1614.78,1616.81,1618.82,1621.13,1623.89,1626.73,1629.47,1631.97,1633.89,1635.51,1636.53,1636.82,1636.10,1635.00,1633.86,1632.66,1631.34,1630.09,1629.27,1629.43,1630.62,1632.42,1634.53,1637.07,1640.02,1643.42,1647.32,1652.88,1658.40,1662.71,1665.87,1668.93,1671.88,1674.14,1674.38,1673.09,1670.41,1667.06,1663.68,1661.23,1660.83,1661.33,1662.24,1663.44,1664.68,1665.82
1447.47,1451.55,1454.52,1457.50,1460.69,1464.07,1467.47,1470.54,1473.16,1475.61,1477.97,1480.18,1481.80,1483.20,1484.37,1485.21,1486.06,1486.88,1487.53,1487.99,1488.29,1488.46,1488.57,1488.65,1488.72,1488.80,1489.13,1489.54,1490.15,1491.64,1493.35,1495.23,1497.31,1499.61,1501.43,1502.78,1503.62,1503.88,1503.92,1503.62,1503.11,1502.50,1501.90,1501.43,1501.13,1500.93,1500.84,1501.53,1502.48,1503.71,1505.35,1507.44,1509.51,1511.50,1513.43,1515.30,1516.88,1518.15,1519.30,1520.46,1521.48,1522.25,1522.77,1523.05,1523.03,1522.59,1521.84,1520.86,1519.57,1518.04,1516.49,1515.06,1513.81,1512.64,1511.41,1510.35,1510.10,1511.93,1514.44,1516.94,1518.91,1520.28,1522.62,1525.20,1527.84,1530.44,1532.91,1535.21,1537.35,1539.37,1541.29,1542.85,1544.22,1545.76,1547.74,1550.25,1552.93,1555.71,1558.42,1560.71,1562.78,1564.25,1565.13,1565.49,1565.78,1566.38,1567.68,1569.87,1572.58,1575.20,1577.81,1580.30,1582.54,1584.64,1586.28,1587.38,1587.87,1587.89,1587.16,1585.54,1582.94,1579.38,1575.68,1572.23,1569.26,1566.93,1564.70,1562.50,1559.96,1557.01,1554.25,1551.95,1550.28,1549.26,1548.97,1548.86,1548.72,1548.58,1548.53,1548.55,1548.63,1548.82,1549.11,1549.61,1550.79,1552.62,1554.84,1557.22,1559.65,1562.49,1565.57,1568.74,1571.90,1574.87,1577.80,1580.68,1583.40,1586.11,1588.26,1589.98,1591.44,1593.02,1594.78,1596.60,1598.44,1600.35,1602.30,1604.28,1606.33,1608.42,1610.36,1612.15,1613.96,1615.89,1618.03,1620.33,1622.19,1622.62,1619.95,1616.26,1612.23,1608.00,1603.47,1598.59,1593.88,1590.30,1587.72,1584.83,1581.23,1577.42,1573.68,1570.17,1566.83,1563.40,1559.93,1556.51,1553.49,1553.58,1555.74,1559.60,1565.54,1572.46,1580.38,1588.20,1594.84,1599.84,1603.13,1605.85,1608.40,1610.71,1612.83,1614.70,1616.47,1618.49,1621.53,1624.45,1627.17,1629.59,1631.32,1632.85,1633.76,1633.77,1632.61,1631.19,1629.83,1628.38,1626.76,1625.35,1624.95,1625.77,1627.75,1630.35,1632.94,1635.78,1638.98,1642.65,1646.83,1652.27,1657.75,1662.32,1665.55,1668.67,1671.40,1673.15,1672.79,1671.04,1668.32,1665.02,1661.41,1658.36,1657.52,1657.73,1658.42,1659.45,1660.84,1662.26
1449.15,1452.44,1455.32,1458.20,1461.44,1464.94,1468.41,1471.15,1473.46,1475.66,1477.87,1479.99,1481.36,1482.39,1483.16,1483.69,1484.50,1485.24,1485.80,1486.14,1486.26,1486.41,1486.51,1486.60,1486.68,1486.75,1487.01,1487.36,1487.83,1488.67,1489.90,1491.55,1493.52,1495.63,1497.62,1498.93,1499.58,1499.70,1499.78,1499.75,1499.51,1499.09,1498.66,1498.26,1498.05,1497.96,1498.03,1498.65,1499.57,1500.93,1502.87,1505.07,1507.38,1509.60,1511.66,1513.50,1515.03,1516.25,1517.32,1518.33,1519.22,1520.06,1520.79,1521.33,1521.57,1521.89,1521.80,1521.19,1520.05,1518.67,1517.17,1515.71,1514.42,1513.42,1512.34,1511.58,1511.57,1513.05,1515.37,1517.86,1520.32,1522.78,1525.36,1527.98,1530.55,1533.04,1535.52,1538.02,1540.32,1542.39,1544.23,1545.87,1547.39,1548.88,1550.49,1552.67,1555.03,1557.63,1560.37,1562.98,1565.31,1567.20,1568.55,1569.25,1569.85,1570.53,1571.77,1573.72,1576.03,1578.38,1580.62,1582.78,1584.88,1586.96,1588.78,1590.10,1590.70,1590.73,1590.15,1588.74,1586.25,1582.38,1578.57,1574.92,1571.62,1568.94,1566.69,1564.47,1562.08,1559.43,1556.55,1554.43,1553.13,1552.51,1552.51,1552.45,1552.41,1552.36,1552.29,1552.23,1552.17,1552.04,1551.95,1552.35,1553.39,1554.91,1556.77,1558.97,1561.44,1564.14,1567.02,1570.09,1573.24,1576.32,1579.31,1582.19,1584.95,1587.67,1590.01,1592.01,1593.69,1595.21,1597.03,1598.95,1600.90,1602.94,1604.96,1606.96,1608.97,1610.88,1612.14,1613.70,1615.40,1617.20,1619.30,1621.74,1622.41,1621.04,1617.92,1613.96,1609.86,1605.71,1601.29,1596.01,1590.91,1586.74,1583.43,1580.11,1576.61,1572.85,1569.19,1566.02,1562.86,1559.08,1554.98,1551.05,1548.52,1550.81,1555.34,1560.86,1567.06,1573.60,1580.35,1587.07,1593.40,1598.62,1601.90,1604.38,1606.59,1608.70,1610.78,1612.49,1613.95,1615.79,1619.60,1622.73,1625.24,1627.31,1628.94,1630.25,1630.94,1630.78,1629.37,1627.90,1626.28,1624.45,1622.44,1620.78,1620.72,1622.18,1624.91,1628.22,1631.45,1634.66,1638.02,1641.83,1646.34,1651.66,1657.11,1661.93,1665.22,1668.42,1670.99,1672.29,1671.35,1669.30,1666.29,1662.78,1659.10,1655.69,1654.21,1653.86,1654.15,1654.73,1656.30,1658.22
1449.99,1453.03,1455.88,1458.70,1461.92,1465.34,1468.67,1471.24,1473.35,1475.31,1477.23,1479.04,1480.34,1481.25,1481.86,1482.27,1482.96,1483.51,1483.90,1484.13,1484.25,1484.37,1484.46,1484.54,1484.62,1484.69,1484.88,1485.16,1485.55,1486.10,1487.16,1488.44,1489.94,1491.91,1493.95,1495.38,1496.15,1496.34,1496.67,1496.88,1496.83,1496.53,1496.15,1495.83,1495.64,1495.56,1495.66,1496.35,1497.14,1498.43,1500.45,1502.86,1505.19,1507.47,1509.67,1511.70,1513.19,1514.35,1515.34,1516.22,1517.07,1517.92,1518.69,1519.45,1520.35,1521.03,1521.26,1521.00,1520.14,1518.96,1517.68,1516.41,1515.26,1514.29,1513.42,1513.01,1513.24,1514.39,1516.43,1519.03,1521.87,1524.79,1527.63,1530.24,1532.75,1535.23,1537.77,1540.57,1543.04,1545.16,1547.06,1548.72,1550.20,1551.60,1553.06,1555.00,1557.24,1559.70,1562.32,1565.04,1567.59,1569.91,1571.82,1573.14,1574.51,1575.58,1576.66,1578.04,1579.94,1581.99,1583.87,1585.63,1587.49,1589.41,1591.23,1592.48,1592.87,1592.99,1592.38,1591.11,1589.03,1585.67,1581.70,1577.85,1574.38,1571.47,1568.83,1566.53,1564.15,1561.50,1558.69,1556.80,1555.74,1555.33,1555.43,1555.49,1555.55,1555.59,1555.54,1555.42,1555.15,1554.82,1554.62,1554.99,1555.94,1557.36,1559.15,1561.31,1563.64,1566.13,1568.89,1571.94,1575.09,1578.16,1581.03,1583.80,1586.64,1589.34,1591.65,1593.70,1595.53,1597.25,1599.23,1601.26,1603.30,1605.45,1607.55,1609.57,1611.53,1613.33,1614.47,1615.59,1616.93,1618.60,1620.60,1622.15,1621.62,1619.13,1615.50,1611.49,1607.39,1603.22,1598.73,1593.36,1588.10,1583.62,1579.89,1576.39,1572.68,1569.15,1565.86,1562.69,1559.08,1554.52,1549.44,1545.38,1546.28,1550.68,1556.09,1561.69,1567.52,1573.90,1580.39,1586.71,1592.47,1596.82,1599.82,1602.10,1603.97,1605.64,1607.49,1609.24,1610.90,1612.86,1616.70,1620.39,1623.26,1625.13,1626.60,1627.66,1628.18,1627.94,1626.49,1624.86,1623.05,1621.03,1618.89,1617.08,1617.24,1619.16,1622.48,1626.39,1630.22,1633.82,1637.36,1641.14,1645.59,1650.61,1656.05,1661.34,1664.70,1667.81,1670.06,1670.89,1669.47,1667.24,1664.27,1660.68,1656.58,1652.71,1650.69,1649.89,1649.90,1650.28,1651.11,1652.62
1450.59,1453.52,1456.35,1459.13,1462.27,1465.51,1468.55,1470.99,1472.92,1474.66,1476.28,1477.75,1478.99,1479.86,1480.42,1480.78,1481.30,1481.65,1481.89,1482.06,1482.21,1482.31,1482.39,1482.47,1482.55,1482.63,1482.76,1482.97,1483.28,1483.68,1484.62,1485.52,1486.54,1488.37,1490.30,1491.88,1492.88,1493.29,1493.88,1494.26,1494.36,1494.19,1493.86,1493.61,1493.42,1493.32,1493.41,1494.12,1494.81,1496.01,1498.10,1500.74,1503.11,1505.41,1507.70,1509.89,1511.34,1512.41,1513.31,1514.09,1514.91,1515.73,1516.49,1517.39,1518.91,1519.83,1520.35,1520.45,1519.86,1518.91,1517.95,1517.03,1516.11,1515.21,1514.63,1514.55,1514.95,1515.77,1517.55,1520.24,1523.36,1526.55,1529.60,1532.24,1534.75,1537.28,1539.97,1543.07,1545.68,1547.83,1549.73,1551.37,1552.77,1554.10,1555.51,1557.26,1559.44,1561.78,1564.25,1567.01,1569.78,1572.48,1574.88,1576.81,1578.82,1580.24,1581.24,1582.19,1583.87,1585.68,1587.24,1588.67,1590.28,1591.97,1593.69,1594.77,1594.92,1595.08,1594.42,1593.24,1591.54,1588.82,1584.87,1580.93,1577.34,1574.21,1571.19,1568.72,1566.26,1563.57,1560.95,1559.32,1558.47,1558.22,1558.47,1558.74,1558.92,1559.02,1558.98,1558.75,1558.21,1557.67,1557.39,1557.73,1558.71,1560.15,1561.92,1564.00,1566.10,1568.48,1571.18,1574.18,1577.22,1580.15,1582.83,1585.46,1588.32,1590.93,1593.19,1595.24,1597.22,1599.19,1601.34,1603.50,1605.65,1607.89,1610.10,1612.18,1614.12,1615.85,1617.01,1617.78,1618.75,1620.21,1621.91,1622.18,1620.42,1617.14,1613.15,1609.06,1604.92,1600.64,1595.99,1590.69,1585.39,1580.69,1576.68,1573.00,1569.05,1565.70,1562.68,1559.35,1555.11,1549.71,1544.01,1540.48,1544.90,1550.99,1556.81,1562.13,1567.48,1573.66,1580.02,1586.05,1591.17,1594.63,1597.26,1599.30,1600.83,1602.09,1603.83,1605.77,1607.76,1609.90,1613.41,1617.57,1620.94,1622.86,1624.21,1625.08,1625.45,1625.17,1623.78,1621.97,1619.95,1617.80,1615.59,1613.67,1613.94,1616.28,1620.26,1624.75,1629.06,1633.01,1636.76,1640.57,1644.82,1649.43,1654.84,1660.58,1663.98,1666.88,1668.76,1669.14,1667.42,1665.07,1662.06,1658.28,1653.69,1649.44,1646.97,1645.84,1645.70,1645.91,1645.81,1646.61
1451.18,1453.99,1456.73,1459.45,1462.44,1465.32,1467.87,1470.10,1471.84,1473.40,1474.86,1476.09,1477.18,1478.03,1478.64,1478.98,1479.21,1479.45,1479.68,1479.88,1480.03,1480.17,1480.27,1480.37,1480.50,1480.58,1480.67,1480.83,1481.09,1481.38,1482.03,1482.69,1483.55,1485.15,1486.62,1488.21,1489.61,1490.50,1491.19,1491.59,1491.76,1491.74,1491.59,1491.37,1491.18,1491.06,1491.09,1491.62,1492.37,1493.67,1495.86,1498.80,1501.39,1503.75,1505.98,1508.03,1509.42,1510.36,1511.13,1511.89,1512.63,1513.32,1514.03,1514.97,1516.53,1517.67,1518.66,1519.18,1518.72,1518.09,1517.66,1517.27,1516.78,1516.22,1516.16,1516.33,1516.62,1517.17,1518.74,1521.33,1524.52,1527.93,1531.08,1533.89,1536.54,1539.26,1542.43,1545.70,1548.34,1550.37,1552.01,1553.53,1554.90,1556.26,1557.73,1559.40,1561.53,1563.77,1566.11,1568.85,1571.86,1574.79,1577.42,1579.57,1581.45,1582.84,1584.07,1585.44,1587.42,1589.21,1590.64,1591.93,1593.37,1594.74,1596.23,1597.14,1597.15,1597.22,1596.57,1595.37,1593.65,1591.18,1587.99,1584.29,1580.54,1577.16,1574.11,1571.25,1568.55,1566.00,1563.70,1562.44,1561.81,1561.75,1562.44,1563.18,1563.51,1563.61,1563.50,1562.97,1562.02,1561.14,1560.65,1560.90,1562.25,1563.90,1565.56,1567.24,1569.08,1571.60,1574.41,1577.24,1579.83,1582.24,1584.65,1587.15,1589.82,1592.20,1594.44,1596.63,1598.80,1600.96,1603.26,1605.59,1607.89,1610.15,1612.52,1614.85,1616.95,1618.59,1619.74,1620.58,1621.40,1622.37,1623.27,1621.81,1618.92,1615.30,1611.33,1606.93,1602.55,1597.97,1593.00,1588.08,1582.82,1578.00,1573.78,1569.76,1565.74,1562.22,1558.91,1555.21,1550.37,1544.30,1539.41,1538.27,1543.79,1550.32,1556.33,1561.68,1566.82,1572.46,1578.27,1583.70,1588.23,1591.63,1593.91,1595.54,1596.77,1597.89,1600.09,1602.51,1604.84,1607.07,1609.76,1613.74,1617.55,1620.21,1621.64,1622.44,1622.72,1622.43,1621.28,1619.35,1617.04,1614.65,1612.36,1610.37,1610.48,1613.31,1618.36,1623.45,1627.96,1632.08,1636.08,1640.22,1644.23,1648.26,1653.44,1659.49,1662.80,1665.32,1666.71,1666.77,1665.15,1662.83,1659.27,1654.78,1649.83,1645.53,1642.83,1641.64,1641.60,1641.59,1640.69,1640.78
1451.59,1454.30,1456.94,1459.53,1462.26,1464.84,1467.09,1468.99,1470.54,1471.92,1473.18,1474.26,1475.18,1475.93,1476.47,1476.72,1476.79,1476.91,1477.10,1477.33,1477.53,1477.68,1477.75,1477.84,1477.98,1478.07,1478.10,1478.17,1478.34,1478.58,1479.09,1479.66,1480.38,1481.62,1482.81,1484.46,1486.12,1487.29,1488.13,1488.57,1488.66,1488.53,1488.40,1487.94,1487.61,1487.50,1487.70,1488.32,1489.34,1490.90,1493.23,1496.35,1499.38,1502.03,1504.29,1506.16,1507.49,1508.38,1509.06,1509.70,1510.29,1510.87,1511.52,1512.38,1513.73,1514.93,1516.12,1516.95,1516.87,1516.64,1516.52,1516.38,1516.22,1516.31,1516.84,1517.39,1517.88,1518.47,1520.13,1522.74,1525.88,1529.20,1532.38,1535.34,1538.26,1541.32,1544.84,1548.09,1550.65,1552.63,1554.21,1555.67,1557.02,1558.33,1559.71,1561.30,1563.38,1565.60,1567.95,1570.78,1573.91,1576.88,1579.47,1581.50,1583.31,1584.81,1586.33,1588.07,1590.08,1591.84,1593.31,1594.74,1596.38,1597.55,1598.55,1599.11,1599.07,1599.07,1598.54,1597.41,1595.70,1593.40,1590.65,1587.35,1583.78,1580.31,1577.14,1574.12,1571.30,1568.78,1566.80,1565.92,1565.70,1566.04,1567.07,1568.14,1568.64,1568.72,1568.44,1567.71,1566.61,1565.51,1564.69,1564.69,1566.15,1567.86,1569.42,1570.85,1572.69,1575.19,1577.76,1580.09,1582.24,1584.39,1586.61,1588.89,1591.26,1593.53,1595.73,1597.94,1600.23,1602.61,1605.05,1607.46,1609.80,1612.10,1614.64,1617.18,1619.50,1621.35,1622.70,1623.70,1624.42,1624.77,1624.38,1621.84,1618.30,1614.42,1610.37,1605.29,1600.46,1595.70,1590.68,1585.53,1580.20,1575.32,1570.90,1566.39,1562.34,1558.86,1555.50,1551.47,1545.92,1539.31,1535.16,1536.01,1542.22,1548.81,1554.73,1559.99,1564.96,1570.00,1575.14,1579.90,1583.75,1586.87,1589.17,1590.93,1592.30,1593.62,1596.18,1599.05,1601.77,1604.16,1606.61,1610.06,1613.57,1616.38,1618.05,1619.02,1619.35,1619.06,1617.93,1615.93,1613.64,1611.35,1609.27,1607.45,1607.88,1611.04,1616.45,1622.13,1626.80,1631.09,1635.36,1639.72,1643.63,1647.34,1652.10,1657.85,1661.48,1663.86,1664.84,1664.48,1662.79,1660.01,1655.92,1651.10,1646.04,1641.37,1637.54,1635.20,1634.51,1634.69,1634.19,1634.40
1451.82,1454.46,1456.99,1459.41,1461.83,1464.15,1466.21,1467.75,1469.10,1470.28,1471.34,1472.31,1473.05,1473.64,1474.04,1474.16,1474.18,1474.20,1474.31,1474.55,1474.83,1474.95,1474.99,1475.04,1475.18,1475.25,1475.22,1475.18,1475.23,1475.45,1475.91,1476.44,1477.04,1477.88,1478.88,1480.57,1482.39,1483.76,1484.83,1485.29,1485.24,1484.87,1484.61,1483.79,1483.24,1483.18,1483.67,1484.56,1485.98,1487.89,1490.37,1493.51,1497.03,1500.11,1502.55,1504.27,1505.57,1506.44,1507.05,1507.50,1507.91,1508.40,1508.99,1509.71,1510.74,1511.87,1513.09,1514.12,1514.54,1514.82,1514.84,1514.78,1514.93,1515.79,1516.84,1517.82,1518.67,1519.56,1521.53,1524.25,1527.28,1530.36,1533.53,1536.63,1539.86,1543.34,1547.09,1550.20,1552.68,1554.69,1556.36,1557.78,1559.11,1560.33,1561.52,1563.05,1565.07,1567.32,1569.79,1572.74,1575.92,1578.77,1581.10,1582.85,1584.62,1586.31,1588.14,1590.13,1592.00,1593.74,1595.35,1597.06,1599.03,1600.07,1600.55,1600.72,1600.70,1600.63,1600.28,1599.30,1597.66,1595.49,1592.97,1590.09,1586.92,1583.51,1580.23,1577.24,1574.43,1571.92,1570.22,1569.67,1569.93,1570.77,1572.09,1573.34,1573.97,1574.01,1573.49,1572.64,1571.52,1570.26,1569.14,1568.84,1570.17,1571.82,1573.32,1574.65,1576.57,1578.89,1580.99,1582.71,1584.49,1586.56,1588.60,1590.59,1592.62,1594.82,1596.97,1599.16,1601.54,1604.12,1606.69,1609.13,1611.47,1613.82,1616.49,1619.19,1621.75,1623.96,1625.69,1626.87,1627.49,1627.25,1625.56,1622.35,1618.41,1614.28,1610.09,1604.18,1598.76,1593.78,1588.77,1583.03,1577.57,1572.63,1568.02,1563.10,1559.08,1555.78,1552.45,1548.05,1541.77,1534.72,1531.16,1533.51,1540.18,1546.59,1552.21,1557.26,1562.07,1566.62,1571.13,1575.19,1578.42,1581.13,1583.61,1585.71,1587.45,1589.19,1592.03,1595.31,1598.48,1601.13,1603.67,1606.42,1609.22,1611.79,1613.75,1614.99,1615.46,1615.18,1613.95,1611.99,1609.88,1607.89,1606.16,1604.70,1605.72,1609.15,1614.58,1620.72,1625.55,1630.04,1634.56,1639.09,1642.99,1646.57,1650.80,1655.86,1659.98,1662.38,1663.01,1662.18,1660.23,1656.77,1652.24,1647.32,1642.33,1637.18,1631.77,1627.76,1626.00,1626.52,1627.07,1627.91
1451.75,1454.26,1456.72,1459.00,1461.25,1463.30,1465.03,1466.46,1467.63,1468.57,1469.39,1470.27,1470.91,1471.34,1471.56,1471.57,1471.57,1471.53,1471.60,1471.81,1472.10,1472.22,1472.27,1472.32,1472.38,1472.41,1472.29,1472.17,1472.15,1472.24,1472.57,1472.99,1473.49,1474.12,1474.76,1476.16,1478.03,1479.92,1481.43,1481.87,1481.72,1481.28,1480.71,1479.74,1479.20,1479.21,1479.83,1481.04,1482.82,1485.00,1487.52,1490.35,1493.75,1497.32,1500.50,1502.45,1503.68,1504.48,1504.99,1505.26,1505.56,1505.96,1506.49,1507.17,1508.08,1509.12,1510.21,1511.25,1512.10,1512.96,1513.15,1513.32,1513.93,1515.00,1516.14,1517.21,1518.28,1519.77,1522.18,1525.05,1528.09,1531.23,1534.47,1537.68,1541.13,1544.89,1548.68,1551.71,1554.33,1556.62,1558.40,1559.76,1561.00,1562.16,1563.31,1564.75,1566.64,1568.95,1571.61,1574.61,1577.73,1580.18,1582.13,1583.84,1585.61,1587.29,1589.10,1591.05,1592.87,1594.66,1596.45,1598.23,1599.88,1600.89,1601.54,1601.85,1601.79,1601.70,1601.27,1600.52,1599.33,1597.35,1594.82,1592.19,1589.38,1586.27,1583.22,1580.49,1578.00,1575.83,1574.19,1573.71,1574.20,1575.38,1576.95,1578.06,1578.58,1578.51,1577.81,1576.70,1575.36,1574.06,1573.06,1572.82,1573.64,1575.08,1576.66,1578.11,1579.77,1581.58,1583.30,1584.92,1586.71,1588.61,1590.30,1591.86,1593.54,1595.66,1597.84,1600.13,1602.63,1605.29,1607.98,1610.56,1613.00,1615.38,1617.94,1620.63,1623.32,1625.82,1628.07,1629.19,1629.60,1629.35,1628.09,1624.07,1619.35,1614.83,1610.58,1604.49,1598.28,1592.40,1586.79,1580.61,1574.92,1569.82,1565.15,1560.61,1557.01,1553.85,1550.17,1544.87,1538.24,1531.01,1527.46,1530.02,1537.03,1543.17,1548.31,1552.91,1557.58,1562.53,1566.83,1570.51,1573.63,1576.17,1578.26,1580.05,1581.77,1583.96,1587.12,1590.80,1594.47,1597.58,1600.07,1602.40,1604.77,1607.13,1609.08,1610.35,1610.86,1610.64,1609.56,1607.93,1606.01,1604.02,1602.31,1601.48,1602.93,1606.91,1612.91,1619.01,1624.01,1628.72,1633.48,1638.19,1642.18,1645.70,1649.51,1653.83,1657.82,1660.23,1660.62,1659.33,1656.93,1653.23,1648.57,1643.61,1638.75,1633.57,1627.48,1622.73,1620.42,1620.52,1621.45,1622.89
1451.51,1453.86,1456.18,1458.33,1460.45,1462.31,1463.77,1465.06,1466.05,1466.77,1467.41,1468.16,1468.63,1468.92,1469.02,1468.96,1468.95,1468.89,1468.92,1469.11,1469.38,1469.49,1469.57,1469.62,1469.62,1469.62,1469.45,1469.23,1469.06,1469.03,1469.15,1469.43,1469.82,1470.28,1470.69,1471.76,1473.43,1475.49,1477.32,1477.87,1477.79,1477.39,1476.72,1475.82,1475.38,1475.47,1476.16,1477.59,1479.63,1482.09,1484.79,1487.38,1490.47,1494.05,1497.59,1500.01,1501.57,1502.44,1502.87,1503.01,1503.18,1503.46,1503.94,1504.63,1505.49,1506.47,1507.48,1508.52,1509.61,1510.86,1511.43,1511.97,1512.91,1514.08,1515.35,1516.58,1517.90,1519.76,1522.44,1525.46,1528.59,1531.84,1535.23,1538.57,1542.20,1546.15,1549.96,1553.07,1555.88,1558.35,1560.15,1561.52,1562.74,1563.91,1565.07,1566.40,1568.16,1570.41,1573.08,1576.01,1578.97,1581.12,1582.81,1584.50,1586.25,1587.90,1589.65,1591.52,1593.30,1595.11,1596.97,1598.76,1600.22,1601.24,1602.10,1602.68,1602.86,1602.82,1602.34,1601.69,1600.77,1599.04,1596.61,1594.15,1591.63,1588.86,1586.13,1583.61,1581.41,1579.60,1578.16,1577.74,1578.30,1579.55,1581.12,1582.01,1582.41,1582.31,1581.57,1580.33,1578.94,1577.76,1576.96,1576.76,1577.10,1578.21,1579.69,1581.15,1582.57,1584.00,1585.49,1587.07,1588.74,1590.40,1591.84,1593.12,1594.55,1596.48,1598.67,1601.06,1603.66,1606.38,1609.13,1611.88,1614.52,1616.91,1619.24,1621.82,1624.53,1627.18,1629.52,1630.51,1630.79,1630.66,1629.89,1625.55,1620.34,1615.46,1611.12,1605.23,1598.61,1591.88,1585.31,1578.74,1572.82,1567.50,1562.76,1558.68,1555.42,1552.21,1548.13,1542.16,1535.29,1527.89,1523.89,1525.84,1532.78,1538.82,1543.86,1548.31,1552.70,1557.67,1561.84,1565.40,1568.55,1571.08,1573.01,1574.68,1576.44,1578.89,1582.44,1586.48,1590.53,1594.04,1596.47,1598.51,1600.55,1602.64,1604.38,1605.48,1605.95,1605.84,1605.03,1603.80,1602.08,1600.16,1598.55,1598.43,1600.37,1604.86,1611.30,1617.17,1622.26,1627.18,1632.10,1636.92,1641.10,1644.63,1648.14,1651.88,1655.45,1657.68,1657.89,1656.30,1653.48,1649.45,1644.70,1639.83,1635.16,1630.30,1624.21,1618.95,1615.75,1615.27,1616.41,1618.26
1451.05,1453.25,1455.32,1457.35,1459.38,1461.13,1462.46,1463.53,1464.28,1464.84,1465.37,1465.96,1466.17,1466.33,1466.40,1466.34,1466.33,1466.28,1466.31,1466.48,1466.71,1466.81,1466.89,1466.95,1466.95,1466.95,1466.78,1466.41,1465.96,1465.85,1465.65,1465.73,1466.03,1466.33,1466.76,1467.51,1468.65,1470.29,1472.20,1473.06,1473.24,1473.01,1472.63,1472.06,1471.80,1471.98,1472.72,1474.16,1476.34,1479.10,1482.19,1484.79,1487.40,1490.31,1493.49,1496.62,1499.08,1500.25,1500.64,1500.73,1500.77,1500.87,1501.29,1502.07,1502.93,1503.91,1504.95,1506.01,1507.07,1508.40,1509.64,1510.75,1511.78,1513.02,1514.55,1516.17,1517.80,1519.62,1522.32,1525.45,1528.76,1532.17,1535.73,1539.26,1543.04,1547.07,1550.90,1554.32,1557.31,1559.79,1561.48,1562.96,1564.30,1565.56,1566.78,1567.99,1569.60,1571.62,1574.02,1576.75,1579.38,1581.41,1583.08,1584.73,1586.43,1588.08,1589.78,1591.57,1593.35,1595.08,1596.85,1598.61,1600.20,1601.29,1602.26,1603.21,1603.99,1604.10,1603.69,1602.96,1601.97,1600.53,1598.43,1596.09,1593.69,1591.30,1588.90,1586.51,1584.47,1582.99,1581.99,1581.66,1582.10,1583.09,1584.26,1584.93,1585.28,1585.25,1584.69,1583.51,1582.39,1581.52,1580.92,1580.65,1580.67,1581.31,1582.37,1583.64,1584.91,1586.27,1587.72,1589.20,1590.47,1591.82,1593.15,1594.45,1595.76,1597.40,1599.51,1601.96,1604.66,1607.42,1610.16,1613.09,1616.06,1618.43,1620.45,1622.79,1625.38,1627.91,1629.71,1630.51,1630.83,1630.85,1630.22,1626.33,1621.18,1616.00,1611.54,1606.26,1599.82,1592.46,1584.61,1577.71,1571.59,1566.00,1561.10,1557.44,1554.25,1550.74,1546.26,1540.12,1533.10,1525.43,1520.49,1520.90,1527.20,1533.38,1538.89,1543.70,1547.65,1551.86,1555.92,1559.66,1562.92,1565.63,1567.86,1569.84,1571.82,1574.30,1578.29,1582.62,1586.85,1590.66,1593.01,1594.90,1596.70,1598.40,1599.71,1600.43,1600.76,1600.79,1600.39,1599.55,1598.11,1596.42,1595.11,1595.76,1598.29,1603.16,1609.67,1615.19,1620.28,1625.32,1630.33,1635.16,1639.61,1643.24,1646.65,1650.05,1652.92,1654.73,1654.76,1653.09,1649.94,1645.35,1640.55,1635.91,1631.55,1627.40,1622.12,1616.45,1611.76,1610.60,1611.84,1613.81
1450.01,1452.19,1454.16,1456.13,1458.05,1459.43,1460.31,1461.65,1462.34,1462.80,1463.26,1463.73,1463.74,1463.74,1463.75,1463.71,1463.67,1463.63,1463.67,1463.81,1463.99,1464.09,1464.19,1464.28,1464.30,1464.23,1464.07,1463.68,1463.07,1462.64,1462.31,1462.24,1462.36,1462.57,1463.15,1463.88,1464.78,1465.99,1467.59,1468.37,1468.50,1468.21,1467.87,1467.52,1467.56,1468.06,1469.07,1470.62,1472.71,1475.54,1479.02,1482.04,1484.50,1486.99,1489.69,1492.59,1495.16,1496.61,1497.24,1497.44,1497.63,1497.79,1498.24,1499.06,1500.07,1501.26,1502.41,1503.47,1504.52,1505.86,1507.36,1508.88,1510.34,1511.81,1513.43,1515.09,1516.82,1518.87,1521.92,1525.31,1528.80,1532.32,1535.87,1539.48,1543.35,1547.44,1551.36,1554.92,1558.07,1560.67,1562.43,1564.10,1565.65,1567.07,1568.32,1569.49,1570.90,1572.55,1574.55,1577.09,1579.26,1581.05,1582.68,1584.34,1586.00,1587.61,1589.28,1591.06,1592.88,1594.73,1596.60,1598.46,1600.14,1601.29,1602.35,1603.45,1604.48,1605.10,1604.99,1604.40,1603.55,1602.57,1600.55,1598.21,1595.86,1593.60,1591.42,1589.34,1587.60,1586.36,1585.70,1585.45,1585.71,1586.40,1587.32,1587.88,1588.19,1588.26,1587.91,1586.93,1585.98,1585.19,1584.60,1584.24,1584.14,1584.49,1585.19,1586.16,1587.33,1588.44,1589.49,1590.50,1591.52,1592.74,1594.02,1595.32,1596.74,1598.29,1600.38,1602.86,1605.60,1608.31,1611.22,1614.33,1617.38,1619.74,1621.65,1623.71,1625.64,1627.05,1628.67,1629.68,1630.13,1630.01,1629.13,1625.58,1620.92,1616.07,1611.50,1606.36,1599.98,1592.68,1584.98,1578.24,1571.83,1565.81,1560.55,1556.82,1553.47,1549.48,1544.53,1538.34,1531.22,1523.82,1518.12,1516.52,1521.97,1527.95,1533.62,1538.81,1543.32,1547.26,1550.93,1554.46,1557.80,1560.66,1563.19,1565.46,1567.68,1570.36,1574.44,1578.96,1583.28,1586.78,1589.09,1590.96,1592.64,1594.07,1595.05,1595.68,1596.05,1596.16,1595.82,1594.99,1593.55,1592.12,1591.62,1593.31,1596.44,1601.24,1607.32,1612.95,1618.00,1623.16,1628.39,1633.30,1637.62,1641.27,1644.66,1647.91,1650.78,1652.07,1651.45,1649.17,1645.56,1640.80,1636.15,1632.02,1628.58,1625.28,1620.51,1614.41,1608.27,1605.49,1606.41,1608.50
1448.79,1451.00,1452.94,1454.79,1456.29,1456.70,1455.92,1455.39,1455.67,1456.47,1457.66,1459.25,1460.39,1460.90,1461.05,1461.03,1460.96,1460.95,1461.01,1461.13,1461.27,1461.37,1461.49,1461.59,1461.57,1461.42,1461.23,1460.82,1460.14,1459.51,1459.16,1458.99,1458.93,1459.04,1459.66,1460.42,1461.20,1462.04,1463.08,1463.62,1463.63,1463.27,1462.98,1462.86,1463.24,1464.10,1465.46,1467.14,1469.15,1471.93,1475.57,1479.01,1481.50,1483.76,1486.07,1488.47,1490.84,1492.48,1493.42,1493.79,1494.19,1494.50,1495.01,1495.82,1496.95,1498.36,1499.63,1500.76,1501.91,1503.32,1504.96,1506.75,1508.64,1510.38,1512.06,1513.71,1515.51,1517.94,1521.36,1524.99,1528.63,1532.26,1535.81,1539.49,1543.45,1547.59,1551.56,1555.15,1558.38,1561.10,1562.99,1564.87,1566.68,1568.32,1569.68,1570.87,1572.11,1573.41,1574.99,1577.20,1578.89,1580.44,1582.00,1583.66,1585.29,1586.86,1588.49,1590.26,1592.15,1594.14,1596.14,1598.14,1600.02,1601.24,1602.38,1603.54,1604.70,1605.83,1606.19,1605.93,1605.38,1604.81,1602.87,1600.51,1598.14,1595.90,1593.90,1592.17,1590.74,1589.73,1589.32,1589.13,1589.27,1589.72,1590.42,1590.91,1591.23,1591.41,1591.29,1590.52,1589.70,1588.91,1588.21,1587.73,1587.53,1587.61,1587.93,1588.56,1589.57,1590.40,1591.00,1591.51,1592.36,1593.52,1594.76,1596.06,1597.54,1599.03,1601.13,1603.64,1606.38,1609.03,1612.13,1615.38,1618.43,1620.76,1622.46,1624.07,1625.17,1625.39,1626.76,1627.88,1628.40,1628.21,1627.18,1624.13,1620.12,1615.72,1611.14,1605.98,1599.75,1592.84,1585.75,1579.42,1572.73,1566.20,1560.52,1556.58,1552.91,1548.37,1542.94,1536.68,1529.46,1522.22,1515.79,1512.34,1516.67,1522.53,1528.34,1533.85,1539.00,1542.94,1546.32,1549.64,1553.02,1556.06,1558.83,1561.37,1563.83,1566.72,1570.69,1575.24,1579.51,1582.57,1584.83,1586.66,1588.25,1589.53,1590.31,1590.95,1591.33,1591.36,1590.79,1589.83,1588.49,1587.59,1588.18,1590.84,1594.54,1599.27,1604.87,1610.49,1615.46,1620.69,1626.14,1631.27,1635.46,1639.13,1642.49,1645.59,1648.54,1649.38,1648.10,1645.16,1641.08,1636.30,1631.96,1628.47,1625.88,1623.23,1618.60,1612.18,1605.09,1600.53,1600.81,1602.89
1447.54,1449.85,1451.80,1453.29,1453.38,1450.97,1444.78,1434.60,1433.14,1435.72,1440.38,1447.19,1453.92,1457.23,1458.24,1458.18,1458.10,1458.13,1458.28,1458.49,1458.60,1458.73,1458.84,1458.81,1458.49,1458.27,1457.93,1457.42,1456.83,1456.66,1456.57,1456.42,1456.24,1456.12,1456.24,1456.84,1457.65,1458.30,1458.36,1458.57,1458.55,1458.30,1458.33,1458.58,1459.31,1460.50,1462.13,1464.01,1466.18,1468.70,1471.73,1475.23,1477.96,1480.39,1482.67,1484.72,1486.60,1488.19,1489.34,1489.93,1490.49,1491.02,1491.58,1492.25,1493.21,1494.68,1496.13,1497.56,1499.15,1500.82,1502.59,1504.46,1506.39,1508.31,1510.18,1511.94,1513.95,1517.03,1520.56,1524.23,1527.94,1531.69,1535.45,1539.30,1543.37,1547.58,1551.45,1554.84,1557.89,1560.57,1562.64,1564.68,1566.84,1568.90,1570.62,1571.87,1573.15,1574.35,1575.53,1576.95,1578.31,1579.67,1581.09,1582.63,1584.25,1585.81,1587.35,1589.02,1591.07,1593.09,1595.11,1597.28,1599.71,1601.09,1602.26,1603.44,1604.67,1605.93,1607.05,1607.64,1607.65,1607.14,1605.52,1603.21,1600.68,1598.32,1596.52,1595.04,1593.88,1593.14,1592.76,1592.65,1592.88,1593.32,1593.80,1594.27,1594.65,1594.97,1595.07,1594.37,1593.70,1592.87,1591.90,1591.17,1590.69,1590.37,1590.27,1590.55,1591.14,1591.71,1592.09,1592.39,1593.18,1594.33,1595.57,1596.79,1598.00,1599.30,1601.46,1604.05,1606.71,1609.36,1612.46,1615.74,1618.82,1621.03,1621.95,1622.55,1622.86,1622.69,1623.17,1623.65,1624.02,1624.16,1623.71,1621.87,1618.63,1614.51,1610.13,1604.96,1599.25,1593.12,1586.82,1581.30,1574.36,1567.29,1561.13,1556.92,1552.66,1547.53,1541.66,1535.13,1527.75,1519.80,1512.58,1508.23,1510.80,1517.11,1523.43,1528.92,1533.96,1538.38,1542.11,1545.53,1548.89,1552.21,1555.11,1557.79,1560.46,1563.42,1567.02,1571.10,1574.97,1577.80,1579.91,1581.53,1583.01,1584.36,1585.29,1585.93,1586.07,1585.55,1584.12,1582.91,1582.32,1582.85,1585.00,1588.11,1592.21,1597.29,1602.86,1607.54,1612.35,1617.52,1623.03,1628.66,1633.28,1637.01,1640.19,1642.98,1645.54,1646.28,1644.80,1641.52,1637.19,1632.44,1628.82,1626.00,1623.46,1620.62,1615.16,1608.81,1602.40,1596.49,1595.51,1597.10
1445.98,1447.93,1449.27,1448.13,1442.74,1434.88,1425.48,1415.89,1414.39,1416.60,1421.13,1429.18,1440.03,1449.33,1454.69,1455.13,1455.19,1455.40,1455.66,1455.88,1455.99,1456.11,1456.09,1455.82,1455.25,1454.87,1454.52,1454.14,1453.83,1453.88,1453.91,1453.83,1453.63,1453.38,1453.21,1453.42,1453.80,1454.02,1453.66,1453.63,1453.66,1453.75,1454.25,1454.97,1456.04,1457.47,1459.27,1461.29,1463.54,1465.97,1468.64,1471.70,1474.23,1476.52,1478.65,1480.47,1482.05,1483.43,1484.47,1485.08,1485.65,1486.47,1487.44,1488.48,1489.56,1491.28,1493.04,1494.74,1496.55,1498.38,1500.29,1502.25,1504.24,1506.24,1508.21,1510.11,1512.30,1515.63,1519.28,1523.05,1526.86,1530.71,1534.63,1538.63,1542.76,1546.95,1550.80,1553.96,1556.81,1559.40,1561.64,1563.74,1566.01,1568.30,1570.35,1571.62,1572.66,1573.61,1574.55,1575.68,1576.99,1578.32,1579.76,1581.40,1582.98,1584.47,1585.95,1587.62,1589.77,1591.84,1593.88,1596.23,1599.17,1600.85,1602.14,1603.39,1604.72,1606.10,1607.54,1608.60,1609.13,1609.02,1608.03,1606.23,1603.87,1601.30,1599.49,1598.06,1597.06,1596.54,1596.24,1596.18,1596.40,1596.80,1597.25,1597.70,1598.23,1598.79,1599.15,1598.67,1597.83,1596.69,1595.40,1594.27,1593.49,1592.80,1592.28,1592.15,1592.29,1592.43,1592.51,1592.62,1593.10,1594.16,1595.36,1596.52,1597.65,1598.94,1601.12,1603.77,1606.57,1609.37,1612.36,1615.33,1618.03,1619.92,1620.31,1620.29,1620.03,1619.49,1619.46,1619.78,1620.17,1620.43,1620.34,1619.25,1616.65,1612.87,1608.49,1603.42,1597.98,1592.30,1586.58,1581.48,1574.91,1567.94,1561.52,1556.77,1552.12,1546.62,1540.38,1533.49,1525.29,1517.03,1509.56,1504.41,1504.79,1510.61,1517.74,1524.35,1529.51,1534.23,1538.11,1541.46,1544.69,1548.41,1551.71,1554.64,1557.37,1560.23,1563.52,1567.06,1570.40,1572.96,1574.78,1576.24,1577.57,1578.80,1579.74,1580.60,1580.81,1580.18,1578.69,1577.60,1577.56,1578.88,1581.84,1585.44,1589.98,1595.21,1600.58,1604.82,1609.23,1614.05,1619.41,1625.39,1630.96,1634.94,1638.08,1640.83,1643.19,1643.78,1642.08,1638.58,1634.27,1629.90,1626.63,1623.97,1621.12,1617.09,1611.59,1605.81,1599.83,1593.01,1590.69,1591.69
1443.19,1443.94,1443.60,1438.40,1426.49,1413.30,1403.22,1400.78,1400.35,1400.84,1402.90,1409.09,1421.66,1437.86,1449.61,1451.70,1452.19,1452.70,1453.08,1453.25,1453.40,1453.49,1453.25,1452.70,1451.93,1451.35,1451.06,1450.93,1450.94,1451.01,1451.08,1451.06,1450.90,1450.59,1450.29,1450.03,1449.77,1449.49,1449.13,1448.94,1449.08,1449.62,1450.59,1451.81,1453.22,1454.83,1456.73,1458.85,1461.11,1463.55,1466.13,1468.50,1470.53,1472.46,1474.31,1475.92,1477.31,1478.38,1479.17,1479.72,1480.27,1481.39,1482.94,1484.64,1486.06,1488.16,1490.26,1492.21,1494.08,1496.00,1498.02,1500.10,1502.18,1504.22,1506.23,1508.27,1510.59,1513.82,1517.56,1521.46,1525.40,1529.37,1533.40,1537.52,1541.67,1545.78,1549.62,1552.59,1555.24,1557.74,1560.08,1562.22,1564.41,1566.76,1569.04,1570.28,1570.98,1571.64,1572.46,1573.64,1575.08,1576.44,1577.96,1579.87,1581.46,1582.89,1584.38,1586.13,1588.33,1590.45,1592.57,1595.12,1598.47,1600.56,1602.06,1603.43,1604.89,1606.35,1607.81,1609.07,1610.00,1610.50,1610.30,1609.25,1607.33,1604.65,1602.70,1601.18,1600.23,1599.86,1599.65,1599.62,1599.77,1600.13,1600.70,1601.21,1601.95,1602.79,1603.41,1603.19,1601.90,1600.28,1598.64,1597.04,1595.89,1594.81,1593.85,1593.24,1592.92,1592.57,1592.34,1592.29,1592.36,1593.28,1594.38,1595.48,1596.66,1598.05,1600.18,1602.86,1605.89,1608.93,1611.76,1614.26,1616.34,1617.76,1617.80,1617.39,1616.74,1615.87,1615.74,1616.28,1616.81,1617.05,1617.15,1616.45,1614.34,1610.88,1606.35,1601.45,1596.09,1590.57,1585.19,1580.19,1574.38,1567.93,1561.44,1556.15,1551.27,1545.54,1539.05,1531.79,1522.38,1514.07,1506.72,1500.85,1498.84,1503.52,1511.47,1519.77,1525.40,1530.37,1534.31,1537.54,1540.55,1544.54,1548.30,1551.56,1554.39,1557.12,1560.14,1563.12,1565.86,1568.13,1569.63,1570.95,1572.12,1573.09,1573.93,1575.12,1575.59,1575.19,1574.23,1573.52,1573.82,1575.42,1578.63,1582.78,1587.77,1593.05,1598.13,1602.29,1606.20,1610.47,1615.47,1621.61,1628.34,1632.80,1636.09,1638.95,1641.28,1641.68,1639.81,1636.24,1632.16,1628.36,1625.14,1622.19,1618.75,1613.14,1608.15,1603.16,1597.30,1589.94,1586.28,1586.50
1433.97,1430.13,1424.04,1415.74,1408.86,1402.76,1397.87,1396.90,1396.63,1396.92,1398.10,1401.29,1407.58,1422.34,1437.82,1446.63,1448.96,1449.81,1450.25,1450.48,1450.67,1450.69,1450.32,1449.66,1448.90,1448.13,1447.63,1447.36,1447.29,1447.35,1447.43,1447.34,1447.09,1446.73,1446.38,1446.16,1446.01,1445.85,1445.66,1445.42,1445.59,1446.22,1447.04,1448.52,1450.35,1452.32,1454.37,1456.47,1458.70,1461.13,1463.71,1466.12,1467.81,1469.32,1470.71,1471.73,1472.63,1473.58,1474.58,1475.61,1476.60,1477.78,1479.29,1481.10,1483.01,1485.33,1487.59,1489.70,1491.73,1493.68,1495.75,1497.92,1500.15,1502.39,1504.49,1506.56,1508.76,1511.46,1515.09,1519.05,1523.15,1527.38,1531.68,1535.81,1539.86,1543.81,1547.43,1550.42,1553.07,1555.52,1557.86,1560.14,1562.26,1564.36,1566.34,1567.59,1568.47,1569.24,1570.09,1571.25,1572.50,1573.67,1575.11,1577.17,1579.26,1581.07,1582.83,1584.68,1586.85,1589.04,1591.46,1594.35,1597.79,1600.37,1602.21,1603.78,1605.28,1606.76,1608.26,1609.60,1610.74,1611.63,1611.63,1610.89,1609.60,1607.84,1605.91,1604.20,1603.12,1602.70,1602.32,1602.25,1602.49,1603.06,1604.01,1604.78,1605.86,1606.94,1607.53,1606.97,1605.20,1603.11,1601.06,1599.18,1597.39,1595.67,1594.04,1592.66,1591.96,1591.54,1591.32,1591.30,1591.37,1592.15,1593.13,1594.14,1595.24,1596.53,1598.47,1600.97,1603.89,1606.92,1609.85,1612.25,1613.98,1614.91,1614.43,1613.46,1612.42,1611.72,1612.23,1613.09,1613.79,1614.16,1614.34,1613.84,1611.89,1608.48,1603.79,1598.96,1593.66,1588.00,1582.30,1577.43,1571.83,1565.68,1559.62,1554.83,1549.85,1543.93,1537.40,1530.18,1519.97,1511.45,1504.07,1497.68,1493.88,1497.48,1504.98,1513.61,1520.80,1526.49,1530.94,1534.39,1537.07,1540.12,1543.38,1547.07,1550.91,1553.92,1556.72,1559.25,1561.57,1563.63,1565.17,1566.36,1567.26,1567.99,1568.94,1569.97,1570.54,1570.57,1570.25,1569.72,1570.03,1571.68,1575.15,1579.87,1585.25,1590.74,1595.86,1599.86,1603.57,1607.36,1611.79,1617.60,1624.41,1629.93,1634.01,1636.81,1639.05,1639.44,1637.76,1634.59,1631.06,1627.28,1623.89,1620.35,1615.95,1610.55,1606.04,1600.98,1594.59,1587.19,1582.28,1580.90
1418.69,1412.84,1404.90,1397.41,1396.16,1396.41,1395.70,1395.04,1394.76,1395.10,1395.99,1397.25,1398.73,1409.83,1426.21,1441.20,1445.38,1446.55,1447.05,1447.40,1447.64,1447.66,1447.33,1446.75,1446.02,1445.12,1444.42,1443.87,1443.45,1443.25,1443.14,1442.86,1442.44,1442.08,1441.77,1441.67,1441.73,1441.85,1441.88,1441.77,1442.04,1442.72,1443.39,1444.94,1446.99,1449.28,1451.64,1453.89,1456.18,1458.65,1461.33,1463.87,1465.41,1466.70,1467.82,1468.43,1469.00,1469.76,1470.75,1471.99,1473.28,1474.51,1475.94,1477.74,1480.01,1482.54,1484.91,1487.12,1489.26,1491.30,1493.43,1495.69,1498.09,1500.59,1502.81,1504.93,1507.05,1509.31,1512.54,1516.38,1520.51,1524.87,1529.49,1533.72,1537.70,1541.47,1544.88,1547.89,1550.54,1552.93,1555.18,1557.49,1559.53,1561.40,1563.12,1564.42,1565.50,1566.44,1567.37,1568.50,1569.61,1570.66,1571.98,1573.96,1576.30,1578.59,1580.84,1583.06,1585.28,1587.63,1590.38,1593.57,1597.04,1600.03,1602.16,1603.88,1605.50,1607.08,1608.70,1610.12,1611.34,1612.46,1612.80,1612.34,1611.48,1610.45,1608.78,1607.10,1605.94,1605.38,1604.87,1604.76,1605.06,1605.74,1606.85,1607.78,1608.93,1609.99,1610.43,1609.55,1607.55,1605.22,1602.93,1600.82,1598.52,1596.18,1593.82,1591.65,1590.48,1589.91,1589.69,1589.74,1589.91,1590.60,1591.50,1592.48,1593.52,1594.73,1596.57,1598.89,1601.56,1604.36,1607.20,1609.50,1611.00,1611.51,1610.63,1609.23,1607.88,1607.16,1607.76,1608.50,1609.12,1609.59,1609.89,1609.44,1607.82,1604.91,1600.57,1596.02,1590.91,1585.29,1579.45,1574.57,1568.88,1562.95,1557.42,1553.04,1547.91,1541.98,1535.55,1528.31,1517.82,1509.22,1501.85,1495.25,1490.36,1492.56,1499.29,1507.94,1515.73,1522.21,1527.27,1531.15,1533.95,1536.32,1539.05,1542.64,1546.80,1550.23,1553.12,1555.39,1557.27,1558.94,1560.30,1561.31,1562.00,1562.54,1563.53,1564.58,1565.52,1566.23,1566.47,1566.07,1566.22,1567.78,1571.45,1576.61,1582.32,1588.21,1593.68,1597.47,1601.01,1604.53,1608.53,1613.80,1620.31,1626.65,1631.55,1634.51,1636.68,1637.27,1635.91,1633.18,1630.10,1626.31,1622.63,1618.49,1613.34,1608.42,1604.24,1598.82,1591.73,1584.59,1578.72,1575.83
1395.51,1392.88,1390.70,1390.09,1392.03,1393.71,1393.78,1393.21,1392.86,1393.27,1394.35,1395.78,1397.25,1403.50,1416.95,1435.61,1441.27,1442.74,1443.34,1443.85,1444.14,1444.30,1444.28,1443.99,1443.28,1442.37,1441.53,1440.61,1439.55,1438.64,1438.04,1437.38,1436.72,1436.43,1436.33,1436.32,1436.51,1436.99,1437.27,1437.55,1438.06,1438.81,1439.55,1440.92,1442.88,1445.34,1448.25,1450.91,1453.45,1456.12,1458.97,1461.61,1463.25,1464.66,1465.89,1466.51,1467.12,1467.51,1467.99,1468.85,1470.06,1471.39,1472.84,1474.58,1476.96,1479.74,1482.20,1484.37,1486.55,1488.80,1491.03,1493.38,1495.96,1498.78,1501.18,1503.40,1505.54,1507.67,1510.09,1513.52,1517.49,1521.67,1526.69,1531.17,1535.17,1538.77,1542.03,1544.97,1547.57,1549.87,1551.94,1554.06,1555.99,1557.80,1559.46,1560.84,1561.97,1563.06,1564.17,1565.27,1566.41,1567.51,1568.71,1570.24,1572.32,1575.05,1578.12,1581.17,1583.55,1586.23,1589.29,1592.63,1596.15,1599.43,1601.70,1603.53,1605.35,1607.21,1609.08,1610.59,1611.76,1612.92,1613.97,1613.86,1613.06,1612.17,1611.11,1609.85,1608.75,1607.96,1607.43,1607.32,1607.55,1608.10,1608.98,1609.79,1610.55,1611.18,1611.36,1610.38,1608.54,1606.38,1604.11,1601.81,1599.30,1596.41,1593.34,1590.45,1588.60,1587.63,1587.27,1587.40,1587.74,1588.39,1589.30,1590.36,1591.45,1592.66,1594.57,1596.80,1599.06,1601.35,1603.72,1605.78,1607.16,1607.37,1606.35,1604.83,1603.28,1602.12,1601.67,1601.55,1601.71,1602.16,1602.69,1602.06,1601.11,1599.59,1596.40,1592.47,1587.76,1582.55,1577.11,1572.01,1565.89,1560.09,1555.15,1550.70,1545.29,1539.62,1533.47,1525.95,1515.98,1507.55,1500.31,1493.94,1488.92,1489.13,1494.99,1503.55,1510.06,1517.28,1522.97,1527.50,1531.22,1533.69,1536.09,1538.72,1541.82,1545.76,1549.21,1551.47,1552.86,1553.83,1554.55,1555.32,1555.91,1556.35,1557.24,1558.66,1560.48,1562.20,1562.87,1562.53,1562.39,1563.69,1567.49,1572.84,1578.80,1585.35,1591.57,1595.09,1598.46,1602.00,1605.88,1610.45,1616.34,1622.93,1628.48,1632.01,1634.18,1635.23,1634.35,1631.94,1629.12,1625.37,1621.31,1616.64,1611.17,1606.68,1602.57,1596.53,1588.65,1582.14,1575.76,1571.74
1384.89,1384.99,1385.37,1386.78,1389.09,1390.79,1391.15,1390.73,1390.62,1391.38,1392.72,1394.02,1395.75,1399.80,1410.76,1428.94,1436.30,1438.34,1439.09,1439.80,1440.41,1440.72,1440.80,1440.69,1440.25,1439.36,1438.37,1437.22,1435.84,1434.34,1433.18,1432.13,1431.23,1430.79,1430.72,1430.84,1431.16,1431.69,1432.19,1432.75,1433.40,1434.20,1435.25,1436.61,1438.62,1441.27,1444.48,1447.58,1450.49,1453.38,1456.29,1459.07,1461.11,1462.73,1463.96,1464.58,1465.19,1465.46,1465.64,1466.11,1467.10,1468.30,1469.63,1471.28,1473.75,1476.57,1479.14,1481.46,1483.71,1486.09,1488.38,1490.84,1493.64,1496.59,1499.32,1501.72,1503.88,1505.96,1508.20,1511.22,1514.78,1518.72,1523.16,1527.70,1531.90,1535.56,1538.63,1541.49,1544.04,1546.26,1548.16,1550.06,1551.85,1553.56,1555.18,1556.58,1557.81,1559.13,1560.53,1561.90,1563.19,1564.38,1565.65,1567.18,1569.08,1571.63,1574.98,1578.86,1582.20,1585.39,1588.73,1592.24,1595.76,1598.89,1601.26,1603.35,1605.40,1607.38,1609.25,1610.77,1611.97,1613.21,1614.51,1615.07,1614.93,1614.31,1613.67,1613.01,1612.20,1611.26,1610.45,1610.02,1609.93,1610.14,1610.70,1611.24,1611.79,1612.13,1611.92,1610.76,1608.98,1606.88,1604.58,1602.20,1599.59,1596.47,1593.07,1589.68,1586.30,1584.80,1584.36,1584.49,1584.97,1585.60,1586.52,1587.65,1588.81,1590.00,1591.81,1593.89,1595.93,1597.94,1599.58,1600.88,1601.70,1601.61,1600.83,1599.55,1598.30,1597.58,1597.23,1597.21,1597.35,1597.59,1597.78,1597.12,1596.27,1594.93,1592.01,1588.35,1584.09,1579.55,1574.86,1569.63,1563.43,1557.67,1552.68,1547.72,1542.09,1536.71,1531.03,1523.74,1514.21,1506.48,1499.62,1492.91,1486.74,1486.08,1491.29,1499.43,1505.76,1512.35,1518.23,1523.37,1527.65,1530.89,1533.48,1535.92,1538.55,1541.82,1544.96,1546.94,1547.96,1548.47,1548.72,1549.23,1549.76,1550.31,1551.36,1552.69,1554.25,1555.73,1556.52,1556.54,1557.08,1559.18,1563.64,1569.38,1575.47,1582.06,1588.53,1592.88,1596.38,1599.84,1603.65,1608.21,1613.71,1619.79,1625.28,1629.39,1632.05,1633.39,1632.83,1630.66,1627.60,1623.78,1619.50,1614.74,1609.55,1605.09,1600.03,1593.57,1586.12,1579.72,1573.13,1568.58
1379.09,1381.30,1382.97,1384.71,1386.41,1387.58,1387.95,1387.69,1387.97,1389.17,1390.80,1392.07,1394.16,1397.25,1406.28,1422.77,1431.27,1433.81,1434.71,1435.58,1436.50,1436.93,1437.08,1437.10,1436.97,1436.17,1435.10,1433.84,1432.35,1430.51,1428.93,1427.54,1426.36,1425.59,1425.36,1425.59,1426.05,1426.60,1427.30,1428.05,1428.78,1429.60,1430.89,1432.25,1434.27,1436.99,1440.37,1444.15,1447.48,1450.54,1453.48,1456.38,1458.82,1460.67,1461.95,1462.65,1463.25,1463.45,1463.46,1463.59,1464.27,1465.23,1466.37,1467.92,1470.45,1473.27,1475.97,1478.47,1480.78,1483.18,1485.49,1488.07,1491.09,1494.13,1497.13,1499.78,1502.05,1504.15,1506.43,1509.09,1512.21,1515.88,1519.55,1523.89,1528.19,1531.99,1535.00,1537.81,1540.30,1542.45,1544.21,1545.92,1547.55,1549.16,1550.71,1552.09,1553.41,1554.88,1556.53,1558.20,1559.69,1561.11,1562.63,1564.42,1566.31,1568.68,1572.19,1576.78,1581.17,1584.84,1588.42,1592.01,1595.43,1598.31,1600.78,1603.09,1605.34,1607.40,1609.29,1610.83,1612.09,1613.38,1614.75,1615.97,1616.64,1616.47,1616.27,1616.17,1615.72,1614.74,1613.50,1612.69,1612.23,1612.08,1612.31,1612.60,1612.94,1612.96,1612.33,1610.99,1609.23,1607.12,1604.77,1602.35,1599.70,1596.47,1592.89,1589.01,1583.93,1581.81,1581.24,1581.36,1581.96,1582.59,1583.52,1584.67,1585.88,1587.02,1588.70,1590.61,1592.51,1594.25,1595.18,1595.67,1595.82,1595.49,1594.96,1594.04,1593.22,1593.13,1593.28,1593.59,1593.82,1593.82,1593.51,1592.65,1591.54,1589.93,1587.13,1583.80,1580.15,1576.41,1572.43,1567.19,1561.15,1555.44,1550.20,1544.66,1538.94,1533.80,1528.51,1521.65,1512.58,1505.58,1499.05,1491.82,1484.33,1483.11,1487.75,1495.38,1501.89,1507.65,1513.55,1519.12,1523.74,1527.75,1530.69,1533.24,1535.67,1538.07,1540.59,1542.18,1542.91,1543.10,1543.07,1543.42,1543.97,1544.70,1545.97,1547.12,1548.15,1549.13,1549.98,1550.40,1551.86,1555.01,1560.26,1566.33,1572.39,1578.82,1585.37,1590.72,1594.48,1597.91,1601.73,1606.46,1611.73,1617.16,1622.34,1626.83,1630.02,1631.44,1631.07,1629.13,1625.81,1621.88,1617.47,1612.76,1607.91,1603.28,1597.11,1590.39,1583.69,1577.25,1570.75,1565.92
1376.31,1378.94,1380.97,1382.46,1383.29,1383.59,1383.49,1383.39,1384.28,1385.91,1387.84,1389.69,1392.32,1395.77,1404.49,1419.68,1426.99,1429.43,1430.47,1431.32,1432.18,1432.68,1432.95,1433.08,1433.07,1432.68,1431.77,1430.65,1429.46,1428.03,1426.60,1425.06,1423.44,1421.94,1421.13,1421.31,1421.97,1422.73,1423.59,1424.38,1425.09,1425.81,1426.81,1428.04,1429.78,1432.10,1435.40,1440.75,1444.54,1447.57,1450.55,1453.47,1455.96,1458.04,1459.71,1460.76,1461.26,1461.40,1461.40,1461.42,1461.59,1462.20,1463.08,1464.45,1467.03,1469.89,1472.75,1475.39,1477.60,1479.79,1482.09,1484.77,1487.91,1491.08,1494.13,1497.03,1499.72,1502.07,1504.44,1506.90,1509.75,1513.16,1516.48,1519.93,1523.70,1527.66,1531.16,1533.99,1536.41,1538.50,1540.17,1541.87,1543.43,1544.91,1546.34,1547.63,1548.89,1550.23,1551.73,1553.48,1555.26,1557.24,1559.47,1561.97,1564.38,1567.29,1571.17,1575.99,1580.82,1584.70,1588.37,1591.85,1594.77,1597.53,1600.05,1602.41,1604.67,1606.90,1609.08,1610.80,1612.07,1613.29,1614.65,1616.13,1617.43,1618.22,1618.68,1618.90,1618.77,1618.01,1616.15,1615.11,1614.41,1613.98,1614.05,1614.23,1614.19,1613.69,1612.61,1611.19,1609.38,1607.20,1604.78,1602.36,1599.70,1596.47,1592.73,1588.23,1581.74,1578.87,1577.99,1578.08,1578.72,1579.44,1580.35,1581.42,1582.54,1583.59,1585.16,1586.98,1588.71,1590.02,1590.63,1590.69,1590.36,1589.88,1589.30,1588.65,1588.24,1588.46,1589.20,1589.62,1589.78,1589.64,1588.89,1587.17,1585.09,1582.92,1580.75,1578.35,1575.87,1573.04,1569.36,1564.32,1558.93,1553.46,1547.88,1542.05,1536.65,1531.48,1526.14,1519.84,1511.35,1504.63,1497.96,1490.14,1481.99,1480.12,1484.05,1491.22,1497.99,1503.80,1509.59,1515.04,1519.63,1523.59,1526.89,1529.79,1532.33,1534.38,1536.18,1537.31,1537.84,1537.98,1538.20,1538.76,1539.53,1540.52,1541.89,1543.04,1543.93,1544.77,1545.90,1546.57,1548.61,1552.53,1558.43,1564.29,1570.03,1576.22,1582.77,1588.60,1592.72,1596.41,1600.42,1605.24,1610.50,1615.70,1620.48,1624.58,1627.91,1628.94,1628.44,1626.74,1623.59,1619.58,1615.17,1610.53,1605.63,1600.53,1593.83,1587.18,1581.04,1574.60,1568.83,1564.01
1373.01,1375.80,1377.85,1379.00,1379.42,1379.36,1379.01,1379.00,1380.27,1382.47,1384.89,1386.74,1389.78,1394.24,1403.10,1416.74,1423.28,1425.66,1426.74,1427.56,1428.33,1428.83,1429.12,1429.30,1429.36,1429.19,1428.59,1427.76,1426.80,1425.70,1424.38,1422.81,1420.96,1418.87,1417.43,1417.26,1417.82,1418.69,1419.63,1420.45,1421.19,1421.92,1422.79,1423.96,1425.57,1427.69,1430.81,1436.18,1440.98,1444.78,1447.72,1450.58,1452.86,1454.83,1456.48,1457.43,1457.76,1457.79,1457.71,1457.57,1457.45,1458.02,1459.09,1460.78,1463.54,1466.54,1469.60,1472.41,1474.62,1476.77,1479.02,1481.58,1484.58,1487.81,1491.00,1494.07,1496.92,1499.37,1501.77,1504.23,1506.97,1510.15,1513.44,1516.46,1519.67,1523.16,1526.49,1529.51,1532.27,1534.61,1536.29,1537.96,1539.43,1540.80,1542.11,1543.33,1544.54,1545.84,1547.33,1549.10,1551.07,1553.59,1556.56,1559.83,1562.98,1566.51,1570.82,1575.90,1580.85,1584.70,1588.23,1591.48,1594.13,1596.78,1599.32,1601.73,1604.00,1606.32,1608.68,1610.53,1611.87,1613.16,1614.62,1616.25,1617.86,1619.19,1619.92,1620.31,1620.36,1619.82,1618.29,1617.34,1616.57,1615.94,1615.61,1615.28,1614.68,1613.77,1612.51,1611.14,1609.32,1607.09,1604.64,1602.20,1599.42,1596.08,1592.18,1587.31,1580.47,1576.69,1574.97,1574.67,1575.31,1576.15,1577.12,1578.14,1579.14,1580.15,1581.53,1583.16,1584.81,1585.97,1586.45,1586.25,1585.55,1584.79,1584.04,1583.45,1583.17,1583.40,1584.09,1584.42,1584.47,1584.22,1583.38,1581.67,1579.58,1577.38,1575.25,1573.09,1571.10,1568.76,1565.45,1561.02,1556.42,1551.35,1545.73,1539.86,1534.59,1529.35,1523.85,1517.65,1509.86,1503.33,1496.41,1488.17,1479.79,1476.53,1479.66,1486.87,1493.98,1499.90,1505.62,1511.05,1515.74,1519.49,1522.78,1525.73,1528.24,1530.07,1531.42,1532.30,1532.81,1533.17,1533.88,1534.71,1535.57,1536.49,1537.59,1538.28,1538.85,1539.72,1541.46,1543.30,1546.29,1550.74,1556.76,1562.62,1568.11,1574.22,1580.93,1586.79,1591.30,1595.36,1599.59,1604.47,1609.74,1614.77,1619.24,1622.89,1625.66,1626.09,1625.45,1623.92,1620.71,1616.61,1612.31,1607.81,1602.83,1597.02,1590.44,1584.23,1578.48,1572.24,1566.90,1561.95
1369.11,1371.90,1373.74,1374.55,1374.93,1374.88,1374.49,1374.48,1376.02,1378.87,1381.84,1383.30,1386.59,1392.54,1401.94,1413.89,1419.93,1422.27,1423.37,1424.14,1424.84,1425.28,1425.53,1425.69,1425.80,1425.69,1425.48,1425.02,1424.25,1423.37,1422.15,1420.62,1418.69,1416.18,1414.13,1413.38,1413.59,1414.41,1415.37,1416.20,1417.00,1417.86,1418.78,1419.99,1421.63,1423.76,1426.68,1430.98,1436.95,1442.00,1444.95,1447.70,1449.60,1451.21,1452.53,1453.07,1453.18,1453.09,1452.86,1452.53,1452.33,1453.09,1454.66,1456.99,1460.02,1463.21,1466.47,1469.48,1471.80,1474.06,1476.22,1478.53,1481.24,1484.40,1487.77,1490.96,1493.81,1496.24,1498.64,1501.19,1503.90,1506.86,1510.31,1513.32,1516.06,1518.68,1521.36,1524.59,1527.83,1530.60,1532.43,1534.13,1535.53,1536.81,1538.04,1539.22,1540.40,1541.76,1543.33,1545.13,1547.31,1550.37,1554.04,1558.03,1562.03,1566.21,1571.01,1576.32,1581.15,1584.77,1587.97,1590.93,1593.49,1596.05,1598.59,1601.03,1603.35,1605.68,1608.12,1610.08,1611.57,1613.04,1614.68,1616.37,1618.06,1619.56,1620.24,1620.72,1620.83,1620.48,1619.91,1619.23,1618.53,1617.77,1616.85,1615.75,1614.55,1613.33,1612.10,1610.88,1609.03,1606.78,1604.32,1601.86,1598.82,1595.32,1591.25,1586.19,1579.82,1575.12,1572.24,1571.23,1571.84,1572.81,1573.86,1574.86,1575.74,1576.70,1577.83,1579.19,1580.74,1581.95,1582.42,1582.13,1581.22,1580.12,1579.14,1578.46,1578.12,1578.19,1578.41,1578.55,1578.46,1578.09,1577.43,1576.36,1574.94,1573.09,1570.52,1568.06,1565.95,1563.72,1560.87,1557.34,1553.60,1549.06,1543.66,1537.96,1532.66,1527.29,1521.55,1515.10,1508.07,1501.64,1494.49,1486.02,1477.64,1472.64,1474.92,1482.39,1489.80,1495.94,1501.63,1507.05,1511.96,1515.51,1518.58,1521.31,1523.63,1525.28,1526.41,1527.17,1527.78,1528.48,1529.70,1530.77,1531.63,1532.32,1532.99,1532.97,1533.19,1534.20,1536.72,1540.41,1544.60,1549.42,1555.15,1561.20,1566.53,1572.70,1579.65,1585.26,1590.11,1594.58,1599.08,1604.01,1609.27,1614.14,1618.34,1621.53,1623.25,1622.99,1622.14,1620.61,1617.17,1613.04,1608.92,1604.62,1599.56,1593.05,1587.05,1581.49,1576.00,1570.02,1564.79,1559.63
1364.54,1367.23,1368.99,1369.63,1369.85,1369.68,1369.20,1369.21,1371.55,1374.74,1377.60,1379.25,1382.59,1390.21,1400.86,1411.89,1416.41,1418.44,1419.64,1420.52,1421.23,1421.64,1421.87,1422.04,1422.20,1422.22,1422.13,1421.90,1421.45,1420.77,1419.66,1418.15,1416.17,1413.51,1410.93,1409.63,1409.34,1409.77,1410.58,1411.38,1412.28,1413.35,1414.55,1416.11,1418.06,1420.45,1423.62,1427.74,1433.20,1438.34,1442.11,1444.71,1446.45,1447.81,1448.83,1449.19,1449.25,1449.03,1448.69,1448.39,1448.29,1449.23,1450.96,1453.41,1456.57,1459.84,1463.15,1466.25,1468.83,1471.32,1473.55,1475.82,1478.33,1481.11,1484.30,1487.62,1490.81,1493.45,1495.85,1498.19,1500.56,1503.18,1506.67,1509.89,1512.72,1515.18,1517.49,1520.05,1522.71,1525.35,1527.85,1529.95,1531.65,1533.08,1534.31,1535.52,1536.84,1538.24,1539.85,1542.06,1545.15,1548.93,1553.02,1557.21,1561.60,1566.41,1571.63,1576.93,1581.32,1584.62,1587.51,1590.21,1592.76,1595.26,1597.73,1600.16,1602.53,1604.94,1607.47,1609.66,1611.44,1613.05,1614.74,1616.44,1618.14,1619.69,1620.47,1621.05,1621.26,1620.98,1620.47,1619.88,1619.16,1618.23,1616.87,1615.42,1614.12,1612.89,1611.66,1610.43,1608.34,1605.94,1603.48,1600.99,1597.68,1594.00,1589.70,1584.32,1578.55,1573.69,1570.13,1568.36,1568.88,1569.80,1570.71,1571.55,1572.35,1573.13,1574.04,1575.01,1575.97,1576.91,1577.52,1577.52,1576.83,1575.58,1574.64,1574.07,1573.86,1574.05,1574.29,1574.38,1574.17,1573.66,1573.03,1572.15,1570.81,1568.85,1566.07,1563.42,1560.79,1558.30,1556.00,1553.39,1550.21,1546.18,1541.35,1536.13,1530.57,1524.70,1518.57,1512.13,1505.58,1499.19,1492.19,1484.06,1475.18,1469.97,1471.54,1478.02,1485.08,1492.00,1497.57,1502.57,1507.59,1511.94,1515.09,1517.47,1519.28,1520.58,1521.41,1521.99,1522.45,1522.92,1523.70,1524.62,1525.61,1526.68,1527.85,1528.24,1528.69,1529.78,1532.48,1537.91,1543.08,1548.06,1553.56,1559.91,1565.38,1571.54,1578.41,1584.00,1588.74,1593.49,1598.39,1603.40,1608.64,1613.12,1616.81,1619.44,1620.34,1619.73,1618.29,1616.04,1612.53,1608.80,1604.93,1600.62,1595.47,1589.59,1584.04,1578.83,1573.48,1567.04,1561.66,1556.53
1359.78,1362.31,1363.91,1364.42,1364.46,1364.15,1363.63,1363.63,1366.56,1370.19,1373.29,1375.24,1378.89,1387.78,1399.20,1409.31,1412.59,1414.37,1415.61,1416.49,1417.16,1417.49,1417.67,1417.82,1418.01,1418.12,1418.22,1418.32,1418.29,1417.85,1416.96,1415.57,1413.59,1410.78,1407.81,1405.97,1405.16,1405.20,1405.75,1406.49,1407.50,1408.81,1410.48,1412.52,1414.88,1417.64,1421.05,1425.13,1430.00,1434.90,1439.10,1441.68,1443.32,1444.53,1445.37,1445.67,1445.71,1445.35,1444.87,1444.61,1444.67,1445.72,1447.53,1450.03,1453.20,1456.50,1459.82,1462.96,1465.73,1468.39,1470.76,1473.09,1475.51,1477.98,1480.85,1484.05,1487.36,1490.38,1492.99,1495.24,1497.35,1499.70,1502.94,1506.25,1509.23,1511.76,1513.92,1515.94,1518.04,1520.40,1523.13,1525.42,1527.39,1529.06,1530.48,1531.88,1533.42,1535.08,1537.02,1539.82,1543.76,1548.17,1552.66,1557.06,1561.69,1566.75,1572.09,1577.26,1581.25,1584.26,1586.91,1589.45,1591.96,1594.41,1596.80,1599.19,1601.65,1604.29,1606.94,1609.32,1611.33,1613.02,1614.71,1616.41,1618.10,1619.64,1620.53,1621.16,1621.45,1621.28,1620.72,1620.19,1619.42,1618.28,1616.64,1615.02,1613.63,1612.37,1611.09,1609.60,1607.25,1604.72,1602.20,1599.44,1595.83,1591.91,1587.44,1582.13,1577.16,1572.48,1568.55,1566.06,1565.97,1566.61,1567.37,1568.11,1568.88,1569.51,1570.20,1570.79,1571.21,1571.81,1572.29,1572.24,1571.56,1570.32,1569.33,1568.83,1568.84,1569.36,1569.93,1570.22,1570.09,1569.56,1568.92,1568.06,1566.63,1564.51,1561.59,1558.61,1555.42,1552.78,1551.10,1549.28,1546.58,1543.10,1538.97,1534.25,1528.48,1522.01,1515.39,1509.04,1502.80,1496.56,1489.90,1482.22,1473.01,1467.62,1468.39,1473.70,1480.27,1487.62,1493.40,1498.28,1503.04,1507.68,1511.13,1513.55,1515.09,1516.02,1516.58,1516.94,1517.18,1517.37,1517.78,1518.62,1519.80,1521.29,1522.91,1523.92,1524.96,1526.52,1529.61,1536.06,1541.86,1546.97,1552.31,1558.76,1564.45,1570.60,1577.29,1582.98,1587.65,1592.55,1597.68,1602.62,1607.63,1611.70,1614.86,1616.83,1616.77,1615.60,1613.58,1610.86,1607.51,1604.24,1600.66,1596.44,1591.39,1586.27,1581.19,1576.25,1570.90,1563.82,1558.31,1553.09
1354.89,1357.20,1358.45,1358.84,1358.71,1358.29,1357.77,1357.78,1360.66,1365.04,1369.24,1371.51,1376.02,1385.42,1396.47,1405.34,1408.29,1410.01,1411.16,1411.83,1412.26,1412.43,1412.53,1412.63,1412.73,1412.87,1413.37,1414.04,1414.57,1414.45,1413.96,1412.87,1410.97,1407.93,1404.75,1402.40,1401.10,1400.90,1401.00,1401.67,1402.79,1404.41,1406.78,1409.38,1412.30,1415.51,1419.02,1422.94,1427.68,1432.21,1435.84,1438.63,1440.21,1441.37,1442.27,1442.61,1442.66,1442.10,1441.42,1441.16,1441.43,1442.47,1444.32,1446.94,1449.99,1453.27,1456.55,1459.66,1462.43,1465.13,1467.73,1470.24,1472.69,1475.10,1477.55,1480.14,1483.08,1486.67,1489.91,1492.37,1494.49,1496.71,1499.26,1502.31,1505.35,1508.12,1510.45,1512.47,1514.43,1516.42,1518.40,1520.39,1522.41,1524.41,1526.34,1528.18,1530.09,1532.38,1535.20,1538.74,1543.16,1548.01,1552.97,1557.83,1562.55,1567.19,1572.10,1577.03,1580.78,1583.60,1586.17,1588.68,1591.09,1593.44,1595.78,1598.15,1600.75,1603.87,1606.67,1609.11,1611.19,1612.84,1614.53,1616.22,1617.88,1619.35,1620.32,1620.86,1621.20,1621.29,1620.84,1620.36,1619.44,1618.08,1616.39,1614.77,1613.15,1611.68,1610.29,1608.19,1605.58,1602.97,1600.27,1596.80,1592.87,1588.61,1584.14,1579.61,1575.74,1571.62,1567.71,1564.61,1562.97,1562.98,1563.62,1564.45,1565.25,1565.84,1566.29,1566.58,1566.73,1566.90,1566.72,1565.94,1564.72,1563.69,1562.39,1561.85,1562.17,1563.30,1564.62,1565.46,1565.75,1565.48,1564.81,1563.78,1562.19,1559.98,1557.01,1553.33,1549.68,1547.17,1546.26,1544.99,1542.71,1539.88,1536.56,1532.28,1526.43,1519.33,1512.12,1505.86,1499.72,1493.86,1487.72,1480.55,1471.50,1465.41,1465.13,1469.45,1475.50,1482.40,1489.03,1494.53,1498.39,1502.02,1506.08,1509.30,1511.13,1511.71,1512.04,1512.15,1512.12,1512.13,1512.68,1513.68,1515.10,1516.89,1518.48,1520.16,1522.25,1524.99,1529.03,1535.27,1541.11,1546.41,1551.69,1557.85,1563.79,1569.96,1576.37,1582.31,1587.11,1592.00,1596.97,1601.57,1606.00,1609.68,1612.40,1613.57,1612.21,1609.96,1607.52,1605.01,1602.17,1599.36,1596.12,1592.22,1587.58,1583.02,1578.48,1573.80,1568.23,1560.43,1554.93,1549.30
1346.91,1349.93,1351.68,1352.15,1352.13,1351.94,1351.83,1352.45,1356.20,1361.41,1366.12,1368.20,1372.03,1381.64,1392.80,1400.94,1403.82,1405.24,1406.22,1407.01,1407.73,1408.19,1408.40,1408.49,1408.62,1408.87,1409.47,1410.22,1410.87,1410.95,1410.65,1409.61,1407.69,1404.74,1401.75,1399.37,1397.67,1396.81,1396.77,1397.54,1399.02,1401.26,1404.24,1407.18,1409.97,1412.93,1416.55,1420.54,1425.52,1430.21,1433.75,1436.14,1437.61,1438.68,1439.47,1439.74,1439.69,1438.95,1438.01,1437.44,1437.55,1438.66,1440.62,1443.29,1446.38,1449.78,1453.20,1456.40,1459.18,1461.89,1464.54,1467.09,1469.52,1471.90,1474.15,1476.47,1479.16,1482.72,1485.99,1488.69,1491.11,1493.55,1495.92,1498.56,1501.32,1504.05,1506.50,1508.62,1510.53,1512.33,1514.08,1515.89,1517.90,1520.04,1522.29,1524.60,1527.49,1530.80,1534.43,1538.43,1543.01,1547.95,1553.05,1558.14,1562.83,1567.18,1571.63,1576.07,1579.62,1582.39,1584.93,1587.41,1589.80,1592.19,1594.56,1596.96,1599.54,1602.57,1605.63,1608.51,1610.93,1612.42,1613.87,1615.46,1617.10,1618.66,1619.95,1620.56,1620.91,1621.08,1620.75,1620.34,1619.30,1617.70,1615.88,1614.20,1612.49,1610.77,1608.91,1606.39,1603.61,1600.72,1597.60,1593.76,1589.86,1585.73,1581.58,1577.76,1574.37,1570.57,1566.67,1563.04,1560.28,1558.91,1558.74,1559.35,1560.27,1561.24,1561.93,1562.29,1562.28,1562.01,1561.33,1560.29,1559.04,1557.87,1556.55,1555.81,1555.83,1556.76,1558.39,1559.70,1560.43,1560.45,1559.88,1558.77,1556.98,1554.65,1551.85,1548.00,1544.30,1541.83,1541.13,1540.67,1539.11,1536.85,1533.87,1529.60,1523.62,1516.39,1509.20,1503.25,1497.38,1491.58,1485.61,1478.82,1469.85,1462.94,1461.35,1464.45,1470.14,1476.89,1483.54,1489.57,1494.41,1497.51,1500.73,1503.30,1504.84,1505.54,1505.83,1505.77,1505.72,1506.17,1507.39,1508.95,1510.89,1513.15,1515.05,1517.48,1520.61,1524.45,1529.17,1535.35,1541.07,1546.30,1551.51,1557.39,1563.40,1569.75,1576.22,1581.84,1586.60,1591.33,1596.08,1600.56,1604.77,1607.95,1609.95,1610.29,1608.20,1605.22,1602.38,1599.90,1597.55,1594.88,1591.87,1588.38,1584.29,1580.14,1575.91,1570.57,1563.94,1557.04,1551.10,1544.99
1337.80,1341.30,1343.54,1344.13,1344.28,1344.46,1345.10,1347.29,1352.35,1358.32,1363.33,1365.28,1368.22,1377.58,1388.52,1396.07,1399.12,1400.45,1401.38,1402.33,1403.36,1404.16,1404.56,1404.74,1404.96,1405.32,1405.91,1406.57,1407.12,1407.33,1407.11,1406.05,1404.13,1401.50,1398.83,1396.56,1394.58,1393.05,1392.88,1393.80,1395.76,1398.68,1402.20,1405.33,1407.81,1410.34,1413.87,1417.91,1423.09,1428.08,1431.83,1433.83,1435.19,1436.17,1436.82,1436.98,1436.80,1435.87,1434.65,1433.72,1433.50,1434.69,1436.75,1439.43,1442.57,1446.11,1449.72,1453.10,1455.93,1458.64,1461.28,1463.79,1466.17,1468.53,1470.68,1472.83,1475.31,1478.61,1481.73,1484.56,1487.26,1489.94,1492.39,1494.79,1497.27,1499.85,1502.34,1504.58,1506.49,1508.19,1509.87,1511.59,1513.59,1515.90,1518.60,1521.57,1525.53,1529.79,1534.09,1538.40,1543.05,1547.91,1552.97,1558.12,1562.71,1566.82,1570.82,1574.72,1578.09,1580.84,1583.36,1585.82,1588.28,1590.80,1593.24,1595.66,1598.18,1600.92,1604.18,1607.48,1610.29,1611.76,1612.98,1614.41,1616.05,1617.74,1619.37,1620.18,1620.59,1620.79,1620.60,1620.23,1619.05,1617.22,1615.20,1613.38,1611.55,1609.55,1607.20,1604.43,1601.48,1598.31,1594.80,1590.84,1587.07,1583.19,1579.44,1576.16,1572.98,1569.39,1565.46,1561.42,1557.86,1555.06,1553.76,1553.78,1554.66,1555.90,1556.90,1557.44,1557.39,1556.88,1555.96,1554.92,1553.80,1552.49,1551.22,1550.26,1549.84,1550.32,1551.95,1553.58,1554.68,1555.05,1554.67,1553.59,1551.70,1549.28,1546.62,1542.80,1539.10,1536.59,1535.95,1536.32,1535.56,1533.77,1530.91,1526.53,1520.42,1513.36,1506.50,1500.88,1495.30,1489.55,1483.68,1477.07,1468.02,1460.33,1457.37,1459.08,1464.43,1471.23,1477.67,1483.96,1489.93,1493.02,1495.38,1497.07,1498.13,1498.93,1499.18,1499.08,1499.21,1500.30,1502.21,1504.32,1506.76,1509.55,1512.06,1515.41,1519.64,1524.48,1529.74,1535.85,1541.38,1546.49,1551.63,1557.24,1563.29,1569.76,1576.21,1581.43,1586.11,1590.66,1595.18,1599.56,1603.57,1606.26,1607.55,1607.09,1604.56,1601.07,1597.87,1595.29,1593.24,1590.64,1587.85,1584.77,1581.19,1577.39,1573.22,1567.06,1559.39,1553.58,1547.16,1540.69
1328.29,1330.30,1331.77,1332.42,1332.75,1333.34,1335.52,1342.11,1349.01,1355.42,1360.57,1363.30,1366.50,1374.22,1383.18,1389.93,1393.73,1396.10,1397.58,1398.44,1399.12,1399.88,1400.59,1401.18,1401.55,1401.94,1402.43,1402.89,1403.21,1403.32,1403.06,1402.02,1400.37,1398.46,1396.12,1393.95,1391.97,1390.27,1389.61,1390.69,1393.19,1396.75,1400.60,1403.61,1405.99,1408.21,1410.92,1414.71,1419.49,1424.58,1429.10,1431.44,1432.80,1433.73,1434.35,1434.42,1434.09,1432.89,1431.43,1430.33,1429.67,1430.76,1432.85,1435.53,1438.51,1442.02,1445.83,1449.54,1452.65,1455.41,1457.98,1460.40,1462.67,1464.90,1467.01,1469.03,1471.23,1474.14,1477.15,1479.77,1482.25,1484.90,1487.75,1490.64,1493.31,1495.70,1498.03,1500.36,1502.35,1504.04,1505.61,1507.38,1509.46,1512.33,1516.24,1520.52,1525.00,1529.51,1534.01,1538.55,1543.23,1547.86,1552.56,1557.42,1561.87,1565.68,1569.28,1572.76,1576.02,1578.67,1581.13,1583.64,1586.37,1589.17,1591.72,1594.16,1596.59,1599.11,1602.12,1605.35,1608.38,1610.49,1611.77,1613.10,1614.63,1616.36,1618.19,1619.52,1620.26,1620.46,1620.43,1620.03,1618.62,1616.48,1614.20,1611.99,1609.79,1607.47,1604.97,1602.28,1599.18,1595.91,1592.49,1588.84,1585.14,1581.45,1577.89,1574.62,1571.48,1567.85,1563.87,1559.79,1556.10,1552.57,1549.85,1548.29,1548.34,1548.98,1549.88,1550.57,1550.80,1550.83,1550.45,1549.77,1548.85,1547.72,1546.41,1545.36,1544.74,1544.85,1545.97,1547.34,1548.57,1549.40,1549.48,1548.71,1547.08,1544.75,1541.81,1538.13,1534.14,1531.36,1530.95,1531.85,1531.78,1530.28,1527.29,1522.89,1516.70,1510.26,1504.21,1498.73,1493.23,1487.93,1482.27,1475.34,1465.68,1457.52,1453.26,1453.33,1458.16,1465.41,1471.78,1477.40,1482.73,1487.18,1490.37,1492.20,1492.84,1493.01,1492.99,1493.20,1493.97,1495.65,1497.68,1499.79,1502.33,1505.60,1509.44,1514.35,1519.78,1525.38,1530.97,1536.91,1542.22,1547.22,1552.34,1557.66,1563.88,1570.04,1575.73,1580.93,1585.65,1590.13,1594.48,1598.61,1601.95,1604.41,1605.33,1604.21,1601.67,1598.07,1594.58,1591.62,1589.22,1586.82,1584.30,1581.46,1578.15,1574.68,1569.94,1563.45,1555.91,1549.86,1543.31,1537.06
1321.40,1322.34,1323.26,1323.93,1324.52,1325.80,1329.26,1337.48,1345.55,1352.32,1357.49,1360.80,1364.51,1371.17,1378.94,1385.59,1389.57,1392.43,1394.23,1395.06,1395.40,1395.85,1396.51,1397.21,1397.71,1398.13,1398.60,1399.02,1399.31,1399.38,1399.24,1398.39,1396.98,1395.47,1393.41,1391.35,1389.33,1387.51,1386.69,1388.07,1390.84,1394.49,1398.55,1401.78,1404.25,1406.33,1408.55,1411.74,1415.94,1420.66,1425.19,1427.86,1429.48,1430.63,1431.38,1431.46,1431.01,1429.68,1428.09,1426.83,1426.10,1426.99,1428.94,1431.57,1434.45,1437.87,1441.68,1445.50,1448.88,1451.94,1454.55,1456.89,1459.08,1461.23,1463.25,1465.15,1467.14,1469.65,1472.56,1475.06,1477.38,1479.89,1482.76,1485.74,1488.55,1491.09,1493.50,1495.91,1498.08,1499.94,1501.56,1503.49,1506.54,1510.54,1515.33,1520.29,1524.92,1529.46,1534.06,1538.74,1543.21,1547.54,1551.94,1556.50,1560.66,1564.22,1567.55,1570.81,1573.89,1576.51,1578.96,1581.48,1584.28,1587.19,1589.90,1592.42,1594.82,1597.22,1599.96,1602.96,1606.01,1608.59,1610.23,1611.67,1613.20,1614.91,1616.68,1618.30,1619.45,1619.98,1620.00,1619.26,1617.62,1615.40,1613.03,1610.61,1608.15,1605.65,1603.08,1600.43,1597.39,1594.17,1590.80,1587.19,1583.48,1579.89,1576.46,1573.15,1569.78,1566.06,1562.11,1558.08,1554.27,1550.32,1546.67,1543.88,1542.81,1542.91,1543.69,1544.46,1544.85,1545.13,1544.99,1544.57,1543.90,1542.95,1541.68,1540.60,1539.87,1539.72,1540.57,1541.88,1543.31,1544.56,1544.99,1544.52,1543.00,1540.56,1537.27,1533.49,1529.32,1526.39,1526.05,1527.01,1527.21,1526.04,1523.24,1518.64,1512.94,1507.38,1502.02,1496.59,1491.18,1486.20,1480.78,1473.72,1463.62,1455.13,1449.84,1448.49,1452.57,1459.25,1465.64,1471.23,1476.04,1480.45,1483.75,1485.80,1486.74,1487.12,1487.38,1488.05,1489.37,1491.54,1494.02,1496.57,1499.50,1503.21,1507.98,1514.27,1520.63,1526.62,1532.27,1537.99,1543.05,1547.87,1552.90,1558.15,1564.29,1570.16,1575.43,1580.52,1585.22,1589.58,1593.71,1597.53,1600.54,1602.70,1603.29,1601.80,1599.07,1595.33,1591.47,1587.97,1585.21,1582.86,1580.46,1577.80,1574.74,1571.32,1566.26,1559.86,1552.78,1546.57,1540.29,1534.34
1316.87,1317.28,1317.84,1318.46,1319.39,1321.53,1325.87,1333.20,1341.61,1348.71,1353.99,1357.71,1362.09,1368.37,1375.71,1382.68,1386.38,1389.22,1391.13,1391.98,1392.04,1392.05,1392.30,1392.76,1393.33,1393.84,1394.38,1394.93,1395.38,1395.54,1395.64,1395.09,1393.91,1392.46,1390.64,1388.66,1386.58,1384.65,1383.99,1385.71,1388.47,1391.83,1395.96,1399.71,1402.48,1404.60,1406.67,1409.07,1412.55,1416.53,1420.42,1423.28,1425.30,1426.79,1427.77,1427.94,1427.38,1426.11,1424.57,1423.23,1422.73,1423.37,1425.04,1427.56,1430.38,1433.69,1437.34,1441.07,1444.65,1448.15,1450.90,1453.23,1455.38,1457.53,1459.40,1461.20,1463.05,1465.19,1467.95,1470.41,1472.65,1474.97,1477.60,1480.32,1483.16,1486.09,1488.79,1491.32,1493.76,1496.02,1497.94,1500.18,1504.81,1510.29,1515.55,1520.61,1525.11,1529.57,1534.20,1538.96,1543.04,1547.03,1551.16,1555.39,1559.17,1562.47,1565.67,1568.86,1571.78,1574.40,1576.90,1579.40,1582.07,1584.96,1587.81,1590.45,1592.84,1595.23,1597.73,1600.44,1603.34,1606.16,1608.36,1610.10,1611.71,1613.38,1614.91,1616.59,1618.13,1619.19,1619.18,1617.94,1616.13,1614.03,1611.70,1609.25,1606.69,1604.11,1601.53,1598.84,1596.03,1593.00,1589.63,1585.81,1582.02,1578.47,1575.12,1571.76,1567.92,1564.09,1560.20,1556.23,1552.30,1548.16,1543.98,1540.22,1537.89,1537.54,1538.19,1538.93,1539.34,1539.58,1539.43,1539.18,1538.81,1538.03,1536.90,1535.87,1535.08,1534.80,1535.68,1537.14,1538.83,1540.39,1541.05,1540.85,1539.31,1536.57,1532.85,1528.70,1524.40,1521.47,1521.05,1521.72,1521.84,1521.00,1518.67,1513.92,1509.23,1504.64,1499.80,1494.37,1489.12,1484.36,1479.13,1472.18,1461.86,1453.20,1447.12,1444.56,1447.61,1452.86,1459.29,1465.37,1469.92,1473.14,1475.83,1478.07,1479.82,1481.10,1482.18,1483.51,1485.34,1487.98,1491.25,1494.65,1498.26,1502.38,1507.66,1514.98,1521.98,1528.07,1533.57,1539.05,1543.83,1548.39,1553.29,1558.63,1564.49,1570.14,1575.31,1580.20,1584.79,1588.98,1592.83,1596.31,1599.30,1601.09,1601.34,1599.73,1596.65,1592.75,1588.44,1584.28,1581.15,1578.68,1576.27,1573.75,1570.94,1567.35,1562.26,1556.26,1549.80,1543.63,1537.95,1532.33
1313.41,1313.57,1313.60,1313.77,1314.82,1317.29,1321.68,1327.89,1335.02,1342.47,1349.27,1354.05,1359.21,1365.74,1372.57,1378.38,1382.20,1385.21,1387.25,1388.19,1388.17,1388.09,1387.72,1387.44,1387.87,1388.75,1389.57,1390.32,1391.03,1391.67,1391.93,1391.58,1390.64,1389.17,1387.42,1385.38,1383.27,1381.47,1380.92,1382.35,1385.00,1388.46,1392.40,1396.55,1400.03,1402.68,1404.63,1406.74,1409.56,1412.94,1416.41,1418.77,1420.53,1421.71,1422.36,1422.44,1422.11,1421.41,1420.52,1419.70,1419.47,1419.93,1421.20,1423.34,1426.26,1429.49,1433.01,1436.63,1440.15,1443.26,1446.20,1448.96,1451.46,1453.63,1455.42,1457.18,1459.02,1460.93,1463.17,1465.43,1467.62,1469.88,1472.92,1475.63,1478.27,1481.10,1484.25,1487.08,1490.07,1493.20,1496.29,1499.38,1504.68,1510.53,1515.77,1520.70,1525.12,1529.52,1534.14,1538.98,1542.93,1546.60,1550.34,1554.18,1557.43,1560.36,1563.39,1566.64,1569.86,1572.58,1575.05,1577.46,1579.99,1582.75,1585.60,1588.23,1590.54,1592.89,1595.30,1597.93,1600.76,1603.58,1605.90,1607.92,1609.75,1611.41,1612.86,1614.41,1615.87,1616.93,1617.08,1616.10,1614.50,1612.54,1610.31,1607.84,1605.28,1602.69,1600.07,1597.33,1594.56,1591.68,1588.47,1584.50,1580.68,1577.17,1573.84,1570.38,1566.07,1561.98,1557.92,1553.82,1549.89,1545.83,1540.68,1535.38,1532.20,1531.41,1531.55,1531.88,1532.16,1532.39,1532.52,1532.63,1532.64,1532.26,1531.58,1530.69,1529.91,1529.77,1531.02,1532.73,1534.50,1536.02,1536.76,1536.70,1535.31,1532.41,1527.78,1522.74,1518.09,1515.20,1514.93,1515.39,1515.38,1514.55,1512.61,1509.26,1505.76,1501.64,1496.86,1491.56,1486.82,1482.24,1477.13,1470.46,1460.54,1452.07,1445.32,1441.32,1442.74,1447.05,1452.84,1458.73,1463.55,1466.48,1468.83,1470.72,1472.33,1474.17,1476.54,1479.12,1482.09,1485.85,1490.04,1494.32,1498.69,1503.33,1508.63,1515.84,1523.02,1529.45,1534.84,1539.94,1544.40,1548.72,1553.42,1558.77,1564.55,1570.10,1575.18,1579.97,1584.28,1588.24,1591.84,1594.95,1597.79,1599.07,1598.87,1597.15,1594.17,1590.09,1585.41,1580.66,1576.73,1573.80,1571.42,1569.19,1566.70,1563.11,1558.20,1552.48,1546.37,1540.56,1535.38,1530.18
1309.33,1309.45,1309.26,1309.19,1310.64,1313.57,1317.85,1322.89,1328.50,1335.44,1343.06,1349.88,1356.47,1363.37,1369.74,1374.69,1378.36,1381.30,1383.27,1384.15,1384.09,1383.88,1383.05,1382.25,1382.51,1383.53,1384.56,1385.60,1386.69,1387.80,1388.19,1387.99,1387.21,1385.72,1384.02,1382.10,1380.13,1378.50,1378.01,1379.09,1381.56,1385.08,1388.80,1392.87,1396.69,1399.93,1402.29,1404.44,1406.83,1409.66,1412.68,1414.71,1416.23,1417.15,1417.55,1417.57,1417.43,1417.17,1416.78,1416.34,1416.28,1416.65,1417.66,1419.50,1422.37,1425.48,1428.88,1432.43,1435.79,1438.48,1441.43,1444.40,1447.12,1449.35,1451.22,1453.03,1454.82,1456.52,1458.27,1460.30,1462.41,1464.61,1467.70,1470.63,1473.39,1476.39,1480.39,1483.87,1487.54,1491.48,1495.55,1499.44,1504.98,1510.77,1515.83,1520.57,1524.94,1529.30,1533.90,1538.79,1542.68,1546.11,1549.47,1552.84,1555.64,1558.28,1561.12,1564.31,1567.77,1570.69,1573.23,1575.60,1578.01,1580.62,1583.39,1585.99,1588.24,1590.52,1592.86,1595.42,1598.17,1600.91,1603.31,1605.51,1607.52,1609.19,1610.62,1612.08,1613.39,1614.35,1614.64,1614.06,1612.74,1610.92,1608.79,1606.33,1603.81,1601.27,1598.70,1595.98,1593.28,1590.53,1587.44,1583.43,1579.54,1576.01,1572.61,1568.91,1564.22,1559.79,1555.48,1551.26,1547.37,1543.31,1537.38,1530.89,1527.10,1525.70,1525.27,1525.21,1525.33,1525.53,1525.82,1526.14,1526.36,1526.20,1525.82,1525.09,1524.44,1524.59,1526.08,1527.91,1529.69,1531.15,1531.95,1531.91,1530.49,1527.38,1522.05,1516.51,1511.80,1508.98,1508.68,1508.92,1508.96,1508.30,1506.84,1504.79,1502.18,1498.35,1493.64,1488.66,1484.33,1479.72,1474.66,1468.38,1459.15,1451.01,1443.89,1438.75,1438.34,1441.75,1446.83,1452.26,1457.09,1459.98,1462.29,1464.20,1465.96,1468.33,1471.75,1475.59,1479.83,1484.73,1489.72,1494.69,1499.68,1504.76,1510.12,1516.75,1523.88,1530.68,1535.99,1540.70,1544.86,1548.95,1553.50,1558.81,1564.56,1570.07,1575.06,1579.64,1583.74,1587.57,1591.01,1593.79,1596.38,1597.04,1596.31,1594.51,1591.71,1587.48,1582.41,1577.11,1572.53,1569.22,1566.81,1564.64,1562.03,1558.13,1553.41,1547.97,1542.12,1536.74,1531.64,1526.82
1303.57,1303.95,1304.26,1304.50,1307.05,1310.87,1315.09,1318.91,1323.22,1327.92,1334.35,1344.92,1354.21,1361.39,1367.48,1372.80,1375.65,1377.96,1379.42,1379.92,1379.82,1379.21,1378.36,1377.73,1377.84,1378.38,1379.41,1380.86,1382.58,1383.90,1384.45,1384.30,1383.53,1382.05,1380.49,1379.02,1377.52,1376.05,1375.57,1376.43,1378.63,1381.96,1385.54,1388.62,1391.90,1395.57,1399.39,1402.04,1404.42,1406.80,1409.19,1411.52,1413.11,1414.14,1414.71,1414.81,1414.64,1414.37,1413.91,1413.29,1413.18,1413.61,1414.69,1416.49,1418.99,1421.84,1425.17,1428.68,1431.81,1434.40,1436.97,1439.53,1441.99,1444.36,1446.63,1448.61,1450.27,1451.73,1453.20,1455.00,1457.00,1459.02,1461.17,1464.68,1468.35,1472.23,1477.80,1482.61,1487.10,1491.49,1495.83,1500.17,1505.48,1510.82,1515.57,1520.12,1524.47,1528.84,1533.40,1538.28,1542.09,1545.42,1548.48,1551.26,1553.87,1556.44,1559.05,1561.88,1565.26,1568.56,1571.39,1573.84,1576.19,1578.62,1581.26,1583.82,1586.10,1588.24,1590.47,1592.94,1595.56,1598.11,1600.66,1602.93,1604.91,1606.63,1608.12,1609.58,1610.85,1611.75,1612.10,1611.84,1610.79,1609.11,1606.99,1604.61,1602.19,1599.82,1597.46,1594.90,1592.46,1589.80,1586.66,1582.76,1578.74,1575.07,1571.43,1567.26,1562.38,1557.49,1552.87,1548.65,1544.79,1540.51,1534.31,1527.60,1523.52,1521.17,1520.21,1519.91,1519.90,1519.99,1520.12,1520.25,1520.28,1519.92,1519.39,1518.79,1518.54,1519.18,1520.49,1522.13,1523.85,1525.38,1526.25,1525.99,1524.15,1520.62,1515.28,1510.26,1506.14,1503.46,1502.64,1502.63,1503.07,1503.08,1502.32,1500.67,1498.26,1494.54,1490.13,1485.78,1481.58,1476.56,1471.38,1465.70,1457.46,1449.77,1442.84,1437.25,1434.83,1437.27,1441.74,1446.48,1450.53,1453.53,1456.28,1459.15,1462.13,1465.08,1468.87,1473.72,1479.26,1485.05,1490.54,1495.84,1501.10,1506.44,1512.10,1517.74,1524.52,1531.66,1536.90,1541.32,1545.16,1549.06,1553.56,1558.82,1564.56,1570.07,1574.94,1579.06,1583.18,1587.10,1590.53,1593.13,1595.32,1595.13,1593.78,1591.93,1589.30,1585.00,1579.49,1573.66,1568.98,1565.53,1562.94,1560.29,1556.66,1551.77,1547.17,1542.06,1536.44,1531.47,1525.68,1521.06
1298.01,1298.50,1299.50,1300.60,1303.55,1307.52,1311.84,1315.73,1319.63,1324.08,1330.80,1342.60,1353.08,1360.37,1365.97,1370.68,1373.29,1375.05,1375.98,1376.17,1375.94,1375.18,1374.43,1373.96,1374.00,1374.22,1374.99,1376.35,1378.21,1379.84,1380.51,1380.52,1379.94,1378.60,1377.18,1375.84,1374.56,1373.42,1373.03,1373.85,1375.96,1379.15,1382.47,1385.17,1387.97,1391.09,1394.54,1397.73,1400.78,1403.43,1405.61,1407.80,1409.45,1410.72,1411.63,1411.93,1411.70,1411.29,1410.67,1409.88,1409.67,1410.13,1411.48,1413.67,1416.14,1418.78,1421.82,1425.09,1428.24,1430.87,1433.36,1435.74,1437.97,1440.13,1442.28,1444.23,1445.92,1447.37,1448.71,1450.20,1451.93,1454.00,1456.36,1460.21,1464.86,1470.21,1476.63,1482.07,1486.85,1491.31,1495.72,1500.16,1505.17,1510.18,1514.82,1519.28,1523.68,1528.15,1532.81,1537.65,1541.37,1544.47,1547.26,1549.87,1552.36,1554.81,1557.26,1559.81,1562.79,1566.09,1569.18,1571.93,1574.32,1576.72,1579.23,1581.68,1583.92,1585.99,1588.11,1590.32,1592.63,1595.08,1597.64,1600.07,1602.25,1604.07,1605.58,1607.05,1608.30,1609.19,1609.59,1609.45,1608.55,1607.04,1605.07,1602.78,1600.59,1598.50,1596.42,1594.11,1591.83,1589.14,1585.90,1582.20,1578.26,1574.44,1570.43,1565.78,1560.59,1555.24,1550.29,1545.95,1541.83,1536.76,1530.57,1524.46,1520.52,1517.98,1516.74,1516.18,1515.99,1516.03,1515.95,1515.78,1515.51,1515.01,1514.32,1513.69,1513.44,1513.97,1515.16,1516.83,1518.51,1519.85,1520.44,1520.01,1518.04,1514.60,1509.89,1505.47,1501.78,1499.19,1498.09,1497.90,1498.25,1498.41,1497.99,1496.66,1494.39,1490.95,1486.88,1482.57,1477.10,1472.06,1467.40,1462.27,1454.57,1447.38,1440.74,1434.99,1431.62,1433.06,1436.91,1440.98,1444.20,1447.45,1450.80,1454.55,1458.71,1462.95,1467.36,1473.03,1479.39,1485.46,1491.18,1496.61,1502.07,1507.71,1513.32,1518.70,1525.21,1532.19,1537.48,1541.72,1545.41,1549.21,1553.67,1558.91,1564.55,1569.81,1574.35,1578.24,1582.32,1586.33,1589.84,1592.25,1593.79,1593.32,1591.82,1589.68,1586.53,1581.81,1576.19,1570.53,1566.05,1562.42,1559.28,1555.85,1551.45,1546.21,1540.18,1534.36,1529.12,1524.16,1519.03,1515.06
1292.38,1293.30,1295.15,1297.19,1300.39,1304.41,1308.90,1313.22,1317.06,1321.92,1329.50,1341.95,1352.65,1359.76,1364.75,1368.54,1370.93,1372.04,1372.38,1372.20,1371.65,1370.64,1369.92,1369.65,1369.84,1370.13,1370.77,1371.96,1373.76,1375.61,1376.46,1376.68,1376.34,1375.12,1373.66,1372.17,1370.84,1369.85,1369.51,1370.52,1372.85,1376.11,1379.19,1381.86,1384.36,1386.80,1389.34,1392.78,1396.34,1399.30,1401.46,1403.51,1405.21,1406.69,1407.89,1408.44,1408.25,1407.77,1407.07,1406.22,1405.94,1406.40,1408.07,1410.82,1413.48,1416.01,1418.72,1421.68,1424.79,1427.46,1429.98,1432.30,1434.37,1436.24,1438.08,1439.90,1441.63,1443.10,1444.44,1445.68,1447.22,1449.55,1452.67,1456.94,1462.55,1469.32,1476.10,1481.74,1486.52,1490.87,1495.25,1499.71,1504.44,1509.15,1513.65,1518.12,1522.64,1527.30,1532.09,1536.87,1540.55,1543.41,1545.97,1548.52,1550.92,1553.25,1555.56,1557.88,1560.41,1563.53,1566.79,1569.83,1572.34,1574.77,1577.17,1579.51,1581.70,1583.73,1585.74,1587.69,1589.67,1591.98,1594.40,1596.95,1599.39,1601.40,1602.99,1604.49,1605.75,1606.66,1607.10,1606.99,1606.20,1604.85,1603.07,1600.83,1598.86,1597.06,1595.25,1593.32,1591.21,1588.47,1585.14,1581.63,1577.81,1573.86,1569.52,1564.41,1558.92,1553.17,1547.86,1543.25,1538.80,1533.02,1526.98,1521.57,1517.86,1515.33,1513.86,1512.99,1512.56,1512.54,1512.25,1511.82,1511.29,1510.68,1509.95,1509.33,1509.01,1509.29,1510.37,1512.03,1513.59,1514.64,1514.89,1514.32,1512.34,1509.12,1505.06,1501.00,1497.62,1495.21,1494.01,1493.68,1493.78,1493.87,1493.64,1492.58,1490.43,1487.29,1483.43,1478.74,1472.10,1467.23,1463.14,1458.39,1451.15,1444.49,1438.15,1432.38,1428.55,1429.07,1432.35,1435.90,1438.54,1442.07,1446.04,1450.62,1455.86,1461.57,1466.62,1472.96,1479.87,1485.91,1491.72,1497.22,1502.88,1508.81,1514.29,1519.69,1525.92,1532.50,1537.87,1541.99,1545.65,1549.46,1553.88,1559.09,1564.53,1569.48,1573.68,1577.37,1581.30,1585.29,1588.82,1591.06,1592.00,1591.45,1589.89,1587.38,1583.60,1578.48,1572.94,1567.65,1563.38,1559.58,1555.83,1551.56,1546.35,1540.68,1533.21,1526.63,1521.58,1516.44,1512.19,1508.89
1286.12,1289.09,1292.07,1294.50,1298.57,1303.29,1307.95,1312.24,1315.98,1321.00,1329.55,1344.08,1353.45,1359.41,1363.64,1366.60,1367.97,1367.97,1367.49,1366.66,1365.00,1363.06,1361.99,1361.99,1363.11,1364.76,1366.23,1367.74,1369.39,1371.01,1372.22,1372.80,1372.60,1371.26,1368.99,1366.65,1364.49,1362.77,1362.19,1364.07,1367.55,1371.65,1374.78,1377.85,1380.79,1383.44,1385.69,1388.17,1390.53,1392.84,1395.20,1397.67,1399.44,1400.78,1401.85,1402.68,1403.01,1402.90,1402.54,1402.10,1401.90,1402.27,1404.15,1407.50,1410.80,1413.48,1416.11,1418.75,1421.26,1423.78,1426.30,1428.66,1430.73,1432.50,1434.12,1435.73,1437.26,1438.53,1440.13,1441.50,1443.34,1446.56,1450.89,1456.25,1462.65,1469.70,1476.01,1481.18,1485.59,1489.69,1493.90,1498.65,1503.28,1507.55,1511.58,1516.26,1521.09,1526.07,1531.07,1535.70,1539.54,1542.39,1544.76,1547.10,1549.35,1551.60,1553.79,1555.94,1558.34,1561.17,1564.21,1567.22,1569.98,1572.52,1574.92,1577.19,1579.34,1581.37,1583.38,1585.28,1587.09,1588.94,1590.84,1593.24,1595.87,1598.33,1600.29,1601.91,1603.24,1604.21,1604.61,1604.50,1603.82,1602.63,1600.89,1598.62,1596.62,1594.86,1593.28,1592.10,1590.26,1587.61,1584.35,1580.88,1577.05,1573.07,1568.63,1563.29,1557.71,1551.72,1545.93,1540.74,1536.10,1530.76,1524.92,1519.44,1515.72,1512.88,1510.94,1509.60,1508.78,1508.52,1508.17,1507.74,1507.23,1506.69,1506.34,1506.11,1506.07,1506.41,1507.35,1508.56,1509.64,1510.34,1510.49,1509.87,1507.93,1504.70,1500.33,1495.57,1492.40,1490.55,1489.63,1489.18,1489.02,1488.97,1488.82,1488.03,1485.97,1482.97,1478.76,1472.93,1467.56,1463.11,1458.79,1453.83,1447.43,1441.29,1435.21,1429.53,1425.61,1425.65,1428.53,1432.13,1435.30,1438.99,1443.45,1448.68,1454.74,1461.44,1466.92,1473.66,1480.73,1486.34,1492.06,1497.77,1503.71,1509.83,1515.42,1520.82,1526.64,1532.69,1538.03,1542.13,1545.99,1550.01,1554.44,1559.48,1564.56,1569.28,1573.38,1576.70,1580.11,1583.62,1586.83,1589.01,1589.82,1589.07,1587.24,1584.41,1580.56,1575.66,1570.46,1565.40,1560.86,1556.96,1552.94,1548.01,1541.52,1534.10,1527.50,1521.43,1515.66,1510.13,1505.60,1502.44
1280.51,1284.36,1288.87,1293.25,1298.39,1303.50,1308.03,1311.95,1315.54,1321.13,1330.83,1346.41,1354.29,1358.97,1362.17,1364.02,1364.44,1363.34,1361.77,1360.02,1357.91,1356.15,1355.39,1355.74,1357.36,1359.81,1361.94,1363.80,1365.43,1366.81,1367.95,1368.37,1367.90,1366.34,1363.90,1361.39,1359.02,1357.01,1356.16,1357.95,1361.47,1365.76,1369.26,1372.81,1376.20,1379.26,1381.80,1384.07,1385.88,1387.70,1389.78,1391.99,1393.54,1394.67,1395.60,1396.48,1397.00,1397.16,1397.15,1397.13,1397.27,1398.15,1400.40,1403.95,1407.57,1410.59,1413.27,1415.70,1417.89,1420.22,1422.55,1424.77,1426.80,1428.53,1430.03,1431.49,1432.83,1433.85,1435.52,1437.78,1440.84,1445.10,1450.24,1456.23,1462.87,1469.69,1475.45,1480.15,1484.25,1488.15,1492.33,1497.34,1501.89,1505.91,1509.75,1514.59,1519.70,1524.77,1529.65,1534.17,1538.03,1540.92,1543.26,1545.43,1547.51,1549.68,1551.82,1553.92,1556.29,1558.91,1561.70,1564.57,1567.42,1570.06,1572.55,1574.88,1577.01,1579.03,1581.00,1582.84,1584.54,1586.13,1587.71,1589.89,1592.43,1594.95,1597.13,1598.99,1600.53,1601.66,1602.11,1602.05,1601.50,1600.39,1598.48,1596.18,1594.08,1592.38,1591.21,1590.43,1588.62,1586.08,1583.09,1579.79,1576.07,1572.16,1567.79,1562.55,1557.00,1550.78,1544.54,1538.84,1534.29,1529.17,1523.39,1517.78,1513.83,1510.62,1508.13,1506.19,1504.79,1504.09,1503.69,1503.37,1503.07,1502.76,1502.67,1502.82,1503.15,1503.69,1504.57,1505.50,1506.26,1506.72,1506.81,1505.97,1503.37,1499.32,1494.58,1489.93,1487.02,1485.34,1484.39,1483.78,1483.46,1483.33,1483.22,1482.67,1480.80,1477.87,1473.72,1468.22,1463.66,1459.14,1454.47,1449.42,1443.58,1437.78,1431.78,1426.00,1421.97,1421.88,1424.72,1428.59,1432.57,1437.21,1442.63,1448.65,1455.19,1462.09,1467.72,1474.41,1481.25,1486.52,1492.13,1498.08,1504.26,1510.56,1516.47,1521.82,1527.22,1532.79,1538.18,1542.57,1546.72,1550.91,1555.25,1559.89,1564.52,1568.93,1572.89,1575.97,1578.88,1581.78,1584.44,1586.30,1586.91,1586.11,1584.17,1581.15,1577.20,1572.45,1567.54,1562.79,1558.46,1554.61,1549.90,1543.88,1536.37,1528.82,1522.50,1516.28,1509.89,1504.10,1499.34,1496.19
1275.68,1279.28,1285.56,1293.13,1299.44,1304.59,1308.74,1312.14,1315.61,1322.30,1333.44,1348.62,1355.02,1358.38,1360.34,1360.89,1360.46,1358.37,1355.62,1352.88,1350.96,1350.37,1350.47,1351.16,1352.77,1355.30,1357.77,1359.95,1361.69,1362.92,1363.62,1363.45,1362.41,1360.64,1358.64,1356.62,1354.62,1352.80,1351.72,1352.53,1355.07,1358.93,1363.03,1367.03,1370.76,1374.23,1377.44,1380.26,1382.28,1383.89,1385.32,1386.67,1387.80,1388.72,1389.52,1390.26,1390.61,1390.93,1391.23,1391.55,1392.23,1394.13,1396.88,1400.24,1403.84,1407.29,1410.13,1412.50,1414.66,1416.79,1418.77,1420.71,1422.62,1424.37,1425.83,1427.18,1428.38,1429.23,1430.92,1434.68,1439.66,1444.98,1450.51,1456.64,1463.01,1469.19,1474.37,1478.71,1482.58,1486.39,1490.63,1495.81,1500.30,1504.27,1508.25,1513.19,1518.54,1523.47,1527.93,1532.29,1536.05,1539.01,1541.43,1543.50,1545.41,1547.51,1549.64,1551.78,1554.22,1556.71,1559.26,1561.92,1564.70,1567.39,1570.07,1572.55,1574.70,1576.72,1578.61,1580.35,1581.96,1583.50,1585.00,1586.95,1589.17,1591.39,1593.62,1595.80,1597.66,1598.99,1599.61,1599.66,1599.27,1598.19,1595.94,1593.64,1591.43,1589.84,1589.12,1588.33,1586.37,1583.98,1581.41,1578.41,1574.94,1571.17,1566.99,1562.11,1556.69,1550.29,1543.65,1537.61,1533.34,1528.11,1522.22,1516.52,1512.18,1508.57,1505.50,1502.86,1500.73,1499.42,1498.89,1498.73,1498.71,1498.74,1498.85,1499.35,1500.10,1500.91,1501.82,1502.56,1503.13,1503.48,1503.45,1502.22,1498.47,1493.06,1488.05,1484.31,1481.67,1479.76,1478.47,1477.61,1477.21,1477.05,1476.96,1476.65,1475.09,1472.22,1468.59,1464.67,1460.22,1455.22,1450.21,1445.24,1439.62,1434.00,1427.90,1421.84,1417.65,1417.73,1420.85,1425.24,1430.20,1436.46,1443.30,1450.22,1456.98,1463.39,1468.92,1475.17,1481.43,1486.49,1491.99,1498.13,1504.54,1511.00,1517.34,1522.62,1527.63,1532.81,1538.35,1543.25,1547.77,1552.09,1556.25,1560.31,1564.43,1568.46,1572.19,1575.16,1577.59,1579.82,1581.76,1583.05,1583.37,1582.60,1580.73,1577.61,1573.46,1568.81,1564.16,1559.86,1556.17,1552.41,1546.61,1539.17,1531.09,1524.88,1518.08,1511.06,1504.28,1498.32,1493.52,1490.26
1271.93,1276.07,1283.17,1291.73,1298.61,1303.85,1307.82,1311.64,1315.90,1325.28,1338.50,1350.26,1355.34,1357.51,1358.37,1358.17,1356.77,1354.42,1351.81,1349.33,1347.47,1346.88,1346.93,1347.48,1348.71,1350.56,1352.46,1354.53,1356.67,1358.18,1358.93,1358.76,1357.85,1356.38,1354.52,1352.59,1350.67,1348.91,1347.75,1348.38,1350.82,1354.70,1358.78,1362.59,1366.15,1369.40,1372.18,1374.99,1377.38,1379.29,1380.77,1382.18,1383.35,1384.29,1385.08,1385.78,1386.23,1386.66,1387.03,1387.43,1388.49,1390.71,1393.57,1396.82,1400.21,1403.49,1406.43,1409.03,1411.25,1413.28,1415.21,1417.07,1418.83,1420.43,1421.72,1422.94,1424.25,1425.99,1428.94,1433.71,1439.36,1445.09,1450.99,1457.22,1463.18,1468.47,1472.91,1477.00,1480.94,1484.92,1489.20,1494.07,1498.54,1502.76,1507.12,1512.33,1517.74,1522.52,1526.60,1530.35,1533.78,1536.67,1539.14,1541.26,1543.11,1545.21,1547.26,1549.25,1551.70,1554.10,1556.61,1559.23,1561.95,1564.55,1567.33,1570.01,1572.33,1574.35,1576.14,1577.78,1579.34,1580.80,1582.26,1584.14,1586.28,1588.45,1590.68,1592.92,1594.83,1596.23,1597.21,1597.48,1597.27,1596.33,1594.12,1592.00,1590.01,1588.37,1587.17,1585.92,1584.10,1582.08,1579.89,1577.17,1573.98,1570.28,1566.11,1561.37,1556.06,1549.85,1543.32,1537.28,1533.03,1527.30,1521.18,1515.46,1510.83,1507.00,1503.53,1500.37,1497.70,1495.80,1494.59,1493.90,1493.67,1493.87,1494.51,1495.54,1496.66,1497.59,1498.43,1498.22,1498.14,1498.51,1498.01,1495.97,1492.41,1487.87,1483.25,1479.95,1477.30,1475.06,1473.31,1472.11,1471.43,1471.10,1471.02,1471.03,1470.05,1467.85,1464.78,1461.00,1456.08,1451.07,1446.15,1441.19,1435.71,1430.02,1423.87,1417.74,1413.25,1413.38,1417.15,1422.56,1428.66,1435.89,1443.83,1451.62,1458.77,1464.85,1470.35,1476.03,1481.63,1486.67,1492.05,1498.19,1504.65,1511.18,1517.60,1522.87,1527.76,1532.81,1538.40,1543.60,1548.43,1552.91,1557.03,1560.91,1564.61,1568.17,1571.44,1574.04,1576.16,1577.86,1579.14,1579.88,1579.89,1578.87,1576.73,1573.38,1569.31,1564.93,1560.98,1557.47,1553.94,1549.64,1542.69,1534.73,1527.51,1521.37,1513.90,1506.55,1499.92,1493.72,1489.06,1485.36
1269.01,1274.00,1281.43,1289.59,1296.29,1301.70,1306.15,1310.64,1316.10,1328.59,1343.96,1351.55,1355.24,1356.35,1356.33,1355.67,1353.70,1351.33,1349.00,1346.86,1344.99,1344.01,1343.74,1344.04,1344.97,1346.23,1347.60,1349.46,1351.76,1353.42,1354.25,1354.23,1353.57,1352.43,1350.72,1348.82,1346.88,1345.11,1343.95,1344.60,1347.15,1351.13,1355.20,1358.77,1362.03,1364.87,1367.13,1369.72,1372.22,1374.28,1375.81,1377.26,1378.38,1379.35,1380.27,1381.14,1381.81,1382.43,1383.00,1383.67,1385.14,1387.55,1390.45,1393.59,1396.79,1399.84,1402.81,1405.56,1407.83,1409.79,1411.71,1413.54,1415.21,1416.68,1417.88,1419.11,1420.77,1423.63,1427.85,1433.28,1439.18,1445.07,1451.07,1457.42,1463.03,1467.51,1471.39,1475.37,1479.46,1483.64,1487.95,1492.54,1497.10,1501.60,1506.20,1511.41,1516.87,1521.58,1525.35,1528.45,1531.43,1534.14,1536.58,1538.70,1540.48,1542.59,1544.59,1546.48,1548.90,1551.22,1553.66,1556.22,1558.84,1561.39,1564.21,1567.00,1569.53,1571.69,1573.54,1575.19,1576.68,1578.07,1579.51,1581.36,1583.48,1585.68,1587.92,1590.15,1592.05,1593.54,1594.85,1595.32,1595.34,1594.66,1592.65,1590.73,1588.94,1587.21,1585.51,1583.86,1582.20,1580.42,1578.38,1575.87,1572.97,1569.29,1565.04,1560.34,1555.13,1549.20,1542.99,1537.16,1532.87,1526.64,1520.30,1514.57,1509.76,1505.74,1501.96,1498.37,1495.16,1492.63,1490.68,1489.36,1488.74,1488.97,1490.12,1491.63,1493.01,1493.88,1494.48,1493.48,1492.83,1493.06,1492.27,1489.82,1486.73,1483.21,1479.13,1476.11,1473.40,1470.85,1468.64,1467.07,1466.02,1465.46,1465.39,1465.76,1465.38,1463.77,1460.99,1456.95,1451.80,1446.97,1442.22,1437.20,1431.64,1425.81,1419.68,1413.68,1409.35,1409.86,1414.19,1420.42,1427.59,1435.53,1444.35,1452.76,1460.10,1466.05,1471.53,1476.73,1481.83,1486.95,1492.26,1498.28,1504.64,1511.12,1517.61,1522.89,1527.76,1532.78,1538.43,1543.92,1549.01,1553.64,1557.73,1561.45,1564.75,1567.80,1570.55,1572.77,1574.59,1575.83,1576.56,1576.77,1576.44,1575.07,1572.66,1569.23,1565.33,1561.43,1558.13,1555.23,1551.74,1546.63,1538.74,1530.65,1524.43,1517.81,1510.14,1502.93,1496.56,1490.23,1485.37,1480.98
1267.43,1273.54,1280.72,1286.40,1291.55,1297.29,1303.59,1308.82,1316.01,1331.74,1349.05,1352.39,1354.39,1354.68,1354.20,1353.45,1351.86,1349.62,1347.27,1345.03,1343.01,1341.43,1340.64,1340.70,1341.71,1342.93,1344.33,1345.97,1347.73,1349.07,1349.78,1349.90,1349.48,1348.47,1347.05,1345.23,1343.22,1341.34,1340.25,1341.04,1343.68,1347.78,1352.14,1355.69,1358.53,1360.91,1363.03,1365.18,1367.13,1368.76,1370.00,1370.94,1371.60,1372.50,1373.76,1375.28,1376.29,1377.32,1378.52,1379.99,1382.02,1384.71,1387.64,1390.65,1393.76,1396.78,1399.61,1402.19,1404.45,1406.38,1408.25,1410.07,1411.78,1413.26,1414.57,1416.15,1418.51,1422.56,1427.41,1433.00,1438.85,1444.61,1450.14,1456.65,1462.14,1466.09,1469.92,1474.04,1478.32,1482.66,1487.01,1491.61,1496.43,1501.14,1505.57,1510.09,1515.69,1520.51,1524.06,1526.71,1529.06,1531.40,1533.66,1535.64,1537.28,1539.31,1541.36,1543.35,1545.73,1547.96,1550.18,1552.47,1554.91,1557.64,1560.33,1563.03,1565.79,1568.37,1570.69,1572.55,1573.99,1575.33,1576.72,1578.56,1580.71,1582.99,1585.24,1587.43,1589.40,1591.07,1592.52,1593.09,1593.43,1593.23,1591.66,1589.84,1588.00,1586.20,1584.44,1582.70,1581.13,1579.19,1576.82,1574.34,1571.72,1568.05,1563.62,1558.82,1553.72,1548.08,1542.36,1537.06,1532.74,1526.18,1519.67,1513.96,1509.16,1504.90,1500.96,1497.07,1493.21,1489.92,1487.35,1485.51,1484.45,1484.43,1485.86,1487.64,1489.05,1489.57,1489.54,1488.55,1487.71,1487.43,1486.94,1485.14,1482.48,1479.24,1475.64,1472.83,1470.06,1467.29,1464.74,1462.74,1461.25,1460.38,1460.27,1461.10,1461.21,1459.69,1456.60,1452.09,1447.59,1443.13,1438.46,1433.29,1427.20,1421.22,1415.20,1409.70,1406.61,1408.29,1412.78,1419.14,1427.15,1435.56,1444.93,1453.39,1460.42,1466.62,1472.02,1477.02,1482.03,1487.36,1492.70,1498.44,1504.41,1510.63,1517.37,1522.71,1527.60,1532.68,1538.46,1544.34,1549.64,1554.33,1558.37,1561.77,1564.67,1567.19,1569.39,1571.30,1572.75,1573.66,1574.03,1573.73,1573.05,1571.27,1568.73,1565.58,1561.95,1558.82,1555.95,1553.08,1549.59,1543.36,1535.00,1527.24,1521.59,1513.90,1507.16,1500.93,1494.81,1488.65,1482.79,1477.30
1267.84,1273.80,1279.17,1282.78,1286.93,1292.83,1300.37,1307.28,1317.42,1334.24,1350.61,1352.34,1353.16,1353.00,1352.43,1351.65,1350.14,1347.99,1345.66,1343.36,1341.09,1338.77,1337.18,1336.51,1337.01,1338.64,1340.65,1342.51,1344.00,1345.20,1345.90,1346.05,1345.69,1344.74,1343.42,1341.80,1339.96,1338.07,1336.76,1337.47,1339.88,1343.64,1348.12,1352.13,1355.06,1357.24,1359.17,1360.93,1362.54,1363.94,1365.03,1365.82,1366.40,1367.26,1368.43,1369.72,1370.88,1372.15,1373.69,1375.71,1378.36,1381.55,1384.72,1387.66,1390.52,1393.39,1396.16,1398.73,1400.98,1403.00,1404.92,1406.78,1408.53,1410.05,1411.65,1413.87,1417.04,1421.53,1426.28,1431.67,1437.48,1443.38,1448.63,1454.84,1460.39,1464.73,1468.81,1473.26,1477.82,1482.36,1486.81,1491.45,1496.25,1500.85,1505.07,1509.33,1514.49,1519.00,1522.36,1524.68,1526.72,1528.70,1530.52,1532.02,1533.53,1535.28,1537.25,1539.45,1541.92,1544.20,1546.36,1548.49,1550.73,1553.15,1555.58,1558.11,1560.83,1563.50,1566.22,1568.63,1570.67,1572.46,1573.92,1575.69,1577.83,1580.27,1582.65,1584.82,1586.79,1588.57,1590.20,1591.08,1591.58,1591.50,1590.21,1588.50,1586.72,1584.95,1583.20,1581.46,1579.61,1577.47,1575.09,1572.74,1570.00,1566.24,1561.77,1556.98,1552.00,1546.70,1541.46,1536.63,1532.35,1525.42,1518.85,1513.35,1508.57,1504.15,1500.02,1495.92,1491.78,1487.92,1484.63,1482.02,1480.28,1479.92,1481.21,1483.01,1484.56,1485.26,1485.20,1484.31,1483.46,1483.01,1482.64,1481.09,1478.57,1475.46,1472.23,1469.40,1466.57,1463.60,1460.43,1457.20,1455.26,1454.40,1454.46,1455.30,1455.77,1454.69,1451.97,1447.72,1443.52,1439.08,1434.16,1428.60,1422.50,1416.72,1410.98,1405.98,1403.96,1406.83,1412.32,1419.17,1427.01,1435.37,1445.10,1453.71,1460.57,1466.83,1472.21,1477.19,1482.23,1487.66,1493.03,1498.51,1504.05,1509.88,1516.62,1522.21,1527.19,1532.24,1538.14,1544.06,1549.56,1554.49,1558.60,1561.77,1564.33,1566.44,1568.20,1569.75,1570.82,1571.31,1571.21,1570.46,1569.37,1567.43,1564.96,1562.16,1559.23,1556.64,1554.01,1550.96,1546.60,1539.24,1531.42,1524.66,1519.23,1511.79,1505.54,1499.70,1493.74,1487.43,1479.86,1473.06
1268.77,1274.04,1277.29,1279.34,1282.67,1288.50,1296.89,1305.84,1319.07,1335.81,1350.04,1351.47,1351.56,1351.18,1350.65,1349.86,1348.37,1346.32,1344.07,1341.73,1339.12,1336.09,1333.71,1332.24,1332.07,1334.11,1336.76,1338.95,1340.35,1341.53,1342.26,1342.43,1342.07,1341.19,1339.91,1338.52,1336.91,1335.01,1333.38,1333.83,1335.84,1339.14,1343.53,1347.97,1351.24,1353.54,1355.39,1356.88,1358.26,1359.50,1360.50,1361.29,1361.93,1362.76,1363.67,1364.46,1365.63,1367.00,1368.72,1371.14,1374.39,1378.10,1381.56,1384.54,1387.18,1389.87,1392.62,1395.22,1397.46,1399.64,1401.68,1403.61,1405.42,1407.14,1409.16,1412.16,1416.18,1420.89,1425.35,1430.44,1436.15,1442.14,1447.18,1452.90,1458.52,1463.53,1467.93,1472.75,1477.59,1482.31,1486.87,1491.52,1496.17,1500.55,1504.57,1508.69,1513.12,1517.11,1520.29,1522.41,1524.31,1525.94,1527.23,1528.19,1529.55,1530.97,1532.81,1535.16,1537.70,1540.06,1542.24,1544.32,1546.37,1548.34,1550.48,1552.83,1555.34,1557.90,1560.91,1563.98,1566.86,1569.27,1570.99,1572.76,1574.89,1577.49,1580.06,1582.26,1584.25,1586.10,1587.88,1589.08,1589.68,1589.59,1588.51,1586.93,1585.23,1583.51,1581.76,1579.96,1577.76,1575.46,1573.19,1570.95,1567.99,1564.10,1559.64,1554.90,1550.11,1545.17,1540.38,1535.96,1531.74,1524.48,1517.93,1512.70,1507.94,1503.41,1499.09,1494.84,1490.58,1486.28,1482.25,1478.76,1476.22,1475.43,1476.29,1477.94,1479.62,1480.66,1480.78,1480.02,1479.16,1478.58,1478.11,1476.54,1474.01,1471.08,1468.45,1465.73,1462.85,1459.64,1455.84,1451.40,1449.06,1448.28,1448.56,1449.28,1449.93,1449.28,1447.14,1443.48,1439.44,1434.82,1429.54,1423.68,1417.88,1412.39,1406.97,1402.49,1401.48,1405.40,1412.10,1419.53,1426.88,1434.90,1444.98,1453.80,1460.54,1466.80,1472.22,1477.30,1482.41,1487.85,1493.27,1498.54,1503.69,1509.08,1515.67,1521.55,1526.66,1531.66,1537.64,1543.47,1549.12,1554.28,1558.49,1561.51,1563.76,1565.55,1566.99,1568.14,1568.76,1568.76,1568.20,1567.06,1565.55,1563.59,1561.33,1558.91,1556.74,1554.55,1551.97,1548.55,1543.14,1535.04,1528.17,1522.54,1517.22,1510.72,1504.65,1498.86,1493.04,1486.49,1477.33,1469.30
1268.40,1272.96,1275.51,1277.45,1279.83,1284.84,1293.48,1304.22,1319.00,1334.62,1346.65,1348.72,1349.06,1348.75,1348.17,1347.33,1346.20,1344.41,1342.38,1340.02,1336.82,1333.48,1330.85,1329.15,1328.78,1330.34,1332.73,1334.92,1336.53,1337.88,1338.65,1338.88,1338.66,1337.92,1336.86,1335.56,1333.95,1331.97,1330.06,1329.83,1331.39,1334.50,1338.20,1342.06,1345.82,1349.15,1351.58,1353.15,1354.37,1355.41,1356.30,1357.08,1357.77,1358.51,1359.26,1359.94,1360.88,1362.05,1363.74,1366.41,1370.08,1373.93,1377.61,1380.95,1383.72,1386.44,1389.16,1391.72,1393.93,1396.23,1398.54,1400.65,1402.63,1405.10,1407.88,1411.70,1416.54,1421.88,1426.60,1431.57,1436.89,1442.33,1447.05,1452.30,1457.70,1462.89,1467.49,1472.40,1477.34,1482.13,1486.68,1491.19,1495.67,1499.89,1503.74,1507.48,1511.05,1514.40,1517.37,1519.62,1521.45,1522.80,1523.77,1524.52,1525.53,1526.88,1528.54,1530.54,1532.83,1535.15,1537.56,1539.86,1541.68,1543.51,1545.51,1547.65,1549.85,1551.95,1554.95,1558.46,1562.00,1564.92,1567.50,1569.68,1571.89,1574.49,1577.23,1579.74,1581.96,1583.87,1585.54,1586.78,1587.49,1587.52,1586.55,1585.14,1583.51,1581.73,1579.75,1577.50,1575.34,1573.20,1570.98,1568.52,1565.57,1561.65,1557.10,1552.40,1548.02,1543.45,1539.01,1534.85,1530.57,1523.34,1516.95,1511.91,1507.14,1502.53,1498.10,1493.77,1489.43,1484.95,1480.21,1475.84,1472.47,1471.07,1470.91,1472.10,1473.75,1474.85,1474.99,1474.21,1473.11,1471.94,1470.74,1468.67,1466.07,1463.79,1462.92,1461.29,1458.42,1454.80,1450.77,1446.62,1444.08,1443.18,1443.58,1444.36,1444.57,1443.72,1441.88,1438.99,1435.10,1430.03,1424.58,1419.22,1414.17,1408.70,1403.40,1399.51,1399.63,1403.93,1411.18,1419.01,1426.13,1433.73,1444.35,1453.49,1460.08,1466.37,1472.05,1477.33,1482.48,1487.78,1493.22,1498.55,1503.55,1508.51,1514.76,1520.80,1526.10,1531.13,1537.04,1542.85,1548.34,1553.37,1557.64,1560.68,1562.67,1564.29,1565.67,1566.46,1566.25,1565.67,1564.82,1563.49,1561.66,1559.87,1558.02,1555.99,1553.97,1552.06,1549.12,1544.87,1539.26,1532.09,1526.04,1520.84,1515.81,1510.81,1504.47,1498.35,1492.72,1486.10,1477.10,1468.69
1267.03,1271.88,1274.08,1276.15,1278.13,1282.51,1290.88,1302.75,1318.24,1332.48,1342.53,1345.30,1345.92,1345.75,1345.25,1344.48,1343.62,1341.97,1339.86,1337.27,1333.95,1330.85,1328.32,1326.53,1325.93,1327.18,1329.14,1331.11,1332.82,1334.25,1335.05,1335.35,1335.22,1334.70,1333.84,1332.52,1330.80,1328.71,1326.61,1325.64,1326.46,1329.12,1332.80,1336.31,1340.22,1344.09,1347.03,1348.84,1350.05,1351.04,1351.93,1352.80,1353.62,1354.37,1355.04,1355.66,1356.45,1357.39,1358.95,1361.73,1365.49,1369.39,1373.20,1376.75,1379.78,1382.73,1385.55,1388.18,1390.64,1393.31,1396.04,1398.52,1400.93,1404.40,1408.14,1412.75,1418.19,1423.86,1428.95,1433.94,1438.84,1443.51,1447.89,1452.57,1457.40,1462.20,1466.80,1471.76,1476.76,1481.61,1486.17,1490.60,1494.87,1498.85,1502.43,1505.75,1508.72,1511.47,1514.02,1516.20,1517.90,1519.09,1519.95,1520.65,1521.44,1522.75,1524.34,1526.18,1528.45,1530.92,1533.41,1535.68,1537.40,1539.11,1541.00,1543.01,1545.04,1546.88,1549.77,1553.38,1557.25,1560.77,1563.98,1566.63,1569.06,1571.69,1574.48,1577.15,1579.55,1581.58,1583.22,1584.53,1585.33,1585.47,1584.62,1583.31,1581.62,1579.63,1577.35,1574.90,1572.79,1570.77,1568.61,1566.02,1563.05,1558.99,1554.35,1549.82,1545.78,1541.60,1537.48,1533.41,1528.80,1521.96,1515.89,1510.92,1506.17,1501.52,1496.99,1492.53,1488.06,1483.44,1478.09,1473.09,1469.14,1466.97,1465.91,1465.93,1466.59,1467.41,1467.88,1467.69,1467.01,1465.82,1463.92,1461.46,1459.01,1457.31,1457.31,1456.55,1453.93,1450.31,1446.38,1442.39,1439.50,1438.40,1438.84,1439.47,1439.37,1438.46,1436.86,1434.38,1430.29,1425.18,1420.10,1415.41,1410.72,1405.21,1399.90,1396.49,1398.04,1402.87,1410.28,1418.20,1425.45,1432.99,1443.51,1452.66,1459.36,1465.67,1471.53,1477.13,1482.44,1487.44,1492.73,1498.25,1503.29,1507.89,1513.65,1519.92,1525.42,1530.46,1536.29,1542.01,1547.30,1552.14,1556.37,1559.67,1561.61,1563.08,1564.22,1564.48,1563.83,1563.03,1561.99,1560.32,1558.21,1556.42,1554.70,1552.78,1550.48,1548.38,1545.24,1540.86,1535.53,1529.51,1524.24,1519.56,1515.12,1511.06,1504.40,1498.02,1492.66,1486.41,1478.24,1470.31
1264.64,1270.76,1272.99,1275.26,1277.44,1281.48,1289.15,1301.47,1316.97,1329.68,1337.97,1341.42,1342.21,1342.22,1341.91,1341.28,1340.51,1338.84,1336.39,1333.43,1330.52,1328.16,1326.01,1324.18,1323.31,1324.50,1325.97,1327.56,1329.24,1330.62,1331.44,1331.76,1331.70,1331.44,1330.72,1329.29,1327.38,1325.18,1322.98,1321.41,1321.29,1323.20,1327.44,1330.93,1334.64,1338.45,1341.71,1343.83,1345.20,1346.28,1347.29,1348.34,1349.37,1350.23,1350.90,1351.49,1352.23,1352.94,1354.31,1357.03,1360.52,1364.51,1368.44,1372.06,1375.37,1378.80,1381.93,1384.86,1387.89,1391.14,1394.38,1397.41,1400.53,1405.17,1409.97,1415.27,1420.99,1426.61,1432.11,1437.22,1441.71,1445.48,1449.50,1453.55,1457.49,1461.43,1465.85,1470.76,1475.78,1480.68,1485.29,1489.72,1493.72,1497.36,1500.62,1503.49,1506.13,1508.38,1510.32,1512.17,1513.64,1514.78,1515.70,1516.51,1517.26,1518.55,1520.16,1522.09,1524.60,1527.40,1529.82,1531.83,1533.58,1535.16,1536.94,1538.89,1540.93,1542.80,1545.53,1548.90,1552.76,1556.93,1560.52,1563.62,1566.43,1569.12,1571.83,1574.48,1576.98,1579.20,1580.91,1582.34,1583.23,1583.44,1582.71,1581.40,1579.54,1577.23,1574.60,1572.25,1570.18,1568.20,1566.11,1563.50,1560.40,1556.11,1551.40,1547.20,1543.40,1539.63,1535.79,1531.63,1526.41,1520.31,1514.70,1509.71,1505.00,1500.36,1495.74,1491.11,1486.43,1481.67,1475.82,1470.45,1466.18,1463.06,1461.18,1459.47,1458.30,1458.54,1459.65,1460.61,1461.01,1460.38,1457.91,1455.26,1453.13,1451.86,1451.73,1451.51,1449.40,1446.26,1442.73,1438.62,1435.21,1433.81,1434.18,1434.45,1434.25,1433.48,1432.08,1429.58,1425.05,1420.39,1416.15,1412.18,1407.43,1401.83,1396.42,1393.40,1396.66,1402.26,1409.49,1417.23,1424.89,1432.73,1442.48,1451.32,1458.41,1464.73,1470.67,1476.66,1482.25,1486.81,1491.80,1497.63,1502.90,1507.20,1512.32,1518.89,1524.63,1529.62,1535.37,1540.92,1546.00,1550.60,1554.66,1558.41,1560.52,1561.88,1562.65,1562.30,1561.64,1560.93,1559.77,1557.58,1555.23,1553.18,1551.24,1549.08,1546.20,1543.51,1540.43,1536.69,1532.07,1527.23,1522.73,1518.68,1515.07,1511.30,1504.38,1497.88,1492.84,1487.37,1480.50,1473.86
1260.63,1267.64,1271.64,1274.18,1276.51,1280.39,1287.68,1300.54,1315.65,1326.87,1333.72,1337.69,1338.54,1338.49,1338.00,1337.00,1335.87,1333.93,1331.66,1329.32,1327.05,1325.00,1322.97,1321.20,1320.32,1321.14,1322.47,1323.95,1325.42,1326.67,1327.44,1327.74,1327.72,1327.57,1326.83,1325.22,1323.21,1321.20,1319.23,1318.24,1318.30,1319.59,1322.48,1325.88,1329.54,1333.15,1336.23,1338.27,1339.66,1340.83,1341.97,1343.13,1344.16,1345.09,1345.92,1346.63,1347.36,1347.99,1349.10,1351.32,1354.26,1359.28,1364.06,1367.81,1371.34,1375.62,1380.00,1384.25,1388.23,1391.64,1394.96,1398.46,1402.56,1407.92,1412.91,1418.00,1423.34,1428.75,1434.39,1439.23,1443.23,1446.60,1450.32,1453.98,1457.52,1461.07,1465.08,1469.28,1474.03,1479.01,1483.66,1488.13,1491.93,1495.27,1498.24,1500.79,1503.06,1504.95,1506.52,1507.99,1509.07,1510.05,1510.94,1511.74,1512.71,1514.13,1515.77,1517.70,1520.36,1523.28,1525.82,1527.94,1529.75,1531.22,1532.86,1534.74,1536.91,1539.24,1541.98,1545.21,1548.92,1553.06,1557.14,1560.82,1564.01,1566.70,1569.29,1571.87,1574.41,1576.73,1578.49,1580.06,1581.06,1581.35,1580.60,1579.05,1576.94,1574.47,1571.84,1569.65,1567.64,1565.67,1563.55,1560.85,1557.06,1552.73,1548.41,1544.52,1540.94,1537.34,1533.55,1529.20,1523.56,1518.14,1513.05,1508.14,1503.34,1498.75,1494.14,1489.48,1484.69,1479.55,1473.27,1467.45,1462.54,1458.27,1454.91,1452.46,1451.05,1451.15,1452.41,1453.75,1454.54,1454.12,1451.50,1448.88,1446.74,1445.38,1445.30,1445.45,1444.23,1441.92,1438.77,1434.86,1430.95,1428.91,1428.82,1429.00,1428.78,1427.97,1426.47,1423.91,1419.95,1415.90,1412.17,1408.57,1404.02,1398.14,1392.89,1390.75,1395.47,1401.78,1409.03,1416.60,1424.23,1432.03,1441.04,1449.74,1457.34,1463.65,1469.63,1475.86,1481.64,1486.02,1490.72,1496.95,1502.49,1506.46,1510.94,1517.60,1523.53,1528.53,1534.01,1539.39,1544.14,1548.36,1552.17,1555.85,1558.49,1560.35,1561.35,1561.18,1560.67,1559.48,1557.59,1555.05,1552.49,1549.51,1546.52,1543.74,1540.96,1538.52,1535.90,1532.88,1529.29,1525.51,1521.64,1517.90,1514.41,1510.69,1504.02,1497.88,1493.28,1488.28,1482.68,1477.13
1257.26,1264.73,1270.34,1273.20,1275.71,1279.46,1286.47,1299.95,1314.44,1324.27,1329.89,1334.07,1335.00,1334.83,1334.05,1332.63,1331.08,1328.92,1326.92,1325.19,1323.27,1321.26,1319.26,1317.63,1316.98,1317.60,1318.90,1320.30,1321.53,1322.58,1323.24,1323.48,1323.46,1323.32,1322.47,1320.75,1318.84,1317.24,1315.70,1315.45,1315.91,1316.85,1318.46,1321.51,1324.95,1328.23,1330.89,1332.75,1334.11,1335.32,1336.53,1337.74,1338.81,1339.87,1340.89,1341.74,1342.54,1343.16,1344.15,1346.17,1349.39,1355.30,1360.79,1364.84,1368.71,1373.79,1379.41,1384.91,1389.56,1393.04,1396.40,1400.29,1405.11,1410.70,1415.50,1420.17,1425.03,1430.17,1435.82,1440.37,1443.99,1447.12,1450.54,1453.89,1457.15,1460.45,1464.05,1467.55,1471.80,1476.59,1481.33,1485.86,1489.61,1492.81,1495.57,1497.84,1499.74,1501.29,1502.54,1503.56,1504.29,1505.03,1505.73,1506.40,1507.56,1509.19,1510.98,1513.02,1515.77,1518.73,1521.45,1523.85,1525.86,1527.35,1528.88,1530.79,1533.23,1536.00,1538.79,1541.91,1545.45,1549.40,1553.75,1557.90,1561.51,1564.32,1566.83,1569.35,1571.88,1574.25,1576.04,1577.70,1578.81,1579.17,1578.39,1576.59,1574.30,1571.79,1569.24,1567.13,1565.18,1563.17,1560.90,1557.91,1553.61,1549.38,1545.48,1541.87,1538.49,1535.01,1531.09,1526.41,1520.65,1515.83,1511.15,1506.36,1501.51,1496.91,1492.29,1487.61,1482.75,1477.28,1470.66,1464.25,1458.52,1453.34,1448.81,1445.89,1444.47,1444.48,1445.68,1447.05,1447.89,1447.47,1444.90,1442.39,1440.29,1438.92,1438.87,1439.21,1438.71,1437.15,1434.38,1430.74,1426.58,1423.86,1422.97,1422.89,1422.55,1421.67,1420.15,1417.74,1414.71,1411.39,1408.14,1404.78,1400.22,1393.98,1389.26,1388.44,1394.44,1401.38,1408.70,1416.15,1423.66,1431.27,1439.69,1448.24,1456.17,1462.43,1468.42,1474.86,1480.86,1485.18,1489.61,1496.05,1501.79,1505.61,1509.58,1516.03,1522.04,1527.19,1532.44,1537.56,1541.94,1545.79,1549.33,1552.66,1555.59,1557.96,1559.51,1559.83,1559.55,1557.98,1555.48,1552.63,1549.43,1545.46,1541.51,1538.15,1535.56,1533.41,1531.27,1528.99,1526.48,1523.64,1520.34,1516.87,1513.42,1509.67,1503.50,1497.89,1493.65,1489.09,1484.63,1480.12
1256.43,1263.56,1269.28,1272.58,1275.35,1278.95,1285.71,1300.04,1313.55,1322.14,1326.89,1330.63,1331.78,1331.46,1330.35,1328.67,1326.80,1324.75,1322.92,1321.14,1318.72,1316.34,1314.26,1312.94,1313.03,1314.07,1315.34,1316.56,1317.61,1318.34,1318.74,1318.84,1318.75,1318.45,1317.43,1315.80,1314.36,1313.61,1312.85,1312.96,1313.70,1314.92,1316.50,1318.65,1321.33,1324.01,1326.04,1327.69,1328.93,1330.05,1331.17,1332.35,1333.66,1335.04,1336.28,1337.16,1338.25,1338.99,1340.17,1343.06,1348.73,1354.71,1360.12,1364.84,1369.37,1374.93,1381.18,1387.12,1391.49,1395.05,1398.63,1402.74,1407.56,1412.36,1416.56,1420.81,1425.33,1430.21,1435.63,1440.06,1443.59,1446.64,1449.75,1452.80,1455.84,1458.96,1462.28,1465.49,1468.82,1472.72,1477.69,1482.29,1486.32,1489.77,1492.52,1494.57,1496.09,1497.27,1498.15,1498.60,1499.15,1499.51,1499.72,1500.02,1501.09,1503.07,1505.35,1507.77,1510.54,1513.46,1516.41,1519.28,1521.83,1523.64,1525.20,1527.34,1530.38,1533.24,1536.09,1539.13,1542.50,1546.32,1550.30,1554.56,1558.65,1561.95,1564.52,1567.01,1569.47,1571.76,1573.55,1575.20,1576.40,1576.87,1576.06,1574.09,1571.88,1569.54,1567.07,1564.80,1562.85,1560.72,1558.04,1554.34,1550.32,1546.42,1542.74,1539.33,1536.14,1532.74,1528.42,1523.11,1517.92,1513.47,1508.94,1504.24,1499.58,1494.76,1490.01,1485.29,1480.38,1474.85,1468.03,1460.81,1453.95,1448.58,1444.06,1440.80,1438.92,1438.72,1439.60,1440.64,1441.05,1440.29,1438.09,1435.75,1434.04,1433.10,1432.94,1433.10,1432.70,1431.45,1429.09,1425.71,1421.90,1418.60,1416.32,1415.35,1414.58,1413.72,1412.56,1410.87,1409.02,1406.63,1403.98,1400.76,1395.55,1388.86,1385.37,1386.72,1393.70,1401.08,1408.52,1415.96,1423.40,1430.62,1438.80,1447.10,1454.78,1460.95,1466.88,1473.56,1479.92,1484.36,1488.48,1494.63,1500.40,1504.50,1508.32,1513.93,1519.78,1525.33,1530.57,1535.25,1539.26,1542.86,1546.10,1548.68,1551.08,1553.69,1556.18,1557.26,1557.34,1555.91,1553.47,1550.33,1545.42,1540.70,1536.48,1532.93,1530.32,1528.10,1526.23,1524.64,1523.20,1521.11,1518.29,1515.16,1511.93,1508.09,1502.77,1497.82,1493.74,1489.64,1486.04,1482.54
1256.21,1263.04,1268.44,1272.12,1275.24,1279.25,1286.44,1300.61,1312.76,1320.35,1324.55,1327.81,1329.09,1328.66,1327.25,1325.25,1322.91,1320.34,1317.86,1315.51,1313.11,1310.97,1309.30,1308.41,1308.76,1310.03,1311.43,1312.65,1313.52,1313.93,1314.06,1314.01,1313.80,1313.31,1312.39,1311.20,1310.18,1309.68,1309.52,1310.29,1311.54,1313.03,1314.60,1316.43,1318.38,1320.19,1321.62,1323.17,1324.39,1325.47,1326.57,1327.70,1328.99,1330.36,1331.76,1333.13,1334.56,1336.36,1339.05,1343.45,1350.02,1355.93,1361.26,1366.22,1371.07,1376.64,1383.08,1389.10,1393.05,1396.59,1400.30,1404.41,1408.88,1413.08,1416.81,1420.70,1424.94,1429.44,1434.38,1438.75,1442.34,1445.17,1448.07,1450.98,1453.87,1456.83,1460.01,1463.07,1466.07,1469.41,1473.67,1478.22,1482.16,1485.58,1488.42,1490.46,1491.92,1492.93,1493.56,1493.78,1494.10,1494.42,1494.72,1495.16,1496.29,1498.08,1500.22,1502.64,1505.35,1508.13,1511.05,1514.05,1516.97,1519.25,1521.23,1523.66,1526.96,1530.41,1533.54,1536.66,1540.04,1543.87,1547.59,1551.66,1555.68,1559.15,1562.11,1564.69,1567.04,1569.17,1571.04,1572.68,1573.91,1574.57,1574.21,1572.33,1570.04,1567.60,1565.05,1562.60,1560.39,1557.88,1554.86,1551.23,1547.55,1543.94,1540.45,1537.14,1533.97,1530.13,1525.43,1520.07,1515.17,1510.93,1506.57,1502.01,1497.46,1492.55,1487.60,1482.67,1477.60,1471.86,1464.40,1456.68,1449.73,1444.60,1439.92,1436.05,1433.44,1432.76,1433.33,1434.34,1434.53,1433.43,1431.68,1429.58,1427.96,1427.09,1427.04,1427.16,1426.78,1425.58,1423.37,1420.55,1417.23,1413.85,1410.84,1408.81,1406.97,1405.85,1405.16,1404.33,1402.89,1400.92,1398.31,1394.48,1388.48,1382.85,1381.64,1385.39,1393.35,1400.92,1408.43,1415.88,1423.17,1430.27,1438.31,1446.21,1453.38,1459.47,1465.37,1471.97,1478.43,1483.37,1487.50,1493.20,1498.86,1503.38,1507.05,1511.81,1517.26,1522.88,1528.01,1532.64,1536.42,1539.53,1542.08,1544.38,1546.63,1549.45,1552.57,1554.52,1554.95,1553.76,1551.10,1546.81,1541.22,1536.09,1531.65,1527.98,1525.10,1522.77,1521.02,1519.78,1518.86,1517.36,1515.11,1512.45,1509.54,1505.99,1501.38,1496.84,1492.87,1489.59,1486.83,1484.11
1256.45,1263.03,1267.98,1271.99,1275.40,1280.14,1288.30,1301.90,1312.30,1318.81,1322.67,1325.46,1326.73,1326.17,1324.48,1322.02,1318.89,1315.63,1312.37,1309.37,1307.22,1305.55,1304.40,1303.90,1304.33,1305.77,1307.40,1308.70,1309.41,1309.58,1309.53,1309.35,1309.02,1308.37,1307.64,1306.93,1306.24,1305.69,1305.89,1307.34,1309.16,1310.94,1312.59,1314.36,1315.68,1316.62,1317.51,1318.93,1320.13,1321.21,1322.31,1323.41,1324.58,1325.84,1327.35,1329.44,1331.54,1334.83,1339.45,1345.48,1352.11,1357.88,1363.15,1368.14,1373.09,1378.36,1384.64,1390.55,1394.12,1397.62,1401.39,1405.37,1409.39,1413.11,1416.45,1420.04,1423.99,1428.08,1432.40,1436.69,1440.38,1443.06,1445.84,1448.65,1451.41,1454.22,1457.32,1460.31,1463.29,1466.32,1469.61,1473.92,1477.61,1480.84,1483.74,1485.84,1487.36,1488.35,1488.87,1489.06,1489.22,1489.65,1490.25,1491.02,1492.25,1493.67,1495.45,1497.73,1500.35,1502.96,1505.69,1508.63,1511.83,1514.68,1517.24,1520.00,1523.38,1527.48,1530.99,1534.32,1537.79,1541.63,1545.24,1549.09,1552.91,1556.35,1559.72,1562.37,1564.57,1566.54,1568.52,1570.13,1571.40,1572.32,1572.54,1570.94,1568.55,1565.90,1563.22,1560.59,1558.02,1555.12,1551.87,1548.63,1545.33,1541.97,1538.61,1535.31,1532.06,1527.53,1522.41,1517.20,1512.44,1508.34,1504.14,1499.75,1495.28,1490.33,1485.09,1479.85,1474.55,1468.41,1460.28,1452.46,1446.03,1441.26,1436.36,1431.81,1428.35,1426.93,1427.00,1427.86,1427.87,1426.55,1425.20,1423.35,1421.75,1420.82,1420.91,1421.06,1420.67,1419.49,1417.45,1415.30,1412.52,1409.33,1406.01,1403.03,1400.09,1398.57,1398.18,1398.02,1396.58,1394.61,1391.62,1386.97,1380.56,1376.92,1378.35,1384.31,1393.12,1400.78,1408.30,1415.71,1422.84,1429.98,1437.84,1445.31,1451.94,1457.97,1463.84,1470.19,1476.59,1482.18,1486.49,1491.70,1497.19,1502.13,1505.68,1509.65,1514.57,1519.99,1524.91,1529.62,1533.24,1535.81,1537.57,1539.80,1542.18,1545.26,1548.88,1551.69,1552.42,1551.38,1548.40,1542.88,1537.15,1531.77,1527.08,1523.28,1520.07,1517.58,1515.82,1514.65,1513.92,1512.86,1511.19,1509.06,1506.47,1503.27,1499.20,1494.99,1491.26,1488.87,1486.94,1484.98
1257.52,1263.96,1268.72,1273.01,1276.35,1282.04,1292.13,1305.47,1313.00,1317.83,1321.45,1323.87,1324.69,1323.87,1321.86,1318.53,1313.39,1310.03,1307.16,1304.40,1302.41,1300.87,1299.74,1299.23,1299.82,1301.61,1303.51,1304.90,1305.57,1305.91,1305.98,1305.85,1305.54,1304.97,1304.21,1303.50,1302.76,1302.04,1301.93,1303.48,1305.66,1307.90,1309.93,1311.57,1312.62,1313.29,1313.89,1314.75,1315.75,1316.82,1317.97,1319.20,1320.38,1321.64,1323.31,1326.05,1330.26,1335.07,1340.71,1347.44,1353.72,1359.30,1364.54,1369.55,1374.32,1378.83,1384.41,1390.02,1393.81,1397.38,1401.05,1404.81,1408.53,1411.98,1415.02,1418.32,1421.96,1425.65,1429.42,1433.36,1437.05,1440.11,1442.88,1445.51,1448.11,1450.78,1453.73,1456.67,1459.85,1463.08,1466.14,1469.74,1473.11,1476.13,1478.73,1480.64,1482.14,1483.33,1484.17,1484.50,1484.92,1485.44,1486.07,1486.90,1488.11,1489.50,1491.26,1493.49,1496.12,1498.59,1501.03,1503.76,1507.23,1510.85,1513.85,1516.82,1520.27,1524.28,1528.15,1531.81,1535.36,1538.96,1542.85,1547.20,1551.34,1554.58,1557.66,1559.97,1561.99,1563.99,1566.01,1567.52,1568.99,1570.28,1570.74,1569.67,1567.41,1564.70,1561.95,1559.22,1556.43,1553.46,1550.39,1547.44,1544.40,1541.26,1537.93,1534.37,1531.04,1525.68,1519.87,1514.54,1509.91,1505.87,1501.81,1497.57,1493.13,1488.11,1482.44,1476.74,1471.09,1464.13,1456.09,1449.24,1443.97,1439.18,1434.06,1429.14,1424.97,1422.22,1420.76,1420.29,1419.83,1418.91,1417.48,1415.84,1414.54,1413.78,1413.67,1413.82,1413.56,1412.79,1411.50,1409.92,1407.63,1404.77,1401.62,1398.68,1395.75,1393.82,1392.74,1391.96,1390.36,1387.52,1383.52,1378.57,1373.96,1373.22,1376.70,1383.58,1392.63,1400.41,1407.70,1414.87,1422.04,1429.25,1436.65,1443.81,1450.43,1456.41,1462.17,1468.15,1474.38,1480.51,1485.01,1489.89,1495.19,1500.31,1503.80,1507.37,1511.65,1516.38,1520.80,1525.33,1528.78,1531.07,1532.46,1534.52,1537.59,1541.32,1545.36,1548.90,1549.58,1548.18,1544.96,1539.71,1534.17,1528.43,1523.25,1519.13,1515.85,1513.11,1510.99,1509.48,1508.53,1507.47,1506.26,1504.66,1502.28,1498.82,1494.73,1491.09,1488.32,1486.36,1485.30,1484.55
1262.01,1267.59,1271.54,1276.04,1279.64,1286.16,1297.02,1308.05,1313.37,1317.13,1320.49,1322.52,1322.87,1321.57,1318.79,1314.43,1309.08,1305.85,1303.09,1300.26,1297.97,1296.08,1294.82,1294.42,1295.34,1297.28,1299.30,1300.78,1301.52,1302.01,1302.24,1302.19,1301.88,1301.28,1300.38,1299.51,1298.69,1298.04,1298.07,1299.62,1301.77,1304.05,1306.20,1307.83,1308.92,1309.64,1310.13,1310.64,1311.32,1312.22,1313.42,1314.87,1316.23,1317.90,1320.26,1324.07,1329.80,1335.61,1341.79,1348.71,1354.63,1360.11,1365.38,1370.35,1374.68,1378.49,1383.33,1388.56,1392.79,1396.39,1399.93,1403.45,1406.89,1410.09,1412.91,1415.86,1419.04,1422.31,1425.71,1429.37,1433.03,1436.40,1439.30,1442.03,1444.57,1447.01,1449.71,1452.56,1455.86,1459.29,1462.37,1465.51,1468.63,1471.46,1473.80,1475.63,1477.18,1478.53,1479.55,1480.03,1480.64,1481.24,1481.90,1482.83,1484.05,1485.48,1487.29,1489.59,1492.29,1494.79,1497.17,1499.81,1503.25,1507.29,1510.82,1514.16,1517.68,1521.58,1525.61,1529.53,1533.21,1536.68,1540.46,1544.93,1549.34,1552.81,1555.60,1557.65,1559.54,1561.51,1563.50,1565.10,1566.72,1568.22,1568.94,1568.58,1566.60,1563.97,1561.29,1558.58,1555.60,1552.55,1549.57,1546.82,1544.03,1541.16,1537.92,1534.05,1530.32,1524.43,1518.14,1512.53,1507.91,1503.90,1499.89,1495.76,1491.43,1486.24,1480.08,1473.75,1467.54,1460.42,1453.06,1447.10,1442.47,1437.56,1432.28,1427.17,1422.50,1418.64,1415.74,1413.90,1412.71,1411.75,1410.12,1408.51,1407.35,1406.69,1406.53,1406.72,1406.67,1406.38,1405.79,1404.69,1402.83,1400.38,1397.56,1394.69,1391.48,1388.90,1387.00,1385.44,1383.12,1379.17,1374.59,1370.38,1368.27,1370.24,1375.63,1383.28,1391.77,1399.46,1406.46,1413.35,1420.51,1427.70,1434.71,1441.58,1448.26,1454.54,1460.21,1465.85,1471.78,1477.97,1482.80,1487.50,1492.44,1497.38,1501.14,1504.58,1508.38,1512.49,1516.47,1520.45,1523.34,1525.28,1526.88,1529.96,1534.11,1538.43,1542.51,1545.90,1545.93,1544.24,1541.22,1536.47,1531.17,1525.20,1519.68,1515.29,1511.63,1508.25,1505.66,1503.78,1502.14,1500.59,1499.56,1498.48,1496.56,1493.22,1489.55,1486.57,1484.61,1483.34,1483.03,1483.12
1270.86,1274.69,1277.17,1281.69,1285.84,1292.75,1302.67,1309.15,1313.18,1316.64,1319.69,1321.24,1321.17,1319.14,1315.20,1309.83,1306.33,1303.39,1300.29,1296.95,1293.87,1291.15,1289.65,1289.52,1290.88,1292.75,1294.69,1296.24,1297.17,1297.71,1298.09,1298.11,1297.75,1296.97,1295.86,1294.75,1293.88,1293.63,1294.38,1295.88,1297.62,1299.46,1301.39,1303.15,1304.57,1305.57,1306.10,1306.57,1306.83,1307.39,1308.59,1310.35,1312.22,1314.81,1318.47,1323.74,1330.11,1336.26,1342.50,1349.11,1354.76,1360.24,1365.59,1370.45,1374.11,1377.36,1381.45,1386.24,1390.99,1394.64,1398.03,1401.32,1404.47,1407.43,1410.08,1412.61,1415.17,1418.00,1421.27,1424.78,1428.38,1431.91,1435.10,1438.24,1440.86,1442.95,1445.35,1448.07,1451.36,1454.89,1458.18,1461.20,1464.17,1466.85,1469.04,1470.91,1472.61,1474.02,1475.05,1475.66,1476.33,1476.96,1477.73,1478.82,1480.12,1481.61,1483.54,1486.00,1488.82,1491.53,1494.17,1496.88,1500.01,1504.07,1508.20,1512.06,1515.66,1519.50,1523.48,1527.52,1531.42,1534.88,1538.15,1542.23,1546.76,1550.90,1553.50,1555.45,1557.27,1559.13,1561.02,1562.88,1564.61,1566.11,1567.15,1567.63,1566.11,1563.72,1561.27,1558.70,1555.59,1552.36,1549.32,1546.68,1544.13,1541.61,1538.56,1534.39,1529.93,1523.81,1517.28,1511.27,1506.55,1502.51,1498.47,1494.37,1490.24,1484.79,1478.12,1471.04,1464.11,1457.61,1451.41,1446.08,1441.39,1436.31,1430.96,1425.79,1420.87,1416.26,1412.23,1409.16,1406.96,1405.36,1403.39,1401.63,1400.39,1399.72,1399.74,1400.01,1400.29,1400.49,1400.45,1399.74,1398.21,1396.19,1393.78,1390.87,1386.95,1383.53,1380.81,1378.42,1374.74,1369.64,1365.12,1362.74,1363.55,1367.83,1374.96,1383.27,1390.42,1397.86,1404.53,1411.09,1418.15,1425.18,1431.92,1438.57,1445.32,1452.30,1457.91,1463.26,1468.76,1474.48,1479.74,1484.42,1488.87,1493.28,1497.61,1501.15,1504.63,1508.26,1511.91,1515.04,1517.07,1518.67,1521.05,1526.35,1531.87,1536.65,1540.34,1542.58,1541.39,1539.59,1537.19,1533.01,1527.95,1521.93,1516.31,1511.73,1507.36,1502.98,1499.84,1497.60,1494.86,1492.39,1491.24,1490.61,1489.40,1486.66,1483.93,1481.70,1480.26,1479.95,1480.19,1480.63
1287.47,1289.43,1291.08,1294.07,1296.75,1300.80,1306.27,1309.59,1312.62,1315.52,1317.87,1318.60,1318.19,1315.40,1311.35,1307.21,1304.19,1301.15,1297.79,1294.13,1290.63,1287.48,1285.47,1284.92,1286.16,1287.97,1289.83,1291.33,1292.25,1292.69,1292.91,1292.84,1292.44,1291.65,1290.69,1289.79,1289.29,1289.59,1290.71,1292.30,1294.00,1295.68,1297.28,1298.85,1300.12,1301.03,1301.57,1301.90,1302.13,1302.48,1303.31,1305.42,1309.31,1313.92,1319.00,1324.86,1331.06,1336.81,1342.51,1348.49,1353.95,1359.42,1364.65,1369.32,1372.91,1375.82,1378.97,1382.77,1387.39,1391.68,1395.15,1398.16,1400.92,1403.56,1405.97,1408.16,1410.30,1412.82,1416.14,1419.70,1423.37,1427.12,1430.64,1433.92,1436.58,1438.70,1441.08,1443.82,1447.07,1450.55,1453.82,1456.84,1459.76,1462.37,1464.52,1466.46,1468.15,1469.59,1470.72,1471.38,1472.00,1472.62,1473.45,1474.74,1476.24,1477.93,1480.05,1482.64,1485.55,1488.69,1491.71,1494.74,1498.23,1502.34,1506.57,1510.59,1514.26,1517.88,1521.72,1525.73,1529.74,1533.32,1536.63,1540.40,1544.56,1548.67,1551.39,1553.41,1555.20,1556.92,1558.78,1560.79,1562.56,1564.06,1565.41,1566.43,1565.62,1563.81,1561.65,1559.40,1556.27,1552.88,1549.68,1547.06,1544.63,1542.29,1539.49,1535.52,1530.59,1523.95,1516.96,1510.64,1505.90,1501.64,1497.48,1493.34,1489.13,1484.00,1476.93,1469.40,1462.58,1456.44,1450.75,1445.56,1440.66,1435.47,1430.06,1424.78,1419.71,1414.95,1410.56,1406.64,1403.26,1400.40,1397.64,1395.52,1394.26,1393.81,1394.13,1394.65,1395.33,1395.83,1395.87,1395.37,1393.97,1392.00,1389.50,1386.25,1382.22,1378.75,1375.74,1372.33,1366.83,1361.83,1358.35,1357.38,1360.13,1366.11,1373.58,1381.30,1388.20,1395.53,1401.92,1408.03,1414.52,1421.05,1427.96,1435.07,1442.35,1449.75,1455.31,1460.41,1465.50,1470.63,1475.71,1480.52,1484.98,1489.15,1493.29,1496.65,1499.61,1502.53,1505.79,1509.13,1512.09,1514.78,1517.88,1523.30,1529.52,1534.61,1537.66,1538.34,1536.71,1534.90,1532.72,1529.00,1524.13,1518.43,1513.02,1508.32,1503.54,1499.23,1495.68,1492.67,1489.75,1487.52,1486.12,1485.03,1483.69,1481.48,1479.37,1477.56,1476.31,1476.09,1476.16,1476.68
1301.38,1301.81,1302.63,1303.84,1304.87,1306.05,1307.56,1309.07,1311.60,1314.02,1315.62,1315.57,1314.78,1311.62,1307.92,1305.13,1302.16,1298.87,1295.30,1291.48,1287.68,1284.16,1281.46,1280.12,1280.93,1282.88,1284.88,1286.45,1287.38,1287.79,1287.89,1287.75,1287.33,1286.52,1285.71,1284.97,1284.77,1285.56,1286.95,1288.70,1290.45,1292.00,1293.28,1294.54,1295.52,1296.27,1296.81,1296.99,1297.26,1297.72,1298.76,1301.52,1307.39,1313.77,1319.90,1326.06,1331.91,1337.12,1342.18,1347.46,1352.63,1358.07,1363.19,1367.67,1371.31,1374.01,1376.42,1379.27,1383.32,1387.75,1391.37,1394.31,1396.79,1399.20,1401.51,1403.58,1405.58,1408.02,1411.49,1415.12,1418.78,1422.56,1426.20,1429.48,1432.20,1434.45,1436.87,1439.59,1442.86,1446.36,1449.58,1452.61,1455.48,1458.03,1460.15,1462.11,1463.73,1465.18,1466.40,1467.17,1467.78,1468.43,1469.35,1470.74,1472.46,1474.39,1476.66,1479.39,1482.51,1486.09,1489.52,1492.95,1496.93,1501.11,1505.32,1509.36,1513.08,1516.53,1520.15,1524.09,1528.16,1531.87,1535.32,1538.83,1542.55,1546.35,1549.21,1551.36,1553.12,1554.73,1556.59,1558.71,1560.57,1562.18,1563.76,1565.09,1565.06,1563.93,1562.03,1560.09,1556.98,1553.48,1550.14,1547.52,1545.17,1542.96,1540.39,1536.72,1531.53,1524.41,1516.97,1510.37,1505.64,1501.21,1496.94,1492.68,1488.23,1483.38,1476.04,1468.31,1461.84,1455.91,1450.34,1445.07,1439.97,1434.67,1429.21,1423.78,1418.61,1413.90,1409.33,1404.72,1400.24,1396.09,1392.59,1390.15,1388.85,1388.54,1389.08,1389.81,1390.76,1391.44,1391.45,1391.04,1389.70,1387.70,1385.05,1381.50,1377.59,1374.20,1370.84,1366.33,1359.54,1354.80,1352.32,1352.61,1356.81,1363.92,1371.42,1378.53,1385.33,1392.75,1399.03,1404.80,1410.78,1416.90,1423.88,1431.37,1439.15,1446.90,1452.41,1457.31,1462.07,1466.69,1471.41,1476.16,1480.64,1484.68,1488.45,1491.48,1493.97,1496.33,1499.30,1503.08,1507.26,1511.43,1515.59,1520.71,1527.18,1532.29,1534.63,1533.86,1531.80,1529.66,1527.31,1524.00,1519.60,1514.60,1509.72,1505.15,1500.27,1496.11,1492.20,1488.55,1485.66,1483.71,1481.98,1480.32,1478.70,1476.88,1475.07,1473.41,1472.15,1471.75,1471.59,1472.12
1302.10,1302.03,1301.59,1301.46,1301.69,1302.39,1303.80,1306.27,1309.55,1311.88,1312.85,1312.44,1311.06,1308.66,1305.90,1303.16,1300.01,1296.32,1292.61,1288.94,1284.93,1280.99,1277.21,1274.51,1274.42,1277.12,1279.89,1281.94,1283.13,1283.82,1284.05,1284.00,1283.62,1282.66,1281.71,1280.69,1280.36,1281.34,1282.92,1284.94,1286.72,1288.04,1289.10,1289.93,1290.61,1291.20,1291.69,1291.78,1292.06,1293.46,1296.55,1300.85,1307.42,1314.04,1320.22,1326.39,1332.01,1336.84,1341.37,1345.98,1350.49,1355.87,1361.05,1365.47,1369.02,1371.74,1374.12,1376.50,1379.15,1381.94,1385.76,1389.28,1391.82,1394.34,1397.01,1399.51,1401.97,1404.96,1408.68,1412.28,1415.66,1418.90,1421.98,1425.12,1427.93,1430.33,1432.74,1435.26,1438.72,1442.57,1445.82,1448.77,1451.51,1453.97,1456.06,1457.84,1459.39,1460.76,1462.00,1463.08,1463.87,1464.76,1465.77,1467.00,1468.91,1471.04,1473.40,1476.23,1479.97,1483.88,1487.71,1491.60,1495.85,1500.24,1504.41,1508.36,1512.09,1515.57,1518.90,1522.65,1526.74,1530.54,1534.01,1537.40,1540.74,1543.95,1546.88,1549.09,1550.88,1552.48,1554.35,1556.55,1558.75,1560.75,1562.32,1563.56,1564.30,1563.90,1562.11,1560.31,1557.31,1553.86,1550.50,1547.84,1545.57,1543.39,1540.95,1537.61,1532.46,1525.16,1517.46,1510.64,1505.95,1501.61,1497.32,1492.84,1487.85,1482.76,1475.46,1468.00,1461.92,1455.96,1449.94,1444.34,1439.13,1433.69,1428.16,1422.60,1417.37,1412.79,1408.02,1402.93,1397.63,1392.55,1388.82,1386.30,1384.86,1384.34,1384.79,1385.46,1386.30,1386.91,1386.93,1386.40,1385.07,1383.09,1380.45,1376.97,1373.44,1369.83,1365.58,1359.93,1353.66,1348.70,1346.42,1347.84,1352.84,1359.91,1367.60,1374.94,1381.26,1389.26,1395.82,1401.64,1407.67,1413.82,1420.30,1427.46,1435.37,1443.46,1448.91,1453.69,1458.35,1462.77,1467.06,1471.15,1475.24,1479.27,1482.74,1485.18,1487.44,1489.91,1492.91,1496.94,1501.91,1507.65,1513.85,1519.00,1524.95,1529.41,1531.02,1529.35,1526.33,1522.91,1519.58,1516.62,1513.47,1509.93,1506.30,1502.58,1498.20,1493.65,1489.46,1485.81,1482.87,1480.47,1478.34,1476.40,1474.66,1472.87,1470.78,1468.71,1467.07,1466.45,1466.36,1466.86
1282.57,1280.38,1280.49,1284.33,1290.23,1295.34,1298.78,1302.44,1306.20,1308.50,1309.25,1308.80,1307.42,1305.61,1303.43,1300.69,1297.12,1293.43,1289.89,1286.40,1282.48,1277.98,1273.76,1270.61,1269.74,1271.90,1274.21,1276.16,1277.72,1278.89,1279.46,1279.53,1279.03,1277.70,1276.33,1275.11,1274.73,1275.89,1278.27,1280.87,1282.87,1284.12,1285.02,1285.69,1286.24,1286.69,1286.97,1287.01,1288.49,1291.59,1296.26,1301.69,1308.05,1314.17,1319.96,1325.95,1331.32,1335.88,1340.08,1344.25,1348.22,1352.96,1357.97,1362.67,1366.08,1368.74,1371.12,1373.36,1375.49,1377.83,1381.33,1384.92,1387.92,1390.61,1393.52,1396.34,1399.09,1402.24,1406.07,1409.52,1412.60,1415.47,1418.19,1421.05,1423.67,1425.98,1428.41,1430.87,1434.26,1438.10,1441.42,1444.41,1447.05,1449.46,1451.63,1453.59,1455.14,1456.50,1457.77,1458.95,1459.84,1460.85,1461.97,1463.23,1465.11,1467.49,1470.37,1473.92,1478.42,1482.63,1486.63,1490.71,1495.10,1499.51,1503.56,1507.43,1511.20,1514.64,1517.81,1521.37,1525.32,1529.12,1532.64,1535.93,1538.97,1541.72,1544.42,1546.66,1548.52,1550.23,1552.41,1554.73,1557.04,1559.21,1560.99,1562.35,1563.47,1563.47,1561.86,1560.23,1557.30,1553.91,1550.62,1547.90,1545.51,1543.22,1540.70,1537.45,1532.64,1525.40,1517.77,1511.10,1506.33,1502.07,1497.68,1492.92,1487.59,1481.37,1474.39,1467.70,1461.86,1455.94,1449.63,1443.46,1437.63,1432.15,1426.47,1420.77,1415.40,1410.71,1405.92,1400.53,1394.95,1389.71,1385.81,1382.92,1380.91,1379.80,1379.84,1380.33,1381.02,1381.59,1381.67,1381.05,1379.56,1377.54,1375.05,1371.88,1368.48,1364.14,1358.85,1352.69,1346.63,1342.50,1341.24,1343.62,1349.22,1356.16,1363.57,1370.81,1377.44,1385.83,1393.08,1399.55,1405.96,1412.41,1418.53,1425.10,1432.39,1439.94,1445.20,1449.54,1453.76,1458.26,1462.66,1466.52,1470.05,1473.35,1476.31,1478.70,1481.11,1483.85,1487.33,1492.04,1498.02,1505.11,1512.67,1517.81,1523.03,1526.48,1527.11,1524.89,1521.24,1516.93,1512.74,1509.43,1506.78,1504.31,1501.71,1498.66,1494.62,1490.32,1486.23,1482.56,1479.53,1476.83,1474.36,1472.04,1469.83,1467.50,1464.96,1462.75,1461.28,1460.90,1461.11,1461.75
1254.10,1250.12,1251.78,1261.78,1275.94,1287.43,1293.71,1298.34,1302.14,1304.32,1305.02,1304.66,1303.55,1302.12,1300.23,1297.52,1293.70,1290.34,1287.14,1283.83,1280.01,1275.04,1270.80,1267.71,1266.19,1267.17,1268.45,1269.95,1271.76,1273.39,1274.31,1274.45,1273.79,1272.11,1270.32,1269.08,1268.84,1270.20,1273.44,1276.54,1278.76,1280.03,1280.86,1281.50,1282.01,1282.32,1282.38,1282.74,1286.19,1291.28,1297.02,1303.12,1308.86,1314.14,1319.28,1324.86,1330.00,1334.39,1338.38,1342.25,1345.80,1349.66,1354.25,1359.07,1362.38,1365.08,1367.58,1369.93,1372.13,1374.70,1377.73,1381.15,1384.69,1387.57,1390.64,1393.68,1396.64,1399.76,1403.54,1406.80,1409.61,1412.21,1414.70,1417.27,1419.58,1421.67,1424.03,1426.42,1429.58,1433.21,1436.60,1439.63,1442.20,1444.54,1446.79,1448.98,1450.58,1452.03,1453.43,1454.63,1455.65,1456.76,1457.98,1459.39,1461.25,1464.02,1467.66,1472.21,1477.47,1481.94,1486.02,1490.11,1494.55,1498.90,1502.78,1506.55,1510.36,1513.70,1516.79,1520.15,1523.87,1527.63,1531.21,1534.41,1537.21,1539.61,1541.97,1544.24,1546.27,1548.23,1550.83,1553.23,1555.48,1557.65,1559.70,1561.28,1562.57,1562.76,1561.42,1559.89,1556.99,1553.64,1550.30,1547.17,1544.72,1542.39,1539.83,1536.60,1532.32,1525.23,1517.85,1511.56,1506.68,1502.47,1497.90,1492.76,1486.91,1479.43,1472.95,1467.16,1461.44,1455.39,1448.87,1442.15,1435.68,1430.19,1424.35,1418.49,1412.97,1408.10,1403.33,1397.79,1392.24,1387.29,1383.27,1379.85,1377.10,1375.18,1374.58,1374.71,1375.18,1375.66,1375.81,1375.13,1373.53,1371.54,1369.23,1366.30,1362.70,1357.53,1351.33,1345.01,1339.25,1336.49,1336.69,1340.03,1346.05,1352.79,1359.82,1366.94,1374.19,1382.95,1390.93,1398.17,1405.01,1411.77,1417.62,1423.45,1429.69,1436.19,1441.14,1444.88,1448.48,1453.06,1457.83,1461.88,1465.07,1467.50,1469.91,1472.57,1475.40,1478.60,1482.81,1488.36,1495.32,1503.46,1511.89,1516.95,1521.34,1523.64,1523.23,1520.58,1516.42,1511.49,1506.54,1502.48,1499.91,1498.21,1496.44,1493.91,1490.17,1486.43,1482.69,1479.07,1475.93,1473.01,1470.20,1467.39,1464.47,1461.33,1458.44,1456.35,1455.32,1455.32,1455.89,1456.82
1233.63,1233.62,1237.10,1250.48,1269.10,1284.08,1291.67,1295.46,1297.94,1299.32,1299.77,1299.36,1298.38,1296.71,1294.59,1292.14,1289.58,1287.00,1284.31,1281.14,1276.70,1272.00,1268.18,1265.29,1263.47,1263.51,1264.02,1264.84,1266.04,1267.41,1268.24,1268.26,1267.54,1266.20,1264.76,1264.18,1264.68,1266.46,1269.23,1271.67,1273.58,1274.97,1275.98,1276.62,1277.01,1277.15,1277.43,1279.83,1285.97,1292.55,1297.97,1303.61,1309.04,1313.75,1317.99,1322.59,1327.61,1332.01,1335.89,1339.49,1342.89,1346.31,1349.70,1353.08,1356.53,1360.07,1363.21,1366.05,1368.92,1372.08,1375.32,1378.60,1381.91,1385.01,1388.16,1391.31,1394.45,1397.59,1400.95,1404.03,1406.77,1409.19,1411.57,1414.07,1416.27,1418.09,1419.95,1421.82,1424.61,1428.03,1431.30,1434.21,1436.67,1438.83,1440.78,1442.64,1444.37,1446.17,1447.99,1449.54,1450.95,1452.29,1453.65,1455.28,1457.77,1461.42,1465.97,1471.26,1476.83,1481.55,1485.75,1489.84,1494.17,1498.55,1502.18,1505.69,1509.42,1512.67,1515.74,1518.92,1522.38,1526.14,1529.73,1532.78,1535.38,1537.66,1539.88,1542.27,1544.82,1547.53,1550.23,1552.37,1554.30,1556.24,1558.32,1560.19,1561.47,1561.80,1560.86,1559.02,1556.05,1552.59,1548.48,1543.20,1541.36,1539.94,1537.94,1535.02,1531.39,1524.37,1517.23,1511.54,1506.70,1502.41,1497.55,1491.51,1483.86,1476.76,1470.90,1465.46,1459.60,1452.55,1445.62,1439.12,1433.11,1427.60,1421.74,1415.69,1410.04,1405.27,1400.38,1394.83,1389.60,1385.16,1381.08,1377.22,1373.77,1370.99,1369.44,1368.79,1368.71,1368.83,1368.83,1368.22,1367.18,1365.68,1363.42,1359.74,1355.04,1349.66,1343.67,1337.37,1333.10,1331.75,1333.45,1338.17,1344.16,1350.71,1358.07,1365.79,1373.21,1382.52,1390.54,1397.52,1404.15,1410.66,1416.17,1421.31,1426.40,1431.51,1435.94,1439.21,1442.13,1445.94,1451.00,1456.21,1460.42,1463.21,1465.60,1468.63,1472.21,1476.40,1481.56,1487.53,1494.76,1503.12,1511.63,1516.37,1519.96,1521.45,1520.28,1516.74,1512.01,1506.68,1501.20,1496.27,1493.60,1492.23,1490.77,1488.47,1485.40,1482.17,1478.92,1475.69,1472.51,1469.31,1466.00,1462.44,1458.56,1454.75,1452.46,1451.04,1450.22,1450.14,1450.94,1452.30
1222.25,1225.19,1230.08,1246.13,1266.11,1281.59,1289.10,1292.07,1293.41,1293.99,1294.02,1293.41,1292.49,1290.89,1289.05,1287.31,1285.72,1283.77,1281.33,1278.11,1273.56,1269.37,1265.82,1262.87,1260.64,1259.53,1259.15,1259.25,1259.80,1260.74,1261.35,1261.36,1260.83,1259.95,1259.08,1259.29,1260.50,1262.54,1264.77,1266.63,1268.26,1269.67,1270.73,1271.32,1271.52,1271.68,1272.84,1277.94,1285.85,1293.05,1298.18,1303.38,1308.53,1312.83,1316.42,1320.09,1324.54,1328.81,1332.63,1335.99,1339.31,1342.54,1345.26,1347.68,1350.93,1354.74,1358.65,1362.44,1365.95,1369.46,1372.84,1376.05,1379.14,1382.31,1385.50,1388.73,1391.98,1395.18,1398.26,1401.24,1403.94,1406.25,1408.57,1411.00,1413.13,1414.83,1416.40,1417.97,1420.33,1423.21,1426.02,1428.78,1431.14,1433.19,1434.99,1436.57,1438.26,1440.09,1441.99,1443.82,1445.55,1447.39,1449.54,1452.28,1455.70,1460.15,1465.35,1471.05,1476.57,1481.35,1485.62,1489.71,1493.98,1498.32,1501.78,1505.05,1508.54,1511.69,1514.68,1517.70,1520.92,1524.57,1528.07,1531.02,1533.53,1535.83,1538.29,1540.99,1543.97,1547.13,1549.91,1551.88,1553.62,1555.39,1557.36,1559.23,1560.42,1560.76,1559.96,1557.86,1554.93,1550.98,1545.88,1540.00,1538.41,1537.38,1535.77,1533.15,1529.25,1522.65,1516.28,1511.28,1506.39,1501.70,1496.37,1489.75,1481.26,1474.15,1468.42,1462.95,1456.77,1449.34,1442.32,1435.96,1430.17,1424.64,1418.92,1412.87,1407.10,1402.25,1397.28,1392.09,1387.36,1383.26,1379.15,1375.03,1370.92,1367.23,1364.83,1363.36,1362.54,1362.14,1361.92,1361.20,1360.37,1358.98,1356.60,1352.59,1347.49,1342.01,1336.14,1330.24,1327.56,1328.21,1331.81,1337.84,1343.78,1350.51,1358.17,1366.15,1373.62,1382.67,1390.22,1396.67,1402.74,1408.54,1413.48,1417.96,1422.24,1426.46,1430.47,1433.64,1436.43,1439.75,1444.70,1450.68,1455.81,1459.22,1461.89,1465.51,1470.20,1475.69,1481.59,1487.85,1495.19,1503.39,1511.33,1515.48,1518.17,1518.73,1516.83,1513.01,1507.83,1501.99,1496.13,1491.10,1488.30,1486.78,1485.18,1482.90,1480.40,1477.85,1475.14,1472.19,1468.94,1465.55,1461.44,1457.13,1453.19,1449.65,1447.84,1446.71,1445.85,1445.49,1446.02,1447.39
1220.86,1224.54,1230.29,1248.53,1266.63,1279.40,1285.38,1287.81,1288.49,1288.38,1287.80,1286.85,1285.91,1284.84,1283.96,1283.41,1282.22,1280.64,1278.14,1274.66,1270.72,1267.15,1263.66,1260.35,1257.55,1255.04,1253.60,1252.94,1252.92,1253.34,1253.66,1253.81,1253.73,1253.30,1253.20,1254.21,1255.97,1258.05,1259.87,1261.45,1262.91,1264.21,1265.12,1265.56,1265.56,1266.01,1268.87,1277.03,1285.41,1292.27,1297.35,1302.32,1307.18,1311.24,1314.52,1317.49,1320.81,1324.70,1328.47,1331.62,1334.91,1338.19,1341.01,1343.41,1346.05,1349.33,1354.04,1359.18,1363.18,1366.68,1370.04,1373.25,1376.29,1379.34,1382.52,1385.80,1389.11,1392.39,1395.47,1398.39,1401.05,1403.37,1405.69,1407.97,1410.05,1411.84,1413.46,1415.09,1416.95,1418.94,1420.93,1423.51,1425.78,1427.80,1429.66,1431.13,1432.60,1434.05,1435.63,1437.64,1439.61,1442.28,1445.97,1450.79,1455.41,1460.41,1465.88,1471.60,1476.71,1481.32,1485.57,1489.69,1493.94,1498.22,1501.63,1504.68,1507.77,1510.80,1513.65,1516.51,1519.52,1522.93,1526.23,1529.14,1531.71,1534.17,1537.27,1540.49,1543.73,1546.90,1549.76,1551.76,1553.48,1555.18,1556.90,1558.46,1559.48,1559.66,1558.63,1556.43,1553.68,1548.83,1542.62,1538.33,1536.41,1534.98,1533.38,1530.92,1525.68,1520.01,1515.05,1510.77,1505.68,1500.29,1494.34,1487.59,1479.68,1471.81,1465.59,1459.71,1453.11,1446.21,1439.46,1433.02,1426.97,1421.39,1416.00,1410.13,1404.24,1399.05,1394.13,1389.68,1385.56,1381.60,1377.45,1373.28,1368.57,1363.96,1360.85,1358.59,1356.88,1355.79,1355.30,1354.27,1353.12,1351.32,1348.63,1344.94,1340.40,1334.84,1328.86,1323.82,1322.69,1326.04,1331.98,1339.11,1345.06,1352.44,1360.21,1367.87,1375.25,1382.99,1389.57,1395.29,1400.50,1405.18,1409.26,1413.14,1417.03,1421.04,1424.81,1428.35,1431.69,1435.03,1439.52,1445.61,1451.29,1455.47,1458.71,1463.17,1469.34,1476.38,1482.68,1489.10,1496.47,1504.16,1510.87,1514.18,1515.83,1515.29,1512.68,1509.34,1503.82,1497.37,1491.34,1487.12,1484.15,1481.95,1479.73,1477.26,1475.15,1473.44,1471.28,1468.45,1465.06,1461.58,1456.43,1451.50,1448.67,1446.45,1444.77,1443.33,1442.12,1441.27,1441.01,1441.89
1221.01,1225.21,1231.44,1250.85,1266.75,1276.98,1281.70,1283.30,1283.46,1282.72,1281.47,1280.07,1279.07,1278.28,1277.90,1277.98,1277.66,1276.56,1274.37,1271.12,1267.30,1263.72,1260.50,1257.52,1254.60,1251.55,1249.05,1247.41,1246.78,1246.66,1246.82,1246.92,1246.82,1246.58,1247.39,1249.04,1251.03,1252.98,1254.71,1256.23,1257.56,1258.64,1259.33,1259.48,1259.80,1261.51,1266.57,1275.17,1283.23,1289.89,1295.07,1299.58,1304.07,1308.25,1311.84,1314.54,1317.23,1320.11,1322.96,1325.67,1328.89,1332.48,1335.93,1339.12,1342.37,1345.71,1349.93,1354.72,1359.30,1362.93,1366.41,1369.86,1373.15,1376.11,1379.16,1382.39,1385.80,1389.30,1392.59,1395.41,1397.90,1400.25,1402.57,1404.77,1406.82,1408.73,1410.51,1412.23,1414.00,1415.76,1417.44,1419.51,1421.32,1422.96,1424.52,1426.08,1427.89,1429.66,1431.60,1434.36,1437.41,1441.20,1445.91,1451.53,1456.77,1461.59,1466.50,1471.66,1476.72,1481.29,1485.36,1489.30,1493.57,1497.99,1501.47,1504.47,1507.40,1510.29,1513.06,1515.82,1518.66,1521.69,1524.77,1527.61,1530.33,1533.22,1536.74,1540.22,1543.54,1546.67,1549.61,1551.49,1553.09,1554.65,1556.18,1557.66,1558.62,1558.47,1556.83,1554.61,1552.23,1547.08,1540.33,1536.94,1534.68,1532.95,1530.67,1526.76,1521.84,1517.65,1513.78,1509.71,1504.72,1499.20,1493.03,1486.35,1479.17,1470.75,1464.05,1458.11,1451.84,1445.09,1438.32,1431.73,1425.41,1419.47,1413.86,1407.90,1401.95,1396.62,1391.77,1387.56,1383.57,1379.59,1375.45,1371.06,1366.07,1360.99,1356.98,1354.08,1351.73,1350.03,1349.09,1348.02,1346.79,1344.98,1342.35,1338.66,1333.77,1327.83,1322.21,1319.05,1319.89,1325.33,1332.76,1340.47,1346.82,1354.42,1361.82,1368.65,1375.10,1381.30,1386.74,1391.72,1396.38,1400.54,1404.00,1407.31,1410.75,1414.43,1418.51,1422.62,1426.72,1431.04,1436.34,1442.63,1448.61,1453.52,1457.51,1463.06,1470.40,1478.24,1484.22,1490.36,1497.17,1504.18,1510.27,1513.12,1513.82,1512.63,1509.69,1505.46,1499.09,1492.89,1487.71,1483.83,1480.20,1476.96,1474.09,1471.63,1469.49,1467.82,1465.84,1463.19,1459.55,1455.61,1451.23,1447.53,1445.44,1443.55,1441.35,1439.01,1436.78,1435.16,1434.70,1435.74
1222.05,1227.23,1234.80,1253.45,1266.50,1274.24,1277.78,1278.44,1278.06,1276.84,1275.13,1273.49,1272.50,1271.89,1271.76,1272.20,1272.50,1271.82,1270.05,1267.24,1263.64,1260.13,1257.25,1254.63,1251.65,1248.34,1244.97,1242.49,1241.30,1240.67,1240.63,1240.61,1240.45,1240.45,1241.99,1244.05,1246.07,1247.80,1249.42,1250.87,1252.09,1252.99,1253.46,1253.50,1254.47,1257.61,1264.31,1272.59,1280.13,1286.63,1291.94,1296.19,1300.35,1304.54,1308.41,1311.13,1313.44,1315.41,1317.38,1319.69,1322.77,1326.49,1330.55,1334.77,1338.84,1342.41,1345.97,1350.03,1354.88,1358.70,1362.32,1365.97,1369.54,1372.59,1375.60,1378.79,1382.19,1385.78,1389.28,1392.15,1394.63,1396.99,1399.27,1401.44,1403.53,1405.53,1407.41,1409.29,1411.12,1412.85,1414.42,1416.04,1417.47,1418.78,1420.13,1421.92,1424.23,1426.62,1429.27,1432.99,1437.14,1441.85,1447.17,1453.06,1458.63,1463.16,1467.47,1472.00,1476.94,1481.35,1485.20,1488.93,1493.20,1497.81,1501.43,1504.51,1507.42,1510.21,1512.90,1515.58,1518.28,1520.99,1523.81,1526.53,1529.37,1532.63,1536.35,1539.94,1543.26,1546.35,1549.36,1551.17,1552.64,1554.07,1555.45,1556.88,1557.69,1557.18,1555.07,1552.89,1550.70,1545.49,1538.61,1535.67,1533.11,1530.90,1527.76,1522.60,1518.48,1515.55,1512.46,1508.54,1503.80,1498.36,1492.20,1485.72,1479.15,1470.36,1463.20,1457.23,1451.42,1444.74,1437.89,1431.11,1424.49,1418.13,1412.21,1406.02,1399.93,1394.63,1389.81,1385.58,1381.50,1377.37,1373.17,1368.55,1363.37,1357.99,1353.20,1349.76,1346.91,1344.68,1343.31,1342.25,1340.96,1339.20,1336.66,1332.69,1327.19,1321.02,1316.12,1315.08,1318.02,1325.27,1333.68,1341.52,1348.19,1355.64,1362.49,1368.46,1373.84,1378.67,1383.13,1387.47,1391.70,1395.46,1398.52,1401.51,1404.69,1408.24,1412.63,1417.33,1422.36,1428.09,1434.55,1441.01,1447.10,1452.55,1457.28,1464.00,1472.21,1480.30,1485.67,1491.26,1497.18,1503.26,1508.76,1511.35,1511.34,1509.64,1506.40,1501.30,1494.53,1488.94,1484.61,1480.68,1476.25,1472.12,1468.70,1466.14,1463.88,1461.98,1459.99,1457.48,1453.84,1449.74,1446.46,1444.05,1442.30,1440.25,1437.40,1434.26,1431.25,1429.11,1428.66,1429.91
1224.50,1232.31,1244.14,1256.96,1265.46,1270.69,1273.09,1272.72,1271.62,1270.27,1268.90,1267.71,1266.99,1266.39,1266.22,1266.61,1266.36,1265.87,1264.59,1262.38,1259.69,1257.09,1254.54,1251.81,1248.60,1245.09,1241.53,1238.76,1237.19,1236.22,1235.74,1235.51,1235.58,1236.22,1237.82,1239.68,1241.37,1242.72,1243.95,1245.14,1246.26,1247.15,1247.50,1248.05,1250.37,1254.58,1260.82,1268.57,1275.66,1281.94,1287.44,1292.19,1296.16,1299.82,1303.34,1306.56,1308.91,1310.81,1312.69,1314.95,1317.67,1320.72,1324.98,1330.27,1334.79,1338.60,1342.06,1345.64,1349.75,1353.79,1357.50,1361.10,1364.74,1368.36,1371.73,1374.92,1378.04,1381.25,1384.73,1388.17,1391.18,1393.48,1395.58,1397.85,1400.11,1402.18,1403.88,1406.06,1408.10,1409.88,1411.54,1413.17,1414.70,1416.23,1417.92,1420.14,1423.00,1426.34,1430.26,1435.05,1439.68,1444.39,1449.50,1455.18,1460.59,1465.24,1469.49,1473.61,1477.90,1481.76,1485.33,1488.96,1493.16,1497.84,1501.72,1505.13,1508.32,1511.13,1513.71,1516.30,1518.95,1521.63,1524.08,1526.56,1529.30,1532.52,1535.99,1539.39,1542.64,1545.74,1548.80,1550.74,1552.21,1553.56,1554.88,1556.17,1556.48,1555.66,1553.77,1551.81,1549.13,1544.05,1537.81,1534.54,1531.79,1528.51,1524.52,1520.08,1516.82,1514.04,1511.05,1507.50,1503.21,1497.98,1492.21,1486.19,1479.75,1470.93,1463.46,1457.28,1451.61,1445.03,1438.19,1431.17,1424.12,1417.48,1411.38,1404.75,1398.36,1393.32,1388.41,1383.82,1379.31,1374.78,1370.30,1365.49,1360.17,1354.64,1349.63,1345.84,1342.62,1340.10,1338.51,1337.38,1335.90,1334.04,1331.34,1326.51,1320.41,1314.72,1311.19,1312.16,1317.29,1325.98,1334.59,1341.55,1347.93,1354.51,1360.65,1366.11,1370.73,1374.90,1378.92,1382.95,1386.89,1390.07,1393.24,1396.58,1400.19,1404.24,1408.57,1413.76,1420.07,1427.72,1435.31,1441.80,1447.64,1453.10,1458.40,1466.30,1474.72,1482.00,1486.46,1491.09,1495.51,1500.03,1504.56,1507.20,1507.13,1504.98,1501.20,1496.45,1491.10,1486.45,1482.16,1477.38,1472.17,1467.88,1464.23,1461.12,1458.76,1456.51,1454.16,1451.63,1448.84,1445.89,1443.18,1440.73,1438.35,1435.43,1432.10,1428.98,1426.42,1424.77,1424.54,1425.59
1228.55,1237.92,1249.44,1258.12,1263.84,1267.46,1268.90,1267.86,1266.40,1265.02,1263.83,1262.85,1262.16,1261.52,1261.18,1261.24,1260.82,1260.39,1259.35,1257.62,1255.68,1253.51,1251.02,1248.24,1245.14,1241.66,1238.23,1235.50,1233.71,1232.19,1231.22,1230.96,1231.37,1232.50,1234.22,1235.96,1237.44,1238.51,1239.43,1240.31,1241.13,1241.80,1242.20,1243.56,1246.56,1250.84,1256.22,1263.61,1270.39,1276.54,1282.18,1287.29,1291.31,1294.85,1298.25,1301.62,1304.31,1306.37,1308.27,1310.51,1313.39,1316.33,1320.25,1325.30,1330.28,1334.34,1337.75,1340.97,1344.49,1348.41,1352.20,1355.88,1359.54,1363.36,1367.04,1370.43,1373.59,1376.77,1380.11,1383.59,1386.76,1389.25,1391.59,1393.92,1396.13,1398.19,1400.19,1402.71,1404.99,1406.96,1408.87,1410.68,1412.67,1414.85,1417.22,1419.78,1423.44,1427.64,1432.28,1437.59,1442.26,1447.01,1452.26,1458.09,1463.24,1467.77,1471.84,1475.62,1479.43,1482.84,1486.12,1489.61,1493.75,1498.27,1502.23,1505.85,1509.22,1511.90,1514.38,1516.89,1519.45,1521.97,1524.26,1526.61,1529.27,1532.44,1535.82,1538.99,1542.10,1545.17,1548.12,1550.22,1551.78,1553.07,1554.32,1555.53,1555.51,1554.50,1552.79,1550.92,1547.55,1542.55,1537.03,1533.62,1530.49,1526.86,1522.78,1518.68,1515.52,1512.78,1509.74,1506.12,1502.03,1497.30,1492.01,1486.34,1480.15,1471.49,1463.87,1457.54,1451.95,1445.56,1438.71,1431.44,1424.02,1417.07,1410.83,1404.18,1397.87,1392.91,1387.85,1382.86,1377.81,1372.69,1367.64,1362.60,1357.29,1351.87,1346.87,1342.58,1338.98,1336.09,1334.01,1332.53,1330.91,1328.74,1325.49,1320.35,1314.54,1309.42,1307.03,1309.99,1316.56,1325.95,1334.48,1340.73,1346.70,1352.65,1358.14,1363.01,1367.18,1371.02,1374.85,1378.85,1382.93,1386.33,1389.84,1393.69,1397.89,1402.27,1406.88,1412.86,1420.23,1428.75,1436.75,1443.38,1449.14,1454.53,1460.50,1468.54,1476.30,1482.52,1486.16,1489.41,1492.34,1495.55,1499.27,1502.14,1502.10,1500.18,1496.90,1492.63,1488.24,1484.12,1479.62,1473.91,1468.49,1463.88,1459.93,1456.68,1454.02,1451.45,1448.96,1446.48,1443.92,1441.22,1438.66,1436.17,1433.54,1430.49,1427.23,1424.19,1421.65,1420.00,1419.93,1421.10
1232.87,1242.93,1251.69,1257.53,1261.75,1264.38,1264.96,1263.52,1261.89,1260.53,1259.44,1258.55,1257.78,1257.08,1256.52,1256.14,1255.67,1255.13,1254.12,1252.69,1251.32,1249.33,1246.85,1244.15,1241.35,1238.08,1234.95,1232.39,1230.40,1228.30,1226.98,1226.82,1227.63,1229.11,1230.93,1232.60,1233.92,1234.82,1235.47,1236.04,1236.51,1236.91,1237.59,1239.81,1243.04,1246.80,1251.20,1258.04,1264.64,1270.76,1276.47,1281.80,1285.99,1289.65,1293.06,1296.32,1299.43,1301.81,1303.87,1306.20,1309.47,1312.58,1315.94,1320.06,1325.34,1329.62,1333.05,1336.08,1339.16,1342.75,1346.54,1350.29,1353.95,1357.74,1361.67,1365.36,1368.79,1372.19,1375.43,1378.67,1381.77,1384.57,1387.30,1389.71,1391.84,1393.86,1396.32,1399.25,1401.93,1404.33,1406.59,1408.70,1411.33,1414.34,1417.49,1420.44,1424.94,1429.86,1434.91,1440.35,1444.84,1449.68,1455.24,1461.33,1466.16,1470.49,1474.37,1477.85,1481.27,1484.32,1487.32,1490.65,1494.70,1498.92,1502.84,1506.57,1510.01,1512.52,1514.92,1517.36,1519.79,1522.13,1524.39,1526.67,1529.25,1532.38,1535.71,1538.65,1541.56,1544.55,1547.34,1549.64,1551.32,1552.59,1553.76,1554.91,1554.67,1553.55,1551.95,1550.01,1545.94,1541.01,1536.26,1532.80,1529.26,1525.65,1521.88,1517.91,1514.47,1511.59,1508.32,1504.37,1500.42,1496.32,1491.55,1486.23,1480.38,1471.95,1464.35,1457.95,1452.36,1446.20,1439.31,1431.79,1424.00,1416.83,1410.48,1404.09,1398.07,1393.07,1387.87,1382.48,1376.90,1371.13,1365.35,1360.01,1354.76,1349.58,1344.67,1339.84,1335.81,1332.46,1329.75,1327.79,1326.01,1323.34,1319.35,1314.14,1309.05,1304.76,1303.55,1308.40,1315.87,1325.40,1333.61,1339.27,1344.75,1350.22,1355.15,1359.48,1363.41,1367.12,1370.92,1375.08,1379.64,1383.79,1387.79,1392.22,1397.07,1401.78,1406.91,1413.74,1421.87,1430.45,1438.45,1445.28,1451.09,1456.40,1462.98,1470.47,1477.10,1482.13,1485.00,1486.77,1488.44,1490.69,1493.83,1496.93,1496.99,1495.57,1493.22,1489.48,1485.72,1481.77,1476.90,1470.41,1465.03,1459.91,1455.62,1452.42,1449.40,1446.55,1443.98,1441.54,1438.89,1435.99,1433.35,1430.84,1428.23,1425.48,1422.56,1419.61,1416.87,1414.93,1414.97,1416.41
1233.77,1243.08,1250.23,1254.88,1258.87,1261.08,1260.80,1259.17,1257.40,1256.05,1255.12,1254.39,1253.67,1253.03,1252.42,1251.72,1250.77,1249.62,1248.15,1246.55,1245.33,1243.55,1241.67,1239.60,1237.04,1234.23,1231.34,1228.60,1226.14,1223.92,1223.03,1223.25,1224.30,1225.87,1227.54,1229.06,1230.32,1231.16,1231.63,1232.03,1232.40,1233.02,1234.60,1237.14,1240.17,1243.52,1247.35,1252.09,1258.73,1265.22,1270.59,1275.85,1280.29,1284.05,1287.31,1290.25,1293.20,1296.02,1298.77,1301.64,1304.88,1308.07,1311.29,1314.87,1319.44,1323.73,1327.51,1330.86,1333.91,1337.06,1340.35,1343.83,1347.53,1351.32,1355.20,1359.14,1363.02,1366.73,1370.49,1373.83,1376.83,1379.62,1382.36,1385.10,1387.49,1389.55,1391.95,1395.58,1399.48,1403.07,1405.87,1408.23,1411.41,1414.91,1418.41,1422.31,1427.08,1432.29,1437.67,1442.82,1447.31,1452.49,1458.21,1463.85,1468.51,1472.89,1476.77,1480.05,1482.99,1485.81,1488.76,1491.96,1495.56,1499.50,1503.35,1507.05,1510.40,1512.87,1515.23,1517.59,1519.95,1522.26,1524.51,1526.74,1529.23,1532.28,1535.38,1538.16,1540.85,1543.57,1546.33,1548.93,1550.75,1551.98,1553.14,1554.25,1553.77,1552.52,1550.95,1548.41,1544.03,1539.48,1535.42,1531.89,1528.24,1524.55,1520.83,1517.12,1513.60,1509.96,1505.97,1501.82,1498.34,1494.66,1490.41,1485.67,1480.25,1471.99,1464.76,1458.54,1452.73,1446.64,1439.77,1431.87,1423.60,1416.69,1410.38,1404.33,1398.66,1393.59,1388.36,1382.86,1377.05,1370.86,1364.35,1358.54,1353.18,1348.05,1342.98,1337.87,1333.20,1329.12,1325.86,1323.71,1321.34,1317.97,1313.33,1307.56,1302.84,1300.38,1301.46,1307.68,1315.40,1324.36,1331.88,1337.01,1341.96,1346.98,1351.62,1355.80,1359.64,1363.42,1367.29,1371.82,1377.31,1382.53,1387.18,1392.09,1397.45,1402.94,1408.86,1415.98,1423.76,1431.47,1439.54,1446.57,1452.55,1457.98,1464.56,1471.11,1476.56,1480.51,1482.46,1483.69,1485.28,1487.62,1490.80,1493.71,1493.85,1492.48,1490.10,1486.70,1483.20,1478.87,1473.53,1467.24,1461.46,1455.51,1450.58,1447.29,1444.27,1441.17,1438.29,1435.63,1432.99,1430.21,1427.62,1425.17,1422.79,1420.41,1417.68,1414.75,1411.87,1409.70,1409.64,1411.26
1233.35,1242.44,1248.92,1252.94,1256.23,1257.77,1256.91,1255.02,1253.00,1251.49,1250.50,1249.76,1248.76,1247.92,1247.17,1246.34,1245.26,1244.01,1242.59,1241.17,1240.09,1238.43,1236.88,1235.09,1232.43,1229.61,1226.82,1224.16,1221.75,1219.82,1219.36,1219.82,1220.89,1222.48,1223.98,1225.33,1226.45,1227.26,1227.73,1228.09,1228.63,1229.76,1232.13,1234.86,1237.68,1240.66,1243.98,1247.35,1253.03,1259.03,1264.25,1269.53,1274.25,1278.24,1281.57,1284.37,1287.23,1290.29,1293.46,1296.64,1299.76,1302.86,1305.86,1308.99,1312.98,1317.13,1321.30,1325.21,1328.49,1331.65,1334.45,1337.54,1341.25,1345.02,1348.94,1352.85,1356.74,1360.76,1365.06,1368.73,1371.92,1374.88,1377.79,1381.09,1384.10,1386.61,1389.24,1393.44,1398.13,1402.46,1405.64,1408.38,1412.22,1416.29,1420.13,1424.70,1429.56,1434.84,1440.32,1445.38,1449.80,1455.07,1460.76,1466.05,1470.72,1475.16,1478.99,1482.04,1484.69,1487.34,1490.19,1493.26,1496.56,1500.23,1503.94,1507.48,1510.64,1513.08,1515.39,1517.70,1520.01,1522.31,1524.58,1526.80,1529.22,1532.07,1534.92,1537.61,1540.17,1542.68,1545.37,1548.06,1550.01,1551.35,1552.45,1553.49,1552.94,1551.72,1550.16,1546.88,1542.31,1538.05,1534.43,1530.88,1527.14,1523.33,1519.55,1515.88,1512.17,1507.72,1503.21,1499.18,1496.11,1492.70,1488.73,1484.32,1479.24,1471.61,1464.85,1458.77,1452.77,1446.65,1439.54,1431.54,1423.43,1416.93,1410.78,1405.01,1399.57,1394.37,1389.07,1383.56,1377.66,1371.18,1364.08,1357.91,1352.45,1347.29,1341.88,1336.35,1330.94,1326.00,1321.98,1319.16,1316.05,1311.98,1306.91,1301.40,1297.43,1296.84,1299.84,1306.66,1314.51,1322.67,1329.58,1334.64,1339.15,1343.72,1348.09,1352.25,1356.29,1360.54,1364.64,1369.42,1375.51,1381.52,1386.80,1392.13,1397.86,1403.96,1410.54,1417.69,1424.89,1431.74,1439.50,1446.45,1452.69,1458.53,1464.70,1470.00,1474.20,1477.20,1478.80,1480.13,1482.02,1484.63,1487.83,1490.67,1490.87,1489.38,1486.76,1483.47,1480.02,1475.49,1470.06,1464.03,1457.53,1451.22,1446.09,1442.49,1439.20,1435.86,1432.74,1429.91,1427.27,1424.53,1421.94,1419.54,1417.34,1415.18,1412.68,1409.85,1406.86,1404.36,1404.20,1406.08
1231.78,1241.55,1248.47,1252.27,1254.09,1254.48,1253.43,1251.13,1248.69,1246.78,1245.45,1244.45,1242.78,1241.40,1240.39,1239.64,1239.00,1238.42,1237.82,1237.12,1236.22,1234.53,1232.82,1230.70,1227.47,1224.05,1221.24,1219.03,1217.40,1216.19,1216.02,1216.43,1217.32,1218.84,1220.20,1221.31,1222.22,1223.00,1223.72,1224.21,1225.24,1227.19,1230.05,1232.90,1235.60,1238.25,1241.06,1244.31,1247.74,1252.02,1257.40,1262.78,1267.83,1272.23,1275.94,1278.92,1281.86,1284.91,1288.03,1291.13,1294.11,1296.94,1299.56,1302.29,1306.06,1309.93,1314.50,1319.17,1322.96,1326.75,1329.21,1331.83,1335.48,1339.22,1343.31,1346.87,1350.20,1354.49,1359.18,1363.42,1367.19,1370.63,1374.00,1378.17,1382.16,1385.60,1388.95,1393.48,1398.23,1402.53,1405.84,1409.13,1413.78,1418.56,1422.84,1427.57,1432.43,1437.53,1442.86,1448.12,1452.33,1457.32,1462.77,1467.99,1472.84,1477.33,1480.97,1483.73,1486.36,1488.94,1491.62,1494.51,1497.78,1501.19,1504.63,1507.89,1510.78,1513.15,1515.42,1517.70,1519.99,1522.25,1524.55,1526.85,1529.21,1531.71,1534.35,1536.98,1539.54,1542.02,1544.53,1546.98,1549.07,1550.68,1551.70,1552.60,1552.24,1551.26,1549.63,1545.57,1540.89,1536.75,1533.25,1529.71,1525.86,1521.90,1517.95,1514.02,1509.91,1504.76,1500.08,1496.58,1493.71,1490.38,1486.39,1481.92,1477.08,1470.73,1464.49,1458.42,1452.31,1446.04,1438.34,1430.63,1423.62,1417.65,1411.80,1406.20,1400.79,1395.41,1389.97,1384.54,1378.67,1372.04,1364.56,1358.22,1352.71,1347.41,1341.52,1335.32,1329.05,1323.16,1318.07,1313.91,1309.91,1305.19,1300.02,1295.95,1293.32,1294.40,1298.59,1305.08,1312.96,1320.18,1326.66,1332.24,1336.45,1340.58,1344.70,1348.92,1353.54,1358.70,1363.23,1368.12,1374.24,1380.54,1386.37,1392.07,1397.96,1404.35,1411.34,1418.26,1424.81,1431.00,1437.92,1444.45,1450.99,1457.53,1462.91,1466.74,1469.61,1471.90,1473.91,1475.98,1478.45,1481.33,1484.49,1487.45,1487.70,1486.01,1483.01,1479.55,1475.91,1471.58,1466.55,1460.69,1453.18,1447.26,1442.51,1438.38,1434.38,1430.80,1427.59,1424.67,1421.98,1419.11,1416.43,1414.01,1411.86,1409.76,1407.55,1404.92,1401.83,1398.88,1398.66,1400.91
1229.10,1238.13,1245.80,1250.13,1251.58,1251.13,1249.20,1246.66,1244.13,1241.88,1240.03,1238.80,1237.64,1237.00,1236.54,1236.00,1235.47,1235.05,1234.62,1234.05,1232.97,1230.82,1228.29,1225.51,1222.43,1219.60,1217.27,1215.32,1213.77,1212.67,1212.53,1212.86,1213.52,1214.66,1215.75,1216.67,1217.53,1218.39,1219.32,1220.56,1222.41,1224.94,1227.85,1230.76,1233.42,1235.92,1238.45,1241.36,1244.16,1247.46,1251.59,1255.99,1261.16,1265.97,1270.07,1273.40,1276.51,1279.87,1283.32,1286.61,1289.72,1292.64,1295.39,1298.20,1301.65,1305.77,1310.50,1315.40,1319.86,1323.87,1326.75,1329.57,1333.06,1337.03,1340.92,1344.81,1348.77,1352.88,1357.53,1361.85,1365.79,1369.58,1373.90,1378.81,1383.27,1386.99,1390.57,1395.12,1399.69,1403.82,1407.26,1411.21,1416.20,1421.38,1426.25,1431.23,1436.15,1441.18,1446.19,1450.78,1454.76,1459.57,1464.89,1470.14,1474.98,1479.12,1482.50,1485.23,1487.89,1490.49,1493.12,1495.88,1498.91,1502.06,1505.16,1508.12,1510.82,1513.16,1515.39,1517.59,1519.80,1522.05,1524.35,1526.67,1528.98,1531.32,1533.78,1536.33,1538.89,1541.39,1543.85,1546.06,1548.02,1549.68,1550.86,1551.69,1551.45,1550.33,1548.09,1543.91,1539.46,1535.46,1531.85,1528.02,1523.91,1519.86,1515.88,1511.73,1506.66,1501.58,1497.22,1493.74,1490.34,1486.19,1482.28,1478.62,1474.50,1469.11,1463.13,1456.86,1450.43,1444.03,1435.92,1428.80,1423.23,1417.93,1412.49,1406.96,1401.45,1396.06,1390.80,1385.40,1379.54,1372.91,1365.36,1358.75,1353.11,1347.72,1341.52,1335.21,1327.99,1320.97,1315.06,1309.73,1304.63,1299.84,1295.49,1291.94,1290.50,1292.63,1297.21,1303.13,1310.89,1317.45,1323.46,1329.15,1333.53,1337.69,1341.83,1346.19,1351.23,1356.68,1361.70,1366.83,1372.66,1378.86,1384.82,1390.64,1396.49,1402.68,1409.27,1415.76,1421.85,1427.46,1433.58,1440.17,1446.55,1452.42,1458.01,1462.29,1465.14,1467.13,1469.22,1471.63,1474.47,1477.63,1480.97,1484.01,1484.65,1482.95,1479.41,1475.46,1471.67,1467.61,1462.94,1457.19,1450.39,1444.79,1439.97,1435.51,1431.20,1427.36,1423.86,1420.53,1417.24,1414.02,1411.01,1408.46,1406.53,1404.64,1402.36,1399.37,1395.78,1392.61,1392.18,1394.38
1225.84,1234.01,1241.95,1246.78,1248.01,1246.93,1244.33,1241.71,1239.19,1236.63,1234.34,1233.07,1232.71,1232.96,1233.18,1232.94,1232.50,1232.04,1231.50,1230.73,1229.30,1226.71,1223.60,1220.44,1217.73,1215.62,1213.70,1211.81,1210.05,1208.81,1208.58,1208.83,1209.36,1210.21,1211.09,1211.90,1212.75,1213.78,1215.02,1217.11,1219.73,1222.64,1225.52,1228.43,1231.08,1233.50,1235.88,1238.51,1241.18,1243.89,1246.76,1250.16,1255.20,1260.28,1264.79,1268.47,1271.88,1275.78,1279.75,1283.35,1286.77,1289.92,1293.03,1296.18,1299.46,1303.86,1308.73,1313.77,1318.70,1322.71,1326.05,1329.29,1332.84,1337.08,1340.80,1344.99,1349.48,1353.33,1357.79,1362.10,1366.21,1370.44,1375.67,1381.10,1385.75,1389.43,1392.98,1397.41,1401.72,1405.66,1409.39,1413.99,1419.13,1424.43,1429.68,1434.82,1439.93,1444.94,1449.61,1453.41,1457.12,1461.74,1466.97,1472.24,1476.99,1480.72,1483.85,1486.63,1489.38,1492.02,1494.65,1497.29,1499.99,1502.78,1505.57,1508.27,1510.82,1513.12,1515.30,1517.43,1519.56,1521.80,1524.10,1526.42,1528.71,1530.96,1533.28,1535.74,1538.26,1540.75,1543.13,1545.15,1546.95,1548.59,1549.93,1550.70,1550.47,1549.05,1546.18,1542.13,1537.96,1534.04,1530.22,1526.01,1521.69,1517.61,1513.62,1509.19,1503.33,1498.53,1494.50,1490.77,1486.57,1481.78,1478.06,1475.14,1471.64,1466.93,1461.03,1454.50,1447.74,1441.15,1433.16,1426.84,1422.49,1417.78,1412.78,1407.24,1401.57,1396.27,1391.24,1385.90,1380.09,1373.59,1366.25,1359.47,1353.63,1348.07,1341.60,1335.15,1327.15,1319.18,1312.60,1306.44,1300.39,1295.45,1291.63,1288.24,1287.75,1290.79,1295.67,1301.07,1308.59,1314.67,1320.23,1325.70,1330.30,1334.63,1338.86,1343.34,1348.71,1354.29,1359.67,1365.00,1370.51,1376.46,1382.31,1388.07,1393.85,1399.83,1405.87,1411.88,1417.61,1422.85,1428.43,1435.07,1441.21,1446.34,1452.01,1456.82,1460.01,1462.09,1464.36,1467.05,1470.22,1473.72,1477.35,1480.52,1481.51,1479.77,1475.73,1471.42,1467.56,1463.66,1459.21,1453.71,1448.13,1442.89,1437.93,1433.22,1428.67,1424.55,1420.66,1416.78,1412.74,1408.97,1405.55,1402.81,1401.01,1399.23,1396.93,1393.66,1389.65,1386.41,1385.70,1387.63
1221.68,1229.92,1236.32,1240.88,1241.39,1240.08,1238.09,1235.81,1233.23,1230.47,1228.13,1227.39,1227.70,1228.21,1228.67,1228.92,1228.82,1228.18,1227.17,1225.75,1223.64,1221.19,1218.79,1216.46,1214.16,1212.17,1209.96,1207.63,1205.40,1203.75,1203.28,1203.51,1204.22,1205.33,1206.37,1207.19,1208.11,1209.50,1211.41,1214.08,1216.99,1219.92,1222.84,1225.72,1228.32,1230.72,1233.16,1235.96,1238.54,1241.19,1244.15,1247.49,1251.74,1256.68,1261.63,1265.45,1269.60,1274.44,1279.20,1283.23,1287.28,1290.81,1294.50,1298.43,1302.02,1306.37,1311.55,1316.92,1321.53,1325.21,1328.44,1332.13,1336.62,1341.04,1344.99,1348.74,1352.40,1356.08,1360.31,1364.76,1369.44,1374.54,1380.05,1385.47,1389.82,1393.02,1396.25,1400.34,1404.28,1408.19,1412.70,1417.86,1422.86,1427.72,1432.56,1437.53,1443.11,1448.24,1452.54,1456.04,1459.34,1463.71,1468.80,1473.93,1478.58,1482.07,1485.06,1487.92,1490.83,1493.52,1496.14,1498.66,1500.91,1503.15,1505.72,1508.36,1510.80,1512.91,1515.05,1517.21,1519.36,1521.56,1523.85,1526.17,1528.46,1530.71,1533.02,1535.38,1537.75,1540.08,1542.19,1544.11,1545.92,1547.55,1548.76,1549.43,1548.87,1547.11,1544.09,1540.32,1536.26,1532.22,1528.06,1523.38,1519.17,1515.24,1511.12,1506.27,1500.71,1496.17,1491.99,1487.59,1482.44,1478.41,1475.09,1471.95,1468.28,1463.67,1457.53,1450.70,1443.78,1436.86,1430.48,1425.32,1421.11,1416.63,1412.06,1406.40,1400.49,1395.42,1390.54,1385.31,1379.69,1373.64,1367.08,1360.54,1354.42,1348.37,1341.55,1334.42,1326.22,1318.09,1311.10,1305.04,1298.68,1292.80,1287.80,1284.16,1284.08,1288.05,1293.72,1298.95,1305.99,1312.00,1317.15,1321.78,1326.28,1330.72,1335.04,1339.58,1345.07,1350.87,1356.21,1361.42,1366.86,1372.41,1377.69,1383.14,1388.95,1395.03,1400.85,1406.42,1411.88,1417.38,1423.19,1429.45,1435.53,1440.91,1445.35,1449.22,1452.63,1455.73,1458.79,1461.85,1465.53,1469.56,1473.50,1477.01,1477.90,1475.86,1471.62,1467.67,1464.00,1459.85,1455.24,1450.43,1446.07,1441.40,1436.53,1431.59,1426.72,1422.30,1417.86,1413.25,1408.49,1403.72,1399.88,1396.93,1394.73,1392.66,1390.80,1388.00,1384.23,1381.09,1380.01,1381.42
1219.69,1226.46,1231.04,1234.31,1234.57,1233.48,1231.91,1230.04,1227.46,1224.67,1222.31,1221.46,1221.97,1222.71,1223.28,1223.55,1223.51,1222.69,1221.52,1220.08,1218.11,1216.03,1213.99,1211.94,1209.78,1207.79,1205.41,1202.91,1200.63,1199.08,1198.65,1198.91,1199.63,1200.74,1201.78,1202.70,1203.94,1205.94,1208.43,1211.43,1214.52,1217.55,1220.60,1223.59,1226.44,1229.19,1231.92,1234.88,1237.59,1240.42,1243.62,1247.08,1251.17,1256.16,1261.39,1265.67,1270.97,1276.49,1281.51,1285.74,1290.30,1294.18,1298.25,1302.62,1306.52,1310.81,1316.26,1321.91,1326.26,1329.94,1333.49,1337.52,1342.11,1346.09,1349.61,1352.78,1355.89,1359.58,1363.88,1369.26,1374.89,1380.02,1385.08,1389.67,1393.40,1396.36,1399.55,1403.41,1407.50,1411.86,1416.79,1421.94,1426.57,1430.86,1435.18,1440.17,1445.96,1451.09,1455.22,1458.64,1461.71,1465.68,1470.41,1475.47,1479.92,1483.27,1486.23,1489.15,1492.16,1494.91,1497.53,1499.92,1501.89,1503.84,1506.11,1508.55,1510.93,1512.95,1515.02,1517.13,1519.23,1521.35,1523.56,1525.82,1528.11,1530.38,1532.67,1534.95,1537.21,1539.40,1541.40,1543.19,1544.85,1546.35,1547.49,1547.82,1546.91,1545.08,1542.38,1538.64,1534.56,1530.06,1525.22,1520.41,1516.25,1512.34,1508.22,1503.47,1498.39,1493.92,1489.42,1484.50,1479.30,1475.53,1472.08,1468.44,1464.32,1459.28,1453.34,1447.02,1440.49,1433.47,1427.91,1423.30,1419.12,1414.81,1409.99,1404.25,1398.53,1393.80,1388.95,1383.76,1378.29,1372.58,1366.74,1360.75,1354.73,1348.48,1341.50,1333.79,1325.42,1317.09,1309.53,1303.30,1297.04,1290.96,1285.43,1281.31,1280.58,1284.40,1290.53,1296.57,1302.87,1308.94,1314.12,1318.28,1322.41,1326.65,1330.87,1335.31,1340.61,1346.31,1351.71,1356.97,1362.28,1367.67,1372.93,1378.34,1384.07,1390.07,1395.69,1401.01,1406.32,1412.00,1418.35,1424.90,1431.00,1436.13,1439.97,1443.48,1446.94,1450.39,1453.79,1457.22,1461.12,1465.27,1469.36,1472.86,1473.70,1471.78,1467.83,1464.01,1459.29,1454.81,1450.77,1447.10,1443.53,1439.34,1434.72,1429.81,1424.81,1419.95,1415.09,1410.14,1405.00,1399.88,1395.54,1391.99,1389.27,1387.23,1385.43,1382.72,1379.05,1375.82,1374.52,1375.63
1218.82,1223.35,1226.19,1227.76,1228.03,1227.38,1226.04,1224.57,1222.08,1219.38,1217.00,1215.65,1215.96,1216.66,1217.14,1217.12,1216.89,1215.94,1214.85,1213.78,1212.46,1210.88,1209.02,1206.96,1204.82,1202.80,1200.35,1197.87,1195.82,1194.75,1194.54,1194.84,1195.49,1196.45,1197.44,1198.64,1200.45,1203.18,1206.15,1209.35,1212.57,1215.76,1218.98,1222.17,1225.44,1228.72,1231.90,1235.04,1238.00,1241.13,1244.60,1248.32,1252.74,1258.05,1263.69,1268.69,1275.09,1280.99,1286.00,1290.27,1295.07,1299.20,1303.41,1307.88,1312.05,1316.63,1322.34,1328.10,1332.27,1336.17,1340.14,1344.25,1348.30,1351.54,1354.35,1356.96,1359.80,1363.66,1368.38,1374.98,1381.47,1386.02,1390.23,1393.65,1396.67,1399.61,1402.93,1406.64,1411.11,1416.09,1421.15,1425.95,1430.10,1433.85,1437.69,1442.85,1448.61,1453.64,1457.72,1461.15,1464.14,1467.66,1471.97,1476.92,1481.09,1484.38,1487.37,1490.34,1493.40,1496.24,1498.83,1501.08,1502.90,1504.75,1506.69,1508.85,1511.18,1513.15,1515.15,1517.16,1519.18,1521.21,1523.30,1525.47,1527.73,1530.00,1532.24,1534.48,1536.65,1538.73,1540.70,1542.33,1543.77,1545.10,1546.19,1546.07,1544.81,1543.08,1540.87,1537.05,1532.79,1527.65,1522.00,1517.25,1513.12,1509.18,1505.16,1500.83,1496.24,1491.71,1486.82,1481.56,1476.79,1472.86,1468.89,1464.59,1459.79,1454.23,1448.90,1443.54,1437.63,1430.74,1425.44,1420.91,1416.66,1412.38,1406.94,1401.19,1395.88,1391.46,1386.53,1381.35,1376.02,1370.62,1365.41,1360.13,1354.46,1348.26,1341.27,1333.09,1324.63,1316.19,1308.12,1301.52,1295.38,1289.48,1283.89,1279.13,1277.26,1280.25,1286.55,1293.94,1299.48,1305.60,1311.04,1315.07,1318.71,1322.57,1326.52,1330.74,1335.64,1341.02,1346.53,1351.91,1357.13,1362.59,1368.16,1373.73,1379.37,1385.33,1390.74,1395.92,1401.21,1407.04,1413.96,1421.08,1427.23,1431.83,1435.53,1439.06,1442.50,1445.89,1449.33,1453.06,1456.95,1461.00,1465.06,1468.33,1469.16,1467.61,1464.18,1460.12,1453.88,1449.09,1445.97,1443.50,1440.44,1436.70,1432.48,1427.82,1422.84,1417.54,1412.38,1407.35,1402.10,1397.05,1392.21,1387.85,1384.48,1382.51,1380.53,1377.71,1374.08,1370.73,1369.38,1370.34
1216.34,1219.94,1222.45,1223.62,1223.69,1223.03,1221.75,1220.23,1218.14,1215.69,1213.24,1211.45,1210.88,1210.24,1209.71,1209.48,1208.66,1207.78,1206.94,1206.23,1205.63,1204.47,1203.03,1201.41,1199.63,1197.69,1195.21,1192.84,1191.17,1190.75,1190.84,1191.19,1191.82,1192.88,1194.19,1196.35,1199.16,1202.43,1205.82,1209.25,1212.64,1215.99,1219.30,1222.77,1226.19,1229.68,1233.48,1237.01,1240.16,1243.30,1246.80,1251.17,1256.23,1262.87,1270.23,1276.19,1282.03,1287.63,1292.77,1297.19,1301.09,1304.93,1308.70,1312.49,1316.83,1323.68,1329.87,1334.88,1339.13,1343.21,1346.61,1349.63,1352.51,1355.54,1358.49,1361.24,1364.19,1368.55,1374.65,1381.11,1386.55,1390.18,1393.95,1397.12,1400.16,1403.33,1406.72,1410.38,1414.64,1419.36,1424.28,1428.86,1432.78,1436.44,1440.43,1445.84,1451.28,1456.13,1460.17,1463.24,1466.21,1469.74,1473.85,1478.34,1482.09,1485.41,1488.53,1491.57,1494.61,1497.60,1500.05,1502.06,1503.89,1505.69,1507.52,1509.46,1511.50,1513.40,1515.35,1517.33,1519.34,1521.35,1523.38,1525.46,1527.54,1529.63,1531.77,1533.99,1536.13,1538.13,1539.97,1541.46,1542.81,1544.07,1544.99,1544.64,1543.28,1541.47,1539.14,1535.34,1530.63,1524.97,1518.98,1514.30,1510.28,1506.52,1502.68,1498.53,1494.05,1489.28,1484.22,1479.03,1474.21,1469.65,1464.98,1459.85,1454.03,1449.52,1445.38,1440.57,1434.50,1428.30,1423.08,1418.36,1413.74,1408.78,1403.10,1397.62,1392.46,1387.50,1382.49,1377.40,1372.32,1367.36,1362.68,1357.86,1352.59,1346.79,1340.12,1331.52,1323.45,1315.68,1307.90,1300.82,1293.56,1287.23,1281.80,1276.32,1274.21,1276.48,1282.46,1290.94,1296.52,1302.09,1307.43,1311.97,1315.37,1318.80,1322.40,1326.28,1330.64,1335.58,1341.00,1346.53,1352.03,1358.00,1363.81,1369.54,1375.54,1382.27,1387.37,1392.39,1397.90,1404.08,1410.74,1417.61,1423.49,1427.88,1431.82,1435.26,1438.77,1442.36,1445.79,1449.42,1453.23,1457.16,1461.00,1463.96,1464.82,1463.48,1459.95,1454.56,1448.68,1444.13,1440.93,1438.61,1435.93,1432.84,1429.31,1425.24,1420.49,1415.23,1410.01,1404.92,1399.86,1394.99,1389.84,1384.76,1380.43,1377.66,1375.45,1372.78,1369.52,1366.67,1365.61,1366.50
1213.73,1216.76,1218.88,1219.78,1219.70,1219.03,1217.88,1216.38,1214.60,1212.44,1210.14,1208.19,1206.92,1205.28,1203.80,1202.93,1201.62,1200.77,1200.18,1199.77,1199.53,1198.70,1197.58,1196.23,1194.48,1192.14,1189.54,1187.48,1186.53,1186.80,1187.22,1187.74,1188.55,1190.13,1192.16,1195.28,1198.90,1202.51,1206.19,1209.83,1213.40,1216.91,1220.49,1224.17,1227.80,1231.61,1235.84,1239.52,1242.76,1246.13,1250.24,1255.88,1262.35,1269.93,1277.76,1283.89,1289.14,1294.20,1299.04,1303.27,1306.55,1310.05,1313.55,1317.35,1322.82,1330.56,1336.59,1341.01,1345.12,1348.86,1351.65,1353.90,1356.13,1359.15,1362.37,1365.55,1369.10,1374.18,1380.94,1386.68,1390.96,1394.02,1397.48,1400.58,1403.71,1407.03,1410.41,1414.05,1418.03,1422.38,1427.08,1431.45,1435.23,1438.98,1443.29,1448.70,1453.84,1458.43,1462.30,1465.17,1468.24,1471.86,1475.87,1479.95,1483.41,1486.70,1489.85,1492.86,1495.83,1498.79,1501.13,1503.01,1504.87,1506.61,1508.34,1510.12,1511.97,1513.81,1515.71,1517.66,1519.64,1521.61,1523.57,1525.52,1527.48,1529.43,1531.45,1533.58,1535.65,1537.57,1539.31,1540.63,1541.85,1542.99,1543.76,1543.27,1541.96,1540.03,1537.34,1533.59,1528.41,1522.51,1516.61,1511.91,1508.01,1504.38,1500.60,1496.36,1491.86,1486.90,1481.75,1476.55,1471.36,1466.09,1460.56,1454.72,1448.89,1445.27,1441.81,1437.31,1431.44,1426.01,1420.85,1415.81,1410.69,1405.11,1399.38,1393.82,1388.37,1382.94,1377.90,1372.89,1367.99,1363.34,1359.06,1354.65,1349.81,1344.39,1337.98,1329.70,1322.23,1315.21,1308.01,1300.71,1292.47,1285.53,1279.96,1273.85,1270.87,1272.69,1278.40,1286.62,1293.13,1298.51,1303.61,1308.41,1311.93,1315.20,1318.54,1322.09,1326.07,1330.91,1336.46,1342.21,1347.97,1354.19,1360.38,1366.41,1372.70,1380.07,1385.02,1390.01,1395.63,1401.85,1408.19,1414.43,1419.67,1423.68,1427.76,1431.38,1435.08,1438.85,1442.35,1445.89,1449.46,1453.03,1456.42,1458.84,1459.57,1458.27,1454.63,1448.66,1443.52,1439.13,1435.64,1433.37,1431.22,1428.89,1426.10,1422.54,1418.00,1412.96,1407.84,1402.80,1397.89,1393.04,1387.68,1382.12,1376.98,1373.17,1370.63,1368.06,1365.15,1362.66,1361.81,1362.80
1211.29,1213.96,1215.31,1215.82,1215.69,1215.15,1214.25,1213.02,1211.30,1209.47,1207.66,1205.93,1204.42,1202.60,1200.49,1198.34,1196.77,1195.87,1195.43,1195.20,1194.78,1194.13,1193.13,1191.66,1189.39,1185.94,1183.10,1181.65,1181.86,1182.81,1183.66,1184.53,1185.86,1188.50,1191.72,1195.63,1199.63,1203.36,1207.18,1211.01,1214.69,1218.38,1222.52,1226.33,1230.34,1234.62,1238.96,1242.40,1245.63,1249.65,1255.30,1262.98,1271.82,1279.54,1285.69,1290.75,1295.77,1300.13,1304.00,1307.55,1310.86,1314.09,1317.74,1322.78,1330.75,1336.85,1341.75,1345.96,1349.58,1352.24,1354.58,1356.86,1359.33,1362.56,1365.97,1369.91,1374.68,1380.67,1386.78,1391.30,1394.73,1397.82,1401.03,1404.14,1407.30,1410.55,1413.85,1417.47,1421.22,1425.23,1429.70,1433.83,1437.55,1441.55,1446.27,1451.29,1456.20,1460.45,1463.96,1466.99,1470.27,1474.03,1478.00,1481.84,1485.23,1488.41,1491.39,1494.23,1497.08,1499.76,1502.01,1503.97,1505.85,1507.47,1509.10,1510.82,1512.67,1514.45,1516.30,1518.20,1520.13,1522.00,1523.81,1525.67,1527.56,1529.48,1531.37,1533.31,1535.24,1537.08,1538.75,1539.87,1540.85,1541.78,1542.46,1541.91,1540.77,1538.72,1535.48,1531.79,1526.22,1520.46,1515.14,1510.34,1506.53,1502.92,1498.95,1494.33,1489.64,1484.65,1479.45,1474.00,1468.10,1462.13,1455.58,1449.29,1445.00,1441.63,1437.89,1433.50,1428.52,1423.88,1418.74,1413.28,1407.56,1401.61,1396.02,1389.82,1383.50,1377.88,1372.89,1367.90,1363.05,1358.51,1354.42,1350.43,1346.05,1340.92,1334.61,1327.65,1321.03,1314.69,1308.32,1301.21,1292.49,1284.87,1278.67,1272.05,1267.08,1268.72,1274.33,1280.45,1288.94,1294.84,1299.59,1304.14,1308.23,1311.75,1315.01,1318.30,1322.16,1327.41,1333.44,1339.58,1345.49,1351.44,1358.23,1364.74,1371.13,1378.71,1383.84,1388.94,1394.46,1400.20,1406.34,1411.62,1415.78,1419.08,1423.00,1427.22,1431.27,1435.10,1438.80,1442.37,1445.47,1448.35,1451.03,1452.56,1452.91,1451.42,1447.83,1442.66,1438.33,1433.95,1430.10,1427.97,1426.57,1425.12,1422.99,1419.75,1415.34,1410.66,1405.88,1401.03,1396.13,1391.07,1385.63,1379.92,1374.24,1369.33,1366.25,1363.63,1360.94,1358.45,1357.61,1358.90
1207.40,1210.44,1211.48,1211.85,1211.72,1211.32,1210.65,1209.65,1208.30,1206.81,1205.26,1203.70,1202.02,1199.90,1197.49,1195.03,1193.12,1191.74,1190.84,1190.26,1189.64,1188.68,1187.06,1185.03,1182.83,1179.98,1177.88,1177.02,1177.58,1179.00,1180.77,1183.11,1185.96,1189.25,1192.82,1196.61,1200.66,1204.98,1209.13,1213.12,1216.77,1220.46,1225.24,1229.59,1233.95,1238.25,1242.10,1245.42,1249.47,1255.04,1262.46,1270.74,1279.12,1286.06,1291.55,1296.30,1300.70,1304.59,1308.16,1311.54,1314.84,1318.57,1323.40,1329.62,1336.78,1341.97,1346.11,1349.62,1352.47,1354.80,1357.09,1359.71,1362.84,1366.30,1370.20,1374.88,1380.35,1386.38,1391.33,1395.16,1398.38,1401.34,1404.45,1407.52,1410.64,1413.87,1417.16,1420.64,1424.20,1427.97,1432.15,1436.16,1440.14,1444.43,1449.18,1453.92,1458.34,1462.24,1465.67,1468.88,1472.34,1476.10,1479.94,1483.64,1487.11,1490.22,1493.15,1495.96,1498.72,1501.25,1503.39,1505.27,1507.11,1508.79,1510.40,1512.06,1513.82,1515.53,1517.29,1519.09,1520.90,1522.71,1524.43,1526.20,1528.01,1529.81,1531.49,1533.26,1535.08,1536.87,1538.52,1539.47,1540.13,1540.69,1541.04,1540.37,1538.88,1536.62,1533.50,1529.89,1524.65,1519.19,1514.06,1509.27,1505.31,1501.43,1497.20,1492.33,1487.22,1482.06,1476.64,1470.81,1464.50,1457.62,1451.27,1445.87,1441.68,1437.64,1433.92,1430.08,1425.82,1421.30,1416.09,1410.59,1404.85,1398.66,1392.22,1385.31,1378.61,1372.96,1367.69,1362.74,1358.06,1353.68,1349.58,1345.68,1341.55,1336.83,1330.92,1324.52,1318.97,1313.72,1307.99,1301.18,1292.28,1284.37,1277.85,1270.67,1264.33,1264.06,1268.59,1275.65,1283.60,1290.03,1295.27,1299.70,1303.89,1307.61,1311.10,1314.51,1318.17,1323.11,1330.24,1337.61,1343.64,1349.25,1356.05,1362.89,1369.61,1376.94,1382.52,1387.67,1392.87,1398.26,1403.97,1408.83,1412.77,1416.01,1419.52,1423.41,1427.38,1431.23,1434.65,1437.92,1440.84,1443.34,1445.18,1445.88,1445.40,1443.74,1440.83,1436.89,1433.28,1429.60,1426.18,1423.78,1422.44,1421.15,1419.13,1415.91,1411.57,1407.15,1402.64,1397.96,1393.07,1388.55,1383.60,1378.17,1372.42,1366.85,1362.53,1358.93,1355.78,1353.14,1352.62,1353.86
1203.09,1206.50,1207.52,1207.89,1207.82,1207.52,1207.03,1206.23,1205.27,1204.06,1202.65,1201.12,1199.26,1196.84,1194.12,1191.41,1189.14,1187.38,1186.05,1185.08,1184.30,1182.99,1180.80,1178.34,1176.36,1174.38,1173.19,1172.85,1173.56,1175.58,1178.54,1182.52,1186.92,1190.67,1194.30,1197.84,1201.95,1206.96,1211.43,1215.56,1219.32,1223.21,1228.46,1233.28,1237.80,1241.86,1245.22,1248.72,1253.83,1260.88,1269.63,1277.99,1285.29,1291.37,1296.49,1301.03,1304.84,1308.50,1312.07,1315.48,1318.90,1323.41,1329.46,1336.46,1342.06,1346.47,1349.92,1352.67,1354.88,1357.20,1359.74,1362.85,1366.61,1370.35,1374.92,1380.21,1385.95,1391.47,1395.32,1398.75,1401.91,1404.74,1407.79,1410.81,1413.90,1417.10,1420.38,1423.69,1427.12,1430.74,1434.70,1438.61,1442.85,1447.33,1451.91,1456.39,1460.31,1463.93,1467.38,1470.80,1474.42,1478.16,1481.89,1485.49,1488.98,1492.05,1494.96,1497.81,1500.49,1502.94,1505.00,1506.79,1508.56,1510.31,1511.93,1513.53,1515.19,1516.81,1518.49,1520.18,1521.88,1523.62,1525.25,1526.96,1528.67,1530.29,1531.76,1533.37,1535.06,1536.77,1538.38,1539.12,1539.40,1539.47,1539.36,1538.48,1536.61,1534.17,1531.34,1527.89,1523.21,1518.13,1513.08,1508.38,1504.25,1500.01,1495.38,1490.19,1484.64,1479.31,1473.65,1467.41,1460.80,1453.37,1447.58,1443.14,1438.47,1433.65,1430.07,1426.86,1423.16,1418.63,1413.42,1408.01,1402.37,1395.94,1388.42,1380.85,1373.93,1368.12,1362.58,1357.64,1353.11,1348.86,1344.65,1340.71,1336.72,1332.29,1326.84,1321.07,1316.60,1312.33,1307.06,1300.44,1291.70,1283.81,1277.08,1269.39,1262.12,1259.76,1262.83,1270.82,1277.82,1284.89,1290.85,1295.22,1299.38,1303.17,1306.88,1310.59,1314.40,1319.16,1327.36,1335.82,1341.85,1347.13,1353.52,1360.39,1367.40,1374.42,1380.60,1385.93,1390.89,1396.00,1401.29,1405.93,1409.91,1413.30,1416.45,1419.83,1423.55,1427.27,1430.29,1433.15,1435.81,1437.91,1438.99,1439.03,1437.90,1436.19,1434.03,1431.26,1428.28,1425.33,1422.40,1419.67,1418.20,1416.80,1414.66,1411.35,1407.17,1403.17,1399.08,1394.69,1389.91,1385.97,1381.55,1376.47,1370.75,1364.72,1359.17,1354.40,1350.50,1347.46,1347.08,1348.12
1198.85,1201.85,1203.38,1204.02,1204.08,1203.79,1203.28,1202.71,1201.88,1200.74,1199.28,1197.38,1195.18,1192.49,1189.19,1185.49,1182.84,1181.46,1180.46,1179.51,1178.61,1177.34,1175.56,1173.57,1171.72,1169.74,1169.01,1169.03,1169.99,1173.28,1177.85,1182.92,1187.88,1191.92,1195.47,1199.27,1203.89,1209.40,1213.96,1218.22,1222.69,1227.55,1232.67,1237.30,1241.27,1244.80,1248.26,1252.82,1259.01,1266.41,1274.65,1282.89,1289.91,1295.67,1300.41,1304.37,1308.10,1312.04,1315.91,1319.51,1323.53,1329.03,1335.40,1341.83,1346.77,1350.07,1352.67,1355.00,1357.24,1359.92,1363.33,1367.08,1370.99,1375.05,1380.61,1386.20,1391.18,1395.26,1398.79,1402.12,1405.21,1407.98,1410.98,1414.00,1417.09,1420.25,1423.40,1426.65,1430.07,1433.74,1437.70,1441.45,1445.68,1449.99,1454.09,1458.28,1461.97,1465.49,1469.02,1472.76,1476.60,1480.37,1484.05,1487.56,1490.74,1493.74,1496.72,1499.65,1502.25,1504.73,1506.86,1508.70,1510.41,1512.08,1513.70,1515.27,1516.81,1518.37,1519.99,1521.64,1523.27,1524.87,1526.44,1528.07,1529.63,1530.98,1532.33,1533.77,1535.25,1536.74,1538.19,1538.57,1538.28,1537.67,1536.88,1535.59,1533.68,1531.36,1528.68,1525.59,1521.59,1516.98,1512.11,1507.54,1503.43,1498.80,1493.49,1487.59,1481.73,1476.36,1470.58,1463.99,1457.08,1450.53,1445.34,1440.70,1435.02,1429.97,1426.70,1423.91,1420.49,1416.11,1411.25,1406.01,1400.23,1393.41,1384.94,1377.08,1369.97,1363.39,1357.90,1352.94,1348.37,1344.07,1339.60,1335.61,1331.50,1326.92,1321.73,1317.62,1314.06,1310.03,1304.65,1297.91,1290.13,1282.84,1275.98,1268.06,1260.63,1257.42,1258.74,1264.50,1271.72,1279.78,1286.39,1290.80,1294.94,1298.44,1302.03,1306.22,1311.50,1317.27,1325.75,1334.00,1339.59,1344.65,1349.86,1355.90,1362.81,1369.85,1376.81,1382.75,1387.96,1392.97,1398.10,1402.63,1406.66,1410.26,1413.49,1416.68,1419.96,1423.15,1425.86,1428.22,1430.12,1431.44,1432.02,1432.00,1431.27,1429.96,1428.13,1425.88,1423.33,1420.49,1417.48,1414.59,1412.98,1411.34,1408.90,1405.43,1401.83,1398.81,1395.65,1392.00,1387.71,1383.71,1379.41,1374.47,1368.67,1362.37,1356.35,1350.79,1345.79,1341.68,1340.43,1341.15
1194.34,1196.98,1198.71,1199.49,1199.69,1199.46,1198.90,1198.37,1197.63,1196.52,1194.91,1192.61,1190.01,1186.97,1183.59,1180.18,1177.68,1176.27,1175.15,1173.95,1172.52,1171.07,1169.18,1167.22,1165.75,1164.43,1164.61,1165.81,1168.12,1172.49,1178.21,1184.07,1189.38,1193.43,1197.08,1201.46,1206.55,1211.99,1216.67,1221.20,1226.08,1231.31,1236.29,1240.32,1243.79,1247.15,1251.07,1256.36,1263.07,1270.59,1278.70,1287.16,1293.86,1299.18,1303.55,1307.29,1311.27,1315.49,1319.58,1323.43,1328.15,1334.40,1340.72,1346.22,1350.19,1352.76,1354.94,1357.24,1360.02,1363.45,1367.34,1371.36,1375.48,1380.14,1385.81,1390.97,1395.22,1398.63,1401.96,1405.21,1408.30,1411.16,1414.11,1417.13,1420.20,1423.30,1426.41,1429.70,1433.16,1436.80,1440.62,1444.28,1448.32,1452.37,1456.17,1460.07,1463.62,1467.11,1470.72,1474.59,1478.52,1482.36,1486.06,1489.49,1492.45,1495.34,1498.34,1501.39,1504.09,1506.58,1508.71,1510.54,1512.21,1513.84,1515.46,1517.03,1518.52,1520.01,1521.54,1523.14,1524.76,1526.31,1527.86,1529.27,1530.55,1531.74,1532.99,1534.33,1535.69,1536.94,1537.70,1537.43,1536.62,1535.62,1534.57,1532.88,1530.77,1528.43,1525.90,1523.08,1519.54,1515.34,1510.81,1506.63,1502.58,1497.33,1491.17,1484.80,1478.99,1473.62,1467.72,1460.99,1454.13,1448.06,1442.96,1437.93,1431.70,1426.57,1423.30,1420.72,1417.77,1413.82,1409.16,1403.92,1398.01,1390.97,1382.26,1374.33,1366.93,1359.53,1353.83,1348.70,1343.86,1339.18,1334.42,1330.12,1325.79,1321.34,1317.05,1313.76,1310.45,1306.47,1301.24,1294.75,1288.01,1281.25,1273.97,1265.08,1257.83,1254.37,1254.71,1259.11,1266.25,1274.81,1282.06,1286.94,1291.02,1294.62,1298.45,1303.17,1309.66,1316.05,1324.13,1331.77,1337.11,1341.91,1346.49,1351.75,1358.03,1365.16,1372.54,1378.99,1384.55,1389.53,1394.54,1398.98,1403.05,1406.85,1410.39,1413.65,1416.64,1419.33,1421.63,1423.64,1425.11,1426.04,1426.39,1426.26,1425.61,1424.37,1422.58,1420.50,1418.10,1415.29,1412.31,1409.64,1407.91,1405.85,1403.30,1400.37,1397.52,1395.10,1392.31,1388.90,1384.90,1380.93,1376.82,1372.19,1366.66,1360.37,1353.93,1347.63,1341.76,1336.86,1334.17,1334.14
1189.67,1192.02,1193.72,1194.53,1194.85,1194.71,1194.12,1193.52,1192.83,1191.68,1189.88,1187.18,1184.25,1180.93,1177.85,1175.50,1173.46,1171.71,1170.14,1168.49,1166.31,1164.50,1162.17,1159.99,1159.05,1158.84,1160.31,1163.22,1167.51,1172.84,1179.33,1185.70,1191.22,1195.17,1199.07,1204.15,1209.62,1214.68,1219.50,1224.37,1229.39,1234.51,1239.29,1242.57,1245.62,1249.12,1253.69,1259.34,1266.13,1273.75,1282.11,1290.91,1297.22,1302.07,1306.16,1310.01,1314.40,1318.88,1323.17,1327.41,1332.85,1339.49,1345.42,1349.80,1352.67,1354.86,1357.01,1359.62,1363.26,1367.54,1371.62,1375.64,1380.01,1385.36,1390.43,1394.74,1398.36,1401.67,1404.88,1408.07,1411.22,1414.27,1417.17,1420.22,1423.28,1426.31,1429.42,1432.80,1436.30,1439.86,1443.46,1447.07,1450.83,1454.57,1458.22,1461.86,1465.30,1468.82,1472.52,1476.39,1480.31,1484.22,1487.96,1491.29,1494.09,1496.88,1499.88,1503.07,1505.98,1508.44,1510.51,1512.31,1513.94,1515.57,1517.19,1518.77,1520.28,1521.70,1523.11,1524.67,1526.31,1527.85,1529.35,1530.47,1531.45,1532.55,1533.71,1534.98,1536.23,1537.13,1536.93,1535.93,1534.68,1533.49,1532.40,1530.33,1527.91,1525.45,1523.06,1520.43,1517.18,1513.35,1509.25,1505.58,1501.59,1495.57,1488.53,1481.95,1476.46,1471.04,1465.03,1458.34,1451.75,1445.84,1440.44,1434.91,1428.51,1423.36,1419.88,1417.32,1414.93,1411.43,1406.86,1401.62,1395.70,1388.60,1380.19,1372.33,1364.58,1356.43,1350.32,1344.89,1339.60,1334.32,1329.20,1324.45,1319.84,1315.63,1312.44,1309.28,1305.89,1301.96,1297.09,1291.24,1285.47,1279.06,1271.19,1261.20,1254.37,1250.95,1250.78,1254.57,1261.38,1270.03,1277.86,1283.56,1287.62,1291.63,1295.96,1301.26,1308.52,1315.15,1322.36,1329.10,1334.32,1338.81,1343.21,1347.89,1353.39,1360.67,1368.15,1374.92,1380.82,1385.81,1390.73,1395.13,1399.22,1403.14,1406.97,1410.45,1413.35,1415.70,1417.60,1419.33,1420.61,1421.42,1421.68,1421.39,1420.53,1419.12,1417.23,1415.07,1412.69,1409.91,1407.11,1404.88,1403.05,1400.55,1398.08,1396.01,1393.90,1391.73,1388.92,1385.44,1381.55,1377.68,1373.80,1369.59,1364.58,1358.48,1351.68,1344.82,1338.32,1332.80,1328.43,1327.41
1185.13,1187.39,1188.99,1189.76,1190.04,1189.95,1189.53,1188.96,1188.25,1186.93,1184.84,1181.99,1179.41,1176.63,1173.98,1171.81,1169.72,1167.64,1165.64,1163.54,1160.99,1158.70,1156.41,1154.53,1153.88,1154.71,1157.77,1162.19,1167.63,1173.89,1180.80,1187.25,1192.83,1197.27,1201.73,1206.82,1212.15,1217.33,1222.33,1227.31,1232.30,1237.10,1241.16,1244.29,1247.35,1251.07,1256.17,1261.48,1268.07,1276.22,1285.53,1293.61,1299.51,1304.35,1308.74,1313.06,1317.65,1322.22,1326.96,1332.19,1338.08,1344.04,1348.87,1352.26,1354.86,1356.97,1359.70,1363.25,1367.55,1371.74,1375.78,1379.97,1384.55,1389.55,1393.89,1397.66,1401.03,1404.21,1407.34,1410.64,1413.98,1417.18,1420.21,1423.31,1426.38,1429.41,1432.47,1435.79,1439.24,1442.75,1446.26,1449.79,1453.30,1456.86,1460.46,1463.95,1467.22,1470.77,1474.65,1478.56,1482.41,1486.22,1489.76,1492.76,1495.50,1498.33,1501.45,1504.79,1507.90,1510.17,1512.11,1513.91,1515.58,1517.25,1518.82,1520.36,1521.88,1523.33,1524.72,1526.23,1527.81,1529.27,1530.45,1531.40,1532.31,1533.36,1534.46,1535.65,1536.39,1536.40,1535.77,1534.74,1533.42,1531.96,1530.35,1527.81,1525.14,1522.62,1520.27,1517.74,1514.75,1511.30,1507.61,1504.10,1499.83,1493.23,1485.77,1479.38,1474.29,1468.62,1462.40,1455.88,1449.59,1443.76,1437.83,1431.65,1425.42,1420.40,1416.59,1413.79,1411.47,1407.47,1403.11,1398.49,1393.19,1386.21,1378.41,1370.63,1362.64,1354.31,1347.70,1341.73,1335.88,1330.00,1324.24,1319.27,1314.49,1309.91,1306.01,1302.81,1299.91,1296.67,1292.61,1287.88,1282.53,1275.74,1267.49,1258.91,1252.76,1248.70,1247.53,1251.03,1257.59,1265.76,1273.86,1280.67,1285.15,1289.79,1294.82,1300.51,1307.35,1313.68,1319.73,1325.39,1330.37,1334.46,1339.07,1344.17,1350.05,1357.46,1364.74,1371.28,1377.01,1382.00,1387.04,1391.60,1395.61,1399.07,1402.22,1405.64,1408.99,1411.87,1413.73,1415.26,1416.25,1416.81,1416.89,1416.19,1414.99,1413.45,1411.61,1409.51,1407.41,1405.00,1402.56,1400.52,1398.59,1396.32,1394.15,1392.20,1389.84,1387.59,1384.84,1381.46,1377.56,1373.74,1370.01,1366.18,1361.70,1355.58,1348.95,1342.27,1335.70,1329.44,1324.00,1322.36
1180.36,1182.60,1184.64,1185.44,1185.66,1185.61,1185.32,1184.69,1183.77,1182.17,1179.89,1177.12,1174.91,1172.69,1170.45,1168.27,1166.09,1163.67,1161.15,1158.48,1155.51,1152.65,1150.25,1148.89,1149.57,1152.24,1156.90,1162.44,1168.52,1175.43,1182.45,1188.82,1194.40,1199.27,1204.21,1209.36,1214.66,1220.02,1225.16,1230.14,1234.95,1239.36,1242.76,1245.75,1248.97,1253.07,1258.54,1263.50,1269.97,1278.59,1288.63,1295.92,1301.58,1306.52,1311.18,1315.89,1320.89,1325.70,1330.85,1336.82,1342.80,1347.86,1351.71,1354.49,1357.03,1359.66,1363.15,1367.37,1371.86,1375.88,1379.88,1384.16,1388.74,1393.18,1396.97,1400.44,1403.73,1406.85,1410.10,1413.56,1416.98,1420.16,1423.28,1426.40,1429.46,1432.44,1435.46,1438.70,1442.10,1445.56,1449.03,1452.44,1455.82,1459.31,1462.91,1466.28,1469.51,1473.05,1476.93,1480.82,1484.62,1488.20,1491.41,1494.14,1496.87,1499.88,1503.19,1506.62,1509.65,1511.76,1513.63,1515.46,1517.17,1518.82,1520.31,1521.75,1523.24,1524.72,1526.18,1527.65,1529.13,1530.42,1531.35,1532.22,1533.15,1534.13,1535.01,1535.83,1536.02,1535.39,1534.54,1533.60,1532.31,1530.58,1528.24,1525.25,1522.44,1519.91,1517.58,1515.11,1512.36,1509.32,1506.06,1502.58,1497.70,1490.58,1483.02,1477.09,1472.28,1466.39,1459.93,1453.41,1447.29,1441.35,1435.02,1428.45,1422.26,1417.03,1412.83,1409.62,1406.99,1402.84,1398.93,1394.94,1390.22,1383.63,1376.59,1369.22,1361.42,1353.25,1346.28,1339.72,1333.17,1326.60,1320.33,1315.22,1310.09,1304.79,1300.01,1296.61,1293.98,1291.28,1287.97,1284.13,1278.85,1271.89,1263.93,1257.01,1251.32,1246.66,1244.69,1247.92,1253.62,1261.21,1269.53,1277.36,1282.58,1287.87,1293.44,1299.31,1305.52,1311.30,1316.40,1321.26,1325.99,1329.82,1334.42,1340.12,1346.89,1354.29,1361.68,1367.99,1373.37,1378.18,1383.09,1387.74,1391.83,1395.12,1397.73,1400.83,1404.08,1407.03,1408.95,1410.50,1411.41,1411.85,1411.80,1410.86,1409.40,1407.76,1406.00,1403.99,1402.13,1400.19,1398.22,1396.30,1394.29,1392.03,1389.83,1387.75,1385.22,1382.87,1380.17,1376.90,1373.07,1369.29,1365.65,1361.99,1357.83,1352.03,1345.81,1339.45,1332.89,1325.82,1319.75,1317.42
1175.19,1177.47,1180.76,1181.73,1181.96,1181.94,1181.64,1180.76,1179.34,1177.39,1175.09,1172.72,1170.70,1168.88,1166.95,1164.70,1162.44,1159.69,1156.52,1153.07,1149.50,1145.97,1143.12,1142.53,1146.28,1152.09,1158.27,1164.32,1170.45,1177.54,1184.31,1190.43,1195.94,1201.01,1206.20,1211.68,1217.29,1222.81,1228.01,1232.81,1237.30,1241.28,1244.25,1246.94,1250.48,1255.13,1260.74,1265.62,1272.16,1281.00,1291.15,1297.88,1303.59,1308.66,1313.38,1318.27,1324.07,1329.41,1334.86,1340.95,1346.50,1350.65,1353.93,1356.66,1359.30,1363.29,1367.65,1371.93,1375.91,1379.86,1383.90,1388.08,1392.30,1396.18,1399.80,1403.28,1406.61,1409.83,1413.49,1417.10,1420.40,1423.32,1426.44,1429.50,1432.46,1435.36,1438.32,1441.53,1444.87,1448.30,1451.74,1454.99,1458.42,1462.02,1465.63,1468.93,1472.32,1475.78,1479.34,1483.14,1486.92,1490.10,1492.86,1495.47,1498.23,1501.62,1505.22,1508.60,1511.13,1513.17,1515.09,1516.96,1518.70,1520.23,1521.57,1522.88,1524.26,1525.78,1527.35,1528.85,1530.16,1531.16,1532.03,1532.97,1533.95,1534.84,1535.20,1535.20,1534.87,1534.20,1533.31,1532.48,1531.24,1529.22,1525.97,1522.64,1519.84,1517.36,1515.03,1512.63,1510.06,1507.45,1504.67,1501.09,1495.17,1487.59,1480.35,1475.18,1470.42,1464.41,1457.70,1450.87,1444.71,1438.39,1431.93,1425.40,1418.94,1412.89,1408.25,1404.46,1401.07,1397.58,1394.43,1390.94,1386.57,1380.72,1374.60,1368.19,1361.26,1353.64,1346.58,1339.41,1332.00,1324.58,1318.09,1312.89,1307.07,1300.70,1295.24,1291.45,1288.57,1285.95,1283.14,1279.72,1274.10,1267.49,1260.87,1255.24,1249.64,1244.61,1242.32,1245.26,1249.11,1256.05,1264.59,1273.20,1279.55,1285.46,1291.26,1297.01,1302.62,1307.59,1312.19,1316.75,1321.28,1325.09,1329.22,1335.52,1343.64,1350.82,1358.87,1365.17,1370.00,1374.40,1378.66,1383.27,1387.70,1391.44,1394.01,1396.47,1398.64,1400.61,1402.65,1404.57,1405.75,1406.29,1406.22,1405.41,1403.88,1402.19,1400.50,1398.62,1396.82,1395.38,1393.99,1392.16,1390.11,1387.32,1384.51,1382.10,1379.77,1377.41,1374.69,1371.52,1367.91,1364.21,1360.56,1356.77,1352.55,1347.71,1342.12,1336.13,1329.54,1321.61,1315.41,1312.18
1171.13,1172.42,1174.75,1176.21,1176.97,1177.21,1176.84,1175.78,1174.30,1172.62,1170.80,1168.84,1167.03,1165.36,1163.30,1160.45,1157.13,1153.78,1150.39,1146.79,1142.79,1139.72,1139.19,1141.47,1146.97,1154.20,1160.78,1166.82,1172.83,1179.63,1186.09,1192.06,1197.66,1203.03,1208.49,1214.15,1219.81,1225.24,1230.40,1235.18,1239.49,1243.16,1246.03,1249.06,1253.13,1258.06,1263.43,1268.68,1275.90,1284.49,1293.28,1299.77,1305.59,1310.70,1315.44,1320.66,1327.22,1333.15,1338.78,1344.51,1349.34,1353.01,1356.09,1359.15,1363.09,1367.60,1371.94,1375.98,1379.77,1383.60,1387.53,1391.50,1395.40,1399.08,1402.66,1406.19,1409.70,1413.23,1416.94,1420.33,1423.42,1426.36,1429.40,1432.29,1435.09,1437.93,1440.98,1444.19,1447.55,1450.99,1454.44,1457.67,1461.28,1465.05,1468.68,1471.83,1475.16,1478.58,1482.06,1485.63,1489.01,1491.82,1494.32,1496.86,1499.75,1503.30,1506.90,1510.09,1512.33,1514.34,1516.31,1518.22,1519.92,1521.39,1522.71,1524.01,1525.38,1526.81,1528.36,1529.71,1530.79,1531.71,1532.58,1533.53,1534.29,1534.51,1534.38,1534.05,1533.59,1532.98,1532.15,1531.33,1529.67,1527.04,1523.57,1520.42,1517.72,1515.24,1512.84,1510.50,1508.06,1505.64,1502.96,1498.97,1492.53,1485.09,1478.39,1473.64,1468.60,1462.19,1455.24,1448.42,1442.45,1435.64,1428.99,1422.46,1415.49,1409.03,1404.01,1399.90,1396.27,1392.83,1389.84,1386.54,1382.53,1377.64,1372.25,1366.64,1360.61,1353.82,1346.99,1339.61,1331.76,1323.88,1317.36,1311.76,1305.39,1298.44,1292.26,1287.79,1284.29,1281.34,1278.57,1274.95,1269.37,1263.62,1258.38,1253.39,1247.38,1242.01,1239.65,1242.66,1246.30,1252.11,1260.01,1269.07,1276.02,1282.26,1287.78,1292.89,1298.16,1303.21,1307.82,1312.27,1316.77,1320.97,1325.71,1332.34,1340.44,1347.63,1355.30,1361.63,1366.60,1370.61,1374.57,1378.72,1382.86,1386.68,1389.72,1392.41,1394.53,1396.25,1398.01,1399.57,1400.52,1400.96,1400.90,1400.39,1399.05,1397.46,1395.72,1393.53,1391.79,1390.49,1389.16,1387.19,1384.73,1381.77,1378.74,1375.92,1373.33,1370.86,1368.16,1365.10,1361.64,1358.07,1354.62,1351.16,1347.41,1343.00,1337.78,1332.12,1325.82,1318.16,1311.42,1306.77
1167.77,1168.01,1168.94,1170.68,1171.85,1172.26,1171.85,1170.74,1169.36,1168.07,1166.78,1165.15,1163.36,1161.51,1159.09,1155.55,1151.26,1147.17,1143.45,1139.95,1136.39,1135.06,1137.54,1142.64,1149.10,1157.03,1163.63,1169.50,1175.34,1181.70,1187.86,1193.76,1199.47,1205.14,1210.80,1216.53,1222.16,1227.51,1232.65,1237.47,1241.70,1245.22,1248.18,1251.73,1256.29,1261.40,1266.58,1272.48,1280.32,1288.36,1295.47,1301.69,1307.53,1312.67,1317.57,1323.40,1330.39,1336.69,1342.40,1347.68,1351.85,1355.22,1358.39,1362.07,1367.32,1372.00,1376.07,1379.82,1383.54,1387.30,1391.14,1394.91,1398.53,1402.14,1405.73,1409.37,1413.05,1416.76,1420.31,1423.36,1426.26,1429.27,1432.19,1434.92,1437.62,1440.47,1443.63,1446.85,1450.20,1453.63,1457.07,1460.45,1464.24,1468.11,1471.69,1474.74,1477.96,1481.31,1484.72,1488.03,1490.93,1493.44,1495.79,1498.29,1501.27,1504.84,1508.32,1511.28,1513.39,1515.41,1517.41,1519.30,1520.89,1522.28,1523.62,1524.97,1526.36,1527.71,1529.18,1530.36,1531.24,1532.16,1533.02,1533.85,1534.23,1533.76,1533.25,1532.76,1532.28,1531.73,1530.94,1529.92,1527.75,1524.64,1521.26,1518.41,1515.87,1513.38,1510.90,1508.63,1506.28,1503.97,1501.20,1496.59,1489.80,1482.78,1476.74,1472.20,1466.59,1459.67,1452.57,1445.96,1440.12,1432.89,1426.03,1419.41,1412.02,1405.39,1400.10,1395.75,1391.99,1388.39,1385.31,1382.07,1378.45,1374.47,1369.72,1364.78,1359.48,1353.41,1347.02,1339.70,1331.73,1323.72,1317.21,1311.19,1304.48,1297.21,1290.39,1285.19,1280.94,1277.43,1274.34,1270.24,1264.90,1260.08,1255.99,1251.27,1244.72,1239.09,1236.86,1240.18,1244.11,1248.88,1255.88,1264.93,1272.14,1278.53,1283.76,1288.35,1293.42,1298.77,1303.61,1308.14,1312.70,1317.55,1323.14,1329.85,1337.38,1344.46,1351.36,1357.63,1362.90,1366.72,1370.37,1374.08,1377.86,1381.63,1385.12,1388.23,1390.62,1392.41,1393.91,1395.05,1395.72,1396.01,1395.94,1395.65,1394.56,1393.10,1391.28,1388.71,1386.90,1385.50,1384.04,1381.95,1379.11,1376.16,1373.13,1370.05,1367.19,1364.53,1361.70,1358.63,1355.38,1352.03,1348.85,1345.72,1342.30,1338.02,1333.09,1327.80,1321.96,1314.86,1307.61,1301.68
1165.68,1165.84,1166.26,1167.20,1167.69,1167.75,1167.41,1166.63,1165.53,1164.35,1163.13,1161.59,1159.04,1156.17,1152.95,1149.20,1145.25,1140.19,1135.38,1132.03,1131.87,1135.55,1140.40,1145.72,1151.91,1159.84,1166.33,1172.08,1177.76,1183.72,1189.70,1195.60,1201.44,1207.27,1212.81,1218.39,1224.03,1229.63,1234.88,1239.79,1244.17,1247.96,1251.37,1255.33,1260.03,1265.23,1270.87,1277.86,1285.36,1292.33,1298.29,1303.77,1309.31,1314.55,1320.09,1327.33,1333.70,1339.54,1345.03,1350.05,1354.12,1357.38,1361.26,1366.16,1371.39,1375.94,1379.84,1383.44,1387.19,1391.14,1395.08,1398.83,1402.34,1405.82,1409.53,1413.35,1417.06,1420.28,1423.27,1426.15,1428.98,1431.79,1434.61,1437.37,1440.22,1443.26,1446.47,1449.67,1452.86,1456.10,1459.53,1463.39,1467.25,1470.92,1474.27,1477.44,1480.55,1483.70,1486.88,1489.94,1492.55,1494.94,1497.28,1499.75,1502.57,1505.96,1509.22,1511.99,1514.29,1516.35,1518.33,1520.08,1521.33,1522.55,1523.87,1525.28,1526.72,1528.14,1529.48,1530.59,1531.50,1532.42,1533.28,1533.55,1533.29,1532.68,1532.18,1531.63,1531.05,1530.42,1529.53,1527.63,1525.20,1522.44,1519.41,1516.82,1514.38,1511.96,1509.55,1507.24,1505.00,1502.71,1499.60,1493.93,1486.94,1480.63,1475.37,1470.69,1463.87,1456.31,1449.39,1443.40,1437.20,1429.89,1422.78,1415.88,1408.65,1402.28,1397.00,1392.44,1388.33,1384.43,1381.03,1377.88,1374.71,1371.16,1366.96,1362.34,1357.15,1351.16,1345.59,1338.86,1331.45,1323.96,1317.40,1311.34,1304.76,1297.62,1290.49,1284.63,1279.63,1275.21,1271.07,1266.18,1261.34,1257.13,1253.27,1248.31,1241.24,1235.61,1233.95,1238.13,1242.21,1246.77,1252.89,1260.63,1267.65,1273.83,1279.33,1284.38,1289.41,1294.85,1300.18,1305.17,1309.96,1315.93,1322.01,1328.28,1334.72,1341.05,1346.98,1352.82,1358.22,1362.45,1365.46,1369.20,1373.11,1376.73,1380.07,1383.24,1385.94,1388.14,1389.89,1391.21,1391.93,1392.16,1391.94,1391.44,1390.52,1389.12,1387.16,1384.57,1382.24,1380.31,1378.57,1376.65,1373.98,1371.28,1368.58,1365.88,1363.29,1360.18,1356.68,1353.20,1350.38,1347.53,1344.63,1341.27,1337.07,1332.55,1327.87,1323.14,1317.96,1311.21,1304.06,1297.97
1163.51,1163.57,1163.64,1164.00,1163.94,1163.62,1163.12,1162.41,1161.32,1159.86,1158.16,1156.25,1153.39,1150.21,1146.65,1142.58,1138.40,1133.53,1129.67,1128.29,1131.35,1137.49,1143.17,1148.55,1155.08,1163.01,1169.38,1174.96,1180.41,1186.09,1191.81,1197.61,1203.51,1209.39,1214.91,1220.36,1225.97,1231.74,1237.04,1242.08,1246.69,1250.82,1254.64,1259.07,1264.06,1269.58,1275.90,1283.46,1290.14,1295.91,1300.96,1305.88,1311.29,1316.97,1323.25,1330.74,1336.70,1342.23,1347.45,1352.12,1356.21,1360.09,1364.79,1370.34,1375.44,1379.72,1383.46,1387.06,1390.94,1394.97,1398.88,1402.53,1406.00,1409.67,1413.60,1417.29,1420.58,1423.44,1426.15,1428.92,1431.70,1434.40,1437.19,1440.04,1443.02,1446.16,1449.37,1452.48,1455.58,1458.79,1462.28,1466.15,1469.96,1473.54,1476.83,1480.00,1483.05,1486.06,1489.03,1491.83,1494.25,1496.56,1498.86,1501.22,1503.80,1506.97,1510.00,1512.62,1515.03,1517.23,1519.14,1520.70,1521.81,1522.94,1524.17,1525.51,1526.93,1528.36,1529.64,1530.69,1531.57,1532.43,1533.04,1532.95,1532.42,1531.80,1531.24,1530.47,1529.64,1528.80,1527.82,1525.58,1522.97,1520.38,1517.92,1515.56,1513.20,1510.77,1508.27,1505.92,1503.70,1501.15,1497.50,1491.32,1484.37,1478.67,1473.91,1468.84,1461.06,1453.21,1446.40,1440.54,1433.91,1426.40,1419.25,1412.43,1405.46,1399.34,1394.07,1389.25,1384.75,1380.80,1377.37,1374.24,1371.16,1367.70,1363.83,1359.19,1353.97,1348.52,1343.50,1337.14,1330.36,1323.74,1317.47,1311.48,1305.20,1298.46,1291.40,1285.28,1279.75,1274.58,1269.52,1264.00,1259.36,1255.40,1251.44,1245.92,1238.35,1232.31,1230.38,1234.66,1239.54,1244.36,1249.77,1256.10,1262.77,1268.90,1274.70,1280.27,1285.63,1291.25,1297.01,1302.46,1307.63,1314.19,1320.71,1326.76,1332.38,1337.87,1342.76,1347.89,1352.95,1357.07,1360.03,1363.59,1367.34,1371.02,1374.97,1378.29,1381.04,1383.36,1385.23,1386.71,1387.49,1387.75,1387.58,1387.11,1386.32,1384.98,1382.96,1380.24,1377.41,1375.07,1373.13,1371.25,1368.64,1366.21,1363.93,1361.63,1359.10,1355.79,1352.43,1349.40,1346.97,1344.38,1341.24,1337.26,1332.24,1327.26,1322.74,1318.43,1313.84,1307.94,1301.15,1294.90
1161.05,1160.93,1160.74,1160.73,1160.30,1159.63,1158.82,1157.96,1156.71,1154.74,1152.25,1149.71,1146.87,1143.82,1140.22,1135.74,1130.98,1127.41,1126.12,1127.97,1133.75,1140.19,1145.60,1151.09,1158.46,1166.39,1172.63,1178.03,1183.25,1188.70,1194.11,1199.75,1205.63,1211.54,1217.08,1222.40,1227.93,1233.83,1239.16,1244.33,1249.23,1253.75,1257.97,1262.91,1268.27,1274.24,1281.36,1288.95,1294.56,1299.15,1303.52,1308.11,1313.53,1319.87,1326.81,1333.68,1339.46,1344.82,1349.74,1354.07,1358.31,1363.25,1368.78,1374.50,1379.42,1383.36,1386.95,1390.63,1394.70,1398.72,1402.48,1406.04,1409.58,1413.62,1417.71,1421.01,1423.63,1426.29,1428.93,1431.68,1434.43,1437.11,1439.95,1442.90,1445.97,1449.14,1452.30,1455.30,1458.37,1461.65,1465.23,1468.80,1472.50,1476.10,1479.43,1482.50,1485.49,1488.40,1491.18,1493.75,1496.06,1498.29,1500.49,1502.68,1505.01,1507.91,1510.72,1513.20,1515.66,1518.03,1519.85,1521.20,1522.34,1523.44,1524.55,1525.74,1527.08,1528.44,1529.71,1530.70,1531.50,1532.27,1532.44,1532.16,1531.66,1531.08,1530.37,1529.29,1528.09,1526.95,1525.91,1523.72,1520.99,1518.41,1516.64,1514.51,1512.24,1509.75,1507.05,1504.62,1502.30,1499.28,1495.01,1488.84,1482.14,1476.88,1472.28,1466.63,1458.18,1450.33,1443.55,1437.41,1430.34,1422.61,1415.61,1409.17,1402.47,1396.55,1391.26,1386.19,1381.34,1377.49,1374.17,1370.97,1367.66,1364.05,1360.31,1355.42,1350.17,1345.55,1340.80,1334.72,1328.61,1323.03,1317.32,1311.53,1305.66,1299.49,1292.77,1286.69,1280.85,1275.09,1269.32,1263.33,1258.65,1254.68,1250.44,1244.15,1236.09,1229.22,1226.30,1230.10,1236.10,1241.51,1246.45,1251.47,1257.64,1263.80,1269.89,1275.93,1281.92,1287.85,1293.95,1299.84,1305.49,1312.19,1319.03,1325.08,1330.21,1334.92,1338.81,1343.05,1347.36,1350.95,1354.22,1357.42,1360.74,1364.56,1369.53,1373.17,1375.95,1378.22,1380.11,1381.68,1382.51,1382.87,1382.93,1382.64,1381.96,1380.68,1378.64,1375.76,1372.57,1369.95,1367.85,1365.83,1363.20,1361.06,1359.20,1357.24,1354.67,1351.47,1348.86,1346.86,1344.74,1342.13,1338.37,1333.54,1327.85,1322.34,1317.90,1313.87,1309.75,1305.01,1298.69,1292.29
1157.24,1156.90,1156.53,1156.12,1155.42,1154.57,1153.68,1152.76,1151.55,1149.59,1147.08,1144.39,1141.01,1137.39,1133.26,1128.45,1124.20,1123.22,1124.82,1128.89,1135.68,1141.93,1147.43,1153.48,1161.51,1169.26,1175.38,1180.80,1186.05,1191.23,1196.48,1202.04,1207.87,1213.81,1219.29,1224.40,1229.80,1235.79,1241.25,1246.48,1251.61,1256.65,1261.54,1266.92,1272.38,1278.51,1286.07,1292.84,1297.99,1302.26,1306.28,1310.96,1316.58,1323.04,1329.93,1336.48,1342.05,1347.20,1352.00,1356.50,1361.29,1366.78,1372.71,1378.51,1382.93,1386.74,1390.21,1393.79,1397.95,1401.95,1405.68,1409.49,1413.54,1417.50,1420.85,1423.65,1426.15,1428.75,1431.49,1434.32,1437.14,1439.89,1442.83,1445.82,1448.91,1452.08,1455.23,1458.29,1461.32,1464.47,1467.96,1471.71,1475.61,1479.17,1482.18,1485.19,1488.06,1490.71,1493.22,1495.78,1498.07,1500.17,1502.16,1504.17,1506.33,1508.89,1511.43,1513.81,1516.23,1518.63,1520.37,1521.59,1522.75,1523.88,1525.01,1526.17,1527.39,1528.60,1529.79,1530.73,1531.46,1532.08,1531.96,1531.51,1530.95,1530.33,1529.23,1527.91,1526.54,1525.21,1524.01,1521.88,1519.02,1516.34,1514.99,1513.32,1511.25,1508.77,1505.94,1503.28,1500.53,1497.06,1492.63,1487.05,1480.77,1475.33,1470.09,1463.69,1455.13,1447.39,1440.53,1434.02,1426.50,1419.32,1412.80,1406.55,1400.01,1393.97,1388.66,1383.68,1378.91,1374.90,1371.12,1367.29,1363.44,1359.74,1355.84,1351.17,1346.33,1341.95,1337.16,1331.78,1326.43,1321.40,1316.37,1311.23,1305.81,1300.01,1293.66,1287.53,1281.66,1275.75,1269.60,1263.32,1258.56,1254.63,1250.36,1243.61,1234.88,1226.57,1222.16,1225.47,1231.49,1237.57,1242.89,1247.53,1252.63,1258.48,1264.66,1271.03,1277.65,1284.23,1290.53,1296.67,1302.87,1309.50,1316.07,1322.13,1327.54,1332.30,1335.90,1339.23,1342.47,1345.50,1348.55,1351.18,1353.88,1357.24,1362.00,1366.53,1370.38,1373.36,1375.20,1376.76,1377.64,1378.11,1378.36,1378.19,1377.51,1376.18,1374.10,1371.30,1368.53,1365.88,1363.33,1360.84,1358.41,1356.50,1354.66,1352.66,1350.76,1348.50,1346.47,1344.68,1342.59,1339.47,1335.08,1329.88,1324.31,1319.05,1314.50,1310.39,1306.51,1302.32,1296.11,1289.93
1152.97,1152.52,1152.06,1151.49,1150.70,1149.85,1148.96,1147.95,1146.69,1144.69,1142.11,1139.28,1135.42,1131.26,1126.64,1121.73,1118.66,1120.28,1124.25,1129.79,1137.22,1143.38,1149.26,1156.00,1164.42,1171.89,1177.99,1183.53,1188.84,1193.75,1198.83,1204.25,1210.01,1215.98,1221.24,1226.17,1231.54,1237.71,1243.17,1248.49,1253.96,1259.58,1265.05,1270.62,1276.22,1282.49,1290.00,1296.07,1300.90,1305.05,1309.03,1313.87,1319.61,1326.02,1332.73,1339.06,1344.41,1349.35,1354.09,1358.86,1364.39,1370.43,1376.48,1381.99,1386.06,1389.76,1393.17,1396.73,1400.92,1404.93,1408.80,1412.87,1417.14,1420.67,1423.38,1425.87,1428.45,1431.32,1434.26,1437.13,1439.91,1442.69,1445.67,1448.71,1451.81,1454.95,1458.08,1461.12,1464.11,1467.23,1470.78,1474.74,1478.71,1482.17,1484.96,1487.86,1490.49,1492.88,1495.19,1497.76,1499.97,1501.92,1503.78,1505.66,1507.67,1509.90,1512.19,1514.49,1516.82,1519.14,1520.78,1521.94,1523.10,1524.25,1525.38,1526.53,1527.66,1528.74,1529.83,1530.71,1531.35,1531.78,1531.47,1530.92,1530.26,1529.37,1527.94,1526.46,1524.99,1523.57,1522.20,1519.97,1516.97,1514.23,1513.15,1511.85,1509.92,1507.45,1504.61,1501.85,1498.78,1495.11,1490.76,1485.74,1479.87,1473.94,1467.80,1460.77,1452.28,1444.59,1437.56,1430.73,1423.19,1416.66,1410.56,1404.48,1398.17,1392.08,1386.65,1381.65,1376.97,1372.71,1368.16,1363.63,1359.37,1355.58,1351.38,1346.84,1342.36,1338.17,1333.42,1328.62,1323.87,1319.24,1314.80,1310.31,1305.48,1300.13,1294.04,1287.89,1282.08,1276.20,1269.90,1263.41,1258.53,1254.58,1250.26,1243.07,1233.51,1224.13,1218.68,1221.22,1226.90,1233.34,1239.12,1243.83,1248.20,1253.49,1259.56,1266.20,1273.23,1280.35,1286.80,1293.03,1299.51,1306.29,1312.87,1319.15,1324.92,1329.58,1333.00,1335.65,1338.01,1340.52,1343.24,1345.49,1347.71,1350.48,1354.43,1359.28,1363.97,1367.81,1370.01,1371.70,1372.77,1373.45,1373.84,1373.74,1373.07,1371.75,1369.74,1367.18,1364.79,1362.14,1359.24,1356.33,1353.93,1352.01,1350.12,1348.24,1347.07,1345.69,1344.15,1342.36,1339.84,1336.14,1331.41,1326.22,1321.00,1316.13,1311.54,1307.36,1303.57,1299.61,1293.54,1287.60
1148.36,1147.93,1147.61,1147.30,1146.73,1146.07,1145.30,1144.12,1142.57,1140.23,1137.28,1134.09,1130.09,1125.68,1120.81,1116.19,1115.13,1118.93,1124.21,1130.24,1138.25,1144.63,1151.27,1158.82,1167.22,1174.27,1180.55,1186.34,1191.60,1196.33,1201.11,1206.26,1211.91,1217.95,1222.74,1227.54,1233.12,1239.56,1244.80,1250.31,1256.31,1262.56,1268.33,1273.68,1279.61,1286.12,1292.79,1298.65,1303.21,1307.34,1311.66,1316.69,1322.36,1328.57,1335.07,1341.29,1346.43,1351.19,1355.89,1360.94,1367.40,1374.15,1379.98,1384.59,1388.65,1392.16,1395.64,1399.39,1403.56,1407.64,1411.91,1416.16,1419.97,1422.62,1425.17,1427.70,1430.53,1434.20,1437.53,1440.28,1442.79,1445.44,1448.42,1451.53,1454.65,1457.74,1460.76,1463.63,1466.60,1469.91,1473.84,1477.90,1481.58,1484.87,1487.77,1490.39,1492.67,1494.85,1497.12,1499.61,1501.57,1503.42,1505.27,1507.13,1509.02,1510.99,1513.09,1515.27,1517.46,1519.56,1521.10,1522.25,1523.40,1524.51,1525.60,1526.70,1527.79,1528.86,1529.80,1530.56,1531.09,1531.26,1530.91,1530.39,1529.53,1528.05,1526.47,1524.97,1523.50,1522.04,1520.52,1517.95,1514.79,1512.08,1511.10,1509.93,1507.98,1505.54,1502.87,1500.20,1497.20,1493.77,1489.81,1485.05,1479.49,1472.78,1465.51,1458.13,1449.84,1442.04,1434.71,1427.74,1420.94,1414.91,1409.09,1403.22,1397.26,1391.35,1385.61,1380.28,1375.54,1371.00,1365.34,1360.12,1355.81,1351.92,1347.23,1342.54,1338.20,1334.26,1329.84,1325.27,1320.76,1316.43,1312.38,1308.43,1304.37,1299.71,1293.66,1287.56,1281.89,1276.22,1270.09,1263.45,1258.42,1254.32,1249.79,1242.11,1231.48,1221.96,1216.41,1217.63,1222.73,1228.96,1235.01,1240.32,1244.76,1249.14,1254.86,1261.70,1268.72,1276.07,1282.65,1288.75,1294.99,1302.39,1309.65,1316.54,1322.55,1326.53,1329.78,1332.14,1334.08,1336.17,1338.59,1340.82,1342.92,1345.03,1347.49,1351.45,1356.22,1360.93,1364.20,1366.34,1367.88,1368.92,1369.35,1369.31,1368.68,1367.51,1365.79,1363.66,1361.32,1358.65,1355.69,1352.55,1349.75,1347.43,1345.52,1344.14,1343.59,1342.72,1341.54,1339.63,1335.99,1331.74,1327.21,1322.55,1317.82,1313.31,1308.87,1304.72,1300.86,1296.80,1291.01,1285.20
1143.95,1143.65,1143.45,1143.29,1142.95,1142.39,1141.47,1139.94,1138.09,1135.51,1132.32,1128.85,1124.79,1119.75,1114.98,1112.20,1113.21,1118.41,1124.36,1130.62,1139.15,1145.81,1153.15,1161.31,1169.50,1176.76,1183.04,1188.70,1193.84,1198.51,1203.18,1208.28,1213.85,1219.60,1224.07,1228.87,1234.58,1241.07,1246.33,1252.39,1258.91,1265.33,1270.88,1276.06,1282.24,1288.88,1294.85,1300.36,1304.90,1309.18,1313.69,1318.72,1324.41,1330.65,1337.06,1342.94,1348.03,1352.79,1357.85,1363.77,1370.60,1377.11,1382.56,1386.87,1390.66,1394.13,1397.75,1401.70,1406.05,1410.40,1414.89,1418.91,1422.00,1424.41,1426.89,1429.89,1433.46,1437.39,1440.49,1443.07,1445.54,1448.17,1451.08,1454.08,1457.14,1460.20,1463.13,1465.97,1469.14,1472.74,1476.76,1480.53,1484.05,1487.25,1490.03,1492.42,1494.60,1496.74,1498.91,1501.06,1502.87,1504.66,1506.49,1508.35,1510.23,1512.16,1514.16,1516.22,1518.15,1519.89,1521.25,1522.37,1523.49,1524.57,1525.65,1526.72,1527.76,1528.77,1529.68,1530.39,1530.80,1530.74,1530.35,1529.51,1528.27,1526.65,1525.03,1523.46,1521.87,1520.11,1517.86,1514.97,1512.07,1509.76,1508.63,1507.42,1505.57,1503.28,1500.76,1498.28,1495.60,1492.43,1488.72,1484.53,1479.38,1472.09,1463.91,1456.19,1448.17,1440.66,1433.63,1427.01,1420.58,1414.78,1409.09,1403.34,1397.47,1391.38,1385.41,1379.90,1375.04,1370.26,1363.79,1357.96,1353.32,1348.82,1343.81,1339.17,1334.91,1330.76,1326.16,1321.61,1317.17,1313.00,1309.43,1306.01,1302.21,1297.65,1291.83,1285.92,1280.40,1274.90,1268.95,1262.25,1257.06,1252.53,1247.41,1239.54,1228.95,1219.06,1212.67,1212.76,1217.26,1223.76,1230.27,1236.01,1241.10,1245.49,1250.80,1257.24,1264.28,1271.19,1277.85,1284.05,1289.90,1296.67,1304.40,1311.80,1318.15,1322.82,1325.96,1328.18,1330.05,1332.03,1334.49,1336.73,1338.68,1340.39,1342.18,1345.10,1349.08,1353.54,1357.40,1360.36,1362.67,1364.28,1364.95,1365.04,1364.40,1363.32,1361.90,1360.11,1357.74,1355.04,1352.02,1348.62,1345.49,1342.86,1340.82,1339.54,1339.00,1338.13,1336.64,1334.40,1331.02,1327.08,1322.87,1318.47,1313.94,1309.56,1305.19,1301.08,1297.24,1293.22,1287.96,1282.58
1139.75,1139.58,1139.49,1139.39,1139.15,1138.58,1137.42,1135.51,1133.36,1130.61,1127.22,1123.34,1119.24,1113.97,1109.85,1109.30,1112.15,1118.28,1124.58,1130.99,1140.02,1146.97,1154.89,1163.53,1171.56,1179.14,1185.37,1190.85,1195.88,1200.52,1205.13,1210.21,1215.67,1221.00,1225.21,1230.08,1235.91,1242.38,1247.78,1254.48,1261.50,1267.98,1273.14,1278.24,1284.55,1291.15,1296.57,1301.68,1306.30,1310.78,1315.42,1320.42,1326.16,1332.43,1338.74,1344.26,1349.36,1354.18,1359.72,1366.70,1373.66,1379.63,1384.68,1388.88,1392.37,1395.81,1399.59,1403.77,1408.38,1413.04,1417.57,1421.21,1423.66,1426.07,1428.69,1432.31,1436.63,1440.42,1443.13,1445.57,1448.07,1450.73,1453.56,1456.41,1459.39,1462.46,1465.34,1468.27,1471.72,1475.58,1479.49,1482.89,1486.27,1489.37,1491.95,1494.16,1496.33,1498.47,1500.51,1502.30,1504.02,1505.77,1507.57,1509.42,1511.30,1513.19,1515.11,1517.03,1518.72,1520.13,1521.32,1522.39,1523.46,1524.53,1525.59,1526.63,1527.61,1528.51,1529.39,1530.08,1530.41,1530.19,1529.70,1528.50,1526.89,1525.25,1523.62,1521.96,1520.16,1517.96,1514.96,1511.86,1509.29,1507.34,1506.00,1504.70,1502.99,1500.92,1498.61,1496.31,1493.97,1491.07,1487.63,1484.06,1479.37,1471.72,1462.92,1455.04,1447.39,1440.33,1433.68,1427.34,1421.22,1415.57,1410.01,1404.35,1398.40,1392.04,1385.81,1380.09,1375.06,1370.11,1362.96,1356.60,1351.62,1346.49,1341.26,1336.64,1332.34,1327.79,1322.89,1318.21,1313.72,1309.59,1306.34,1303.24,1299.45,1294.77,1289.16,1283.51,1278.18,1272.86,1267.07,1260.43,1255.09,1250.04,1244.23,1236.13,1226.17,1216.14,1208.82,1207.70,1211.66,1218.39,1225.31,1231.41,1237.15,1241.96,1247.06,1252.99,1259.95,1266.20,1272.80,1279.11,1284.63,1290.51,1298.24,1305.89,1312.65,1318.33,1321.61,1323.93,1325.92,1327.87,1330.40,1332.69,1334.60,1336.16,1337.67,1339.71,1342.69,1346.46,1350.55,1354.21,1357.20,1359.36,1360.45,1360.84,1360.28,1359.33,1358.16,1356.59,1354.18,1351.39,1348.25,1344.62,1341.30,1338.39,1336.08,1334.58,1333.81,1332.78,1330.96,1328.46,1325.68,1322.31,1318.44,1314.26,1309.90,1305.60,1301.29,1297.19,1293.31,1289.26,1284.47,1279.51
1136.07,1136.00,1135.90,1135.67,1135.05,1134.09,1132.69,1130.53,1128.18,1125.38,1121.76,1116.87,1112.76,1109.16,1107.30,1108.57,1112.37,1118.59,1124.83,1131.36,1140.88,1148.17,1156.31,1165.16,1173.44,1180.91,1187.16,1192.72,1197.79,1202.30,1206.81,1211.77,1217.01,1221.89,1225.87,1230.92,1236.96,1243.40,1249.08,1256.25,1263.70,1270.38,1275.18,1280.47,1286.56,1292.67,1297.79,1302.70,1307.39,1312.01,1316.73,1321.89,1327.64,1333.66,1339.65,1345.11,1350.21,1355.06,1361.08,1369.08,1375.95,1381.45,1386.20,1390.32,1393.66,1396.92,1400.85,1405.38,1410.28,1415.18,1419.27,1422.51,1424.99,1427.44,1430.85,1435.22,1439.66,1442.46,1444.90,1447.39,1449.98,1452.63,1455.42,1458.22,1461.24,1464.41,1467.32,1470.63,1474.39,1478.26,1481.74,1484.90,1487.99,1490.81,1493.20,1495.43,1497.61,1499.65,1501.54,1503.26,1504.96,1506.71,1508.50,1510.28,1511.94,1513.64,1515.36,1517.09,1518.76,1520.15,1521.29,1522.32,1523.34,1524.32,1525.29,1526.25,1527.16,1527.88,1528.59,1529.25,1529.72,1529.58,1528.77,1527.38,1525.72,1524.00,1522.31,1520.47,1518.24,1515.52,1512.45,1509.49,1506.90,1504.79,1503.25,1501.95,1500.41,1498.64,1496.66,1494.57,1492.26,1489.65,1486.75,1483.55,1479.36,1472.02,1463.46,1456.00,1448.94,1442.46,1435.75,1428.87,1423.26,1417.88,1412.59,1407.04,1400.66,1394.06,1387.39,1381.23,1375.96,1370.96,1363.28,1356.55,1351.52,1346.39,1341.11,1336.14,1331.32,1326.35,1321.26,1316.20,1311.36,1306.98,1303.44,1299.82,1295.70,1290.88,1285.20,1279.81,1274.90,1269.84,1264.06,1257.87,1252.38,1246.87,1240.40,1231.61,1223.11,1214.08,1206.39,1203.56,1207.24,1213.47,1220.24,1226.72,1232.34,1238.06,1243.70,1249.49,1255.91,1261.62,1267.75,1273.82,1279.34,1284.94,1291.16,1298.18,1305.54,1311.76,1316.05,1319.20,1321.61,1323.43,1325.68,1328.11,1330.39,1332.36,1334.16,1336.07,1338.41,1341.27,1344.68,1348.28,1351.16,1353.51,1355.44,1356.70,1356.66,1355.97,1354.87,1353.23,1350.84,1347.72,1344.18,1340.64,1337.43,1334.29,1331.31,1328.89,1327.73,1326.72,1325.13,1322.93,1320.40,1317.47,1313.90,1310.03,1306.12,1302.04,1297.81,1293.58,1289.33,1284.80,1279.97,1275.08
1132.09,1131.93,1131.66,1131.09,1130.05,1128.75,1127.11,1124.69,1121.71,1118.32,1114.37,1109.81,1106.89,1105.72,1106.21,1108.72,1113.24,1119.30,1125.42,1132.15,1141.85,1149.19,1157.44,1166.53,1175.18,1182.65,1188.89,1194.48,1199.55,1203.94,1208.41,1213.29,1218.31,1222.67,1226.47,1231.62,1237.79,1244.35,1250.50,1257.96,1265.49,1272.06,1276.73,1282.26,1288.13,1293.70,1298.48,1303.36,1308.22,1313.00,1317.83,1323.12,1328.76,1334.49,1340.14,1345.56,1350.69,1355.65,1361.98,1370.47,1377.20,1382.51,1387.13,1391.18,1394.38,1397.53,1401.61,1406.48,1411.72,1416.84,1420.58,1423.51,1426.07,1428.66,1432.87,1437.52,1441.60,1443.97,1446.32,1448.83,1451.45,1454.12,1456.89,1459.77,1462.89,1466.16,1469.23,1472.68,1476.43,1480.10,1483.24,1486.20,1489.08,1491.74,1494.10,1496.39,1498.58,1500.54,1502.29,1503.94,1505.61,1507.29,1509.00,1510.69,1512.23,1513.81,1515.41,1517.01,1518.61,1519.98,1521.10,1522.08,1523.05,1523.96,1524.84,1525.68,1526.42,1526.94,1527.55,1528.15,1528.61,1528.61,1527.74,1526.33,1524.67,1522.95,1521.25,1519.14,1516.59,1513.64,1510.54,1507.44,1504.67,1502.34,1500.56,1499.13,1497.70,1496.16,1494.48,1492.63,1490.36,1487.92,1485.38,1482.47,1478.39,1471.70,1464.05,1457.36,1451.08,1445.12,1438.57,1431.61,1426.21,1421.03,1415.75,1410.01,1403.30,1396.54,1389.52,1382.89,1377.21,1372.06,1364.15,1357.25,1352.18,1347.12,1341.88,1336.65,1331.42,1326.18,1320.97,1315.67,1310.48,1305.60,1301.27,1296.89,1292.06,1286.76,1281.14,1276.03,1271.20,1266.15,1260.56,1254.83,1248.88,1242.69,1235.89,1227.68,1220.15,1211.73,1203.97,1200.27,1203.15,1208.76,1215.36,1222.10,1227.77,1233.78,1239.99,1246.18,1252.12,1257.56,1263.30,1269.07,1274.57,1279.88,1285.03,1290.99,1297.83,1304.53,1309.94,1314.00,1316.89,1318.76,1320.82,1323.26,1325.75,1328.13,1330.43,1332.78,1335.07,1337.42,1340.16,1343.21,1345.91,1348.40,1350.73,1352.52,1352.86,1352.33,1351.19,1349.41,1346.93,1343.77,1340.32,1337.04,1333.94,1330.59,1327.12,1323.96,1322.01,1320.84,1319.43,1317.51,1315.10,1312.34,1309.15,1305.75,1302.23,1298.50,1294.67,1290.18,1285.16,1280.72,1276.15,1271.30
1127.63,1127.23,1126.66,1125.60,1124.18,1122.57,1120.64,1117.90,1114.12,1109.91,1105.82,1102.80,1102.03,1103.62,1106.28,1109.54,1114.65,1120.38,1126.40,1133.42,1142.88,1150.03,1158.32,1167.68,1176.77,1184.39,1190.60,1196.12,1201.14,1205.41,1209.88,1214.72,1219.50,1223.37,1227.05,1232.20,1238.44,1245.21,1251.94,1259.54,1266.85,1273.09,1277.83,1283.60,1289.25,1294.32,1298.74,1303.72,1308.79,1313.77,1318.72,1324.07,1329.54,1334.94,1340.26,1345.65,1350.86,1355.96,1362.42,1370.92,1377.50,1382.84,1387.51,1391.52,1394.61,1397.70,1401.93,1407.12,1412.70,1417.97,1421.51,1424.26,1426.91,1429.73,1434.63,1439.16,1442.55,1445.00,1447.39,1449.90,1452.52,1455.24,1458.03,1461.09,1464.35,1467.72,1470.99,1474.37,1477.83,1481.16,1484.04,1486.85,1489.60,1492.22,1494.67,1497.05,1499.26,1501.15,1502.78,1504.34,1505.95,1507.54,1509.12,1510.73,1512.21,1513.74,1515.29,1516.81,1518.30,1519.64,1520.73,1521.67,1522.59,1523.45,1524.25,1524.94,1525.45,1525.75,1526.32,1526.82,1527.15,1527.33,1526.68,1525.36,1523.74,1522.09,1520.38,1517.97,1515.23,1512.31,1509.12,1505.67,1502.59,1500.01,1497.98,1496.31,1494.86,1493.47,1491.98,1490.32,1488.10,1485.76,1483.42,1480.76,1476.57,1470.79,1464.54,1458.86,1453.44,1447.91,1441.76,1435.21,1429.78,1424.72,1419.25,1413.09,1406.14,1399.31,1392.05,1384.99,1378.77,1373.36,1365.59,1358.69,1353.44,1348.45,1343.32,1337.94,1332.49,1327.13,1321.88,1316.49,1310.96,1305.37,1299.88,1294.60,1288.85,1282.85,1277.41,1272.53,1267.43,1262.17,1256.84,1251.43,1244.74,1237.77,1230.95,1224.31,1217.27,1209.14,1201.62,1197.76,1199.39,1204.22,1210.55,1217.47,1223.37,1229.16,1235.85,1242.84,1248.51,1253.98,1259.41,1264.86,1270.23,1275.24,1279.80,1284.49,1289.94,1296.91,1303.29,1308.25,1311.76,1313.89,1315.88,1318.19,1320.73,1323.44,1326.38,1329.54,1332.28,1334.59,1336.79,1339.01,1341.50,1344.02,1346.29,1348.20,1348.74,1348.28,1347.04,1345.11,1342.50,1339.61,1336.63,1333.66,1330.63,1327.09,1323.33,1319.68,1316.69,1315.15,1313.77,1312.02,1309.64,1306.84,1304.10,1301.27,1298.11,1294.78,1291.46,1286.68,1280.86,1277.06,1272.99,1268.17
1121.57,1120.92,1119.98,1118.85,1117.22,1115.14,1112.55,1109.34,1105.92,1102.99,1100.74,1099.57,1100.77,1103.55,1106.92,1110.78,1116.56,1122.05,1128.27,1135.64,1143.69,1150.46,1158.99,1168.73,1178.04,1186.18,1192.28,1197.45,1202.22,1206.48,1210.90,1215.56,1220.13,1223.95,1227.65,1232.72,1238.88,1245.73,1252.67,1260.26,1267.47,1273.66,1278.54,1284.25,1289.71,1294.57,1298.89,1303.93,1309.10,1314.18,1319.15,1324.36,1329.68,1334.86,1339.96,1345.27,1350.59,1355.79,1362.13,1370.26,1376.82,1382.30,1387.16,1391.32,1394.44,1397.59,1401.95,1407.25,1412.82,1418.03,1421.57,1424.39,1427.21,1430.36,1435.45,1439.84,1442.91,1445.34,1447.74,1450.32,1453.06,1455.90,1458.77,1461.98,1465.34,1468.73,1471.93,1475.10,1478.30,1481.37,1484.13,1486.87,1489.62,1492.27,1494.78,1497.21,1499.43,1501.31,1502.90,1504.41,1505.94,1507.45,1508.96,1510.48,1511.95,1513.45,1514.90,1516.32,1517.73,1519.07,1520.18,1521.13,1521.99,1522.77,1523.44,1523.99,1524.36,1524.61,1524.99,1525.36,1525.65,1525.87,1525.65,1524.60,1523.08,1521.45,1519.61,1517.07,1514.29,1511.37,1508.02,1504.28,1500.90,1498.03,1495.68,1493.69,1491.99,1490.39,1488.68,1486.54,1484.27,1482.19,1480.24,1477.89,1474.22,1469.61,1464.64,1459.73,1454.60,1449.37,1443.82,1438.04,1432.79,1427.72,1422.22,1415.93,1408.60,1402.07,1394.75,1387.36,1380.78,1375.16,1368.45,1361.51,1355.13,1350.09,1345.02,1339.78,1334.44,1329.11,1323.97,1318.68,1312.88,1306.43,1299.74,1293.90,1287.84,1281.65,1276.18,1271.13,1265.56,1259.88,1254.27,1247.88,1240.38,1233.23,1226.86,1220.79,1214.03,1206.79,1200.20,1196.21,1196.47,1199.70,1205.20,1212.29,1218.27,1224.03,1230.76,1238.15,1244.94,1250.72,1255.98,1261.05,1266.03,1270.77,1275.18,1279.41,1283.89,1289.57,1295.44,1301.13,1305.88,1308.80,1311.06,1313.12,1315.42,1318.25,1321.56,1325.21,1328.69,1331.73,1334.01,1336.05,1338.15,1340.19,1341.90,1343.18,1343.59,1343.17,1341.96,1340.11,1337.96,1335.52,1332.76,1329.57,1326.30,1322.76,1319.02,1315.23,1311.78,1309.41,1307.42,1305.40,1303.06,1300.48,1297.94,1295.51,1293.01,1289.60,1285.62,1281.23,1276.92,1273.77,1270.05,1265.31
1115.39,1114.49,1113.09,1111.74,1109.86,1107.52,1104.74,1101.71,1099.02,1097.59,1097.34,1098.11,1100.82,1104.24,1108.03,1112.49,1118.55,1123.77,1130.28,1138.08,1144.62,1151.20,1159.83,1169.64,1179.07,1187.63,1193.58,1198.41,1202.97,1207.28,1211.65,1216.17,1220.56,1224.33,1228.01,1232.96,1239.01,1245.85,1252.91,1260.56,1267.78,1273.98,1278.97,1284.60,1289.85,1294.51,1298.81,1303.89,1309.18,1314.33,1319.24,1324.32,1329.47,1334.46,1339.38,1344.57,1349.92,1355.21,1361.38,1368.94,1375.48,1381.15,1386.26,1390.67,1393.97,1397.27,1401.64,1406.86,1412.29,1417.32,1420.99,1424.04,1427.01,1430.33,1435.41,1439.78,1442.89,1445.32,1447.76,1450.43,1453.25,1456.15,1459.06,1462.35,1465.81,1469.23,1472.32,1475.30,1478.23,1481.11,1483.85,1486.58,1489.35,1492.03,1494.57,1497.07,1499.36,1501.25,1502.79,1504.24,1505.69,1507.15,1508.63,1510.09,1511.54,1512.98,1514.36,1515.68,1517.01,1518.32,1519.46,1520.43,1521.27,1521.96,1522.51,1522.92,1523.18,1523.40,1523.61,1523.84,1524.10,1524.35,1524.49,1523.77,1522.46,1520.88,1518.90,1516.34,1513.61,1510.72,1507.28,1503.40,1499.75,1496.51,1493.76,1491.36,1489.23,1487.24,1485.19,1482.67,1480.44,1478.59,1476.90,1474.82,1471.75,1468.17,1464.27,1459.96,1455.00,1450.04,1445.00,1439.86,1434.77,1429.64,1424.12,1417.86,1410.59,1404.39,1397.14,1389.61,1382.77,1377.03,1371.27,1364.36,1357.03,1351.87,1346.81,1341.60,1336.30,1331.09,1326.09,1321.00,1315.00,1307.75,1300.08,1293.88,1287.81,1281.71,1276.18,1270.91,1264.83,1258.65,1252.72,1245.47,1237.32,1229.97,1223.78,1217.91,1211.45,1204.98,1199.01,1194.56,1193.58,1195.48,1199.99,1206.62,1212.72,1218.79,1225.66,1233.28,1240.94,1247.20,1252.54,1257.42,1262.06,1266.46,1270.79,1274.81,1278.68,1283.11,1288.14,1293.84,1299.21,1302.98,1306.01,1308.10,1310.23,1312.97,1316.34,1320.38,1324.62,1328.49,1331.06,1333.22,1335.04,1336.58,1337.72,1338.30,1338.42,1337.95,1336.80,1335.05,1333.17,1330.91,1328.19,1324.92,1321.59,1318.08,1314.33,1310.41,1306.79,1303.80,1301.23,1298.87,1296.39,1293.86,1291.30,1289.00,1286.88,1283.57,1279.39,1275.61,1272.59,1269.71,1266.21,1261.66
1109.64,1108.46,1106.50,1104.41,1102.18,1100.04,1098.17,1096.68,1094.98,1094.61,1095.85,1098.59,1101.99,1105.62,1109.82,1114.97,1120.50,1125.31,1132.20,1140.54,1145.90,1152.72,1161.07,1170.33,1179.76,1188.37,1194.12,1198.77,1203.30,1207.70,1212.09,1216.55,1220.81,1224.35,1227.87,1232.71,1238.61,1245.27,1252.44,1260.35,1267.74,1273.98,1278.97,1284.60,1289.61,1294.00,1298.26,1303.42,1308.92,1314.12,1318.87,1323.88,1328.84,1333.66,1338.45,1343.41,1348.64,1354.07,1360.02,1366.73,1373.23,1379.18,1384.59,1389.33,1393.09,1396.63,1400.80,1405.62,1410.83,1415.50,1419.50,1422.97,1426.03,1429.18,1434.02,1438.66,1442.35,1444.88,1447.46,1450.18,1452.96,1455.77,1458.58,1461.89,1465.42,1468.91,1472.00,1474.81,1477.53,1480.27,1483.10,1485.93,1488.73,1491.41,1493.97,1496.56,1499.02,1500.92,1502.34,1503.75,1505.15,1506.59,1508.06,1509.52,1510.93,1512.28,1513.61,1514.90,1516.10,1517.35,1518.49,1519.51,1520.39,1521.00,1521.41,1521.70,1521.87,1522.04,1522.15,1522.27,1522.44,1522.79,1523.07,1522.74,1521.83,1520.36,1518.30,1515.82,1513.23,1510.49,1507.14,1503.36,1499.47,1495.74,1492.46,1489.53,1486.70,1484.05,1481.63,1479.22,1477.28,1475.52,1473.75,1471.80,1469.23,1466.35,1463.10,1459.19,1454.40,1449.66,1444.88,1439.98,1434.94,1429.75,1424.13,1418.10,1411.81,1405.81,1398.88,1391.53,1384.54,1378.84,1373.42,1366.68,1359.21,1353.78,1348.64,1343.14,1337.63,1332.64,1327.80,1323.04,1316.93,1309.00,1300.86,1294.57,1288.82,1283.14,1277.60,1272.21,1265.59,1258.88,1252.72,1245.36,1236.93,1229.10,1222.37,1216.32,1210.34,1204.14,1197.85,1192.32,1190.40,1191.88,1195.29,1200.20,1206.59,1213.53,1220.94,1228.60,1236.09,1243.00,1248.90,1254.02,1258.49,1262.41,1266.58,1270.60,1274.38,1278.26,1282.46,1286.83,1291.29,1295.80,1300.47,1303.23,1305.35,1307.71,1310.62,1315.01,1319.93,1324.49,1327.55,1330.14,1331.95,1333.20,1333.93,1333.99,1333.62,1332.95,1331.88,1330.16,1327.97,1325.24,1322.28,1319.44,1316.49,1313.06,1309.13,1304.93,1301.50,1298.44,1295.66,1292.96,1290.05,1287.04,1284.16,1281.53,1279.14,1276.49,1273.51,1270.46,1267.36,1263.97,1260.52,1256.34
1103.33,1102.02,1100.20,1098.14,1095.90,1093.98,1092.68,1092.02,1091.94,1093.35,1096.08,1099.53,1103.19,1107.01,1111.56,1117.09,1122.09,1126.46,1133.26,1141.70,1146.90,1153.88,1161.92,1170.64,1179.80,1188.35,1194.01,1198.61,1203.20,1207.77,1212.21,1216.62,1220.76,1224.13,1227.50,1232.13,1237.77,1244.13,1251.07,1258.80,1266.53,1273.47,1278.70,1284.04,1288.89,1293.28,1297.55,1302.57,1308.20,1313.49,1318.11,1322.93,1327.77,1332.50,1337.15,1341.83,1346.76,1352.07,1357.90,1364.29,1370.54,1376.61,1382.22,1387.18,1391.39,1395.17,1399.24,1403.81,1408.90,1413.53,1417.57,1421.14,1424.31,1427.46,1431.55,1436.28,1440.78,1443.68,1446.47,1449.31,1452.15,1454.89,1457.61,1460.68,1464.05,1467.57,1470.90,1473.70,1476.32,1478.96,1481.73,1484.61,1487.57,1490.42,1493.06,1495.62,1498.05,1500.07,1501.67,1503.07,1504.46,1505.88,1507.30,1508.69,1510.12,1511.41,1512.65,1513.88,1515.03,1516.08,1517.10,1518.05,1518.85,1519.52,1520.00,1520.32,1520.44,1520.44,1520.55,1520.68,1520.87,1521.31,1521.67,1521.57,1520.90,1519.57,1517.82,1515.56,1513.12,1510.48,1507.19,1503.53,1499.60,1495.55,1491.56,1488.17,1484.99,1481.97,1479.17,1476.63,1474.61,1472.82,1471.10,1469.31,1467.09,1464.51,1461.45,1457.60,1452.98,1448.50,1444.02,1439.28,1434.10,1428.72,1423.18,1417.60,1412.16,1406.65,1400.36,1393.34,1386.06,1380.44,1375.14,1368.80,1361.74,1355.88,1350.42,1344.65,1338.95,1333.95,1329.19,1324.46,1318.41,1310.64,1302.58,1295.89,1289.82,1284.09,1278.74,1273.40,1266.41,1259.36,1253.23,1246.12,1237.55,1229.38,1222.31,1216.17,1210.07,1203.75,1197.21,1191.03,1188.09,1188.82,1191.65,1196.05,1201.86,1209.03,1216.66,1224.29,1231.60,1238.59,1244.77,1250.29,1255.11,1258.86,1262.65,1266.47,1270.26,1273.94,1277.70,1281.28,1284.90,1288.96,1293.35,1296.88,1299.77,1302.38,1305.42,1309.35,1314.15,1319.29,1323.66,1326.51,1328.35,1329.45,1329.80,1329.44,1328.78,1327.73,1326.21,1324.33,1322.14,1319.57,1316.83,1314.13,1311.02,1307.39,1303.67,1300.18,1297.13,1294.01,1290.78,1287.50,1284.30,1281.27,1278.35,1275.49,1272.71,1269.95,1266.91,1263.90,1260.96,1257.76,1254.42,1250.77
1096.89,1095.49,1093.97,1092.04,1089.94,1088.40,1087.81,1088.09,1089.77,1092.93,1096.90,1100.61,1104.40,1108.47,1113.31,1118.98,1123.49,1127.57,1134.13,1142.42,1147.83,1154.82,1162.55,1170.77,1179.52,1187.88,1193.53,1198.17,1202.82,1207.54,1212.03,1216.42,1220.50,1223.78,1227.03,1231.39,1236.68,1242.70,1249.30,1256.69,1264.73,1272.55,1278.15,1283.17,1287.89,1292.36,1296.64,1301.45,1307.17,1312.57,1317.12,1321.73,1326.47,1331.13,1335.65,1340.07,1344.65,1349.73,1355.40,1361.65,1367.65,1373.72,1379.45,1384.62,1389.21,1393.24,1397.27,1401.67,1406.65,1411.34,1415.34,1418.91,1422.20,1425.38,1428.72,1433.29,1438.41,1442.01,1445.05,1448.03,1450.94,1453.67,1456.31,1459.11,1462.21,1465.66,1469.24,1472.13,1474.76,1477.37,1480.07,1483.01,1486.13,1489.17,1491.92,1494.41,1496.78,1498.95,1500.83,1502.26,1503.64,1505.02,1506.38,1507.71,1509.14,1510.38,1511.56,1512.72,1513.81,1514.66,1515.50,1516.33,1517.04,1517.79,1518.40,1518.78,1518.88,1518.78,1518.93,1519.13,1519.39,1519.90,1520.32,1520.35,1519.85,1518.64,1517.24,1515.27,1513.04,1510.54,1507.32,1503.74,1499.80,1495.48,1490.84,1487.03,1483.65,1480.38,1477.18,1474.42,1472.15,1470.27,1468.66,1467.03,1465.11,1462.65,1459.54,1455.56,1451.05,1446.85,1442.64,1438.08,1432.82,1427.38,1422.04,1416.94,1412.16,1407.15,1401.53,1394.86,1387.40,1381.90,1376.64,1370.73,1364.25,1358.02,1352.17,1346.11,1340.21,1335.06,1330.25,1325.37,1319.43,1312.10,1304.44,1297.40,1290.87,1284.89,1279.73,1274.47,1267.31,1260.04,1253.95,1247.29,1238.67,1230.26,1222.97,1216.74,1210.29,1203.65,1196.82,1190.26,1186.34,1186.09,1188.47,1192.88,1198.07,1205.20,1212.81,1220.25,1227.28,1234.05,1240.33,1246.25,1251.62,1255.53,1258.97,1262.49,1266.21,1269.83,1273.35,1276.44,1279.40,1282.71,1286.23,1290.32,1294.02,1297.03,1300.38,1303.75,1308.17,1313.63,1319.23,1322.40,1324.39,1325.48,1325.50,1324.85,1324.01,1322.60,1320.56,1318.38,1316.17,1313.85,1311.40,1308.74,1305.45,1301.76,1298.44,1295.83,1293.07,1289.85,1286.22,1282.47,1279.13,1276.21,1273.21,1270.06,1266.80,1263.57,1260.07,1256.89,1254.14,1251.33,1248.25,1245.19
1090.67,1089.19,1087.50,1085.05,1083.20,1082.66,1083.88,1086.64,1089.59,1093.29,1097.53,1101.63,1105.61,1110.09,1115.17,1120.55,1124.71,1129.07,1135.51,1143.30,1148.86,1155.45,1162.80,1170.69,1178.95,1186.74,1192.52,1197.39,1202.01,1206.59,1211.15,1215.65,1219.82,1223.21,1226.48,1230.43,1235.21,1240.93,1247.34,1254.28,1262.32,1270.73,1276.81,1281.94,1286.56,1290.93,1295.25,1299.78,1305.55,1311.16,1315.84,1320.24,1324.90,1329.51,1333.95,1338.21,1342.60,1347.28,1352.56,1358.64,1364.56,1370.38,1376.15,1381.66,1386.35,1390.58,1394.76,1399.10,1403.76,1408.45,1412.56,1416.22,1419.57,1422.80,1426.02,1429.79,1434.36,1439.60,1442.97,1445.98,1448.97,1451.88,1454.50,1457.12,1459.92,1463.02,1466.47,1469.65,1472.56,1475.34,1478.17,1481.28,1484.38,1487.43,1490.32,1492.83,1495.22,1497.52,1499.61,1501.24,1502.58,1503.86,1505.15,1506.47,1507.77,1509.05,1510.29,1511.43,1512.27,1513.06,1513.73,1514.36,1515.05,1515.77,1516.44,1516.85,1516.95,1517.28,1517.50,1517.75,1518.12,1518.65,1519.06,1519.13,1518.68,1517.47,1516.06,1514.46,1512.72,1510.59,1507.43,1503.75,1499.63,1495.08,1490.20,1486.11,1482.57,1479.06,1475.46,1472.44,1469.87,1467.84,1466.28,1464.88,1463.16,1460.70,1457.35,1452.96,1448.34,1444.30,1440.32,1436.01,1431.28,1426.46,1421.61,1416.79,1412.10,1407.18,1401.74,1395.39,1388.37,1383.12,1377.91,1372.23,1366.15,1360.02,1353.84,1347.41,1341.19,1335.73,1330.42,1325.13,1319.12,1312.25,1305.40,1298.69,1292.09,1285.89,1280.57,1275.26,1268.34,1261.13,1254.81,1248.82,1240.30,1231.85,1224.49,1217.92,1211.24,1203.99,1196.62,1190.09,1185.56,1183.94,1185.55,1190.31,1195.98,1202.94,1209.96,1216.67,1223.08,1229.36,1235.44,1241.51,1247.45,1252.29,1255.82,1258.97,1262.22,1265.78,1269.28,1272.33,1275.19,1278.24,1281.45,1285.11,1288.63,1291.78,1295.17,1298.71,1302.95,1307.91,1313.11,1317.16,1319.81,1321.13,1321.11,1320.51,1319.58,1318.15,1316.08,1313.32,1310.58,1307.93,1305.34,1302.72,1300.04,1297.18,1294.48,1291.96,1288.87,1285.38,1281.87,1278.55,1275.50,1272.45,1268.87,1264.97,1261.00,1257.04,1253.33,1250.09,1247.32,1244.72,1242.37,1239.97
1084.31,1082.83,1081.26,1079.00,1078.11,1079.11,1082.21,1086.62,1090.40,1094.30,1098.45,1102.65,1106.72,1111.61,1116.89,1121.91,1125.91,1130.68,1136.92,1143.97,1149.63,1155.87,1162.75,1170.19,1178.05,1185.37,1191.19,1196.20,1200.83,1205.35,1209.98,1214.54,1218.80,1222.39,1225.69,1229.28,1233.58,1238.93,1244.97,1251.50,1259.30,1267.85,1274.68,1280.25,1284.99,1289.36,1293.73,1298.17,1303.74,1309.34,1314.22,1318.51,1323.04,1327.59,1332.00,1336.24,1340.54,1344.97,1349.84,1355.46,1361.41,1367.10,1372.79,1378.40,1383.34,1387.63,1391.77,1396.02,1400.59,1405.24,1409.44,1413.23,1416.67,1419.97,1423.21,1426.54,1430.44,1435.68,1439.88,1443.27,1446.32,1449.30,1452.17,1454.71,1457.27,1460.10,1463.42,1466.77,1469.91,1472.88,1475.78,1478.98,1482.17,1485.31,1488.33,1490.95,1493.36,1495.66,1497.84,1499.73,1501.29,1502.58,1503.79,1505.04,1506.18,1507.40,1508.54,1509.53,1510.36,1511.14,1511.77,1512.32,1513.00,1513.71,1514.45,1514.94,1515.18,1515.86,1516.14,1516.45,1516.89,1517.38,1517.80,1517.95,1517.54,1516.29,1514.85,1513.48,1512.11,1510.35,1507.21,1503.40,1499.17,1494.56,1489.59,1485.31,1481.51,1477.69,1473.72,1470.36,1467.62,1465.43,1463.78,1462.57,1460.70,1457.91,1454.31,1449.94,1445.33,1441.48,1437.83,1434.00,1429.91,1425.62,1421.16,1416.56,1411.86,1406.99,1401.73,1395.62,1388.85,1383.90,1378.96,1373.60,1367.80,1361.70,1355.39,1348.80,1342.24,1336.05,1330.12,1324.42,1318.38,1311.86,1305.53,1299.17,1292.75,1286.55,1281.08,1275.75,1269.13,1262.04,1255.38,1249.58,1241.78,1233.82,1226.45,1219.39,1212.08,1204.25,1196.54,1189.98,1184.94,1181.77,1182.24,1187.03,1193.34,1200.34,1206.86,1212.84,1218.76,1224.79,1230.64,1236.57,1242.68,1248.19,1252.36,1255.68,1258.63,1261.93,1265.30,1268.36,1271.22,1274.14,1277.28,1280.65,1283.98,1287.17,1290.48,1294.05,1298.13,1302.70,1307.59,1312.24,1315.36,1317.02,1317.26,1316.64,1315.59,1313.93,1311.51,1308.23,1304.89,1301.83,1299.13,1296.87,1294.88,1292.71,1290.41,1287.88,1284.64,1281.19,1277.96,1274.96,1271.92,1268.48,1264.31,1259.72,1255.10,1250.73,1246.89,1243.54,1240.62,1237.97,1235.68,1233.36
1077.76,1076.40,1075.32,1073.97,1074.80,1077.80,1082.65,1087.74,1091.92,1095.76,1099.59,1103.66,1107.77,1113.04,1118.49,1123.13,1127.09,1132.26,1138.22,1144.41,1150.07,1156.07,1162.42,1169.28,1176.80,1183.80,1189.56,1194.62,1199.28,1203.82,1208.50,1213.10,1217.44,1221.30,1224.65,1227.96,1231.84,1236.77,1242.26,1248.39,1255.70,1263.97,1271.79,1278.11,1283.18,1287.64,1292.06,1296.60,1301.76,1307.14,1312.28,1316.56,1320.93,1325.39,1329.83,1334.15,1338.47,1342.81,1347.28,1352.19,1358.19,1363.88,1369.41,1374.91,1380.22,1384.46,1388.39,1392.51,1397.15,1401.73,1406.01,1409.95,1413.53,1416.96,1420.27,1423.51,1426.81,1430.58,1435.86,1439.92,1443.03,1446.00,1449.32,1451.88,1454.30,1456.97,1460.21,1463.56,1466.88,1470.03,1472.93,1476.13,1479.51,1482.85,1485.96,1488.78,1491.17,1493.40,1495.59,1497.74,1499.71,1501.13,1502.28,1503.43,1504.40,1505.44,1506.32,1507.06,1508.06,1508.88,1509.56,1510.19,1510.85,1511.62,1512.46,1513.13,1513.61,1514.50,1514.84,1515.19,1515.68,1516.09,1516.53,1516.79,1516.45,1515.15,1513.73,1512.44,1511.31,1509.84,1506.64,1502.66,1498.41,1493.89,1488.96,1484.54,1480.36,1476.12,1471.80,1468.05,1465.30,1462.99,1461.11,1459.95,1457.61,1454.31,1450.52,1446.50,1442.12,1438.49,1435.26,1432.10,1428.67,1424.76,1420.58,1416.15,1411.38,1406.59,1401.50,1395.54,1388.88,1384.31,1379.81,1374.80,1369.18,1363.04,1356.79,1350.24,1343.33,1336.13,1329.53,1323.48,1317.40,1311.11,1304.95,1298.90,1292.82,1286.84,1281.29,1275.97,1269.69,1262.74,1255.72,1249.66,1243.07,1236.04,1228.70,1221.04,1212.73,1204.41,1196.59,1189.91,1184.41,1179.64,1178.69,1183.07,1189.93,1197.15,1203.39,1208.81,1214.38,1220.35,1225.94,1231.52,1237.45,1243.28,1248.44,1252.44,1255.40,1258.31,1261.43,1264.48,1267.39,1270.26,1273.50,1276.79,1280.03,1283.19,1286.32,1289.74,1293.65,1298.03,1302.79,1307.72,1311.14,1313.19,1313.92,1313.20,1311.98,1309.89,1306.81,1303.07,1299.17,1295.72,1292.99,1291.31,1289.95,1288.21,1286.11,1283.59,1280.43,1277.33,1274.41,1271.52,1268.20,1264.13,1259.40,1254.31,1249.21,1244.78,1240.88,1237.34,1234.11,1231.09,1228.16,1225.38
1070.85,1070.01,1070.07,1069.81,1073.38,1078.60,1084.01,1088.88,1092.89,1096.57,1100.28,1104.43,1108.86,1114.66,1120.26,1124.33,1128.01,1132.93,1138.54,1144.37,1149.92,1155.86,1162.01,1168.39,1175.07,1181.81,1187.59,1192.63,1197.12,1201.46,1206.26,1211.01,1215.55,1219.74,1223.21,1226.54,1230.25,1234.71,1239.70,1245.23,1251.71,1259.42,1268.28,1275.28,1280.77,1285.44,1289.89,1294.58,1299.46,1304.63,1309.92,1314.37,1318.67,1323.05,1327.51,1331.91,1336.22,1340.50,1344.77,1349.20,1354.52,1360.36,1366.03,1371.42,1376.81,1381.20,1385.11,1389.00,1393.31,1397.83,1402.21,1406.33,1410.14,1413.85,1417.14,1420.27,1423.41,1426.87,1431.33,1435.54,1439.20,1442.35,1445.63,1448.49,1451.16,1453.89,1457.07,1460.37,1463.61,1466.71,1469.65,1472.81,1476.33,1479.88,1483.17,1486.04,1488.56,1490.89,1493.11,1495.25,1497.24,1498.92,1500.35,1501.53,1502.37,1503.11,1503.67,1504.15,1505.10,1505.85,1506.64,1507.52,1508.38,1509.39,1510.48,1511.44,1512.22,1513.14,1513.58,1513.95,1514.39,1514.78,1515.23,1515.58,1515.40,1514.30,1513.14,1512.06,1511.04,1509.43,1505.50,1501.18,1496.97,1492.68,1487.82,1483.16,1478.31,1473.40,1468.70,1464.79,1462.08,1459.95,1458.01,1455.83,1453.18,1450.13,1446.61,1442.63,1438.90,1435.65,1432.73,1429.97,1426.98,1423.49,1419.49,1415.08,1410.38,1405.68,1400.60,1394.81,1388.66,1384.51,1380.29,1375.41,1369.84,1363.87,1357.66,1351.14,1344.15,1336.60,1329.40,1323.24,1317.13,1310.68,1304.32,1298.22,1292.34,1286.71,1281.43,1276.13,1270.08,1263.42,1256.48,1250.12,1244.16,1237.76,1230.50,1222.19,1213.13,1204.51,1196.81,1190.26,1184.05,1178.45,1176.36,1179.33,1185.29,1192.57,1199.38,1205.26,1210.33,1215.86,1221.07,1226.51,1232.53,1238.01,1243.31,1248.09,1252.06,1255.05,1258.00,1260.83,1263.60,1266.49,1269.76,1273.09,1276.41,1279.63,1282.59,1285.95,1289.68,1293.81,1298.57,1303.62,1307.38,1309.71,1310.48,1309.84,1308.31,1305.91,1302.54,1298.28,1294.17,1290.84,1288.30,1286.52,1285.13,1283.39,1281.43,1279.23,1276.39,1273.55,1270.57,1267.38,1263.75,1258.91,1253.85,1248.87,1244.18,1240.18,1236.43,1232.49,1228.26,1224.03,1220.06,1216.63
1064.31,1064.21,1065.51,1067.11,1073.10,1079.82,1085.21,1089.74,1093.62,1097.21,1100.88,1105.14,1109.94,1116.13,1121.74,1125.30,1128.76,1133.38,1138.63,1144.12,1149.50,1155.40,1161.38,1167.30,1173.21,1179.76,1185.49,1190.49,1194.87,1199.00,1203.78,1208.67,1213.44,1217.90,1221.60,1225.06,1228.68,1232.82,1237.43,1242.38,1247.98,1254.96,1264.35,1272.04,1278.02,1282.94,1287.44,1292.26,1297.01,1302.03,1307.30,1311.98,1316.25,1320.63,1325.15,1329.57,1333.85,1338.12,1342.29,1346.38,1350.90,1356.59,1362.42,1367.98,1373.33,1377.81,1381.74,1385.52,1389.52,1393.90,1398.25,1402.41,1406.38,1410.38,1413.87,1417.04,1420.13,1423.51,1427.10,1431.22,1435.24,1438.60,1441.86,1445.00,1447.95,1450.79,1453.88,1457.08,1460.33,1463.51,1466.51,1469.59,1473.10,1476.74,1480.20,1483.17,1485.79,1488.21,1490.47,1492.54,1494.44,1496.29,1497.93,1499.13,1499.94,1500.58,1500.95,1501.24,1502.05,1502.78,1503.69,1504.78,1505.87,1507.09,1508.42,1509.70,1510.80,1511.78,1512.32,1512.72,1513.12,1513.53,1513.98,1514.39,1514.35,1513.52,1512.63,1511.71,1510.59,1508.52,1503.83,1499.29,1495.16,1491.00,1486.09,1481.09,1475.66,1470.19,1465.21,1461.41,1458.87,1456.93,1454.94,1451.95,1449.00,1446.07,1442.74,1438.77,1435.60,1432.73,1430.10,1427.64,1424.98,1421.86,1418.05,1413.70,1409.07,1404.43,1399.29,1393.72,1388.25,1384.45,1380.41,1375.60,1370.08,1364.34,1358.20,1351.68,1344.68,1337.05,1329.47,1323.25,1317.11,1310.47,1304.00,1297.85,1292.06,1286.62,1281.54,1276.22,1270.38,1264.02,1257.26,1250.76,1245.15,1239.13,1231.96,1223.08,1213.37,1204.55,1196.99,1190.57,1183.86,1177.46,1174.08,1175.38,1180.35,1187.54,1194.86,1201.34,1206.36,1211.45,1216.37,1221.69,1227.66,1232.85,1237.93,1243.02,1247.78,1251.38,1254.58,1257.34,1259.95,1262.83,1266.06,1269.47,1272.93,1276.24,1279.11,1282.37,1285.92,1289.81,1294.39,1299.47,1303.57,1306.20,1306.98,1306.49,1304.81,1302.12,1298.42,1293.85,1289.77,1286.65,1284.22,1282.16,1280.45,1278.59,1276.72,1274.80,1272.25,1269.54,1266.45,1262.93,1258.86,1253.59,1248.50,1243.87,1239.77,1236.16,1232.26,1227.63,1222.27,1216.70,1211.81,1207.92
1058.76,1059.66,1062.14,1067.21,1074.44,1080.94,1085.60,1089.97,1094.05,1097.80,1101.52,1105.86,1110.95,1117.16,1122.53,1125.78,1129.24,1133.81,1138.70,1143.64,1148.79,1154.61,1160.31,1165.78,1171.27,1177.76,1183.29,1188.20,1192.73,1196.76,1201.17,1206.08,1211.14,1215.70,1219.82,1223.44,1227.08,1231.23,1235.72,1240.25,1245.08,1251.04,1259.82,1268.21,1274.80,1279.99,1284.62,1289.45,1294.38,1299.35,1304.33,1309.24,1313.57,1318.08,1322.75,1327.04,1331.29,1335.62,1339.85,1343.77,1347.58,1352.39,1358.28,1364.66,1369.86,1374.14,1378.14,1382.09,1386.04,1390.08,1394.11,1398.03,1401.89,1406.18,1410.37,1413.92,1416.98,1420.23,1423.79,1427.53,1431.26,1434.82,1438.31,1441.59,1444.68,1447.62,1450.49,1453.61,1457.15,1460.76,1463.90,1466.80,1469.99,1473.48,1477.06,1480.25,1482.88,1485.28,1487.54,1489.59,1491.33,1493.08,1494.64,1495.74,1496.77,1497.75,1498.31,1498.51,1499.12,1500.00,1501.01,1502.16,1503.47,1504.72,1506.18,1507.73,1509.19,1510.43,1511.05,1511.50,1511.95,1512.40,1512.86,1513.24,1513.28,1512.75,1511.98,1511.09,1509.46,1506.41,1501.26,1496.86,1492.83,1488.54,1483.27,1477.81,1472.10,1466.43,1461.42,1458.22,1456.09,1454.24,1452.19,1449.32,1446.00,1442.59,1438.99,1435.15,1432.08,1429.56,1427.26,1424.99,1422.53,1419.68,1416.13,1411.95,1407.32,1402.68,1397.44,1392.18,1387.56,1383.93,1379.91,1375.14,1369.77,1364.30,1358.29,1351.72,1344.70,1337.27,1329.72,1323.46,1317.25,1310.59,1304.38,1298.37,1292.46,1286.78,1281.60,1276.19,1270.55,1264.47,1257.91,1251.64,1246.01,1240.01,1232.87,1223.61,1213.38,1204.49,1197.02,1190.54,1183.95,1176.46,1171.33,1170.91,1175.32,1182.19,1189.45,1196.35,1202.39,1207.24,1212.11,1217.28,1222.77,1228.10,1232.62,1236.93,1241.49,1246.57,1250.97,1254.10,1256.60,1259.34,1262.48,1266.00,1269.62,1273.07,1275.97,1279.02,1282.38,1286.03,1290.06,1295.04,1299.46,1302.45,1303.39,1303.13,1301.69,1298.73,1294.43,1289.99,1286.34,1283.38,1280.80,1278.33,1276.07,1274.01,1272.13,1270.27,1267.80,1264.99,1261.86,1258.15,1253.33,1248.50,1243.96,1239.86,1236.29,1232.77,1227.93,1222.12,1215.62,1208.87,1203.51,1199.68
1055.61,1058.26,1062.26,1068.82,1075.78,1081.60,1085.93,1090.18,1094.34,1098.30,1102.26,1106.74,1112.13,1118.13,1123.21,1126.47,1129.88,1134.23,1138.83,1143.41,1148.11,1153.60,1159.11,1164.46,1169.74,1175.40,1180.79,1185.83,1190.44,1194.56,1198.65,1203.35,1208.49,1213.39,1217.77,1221.71,1225.60,1229.73,1234.06,1238.34,1242.81,1248.06,1255.32,1263.68,1270.93,1276.85,1281.81,1286.65,1291.60,1296.47,1301.23,1306.24,1310.92,1315.53,1320.09,1324.42,1328.66,1332.95,1337.23,1341.32,1344.97,1349.03,1354.45,1360.90,1366.35,1370.94,1375.09,1378.93,1382.51,1386.34,1390.24,1394.03,1397.74,1401.76,1406.03,1410.15,1413.90,1417.13,1420.58,1424.12,1427.69,1431.25,1434.80,1438.20,1441.43,1444.50,1447.41,1450.47,1453.99,1457.78,1461.34,1464.35,1467.50,1470.89,1474.42,1477.60,1480.14,1482.39,1484.52,1486.57,1488.26,1489.96,1491.46,1492.52,1493.59,1494.70,1495.52,1496.01,1496.52,1497.45,1498.57,1499.80,1501.15,1502.46,1503.99,1505.63,1507.23,1508.58,1509.45,1510.16,1510.82,1511.31,1511.78,1512.13,1512.19,1511.79,1511.15,1510.03,1507.92,1504.41,1499.51,1494.83,1490.31,1485.62,1480.26,1474.45,1468.58,1463.06,1458.42,1455.39,1453.24,1451.28,1449.03,1445.79,1442.21,1438.55,1434.89,1431.35,1428.43,1426.03,1423.88,1421.78,1419.54,1416.88,1413.59,1409.62,1404.92,1400.28,1395.20,1390.41,1386.54,1383.09,1379.00,1374.23,1369.00,1363.70,1357.81,1351.31,1344.41,1337.22,1329.90,1323.68,1317.56,1311.18,1305.22,1299.39,1293.25,1287.11,1281.65,1276.15,1270.47,1264.47,1258.12,1252.12,1246.47,1240.30,1232.89,1223.39,1213.09,1204.31,1196.94,1190.31,1183.68,1175.95,1169.78,1167.52,1170.65,1176.68,1183.53,1190.40,1196.87,1202.70,1207.81,1212.73,1217.82,1222.90,1227.12,1231.03,1235.15,1240.16,1245.34,1249.77,1253.31,1256.04,1258.97,1262.27,1265.85,1269.51,1272.77,1275.88,1279.11,1282.51,1286.18,1290.54,1294.71,1297.83,1299.09,1298.89,1297.36,1294.48,1290.52,1286.54,1283.11,1280.16,1277.44,1274.76,1272.15,1269.78,1267.61,1265.40,1262.51,1259.12,1255.75,1252.23,1247.90,1243.78,1239.80,1235.99,1232.23,1227.82,1221.82,1214.99,1207.80,1200.77,1195.16,1190.87
1053.84,1058.47,1063.94,1070.85,1076.97,1082.05,1086.28,1090.55,1094.76,1098.92,1103.14,1107.74,1113.41,1119.08,1123.83,1127.24,1130.65,1134.76,1139.10,1143.39,1147.59,1152.67,1158.01,1163.33,1168.45,1173.17,1178.37,1183.50,1188.17,1192.41,1196.27,1200.69,1205.76,1211.06,1215.63,1219.94,1224.13,1228.28,1232.47,1236.62,1240.95,1245.70,1251.33,1259.20,1266.91,1273.61,1278.98,1283.92,1288.83,1293.58,1298.20,1303.22,1308.22,1312.87,1317.26,1321.72,1325.96,1330.17,1334.48,1338.82,1342.65,1346.18,1350.88,1356.92,1362.71,1367.75,1372.15,1375.94,1379.10,1382.71,1386.49,1390.22,1393.80,1397.42,1401.43,1405.94,1410.47,1413.99,1417.38,1420.88,1424.41,1427.91,1431.45,1434.93,1438.31,1441.55,1444.57,1447.61,1451.01,1454.80,1458.79,1462.04,1465.26,1468.61,1472.01,1475.09,1477.51,1479.59,1481.54,1483.55,1485.24,1486.91,1488.39,1489.43,1490.50,1491.61,1492.66,1493.52,1494.04,1495.03,1496.26,1497.60,1498.95,1500.33,1501.85,1503.48,1505.11,1506.49,1507.62,1508.64,1509.53,1510.13,1510.65,1510.99,1511.03,1510.66,1510.09,1508.72,1506.27,1502.63,1498.19,1493.12,1488.04,1482.93,1477.40,1471.31,1465.30,1459.98,1455.82,1452.72,1450.29,1448.08,1445.54,1441.80,1437.99,1434.22,1430.61,1427.35,1424.57,1422.20,1420.08,1418.14,1416.10,1413.54,1410.42,1406.63,1402.03,1397.50,1392.80,1388.61,1385.32,1382.01,1377.80,1373.02,1367.93,1362.76,1356.94,1350.58,1343.89,1336.99,1330.07,1323.88,1317.85,1311.79,1306.05,1300.37,1294.04,1287.46,1281.65,1276.00,1270.20,1264.15,1257.93,1252.12,1246.52,1240.17,1232.42,1222.70,1212.59,1204.09,1196.83,1189.97,1183.25,1175.67,1168.84,1164.78,1166.26,1171.26,1177.56,1184.19,1190.76,1197.67,1203.28,1208.16,1212.91,1217.58,1221.60,1225.25,1228.88,1233.19,1238.69,1244.49,1249.44,1252.47,1255.44,1258.51,1261.92,1265.72,1269.36,1272.66,1275.84,1279.07,1282.62,1286.31,1290.00,1293.00,1294.50,1294.28,1292.62,1289.99,1286.69,1283.23,1279.98,1276.98,1274.14,1271.37,1268.52,1265.80,1263.10,1260.26,1256.84,1252.89,1249.30,1246.05,1242.56,1239.04,1235.48,1231.71,1227.37,1221.72,1214.66,1207.14,1199.71,1192.88,1187.07,1182.25
1053.74,1060.00,1066.14,1072.06,1077.50,1082.40,1086.85,1091.57,1095.98,1100.22,1104.43,1108.94,1114.72,1119.99,1124.39,1127.98,1131.72,1135.79,1139.86,1143.80,1147.72,1152.44,1157.55,1162.67,1167.47,1172.10,1176.79,1181.51,1186.15,1190.41,1194.36,1198.57,1203.34,1208.87,1213.67,1218.16,1222.53,1226.84,1231.12,1235.38,1239.73,1244.30,1249.45,1256.14,1263.37,1270.27,1276.07,1281.41,1286.33,1291.05,1295.73,1300.54,1305.25,1309.76,1314.19,1318.75,1323.07,1327.23,1331.44,1335.88,1340.39,1343.98,1347.86,1352.72,1358.63,1363.84,1368.75,1373.11,1376.31,1379.43,1382.88,1386.52,1390.22,1393.82,1397.23,1401.02,1405.41,1410.27,1414.07,1417.86,1421.65,1425.21,1428.67,1432.14,1435.68,1439.19,1442.32,1445.40,1448.65,1452.23,1456.17,1459.70,1463.05,1466.40,1469.74,1472.73,1475.09,1477.05,1478.85,1480.70,1482.36,1484.03,1485.57,1486.74,1487.74,1488.74,1489.74,1490.70,1491.55,1492.75,1494.15,1495.64,1497.14,1498.50,1499.89,1501.40,1502.98,1504.29,1505.45,1506.52,1507.51,1508.46,1509.22,1509.64,1509.65,1509.17,1508.41,1507.09,1504.90,1501.62,1497.31,1492.16,1487.16,1481.97,1475.60,1469.16,1462.89,1457.54,1453.56,1450.07,1447.04,1444.25,1441.30,1437.41,1433.34,1429.60,1426.13,1422.86,1420.13,1417.67,1415.53,1413.69,1411.73,1408.99,1405.63,1401.95,1398.20,1394.28,1390.49,1387.02,1383.88,1380.47,1376.15,1371.38,1366.43,1361.36,1355.48,1349.29,1342.95,1336.51,1330.25,1324.01,1317.78,1311.69,1306.05,1300.33,1294.12,1287.61,1281.38,1275.40,1269.40,1263.20,1256.82,1250.82,1245.55,1239.38,1231.41,1221.27,1211.81,1203.91,1196.76,1189.44,1182.74,1175.45,1168.34,1162.95,1162.39,1166.50,1172.35,1178.63,1184.89,1191.18,1197.81,1203.75,1208.23,1212.48,1216.22,1219.63,1222.93,1226.63,1231.26,1237.15,1243.05,1247.44,1251.66,1255.02,1258.16,1261.53,1265.11,1268.66,1272.04,1275.50,1279.55,1283.34,1286.59,1288.94,1289.93,1289.63,1288.28,1286.05,1283.09,1279.86,1276.87,1273.89,1270.97,1268.21,1265.27,1262.21,1258.65,1254.59,1250.98,1247.46,1244.11,1240.83,1237.35,1233.62,1229.70,1225.35,1220.12,1213.50,1206.20,1199.11,1192.53,1186.34,1180.20,1175.43
1054.65,1061.84,1068.10,1073.18,1078.13,1082.99,1087.78,1092.71,1097.29,1101.58,1105.78,1110.32,1116.24,1121.22,1125.35,1129.09,1133.01,1137.13,1141.04,1144.70,1148.38,1152.83,1157.64,1162.42,1166.86,1171.26,1175.54,1179.90,1184.40,1188.70,1192.86,1197.11,1201.73,1207.07,1212.01,1216.64,1221.12,1225.54,1229.96,1234.42,1238.93,1243.55,1248.51,1254.32,1260.78,1267.32,1273.30,1278.88,1283.92,1288.75,1293.53,1298.30,1302.86,1307.26,1311.63,1316.14,1320.57,1324.67,1328.70,1332.99,1337.74,1341.65,1345.33,1349.44,1354.86,1359.91,1365.03,1369.87,1373.67,1376.64,1379.77,1383.20,1386.89,1390.66,1393.98,1397.41,1401.42,1406.56,1410.92,1415.18,1419.31,1423.09,1426.70,1430.30,1433.87,1437.33,1440.46,1443.66,1446.92,1450.31,1453.97,1457.64,1460.87,1464.05,1467.39,1470.46,1472.78,1474.67,1476.40,1478.18,1479.81,1481.38,1482.85,1484.12,1485.15,1486.25,1487.45,1488.67,1489.82,1490.97,1492.35,1493.91,1495.45,1496.79,1498.11,1499.50,1500.94,1502.10,1503.26,1504.36,1505.44,1506.61,1507.65,1508.13,1508.09,1507.58,1506.60,1505.35,1503.50,1500.65,1496.33,1491.22,1486.39,1481.20,1474.16,1466.97,1460.64,1455.45,1451.44,1447.61,1444.10,1440.70,1437.14,1433.07,1428.95,1425.17,1421.65,1418.31,1415.53,1412.81,1410.38,1408.33,1406.14,1403.41,1400.39,1397.32,1394.38,1391.10,1387.90,1384.89,1381.99,1378.45,1374.09,1369.40,1364.56,1359.47,1353.66,1347.72,1341.79,1335.86,1330.07,1323.84,1317.49,1311.32,1305.61,1299.67,1293.37,1286.85,1280.41,1274.34,1268.21,1261.85,1255.29,1249.34,1244.37,1238.19,1229.88,1219.59,1210.75,1203.32,1196.28,1188.85,1182.40,1175.39,1167.93,1161.26,1158.99,1161.96,1167.10,1172.97,1179.01,1184.86,1191.57,1198.06,1203.24,1207.55,1211.07,1214.27,1217.41,1220.78,1224.88,1230.24,1235.96,1240.99,1246.42,1250.46,1253.80,1257.01,1260.58,1264.43,1268.06,1271.68,1276.05,1280.15,1283.29,1285.29,1285.91,1285.51,1284.25,1282.14,1279.28,1276.15,1273.36,1270.57,1267.78,1265.06,1261.96,1258.58,1254.63,1250.19,1246.58,1243.18,1239.65,1235.90,1231.93,1227.80,1222.84,1217.43,1211.81,1205.28,1198.45,1192.03,1186.03,1179.58,1172.56,1167.57
1056.44,1063.80,1069.71,1074.33,1078.98,1083.93,1089.12,1094.03,1098.67,1102.97,1107.18,1111.92,1117.93,1122.73,1126.74,1130.62,1134.57,1138.84,1142.73,1146.16,1149.65,1153.87,1158.28,1162.59,1166.63,1170.58,1174.62,1178.76,1183.03,1187.42,1191.89,1196.41,1200.99,1205.79,1210.73,1215.42,1219.94,1224.45,1229.06,1233.77,1238.55,1243.41,1248.38,1253.64,1259.16,1264.88,1270.77,1276.36,1281.62,1286.68,1291.63,1296.53,1301.15,1305.46,1309.63,1313.99,1318.49,1322.56,1326.38,1330.30,1334.82,1339.22,1343.31,1347.23,1351.62,1356.22,1361.14,1366.25,1371.10,1374.34,1377.25,1380.38,1384.00,1388.12,1391.89,1395.36,1398.87,1403.14,1408.13,1412.95,1417.45,1421.64,1425.66,1429.52,1432.98,1436.03,1439.07,1442.38,1445.76,1449.04,1452.21,1455.88,1458.75,1461.60,1464.98,1468.27,1470.58,1472.43,1474.16,1475.99,1477.60,1478.99,1480.31,1481.62,1482.81,1484.26,1485.88,1487.52,1488.89,1489.72,1490.89,1492.39,1493.84,1495.17,1496.48,1497.77,1499.00,1499.99,1501.11,1502.25,1503.42,1504.66,1505.98,1506.48,1506.38,1505.92,1504.75,1503.53,1501.99,1499.53,1495.13,1490.20,1485.57,1480.36,1472.84,1464.62,1458.49,1453.68,1449.43,1445.35,1441.51,1437.50,1433.22,1428.91,1424.92,1421.02,1417.24,1413.76,1410.80,1407.66,1404.73,1402.13,1399.48,1397.00,1394.87,1392.88,1390.60,1387.88,1384.88,1382.08,1379.51,1375.92,1371.63,1367.05,1362.27,1357.09,1351.52,1345.91,1340.40,1335.02,1329.46,1323.32,1316.97,1310.69,1304.80,1298.48,1291.84,1285.12,1278.70,1272.76,1266.60,1260.05,1253.38,1247.78,1243.00,1236.55,1227.75,1217.67,1209.40,1202.28,1195.39,1188.25,1182.28,1175.51,1167.61,1159.73,1156.13,1157.59,1161.70,1167.11,1173.05,1178.80,1184.67,1191.02,1197.70,1202.56,1206.04,1209.15,1212.31,1215.65,1219.68,1224.09,1228.63,1233.42,1239.69,1244.70,1248.70,1252.15,1255.79,1259.99,1263.88,1267.61,1272.02,1276.49,1279.84,1281.83,1282.29,1281.79,1280.38,1278.12,1275.18,1272.10,1269.44,1266.99,1264.53,1261.84,1258.52,1254.88,1251.05,1247.15,1243.67,1240.00,1235.82,1231.18,1226.27,1221.57,1215.09,1208.32,1202.82,1197.32,1191.54,1185.89,1180.02,1172.45,1164.19,1158.71
1058.52,1065.27,1070.97,1075.58,1080.48,1085.77,1091.28,1096.42,1100.82,1104.87,1109.05,1114.07,1119.58,1124.24,1128.43,1132.63,1136.80,1141.62,1145.75,1148.98,1152.25,1155.91,1159.59,1163.20,1166.82,1170.58,1174.68,1178.94,1183.27,1187.72,1192.39,1197.01,1201.42,1205.60,1210.26,1214.87,1219.41,1224.05,1228.85,1233.70,1238.66,1243.72,1248.80,1253.57,1258.30,1263.31,1268.89,1274.34,1279.78,1285.22,1290.58,1295.49,1300.09,1304.26,1308.19,1312.30,1316.75,1320.92,1324.86,1328.81,1333.26,1337.78,1342.05,1346.09,1350.26,1354.38,1358.62,1363.28,1368.51,1372.39,1375.64,1379.09,1383.27,1388.24,1392.00,1395.25,1398.50,1402.31,1407.20,1412.17,1416.99,1421.67,1426.41,1430.42,1433.63,1436.25,1439.01,1441.86,1444.94,1448.00,1450.78,1454.15,1456.93,1459.68,1462.84,1466.02,1468.29,1470.14,1471.89,1473.80,1475.52,1477.02,1478.52,1480.16,1481.71,1483.38,1485.14,1486.86,1488.18,1488.97,1489.84,1490.93,1492.19,1493.46,1494.69,1495.94,1497.18,1498.21,1499.27,1500.41,1501.65,1503.02,1504.40,1504.85,1504.70,1504.28,1503.08,1501.75,1499.94,1497.22,1493.18,1488.71,1484.32,1478.74,1469.95,1462.09,1456.50,1451.92,1447.45,1443.13,1438.86,1434.42,1429.86,1425.52,1421.36,1417.33,1413.32,1409.32,1405.67,1402.35,1399.10,1395.96,1393.36,1391.30,1389.70,1388.15,1386.00,1383.50,1380.60,1377.84,1375.40,1372.50,1368.63,1364.16,1359.26,1354.06,1348.95,1343.84,1338.74,1333.64,1328.22,1322.23,1315.99,1309.77,1303.87,1297.27,1290.11,1282.91,1276.44,1270.36,1264.01,1257.37,1250.82,1245.69,1240.64,1233.60,1224.43,1214.99,1207.55,1201.20,1194.92,1188.12,1182.33,1175.75,1167.71,1159.19,1154.47,1153.51,1156.01,1160.87,1166.63,1172.32,1177.85,1183.68,1189.97,1195.44,1200.04,1203.92,1207.35,1210.99,1215.16,1219.46,1223.69,1227.90,1232.74,1237.90,1242.63,1246.58,1250.21,1254.71,1259.07,1263.20,1267.61,1271.66,1274.77,1276.74,1277.31,1276.88,1275.42,1273.23,1270.55,1267.89,1265.56,1263.32,1260.93,1258.08,1254.72,1251.19,1247.70,1244.32,1240.89,1236.88,1232.07,1226.48,1220.26,1214.43,1207.91,1201.35,1195.51,1190.05,1184.63,1179.08,1172.90,1165.03,1157.85,1152.50
1060.84,1066.97,1072.47,1077.16,1082.52,1088.18,1093.79,1099.05,1103.16,1107.02,1111.25,1116.45,1121.53,1126.09,1130.48,1135.01,1139.72,1144.94,1149.16,1152.20,1155.22,1158.33,1161.35,1164.34,1167.55,1171.33,1175.63,1180.17,1184.77,1189.29,1193.94,1198.34,1202.35,1206.01,1210.36,1214.85,1219.40,1224.14,1229.02,1234.00,1239.08,1244.27,1249.40,1253.75,1257.88,1262.36,1267.68,1273.00,1278.58,1284.39,1290.16,1295.08,1299.68,1303.77,1307.52,1311.45,1315.76,1320.01,1324.16,1328.34,1332.95,1337.51,1341.86,1346.01,1350.15,1353.95,1357.65,1361.83,1367.00,1371.33,1374.99,1379.03,1384.04,1389.55,1393.20,1396.28,1399.40,1402.93,1407.61,1412.64,1417.65,1422.61,1427.77,1431.78,1434.80,1437.17,1439.60,1441.91,1444.52,1447.20,1449.61,1452.67,1455.48,1458.24,1461.19,1464.18,1466.52,1468.46,1470.27,1472.29,1474.19,1475.94,1477.68,1479.54,1481.30,1483.02,1484.76,1486.40,1487.50,1488.25,1488.88,1489.60,1490.60,1491.73,1492.89,1494.11,1495.42,1496.62,1497.80,1499.07,1500.40,1501.72,1503.00,1503.30,1503.06,1502.63,1501.27,1499.57,1497.33,1494.36,1490.70,1486.63,1482.07,1475.87,1466.55,1459.62,1454.61,1450.13,1445.46,1440.94,1436.30,1431.59,1426.93,1422.58,1418.15,1413.90,1409.60,1405.07,1401.05,1397.61,1394.11,1390.54,1388.01,1386.25,1384.70,1382.98,1380.73,1378.39,1375.78,1373.24,1371.01,1368.78,1365.29,1360.84,1355.81,1350.80,1346.16,1341.55,1336.86,1331.98,1326.62,1320.82,1314.81,1308.76,1302.91,1296.13,1288.57,1280.94,1274.26,1267.74,1261.15,1254.52,1248.26,1243.48,1237.97,1230.36,1221.04,1212.36,1205.66,1200.04,1194.41,1188.09,1182.59,1176.25,1168.35,1159.59,1153.67,1150.26,1150.72,1154.43,1159.83,1165.48,1170.93,1176.42,1182.19,1188.06,1193.68,1198.33,1202.16,1206.25,1210.61,1214.96,1219.08,1222.75,1226.23,1231.03,1235.97,1240.26,1244.06,1248.95,1253.91,1258.60,1262.99,1266.59,1269.38,1271.25,1271.90,1271.55,1270.17,1268.18,1265.85,1263.53,1261.40,1259.23,1256.81,1253.88,1250.67,1247.42,1244.32,1241.33,1237.90,1233.53,1228.01,1221.48,1214.30,1207.69,1201.28,1194.96,1188.84,1183.23,1177.87,1172.23,1165.82,1158.17,1151.97,1146.65
1063.55,1069.51,1074.81,1079.52,1085.49,1091.43,1096.67,1101.60,1105.54,1109.51,1113.97,1119.10,1124.24,1128.84,1133.24,1138.04,1143.95,1148.96,1152.77,1155.63,1158.36,1161.10,1163.82,1166.49,1169.36,1173.55,1178.17,1183.18,1188.42,1193.05,1197.21,1200.73,1203.85,1207.27,1211.38,1215.78,1220.32,1224.99,1229.74,1234.83,1240.02,1245.17,1250.15,1254.24,1258.11,1262.42,1267.74,1273.01,1278.69,1284.74,1290.82,1295.77,1300.53,1304.71,1308.47,1312.41,1316.43,1320.60,1324.98,1329.70,1334.92,1339.56,1343.81,1347.88,1352.02,1355.86,1359.70,1363.74,1368.14,1372.19,1376.11,1381.08,1387.29,1392.21,1395.78,1398.95,1402.13,1405.61,1410.20,1415.32,1420.32,1424.89,1429.62,1433.30,1436.36,1438.95,1441.01,1442.94,1444.88,1446.86,1448.93,1451.75,1454.72,1457.68,1460.59,1463.37,1466.08,1468.35,1470.30,1472.43,1474.63,1476.81,1478.79,1480.38,1481.82,1483.28,1484.78,1486.13,1486.78,1487.36,1487.92,1488.50,1489.17,1490.01,1491.08,1492.32,1493.73,1495.31,1497.07,1498.81,1500.28,1501.13,1501.97,1501.90,1501.44,1500.92,1498.99,1496.34,1493.64,1490.89,1487.37,1483.32,1477.58,1470.37,1462.76,1457.39,1452.83,1448.24,1443.41,1438.78,1434.00,1429.29,1424.74,1420.31,1415.50,1410.85,1406.12,1401.25,1397.86,1394.41,1390.68,1386.96,1384.24,1382.37,1379.90,1376.92,1374.24,1372.16,1370.36,1368.65,1366.89,1364.88,1361.39,1356.79,1351.74,1347.35,1343.06,1338.86,1334.58,1329.94,1324.52,1318.95,1313.34,1307.69,1301.95,1295.19,1287.61,1279.81,1272.59,1265.10,1258.16,1251.79,1246.07,1241.24,1235.12,1227.19,1218.17,1210.31,1203.99,1198.69,1193.57,1188.08,1183.23,1177.34,1170.06,1161.72,1154.32,1148.82,1146.59,1147.76,1152.32,1158.05,1163.74,1169.52,1175.58,1181.32,1186.99,1191.94,1196.26,1201.02,1205.54,1209.88,1213.88,1217.32,1220.95,1224.58,1228.38,1232.51,1236.96,1242.50,1248.27,1253.69,1258.12,1261.64,1264.17,1265.74,1266.19,1265.87,1264.80,1263.24,1261.28,1258.91,1256.53,1254.13,1251.63,1248.94,1246.17,1243.43,1240.70,1237.82,1234.34,1229.58,1223.18,1215.74,1208.61,1202.46,1195.63,1188.76,1182.73,1177.17,1171.49,1165.65,1159.53,1152.85,1146.07,1140.18
1066.66,1072.35,1077.56,1082.99,1088.98,1094.64,1099.54,1104.10,1108.16,1112.28,1116.81,1121.97,1127.11,1131.84,1136.75,1142.36,1148.25,1152.67,1156.11,1158.94,1161.45,1163.94,1166.58,1169.47,1172.91,1177.35,1182.13,1187.14,1192.19,1196.56,1200.09,1203.06,1205.91,1209.28,1213.32,1217.61,1222.01,1226.53,1231.14,1236.12,1241.27,1246.38,1251.08,1255.00,1258.95,1263.48,1269.03,1274.69,1280.63,1286.66,1292.44,1297.22,1301.96,1306.33,1310.35,1314.31,1318.41,1322.86,1327.71,1333.03,1338.48,1342.79,1346.64,1350.39,1354.16,1358.15,1362.13,1366.12,1370.15,1374.03,1378.39,1383.82,1390.04,1394.52,1398.21,1401.57,1404.85,1408.39,1413.15,1418.14,1422.84,1427.08,1431.49,1435.02,1437.99,1440.49,1442.41,1444.20,1445.93,1447.68,1449.65,1452.29,1455.24,1458.24,1461.18,1463.99,1466.89,1469.31,1471.29,1473.33,1475.41,1477.68,1479.72,1481.09,1482.37,1483.39,1484.32,1485.15,1485.59,1486.18,1486.76,1487.31,1487.88,1488.68,1489.81,1491.22,1492.89,1494.84,1496.94,1498.91,1500.44,1501.07,1501.56,1501.31,1500.49,1499.10,1496.34,1492.88,1489.62,1486.63,1483.04,1478.74,1472.80,1465.96,1459.90,1455.38,1450.91,1446.20,1441.34,1436.82,1432.04,1427.33,1422.75,1418.05,1413.03,1408.23,1403.54,1398.96,1395.59,1391.93,1387.87,1383.66,1379.99,1376.79,1373.68,1370.77,1368.54,1367.02,1365.98,1364.86,1363.08,1360.26,1356.31,1351.97,1347.66,1343.73,1339.90,1336.08,1331.91,1326.94,1321.57,1316.32,1311.18,1306.08,1300.70,1294.17,1286.84,1279.20,1271.75,1263.49,1256.03,1249.57,1244.02,1238.60,1232.05,1224.43,1216.33,1209.16,1203.16,1198.17,1193.59,1188.90,1184.36,1178.87,1172.04,1163.96,1156.07,1149.21,1144.54,1142.88,1145.81,1151.19,1157.04,1163.04,1169.28,1175.24,1180.90,1185.93,1190.38,1194.80,1199.52,1204.15,1208.28,1211.52,1214.82,1218.19,1221.78,1225.78,1230.30,1235.86,1242.17,1248.31,1252.62,1256.01,1258.43,1259.86,1260.08,1259.42,1258.19,1256.74,1255.11,1252.98,1250.79,1248.57,1246.25,1243.82,1241.50,1239.14,1236.63,1233.73,1229.83,1224.55,1217.82,1210.43,1203.83,1197.27,1190.49,1183.83,1177.72,1172.05,1166.26,1160.45,1154.45,1147.67,1140.62,1134.47
1070.12,1075.60,1080.82,1087.02,1092.72,1097.82,1102.36,1106.57,1110.89,1115.23,1119.79,1125.03,1130.19,1135.16,1140.71,1147.14,1152.42,1156.14,1159.28,1162.11,1164.50,1166.93,1169.69,1173.02,1177.21,1181.72,1186.58,1191.42,1195.93,1199.82,1202.70,1205.38,1208.29,1211.80,1215.83,1219.96,1224.16,1228.51,1232.96,1237.78,1242.85,1247.87,1252.18,1256.00,1260.28,1265.28,1271.14,1277.39,1283.57,1289.33,1294.47,1299.01,1303.65,1308.22,1312.58,1316.65,1321.05,1325.97,1331.40,1337.21,1342.66,1346.47,1349.81,1353.13,1356.42,1360.57,1364.70,1368.67,1372.62,1376.41,1381.21,1386.82,1392.58,1396.75,1400.59,1404.13,1407.53,1411.26,1416.17,1420.86,1425.12,1429.10,1433.29,1436.78,1439.62,1441.89,1443.77,1445.57,1447.33,1449.11,1451.10,1453.63,1456.45,1459.37,1462.29,1465.15,1468.11,1470.57,1472.53,1474.40,1476.22,1478.40,1480.37,1481.53,1482.68,1483.21,1483.54,1483.84,1484.18,1484.85,1485.49,1486.05,1486.66,1487.59,1488.87,1490.50,1492.51,1494.78,1497.09,1499.17,1500.75,1501.36,1501.58,1501.18,1499.89,1497.28,1493.46,1489.19,1485.38,1482.09,1478.30,1473.72,1468.13,1462.30,1457.55,1453.43,1448.88,1444.06,1439.28,1434.95,1430.22,1425.50,1420.80,1415.80,1410.72,1405.95,1401.53,1397.50,1393.92,1389.93,1385.48,1380.63,1375.70,1370.90,1367.31,1364.91,1363.38,1362.35,1361.79,1360.90,1358.86,1355.13,1350.79,1346.93,1343.62,1340.10,1336.70,1333.06,1328.71,1323.28,1318.06,1313.21,1308.61,1304.07,1299.13,1292.98,1286.10,1278.85,1271.34,1262.55,1254.62,1247.97,1242.41,1236.30,1229.51,1222.44,1215.41,1208.88,1203.17,1198.42,1194.26,1190.27,1185.90,1180.71,1174.22,1166.34,1158.36,1150.63,1143.86,1139.46,1140.31,1144.94,1150.74,1156.86,1163.16,1169.42,1175.11,1180.20,1184.64,1188.47,1193.23,1198.11,1202.42,1205.59,1208.56,1212.07,1215.84,1219.76,1224.09,1229.46,1236.09,1242.77,1246.95,1250.20,1252.53,1253.85,1253.87,1252.84,1251.34,1249.88,1248.48,1246.68,1244.80,1242.88,1240.88,1238.75,1236.82,1234.70,1232.28,1229.23,1224.75,1218.98,1212.30,1205.42,1199.33,1192.21,1185.69,1179.53,1173.33,1167.55,1161.77,1156.01,1149.91,1142.60,1135.42,1129.22
1074.45,1080.05,1085.60,1091.31,1096.48,1101.01,1104.99,1109.00,1113.63,1118.35,1123.18,1128.50,1133.89,1139.37,1145.22,1151.29,1155.81,1159.20,1162.14,1164.89,1167.46,1170.41,1173.79,1177.43,1181.24,1185.36,1190.24,1195.10,1199.30,1202.39,1205.04,1207.79,1210.98,1215.02,1219.00,1222.83,1226.75,1230.98,1235.26,1240.19,1245.28,1250.03,1253.80,1257.50,1262.46,1268.31,1274.44,1281.31,1287.18,1292.13,1296.45,1300.78,1305.29,1309.89,1314.49,1319.05,1323.90,1329.45,1335.36,1341.17,1346.35,1349.74,1352.63,1355.60,1358.74,1362.82,1367.02,1371.15,1375.23,1379.22,1384.00,1389.53,1395.24,1399.33,1402.97,1406.48,1410.13,1414.35,1418.71,1422.76,1426.59,1430.46,1434.72,1438.31,1441.09,1443.18,1445.08,1446.92,1448.80,1450.78,1452.99,1455.42,1458.07,1460.73,1463.26,1465.74,1468.52,1470.90,1472.83,1474.68,1476.47,1478.39,1480.08,1481.11,1481.77,1482.04,1482.23,1482.47,1482.75,1483.39,1484.09,1484.77,1485.51,1486.80,1488.34,1490.18,1492.41,1494.81,1497.19,1499.38,1501.17,1502.19,1502.28,1501.45,1499.45,1495.68,1490.35,1484.91,1480.80,1477.89,1473.81,1469.42,1464.61,1459.75,1455.49,1451.28,1446.60,1441.84,1437.31,1433.02,1428.38,1423.56,1418.63,1413.55,1408.82,1404.40,1400.28,1396.49,1392.95,1388.62,1383.70,1378.23,1372.27,1367.11,1363.20,1360.52,1359.03,1357.58,1356.23,1354.54,1352.08,1349.05,1345.72,1342.56,1339.65,1336.72,1333.51,1329.10,1323.90,1318.64,1313.83,1309.56,1305.51,1301.41,1296.73,1291.21,1285.16,1278.61,1271.13,1262.41,1254.68,1248.17,1242.55,1236.44,1229.81,1223.11,1216.61,1210.64,1205.30,1200.44,1196.10,1192.34,1188.27,1183.13,1176.75,1169.09,1160.87,1152.79,1145.07,1138.98,1137.43,1140.22,1145.22,1151.09,1157.27,1163.44,1169.43,1174.85,1179.56,1183.66,1187.79,1192.03,1196.18,1199.91,1203.39,1207.01,1210.83,1214.83,1218.98,1224.52,1231.05,1237.45,1241.84,1244.92,1246.93,1248.03,1248.07,1247.19,1245.98,1244.64,1243.16,1241.34,1239.49,1237.68,1235.96,1234.31,1232.48,1230.26,1227.58,1224.10,1219.04,1213.24,1207.20,1200.95,1194.21,1187.60,1181.45,1175.48,1169.50,1163.95,1158.24,1152.08,1145.30,1137.74,1130.41,1124.62
1079.40,1084.87,1090.36,1095.57,1100.27,1104.46,1108.27,1112.38,1117.13,1121.99,1126.96,1132.39,1137.81,1143.70,1149.67,1155.07,1159.01,1162.21,1165.15,1168.02,1171.02,1174.36,1177.91,1181.46,1184.94,1188.84,1193.78,1198.50,1202.18,1204.78,1207.48,1210.62,1214.25,1218.38,1222.14,1225.76,1229.56,1233.76,1238.11,1243.21,1248.12,1252.34,1255.82,1260.08,1265.67,1272.00,1278.32,1285.24,1290.50,1294.72,1298.57,1302.78,1307.24,1311.98,1316.88,1321.76,1327.00,1333.07,1339.33,1345.01,1349.63,1352.70,1355.39,1358.29,1361.80,1365.93,1370.21,1374.41,1378.39,1382.36,1387.20,1392.75,1398.36,1402.25,1405.66,1408.97,1412.46,1416.57,1420.44,1424.02,1427.56,1431.42,1435.92,1439.50,1442.20,1444.24,1446.23,1448.15,1450.18,1452.36,1454.67,1457.09,1459.45,1461.75,1463.99,1466.22,1468.61,1470.72,1472.52,1474.27,1475.95,1477.65,1479.12,1480.04,1480.42,1480.59,1480.77,1481.01,1481.31,1481.93,1482.67,1483.45,1484.41,1486.07,1487.87,1489.85,1492.13,1494.67,1497.17,1499.46,1501.38,1502.65,1502.48,1501.22,1498.56,1493.63,1486.52,1480.75,1476.76,1473.88,1469.77,1465.59,1461.35,1457.16,1453.14,1448.80,1444.06,1439.38,1435.02,1430.67,1425.98,1421.14,1416.22,1411.34,1406.98,1402.86,1398.93,1395.28,1391.77,1387.18,1381.87,1375.99,1369.60,1364.28,1360.22,1357.30,1355.36,1353.21,1350.76,1348.15,1345.52,1343.20,1340.70,1338.07,1335.42,1332.70,1329.09,1324.03,1318.38,1313.17,1308.84,1305.11,1301.59,1297.97,1293.82,1289.25,1284.19,1278.35,1270.99,1262.50,1255.20,1249.01,1243.47,1237.59,1231.35,1224.99,1218.80,1213.20,1208.02,1202.98,1198.37,1194.58,1190.66,1185.41,1179.03,1171.54,1163.15,1155.08,1147.18,1140.22,1136.45,1136.58,1140.15,1145.48,1151.52,1157.60,1163.68,1169.24,1174.17,1178.71,1182.78,1186.69,1190.63,1194.64,1198.51,1202.27,1206.18,1210.31,1214.43,1220.14,1226.49,1232.55,1236.97,1240.07,1241.87,1242.73,1242.71,1241.95,1240.90,1239.61,1238.03,1236.16,1234.15,1232.44,1231.01,1229.65,1227.90,1225.38,1222.13,1218.05,1213.03,1207.65,1202.01,1195.92,1189.08,1182.93,1177.09,1171.33,1165.64,1160.21,1154.39,1147.75,1140.29,1132.65,1125.62,1120.38
1084.86,1089.88,1094.90,1099.76,1104.11,1108.21,1112.32,1116.84,1121.48,1126.18,1131.13,1136.65,1141.86,1148.01,1153.95,1158.50,1162.06,1165.24,1168.36,1171.62,1175.21,1178.67,1181.84,1184.93,1188.32,1192.27,1197.25,1201.62,1204.59,1207.12,1210.17,1213.97,1218.12,1221.80,1225.25,1228.81,1232.64,1236.88,1241.56,1246.79,1251.26,1254.76,1258.38,1263.85,1269.98,1276.32,1282.72,1288.99,1293.37,1297.05,1300.87,1305.04,1309.58,1314.59,1319.83,1324.84,1330.34,1336.78,1343.25,1348.66,1352.49,1355.38,1358.15,1361.36,1365.68,1370.03,1374.36,1378.47,1382.09,1385.78,1390.83,1396.53,1401.91,1405.45,1408.65,1411.58,1414.45,1417.77,1421.30,1424.63,1428.05,1432.00,1436.84,1440.31,1442.90,1445.05,1447.18,1449.21,1451.41,1453.72,1456.01,1458.50,1460.47,1462.36,1464.46,1466.57,1468.40,1470.05,1471.62,1473.18,1474.64,1476.15,1477.49,1478.34,1478.71,1478.95,1479.17,1479.44,1479.83,1480.48,1481.23,1482.11,1483.34,1485.32,1487.38,1489.43,1491.61,1494.30,1496.98,1499.35,1501.31,1502.60,1502.02,1500.34,1497.09,1491.02,1482.08,1476.91,1473.39,1470.04,1466.13,1462.13,1458.19,1454.32,1450.36,1445.92,1441.21,1436.62,1432.30,1427.79,1423.01,1418.25,1413.63,1409.17,1405.14,1401.18,1397.32,1393.71,1390.19,1385.44,1379.89,1373.86,1367.70,1362.31,1358.27,1355.24,1352.44,1349.38,1345.69,1342.20,1339.65,1337.77,1335.65,1333.32,1330.77,1327.78,1323.14,1317.73,1312.13,1306.90,1303.06,1299.83,1296.80,1293.77,1290.45,1287.13,1283.15,1278.00,1270.87,1262.76,1256.05,1250.36,1245.05,1239.56,1233.88,1227.90,1221.84,1216.35,1211.08,1205.84,1200.97,1196.91,1192.92,1187.44,1180.95,1173.61,1165.15,1157.42,1150.02,1143.01,1137.28,1134.03,1135.54,1140.01,1145.90,1151.93,1157.87,1163.33,1168.36,1173.41,1178.14,1182.21,1185.96,1189.85,1193.84,1197.78,1201.86,1206.13,1210.39,1216.20,1222.39,1228.11,1232.34,1235.62,1237.35,1237.99,1237.81,1237.00,1235.89,1234.51,1232.87,1230.91,1228.62,1227.01,1225.85,1224.49,1222.79,1219.81,1215.78,1211.08,1206.79,1202.22,1196.59,1190.19,1183.96,1178.08,1172.47,1167.03,1161.66,1156.15,1150.04,1142.87,1134.84,1127.34,1121.12,1116.52
1089.37,1094.25,1099.07,1103.68,1108.03,1112.37,1116.84,1121.46,1126.00,1130.53,1135.25,1140.45,1145.53,1151.87,1157.71,1161.56,1164.89,1168.22,1171.74,1175.38,1178.77,1181.82,1184.72,1187.86,1191.68,1195.93,1200.46,1204.27,1207.08,1210.09,1213.82,1217.93,1221.98,1225.43,1229.05,1232.88,1236.81,1240.87,1245.58,1250.06,1253.94,1257.60,1262.53,1268.62,1275.09,1281.53,1287.49,1292.03,1295.63,1299.21,1303.21,1307.35,1312.02,1317.26,1322.77,1328.04,1333.78,1340.47,1346.76,1351.37,1354.92,1358.03,1361.34,1365.18,1369.68,1374.25,1378.24,1381.73,1385.03,1388.84,1394.30,1399.95,1404.66,1408.02,1410.75,1413.33,1415.94,1418.64,1421.63,1424.76,1428.11,1432.05,1437.12,1440.67,1443.31,1445.53,1447.76,1449.95,1452.21,1454.50,1456.76,1459.17,1461.02,1462.73,1464.53,1466.14,1467.50,1468.80,1470.13,1471.58,1472.98,1474.29,1475.40,1476.16,1476.56,1476.85,1477.15,1477.50,1478.03,1478.79,1479.70,1480.79,1482.21,1484.27,1486.47,1488.66,1490.94,1493.63,1496.31,1498.74,1500.73,1501.79,1501.19,1498.85,1494.62,1487.93,1479.49,1474.46,1470.41,1466.13,1462.03,1458.26,1454.57,1450.76,1446.65,1442.26,1437.73,1433.25,1428.87,1424.30,1420.09,1415.93,1411.60,1406.98,1402.91,1398.80,1394.86,1391.32,1387.44,1382.80,1377.70,1372.18,1366.26,1361.05,1357.11,1354.01,1350.81,1346.44,1342.05,1338.30,1335.45,1332.95,1330.27,1327.50,1324.55,1320.78,1315.14,1309.37,1304.31,1300.43,1296.97,1294.17,1291.85,1289.80,1287.44,1284.87,1281.36,1276.69,1270.53,1263.16,1257.24,1252.12,1246.93,1241.47,1236.13,1230.66,1224.92,1218.89,1213.56,1208.44,1203.62,1199.26,1194.65,1188.91,1182.51,1175.49,1167.45,1159.78,1152.75,1145.85,1138.40,1132.55,1131.71,1134.61,1140.03,1146.29,1152.21,1157.52,1162.44,1167.77,1173.48,1178.05,1181.78,1185.54,1189.63,1193.80,1198.03,1202.34,1206.84,1212.69,1218.72,1224.18,1228.21,1231.27,1232.86,1233.35,1232.94,1231.80,1230.18,1228.31,1226.28,1224.19,1222.16,1220.55,1219.04,1217.09,1214.85,1211.93,1208.42,1204.49,1200.64,1196.10,1190.29,1183.83,1178.21,1172.72,1167.44,1162.24,1156.99,1151.57,1145.26,1137.67,1129.41,1122.74,1117.42,1113.41
1093.79,1098.56,1103.24,1107.79,1112.28,1116.87,1121.56,1126.07,1130.41,1134.74,1139.18,1143.98,1149.25,1155.57,1161.07,1164.42,1167.68,1171.26,1175.12,1178.92,1181.93,1184.56,1187.37,1190.77,1195.04,1199.46,1203.49,1206.92,1209.93,1213.61,1217.81,1222.00,1225.90,1229.41,1233.27,1237.25,1241.16,1245.03,1249.49,1253.20,1256.83,1261.17,1267.35,1273.76,1280.32,1286.59,1291.69,1294.73,1297.81,1301.43,1305.59,1309.81,1314.64,1320.11,1325.86,1331.34,1337.38,1344.10,1350.00,1353.85,1357.34,1360.79,1364.68,1369.07,1373.60,1378.14,1381.73,1384.67,1387.77,1391.89,1397.51,1402.90,1406.99,1410.11,1412.37,1414.63,1416.98,1419.12,1421.57,1424.52,1427.87,1431.79,1437.06,1440.79,1443.55,1445.87,1448.22,1450.53,1452.78,1454.99,1457.21,1459.45,1461.22,1462.77,1464.20,1465.26,1466.28,1467.32,1468.47,1469.86,1471.17,1472.26,1473.16,1473.88,1474.34,1474.68,1475.05,1475.52,1476.16,1477.08,1478.17,1479.43,1480.99,1483.10,1485.38,1487.70,1490.10,1492.75,1495.35,1497.76,1499.69,1500.37,1499.64,1496.74,1491.78,1484.81,1477.46,1472.32,1467.47,1462.30,1458.02,1454.39,1450.73,1446.83,1442.60,1438.32,1433.99,1429.63,1425.21,1420.85,1417.27,1413.64,1409.50,1404.70,1400.24,1395.93,1391.98,1388.50,1384.31,1379.92,1375.39,1370.53,1364.99,1360.09,1356.22,1352.99,1349.48,1344.19,1339.43,1335.48,1332.16,1328.66,1325.11,1321.66,1318.08,1313.50,1307.38,1301.68,1297.32,1294.62,1291.45,1288.96,1287.23,1286.04,1284.50,1282.45,1279.35,1275.22,1270.11,1263.61,1258.36,1253.71,1248.71,1243.23,1238.05,1233.01,1227.61,1221.02,1215.55,1210.54,1205.77,1201.12,1195.87,1189.88,1183.61,1177.00,1169.49,1161.90,1155.16,1148.42,1139.80,1131.88,1128.62,1129.52,1134.05,1140.33,1146.38,1151.84,1156.88,1162.23,1168.73,1173.90,1177.86,1181.46,1185.48,1189.92,1194.42,1198.85,1203.49,1209.29,1215.15,1220.40,1224.25,1226.98,1228.33,1228.58,1227.81,1226.14,1223.92,1221.51,1219.11,1216.94,1215.24,1213.68,1211.90,1209.58,1206.82,1203.98,1201.11,1198.02,1194.28,1189.44,1183.61,1177.48,1172.34,1167.21,1162.24,1157.26,1152.09,1146.70,1140.06,1132.36,1124.48,1118.66,1114.11,1110.62
1098.66,1103.14,1107.64,1112.53,1117.35,1122.02,1126.46,1130.51,1134.45,1138.46,1142.61,1147.11,1153.38,1159.11,1163.65,1166.97,1170.49,1174.51,1178.34,1181.68,1184.47,1187.01,1190.13,1193.97,1198.44,1202.51,1206.24,1209.89,1213.72,1218.15,1222.11,1225.97,1229.97,1234.21,1238.15,1241.69,1245.24,1249.05,1252.75,1256.18,1260.65,1266.46,1272.85,1279.18,1285.30,1290.58,1294.09,1296.96,1300.19,1303.90,1308.09,1312.61,1317.71,1323.42,1329.34,1334.88,1341.33,1347.61,1352.81,1356.40,1359.99,1363.88,1368.09,1372.60,1377.23,1381.07,1384.32,1387.28,1390.42,1395.17,1400.11,1404.77,1408.75,1411.30,1413.32,1415.27,1417.16,1418.79,1420.79,1423.65,1427.06,1431.01,1436.52,1440.51,1443.54,1446.08,1448.56,1450.87,1453.04,1455.14,1457.19,1459.21,1460.78,1462.06,1463.08,1463.68,1464.59,1465.64,1466.80,1468.14,1469.17,1470.05,1470.85,1471.59,1472.18,1472.60,1473.06,1473.65,1474.35,1475.44,1476.64,1477.94,1479.57,1481.81,1484.14,1486.48,1488.89,1491.45,1493.88,1496.11,1497.72,1497.73,1496.38,1493.35,1488.56,1481.98,1475.73,1470.06,1464.36,1458.81,1454.61,1450.77,1446.66,1442.37,1438.24,1434.10,1429.99,1425.74,1421.45,1417.91,1414.68,1411.05,1406.84,1402.22,1396.64,1392.15,1388.53,1385.03,1380.91,1376.94,1372.93,1368.63,1363.90,1359.41,1355.52,1351.96,1348.02,1343.28,1338.61,1334.26,1330.12,1325.38,1320.83,1316.46,1312.02,1306.92,1301.73,1297.32,1293.75,1290.85,1287.70,1285.26,1283.64,1282.67,1281.45,1279.72,1277.24,1273.98,1269.62,1264.09,1259.08,1254.53,1249.99,1244.59,1239.27,1234.30,1229.14,1222.44,1216.64,1211.42,1206.52,1201.65,1196.03,1189.88,1183.73,1177.59,1170.63,1163.31,1156.76,1150.25,1141.79,1132.72,1126.99,1125.24,1127.90,1133.44,1139.98,1146.47,1152.35,1157.24,1163.75,1169.63,1174.27,1177.72,1181.22,1185.95,1191.03,1195.85,1200.34,1205.91,1211.56,1216.64,1220.35,1222.75,1223.68,1223.39,1221.88,1219.41,1216.63,1213.88,1211.35,1209.27,1207.71,1206.34,1204.99,1203.35,1200.51,1197.48,1194.62,1191.64,1187.29,1181.78,1176.48,1171.59,1166.61,1161.66,1156.88,1152.08,1146.98,1141.39,1134.03,1126.95,1120.94,1115.55,1111.27,1108.20
1103.63,1108.10,1112.86,1118.02,1122.82,1127.10,1130.87,1134.50,1138.35,1142.41,1146.77,1151.78,1157.51,1162.26,1166.16,1169.68,1173.59,1177.66,1181.30,1184.36,1187.09,1189.97,1193.54,1197.72,1202.21,1206.24,1210.32,1214.43,1218.59,1222.97,1226.66,1230.52,1234.66,1238.72,1242.37,1245.70,1249.06,1252.65,1256.07,1260.62,1266.11,1272.22,1278.36,1284.24,1289.37,1293.47,1296.33,1299.37,1302.87,1306.77,1311.07,1315.73,1321.37,1327.25,1333.05,1338.80,1345.40,1351.03,1355.55,1359.23,1363.16,1367.13,1371.45,1376.06,1380.25,1383.66,1386.74,1389.66,1392.69,1397.05,1401.45,1405.65,1409.34,1411.58,1413.27,1414.89,1416.50,1417.95,1419.70,1422.47,1425.90,1429.89,1435.31,1439.69,1443.09,1445.81,1448.48,1450.84,1452.92,1454.86,1456.72,1458.48,1459.90,1461.04,1461.88,1462.32,1463.01,1463.97,1465.11,1466.27,1467.18,1468.04,1468.86,1469.58,1470.15,1470.62,1471.15,1471.81,1472.65,1473.75,1474.93,1476.20,1477.84,1480.29,1482.73,1485.10,1487.48,1489.88,1492.08,1493.92,1495.07,1494.65,1492.96,1490.03,1485.75,1479.96,1474.25,1467.99,1461.79,1456.16,1451.57,1447.09,1442.46,1437.89,1433.80,1429.76,1425.81,1421.89,1418.13,1414.95,1411.41,1407.49,1403.17,1398.32,1392.84,1388.54,1385.05,1381.55,1377.71,1374.01,1370.32,1366.51,1362.40,1358.27,1354.39,1350.74,1347.08,1342.81,1338.25,1333.70,1329.14,1324.07,1319.01,1314.01,1308.96,1303.56,1298.66,1294.41,1290.69,1287.42,1284.21,1281.66,1279.98,1279.10,1278.17,1276.75,1274.75,1272.08,1268.34,1263.84,1259.41,1255.18,1250.88,1245.60,1240.18,1234.98,1229.53,1222.59,1216.61,1211.32,1206.43,1201.52,1195.41,1189.23,1183.28,1177.45,1171.07,1164.05,1157.56,1151.17,1143.27,1134.08,1126.66,1122.56,1123.13,1127.28,1133.41,1140.10,1146.73,1152.91,1159.36,1165.27,1170.30,1174.14,1177.39,1181.58,1186.56,1191.92,1196.74,1202.14,1207.61,1212.62,1216.32,1218.43,1218.90,1218.01,1215.80,1212.98,1210.10,1207.36,1204.78,1202.28,1200.42,1198.55,1196.73,1195.07,1192.53,1189.58,1186.59,1183.39,1178.94,1173.76,1168.98,1164.62,1160.04,1155.33,1150.85,1146.23,1140.97,1134.99,1128.39,1122.13,1116.62,1111.97,1108.51,1106.28
1108.72,1113.37,1118.53,1123.76,1128.25,1131.91,1134.94,1138.26,1142.17,1146.45,1151.26,1156.86,1161.40,1165.15,1168.71,1172.56,1176.82,1180.72,1184.13,1187.08,1189.92,1193.30,1197.41,1201.90,1206.34,1210.51,1215.09,1219.62,1223.84,1227.82,1231.35,1235.27,1239.42,1242.90,1246.17,1249.44,1252.77,1256.23,1259.90,1265.96,1272.30,1278.09,1283.72,1288.88,1292.85,1295.89,1298.62,1301.95,1305.74,1309.86,1314.32,1319.14,1325.29,1331.22,1336.84,1342.95,1349.38,1354.30,1358.33,1362.32,1366.60,1370.44,1374.70,1379.28,1382.82,1385.99,1388.97,1391.79,1394.60,1398.09,1401.97,1405.80,1409.11,1411.23,1412.62,1413.94,1415.36,1416.81,1418.45,1421.07,1424.45,1428.51,1433.70,1438.50,1442.31,1445.21,1448.09,1450.54,1452.54,1454.29,1455.95,1457.44,1458.74,1459.82,1460.60,1461.03,1461.50,1462.31,1463.38,1464.35,1465.23,1466.18,1467.07,1467.72,1468.21,1468.73,1469.29,1469.98,1470.95,1472.03,1473.12,1474.32,1475.95,1478.59,1481.17,1483.59,1485.89,1488.10,1489.98,1491.35,1491.96,1491.29,1489.48,1486.78,1483.13,1478.28,1472.86,1466.07,1459.56,1453.99,1448.71,1443.39,1438.25,1433.49,1429.41,1425.43,1421.57,1417.97,1414.78,1411.61,1407.54,1403.28,1398.89,1393.77,1388.97,1385.01,1381.51,1378.02,1374.52,1371.02,1367.60,1364.19,1360.53,1356.72,1352.91,1349.36,1346.27,1342.46,1338.08,1333.46,1328.73,1323.77,1318.47,1313.03,1307.49,1301.93,1297.00,1292.34,1288.00,1284.20,1280.80,1278.06,1276.24,1275.37,1274.66,1273.58,1272.01,1269.83,1266.71,1263.22,1259.49,1255.62,1251.45,1246.30,1240.76,1235.14,1229.13,1221.95,1215.88,1210.61,1205.79,1200.89,1194.27,1188.17,1182.49,1176.94,1171.09,1164.37,1157.90,1151.59,1144.39,1135.69,1127.12,1120.97,1119.44,1121.94,1127.13,1133.54,1140.78,1148.81,1155.28,1161.00,1166.18,1170.56,1173.75,1177.16,1181.71,1187.44,1192.72,1198.01,1203.33,1208.33,1212.08,1213.93,1214.00,1212.56,1209.74,1206.78,1203.92,1201.25,1198.58,1195.45,1193.00,1190.29,1187.60,1185.59,1183.47,1180.73,1177.63,1174.15,1169.96,1165.58,1161.27,1157.08,1152.97,1148.51,1144.31,1139.86,1134.45,1128.23,1122.89,1117.41,1111.91,1108.14,1105.71,1104.56
1114.15,1119.16,1124.39,1128.85,1132.47,1135.63,1138.62,1141.98,1145.84,1150.40,1155.40,1160.22,1164.14,1167.80,1171.65,1175.85,1179.95,1183.65,1187.06,1190.29,1193.55,1197.17,1201.83,1206.84,1211.32,1215.78,1219.99,1224.12,1228.21,1232.14,1235.92,1239.55,1243.01,1246.24,1249.59,1253.05,1256.67,1260.76,1266.09,1272.13,1277.93,1283.25,1288.31,1292.39,1295.73,1298.66,1301.55,1304.95,1308.83,1313.05,1317.71,1323.21,1328.96,1334.58,1340.42,1347.25,1352.67,1357.18,1361.48,1365.90,1370.08,1373.69,1377.51,1381.50,1384.74,1387.86,1390.64,1393.20,1395.74,1398.52,1401.63,1404.79,1407.71,1409.98,1411.42,1412.72,1414.07,1415.35,1417.12,1419.39,1422.45,1426.71,1431.84,1436.88,1441.03,1444.20,1447.16,1449.77,1451.73,1453.30,1454.81,1456.06,1457.22,1458.28,1459.13,1459.60,1460.03,1460.64,1461.49,1462.52,1463.53,1464.54,1465.39,1465.97,1466.44,1466.96,1467.52,1468.15,1469.07,1470.19,1471.32,1472.50,1474.07,1476.66,1479.28,1481.75,1484.01,1485.94,1487.34,1488.12,1488.29,1487.80,1486.11,1483.67,1480.46,1476.18,1471.26,1464.33,1457.67,1451.97,1445.86,1439.88,1434.38,1429.51,1425.43,1421.42,1417.39,1413.65,1410.26,1406.47,1402.45,1398.36,1394.12,1389.55,1385.32,1381.47,1377.82,1374.27,1370.88,1367.71,1364.58,1361.35,1357.88,1354.30,1350.83,1347.63,1344.80,1341.66,1337.68,1333.25,1328.55,1323.48,1318.03,1312.27,1306.38,1300.71,1295.72,1290.74,1285.78,1281.13,1277.09,1274.17,1272.32,1271.39,1270.66,1269.97,1269.00,1267.53,1265.31,1262.61,1259.25,1255.52,1251.42,1246.35,1240.49,1234.27,1227.71,1220.67,1214.56,1209.31,1204.53,1199.51,1192.52,1186.68,1181.50,1176.41,1170.88,1164.35,1157.96,1151.77,1145.02,1137.18,1128.17,1120.72,1117.63,1118.81,1122.76,1128.59,1135.92,1144.08,1151.34,1157.31,1162.32,1166.58,1169.95,1173.56,1177.74,1182.55,1187.71,1193.03,1198.37,1203.37,1207.11,1208.87,1208.81,1207.22,1204.20,1200.94,1197.59,1194.38,1191.21,1187.69,1184.32,1180.81,1177.61,1175.38,1173.36,1170.82,1167.96,1164.85,1161.22,1157.45,1153.53,1149.49,1145.45,1141.28,1137.05,1132.62,1127.75,1122.46,1117.01,1111.76,1107.21,1104.33,1102.47,1102.43
1119.48,1124.66,1129.48,1133.24,1136.22,1139.04,1142.00,1145.33,1149.45,1154.19,1159.01,1163.04,1166.62,1170.58,1174.83,1179.16,1183.14,1186.71,1190.11,1193.54,1197.34,1201.72,1206.74,1211.79,1216.20,1220.58,1224.45,1228.26,1232.23,1236.16,1239.94,1243.26,1246.35,1249.80,1253.31,1257.13,1261.31,1266.14,1272.31,1277.96,1283.13,1287.91,1292.28,1295.66,1298.68,1301.63,1304.68,1308.16,1312.09,1316.36,1321.11,1326.86,1332.53,1338.23,1344.30,1351.08,1355.88,1360.22,1364.63,1369.10,1373.01,1376.42,1379.75,1383.07,1386.13,1389.14,1391.70,1393.95,1396.17,1398.37,1400.75,1403.27,1405.83,1408.16,1409.84,1411.29,1412.66,1413.95,1415.83,1417.89,1420.67,1424.90,1429.94,1434.99,1439.33,1442.81,1445.76,1448.46,1450.56,1452.16,1453.49,1454.62,1455.73,1456.74,1457.54,1458.05,1458.58,1459.18,1459.92,1460.92,1461.93,1462.88,1463.68,1464.22,1464.70,1465.22,1465.74,1466.31,1467.17,1468.32,1469.47,1470.62,1472.02,1474.35,1476.87,1479.41,1481.79,1483.46,1484.32,1484.50,1484.26,1483.98,1482.79,1480.72,1477.86,1474.00,1469.30,1462.59,1455.93,1449.87,1443.15,1436.88,1431.19,1426.10,1421.76,1417.49,1413.30,1409.39,1405.76,1401.79,1397.93,1393.97,1389.84,1385.62,1381.66,1377.83,1374.09,1370.49,1367.17,1364.14,1361.10,1357.92,1354.67,1351.48,1348.49,1345.76,1343.30,1340.56,1336.91,1332.67,1328.04,1322.90,1317.39,1311.48,1305.36,1299.60,1294.61,1289.35,1283.74,1278.12,1273.17,1269.78,1267.73,1266.81,1266.24,1266.06,1265.73,1265.00,1263.57,1261.38,1258.30,1254.74,1250.78,1245.90,1239.92,1233.38,1226.58,1219.79,1213.45,1208.10,1203.18,1197.75,1190.79,1185.28,1180.48,1175.67,1170.33,1164.02,1157.83,1151.83,1145.36,1138.10,1129.18,1121.13,1116.68,1116.31,1119.39,1124.83,1131.98,1139.84,1147.34,1153.49,1158.44,1162.45,1165.92,1169.56,1173.44,1177.68,1182.65,1187.87,1193.16,1198.10,1201.76,1203.46,1203.37,1201.76,1198.70,1195.26,1191.61,1187.93,1184.17,1180.04,1176.23,1172.45,1169.12,1166.96,1164.90,1162.42,1159.68,1156.68,1153.23,1149.67,1145.88,1141.90,1137.82,1133.66,1129.51,1125.32,1120.94,1116.34,1111.00,1106.29,1102.90,1100.95,1099.81,1100.50
1124.61,1129.69,1133.57,1136.86,1139.56,1142.19,1145.03,1148.23,1152.98,1157.76,1161.98,1165.45,1169.03,1173.56,1178.27,1182.44,1186.43,1189.96,1193.29,1196.81,1201.32,1207.00,1212.10,1216.56,1220.76,1224.63,1228.31,1232.05,1235.95,1239.86,1243.33,1246.45,1249.68,1253.81,1257.54,1261.90,1266.88,1272.37,1278.18,1283.23,1287.85,1292.07,1295.62,1298.80,1301.79,1304.77,1307.93,1311.54,1315.52,1319.81,1324.53,1329.96,1336.04,1342.31,1348.50,1354.32,1359.09,1363.44,1367.65,1371.69,1375.22,1378.46,1381.35,1383.99,1386.90,1389.72,1392.02,1393.97,1395.80,1397.59,1399.36,1401.31,1403.54,1405.78,1407.87,1409.61,1411.09,1412.63,1414.57,1416.64,1419.30,1423.17,1428.12,1432.86,1437.23,1441.04,1443.90,1446.61,1449.00,1450.89,1452.03,1453.18,1454.32,1455.24,1455.84,1456.40,1457.19,1457.99,1458.76,1459.58,1460.44,1461.22,1461.89,1462.46,1462.95,1463.47,1463.95,1464.45,1465.29,1466.39,1467.53,1468.62,1469.71,1471.60,1473.83,1476.42,1479.10,1480.53,1480.88,1480.49,1479.89,1479.82,1479.46,1477.92,1475.37,1471.81,1466.96,1460.83,1454.32,1447.67,1440.65,1434.49,1428.76,1423.36,1418.49,1413.72,1409.39,1405.36,1401.54,1397.98,1394.30,1390.38,1386.24,1382.00,1377.96,1374.09,1370.33,1366.70,1363.45,1360.28,1357.08,1353.88,1350.93,1348.32,1345.89,1343.68,1341.75,1339.13,1335.65,1331.59,1327.03,1321.91,1316.43,1310.52,1304.36,1298.55,1293.62,1288.13,1281.90,1275.21,1269.14,1264.94,1262.50,1261.64,1261.44,1261.82,1262.14,1262.09,1261.25,1259.29,1256.43,1253.13,1249.44,1244.91,1239.11,1232.64,1225.95,1219.48,1212.72,1207.09,1201.83,1195.68,1189.21,1184.08,1179.44,1174.68,1169.39,1163.35,1157.50,1151.78,1145.42,1138.34,1130.01,1122.10,1116.50,1114.23,1116.94,1122.26,1128.99,1136.29,1143.24,1149.37,1154.45,1158.24,1161.63,1164.94,1168.61,1172.88,1177.66,1182.60,1187.68,1192.51,1196.01,1197.67,1197.64,1196.11,1193.09,1189.64,1185.96,1182.04,1177.72,1172.76,1169.16,1165.69,1162.65,1160.86,1158.64,1156.05,1153.14,1149.86,1146.09,1142.27,1138.35,1134.32,1130.16,1125.75,1121.86,1118.13,1114.08,1109.69,1104.95,1101.28,1099.17,1098.15,1097.98,1098.96
1129.31,1133.84,1137.28,1139.98,1142.34,1144.69,1147.43,1151.34,1156.45,1160.94,1164.57,1168.02,1172.27,1177.14,1181.92,1186.05,1189.64,1192.91,1196.57,1201.07,1206.74,1212.06,1216.61,1220.66,1224.50,1228.16,1231.61,1235.27,1239.29,1243.26,1246.94,1250.54,1254.35,1258.79,1263.13,1267.87,1272.95,1278.25,1283.46,1287.95,1292.09,1295.89,1299.01,1301.94,1304.86,1307.89,1311.22,1314.94,1319.04,1323.36,1328.12,1334.01,1339.91,1345.88,1351.87,1357.50,1361.89,1365.89,1369.70,1373.25,1376.55,1379.56,1382.19,1384.54,1387.01,1389.37,1391.39,1393.14,1394.75,1396.33,1397.91,1399.58,1401.45,1403.57,1405.71,1407.57,1409.21,1410.92,1413.02,1415.45,1418.35,1422.05,1426.84,1431.39,1435.72,1439.68,1442.71,1445.32,1447.49,1449.26,1450.57,1451.78,1452.84,1453.70,1454.38,1455.12,1456.01,1456.88,1457.68,1458.44,1459.14,1459.76,1460.19,1460.45,1461.14,1461.67,1462.09,1462.57,1463.37,1464.30,1465.16,1465.93,1466.77,1468.33,1470.23,1472.46,1474.79,1475.94,1476.27,1476.04,1475.65,1475.78,1475.68,1474.72,1472.82,1469.72,1465.08,1459.30,1452.84,1445.88,1438.70,1432.43,1426.62,1421.25,1416.55,1411.85,1407.17,1402.73,1398.69,1394.94,1391.16,1387.18,1382.91,1378.43,1374.29,1370.30,1366.42,1362.72,1359.27,1355.74,1352.57,1349.95,1347.50,1345.20,1342.83,1340.62,1338.95,1336.69,1333.60,1329.66,1324.86,1319.93,1314.54,1308.69,1302.69,1297.31,1292.41,1286.72,1280.25,1273.29,1266.51,1261.95,1259.23,1258.03,1257.52,1257.33,1257.49,1257.66,1257.05,1255.44,1253.08,1250.26,1247.02,1243.15,1237.96,1232.00,1225.64,1219.18,1212.32,1206.45,1200.76,1194.13,1188.15,1183.15,1178.49,1173.69,1168.26,1162.35,1156.85,1151.54,1145.40,1138.38,1130.44,1122.68,1116.32,1112.16,1114.41,1119.53,1125.85,1132.74,1139.10,1144.92,1150.02,1154.00,1157.23,1160.26,1163.64,1167.65,1172.15,1176.56,1181.30,1186.01,1189.44,1191.13,1190.99,1189.44,1186.58,1182.91,1178.75,1174.82,1171.13,1167.08,1163.74,1160.20,1157.09,1155.39,1152.85,1149.86,1146.45,1142.53,1138.26,1134.21,1130.28,1126.47,1122.94,1119.68,1115.79,1111.73,1108.00,1104.07,1100.61,1098.22,1096.96,1096.12,1096.94,1098.93
1133.74,1137.68,1140.80,1143.02,1145.16,1147.50,1150.45,1154.95,1159.90,1163.89,1167.18,1171.03,1175.99,1181.05,1185.68,1189.53,1192.67,1195.82,1200.13,1205.87,1212.18,1216.75,1220.69,1224.42,1228.00,1231.50,1234.79,1238.51,1242.84,1247.03,1251.05,1255.14,1259.43,1264.08,1268.97,1274.01,1279.06,1283.97,1288.59,1292.59,1296.23,1299.57,1302.39,1305.12,1307.97,1311.06,1314.49,1318.30,1322.47,1326.93,1331.92,1338.06,1343.53,1349.07,1354.80,1360.22,1364.13,1367.68,1371.05,1374.15,1377.24,1379.99,1382.41,1384.55,1386.60,1388.52,1390.31,1391.96,1393.44,1394.92,1396.45,1397.97,1399.55,1401.51,1403.55,1405.51,1407.39,1409.34,1411.68,1414.51,1417.70,1421.32,1425.89,1430.30,1434.53,1438.45,1441.61,1444.03,1445.91,1447.51,1449.01,1450.34,1451.38,1452.25,1453.06,1453.96,1454.89,1455.77,1456.60,1457.32,1457.84,1458.27,1458.45,1458.31,1458.83,1459.27,1459.70,1460.27,1461.13,1461.90,1462.48,1462.97,1463.64,1464.95,1466.54,1468.38,1470.23,1471.10,1471.49,1471.54,1471.47,1471.75,1471.79,1471.34,1470.09,1467.50,1463.35,1457.87,1451.53,1444.47,1437.08,1430.64,1424.78,1419.52,1415.12,1410.59,1405.56,1400.69,1396.41,1392.34,1388.33,1384.17,1379.75,1375.00,1370.70,1366.54,1362.51,1358.71,1355.07,1351.40,1348.41,1346.30,1344.23,1341.88,1339.33,1337.03,1335.52,1333.56,1330.71,1326.82,1321.96,1317.32,1312.11,1306.45,1300.78,1295.90,1291.09,1285.37,1278.83,1271.78,1264.70,1259.98,1256.95,1255.18,1254.09,1253.05,1252.69,1252.73,1252.25,1250.97,1249.13,1246.87,1244.13,1240.82,1236.33,1231.04,1225.13,1218.72,1211.97,1205.75,1199.56,1192.85,1187.34,1182.39,1177.59,1172.62,1167.00,1161.30,1156.20,1151.31,1145.36,1138.35,1130.69,1123.09,1116.17,1110.43,1111.94,1116.63,1122.50,1128.95,1134.79,1140.33,1145.43,1149.56,1152.59,1155.33,1158.38,1162.01,1166.11,1170.07,1174.51,1179.07,1182.49,1184.21,1183.97,1182.35,1179.52,1175.52,1171.31,1167.70,1164.47,1160.38,1156.49,1152.73,1149.71,1148.19,1145.73,1142.89,1139.42,1135.19,1130.87,1126.75,1122.62,1118.74,1115.93,1113.72,1109.63,1105.03,1101.51,1098.31,1096.34,1095.32,1094.88,1094.60,1096.43,1099.65
1137.74,1141.33,1144.03,1146.20,1148.59,1151.78,1155.87,1159.94,1163.38,1166.52,1170.13,1175.30,1180.48,1185.47,1189.57,1192.36,1195.28,1198.86,1204.47,1211.42,1216.51,1220.52,1224.16,1227.76,1231.38,1234.68,1238.05,1242.22,1247.35,1252.19,1256.50,1260.53,1264.66,1269.53,1274.45,1279.69,1284.85,1289.52,1293.68,1297.38,1300.46,1303.04,1305.67,1308.36,1311.27,1314.39,1317.75,1321.55,1325.61,1330.47,1336.18,1341.33,1346.06,1351.44,1357.11,1361.58,1364.97,1368.08,1371.09,1373.94,1376.70,1379.18,1381.34,1383.22,1385.12,1386.90,1388.69,1390.42,1391.95,1393.48,1395.02,1396.56,1398.09,1399.71,1401.60,1403.72,1406.01,1408.43,1411.21,1414.32,1417.67,1421.31,1425.55,1429.82,1433.80,1437.30,1440.20,1442.34,1444.11,1445.69,1447.18,1448.71,1450.05,1451.15,1451.99,1452.85,1453.77,1454.65,1455.45,1456.07,1456.32,1456.53,1456.53,1456.03,1455.06,1455.10,1455.71,1456.68,1457.98,1458.72,1459.24,1459.76,1460.49,1461.64,1463.08,1464.68,1466.22,1466.90,1467.13,1467.24,1467.36,1467.66,1467.95,1467.75,1466.83,1464.81,1461.70,1456.57,1450.59,1443.94,1436.01,1429.41,1423.62,1418.49,1414.17,1409.65,1404.46,1399.31,1394.72,1390.48,1386.03,1381.49,1376.86,1371.99,1367.30,1362.90,1358.71,1354.75,1351.13,1348.22,1345.72,1343.47,1341.21,1337.93,1334.91,1332.63,1331.20,1329.17,1325.90,1321.94,1317.75,1313.61,1308.81,1303.73,1298.72,1294.18,1289.63,1284.33,1278.01,1270.68,1264.25,1259.65,1256.13,1253.38,1251.47,1249.65,1248.30,1247.52,1247.15,1246.05,1244.60,1242.89,1240.70,1237.43,1233.52,1228.99,1223.78,1217.77,1211.52,1204.59,1197.71,1191.96,1186.82,1181.91,1176.80,1171.27,1165.56,1160.33,1155.81,1151.31,1145.35,1138.21,1130.73,1123.29,1116.14,1109.80,1109.76,1113.30,1118.67,1124.41,1130.03,1135.62,1140.72,1144.57,1147.26,1149.66,1152.31,1155.42,1158.86,1162.82,1167.18,1171.55,1175.00,1176.73,1176.52,1174.77,1171.51,1167.07,1164.47,1161.97,1157.67,1149.25,1142.38,1138.24,1136.15,1135.17,1134.24,1133.42,1131.54,1128.24,1125.27,1121.60,1116.66,1111.63,1109.18,1106.57,1101.90,1096.78,1093.13,1091.24,1090.99,1091.29,1092.01,1093.96,1096.91,1101.42
1141.60,1144.93,1147.70,1150.25,1153.21,1156.72,1160.62,1164.02,1167.12,1170.76,1175.21,1180.53,1185.24,1189.25,1192.41,1194.76,1197.73,1202.76,1209.19,1215.78,1220.15,1223.83,1227.38,1231.03,1234.78,1238.33,1242.41,1247.12,1252.29,1257.16,1261.52,1265.72,1270.13,1275.28,1280.74,1286.06,1290.95,1295.10,1298.37,1301.42,1304.07,1306.40,1308.93,1311.62,1314.51,1317.49,1320.51,1324.20,1328.43,1333.49,1339.13,1343.51,1347.84,1352.85,1358.02,1361.83,1364.84,1367.57,1370.22,1372.79,1375.14,1377.43,1379.54,1381.43,1383.30,1385.03,1386.81,1388.60,1390.32,1391.98,1393.57,1395.13,1396.70,1398.42,1400.40,1402.74,1405.36,1408.15,1411.18,1414.44,1417.84,1421.40,1425.28,1429.21,1432.93,1436.16,1438.62,1440.58,1442.28,1443.86,1445.44,1447.14,1448.73,1450.09,1451.14,1452.01,1452.87,1453.65,1454.26,1454.57,1454.61,1454.70,1454.60,1453.85,1452.31,1451.69,1451.89,1452.90,1454.57,1455.39,1456.06,1456.75,1457.44,1458.51,1459.64,1460.93,1462.28,1462.84,1462.99,1463.11,1463.34,1463.71,1464.12,1464.01,1463.34,1461.92,1459.24,1454.76,1449.43,1443.24,1435.46,1428.70,1422.81,1417.66,1413.30,1408.64,1403.41,1398.20,1393.39,1388.67,1383.84,1378.97,1374.07,1369.11,1364.29,1359.79,1355.55,1351.61,1348.28,1345.67,1343.20,1340.47,1337.19,1333.19,1329.82,1327.35,1325.56,1323.27,1320.13,1316.60,1312.98,1309.25,1305.02,1300.69,1296.43,1292.22,1287.90,1282.89,1276.96,1270.14,1264.28,1259.75,1255.95,1252.66,1249.82,1247.10,1244.94,1243.41,1242.42,1241.32,1239.99,1238.36,1236.22,1233.33,1230.15,1226.43,1221.93,1216.43,1210.38,1203.47,1196.70,1191.33,1186.41,1181.50,1176.08,1170.14,1164.66,1159.71,1155.40,1150.99,1145.04,1137.99,1130.69,1123.56,1116.75,1109.89,1107.85,1109.84,1114.58,1119.65,1124.69,1129.57,1133.96,1137.47,1140.76,1143.84,1146.82,1149.80,1152.97,1156.78,1160.92,1164.99,1168.23,1169.59,1169.09,1167.23,1164.11,1160.09,1156.29,1151.65,1145.30,1136.78,1129.70,1125.62,1123.70,1122.78,1122.49,1122.37,1121.29,1118.82,1116.20,1112.86,1107.76,1102.02,1098.49,1095.00,1091.46,1088.37,1086.50,1086.21,1087.18,1088.74,1090.93,1094.40,1098.36,1103.82
1145.38,1148.58,1151.66,1154.76,1158.31,1161.83,1165.03,1168.12,1171.59,1176.20,1181.47,1186.11,1189.86,1192.51,1194.66,1197.00,1200.42,1207.10,1213.87,1219.30,1223.28,1226.83,1230.45,1234.27,1238.29,1242.34,1247.36,1252.54,1257.44,1262.12,1266.47,1271.00,1275.88,1281.35,1287.48,1292.62,1296.87,1300.30,1302.59,1304.93,1307.28,1309.62,1312.10,1314.82,1317.62,1320.34,1322.95,1326.47,1330.95,1336.01,1341.10,1344.92,1349.03,1353.54,1357.98,1361.33,1364.07,1366.45,1368.75,1371.03,1372.94,1375.05,1377.16,1379.20,1381.19,1383.01,1384.79,1386.63,1388.59,1390.42,1392.13,1393.81,1395.56,1397.61,1399.80,1402.35,1405.21,1408.26,1411.41,1414.69,1418.06,1421.47,1425.01,1428.53,1431.95,1434.97,1436.94,1438.79,1440.47,1442.08,1443.79,1445.63,1447.41,1449.03,1450.36,1451.28,1452.07,1452.67,1453.00,1452.95,1452.84,1452.88,1452.68,1451.74,1450.11,1448.75,1448.33,1449.15,1451.02,1452.00,1452.90,1453.80,1454.44,1455.42,1456.19,1457.12,1458.30,1458.81,1458.94,1459.08,1459.37,1459.82,1460.26,1460.15,1459.70,1458.87,1456.37,1452.69,1448.13,1442.48,1435.18,1428.27,1422.19,1416.94,1412.41,1407.56,1402.37,1397.22,1392.24,1386.88,1381.72,1376.57,1371.41,1366.40,1361.59,1357.10,1352.89,1349.06,1346.08,1343.47,1340.69,1337.26,1332.65,1328.05,1324.36,1321.54,1319.18,1316.57,1313.83,1310.93,1307.83,1304.56,1301.05,1297.54,1294.01,1290.13,1286.04,1281.29,1275.86,1269.92,1264.56,1260.05,1256.11,1252.53,1248.83,1245.20,1242.33,1240.10,1238.15,1236.83,1235.42,1233.62,1231.32,1228.96,1226.52,1223.51,1219.65,1214.73,1208.79,1202.37,1196.17,1190.85,1186.06,1181.09,1175.41,1169.21,1164.08,1159.26,1154.91,1150.42,1144.45,1137.62,1130.57,1123.90,1117.65,1110.48,1106.34,1106.41,1110.05,1114.54,1118.97,1122.87,1126.24,1129.38,1133.56,1137.79,1141.58,1144.83,1148.02,1151.61,1155.43,1159.16,1162.01,1162.86,1161.97,1160.08,1157.41,1153.83,1147.49,1139.42,1130.93,1124.29,1118.29,1114.28,1111.93,1110.74,1110.42,1110.22,1109.48,1107.74,1105.00,1101.87,1097.14,1091.40,1086.68,1082.61,1081.00,1080.89,1081.45,1082.65,1084.66,1087.47,1091.14,1095.59,1100.49,1106.66
1149.18,1152.55,1155.75,1158.96,1162.36,1165.83,1169.71,1174.95,1179.03,1183.27,1187.57,1190.73,1192.97,1194.93,1196.92,1199.61,1204.82,1211.28,1217.20,1221.97,1225.83,1229.56,1233.44,1237.62,1242.18,1246.92,1252.01,1257.20,1262.37,1267.51,1272.48,1277.33,1282.38,1288.23,1294.26,1298.19,1300.94,1303.46,1305.66,1307.90,1310.17,1312.46,1314.85,1317.52,1320.15,1322.66,1325.17,1328.37,1332.73,1337.42,1341.83,1345.53,1349.37,1353.32,1357.12,1360.24,1362.74,1364.89,1366.90,1368.78,1370.38,1372.08,1373.91,1375.97,1378.46,1380.76,1382.73,1384.59,1386.67,1388.82,1390.86,1393.06,1395.56,1397.86,1400.15,1402.68,1405.50,1408.51,1411.69,1414.83,1417.97,1421.19,1424.48,1427.80,1430.88,1433.48,1435.37,1437.13,1438.83,1440.52,1442.34,1444.27,1446.10,1447.77,1449.21,1450.32,1451.04,1451.45,1451.56,1451.36,1451.32,1451.26,1450.81,1449.58,1447.80,1446.09,1445.48,1446.23,1447.47,1448.68,1449.66,1450.51,1451.37,1452.08,1452.62,1453.26,1454.06,1454.50,1454.75,1455.02,1455.38,1455.83,1456.21,1456.21,1455.99,1455.54,1453.84,1450.72,1446.74,1441.70,1434.75,1427.74,1421.59,1416.21,1411.17,1406.26,1401.24,1396.15,1390.88,1385.01,1379.61,1374.38,1369.21,1364.17,1359.46,1355.02,1350.88,1347.22,1344.16,1341.23,1337.82,1333.53,1328.23,1323.19,1318.98,1315.58,1312.78,1310.10,1307.48,1304.90,1302.41,1300.13,1297.58,1294.76,1291.63,1288.05,1284.27,1279.98,1275.13,1269.76,1264.71,1260.19,1256.15,1252.42,1248.39,1244.20,1240.62,1237.64,1235.09,1233.07,1231.24,1229.41,1227.43,1225.33,1223.15,1220.27,1216.55,1212.23,1206.82,1201.19,1195.68,1190.41,1185.67,1180.49,1174.71,1168.65,1163.56,1158.63,1154.13,1149.45,1143.26,1136.70,1130.36,1124.30,1118.27,1111.46,1106.17,1103.46,1104.00,1108.24,1112.95,1116.64,1119.52,1122.35,1126.24,1131.13,1136.04,1140.35,1143.98,1147.39,1150.87,1154.22,1156.61,1157.33,1156.48,1154.90,1152.50,1147.02,1139.36,1130.88,1122.57,1115.73,1109.23,1103.99,1100.38,1098.73,1097.48,1097.04,1096.60,1095.39,1092.82,1089.72,1086.26,1082.96,1080.85,1079.07,1078.48,1078.72,1079.50,1080.78,1084.30,1088.52,1092.85,1097.54,1103.32,1110.04
1153.08,1156.50,1159.66,1162.97,1166.92,1171.08,1175.63,1181.63,1185.87,1189.48,1192.69,1194.91,1196.31,1197.90,1199.99,1203.19,1209.03,1214.97,1220.21,1224.61,1228.40,1232.34,1236.57,1241.19,1246.31,1251.46,1256.65,1262.05,1267.69,1273.32,1278.58,1283.65,1288.83,1294.44,1299.35,1302.17,1304.05,1306.07,1308.26,1310.40,1312.60,1314.88,1317.25,1319.67,1322.07,1324.43,1326.86,1329.72,1333.72,1337.94,1341.82,1345.41,1348.95,1352.40,1355.68,1358.62,1361.01,1363.06,1364.88,1366.44,1367.75,1369.15,1370.71,1372.66,1375.42,1378.10,1380.40,1382.51,1384.69,1387.11,1389.65,1392.52,1395.65,1398.30,1400.74,1403.27,1405.95,1408.74,1411.78,1414.76,1417.71,1420.73,1423.85,1426.97,1429.75,1432.04,1433.89,1435.63,1437.38,1439.19,1441.08,1442.99,1444.77,1446.37,1447.72,1448.79,1449.40,1449.62,1449.50,1449.16,1449.18,1449.06,1448.50,1447.20,1445.38,1443.52,1442.62,1442.92,1443.65,1444.86,1445.75,1446.41,1447.22,1447.71,1448.12,1448.66,1449.35,1449.84,1450.23,1450.62,1451.06,1451.56,1451.90,1452.10,1452.21,1452.12,1451.22,1448.62,1445.16,1440.74,1434.20,1427.14,1420.82,1415.21,1409.90,1405.07,1400.19,1395.09,1389.59,1383.43,1377.91,1372.60,1367.31,1362.19,1357.63,1353.34,1349.29,1345.61,1342.33,1338.94,1334.96,1330.07,1324.27,1318.80,1314.22,1310.51,1307.51,1304.82,1302.34,1300.03,1298.00,1296.31,1294.40,1292.02,1289.13,1285.84,1282.39,1278.48,1274.11,1269.31,1264.54,1260.10,1256.06,1252.27,1248.08,1243.44,1239.29,1235.75,1232.71,1229.95,1227.64,1225.64,1223.77,1221.57,1219.21,1216.36,1213.02,1209.43,1204.82,1199.92,1194.90,1189.75,1184.93,1179.71,1174.06,1168.22,1163.07,1158.02,1153.26,1148.28,1141.97,1135.88,1130.14,1124.58,1118.86,1112.40,1106.49,1101.76,1099.51,1102.29,1106.57,1110.26,1113.22,1116.00,1119.54,1124.59,1130.13,1135.32,1139.44,1142.66,1145.68,1148.49,1150.37,1150.43,1148.49,1145.90,1142.99,1136.91,1129.74,1122.33,1114.96,1107.67,1100.47,1094.28,1089.91,1088.24,1086.77,1086.07,1085.60,1084.73,1082.64,1080.11,1077.97,1076.68,1076.70,1076.63,1076.92,1077.65,1078.91,1080.82,1085.34,1090.37,1095.11,1100.22,1106.73,1113.63
1157.12,1160.34,1163.35,1166.89,1172.41,1178.13,1183.08,1187.49,1191.29,1194.26,1196.61,1198.71,1200.25,1201.79,1204.14,1207.97,1212.70,1218.09,1223.08,1227.34,1231.12,1235.24,1239.88,1245.03,1250.63,1255.82,1261.33,1267.28,1273.55,1279.50,1284.56,1289.71,1294.96,1299.48,1302.15,1304.21,1306.20,1308.33,1310.43,1312.38,1314.48,1316.80,1319.20,1321.14,1323.26,1325.55,1327.83,1330.33,1333.75,1337.45,1341.03,1344.45,1347.67,1350.71,1353.62,1356.39,1358.83,1360.91,1362.65,1364.03,1365.13,1366.38,1367.74,1369.42,1372.12,1374.93,1377.73,1380.36,1382.70,1385.29,1388.55,1392.11,1395.66,1398.81,1401.46,1404.00,1406.50,1408.87,1411.57,1414.40,1417.26,1420.10,1423.11,1425.99,1428.55,1430.72,1432.53,1434.30,1436.18,1438.13,1440.02,1441.79,1443.41,1444.80,1445.84,1446.55,1446.95,1446.97,1446.63,1446.12,1446.15,1446.05,1445.59,1444.55,1442.83,1440.97,1439.53,1438.93,1439.48,1440.39,1440.98,1441.32,1441.72,1442.06,1442.47,1443.15,1444.09,1444.76,1445.30,1445.77,1446.27,1446.89,1447.27,1447.78,1448.32,1448.63,1448.41,1446.33,1443.38,1439.50,1433.47,1426.41,1419.78,1413.87,1408.64,1404.05,1399.26,1394.09,1388.44,1382.28,1376.80,1371.33,1365.75,1360.47,1356.12,1352.11,1348.14,1344.17,1340.55,1336.63,1332.22,1327.08,1320.92,1315.00,1310.31,1306.72,1303.79,1301.12,1298.82,1296.79,1294.98,1293.26,1291.52,1289.25,1286.42,1283.43,1280.31,1276.66,1272.63,1268.43,1263.95,1259.71,1255.79,1252.03,1247.77,1242.81,1238.29,1234.42,1231.00,1227.57,1224.72,1222.34,1220.16,1217.45,1214.46,1211.67,1209.11,1206.39,1202.86,1198.50,1193.70,1188.75,1183.68,1178.69,1173.45,1167.88,1162.59,1157.45,1152.34,1146.91,1140.70,1135.28,1129.92,1124.67,1119.48,1113.23,1107.22,1101.65,1097.48,1097.13,1099.81,1103.57,1107.27,1110.33,1113.70,1118.37,1123.87,1129.54,1134.10,1137.10,1139.44,1141.43,1142.62,1141.25,1136.77,1131.49,1127.14,1122.61,1118.02,1113.02,1107.10,1099.44,1091.71,1085.31,1081.11,1080.00,1079.39,1078.41,1077.46,1076.68,1075.37,1074.14,1073.20,1072.87,1073.68,1074.08,1075.27,1077.15,1079.65,1083.08,1087.87,1092.87,1097.86,1103.73,1110.78,1117.40
1160.81,1163.88,1167.30,1173.01,1178.68,1183.86,1188.39,1192.19,1195.97,1198.88,1201.01,1202.90,1204.57,1206.25,1208.60,1212.16,1216.35,1221.30,1226.05,1230.24,1234.01,1238.19,1243.10,1248.57,1254.35,1259.89,1265.92,1272.37,1278.81,1284.16,1289.39,1294.41,1298.85,1301.90,1303.92,1305.92,1308.03,1310.12,1312.10,1314.01,1315.99,1318.11,1320.30,1322.13,1324.03,1325.99,1327.88,1329.87,1332.84,1336.25,1339.70,1342.87,1345.79,1348.56,1351.25,1353.87,1356.20,1358.18,1359.85,1361.22,1362.34,1363.35,1364.62,1366.45,1369.29,1372.34,1375.30,1378.06,1380.72,1384.00,1387.76,1391.68,1395.57,1399.14,1401.75,1404.11,1406.41,1408.61,1411.09,1413.82,1416.59,1419.32,1422.16,1424.74,1427.12,1429.29,1431.19,1432.99,1434.76,1436.58,1438.49,1440.29,1441.76,1442.88,1443.60,1443.92,1444.04,1443.79,1443.24,1442.75,1442.67,1442.57,1442.22,1441.35,1439.58,1437.14,1435.19,1434.40,1435.11,1435.97,1436.53,1436.87,1437.29,1437.61,1438.00,1438.56,1439.30,1439.91,1440.32,1440.64,1441.01,1441.58,1442.17,1443.13,1444.23,1445.07,1445.21,1444.15,1441.83,1437.90,1431.85,1424.91,1418.57,1412.96,1407.76,1403.21,1398.50,1393.37,1387.70,1381.73,1376.31,1370.76,1364.97,1359.46,1355.25,1351.28,1347.16,1342.83,1338.90,1334.83,1330.07,1324.37,1318.15,1312.36,1307.60,1303.81,1300.79,1298.00,1295.73,1293.81,1292.03,1290.07,1288.15,1285.85,1283.18,1280.59,1277.85,1274.57,1270.92,1267.08,1262.84,1258.67,1254.71,1250.85,1246.52,1241.80,1237.35,1233.23,1229.27,1225.25,1221.61,1218.36,1215.45,1212.42,1209.77,1207.61,1205.74,1203.57,1200.33,1196.22,1191.60,1186.75,1181.80,1177.10,1172.23,1166.99,1161.77,1156.43,1151.06,1145.51,1139.57,1134.47,1129.64,1124.98,1120.22,1114.12,1108.17,1102.51,1097.35,1093.59,1094.39,1097.31,1100.74,1103.92,1107.81,1113.15,1119.15,1124.93,1129.06,1131.27,1132.52,1132.58,1130.20,1127.34,1122.76,1117.69,1113.36,1109.71,1106.25,1102.37,1097.16,1089.39,1084.03,1080.07,1077.36,1076.31,1075.73,1074.42,1072.80,1071.20,1069.74,1069.38,1069.41,1069.98,1072.00,1073.96,1076.36,1079.13,1082.26,1086.09,1090.78,1095.76,1101.08,1107.51,1114.93,1121.03
1164.23,1167.43,1171.67,1179.19,1184.55,1188.81,1192.83,1196.54,1200.44,1203.43,1205.49,1207.16,1208.96,1210.83,1213.14,1216.32,1220.20,1224.69,1229.04,1233.02,1236.73,1241.00,1246.15,1251.88,1257.78,1263.59,1270.25,1277.06,1283.20,1287.88,1293.42,1298.16,1301.53,1303.40,1305.27,1307.37,1309.49,1311.42,1313.28,1315.20,1317.09,1318.96,1320.88,1322.62,1324.24,1325.81,1327.37,1328.95,1331.51,1334.63,1337.95,1340.86,1343.51,1346.06,1348.59,1351.04,1353.20,1355.03,1356.64,1358.07,1359.25,1360.15,1361.43,1363.51,1366.63,1370.09,1373.19,1375.98,1378.93,1382.78,1386.95,1391.16,1395.27,1399.13,1401.71,1403.89,1406.02,1408.13,1410.45,1413.07,1415.78,1418.39,1421.04,1423.38,1425.59,1427.75,1429.72,1431.51,1433.13,1434.74,1436.58,1438.37,1439.74,1440.64,1441.06,1441.12,1441.00,1440.55,1439.90,1439.50,1439.28,1439.17,1438.91,1438.07,1436.20,1433.23,1430.86,1430.00,1430.82,1431.64,1432.23,1432.69,1433.19,1433.55,1433.93,1434.33,1434.75,1435.19,1435.40,1435.55,1435.76,1436.20,1436.97,1438.27,1439.82,1441.18,1441.68,1441.67,1439.91,1435.74,1429.83,1423.23,1417.38,1412.16,1407.02,1402.41,1397.79,1392.71,1387.07,1381.45,1376.12,1370.50,1364.56,1358.82,1354.63,1350.60,1346.30,1341.71,1337.53,1333.41,1328.34,1322.09,1315.93,1310.34,1305.53,1301.44,1298.06,1295.11,1292.75,1290.76,1288.90,1286.72,1284.64,1282.36,1279.90,1277.64,1275.24,1272.34,1269.05,1265.44,1261.45,1257.34,1253.30,1249.32,1244.97,1240.58,1236.29,1232.00,1227.47,1222.83,1218.24,1214.04,1210.47,1207.27,1205.17,1203.67,1202.32,1200.43,1197.30,1193.20,1188.63,1184.03,1179.51,1175.21,1170.69,1165.75,1160.65,1155.15,1149.62,1144.11,1138.52,1133.63,1129.32,1125.25,1120.85,1114.96,1109.09,1103.61,1098.05,1091.64,1090.13,1091.78,1094.76,1098.03,1102.40,1108.55,1115.10,1120.79,1124.27,1125.57,1125.70,1123.89,1118.07,1113.47,1108.91,1104.50,1100.66,1097.57,1094.82,1091.77,1087.44,1080.51,1077.67,1076.19,1074.97,1073.86,1072.73,1070.72,1068.44,1066.40,1065.04,1065.69,1066.80,1068.41,1071.81,1075.28,1078.65,1081.95,1085.37,1089.34,1093.90,1098.92,1104.65,1111.75,1119.20,1124.79
1167.10,1171.17,1177.22,1183.64,1188.47,1192.49,1196.39,1200.81,1204.95,1207.90,1209.79,1211.27,1213.24,1215.29,1217.71,1220.92,1224.73,1228.51,1232.01,1235.30,1238.80,1243.26,1248.73,1254.77,1260.83,1266.38,1273.86,1280.61,1285.35,1290.03,1295.90,1300.08,1302.43,1304.29,1306.20,1308.25,1310.10,1311.56,1313.37,1315.28,1317.15,1318.91,1320.55,1321.97,1323.11,1324.28,1325.85,1327.60,1329.69,1332.29,1335.33,1338.04,1340.49,1342.91,1345.30,1347.51,1349.38,1351.09,1352.68,1354.15,1355.34,1356.64,1358.22,1360.45,1364.11,1368.41,1371.89,1374.74,1377.74,1381.27,1385.82,1390.40,1394.46,1398.25,1400.99,1403.23,1405.27,1407.32,1409.51,1412.01,1414.64,1417.18,1419.61,1421.85,1423.97,1425.98,1427.82,1429.50,1430.99,1432.41,1433.92,1435.43,1436.77,1437.65,1437.93,1438.10,1437.97,1437.59,1437.13,1436.89,1436.63,1436.48,1436.10,1434.98,1433.08,1430.21,1427.70,1426.43,1426.93,1427.54,1428.16,1428.74,1429.22,1429.65,1430.09,1430.43,1430.58,1430.66,1430.74,1430.84,1430.95,1431.18,1431.93,1433.08,1434.57,1436.28,1437.41,1438.20,1436.60,1432.18,1427.36,1421.72,1416.39,1411.38,1406.30,1401.64,1397.04,1392.01,1386.45,1381.47,1376.29,1370.65,1364.63,1358.69,1354.23,1350.01,1345.67,1341.22,1336.93,1332.70,1327.39,1320.88,1314.91,1309.30,1304.42,1299.98,1295.59,1292.40,1289.68,1287.27,1285.15,1282.98,1281.06,1279.08,1276.96,1274.78,1272.55,1269.91,1266.84,1263.35,1259.59,1255.61,1251.58,1247.54,1243.27,1238.99,1234.82,1230.51,1225.46,1220.05,1214.29,1209.21,1205.59,1202.55,1200.80,1199.54,1198.21,1196.10,1193.16,1188.61,1183.66,1179.84,1176.51,1172.86,1168.66,1163.90,1158.90,1153.49,1148.06,1142.73,1137.59,1132.89,1128.93,1125.18,1120.99,1115.53,1109.74,1104.61,1099.72,1093.30,1088.38,1088.17,1090.99,1094.42,1098.53,1105.06,1111.78,1117.03,1119.98,1120.51,1119.81,1117.33,1111.03,1104.00,1097.66,1092.73,1089.54,1086.58,1084.46,1082.55,1080.26,1076.92,1074.56,1073.25,1072.42,1071.23,1068.49,1064.66,1061.94,1061.42,1061.84,1064.30,1067.05,1070.19,1075.12,1079.03,1082.23,1085.18,1088.39,1092.68,1097.36,1102.59,1108.93,1117.27,1123.75,1129.07
1170.59,1175.23,1181.74,1187.39,1191.85,1195.89,1200.10,1205.09,1209.10,1211.82,1213.63,1215.30,1217.42,1219.71,1222.36,1225.48,1228.63,1231.67,1234.63,1237.62,1240.97,1245.41,1251.18,1257.48,1263.34,1269.18,1276.58,1282.82,1286.89,1291.49,1297.18,1300.98,1302.93,1304.82,1306.74,1308.72,1310.41,1311.68,1313.28,1314.99,1316.65,1318.22,1319.66,1320.91,1321.80,1322.71,1324.13,1325.75,1327.61,1329.69,1332.06,1334.65,1337.05,1339.36,1341.59,1343.63,1345.38,1347.05,1348.68,1350.27,1351.80,1353.63,1355.88,1358.76,1362.65,1367.09,1370.72,1373.70,1376.65,1379.84,1384.44,1389.20,1393.29,1396.87,1399.76,1402.07,1404.05,1406.06,1408.32,1410.74,1413.20,1415.61,1417.88,1420.04,1422.09,1423.96,1425.56,1426.93,1428.22,1429.52,1430.93,1432.27,1433.46,1434.28,1434.62,1434.90,1434.89,1434.69,1434.42,1434.32,1434.15,1433.91,1433.37,1432.14,1430.16,1427.22,1424.50,1422.87,1423.00,1423.50,1424.13,1424.71,1425.08,1425.43,1425.73,1425.91,1425.90,1425.74,1425.63,1425.56,1425.52,1425.53,1425.99,1427.18,1428.98,1431.18,1433.13,1434.29,1433.19,1429.57,1425.39,1420.45,1415.47,1410.56,1405.59,1400.83,1396.22,1391.39,1386.26,1381.60,1376.58,1371.01,1364.96,1358.78,1354.03,1349.65,1345.28,1340.88,1336.55,1332.21,1326.74,1320.05,1314.15,1308.58,1303.46,1298.53,1293.48,1289.86,1286.77,1284.02,1281.65,1279.57,1277.77,1275.97,1274.05,1271.93,1269.65,1267.03,1264.06,1260.69,1257.03,1253.13,1249.18,1245.19,1241.09,1236.87,1232.77,1228.48,1223.23,1217.27,1210.54,1204.74,1201.17,1198.57,1196.95,1195.64,1194.01,1191.07,1187.39,1183.17,1179.12,1176.00,1173.28,1170.02,1166.15,1161.68,1156.77,1151.47,1146.18,1141.12,1136.50,1132.06,1128.34,1124.87,1120.99,1115.82,1110.23,1105.38,1100.97,1095.13,1088.69,1085.88,1086.86,1090.89,1095.37,1101.92,1108.47,1113.41,1116.01,1116.11,1114.49,1110.96,1104.26,1096.55,1089.67,1084.36,1081.02,1078.58,1076.83,1074.97,1072.82,1070.74,1068.63,1067.42,1066.77,1065.71,1063.08,1060.27,1058.93,1059.82,1061.77,1064.89,1069.16,1074.14,1078.87,1082.34,1085.28,1088.31,1091.96,1096.45,1101.37,1107.26,1114.56,1123.19,1129.79,1135.24
1174.49,1179.46,1185.56,1190.67,1194.93,1199.16,1203.89,1209.23,1212.93,1215.38,1217.24,1219.32,1221.54,1224.11,1226.97,1229.92,1232.09,1234.43,1237.05,1239.97,1243.22,1247.47,1253.51,1259.98,1265.45,1272.01,1278.72,1284.13,1287.96,1292.37,1297.60,1301.13,1303.10,1305.03,1306.95,1308.85,1310.48,1311.70,1312.99,1314.38,1315.77,1317.11,1318.40,1319.55,1320.34,1321.08,1322.23,1323.51,1325.21,1326.82,1328.34,1330.79,1333.25,1335.56,1337.70,1339.63,1341.35,1343.04,1344.72,1346.46,1348.53,1351.09,1354.24,1357.94,1361.86,1366.00,1369.63,1372.75,1375.61,1378.50,1382.88,1387.63,1391.87,1395.22,1398.17,1400.55,1402.51,1404.50,1406.89,1409.22,1411.48,1413.74,1415.91,1418.01,1419.97,1421.70,1423.02,1423.99,1425.02,1426.23,1427.60,1428.82,1429.81,1430.57,1431.11,1431.50,1431.71,1431.76,1431.70,1431.69,1431.67,1431.34,1430.64,1429.42,1427.40,1424.28,1421.32,1419.37,1419.09,1419.51,1420.11,1420.61,1420.87,1421.08,1421.16,1421.16,1421.08,1420.84,1420.52,1420.25,1420.05,1419.89,1419.98,1421.28,1423.47,1426.14,1428.89,1430.23,1429.86,1427.60,1423.85,1419.41,1414.62,1409.71,1404.81,1399.96,1395.32,1390.77,1386.22,1381.67,1376.82,1371.42,1365.41,1358.99,1353.97,1349.45,1345.05,1340.67,1336.33,1331.90,1326.31,1319.54,1313.63,1308.06,1302.59,1297.08,1291.64,1287.49,1284.04,1281.01,1278.43,1276.40,1274.67,1272.93,1271.05,1268.97,1266.55,1263.82,1260.82,1257.53,1253.88,1250.09,1246.24,1242.36,1238.46,1234.33,1230.29,1226.08,1220.88,1214.63,1207.20,1200.84,1197.29,1195.12,1193.36,1191.70,1189.54,1185.62,1180.92,1177.46,1174.89,1172.34,1169.81,1166.80,1163.26,1159.12,1154.33,1149.20,1144.13,1139.38,1135.29,1131.15,1127.60,1124.37,1120.85,1115.83,1110.56,1105.97,1101.90,1096.88,1090.03,1084.39,1082.69,1087.43,1092.64,1099.03,1105.18,1109.88,1112.27,1112.11,1109.57,1104.85,1097.84,1090.52,1083.77,1078.09,1074.14,1072.24,1070.46,1067.99,1065.03,1062.89,1061.11,1060.12,1059.62,1059.04,1057.81,1057.65,1058.63,1060.80,1064.02,1067.32,1072.78,1079.21,1082.75,1085.37,1088.08,1091.46,1095.86,1100.60,1105.95,1112.80,1121.13,1129.47,1136.76,1142.53
1178.57,1183.51,1189.00,1193.63,1198.01,1202.59,1207.53,1212.53,1216.16,1218.88,1221.18,1223.51,1225.85,1228.42,1231.15,1233.76,1235.40,1237.26,1239.56,1242.31,1245.47,1249.54,1255.55,1261.93,1267.18,1274.82,1280.61,1284.89,1288.38,1292.22,1297.07,1300.60,1302.74,1304.68,1306.61,1308.49,1310.06,1311.11,1311.97,1313.22,1314.58,1315.85,1316.94,1317.78,1318.47,1319.12,1319.82,1320.71,1321.94,1323.16,1324.38,1326.27,1328.82,1331.60,1334.21,1336.16,1337.82,1339.45,1341.08,1342.86,1345.45,1349.40,1353.48,1357.26,1361.02,1364.91,1368.58,1371.85,1374.61,1377.41,1381.13,1385.58,1390.25,1393.63,1396.33,1398.68,1400.79,1402.75,1404.92,1407.05,1409.23,1411.52,1413.57,1415.57,1417.40,1418.95,1420.10,1420.89,1421.69,1422.58,1423.50,1424.36,1425.31,1426.28,1427.13,1427.64,1428.09,1428.42,1428.58,1428.59,1428.63,1428.30,1427.64,1426.59,1424.72,1421.65,1418.54,1416.23,1415.50,1415.63,1416.04,1416.47,1416.80,1417.15,1417.25,1417.30,1417.38,1417.33,1417.12,1416.89,1416.69,1416.63,1416.81,1417.84,1419.63,1422.07,1425.00,1426.77,1427.14,1425.88,1422.87,1418.80,1413.92,1408.69,1403.71,1398.91,1394.29,1389.82,1385.48,1381.16,1376.51,1371.36,1365.60,1359.25,1354.00,1349.34,1344.94,1340.62,1336.26,1331.84,1326.30,1319.62,1313.65,1307.67,1301.74,1295.83,1290.01,1285.58,1281.83,1278.52,1275.71,1273.48,1271.62,1269.68,1267.53,1265.28,1263.03,1260.21,1256.94,1253.43,1249.87,1246.31,1242.61,1238.75,1234.94,1231.12,1227.35,1223.39,1218.66,1212.80,1205.43,1198.84,1194.80,1192.03,1189.37,1186.70,1183.81,1180.11,1176.19,1173.24,1170.86,1168.32,1165.66,1163.04,1159.89,1155.93,1151.47,1146.80,1142.21,1137.86,1133.92,1130.11,1126.75,1123.65,1120.29,1115.39,1110.53,1106.34,1102.59,1097.90,1090.11,1082.94,1079.87,1084.18,1090.07,1096.47,1102.12,1106.24,1108.70,1108.17,1105.02,1099.78,1092.83,1085.67,1078.29,1071.86,1067.57,1064.86,1061.80,1058.75,1056.25,1055.09,1054.89,1054.73,1054.88,1056.10,1057.37,1059.10,1061.41,1064.48,1068.49,1073.47,1078.57,1083.09,1086.09,1088.61,1091.61,1095.26,1099.74,1105.36,1111.85,1119.62,1128.36,1136.49,1143.78,1149.63
1182.92,1187.64,1192.44,1196.65,1201.00,1205.66,1210.61,1215.53,1219.17,1222.11,1224.72,1227.27,1229.90,1232.64,1235.26,1237.42,1238.68,1240.15,1242.04,1244.37,1247.24,1251.53,1257.45,1263.50,1268.58,1276.91,1281.93,1285.32,1288.50,1291.93,1296.40,1299.90,1302.23,1304.12,1306.02,1307.84,1309.35,1310.37,1311.00,1312.07,1313.29,1314.43,1315.21,1315.80,1316.39,1316.96,1317.40,1318.04,1318.88,1319.78,1320.73,1322.00,1324.17,1327.02,1330.13,1332.81,1334.65,1336.32,1337.96,1339.83,1342.93,1348.16,1352.93,1356.50,1359.95,1363.55,1367.22,1370.66,1373.50,1376.25,1379.38,1383.40,1388.18,1391.86,1394.47,1396.76,1398.92,1400.78,1402.67,1404.65,1406.76,1409.00,1410.99,1412.86,1414.54,1415.95,1417.00,1417.72,1418.35,1418.96,1419.51,1420.12,1421.02,1422.07,1423.05,1423.63,1424.26,1424.80,1425.13,1425.20,1425.29,1425.04,1424.51,1423.65,1421.96,1419.03,1415.85,1413.16,1411.81,1411.62,1411.88,1412.30,1412.75,1413.25,1413.47,1413.63,1413.85,1413.95,1413.92,1413.80,1413.70,1413.80,1414.11,1414.98,1416.48,1418.71,1421.59,1423.68,1424.59,1424.00,1421.70,1417.81,1412.87,1407.52,1402.47,1397.72,1393.11,1388.66,1384.43,1380.28,1375.91,1371.02,1365.48,1359.37,1353.95,1349.23,1344.93,1340.78,1336.46,1332.00,1326.42,1319.70,1313.60,1307.34,1301.04,1294.75,1288.74,1284.02,1279.90,1276.24,1273.13,1270.41,1268.32,1266.24,1263.88,1261.25,1258.90,1256.00,1252.63,1249.08,1245.69,1242.25,1238.65,1234.88,1231.18,1227.66,1224.15,1220.46,1216.17,1210.77,1203.94,1197.54,1192.98,1189.31,1185.85,1182.30,1178.65,1175.10,1171.77,1169.02,1166.56,1163.95,1161.33,1159.06,1156.28,1152.57,1148.45,1144.19,1140.10,1136.20,1132.42,1128.91,1125.70,1122.60,1119.19,1114.44,1110.08,1106.32,1102.79,1098.21,1090.04,1081.93,1077.74,1081.37,1087.56,1093.96,1099.35,1103.11,1105.32,1104.52,1100.74,1094.80,1087.90,1080.66,1072.93,1065.72,1060.34,1057.51,1054.53,1051.97,1050.34,1050.00,1050.85,1051.95,1053.53,1056.24,1059.33,1062.19,1065.53,1069.70,1074.05,1079.38,1083.69,1086.80,1089.63,1092.31,1095.76,1099.85,1104.71,1111.28,1118.51,1126.59,1135.27,1143.30,1150.69,1157.01
1187.63,1191.91,1195.96,1199.77,1203.82,1208.16,1212.93,1218.27,1221.98,1224.93,1227.63,1230.38,1233.56,1236.74,1239.34,1240.91,1241.96,1243.13,1244.45,1246.02,1248.36,1253.41,1259.22,1264.63,1269.60,1277.93,1282.49,1285.38,1288.32,1291.66,1295.74,1299.12,1301.57,1303.37,1305.22,1306.86,1308.31,1309.53,1310.27,1311.03,1311.93,1312.80,1313.12,1313.61,1314.12,1314.60,1315.08,1315.69,1316.34,1316.98,1317.60,1318.28,1319.37,1321.58,1325.05,1329.42,1331.88,1333.76,1335.53,1337.60,1341.20,1347.33,1352.43,1355.58,1358.57,1361.76,1365.39,1369.07,1372.20,1374.92,1377.68,1381.15,1385.53,1389.82,1392.64,1394.88,1396.89,1398.55,1400.17,1402.07,1404.11,1406.11,1408.15,1409.86,1411.37,1412.69,1413.70,1414.45,1415.02,1415.48,1415.86,1416.44,1417.24,1418.12,1418.94,1419.51,1420.21,1420.84,1421.28,1421.49,1421.64,1421.57,1421.26,1420.59,1419.06,1416.34,1413.17,1410.10,1407.91,1407.39,1407.60,1408.09,1408.66,1409.26,1409.66,1409.97,1410.24,1410.37,1410.48,1410.55,1410.65,1410.95,1411.39,1412.36,1413.92,1416.16,1418.80,1420.98,1422.11,1421.80,1420.08,1416.14,1411.27,1406.14,1401.09,1396.38,1391.75,1387.28,1383.07,1379.02,1375.04,1370.38,1364.96,1359.26,1353.77,1349.10,1345.04,1341.20,1337.04,1332.43,1326.61,1319.66,1313.34,1307.07,1300.52,1293.93,1287.95,1282.91,1278.27,1274.13,1270.59,1267.05,1264.64,1262.54,1260.14,1256.88,1254.04,1251.02,1247.81,1244.58,1241.42,1237.94,1234.35,1230.77,1227.27,1223.94,1220.66,1217.22,1213.21,1208.26,1202.46,1196.76,1191.78,1187.03,1183.10,1179.00,1174.63,1170.83,1167.37,1164.47,1161.82,1159.15,1156.85,1154.84,1152.38,1149.07,1145.26,1141.25,1137.62,1134.25,1130.76,1127.50,1124.36,1121.11,1117.38,1112.82,1109.07,1105.77,1102.35,1097.63,1089.96,1081.47,1076.28,1079.14,1085.12,1091.49,1096.97,1100.74,1102.21,1101.30,1096.76,1089.73,1082.79,1075.18,1067.63,1059.72,1052.26,1050.60,1049.92,1049.32,1048.83,1048.85,1049.75,1052.66,1056.58,1060.07,1063.74,1066.84,1070.97,1076.51,1080.64,1084.10,1087.36,1090.54,1093.59,1096.68,1100.67,1105.51,1111.34,1118.74,1125.95,1133.50,1141.56,1149.63,1157.46,1164.79
1192.19,1195.78,1199.08,1202.34,1206.01,1210.51,1215.79,1220.67,1224.33,1227.52,1230.63,1233.81,1237.11,1240.04,1242.35,1243.87,1245.09,1246.20,1247.29,1248.57,1250.81,1255.61,1260.81,1265.65,1270.48,1278.32,1282.59,1285.33,1288.17,1291.40,1294.92,1298.12,1300.70,1302.46,1304.14,1305.65,1306.96,1308.04,1308.95,1309.57,1310.11,1310.57,1310.76,1311.24,1311.75,1312.24,1312.71,1313.25,1313.76,1314.26,1314.73,1315.10,1315.66,1317.15,1319.87,1323.97,1327.87,1330.95,1333.31,1335.50,1339.53,1345.82,1351.00,1354.13,1356.91,1359.77,1363.25,1367.17,1371.05,1373.92,1376.62,1379.73,1383.51,1387.65,1390.65,1392.97,1394.88,1396.50,1398.06,1399.73,1401.45,1403.17,1404.97,1406.52,1407.90,1409.13,1410.20,1410.99,1411.59,1412.04,1412.37,1412.81,1413.38,1413.98,1414.55,1415.06,1415.72,1416.35,1416.88,1417.27,1417.62,1417.79,1417.74,1417.30,1416.18,1413.70,1410.32,1406.60,1403.82,1403.06,1403.13,1403.45,1403.80,1404.18,1404.49,1404.66,1404.64,1404.39,1404.13,1404.16,1404.64,1405.70,1407.04,1408.85,1411.03,1413.47,1415.93,1417.97,1419.09,1418.89,1417.17,1413.61,1409.19,1404.41,1399.45,1394.64,1389.92,1385.42,1381.24,1377.39,1373.60,1369.28,1364.33,1358.95,1353.49,1348.98,1345.16,1341.50,1337.21,1332.24,1326.26,1319.43,1313.20,1306.90,1300.30,1293.67,1287.62,1282.40,1277.05,1271.87,1267.27,1263.20,1260.44,1258.06,1255.43,1251.99,1248.96,1246.00,1242.91,1239.60,1236.35,1232.88,1229.36,1225.93,1222.73,1219.74,1216.78,1213.48,1209.18,1204.24,1199.55,1194.91,1190.00,1184.77,1180.19,1175.46,1170.63,1166.67,1162.86,1159.50,1156.61,1154.16,1151.86,1149.72,1147.32,1144.40,1141.11,1137.78,1134.62,1131.52,1128.34,1125.34,1122.20,1118.80,1114.97,1110.83,1107.50,1104.59,1101.29,1096.00,1088.13,1079.06,1073.43,1076.77,1083.04,1089.62,1094.90,1098.10,1099.43,1098.01,1093.07,1085.61,1077.73,1070.47,1062.04,1054.22,1049.36,1048.10,1047.81,1047.70,1047.84,1049.05,1052.00,1056.45,1061.26,1065.36,1070.09,1074.05,1078.24,1082.88,1086.27,1089.07,1091.86,1094.79,1097.91,1101.84,1106.94,1112.73,1119.02,1126.34,1133.41,1140.66,1148.34,1156.37,1164.22,1170.90
1196.24,1199.11,1201.75,1204.57,1208.05,1212.81,1218.55,1222.84,1226.43,1230.00,1233.66,1237.20,1240.43,1243.00,1245.03,1246.63,1248.10,1249.24,1250.26,1251.46,1253.61,1257.74,1262.24,1266.59,1271.27,1278.45,1282.49,1285.18,1287.95,1291.00,1294.02,1297.00,1299.66,1301.41,1302.93,1304.30,1305.44,1306.30,1307.23,1307.70,1307.91,1308.00,1308.21,1308.69,1309.23,1309.77,1310.28,1310.75,1311.15,1311.53,1311.88,1312.06,1312.32,1313.15,1314.89,1318.19,1323.26,1327.61,1330.83,1333.43,1337.79,1343.83,1348.92,1352.29,1355.03,1357.67,1360.89,1364.90,1369.61,1372.91,1375.74,1378.61,1381.81,1385.50,1388.55,1390.97,1392.89,1394.51,1396.05,1397.49,1398.89,1400.30,1401.74,1403.09,1404.31,1405.39,1406.46,1407.29,1407.95,1408.45,1408.76,1409.01,1409.32,1409.63,1409.93,1410.36,1410.92,1411.53,1412.13,1412.66,1413.27,1413.74,1413.95,1413.75,1413.11,1410.88,1407.35,1403.19,1400.15,1399.09,1398.88,1398.89,1398.77,1398.68,1398.70,1398.66,1398.37,1397.84,1397.34,1397.44,1398.36,1400.26,1402.52,1405.14,1407.91,1410.57,1412.93,1414.77,1415.81,1415.67,1413.91,1410.82,1406.93,1402.51,1397.61,1392.66,1387.88,1383.38,1379.27,1375.59,1371.90,1367.91,1363.48,1358.46,1353.14,1348.83,1345.23,1341.65,1337.20,1331.87,1325.75,1319.13,1313.09,1306.80,1300.25,1293.70,1287.59,1282.17,1276.06,1269.73,1263.99,1259.58,1256.38,1253.53,1250.52,1247.03,1243.92,1241.00,1237.91,1234.39,1230.97,1227.51,1224.11,1220.92,1218.03,1215.21,1212.30,1208.94,1204.57,1199.87,1196.16,1192.46,1187.77,1182.32,1177.10,1171.89,1166.88,1162.69,1158.34,1154.47,1151.33,1148.97,1146.41,1143.96,1141.55,1139.06,1136.37,1133.77,1131.10,1128.32,1125.49,1122.66,1119.48,1115.99,1112.26,1108.66,1105.69,1102.92,1099.51,1093.67,1085.64,1076.30,1070.60,1074.56,1081.16,1087.96,1093.03,1095.59,1096.82,1094.97,1089.70,1081.88,1073.09,1066.17,1057.11,1049.87,1048.14,1047.01,1046.60,1046.76,1047.79,1050.64,1055.85,1061.51,1066.78,1071.46,1077.03,1081.62,1085.44,1088.70,1091.36,1094.01,1096.77,1099.70,1103.07,1107.85,1113.85,1120.39,1127.05,1133.91,1140.65,1147.62,1155.05,1163.03,1170.52,1176.32
1198.78,1201.11,1203.31,1206.27,1210.25,1215.15,1220.49,1224.53,1228.22,1232.41,1236.75,1240.19,1243.08,1245.57,1247.65,1249.25,1250.78,1252.08,1253.28,1254.52,1256.18,1259.45,1263.36,1267.43,1271.87,1278.36,1282.15,1284.80,1287.45,1290.16,1292.97,1295.78,1298.31,1300.05,1301.56,1302.71,1303.61,1304.29,1304.76,1304.89,1304.89,1304.94,1305.27,1305.78,1306.32,1306.94,1307.69,1308.15,1308.50,1308.71,1308.79,1308.94,1309.08,1309.55,1310.73,1313.43,1317.86,1322.74,1327.30,1331.28,1335.78,1340.86,1345.60,1349.58,1352.72,1355.39,1358.14,1361.78,1367.08,1371.55,1374.81,1377.67,1380.59,1383.54,1386.20,1388.69,1390.89,1392.51,1394.01,1395.40,1396.63,1397.69,1398.72,1399.72,1400.60,1401.36,1402.17,1402.95,1403.69,1404.30,1404.62,1404.63,1404.65,1404.70,1404.82,1405.11,1405.56,1406.16,1406.77,1407.26,1408.22,1409.06,1409.55,1409.58,1409.41,1407.43,1404.22,1400.56,1398.10,1396.43,1395.60,1395.05,1394.01,1392.86,1392.29,1392.01,1391.81,1391.75,1392.05,1392.77,1394.12,1396.58,1399.11,1401.71,1404.40,1407.14,1409.51,1411.28,1412.20,1412.04,1410.67,1407.97,1404.50,1400.37,1395.38,1390.33,1385.59,1381.20,1377.20,1373.54,1369.89,1366.11,1362.05,1357.56,1352.67,1348.61,1345.10,1341.46,1336.92,1331.46,1325.30,1318.80,1312.94,1306.83,1300.47,1294.11,1288.11,1282.27,1275.39,1268.18,1261.66,1257.14,1253.36,1249.63,1245.86,1242.34,1239.24,1236.09,1232.65,1228.88,1225.38,1221.87,1218.70,1216.02,1213.38,1210.07,1206.14,1202.20,1199.10,1195.82,1192.64,1189.09,1184.61,1179.20,1173.54,1168.46,1163.97,1159.25,1153.89,1149.66,1146.36,1143.27,1139.88,1136.93,1134.55,1132.65,1130.61,1128.47,1126.39,1124.30,1121.93,1119.01,1115.68,1112.29,1109.13,1106.29,1103.60,1100.29,1095.91,1090.05,1082.74,1074.33,1069.24,1073.05,1079.60,1086.43,1091.46,1093.78,1094.52,1092.79,1087.14,1078.59,1069.80,1062.51,1054.62,1048.78,1047.36,1046.20,1045.88,1047.14,1050.38,1055.60,1061.70,1067.69,1073.39,1078.83,1084.05,1087.76,1090.63,1093.14,1095.62,1098.56,1102.18,1106.33,1110.70,1115.91,1121.51,1127.91,1135.21,1141.26,1147.15,1153.67,1161.07,1168.97,1175.21,1181.04
1200.88,1202.89,1204.90,1207.72,1212.06,1217.05,1221.98,1225.92,1230.24,1235.01,1239.56,1242.69,1245.42,1247.94,1250.12,1251.83,1253.38,1254.75,1256.04,1257.30,1258.68,1261.28,1264.71,1268.58,1272.81,1278.20,1281.62,1284.24,1286.87,1289.43,1292.00,1294.51,1296.78,1298.48,1299.82,1300.73,1301.39,1301.84,1301.97,1301.93,1301.84,1301.84,1302.23,1302.91,1303.62,1304.34,1305.10,1305.53,1305.78,1305.85,1305.77,1305.80,1305.88,1306.31,1307.41,1309.79,1313.71,1318.92,1324.17,1328.57,1332.91,1337.29,1341.60,1345.81,1349.89,1353.14,1355.97,1359.29,1364.26,1370.00,1373.71,1376.54,1379.33,1381.96,1384.42,1386.75,1388.85,1390.41,1391.92,1393.20,1394.27,1395.15,1395.93,1396.71,1397.35,1397.79,1398.24,1398.88,1399.60,1400.19,1400.36,1400.22,1400.10,1400.02,1400.01,1400.10,1400.40,1400.84,1401.34,1401.80,1402.61,1403.35,1403.91,1404.23,1404.26,1403.01,1400.84,1398.28,1396.29,1394.39,1392.95,1391.67,1389.98,1388.40,1387.58,1387.21,1387.10,1387.40,1388.07,1389.11,1390.69,1393.28,1396.00,1398.54,1401.03,1403.59,1405.88,1407.54,1408.37,1408.22,1407.15,1404.81,1401.48,1397.33,1392.40,1387.66,1383.16,1378.72,1374.42,1370.84,1367.48,1364.03,1360.32,1356.06,1351.60,1347.74,1344.25,1340.57,1335.93,1330.40,1324.30,1317.97,1312.16,1306.33,1300.37,1294.37,1288.45,1282.29,1274.74,1267.02,1260.40,1255.45,1250.76,1246.15,1241.77,1238.02,1234.61,1231.08,1227.32,1223.43,1219.92,1216.46,1213.15,1210.10,1207.19,1203.92,1200.27,1196.75,1194.25,1191.50,1188.43,1184.94,1180.77,1175.72,1170.51,1165.93,1161.75,1156.68,1151.03,1146.49,1142.58,1138.37,1134.18,1130.85,1128.35,1126.52,1124.70,1123.00,1121.44,1119.82,1117.66,1114.79,1111.69,1108.64,1105.82,1103.23,1100.36,1096.60,1091.87,1086.44,1079.82,1072.44,1068.05,1071.51,1078.09,1084.61,1089.53,1092.06,1092.42,1090.33,1084.59,1076.07,1066.93,1058.86,1051.98,1047.44,1046.10,1044.92,1046.31,1049.60,1054.46,1060.78,1067.22,1073.38,1079.30,1084.91,1089.21,1092.20,1094.70,1097.25,1100.48,1104.22,1108.69,1113.71,1118.87,1124.20,1129.82,1135.91,1142.38,1147.95,1153.69,1160.13,1167.25,1174.27,1179.92,1185.57
1202.65,1204.54,1206.51,1209.08,1213.65,1218.67,1223.18,1227.10,1232.36,1237.60,1241.98,1244.75,1247.48,1250.09,1252.41,1254.30,1255.92,1257.28,1258.57,1259.84,1261.12,1263.22,1266.27,1269.91,1273.82,1277.87,1280.82,1283.40,1286.06,1288.65,1291.03,1293.20,1295.12,1296.68,1297.70,1298.36,1298.77,1298.97,1298.89,1298.81,1298.70,1298.67,1299.06,1299.99,1300.94,1301.76,1302.38,1302.80,1302.92,1302.88,1302.74,1302.62,1302.68,1303.33,1304.69,1307.03,1310.61,1315.94,1321.38,1325.59,1329.61,1333.55,1337.43,1341.59,1346.78,1351.02,1354.35,1357.44,1361.53,1368.29,1372.41,1375.24,1377.98,1380.58,1382.96,1385.01,1386.73,1388.20,1389.66,1390.78,1391.71,1392.55,1393.19,1393.88,1394.35,1394.51,1394.61,1395.04,1395.63,1396.08,1396.02,1395.81,1395.64,1395.51,1395.42,1395.31,1395.42,1395.64,1395.97,1396.45,1396.90,1397.33,1397.86,1398.49,1398.56,1398.20,1397.42,1396.18,1394.53,1392.65,1390.68,1388.63,1386.50,1384.90,1384.06,1383.68,1383.66,1384.23,1385.01,1386.17,1387.86,1390.30,1393.09,1395.56,1397.80,1400.00,1402.13,1403.64,1404.37,1404.27,1403.43,1401.36,1397.98,1393.67,1388.94,1384.73,1380.42,1375.78,1371.08,1367.65,1364.70,1361.66,1358.21,1354.03,1349.98,1346.30,1342.80,1339.04,1334.35,1328.80,1322.83,1316.72,1310.93,1305.47,1300.02,1294.43,1288.51,1282.11,1274.04,1266.16,1259.86,1254.19,1248.52,1243.14,1238.26,1234.03,1230.09,1226.09,1222.01,1218.03,1214.46,1211.05,1207.45,1203.65,1200.27,1197.40,1194.74,1192.21,1189.80,1186.96,1183.75,1180.28,1176.48,1172.07,1167.87,1163.98,1159.94,1154.67,1149.25,1144.46,1139.69,1134.17,1129.32,1125.67,1122.90,1120.79,1118.91,1117.59,1116.43,1115.05,1112.95,1110.24,1107.60,1105.01,1102.35,1099.61,1096.31,1092.28,1087.66,1082.93,1076.95,1070.53,1066.78,1069.74,1076.41,1082.47,1087.25,1090.22,1090.29,1087.57,1081.94,1073.89,1064.14,1055.18,1049.10,1045.67,1044.49,1043.76,1047.82,1053.46,1059.39,1065.86,1072.25,1078.52,1084.54,1089.79,1092.95,1095.55,1098.22,1101.47,1106.05,1110.88,1116.11,1121.68,1127.37,1132.64,1138.44,1144.09,1148.98,1154.41,1160.38,1166.87,1173.50,1179.21,1184.65,1189.86
1204.00,1205.91,1207.97,1210.91,1215.67,1220.45,1224.38,1228.22,1233.99,1239.20,1243.16,1246.01,1248.91,1251.60,1254.09,1256.34,1258.28,1259.63,1260.80,1262.00,1263.36,1265.31,1267.98,1270.98,1273.88,1276.72,1279.14,1281.51,1284.11,1287.00,1289.68,1291.78,1293.31,1294.33,1294.95,1295.18,1295.28,1295.38,1295.34,1295.30,1295.23,1295.18,1295.39,1296.35,1297.33,1298.17,1298.88,1299.26,1299.36,1299.34,1299.26,1299.13,1299.39,1300.40,1302.24,1305.05,1308.63,1313.58,1318.83,1323.36,1327.32,1331.18,1334.97,1338.99,1344.17,1349.48,1353.51,1356.71,1360.41,1366.34,1370.61,1373.72,1376.32,1378.76,1381.07,1382.92,1384.38,1385.71,1386.62,1387.48,1388.41,1389.36,1389.85,1390.55,1391.04,1391.16,1391.18,1391.35,1391.57,1391.69,1391.60,1391.39,1391.18,1390.99,1390.82,1390.67,1390.72,1390.89,1391.24,1391.94,1392.72,1393.57,1394.46,1395.24,1395.37,1395.19,1394.73,1393.86,1392.34,1390.45,1388.21,1385.78,1383.38,1381.49,1380.53,1380.16,1380.28,1381.12,1382.26,1383.69,1385.51,1387.87,1390.35,1392.62,1394.74,1396.77,1398.58,1399.80,1400.37,1400.26,1399.56,1397.52,1394.15,1389.98,1385.70,1381.52,1376.24,1371.17,1367.35,1364.16,1361.38,1358.42,1355.05,1351.17,1347.53,1344.04,1340.49,1336.58,1332.04,1326.54,1320.70,1314.92,1309.58,1304.73,1299.58,1293.94,1287.73,1280.96,1273.05,1265.56,1259.38,1252.74,1246.80,1241.22,1235.85,1230.72,1226.04,1221.55,1217.13,1212.76,1208.49,1204.67,1201.30,1198.30,1195.41,1192.58,1189.97,1187.54,1185.06,1182.20,1179.09,1175.75,1172.24,1168.86,1165.39,1161.81,1157.76,1152.50,1147.52,1142.68,1137.30,1130.90,1126.00,1121.94,1118.65,1116.22,1114.46,1113.13,1111.88,1110.42,1108.36,1105.95,1103.54,1101.11,1098.47,1095.34,1091.95,1088.20,1084.13,1079.88,1074.39,1068.34,1064.53,1066.85,1073.49,1079.62,1084.40,1087.26,1087.11,1084.34,1078.80,1070.60,1060.09,1051.40,1045.78,1042.82,1042.68,1045.37,1051.20,1057.57,1063.61,1069.78,1075.88,1082.51,1088.68,1092.75,1095.65,1099.01,1102.91,1107.54,1113.41,1119.03,1124.72,1130.49,1135.99,1141.17,1146.38,1151.39,1156.25,1162.18,1167.85,1173.53,1179.29,1184.66,1189.18,1193.40
1205.20,1207.12,1209.34,1212.91,1217.67,1222.10,1225.67,1229.49,1235.22,1240.12,1243.71,1246.66,1249.61,1252.33,1254.93,1257.47,1259.74,1261.20,1262.39,1263.64,1265.15,1267.01,1269.25,1271.60,1273.73,1275.76,1277.73,1279.70,1281.82,1284.36,1287.00,1289.07,1290.41,1291.03,1291.34,1291.20,1291.00,1291.06,1291.10,1291.21,1291.19,1291.07,1291.14,1291.93,1292.83,1293.67,1294.43,1294.80,1294.93,1295.04,1295.25,1295.56,1296.33,1297.84,1300.16,1303.44,1307.26,1311.91,1316.89,1321.59,1325.43,1329.19,1332.94,1336.94,1341.90,1348.05,1352.64,1355.96,1359.38,1364.07,1368.26,1371.67,1374.26,1376.52,1378.62,1380.29,1381.60,1382.75,1383.25,1383.84,1384.59,1385.33,1385.60,1386.11,1386.43,1386.44,1386.44,1386.44,1386.49,1386.56,1386.56,1386.49,1386.39,1386.27,1386.12,1385.98,1385.96,1386.14,1386.63,1387.63,1388.85,1390.16,1391.40,1392.36,1392.57,1392.44,1392.04,1391.20,1389.56,1387.51,1385.12,1382.55,1380.06,1378.08,1377.03,1376.61,1376.76,1377.75,1379.09,1380.95,1383.21,1385.43,1387.61,1389.66,1391.63,1393.48,1395.01,1396.05,1396.56,1396.47,1395.78,1393.65,1390.25,1386.15,1381.92,1377.29,1371.51,1366.45,1363.31,1360.41,1357.77,1354.88,1351.60,1348.05,1344.67,1341.26,1337.66,1333.68,1329.21,1323.84,1318.18,1312.70,1307.82,1303.34,1298.25,1292.46,1286.17,1279.35,1271.90,1264.89,1258.70,1251.43,1245.40,1239.70,1233.89,1228.10,1222.73,1217.69,1212.89,1208.29,1203.57,1199.40,1196.04,1193.45,1190.82,1187.99,1185.30,1182.77,1180.23,1177.36,1174.37,1171.25,1168.09,1165.49,1162.36,1158.81,1154.78,1149.97,1145.55,1140.63,1134.79,1128.09,1123.01,1118.57,1114.84,1112.08,1110.26,1108.82,1107.45,1105.89,1103.83,1101.63,1099.36,1096.97,1094.29,1090.86,1087.42,1084.04,1080.62,1076.75,1071.71,1066.05,1062.08,1063.22,1069.38,1075.73,1080.81,1083.71,1083.35,1080.32,1074.35,1065.77,1055.43,1047.47,1042.71,1040.60,1041.71,1047.62,1054.73,1061.36,1067.28,1073.17,1079.19,1085.90,1091.89,1095.24,1098.68,1103.37,1108.80,1114.74,1121.33,1127.59,1133.52,1139.17,1144.47,1149.45,1154.11,1158.67,1163.53,1169.40,1174.71,1179.78,1184.76,1189.53,1193.24,1197.07
1206.26,1208.15,1210.59,1215.00,1219.50,1223.51,1227.08,1231.01,1235.93,1240.20,1243.58,1246.50,1249.33,1251.96,1254.57,1257.22,1259.78,1261.56,1263.05,1264.53,1266.24,1267.99,1269.76,1271.58,1273.47,1275.31,1276.98,1278.34,1279.35,1280.46,1282.36,1284.33,1285.85,1286.36,1286.54,1286.16,1285.77,1285.79,1285.92,1286.30,1286.33,1286.03,1286.11,1286.48,1287.16,1287.98,1288.70,1289.07,1289.30,1289.70,1290.52,1291.94,1293.67,1295.87,1298.63,1302.22,1306.57,1311.16,1315.84,1320.37,1323.90,1327.40,1331.16,1335.31,1340.02,1346.60,1351.50,1354.86,1358.00,1361.33,1365.17,1368.77,1371.59,1373.69,1375.38,1376.86,1378.16,1379.14,1379.58,1379.90,1380.13,1380.15,1380.08,1380.05,1379.87,1379.57,1379.55,1379.54,1379.82,1380.23,1380.49,1380.77,1381.02,1381.17,1381.16,1381.08,1380.92,1381.18,1382.00,1383.37,1385.06,1386.70,1388.19,1389.36,1389.67,1389.60,1389.12,1388.04,1385.94,1383.55,1381.10,1378.67,1376.34,1374.61,1373.55,1372.97,1372.99,1373.92,1375.14,1377.60,1380.79,1382.81,1384.79,1386.63,1388.37,1389.99,1391.37,1392.44,1393.06,1393.05,1392.18,1389.82,1386.34,1382.12,1377.25,1371.51,1366.32,1362.07,1358.90,1356.30,1353.83,1351.08,1347.98,1344.73,1341.37,1337.85,1334.20,1330.32,1325.75,1320.59,1315.20,1309.95,1305.40,1300.87,1295.51,1289.54,1283.62,1277.26,1270.55,1264.00,1257.69,1250.38,1244.38,1238.51,1232.39,1226.40,1220.51,1214.79,1209.55,1205.10,1200.51,1196.15,1192.33,1189.12,1186.11,1183.31,1180.56,1177.88,1175.30,1172.42,1169.56,1166.74,1164.00,1161.68,1158.35,1154.54,1150.63,1146.89,1143.18,1138.06,1131.95,1125.72,1120.09,1115.39,1111.44,1108.30,1106.11,1104.51,1103.08,1101.49,1099.35,1097.18,1094.95,1092.54,1089.71,1086.20,1082.71,1079.69,1076.91,1073.37,1068.74,1063.72,1059.59,1058.72,1063.67,1070.33,1076.14,1079.47,1078.92,1075.09,1067.95,1058.82,1050.19,1043.37,1040.17,1039.69,1042.17,1050.12,1057.93,1064.60,1070.29,1076.04,1082.42,1088.66,1093.90,1097.54,1102.51,1109.12,1116.26,1123.21,1129.62,1136.37,1142.26,1147.39,1152.68,1157.26,1161.68,1166.10,1170.60,1175.35,1180.37,1185.33,1189.85,1193.32,1196.61,1201.18
1207.34,1209.38,1212.16,1216.46,1220.73,1224.68,1228.36,1232.09,1236.09,1239.74,1242.88,1245.60,1248.12,1250.44,1252.87,1255.58,1258.34,1260.54,1262.32,1263.89,1265.71,1267.58,1269.44,1271.26,1272.98,1274.62,1275.99,1277.05,1277.79,1278.58,1279.70,1280.82,1281.66,1281.91,1282.02,1281.66,1281.25,1281.17,1281.28,1281.42,1281.32,1281.02,1281.03,1281.19,1281.57,1282.13,1282.74,1283.09,1283.54,1284.43,1286.12,1288.77,1291.67,1294.75,1298.06,1301.80,1306.10,1310.55,1315.05,1319.41,1322.97,1326.39,1330.08,1334.14,1338.67,1344.61,1349.67,1353.44,1356.13,1358.64,1361.34,1363.89,1366.10,1368.25,1370.25,1372.05,1373.55,1374.54,1375.09,1375.55,1375.84,1375.83,1375.75,1375.64,1375.26,1374.62,1374.14,1373.51,1372.89,1372.37,1372.06,1372.16,1372.68,1372.86,1372.36,1372.09,1372.38,1373.58,1375.61,1378.23,1381.05,1383.41,1385.23,1386.40,1386.67,1386.25,1385.45,1384.17,1382.01,1379.70,1377.34,1374.98,1372.71,1370.51,1369.04,1368.22,1368.05,1368.60,1370.02,1372.70,1376.11,1378.79,1381.31,1383.35,1385.04,1386.45,1387.38,1388.35,1389.08,1389.18,1388.04,1385.58,1382.00,1377.60,1372.49,1366.75,1362.06,1358.29,1355.25,1352.62,1349.83,1346.84,1343.70,1340.48,1337.15,1333.62,1329.95,1326.09,1321.69,1316.80,1311.70,1306.60,1301.77,1296.53,1291.12,1285.70,1280.34,1274.60,1268.56,1262.33,1255.89,1249.01,1243.10,1237.42,1231.59,1225.56,1219.44,1213.68,1208.53,1204.11,1199.37,1194.14,1189.28,1185.16,1181.46,1178.11,1175.05,1172.23,1169.60,1166.90,1164.27,1161.25,1157.78,1155.41,1152.88,1150.09,1147.10,1143.97,1140.19,1134.99,1128.98,1122.99,1117.44,1112.74,1108.66,1105.18,1102.46,1100.18,1098.27,1096.50,1094.46,1092.29,1089.84,1087.13,1084.19,1081.24,1078.35,1075.71,1073.19,1070.15,1066.09,1061.49,1057.03,1054.35,1057.41,1063.26,1068.84,1072.14,1071.50,1067.15,1060.26,1052.51,1046.29,1041.11,1038.93,1039.73,1044.16,1053.09,1060.77,1067.21,1072.92,1078.71,1085.22,1091.07,1096.12,1100.87,1107.36,1115.10,1122.76,1129.65,1136.12,1143.02,1149.31,1154.72,1159.35,1163.76,1167.71,1171.58,1175.83,1180.58,1185.39,1189.75,1193.48,1196.76,1201.46,1207.21
1208.54,1210.77,1213.85,1217.75,1221.78,1225.74,1229.50,1232.88,1236.02,1239.03,1241.89,1244.36,1246.57,1248.57,1250.76,1253.41,1256.30,1258.92,1261.05,1262.81,1264.71,1266.74,1268.82,1270.75,1272.35,1273.81,1274.92,1275.80,1276.53,1277.32,1277.80,1278.05,1278.13,1278.14,1278.19,1277.89,1277.45,1277.16,1277.19,1277.01,1276.71,1276.43,1276.29,1276.27,1276.35,1276.60,1277.16,1277.59,1278.34,1279.78,1282.28,1286.03,1290.10,1294.05,1297.85,1301.67,1305.75,1310.04,1314.38,1318.56,1322.25,1325.70,1329.30,1333.22,1337.48,1342.41,1347.41,1351.62,1354.01,1355.94,1357.41,1358.65,1359.96,1361.90,1364.05,1365.97,1367.52,1368.67,1369.35,1370.07,1370.70,1371.03,1371.32,1371.38,1370.98,1370.12,1369.09,1367.69,1366.00,1364.38,1363.43,1363.26,1363.98,1364.11,1363.02,1362.45,1363.21,1365.61,1369.23,1373.08,1376.93,1380.00,1382.20,1383.40,1383.60,1382.78,1381.58,1380.10,1378.01,1375.91,1373.54,1371.01,1368.63,1366.02,1364.24,1363.22,1362.87,1363.05,1364.59,1367.16,1370.42,1373.99,1377.21,1379.62,1381.43,1382.75,1383.28,1384.17,1384.99,1385.14,1383.75,1381.35,1377.75,1373.18,1367.92,1362.53,1358.25,1354.73,1351.67,1348.76,1345.54,1342.28,1339.07,1335.80,1332.37,1328.84,1325.26,1321.55,1317.44,1312.85,1308.03,1303.06,1297.83,1291.98,1286.61,1281.72,1276.80,1271.55,1265.99,1259.98,1253.48,1247.24,1241.55,1236.17,1230.77,1224.73,1218.69,1213.20,1208.26,1203.74,1198.68,1192.55,1186.60,1181.48,1176.93,1172.91,1169.49,1166.53,1163.83,1161.27,1158.75,1155.50,1151.44,1149.12,1147.51,1145.82,1143.68,1140.74,1136.67,1131.53,1125.83,1120.10,1114.81,1110.19,1106.02,1102.23,1098.88,1095.79,1093.25,1091.17,1089.20,1086.92,1084.21,1081.27,1078.42,1076.19,1074.05,1071.82,1069.49,1066.97,1063.47,1059.17,1054.43,1050.45,1051.37,1055.94,1060.78,1063.63,1062.96,1058.67,1052.82,1046.97,1042.85,1039.26,1038.15,1040.30,1046.65,1056.13,1063.46,1069.62,1075.39,1081.25,1087.69,1093.23,1098.34,1104.39,1112.28,1120.75,1128.43,1134.90,1141.66,1148.77,1155.42,1161.06,1165.08,1169.30,1172.78,1176.19,1180.38,1185.33,1189.85,1193.58,1196.74,1200.49,1206.74,1213.38
1210.14,1212.51,1215.59,1219.11,1222.82,1226.62,1230.28,1233.17,1235.68,1238.10,1240.48,1242.72,1244.80,1246.73,1248.71,1250.96,1253.79,1256.70,1259.41,1261.83,1263.91,1265.95,1268.02,1269.94,1271.47,1272.80,1273.76,1274.61,1275.43,1276.05,1276.39,1276.53,1276.53,1276.48,1276.49,1276.11,1275.39,1274.58,1274.51,1274.16,1273.72,1273.29,1272.83,1272.48,1272.28,1272.41,1273.14,1273.99,1275.29,1277.18,1280.04,1284.31,1289.33,1293.90,1297.90,1301.70,1305.57,1309.69,1313.85,1317.84,1321.56,1325.22,1328.90,1332.60,1336.30,1340.04,1344.41,1348.68,1351.53,1353.14,1353.98,1354.40,1354.64,1355.15,1356.14,1356.93,1357.77,1359.44,1360.10,1361.11,1362.38,1363.63,1365.22,1365.81,1365.75,1365.11,1363.62,1361.65,1359.54,1357.67,1356.64,1356.52,1357.21,1357.30,1356.12,1355.00,1355.65,1359.32,1364.80,1368.87,1372.69,1376.00,1378.63,1380.19,1380.38,1379.35,1377.87,1376.16,1374.17,1372.15,1369.28,1365.90,1362.88,1360.87,1359.48,1358.59,1358.23,1358.32,1359.40,1361.08,1363.64,1367.97,1371.65,1374.60,1376.93,1378.57,1379.15,1380.18,1381.01,1380.96,1379.51,1377.62,1374.29,1369.61,1364.11,1359.06,1354.98,1351.27,1347.49,1343.77,1340.27,1337.05,1333.97,1330.60,1326.62,1323.06,1319.92,1316.87,1313.21,1308.95,1304.38,1299.52,1294.15,1288.72,1283.45,1278.31,1273.10,1267.76,1262.13,1256.08,1249.79,1244.41,1239.25,1234.26,1229.08,1222.96,1217.74,1212.89,1208.11,1203.09,1197.49,1190.99,1184.46,1178.34,1172.71,1168.26,1164.62,1161.49,1158.67,1155.86,1152.95,1149.91,1147.06,1145.51,1144.07,1142.36,1139.99,1136.22,1131.95,1127.22,1122.21,1117.07,1111.97,1107.47,1103.24,1099.09,1094.93,1091.15,1087.99,1085.38,1083.07,1080.39,1077.56,1074.93,1072.83,1071.16,1069.58,1067.87,1065.92,1063.72,1060.63,1056.40,1051.76,1048.06,1046.73,1049.62,1052.92,1054.34,1053.83,1051.34,1047.65,1043.44,1039.51,1036.78,1037.55,1041.67,1049.17,1058.91,1066.04,1072.00,1077.72,1083.58,1089.53,1094.87,1100.36,1107.46,1116.30,1124.95,1132.22,1138.22,1145.80,1153.69,1160.05,1164.90,1169.15,1172.86,1176.19,1179.93,1184.61,1189.17,1193.07,1196.59,1200.33,1205.62,1211.90,1217.88
1211.90,1214.37,1217.29,1220.48,1223.85,1227.30,1230.60,1233.13,1235.26,1237.26,1239.18,1241.08,1243.00,1244.89,1246.78,1248.79,1251.25,1254.24,1257.41,1260.40,1262.73,1264.74,1266.72,1268.65,1270.41,1271.72,1272.66,1273.48,1274.23,1274.70,1274.95,1275.03,1274.98,1274.89,1274.85,1274.41,1273.55,1272.47,1271.96,1271.47,1270.86,1270.15,1269.45,1268.84,1268.44,1268.52,1269.47,1270.94,1272.95,1275.42,1278.57,1282.95,1288.47,1293.51,1297.79,1301.71,1305.40,1309.20,1313.05,1316.85,1320.46,1324.12,1327.72,1331.18,1334.38,1337.15,1340.83,1344.81,1347.70,1349.17,1349.64,1349.76,1349.77,1349.64,1349.93,1350.17,1350.66,1352.19,1352.98,1354.07,1355.45,1356.99,1358.78,1359.62,1359.91,1359.65,1358.29,1356.35,1354.18,1352.18,1350.93,1350.80,1351.41,1351.53,1350.57,1349.49,1350.41,1354.57,1360.63,1365.05,1368.58,1371.77,1374.46,1376.08,1376.37,1375.39,1373.80,1371.86,1369.69,1367.26,1364.33,1361.20,1358.48,1356.85,1355.61,1354.66,1354.17,1354.14,1355.08,1356.59,1358.86,1362.66,1365.80,1369.09,1372.25,1374.55,1375.55,1376.72,1377.50,1377.36,1376.01,1374.19,1370.88,1366.19,1360.75,1356.00,1351.74,1347.56,1343.26,1339.06,1335.28,1331.80,1328.46,1324.92,1320.87,1317.53,1314.79,1312.24,1309.19,1305.55,1301.32,1296.47,1291.17,1286.07,1280.54,1274.69,1269.01,1263.43,1257.59,1251.42,1245.25,1240.49,1235.76,1230.91,1225.79,1220.28,1215.81,1211.43,1206.77,1201.57,1195.55,1188.67,1181.67,1175.01,1169.04,1164.15,1160.00,1156.46,1153.63,1150.81,1147.88,1145.18,1143.07,1141.56,1139.95,1137.90,1135.15,1131.37,1127.27,1122.91,1118.39,1113.80,1109.08,1104.57,1100.05,1095.36,1090.59,1086.19,1082.34,1079.06,1076.37,1073.70,1071.15,1068.98,1067.44,1066.18,1065.02,1063.70,1062.13,1060.29,1057.52,1053.55,1049.13,1045.36,1042.74,1044.14,1046.19,1046.90,1046.62,1045.35,1042.94,1039.63,1036.23,1035.73,1038.56,1044.22,1052.53,1061.65,1068.48,1074.33,1079.95,1085.60,1091.23,1096.69,1102.71,1110.55,1119.69,1127.95,1134.77,1140.67,1148.49,1156.41,1162.75,1167.61,1171.92,1175.57,1179.10,1183.09,1187.76,1191.92,1195.55,1199.33,1203.85,1209.80,1215.95,1221.35
1213.68,1216.18,1218.85,1221.74,1224.77,1227.77,1230.57,1232.82,1234.76,1236.47,1238.01,1239.47,1241.17,1243.02,1244.89,1246.75,1248.69,1251.58,1255.00,1258.46,1261.10,1263.15,1265.00,1266.96,1269.12,1270.51,1271.56,1272.38,1272.96,1273.29,1273.47,1273.50,1273.42,1273.28,1273.18,1272.68,1271.82,1270.65,1269.52,1268.87,1268.08,1267.03,1266.14,1265.29,1264.78,1264.89,1266.11,1268.32,1271.15,1274.24,1277.65,1281.89,1287.58,1292.92,1297.51,1301.64,1305.17,1308.53,1311.96,1315.52,1318.93,1322.38,1325.77,1328.96,1331.69,1333.76,1336.71,1340.08,1342.63,1344.08,1344.47,1344.70,1345.07,1345.01,1345.08,1345.31,1345.80,1346.76,1347.74,1348.71,1349.81,1351.11,1352.26,1353.02,1353.57,1353.74,1352.92,1351.44,1349.49,1347.45,1345.95,1345.78,1346.25,1346.43,1345.89,1345.38,1346.86,1350.88,1356.46,1361.24,1364.43,1367.25,1369.68,1371.18,1371.61,1370.87,1369.35,1367.23,1364.76,1361.73,1359.10,1356.97,1355.16,1353.61,1352.17,1350.97,1350.20,1350.01,1351.28,1353.29,1355.66,1358.13,1360.12,1363.50,1367.45,1370.54,1372.22,1373.58,1374.33,1374.18,1373.06,1371.01,1367.53,1362.91,1357.76,1353.25,1348.53,1343.74,1339.09,1334.70,1330.64,1326.72,1322.85,1319.05,1315.30,1312.31,1309.86,1307.60,1305.20,1302.34,1298.53,1293.70,1288.66,1283.75,1277.69,1270.94,1264.72,1258.76,1252.62,1246.25,1240.07,1235.56,1231.13,1226.27,1221.18,1216.70,1212.80,1208.70,1204.22,1199.12,1192.88,1185.66,1178.36,1171.60,1165.82,1160.52,1155.70,1151.61,1148.80,1146.08,1143.33,1140.91,1139.03,1137.08,1135.16,1132.68,1129.59,1126.36,1122.62,1118.54,1114.35,1110.18,1105.89,1101.36,1096.45,1091.18,1085.99,1081.06,1076.57,1072.63,1069.52,1067.07,1065.00,1063.35,1062.25,1061.32,1060.43,1059.40,1058.19,1056.74,1054.21,1050.66,1046.53,1042.42,1039.23,1039.27,1040.25,1040.80,1040.78,1040.20,1038.36,1035.57,1033.40,1035.91,1040.78,1047.62,1056.42,1064.37,1070.81,1076.57,1082.03,1087.34,1092.84,1098.67,1105.32,1113.57,1122.46,1129.94,1136.32,1142.38,1149.90,1157.30,1163.83,1169.30,1173.60,1177.53,1181.49,1185.64,1189.91,1193.73,1197.39,1201.75,1207.09,1213.00,1218.91,1223.88
1214.85,1217.25,1219.69,1222.11,1224.97,1227.83,1230.35,1232.30,1234.06,1235.57,1236.86,1238.00,1239.32,1240.88,1242.55,1244.27,1246.00,1248.46,1251.64,1255.26,1258.56,1261.02,1263.02,1264.95,1267.04,1268.71,1270.16,1271.18,1271.64,1271.87,1271.96,1271.98,1271.91,1271.75,1271.54,1270.92,1269.97,1268.77,1267.42,1266.57,1265.64,1264.44,1263.11,1261.97,1261.38,1261.68,1263.46,1266.46,1269.81,1273.27,1276.94,1281.28,1287.05,1292.41,1297.00,1301.14,1304.47,1307.40,1310.29,1313.32,1316.39,1319.56,1322.62,1325.36,1327.54,1329.54,1331.74,1333.99,1335.92,1337.49,1338.37,1339.02,1339.62,1339.92,1340.34,1341.02,1341.88,1342.73,1343.54,1344.30,1345.04,1345.77,1346.43,1346.54,1346.59,1346.65,1346.30,1345.27,1343.81,1342.17,1340.78,1340.82,1341.06,1341.03,1340.79,1341.40,1343.54,1346.95,1351.26,1355.81,1359.33,1361.84,1363.76,1365.23,1365.75,1365.31,1364.05,1362.13,1360.07,1357.68,1355.43,1353.51,1351.88,1349.55,1347.20,1345.21,1343.91,1343.79,1346.55,1349.83,1352.67,1354.90,1356.77,1359.43,1362.59,1365.61,1368.09,1370.07,1371.10,1370.99,1370.08,1367.89,1364.46,1360.11,1355.22,1350.57,1345.61,1340.46,1335.41,1330.96,1326.87,1322.74,1318.50,1314.23,1310.66,1307.68,1305.08,1302.70,1300.42,1297.89,1294.59,1290.36,1285.88,1280.70,1274.36,1267.44,1260.99,1254.40,1247.80,1241.04,1234.32,1229.04,1224.43,1219.92,1215.47,1211.38,1207.28,1203.34,1199.32,1194.72,1188.76,1181.95,1175.06,1168.60,1162.97,1157.46,1152.38,1148.03,1144.88,1141.78,1138.50,1135.45,1133.05,1131.27,1129.69,1127.63,1124.92,1121.74,1117.56,1113.56,1109.60,1105.20,1100.97,1096.77,1092.10,1086.82,1081.50,1076.43,1071.91,1067.93,1064.46,1061.39,1059.09,1057.70,1057.26,1056.87,1056.17,1055.31,1054.37,1053.26,1050.99,1047.72,1043.84,1039.74,1036.16,1034.50,1034.07,1034.31,1034.39,1034.03,1032.84,1031.82,1033.43,1037.15,1043.20,1050.97,1059.70,1067.10,1073.13,1078.49,1083.53,1088.62,1094.36,1100.76,1107.84,1115.78,1124.03,1130.88,1136.95,1142.93,1149.75,1156.74,1163.32,1169.17,1173.97,1178.34,1182.50,1186.63,1190.74,1194.49,1198.28,1203.07,1208.92,1214.70,1220.08,1224.73
1215.68,1217.98,1220.27,1222.41,1225.04,1227.66,1229.91,1231.62,1233.17,1234.45,1235.51,1236.45,1237.32,1238.45,1239.88,1241.55,1243.24,1245.31,1248.18,1251.79,1255.39,1258.19,1260.48,1262.51,1264.47,1266.30,1268.00,1269.20,1269.72,1269.94,1270.01,1270.02,1269.97,1269.84,1269.57,1268.87,1267.89,1266.76,1265.41,1264.38,1263.34,1262.07,1260.52,1259.23,1258.65,1259.16,1261.42,1264.96,1268.68,1272.42,1276.32,1280.80,1286.68,1291.98,1296.39,1300.43,1303.52,1306.14,1308.57,1310.99,1313.55,1316.37,1319.05,1321.32,1323.03,1324.81,1326.32,1327.64,1328.98,1330.45,1331.62,1332.54,1333.28,1333.88,1334.88,1336.27,1337.74,1338.69,1339.43,1340.04,1340.49,1340.75,1341.02,1340.66,1340.24,1340.03,1339.89,1339.11,1337.99,1336.66,1335.36,1335.60,1335.65,1335.55,1335.82,1337.43,1340.00,1342.91,1346.19,1350.31,1354.07,1356.45,1358.09,1359.51,1360.09,1359.94,1358.99,1357.35,1355.66,1353.73,1351.59,1349.51,1347.66,1344.67,1341.53,1338.74,1336.94,1337.34,1341.41,1345.78,1349.20,1351.71,1353.84,1355.97,1358.33,1361.04,1363.89,1366.29,1367.61,1367.70,1367.13,1365.01,1361.72,1357.63,1352.94,1348.07,1342.86,1337.43,1332.09,1327.69,1323.51,1319.17,1314.64,1310.18,1306.64,1303.45,1300.45,1297.71,1295.28,1292.82,1289.94,1286.48,1282.57,1277.29,1271.02,1264.31,1257.68,1250.56,1243.37,1236.07,1228.90,1223.04,1218.23,1213.81,1209.55,1205.50,1201.31,1197.56,1193.89,1189.61,1183.97,1177.71,1171.59,1165.89,1160.51,1154.99,1149.85,1145.35,1141.67,1138.00,1134.12,1130.46,1127.58,1125.90,1124.44,1122.40,1119.57,1115.97,1111.52,1107.76,1104.23,1100.04,1096.02,1092.16,1087.77,1082.61,1077.28,1072.27,1067.82,1063.80,1059.89,1056.16,1053.63,1052.34,1052.21,1052.19,1051.73,1051.09,1050.39,1049.53,1047.59,1044.61,1040.92,1036.83,1032.88,1030.09,1028.74,1028.70,1028.57,1028.25,1028.07,1029.22,1033.87,1038.70,1045.75,1054.16,1062.70,1069.64,1075.27,1080.25,1084.98,1090.01,1096.10,1102.88,1110.02,1117.35,1124.92,1131.28,1137.07,1142.82,1148.97,1155.57,1162.08,1168.21,1173.64,1178.53,1182.83,1186.89,1190.93,1194.69,1198.55,1203.65,1209.90,1215.53,1220.48,1224.85
1216.07,1218.35,1220.65,1222.88,1225.10,1227.21,1229.11,1230.74,1232.05,1232.99,1233.78,1234.69,1235.02,1235.61,1236.76,1238.57,1240.39,1242.24,1244.88,1248.26,1251.44,1254.32,1257.02,1259.42,1261.28,1263.02,1264.59,1265.87,1266.73,1267.11,1267.29,1267.31,1267.25,1267.20,1267.00,1266.34,1265.47,1264.53,1263.42,1262.30,1261.13,1259.89,1258.60,1257.40,1256.95,1257.69,1260.22,1263.88,1267.81,1271.73,1275.77,1280.41,1286.46,1291.65,1295.72,1299.50,1302.32,1304.80,1306.97,1308.74,1310.50,1312.91,1315.18,1316.98,1318.35,1319.45,1320.40,1321.30,1322.23,1323.15,1324.04,1324.88,1325.63,1326.37,1328.10,1330.50,1332.89,1334.18,1335.17,1335.74,1336.01,1336.11,1336.10,1335.78,1335.21,1334.58,1334.26,1333.39,1332.26,1330.91,1329.58,1329.89,1329.88,1330.07,1331.19,1333.43,1336.02,1338.73,1341.68,1345.23,1348.80,1351.36,1353.18,1354.53,1355.15,1355.23,1354.61,1353.29,1351.68,1349.46,1346.91,1344.31,1341.77,1338.64,1335.11,1331.69,1329.53,1331.18,1335.87,1340.74,1344.84,1348.13,1350.83,1353.07,1355.17,1357.41,1359.88,1362.18,1363.70,1364.25,1364.23,1362.50,1359.46,1355.55,1350.95,1345.80,1340.32,1334.67,1329.22,1325.01,1320.62,1315.95,1311.25,1307.10,1303.42,1299.73,1296.05,1292.67,1289.78,1287.03,1284.45,1281.86,1278.43,1273.44,1267.82,1261.76,1254.93,1247.53,1239.53,1231.53,1224.26,1218.47,1213.57,1208.66,1203.68,1199.21,1195.39,1191.95,1188.33,1183.88,1178.47,1172.79,1167.81,1163.57,1158.64,1153.34,1148.40,1143.84,1139.39,1134.94,1130.63,1126.71,1123.63,1121.76,1119.80,1116.82,1112.71,1108.07,1103.93,1100.74,1098.00,1095.03,1091.59,1087.96,1083.72,1078.70,1073.53,1068.73,1064.34,1060.08,1055.58,1051.43,1048.87,1047.52,1047.02,1046.96,1046.88,1046.59,1046.09,1045.32,1043.87,1041.20,1037.59,1033.42,1029.12,1026.30,1024.98,1024.75,1023.94,1023.50,1024.94,1028.49,1034.06,1040.49,1048.46,1057.13,1065.39,1071.87,1077.09,1081.82,1086.52,1091.75,1098.23,1105.01,1111.64,1118.02,1125.00,1131.08,1136.59,1141.94,1147.61,1153.77,1160.08,1166.38,1172.47,1177.99,1182.42,1186.39,1190.43,1194.23,1198.04,1203.29,1209.85,1215.35,1220.12,1224.24
1215.45,1217.61,1219.81,1221.98,1223.85,1225.66,1227.50,1229.12,1230.43,1231.32,1231.92,1232.44,1232.62,1232.97,1233.86,1235.46,1237.30,1239.12,1241.37,1244.13,1247.07,1250.03,1252.93,1255.49,1257.39,1259.12,1260.62,1261.98,1263.11,1263.70,1263.97,1264.05,1264.07,1264.12,1264.03,1263.57,1262.88,1262.08,1261.15,1260.08,1258.93,1257.78,1256.65,1255.56,1255.44,1256.69,1259.71,1263.36,1267.19,1271.17,1275.34,1279.80,1285.91,1291.12,1295.01,1298.32,1301.05,1303.36,1305.28,1306.80,1308.15,1309.80,1311.38,1312.75,1313.92,1314.72,1315.35,1315.94,1316.54,1317.16,1317.77,1318.38,1319.09,1320.21,1322.41,1325.22,1327.98,1329.68,1330.83,1331.39,1331.61,1331.61,1331.44,1330.99,1330.26,1329.35,1328.55,1327.26,1325.94,1324.77,1324.04,1324.28,1324.49,1325.11,1326.68,1329.22,1331.93,1334.61,1337.28,1340.04,1342.74,1344.85,1346.62,1348.19,1349.05,1349.24,1348.59,1347.15,1345.45,1343.51,1341.29,1338.88,1336.18,1332.39,1328.14,1324.39,1322.65,1325.58,1330.65,1335.78,1340.24,1343.74,1346.67,1349.09,1351.27,1353.44,1355.68,1358.12,1360.09,1361.20,1361.34,1360.02,1357.36,1353.66,1348.98,1343.54,1337.46,1331.67,1326.82,1322.73,1317.96,1313.02,1308.31,1304.23,1300.16,1295.93,1291.60,1287.45,1284.02,1280.98,1278.57,1276.55,1273.65,1269.18,1264.06,1258.42,1251.85,1244.10,1235.87,1227.98,1221.17,1215.76,1210.69,1205.39,1199.92,1194.92,1190.69,1186.84,1182.88,1178.31,1173.22,1168.36,1164.17,1160.47,1155.92,1151.01,1146.24,1141.67,1137.15,1132.45,1127.49,1122.94,1119.38,1116.60,1113.55,1109.55,1104.90,1101.01,1097.74,1095.19,1092.94,1090.41,1087.22,1083.68,1079.49,1074.54,1069.60,1064.96,1060.41,1055.94,1051.76,1048.20,1045.65,1043.92,1042.93,1042.44,1042.06,1041.64,1041.08,1040.14,1038.77,1036.18,1032.82,1029.24,1024.85,1022.35,1021.44,1021.41,1020.65,1020.55,1023.09,1028.26,1035.24,1042.72,1050.91,1059.59,1068.02,1074.10,1079.08,1083.64,1088.32,1093.95,1100.21,1106.56,1112.59,1118.07,1124.16,1130.00,1135.55,1140.85,1146.10,1151.47,1157.19,1163.29,1169.74,1175.73,1180.75,1185.14,1189.20,1193.11,1196.87,1201.95,1208.38,1214.17,1219.09,1223.20
1214.23,1216.17,1218.20,1220.20,1221.93,1223.65,1225.46,1227.05,1228.43,1229.38,1229.88,1229.99,1230.16,1230.45,1231.12,1232.40,1234.10,1235.94,1237.86,1239.99,1242.67,1245.51,1248.36,1250.98,1253.08,1254.90,1256.41,1257.82,1259.12,1259.92,1260.27,1260.45,1260.61,1260.82,1260.86,1260.63,1260.16,1259.49,1258.75,1257.77,1256.70,1255.63,1254.63,1253.66,1253.87,1255.75,1259.58,1263.20,1266.83,1270.72,1274.91,1279.11,1285.10,1290.32,1294.13,1296.97,1299.65,1301.82,1303.53,1304.87,1305.95,1306.84,1307.73,1308.69,1309.66,1310.24,1310.61,1310.88,1311.14,1311.57,1311.92,1312.34,1313.08,1314.66,1317.24,1320.26,1323.17,1325.20,1326.42,1326.98,1327.15,1327.03,1326.73,1326.13,1325.25,1324.15,1322.90,1321.24,1319.76,1318.82,1318.66,1318.74,1319.21,1320.28,1322.17,1324.86,1327.66,1330.36,1332.84,1334.95,1336.76,1338.34,1339.93,1341.62,1342.62,1342.84,1342.16,1340.64,1338.91,1337.35,1335.49,1333.26,1330.40,1325.87,1320.99,1317.19,1316.18,1320.14,1325.47,1330.80,1335.50,1338.99,1342.04,1344.62,1346.98,1349.34,1351.65,1354.34,1356.77,1358.38,1358.55,1357.58,1355.31,1351.82,1346.96,1341.16,1334.56,1328.73,1324.54,1320.40,1315.26,1310.18,1305.59,1301.43,1296.89,1292.02,1286.99,1282.09,1278.07,1274.72,1272.27,1270.54,1268.15,1264.31,1259.64,1254.37,1248.20,1240.28,1232.25,1224.91,1218.72,1213.69,1208.47,1202.87,1197.07,1191.54,1186.75,1182.35,1177.95,1173.28,1168.40,1164.12,1160.36,1156.80,1152.64,1148.16,1143.64,1139.20,1134.82,1129.97,1124.45,1119.31,1115.27,1111.51,1107.45,1102.62,1097.70,1094.73,1092.19,1090.11,1088.15,1085.79,1082.76,1079.25,1075.07,1070.20,1065.47,1060.87,1056.24,1051.82,1048.25,1045.43,1042.77,1040.49,1038.91,1037.85,1036.97,1036.26,1035.56,1034.42,1033.05,1030.62,1027.67,1024.87,1020.85,1018.76,1018.18,1018.35,1017.90,1018.46,1022.09,1028.62,1036.86,1044.87,1053.06,1061.73,1070.42,1076.19,1081.01,1085.47,1090.16,1096.12,1102.01,1107.82,1113.22,1117.88,1122.98,1128.47,1134.08,1139.55,1144.47,1149.06,1154.05,1159.72,1166.17,1172.54,1178.27,1183.24,1187.43,1191.60,1195.38,1200.16,1206.22,1212.37,1217.54,1221.80
1212.03,1213.55,1215.27,1216.82,1219.14,1221.29,1222.80,1224.21,1225.68,1226.71,1227.24,1227.39,1227.64,1228.08,1228.73,1229.64,1230.86,1232.62,1234.54,1236.53,1238.67,1240.63,1242.84,1245.35,1248.05,1250.32,1251.97,1253.33,1254.53,1255.50,1255.89,1256.25,1256.75,1257.30,1257.48,1257.44,1257.20,1256.72,1256.17,1255.34,1254.34,1253.29,1252.35,1251.54,1251.89,1254.47,1260.01,1263.66,1266.99,1270.50,1274.31,1278.36,1283.74,1288.75,1292.69,1295.32,1297.82,1299.99,1301.66,1302.65,1303.47,1304.05,1304.59,1305.15,1305.71,1305.98,1305.93,1305.70,1305.53,1305.81,1306.09,1306.62,1307.73,1309.69,1312.66,1315.88,1318.82,1320.77,1321.91,1322.41,1322.42,1321.98,1321.55,1320.84,1319.93,1318.85,1317.55,1316.07,1314.84,1313.97,1313.55,1313.38,1313.89,1315.25,1317.51,1320.15,1322.84,1325.57,1328.19,1330.30,1332.07,1333.55,1334.80,1335.79,1336.40,1336.53,1336.20,1335.33,1333.99,1332.40,1330.15,1327.22,1323.56,1318.56,1313.82,1310.69,1310.60,1314.63,1320.06,1325.62,1330.55,1333.94,1337.09,1339.67,1342.18,1345.20,1348.47,1351.59,1354.17,1355.83,1356.14,1355.24,1353.25,1349.97,1344.72,1338.38,1331.92,1326.39,1322.11,1317.37,1312.13,1307.39,1303.16,1298.65,1293.60,1287.79,1281.83,1276.45,1271.79,1267.95,1264.92,1262.70,1260.80,1257.63,1253.48,1248.60,1242.86,1235.56,1228.66,1222.41,1216.82,1211.82,1206.54,1200.88,1194.95,1189.10,1184.15,1179.51,1174.89,1170.11,1164.83,1159.97,1155.70,1151.99,1148.23,1144.26,1140.33,1136.39,1132.10,1126.90,1121.35,1116.23,1111.99,1107.88,1103.75,1098.99,1093.97,1090.30,1087.28,1084.95,1082.91,1080.66,1077.81,1074.33,1070.21,1065.53,1060.76,1055.86,1051.67,1048.23,1045.30,1042.58,1039.30,1036.12,1033.79,1032.18,1030.84,1029.79,1028.92,1027.87,1026.70,1024.99,1022.93,1020.77,1018.50,1016.70,1015.72,1015.56,1015.45,1017.38,1022.73,1030.65,1038.91,1046.18,1054.40,1063.36,1071.99,1077.77,1082.52,1087.04,1091.85,1097.63,1103.30,1108.65,1113.47,1117.57,1121.72,1126.33,1131.72,1137.68,1142.65,1146.80,1151.11,1155.88,1161.32,1168.00,1174.31,1179.85,1184.59,1189.46,1193.52,1197.93,1203.26,1209.46,1214.96,1219.58
1208.83,1209.84,1211.11,1212.48,1215.08,1217.60,1219.41,1221.13,1222.83,1223.99,1224.60,1224.90,1225.33,1225.88,1226.49,1227.12,1227.96,1229.56,1231.39,1233.23,1235.07,1236.61,1238.37,1240.50,1242.97,1245.21,1247.08,1248.65,1249.97,1251.09,1251.65,1252.24,1252.98,1253.72,1254.06,1254.20,1254.14,1253.81,1253.35,1252.49,1251.42,1250.21,1248.94,1248.64,1250.04,1253.82,1260.30,1263.81,1266.81,1269.96,1273.43,1277.26,1281.94,1286.53,1290.47,1293.19,1295.38,1297.28,1298.73,1299.50,1300.13,1300.60,1300.94,1301.22,1301.49,1301.60,1301.36,1300.90,1300.55,1300.70,1300.99,1301.62,1302.87,1304.88,1308.09,1311.46,1314.45,1316.53,1317.65,1318.11,1318.03,1317.44,1316.89,1315.94,1314.83,1313.65,1312.34,1310.99,1309.96,1309.24,1308.75,1308.55,1309.19,1310.69,1313.00,1315.65,1318.16,1320.66,1323.09,1325.10,1326.89,1328.40,1329.53,1330.18,1330.62,1330.72,1330.52,1329.89,1328.54,1326.71,1324.20,1320.95,1316.78,1311.85,1307.50,1305.17,1306.07,1309.95,1315.19,1320.59,1325.40,1328.84,1332.16,1335.12,1338.18,1341.81,1345.51,1348.84,1351.57,1353.36,1353.76,1352.96,1350.90,1347.51,1342.30,1335.34,1329.05,1323.73,1319.11,1314.13,1309.30,1305.02,1300.93,1295.85,1290.25,1283.94,1277.58,1271.89,1266.71,1262.37,1258.74,1255.93,1254.00,1251.31,1247.54,1242.81,1237.16,1230.82,1225.00,1219.64,1214.61,1209.82,1204.87,1199.22,1193.04,1187.21,1182.20,1177.44,1172.62,1167.54,1161.93,1156.41,1151.57,1147.52,1143.67,1140.02,1136.51,1132.88,1128.60,1123.39,1118.12,1113.22,1108.86,1104.57,1100.13,1095.21,1090.10,1085.89,1082.39,1079.75,1077.56,1075.26,1072.43,1069.15,1065.03,1060.08,1055.44,1051.09,1047.64,1044.87,1042.04,1038.87,1035.01,1031.26,1028.40,1026.26,1024.60,1023.39,1022.52,1021.62,1020.90,1019.86,1018.57,1017.20,1016.01,1014.53,1013.39,1013.13,1013.93,1016.94,1023.26,1031.82,1040.07,1046.86,1055.39,1064.70,1073.02,1078.86,1083.68,1088.35,1093.28,1098.75,1104.20,1109.15,1113.48,1117.13,1120.78,1124.86,1129.76,1135.48,1140.81,1144.90,1148.88,1153.18,1158.03,1164.31,1170.63,1176.43,1181.63,1186.95,1191.56,1196.01,1200.86,1206.69,1212.21,1217.19
1204.78,1205.30,1206.05,1207.46,1210.04,1212.85,1215.42,1217.80,1219.84,1221.16,1221.90,1222.48,1223.17,1223.82,1224.35,1224.79,1225.38,1226.76,1228.39,1230.08,1231.84,1233.35,1234.87,1236.45,1238.04,1239.88,1241.95,1243.88,1245.48,1246.71,1247.55,1248.37,1249.24,1250.02,1250.48,1250.74,1250.78,1250.51,1249.97,1248.89,1247.65,1246.30,1244.75,1245.46,1248.62,1253.88,1260.44,1263.65,1266.30,1269.13,1272.29,1275.83,1279.74,1283.74,1287.52,1290.47,1292.26,1293.68,1294.80,1295.46,1295.95,1296.40,1296.69,1296.81,1296.93,1297.03,1296.82,1296.43,1296.14,1296.19,1296.56,1297.30,1298.53,1300.31,1303.57,1307.01,1310.07,1312.41,1313.58,1314.01,1313.91,1313.31,1312.62,1311.33,1309.90,1308.56,1307.22,1305.89,1304.98,1304.44,1304.11,1304.11,1305.01,1306.56,1308.66,1311.31,1313.63,1315.74,1317.70,1319.52,1321.34,1322.91,1324.09,1324.75,1325.21,1325.30,1325.04,1324.26,1322.61,1320.41,1317.82,1314.59,1310.26,1305.80,1301.96,1300.39,1302.24,1306.03,1310.89,1315.77,1320.17,1323.76,1327.28,1330.95,1334.88,1339.07,1342.78,1346.13,1348.97,1350.92,1351.36,1350.65,1348.28,1344.57,1339.63,1332.14,1326.05,1320.84,1315.77,1310.95,1306.87,1303.06,1298.84,1293.13,1286.97,1280.59,1274.33,1268.48,1262.90,1258.04,1253.82,1250.39,1247.99,1245.41,1241.77,1237.01,1231.30,1226.06,1221.15,1216.49,1212.04,1207.64,1203.26,1197.68,1191.19,1185.64,1180.67,1175.87,1170.87,1165.37,1159.52,1153.46,1148.03,1143.53,1139.22,1135.63,1132.27,1128.69,1124.40,1119.48,1114.68,1110.09,1105.66,1101.34,1096.43,1091.17,1085.92,1081.39,1077.43,1074.49,1072.08,1069.51,1066.44,1063.44,1059.34,1054.00,1049.73,1046.50,1043.88,1041.37,1038.19,1034.23,1029.93,1025.97,1022.84,1020.25,1018.37,1017.14,1016.40,1015.72,1015.57,1015.13,1014.46,1013.93,1013.24,1012.08,1011.09,1011.08,1013.19,1017.00,1023.58,1032.12,1040.41,1047.05,1056.10,1065.74,1073.59,1079.53,1084.53,1089.39,1094.41,1099.56,1104.77,1109.39,1113.33,1116.65,1120.17,1124.01,1128.25,1133.14,1138.99,1143.35,1147.37,1151.56,1156.21,1161.58,1167.42,1173.25,1178.75,1184.28,1189.58,1194.43,1199.04,1204.21,1209.47,1214.69
1200.16,1200.57,1201.15,1202.45,1205.08,1208.15,1211.14,1213.83,1215.90,1217.38,1218.53,1219.71,1220.90,1221.65,1222.13,1222.52,1222.98,1224.16,1225.64,1227.26,1229.00,1230.37,1231.67,1233.02,1234.44,1236.04,1237.81,1239.50,1240.97,1242.29,1243.28,1244.13,1244.90,1245.55,1245.73,1245.80,1245.61,1244.89,1243.66,1242.10,1240.86,1240.43,1241.53,1244.79,1249.76,1255.42,1260.45,1263.33,1265.74,1268.13,1270.72,1273.82,1277.10,1280.39,1283.51,1286.00,1287.60,1288.80,1289.66,1290.12,1290.49,1290.83,1291.11,1291.32,1291.54,1291.79,1291.89,1291.90,1291.99,1292.19,1292.80,1293.81,1295.19,1296.97,1299.74,1302.85,1305.84,1308.15,1309.36,1309.76,1309.56,1308.77,1307.86,1306.43,1304.93,1303.52,1302.03,1300.57,1299.50,1298.85,1298.74,1299.46,1300.91,1302.68,1304.65,1306.94,1309.10,1311.14,1313.07,1314.83,1316.48,1317.92,1319.01,1319.62,1320.02,1319.90,1319.44,1318.53,1316.76,1314.59,1312.03,1308.92,1304.98,1300.76,1296.95,1295.39,1297.56,1302.61,1307.37,1311.68,1315.58,1319.00,1322.53,1326.89,1331.76,1336.57,1340.88,1344.08,1346.63,1348.42,1348.78,1347.80,1345.50,1341.76,1336.03,1329.17,1323.41,1318.34,1313.51,1309.16,1305.39,1301.44,1296.82,1290.96,1284.63,1278.59,1272.83,1267.10,1261.08,1255.53,1250.76,1246.89,1243.70,1239.78,1235.31,1230.53,1225.63,1220.77,1216.27,1212.26,1208.72,1204.97,1200.68,1195.16,1188.86,1183.59,1178.72,1173.94,1168.85,1163.13,1157.33,1151.29,1145.65,1140.69,1135.94,1131.70,1127.67,1123.70,1119.65,1115.13,1110.34,1105.65,1101.32,1097.22,1092.67,1087.41,1081.74,1076.65,1072.26,1069.05,1066.18,1062.57,1058.21,1054.91,1051.60,1047.83,1044.57,1041.43,1038.47,1035.51,1032.12,1027.89,1023.75,1020.09,1017.13,1014.56,1012.60,1011.21,1010.40,1010.19,1010.33,1010.27,1010.08,1009.99,1009.72,1008.86,1008.53,1009.66,1012.70,1017.36,1023.81,1031.72,1040.29,1047.12,1056.34,1065.98,1073.61,1079.87,1085.01,1089.89,1094.84,1099.87,1105.16,1109.70,1113.42,1116.56,1119.86,1123.50,1127.36,1131.72,1137.34,1142.21,1146.73,1151.15,1155.61,1160.33,1165.72,1171.34,1176.83,1182.42,1188.06,1193.20,1197.85,1202.70,1207.38,1212.17
1195.50,1195.88,1196.57,1197.94,1200.45,1203.38,1206.33,1209.07,1211.25,1212.91,1214.29,1215.65,1216.95,1217.64,1218.11,1218.74,1219.56,1221.07,1222.83,1224.64,1226.35,1227.70,1228.96,1230.21,1231.41,1232.55,1233.85,1235.11,1236.29,1237.50,1238.49,1239.20,1239.74,1240.18,1240.15,1239.97,1239.50,1238.46,1236.84,1235.21,1234.63,1235.91,1239.84,1245.22,1251.07,1256.39,1260.13,1262.70,1264.89,1266.93,1268.97,1271.46,1274.02,1276.62,1279.11,1281.07,1282.48,1283.51,1284.19,1284.51,1284.80,1285.05,1285.30,1285.58,1285.86,1286.22,1286.62,1287.04,1287.53,1287.95,1288.81,1290.14,1291.90,1293.87,1296.26,1298.97,1301.70,1303.84,1304.95,1305.33,1305.06,1304.12,1303.00,1301.53,1299.99,1298.43,1296.65,1294.99,1293.74,1293.02,1293.13,1294.38,1296.16,1298.08,1300.06,1302.28,1304.51,1306.62,1308.56,1310.30,1311.82,1313.15,1314.19,1314.77,1315.08,1314.76,1314.06,1312.95,1311.14,1309.06,1306.55,1303.56,1299.95,1295.88,1291.97,1290.30,1292.76,1299.14,1304.22,1308.33,1311.88,1315.16,1318.57,1323.04,1328.28,1333.75,1338.53,1341.89,1344.31,1345.82,1346.06,1344.92,1342.49,1338.52,1332.40,1326.45,1321.12,1316.19,1311.64,1307.73,1304.11,1299.91,1294.84,1288.89,1282.58,1276.89,1271.58,1266.07,1259.83,1253.84,1248.67,1244.37,1240.17,1234.86,1229.39,1224.20,1219.45,1214.87,1210.88,1207.57,1204.86,1201.72,1197.52,1192.19,1186.30,1181.25,1176.49,1171.71,1166.58,1160.83,1155.20,1149.31,1143.59,1138.22,1133.02,1128.06,1123.35,1118.99,1115.09,1110.90,1106.12,1101.30,1096.97,1093.02,1088.59,1083.27,1077.34,1071.91,1067.26,1063.36,1059.63,1055.37,1050.43,1046.80,1043.81,1041.00,1038.30,1035.15,1031.85,1028.56,1025.21,1021.21,1017.46,1014.21,1011.48,1009.01,1007.06,1005.64,1004.89,1005.02,1005.26,1005.41,1005.53,1005.74,1006.03,1006.08,1006.87,1009.13,1013.01,1018.31,1024.52,1031.66,1039.97,1047.07,1056.39,1065.89,1073.37,1080.05,1085.39,1090.29,1095.16,1100.13,1105.60,1110.10,1113.63,1116.62,1119.71,1123.20,1126.85,1130.85,1136.14,1141.44,1146.48,1151.19,1155.47,1159.81,1164.86,1170.29,1175.73,1181.23,1186.91,1192.15,1196.88,1201.58,1205.74,1209.98
1190.99,1191.36,1192.53,1194.38,1196.42,1198.47,1200.59,1203.04,1205.59,1207.46,1208.62,1209.26,1209.79,1210.10,1210.68,1212.04,1214.06,1216.93,1219.81,1222.23,1223.89,1225.51,1227.09,1228.36,1228.97,1229.20,1229.81,1230.56,1231.30,1232.04,1232.73,1233.11,1233.24,1233.38,1233.38,1232.98,1232.29,1231.37,1230.20,1229.38,1230.70,1234.73,1240.68,1246.80,1251.72,1255.70,1259.19,1261.53,1263.54,1265.39,1267.06,1268.64,1270.31,1272.27,1274.34,1275.92,1277.08,1277.93,1278.53,1278.88,1279.14,1279.38,1279.58,1279.76,1279.96,1280.31,1280.84,1281.53,1282.35,1283.07,1284.12,1285.83,1288.28,1290.76,1293.19,1295.52,1297.68,1299.44,1300.25,1300.56,1300.34,1299.42,1298.18,1296.74,1295.11,1293.22,1290.93,1288.98,1287.66,1287.04,1287.36,1288.55,1290.13,1291.99,1294.25,1297.10,1299.82,1302.11,1303.99,1305.69,1307.25,1308.63,1309.72,1310.33,1310.56,1310.10,1309.12,1307.69,1305.95,1303.93,1301.43,1298.47,1294.96,1290.95,1286.84,1285.14,1288.05,1295.40,1301.50,1306.11,1309.71,1313.01,1316.14,1319.54,1324.07,1330.23,1335.00,1339.17,1341.95,1343.02,1343.16,1342.15,1339.10,1334.43,1329.11,1324.15,1319.33,1314.59,1310.12,1306.43,1302.86,1298.39,1292.88,1286.82,1280.73,1275.23,1270.13,1264.94,1258.90,1253.01,1247.73,1242.91,1237.40,1231.15,1224.80,1218.42,1212.17,1207.98,1204.93,1202.44,1200.17,1197.55,1193.59,1188.74,1183.50,1178.56,1173.85,1169.03,1163.93,1158.47,1153.12,1147.43,1141.67,1136.00,1130.29,1124.76,1119.69,1115.13,1111.09,1107.09,1102.47,1097.64,1093.05,1088.97,1083.93,1078.29,1072.52,1067.27,1062.64,1057.23,1051.94,1048.15,1044.40,1040.60,1036.72,1032.91,1029.70,1026.70,1023.59,1020.44,1017.59,1014.51,1011.43,1008.56,1006.05,1003.64,1001.81,1000.68,1000.27,1000.40,1000.52,1000.61,1000.77,1001.23,1002.30,1004.47,1007.07,1010.13,1014.77,1020.28,1026.23,1032.55,1039.41,1046.84,1056.24,1065.49,1072.86,1080.04,1085.70,1090.70,1095.52,1100.47,1106.16,1110.64,1113.96,1116.80,1119.75,1123.20,1126.81,1130.68,1135.77,1141.24,1146.63,1151.59,1155.75,1160.10,1165.08,1170.43,1175.85,1181.01,1186.26,1191.30,1196.09,1200.85,1204.67,1208.44
1186.28,1186.29,1187.46,1190.08,1192.58,1194.71,1196.56,1198.52,1200.60,1202.15,1203.09,1203.53,1203.86,1203.97,1204.46,1206.03,1208.90,1212.65,1216.42,1219.70,1221.98,1223.72,1225.33,1226.49,1226.68,1226.45,1226.57,1226.83,1227.11,1227.47,1227.81,1227.97,1227.98,1227.94,1227.34,1226.34,1225.37,1224.85,1224.87,1226.34,1229.80,1235.22,1241.70,1247.78,1252.09,1255.19,1257.92,1260.00,1261.64,1263.09,1264.43,1265.62,1266.91,1268.36,1269.84,1271.07,1272.05,1272.78,1273.31,1273.65,1273.92,1274.13,1274.28,1274.35,1274.41,1274.56,1274.84,1275.27,1275.94,1276.76,1278.61,1281.11,1283.96,1286.86,1289.59,1291.89,1293.75,1295.11,1295.77,1295.92,1295.63,1294.77,1293.51,1291.78,1289.71,1287.30,1284.61,1282.50,1281.31,1281.03,1281.72,1283.07,1284.82,1286.81,1289.07,1291.77,1294.43,1296.85,1298.97,1300.80,1302.58,1304.07,1305.18,1305.75,1305.89,1305.38,1304.25,1302.60,1300.92,1299.03,1296.66,1293.64,1289.68,1285.06,1281.44,1280.46,1283.66,1290.84,1298.57,1304.26,1307.95,1311.44,1314.54,1317.47,1321.18,1326.39,1330.97,1335.36,1338.42,1339.72,1340.17,1339.30,1336.11,1331.52,1327.13,1322.57,1318.08,1313.65,1309.36,1305.61,1301.77,1297.01,1291.20,1284.88,1278.97,1273.61,1268.55,1263.45,1257.71,1251.97,1246.61,1241.43,1235.30,1228.58,1221.56,1214.48,1207.81,1203.01,1199.80,1197.35,1195.13,1192.57,1188.87,1184.40,1179.55,1174.83,1170.24,1165.55,1160.77,1155.92,1150.81,1145.32,1139.56,1133.59,1127.51,1121.78,1116.63,1112.11,1108.24,1104.49,1099.88,1094.65,1089.31,1084.82,1079.64,1074.12,1068.58,1063.32,1058.06,1052.19,1046.57,1042.23,1037.57,1033.04,1028.73,1024.84,1021.63,1018.82,1016.16,1013.67,1011.47,1009.08,1006.47,1003.97,1001.81,999.82,998.73,998.11,997.82,998.02,998.19,998.36,998.76,999.82,1001.90,1005.05,1008.53,1012.27,1017.16,1022.55,1028.22,1034.18,1040.72,1048.25,1056.82,1065.17,1072.45,1079.99,1085.95,1091.05,1095.81,1100.76,1106.69,1111.14,1114.29,1117.13,1120.15,1123.64,1127.32,1131.23,1136.07,1141.44,1146.94,1152.15,1156.43,1160.85,1165.71,1170.85,1176.07,1181.02,1185.92,1190.61,1195.10,1199.63,1203.56,1207.46
1181.42,1180.99,1182.05,1185.34,1188.47,1190.97,1192.81,1194.42,1195.94,1197.09,1197.86,1198.32,1198.66,1198.70,1199.10,1200.73,1204.23,1208.60,1213.09,1217.22,1220.32,1222.19,1223.70,1224.68,1224.52,1224.03,1223.72,1223.46,1223.21,1223.17,1223.18,1223.17,1223.10,1222.82,1221.55,1220.12,1219.17,1219.30,1220.71,1224.62,1229.96,1236.11,1242.47,1248.18,1252.03,1254.52,1256.46,1258.24,1259.47,1260.49,1261.47,1262.44,1263.52,1264.55,1265.48,1266.40,1267.26,1267.93,1268.41,1268.73,1269.01,1269.19,1269.25,1269.20,1269.09,1268.99,1268.93,1268.99,1269.38,1270.22,1272.93,1276.29,1279.52,1282.78,1285.78,1288.13,1289.79,1290.79,1291.31,1291.30,1290.86,1289.99,1288.65,1286.52,1283.91,1280.99,1278.02,1275.82,1274.86,1275.01,1276.13,1277.72,1279.75,1281.94,1284.17,1286.44,1288.83,1291.25,1293.58,1295.60,1297.56,1299.14,1300.26,1300.81,1300.86,1300.36,1299.22,1297.53,1295.91,1294.14,1291.84,1288.71,1284.30,1279.16,1276.18,1276.15,1279.72,1286.38,1295.38,1302.18,1306.29,1310.02,1313.18,1315.94,1318.93,1322.78,1327.03,1331.37,1334.62,1336.36,1337.15,1336.38,1333.34,1329.17,1325.60,1321.30,1317.08,1312.94,1308.82,1304.90,1300.69,1295.63,1289.63,1283.05,1277.29,1272.01,1266.93,1261.83,1256.35,1250.76,1245.34,1239.88,1233.46,1226.40,1218.94,1211.48,1204.72,1199.16,1195.32,1192.46,1190.00,1187.22,1183.66,1179.48,1174.91,1170.39,1166.06,1161.66,1157.31,1153.10,1148.31,1143.02,1137.27,1131.05,1124.67,1118.96,1113.88,1109.47,1105.86,1102.28,1097.50,1091.75,1085.62,1080.71,1075.60,1070.34,1065.00,1059.58,1053.48,1047.51,1041.94,1036.67,1030.64,1025.33,1020.78,1017.01,1013.95,1011.39,1009.29,1007.55,1006.02,1004.20,1002.07,999.97,998.21,996.69,996.46,996.37,996.15,996.44,996.87,997.31,998.11,999.90,1003.01,1006.72,1010.69,1014.98,1019.92,1025.12,1030.53,1036.30,1042.85,1050.27,1057.79,1065.13,1072.34,1080.04,1086.25,1091.46,1096.13,1101.14,1107.21,1111.60,1114.62,1117.53,1120.68,1124.24,1128.02,1132.07,1136.73,1141.93,1147.40,1152.71,1157.20,1161.70,1166.42,1171.32,1176.29,1181.12,1185.68,1190.00,1194.13,1198.35,1202.52,1206.72
1176.25,1175.65,1176.72,1179.95,1183.06,1185.65,1187.76,1189.82,1191.61,1192.88,1193.68,1194.18,1194.57,1194.76,1195.40,1197.28,1201.02,1205.64,1210.45,1215.06,1218.93,1221.08,1222.41,1223.04,1222.69,1222.04,1221.34,1220.43,1219.34,1218.65,1218.51,1218.36,1217.95,1217.06,1215.72,1215.09,1215.38,1216.81,1219.32,1224.11,1230.00,1236.21,1241.96,1247.09,1250.67,1253.05,1254.74,1256.01,1257.03,1257.76,1258.23,1258.90,1259.70,1260.49,1261.26,1262.03,1262.87,1263.59,1264.15,1264.53,1264.70,1264.81,1264.73,1264.45,1264.16,1263.87,1263.70,1263.72,1264.05,1264.80,1267.74,1271.61,1275.49,1279.06,1281.93,1284.12,1285.63,1286.39,1286.67,1286.48,1285.81,1284.53,1282.83,1280.32,1277.31,1274.09,1271.22,1269.04,1268.38,1269.01,1270.51,1272.40,1274.65,1277.08,1279.45,1281.38,1283.38,1285.40,1287.43,1289.52,1291.37,1292.86,1293.99,1294.60,1294.62,1294.20,1293.43,1292.31,1290.84,1288.99,1286.35,1282.96,1278.93,1274.50,1271.94,1272.57,1277.10,1283.53,1291.44,1298.70,1304.44,1308.35,1311.65,1314.50,1317.30,1320.48,1324.21,1328.17,1331.42,1333.41,1334.13,1333.33,1330.84,1327.39,1324.00,1320.26,1316.26,1312.15,1308.06,1304.01,1299.42,1294.14,1288.13,1281.53,1275.83,1270.51,1265.37,1260.25,1254.67,1249.19,1243.76,1238.13,1231.77,1224.24,1216.77,1209.57,1202.57,1196.92,1192.27,1188.39,1185.10,1181.51,1177.62,1173.50,1169.14,1164.57,1161.06,1157.35,1153.42,1149.52,1145.44,1140.34,1134.56,1128.28,1121.70,1116.34,1111.51,1107.19,1103.71,1099.83,1094.51,1088.28,1081.90,1076.90,1072.00,1066.95,1061.62,1055.64,1048.88,1042.78,1036.97,1030.67,1024.46,1019.04,1014.25,1010.15,1007.07,1004.98,1003.40,1002.15,1001.15,999.78,998.32,996.85,995.42,994.21,994.38,994.58,994.45,994.80,996.16,997.47,998.96,1001.48,1005.34,1009.59,1013.86,1018.20,1023.26,1028.44,1033.75,1039.34,1045.58,1052.38,1059.24,1066.13,1073.20,1080.59,1086.88,1092.13,1096.78,1101.92,1107.78,1111.98,1114.96,1117.97,1121.26,1124.86,1128.75,1133.00,1137.79,1143.00,1148.16,1153.07,1157.66,1162.25,1166.87,1171.58,1176.39,1181.22,1185.47,1189.53,1193.55,1197.55,1201.73,1206.18
1170.45,1169.79,1170.80,1173.63,1176.45,1178.95,1181.15,1183.37,1185.30,1186.77,1187.85,1188.69,1189.35,1190.11,1191.49,1194.14,1198.44,1203.29,1208.15,1212.77,1216.83,1219.41,1220.80,1221.28,1220.88,1219.99,1218.93,1217.58,1215.91,1214.52,1213.70,1213.09,1212.37,1211.32,1210.52,1211.09,1212.83,1215.50,1218.70,1223.88,1229.74,1235.50,1240.73,1245.28,1248.66,1251.07,1252.63,1253.55,1254.25,1254.68,1254.86,1255.24,1255.86,1256.54,1257.22,1257.86,1258.51,1259.07,1259.52,1259.79,1259.86,1259.87,1259.69,1259.30,1258.92,1258.58,1258.38,1258.33,1258.51,1259.32,1262.25,1266.40,1270.94,1274.87,1277.69,1279.79,1281.25,1281.85,1281.78,1281.34,1280.36,1278.56,1276.55,1273.95,1270.99,1267.92,1265.13,1263.01,1262.51,1263.35,1265.04,1267.13,1269.55,1272.11,1274.63,1276.66,1278.41,1280.06,1281.74,1283.55,1285.01,1286.25,1287.24,1287.89,1288.05,1287.88,1287.47,1286.74,1285.49,1283.75,1281.12,1277.75,1273.92,1270.05,1268.18,1269.44,1274.38,1280.74,1287.79,1295.18,1301.95,1306.13,1309.74,1312.80,1315.58,1318.38,1321.53,1325.05,1328.14,1330.24,1330.95,1330.26,1328.30,1325.51,1322.36,1318.97,1315.19,1311.21,1307.17,1303.12,1298.22,1292.68,1286.60,1280.11,1274.31,1268.93,1263.69,1258.38,1252.73,1247.34,1241.79,1235.87,1229.57,1222.00,1214.69,1207.76,1200.88,1195.11,1189.82,1184.96,1180.58,1175.99,1171.81,1167.74,1163.55,1159.18,1156.01,1152.82,1149.40,1145.83,1142.18,1137.24,1131.42,1125.11,1118.94,1113.88,1109.22,1104.94,1101.37,1096.99,1091.02,1084.41,1078.16,1073.10,1068.39,1063.36,1057.69,1051.18,1044.13,1037.91,1031.89,1025.18,1019.06,1013.54,1008.59,1004.47,1001.79,1000.09,998.89,997.94,997.08,995.88,994.70,993.61,992.62,991.87,992.23,992.87,993.54,994.61,996.57,998.55,1000.79,1004.10,1008.52,1013.10,1017.53,1021.98,1027.13,1032.18,1037.29,1042.63,1048.51,1054.82,1061.24,1067.89,1074.89,1081.72,1087.76,1092.90,1097.51,1102.80,1108.39,1112.48,1115.53,1118.66,1122.02,1125.59,1129.50,1133.88,1138.69,1143.68,1148.51,1153.17,1157.85,1162.50,1167.07,1171.65,1176.35,1181.08,1185.14,1189.06,1192.99,1196.84,1200.96,1205.64
1163.96,1163.37,1164.36,1166.62,1169.00,1171.24,1173.31,1175.37,1177.21,1178.85,1180.35,1181.78,1182.95,1184.70,1187.31,1191.10,1196.22,1201.32,1206.03,1210.30,1214.09,1217.12,1218.77,1219.31,1218.98,1217.81,1216.47,1214.88,1212.94,1210.84,1208.95,1207.58,1206.60,1205.80,1206.08,1208.11,1211.29,1215.04,1218.58,1223.79,1229.18,1234.16,1238.93,1242.86,1246.04,1248.47,1249.93,1250.68,1250.99,1251.13,1251.24,1251.39,1251.92,1252.62,1253.30,1253.85,1254.16,1254.38,1254.52,1254.55,1254.55,1254.44,1254.18,1253.79,1253.37,1253.07,1252.86,1252.67,1252.66,1253.66,1256.49,1260.73,1265.83,1270.16,1273.06,1275.16,1276.65,1277.14,1276.66,1275.93,1274.61,1272.29,1270.08,1267.64,1265.11,1262.49,1259.79,1257.76,1257.24,1258.04,1259.76,1261.97,1264.48,1267.08,1269.68,1272.18,1273.83,1275.22,1276.60,1277.90,1278.84,1279.68,1280.47,1281.12,1281.54,1281.71,1281.55,1281.01,1280.01,1278.54,1276.20,1273.03,1269.17,1265.64,1264.71,1266.60,1271.43,1277.82,1284.40,1291.67,1298.79,1303.40,1307.44,1310.79,1313.67,1316.31,1318.89,1321.93,1324.75,1326.81,1327.62,1327.14,1325.65,1323.43,1320.64,1317.40,1313.85,1310.10,1306.20,1302.26,1297.05,1291.19,1285.03,1278.72,1272.70,1267.20,1261.82,1256.17,1250.55,1245.19,1239.45,1233.14,1226.85,1219.62,1212.59,1205.93,1199.43,1193.52,1187.77,1182.09,1176.47,1170.88,1166.53,1162.46,1158.35,1154.39,1151.13,1148.24,1145.36,1142.14,1138.61,1133.75,1127.90,1121.63,1116.35,1111.54,1106.95,1102.67,1098.78,1093.79,1087.14,1080.29,1074.39,1069.22,1064.58,1059.34,1053.13,1046.20,1039.28,1032.99,1026.83,1020.27,1014.42,1008.79,1003.79,1000.00,998.02,996.56,995.57,994.77,993.72,992.48,991.28,990.34,989.88,989.73,990.19,991.45,993.46,995.79,998.03,1000.48,1003.51,1007.65,1012.47,1017.12,1021.62,1026.24,1031.42,1036.27,1041.09,1046.11,1051.60,1057.58,1063.75,1070.30,1077.24,1083.36,1088.89,1093.76,1098.34,1103.73,1109.05,1113.09,1116.30,1119.55,1122.93,1126.41,1130.25,1134.65,1139.37,1143.89,1148.39,1152.98,1157.76,1162.44,1166.98,1171.53,1176.15,1180.70,1184.72,1188.60,1192.44,1196.18,1200.20,1205.08
1156.01,1155.97,1158.02,1160.38,1162.59,1164.57,1166.33,1167.99,1169.24,1170.40,1171.76,1173.66,1175.88,1179.22,1183.26,1187.81,1193.29,1198.64,1203.44,1207.62,1211.37,1214.23,1215.89,1216.56,1216.31,1215.26,1213.90,1212.25,1210.24,1207.89,1205.60,1203.72,1202.34,1201.73,1203.43,1206.59,1210.41,1214.45,1218.40,1223.38,1228.47,1233.12,1236.93,1240.07,1242.39,1244.03,1245.08,1245.64,1245.97,1246.20,1246.40,1246.60,1247.26,1248.17,1249.12,1249.80,1249.84,1249.80,1249.77,1249.72,1249.63,1249.32,1248.98,1248.56,1247.74,1247.20,1246.72,1246.26,1246.20,1247.65,1250.93,1255.37,1260.40,1264.95,1268.04,1270.22,1271.65,1272.03,1271.52,1270.61,1269.15,1266.96,1264.85,1262.57,1260.14,1257.63,1255.15,1253.18,1252.53,1253.18,1255.02,1257.30,1259.72,1262.17,1264.66,1267.29,1269.24,1270.90,1272.42,1273.70,1274.56,1275.36,1276.12,1276.72,1277.08,1277.25,1277.07,1276.44,1275.46,1274.02,1271.55,1268.06,1263.84,1260.75,1260.58,1263.04,1267.94,1274.25,1280.72,1287.63,1294.58,1300.32,1304.63,1308.18,1311.24,1313.83,1316.28,1318.86,1321.29,1323.19,1324.01,1323.77,1322.60,1320.78,1318.45,1315.43,1312.14,1308.78,1305.32,1301.38,1295.42,1289.25,1283.36,1277.22,1270.80,1264.74,1258.96,1253.26,1247.89,1242.52,1236.67,1230.23,1223.66,1216.56,1209.97,1203.73,1197.21,1191.39,1185.48,1179.35,1173.20,1167.89,1163.38,1158.94,1154.51,1150.63,1147.49,1144.64,1141.77,1138.60,1135.02,1129.89,1124.14,1118.47,1113.64,1109.01,1104.57,1100.23,1095.73,1090.11,1083.31,1076.46,1070.40,1064.84,1059.22,1053.40,1047.32,1040.87,1034.63,1028.52,1022.44,1016.35,1010.78,1005.18,1000.59,997.60,995.47,993.89,992.68,991.68,990.73,989.73,988.96,988.41,988.19,988.71,989.84,991.81,994.52,997.41,1000.22,1003.47,1007.42,1012.22,1016.94,1021.38,1025.87,1030.68,1035.87,1040.55,1045.07,1049.72,1054.85,1060.58,1066.70,1073.10,1079.53,1085.17,1090.28,1094.89,1099.38,1104.66,1109.68,1113.61,1116.87,1120.17,1123.60,1127.06,1130.89,1135.23,1139.56,1143.63,1147.69,1152.01,1156.97,1161.88,1166.48,1170.99,1175.64,1180.37,1184.45,1188.31,1192.11,1195.71,1199.53,1204.38
1148.34,1148.71,1151.64,1154.39,1156.59,1158.30,1159.63,1160.88,1161.63,1162.43,1163.76,1166.22,1169.60,1174.25,1179.36,1184.43,1190.00,1195.48,1200.37,1204.60,1208.37,1211.12,1212.84,1213.64,1213.43,1212.57,1211.23,1209.53,1207.46,1205.04,1202.64,1200.54,1198.98,1198.72,1201.45,1205.35,1209.51,1213.64,1217.93,1222.66,1227.42,1231.72,1234.74,1237.14,1238.63,1239.49,1240.10,1240.49,1240.84,1241.11,1241.25,1241.43,1242.22,1243.40,1244.65,1245.53,1245.56,1245.42,1245.31,1245.22,1245.05,1244.55,1244.06,1243.49,1242.20,1241.31,1240.50,1239.82,1239.83,1241.81,1245.60,1250.24,1255.12,1259.72,1262.97,1265.22,1266.60,1266.91,1266.44,1265.45,1263.99,1262.06,1260.08,1257.85,1255.45,1252.97,1250.67,1248.71,1247.94,1248.50,1250.45,1252.90,1255.37,1257.74,1260.07,1262.56,1264.68,1266.58,1268.29,1269.70,1270.66,1271.52,1272.27,1272.79,1273.07,1273.15,1272.87,1272.12,1270.96,1269.31,1266.69,1263.10,1258.88,1256.13,1256.43,1259.29,1264.38,1270.52,1276.91,1283.46,1290.06,1296.36,1301.14,1305.02,1308.26,1310.91,1313.43,1315.69,1317.77,1319.46,1320.29,1320.25,1319.39,1317.95,1316.05,1313.36,1310.36,1307.36,1304.27,1300.31,1293.77,1287.37,1281.71,1275.54,1268.70,1262.16,1256.01,1250.27,1245.07,1239.57,1233.59,1227.07,1220.16,1213.31,1207.23,1201.36,1194.64,1188.92,1182.98,1176.67,1170.38,1165.50,1160.83,1155.99,1151.24,1147.41,1144.30,1141.36,1138.36,1135.09,1130.95,1125.60,1120.15,1115.17,1110.63,1106.17,1101.84,1097.47,1092.54,1086.29,1079.42,1072.46,1065.78,1059.59,1053.32,1047.31,1041.55,1035.69,1030.08,1024.27,1018.38,1012.72,1007.48,1002.18,998.05,995.54,993.19,991.44,990.01,988.84,988.04,987.29,987.00,986.97,987.23,988.34,990.26,992.93,996.15,999.41,1002.83,1007.02,1011.86,1016.97,1021.38,1025.66,1030.25,1035.26,1040.33,1044.82,1049.03,1053.32,1058.23,1063.83,1069.85,1075.95,1081.80,1087.02,1091.70,1096.06,1100.47,1105.60,1110.31,1114.11,1117.38,1120.72,1124.19,1127.68,1131.48,1135.66,1139.59,1143.32,1147.03,1151.07,1156.00,1161.04,1165.74,1170.35,1175.12,1180.07,1184.22,1188.09,1191.85,1195.31,1198.92,1203.62
1141.96,1142.24,1145.16,1148.57,1150.98,1152.42,1153.17,1154.03,1154.70,1155.73,1157.54,1160.82,1165.34,1170.42,1175.66,1180.93,1186.32,1191.59,1196.52,1200.98,1204.79,1207.86,1209.81,1210.70,1210.46,1209.72,1208.39,1206.61,1204.42,1202.05,1199.89,1198.03,1196.82,1197.29,1200.10,1204.05,1208.27,1212.42,1216.83,1221.41,1225.72,1229.45,1232.23,1234.09,1235.09,1235.57,1235.83,1236.09,1236.35,1236.34,1235.99,1235.88,1236.74,1238.16,1239.72,1240.82,1241.33,1241.40,1241.33,1241.28,1241.02,1240.34,1239.58,1238.62,1236.93,1235.54,1234.40,1233.64,1233.91,1236.50,1240.66,1245.43,1250.28,1254.72,1257.96,1260.23,1261.63,1261.98,1261.53,1260.59,1259.29,1257.61,1255.70,1253.34,1250.88,1248.48,1246.18,1244.13,1243.36,1243.96,1246.01,1248.84,1251.71,1254.28,1256.42,1258.37,1260.18,1261.99,1263.79,1265.45,1266.69,1267.65,1268.36,1268.76,1269.07,1269.05,1268.65,1267.73,1266.13,1263.86,1261.23,1258.29,1254.99,1252.30,1252.54,1255.53,1260.86,1266.72,1272.93,1279.28,1285.40,1290.70,1296.46,1300.97,1304.38,1307.20,1310.04,1312.29,1314.14,1315.61,1316.44,1316.56,1316.06,1315.03,1313.41,1311.25,1308.63,1305.84,1302.83,1298.88,1292.25,1285.87,1280.16,1273.53,1266.34,1259.60,1253.33,1247.41,1242.15,1236.28,1230.03,1223.42,1216.18,1209.94,1204.49,1198.80,1191.66,1185.96,1180.15,1174.07,1168.14,1163.40,1158.54,1153.44,1148.54,1144.86,1141.55,1138.31,1135.10,1131.54,1125.86,1120.56,1115.80,1111.42,1107.05,1102.70,1098.44,1094.14,1089.26,1082.41,1075.40,1067.98,1059.92,1052.68,1047.00,1041.75,1036.47,1031.03,1025.68,1020.23,1014.70,1009.28,1004.49,999.98,996.16,993.27,990.93,989.07,987.60,986.51,985.85,985.20,985.26,985.99,987.31,988.84,991.54,994.87,998.44,1001.98,1005.99,1011.24,1016.88,1021.67,1025.53,1029.90,1034.84,1040.08,1044.77,1048.99,1052.84,1056.84,1061.84,1067.49,1073.18,1078.71,1083.99,1088.89,1093.06,1097.14,1101.56,1106.54,1110.95,1114.61,1117.87,1121.22,1124.73,1128.27,1131.98,1135.87,1139.53,1143.12,1146.70,1150.50,1154.95,1159.78,1164.68,1169.66,1174.74,1179.79,1184.05,1187.94,1191.63,1194.95,1198.37,1202.77
1136.29,1136.36,1139.01,1142.25,1144.74,1146.30,1147.06,1147.73,1148.28,1149.36,1151.38,1155.04,1160.60,1166.31,1171.85,1177.24,1182.27,1187.35,1192.28,1196.88,1200.90,1203.96,1205.99,1207.04,1207.01,1206.40,1205.11,1203.44,1201.50,1199.37,1197.38,1195.60,1194.57,1195.65,1198.77,1202.66,1206.68,1210.63,1214.83,1219.03,1222.96,1226.40,1228.93,1230.56,1231.35,1231.55,1231.41,1231.35,1231.16,1230.73,1230.15,1230.04,1230.86,1232.19,1233.67,1234.84,1235.45,1235.71,1235.82,1235.83,1235.55,1234.80,1233.93,1232.92,1231.38,1229.89,1228.57,1227.84,1228.63,1231.70,1236.41,1241.53,1246.27,1250.14,1253.00,1255.13,1256.58,1257.05,1256.76,1255.97,1254.82,1253.29,1251.52,1249.37,1246.99,1244.42,1241.66,1239.20,1238.32,1239.07,1241.27,1244.08,1247.28,1250.38,1252.96,1254.74,1256.42,1258.11,1259.79,1261.34,1262.62,1263.65,1264.33,1264.56,1264.89,1264.78,1264.22,1263.16,1261.54,1259.25,1256.77,1253.91,1250.28,1247.50,1248.57,1252.34,1257.77,1263.35,1268.94,1274.66,1280.29,1285.36,1290.59,1295.19,1299.27,1302.95,1306.06,1308.43,1310.33,1311.78,1312.55,1312.72,1312.46,1311.80,1310.63,1308.91,1306.75,1304.32,1301.37,1296.74,1290.46,1284.38,1278.60,1271.79,1264.31,1257.04,1250.42,1244.72,1239.12,1232.77,1225.95,1218.88,1211.98,1206.41,1200.86,1194.80,1188.23,1182.76,1177.10,1171.37,1165.96,1161.22,1156.20,1151.01,1146.07,1142.15,1138.11,1134.46,1130.58,1125.59,1120.04,1115.33,1111.04,1106.91,1102.91,1098.93,1094.92,1090.57,1085.09,1078.10,1070.61,1062.50,1053.97,1047.24,1041.64,1036.32,1031.05,1025.90,1020.89,1015.95,1011.04,1006.22,1001.63,997.43,993.77,990.80,988.49,986.59,985.13,984.12,983.65,983.75,984.71,986.18,987.91,989.89,993.35,997.27,1001.17,1005.07,1010.20,1015.93,1021.39,1025.83,1030.15,1034.70,1039.53,1044.45,1048.76,1052.58,1056.38,1060.60,1065.87,1071.03,1076.33,1081.51,1086.25,1090.53,1094.37,1098.34,1102.75,1107.63,1111.64,1115.10,1118.38,1121.75,1125.26,1128.78,1132.35,1135.96,1139.36,1142.88,1146.43,1150.13,1154.32,1158.85,1163.67,1168.68,1173.83,1179.16,1183.61,1187.69,1191.51,1194.75,1198.07,1202.17
1130.87,1130.71,1132.96,1135.62,1138.00,1139.72,1140.67,1141.29,1141.78,1143.06,1145.43,1149.48,1155.74,1161.98,1167.86,1173.34,1178.03,1182.92,1187.80,1192.47,1196.71,1199.67,1201.73,1203.01,1203.30,1202.82,1201.64,1200.17,1198.56,1196.72,1194.89,1193.15,1192.22,1193.75,1197.22,1201.08,1204.84,1208.49,1212.36,1216.10,1219.68,1222.89,1225.18,1226.70,1227.34,1227.29,1226.73,1226.28,1225.53,1224.66,1223.97,1223.94,1224.74,1225.94,1227.27,1228.44,1229.05,1229.46,1229.74,1229.81,1229.56,1228.80,1227.92,1226.97,1225.67,1224.24,1222.85,1222.25,1223.74,1227.24,1232.42,1237.86,1242.56,1245.94,1248.32,1250.23,1251.68,1252.28,1252.19,1251.57,1250.56,1249.15,1247.56,1245.66,1243.31,1240.41,1237.08,1234.17,1233.18,1234.06,1236.46,1239.15,1242.53,1246.07,1249.19,1251.05,1252.79,1254.46,1255.99,1257.30,1258.54,1259.61,1260.28,1260.39,1260.72,1260.54,1259.85,1258.66,1257.10,1254.86,1252.37,1249.27,1245.04,1242.48,1244.69,1249.40,1254.86,1260.16,1265.06,1270.03,1275.16,1280.14,1284.32,1288.71,1293.44,1298.13,1301.60,1304.33,1306.48,1307.96,1308.68,1308.88,1308.76,1308.40,1307.66,1306.35,1304.68,1302.61,1299.60,1294.27,1288.50,1282.81,1277.01,1270.24,1262.66,1254.84,1247.81,1242.29,1236.08,1229.29,1221.87,1214.23,1207.97,1202.83,1196.92,1190.47,1184.77,1179.57,1174.08,1168.71,1163.82,1158.98,1153.84,1148.64,1143.66,1139.24,1134.25,1129.96,1125.23,1118.81,1113.96,1109.91,1106.00,1102.09,1098.57,1095.01,1091.18,1086.61,1080.42,1073.42,1065.37,1056.69,1048.25,1042.36,1036.57,1030.88,1025.49,1020.62,1016.02,1011.65,1007.42,1003.24,998.75,994.68,991.15,988.26,985.98,984.06,982.70,981.86,981.67,982.69,984.63,986.76,988.76,991.40,995.56,1000.00,1004.28,1008.82,1014.94,1020.74,1025.72,1030.04,1034.97,1039.57,1044.04,1048.45,1052.38,1055.92,1059.85,1064.49,1069.90,1074.44,1079.31,1084.16,1088.41,1092.04,1095.66,1099.58,1103.95,1108.73,1112.35,1115.62,1118.88,1122.25,1125.70,1129.16,1132.60,1135.94,1139.16,1142.62,1146.18,1149.86,1153.90,1158.15,1162.79,1167.65,1172.71,1178.33,1183.08,1187.43,1191.43,1194.64,1197.87,1201.69
1125.33,1125.12,1126.78,1128.56,1130.24,1131.60,1132.54,1133.36,1134.21,1136.51,1140.36,1145.47,1151.19,1157.22,1163.25,1168.89,1173.61,1178.29,1182.99,1187.57,1191.70,1194.75,1197.05,1198.66,1199.25,1198.94,1198.10,1196.89,1195.36,1193.68,1192.03,1190.47,1189.66,1191.11,1194.71,1198.72,1202.50,1205.93,1209.38,1212.83,1216.01,1218.78,1220.97,1222.26,1222.60,1222.22,1221.30,1220.38,1219.21,1218.07,1217.28,1217.23,1218.34,1219.78,1221.21,1222.43,1223.15,1223.62,1223.91,1223.97,1223.83,1223.17,1222.34,1221.35,1219.87,1218.39,1217.13,1216.99,1219.38,1223.34,1228.35,1233.72,1238.83,1242.62,1244.78,1246.34,1247.56,1248.12,1248.12,1247.66,1246.83,1245.61,1244.17,1242.19,1239.39,1235.83,1232.23,1229.35,1228.33,1229.21,1231.87,1234.66,1237.67,1240.77,1243.76,1246.18,1248.51,1250.56,1252.22,1253.43,1254.57,1255.62,1256.37,1256.64,1256.91,1256.77,1256.07,1254.76,1252.90,1250.01,1246.57,1242.76,1239.00,1238.08,1241.34,1246.52,1252.05,1257.08,1261.59,1266.13,1270.71,1274.88,1278.39,1282.15,1286.63,1291.86,1296.07,1299.95,1302.74,1304.17,1304.97,1305.19,1305.09,1304.74,1304.09,1303.20,1302.04,1300.02,1296.50,1291.51,1286.27,1280.89,1275.29,1269.10,1261.99,1254.20,1246.84,1240.70,1233.28,1226.31,1218.72,1210.75,1205.05,1199.29,1193.18,1187.15,1181.96,1176.84,1171.58,1166.46,1161.65,1156.61,1151.45,1146.32,1141.18,1135.78,1129.77,1124.12,1118.52,1112.63,1108.00,1104.00,1100.46,1097.35,1094.34,1090.95,1086.74,1081.54,1075.08,1067.93,1059.59,1051.13,1043.63,1037.34,1031.09,1025.17,1019.86,1015.42,1011.48,1007.70,1003.90,999.91,995.62,991.76,988.46,985.73,983.39,981.61,980.54,980.16,980.56,982.20,984.51,987.01,989.73,993.90,998.63,1003.26,1008.12,1014.42,1020.13,1025.22,1030.16,1035.36,1039.82,1043.66,1047.53,1051.60,1055.22,1059.10,1063.59,1068.50,1073.26,1077.56,1081.89,1086.16,1090.06,1093.37,1096.91,1100.76,1104.99,1109.59,1113.07,1116.24,1119.36,1122.48,1125.87,1129.25,1132.54,1135.72,1138.91,1142.34,1145.89,1149.60,1153.64,1157.90,1162.37,1166.89,1171.58,1177.23,1182.59,1187.36,1191.37,1194.57,1197.71,1201.38
1120.11,1119.73,1120.82,1122.02,1123.18,1124.20,1125.06,1126.00,1127.47,1130.67,1135.60,1141.77,1147.33,1152.96,1158.66,1164.18,1168.91,1173.27,1177.60,1182.03,1186.46,1189.61,1192.10,1194.02,1195.00,1194.95,1194.46,1193.49,1191.90,1190.07,1188.41,1187.14,1186.80,1188.62,1192.06,1195.94,1199.69,1203.07,1206.26,1209.27,1211.96,1214.29,1216.25,1217.24,1217.29,1216.68,1215.59,1214.46,1213.04,1211.52,1210.33,1210.32,1211.82,1213.50,1214.93,1216.12,1216.89,1217.40,1217.68,1217.72,1217.67,1217.24,1216.52,1215.46,1213.88,1212.38,1211.39,1211.73,1214.69,1219.16,1224.22,1229.43,1234.42,1238.39,1240.74,1242.35,1243.54,1244.16,1244.21,1243.88,1243.14,1241.86,1240.30,1237.93,1234.84,1231.23,1227.81,1224.94,1223.65,1224.26,1227.05,1230.02,1233.09,1236.09,1238.88,1241.36,1243.78,1245.98,1247.85,1249.27,1250.43,1251.49,1252.34,1252.83,1253.09,1252.99,1252.27,1250.80,1248.63,1245.31,1240.77,1235.98,1232.88,1233.47,1237.75,1243.45,1249.12,1254.05,1258.18,1262.26,1266.40,1270.29,1273.74,1277.20,1281.26,1286.19,1290.49,1294.58,1297.59,1299.26,1300.33,1300.64,1300.65,1300.44,1299.84,1299.14,1298.29,1296.46,1293.05,1288.88,1284.32,1279.45,1274.20,1268.32,1261.71,1254.10,1246.56,1239.86,1231.64,1224.68,1217.12,1208.93,1203.42,1197.21,1190.92,1185.04,1179.93,1174.69,1169.49,1164.42,1159.48,1154.26,1149.16,1144.22,1139.19,1133.38,1126.65,1120.11,1113.97,1108.31,1103.48,1099.38,1096.00,1093.13,1089.84,1086.11,1081.49,1075.99,1069.63,1062.42,1054.06,1045.87,1038.86,1032.25,1025.77,1019.79,1014.66,1010.76,1007.37,1003.99,1000.44,996.62,992.51,988.97,985.91,983.26,981.10,979.66,978.98,979.03,980.05,982.53,985.36,988.43,992.15,997.07,1001.88,1006.92,1012.62,1019.37,1024.56,1029.34,1034.31,1039.52,1043.51,1047.08,1050.69,1054.44,1058.13,1062.51,1067.23,1071.91,1076.04,1080.08,1084.05,1087.91,1091.53,1094.68,1098.18,1102.00,1106.10,1110.39,1113.73,1116.80,1119.77,1122.71,1125.96,1129.28,1132.49,1135.57,1138.70,1142.10,1145.66,1149.38,1153.45,1157.87,1162.24,1166.47,1170.82,1176.33,1181.95,1187.05,1191.29,1194.48,1197.56,1201.11
1115.22,1114.56,1115.13,1116.09,1116.95,1117.71,1118.44,1119.40,1121.70,1125.61,1131.12,1138.15,1144.05,1149.19,1154.18,1159.27,1163.97,1167.90,1171.72,1175.94,1180.95,1184.27,1186.88,1189.04,1190.45,1190.74,1190.59,1189.77,1188.06,1185.86,1184.10,1183.23,1183.69,1186.28,1189.33,1192.81,1196.43,1199.91,1202.98,1205.45,1207.59,1209.49,1211.07,1211.73,1211.56,1210.83,1209.73,1208.64,1207.12,1205.18,1203.34,1203.38,1205.27,1207.13,1208.49,1209.56,1210.31,1210.84,1211.13,1211.13,1211.13,1210.98,1210.42,1209.31,1207.73,1206.24,1205.63,1206.48,1209.65,1214.61,1219.95,1224.96,1229.36,1233.20,1236.04,1238.09,1239.48,1240.22,1240.28,1240.04,1239.30,1237.75,1235.84,1232.93,1229.77,1226.70,1223.78,1220.87,1219.12,1219.25,1222.02,1225.20,1228.73,1232.04,1234.68,1236.79,1238.81,1240.87,1242.95,1244.83,1246.12,1247.21,1248.17,1248.87,1249.16,1249.08,1248.32,1246.67,1244.17,1240.62,1235.01,1229.17,1226.75,1228.54,1233.78,1240.07,1245.96,1250.99,1254.85,1258.48,1262.30,1266.44,1270.35,1273.91,1277.49,1281.39,1285.10,1288.42,1291.19,1293.28,1294.73,1295.19,1295.43,1295.47,1294.95,1294.28,1293.57,1292.12,1289.45,1286.39,1282.64,1278.45,1273.71,1267.89,1261.70,1254.40,1246.85,1239.76,1231.24,1224.45,1217.03,1208.74,1203.04,1196.66,1190.22,1184.14,1178.71,1173.16,1167.82,1162.60,1157.37,1152.03,1147.12,1142.51,1137.83,1132.22,1125.10,1118.22,1111.85,1105.91,1100.47,1096.17,1092.63,1089.30,1084.99,1080.50,1075.55,1070.13,1064.12,1056.93,1048.82,1040.88,1033.85,1027.14,1020.68,1014.85,1010.03,1006.73,1003.72,1000.50,997.05,993.43,989.53,986.36,983.51,980.93,979.16,978.22,977.98,978.47,980.13,983.72,987.24,991.13,995.96,1000.75,1005.29,1010.92,1017.57,1023.40,1028.14,1033.06,1038.04,1042.40,1046.04,1049.89,1053.59,1057.06,1061.15,1066.05,1070.63,1074.63,1078.29,1082.02,1085.81,1089.47,1092.85,1095.98,1099.49,1103.32,1107.31,1111.14,1114.32,1117.26,1120.12,1122.95,1126.02,1129.28,1132.47,1135.50,1138.55,1141.93,1145.49,1149.21,1153.32,1158.02,1162.37,1166.37,1170.44,1175.67,1181.18,1186.51,1191.17,1194.34,1197.38,1200.87
1110.27,1109.63,1110.04,1110.82,1111.35,1111.78,1112.34,1113.49,1116.52,1121.12,1127.00,1133.94,1139.96,1145.05,1149.82,1154.62,1159.05,1162.63,1166.13,1170.06,1174.70,1178.46,1181.19,1183.24,1184.77,1185.29,1185.09,1184.28,1182.86,1181.05,1179.77,1179.50,1180.54,1183.36,1186.38,1189.61,1192.91,1196.11,1199.13,1201.46,1203.32,1204.83,1206.01,1206.58,1206.40,1205.65,1204.49,1203.36,1201.72,1199.73,1197.87,1197.50,1199.21,1201.22,1202.83,1203.91,1204.64,1205.08,1205.29,1205.29,1205.28,1204.93,1204.27,1203.27,1201.84,1200.45,1200.04,1201.19,1204.64,1209.30,1214.51,1219.69,1224.37,1227.98,1230.80,1232.90,1234.35,1235.04,1235.13,1234.91,1234.23,1232.77,1230.90,1228.28,1225.42,1222.51,1219.47,1216.37,1214.63,1214.82,1217.41,1220.37,1223.81,1227.32,1230.50,1233.00,1234.97,1236.87,1238.78,1240.51,1241.80,1242.84,1243.68,1244.25,1244.52,1244.36,1243.55,1241.79,1238.69,1234.09,1228.27,1222.91,1220.91,1223.33,1229.03,1235.64,1241.88,1247.56,1252.03,1255.84,1259.43,1263.35,1267.43,1271.32,1274.90,1278.13,1281.18,1283.96,1286.22,1287.83,1288.87,1289.29,1289.56,1289.81,1289.97,1289.93,1289.61,1288.66,1286.76,1284.09,1280.85,1277.14,1272.85,1267.62,1261.75,1254.95,1247.76,1240.50,1232.11,1225.24,1217.78,1209.51,1203.58,1197.28,1190.79,1184.36,1178.32,1172.65,1166.95,1161.34,1155.96,1150.82,1146.41,1142.27,1137.84,1132.14,1125.08,1118.17,1111.58,1105.15,1098.93,1093.88,1089.17,1084.39,1079.69,1074.87,1070.00,1064.77,1058.48,1051.20,1043.44,1035.86,1028.89,1022.31,1016.06,1010.88,1006.90,1003.68,1000.58,997.39,994.09,990.73,987.16,984.00,981.35,979.27,977.70,976.79,977.02,978.40,981.10,985.70,990.14,994.66,999.60,1004.07,1009.01,1014.90,1021.25,1026.37,1031.10,1035.88,1040.50,1044.54,1048.16,1052.37,1056.31,1059.75,1063.96,1068.63,1072.86,1076.55,1080.08,1083.72,1087.35,1090.83,1094.08,1097.19,1100.79,1104.68,1108.52,1111.78,1114.76,1117.68,1120.53,1123.29,1126.18,1129.33,1132.47,1135.50,1138.61,1142.00,1145.49,1149.16,1153.43,1158.31,1162.52,1166.28,1170.21,1175.27,1180.62,1185.95,1190.76,1194.00,1197.15,1200.65
1105.29,1104.78,1105.19,1105.83,1106.04,1106.08,1106.39,1107.89,1111.65,1116.85,1122.92,1129.46,1135.49,1140.67,1145.42,1150.00,1154.22,1157.67,1160.99,1164.56,1168.62,1172.72,1175.68,1177.71,1179.23,1179.86,1179.54,1178.70,1177.52,1176.17,1175.39,1175.67,1177.17,1180.12,1183.22,1186.31,1189.28,1192.14,1195.04,1197.30,1199.00,1200.23,1201.10,1201.60,1201.43,1200.68,1199.47,1198.30,1196.57,1194.55,1192.70,1191.95,1193.43,1195.51,1197.36,1198.50,1199.20,1199.56,1199.70,1199.70,1199.63,1199.04,1198.28,1197.36,1196.05,1194.80,1194.61,1196.06,1199.75,1204.01,1208.90,1214.00,1218.81,1222.41,1225.20,1227.36,1228.90,1229.59,1229.71,1229.54,1228.94,1227.64,1225.84,1223.59,1221.02,1218.14,1215.01,1211.91,1210.17,1210.33,1212.80,1215.67,1218.94,1222.47,1226.01,1228.88,1231.06,1233.05,1234.91,1236.39,1237.64,1238.61,1239.30,1239.68,1239.89,1239.56,1238.56,1236.58,1232.90,1227.45,1221.71,1217.01,1215.35,1218.28,1224.18,1230.96,1237.55,1243.66,1248.87,1253.15,1256.80,1260.46,1264.52,1268.63,1272.29,1275.08,1277.52,1279.77,1281.46,1282.47,1283.06,1283.49,1283.92,1284.49,1285.29,1285.88,1285.93,1285.44,1284.20,1281.88,1279.12,1275.85,1271.99,1267.32,1261.72,1255.51,1248.84,1241.60,1233.64,1226.74,1219.20,1210.92,1204.60,1198.32,1191.77,1185.00,1178.34,1172.59,1166.57,1160.62,1155.19,1150.28,1146.28,1142.50,1138.24,1132.41,1125.56,1118.75,1112.04,1105.20,1098.26,1092.34,1086.41,1080.26,1075.07,1069.84,1064.72,1059.33,1052.73,1045.54,1038.17,1030.99,1024.23,1017.81,1011.97,1007.47,1004.17,1000.92,997.67,994.49,991.34,988.18,984.89,981.67,979.18,977.65,976.27,975.67,976.54,978.93,982.90,988.24,993.35,998.19,1002.89,1007.22,1012.71,1018.63,1024.32,1028.93,1033.66,1038.24,1042.54,1046.49,1050.34,1054.83,1058.96,1062.44,1066.61,1070.84,1074.69,1078.20,1081.62,1085.18,1088.68,1092.04,1095.20,1098.30,1102.03,1105.96,1109.66,1112.44,1115.24,1118.10,1120.93,1123.65,1126.41,1129.40,1132.50,1135.61,1138.78,1142.13,1145.50,1149.09,1153.45,1158.41,1162.53,1166.16,1170.10,1175.06,1180.25,1185.51,1190.37,1193.68,1196.92,1200.44
1100.27,1099.98,1100.55,1101.17,1101.09,1100.61,1100.51,1102.63,1107.17,1112.76,1118.70,1124.68,1130.58,1135.97,1140.86,1145.30,1149.60,1153.40,1156.72,1159.83,1163.37,1167.41,1170.79,1173.26,1174.67,1175.16,1174.77,1173.83,1172.59,1171.46,1170.92,1171.49,1173.29,1176.43,1179.73,1182.78,1185.56,1188.12,1190.69,1192.79,1194.47,1195.72,1196.49,1196.81,1196.57,1195.84,1194.66,1193.50,1191.70,1189.51,1187.41,1186.55,1188.01,1190.06,1191.90,1193.12,1193.84,1194.16,1194.29,1194.30,1194.02,1193.45,1192.68,1191.68,1190.34,1189.28,1189.47,1191.30,1195.10,1199.20,1203.52,1207.77,1211.84,1216.03,1219.09,1221.47,1223.28,1224.20,1224.35,1224.27,1223.82,1222.64,1220.80,1218.62,1216.05,1213.16,1210.37,1207.76,1205.77,1205.36,1207.94,1211.28,1214.54,1217.70,1220.80,1223.56,1226.33,1229.04,1231.38,1232.72,1233.87,1234.78,1235.39,1235.63,1235.69,1234.99,1233.52,1231.01,1226.90,1221.55,1216.08,1211.65,1210.28,1213.74,1219.58,1226.32,1233.13,1238.87,1244.61,1249.74,1254.03,1257.63,1261.41,1265.36,1268.99,1271.70,1273.66,1275.27,1276.41,1277.05,1277.55,1278.14,1279.15,1280.37,1281.37,1282.23,1282.55,1282.32,1281.44,1279.80,1277.57,1274.79,1271.34,1266.88,1261.51,1255.96,1249.98,1243.08,1236.01,1229.32,1221.75,1213.31,1206.25,1199.69,1193.02,1186.04,1178.90,1172.99,1166.88,1160.89,1155.53,1150.79,1146.76,1143.01,1138.82,1132.90,1126.35,1119.83,1113.26,1106.26,1098.83,1092.03,1085.32,1078.57,1072.32,1066.21,1059.90,1053.39,1046.82,1040.16,1033.23,1026.51,1020.32,1013.96,1008.87,1004.86,1001.55,998.31,995.06,991.90,988.81,985.75,982.51,979.23,976.90,975.78,974.63,975.29,977.22,980.58,986.18,991.65,996.72,1001.27,1005.41,1010.16,1016.14,1021.77,1026.59,1031.15,1035.60,1039.99,1044.25,1048.37,1052.83,1057.40,1061.55,1065.16,1068.97,1072.65,1076.22,1079.63,1082.82,1086.23,1089.65,1092.97,1096.13,1099.24,1103.11,1107.06,1110.57,1113.20,1115.86,1118.57,1121.31,1124.01,1126.73,1129.55,1132.63,1135.96,1139.09,1142.24,1145.42,1148.87,1153.09,1157.99,1162.18,1166.02,1170.20,1175.19,1180.27,1185.39,1190.18,1193.49,1196.74,1200.25
1094.63,1093.77,1094.07,1094.42,1094.54,1094.81,1095.88,1098.90,1103.63,1108.92,1114.29,1119.57,1124.95,1130.16,1135.09,1139.69,1144.28,1148.72,1152.58,1155.88,1159.16,1163.03,1166.58,1169.27,1170.56,1171.00,1170.48,1169.41,1168.08,1166.96,1166.48,1167.27,1169.38,1172.69,1176.13,1179.13,1181.76,1184.16,1186.56,1188.53,1190.09,1191.24,1191.86,1192.02,1191.71,1190.98,1189.82,1188.60,1186.54,1184.14,1182.06,1181.34,1182.68,1184.53,1186.22,1187.49,1188.19,1188.45,1188.48,1188.35,1187.84,1187.18,1186.40,1185.47,1184.46,1183.84,1184.68,1187.00,1190.55,1194.31,1198.28,1202.16,1205.89,1209.76,1212.53,1214.68,1216.40,1217.51,1218.00,1218.25,1218.05,1217.02,1215.37,1213.47,1211.24,1208.65,1205.99,1203.41,1201.32,1200.73,1203.11,1206.60,1210.04,1213.28,1216.26,1218.80,1221.39,1223.96,1226.30,1228.00,1229.27,1230.25,1230.87,1230.95,1230.82,1229.80,1227.92,1225.01,1220.82,1215.57,1210.40,1206.30,1205.03,1208.83,1214.86,1221.72,1228.73,1234.69,1240.14,1245.40,1250.32,1254.33,1257.90,1261.30,1264.40,1266.88,1268.65,1269.97,1270.86,1271.37,1271.89,1272.71,1274.11,1275.73,1276.96,1278.27,1279.13,1279.39,1278.91,1277.83,1275.87,1273.47,1270.52,1266.25,1261.09,1255.90,1250.36,1243.95,1237.84,1231.75,1224.41,1215.83,1208.38,1201.15,1194.03,1187.00,1180.23,1174.30,1168.23,1162.26,1156.84,1152.29,1148.21,1144.25,1139.81,1133.77,1127.40,1121.17,1114.90,1108.11,1100.37,1093.00,1085.58,1077.95,1070.67,1063.62,1056.74,1050.02,1043.45,1036.64,1029.76,1023.21,1017.19,1011.18,1006.19,1002.21,998.93,995.68,992.44,989.33,986.33,983.29,979.92,976.57,974.38,973.77,973.87,975.78,978.92,983.26,989.27,994.72,999.51,1003.76,1007.79,1012.88,1018.64,1023.96,1028.56,1032.82,1036.97,1041.39,1045.96,1050.41,1055.00,1059.34,1063.29,1066.89,1070.49,1073.99,1077.47,1080.86,1084.00,1087.24,1090.55,1093.82,1097.00,1100.23,1104.07,1107.87,1111.20,1113.77,1116.33,1118.88,1121.43,1124.00,1126.60,1129.26,1132.32,1135.88,1139.36,1142.50,1145.53,1148.76,1152.79,1157.64,1161.99,1166.02,1170.26,1175.24,1180.26,1185.37,1190.13,1193.47,1196.72,1200.26
1088.77,1087.15,1087.03,1087.03,1087.64,1089.15,1091.89,1095.91,1100.58,1105.35,1110.02,1114.56,1119.27,1124.11,1128.98,1133.84,1138.82,1143.91,1148.42,1152.16,1155.47,1159.15,1162.73,1165.52,1166.73,1167.18,1166.60,1165.42,1163.95,1162.66,1162.11,1163.03,1165.39,1168.90,1172.44,1175.40,1177.94,1180.28,1182.55,1184.38,1185.79,1186.75,1187.17,1187.19,1186.83,1186.08,1184.92,1183.57,1181.25,1178.72,1176.75,1176.24,1177.42,1178.97,1180.43,1181.66,1182.30,1182.46,1182.36,1182.03,1181.27,1180.53,1179.78,1179.05,1178.55,1178.53,1180.08,1182.81,1185.95,1189.24,1192.90,1196.66,1200.28,1203.55,1205.88,1207.69,1209.22,1210.48,1211.37,1212.00,1212.09,1211.28,1209.93,1208.41,1206.59,1204.35,1201.69,1198.93,1196.83,1196.24,1198.39,1201.85,1205.51,1208.97,1211.97,1214.31,1216.48,1218.62,1220.74,1222.82,1224.22,1225.27,1225.88,1225.81,1225.38,1224.14,1221.95,1218.73,1214.65,1209.55,1204.74,1200.98,1199.80,1203.97,1210.26,1217.28,1224.39,1230.75,1235.69,1240.72,1246.00,1250.48,1253.97,1256.79,1259.24,1261.39,1263.03,1264.24,1265.08,1265.63,1266.28,1267.35,1269.00,1270.85,1272.38,1274.21,1275.70,1276.51,1276.42,1275.86,1274.14,1272.10,1269.59,1265.49,1260.57,1255.64,1250.46,1244.65,1239.42,1234.01,1227.01,1218.44,1210.72,1202.75,1195.11,1188.11,1182.01,1176.14,1170.13,1164.18,1158.66,1154.25,1150.07,1145.79,1140.96,1134.72,1128.43,1122.50,1116.62,1110.13,1102.27,1094.55,1086.53,1078.03,1069.86,1061.90,1054.72,1048.13,1041.54,1034.37,1027.41,1020.86,1014.77,1008.97,1003.78,999.61,996.31,993.06,989.83,986.76,983.78,980.65,977.07,973.81,971.85,971.81,973.44,976.62,981.00,986.28,992.13,997.43,1001.88,1005.86,1009.95,1015.29,1020.61,1025.66,1030.29,1034.20,1038.10,1042.69,1047.65,1052.38,1056.89,1060.87,1064.55,1068.07,1071.56,1075.04,1078.51,1081.90,1085.07,1088.18,1091.38,1094.58,1097.77,1101.14,1104.90,1108.50,1111.64,1114.19,1116.66,1119.05,1121.42,1123.83,1126.29,1128.81,1131.85,1135.62,1139.56,1142.76,1145.65,1148.68,1152.53,1157.38,1161.89,1166.10,1170.36,1175.30,1180.31,1185.40,1190.18,1193.55,1196.80,1200.37
1083.19,1081.44,1081.07,1081.03,1082.38,1084.80,1088.30,1093.11,1097.92,1102.49,1106.76,1110.66,1114.73,1119.12,1123.75,1128.68,1134.09,1139.41,1144.00,1147.92,1151.92,1155.62,1159.12,1161.93,1163.27,1163.85,1163.51,1162.40,1160.65,1158.85,1157.97,1158.79,1161.24,1164.96,1168.59,1171.61,1174.23,1176.59,1178.67,1180.34,1181.48,1182.12,1182.36,1182.30,1181.83,1181.05,1179.98,1178.25,1176.00,1173.65,1171.73,1171.24,1172.26,1173.54,1174.64,1175.46,1175.92,1175.91,1175.66,1175.18,1174.08,1173.41,1172.96,1172.70,1172.90,1173.66,1175.58,1178.23,1180.91,1183.49,1186.68,1190.33,1194.13,1197.33,1199.71,1201.61,1203.18,1204.51,1205.48,1206.21,1206.57,1206.24,1205.32,1204.02,1202.33,1200.12,1197.26,1194.33,1192.19,1191.72,1194.05,1197.38,1200.95,1204.38,1207.41,1209.85,1212.08,1214.16,1216.08,1217.70,1218.81,1219.61,1220.02,1219.77,1218.80,1217.57,1215.39,1212.06,1208.27,1203.57,1199.20,1195.87,1195.04,1200.02,1206.52,1213.36,1220.26,1226.57,1231.71,1236.38,1240.83,1245.08,1248.91,1251.88,1254.12,1255.75,1257.05,1258.17,1259.19,1260.13,1261.17,1262.56,1264.14,1265.92,1268.02,1270.31,1272.27,1273.45,1273.66,1273.65,1272.59,1270.93,1268.53,1264.46,1259.99,1255.50,1250.84,1245.79,1240.93,1235.73,1229.19,1221.16,1213.05,1204.78,1197.01,1190.07,1184.20,1178.51,1172.42,1166.37,1160.88,1156.28,1151.80,1147.24,1142.07,1135.30,1128.85,1123.27,1117.77,1111.31,1103.94,1096.12,1087.84,1079.16,1070.60,1062.05,1054.48,1047.76,1041.14,1033.96,1027.04,1020.40,1013.89,1007.23,1001.70,997.25,993.64,990.39,987.23,984.15,980.93,977.28,973.41,970.90,969.85,970.46,972.80,977.27,982.81,988.72,994.37,999.33,1003.46,1007.29,1011.46,1016.65,1021.97,1027.03,1031.56,1035.37,1039.34,1044.16,1049.25,1053.77,1058.12,1061.90,1065.40,1068.82,1072.29,1075.76,1079.21,1082.57,1085.73,1088.88,1091.99,1095.09,1098.25,1101.63,1105.34,1108.84,1111.83,1114.25,1116.62,1118.99,1121.35,1123.69,1126.06,1128.48,1131.52,1135.45,1139.54,1142.67,1145.52,1148.54,1152.31,1157.29,1161.91,1166.24,1170.68,1175.60,1180.53,1185.61,1190.45,1193.74,1196.94,1200.54
1077.65,1075.70,1075.19,1075.18,1077.04,1080.14,1084.28,1089.51,1094.60,1099.27,1103.45,1107.05,1110.63,1114.88,1119.68,1124.94,1130.52,1135.81,1140.38,1144.39,1148.57,1151.94,1155.14,1157.89,1159.49,1160.21,1160.07,1159.08,1157.23,1155.14,1153.83,1154.46,1156.98,1160.86,1164.49,1167.62,1170.40,1172.89,1174.91,1176.41,1177.35,1177.77,1177.82,1177.65,1177.06,1176.12,1174.84,1172.87,1170.64,1168.33,1166.31,1165.62,1166.42,1167.52,1168.43,1169.03,1169.31,1169.20,1168.86,1168.30,1167.15,1166.46,1166.12,1166.08,1166.57,1167.99,1170.44,1173.35,1175.94,1178.00,1180.56,1183.71,1187.27,1190.52,1193.01,1195.08,1196.87,1198.31,1199.38,1200.20,1200.73,1200.79,1200.18,1199.04,1197.46,1195.30,1192.28,1189.24,1187.23,1187.06,1189.73,1193.19,1196.72,1199.98,1202.81,1205.19,1207.48,1209.58,1211.39,1212.71,1213.63,1214.21,1214.39,1213.91,1212.65,1211.20,1208.90,1205.62,1202.11,1197.82,1193.42,1190.16,1190.47,1196.22,1202.97,1209.67,1216.28,1222.72,1227.96,1232.41,1236.38,1240.11,1243.63,1246.47,1248.65,1250.17,1251.29,1252.36,1253.42,1254.45,1255.59,1257.01,1258.67,1260.64,1263.09,1265.63,1267.92,1269.60,1270.44,1270.91,1270.41,1269.07,1266.73,1263.03,1259.12,1255.10,1250.88,1246.33,1241.76,1236.73,1230.75,1223.55,1215.35,1206.95,1199.10,1192.13,1186.34,1181.02,1174.99,1168.82,1163.14,1158.10,1153.35,1148.48,1142.94,1135.93,1129.23,1123.76,1118.50,1112.10,1105.07,1097.12,1088.87,1080.55,1072.00,1062.83,1054.86,1048.09,1041.57,1034.60,1027.41,1020.27,1013.17,1005.55,999.75,995.04,990.99,987.42,984.12,980.89,977.49,973.74,970.39,968.82,968.62,969.79,972.81,978.32,984.56,990.67,996.09,1000.73,1004.65,1008.43,1012.64,1017.64,1023.14,1028.28,1032.72,1036.51,1040.60,1045.48,1050.49,1054.76,1058.93,1062.55,1065.90,1069.23,1072.70,1076.20,1079.68,1083.09,1086.32,1089.50,1092.55,1095.57,1098.69,1102.08,1105.75,1109.12,1111.95,1114.28,1116.54,1118.82,1121.12,1123.42,1125.75,1128.13,1131.14,1135.10,1139.43,1142.56,1145.38,1148.44,1152.30,1157.42,1162.17,1166.64,1171.25,1176.15,1181.02,1186.00,1190.70,1193.96,1197.15,1200.84
1072.08,1069.83,1069.20,1069.31,1071.40,1074.96,1079.68,1084.97,1090.43,1095.48,1099.91,1103.57,1106.84,1111.33,1116.78,1122.67,1128.14,1133.16,1137.64,1141.65,1145.41,1148.12,1150.80,1153.41,1155.34,1156.18,1156.12,1155.25,1153.57,1151.45,1149.66,1150.07,1152.68,1156.59,1160.13,1163.37,1166.38,1169.07,1171.18,1172.53,1173.33,1173.66,1173.54,1173.20,1172.46,1171.25,1169.47,1167.44,1165.16,1162.74,1160.50,1159.42,1159.91,1160.87,1161.80,1162.44,1162.58,1162.44,1162.09,1161.50,1160.62,1159.78,1159.26,1159.18,1159.53,1161.45,1164.58,1168.09,1170.97,1172.78,1174.65,1176.93,1179.77,1183.07,1185.65,1187.96,1190.08,1191.70,1192.92,1193.83,1194.47,1194.75,1194.34,1193.28,1191.81,1189.78,1186.73,1183.68,1181.96,1182.26,1185.33,1189.19,1192.76,1195.79,1198.23,1200.40,1202.64,1204.76,1206.58,1207.85,1208.70,1209.14,1209.10,1208.35,1207.09,1205.17,1202.62,1199.52,1196.14,1192.19,1187.33,1183.87,1186.03,1192.50,1199.57,1206.24,1212.54,1219.26,1224.39,1228.83,1232.78,1235.83,1238.38,1240.74,1242.93,1244.76,1245.88,1246.93,1247.86,1248.64,1249.55,1250.71,1252.61,1255.03,1257.54,1260.06,1262.57,1264.84,1266.60,1267.47,1267.43,1266.31,1264.14,1261.17,1257.90,1254.35,1250.45,1246.12,1241.82,1236.98,1231.64,1225.49,1217.59,1209.19,1201.27,1194.19,1188.34,1183.52,1177.74,1171.47,1165.36,1159.63,1154.63,1149.42,1143.51,1136.63,1129.62,1124.01,1118.77,1112.47,1105.60,1097.46,1089.45,1081.97,1073.80,1064.07,1055.72,1048.95,1042.68,1036.08,1028.29,1020.23,1012.42,1003.93,997.93,992.95,988.33,984.14,980.45,976.97,973.51,970.20,968.14,967.67,968.18,969.81,973.59,979.79,986.22,992.12,997.30,1001.67,1005.50,1009.31,1013.53,1018.37,1024.14,1029.43,1033.78,1037.63,1041.82,1046.56,1051.30,1055.35,1059.33,1062.79,1066.05,1069.35,1072.82,1076.36,1079.93,1083.48,1086.84,1090.04,1093.07,1096.04,1099.13,1102.56,1106.15,1109.36,1112.00,1114.30,1116.45,1118.57,1120.73,1123.00,1125.37,1127.76,1130.69,1134.57,1139.22,1142.43,1145.26,1148.41,1152.52,1157.77,1162.68,1167.32,1172.05,1176.97,1181.79,1186.53,1190.92,1194.22,1197.45,1201.27
1066.11,1063.62,1062.73,1063.04,1065.58,1069.51,1074.35,1079.56,1085.26,1090.69,1095.55,1099.52,1103.00,1108.01,1114.13,1120.51,1125.84,1130.54,1134.79,1138.70,1142.30,1144.89,1147.33,1149.57,1151.12,1151.89,1151.78,1150.94,1149.38,1147.30,1145.65,1146.26,1148.88,1152.20,1155.41,1158.63,1161.72,1164.39,1166.38,1167.72,1168.48,1168.68,1168.39,1167.82,1166.91,1165.61,1163.83,1162.01,1159.89,1157.58,1155.39,1154.17,1153.95,1154.46,1155.39,1156.26,1156.51,1156.40,1156.04,1155.39,1154.41,1153.26,1152.46,1152.29,1152.95,1155.17,1158.38,1161.75,1164.45,1166.42,1168.42,1170.61,1173.00,1175.60,1178.01,1180.45,1182.81,1184.55,1185.91,1186.94,1187.68,1188.02,1187.76,1186.80,1185.39,1183.52,1181.01,1178.47,1176.99,1177.37,1180.53,1184.35,1188.27,1191.66,1194.23,1196.46,1198.42,1200.22,1201.80,1202.89,1203.55,1203.87,1203.72,1202.86,1201.59,1199.51,1196.93,1193.79,1189.67,1185.07,1180.69,1178.35,1181.28,1189.07,1196.82,1203.61,1209.62,1215.93,1220.79,1225.16,1229.24,1232.39,1234.79,1236.78,1238.56,1240.09,1241.15,1242.18,1243.05,1243.75,1244.65,1245.90,1247.68,1249.84,1252.05,1254.30,1256.75,1259.15,1261.16,1262.51,1262.95,1262.47,1261.12,1258.93,1256.15,1253.00,1249.46,1245.42,1241.31,1236.67,1231.73,1226.28,1219.46,1211.22,1203.21,1196.02,1190.02,1185.01,1179.48,1173.36,1166.86,1160.42,1155.06,1149.61,1143.55,1136.80,1129.79,1123.81,1118.24,1112.02,1105.39,1097.02,1089.02,1082.03,1074.24,1064.85,1056.58,1049.79,1043.57,1036.77,1028.51,1019.84,1011.48,1002.60,996.22,990.68,985.41,980.82,976.78,973.23,970.14,967.70,966.22,966.72,968.01,970.10,974.69,981.08,987.37,993.03,998.05,1002.28,1006.12,1010.03,1014.31,1018.92,1024.84,1030.30,1034.72,1038.70,1042.72,1047.14,1051.61,1055.56,1059.39,1062.79,1066.00,1069.24,1072.82,1076.42,1080.03,1083.63,1087.09,1090.37,1093.44,1096.43,1099.51,1102.87,1106.31,1109.37,1111.88,1114.04,1116.13,1118.20,1120.31,1122.61,1124.99,1127.41,1130.36,1134.23,1138.97,1142.30,1145.30,1148.62,1152.87,1158.25,1163.30,1168.08,1172.90,1177.83,1182.46,1186.96,1191.20,1194.59,1197.86,1201.78
1060.36,1057.69,1056.42,1056.71,1059.65,1063.90,1068.77,1073.87,1079.68,1085.44,1090.76,1095.23,1099.22,1104.77,1111.33,1117.95,1123.26,1127.68,1131.70,1135.51,1139.05,1141.74,1144.04,1145.90,1146.97,1147.56,1147.28,1146.37,1144.89,1142.89,1141.62,1142.55,1145.18,1147.99,1150.80,1153.77,1156.65,1159.09,1160.98,1162.31,1163.01,1163.08,1162.83,1162.17,1161.24,1159.99,1158.34,1156.66,1154.64,1152.44,1150.34,1149.01,1148.29,1148.46,1149.32,1150.30,1150.63,1150.50,1150.03,1149.23,1148.10,1146.79,1145.81,1145.61,1146.80,1149.26,1152.38,1155.51,1158.03,1160.13,1162.26,1164.42,1166.50,1168.34,1170.49,1172.97,1175.46,1177.33,1178.85,1180.01,1180.84,1181.21,1181.09,1180.36,1179.15,1177.50,1175.51,1173.37,1172.09,1172.58,1175.92,1179.63,1183.79,1187.53,1190.34,1192.68,1194.40,1195.90,1197.23,1198.15,1198.60,1198.78,1198.54,1197.57,1196.18,1193.86,1191.08,1187.71,1182.97,1177.92,1174.26,1173.15,1176.70,1185.62,1194.05,1201.07,1206.90,1212.63,1217.22,1221.47,1225.55,1228.88,1231.38,1233.20,1234.62,1235.77,1236.74,1237.69,1238.50,1239.21,1240.22,1241.58,1243.22,1245.03,1246.98,1248.99,1251.27,1253.52,1255.48,1257.09,1258.00,1258.23,1257.73,1256.32,1254.08,1251.30,1248.07,1244.33,1240.40,1235.98,1231.38,1226.56,1220.91,1213.07,1205.08,1197.78,1191.55,1186.20,1180.85,1174.83,1167.84,1160.81,1155.16,1149.54,1143.37,1136.62,1129.58,1123.20,1117.20,1111.08,1104.70,1096.12,1088.05,1081.42,1073.99,1065.26,1057.25,1050.34,1044.06,1036.93,1028.20,1019.07,1010.35,1001.46,994.71,988.56,982.61,977.59,973.26,969.72,967.03,965.43,964.69,966.01,967.91,970.41,975.77,982.20,988.28,993.72,998.61,1002.75,1006.60,1010.58,1014.91,1019.35,1025.41,1031.02,1035.53,1039.64,1043.48,1047.56,1051.72,1055.62,1059.36,1062.71,1065.87,1069.08,1072.72,1076.43,1080.09,1083.71,1087.27,1090.61,1093.72,1096.71,1099.76,1103.01,1106.28,1109.23,1111.67,1113.69,1115.73,1117.76,1119.84,1122.14,1124.53,1127.06,1130.12,1134.07,1138.84,1142.33,1145.51,1148.99,1153.34,1158.78,1163.95,1168.89,1173.85,1178.77,1183.20,1187.45,1191.50,1194.98,1198.32,1202.39
1055.50,1052.76,1050.86,1050.52,1053.57,1058.09,1063.01,1068.02,1073.70,1079.61,1085.41,1090.68,1095.65,1101.56,1107.99,1114.30,1119.82,1124.16,1128.07,1131.83,1135.40,1138.37,1140.68,1142.33,1143.10,1143.30,1142.61,1141.41,1139.90,1138.19,1137.47,1138.74,1141.47,1144.32,1146.72,1148.89,1150.88,1152.71,1154.70,1155.93,1156.40,1156.42,1156.71,1156.47,1155.89,1154.94,1153.42,1151.55,1149.33,1147.06,1144.99,1143.47,1143.09,1143.37,1143.99,1144.61,1144.86,1144.48,1143.65,1142.53,1141.33,1140.34,1139.51,1139.42,1141.55,1144.13,1147.12,1150.19,1152.81,1154.76,1156.46,1158.29,1160.25,1161.64,1163.46,1165.78,1168.28,1170.34,1172.05,1173.32,1174.19,1174.63,1174.69,1174.48,1173.85,1172.63,1170.68,1168.32,1167.14,1168.10,1172.03,1175.84,1179.75,1183.37,1186.34,1188.74,1190.52,1191.98,1193.22,1194.04,1194.35,1194.36,1193.94,1192.77,1190.93,1187.91,1184.38,1180.50,1175.99,1171.65,1168.67,1168.28,1172.78,1181.97,1190.84,1198.28,1204.16,1209.34,1213.79,1217.80,1221.45,1224.64,1227.35,1229.42,1230.95,1231.95,1232.68,1233.43,1234.18,1235.02,1236.24,1237.62,1239.20,1240.99,1243.00,1245.06,1246.95,1248.65,1250.15,1251.45,1252.77,1253.57,1253.66,1253.02,1251.55,1249.09,1245.98,1242.52,1238.84,1234.63,1230.39,1226.23,1221.53,1214.55,1206.95,1199.55,1192.94,1187.24,1181.91,1175.67,1167.93,1160.61,1154.98,1149.32,1142.92,1135.85,1128.55,1121.72,1115.37,1109.36,1103.20,1094.47,1086.33,1079.93,1072.86,1065.04,1057.34,1050.16,1043.67,1036.18,1026.97,1017.49,1008.86,1000.65,993.71,986.96,980.29,974.65,970.16,966.70,964.21,963.14,963.98,965.79,967.84,970.65,976.57,982.97,988.88,994.20,998.99,1003.03,1006.85,1010.81,1015.11,1019.60,1025.85,1031.56,1036.05,1040.24,1044.11,1047.89,1051.71,1055.57,1059.29,1062.58,1065.68,1068.87,1072.44,1076.36,1080.16,1083.80,1087.43,1090.76,1093.81,1096.76,1099.74,1102.80,1105.92,1108.83,1111.35,1113.32,1115.28,1117.23,1119.23,1121.41,1123.83,1126.65,1130.07,1134.28,1139.00,1142.77,1146.14,1149.66,1154.12,1159.36,1164.58,1169.76,1174.99,1179.90,1184.17,1188.13,1191.88,1195.32,1198.85,1203.27
1050.58,1047.67,1045.64,1045.39,1048.42,1052.81,1057.59,1062.67,1068.54,1074.84,1081.23,1087.38,1093.12,1099.03,1105.00,1110.73,1115.74,1119.79,1123.40,1126.93,1130.62,1133.67,1135.89,1137.36,1138.06,1138.21,1137.62,1136.54,1135.10,1133.57,1133.03,1134.22,1136.83,1140.07,1142.74,1144.71,1146.30,1147.74,1149.28,1150.23,1150.63,1150.76,1151.25,1151.03,1150.44,1149.49,1147.93,1146.02,1143.74,1141.40,1139.21,1137.36,1136.91,1137.30,1138.02,1138.56,1138.80,1138.42,1137.63,1136.56,1135.23,1134.00,1132.85,1132.41,1134.30,1137.22,1140.70,1144.21,1147.12,1149.24,1150.99,1152.76,1154.63,1156.04,1157.69,1159.67,1161.80,1163.69,1165.39,1166.72,1167.77,1168.52,1168.76,1168.72,1168.23,1167.09,1165.14,1162.97,1162.15,1163.49,1167.66,1171.84,1175.68,1179.18,1182.25,1184.62,1186.42,1187.88,1189.03,1189.72,1189.83,1189.56,1188.78,1187.17,1184.81,1181.48,1177.69,1173.56,1168.96,1165.26,1163.39,1164.19,1169.39,1178.25,1187.26,1194.99,1200.92,1205.99,1210.40,1214.30,1217.69,1220.51,1223.02,1225.15,1226.79,1227.77,1228.46,1229.14,1229.97,1231.06,1232.45,1233.87,1235.45,1237.23,1239.22,1241.22,1242.93,1244.41,1245.74,1246.94,1248.21,1249.04,1249.30,1249.01,1248.03,1245.95,1243.16,1240.05,1236.65,1232.79,1229.03,1225.48,1221.52,1215.52,1208.49,1201.19,1194.33,1188.20,1182.61,1175.92,1167.43,1160.03,1154.25,1148.22,1141.46,1134.45,1126.92,1119.87,1113.39,1107.24,1100.51,1091.92,1084.06,1077.82,1071.33,1064.41,1057.15,1049.89,1042.96,1034.73,1024.99,1015.43,1007.33,999.98,993.25,986.10,978.52,971.70,966.29,963.20,961.85,961.89,963.62,965.77,968.09,971.25,977.20,983.48,989.28,994.54,999.34,1003.24,1006.99,1010.90,1015.13,1019.60,1025.86,1031.63,1036.23,1040.50,1044.16,1047.66,1051.25,1055.15,1059.05,1062.37,1065.44,1068.64,1072.43,1076.54,1080.41,1084.01,1087.58,1090.82,1093.77,1096.60,1099.43,1102.37,1105.38,1108.26,1110.82,1112.78,1114.68,1116.60,1118.61,1120.89,1123.79,1126.98,1130.59,1134.75,1139.36,1143.22,1146.71,1150.38,1154.99,1160.10,1165.35,1170.75,1176.24,1181.02,1185.08,1188.84,1192.44,1195.93,1199.72,1204.39
1045.39,1042.32,1040.46,1040.76,1043.85,1048.01,1052.53,1057.64,1063.85,1070.56,1077.46,1084.36,1090.85,1096.70,1102.16,1107.26,1111.49,1115.17,1118.43,1121.60,1125.28,1128.26,1130.35,1131.73,1132.50,1132.74,1132.49,1131.70,1130.39,1129.02,1128.45,1129.35,1131.72,1135.38,1138.48,1140.55,1142.03,1143.27,1144.25,1144.92,1145.32,1145.59,1146.04,1145.63,1144.89,1143.83,1142.22,1140.36,1138.09,1135.64,1133.20,1130.92,1130.25,1130.76,1131.77,1132.39,1132.69,1132.38,1131.73,1130.79,1129.19,1127.42,1125.81,1124.96,1126.21,1129.44,1133.54,1137.62,1140.88,1143.36,1145.43,1147.35,1149.19,1150.80,1152.37,1154.02,1155.74,1157.41,1159.04,1160.40,1161.64,1162.75,1163.15,1163.13,1162.62,1161.44,1159.52,1157.67,1157.24,1158.85,1163.08,1167.64,1171.50,1174.93,1178.01,1180.32,1182.15,1183.61,1184.68,1185.20,1185.10,1184.47,1183.23,1181.12,1178.30,1174.88,1171.06,1166.83,1162.07,1158.97,1158.38,1160.59,1166.33,1174.40,1183.37,1191.34,1197.33,1202.49,1206.95,1210.82,1214.06,1216.44,1218.59,1220.63,1222.35,1223.39,1224.13,1224.85,1225.82,1227.13,1228.63,1230.08,1231.70,1233.53,1235.53,1237.48,1239.09,1240.48,1241.78,1242.98,1243.97,1244.56,1244.75,1244.60,1243.90,1242.19,1239.81,1237.09,1234.05,1230.68,1227.46,1224.44,1221.02,1215.94,1209.57,1202.53,1195.53,1188.99,1182.96,1175.69,1166.57,1159.16,1153.10,1146.60,1139.48,1132.70,1124.98,1117.80,1111.27,1104.90,1097.35,1089.12,1081.68,1075.56,1069.64,1063.44,1056.57,1049.26,1041.80,1032.71,1022.57,1013.18,1005.83,999.42,993.09,985.62,977.05,968.85,962.53,959.98,959.99,961.17,963.41,965.83,968.49,972.00,977.69,983.80,989.51,994.77,999.66,1003.42,1007.07,1010.92,1015.07,1019.49,1025.63,1031.40,1036.15,1040.47,1043.88,1047.13,1050.60,1054.55,1058.69,1062.10,1065.20,1068.50,1072.60,1076.91,1080.80,1084.31,1087.71,1090.82,1093.65,1096.33,1098.99,1101.80,1104.70,1107.54,1110.13,1112.13,1114.06,1116.01,1118.10,1120.62,1124.14,1127.74,1131.43,1135.41,1139.85,1143.68,1147.32,1151.20,1155.98,1160.97,1166.24,1171.82,1177.53,1182.11,1185.95,1189.56,1193.10,1196.69,1200.76,1205.60
1039.05,1036.03,1034.68,1036.07,1039.87,1044.21,1048.39,1053.04,1059.39,1066.18,1072.97,1079.82,1087.33,1093.70,1099.18,1104.03,1108.01,1111.44,1114.35,1116.97,1119.93,1122.51,1124.65,1126.27,1127.17,1127.52,1127.38,1126.76,1125.70,1124.62,1123.94,1124.52,1126.52,1129.85,1132.68,1134.82,1136.54,1137.97,1139.11,1139.86,1140.28,1140.44,1140.48,1139.91,1139.14,1138.17,1136.76,1135.13,1132.83,1130.08,1127.11,1124.37,1123.52,1124.22,1125.66,1126.57,1126.91,1126.54,1125.67,1124.29,1121.85,1119.45,1117.79,1117.38,1118.89,1121.78,1125.58,1129.62,1133.12,1136.05,1138.73,1141.10,1143.03,1144.68,1146.24,1147.99,1150.00,1152.19,1153.83,1155.16,1156.40,1157.53,1158.02,1158.16,1157.81,1156.81,1155.09,1153.32,1152.83,1154.36,1158.60,1162.98,1166.95,1170.40,1173.25,1175.61,1177.53,1179.01,1180.00,1180.29,1179.98,1178.86,1177.14,1174.85,1171.95,1168.59,1164.74,1160.40,1155.96,1153.40,1153.97,1157.48,1163.58,1170.05,1178.84,1187.17,1193.19,1198.48,1203.11,1207.08,1210.28,1212.41,1214.33,1216.15,1217.76,1218.96,1219.77,1220.63,1221.64,1222.85,1224.23,1225.56,1227.33,1229.52,1231.86,1233.85,1235.36,1236.67,1237.93,1238.97,1239.72,1240.05,1240.03,1239.89,1239.19,1237.64,1235.60,1233.41,1230.95,1228.39,1225.79,1223.02,1219.62,1215.00,1209.25,1202.71,1195.80,1189.16,1182.46,1174.58,1165.32,1157.89,1151.37,1144.54,1137.40,1130.76,1122.97,1115.50,1108.74,1102.45,1094.75,1087.13,1080.20,1074.07,1068.09,1061.88,1054.79,1047.07,1039.14,1029.61,1019.77,1011.15,1004.71,999.05,993.05,985.24,975.73,966.55,961.08,959.17,959.34,960.53,963.04,965.78,968.79,972.54,977.87,983.85,989.54,994.85,999.88,1003.54,1007.08,1010.86,1015.00,1019.37,1025.22,1030.82,1035.60,1039.96,1043.31,1046.53,1050.00,1053.90,1058.17,1061.72,1065.08,1068.76,1073.05,1077.53,1081.42,1084.71,1087.80,1090.68,1093.39,1095.99,1098.52,1101.07,1103.80,1106.53,1109.13,1111.42,1113.65,1115.88,1118.23,1121.03,1124.84,1128.73,1132.53,1136.32,1140.42,1144.32,1148.25,1152.43,1157.15,1162.08,1167.33,1172.97,1178.72,1183.07,1186.83,1190.37,1193.85,1197.46,1201.77,1206.57
1032.82,1030.10,1029.30,1031.64,1036.10,1040.85,1045.13,1049.28,1055.06,1061.62,1068.41,1075.16,1082.66,1089.36,1095.22,1100.23,1104.18,1107.42,1110.10,1112.50,1115.20,1117.45,1119.41,1121.02,1122.01,1122.39,1122.34,1121.87,1121.02,1120.16,1119.45,1119.83,1121.44,1124.14,1126.53,1128.69,1130.64,1132.30,1133.47,1134.25,1134.68,1134.80,1134.66,1134.19,1133.59,1132.83,1131.75,1130.31,1127.95,1124.96,1121.61,1118.65,1117.50,1118.02,1119.39,1120.20,1120.21,1119.61,1118.56,1116.89,1114.16,1111.72,1110.35,1110.52,1112.48,1115.25,1118.67,1122.34,1125.78,1128.85,1131.71,1134.23,1136.28,1138.04,1139.54,1141.25,1143.34,1145.76,1147.71,1149.14,1150.45,1151.82,1152.50,1152.93,1152.79,1151.89,1150.32,1148.49,1148.05,1149.82,1154.41,1158.67,1162.69,1166.15,1168.81,1171.07,1172.87,1174.22,1175.09,1175.22,1174.66,1173.16,1171.13,1168.78,1165.80,1162.56,1158.79,1154.54,1150.58,1148.52,1149.97,1154.46,1160.93,1166.55,1174.56,1182.60,1188.77,1193.99,1198.71,1202.88,1206.22,1208.22,1209.94,1211.52,1213.04,1214.44,1215.35,1216.23,1217.14,1218.14,1219.39,1220.67,1222.45,1224.70,1227.10,1229.26,1231.00,1232.55,1233.97,1234.87,1235.39,1235.47,1235.21,1234.95,1234.20,1232.96,1231.44,1229.80,1227.99,1226.05,1223.90,1221.34,1217.95,1213.76,1208.50,1202.38,1195.70,1188.98,1181.63,1173.09,1163.62,1156.28,1149.50,1142.42,1135.19,1128.55,1120.84,1113.32,1106.49,1100.27,1092.73,1085.63,1079.09,1072.98,1066.85,1060.39,1053.03,1044.98,1036.69,1027.02,1017.64,1009.75,1003.97,998.72,992.99,984.94,974.71,964.98,960.15,958.72,959.00,960.19,962.83,965.75,968.96,972.84,977.93,983.82,989.59,995.05,1000.11,1003.72,1007.13,1010.83,1014.94,1019.16,1024.68,1030.05,1034.79,1039.20,1042.66,1045.94,1049.40,1053.29,1057.60,1061.46,1065.17,1069.10,1073.49,1078.00,1081.75,1084.81,1087.68,1090.43,1093.04,1095.52,1097.92,1100.28,1102.88,1105.52,1108.05,1110.45,1112.93,1115.62,1118.52,1121.81,1125.85,1129.86,1133.65,1137.30,1141.21,1145.18,1149.31,1153.66,1158.26,1163.17,1168.47,1174.13,1179.82,1184.03,1187.76,1191.28,1194.70,1198.28,1202.69,1207.46
1026.90,1024.74,1024.49,1027.51,1032.46,1037.81,1042.68,1046.43,1050.90,1056.87,1063.80,1070.53,1076.81,1083.53,1090.07,1095.60,1099.75,1102.86,1105.47,1108.03,1111.11,1113.16,1114.69,1115.97,1117.00,1117.34,1117.34,1117.00,1116.34,1115.56,1114.94,1115.26,1116.53,1118.46,1120.35,1122.43,1124.55,1126.38,1127.37,1128.06,1128.50,1128.68,1128.67,1128.59,1128.34,1127.92,1127.25,1125.94,1123.51,1120.35,1116.88,1113.94,1112.32,1112.13,1112.79,1113.07,1112.38,1111.46,1110.31,1108.66,1106.37,1104.53,1103.78,1104.53,1107.03,1110.06,1113.11,1116.11,1119.13,1121.94,1124.42,1126.71,1128.85,1130.86,1132.26,1133.75,1135.59,1137.83,1140.36,1142.04,1143.53,1145.38,1146.35,1147.17,1147.25,1146.36,1144.86,1142.89,1142.70,1145.12,1150.40,1154.75,1158.77,1162.22,1164.81,1166.78,1168.22,1169.29,1169.98,1170.02,1169.18,1167.46,1165.32,1162.99,1159.95,1156.82,1153.26,1149.31,1145.89,1144.36,1146.40,1151.49,1158.34,1164.12,1170.70,1177.64,1184.10,1189.03,1193.73,1198.12,1201.77,1203.79,1205.33,1206.70,1208.16,1209.75,1210.80,1211.55,1212.20,1212.94,1214.11,1215.45,1217.08,1218.97,1221.09,1223.49,1225.80,1227.95,1229.72,1230.55,1230.89,1230.75,1230.29,1229.81,1229.04,1228.29,1227.47,1226.37,1225.23,1223.64,1221.74,1219.37,1216.09,1212.33,1207.45,1201.65,1195.32,1188.48,1180.51,1171.29,1161.50,1154.35,1147.56,1140.33,1132.86,1126.11,1118.64,1111.37,1104.66,1098.47,1091.36,1084.62,1078.32,1072.27,1065.93,1059.11,1051.49,1043.29,1034.78,1025.26,1016.38,1009.05,1003.62,998.41,992.91,984.73,974.05,964.26,959.49,958.28,958.84,960.16,962.82,965.73,968.97,972.86,977.86,983.67,989.64,995.38,1000.36,1003.95,1007.24,1010.82,1014.88,1018.84,1024.00,1029.10,1033.69,1038.11,1041.80,1045.17,1048.64,1052.66,1056.95,1061.28,1065.42,1069.43,1073.87,1078.20,1081.69,1084.52,1087.31,1090.08,1092.57,1094.90,1097.17,1099.43,1101.97,1104.53,1106.96,1109.22,1111.89,1115.20,1118.95,1122.93,1127.18,1131.11,1134.78,1138.35,1142.21,1146.25,1150.46,1154.80,1159.29,1164.20,1169.62,1175.28,1180.78,1185.00,1188.75,1192.28,1195.69,1199.20,1203.56,1208.30
1021.24,1019.58,1019.75,1023.25,1028.37,1033.95,1039.33,1043.61,1047.64,1052.63,1058.54,1064.79,1070.96,1077.39,1083.66,1089.26,1094.00,1097.28,1099.93,1102.50,1105.41,1107.78,1109.51,1110.79,1111.73,1112.09,1112.05,1111.80,1111.35,1110.60,1109.81,1110.12,1111.65,1114.08,1116.13,1118.02,1119.78,1121.34,1122.33,1122.99,1123.51,1123.88,1124.04,1124.07,1123.98,1123.75,1123.19,1121.84,1119.35,1116.17,1112.66,1109.35,1106.80,1105.20,1104.53,1104.65,1104.39,1103.89,1103.10,1101.86,1100.11,1098.49,1097.82,1098.69,1101.68,1104.91,1107.63,1110.01,1112.39,1114.40,1116.29,1118.33,1120.60,1122.75,1124.55,1126.49,1128.59,1130.55,1132.85,1134.59,1136.16,1137.87,1138.73,1139.37,1139.52,1138.94,1137.57,1135.92,1136.26,1139.05,1144.32,1149.61,1154.07,1157.71,1160.55,1162.72,1164.05,1164.85,1165.17,1164.80,1163.77,1162.13,1160.05,1157.58,1154.65,1151.55,1148.10,1144.28,1140.69,1140.23,1143.25,1148.89,1155.93,1161.49,1167.13,1173.13,1179.19,1184.11,1188.47,1192.59,1196.27,1198.70,1200.34,1201.58,1202.75,1203.98,1204.97,1205.83,1206.62,1207.47,1208.70,1210.06,1211.50,1213.11,1215.01,1217.08,1219.36,1221.64,1223.62,1224.78,1225.31,1225.46,1225.42,1225.33,1224.85,1224.41,1223.89,1223.07,1222.16,1220.82,1219.10,1216.93,1214.09,1210.66,1206.36,1201.18,1195.01,1188.07,1179.41,1169.66,1159.90,1152.50,1145.84,1138.47,1130.72,1124.39,1117.16,1110.10,1103.57,1097.56,1090.96,1084.33,1077.99,1071.86,1065.16,1058.06,1050.52,1042.56,1034.01,1024.36,1015.63,1008.56,1003.29,998.07,992.80,984.65,973.87,964.41,959.07,957.60,958.32,959.96,962.63,965.53,968.73,972.55,977.45,982.89,988.73,994.74,1000.31,1003.96,1007.21,1010.71,1014.61,1018.39,1023.32,1028.02,1031.98,1035.45,1038.62,1041.80,1045.81,1051.34,1055.79,1060.07,1064.49,1069.09,1073.67,1077.86,1081.24,1083.99,1086.69,1089.35,1091.78,1094.09,1096.36,1098.61,1101.02,1103.48,1105.94,1108.38,1111.60,1115.72,1120.16,1124.24,1128.46,1132.17,1135.64,1139.18,1143.14,1147.31,1151.59,1155.93,1160.38,1165.13,1170.62,1176.36,1181.67,1185.86,1189.72,1193.35,1196.83,1200.52,1204.85,1209.51
1015.69,1014.49,1015.10,1018.89,1023.99,1029.61,1035.34,1040.30,1044.38,1048.63,1053.44,1059.06,1065.13,1071.19,1077.04,1082.47,1087.36,1090.66,1093.54,1096.45,1099.34,1102.05,1104.04,1105.42,1106.33,1106.77,1106.69,1106.45,1106.11,1105.32,1104.36,1104.61,1106.36,1109.40,1111.99,1113.96,1115.50,1116.69,1117.63,1118.21,1118.73,1119.23,1119.54,1119.60,1119.60,1119.48,1118.95,1117.57,1115.09,1111.95,1108.39,1104.68,1101.25,1098.37,1096.48,1096.47,1096.73,1096.73,1096.38,1095.58,1094.31,1092.83,1092.00,1092.67,1095.90,1099.27,1101.88,1103.94,1105.87,1107.16,1108.51,1110.30,1112.62,1114.89,1117.11,1119.54,1121.98,1123.84,1125.87,1127.60,1129.10,1130.38,1130.95,1131.21,1131.28,1130.97,1129.85,1128.72,1129.70,1132.87,1137.91,1144.02,1148.89,1152.78,1155.95,1158.44,1159.80,1160.42,1160.45,1159.77,1158.59,1157.02,1155.01,1152.39,1149.46,1146.33,1142.89,1139.10,1135.40,1136.08,1140.10,1146.27,1153.46,1158.76,1163.72,1168.93,1174.39,1179.29,1183.25,1186.99,1190.54,1193.34,1195.17,1196.41,1197.39,1198.28,1199.15,1200.07,1200.98,1201.94,1203.18,1204.48,1205.73,1207.07,1208.78,1210.49,1212.61,1214.90,1217.05,1218.62,1219.47,1220.01,1220.45,1220.80,1220.72,1220.50,1220.16,1219.60,1218.86,1217.74,1216.22,1214.24,1211.88,1208.82,1205.17,1200.65,1194.53,1187.50,1178.21,1168.08,1158.58,1150.98,1144.45,1136.95,1128.95,1123.07,1116.02,1109.20,1102.92,1097.07,1090.92,1084.29,1077.84,1071.60,1064.57,1057.25,1049.82,1042.15,1033.69,1023.90,1015.18,1008.21,1003.01,997.71,992.56,984.48,973.79,964.77,958.88,956.98,957.68,959.63,962.30,965.21,968.36,972.06,976.93,982.06,987.68,993.86,1000.18,1003.90,1007.11,1010.52,1014.25,1017.93,1022.54,1026.86,1030.31,1032.99,1035.65,1038.66,1043.08,1049.79,1054.44,1058.54,1063.07,1068.22,1073.01,1077.15,1080.52,1083.32,1085.92,1088.48,1090.89,1093.23,1095.53,1097.82,1100.17,1102.60,1105.13,1107.89,1111.82,1116.70,1121.63,1125.63,1129.69,1133.18,1136.49,1140.03,1144.11,1148.41,1152.74,1157.09,1161.52,1166.09,1171.63,1177.43,1182.60,1186.78,1190.73,1194.44,1198.02,1201.97,1206.28,1210.88
1010.30,1009.49,1010.69,1014.35,1019.09,1024.45,1030.19,1035.53,1040.42,1044.89,1049.29,1054.24,1059.36,1065.05,1070.74,1075.64,1079.11,1081.76,1085.29,1089.73,1093.39,1096.12,1098.09,1099.59,1100.78,1101.42,1101.36,1100.97,1100.36,1099.43,1098.44,1098.48,1099.87,1102.79,1106.48,1109.55,1111.59,1112.48,1113.09,1113.41,1113.68,1114.02,1114.36,1114.43,1114.43,1114.32,1113.85,1112.56,1110.31,1107.28,1103.57,1099.71,1095.94,1092.68,1090.38,1089.94,1090.12,1090.31,1090.25,1089.74,1088.76,1087.38,1086.16,1086.03,1088.72,1092.19,1095.24,1097.84,1100.12,1101.30,1102.41,1103.97,1106.11,1108.46,1110.85,1113.37,1115.94,1118.30,1120.61,1122.20,1123.23,1123.82,1123.79,1123.59,1123.27,1122.82,1122.30,1121.88,1123.70,1127.42,1132.13,1138.03,1142.95,1147.04,1150.51,1153.38,1154.93,1155.64,1155.77,1155.29,1154.03,1152.32,1150.20,1147.52,1144.21,1140.89,1137.25,1133.34,1130.29,1131.83,1136.60,1143.30,1150.72,1155.88,1160.62,1165.36,1170.11,1174.72,1178.41,1181.78,1184.96,1187.65,1189.75,1191.36,1192.64,1193.62,1194.34,1194.99,1195.66,1196.41,1197.41,1198.43,1199.48,1200.63,1202.09,1203.80,1205.90,1208.22,1210.55,1212.40,1213.65,1214.53,1215.16,1215.60,1215.97,1215.92,1215.66,1215.43,1215.03,1214.25,1213.00,1211.23,1209.13,1206.62,1203.70,1199.74,1193.49,1186.39,1176.69,1166.51,1157.69,1150.37,1143.85,1136.23,1128.11,1122.37,1115.38,1108.90,1102.99,1097.17,1091.23,1084.45,1077.84,1071.57,1064.40,1056.89,1049.47,1041.98,1033.78,1024.07,1015.25,1008.15,1002.91,997.39,991.92,983.88,973.64,965.06,959.21,956.76,956.93,959.05,961.74,964.69,967.73,971.26,976.37,981.56,986.94,993.01,1000.05,1003.81,1006.89,1010.16,1013.77,1017.46,1021.55,1025.58,1029.26,1032.30,1035.20,1038.23,1042.25,1048.08,1052.91,1056.86,1061.16,1066.30,1071.44,1075.74,1079.33,1082.37,1084.93,1087.49,1089.96,1092.33,1094.63,1097.09,1099.63,1102.21,1104.91,1108.14,1113.02,1118.33,1123.22,1127.09,1130.80,1134.21,1137.56,1141.11,1145.29,1149.63,1153.99,1158.35,1162.81,1167.26,1172.79,1178.56,1183.64,1187.98,1191.91,1195.59,1199.26,1203.42,1207.78,1212.40
