1055.69,1055.14,1054.56,1054.03,1053.61,1053.54,1054.58,1057.29,1061.41,1066.40,1071.47,1076.85,1083.57,1090.82,1097.59,1103.31,1109.22,1116.39,1124.90,1133.38,1140.70,1146.61,1151.15,1154.37,1157.56,1161.41,1165.74,1170.28,1174.54,1178.60,1182.09,1184.82,1186.66,1188.08,1188.65,1188.58,1188.07,1187.32,1186.85,1186.56,1186.46,1186.69,1187.46,1188.63,1190.20,1192.38,1194.78,1196.82,1197.57,1196.16,1192.66,1187.58,1181.45,1174.60,1167.38,1160.46,1153.94,1146.46,1136.74,1127.22,1117.39,1107.91,1099.46,1093.05,1090.75,1090.80,1093.64,1100.96,1106.83,1113.51,1122.27,1133.30,1143.39,1151.17,1158.11,1164.94,1171.88,1177.58,1183.99,1190.78,1196.89,1201.73,1205.83,1210.16,1215.14,1220.65,1226.30,1233.38,1241.54,1249.17,1253.37,1256.77,1260.89,1266.36,1272.23,1277.43,1282.83,1288.62,1294.12,1299.15,1303.76,1308.47,1314.01,1320.76,1326.20,1331.34,1336.69,1341.58,1345.83,1350.34,1355.35,1360.81,1365.72,1369.76,1373.24,1376.01,1377.05,1377.32,1377.14,1376.56,1375.47,1374.05,1373.38,1373.27,1373.16,1372.89,1373.48,1374.59,1376.21,1378.86,1382.10,1386.06,1390.40,1394.43,1398.26,1401.44,1404.20,1406.66,1408.74,1410.35,1411.68,1412.92,1414.44,1415.91,1417.38,1419.59,1423.47,1427.53,1430.98,1433.90,1436.38,1438.53,1439.63,1439.69,1438.98,1437.82,1435.83,1434.04,1434.70,1439.47,1445.10,1450.12,1454.50,1458.43,1462.33,1466.31,1470.07,1473.56,1476.74,1479.64,1482.68,1485.81,1488.96,1492.13,1495.24,1498.45,1502.05,1506.50,1510.76,1514.51,1517.49,1519.35,1520.36,1521.85,1523.47,1525.43,1528.66,1531.55,1534.25,1536.89,1539.29,1540.43,1541.16,1541.80,1542.39,1542.92,1543.48,1543.79,1543.72,1543.17,1542.65,1542.16,1541.60,1540.75,1539.17,1537.35,1535.35,1532.88,1529.22,1524.36,1519.46,1516.30,1517.35,1520.82,1524.68,1528.25,1531.26,1533.78,1537.31,1540.77,1543.91,1547.10,1549.95,1552.35,1554.55,1556.75,1558.95,1561.51,1564.13,1566.58,1568.72,1570.09,1571.00,1571.72,1572.44,1573.17,1573.89,1574.48,1574.77,1574.65,1574.31,1573.41,1572.03,1570.53,1568.34,1565.77,1563.00,1560.26,1558.30,1556.49,1554.76,1553.09,1551.37,1548.96,1545.77,1542.13
1060.68,1060.00,1059.30,1058.61,1057.91,1057.33,1057.43,1059.15,1062.91,1068.09,1073.29,1078.63,1085.39,1092.44,1098.44,1103.43,1108.93,1116.09,1124.95,1133.81,1141.31,1147.20,1151.66,1154.83,1157.95,1162.20,1167.17,1172.35,1176.94,1181.33,1185.18,1188.35,1190.79,1193.02,1194.50,1195.13,1194.74,1193.67,1192.88,1192.41,1192.24,1192.41,1193.21,1194.62,1196.70,1199.52,1201.74,1202.90,1202.70,1200.68,1196.76,1190.87,1184.23,1177.29,1170.06,1162.43,1155.32,1148.05,1139.85,1132.06,1122.74,1113.15,1104.28,1097.11,1093.71,1092.94,1094.76,1100.01,1105.53,1112.63,1122.10,1133.87,1144.53,1152.13,1158.66,1165.08,1171.67,1177.53,1184.65,1192.28,1198.76,1202.96,1206.65,1210.90,1216.01,1221.43,1226.83,1233.24,1240.36,1246.94,1251.44,1255.11,1259.10,1264.27,1270.80,1276.26,1281.78,1287.75,1293.70,1298.95,1303.87,1308.92,1314.57,1320.86,1326.18,1331.45,1337.00,1341.95,1346.19,1350.98,1356.38,1361.73,1366.34,1369.88,1372.05,1372.55,1372.40,1372.49,1372.44,1372.16,1371.90,1371.34,1371.42,1371.76,1371.66,1371.25,1371.45,1372.24,1373.74,1376.25,1378.99,1382.87,1387.55,1391.91,1395.64,1398.79,1401.52,1403.86,1405.97,1407.97,1409.69,1411.09,1412.35,1413.44,1414.56,1416.32,1419.53,1423.57,1427.57,1430.93,1433.42,1435.46,1436.49,1436.62,1435.90,1434.14,1432.19,1431.17,1433.03,1438.98,1444.48,1449.44,1453.76,1457.56,1461.47,1465.62,1469.47,1472.88,1475.79,1478.41,1481.30,1484.46,1487.86,1491.30,1494.47,1497.61,1501.06,1505.31,1509.37,1512.70,1515.29,1517.09,1518.17,1519.49,1521.19,1523.55,1527.07,1530.35,1533.46,1536.52,1539.35,1540.58,1541.34,1541.98,1542.58,1543.18,1543.79,1544.27,1544.44,1544.09,1543.80,1543.51,1543.00,1542.03,1541.00,1539.71,1538.06,1535.84,1532.56,1527.87,1522.42,1518.23,1518.49,1522.28,1526.64,1530.30,1532.85,1535.12,1538.08,1541.21,1544.45,1548.04,1550.82,1553.10,1555.22,1557.38,1559.62,1562.37,1565.14,1567.66,1569.68,1570.76,1571.57,1572.34,1573.10,1573.87,1574.64,1575.30,1575.70,1575.57,1574.90,1573.76,1572.30,1570.75,1568.60,1565.94,1562.96,1559.96,1557.97,1556.09,1554.30,1552.66,1550.94,1548.37,1545.07,1541.39
1065.58,1064.75,1063.96,1063.08,1062.16,1061.29,1060.73,1062.13,1065.39,1070.04,1075.50,1081.44,1087.95,1094.25,1099.53,1104.01,1109.01,1115.92,1124.81,1133.77,1141.34,1147.32,1151.87,1155.11,1158.26,1162.79,1168.12,1173.69,1179.02,1184.03,1188.42,1192.13,1195.19,1198.07,1199.94,1200.93,1201.05,1200.10,1199.60,1199.23,1198.89,1198.84,1199.34,1200.49,1202.35,1204.94,1207.02,1207.64,1206.80,1204.32,1200.28,1193.88,1186.88,1180.01,1173.43,1166.36,1158.95,1151.38,1143.85,1136.68,1128.55,1119.55,1110.25,1102.44,1097.75,1095.88,1096.48,1099.83,1105.02,1111.99,1121.01,1132.13,1142.93,1151.00,1157.82,1164.22,1170.59,1176.57,1183.97,1191.99,1198.95,1203.31,1207.08,1211.28,1216.14,1221.17,1226.51,1232.63,1239.09,1244.88,1249.50,1253.30,1257.02,1261.59,1268.47,1274.52,1280.42,1286.52,1292.63,1298.42,1303.72,1308.96,1314.61,1320.54,1325.79,1331.18,1336.90,1341.88,1346.01,1350.64,1355.86,1360.91,1364.57,1366.94,1368.01,1367.73,1367.28,1367.13,1366.84,1366.38,1366.32,1367.03,1368.47,1369.77,1369.78,1368.77,1368.24,1368.83,1370.70,1373.24,1376.29,1380.46,1385.24,1389.37,1392.73,1395.70,1398.31,1400.50,1402.59,1404.54,1406.29,1407.80,1408.93,1409.88,1411.07,1412.94,1416.06,1419.63,1423.43,1426.85,1429.48,1431.30,1432.10,1432.27,1431.71,1429.97,1428.35,1428.37,1431.07,1437.10,1443.41,1448.79,1453.11,1456.63,1460.24,1464.33,1468.39,1471.98,1474.66,1477.18,1479.85,1482.98,1486.66,1490.30,1493.50,1496.61,1499.88,1503.61,1507.38,1510.60,1512.80,1513.73,1514.69,1516.38,1518.84,1522.09,1525.86,1529.39,1532.70,1535.91,1538.91,1540.46,1541.20,1541.70,1542.19,1542.71,1543.38,1543.93,1544.35,1544.87,1545.13,1544.96,1544.40,1543.48,1542.51,1541.38,1540.10,1538.37,1535.40,1531.23,1525.13,1519.61,1519.17,1522.98,1527.55,1531.29,1533.76,1536.09,1538.79,1542.05,1545.70,1549.22,1551.74,1553.88,1555.91,1557.98,1560.28,1563.11,1566.01,1568.61,1570.41,1571.57,1572.47,1573.28,1574.05,1574.82,1575.59,1576.26,1576.63,1576.50,1575.62,1574.30,1572.73,1571.10,1568.73,1565.76,1562.53,1559.50,1557.59,1555.77,1553.97,1552.19,1550.31,1547.42,1544.06,1540.40
1070.61,1069.64,1068.67,1067.51,1066.31,1065.15,1064.12,1065.05,1067.79,1072.06,1077.71,1084.16,1090.32,1095.87,1100.65,1104.88,1109.61,1116.16,1124.68,1133.40,1140.92,1147.13,1151.99,1155.34,1158.61,1163.41,1169.11,1175.13,1181.07,1186.62,1191.53,1195.75,1199.26,1202.57,1204.78,1206.15,1206.85,1206.43,1206.33,1206.07,1205.48,1204.99,1205.16,1206.03,1207.60,1209.82,1211.65,1211.93,1210.67,1207.82,1203.73,1197.26,1190.09,1183.11,1176.84,1170.52,1163.27,1155.59,1148.18,1141.33,1134.24,1125.95,1116.62,1108.52,1102.78,1099.58,1098.61,1100.11,1104.76,1111.26,1119.45,1129.53,1140.40,1149.14,1156.32,1162.61,1168.79,1174.98,1182.51,1190.71,1198.16,1203.01,1206.95,1211.07,1215.67,1220.44,1225.76,1231.63,1237.64,1243.04,1247.75,1251.72,1255.32,1259.40,1266.19,1272.79,1279.13,1285.37,1291.65,1297.92,1303.55,1308.88,1314.46,1320.10,1325.28,1330.66,1336.36,1341.33,1345.31,1349.61,1354.35,1358.80,1361.50,1362.82,1363.08,1362.48,1361.99,1361.69,1361.03,1360.10,1359.96,1361.77,1364.49,1366.76,1367.11,1365.65,1364.58,1365.07,1367.38,1370.18,1373.82,1378.39,1383.19,1386.88,1389.83,1392.49,1394.91,1397.00,1398.97,1400.81,1402.56,1404.14,1405.24,1406.18,1407.51,1409.58,1412.69,1415.91,1419.42,1422.71,1425.33,1426.86,1427.44,1427.52,1426.97,1425.28,1424.48,1425.75,1429.29,1435.26,1442.18,1447.86,1452.21,1455.56,1458.88,1462.72,1466.87,1470.66,1473.33,1475.78,1478.29,1481.32,1485.08,1488.87,1492.19,1495.30,1498.39,1501.64,1505.04,1507.91,1509.68,1510.14,1511.33,1513.66,1516.89,1520.78,1524.68,1528.40,1531.80,1535.00,1538.01,1539.92,1540.78,1541.23,1541.63,1542.12,1542.75,1543.26,1543.84,1544.99,1545.73,1545.99,1545.75,1544.93,1543.93,1542.94,1542.00,1540.74,1538.13,1534.45,1528.38,1522.23,1520.46,1523.55,1527.99,1531.79,1534.29,1536.75,1539.48,1543.01,1547.00,1550.29,1552.54,1554.54,1556.49,1558.51,1560.90,1563.77,1566.75,1569.42,1571.03,1572.26,1573.28,1574.18,1575.01,1575.80,1576.57,1577.22,1577.57,1577.41,1576.38,1574.95,1573.34,1571.59,1569.14,1565.92,1562.40,1559.23,1557.20,1555.30,1553.42,1551.52,1549.36,1546.24,1542.89,1539.31
1075.93,1074.79,1073.50,1071.94,1070.30,1068.77,1067.53,1067.44,1069.70,1074.12,1079.78,1086.35,1092.07,1097.06,1101.75,1106.15,1110.99,1117.10,1124.62,1132.60,1139.90,1146.58,1152.09,1155.55,1159.03,1164.18,1170.38,1177.00,1183.22,1189.03,1194.36,1199.02,1202.67,1206.04,1208.66,1210.60,1211.85,1212.55,1212.85,1212.59,1211.66,1210.38,1210.26,1211.03,1212.42,1214.29,1215.71,1215.86,1214.48,1211.38,1207.25,1201.42,1194.37,1186.83,1180.07,1174.37,1168.05,1160.76,1152.78,1146.12,1139.57,1131.97,1123.33,1115.51,1109.22,1104.40,1101.26,1100.97,1104.69,1110.32,1117.34,1126.19,1137.14,1146.71,1154.15,1160.01,1166.00,1172.55,1180.12,1188.29,1196.19,1201.85,1205.94,1209.92,1214.39,1219.23,1224.49,1230.10,1235.91,1241.58,1246.37,1250.62,1254.43,1258.32,1264.30,1271.28,1278.08,1284.50,1291.06,1297.58,1303.38,1308.76,1314.14,1319.59,1324.68,1329.85,1335.17,1340.03,1343.88,1347.68,1351.57,1354.95,1356.87,1357.60,1357.53,1356.91,1356.59,1356.30,1355.16,1353.41,1352.89,1355.37,1358.97,1362.10,1363.14,1361.69,1360.49,1361.04,1363.75,1367.16,1371.62,1376.66,1381.41,1384.50,1387.02,1389.25,1391.38,1393.45,1395.13,1396.92,1398.72,1400.35,1401.51,1402.57,1404.07,1406.28,1409.39,1412.62,1415.91,1418.88,1421.12,1422.32,1422.71,1422.51,1421.60,1419.86,1420.65,1423.46,1427.91,1433.98,1440.78,1446.43,1450.85,1454.28,1457.43,1460.78,1464.72,1468.68,1471.70,1474.09,1476.51,1479.38,1482.88,1486.74,1490.32,1493.48,1496.40,1499.38,1502.25,1504.26,1505.54,1506.51,1508.61,1511.90,1515.67,1519.59,1523.45,1527.24,1530.62,1533.65,1536.43,1538.72,1539.95,1540.59,1540.96,1541.53,1541.95,1542.30,1542.83,1543.97,1544.94,1546.24,1547.00,1546.34,1545.32,1544.54,1543.88,1542.96,1540.85,1537.47,1532.70,1527.28,1523.01,1524.16,1527.99,1531.77,1534.37,1536.99,1540.16,1544.07,1548.14,1551.03,1553.09,1554.98,1556.87,1558.89,1561.42,1564.33,1567.34,1570.01,1571.49,1572.70,1573.83,1574.92,1575.92,1576.73,1577.50,1578.15,1578.50,1578.29,1577.18,1575.75,1574.18,1572.32,1570.09,1566.80,1562.94,1559.33,1556.82,1554.51,1552.44,1550.49,1547.90,1544.77,1541.53,1538.12
1080.82,1079.66,1078.27,1076.60,1074.81,1073.05,1071.54,1070.78,1072.57,1076.70,1081.85,1087.83,1093.29,1098.26,1102.97,1107.47,1112.33,1118.13,1124.97,1132.22,1138.72,1145.43,1151.60,1155.72,1159.86,1165.24,1171.82,1179.17,1185.59,1191.54,1197.17,1202.28,1206.19,1209.52,1212.30,1214.57,1216.25,1217.55,1218.14,1218.10,1217.40,1216.15,1215.90,1216.41,1217.49,1219.01,1220.08,1219.93,1218.29,1214.96,1210.84,1205.17,1198.56,1191.71,1185.58,1179.22,1172.66,1165.40,1157.25,1150.88,1144.79,1138.46,1131.88,1125.46,1118.77,1112.18,1106.59,1103.85,1104.52,1108.49,1114.72,1123.16,1134.09,1143.83,1151.30,1157.00,1162.88,1169.81,1177.76,1185.96,1193.49,1199.96,1204.42,1208.58,1213.22,1218.10,1223.42,1229.20,1235.11,1240.68,1246.37,1251.26,1255.34,1259.37,1266.19,1272.48,1278.51,1284.64,1291.16,1297.69,1303.51,1308.77,1313.83,1318.97,1324.00,1328.80,1333.31,1337.56,1340.97,1344.19,1347.26,1349.68,1351.15,1351.82,1351.84,1351.30,1350.81,1350.18,1349.05,1347.78,1347.88,1350.87,1354.88,1358.25,1359.30,1357.99,1357.25,1358.13,1360.92,1364.63,1369.16,1374.14,1378.81,1381.88,1383.98,1385.79,1387.34,1388.64,1390.30,1392.20,1394.11,1395.86,1397.30,1398.85,1400.73,1403.10,1406.18,1409.37,1412.45,1415.02,1416.72,1417.34,1417.33,1416.74,1415.93,1415.86,1418.11,1421.87,1426.73,1432.70,1439.23,1444.67,1449.15,1452.81,1455.82,1458.87,1462.40,1466.13,1469.43,1472.04,1474.60,1477.41,1480.63,1484.18,1487.65,1490.86,1493.81,1496.55,1498.90,1500.41,1501.60,1503.23,1506.23,1509.95,1513.89,1517.83,1521.65,1525.35,1528.77,1531.82,1534.36,1536.55,1537.91,1538.86,1539.67,1540.49,1540.97,1541.32,1541.80,1542.81,1543.94,1545.59,1547.09,1547.62,1547.13,1546.55,1545.92,1544.99,1543.09,1540.20,1536.22,1531.39,1526.52,1525.02,1527.46,1531.12,1534.43,1537.60,1541.23,1545.25,1549.09,1551.51,1553.46,1555.32,1557.17,1559.14,1561.69,1564.61,1567.59,1570.23,1571.78,1573.06,1574.33,1575.58,1576.67,1577.59,1578.42,1579.12,1579.50,1579.19,1578.15,1576.70,1575.01,1573.20,1571.03,1567.81,1563.98,1560.27,1557.59,1554.86,1552.20,1549.59,1546.57,1543.28,1540.09,1536.94
1085.62,1084.43,1082.91,1081.21,1079.38,1077.50,1075.72,1074.46,1075.74,1079.39,1083.95,1089.21,1094.52,1099.60,1104.34,1108.91,1113.73,1119.27,1125.60,1132.16,1137.85,1144.41,1151.05,1155.96,1160.85,1166.52,1173.45,1181.41,1188.04,1194.07,1199.95,1205.44,1209.63,1212.95,1215.86,1218.39,1220.39,1222.04,1222.84,1223.08,1222.78,1221.85,1221.53,1221.77,1222.52,1223.79,1224.56,1224.11,1222.16,1218.59,1214.42,1208.77,1202.74,1196.97,1191.75,1184.56,1177.35,1169.95,1162.16,1156.35,1150.57,1145.24,1140.55,1135.61,1128.85,1120.89,1113.07,1107.48,1104.78,1106.70,1111.88,1119.86,1130.65,1140.25,1147.68,1153.41,1159.20,1166.67,1175.28,1183.66,1190.69,1197.78,1202.80,1207.41,1212.40,1217.41,1223.05,1229.12,1235.13,1240.58,1247.18,1252.65,1257.11,1261.68,1269.26,1274.61,1279.68,1285.43,1291.75,1298.07,1303.70,1308.74,1313.45,1318.26,1323.10,1327.43,1331.05,1334.54,1337.43,1340.06,1342.36,1343.94,1345.06,1345.75,1345.95,1345.52,1344.82,1343.91,1343.02,1342.61,1343.77,1347.25,1351.43,1354.71,1355.49,1354.29,1354.12,1355.43,1358.31,1362.26,1366.66,1371.42,1375.96,1379.12,1380.88,1382.16,1382.98,1383.42,1384.97,1386.92,1389.00,1391.08,1393.03,1395.24,1397.55,1400.07,1403.04,1406.14,1408.97,1411.12,1412.27,1412.38,1412.00,1411.13,1410.66,1412.58,1416.08,1420.50,1425.60,1431.39,1437.50,1442.66,1447.18,1451.07,1454.05,1456.91,1460.01,1463.38,1466.84,1469.74,1472.41,1475.14,1478.12,1481.37,1484.71,1487.94,1490.94,1493.50,1495.43,1496.64,1497.97,1500.32,1504.03,1507.91,1511.83,1515.73,1519.48,1523.07,1526.48,1529.55,1531.94,1533.96,1535.32,1536.52,1537.80,1538.86,1539.54,1540.06,1540.64,1541.56,1542.82,1544.61,1546.70,1548.54,1548.84,1548.53,1547.94,1546.96,1545.15,1542.70,1539.31,1535.04,1530.21,1526.48,1527.13,1530.19,1534.18,1538.26,1542.28,1546.27,1549.79,1551.82,1553.70,1555.54,1557.35,1559.28,1561.85,1564.76,1567.71,1570.31,1571.98,1573.39,1574.80,1576.19,1577.35,1578.40,1579.30,1580.07,1580.51,1580.11,1579.18,1577.74,1575.96,1574.18,1571.98,1568.90,1565.24,1561.56,1558.68,1555.53,1552.24,1548.91,1545.49,1542.02,1538.99,1536.36
1090.58,1089.13,1087.14,1085.36,1083.61,1081.72,1079.80,1078.23,1078.87,1081.80,1086.13,1091.08,1096.34,1101.46,1106.12,1110.69,1115.38,1120.71,1126.76,1132.83,1138.37,1144.61,1151.03,1156.47,1162.01,1168.33,1175.62,1183.59,1190.42,1196.58,1202.59,1208.26,1212.69,1216.19,1219.43,1222.26,1224.33,1226.00,1226.85,1227.28,1227.33,1226.75,1226.51,1226.60,1227.19,1228.51,1229.15,1228.48,1226.26,1222.40,1217.93,1212.36,1207.00,1202.26,1197.56,1190.56,1182.53,1174.89,1168.89,1164.47,1158.61,1152.58,1147.29,1142.84,1136.98,1129.43,1120.54,1111.41,1106.76,1106.18,1108.83,1115.14,1125.47,1134.58,1142.04,1148.17,1153.88,1162.51,1172.27,1181.33,1188.38,1195.40,1201.42,1207.13,1212.81,1218.34,1225.06,1231.35,1237.04,1242.81,1249.26,1254.66,1259.99,1266.03,1272.07,1276.87,1281.81,1287.38,1293.30,1298.87,1303.79,1308.33,1312.83,1317.36,1321.52,1325.14,1328.17,1330.92,1333.38,1335.48,1337.15,1338.24,1338.95,1339.32,1339.40,1339.16,1338.59,1337.95,1337.48,1337.83,1340.47,1344.59,1348.61,1351.34,1351.62,1350.29,1350.33,1352.09,1355.56,1359.88,1364.38,1368.94,1373.17,1376.17,1377.88,1378.17,1378.01,1378.18,1378.99,1380.58,1383.01,1386.10,1389.17,1392.17,1394.86,1397.39,1400.05,1402.91,1405.36,1407.07,1407.84,1408.02,1407.72,1407.14,1407.30,1410.23,1414.34,1419.14,1424.41,1430.01,1435.32,1440.12,1444.56,1448.60,1451.93,1454.69,1457.51,1460.54,1463.77,1466.90,1469.36,1471.75,1474.59,1478.14,1481.70,1484.89,1487.73,1490.32,1492.19,1493.49,1495.24,1498.36,1502.15,1505.83,1509.43,1513.01,1516.62,1520.14,1523.35,1526.26,1528.85,1530.97,1532.19,1533.24,1534.48,1535.53,1536.63,1537.85,1539.06,1540.08,1541.48,1543.47,1545.87,1548.25,1549.52,1549.85,1549.70,1548.97,1547.10,1544.63,1541.70,1538.06,1533.38,1529.84,1528.23,1529.01,1532.77,1538.62,1542.85,1546.55,1549.83,1551.84,1553.67,1555.40,1557.16,1559.18,1561.89,1564.80,1567.72,1570.34,1572.11,1573.73,1575.25,1576.67,1577.98,1579.17,1580.12,1580.94,1581.49,1581.06,1580.23,1578.97,1577.33,1575.41,1573.00,1570.09,1566.75,1563.05,1559.56,1556.02,1552.45,1548.89,1545.23,1541.67,1539.29,1538.03
1095.85,1094.35,1092.14,1090.13,1088.18,1086.15,1084.16,1082.54,1082.52,1084.44,1088.39,1093.12,1098.24,1103.30,1107.97,1112.62,1117.23,1122.47,1128.36,1134.01,1139.55,1145.67,1151.95,1157.63,1163.54,1170.33,1177.80,1185.58,1192.83,1199.20,1205.26,1210.95,1215.62,1219.56,1223.14,1226.26,1228.58,1230.37,1231.55,1232.34,1232.67,1232.36,1232.14,1232.11,1232.43,1233.25,1233.46,1232.36,1229.87,1225.95,1221.42,1216.20,1211.27,1206.79,1202.18,1195.44,1187.25,1179.74,1175.04,1172.16,1167.43,1161.71,1155.72,1149.95,1144.18,1137.21,1128.39,1117.63,1110.39,1107.31,1107.45,1111.08,1118.88,1127.50,1134.89,1141.09,1147.85,1157.00,1167.74,1177.90,1185.54,1192.74,1199.75,1206.31,1212.50,1219.16,1226.76,1233.25,1238.89,1245.02,1251.15,1256.58,1262.39,1269.01,1274.15,1278.83,1283.78,1289.09,1294.31,1299.20,1303.50,1307.48,1311.45,1315.50,1319.13,1322.28,1324.88,1326.95,1328.67,1330.27,1331.72,1332.77,1333.39,1333.61,1333.60,1333.42,1332.92,1332.40,1332.30,1333.28,1336.52,1340.90,1344.66,1346.94,1347.08,1346.12,1346.73,1348.96,1352.69,1357.29,1361.84,1366.63,1371.12,1373.88,1375.06,1374.61,1373.72,1373.37,1373.82,1375.54,1378.26,1381.71,1385.43,1389.19,1392.37,1395.03,1397.41,1399.71,1401.57,1402.78,1403.32,1403.74,1403.63,1403.43,1404.13,1407.59,1412.49,1417.56,1422.74,1428.10,1432.96,1437.34,1441.38,1445.17,1448.85,1451.84,1454.55,1457.35,1460.55,1463.81,1466.28,1468.57,1471.31,1474.92,1478.56,1481.76,1484.47,1486.74,1488.36,1489.96,1492.34,1496.01,1499.98,1503.63,1507.01,1510.23,1513.48,1516.83,1519.80,1522.44,1524.90,1527.08,1528.44,1529.73,1531.37,1532.81,1534.33,1535.88,1537.35,1538.53,1540.06,1542.29,1545.07,1548.03,1549.91,1550.67,1550.80,1550.28,1548.67,1546.17,1543.40,1540.25,1536.35,1533.07,1530.41,1529.52,1531.91,1538.22,1542.63,1546.24,1549.40,1551.54,1553.34,1555.10,1556.95,1559.06,1561.80,1564.79,1567.75,1570.37,1572.17,1573.88,1575.51,1577.05,1578.52,1579.79,1580.83,1581.76,1582.41,1581.96,1581.16,1580.07,1578.62,1576.54,1574.01,1571.27,1568.16,1564.44,1560.64,1556.71,1552.80,1549.06,1545.74,1542.91,1541.48,1541.17
1101.30,1099.93,1097.77,1095.49,1093.18,1090.91,1088.88,1087.37,1086.68,1087.41,1090.78,1095.32,1100.20,1105.10,1109.89,1114.67,1119.28,1124.48,1130.28,1135.65,1141.32,1147.47,1153.68,1159.37,1165.39,1172.49,1179.97,1187.47,1195.24,1201.89,1207.94,1213.57,1218.49,1223.05,1226.96,1230.30,1233.05,1235.08,1236.81,1238.07,1238.65,1238.55,1238.35,1238.21,1238.15,1238.04,1237.53,1235.82,1233.02,1229.20,1224.83,1220.14,1215.36,1210.58,1205.69,1199.24,1191.53,1184.59,1180.68,1179.25,1176.45,1171.86,1165.36,1157.25,1150.75,1144.25,1136.38,1125.82,1115.67,1110.10,1107.78,1108.08,1111.77,1119.60,1126.71,1132.81,1141.51,1150.65,1162.07,1173.50,1182.13,1189.76,1197.64,1204.80,1211.36,1219.64,1227.85,1234.57,1240.40,1246.82,1252.62,1258.19,1264.15,1270.52,1275.47,1280.33,1285.36,1290.34,1294.65,1298.93,1302.73,1306.14,1309.35,1312.75,1315.97,1318.83,1321.11,1322.59,1323.39,1324.53,1326.04,1327.40,1328.18,1328.42,1328.39,1328.18,1327.69,1327.16,1327.44,1328.97,1332.02,1336.29,1339.74,1341.75,1342.07,1341.89,1343.38,1346.10,1349.81,1354.51,1359.05,1364.33,1369.48,1372.00,1372.28,1371.35,1370.02,1368.96,1369.42,1371.71,1374.69,1377.98,1381.88,1386.23,1389.92,1392.82,1394.95,1396.43,1397.53,1398.22,1398.63,1399.33,1399.51,1399.79,1400.98,1404.65,1410.52,1415.78,1420.64,1425.68,1430.42,1434.38,1437.78,1441.03,1444.90,1448.28,1451.04,1453.76,1457.17,1460.52,1463.20,1465.66,1468.33,1471.74,1475.31,1478.52,1481.08,1482.70,1483.94,1486.04,1489.14,1493.20,1497.46,1501.28,1504.59,1507.46,1510.20,1513.25,1515.95,1518.25,1520.28,1522.49,1524.24,1526.15,1528.53,1530.71,1532.63,1534.22,1535.57,1536.96,1538.59,1541.04,1544.27,1547.85,1550.05,1551.04,1551.27,1550.87,1549.79,1547.32,1544.51,1541.74,1539.02,1536.01,1533.42,1531.60,1531.84,1537.18,1541.68,1545.40,1548.55,1550.99,1552.78,1554.69,1556.74,1558.91,1561.63,1564.73,1567.79,1570.42,1572.19,1573.89,1575.63,1577.35,1578.98,1580.27,1581.44,1582.52,1583.26,1582.84,1582.01,1581.05,1579.79,1577.62,1575.06,1572.44,1569.47,1565.77,1561.95,1557.72,1553.46,1549.63,1547.08,1545.61,1545.23,1545.41
1106.16,1104.98,1103.10,1101.07,1098.92,1096.64,1094.46,1092.68,1091.41,1091.29,1093.76,1097.87,1102.37,1107.09,1112.13,1117.06,1121.61,1126.66,1132.33,1137.71,1143.86,1149.98,1155.83,1161.47,1167.43,1174.72,1182.36,1189.82,1197.72,1204.41,1210.51,1216.27,1221.59,1226.65,1230.63,1233.97,1237.04,1239.42,1241.33,1242.87,1243.93,1244.23,1244.14,1243.94,1243.61,1242.88,1241.67,1239.28,1235.96,1231.92,1227.66,1223.00,1218.22,1213.37,1208.17,1202.21,1195.67,1190.09,1187.11,1185.68,1182.63,1178.13,1172.34,1165.51,1157.74,1150.52,1143.31,1134.35,1123.80,1115.66,1110.42,1108.41,1109.30,1113.66,1119.49,1126.70,1136.70,1146.21,1157.44,1168.78,1177.91,1186.04,1194.28,1201.84,1209.08,1218.65,1227.40,1234.48,1240.49,1246.57,1252.52,1258.35,1264.46,1270.76,1275.53,1280.26,1285.16,1289.92,1293.75,1297.43,1300.73,1303.66,1306.32,1309.03,1311.61,1314.01,1316.00,1317.18,1317.75,1318.41,1319.50,1321.13,1322.01,1322.44,1322.53,1322.31,1322.01,1322.05,1323.01,1325.07,1328.07,1331.64,1334.96,1337.27,1337.88,1338.26,1340.34,1343.52,1347.41,1351.79,1356.18,1361.16,1366.01,1368.73,1368.72,1367.46,1365.95,1364.92,1365.30,1368.15,1371.76,1375.41,1379.11,1383.09,1386.79,1389.78,1391.53,1392.28,1392.69,1392.92,1393.10,1393.61,1394.25,1395.38,1397.48,1401.76,1408.41,1413.75,1418.21,1422.76,1427.33,1431.25,1434.56,1437.44,1440.48,1443.34,1446.20,1449.42,1453.31,1456.90,1460.14,1463.04,1465.72,1468.70,1472.01,1474.83,1476.80,1477.78,1479.00,1481.55,1485.24,1489.76,1494.31,1498.50,1502.03,1504.83,1507.30,1509.78,1512.06,1514.10,1516.00,1518.27,1520.65,1523.13,1525.76,1528.50,1530.88,1532.66,1534.05,1535.54,1537.13,1539.59,1543.01,1547.05,1549.79,1550.89,1551.06,1550.67,1549.95,1547.73,1545.19,1542.80,1540.64,1538.55,1536.38,1534.39,1533.55,1536.22,1540.09,1543.89,1547.32,1550.40,1552.50,1554.51,1556.60,1558.78,1561.45,1564.57,1567.70,1570.44,1572.28,1574.04,1575.83,1577.62,1579.31,1580.61,1581.86,1583.08,1583.99,1583.73,1582.96,1581.96,1580.74,1579.04,1576.50,1573.75,1570.79,1567.37,1563.65,1559.71,1555.77,1552.27,1550.24,1549.40,1549.33,1549.43
1111.43,1110.46,1108.75,1106.83,1104.74,1102.49,1100.21,1098.13,1096.38,1095.53,1097.04,1100.47,1104.56,1109.18,1114.47,1119.48,1123.96,1128.89,1134.48,1140.08,1146.55,1152.50,1158.00,1163.68,1169.75,1177.07,1184.77,1192.37,1200.12,1206.73,1212.98,1219.14,1225.00,1230.10,1233.99,1237.31,1240.55,1243.23,1245.30,1247.13,1248.68,1249.45,1249.70,1249.54,1248.93,1247.61,1245.63,1242.58,1238.77,1234.50,1230.21,1225.50,1220.72,1215.81,1210.31,1204.92,1199.82,1195.77,1193.57,1191.96,1188.24,1183.43,1178.18,1172.63,1164.31,1156.32,1149.14,1141.64,1131.62,1121.97,1114.35,1109.96,1108.66,1110.02,1114.87,1123.36,1134.72,1144.20,1154.51,1165.11,1174.59,1183.08,1191.48,1199.32,1207.04,1216.85,1225.94,1233.41,1239.68,1245.67,1251.84,1257.79,1263.93,1270.23,1274.96,1279.46,1284.08,1288.52,1291.97,1295.22,1298.11,1300.64,1302.85,1304.96,1306.97,1308.86,1310.46,1311.34,1311.80,1312.20,1312.98,1314.65,1315.73,1316.44,1316.79,1316.74,1316.78,1317.46,1319.03,1321.47,1324.53,1327.56,1330.66,1333.13,1334.10,1334.98,1337.51,1341.00,1344.94,1348.98,1353.13,1357.60,1361.89,1364.53,1364.48,1363.19,1361.84,1361.17,1361.42,1364.48,1368.62,1372.83,1376.36,1379.78,1383.16,1386.04,1387.58,1387.98,1388.00,1387.80,1387.49,1387.59,1388.49,1390.50,1393.81,1398.98,1405.93,1411.40,1415.74,1419.78,1423.92,1427.81,1431.18,1433.96,1436.30,1438.62,1441.41,1444.84,1448.99,1452.95,1456.73,1460.07,1462.86,1465.47,1468.25,1470.34,1471.59,1472.41,1473.93,1476.87,1480.93,1485.77,1490.56,1495.08,1498.87,1501.75,1504.00,1505.97,1507.91,1509.87,1511.87,1514.40,1517.39,1520.39,1523.24,1526.29,1528.93,1530.93,1532.47,1533.99,1535.69,1538.23,1541.73,1545.99,1549.22,1550.47,1550.66,1550.30,1549.67,1547.81,1545.66,1543.69,1542.16,1540.80,1539.15,1537.40,1536.05,1536.20,1538.68,1541.99,1545.66,1549.77,1552.24,1554.36,1556.47,1558.67,1561.35,1564.50,1567.70,1570.54,1572.47,1574.31,1576.15,1577.98,1579.68,1581.02,1582.32,1583.65,1584.70,1584.65,1583.90,1582.81,1581.59,1580.30,1578.00,1575.23,1572.25,1569.12,1565.61,1562.11,1558.70,1555.69,1553.98,1553.29,1553.11,1552.93
1117.79,1117.01,1115.21,1112.83,1110.41,1108.17,1105.92,1103.67,1101.57,1100.15,1100.65,1103.03,1106.71,1111.40,1116.91,1121.82,1126.27,1131.15,1136.79,1142.88,1149.18,1154.77,1160.04,1165.97,1172.57,1179.59,1187.14,1195.14,1202.37,1208.69,1215.30,1222.35,1228.92,1233.20,1236.76,1240.12,1243.26,1246.11,1248.48,1250.69,1252.68,1253.90,1254.94,1255.03,1254.11,1252.13,1249.22,1245.54,1241.41,1237.01,1232.46,1227.76,1223.00,1217.97,1212.25,1207.48,1204.03,1201.54,1199.76,1198.24,1193.88,1188.43,1182.82,1177.07,1169.86,1161.50,1153.19,1146.30,1137.63,1128.62,1119.88,1112.58,1109.76,1110.22,1115.10,1124.70,1137.79,1146.29,1154.56,1163.71,1173.44,1181.96,1190.36,1198.35,1205.94,1214.02,1223.08,1230.95,1237.69,1244.33,1250.69,1256.40,1262.33,1268.71,1273.65,1277.87,1281.96,1285.84,1288.97,1292.08,1294.76,1297.00,1298.90,1300.59,1302.24,1303.64,1304.62,1305.07,1305.36,1305.93,1306.86,1308.12,1309.62,1310.78,1311.57,1312.05,1312.62,1313.87,1315.75,1318.28,1321.56,1324.63,1327.30,1329.39,1330.76,1332.15,1334.97,1338.44,1342.13,1346.00,1349.73,1353.62,1357.17,1359.03,1359.18,1358.44,1357.82,1357.87,1357.93,1360.47,1364.77,1369.72,1373.36,1376.20,1378.84,1381.22,1382.95,1383.75,1383.92,1383.34,1382.12,1381.56,1382.20,1385.01,1389.91,1396.46,1402.74,1408.55,1413.38,1416.86,1420.10,1423.80,1427.38,1430.46,1432.79,1434.96,1437.27,1440.10,1443.96,1448.46,1452.60,1456.24,1459.32,1461.83,1463.60,1464.40,1464.88,1466.51,1468.85,1472.04,1476.05,1480.88,1485.89,1490.54,1494.56,1497.70,1499.72,1501.42,1503.30,1505.44,1507.91,1511.09,1514.55,1517.99,1521.23,1524.09,1526.61,1528.82,1530.69,1532.14,1534.30,1537.14,1540.63,1544.68,1548.15,1549.72,1550.20,1549.89,1548.92,1547.52,1545.86,1544.45,1543.88,1542.62,1541.60,1540.59,1539.35,1538.06,1537.91,1539.56,1543.30,1549.05,1551.94,1554.14,1556.31,1558.62,1561.38,1564.67,1567.95,1570.81,1572.84,1574.81,1576.71,1578.53,1580.20,1581.61,1582.98,1584.33,1585.44,1585.64,1584.76,1583.56,1582.33,1581.06,1579.45,1576.97,1574.03,1571.04,1567.93,1564.90,1562.14,1559.82,1558.12,1556.88,1556.09,1555.45
1122.63,1122.03,1120.67,1118.42,1115.95,1113.59,1111.19,1108.90,1106.76,1105.12,1104.93,1106.40,1109.49,1113.92,1119.40,1124.23,1128.72,1133.74,1139.67,1146.26,1151.89,1157.12,1162.45,1168.41,1175.12,1181.74,1189.17,1197.51,1204.24,1210.96,1218.16,1225.45,1231.46,1235.46,1239.06,1242.59,1245.91,1248.91,1251.52,1253.96,1256.18,1257.78,1258.97,1259.11,1258.13,1255.86,1252.33,1248.18,1243.73,1239.10,1234.40,1229.66,1224.88,1220.00,1215.08,1211.13,1208.57,1206.58,1204.37,1202.04,1197.50,1191.73,1185.31,1178.58,1171.57,1163.25,1154.65,1147.60,1139.37,1131.11,1122.93,1115.58,1111.78,1112.06,1116.61,1125.58,1138.49,1147.34,1155.78,1164.89,1174.53,1182.97,1191.57,1199.76,1207.24,1214.45,1222.83,1231.29,1239.27,1246.22,1251.59,1256.75,1262.17,1267.63,1271.47,1275.30,1279.23,1282.89,1285.58,1288.50,1290.82,1292.61,1294.16,1295.59,1296.84,1297.82,1298.47,1298.88,1299.36,1300.24,1301.44,1302.75,1304.15,1305.39,1306.29,1306.76,1307.28,1308.88,1311.33,1314.49,1318.17,1321.49,1324.13,1326.13,1327.56,1329.15,1331.91,1335.16,1338.65,1342.64,1346.05,1349.27,1352.16,1353.98,1354.52,1354.41,1354.33,1354.63,1354.76,1356.82,1360.65,1365.38,1368.99,1371.84,1374.01,1375.80,1377.40,1378.50,1378.83,1378.37,1377.35,1376.96,1378.02,1380.81,1385.86,1394.07,1400.48,1406.09,1410.77,1414.14,1417.04,1420.07,1423.12,1426.05,1428.63,1430.89,1433.19,1435.82,1439.19,1443.45,1447.88,1451.84,1454.92,1456.98,1458.11,1458.67,1459.45,1461.80,1464.60,1467.78,1471.40,1475.69,1480.75,1485.48,1489.52,1492.70,1495.07,1497.13,1499.33,1501.82,1504.82,1508.43,1511.94,1515.32,1518.50,1521.17,1523.56,1525.88,1528.13,1530.29,1533.05,1536.23,1539.76,1543.51,1546.57,1548.26,1548.87,1548.60,1547.78,1547.27,1546.62,1545.97,1545.60,1544.78,1544.20,1543.45,1542.20,1540.64,1539.57,1539.78,1542.41,1548.81,1551.86,1554.10,1556.32,1558.69,1561.52,1564.90,1568.21,1571.02,1573.08,1575.14,1577.21,1579.19,1580.88,1582.31,1583.70,1585.08,1586.27,1586.76,1585.96,1584.78,1583.57,1582.31,1580.85,1578.60,1575.86,1573.05,1570.34,1568.04,1565.99,1564.09,1562.32,1560.61,1559.03,1557.61
1126.87,1126.52,1125.76,1123.83,1121.43,1118.95,1116.34,1114.02,1111.89,1110.14,1109.44,1110.11,1112.55,1116.58,1121.90,1126.72,1131.30,1136.63,1143.02,1149.73,1154.57,1159.50,1164.97,1170.89,1177.50,1183.76,1191.07,1199.63,1205.96,1213.28,1221.03,1228.23,1233.34,1237.32,1241.13,1244.88,1248.43,1251.58,1254.39,1257.02,1259.42,1261.32,1262.42,1262.49,1261.49,1259.10,1255.20,1250.69,1245.95,1241.11,1236.31,1231.48,1226.68,1222.15,1218.32,1215.13,1212.95,1210.88,1207.92,1204.50,1199.77,1193.71,1186.40,1178.53,1171.05,1162.78,1154.22,1146.67,1138.78,1131.29,1124.28,1118.18,1114.41,1115.21,1119.41,1126.98,1138.58,1147.88,1157.27,1166.96,1176.33,1184.72,1193.51,1201.84,1209.26,1216.28,1223.95,1232.92,1242.08,1249.01,1253.18,1257.64,1262.26,1266.21,1268.64,1271.99,1275.74,1279.24,1281.66,1284.40,1286.39,1287.80,1289.04,1290.20,1291.09,1291.72,1292.20,1292.72,1293.51,1294.76,1296.30,1297.85,1299.07,1300.23,1301.07,1301.38,1301.68,1303.44,1306.38,1310.22,1314.46,1318.12,1320.95,1323.02,1324.45,1326.10,1328.66,1331.60,1334.82,1338.78,1341.91,1344.55,1346.89,1348.81,1349.73,1350.18,1350.54,1350.95,1351.31,1352.98,1356.19,1360.38,1363.93,1367.09,1369.09,1370.39,1371.71,1372.86,1373.23,1373.03,1372.66,1373.04,1374.88,1377.54,1382.26,1391.67,1398.31,1403.52,1407.86,1411.32,1414.13,1416.44,1418.70,1421.20,1424.09,1426.58,1429.07,1431.69,1434.62,1438.44,1443.00,1447.21,1450.22,1451.73,1452.41,1453.20,1454.71,1457.64,1460.60,1463.74,1467.01,1470.63,1475.47,1480.16,1484.21,1487.58,1490.69,1493.43,1496.05,1498.81,1502.10,1505.87,1509.26,1512.39,1515.34,1517.93,1520.40,1522.94,1525.70,1528.87,1532.21,1535.67,1539.20,1542.56,1545.06,1546.78,1547.54,1547.36,1546.93,1547.29,1547.70,1547.80,1547.46,1547.13,1546.88,1546.24,1545.00,1543.67,1542.40,1541.55,1542.75,1548.93,1551.93,1554.19,1556.44,1558.85,1561.73,1565.20,1568.53,1571.31,1573.42,1575.57,1577.79,1579.92,1581.64,1583.11,1584.50,1585.89,1587.16,1587.90,1587.32,1586.26,1585.08,1583.80,1582.26,1580.17,1577.68,1575.03,1572.64,1571.07,1569.65,1568.07,1566.30,1564.26,1561.96,1559.72
1130.99,1131.20,1130.83,1129.15,1126.89,1124.45,1121.70,1119.11,1116.76,1114.84,1113.80,1113.87,1115.78,1119.36,1124.40,1129.39,1134.20,1140.25,1147.32,1152.64,1156.98,1161.87,1167.42,1173.34,1179.63,1185.76,1192.97,1201.37,1207.66,1215.38,1223.08,1229.79,1234.69,1238.91,1242.98,1246.94,1250.64,1253.84,1256.82,1259.68,1262.33,1264.37,1265.39,1265.19,1263.94,1261.57,1257.87,1253.23,1248.31,1243.43,1238.53,1233.47,1228.87,1224.98,1221.81,1218.86,1216.18,1213.32,1209.69,1205.37,1199.71,1192.92,1185.11,1176.65,1167.45,1158.57,1150.08,1141.86,1135.25,1128.50,1122.46,1118.58,1118.18,1121.15,1125.50,1131.22,1139.87,1147.97,1158.08,1168.65,1177.55,1186.11,1194.85,1203.04,1210.61,1218.75,1226.54,1235.49,1244.45,1250.51,1254.46,1258.13,1261.10,1262.82,1264.45,1267.20,1270.18,1273.13,1276.20,1278.84,1280.90,1282.46,1283.53,1284.28,1284.91,1285.43,1285.89,1286.58,1287.66,1289.27,1291.22,1293.14,1294.63,1295.63,1296.22,1296.49,1296.85,1298.30,1300.99,1304.98,1310.08,1314.17,1317.35,1319.80,1321.57,1323.19,1325.48,1328.01,1330.59,1333.49,1336.36,1338.90,1341.03,1342.55,1343.40,1344.06,1344.70,1345.38,1346.22,1347.84,1350.71,1354.56,1358.19,1362.00,1364.52,1365.97,1366.88,1367.26,1367.10,1366.95,1367.46,1369.68,1372.71,1376.06,1380.77,1389.00,1395.12,1399.93,1404.09,1407.78,1410.76,1412.81,1414.35,1416.01,1419.08,1421.95,1424.69,1427.45,1430.45,1434.21,1438.43,1442.46,1445.58,1446.74,1447.24,1448.45,1450.71,1453.83,1456.39,1459.71,1463.30,1466.60,1470.35,1474.58,1478.95,1483.40,1487.99,1491.68,1494.56,1497.03,1499.60,1502.66,1505.90,1508.90,1511.58,1514.58,1517.87,1521.34,1525.06,1529.23,1532.81,1536.25,1539.54,1542.39,1544.55,1546.40,1547.46,1547.66,1547.79,1548.44,1549.16,1549.71,1549.85,1549.75,1549.62,1549.21,1548.34,1547.34,1546.30,1545.40,1545.80,1549.73,1552.30,1554.51,1556.72,1559.11,1562.07,1565.59,1569.01,1571.96,1574.37,1576.62,1578.80,1580.82,1582.48,1584.09,1585.51,1586.87,1588.14,1588.88,1588.78,1588.06,1586.89,1585.51,1583.78,1581.70,1579.35,1576.78,1574.38,1573.09,1572.00,1570.70,1569.30,1567.38,1564.96,1562.25
1135.29,1136.07,1136.01,1134.78,1132.85,1130.42,1127.55,1124.63,1121.96,1119.70,1118.15,1117.70,1119.13,1122.34,1127.19,1132.24,1137.53,1143.86,1150.63,1155.08,1159.43,1164.47,1170.00,1175.64,1181.72,1188.03,1195.14,1202.99,1209.53,1217.23,1224.59,1230.90,1235.83,1240.30,1244.59,1248.72,1252.54,1255.92,1259.14,1262.29,1265.20,1267.28,1268.25,1267.95,1266.50,1263.87,1260.27,1255.69,1250.74,1245.81,1240.94,1236.08,1231.79,1228.22,1225.25,1222.00,1218.52,1214.66,1210.14,1205.00,1198.37,1190.83,1182.37,1172.42,1162.28,1153.06,1144.87,1137.81,1132.59,1127.77,1124.26,1123.51,1126.17,1129.91,1133.69,1137.81,1143.62,1149.76,1159.08,1169.35,1177.79,1186.41,1195.17,1203.27,1210.95,1220.23,1228.12,1236.66,1245.14,1250.94,1254.47,1256.64,1257.73,1258.05,1259.50,1262.13,1264.79,1267.33,1270.39,1272.91,1274.91,1276.45,1277.42,1277.80,1278.13,1278.41,1278.72,1279.49,1281.30,1283.57,1285.94,1288.15,1289.82,1290.77,1291.27,1291.59,1292.24,1293.95,1296.67,1300.47,1305.37,1309.79,1313.40,1316.22,1318.22,1320.02,1322.22,1324.47,1326.58,1328.76,1331.12,1333.30,1335.11,1336.31,1337.04,1337.64,1338.21,1338.91,1340.19,1342.29,1345.30,1348.99,1352.44,1356.02,1359.05,1361.27,1362.34,1362.26,1361.92,1361.92,1363.01,1366.52,1370.73,1374.76,1379.25,1385.80,1391.42,1396.05,1400.02,1403.49,1406.39,1408.41,1409.87,1411.33,1414.00,1417.26,1420.44,1423.47,1426.52,1430.10,1433.91,1437.64,1440.69,1441.81,1442.25,1443.49,1445.92,1449.42,1452.01,1455.37,1459.17,1462.78,1466.13,1470.01,1474.62,1479.97,1485.59,1489.92,1492.79,1494.78,1496.70,1499.42,1502.52,1505.64,1508.80,1512.53,1516.70,1521.17,1525.81,1530.31,1533.94,1537.31,1540.40,1542.97,1545.13,1547.03,1548.27,1548.79,1549.24,1550.07,1551.04,1551.92,1552.45,1552.63,1552.61,1552.35,1551.76,1550.97,1550.14,1549.35,1549.24,1551.08,1552.94,1554.98,1557.13,1559.45,1562.54,1566.12,1569.55,1572.57,1575.22,1577.62,1579.77,1581.68,1583.33,1585.00,1586.51,1587.89,1589.05,1589.66,1589.81,1589.41,1588.51,1587.28,1585.50,1583.34,1580.95,1578.45,1576.24,1574.95,1573.84,1572.57,1571.27,1569.68,1567.60,1564.85
1139.78,1141.06,1141.29,1140.64,1139.14,1136.73,1133.79,1130.55,1127.50,1124.78,1122.55,1121.63,1122.59,1125.46,1130.21,1135.23,1141.22,1147.34,1152.88,1157.07,1161.94,1167.28,1172.67,1177.86,1183.82,1190.53,1197.53,1204.55,1211.55,1218.87,1225.69,1231.70,1236.82,1241.51,1245.96,1250.22,1254.18,1257.84,1261.39,1264.88,1268.03,1270.10,1271.05,1270.78,1269.23,1266.12,1262.48,1258.09,1253.24,1248.22,1243.49,1239.25,1235.35,1231.79,1228.56,1224.55,1220.03,1215.00,1209.34,1203.47,1195.86,1187.54,1178.23,1166.13,1155.89,1146.76,1139.29,1135.12,1131.58,1129.83,1130.14,1132.96,1137.78,1140.89,1143.49,1146.31,1149.66,1153.41,1160.53,1169.18,1177.13,1185.69,1194.53,1202.59,1210.31,1220.47,1228.40,1236.25,1244.07,1250.17,1253.07,1253.16,1252.31,1252.07,1253.86,1256.84,1259.64,1262.01,1264.38,1266.73,1268.50,1269.80,1270.70,1270.79,1270.79,1270.73,1270.76,1271.54,1274.45,1277.61,1280.43,1282.83,1284.55,1285.54,1286.09,1286.56,1287.72,1290.24,1293.35,1296.77,1300.55,1305.09,1309.13,1312.28,1314.39,1316.53,1318.79,1320.87,1322.70,1324.59,1326.25,1327.80,1329.17,1330.11,1330.71,1331.03,1331.27,1331.83,1333.55,1336.51,1340.05,1343.69,1346.74,1349.37,1352.82,1356.27,1358.04,1357.94,1357.79,1358.09,1359.52,1363.65,1368.89,1373.47,1377.49,1382.18,1387.34,1391.89,1395.66,1398.61,1401.15,1403.30,1405.24,1407.06,1408.92,1412.54,1416.31,1419.70,1422.73,1425.99,1429.37,1432.70,1435.53,1436.82,1437.32,1438.26,1440.41,1444.41,1447.52,1450.82,1454.68,1459.10,1462.84,1466.56,1471.29,1477.21,1483.28,1487.87,1490.49,1491.96,1493.49,1496.30,1499.35,1502.87,1507.16,1511.87,1516.87,1522.28,1527.66,1531.87,1535.41,1538.68,1541.65,1544.21,1546.64,1548.48,1549.79,1550.60,1551.13,1552.07,1553.26,1554.40,1555.19,1555.72,1555.83,1555.63,1555.19,1554.52,1553.82,1553.22,1552.85,1553.02,1553.96,1555.64,1557.67,1559.90,1563.15,1566.78,1570.15,1573.11,1575.92,1578.50,1580.65,1582.49,1584.18,1585.82,1587.48,1588.91,1589.85,1590.25,1590.39,1590.26,1589.84,1589.00,1587.38,1585.10,1582.53,1580.07,1578.18,1576.68,1575.27,1573.83,1572.35,1571.21,1569.77,1567.36
1144.46,1146.00,1146.43,1145.71,1144.26,1142.17,1139.42,1136.36,1133.16,1129.99,1127.25,1125.80,1126.07,1128.34,1132.90,1138.08,1144.50,1150.24,1154.64,1158.76,1164.30,1169.89,1175.19,1180.38,1186.23,1192.75,1199.38,1206.03,1213.57,1220.59,1226.88,1232.54,1237.75,1242.56,1247.08,1251.44,1255.68,1259.73,1263.76,1267.59,1270.85,1272.94,1273.80,1273.40,1271.79,1268.76,1265.01,1260.64,1255.79,1250.68,1246.13,1242.34,1238.80,1235.24,1231.29,1226.38,1220.60,1214.17,1207.24,1200.55,1191.90,1182.28,1171.87,1160.05,1149.55,1141.70,1136.88,1135.65,1136.14,1137.73,1139.98,1142.95,1147.07,1149.97,1152.22,1154.27,1156.43,1159.17,1163.70,1169.52,1176.24,1184.64,1193.20,1201.16,1208.91,1218.37,1226.64,1234.15,1241.04,1246.70,1249.37,1248.29,1246.18,1245.48,1247.61,1250.79,1253.81,1256.34,1258.56,1260.49,1261.82,1262.72,1263.30,1263.35,1263.31,1263.09,1262.94,1264.09,1267.35,1271.18,1274.66,1276.98,1278.56,1279.50,1280.13,1280.88,1282.65,1285.87,1289.61,1293.37,1296.87,1300.83,1304.65,1307.96,1310.41,1312.45,1314.39,1316.21,1317.93,1319.75,1321.19,1322.26,1323.01,1323.42,1323.69,1323.81,1324.28,1325.66,1328.08,1331.36,1334.77,1337.99,1340.99,1344.11,1347.89,1351.74,1354.40,1354.62,1354.74,1355.57,1357.76,1362.09,1367.37,1371.86,1375.47,1379.08,1383.17,1387.09,1390.74,1394.01,1396.33,1398.35,1400.29,1402.16,1404.08,1407.85,1411.87,1415.47,1418.42,1421.51,1424.36,1427.19,1429.81,1431.08,1431.64,1432.97,1435.58,1439.58,1443.38,1447.03,1451.04,1455.78,1460.23,1464.48,1469.20,1474.63,1480.43,1484.56,1487.08,1488.80,1490.79,1494.07,1497.79,1502.12,1507.24,1512.58,1518.07,1523.77,1529.15,1533.02,1536.50,1539.69,1542.64,1545.34,1547.87,1549.78,1551.27,1552.39,1553.15,1554.10,1555.38,1556.75,1557.78,1558.53,1558.82,1558.81,1558.59,1558.14,1557.69,1557.22,1556.73,1556.32,1556.23,1556.97,1558.44,1560.72,1564.14,1567.75,1570.93,1573.62,1576.42,1579.05,1581.24,1583.11,1584.89,1586.61,1588.34,1589.65,1590.24,1590.61,1590.78,1590.72,1590.43,1589.91,1588.94,1586.94,1584.35,1581.69,1579.41,1577.82,1576.40,1574.92,1573.45,1572.30,1570.95,1568.75
1148.89,1150.49,1151.05,1150.23,1148.84,1147.16,1144.75,1141.99,1138.78,1135.34,1132.32,1130.26,1129.77,1131.39,1135.73,1141.15,1147.52,1152.69,1156.35,1160.64,1166.65,1172.38,1177.61,1182.91,1188.63,1194.82,1201.12,1207.72,1215.73,1222.40,1228.22,1233.64,1238.92,1243.70,1248.22,1252.70,1257.27,1261.67,1266.09,1270.17,1273.58,1275.80,1276.59,1276.07,1274.39,1271.42,1267.61,1263.21,1258.35,1253.19,1248.55,1245.02,1241.74,1238.12,1233.43,1227.65,1220.66,1212.94,1205.00,1197.57,1188.14,1177.57,1166.46,1155.36,1144.78,1138.35,1136.27,1138.03,1142.07,1146.22,1149.62,1152.15,1155.14,1157.68,1159.68,1161.27,1162.91,1165.30,1168.10,1171.68,1177.02,1184.68,1192.45,1199.97,1207.56,1216.15,1224.46,1231.53,1237.46,1242.26,1244.20,1242.44,1239.97,1239.38,1241.72,1244.78,1247.73,1250.32,1252.47,1254.01,1254.90,1255.41,1255.76,1255.82,1255.83,1255.68,1255.67,1257.06,1260.00,1263.93,1267.84,1270.29,1271.96,1272.96,1273.87,1275.26,1277.78,1281.44,1285.56,1289.63,1293.12,1296.56,1300.01,1303.28,1306.04,1308.01,1309.71,1311.28,1312.76,1314.30,1315.45,1316.13,1316.40,1316.42,1316.57,1316.76,1317.49,1319.42,1322.55,1326.22,1329.59,1332.53,1335.56,1339.31,1343.30,1347.16,1350.21,1350.89,1351.41,1352.95,1356.15,1360.81,1365.67,1369.79,1373.08,1375.80,1378.66,1381.76,1385.13,1388.57,1390.92,1393.09,1395.21,1397.25,1399.31,1402.90,1406.89,1410.59,1413.58,1416.43,1418.84,1421.23,1423.59,1424.93,1425.84,1427.83,1431.07,1435.10,1439.55,1443.64,1447.81,1452.60,1457.64,1462.36,1466.95,1471.72,1476.99,1480.73,1483.52,1486.01,1488.92,1492.90,1497.35,1502.35,1507.95,1513.55,1519.18,1524.90,1530.16,1533.80,1537.24,1540.43,1543.42,1546.25,1548.87,1550.87,1552.53,1553.95,1555.02,1556.03,1557.41,1558.95,1560.17,1561.12,1561.60,1561.78,1561.73,1561.47,1561.23,1560.84,1560.30,1559.67,1558.89,1558.82,1559.70,1561.84,1565.34,1568.83,1571.79,1574.25,1576.93,1579.51,1581.71,1583.61,1585.47,1587.28,1589.01,1590.17,1590.50,1590.89,1591.14,1591.11,1590.85,1590.52,1590.09,1588.54,1586.12,1583.27,1580.55,1578.80,1577.35,1575.89,1574.39,1573.08,1571.67,1569.65
1152.62,1154.01,1154.54,1153.89,1152.79,1151.54,1149.69,1147.28,1144.22,1140.91,1138.15,1135.25,1133.95,1134.98,1139.02,1144.82,1150.15,1154.43,1158.13,1163.11,1169.10,1174.69,1179.90,1185.34,1190.89,1196.66,1202.87,1209.93,1218.25,1224.35,1229.83,1235.33,1240.62,1245.08,1249.52,1254.20,1259.13,1263.75,1268.24,1272.46,1276.13,1278.66,1279.47,1278.96,1277.19,1273.87,1270.16,1265.76,1260.92,1255.78,1250.47,1246.80,1243.54,1239.79,1234.52,1228.04,1220.03,1211.41,1203.14,1195.16,1185.59,1175.15,1164.36,1153.74,1143.60,1138.20,1138.12,1142.92,1148.20,1153.00,1156.76,1159.26,1161.67,1163.29,1164.76,1166.39,1168.33,1171.21,1174.35,1177.71,1181.76,1187.36,1193.35,1199.71,1206.75,1214.87,1222.36,1228.63,1233.67,1237.03,1236.87,1235.09,1233.90,1234.72,1236.95,1239.26,1241.48,1243.64,1245.68,1247.05,1247.59,1247.82,1248.22,1248.33,1248.39,1248.75,1249.57,1250.67,1252.17,1255.03,1258.77,1262.03,1264.39,1265.74,1267.33,1270.13,1273.62,1277.21,1281.01,1284.96,1288.64,1292.00,1295.04,1297.97,1300.89,1303.09,1304.88,1306.27,1307.19,1307.80,1308.26,1308.62,1308.87,1308.94,1309.59,1310.38,1311.19,1312.53,1316.33,1320.78,1324.66,1327.81,1330.95,1334.82,1338.79,1342.23,1344.46,1345.69,1346.91,1349.45,1354.00,1359.49,1363.40,1366.86,1369.95,1371.84,1373.41,1375.58,1378.20,1381.04,1383.97,1387.05,1390.00,1392.60,1394.58,1397.37,1400.79,1404.44,1407.77,1410.18,1412.42,1414.58,1416.54,1418.23,1420.13,1423.04,1426.92,1431.35,1436.22,1440.78,1445.10,1449.56,1454.73,1459.42,1463.76,1467.99,1472.45,1476.33,1480.16,1484.18,1488.65,1493.67,1498.61,1503.74,1509.20,1514.42,1519.55,1525.02,1530.30,1533.92,1537.41,1540.71,1543.81,1546.70,1549.45,1551.56,1553.35,1554.97,1556.45,1557.74,1559.28,1560.91,1562.24,1563.31,1564.01,1564.33,1564.30,1564.13,1563.91,1563.55,1563.05,1562.48,1561.78,1561.54,1561.94,1563.46,1566.85,1570.01,1572.72,1575.13,1577.58,1579.92,1582.02,1583.93,1585.79,1587.68,1589.28,1590.31,1590.69,1591.13,1591.50,1591.52,1591.22,1590.89,1590.46,1589.52,1587.71,1584.74,1581.79,1579.69,1578.06,1576.60,1574.96,1573.35,1571.82,1569.98
1156.54,1157.66,1158.09,1157.64,1156.72,1155.48,1153.83,1151.63,1148.90,1145.91,1143.15,1140.16,1138.39,1138.72,1142.07,1147.42,1152.50,1156.77,1160.78,1166.36,1171.90,1177.13,1182.25,1187.61,1192.96,1198.73,1205.23,1212.68,1220.58,1226.45,1231.67,1236.83,1241.91,1246.24,1251.04,1256.15,1261.05,1265.48,1270.09,1274.62,1278.57,1280.93,1281.72,1281.11,1279.32,1276.30,1272.59,1268.28,1263.61,1258.56,1253.02,1248.52,1244.56,1240.37,1234.69,1227.76,1219.48,1210.78,1202.58,1194.85,1185.95,1176.34,1166.02,1154.46,1143.84,1138.71,1139.59,1145.87,1151.86,1156.87,1160.70,1163.35,1165.82,1167.84,1169.87,1172.08,1174.53,1177.47,1181.03,1184.72,1188.19,1192.49,1197.32,1202.83,1209.30,1216.69,1222.50,1226.98,1230.20,1231.45,1230.43,1228.68,1227.95,1229.35,1231.83,1233.93,1235.66,1237.22,1238.78,1239.82,1240.29,1240.71,1241.47,1241.63,1242.15,1243.30,1245.03,1246.84,1248.49,1250.83,1253.73,1256.61,1258.91,1260.69,1262.74,1265.76,1269.64,1273.22,1276.62,1280.05,1283.64,1286.79,1289.50,1292.04,1294.58,1296.64,1298.54,1299.97,1300.80,1301.51,1302.08,1302.56,1302.90,1303.02,1303.76,1305.21,1306.86,1308.67,1312.00,1316.25,1320.11,1323.21,1326.05,1329.93,1333.59,1336.54,1338.50,1340.13,1342.22,1345.45,1350.14,1355.32,1358.91,1361.71,1364.00,1365.64,1367.16,1369.13,1371.34,1373.66,1376.47,1379.66,1382.97,1386.13,1388.81,1391.75,1394.85,1398.08,1401.34,1403.85,1406.16,1408.30,1410.32,1412.59,1415.09,1418.69,1423.24,1427.95,1432.84,1437.70,1442.32,1446.70,1451.59,1455.96,1459.97,1463.87,1467.92,1472.18,1477.22,1482.72,1488.08,1493.74,1499.12,1504.39,1509.61,1514.40,1519.13,1524.37,1529.64,1533.50,1537.12,1540.49,1543.64,1546.63,1549.55,1551.83,1553.77,1555.55,1557.27,1558.88,1560.66,1562.49,1564.07,1565.40,1566.29,1566.77,1566.86,1566.79,1566.58,1566.23,1565.75,1565.22,1564.68,1564.46,1564.61,1565.46,1568.21,1570.91,1573.39,1575.68,1577.97,1580.16,1582.22,1584.15,1586.01,1587.94,1589.44,1590.42,1590.89,1591.41,1591.83,1591.88,1591.58,1591.20,1590.74,1590.09,1588.71,1586.03,1583.14,1580.66,1578.74,1577.21,1575.30,1573.36,1571.69,1569.89
1160.67,1161.47,1161.80,1161.51,1160.69,1159.36,1157.72,1155.60,1153.16,1150.51,1147.70,1144.91,1142.88,1142.55,1145.00,1149.59,1154.72,1159.38,1163.84,1169.76,1174.68,1179.53,1184.57,1189.76,1194.94,1200.89,1207.88,1215.74,1222.89,1228.62,1233.59,1238.28,1243.03,1247.33,1252.70,1258.31,1262.99,1267.12,1271.94,1276.82,1280.92,1283.02,1283.72,1282.94,1281.12,1278.59,1274.82,1270.64,1266.17,1261.24,1255.70,1250.16,1245.23,1240.49,1234.49,1227.34,1219.20,1210.76,1202.74,1195.47,1187.55,1179.00,1169.15,1156.45,1145.24,1139.88,1140.81,1147.44,1153.80,1158.85,1162.69,1165.55,1168.47,1171.43,1174.42,1177.44,1180.51,1183.45,1187.39,1191.52,1194.84,1198.43,1202.54,1207.37,1213.05,1219.28,1223.05,1225.41,1226.52,1225.76,1224.53,1222.91,1222.31,1223.84,1226.53,1228.61,1230.04,1231.06,1232.11,1232.84,1233.49,1234.47,1235.92,1236.52,1237.89,1240.02,1242.70,1245.33,1247.62,1249.70,1251.74,1253.89,1255.72,1257.79,1260.08,1262.74,1266.42,1269.65,1272.43,1275.14,1278.42,1281.31,1283.79,1286.00,1288.03,1289.94,1291.88,1293.42,1294.45,1295.70,1296.84,1297.80,1298.51,1298.91,1299.83,1301.96,1304.57,1307.07,1309.52,1313.10,1316.58,1319.43,1321.86,1325.51,1328.65,1331.02,1332.86,1334.73,1337.59,1341.26,1345.54,1349.91,1353.44,1355.66,1357.05,1358.66,1360.62,1362.71,1364.75,1366.72,1369.22,1372.21,1375.57,1379.17,1382.80,1386.20,1389.13,1391.88,1394.87,1397.60,1400.14,1402.45,1404.66,1407.42,1410.34,1414.43,1419.49,1424.48,1429.21,1434.37,1439.44,1443.92,1448.42,1452.37,1456.09,1459.85,1463.89,1468.73,1474.88,1481.51,1487.47,1493.47,1499.13,1504.48,1509.47,1513.91,1518.32,1523.36,1528.63,1532.78,1536.55,1539.95,1543.12,1546.15,1549.29,1551.79,1553.93,1555.88,1557.79,1559.71,1561.74,1563.81,1565.72,1567.32,1568.41,1569.07,1569.30,1569.31,1569.16,1568.90,1568.51,1567.98,1567.64,1567.52,1567.49,1567.70,1569.45,1571.62,1573.83,1575.99,1578.15,1580.26,1582.32,1584.30,1586.19,1588.13,1589.57,1590.52,1591.07,1591.67,1592.12,1592.20,1591.92,1591.47,1590.99,1590.45,1589.36,1587.11,1584.41,1581.64,1579.41,1577.72,1575.52,1573.30,1571.48,1569.61
1165.29,1165.72,1166.02,1165.74,1164.96,1163.71,1162.03,1159.60,1156.98,1154.37,1151.72,1149.10,1147.17,1146.47,1147.87,1151.92,1156.93,1162.07,1167.15,1172.22,1176.69,1181.49,1186.64,1191.76,1196.89,1203.03,1210.60,1219.13,1225.49,1230.74,1235.43,1239.84,1244.18,1248.56,1254.55,1260.56,1264.86,1268.96,1274.40,1279.47,1283.20,1285.45,1285.84,1284.82,1282.87,1280.19,1276.47,1272.36,1267.97,1263.15,1257.75,1251.58,1245.90,1240.63,1234.43,1227.51,1219.84,1211.70,1203.50,1196.21,1189.13,1181.26,1171.69,1159.63,1149.05,1142.78,1141.69,1146.66,1152.84,1158.12,1162.18,1165.28,1169.00,1172.78,1176.56,1180.33,1184.07,1187.67,1191.56,1195.53,1199.30,1203.23,1207.54,1211.80,1215.78,1219.48,1221.27,1221.76,1221.37,1220.28,1219.28,1218.18,1217.85,1219.04,1221.11,1222.99,1224.44,1225.55,1226.72,1227.48,1228.87,1231.13,1234.17,1236.79,1239.94,1243.53,1247.05,1249.25,1251.19,1253.24,1255.44,1257.58,1258.61,1260.22,1262.22,1264.22,1266.16,1267.52,1268.88,1270.64,1273.20,1275.86,1278.36,1280.62,1282.64,1284.99,1286.67,1288.17,1289.84,1291.62,1293.76,1295.95,1297.99,1299.76,1301.98,1304.79,1307.51,1309.61,1311.61,1314.24,1316.75,1318.93,1321.21,1323.91,1326.05,1327.63,1328.99,1330.71,1333.59,1337.10,1340.83,1344.51,1347.86,1349.94,1351.07,1352.43,1354.64,1357.00,1359.26,1361.45,1364.13,1366.96,1369.99,1373.46,1377.67,1381.15,1384.12,1386.83,1389.36,1391.74,1394.86,1397.73,1399.87,1402.31,1405.70,1409.81,1414.59,1420.04,1424.61,1430.36,1436.28,1441.13,1445.59,1449.25,1452.90,1457.00,1461.95,1467.94,1474.27,1480.74,1487.29,1493.14,1498.39,1503.47,1508.46,1513.03,1517.38,1522.25,1527.40,1531.82,1535.61,1539.00,1542.04,1544.86,1548.38,1551.23,1553.67,1555.91,1558.13,1560.24,1562.48,1564.80,1566.99,1568.81,1570.15,1570.97,1571.23,1571.25,1571.32,1571.53,1571.62,1571.03,1570.80,1570.75,1570.58,1570.21,1570.55,1571.88,1573.73,1575.84,1577.95,1580.09,1582.18,1584.24,1586.30,1588.35,1589.72,1590.61,1591.19,1591.76,1592.31,1592.48,1592.23,1591.77,1591.21,1590.63,1589.60,1587.60,1585.10,1582.51,1580.14,1578.00,1575.72,1573.43,1571.39,1569.28
1169.74,1169.98,1170.28,1170.01,1169.29,1168.17,1166.61,1164.17,1161.49,1158.80,1156.14,1153.56,1151.65,1150.68,1151.31,1154.72,1159.40,1164.59,1169.82,1174.31,1178.67,1183.56,1188.79,1193.91,1199.03,1205.45,1213.29,1221.73,1227.62,1232.61,1237.17,1241.46,1245.67,1250.59,1256.80,1262.71,1266.95,1271.49,1277.24,1282.32,1285.86,1288.00,1288.10,1286.77,1284.53,1281.59,1277.63,1273.44,1268.99,1264.09,1258.71,1252.23,1246.11,1240.48,1234.27,1227.59,1220.20,1212.30,1204.28,1197.14,1190.61,1183.19,1173.98,1162.82,1152.82,1146.18,1143.63,1146.22,1151.56,1156.63,1160.68,1163.89,1167.96,1171.94,1176.10,1180.51,1185.08,1189.31,1193.17,1196.97,1200.99,1205.05,1209.37,1212.99,1215.50,1217.35,1217.95,1217.53,1216.54,1215.46,1214.68,1213.98,1213.92,1215.01,1216.73,1218.76,1220.51,1222.07,1224.13,1225.80,1228.31,1231.77,1235.99,1239.87,1243.99,1248.10,1251.64,1253.63,1255.53,1257.88,1260.53,1262.88,1263.93,1265.41,1267.17,1268.74,1269.68,1270.06,1270.61,1271.74,1273.75,1276.07,1278.15,1279.97,1281.75,1284.12,1285.72,1287.31,1289.36,1291.63,1294.38,1297.23,1300.01,1302.70,1305.72,1308.88,1311.61,1313.52,1315.28,1317.22,1319.07,1320.87,1322.96,1324.94,1326.46,1327.67,1328.87,1330.33,1332.81,1335.59,1338.26,1340.95,1343.75,1345.96,1347.66,1349.45,1352.05,1354.88,1357.56,1359.96,1362.66,1365.39,1368.29,1371.65,1375.90,1379.31,1382.64,1385.74,1388.07,1390.32,1393.53,1396.70,1399.31,1402.14,1405.44,1408.94,1412.72,1417.13,1420.82,1426.13,1432.14,1437.67,1442.83,1446.64,1450.32,1454.64,1460.13,1467.12,1473.70,1480.02,1486.80,1492.49,1497.46,1502.35,1507.38,1512.14,1516.40,1520.97,1525.92,1530.67,1534.44,1537.51,1540.33,1543.33,1547.30,1550.56,1553.28,1555.68,1558.14,1560.53,1563.05,1565.60,1567.95,1569.88,1571.38,1572.45,1573.01,1573.19,1573.49,1574.10,1574.64,1574.33,1574.24,1574.11,1573.70,1572.92,1572.45,1572.85,1573.92,1575.58,1577.62,1579.75,1581.89,1584.06,1586.24,1588.41,1589.81,1590.72,1591.35,1591.97,1592.58,1592.79,1592.53,1591.96,1591.34,1590.71,1589.71,1587.86,1585.51,1583.14,1580.79,1578.46,1576.10,1573.68,1571.37,1569.02
1174.02,1174.26,1174.56,1174.30,1173.66,1172.71,1171.40,1169.31,1166.73,1163.91,1161.06,1158.38,1156.35,1155.17,1155.40,1158.01,1162.19,1166.97,1171.82,1176.17,1180.76,1185.80,1191.06,1196.22,1201.39,1208.20,1215.91,1223.49,1229.25,1234.22,1238.81,1243.16,1247.55,1253.44,1259.47,1264.85,1269.38,1274.80,1280.46,1285.37,1288.89,1290.62,1290.44,1288.75,1286.10,1282.74,1278.29,1273.86,1269.18,1263.98,1258.52,1252.05,1245.79,1239.96,1233.95,1227.44,1220.08,1212.37,1204.95,1198.19,1191.91,1184.73,1175.92,1165.76,1156.30,1149.90,1146.61,1146.48,1150.36,1154.76,1158.56,1161.70,1165.53,1169.05,1173.09,1177.95,1183.40,1188.15,1192.09,1195.77,1199.74,1203.55,1207.55,1210.49,1211.93,1212.87,1213.12,1212.77,1212.06,1211.30,1210.71,1210.38,1210.71,1212.05,1213.88,1216.45,1218.79,1221.10,1224.72,1228.13,1231.97,1236.36,1241.14,1245.23,1249.33,1252.97,1255.79,1257.96,1260.28,1263.25,1266.53,1269.21,1271.11,1272.81,1274.46,1275.90,1276.77,1277.26,1277.79,1278.68,1280.33,1282.18,1283.39,1284.28,1285.57,1287.47,1289.20,1290.98,1293.09,1295.71,1298.58,1301.43,1304.28,1307.31,1310.51,1313.65,1316.38,1318.42,1320.09,1321.67,1323.34,1325.13,1327.03,1328.67,1330.03,1331.30,1332.66,1333.83,1335.54,1337.13,1338.32,1339.75,1341.63,1344.18,1347.14,1349.96,1353.07,1356.54,1359.76,1362.29,1364.82,1367.56,1370.57,1373.95,1377.75,1381.03,1384.93,1388.73,1391.11,1393.51,1396.38,1399.61,1403.18,1407.09,1409.74,1412.09,1414.38,1416.35,1418.47,1422.23,1427.43,1433.68,1440.15,1444.53,1448.37,1452.68,1458.24,1465.95,1472.91,1479.22,1485.86,1491.51,1496.40,1501.23,1506.29,1511.25,1515.37,1519.51,1524.11,1529.21,1532.94,1535.45,1537.97,1541.63,1546.10,1549.82,1552.79,1555.24,1557.85,1560.59,1563.43,1566.20,1568.61,1570.54,1572.12,1573.50,1574.63,1575.15,1575.71,1576.58,1577.49,1577.76,1577.86,1577.54,1576.81,1575.80,1575.20,1574.65,1574.57,1575.35,1577.22,1579.26,1581.47,1583.75,1586.01,1588.30,1589.85,1590.85,1591.55,1592.29,1592.95,1593.14,1592.80,1592.08,1591.38,1590.73,1589.74,1587.95,1585.69,1583.50,1581.35,1579.11,1576.64,1574.01,1571.40,1568.84
1178.69,1179.03,1179.24,1178.87,1178.19,1177.28,1175.92,1173.90,1171.51,1168.92,1166.20,1163.21,1160.95,1159.61,1159.60,1161.62,1165.26,1169.63,1174.26,1178.72,1183.45,1188.38,1193.45,1198.64,1203.89,1211.01,1218.56,1225.31,1230.86,1235.80,1240.43,1244.95,1249.77,1256.08,1262.32,1267.98,1273.11,1278.79,1284.36,1288.74,1291.52,1293.05,1292.24,1290.31,1287.42,1283.07,1278.23,1273.34,1268.12,1262.50,1257.32,1251.29,1244.88,1238.61,1233.00,1226.36,1218.95,1211.58,1204.98,1198.74,1192.60,1185.30,1176.50,1167.41,1159.71,1153.24,1148.68,1147.85,1150.40,1154.19,1157.72,1160.45,1163.46,1165.98,1169.11,1173.27,1178.39,1183.54,1187.86,1191.66,1195.34,1198.63,1201.74,1204.16,1205.60,1206.36,1206.23,1206.14,1206.34,1206.78,1207.30,1208.50,1210.44,1213.08,1215.88,1219.15,1222.22,1225.37,1229.86,1234.24,1238.34,1242.38,1246.53,1249.93,1253.49,1256.91,1259.97,1262.82,1265.87,1269.52,1273.23,1275.88,1277.92,1279.47,1280.88,1282.30,1283.37,1284.29,1285.10,1285.91,1287.10,1288.39,1289.25,1289.95,1291.01,1292.64,1294.31,1295.97,1297.74,1299.93,1302.64,1305.50,1308.57,1312.20,1315.68,1318.84,1321.48,1323.42,1324.89,1326.54,1328.60,1330.99,1333.24,1335.17,1336.52,1337.57,1338.68,1339.70,1341.07,1342.16,1342.70,1343.42,1344.93,1347.17,1349.91,1352.83,1355.98,1359.54,1362.88,1365.52,1368.21,1371.29,1374.62,1378.15,1381.90,1385.43,1389.01,1392.25,1394.63,1397.43,1400.99,1404.81,1408.53,1411.89,1414.11,1416.25,1418.48,1420.33,1421.79,1424.02,1427.11,1431.40,1438.00,1442.81,1446.85,1451.13,1456.82,1464.44,1471.38,1477.64,1484.15,1490.45,1495.44,1500.09,1505.05,1510.09,1514.02,1517.63,1521.54,1526.31,1530.19,1532.57,1535.16,1539.63,1544.66,1549.05,1552.49,1555.11,1557.78,1560.57,1563.48,1566.40,1569.05,1570.98,1572.62,1574.17,1575.63,1576.68,1577.62,1578.67,1579.70,1580.31,1580.59,1580.29,1579.58,1578.60,1577.71,1576.82,1576.26,1576.28,1577.04,1578.70,1580.85,1583.25,1585.74,1588.23,1589.86,1590.89,1591.64,1592.45,1593.18,1593.44,1593.15,1592.40,1591.69,1590.94,1589.88,1588.21,1586.05,1583.93,1581.83,1579.60,1576.97,1574.21,1571.45,1568.77
1183.90,1184.28,1184.35,1183.89,1183.16,1182.20,1180.63,1178.48,1176.07,1173.55,1170.95,1167.81,1165.42,1163.99,1163.81,1165.40,1168.51,1172.44,1176.87,1181.45,1186.25,1191.05,1195.91,1201.11,1206.46,1213.78,1221.20,1227.37,1232.65,1237.51,1242.18,1246.94,1252.36,1258.89,1265.31,1271.32,1276.95,1282.72,1288.12,1291.95,1293.98,1295.27,1293.88,1291.69,1288.51,1283.11,1277.84,1272.46,1266.77,1260.91,1255.97,1250.19,1243.64,1237.07,1231.72,1224.98,1217.70,1210.78,1204.91,1199.18,1193.14,1185.68,1176.85,1168.86,1162.66,1156.29,1150.91,1149.81,1151.58,1155.05,1158.41,1160.78,1163.07,1164.70,1166.73,1169.64,1173.60,1178.34,1182.76,1186.63,1189.95,1192.80,1195.02,1196.95,1198.63,1199.77,1199.96,1200.66,1202.10,1203.94,1205.72,1208.46,1211.94,1215.84,1219.68,1223.76,1227.67,1231.54,1236.15,1240.86,1244.79,1248.19,1251.43,1254.09,1257.28,1260.77,1264.33,1267.84,1271.62,1275.71,1279.60,1282.21,1284.22,1285.56,1286.77,1288.15,1289.34,1290.53,1291.52,1292.33,1293.20,1294.12,1294.89,1295.62,1296.53,1297.89,1299.37,1300.76,1302.11,1303.76,1306.36,1309.36,1312.77,1316.92,1320.74,1324.00,1326.66,1328.62,1330.11,1332.09,1334.66,1337.59,1340.16,1342.32,1343.77,1344.75,1345.62,1346.55,1347.62,1348.33,1348.46,1348.57,1349.62,1351.30,1353.51,1356.43,1359.63,1363.06,1366.28,1369.03,1371.93,1375.34,1378.90,1382.53,1386.23,1389.86,1392.99,1395.72,1398.40,1401.75,1405.92,1410.09,1413.66,1416.45,1418.68,1421.05,1423.58,1425.77,1426.93,1427.92,1429.05,1431.07,1436.56,1441.37,1445.55,1449.82,1455.52,1462.77,1469.52,1475.67,1481.95,1488.92,1494.13,1498.63,1503.30,1508.23,1512.14,1515.43,1518.73,1522.93,1526.93,1529.58,1532.64,1537.89,1543.44,1548.41,1552.27,1555.03,1557.75,1560.53,1563.45,1566.47,1569.34,1571.32,1573.04,1574.74,1576.42,1577.93,1579.23,1580.45,1581.57,1582.44,1582.90,1582.75,1582.21,1581.46,1580.52,1579.40,1578.42,1577.74,1577.44,1578.47,1580.30,1582.62,1585.33,1588.02,1589.77,1590.89,1591.70,1592.55,1593.35,1593.73,1593.54,1592.77,1592.05,1591.21,1590.13,1588.60,1586.52,1584.41,1582.31,1580.04,1577.30,1574.44,1571.59,1568.89
1190.21,1190.43,1190.32,1189.91,1189.19,1187.99,1186.00,1183.38,1180.36,1177.25,1174.52,1171.80,1169.63,1168.23,1168.02,1169.43,1172.02,1175.47,1179.63,1184.24,1189.01,1193.70,1198.45,1203.63,1209.14,1216.38,1223.77,1230.02,1234.91,1239.61,1244.31,1249.42,1255.69,1262.24,1268.55,1274.55,1280.31,1286.09,1291.08,1294.52,1296.25,1297.04,1295.44,1292.91,1289.14,1282.91,1277.07,1271.26,1265.47,1259.88,1254.91,1248.59,1241.88,1235.52,1230.03,1223.47,1216.75,1210.49,1205.04,1199.66,1193.73,1186.21,1177.48,1170.55,1164.46,1158.75,1154.12,1152.58,1154.90,1158.76,1162.26,1164.58,1166.81,1168.13,1169.09,1170.05,1171.41,1173.79,1177.37,1181.10,1183.96,1186.75,1188.44,1189.89,1191.70,1194.25,1196.58,1199.32,1202.46,1205.62,1208.55,1212.10,1216.18,1220.60,1225.10,1230.15,1235.04,1239.29,1242.56,1246.39,1249.75,1252.53,1254.88,1257.26,1260.86,1264.97,1269.10,1272.97,1277.19,1281.16,1284.65,1287.46,1289.42,1290.70,1291.82,1293.05,1294.00,1294.80,1295.59,1296.46,1297.45,1298.57,1299.59,1300.45,1301.22,1302.24,1303.25,1304.21,1305.18,1306.52,1309.23,1312.74,1316.71,1321.00,1325.20,1328.80,1331.83,1334.29,1336.45,1339.17,1342.16,1345.10,1347.51,1349.42,1351.13,1352.55,1353.47,1354.45,1355.05,1355.25,1355.02,1354.46,1354.49,1355.32,1357.16,1360.45,1363.95,1367.03,1369.85,1372.67,1375.75,1379.19,1382.70,1386.15,1389.60,1392.66,1395.60,1398.75,1402.54,1406.71,1410.65,1414.17,1417.27,1420.51,1423.71,1426.85,1429.74,1431.94,1433.18,1433.72,1434.03,1434.72,1436.63,1440.38,1444.56,1448.88,1454.23,1460.86,1467.28,1473.18,1478.97,1486.29,1491.91,1496.34,1500.31,1504.71,1509.11,1512.73,1515.78,1519.21,1523.12,1526.83,1531.16,1536.95,1542.90,1548.16,1552.13,1554.91,1557.69,1560.51,1563.45,1566.47,1569.36,1571.51,1573.42,1575.27,1577.06,1578.66,1580.25,1581.68,1582.93,1584.04,1584.75,1584.90,1584.75,1584.51,1584.21,1582.83,1581.19,1579.84,1579.17,1579.17,1580.01,1581.76,1584.54,1587.40,1589.48,1590.85,1591.70,1592.60,1593.45,1593.98,1593.96,1593.15,1592.38,1591.56,1590.55,1589.14,1587.13,1585.04,1582.84,1580.43,1577.72,1574.84,1572.02,1569.42
1195.73,1195.82,1195.72,1195.27,1194.53,1193.40,1191.52,1188.83,1185.62,1182.17,1178.86,1175.90,1173.84,1172.56,1172.21,1173.29,1175.55,1178.53,1182.15,1186.40,1191.12,1195.94,1200.86,1206.11,1211.91,1218.88,1225.89,1232.03,1236.96,1241.66,1246.51,1251.92,1258.57,1265.26,1271.29,1277.08,1283.08,1288.84,1293.74,1297.15,1298.81,1299.00,1297.11,1293.85,1289.30,1283.06,1277.04,1271.13,1265.25,1259.46,1253.93,1247.31,1240.74,1234.72,1229.21,1222.97,1216.65,1210.70,1205.43,1200.26,1194.47,1187.01,1178.20,1170.92,1164.74,1159.43,1155.74,1155.56,1158.45,1162.61,1166.73,1170.10,1172.71,1174.17,1174.93,1175.28,1175.65,1176.65,1178.61,1180.92,1183.00,1185.41,1187.14,1188.96,1191.50,1195.10,1198.63,1202.45,1206.43,1210.15,1213.58,1217.49,1221.79,1226.41,1231.45,1236.11,1240.38,1244.12,1246.98,1250.45,1253.71,1256.50,1258.72,1260.86,1264.26,1268.41,1272.93,1277.41,1282.09,1286.37,1290.10,1293.20,1295.13,1296.35,1297.32,1298.24,1298.92,1299.63,1300.52,1301.64,1302.85,1303.95,1304.74,1305.30,1305.75,1306.31,1306.91,1307.62,1308.54,1309.96,1312.59,1316.22,1320.46,1324.92,1329.60,1333.52,1336.91,1339.89,1342.13,1345.15,1348.22,1350.85,1352.76,1354.50,1356.82,1359.36,1361.41,1363.20,1363.79,1363.68,1363.02,1361.50,1360.45,1360.75,1362.56,1365.86,1369.11,1371.99,1374.49,1376.73,1379.37,1382.47,1385.75,1389.08,1392.35,1395.25,1398.50,1402.35,1406.83,1411.08,1414.84,1418.33,1421.82,1425.57,1429.31,1432.88,1436.02,1438.14,1439.24,1439.55,1439.46,1439.25,1439.39,1441.32,1444.42,1448.40,1453.27,1459.82,1465.76,1470.95,1476.19,1482.45,1488.42,1493.30,1496.89,1500.64,1504.93,1509.04,1512.88,1516.91,1521.41,1525.83,1530.89,1537.24,1543.16,1548.21,1552.00,1554.67,1557.41,1560.26,1563.28,1566.40,1569.36,1571.57,1573.55,1575.49,1577.41,1579.24,1581.10,1582.79,1584.26,1585.50,1586.45,1587.01,1587.32,1587.54,1587.58,1586.67,1585.27,1583.72,1582.46,1581.82,1581.60,1582.05,1583.84,1586.57,1589.02,1590.72,1591.61,1592.54,1593.43,1594.16,1594.47,1593.78,1592.94,1592.02,1591.01,1589.75,1587.85,1585.72,1583.44,1580.98,1578.29,1575.56,1572.95,1570.46
1200.95,1200.97,1200.95,1200.43,1199.68,1198.73,1197.13,1194.60,1191.51,1187.99,1183.98,1180.49,1178.32,1177.04,1176.47,1177.13,1179.09,1181.63,1184.61,1188.37,1193.01,1198.06,1203.25,1208.60,1214.64,1221.26,1227.78,1233.69,1238.83,1243.65,1248.74,1254.49,1261.32,1268.10,1273.79,1279.28,1285.47,1291.26,1296.16,1299.72,1301.45,1301.05,1298.85,1294.79,1289.45,1283.51,1277.52,1271.69,1265.75,1259.53,1253.25,1246.47,1240.16,1234.49,1229.08,1223.20,1217.16,1211.33,1206.02,1200.82,1195.10,1187.71,1178.71,1170.56,1164.29,1159.42,1156.85,1158.73,1162.33,1166.90,1171.86,1176.60,1179.70,1181.50,1182.44,1182.82,1182.98,1183.15,1183.38,1183.91,1185.13,1187.03,1189.04,1191.61,1195.09,1199.43,1203.66,1208.01,1212.34,1216.24,1219.85,1223.83,1228.08,1232.60,1237.75,1241.41,1244.49,1247.45,1250.42,1253.84,1257.28,1260.38,1262.82,1264.76,1267.71,1271.64,1276.43,1281.64,1286.82,1291.57,1295.75,1299.14,1301.12,1302.33,1303.19,1303.83,1304.29,1305.04,1306.05,1307.31,1308.71,1309.64,1310.06,1310.21,1310.34,1310.47,1310.77,1311.31,1312.27,1313.87,1316.25,1319.73,1324.05,1328.76,1333.92,1338.23,1342.03,1345.53,1347.72,1350.77,1353.67,1355.86,1357.34,1359.10,1362.33,1366.23,1369.51,1372.09,1372.76,1372.40,1371.26,1368.78,1366.74,1366.71,1368.63,1371.72,1374.56,1377.34,1379.62,1381.10,1383.02,1385.60,1388.57,1391.73,1394.85,1397.85,1401.67,1406.24,1411.09,1415.17,1418.81,1422.57,1426.68,1430.95,1435.04,1438.86,1442.16,1444.24,1445.18,1445.45,1445.16,1444.29,1443.45,1443.37,1444.93,1448.30,1452.69,1459.22,1464.57,1468.87,1473.48,1478.23,1484.25,1489.69,1493.48,1496.91,1500.99,1505.57,1510.48,1515.61,1520.91,1525.80,1531.25,1538.02,1543.79,1548.45,1551.92,1554.42,1557.09,1559.88,1562.97,1566.22,1569.26,1571.54,1573.55,1575.55,1577.63,1579.74,1581.83,1583.78,1585.50,1586.87,1588.06,1589.02,1589.82,1590.43,1590.64,1590.45,1589.67,1588.23,1586.45,1585.38,1584.17,1583.14,1583.45,1585.67,1588.35,1590.41,1591.42,1592.36,1593.29,1594.26,1594.93,1594.53,1593.64,1592.60,1591.54,1590.40,1588.68,1586.50,1584.15,1581.70,1579.07,1576.58,1574.19,1571.76
1206.60,1206.68,1206.65,1206.23,1205.56,1204.56,1202.84,1200.63,1198.15,1195.18,1191.09,1187.12,1184.08,1182.03,1181.12,1181.27,1182.69,1184.77,1187.39,1190.85,1195.45,1200.62,1205.94,1211.22,1216.94,1223.25,1229.49,1235.17,1240.41,1245.43,1250.94,1257.25,1264.45,1270.83,1276.28,1281.55,1287.36,1293.51,1298.25,1301.81,1303.82,1303.05,1300.68,1296.33,1290.64,1284.60,1278.74,1273.16,1267.21,1260.54,1253.73,1247.01,1240.82,1235.27,1230.19,1224.48,1218.60,1212.76,1206.99,1200.93,1195.00,1187.43,1178.05,1169.78,1163.88,1160.12,1159.08,1162.39,1167.30,1173.02,1178.74,1183.70,1186.94,1188.86,1189.84,1190.18,1190.25,1189.97,1189.65,1189.65,1190.37,1191.85,1194.06,1197.15,1201.18,1205.70,1210.35,1214.85,1219.11,1223.12,1226.88,1230.67,1234.44,1238.08,1241.60,1244.59,1247.43,1250.41,1253.79,1257.43,1261.24,1264.71,1267.20,1269.09,1271.81,1275.58,1280.52,1286.48,1292.35,1297.34,1301.48,1304.95,1307.29,1308.79,1309.82,1310.55,1311.12,1311.90,1312.48,1312.98,1314.05,1314.73,1315.10,1315.32,1315.50,1315.68,1315.99,1316.45,1317.16,1318.36,1320.32,1323.31,1327.37,1332.63,1338.14,1343.08,1347.53,1351.46,1354.36,1357.20,1359.57,1361.44,1363.45,1366.00,1370.68,1375.65,1378.16,1379.71,1379.87,1379.05,1377.28,1374.52,1372.11,1371.93,1373.83,1376.64,1379.49,1382.36,1384.66,1385.92,1387.22,1389.37,1391.94,1394.69,1397.56,1401.08,1405.47,1410.28,1414.91,1419.19,1423.06,1426.93,1431.07,1435.49,1440.14,1444.18,1447.39,1449.72,1451.02,1451.57,1451.22,1449.68,1447.53,1446.27,1446.58,1448.85,1453.15,1458.82,1463.33,1466.87,1470.60,1474.93,1479.72,1485.14,1491.03,1496.02,1500.75,1505.43,1510.30,1515.82,1521.24,1526.32,1531.80,1538.30,1544.33,1548.94,1552.22,1554.52,1556.92,1559.53,1562.48,1565.66,1568.79,1571.33,1573.53,1575.61,1577.77,1580.23,1582.44,1584.46,1586.35,1588.13,1589.52,1590.74,1591.82,1592.68,1593.05,1593.04,1592.59,1591.62,1590.17,1588.77,1587.16,1585.47,1584.31,1584.82,1587.06,1589.43,1590.91,1591.89,1592.90,1594.00,1594.97,1595.22,1594.44,1593.38,1592.29,1591.15,1589.79,1587.66,1585.26,1582.85,1580.55,1578.32,1575.86,1573.09
1212.18,1212.25,1212.12,1211.70,1211.02,1210.00,1208.34,1206.43,1204.37,1201.83,1198.05,1194.20,1190.70,1187.96,1186.41,1185.87,1186.79,1188.47,1190.72,1193.80,1198.14,1203.28,1208.64,1213.74,1219.07,1224.93,1230.82,1236.38,1241.70,1247.07,1253.08,1259.91,1267.32,1273.41,1278.71,1283.80,1289.22,1295.55,1300.38,1304.09,1306.31,1305.48,1302.76,1298.16,1292.38,1286.27,1280.19,1274.72,1268.91,1262.16,1255.07,1248.34,1242.05,1236.35,1231.43,1225.88,1220.07,1213.95,1207.32,1200.52,1194.31,1186.56,1177.12,1169.33,1163.99,1161.38,1161.76,1166.09,1171.90,1178.61,1184.90,1189.80,1193.30,1195.28,1196.32,1196.71,1196.73,1196.39,1195.93,1195.70,1196.15,1197.46,1199.90,1203.48,1208.05,1212.68,1217.38,1222.05,1226.56,1230.63,1233.93,1236.89,1239.77,1242.56,1245.00,1247.63,1250.38,1253.38,1257.10,1261.28,1265.48,1269.16,1271.75,1273.67,1276.05,1279.64,1284.79,1291.04,1297.04,1302.09,1306.26,1309.80,1312.48,1314.45,1315.95,1317.09,1318.02,1318.86,1319.16,1319.06,1319.50,1319.90,1320.32,1320.66,1320.85,1320.99,1321.15,1321.39,1321.85,1322.72,1324.35,1326.72,1330.09,1335.07,1340.18,1345.56,1350.96,1355.93,1359.67,1362.62,1365.01,1367.14,1369.73,1372.97,1377.87,1382.64,1384.76,1385.99,1385.92,1384.78,1382.65,1379.81,1377.23,1376.97,1378.87,1381.64,1384.51,1387.32,1389.57,1390.90,1392.09,1394.00,1396.27,1398.71,1401.37,1405.13,1409.65,1414.38,1418.84,1423.25,1427.20,1431.02,1435.09,1439.94,1444.96,1449.02,1452.07,1454.60,1456.42,1457.30,1457.05,1455.34,1452.78,1450.29,1449.09,1450.21,1454.70,1459.97,1464.10,1467.30,1470.56,1474.54,1478.45,1483.70,1490.72,1496.65,1501.75,1506.45,1511.24,1516.80,1522.05,1527.10,1532.43,1538.43,1544.40,1548.89,1552.02,1554.17,1556.37,1558.83,1561.64,1564.80,1568.20,1571.03,1573.37,1575.52,1577.77,1580.53,1583.10,1585.34,1587.37,1589.36,1590.90,1592.30,1593.60,1594.68,1595.35,1595.49,1595.27,1594.63,1593.39,1591.84,1590.04,1588.04,1586.05,1585.00,1586.18,1588.30,1590.28,1591.42,1592.52,1593.69,1594.86,1595.64,1595.16,1594.18,1593.05,1591.87,1590.69,1588.77,1586.50,1584.18,1582.09,1580.03,1577.55,1574.59
1217.72,1217.68,1217.35,1216.76,1215.97,1214.95,1213.57,1211.89,1209.96,1207.62,1204.51,1201.41,1198.06,1194.87,1192.41,1190.99,1191.50,1192.83,1194.63,1197.27,1201.13,1206.04,1211.32,1216.16,1221.10,1226.34,1231.78,1237.30,1242.72,1248.59,1255.16,1262.39,1269.82,1275.80,1281.06,1286.03,1291.13,1297.38,1302.61,1306.61,1308.89,1308.31,1305.03,1300.19,1294.55,1288.49,1281.80,1276.23,1270.72,1264.30,1257.20,1250.32,1243.69,1237.58,1232.58,1227.21,1221.35,1214.63,1206.80,1199.53,1192.95,1185.09,1176.04,1169.32,1164.74,1163.24,1164.83,1169.75,1175.89,1183.28,1189.93,1194.58,1198.46,1200.51,1201.64,1202.23,1202.31,1202.34,1202.03,1201.76,1202.18,1203.56,1206.27,1210.32,1215.42,1220.18,1224.59,1229.48,1234.54,1238.56,1240.77,1242.26,1243.90,1246.07,1248.28,1250.84,1253.50,1256.44,1260.40,1265.42,1269.96,1273.68,1276.46,1278.47,1280.33,1283.69,1289.15,1295.14,1300.63,1305.55,1309.91,1313.53,1316.49,1319.10,1321.36,1323.18,1324.72,1325.66,1325.91,1325.57,1325.13,1325.27,1325.76,1326.22,1326.30,1326.27,1326.03,1325.90,1326.14,1326.85,1328.24,1329.93,1332.21,1335.88,1339.74,1345.23,1351.83,1358.50,1363.15,1366.64,1369.72,1372.70,1375.78,1379.48,1383.20,1386.50,1389.02,1390.97,1391.01,1389.76,1387.56,1384.76,1382.20,1381.93,1383.89,1386.87,1389.68,1392.22,1394.37,1396.06,1397.71,1399.57,1401.63,1403.89,1406.38,1409.97,1414.13,1418.54,1423.00,1427.40,1431.24,1434.86,1438.89,1444.42,1449.50,1453.35,1456.21,1458.84,1461.28,1462.51,1462.48,1461.19,1459.25,1455.48,1452.53,1452.49,1457.36,1462.88,1467.20,1470.57,1473.89,1477.49,1481.07,1486.02,1492.75,1498.63,1503.67,1508.38,1513.17,1518.46,1523.28,1528.09,1533.10,1538.40,1543.88,1548.10,1551.12,1553.24,1555.32,1557.72,1560.44,1563.65,1567.53,1570.64,1573.06,1575.25,1577.63,1580.63,1583.80,1586.48,1588.63,1590.56,1592.21,1593.72,1595.14,1596.46,1597.55,1597.93,1597.86,1597.33,1596.06,1594.50,1592.69,1590.72,1588.61,1586.43,1585.95,1587.15,1589.52,1590.98,1592.18,1593.38,1594.63,1595.75,1595.77,1594.96,1593.78,1592.56,1591.32,1589.73,1587.80,1585.63,1583.55,1581.58,1579.20,1576.25
1224.55,1224.13,1223.46,1222.59,1221.55,1220.28,1218.66,1216.91,1215.03,1212.89,1210.15,1207.21,1204.15,1201.14,1198.45,1196.64,1196.61,1197.39,1198.79,1201.34,1204.65,1209.06,1214.02,1218.74,1223.51,1228.39,1233.39,1238.56,1244.02,1250.24,1257.19,1264.61,1271.82,1277.84,1283.10,1288.08,1293.24,1299.21,1304.62,1308.39,1310.00,1309.61,1306.41,1301.55,1295.96,1290.15,1283.36,1277.46,1271.81,1265.59,1258.35,1251.20,1244.28,1237.93,1232.87,1227.50,1221.30,1214.01,1205.62,1198.07,1190.35,1182.41,1174.83,1169.22,1165.86,1165.62,1168.17,1173.14,1179.33,1186.83,1193.63,1198.32,1201.80,1204.12,1205.68,1206.78,1207.70,1208.26,1208.37,1208.35,1208.70,1209.91,1212.88,1217.12,1222.15,1227.05,1232.02,1236.77,1241.01,1244.12,1245.80,1246.85,1248.18,1250.26,1252.45,1254.46,1256.86,1260.07,1264.57,1269.62,1274.04,1277.81,1280.92,1282.79,1284.39,1287.62,1293.03,1298.73,1303.69,1308.47,1313.05,1316.95,1320.42,1323.53,1326.26,1328.55,1330.41,1331.39,1331.61,1331.21,1330.60,1330.78,1331.19,1331.52,1331.56,1331.35,1330.82,1330.48,1330.58,1330.95,1331.86,1333.09,1334.67,1336.88,1339.55,1344.46,1351.04,1358.41,1364.78,1369.06,1372.51,1375.79,1379.21,1383.12,1387.06,1391.06,1394.95,1396.60,1396.40,1394.88,1392.25,1389.39,1387.48,1387.54,1389.30,1391.81,1394.30,1396.84,1399.42,1401.98,1404.31,1405.74,1407.05,1408.64,1410.66,1413.67,1417.76,1422.62,1427.78,1432.08,1436.07,1440.08,1444.32,1448.97,1453.28,1456.87,1459.93,1462.92,1465.58,1467.03,1467.15,1465.90,1463.98,1460.59,1457.34,1456.16,1460.11,1465.80,1470.70,1474.74,1478.60,1482.20,1485.32,1489.37,1495.02,1500.55,1505.56,1510.31,1515.04,1520.02,1524.54,1529.04,1533.49,1537.86,1542.52,1546.28,1549.34,1551.88,1554.13,1556.62,1559.38,1562.68,1566.86,1570.25,1572.75,1575.04,1577.64,1580.75,1584.32,1587.34,1589.63,1591.55,1593.33,1594.95,1596.47,1597.91,1599.18,1599.94,1600.09,1599.57,1598.53,1596.99,1595.13,1593.08,1590.93,1588.65,1587.11,1586.95,1588.48,1590.46,1591.88,1593.14,1594.43,1595.67,1596.31,1595.74,1594.53,1593.27,1591.93,1590.43,1588.67,1586.63,1584.63,1582.62,1580.45,1577.68
1231.56,1230.80,1229.79,1228.65,1227.39,1225.89,1224.02,1222.19,1220.34,1218.28,1215.70,1212.76,1209.96,1207.22,1204.51,1202.41,1201.77,1201.91,1202.87,1205.29,1208.20,1212.15,1216.77,1221.44,1226.14,1230.78,1235.44,1240.25,1245.62,1252.09,1259.27,1266.70,1273.65,1279.67,1284.95,1290.00,1295.29,1301.06,1306.42,1309.70,1310.53,1310.27,1307.21,1302.36,1296.76,1291.12,1284.37,1278.18,1272.30,1266.11,1258.74,1251.39,1244.28,1237.78,1232.72,1227.27,1220.64,1212.83,1204.16,1196.56,1188.10,1180.35,1174.20,1169.46,1167.16,1167.95,1171.18,1176.10,1182.43,1189.93,1196.76,1201.51,1204.66,1207.68,1210.06,1211.84,1213.53,1214.44,1214.86,1215.08,1215.41,1216.43,1219.53,1223.73,1228.48,1233.36,1238.61,1243.07,1246.53,1249.03,1250.63,1251.71,1253.03,1255.03,1257.11,1258.58,1260.63,1263.93,1268.77,1273.63,1278.04,1282.02,1285.46,1287.37,1289.04,1292.11,1297.03,1302.12,1306.46,1311.07,1315.88,1320.21,1324.22,1327.72,1330.82,1333.51,1335.78,1336.92,1337.15,1336.69,1336.09,1336.25,1336.52,1336.68,1336.61,1336.28,1335.59,1335.11,1335.09,1335.15,1335.58,1336.37,1337.37,1338.41,1340.05,1343.98,1349.84,1357.22,1365.06,1370.28,1374.20,1377.70,1381.47,1385.57,1390.07,1395.02,1399.89,1401.26,1400.99,1399.43,1396.71,1394.09,1392.92,1393.29,1394.81,1396.92,1399.21,1401.80,1404.67,1407.75,1410.45,1411.45,1412.07,1412.99,1414.58,1417.26,1421.53,1426.89,1432.52,1436.94,1441.20,1445.51,1449.69,1453.34,1456.86,1460.20,1463.49,1466.93,1469.82,1471.48,1471.74,1470.41,1468.30,1465.46,1462.30,1460.24,1462.75,1468.31,1473.79,1478.65,1483.25,1487.00,1489.79,1493.06,1497.63,1502.72,1507.58,1512.25,1516.82,1521.41,1525.63,1529.75,1533.61,1537.11,1540.89,1544.24,1547.41,1550.43,1553.00,1555.64,1558.43,1561.78,1566.13,1569.84,1572.48,1574.91,1577.71,1580.86,1584.70,1588.03,1590.53,1592.47,1594.35,1596.08,1597.70,1599.20,1600.50,1601.59,1601.98,1601.54,1600.70,1599.24,1597.42,1595.37,1593.20,1591.01,1588.78,1587.37,1587.70,1589.95,1591.54,1592.88,1594.21,1595.53,1596.71,1596.43,1595.27,1593.98,1592.54,1591.06,1589.38,1587.45,1585.50,1583.45,1581.47,1578.91
1238.14,1237.27,1236.08,1234.85,1233.54,1232.02,1230.24,1228.58,1226.71,1224.44,1221.60,1218.67,1215.91,1213.24,1210.55,1208.12,1206.75,1206.19,1206.55,1208.36,1211.42,1215.26,1219.62,1224.41,1229.08,1233.68,1238.26,1242.92,1247.90,1254.43,1261.50,1268.59,1275.35,1281.17,1286.48,1291.64,1297.00,1302.94,1307.73,1310.25,1310.49,1310.20,1306.98,1302.01,1296.31,1290.47,1283.79,1277.62,1271.56,1265.02,1257.62,1250.39,1243.34,1236.88,1231.93,1226.30,1219.18,1210.97,1202.41,1195.20,1187.79,1181.01,1175.38,1170.77,1168.72,1169.71,1173.05,1178.05,1184.91,1192.55,1199.24,1203.92,1207.54,1212.34,1216.41,1219.12,1220.84,1221.35,1221.58,1221.87,1222.35,1223.26,1226.07,1229.85,1234.11,1238.52,1242.54,1246.50,1250.40,1253.84,1256.24,1257.96,1259.45,1260.96,1262.57,1263.82,1265.44,1268.07,1272.41,1277.14,1282.15,1286.83,1290.43,1293.12,1295.59,1298.41,1301.77,1305.27,1308.76,1313.12,1318.22,1323.31,1327.67,1331.40,1334.73,1337.82,1340.98,1342.72,1343.05,1342.37,1341.72,1341.49,1341.57,1341.60,1341.22,1340.93,1340.33,1339.84,1339.68,1339.64,1339.74,1340.04,1340.56,1341.36,1342.39,1344.69,1348.66,1354.84,1362.83,1369.27,1374.14,1378.04,1382.28,1386.70,1391.69,1396.71,1400.64,1402.59,1402.96,1402.22,1400.67,1399.22,1398.56,1398.96,1400.36,1402.77,1405.44,1407.96,1410.30,1412.46,1414.47,1415.35,1415.83,1416.46,1417.97,1421.43,1426.40,1431.81,1436.65,1441.91,1446.60,1450.49,1453.67,1457.10,1460.43,1463.62,1466.91,1470.84,1474.29,1476.27,1476.66,1475.26,1472.71,1469.68,1466.68,1464.49,1464.98,1469.68,1475.39,1481.13,1486.64,1490.73,1493.73,1496.93,1501.08,1505.72,1509.99,1514.21,1518.42,1522.41,1526.21,1529.78,1533.09,1536.10,1539.15,1542.38,1545.72,1549.05,1552.16,1554.97,1557.72,1560.94,1565.27,1569.38,1572.38,1574.99,1577.82,1580.94,1584.80,1588.43,1591.34,1593.28,1595.20,1597.04,1598.76,1600.24,1601.42,1602.49,1603.13,1603.05,1602.13,1600.91,1599.44,1597.67,1595.44,1593.16,1590.86,1588.86,1587.89,1589.52,1591.06,1592.49,1593.92,1595.35,1596.74,1596.86,1595.98,1594.62,1593.21,1591.67,1589.96,1588.06,1586.08,1584.06,1582.12,1579.77
1244.37,1243.58,1242.42,1241.10,1239.61,1237.82,1235.63,1233.99,1232.23,1230.09,1227.53,1224.91,1222.21,1219.34,1216.35,1213.78,1211.91,1210.78,1210.63,1211.97,1214.71,1218.46,1222.84,1227.55,1232.30,1237.05,1241.78,1246.47,1251.11,1256.97,1263.53,1270.31,1276.67,1282.24,1287.46,1292.67,1298.16,1304.02,1308.27,1310.30,1310.23,1309.50,1305.87,1300.60,1294.61,1288.46,1281.99,1276.12,1270.15,1263.47,1256.24,1248.93,1241.68,1235.06,1230.10,1224.53,1217.23,1209.40,1202.52,1196.88,1190.56,1184.19,1178.31,1173.29,1170.56,1171.33,1174.76,1179.68,1186.74,1194.63,1201.47,1206.40,1211.38,1217.47,1222.61,1226.12,1228.24,1228.78,1228.88,1229.00,1229.36,1230.14,1232.30,1235.24,1238.59,1242.13,1245.39,1249.49,1254.10,1258.00,1260.83,1263.02,1264.87,1266.52,1268.13,1269.31,1270.62,1272.68,1276.54,1281.25,1286.54,1291.64,1295.59,1298.39,1301.24,1304.09,1306.82,1309.45,1312.28,1315.98,1320.68,1326.12,1330.63,1334.56,1338.42,1342.52,1346.67,1349.23,1349.95,1349.22,1348.22,1347.11,1346.36,1345.86,1345.41,1345.15,1344.67,1344.30,1344.21,1344.16,1344.15,1344.24,1344.49,1344.98,1345.53,1346.60,1348.68,1352.77,1360.09,1366.72,1372.13,1376.65,1381.22,1385.93,1391.18,1396.40,1400.46,1402.85,1404.28,1404.93,1404.72,1404.03,1403.77,1404.36,1405.80,1407.98,1410.39,1412.65,1414.78,1416.84,1418.79,1419.65,1420.06,1420.67,1422.52,1426.21,1430.82,1435.79,1440.92,1446.48,1450.84,1454.27,1457.31,1461.17,1464.64,1468.41,1472.51,1476.41,1479.71,1481.51,1481.65,1479.86,1476.88,1473.64,1470.56,1468.04,1467.20,1470.41,1475.78,1482.20,1488.74,1493.02,1496.43,1500.06,1504.28,1508.41,1512.01,1515.55,1519.12,1522.42,1525.63,1528.86,1531.95,1534.73,1537.42,1540.38,1543.96,1548.01,1551.53,1554.38,1557.01,1560.02,1564.07,1568.53,1571.86,1574.74,1577.78,1581.18,1585.25,1588.96,1591.89,1593.97,1596.05,1598.00,1599.72,1601.07,1602.21,1603.35,1604.27,1604.58,1603.63,1602.53,1601.22,1599.57,1597.35,1595.02,1592.69,1590.43,1588.74,1589.20,1590.53,1592.03,1593.51,1595.05,1596.60,1597.18,1596.72,1595.32,1593.84,1592.23,1590.50,1588.64,1586.64,1584.69,1582.77,1580.53
1250.42,1249.75,1248.72,1247.33,1245.64,1243.54,1240.85,1239.07,1237.37,1235.43,1233.28,1231.07,1228.45,1225.35,1221.94,1219.31,1217.10,1215.52,1214.95,1215.88,1218.10,1221.78,1226.27,1230.85,1235.72,1240.67,1245.62,1250.44,1254.83,1259.84,1265.72,1272.07,1277.90,1283.15,1288.21,1293.44,1299.01,1304.45,1308.20,1309.92,1309.64,1308.25,1304.18,1298.57,1292.25,1285.82,1279.68,1274.15,1268.35,1261.67,1254.73,1247.20,1239.66,1232.83,1227.80,1222.42,1215.39,1208.51,1203.90,1200.22,1195.02,1188.89,1182.42,1176.47,1172.57,1172.87,1176.31,1181.08,1188.17,1196.32,1203.44,1208.81,1215.39,1222.41,1228.33,1232.66,1235.44,1236.46,1236.66,1236.60,1236.64,1237.07,1238.36,1240.20,1242.43,1244.91,1247.79,1252.32,1257.66,1261.77,1264.83,1267.40,1269.75,1271.88,1273.70,1274.89,1275.94,1277.54,1280.93,1285.61,1290.95,1296.19,1300.44,1303.14,1306.15,1309.15,1311.82,1314.15,1316.53,1319.45,1323.35,1328.70,1333.15,1337.29,1341.85,1347.18,1352.39,1355.77,1357.05,1356.54,1355.26,1353.27,1351.54,1350.39,1349.95,1349.64,1349.29,1349.07,1349.08,1349.06,1349.12,1349.20,1349.27,1349.32,1349.35,1349.42,1349.80,1351.57,1357.45,1363.45,1369.00,1374.07,1378.84,1383.86,1389.29,1394.79,1399.59,1402.43,1405.11,1407.34,1408.58,1408.49,1408.66,1409.53,1411.01,1412.75,1414.71,1416.76,1418.95,1421.30,1423.39,1424.24,1424.61,1425.29,1427.49,1431.02,1434.85,1439.32,1445.19,1450.58,1454.31,1457.46,1460.99,1465.63,1469.52,1474.11,1479.11,1482.66,1485.37,1486.71,1486.43,1484.13,1480.74,1477.41,1474.30,1471.58,1469.95,1471.34,1475.69,1482.23,1489.73,1494.19,1498.07,1502.26,1506.73,1510.38,1513.25,1515.99,1518.75,1521.49,1524.18,1527.15,1530.21,1533.09,1535.67,1538.27,1541.96,1546.68,1550.64,1553.58,1556.14,1558.96,1562.74,1567.46,1571.15,1574.37,1577.75,1581.56,1585.85,1589.53,1592.34,1594.60,1596.89,1598.95,1600.63,1601.84,1603.01,1604.22,1605.39,1606.07,1605.23,1604.19,1602.91,1601.28,1599.08,1596.68,1594.34,1592.01,1589.95,1589.05,1590.04,1591.55,1593.07,1594.70,1596.38,1597.45,1597.46,1596.04,1594.46,1592.81,1591.07,1589.22,1587.23,1585.34,1583.42,1581.25
1256.59,1255.63,1254.61,1253.29,1251.70,1249.77,1247.39,1245.18,1242.97,1240.62,1238.10,1235.83,1233.47,1230.62,1227.11,1224.21,1221.86,1220.16,1219.38,1219.88,1221.93,1225.42,1229.80,1234.51,1239.38,1244.22,1249.13,1254.08,1258.64,1263.83,1269.23,1274.60,1279.71,1284.45,1289.31,1294.50,1299.83,1303.88,1307.11,1308.64,1308.03,1305.82,1302.00,1296.43,1289.97,1283.80,1277.95,1272.37,1266.46,1259.91,1253.22,1245.36,1237.70,1231.06,1225.97,1220.85,1215.41,1210.39,1206.69,1203.65,1199.60,1194.37,1187.72,1179.74,1174.67,1174.34,1177.46,1182.15,1189.35,1197.51,1204.80,1210.63,1217.61,1225.14,1232.00,1237.57,1241.35,1243.99,1245.31,1245.61,1245.10,1244.28,1244.40,1245.05,1246.09,1247.77,1250.87,1255.63,1261.05,1265.35,1268.64,1271.71,1274.65,1277.24,1279.06,1280.19,1281.08,1282.35,1285.24,1289.63,1294.67,1299.50,1303.34,1306.55,1309.72,1312.84,1315.82,1318.66,1321.17,1323.70,1326.72,1330.87,1334.91,1339.34,1344.48,1350.56,1356.88,1360.51,1362.34,1362.96,1362.72,1360.99,1359.38,1358.20,1357.36,1356.74,1356.37,1356.13,1355.95,1355.79,1356.23,1356.52,1356.32,1355.44,1354.38,1353.53,1353.18,1353.93,1356.71,1360.85,1365.53,1370.34,1374.96,1380.39,1386.15,1392.02,1397.67,1401.60,1405.23,1408.58,1411.12,1412.06,1413.10,1414.24,1415.47,1417.03,1419.34,1421.98,1424.68,1427.12,1428.61,1429.22,1429.45,1429.87,1431.45,1434.20,1438.09,1443.09,1449.05,1453.47,1457.05,1460.97,1465.82,1471.19,1476.07,1480.65,1484.79,1487.83,1489.56,1490.46,1489.97,1487.34,1483.76,1480.98,1478.76,1476.92,1475.45,1475.03,1476.53,1480.86,1488.68,1493.59,1497.63,1501.72,1505.94,1509.40,1511.72,1513.53,1515.50,1518.47,1521.42,1524.01,1527.08,1531.09,1533.68,1536.02,1538.91,1542.81,1547.85,1551.59,1554.42,1557.37,1561.66,1566.39,1570.55,1574.38,1578.17,1582.12,1586.30,1589.96,1592.92,1595.31,1597.69,1599.74,1601.48,1602.91,1604.14,1605.37,1606.54,1607.35,1607.02,1606.17,1604.81,1603.01,1600.79,1598.21,1595.79,1593.42,1591.10,1589.48,1589.88,1591.17,1592.82,1594.54,1596.24,1597.72,1598.15,1596.74,1595.23,1593.65,1591.88,1589.90,1587.95,1586.00,1584.03,1581.96
1262.53,1261.58,1260.49,1259.14,1257.58,1255.79,1253.72,1251.39,1248.91,1246.26,1243.35,1240.84,1238.49,1235.70,1232.13,1228.96,1226.37,1224.54,1223.68,1223.89,1225.64,1228.95,1233.30,1238.08,1242.83,1247.71,1252.78,1258.00,1262.99,1268.02,1272.76,1277.22,1281.63,1285.87,1290.68,1295.91,1300.96,1304.31,1307.02,1308.31,1307.53,1304.68,1301.02,1295.47,1288.85,1282.73,1276.80,1270.91,1264.78,1258.29,1251.75,1243.97,1236.69,1230.62,1225.80,1221.52,1217.72,1214.24,1211.01,1207.87,1204.08,1199.28,1192.87,1184.08,1177.38,1175.76,1178.23,1182.92,1190.04,1198.13,1205.56,1211.79,1218.92,1226.69,1234.29,1240.98,1245.79,1249.77,1252.29,1253.35,1252.87,1251.64,1250.94,1250.70,1250.91,1251.84,1254.47,1258.94,1264.26,1268.78,1272.33,1275.91,1279.40,1282.33,1284.06,1285.27,1286.29,1287.55,1289.95,1293.83,1298.26,1302.49,1306.01,1309.56,1312.92,1316.22,1319.52,1322.84,1325.65,1328.03,1330.38,1333.41,1336.93,1341.31,1346.61,1352.92,1359.72,1363.81,1366.42,1368.19,1369.05,1368.22,1367.13,1366.06,1364.95,1364.14,1363.77,1363.55,1363.32,1363.19,1363.68,1363.85,1363.30,1361.78,1359.78,1358.22,1357.37,1357.39,1358.09,1360.64,1364.12,1367.95,1371.78,1376.96,1382.67,1388.68,1394.90,1400.30,1405.03,1409.31,1412.92,1415.28,1417.43,1419.07,1420.42,1422.29,1424.81,1427.65,1430.43,1432.69,1433.79,1434.14,1434.13,1434.13,1434.93,1437.34,1441.55,1446.87,1452.26,1456.07,1460.26,1465.14,1470.68,1476.39,1481.67,1486.00,1489.39,1491.95,1493.09,1493.67,1492.97,1490.10,1486.52,1484.32,1482.87,1481.74,1480.63,1479.37,1479.02,1481.03,1486.89,1491.89,1496.07,1499.99,1503.81,1506.93,1509.01,1510.43,1511.92,1514.77,1518.06,1520.69,1523.88,1528.49,1531.32,1533.69,1536.18,1539.39,1544.34,1548.84,1552.47,1556.07,1560.88,1565.74,1570.31,1574.64,1578.74,1582.65,1586.65,1590.26,1593.33,1595.90,1598.38,1600.45,1602.24,1603.86,1605.21,1606.53,1607.73,1608.56,1608.62,1608.05,1606.84,1605.04,1602.63,1599.77,1597.20,1594.77,1592.37,1590.32,1590.09,1591.13,1592.88,1594.65,1596.38,1598.06,1598.83,1597.77,1596.34,1594.69,1592.82,1590.75,1588.74,1586.74,1584.75,1582.77
1268.18,1267.64,1266.42,1264.92,1263.25,1261.45,1259.55,1257.51,1255.19,1252.49,1249.35,1246.46,1243.74,1240.71,1237.07,1233.67,1230.70,1228.66,1227.81,1227.95,1229.19,1232.32,1236.74,1241.49,1246.01,1251.18,1256.71,1262.36,1267.97,1272.24,1276.08,1279.88,1283.68,1287.42,1292.34,1297.73,1302.54,1306.25,1308.49,1309.44,1308.72,1305.49,1301.78,1296.18,1289.38,1282.88,1276.35,1269.82,1263.32,1256.87,1250.39,1243.28,1236.97,1231.87,1227.77,1225.01,1222.66,1220.17,1217.08,1213.14,1208.46,1203.38,1197.53,1189.68,1180.82,1177.11,1178.57,1183.33,1190.14,1198.13,1205.68,1212.19,1219.37,1227.11,1235.11,1242.71,1248.47,1253.28,1256.92,1259.12,1259.47,1259.06,1258.12,1257.43,1257.32,1257.52,1258.74,1262.29,1267.38,1272.11,1275.95,1280.05,1284.01,1287.09,1288.71,1290.21,1291.71,1293.28,1295.24,1298.36,1301.86,1305.38,1308.79,1312.31,1315.87,1319.44,1323.04,1326.62,1329.85,1332.32,1334.30,1336.56,1339.46,1343.35,1348.24,1354.22,1360.65,1365.55,1369.26,1372.01,1373.78,1374.47,1374.20,1373.35,1372.27,1371.47,1371.14,1371.01,1370.97,1371.12,1371.16,1370.74,1369.75,1368.02,1365.43,1363.47,1362.22,1361.66,1361.92,1363.47,1365.52,1367.69,1369.97,1374.03,1379.16,1384.92,1391.30,1398.49,1404.48,1409.54,1413.98,1418.14,1421.63,1424.08,1426.06,1428.81,1431.26,1433.72,1435.99,1437.75,1438.83,1438.94,1438.55,1438.03,1438.05,1440.69,1445.38,1450.59,1454.74,1458.62,1464.22,1470.05,1475.31,1480.88,1485.69,1489.63,1492.76,1494.96,1496.03,1496.45,1495.53,1492.55,1489.22,1487.52,1486.47,1485.62,1484.96,1484.09,1483.51,1483.49,1484.76,1489.25,1493.47,1497.21,1500.58,1503.11,1505.44,1507.18,1508.63,1510.90,1514.49,1517.72,1521.16,1525.42,1528.73,1531.47,1534.19,1537.14,1540.46,1545.48,1550.48,1555.31,1560.50,1565.71,1570.58,1575.16,1579.42,1583.09,1586.91,1590.43,1593.52,1596.31,1598.94,1601.08,1602.90,1604.63,1606.16,1607.66,1608.90,1609.68,1609.89,1609.72,1608.95,1607.38,1604.65,1601.41,1598.57,1596.10,1593.82,1591.60,1590.77,1591.50,1593.32,1595.10,1596.87,1598.50,1599.51,1599.20,1597.84,1595.95,1593.90,1591.79,1589.61,1587.61,1585.68,1583.73
1273.91,1273.43,1272.37,1271.12,1269.47,1267.37,1265.38,1263.44,1261.27,1258.76,1255.87,1252.91,1249.85,1246.55,1242.86,1239.08,1235.90,1233.68,1232.63,1232.72,1233.70,1236.47,1240.57,1245.21,1249.92,1255.40,1261.24,1266.97,1272.09,1276.10,1279.94,1283.71,1286.93,1290.42,1294.98,1300.00,1304.78,1309.15,1311.64,1312.63,1311.78,1308.13,1304.24,1299.34,1293.08,1285.16,1276.82,1268.74,1261.57,1255.60,1249.95,1243.92,1238.61,1234.43,1231.52,1230.02,1228.47,1226.37,1223.38,1219.11,1213.63,1207.61,1201.15,1193.73,1183.54,1178.33,1178.84,1183.43,1190.02,1197.95,1205.61,1212.21,1219.14,1226.59,1235.02,1243.55,1249.80,1255.73,1260.09,1262.90,1264.30,1264.94,1265.00,1264.89,1264.80,1264.83,1265.34,1267.65,1271.45,1275.77,1280.22,1284.86,1289.08,1292.24,1294.38,1296.63,1298.53,1299.99,1301.38,1303.66,1306.32,1309.12,1312.03,1315.15,1318.59,1322.43,1326.56,1330.42,1333.88,1336.52,1338.52,1340.41,1342.57,1345.77,1350.23,1355.96,1361.78,1367.01,1371.62,1375.41,1377.84,1379.27,1379.71,1379.47,1378.87,1378.43,1378.23,1378.27,1378.53,1378.79,1378.25,1376.93,1375.15,1373.26,1370.86,1369.02,1367.72,1366.94,1367.05,1367.90,1369.13,1370.57,1372.22,1375.06,1378.91,1383.56,1389.22,1396.25,1402.74,1408.73,1414.34,1419.50,1424.72,1428.43,1430.97,1433.84,1436.59,1439.78,1442.57,1443.99,1444.32,1443.94,1443.24,1442.45,1442.09,1444.35,1448.58,1453.41,1457.66,1463.03,1468.56,1473.88,1478.99,1484.25,1488.88,1492.72,1495.85,1498.24,1499.21,1499.39,1498.65,1496.63,1494.22,1492.53,1491.23,1490.25,1489.79,1489.15,1488.45,1487.69,1487.21,1489.03,1491.67,1494.76,1498.04,1500.59,1503.94,1506.76,1509.21,1512.74,1516.98,1520.71,1524.09,1527.29,1529.50,1532.32,1535.24,1537.95,1540.73,1545.35,1550.43,1555.63,1561.12,1567.05,1571.90,1576.19,1580.25,1583.74,1587.33,1590.69,1593.76,1596.64,1599.38,1601.65,1603.59,1605.39,1607.07,1608.61,1609.71,1610.24,1610.50,1610.39,1609.94,1608.97,1606.95,1603.58,1600.29,1597.49,1595.23,1593.09,1591.63,1591.97,1593.81,1595.63,1597.41,1598.99,1600.07,1600.19,1599.27,1597.47,1595.37,1593.19,1590.97,1588.88,1586.94,1584.99
1279.64,1279.14,1278.31,1277.32,1275.80,1273.63,1271.68,1269.73,1267.52,1265.00,1262.22,1259.24,1255.94,1252.43,1248.73,1244.72,1241.47,1239.07,1237.72,1237.78,1238.58,1240.96,1244.63,1249.08,1254.03,1259.77,1265.76,1271.43,1275.98,1279.98,1284.03,1287.86,1290.65,1293.93,1298.11,1302.86,1307.82,1312.69,1315.39,1316.37,1315.34,1311.28,1307.04,1302.76,1297.14,1287.98,1277.71,1268.07,1260.27,1254.85,1250.12,1245.26,1240.98,1237.73,1236.01,1235.47,1234.41,1232.51,1229.51,1225.03,1219.02,1212.05,1204.59,1197.34,1186.71,1180.22,1179.29,1183.36,1189.58,1197.47,1205.22,1211.90,1218.66,1225.93,1234.72,1243.99,1250.57,1257.46,1262.45,1265.85,1268.29,1270.01,1271.21,1271.82,1271.88,1271.94,1272.11,1273.35,1275.87,1279.79,1284.76,1289.74,1294.07,1297.38,1300.24,1303.16,1305.32,1306.56,1307.51,1309.22,1311.23,1313.36,1315.66,1318.28,1321.53,1325.56,1330.18,1334.35,1338.15,1341.03,1343.10,1344.73,1346.24,1348.91,1352.93,1358.21,1363.25,1368.68,1374.05,1378.73,1381.66,1383.58,1384.64,1385.05,1384.96,1384.91,1384.84,1385.04,1385.60,1385.95,1385.10,1383.10,1380.55,1378.33,1376.07,1374.29,1372.91,1371.99,1372.03,1372.43,1373.19,1374.33,1375.86,1378.03,1380.72,1383.99,1388.35,1394.45,1401.01,1407.71,1414.30,1420.06,1426.85,1431.81,1434.97,1438.16,1441.61,1445.60,1448.92,1450.30,1450.16,1449.42,1448.38,1447.22,1446.48,1448.13,1451.70,1456.17,1460.94,1467.56,1472.65,1477.29,1482.28,1487.22,1491.72,1495.55,1498.81,1501.47,1502.47,1502.48,1501.93,1500.92,1499.53,1497.88,1496.37,1495.28,1494.98,1494.55,1493.80,1492.68,1491.28,1490.49,1491.18,1493.28,1496.45,1499.23,1503.62,1507.66,1511.39,1516.32,1521.11,1525.13,1528.33,1530.62,1531.90,1534.68,1537.63,1540.14,1542.72,1546.64,1551.37,1556.66,1562.57,1568.89,1573.50,1577.36,1581.12,1584.41,1587.78,1591.03,1594.08,1597.00,1599.78,1602.16,1604.23,1606.12,1607.95,1609.41,1610.29,1610.61,1610.89,1610.79,1610.55,1610.12,1608.95,1605.79,1602.18,1599.01,1596.65,1594.61,1592.65,1592.56,1594.27,1596.16,1598.00,1599.52,1600.61,1601.04,1600.57,1599.02,1597.01,1594.82,1592.57,1590.36,1588.34,1586.32
1285.27,1284.83,1284.17,1283.18,1282.01,1280.78,1279.48,1277.33,1274.49,1271.15,1267.60,1264.44,1261.22,1257.78,1254.11,1250.52,1247.42,1244.84,1243.15,1243.13,1243.81,1245.88,1249.10,1253.14,1258.12,1263.88,1269.74,1275.18,1279.93,1284.29,1288.38,1292.03,1294.78,1297.74,1301.96,1307.15,1312.72,1317.41,1319.51,1320.04,1318.85,1314.50,1309.44,1304.89,1299.54,1290.60,1279.04,1268.62,1260.67,1255.60,1251.45,1247.61,1244.47,1242.25,1241.24,1240.96,1240.09,1238.19,1234.88,1230.20,1224.46,1217.06,1208.38,1200.89,1191.96,1184.33,1180.36,1183.03,1188.35,1196.11,1204.03,1210.86,1218.02,1225.59,1234.55,1243.94,1250.80,1257.87,1263.53,1267.89,1271.22,1273.89,1275.56,1276.44,1276.74,1277.04,1277.36,1278.36,1280.53,1284.61,1289.62,1294.24,1298.41,1302.22,1305.80,1308.76,1310.75,1311.88,1312.85,1314.91,1316.84,1318.49,1320.13,1322.20,1325.32,1329.39,1334.15,1338.63,1343.30,1346.57,1348.51,1349.89,1351.16,1353.90,1357.58,1361.61,1365.61,1371.28,1377.16,1382.19,1385.33,1387.56,1389.08,1389.94,1390.08,1390.18,1390.15,1390.44,1391.18,1391.72,1391.57,1389.82,1386.86,1383.79,1380.81,1378.38,1376.55,1375.50,1375.43,1375.89,1376.74,1378.10,1380.36,1383.62,1386.13,1387.90,1389.91,1394.46,1400.34,1406.90,1413.61,1419.38,1426.97,1432.77,1436.82,1441.55,1446.68,1450.68,1453.66,1455.75,1456.77,1456.25,1454.70,1452.62,1451.16,1452.06,1455.08,1459.54,1464.93,1470.80,1475.66,1480.30,1485.18,1489.89,1494.22,1498.09,1501.52,1504.37,1505.80,1505.87,1505.25,1504.42,1503.78,1502.76,1501.69,1500.92,1500.87,1500.71,1500.01,1498.60,1496.42,1495.07,1494.09,1494.61,1497.24,1500.36,1505.11,1510.21,1515.25,1520.39,1525.14,1528.85,1531.78,1534.22,1536.51,1539.06,1541.61,1544.04,1546.51,1549.64,1553.69,1558.98,1565.78,1571.10,1575.04,1578.53,1581.96,1584.98,1588.28,1591.52,1594.57,1597.49,1600.20,1602.54,1604.68,1606.76,1608.77,1609.89,1610.50,1610.87,1611.21,1611.18,1610.93,1610.54,1609.81,1607.69,1604.32,1600.87,1598.12,1596.05,1594.00,1593.44,1594.58,1596.65,1598.67,1600.15,1601.19,1601.84,1601.54,1600.45,1598.87,1596.85,1594.56,1592.18,1589.87,1587.60
1291.49,1291.15,1290.55,1289.49,1288.24,1286.91,1285.44,1283.43,1280.63,1277.17,1273.45,1269.84,1266.11,1262.36,1258.68,1255.15,1252.18,1249.74,1248.22,1248.59,1249.51,1251.41,1254.11,1257.47,1262.14,1267.73,1273.46,1278.86,1283.77,1288.30,1292.41,1296.09,1299.26,1302.52,1307.12,1312.44,1317.47,1321.20,1322.80,1322.98,1321.51,1317.23,1311.88,1307.11,1302.18,1294.59,1282.31,1271.58,1263.43,1257.98,1254.30,1251.40,1249.26,1247.92,1247.39,1247.07,1246.13,1244.14,1240.55,1235.42,1229.24,1221.70,1212.96,1204.55,1196.31,1188.70,1183.33,1183.27,1187.38,1194.61,1202.49,1209.77,1217.34,1225.22,1234.24,1243.57,1250.71,1258.02,1264.34,1269.67,1274.10,1277.51,1279.80,1281.32,1282.20,1282.69,1283.05,1283.80,1285.54,1289.26,1293.98,1298.35,1302.41,1306.41,1310.30,1313.58,1315.77,1317.07,1318.38,1320.37,1322.03,1323.37,1324.74,1326.54,1329.37,1333.34,1338.39,1343.69,1349.10,1352.81,1354.93,1356.31,1357.36,1359.68,1362.66,1365.78,1369.56,1375.06,1380.59,1385.32,1388.99,1392.08,1394.40,1395.85,1396.23,1396.13,1395.88,1395.98,1396.56,1397.02,1397.16,1395.83,1393.01,1389.17,1385.43,1382.43,1380.30,1379.23,1379.15,1379.89,1381.29,1383.53,1387.01,1390.92,1393.39,1394.49,1395.05,1397.32,1401.44,1406.96,1413.31,1418.73,1426.08,1432.19,1436.96,1442.33,1448.54,1453.04,1456.39,1459.20,1460.77,1460.80,1459.63,1457.68,1456.07,1456.11,1458.50,1462.71,1468.11,1473.43,1478.35,1483.25,1488.21,1492.59,1496.74,1500.64,1504.30,1507.57,1509.41,1509.62,1508.94,1508.09,1507.83,1507.47,1506.82,1506.06,1505.85,1505.78,1505.30,1504.11,1501.93,1499.79,1497.53,1496.60,1498.07,1501.48,1506.30,1511.66,1517.13,1522.43,1527.41,1531.17,1534.18,1536.97,1539.87,1542.58,1545.18,1547.78,1550.48,1553.30,1557.10,1562.24,1568.62,1572.98,1576.51,1579.74,1582.77,1585.68,1588.83,1591.98,1595.04,1597.97,1600.58,1602.89,1605.08,1607.21,1609.25,1610.18,1610.67,1611.09,1611.47,1611.52,1611.25,1610.85,1610.35,1609.11,1606.21,1602.65,1599.39,1597.19,1595.15,1594.21,1594.79,1596.94,1599.07,1600.54,1601.60,1602.44,1602.39,1601.54,1600.27,1598.74,1597.07,1595.02,1592.22,1589.16
1297.76,1297.54,1296.94,1295.86,1294.36,1292.47,1290.46,1288.67,1286.22,1283.03,1279.48,1275.37,1270.96,1266.69,1262.88,1259.13,1256.19,1254.02,1253.02,1254.09,1255.60,1257.52,1259.70,1262.27,1266.42,1271.64,1277.14,1282.50,1287.53,1292.13,1296.30,1300.16,1304.00,1307.94,1312.96,1318.07,1321.93,1324.43,1325.64,1325.59,1323.86,1319.81,1314.49,1309.51,1304.90,1299.08,1286.83,1276.21,1267.83,1261.67,1258.33,1256.16,1254.85,1254.22,1253.99,1253.44,1252.26,1250.08,1246.23,1240.66,1233.79,1226.23,1217.90,1208.30,1200.11,1193.13,1187.39,1184.19,1186.74,1193.07,1200.77,1208.67,1216.66,1224.85,1233.86,1243.00,1250.34,1257.96,1264.94,1271.28,1276.91,1280.97,1283.99,1286.34,1287.96,1288.61,1288.90,1289.41,1290.74,1293.82,1298.06,1302.24,1306.34,1310.49,1314.49,1318.24,1320.88,1322.49,1324.16,1325.77,1327.04,1328.15,1329.42,1331.10,1333.59,1337.38,1342.77,1349.12,1354.99,1359.05,1361.51,1363.12,1364.12,1365.86,1368.07,1370.64,1374.48,1379.45,1384.13,1388.29,1392.69,1396.88,1400.10,1402.15,1402.75,1402.25,1401.68,1401.51,1401.81,1402.09,1402.18,1401.22,1398.78,1394.43,1390.07,1386.55,1384.16,1383.14,1383.18,1384.42,1386.69,1390.07,1394.76,1398.88,1401.33,1402.27,1402.08,1401.95,1403.81,1407.75,1413.26,1418.10,1424.52,1430.58,1435.92,1441.33,1448.13,1453.40,1457.56,1461.04,1462.98,1463.86,1463.60,1462.34,1460.93,1460.18,1461.90,1465.74,1470.80,1475.87,1481.03,1486.27,1491.30,1495.31,1499.31,1503.25,1507.15,1511.00,1513.26,1513.67,1513.00,1512.03,1511.88,1512.11,1511.83,1510.98,1510.42,1510.31,1510.10,1509.39,1507.64,1504.71,1501.61,1499.43,1499.35,1502.56,1507.16,1512.31,1517.70,1523.15,1528.47,1532.49,1535.77,1539.01,1542.26,1545.35,1548.34,1551.32,1554.45,1557.35,1561.18,1565.98,1571.12,1574.62,1577.89,1580.89,1583.55,1586.42,1589.38,1592.42,1595.48,1598.42,1600.92,1603.23,1605.44,1607.58,1609.51,1610.35,1610.83,1611.29,1611.72,1611.81,1611.54,1611.10,1610.69,1610.14,1607.86,1604.40,1600.61,1598.17,1596.15,1594.90,1594.96,1597.15,1599.30,1600.78,1601.91,1602.92,1603.18,1602.42,1601.39,1600.47,1599.68,1598.27,1595.12,1591.15
1302.28,1302.14,1301.73,1300.91,1299.75,1298.25,1296.39,1294.20,1291.57,1288.45,1284.75,1281.00,1276.76,1272.26,1267.77,1263.54,1259.96,1257.72,1257.44,1259.54,1262.25,1264.65,1266.70,1268.90,1272.34,1276.73,1281.43,1286.18,1291.25,1295.91,1300.41,1304.82,1309.08,1313.67,1318.20,1322.28,1325.45,1327.68,1328.77,1328.80,1327.31,1323.21,1318.05,1312.52,1307.15,1301.72,1291.91,1282.06,1273.55,1267.25,1263.77,1261.56,1260.44,1260.15,1260.02,1259.25,1257.70,1255.12,1250.98,1245.72,1239.22,1231.43,1222.31,1212.38,1204.03,1197.06,1191.17,1186.92,1186.97,1191.77,1199.12,1207.60,1216.14,1224.58,1233.49,1242.32,1249.47,1257.50,1265.38,1272.80,1279.41,1284.36,1288.24,1291.26,1293.26,1294.02,1294.15,1294.53,1295.76,1298.55,1302.23,1306.33,1310.95,1316.09,1320.48,1324.64,1327.73,1329.59,1330.72,1331.68,1332.49,1333.28,1334.25,1335.58,1337.93,1341.59,1346.96,1354.02,1359.30,1362.94,1365.59,1367.93,1369.84,1371.66,1373.92,1376.82,1379.64,1383.24,1387.18,1391.50,1396.69,1401.37,1404.90,1407.13,1407.65,1406.90,1406.48,1406.54,1406.96,1407.34,1406.97,1405.55,1403.06,1399.40,1395.18,1391.14,1388.25,1387.34,1387.75,1390.05,1393.33,1397.20,1401.42,1404.82,1406.95,1407.91,1407.73,1406.86,1407.47,1409.68,1413.31,1417.33,1422.54,1428.30,1433.99,1439.17,1445.94,1451.76,1456.59,1460.69,1464.07,1466.28,1466.88,1466.01,1464.82,1463.79,1465.05,1468.52,1473.65,1479.08,1484.77,1489.94,1494.19,1498.05,1502.02,1506.01,1510.18,1514.73,1517.43,1518.26,1517.85,1516.80,1516.51,1516.87,1516.91,1516.35,1515.69,1515.56,1515.43,1514.84,1513.16,1510.49,1507.54,1504.87,1503.17,1503.69,1507.35,1512.32,1517.73,1523.24,1528.65,1532.77,1536.24,1539.84,1543.47,1547.05,1550.64,1554.27,1557.88,1561.39,1565.28,1569.34,1572.96,1575.94,1578.92,1581.72,1584.21,1586.89,1589.82,1592.85,1595.89,1598.72,1601.18,1603.51,1605.77,1607.92,1609.70,1610.51,1611.03,1611.53,1611.97,1612.09,1611.85,1611.39,1610.95,1610.49,1609.05,1606.25,1602.28,1599.20,1597.11,1595.60,1595.22,1597.47,1599.50,1601.03,1602.32,1603.49,1603.99,1603.36,1602.46,1601.74,1601.19,1600.45,1598.24,1594.69
1306.42,1306.28,1305.91,1305.22,1304.27,1303.03,1301.36,1299.13,1296.50,1293.43,1289.65,1286.10,1282.12,1277.70,1272.92,1268.20,1264.01,1261.78,1262.24,1265.20,1268.76,1271.65,1273.83,1275.76,1278.45,1281.93,1285.80,1290.04,1294.99,1299.60,1304.30,1309.16,1313.91,1318.63,1322.63,1325.99,1328.74,1330.74,1331.76,1331.76,1330.26,1326.35,1321.25,1315.38,1309.45,1304.00,1296.49,1287.66,1279.38,1273.10,1269.27,1266.92,1265.87,1265.67,1265.27,1264.18,1262.28,1259.46,1255.36,1250.08,1243.72,1235.91,1226.53,1216.53,1207.86,1200.64,1194.43,1189.26,1187.55,1191.10,1197.94,1206.66,1215.70,1224.36,1233.18,1241.70,1248.56,1256.95,1265.59,1273.84,1281.15,1286.99,1291.97,1295.77,1298.07,1299.07,1299.26,1299.72,1300.95,1303.46,1306.96,1311.22,1316.20,1321.69,1326.23,1330.45,1333.88,1336.18,1337.17,1337.72,1338.07,1338.44,1339.06,1340.02,1342.12,1345.50,1350.55,1357.57,1362.44,1365.96,1368.97,1372.12,1374.88,1377.01,1379.32,1382.18,1384.19,1386.95,1390.63,1395.37,1401.28,1406.11,1409.70,1412.11,1413.08,1412.78,1412.65,1412.82,1413.17,1413.33,1412.38,1410.27,1407.28,1403.79,1399.81,1395.65,1392.56,1391.69,1392.49,1395.44,1399.26,1403.32,1407.09,1410.06,1412.15,1413.39,1413.53,1412.68,1412.54,1413.20,1414.75,1417.37,1421.25,1426.41,1432.07,1436.95,1443.08,1449.33,1454.93,1459.49,1464.02,1467.63,1469.46,1469.37,1468.32,1467.30,1468.56,1472.07,1477.32,1483.01,1488.53,1493.23,1496.96,1500.79,1504.78,1509.01,1513.55,1518.29,1521.28,1522.67,1522.95,1522.49,1522.33,1522.38,1522.24,1521.70,1520.91,1520.67,1520.54,1520.01,1518.42,1515.99,1513.12,1510.06,1507.17,1505.55,1507.98,1512.36,1517.49,1522.65,1528.04,1532.40,1536.24,1540.20,1544.05,1547.87,1551.86,1556.02,1559.95,1563.92,1567.84,1571.41,1574.22,1577.04,1579.84,1582.48,1584.89,1587.41,1590.23,1593.20,1596.15,1598.90,1601.36,1603.72,1606.03,1608.21,1609.86,1610.67,1611.25,1611.80,1612.24,1612.41,1612.19,1611.72,1611.26,1610.76,1609.91,1607.77,1603.92,1600.21,1597.95,1596.26,1595.61,1597.75,1599.65,1601.20,1602.62,1603.99,1604.84,1604.36,1603.58,1602.99,1602.60,1602.26,1600.85,1598.10
1310.47,1310.28,1309.71,1308.89,1307.81,1306.43,1304.78,1303.13,1300.87,1297.87,1294.21,1290.43,1286.63,1282.68,1278.30,1273.13,1268.52,1266.44,1267.63,1271.17,1274.92,1278.21,1280.79,1282.50,1284.49,1287.04,1290.20,1294.12,1298.74,1303.17,1307.82,1312.90,1318.32,1322.38,1326.01,1329.31,1331.92,1333.54,1334.52,1334.21,1332.26,1328.92,1323.70,1317.85,1311.93,1306.16,1300.16,1292.61,1285.04,1278.87,1274.58,1272.13,1271.05,1270.61,1269.50,1267.97,1265.75,1262.97,1259.33,1253.43,1246.70,1239.20,1230.60,1220.69,1211.51,1203.80,1197.00,1190.68,1188.44,1191.28,1197.45,1205.93,1215.36,1224.20,1232.93,1241.18,1247.73,1256.36,1265.49,1274.21,1281.84,1288.52,1294.89,1299.65,1302.21,1303.69,1304.30,1305.08,1306.39,1308.54,1312.42,1317.15,1322.12,1326.93,1331.15,1335.04,1338.65,1341.67,1343.28,1343.80,1343.70,1343.55,1343.84,1344.41,1346.06,1348.94,1353.34,1359.32,1364.26,1368.27,1371.92,1375.84,1379.16,1381.73,1383.98,1386.15,1387.87,1390.71,1394.78,1400.13,1406.58,1411.24,1414.67,1417.40,1419.57,1420.65,1420.90,1420.90,1420.80,1420.24,1418.69,1415.77,1411.78,1407.44,1403.65,1399.94,1397.10,1396.19,1397.36,1400.26,1403.91,1407.84,1411.57,1414.69,1417.23,1419.06,1419.80,1419.64,1419.28,1418.72,1418.18,1418.69,1421.11,1425.30,1430.37,1434.91,1439.69,1446.25,1452.73,1457.54,1462.57,1467.57,1471.09,1472.39,1471.45,1470.78,1472.65,1476.74,1482.12,1487.71,1492.06,1495.85,1499.60,1503.51,1507.57,1512.30,1517.33,1521.51,1524.56,1526.68,1528.21,1529.24,1529.62,1528.91,1527.94,1526.98,1525.99,1525.50,1525.25,1524.77,1523.38,1520.93,1517.82,1514.34,1510.89,1508.50,1509.47,1512.70,1517.04,1521.25,1526.53,1531.32,1535.75,1540.11,1543.97,1547.66,1551.70,1556.11,1560.20,1564.28,1568.16,1571.71,1574.77,1577.87,1580.67,1583.21,1585.61,1588.03,1590.65,1593.40,1596.21,1598.96,1601.42,1603.81,1606.20,1608.43,1610.01,1610.84,1611.47,1612.10,1612.56,1612.77,1612.56,1612.10,1611.62,1611.03,1610.42,1608.79,1605.43,1601.18,1598.65,1596.89,1596.14,1597.93,1599.73,1601.27,1602.75,1604.36,1605.74,1605.45,1604.77,1604.34,1604.12,1603.78,1602.67,1600.94
1316.48,1316.72,1316.53,1315.74,1314.23,1311.91,1309.16,1307.10,1304.83,1302.00,1298.49,1294.65,1290.90,1287.11,1282.89,1277.69,1273.16,1271.22,1272.63,1276.42,1280.41,1283.93,1286.73,1288.63,1290.48,1292.77,1295.38,1298.46,1302.68,1306.98,1311.49,1316.38,1321.68,1325.57,1329.09,1332.36,1335.01,1336.65,1337.31,1336.73,1334.62,1330.89,1325.37,1319.49,1313.68,1307.96,1302.47,1296.07,1289.60,1283.98,1279.81,1277.01,1275.33,1274.28,1272.91,1271.08,1268.68,1265.67,1261.67,1255.96,1249.17,1241.89,1233.98,1224.63,1215.02,1206.72,1199.62,1193.39,1190.08,1192.05,1197.66,1205.92,1215.62,1224.31,1232.76,1240.78,1247.20,1255.38,1264.76,1273.92,1281.60,1288.89,1296.11,1301.64,1304.89,1307.34,1308.57,1309.52,1310.78,1313.06,1316.90,1321.43,1326.06,1330.50,1334.60,1338.80,1342.92,1346.44,1348.31,1348.80,1348.62,1348.32,1348.34,1348.67,1350.02,1352.47,1356.19,1361.14,1365.92,1370.36,1374.66,1379.12,1382.85,1385.74,1388.23,1390.58,1392.76,1395.96,1400.18,1405.29,1410.83,1415.29,1419.03,1422.25,1424.81,1426.35,1426.67,1426.46,1425.99,1425.15,1423.48,1420.63,1416.72,1412.00,1407.47,1403.79,1401.28,1400.53,1401.83,1404.66,1408.13,1411.83,1415.45,1418.61,1421.32,1423.45,1424.72,1425.30,1425.10,1424.28,1423.12,1422.68,1423.49,1425.89,1429.51,1433.62,1437.84,1443.71,1449.89,1455.10,1460.08,1465.79,1470.41,1473.11,1474.14,1474.93,1477.35,1481.34,1486.26,1490.90,1494.78,1498.45,1502.26,1506.22,1510.65,1515.50,1520.30,1524.15,1527.56,1530.43,1532.72,1534.23,1535.01,1534.92,1534.56,1534.03,1532.96,1531.78,1530.88,1529.97,1528.45,1526.15,1522.84,1519.13,1515.46,1512.47,1512.60,1514.69,1517.78,1521.00,1525.32,1529.83,1534.46,1539.18,1543.00,1546.59,1550.49,1554.86,1559.48,1563.68,1567.64,1571.45,1575.05,1578.44,1581.21,1583.62,1585.91,1588.23,1590.76,1593.43,1596.16,1598.86,1601.46,1604.00,1606.46,1608.66,1610.12,1610.95,1611.60,1612.24,1612.81,1613.13,1612.95,1612.40,1611.85,1611.28,1610.72,1609.55,1606.95,1602.56,1599.58,1597.58,1596.76,1598.17,1599.82,1601.42,1603.02,1604.70,1606.30,1606.47,1606.18,1605.94,1605.76,1605.32,1604.32,1603.06
1322.88,1323.67,1323.92,1323.24,1321.47,1318.43,1314.56,1311.70,1309.05,1306.16,1302.75,1298.87,1295.05,1291.24,1287.09,1281.94,1277.62,1275.99,1277.67,1281.61,1285.70,1289.27,1292.20,1294.46,1296.39,1298.53,1300.70,1303.06,1306.75,1310.80,1315.08,1319.68,1324.67,1328.56,1332.05,1335.25,1337.88,1339.58,1339.96,1339.20,1336.99,1332.68,1326.89,1320.99,1315.29,1309.74,1304.43,1298.93,1293.56,1288.76,1284.92,1281.87,1279.55,1277.74,1275.99,1273.87,1271.23,1267.86,1263.39,1258.09,1251.25,1244.11,1236.84,1228.19,1218.34,1209.51,1202.11,1196.13,1191.98,1193.27,1198.46,1206.51,1216.33,1224.77,1232.86,1240.59,1246.96,1254.58,1263.95,1273.30,1280.82,1288.51,1296.42,1302.66,1306.62,1310.00,1312.04,1313.34,1314.72,1317.32,1321.00,1325.09,1329.28,1333.46,1337.54,1342.23,1346.82,1350.62,1352.68,1353.28,1353.17,1352.86,1352.69,1352.85,1353.97,1356.12,1359.36,1363.47,1367.99,1372.65,1377.44,1382.42,1386.49,1389.67,1392.52,1395.38,1398.28,1401.78,1405.90,1410.44,1414.84,1419.08,1423.17,1426.93,1429.86,1431.73,1432.18,1431.85,1431.06,1429.92,1428.02,1425.23,1421.52,1416.66,1411.36,1407.52,1405.26,1404.74,1406.10,1408.81,1412.06,1415.51,1418.95,1422.08,1424.91,1427.36,1429.21,1430.51,1430.77,1430.24,1429.14,1428.10,1427.26,1427.68,1429.64,1433.14,1436.90,1441.77,1447.25,1452.68,1457.43,1463.35,1468.75,1472.88,1475.91,1478.27,1481.39,1485.38,1489.77,1493.45,1497.13,1500.93,1504.85,1508.88,1513.62,1518.44,1522.90,1526.63,1530.62,1534.21,1537.05,1538.86,1540.20,1540.98,1541.43,1541.41,1540.35,1538.48,1536.74,1535.14,1533.28,1531.07,1527.60,1523.69,1519.95,1516.67,1516.19,1517.42,1519.57,1522.05,1525.31,1529.18,1533.55,1538.18,1541.88,1545.38,1549.08,1553.31,1558.37,1562.64,1566.74,1570.88,1575.00,1578.79,1581.58,1583.87,1586.05,1588.29,1590.75,1593.36,1596.03,1598.65,1601.39,1604.09,1606.66,1608.89,1610.22,1611.05,1611.71,1612.34,1613.02,1613.49,1613.33,1612.73,1612.11,1611.54,1610.98,1610.16,1608.31,1603.94,1600.49,1598.23,1597.38,1598.47,1600.00,1601.66,1603.36,1605.06,1606.77,1607.44,1607.60,1607.56,1607.42,1606.93,1606.04,1605.12
1328.67,1329.93,1330.35,1329.82,1328.60,1326.40,1322.43,1318.42,1314.50,1310.74,1307.23,1303.17,1299.01,1294.91,1290.70,1285.48,1281.43,1280.54,1283.19,1287.32,1290.94,1294.13,1297.09,1299.94,1302.03,1303.78,1305.72,1308.19,1310.99,1314.38,1318.27,1322.63,1327.40,1331.38,1334.92,1337.94,1340.10,1341.58,1342.13,1341.45,1339.05,1334.44,1328.73,1322.86,1317.16,1311.81,1306.50,1301.24,1296.64,1293.05,1289.71,1287.00,1284.45,1281.78,1278.82,1276.28,1273.04,1269.14,1264.70,1259.70,1252.52,1245.32,1238.63,1230.75,1221.20,1212.12,1204.13,1197.70,1194.00,1195.42,1200.48,1208.37,1217.96,1226.17,1233.78,1240.97,1247.34,1254.72,1263.56,1272.21,1279.18,1286.81,1295.36,1302.26,1306.60,1310.39,1313.61,1316.04,1318.24,1321.27,1324.78,1328.32,1332.02,1336.06,1340.21,1345.35,1349.96,1353.50,1355.94,1357.02,1357.23,1357.03,1356.80,1356.87,1357.89,1360.09,1363.51,1367.43,1371.57,1375.83,1380.56,1386.24,1390.59,1394.03,1397.33,1400.93,1404.65,1408.07,1411.52,1415.18,1419.13,1423.08,1427.22,1431.49,1435.53,1438.16,1439.22,1439.15,1438.06,1436.10,1433.21,1429.58,1425.42,1420.81,1415.48,1411.31,1408.90,1408.71,1410.14,1412.50,1415.43,1418.67,1421.71,1424.70,1427.83,1430.93,1433.57,1435.51,1436.83,1437.52,1437.29,1435.68,1433.14,1431.77,1432.22,1434.64,1437.48,1441.31,1445.88,1450.79,1455.23,1460.30,1466.10,1471.75,1475.05,1478.27,1482.71,1487.66,1491.83,1495.36,1499.08,1503.01,1507.14,1511.43,1515.98,1520.61,1525.09,1529.14,1534.17,1538.31,1541.50,1544.03,1546.53,1547.77,1548.26,1548.15,1547.28,1545.16,1542.53,1539.78,1537.20,1534.76,1531.15,1527.10,1523.36,1520.62,1519.67,1520.91,1523.66,1526.27,1528.94,1531.76,1534.70,1537.74,1541.05,1544.49,1548.09,1552.08,1556.92,1561.04,1565.35,1569.86,1574.18,1578.69,1581.64,1583.88,1586.05,1588.29,1590.64,1593.12,1595.71,1598.29,1600.99,1603.76,1606.55,1609.09,1610.37,1611.17,1611.84,1612.47,1613.15,1613.79,1613.76,1613.21,1612.54,1611.88,1611.26,1610.56,1609.08,1604.95,1601.13,1598.68,1597.93,1598.97,1600.45,1602.10,1603.80,1605.50,1607.25,1608.26,1608.80,1609.02,1609.02,1608.66,1608.13,1607.73
1335.07,1336.10,1336.19,1335.32,1334.01,1332.15,1328.65,1324.75,1320.40,1315.92,1312.00,1307.81,1303.25,1298.69,1294.27,1288.98,1285.41,1285.18,1288.32,1292.20,1295.51,1298.58,1301.65,1304.76,1307.06,1308.76,1310.58,1312.86,1315.14,1317.95,1321.49,1325.63,1330.08,1334.09,1337.68,1340.69,1342.80,1344.00,1344.25,1343.32,1340.94,1337.02,1331.14,1325.13,1319.53,1314.30,1308.83,1303.36,1298.83,1295.85,1293.49,1291.27,1288.74,1285.66,1281.93,1278.58,1274.60,1270.02,1265.06,1260.09,1253.00,1246.05,1239.81,1232.40,1223.40,1214.26,1205.74,1198.89,1195.97,1197.87,1203.16,1211.12,1220.23,1228.28,1235.64,1242.47,1248.83,1255.90,1263.97,1271.73,1278.02,1285.23,1293.69,1300.85,1305.74,1309.96,1314.20,1317.92,1321.26,1324.70,1328.08,1331.28,1334.61,1338.38,1342.72,1347.81,1352.46,1356.22,1359.06,1360.84,1361.67,1361.99,1362.21,1362.63,1363.63,1365.60,1368.64,1372.11,1375.79,1380.15,1385.15,1390.39,1394.71,1398.71,1402.65,1406.56,1410.26,1413.52,1416.70,1419.98,1423.44,1427.21,1431.66,1436.44,1440.85,1443.95,1445.26,1445.28,1444.05,1441.50,1438.21,1434.20,1429.68,1424.82,1419.13,1414.85,1412.55,1412.56,1414.00,1416.16,1418.79,1421.69,1424.51,1427.49,1430.91,1434.48,1437.72,1440.54,1442.81,1444.28,1444.56,1443.31,1440.84,1438.78,1437.89,1438.78,1440.28,1442.91,1446.38,1450.44,1454.41,1458.71,1464.32,1470.53,1474.35,1478.16,1483.50,1489.18,1493.24,1496.81,1500.66,1504.76,1509.01,1513.49,1518.03,1522.66,1527.41,1532.39,1537.88,1542.30,1545.67,1548.34,1550.96,1552.37,1553.01,1553.07,1552.43,1550.51,1547.79,1544.70,1541.57,1538.66,1534.83,1530.52,1526.46,1523.96,1522.50,1523.62,1526.78,1529.75,1532.50,1535.13,1537.69,1540.19,1542.90,1545.43,1548.21,1551.55,1555.57,1559.24,1563.57,1568.43,1573.28,1578.31,1581.49,1583.78,1586.01,1588.25,1590.56,1592.99,1595.54,1598.11,1600.81,1603.64,1606.55,1609.23,1610.48,1611.28,1611.98,1612.66,1613.36,1614.08,1614.12,1613.58,1612.86,1612.13,1611.47,1610.79,1609.45,1605.53,1601.51,1599.12,1598.67,1599.69,1601.12,1602.72,1604.36,1606.02,1607.76,1608.95,1609.82,1610.40,1610.64,1610.42,1610.10,1609.94
1341.75,1342.18,1341.72,1340.20,1338.35,1336.37,1333.55,1330.45,1326.32,1321.43,1316.98,1312.68,1307.79,1302.75,1297.99,1292.64,1289.68,1289.98,1293.15,1296.50,1299.57,1302.69,1305.90,1309.04,1311.52,1313.46,1315.29,1317.21,1319.23,1321.57,1324.80,1328.78,1332.87,1336.83,1340.40,1343.51,1345.83,1346.73,1346.38,1344.99,1342.73,1339.99,1333.87,1327.69,1322.22,1317.06,1311.44,1305.61,1300.78,1297.95,1296.68,1294.90,1292.43,1289.21,1285.02,1280.69,1275.93,1270.61,1264.79,1259.59,1252.88,1246.40,1240.50,1233.34,1224.98,1215.96,1207.03,1199.85,1197.89,1200.65,1206.52,1214.63,1223.11,1230.99,1238.22,1244.89,1251.24,1257.96,1265.13,1271.87,1277.46,1284.03,1291.85,1298.94,1304.44,1309.11,1314.33,1319.34,1323.86,1327.73,1331.05,1334.14,1337.27,1340.79,1345.27,1349.92,1354.50,1358.74,1362.03,1364.66,1366.32,1367.42,1368.40,1369.42,1370.49,1372.06,1374.39,1377.24,1380.49,1385.15,1390.46,1394.64,1398.73,1403.38,1407.98,1411.89,1415.12,1418.29,1421.55,1424.82,1427.87,1431.54,1436.42,1441.59,1445.76,1449.02,1450.36,1450.36,1449.08,1446.19,1442.91,1438.90,1434.19,1428.84,1422.69,1418.42,1416.30,1416.38,1417.75,1419.80,1422.12,1424.63,1427.40,1430.52,1434.18,1438.07,1441.75,1445.42,1448.41,1450.30,1450.85,1450.52,1449.20,1447.28,1445.41,1444.66,1444.72,1446.11,1448.42,1451.39,1454.76,1458.37,1463.36,1469.35,1473.80,1478.01,1483.95,1490.16,1494.19,1497.87,1501.93,1506.18,1510.53,1515.15,1519.85,1524.64,1529.84,1536.00,1541.52,1545.99,1549.42,1551.87,1554.01,1555.44,1556.37,1556.78,1556.42,1554.96,1552.66,1549.71,1546.23,1542.75,1538.71,1534.14,1529.60,1526.89,1524.88,1525.75,1529.09,1532.52,1535.80,1538.90,1541.85,1544.57,1546.61,1547.88,1549.54,1551.98,1554.77,1557.71,1561.83,1566.93,1572.41,1577.72,1581.11,1583.58,1585.89,1588.15,1590.47,1592.92,1595.48,1598.05,1600.79,1603.66,1606.61,1609.31,1610.54,1611.37,1612.13,1612.89,1613.61,1614.38,1614.43,1613.87,1613.09,1612.32,1611.60,1610.87,1609.53,1605.79,1601.74,1599.59,1599.55,1600.58,1601.96,1603.49,1605.05,1606.63,1608.31,1609.58,1610.70,1611.68,1612.21,1612.15,1611.93,1611.85
1347.61,1348.07,1347.62,1345.70,1343.18,1340.47,1337.32,1334.20,1330.66,1326.61,1322.11,1317.61,1312.99,1308.14,1302.89,1297.28,1294.91,1295.36,1297.86,1300.57,1303.34,1306.31,1309.43,1312.55,1315.17,1317.56,1319.72,1321.64,1323.38,1325.41,1328.45,1332.42,1336.55,1340.12,1343.41,1346.46,1348.88,1349.57,1348.65,1346.91,1344.63,1341.85,1336.32,1330.33,1324.79,1319.83,1314.62,1309.43,1304.94,1301.83,1300.36,1298.07,1295.07,1291.37,1286.65,1281.92,1276.71,1270.90,1264.57,1258.59,1252.31,1246.36,1240.59,1233.49,1225.43,1216.77,1208.02,1200.76,1199.79,1204.39,1211.46,1219.25,1227.31,1234.55,1241.52,1248.38,1254.92,1261.36,1267.54,1273.27,1278.53,1284.39,1291.25,1297.91,1303.74,1308.92,1315.38,1321.14,1325.97,1330.37,1333.97,1337.39,1340.95,1344.76,1348.70,1352.49,1356.48,1360.60,1364.42,1368.01,1370.57,1372.41,1373.96,1375.36,1376.70,1378.19,1379.99,1382.26,1385.57,1389.74,1394.22,1398.22,1402.10,1406.69,1411.27,1415.14,1418.67,1422.33,1426.04,1429.62,1432.85,1436.72,1441.55,1446.31,1449.73,1452.45,1453.83,1453.95,1452.69,1450.01,1446.69,1442.90,1438.55,1433.32,1427.75,1423.24,1420.59,1420.42,1421.50,1423.24,1425.29,1427.67,1430.68,1434.09,1437.93,1441.96,1445.83,1449.28,1452.08,1454.12,1455.18,1455.17,1454.38,1453.18,1451.85,1450.71,1450.23,1450.85,1452.23,1454.18,1456.61,1459.60,1463.66,1468.60,1473.24,1477.80,1484.18,1490.70,1494.66,1498.43,1502.63,1507.08,1511.67,1516.48,1521.41,1526.60,1532.31,1538.77,1544.15,1548.41,1551.74,1554.22,1556.49,1558.34,1559.68,1560.41,1560.42,1559.36,1557.13,1554.09,1550.61,1547.03,1543.12,1538.74,1533.98,1529.70,1527.18,1527.72,1530.76,1534.48,1538.33,1542.24,1545.90,1548.85,1550.83,1552.22,1553.70,1555.40,1556.96,1558.59,1561.87,1566.62,1572.01,1576.77,1580.24,1583.01,1585.45,1587.80,1590.24,1592.79,1595.41,1597.98,1600.73,1603.61,1606.54,1609.19,1610.52,1611.38,1612.18,1613.00,1613.84,1614.70,1614.72,1614.04,1613.18,1612.35,1611.59,1610.81,1609.44,1605.69,1602.09,1600.32,1600.49,1601.59,1602.88,1604.37,1605.95,1607.50,1609.10,1610.33,1611.47,1612.57,1613.41,1613.62,1613.60,1613.62
1352.98,1353.55,1353.09,1350.98,1347.91,1344.36,1340.86,1337.54,1334.37,1331.02,1326.86,1322.44,1318.07,1313.42,1308.09,1302.38,1300.25,1300.50,1302.25,1304.48,1307.10,1310.00,1313.06,1316.16,1318.99,1321.76,1324.29,1326.34,1327.92,1329.67,1332.49,1336.33,1340.41,1343.73,1346.75,1349.63,1352.02,1352.60,1351.24,1349.11,1346.59,1343.54,1338.76,1333.10,1327.47,1322.73,1317.87,1313.28,1309.10,1305.67,1303.61,1300.81,1297.16,1292.77,1287.66,1282.74,1277.22,1271.01,1264.20,1257.70,1251.74,1246.11,1240.34,1233.32,1225.49,1217.17,1208.94,1202.55,1202.96,1209.20,1217.27,1224.89,1232.31,1238.87,1245.62,1252.69,1259.38,1265.74,1271.45,1276.69,1281.69,1286.90,1292.68,1298.62,1304.42,1309.97,1316.90,1322.90,1327.90,1332.78,1336.79,1340.63,1344.72,1348.94,1352.23,1355.26,1358.93,1363.25,1367.40,1371.39,1374.62,1377.25,1379.51,1381.31,1382.69,1383.91,1385.25,1387.17,1390.35,1393.93,1397.66,1401.56,1405.28,1409.55,1413.83,1417.71,1421.76,1426.07,1430.30,1434.27,1437.88,1442.04,1446.42,1450.37,1453.15,1455.49,1456.97,1457.28,1456.11,1453.51,1450.18,1446.61,1442.62,1437.59,1432.61,1428.26,1425.41,1424.85,1425.58,1427.25,1429.39,1431.90,1434.84,1438.10,1441.83,1445.75,1449.44,1452.53,1455.12,1457.43,1459.23,1459.62,1459.18,1458.49,1457.64,1456.50,1455.87,1455.88,1456.43,1457.54,1459.09,1461.41,1464.51,1468.42,1472.99,1477.74,1484.38,1491.09,1495.01,1498.85,1503.15,1507.75,1512.57,1517.74,1523.19,1528.80,1534.66,1540.91,1546.22,1550.32,1553.55,1556.16,1558.74,1561.12,1562.92,1563.98,1564.36,1563.76,1561.75,1558.66,1554.97,1551.30,1547.56,1543.45,1538.72,1533.59,1530.50,1530.27,1532.58,1536.51,1540.86,1545.31,1549.34,1552.37,1554.54,1556.49,1558.36,1560.00,1561.05,1561.92,1564.06,1567.52,1571.85,1575.89,1579.21,1582.04,1584.58,1587.16,1589.85,1592.56,1595.24,1597.85,1600.63,1603.49,1606.36,1608.98,1610.45,1611.39,1612.22,1613.11,1614.05,1615.01,1615.02,1614.26,1613.32,1612.42,1611.58,1610.70,1609.28,1605.86,1602.66,1601.22,1601.57,1602.71,1603.89,1605.29,1606.80,1608.32,1609.82,1611.00,1612.13,1613.31,1614.40,1614.97,1615.18,1615.30
1357.83,1358.45,1357.84,1355.77,1352.37,1347.99,1344.29,1340.77,1337.49,1334.35,1330.99,1327.06,1322.72,1318.18,1313.41,1307.94,1305.49,1305.14,1306.24,1308.20,1310.95,1313.97,1317.06,1320.17,1323.32,1326.35,1329.14,1331.49,1333.05,1334.59,1337.09,1340.58,1344.32,1347.74,1350.58,1353.10,1355.25,1355.88,1354.31,1351.70,1348.61,1345.26,1341.29,1336.04,1330.39,1325.78,1321.11,1316.74,1312.63,1308.94,1306.09,1302.97,1298.66,1293.33,1288.12,1283.13,1277.43,1270.86,1263.58,1257.11,1251.32,1245.65,1239.71,1232.86,1225.26,1217.22,1209.85,1205.73,1208.19,1215.46,1224.05,1231.81,1238.21,1244.15,1250.77,1258.00,1264.74,1271.33,1277.44,1282.94,1287.73,1292.36,1296.99,1301.86,1307.15,1312.81,1318.90,1324.49,1329.70,1334.97,1339.48,1343.77,1348.35,1353.01,1355.72,1358.23,1362.21,1367.33,1371.41,1374.97,1378.48,1381.96,1385.17,1387.50,1388.45,1389.06,1390.03,1391.92,1394.53,1397.61,1401.03,1404.69,1408.34,1412.04,1415.80,1419.77,1424.47,1429.50,1434.30,1438.69,1442.85,1447.32,1450.79,1453.49,1455.97,1458.36,1460.03,1460.59,1459.58,1456.75,1453.48,1450.07,1446.26,1441.41,1436.74,1433.26,1430.93,1429.85,1430.20,1432.22,1435.01,1437.95,1440.28,1442.65,1445.82,1449.30,1452.30,1455.10,1457.70,1460.57,1463.39,1464.41,1464.22,1463.55,1462.69,1461.82,1461.38,1460.92,1460.76,1461.27,1462.17,1463.71,1465.94,1469.03,1473.26,1477.95,1484.62,1491.35,1495.28,1499.21,1503.57,1508.22,1513.19,1518.97,1525.41,1531.38,1536.80,1542.31,1547.68,1551.74,1554.92,1557.77,1560.81,1563.74,1566.02,1567.45,1568.18,1568.14,1566.67,1563.72,1559.38,1555.51,1551.90,1548.04,1543.69,1539.18,1535.43,1533.79,1534.81,1538.84,1543.61,1548.06,1551.84,1554.71,1557.33,1560.13,1563.00,1565.61,1567.30,1568.41,1569.12,1570.01,1571.99,1575.24,1578.04,1580.54,1583.13,1586.14,1589.28,1592.19,1594.89,1597.60,1600.48,1603.28,1606.05,1608.70,1610.34,1611.39,1612.30,1613.24,1614.23,1615.28,1615.33,1614.54,1613.55,1612.57,1611.59,1610.54,1609.09,1606.50,1603.55,1602.30,1602.87,1603.95,1605.06,1606.24,1607.54,1609.00,1610.36,1611.50,1612.68,1613.95,1615.16,1616.16,1616.66,1616.90
1363.56,1364.33,1363.32,1360.95,1357.44,1352.86,1347.93,1344.09,1340.76,1337.57,1334.29,1330.64,1326.63,1322.47,1318.25,1313.47,1311.05,1310.61,1311.72,1313.67,1316.00,1318.88,1322.12,1325.47,1328.80,1331.93,1334.81,1337.33,1339.43,1341.29,1343.60,1346.45,1349.59,1352.79,1355.36,1357.52,1359.29,1359.63,1358.07,1355.27,1351.64,1347.84,1344.14,1339.31,1333.80,1328.80,1324.07,1319.59,1315.38,1311.52,1307.98,1304.38,1299.92,1294.50,1288.64,1283.31,1277.16,1270.15,1262.73,1256.30,1250.49,1244.86,1239.04,1232.52,1224.61,1217.38,1211.85,1209.69,1213.76,1222.14,1230.99,1238.03,1243.64,1249.57,1256.37,1263.94,1271.52,1278.06,1284.02,1289.48,1294.17,1297.96,1301.60,1305.82,1310.91,1316.66,1322.04,1326.94,1331.73,1336.99,1341.97,1346.98,1352.32,1357.64,1360.79,1363.57,1367.21,1371.60,1375.42,1379.08,1382.99,1386.81,1389.90,1392.16,1393.28,1394.14,1395.28,1396.97,1399.09,1401.56,1404.39,1407.64,1410.89,1414.19,1417.80,1422.01,1426.97,1433.07,1438.70,1443.37,1447.49,1451.32,1454.32,1456.96,1459.84,1462.46,1463.82,1463.95,1462.68,1459.87,1456.57,1453.20,1449.65,1445.54,1441.18,1438.04,1436.26,1435.97,1436.78,1438.75,1441.06,1443.27,1445.05,1446.92,1449.38,1452.21,1455.01,1457.92,1461.39,1464.88,1467.70,1468.97,1469.23,1468.72,1467.70,1466.51,1465.62,1464.77,1464.31,1464.56,1465.12,1466.33,1468.13,1470.67,1474.33,1479.03,1485.48,1491.92,1496.01,1500.07,1504.37,1509.06,1514.40,1520.73,1527.42,1533.17,1538.16,1543.47,1548.64,1552.70,1556.01,1559.13,1562.83,1566.25,1568.73,1570.11,1570.83,1570.99,1570.10,1568.06,1564.61,1560.10,1555.94,1552.10,1548.34,1544.45,1540.73,1538.22,1537.85,1541.10,1545.79,1549.98,1553.45,1556.39,1559.40,1562.81,1566.24,1569.28,1571.24,1572.42,1572.88,1573.14,1574.03,1575.74,1577.55,1579.63,1582.26,1585.42,1588.72,1591.74,1594.57,1597.67,1600.66,1603.39,1605.98,1608.43,1610.12,1611.26,1612.26,1613.30,1614.45,1615.63,1615.59,1614.58,1613.43,1612.38,1611.36,1610.19,1608.62,1606.42,1603.88,1603.18,1604.33,1605.47,1606.54,1607.60,1608.71,1609.89,1611.12,1612.30,1613.51,1614.79,1616.05,1617.16,1617.85,1618.27
1369.04,1369.89,1368.58,1365.97,1362.48,1357.96,1352.11,1347.87,1344.34,1340.96,1337.52,1334.07,1330.42,1326.66,1322.85,1318.87,1316.73,1316.40,1317.63,1319.59,1321.50,1324.19,1327.56,1331.13,1334.54,1337.73,1340.68,1343.37,1345.95,1348.20,1350.40,1352.73,1355.41,1358.36,1360.66,1362.43,1363.69,1363.56,1361.91,1358.98,1355.01,1350.88,1347.19,1342.60,1337.19,1331.68,1326.74,1321.96,1317.50,1313.47,1309.39,1305.36,1300.89,1295.58,1289.06,1283.33,1276.67,1269.28,1261.88,1255.52,1249.68,1244.05,1238.40,1232.20,1224.07,1217.74,1214.13,1213.93,1219.61,1228.78,1237.54,1243.68,1248.80,1254.88,1261.99,1269.95,1278.26,1284.69,1290.39,1295.65,1300.13,1303.20,1306.22,1310.13,1315.26,1320.94,1325.69,1329.83,1334.02,1339.11,1344.47,1350.36,1356.70,1362.90,1366.69,1369.84,1372.95,1376.20,1379.66,1383.43,1387.54,1391.36,1394.12,1396.18,1397.64,1399.04,1400.59,1402.14,1403.78,1405.64,1407.85,1410.62,1413.41,1416.45,1420.06,1424.58,1429.98,1436.92,1443.12,1447.86,1451.75,1454.91,1457.95,1461.09,1464.33,1466.99,1467.90,1467.44,1465.75,1462.94,1459.58,1456.17,1452.85,1449.53,1445.58,1442.61,1441.30,1442.02,1443.50,1445.31,1446.89,1448.14,1449.38,1450.89,1452.71,1454.96,1457.86,1461.19,1465.48,1469.35,1471.93,1473.38,1474.17,1473.92,1472.78,1471.20,1469.73,1468.53,1467.86,1467.95,1468.21,1469.16,1470.66,1472.77,1475.84,1480.56,1486.67,1492.70,1496.93,1501.05,1505.21,1509.96,1515.77,1522.72,1529.32,1534.68,1539.29,1544.53,1549.45,1553.53,1557.06,1560.53,1564.85,1568.54,1571.05,1572.34,1573.03,1573.30,1572.88,1571.75,1569.48,1564.70,1559.94,1555.91,1552.64,1549.28,1545.90,1542.96,1541.48,1543.56,1547.68,1551.45,1554.69,1557.78,1561.11,1564.95,1568.74,1571.99,1574.18,1575.50,1576.16,1576.48,1576.79,1577.06,1577.89,1579.48,1581.96,1585.02,1588.27,1591.35,1594.38,1597.88,1600.96,1603.56,1605.89,1608.07,1609.78,1611.03,1612.14,1613.28,1614.57,1615.92,1615.85,1614.67,1613.38,1612.21,1611.09,1609.78,1608.07,1606.08,1604.18,1604.19,1605.84,1607.08,1608.11,1609.10,1610.03,1610.92,1612.02,1613.23,1614.47,1615.71,1616.98,1618.10,1618.89,1619.43
1372.69,1373.27,1372.22,1369.96,1366.71,1362.53,1358.03,1353.22,1348.88,1345.05,1341.40,1338.04,1334.61,1330.93,1327.07,1323.86,1322.49,1322.44,1323.43,1325.12,1327.25,1329.95,1333.13,1336.62,1339.99,1343.23,1346.39,1349.32,1351.62,1353.85,1356.16,1358.68,1361.62,1364.57,1366.73,1368.09,1368.50,1367.61,1365.29,1362.18,1358.52,1354.53,1350.58,1345.69,1340.01,1334.16,1328.65,1323.29,1318.35,1313.99,1309.77,1305.66,1301.12,1295.72,1289.06,1282.94,1276.00,1268.52,1261.26,1255.13,1249.35,1243.61,1237.84,1231.89,1224.30,1218.64,1216.17,1218.33,1226.10,1234.88,1242.48,1248.14,1253.48,1259.68,1267.15,1275.47,1283.27,1289.78,1295.39,1300.18,1303.97,1307.07,1310.49,1314.98,1320.52,1325.63,1329.86,1333.35,1336.90,1341.76,1347.22,1354.21,1362.16,1369.75,1373.78,1376.78,1379.36,1381.82,1384.68,1388.05,1391.49,1394.74,1397.53,1399.67,1401.37,1403.28,1405.54,1407.39,1408.60,1409.94,1411.68,1413.94,1416.32,1419.41,1423.22,1428.11,1435.02,1441.63,1447.13,1451.43,1454.96,1458.45,1462.83,1467.13,1469.88,1471.72,1472.16,1471.31,1469.13,1466.00,1462.50,1458.99,1455.66,1452.62,1449.42,1446.71,1445.50,1446.58,1448.56,1450.26,1451.47,1452.25,1452.98,1454.11,1455.64,1457.86,1461.35,1465.73,1469.77,1473.15,1475.72,1477.56,1478.87,1479.06,1478.20,1476.61,1474.80,1473.21,1472.25,1472.13,1471.87,1472.43,1473.58,1475.30,1478.00,1482.69,1488.34,1493.82,1498.06,1501.90,1505.77,1510.59,1517.05,1524.89,1531.08,1535.98,1540.43,1545.49,1550.30,1554.43,1558.27,1562.30,1566.95,1570.16,1572.41,1573.99,1574.99,1575.44,1575.01,1573.90,1572.15,1568.96,1564.08,1559.44,1556.05,1552.93,1550.23,1547.88,1546.33,1546.83,1549.18,1552.30,1555.57,1558.82,1562.38,1566.30,1570.10,1573.49,1576.21,1578.05,1579.16,1579.77,1579.99,1580.08,1580.47,1581.36,1582.97,1585.41,1588.18,1591.25,1594.63,1598.22,1601.24,1603.51,1605.43,1607.39,1609.19,1610.62,1611.88,1613.09,1614.36,1615.89,1616.16,1615.27,1613.93,1612.47,1610.97,1609.35,1607.52,1605.58,1605.07,1605.84,1607.37,1608.73,1609.71,1610.56,1611.38,1612.20,1613.17,1614.34,1615.58,1616.80,1617.94,1619.04,1619.72,1620.09
1376.30,1376.53,1375.61,1373.52,1370.29,1366.15,1362.45,1358.06,1353.65,1349.46,1345.50,1342.16,1338.83,1335.18,1331.34,1328.72,1327.81,1327.94,1328.87,1330.46,1332.71,1335.39,1338.40,1341.73,1345.03,1348.23,1351.34,1354.25,1356.72,1359.32,1362.00,1364.67,1367.28,1369.75,1371.33,1372.10,1371.99,1370.42,1367.72,1364.44,1360.77,1356.80,1352.48,1347.28,1341.42,1335.35,1329.53,1323.83,1318.43,1313.57,1309.30,1305.37,1300.88,1295.37,1288.63,1282.39,1275.56,1268.23,1260.96,1254.85,1249.12,1243.39,1237.53,1231.53,1225.30,1220.68,1219.16,1223.11,1231.57,1239.59,1246.25,1251.66,1257.06,1263.42,1270.75,1278.65,1286.20,1293.12,1298.81,1303.41,1307.10,1310.57,1314.41,1319.18,1324.71,1329.48,1333.40,1336.80,1340.39,1345.31,1351.34,1359.36,1368.05,1375.75,1379.96,1382.91,1385.17,1387.09,1389.33,1392.05,1394.97,1397.89,1400.60,1402.81,1404.77,1407.15,1410.01,1412.25,1413.56,1414.84,1416.43,1418.50,1420.94,1423.91,1427.70,1432.90,1440.08,1446.09,1450.95,1454.98,1458.82,1463.07,1467.78,1472.06,1474.75,1476.46,1476.81,1475.92,1473.61,1469.88,1465.80,1461.98,1458.59,1455.62,1452.76,1450.63,1449.84,1450.91,1452.82,1454.44,1455.52,1456.13,1456.63,1457.52,1459.08,1461.59,1465.42,1469.73,1473.42,1476.91,1480.19,1482.24,1483.71,1484.10,1483.49,1482.17,1480.35,1478.68,1477.53,1477.01,1476.19,1476.26,1477.03,1478.52,1481.17,1485.56,1490.45,1495.21,1499.36,1502.94,1506.46,1511.30,1518.36,1526.94,1532.64,1537.15,1541.55,1546.50,1551.13,1555.28,1559.41,1563.94,1568.57,1571.45,1573.60,1575.44,1576.79,1577.49,1577.24,1576.13,1574.20,1571.51,1567.02,1562.57,1559.26,1556.43,1554.31,1552.66,1551.50,1551.19,1552.11,1554.04,1556.66,1559.95,1563.68,1567.58,1571.32,1574.78,1577.93,1580.26,1581.82,1582.74,1583.10,1583.34,1583.65,1584.18,1585.10,1586.72,1588.96,1591.84,1595.23,1598.79,1601.31,1603.14,1604.79,1606.58,1608.36,1609.94,1611.36,1612.69,1614.16,1615.88,1616.29,1615.41,1613.79,1612.14,1610.50,1608.78,1607.07,1605.90,1606.36,1607.51,1608.85,1609.98,1610.91,1611.81,1612.68,1613.46,1614.32,1615.46,1616.70,1617.89,1618.92,1619.76,1620.29,1620.58
1380.08,1379.98,1379.10,1377.02,1373.67,1369.34,1365.78,1362.39,1358.49,1354.11,1349.80,1346.36,1343.00,1339.37,1335.64,1333.46,1332.74,1332.99,1334.00,1335.62,1337.86,1340.49,1343.39,1346.55,1349.77,1352.88,1355.82,1358.62,1361.58,1364.76,1367.86,1370.57,1372.42,1374.07,1374.80,1374.92,1374.47,1372.37,1369.44,1365.96,1362.01,1357.85,1353.10,1347.60,1341.58,1335.39,1329.49,1323.65,1317.89,1312.50,1308.24,1304.62,1300.24,1294.63,1287.89,1281.76,1275.35,1268.38,1261.03,1254.78,1249.04,1243.38,1237.54,1231.34,1226.83,1223.59,1223.01,1228.19,1236.16,1243.20,1249.15,1254.45,1259.75,1266.24,1273.06,1280.04,1287.59,1295.02,1300.92,1305.61,1309.65,1313.66,1317.91,1322.71,1327.95,1332.60,1336.49,1340.28,1344.44,1349.70,1356.64,1365.37,1374.03,1380.89,1385.23,1388.19,1390.32,1391.95,1393.64,1395.60,1398.15,1400.91,1403.43,1405.73,1408.02,1410.86,1414.23,1416.92,1418.76,1420.35,1422.03,1424.11,1426.86,1429.61,1433.27,1438.73,1445.16,1450.40,1454.69,1458.61,1463.16,1468.27,1472.53,1476.04,1479.10,1481.17,1481.68,1480.96,1478.75,1474.32,1469.41,1465.14,1461.64,1458.60,1455.83,1454.49,1454.36,1455.26,1456.76,1458.29,1459.43,1460.11,1460.61,1461.35,1463.16,1466.13,1470.11,1473.67,1477.09,1481.06,1485.27,1487.33,1488.68,1489.06,1488.65,1487.82,1486.23,1484.76,1483.57,1482.61,1481.35,1480.93,1481.32,1482.64,1485.29,1489.04,1492.95,1496.85,1500.77,1504.12,1507.32,1512.18,1519.81,1528.83,1534.06,1538.27,1542.69,1547.58,1552.00,1556.11,1560.48,1565.42,1569.80,1572.53,1574.71,1576.77,1578.45,1579.47,1579.51,1578.43,1575.96,1572.93,1569.11,1565.38,1562.36,1559.96,1558.38,1557.48,1556.97,1556.44,1556.36,1556.84,1558.35,1561.43,1565.16,1568.90,1572.51,1576.00,1579.45,1582.22,1584.19,1585.46,1586.09,1586.68,1587.18,1587.59,1588.02,1588.77,1590.49,1593.02,1596.16,1599.53,1601.34,1602.75,1604.22,1605.88,1607.49,1609.18,1610.76,1612.27,1614.07,1615.98,1616.34,1615.18,1613.14,1611.38,1609.78,1608.19,1606.85,1606.90,1607.88,1609.11,1610.21,1610.93,1611.82,1612.86,1613.87,1614.66,1615.47,1616.58,1617.80,1618.95,1619.85,1620.32,1620.66,1620.95
1384.70,1384.80,1384.04,1382.09,1378.80,1374.22,1369.78,1366.33,1362.81,1358.82,1354.39,1350.36,1346.70,1343.16,1339.81,1337.81,1337.27,1337.67,1338.76,1340.28,1342.42,1345.07,1348.07,1351.36,1354.45,1357.64,1360.92,1364.25,1367.57,1370.59,1373.29,1375.55,1377.05,1378.13,1378.34,1377.96,1377.00,1374.64,1370.98,1366.96,1362.76,1357.76,1352.64,1346.63,1340.10,1333.98,1328.11,1322.32,1316.63,1311.33,1307.16,1303.54,1299.12,1293.53,1287.13,1281.34,1275.44,1269.03,1262.02,1255.64,1249.62,1243.89,1238.31,1232.48,1228.30,1226.60,1227.95,1233.45,1240.05,1246.22,1251.74,1256.73,1261.91,1267.99,1274.37,1281.05,1288.55,1295.70,1301.70,1306.83,1311.42,1315.57,1320.15,1325.18,1330.42,1335.18,1339.82,1344.46,1349.41,1355.39,1362.98,1371.00,1378.57,1384.91,1389.05,1391.93,1394.18,1396.06,1397.79,1399.49,1401.52,1403.80,1406.19,1408.74,1411.78,1415.36,1419.21,1422.42,1424.88,1426.96,1428.84,1430.69,1433.00,1435.85,1439.92,1445.54,1450.67,1455.07,1458.97,1462.78,1467.27,1471.89,1475.94,1479.78,1483.64,1485.65,1486.12,1485.29,1482.86,1478.40,1473.18,1468.59,1464.84,1461.81,1459.58,1458.83,1459.20,1460.40,1462.01,1463.51,1464.77,1465.73,1466.36,1467.02,1468.94,1472.10,1476.19,1480.28,1484.15,1487.75,1490.82,1492.70,1493.65,1493.92,1493.73,1493.28,1492.19,1491.26,1490.49,1489.75,1488.95,1488.65,1488.75,1489.37,1490.95,1493.18,1495.87,1498.89,1502.16,1505.25,1508.43,1513.76,1522.05,1530.28,1535.29,1539.55,1544.08,1548.93,1553.07,1557.02,1561.48,1566.67,1570.75,1573.60,1575.98,1578.14,1579.94,1581.31,1581.47,1580.47,1578.38,1575.36,1571.59,1568.04,1565.48,1564.11,1563.43,1563.21,1563.09,1562.51,1562.20,1562.19,1562.86,1564.74,1567.59,1570.64,1573.91,1577.40,1580.92,1584.02,1586.36,1587.99,1589.00,1589.88,1590.46,1590.85,1591.12,1591.49,1592.69,1594.77,1597.49,1600.34,1602.15,1603.68,1605.12,1606.44,1607.74,1609.19,1610.83,1612.69,1614.72,1616.74,1616.64,1614.83,1612.70,1610.78,1609.23,1608.12,1607.69,1608.28,1609.24,1610.21,1611.08,1611.81,1612.70,1613.69,1614.68,1615.65,1616.65,1617.65,1618.70,1619.71,1620.35,1620.73,1621.04,1621.32
1389.63,1389.83,1389.05,1387.26,1384.19,1379.64,1374.50,1370.74,1367.35,1363.65,1359.18,1354.58,1350.55,1347.07,1344.19,1342.32,1341.78,1342.16,1343.24,1344.70,1346.85,1349.59,1352.75,1356.17,1359.20,1362.48,1366.08,1369.87,1373.37,1376.21,1378.56,1380.47,1381.79,1382.55,1382.41,1381.53,1379.78,1376.80,1372.41,1367.86,1363.27,1357.60,1351.93,1345.49,1338.71,1332.64,1326.85,1321.23,1315.75,1310.63,1306.39,1302.48,1297.93,1292.55,1286.74,1281.48,1276.16,1270.33,1263.70,1257.03,1250.66,1244.76,1239.33,1234.06,1230.19,1229.81,1232.76,1238.27,1243.95,1249.63,1254.91,1259.65,1264.54,1270.16,1276.15,1282.56,1289.77,1296.31,1302.21,1307.66,1312.68,1316.98,1321.88,1327.19,1332.62,1337.78,1343.24,1348.69,1354.49,1361.44,1368.75,1375.59,1382.15,1388.20,1392.10,1394.98,1397.52,1399.84,1401.88,1403.58,1405.30,1407.19,1409.46,1412.26,1415.96,1420.14,1424.34,1427.66,1430.50,1433.03,1435.40,1437.77,1440.23,1443.45,1447.64,1452.54,1456.17,1459.49,1462.88,1466.63,1471.05,1475.39,1479.78,1484.11,1487.83,1489.56,1489.97,1489.13,1486.67,1482.40,1477.28,1472.52,1468.48,1465.41,1463.88,1463.71,1464.42,1465.80,1467.36,1468.74,1470.14,1471.50,1472.46,1473.78,1476.31,1479.81,1483.88,1488.14,1491.87,1494.78,1496.80,1498.46,1499.20,1499.53,1499.65,1499.50,1498.87,1498.37,1497.94,1497.45,1496.96,1496.64,1496.42,1496.43,1497.07,1498.04,1499.64,1501.74,1504.09,1506.59,1510.14,1516.00,1524.29,1531.50,1536.39,1540.86,1545.53,1550.24,1554.14,1558.01,1562.59,1567.96,1571.67,1574.63,1577.25,1579.58,1581.43,1583.05,1583.28,1582.32,1580.59,1577.94,1574.56,1571.56,1569.78,1569.43,1569.55,1569.83,1569.96,1569.52,1569.19,1568.83,1568.64,1569.04,1570.59,1572.81,1575.61,1578.93,1582.44,1585.79,1588.45,1590.40,1591.80,1592.93,1593.60,1593.97,1594.18,1594.36,1595.14,1596.79,1599.09,1601.40,1603.24,1604.92,1606.37,1607.45,1608.53,1609.88,1611.54,1613.51,1615.58,1617.37,1616.76,1614.51,1612.38,1610.39,1609.01,1608.44,1608.78,1609.58,1610.39,1611.14,1611.84,1612.65,1613.55,1614.48,1615.45,1616.50,1617.64,1618.60,1619.50,1620.30,1620.75,1621.10,1621.42,1621.72
1394.84,1394.75,1393.72,1392.07,1389.45,1385.44,1380.28,1376.14,1372.44,1368.65,1364.18,1359.27,1354.82,1351.29,1348.99,1347.22,1346.41,1346.46,1347.32,1348.88,1351.20,1354.18,1357.55,1360.97,1364.09,1367.44,1371.15,1375.07,1378.45,1381.34,1383.71,1385.58,1386.91,1387.70,1387.40,1385.92,1382.99,1378.65,1373.73,1368.71,1363.55,1357.74,1351.16,1344.49,1338.02,1331.92,1326.26,1320.94,1315.79,1310.80,1306.15,1301.55,1296.78,1291.86,1287.02,1282.58,1277.91,1272.62,1266.29,1259.03,1252.29,1246.11,1240.55,1235.95,1232.85,1233.35,1236.93,1242.31,1248.13,1253.90,1259.21,1263.84,1268.17,1273.43,1279.10,1285.09,1291.56,1297.22,1302.71,1308.15,1313.33,1317.90,1323.12,1328.74,1334.59,1340.62,1346.72,1352.75,1359.44,1367.69,1373.14,1378.51,1384.48,1390.57,1394.26,1397.32,1400.34,1403.32,1405.91,1407.91,1409.69,1411.48,1413.63,1416.67,1420.69,1425.18,1429.47,1432.17,1434.90,1437.78,1441.10,1445.41,1449.26,1453.26,1456.88,1459.55,1461.49,1463.33,1465.98,1469.72,1474.32,1479.20,1484.80,1489.52,1491.32,1492.51,1492.90,1492.33,1490.33,1486.42,1481.90,1477.23,1472.83,1469.63,1468.95,1469.35,1470.22,1471.40,1472.47,1473.59,1475.13,1476.99,1478.64,1481.84,1485.88,1490.09,1493.91,1497.30,1499.62,1501.55,1503.37,1504.82,1505.74,1506.48,1507.05,1507.10,1506.79,1506.40,1506.03,1505.62,1504.88,1504.09,1503.48,1503.22,1503.46,1503.93,1504.77,1505.85,1506.97,1508.35,1512.81,1519.17,1526.28,1532.43,1537.32,1542.12,1547.00,1551.40,1555.12,1559.11,1563.90,1569.35,1572.62,1575.58,1578.49,1581.12,1582.99,1584.65,1584.90,1583.92,1582.23,1580.45,1578.29,1576.62,1576.13,1576.61,1577.21,1577.69,1577.96,1577.91,1577.64,1576.89,1575.70,1574.42,1574.31,1575.60,1577.77,1580.63,1584.08,1587.58,1590.45,1592.68,1594.40,1595.79,1596.56,1596.95,1597.11,1597.28,1597.80,1599.11,1601.04,1602.91,1604.59,1606.26,1607.74,1608.83,1609.91,1611.51,1613.15,1614.75,1616.61,1617.51,1616.48,1614.27,1612.20,1610.30,1609.36,1609.30,1609.95,1610.56,1611.25,1611.93,1612.61,1613.45,1614.36,1615.29,1616.22,1617.19,1618.27,1619.33,1620.18,1620.74,1621.09,1621.45,1621.82,1622.17
1399.59,1399.24,1397.87,1396.04,1393.54,1390.09,1385.88,1381.50,1377.46,1373.60,1369.19,1364.42,1359.75,1356.05,1354.10,1352.89,1352.18,1352.03,1352.56,1353.88,1356.02,1358.99,1362.37,1365.58,1368.75,1372.39,1376.30,1380.22,1383.68,1386.77,1389.56,1391.78,1392.72,1392.59,1391.68,1389.92,1386.71,1381.43,1375.64,1369.96,1364.42,1358.53,1351.32,1344.54,1338.38,1332.48,1326.93,1321.71,1316.73,1311.94,1307.22,1302.48,1297.80,1293.22,1288.78,1284.73,1280.61,1275.77,1269.50,1261.76,1254.63,1248.08,1242.23,1237.81,1235.28,1236.21,1240.13,1246.04,1252.60,1258.29,1263.33,1268.06,1272.73,1277.92,1283.24,1288.54,1293.76,1298.70,1303.73,1308.88,1314.00,1318.82,1323.99,1329.65,1335.85,1342.44,1349.00,1355.36,1362.15,1370.00,1374.57,1379.31,1384.96,1391.01,1395.09,1398.83,1402.63,1406.38,1409.55,1412.09,1414.13,1415.92,1417.94,1421.18,1425.22,1429.44,1433.30,1436.09,1440.31,1444.21,1447.86,1452.25,1455.90,1459.13,1461.77,1463.63,1465.30,1467.04,1470.02,1474.49,1479.64,1484.43,1488.93,1492.42,1493.96,1495.10,1495.56,1495.30,1493.88,1490.36,1486.70,1482.81,1478.93,1475.94,1474.97,1475.05,1475.66,1476.69,1478.13,1480.11,1482.35,1484.63,1486.85,1490.58,1494.38,1497.79,1500.66,1503.06,1504.92,1507.13,1509.94,1512.28,1513.39,1513.99,1514.30,1514.17,1513.79,1513.52,1513.38,1513.33,1513.12,1512.69,1512.15,1511.56,1511.06,1510.66,1510.71,1510.97,1511.18,1512.14,1516.11,1521.73,1527.91,1533.44,1538.31,1543.37,1548.43,1552.51,1556.13,1560.48,1565.57,1570.80,1574.11,1577.11,1580.08,1582.86,1584.89,1586.50,1586.98,1586.37,1584.86,1583.60,1582.40,1581.68,1581.75,1582.20,1582.73,1583.08,1583.21,1583.17,1582.82,1581.97,1580.66,1579.11,1578.34,1578.90,1580.41,1582.79,1585.98,1589.29,1592.21,1594.73,1596.92,1598.53,1599.64,1600.47,1601.05,1601.28,1601.51,1602.33,1603.73,1605.29,1606.64,1608.05,1609.48,1610.83,1612.19,1613.65,1615.11,1616.56,1617.95,1618.13,1616.89,1614.87,1612.97,1611.37,1610.64,1610.62,1611.08,1611.49,1612.06,1612.70,1613.40,1614.26,1615.17,1616.10,1617.02,1617.96,1618.96,1619.94,1620.79,1621.38,1621.64,1621.91,1622.23,1622.58
1404.09,1403.54,1401.90,1399.83,1397.28,1394.20,1390.98,1386.63,1382.47,1378.60,1374.31,1369.85,1365.14,1361.29,1359.49,1358.79,1358.27,1358.01,1358.26,1359.32,1361.21,1364.06,1367.33,1370.32,1373.51,1377.38,1381.48,1385.41,1389.06,1392.34,1395.40,1397.79,1398.25,1397.09,1395.50,1393.48,1390.23,1384.43,1377.85,1371.58,1365.84,1359.84,1352.17,1345.32,1339.45,1333.82,1328.36,1323.14,1318.21,1313.59,1308.93,1304.24,1299.73,1295.41,1291.16,1287.36,1283.59,1279.07,1272.84,1264.80,1257.28,1250.27,1244.04,1239.65,1237.56,1238.86,1243.16,1249.82,1256.98,1262.50,1267.28,1272.22,1277.44,1282.72,1287.76,1292.40,1296.45,1300.71,1305.21,1309.92,1314.89,1319.85,1324.82,1330.36,1336.76,1343.73,1350.58,1357.01,1363.54,1370.68,1374.86,1379.29,1384.66,1390.62,1395.27,1399.85,1404.59,1409.22,1412.94,1416.02,1418.36,1420.22,1422.13,1425.58,1429.58,1433.52,1437.10,1440.38,1445.79,1450.44,1454.12,1457.98,1460.98,1463.19,1465.01,1466.73,1468.80,1471.09,1474.65,1479.65,1485.13,1489.42,1492.35,1494.47,1496.24,1497.51,1498.15,1498.25,1497.37,1494.44,1491.73,1488.74,1485.57,1482.97,1481.54,1481.18,1481.49,1482.41,1484.28,1487.07,1489.93,1492.59,1495.29,1499.02,1502.07,1504.41,1506.49,1508.32,1510.19,1512.90,1516.56,1519.63,1520.84,1521.16,1521.05,1520.60,1520.04,1519.83,1519.93,1520.26,1520.68,1520.79,1520.48,1519.73,1518.66,1517.60,1517.02,1516.61,1516.06,1516.72,1519.63,1524.05,1529.39,1534.54,1539.47,1544.70,1549.84,1553.65,1557.20,1562.09,1567.52,1572.31,1575.77,1578.82,1581.80,1584.65,1586.94,1588.66,1589.50,1589.33,1588.07,1587.16,1586.69,1586.66,1586.98,1587.18,1587.49,1587.63,1587.55,1587.41,1586.93,1586.07,1584.89,1583.48,1582.45,1582.43,1583.32,1585.16,1587.94,1591.02,1593.97,1596.76,1599.36,1601.20,1602.70,1604.05,1605.19,1605.63,1605.71,1606.06,1606.88,1608.07,1609.07,1610.20,1611.56,1613.16,1614.81,1616.05,1617.23,1618.44,1619.24,1618.91,1617.62,1615.86,1614.21,1612.93,1612.35,1612.22,1612.37,1612.61,1613.06,1613.61,1614.24,1615.04,1615.92,1616.84,1617.76,1618.68,1619.61,1620.49,1621.35,1622.07,1622.31,1622.47,1622.71,1623.00
1408.19,1407.72,1406.11,1403.97,1401.15,1397.63,1394.44,1391.02,1387.52,1383.88,1379.83,1375.77,1371.47,1367.73,1365.55,1364.60,1364.13,1363.98,1364.29,1365.38,1367.23,1369.81,1372.79,1375.80,1378.91,1382.56,1386.56,1390.76,1394.84,1398.10,1400.42,1401.76,1401.80,1400.48,1398.46,1395.88,1392.35,1387.13,1380.43,1374.11,1368.53,1362.21,1354.40,1347.59,1341.89,1336.54,1331.05,1325.70,1320.61,1315.85,1311.38,1306.82,1302.41,1298.21,1294.10,1290.41,1286.46,1281.84,1275.89,1267.98,1260.14,1252.56,1245.78,1241.45,1239.59,1241.49,1246.72,1254.20,1260.76,1265.88,1270.74,1276.09,1281.52,1287.17,1292.26,1296.61,1300.46,1303.97,1307.71,1311.87,1316.52,1321.26,1325.96,1331.16,1337.26,1344.30,1350.96,1356.83,1362.80,1370.09,1374.50,1378.79,1383.79,1389.51,1394.75,1400.07,1405.93,1411.80,1415.97,1419.25,1421.80,1423.80,1425.70,1429.40,1433.55,1437.89,1442.39,1446.71,1450.41,1453.88,1457.26,1460.49,1463.13,1465.41,1467.51,1469.73,1472.97,1476.55,1480.25,1484.21,1488.70,1491.82,1494.26,1496.39,1498.32,1499.73,1500.88,1501.36,1500.78,1499.17,1497.39,1494.93,1492.14,1490.09,1488.98,1488.85,1489.28,1490.13,1491.64,1493.62,1496.14,1499.12,1502.19,1505.51,1508.00,1510.16,1512.91,1515.90,1518.32,1520.72,1523.28,1525.20,1526.19,1526.41,1526.07,1525.34,1524.53,1524.22,1524.34,1524.78,1525.34,1525.60,1525.64,1525.40,1524.76,1524.26,1523.74,1522.95,1521.83,1521.77,1523.24,1526.21,1530.68,1535.88,1541.12,1546.39,1551.28,1554.88,1558.51,1564.24,1570.11,1574.07,1577.41,1580.55,1583.58,1586.48,1589.16,1591.70,1593.04,1593.13,1592.21,1591.45,1591.21,1591.35,1591.69,1591.86,1592.02,1592.03,1591.88,1591.65,1591.07,1590.16,1588.94,1587.49,1586.44,1586.22,1586.62,1587.71,1589.88,1592.94,1596.08,1599.01,1601.57,1603.81,1605.55,1607.20,1608.88,1610.07,1610.48,1610.63,1610.79,1611.18,1612.06,1613.18,1614.46,1615.99,1617.57,1618.73,1619.51,1619.90,1620.00,1619.68,1618.70,1617.31,1616.02,1615.01,1614.50,1614.29,1614.27,1614.49,1614.79,1614.98,1615.17,1615.70,1616.47,1617.33,1618.21,1619.13,1620.01,1620.91,1621.81,1622.63,1623.12,1623.29,1623.45,1623.59
1412.20,1411.71,1410.24,1408.13,1405.24,1401.53,1397.93,1394.77,1391.70,1388.54,1385.07,1381.39,1377.53,1374.03,1371.57,1370.31,1369.76,1369.71,1370.18,1371.39,1373.24,1375.58,1378.24,1381.12,1384.00,1387.65,1391.81,1396.13,1399.92,1402.75,1404.45,1405.12,1404.91,1403.38,1400.93,1397.76,1393.69,1388.47,1382.28,1376.45,1371.21,1365.24,1357.70,1350.70,1344.77,1339.80,1334.57,1329.29,1324.04,1318.95,1314.34,1309.78,1305.39,1301.18,1297.02,1293.26,1289.05,1284.14,1278.11,1270.23,1262.15,1254.29,1247.43,1243.49,1241.42,1243.42,1249.24,1257.56,1263.77,1269.08,1274.46,1280.31,1286.02,1291.78,1296.77,1300.91,1304.70,1307.72,1310.97,1314.68,1318.85,1323.17,1327.54,1332.33,1337.96,1344.80,1351.12,1356.43,1361.74,1368.44,1373.25,1377.69,1382.60,1388.27,1394.00,1399.90,1406.44,1413.14,1418.23,1421.63,1424.32,1426.66,1429.02,1432.92,1437.17,1441.78,1446.59,1450.59,1453.21,1455.90,1458.88,1461.68,1464.30,1466.88,1469.45,1472.21,1475.90,1479.94,1483.76,1487.30,1490.89,1493.42,1495.70,1497.92,1499.95,1501.54,1503.04,1503.91,1503.75,1502.70,1501.58,1499.77,1497.54,1495.89,1494.89,1494.80,1495.23,1496.05,1497.69,1499.73,1502.31,1505.34,1508.26,1511.06,1513.33,1515.55,1518.47,1521.76,1524.49,1527.04,1529.41,1530.82,1531.52,1531.59,1531.09,1530.15,1529.48,1529.64,1530.34,1531.27,1531.95,1532.31,1532.57,1532.65,1532.10,1531.48,1530.50,1529.19,1527.80,1526.92,1526.98,1528.64,1532.43,1537.58,1543.05,1548.23,1552.77,1556.43,1560.90,1566.85,1572.42,1576.02,1579.47,1582.80,1586.21,1589.76,1593.25,1595.81,1597.06,1597.22,1596.56,1595.92,1595.76,1595.92,1596.19,1596.31,1596.39,1596.33,1596.12,1595.81,1595.27,1594.46,1593.43,1592.25,1591.30,1591.01,1591.12,1591.67,1593.19,1595.69,1598.50,1601.25,1603.73,1606.14,1608.29,1610.36,1612.38,1613.95,1614.66,1614.88,1614.86,1614.80,1615.29,1616.19,1617.39,1618.81,1620.27,1621.33,1621.86,1621.86,1621.64,1621.27,1620.41,1619.21,1618.00,1617.17,1616.70,1616.43,1616.33,1616.46,1616.57,1616.49,1616.34,1616.60,1617.15,1617.89,1618.75,1619.70,1620.75,1621.63,1622.45,1623.24,1623.85,1624.00,1623.99,1623.91
1416.12,1415.55,1414.27,1412.27,1409.51,1405.84,1401.60,1398.12,1395.21,1392.60,1389.93,1386.62,1383.23,1380.08,1377.51,1376.00,1375.34,1375.37,1376.08,1377.43,1379.27,1381.38,1383.70,1386.30,1388.84,1392.72,1397.22,1401.46,1404.42,1406.55,1407.77,1408.18,1407.81,1405.93,1403.03,1399.27,1394.46,1388.77,1383.48,1378.54,1373.77,1368.68,1361.74,1354.47,1348.02,1343.38,1338.63,1333.56,1328.21,1322.74,1317.74,1313.07,1308.60,1304.24,1299.89,1295.88,1291.33,1286.01,1279.58,1271.57,1263.40,1255.58,1249.02,1245.62,1243.03,1244.72,1250.80,1259.84,1266.10,1272.04,1278.24,1284.66,1290.74,1296.38,1301.17,1305.20,1308.96,1311.80,1314.82,1318.18,1321.78,1325.60,1329.58,1333.90,1338.97,1345.45,1351.35,1356.26,1360.87,1366.36,1371.53,1376.30,1381.34,1387.16,1393.27,1399.57,1406.38,1413.47,1419.73,1423.20,1426.01,1428.86,1431.98,1435.97,1440.25,1444.88,1449.39,1452.09,1454.34,1456.72,1459.24,1461.78,1464.60,1467.61,1470.74,1473.99,1477.48,1481.28,1485.18,1488.89,1491.84,1494.30,1496.64,1498.92,1501.04,1502.81,1504.51,1505.78,1506.16,1505.15,1504.46,1503.36,1501.88,1500.57,1499.55,1499.35,1499.71,1500.60,1502.76,1505.50,1508.42,1511.25,1513.63,1515.89,1518.17,1520.57,1523.23,1526.25,1529.16,1532.18,1535.08,1536.52,1536.91,1536.75,1536.16,1535.14,1534.95,1536.01,1537.69,1539.30,1540.15,1540.56,1540.90,1541.03,1540.26,1538.95,1537.14,1535.24,1533.74,1532.05,1530.83,1531.40,1534.61,1539.60,1545.19,1550.18,1554.39,1558.41,1564.18,1569.79,1574.51,1578.18,1581.95,1585.61,1589.67,1594.25,1598.64,1600.59,1601.37,1601.47,1600.97,1600.40,1600.23,1600.31,1600.47,1600.51,1600.56,1600.47,1600.19,1599.81,1599.42,1598.87,1598.23,1597.53,1596.78,1596.53,1596.51,1596.72,1597.54,1599.09,1601.14,1603.46,1605.88,1608.31,1610.98,1613.54,1615.70,1617.32,1618.23,1618.73,1618.90,1618.72,1618.67,1619.24,1620.30,1621.61,1622.92,1623.84,1624.26,1624.23,1624.06,1623.56,1622.69,1621.51,1620.18,1619.43,1618.95,1618.64,1618.50,1618.48,1618.37,1618.07,1617.72,1617.70,1617.96,1618.58,1619.43,1620.47,1621.84,1622.68,1623.31,1623.91,1624.49,1624.54,1624.32,1624.00
1419.88,1419.28,1418.20,1416.37,1413.69,1410.06,1405.80,1402.07,1398.85,1396.07,1393.69,1391.00,1388.23,1385.62,1383.48,1382.18,1381.75,1382.05,1383.00,1384.29,1385.69,1387.44,1389.46,1391.63,1394.06,1398.32,1402.94,1406.66,1409.00,1410.65,1411.67,1411.94,1411.05,1408.43,1404.91,1400.64,1395.38,1389.43,1384.55,1380.15,1375.85,1371.43,1365.35,1358.46,1351.85,1346.69,1342.15,1337.07,1331.86,1326.84,1321.65,1316.75,1311.92,1307.17,1302.68,1298.31,1293.12,1287.20,1280.51,1272.11,1264.36,1257.05,1250.64,1246.98,1244.13,1245.74,1251.80,1260.73,1267.64,1273.93,1280.63,1287.89,1294.16,1299.73,1304.63,1308.91,1312.67,1315.73,1318.76,1321.93,1325.27,1328.84,1332.45,1336.30,1340.92,1347.32,1353.21,1358.25,1362.70,1367.08,1371.57,1376.14,1381.32,1387.50,1393.88,1400.32,1407.00,1413.79,1420.00,1423.71,1426.91,1430.17,1433.54,1437.22,1441.11,1445.14,1448.97,1451.58,1453.74,1455.96,1458.25,1460.49,1463.31,1466.72,1470.22,1473.51,1476.84,1480.41,1484.19,1487.97,1491.18,1493.54,1495.97,1498.46,1500.67,1502.39,1504.17,1505.84,1507.04,1507.22,1506.73,1506.03,1505.34,1504.85,1504.59,1504.70,1505.34,1506.75,1509.00,1511.32,1513.71,1516.10,1518.19,1520.15,1522.26,1524.60,1527.53,1532.10,1535.83,1538.79,1540.94,1541.80,1541.95,1541.56,1540.88,1540.41,1540.90,1542.39,1544.28,1545.96,1546.86,1547.29,1547.41,1547.13,1546.12,1544.60,1542.68,1540.58,1538.52,1536.48,1534.92,1534.87,1537.23,1541.98,1547.37,1552.26,1556.70,1561.59,1567.52,1572.58,1576.85,1580.76,1584.93,1589.43,1594.18,1598.83,1602.33,1604.22,1605.14,1605.36,1604.89,1604.13,1603.86,1603.95,1604.20,1604.26,1604.29,1604.07,1603.62,1603.20,1602.92,1602.67,1602.37,1601.96,1601.52,1601.38,1601.37,1601.36,1601.38,1602.13,1603.65,1605.70,1608.15,1610.90,1613.87,1616.60,1618.72,1620.20,1621.08,1621.73,1622.16,1622.12,1622.06,1622.48,1623.31,1624.40,1625.53,1626.29,1626.63,1626.62,1626.53,1626.05,1625.24,1624.17,1622.95,1622.16,1621.49,1621.01,1620.80,1620.53,1620.13,1619.64,1619.17,1618.97,1618.97,1619.53,1620.58,1622.01,1623.47,1624.34,1624.72,1624.76,1624.84,1624.65,1624.32,1623.96
1423.48,1422.90,1421.97,1420.32,1417.84,1414.44,1410.47,1406.58,1403.05,1399.99,1397.53,1395.11,1392.74,1390.58,1388.94,1387.94,1387.75,1388.20,1389.17,1390.27,1391.36,1392.89,1394.85,1397.19,1399.99,1404.20,1408.38,1411.45,1413.44,1414.90,1415.83,1415.96,1414.52,1411.05,1406.83,1402.17,1396.85,1390.69,1385.90,1381.63,1377.47,1373.62,1368.62,1362.47,1355.93,1350.15,1345.34,1340.16,1335.10,1330.49,1325.58,1320.46,1315.25,1310.10,1305.23,1300.56,1294.87,1288.52,1281.80,1273.45,1265.99,1258.86,1252.29,1248.10,1245.17,1246.72,1252.54,1261.15,1268.55,1275.05,1282.03,1289.98,1296.64,1302.20,1307.34,1312.10,1316.06,1319.39,1322.50,1325.62,1328.93,1332.37,1335.86,1339.66,1344.30,1350.68,1356.32,1361.21,1365.44,1369.00,1372.81,1377.24,1382.55,1388.85,1395.28,1401.63,1407.88,1414.01,1419.66,1423.52,1426.99,1430.42,1433.74,1436.83,1440.10,1443.39,1446.59,1449.54,1452.00,1454.21,1456.30,1458.38,1461.09,1464.53,1468.22,1471.81,1475.12,1478.43,1481.89,1485.53,1489.12,1491.71,1494.27,1496.93,1499.45,1501.49,1503.47,1505.42,1507.24,1508.54,1508.54,1508.44,1508.56,1508.79,1509.15,1509.78,1510.93,1512.84,1515.01,1516.81,1518.65,1520.63,1522.39,1524.16,1526.59,1529.57,1533.18,1538.75,1542.75,1545.31,1546.62,1546.92,1546.76,1546.11,1545.35,1545.38,1546.34,1547.99,1549.88,1551.63,1552.83,1553.47,1553.51,1552.93,1551.77,1550.19,1548.16,1545.77,1543.12,1540.84,1539.07,1538.57,1540.25,1544.69,1549.88,1554.80,1559.60,1565.05,1570.66,1575.31,1579.49,1583.82,1588.39,1593.46,1598.49,1602.87,1605.61,1607.52,1608.58,1608.89,1608.50,1607.65,1607.36,1607.57,1608.06,1608.31,1608.36,1607.99,1607.29,1606.68,1606.38,1606.34,1606.34,1606.21,1606.02,1605.95,1605.83,1605.51,1604.94,1605.12,1606.21,1608.07,1610.57,1613.61,1616.66,1619.33,1621.32,1622.71,1623.64,1624.46,1625.12,1625.33,1625.40,1625.74,1626.37,1627.24,1628.14,1628.71,1628.96,1628.95,1628.89,1628.47,1627.78,1626.88,1625.84,1624.99,1624.11,1623.45,1623.12,1622.58,1621.97,1621.36,1620.82,1620.57,1620.57,1621.17,1622.35,1623.90,1624.88,1625.38,1625.42,1625.08,1624.81,1624.55,1624.23,1623.89
1426.86,1426.33,1425.44,1423.97,1421.92,1419.19,1415.81,1411.90,1408.28,1405.06,1401.94,1399.02,1396.54,1394.62,1393.42,1392.69,1392.62,1392.92,1393.47,1394.22,1395.43,1397.03,1399.38,1403.14,1407.17,1410.42,1413.12,1415.47,1417.59,1419.31,1420.27,1420.17,1418.28,1413.90,1408.89,1404.05,1399.35,1393.01,1387.86,1383.03,1378.39,1374.96,1371.39,1366.40,1360.30,1353.99,1348.12,1342.72,1337.72,1333.20,1329.30,1324.10,1318.58,1313.05,1307.32,1302.49,1296.70,1290.35,1284.00,1276.71,1269.08,1261.27,1253.96,1249.03,1246.29,1247.72,1253.03,1261.21,1268.55,1275.05,1282.09,1290.32,1297.80,1303.46,1308.94,1314.49,1319.07,1322.60,1325.80,1329.10,1332.69,1336.12,1339.99,1344.57,1350.11,1356.48,1361.18,1365.22,1368.91,1372.14,1375.69,1380.35,1385.75,1391.63,1397.71,1403.57,1409.03,1414.06,1418.58,1422.39,1425.78,1428.95,1431.84,1433.99,1436.35,1438.86,1441.67,1445.32,1448.70,1451.16,1453.04,1455.21,1457.70,1460.45,1464.07,1468.68,1472.16,1475.12,1477.98,1481.10,1484.93,1488.43,1491.23,1493.89,1497.12,1500.34,1502.77,1504.80,1506.72,1508.55,1509.70,1510.71,1511.65,1512.22,1512.64,1513.97,1515.95,1518.17,1520.12,1521.59,1523.19,1524.93,1526.22,1527.90,1531.69,1536.76,1541.68,1546.42,1549.38,1551.09,1551.86,1551.92,1551.26,1550.26,1549.45,1549.65,1550.60,1552.04,1553.83,1555.91,1557.92,1559.17,1559.55,1559.04,1557.93,1556.39,1553.96,1550.92,1547.83,1545.31,1543.25,1542.45,1543.86,1547.89,1552.99,1558.20,1563.36,1568.59,1573.41,1577.96,1582.63,1587.66,1592.61,1597.50,1601.96,1605.77,1608.78,1610.63,1611.58,1611.88,1611.68,1611.07,1610.95,1611.44,1612.42,1613.13,1613.29,1612.76,1611.71,1610.61,1610.02,1610.02,1610.26,1610.43,1610.36,1610.24,1609.75,1608.88,1608.18,1608.10,1608.94,1610.64,1613.25,1616.38,1619.16,1621.45,1623.23,1624.69,1625.95,1627.00,1627.83,1628.39,1628.65,1628.98,1629.48,1630.14,1630.77,1631.09,1631.20,1631.17,1631.03,1630.67,1630.19,1629.57,1628.72,1627.83,1626.78,1625.95,1625.45,1624.63,1623.97,1623.35,1622.84,1622.72,1623.26,1624.10,1625.16,1626.18,1625.61,1624.97,1624.53,1624.29,1624.13,1624.19,1624.11,1623.83
1432.57,1431.32,1429.87,1427.88,1425.67,1423.36,1420.80,1418.02,1415.35,1412.44,1408.43,1404.72,1401.75,1399.53,1398.05,1396.87,1396.62,1396.88,1397.47,1398.50,1400.42,1402.82,1405.63,1409.01,1412.54,1415.20,1417.47,1419.70,1421.88,1423.68,1424.72,1424.48,1421.92,1416.96,1411.14,1405.87,1401.86,1396.89,1390.73,1384.43,1379.02,1375.80,1372.70,1368.45,1363.03,1356.68,1349.95,1344.33,1339.49,1335.22,1331.59,1326.77,1321.47,1315.87,1309.78,1304.59,1298.90,1292.75,1286.45,1279.84,1271.61,1262.76,1254.62,1249.64,1247.48,1249.44,1254.87,1262.55,1269.66,1276.58,1283.67,1291.08,1298.49,1304.23,1310.12,1316.34,1321.44,1325.31,1328.97,1332.73,1336.62,1340.51,1344.90,1350.07,1355.86,1361.10,1365.19,1368.64,1371.72,1374.65,1378.40,1383.51,1388.98,1394.13,1399.46,1404.66,1409.43,1413.65,1417.19,1420.24,1422.85,1425.28,1427.63,1429.45,1431.58,1433.89,1436.44,1439.69,1442.94,1445.75,1448.33,1451.19,1453.96,1456.58,1459.67,1463.61,1467.34,1470.82,1473.89,1476.83,1480.39,1483.99,1487.15,1490.22,1493.76,1497.68,1500.85,1503.42,1505.63,1507.92,1509.89,1511.63,1513.20,1514.54,1515.70,1517.53,1519.79,1522.07,1524.00,1525.74,1527.61,1529.54,1531.13,1534.07,1538.40,1543.38,1548.06,1552.08,1554.77,1556.36,1556.91,1556.72,1555.76,1554.58,1553.65,1553.71,1554.49,1555.79,1557.91,1561.03,1563.85,1565.24,1565.65,1565.34,1564.46,1562.95,1560.40,1557.14,1553.75,1550.75,1548.30,1547.08,1547.89,1551.24,1555.93,1561.09,1566.34,1571.41,1576.13,1581.12,1586.30,1591.46,1596.37,1600.88,1604.97,1608.55,1611.44,1613.28,1614.24,1614.63,1614.62,1614.39,1614.72,1615.74,1617.24,1618.13,1618.44,1618.07,1617.12,1615.97,1615.30,1615.22,1615.42,1615.60,1615.61,1615.52,1615.02,1614.09,1613.23,1612.67,1612.77,1613.73,1615.82,1618.60,1621.12,1623.25,1624.99,1626.57,1627.97,1629.15,1630.12,1630.80,1631.14,1631.53,1632.04,1632.61,1633.16,1633.36,1633.37,1633.25,1632.96,1632.59,1632.12,1631.53,1630.78,1629.97,1629.06,1628.22,1627.50,1626.60,1625.83,1625.30,1625.04,1625.04,1625.54,1625.45,1625.15,1625.02,1624.08,1623.44,1623.13,1623.08,1623.20,1623.39,1623.44,1623.37
1438.89,1437.09,1435.09,1432.66,1430.30,1428.28,1426.25,1424.29,1422.44,1419.99,1415.44,1411.10,1407.58,1404.92,1403.11,1401.48,1401.04,1401.27,1402.01,1403.45,1405.99,1409.12,1412.20,1414.66,1417.16,1419.42,1421.65,1423.94,1426.05,1427.76,1428.74,1428.40,1425.32,1419.92,1413.22,1407.35,1403.94,1400.54,1393.55,1385.84,1379.54,1376.37,1373.32,1369.54,1364.75,1358.55,1351.21,1345.40,1340.72,1336.69,1333.10,1328.77,1323.79,1318.23,1312.14,1306.68,1301.17,1295.24,1288.72,1282.48,1273.45,1263.61,1254.90,1250.12,1248.79,1251.75,1257.76,1264.89,1271.76,1279.11,1286.20,1292.61,1299.48,1305.13,1311.22,1317.82,1323.30,1327.63,1331.90,1336.20,1340.37,1344.77,1349.57,1355.05,1360.77,1364.83,1368.49,1371.52,1374.10,1376.82,1380.90,1386.36,1391.72,1396.11,1400.62,1405.12,1409.29,1412.89,1415.61,1417.74,1419.45,1421.07,1422.80,1424.39,1426.43,1428.72,1431.14,1433.80,1436.65,1439.77,1443.14,1446.64,1449.83,1452.65,1455.34,1458.25,1462.08,1466.11,1469.63,1472.67,1476.04,1479.48,1482.99,1486.54,1490.24,1494.57,1498.45,1501.62,1504.14,1506.80,1509.42,1511.73,1513.80,1515.90,1517.89,1520.27,1522.81,1525.20,1527.25,1529.45,1531.76,1534.05,1536.26,1540.51,1544.95,1549.16,1553.19,1556.65,1559.42,1561.20,1561.76,1561.38,1560.29,1559.04,1558.06,1557.99,1558.69,1560.08,1562.59,1566.43,1569.67,1570.97,1571.34,1571.22,1570.62,1569.22,1566.73,1563.48,1559.94,1556.55,1553.80,1552.18,1552.31,1554.77,1558.92,1563.89,1569.13,1574.08,1579.05,1584.54,1590.09,1595.16,1599.83,1603.95,1607.79,1611.26,1613.92,1615.79,1616.92,1617.50,1617.68,1617.98,1618.86,1620.38,1622.24,1623.09,1623.49,1623.27,1622.53,1621.55,1620.95,1620.87,1621.01,1621.10,1621.15,1621.09,1620.70,1619.90,1618.95,1617.93,1617.22,1617.22,1618.53,1620.70,1622.90,1624.91,1626.69,1628.36,1629.81,1631.08,1632.15,1632.92,1633.35,1633.83,1634.38,1634.94,1635.46,1635.57,1635.48,1635.24,1634.81,1634.39,1633.86,1633.21,1632.51,1631.79,1631.04,1630.23,1629.35,1628.43,1627.60,1627.18,1627.11,1626.94,1626.92,1625.61,1623.80,1622.57,1621.76,1621.57,1621.63,1621.82,1622.20,1622.43,1622.60,1622.77
1444.34,1443.59,1442.10,1440.48,1438.88,1437.03,1434.09,1429.95,1426.95,1424.87,1421.54,1417.59,1413.78,1410.97,1409.74,1408.61,1408.32,1408.49,1409.12,1410.57,1412.63,1415.11,1417.59,1419.57,1421.47,1423.48,1425.68,1427.95,1429.53,1430.68,1431.18,1430.64,1428.03,1422.24,1414.39,1407.61,1404.31,1401.01,1394.88,1387.26,1380.04,1376.61,1373.35,1369.50,1364.80,1358.76,1351.63,1345.79,1341.00,1336.95,1333.52,1329.45,1324.51,1318.99,1313.61,1308.42,1303.21,1297.21,1289.91,1283.33,1273.30,1263.19,1255.21,1250.49,1250.50,1255.42,1262.83,1269.41,1276.23,1283.38,1290.32,1296.60,1302.34,1307.23,1312.63,1318.61,1324.05,1329.06,1334.01,1338.78,1343.16,1347.58,1352.21,1357.22,1362.41,1366.74,1370.20,1373.09,1375.69,1378.54,1382.77,1387.78,1392.50,1396.39,1400.39,1404.36,1408.11,1411.36,1413.63,1415.32,1416.64,1417.76,1418.79,1419.74,1421.25,1423.36,1426.00,1428.87,1431.82,1434.93,1438.12,1441.22,1444.63,1448.24,1451.60,1454.55,1457.79,1461.23,1464.88,1468.78,1472.90,1476.37,1479.96,1483.73,1487.58,1491.89,1495.89,1499.26,1501.95,1504.67,1507.73,1510.52,1512.94,1515.15,1517.28,1520.61,1524.28,1527.34,1529.83,1532.32,1534.97,1537.80,1540.76,1544.56,1548.51,1552.45,1556.36,1559.85,1562.91,1565.08,1565.99,1565.80,1564.87,1563.87,1563.18,1563.36,1564.65,1566.92,1569.46,1571.76,1573.84,1574.86,1575.27,1575.25,1574.75,1573.84,1571.74,1568.76,1565.49,1562.36,1559.81,1558.12,1557.66,1558.81,1562.33,1567.08,1572.27,1577.28,1582.76,1588.31,1593.68,1598.59,1602.75,1606.72,1610.47,1613.80,1616.34,1618.44,1620.11,1621.21,1621.64,1622.77,1624.21,1625.77,1627.20,1627.72,1627.70,1627.25,1626.53,1625.88,1625.76,1626.05,1626.41,1626.55,1626.50,1626.37,1626.04,1625.45,1624.70,1623.69,1622.47,1621.59,1621.91,1623.14,1624.71,1626.47,1628.35,1629.96,1631.39,1632.69,1633.85,1634.81,1635.45,1636.08,1636.72,1637.33,1637.74,1637.75,1637.52,1637.13,1636.66,1636.17,1635.58,1634.88,1634.13,1633.34,1632.42,1631.53,1630.75,1629.89,1629.21,1628.82,1628.37,1626.97,1625.37,1623.29,1621.24,1619.94,1619.66,1620.01,1620.53,1620.98,1621.25,1621.55,1621.87,1622.18
1449.13,1449.05,1448.19,1447.24,1446.17,1444.62,1441.82,1437.25,1433.53,1430.79,1427.41,1423.58,1419.59,1416.49,1415.23,1414.45,1414.34,1414.67,1415.47,1416.85,1418.50,1420.43,1422.41,1424.10,1425.73,1427.59,1429.55,1431.34,1432.38,1433.18,1433.08,1431.91,1429.44,1423.52,1415.03,1407.61,1404.15,1400.63,1395.18,1388.00,1380.51,1376.49,1372.90,1368.82,1364.08,1358.45,1351.67,1345.78,1340.86,1336.82,1333.38,1329.23,1324.10,1318.43,1313.37,1308.67,1304.05,1298.27,1290.37,1283.27,1272.77,1262.97,1256.09,1252.09,1253.33,1259.14,1266.84,1273.08,1279.68,1286.50,1293.12,1299.07,1303.92,1308.30,1313.11,1318.42,1323.77,1329.49,1335.03,1340.12,1344.57,1348.91,1353.28,1357.80,1362.48,1366.99,1370.47,1373.13,1375.47,1378.32,1382.25,1386.86,1391.30,1395.12,1398.95,1402.70,1406.12,1408.99,1411.10,1412.72,1413.87,1414.68,1415.24,1415.74,1416.92,1418.71,1421.12,1424.00,1427.01,1430.18,1433.36,1436.35,1439.73,1443.41,1447.11,1450.66,1454.11,1457.30,1460.80,1464.87,1469.41,1473.00,1476.61,1480.58,1484.99,1489.37,1493.30,1496.66,1499.47,1502.22,1505.33,1508.37,1511.16,1513.63,1516.12,1519.80,1524.30,1528.83,1531.83,1534.56,1537.37,1540.34,1543.55,1547.00,1550.77,1554.73,1558.73,1562.47,1565.89,1568.67,1570.38,1570.71,1570.19,1569.53,1569.09,1569.25,1570.57,1572.89,1575.14,1576.57,1577.96,1578.84,1579.26,1579.26,1578.87,1578.25,1576.66,1574.31,1571.53,1568.58,1566.16,1564.46,1563.65,1563.71,1566.38,1570.59,1575.58,1580.82,1586.44,1591.80,1596.85,1601.53,1605.53,1609.38,1613.07,1616.41,1619.10,1621.47,1623.64,1625.35,1626.33,1627.88,1629.42,1630.74,1631.63,1631.89,1631.54,1630.88,1630.17,1629.72,1629.75,1630.13,1630.52,1630.63,1630.56,1630.43,1630.17,1629.73,1629.20,1628.39,1627.20,1626.08,1625.74,1626.11,1627.02,1628.36,1630.02,1631.50,1632.90,1634.21,1635.44,1636.57,1637.45,1638.18,1638.86,1639.42,1639.69,1639.58,1639.26,1638.85,1638.43,1637.89,1637.22,1636.45,1635.62,1634.73,1633.70,1632.75,1631.99,1631.15,1630.35,1629.52,1628.35,1626.19,1623.77,1621.36,1619.22,1617.79,1617.80,1618.49,1619.38,1620.20,1620.59,1620.97,1621.36,1621.72
1453.38,1453.49,1453.25,1452.68,1451.85,1450.69,1448.98,1445.75,1441.93,1437.79,1433.16,1429.13,1425.05,1421.59,1419.70,1419.00,1419.02,1419.68,1420.88,1422.14,1423.59,1425.21,1426.90,1428.49,1430.09,1431.83,1433.32,1434.26,1434.77,1435.34,1434.53,1432.40,1429.71,1423.82,1415.20,1407.49,1403.66,1399.78,1394.66,1388.10,1380.94,1376.07,1372.07,1367.67,1362.83,1357.79,1351.42,1345.46,1340.41,1336.39,1332.74,1328.20,1322.72,1316.82,1311.73,1307.65,1303.87,1298.59,1290.39,1282.63,1272.26,1263.26,1257.64,1254.81,1256.95,1262.52,1269.41,1275.46,1281.73,1288.14,1294.29,1299.73,1304.01,1308.18,1312.55,1317.26,1322.47,1328.86,1334.88,1340.13,1344.56,1348.77,1352.85,1356.91,1361.07,1365.54,1369.17,1371.56,1373.45,1376.20,1379.45,1383.73,1388.21,1392.29,1396.26,1400.08,1403.27,1405.78,1407.95,1409.75,1410.88,1411.52,1411.85,1412.13,1413.16,1414.60,1416.43,1419.15,1422.16,1425.43,1428.81,1432.01,1435.17,1438.32,1441.97,1446.43,1450.77,1454.19,1457.42,1461.02,1465.53,1469.28,1472.85,1477.00,1482.28,1486.89,1490.67,1493.93,1496.83,1499.59,1502.39,1505.43,1508.58,1511.50,1514.57,1518.05,1523.01,1529.51,1533.14,1536.11,1538.93,1541.75,1544.77,1548.11,1552.01,1556.24,1560.45,1564.57,1568.48,1572.06,1574.88,1576.03,1576.13,1575.95,1575.74,1575.66,1576.47,1577.99,1579.63,1580.97,1582.22,1583.12,1583.53,1583.47,1583.16,1582.59,1581.55,1580.04,1577.95,1575.01,1572.61,1570.95,1569.97,1569.28,1571.02,1574.44,1579.06,1584.63,1590.01,1594.97,1599.63,1604.05,1608.19,1611.97,1615.61,1619.10,1622.14,1624.82,1627.38,1629.71,1631.49,1633.08,1634.32,1635.14,1635.49,1635.57,1635.03,1634.30,1633.60,1633.14,1633.01,1633.20,1633.43,1633.45,1633.44,1633.37,1633.16,1632.83,1632.48,1631.99,1631.26,1630.44,1629.78,1629.47,1629.77,1630.55,1631.73,1633.05,1634.37,1635.68,1636.99,1638.25,1639.32,1640.13,1640.76,1641.19,1641.33,1641.07,1640.72,1640.39,1640.04,1639.49,1638.76,1637.90,1636.98,1635.99,1634.94,1633.94,1633.07,1632.17,1631.02,1629.39,1627.31,1624.86,1622.37,1619.96,1617.72,1616.08,1616.15,1616.96,1618.14,1619.41,1620.17,1620.65,1621.04,1621.36
1457.44,1457.81,1457.62,1456.97,1456.09,1455.00,1453.56,1451.11,1448.03,1444.24,1439.28,1434.83,1430.86,1427.52,1425.21,1424.08,1423.95,1424.51,1425.57,1426.72,1428.49,1430.47,1432.40,1434.08,1435.48,1436.66,1437.50,1437.81,1437.56,1437.07,1435.37,1432.65,1429.70,1423.35,1414.90,1407.48,1403.47,1399.36,1394.16,1387.93,1381.23,1375.91,1371.31,1366.78,1362.11,1357.12,1351.16,1345.16,1339.99,1335.96,1331.76,1326.41,1320.83,1315.47,1310.76,1307.32,1304.09,1299.37,1291.67,1283.17,1273.57,1265.63,1260.55,1257.44,1258.95,1263.38,1269.12,1274.85,1280.91,1286.99,1292.78,1297.99,1302.46,1306.48,1310.57,1314.93,1319.80,1326.25,1332.57,1338.08,1342.45,1346.45,1350.29,1353.88,1357.34,1361.11,1364.34,1367.04,1369.63,1372.71,1375.51,1379.05,1383.01,1387.11,1391.44,1395.33,1398.68,1401.42,1403.42,1405.02,1405.96,1406.41,1406.57,1406.87,1407.69,1409.22,1411.57,1414.58,1417.59,1420.79,1424.14,1427.50,1430.74,1433.88,1437.38,1441.62,1446.31,1450.77,1454.66,1458.15,1461.93,1465.45,1468.86,1472.96,1478.53,1483.69,1487.91,1491.46,1494.46,1497.00,1499.44,1502.20,1505.30,1508.70,1512.24,1515.85,1520.80,1527.57,1532.47,1536.03,1539.16,1542.24,1545.41,1548.77,1552.84,1557.31,1561.67,1565.91,1570.77,1575.38,1578.87,1580.62,1581.64,1582.38,1582.97,1583.32,1583.71,1584.23,1584.93,1585.87,1586.95,1587.94,1588.43,1588.29,1587.63,1586.89,1585.92,1584.72,1583.10,1580.25,1577.63,1575.74,1574.73,1574.32,1575.95,1578.96,1583.09,1588.38,1593.19,1597.82,1602.35,1606.72,1610.76,1614.47,1618.11,1621.67,1624.95,1627.85,1630.61,1633.20,1635.44,1637.12,1638.04,1638.49,1638.62,1638.52,1638.13,1637.58,1636.91,1636.19,1635.89,1635.93,1636.06,1636.11,1636.15,1636.00,1635.74,1635.43,1635.12,1634.68,1634.04,1633.31,1632.68,1632.19,1632.24,1632.71,1633.53,1634.72,1636.02,1637.33,1638.65,1639.96,1640.90,1641.66,1642.29,1642.72,1642.81,1642.46,1642.02,1641.63,1641.27,1640.77,1640.08,1639.22,1638.20,1637.15,1636.05,1634.89,1633.69,1632.48,1631.12,1629.22,1626.76,1624.07,1621.26,1618.56,1616.05,1614.18,1614.37,1615.38,1616.73,1618.23,1619.51,1620.25,1620.66,1620.89
1462.32,1462.77,1462.53,1461.83,1460.84,1459.55,1457.84,1455.58,1452.97,1449.70,1444.90,1440.21,1436.33,1433.16,1430.68,1429.27,1429.14,1429.74,1430.74,1431.90,1433.83,1435.94,1437.92,1439.52,1440.72,1441.42,1441.71,1441.47,1440.37,1438.71,1436.16,1433.00,1429.58,1422.42,1414.33,1407.57,1403.46,1399.18,1393.71,1387.66,1381.51,1375.90,1370.74,1366.08,1361.56,1356.57,1351.07,1345.05,1339.70,1335.52,1330.96,1325.32,1319.99,1315.32,1311.00,1307.85,1304.91,1300.82,1294.15,1285.56,1277.11,1270.20,1265.17,1261.05,1260.88,1263.51,1267.79,1273.00,1278.82,1284.56,1290.00,1295.01,1299.84,1304.04,1308.09,1312.25,1316.84,1323.21,1329.66,1335.30,1339.60,1343.35,1346.88,1350.04,1352.84,1355.79,1358.55,1361.46,1364.63,1367.98,1370.84,1373.98,1377.48,1381.38,1385.74,1389.53,1393.04,1396.11,1398.11,1399.61,1400.39,1400.64,1400.67,1401.04,1401.77,1403.43,1406.25,1409.57,1412.89,1416.21,1419.55,1422.98,1426.34,1429.65,1433.11,1437.05,1441.85,1447.22,1451.91,1455.60,1458.83,1462.14,1465.48,1469.46,1474.86,1480.34,1484.98,1488.89,1492.04,1494.47,1496.70,1499.15,1502.02,1505.54,1509.40,1513.28,1518.12,1524.62,1530.96,1535.12,1538.59,1542.03,1545.39,1548.98,1553.41,1558.22,1562.76,1567.13,1572.70,1578.05,1582.04,1584.44,1586.25,1587.74,1588.95,1589.69,1590.02,1590.11,1590.34,1591.07,1592.12,1593.19,1593.80,1593.70,1592.78,1591.70,1590.45,1589.17,1587.84,1585.20,1582.50,1580.39,1579.25,1579.11,1580.70,1583.40,1587.06,1591.82,1596.16,1600.58,1605.05,1609.38,1613.24,1616.92,1620.57,1624.19,1627.63,1630.65,1633.50,1636.18,1638.51,1640.11,1640.78,1641.00,1641.00,1640.79,1640.61,1640.30,1639.77,1638.93,1638.50,1638.43,1638.50,1638.57,1638.63,1638.42,1638.13,1637.85,1637.55,1637.15,1636.55,1635.88,1635.32,1634.78,1634.67,1634.87,1635.38,1636.46,1637.72,1639.05,1640.41,1641.73,1642.48,1643.14,1643.76,1644.19,1644.21,1643.79,1643.27,1642.81,1642.40,1641.93,1641.27,1640.37,1639.19,1637.99,1636.72,1635.34,1633.83,1632.43,1630.98,1628.91,1626.21,1623.29,1620.10,1616.91,1614.06,1612.20,1612.61,1613.82,1615.31,1616.92,1618.49,1619.53,1620.13,1620.46
1469.06,1469.18,1468.98,1468.47,1467.38,1465.44,1462.71,1459.62,1456.53,1453.28,1449.27,1444.83,1440.91,1437.74,1435.57,1434.49,1434.84,1435.92,1437.33,1438.72,1440.19,1441.66,1442.97,1444.01,1445.10,1445.71,1445.79,1445.06,1443.03,1440.33,1437.18,1433.68,1429.39,1420.88,1413.41,1407.84,1403.74,1399.34,1393.33,1387.31,1381.82,1376.10,1370.59,1365.68,1361.10,1356.32,1351.38,1345.36,1339.61,1335.05,1330.75,1326.15,1321.75,1317.63,1313.57,1309.95,1306.87,1303.51,1298.64,1291.40,1284.64,1278.59,1272.89,1266.83,1263.50,1263.26,1265.55,1269.91,1275.31,1280.69,1285.74,1290.50,1295.67,1300.69,1305.22,1309.37,1313.90,1320.19,1326.46,1331.94,1336.18,1339.58,1342.65,1345.42,1347.82,1349.97,1352.36,1355.01,1357.91,1361.22,1365.09,1368.79,1372.25,1375.59,1379.08,1382.45,1385.91,1389.25,1391.74,1393.58,1394.32,1394.38,1394.34,1394.78,1395.72,1397.39,1399.99,1403.44,1407.74,1411.73,1415.22,1418.52,1421.95,1425.55,1429.30,1433.33,1437.98,1443.57,1448.87,1453.30,1456.63,1460.00,1463.53,1467.38,1471.83,1476.97,1481.77,1485.96,1489.39,1492.06,1494.37,1496.66,1499.09,1501.93,1505.84,1510.11,1514.83,1520.66,1528.59,1533.18,1536.89,1540.72,1544.20,1548.43,1553.59,1558.99,1563.77,1568.47,1574.00,1579.33,1583.70,1586.94,1589.09,1590.72,1591.95,1592.60,1593.61,1594.60,1595.59,1596.69,1598.04,1599.09,1599.86,1600.14,1599.35,1597.64,1595.54,1593.63,1592.27,1590.09,1587.72,1585.55,1583.97,1583.63,1584.87,1587.31,1590.65,1594.63,1598.84,1603.32,1607.79,1611.92,1615.59,1619.26,1622.99,1626.67,1630.06,1633.09,1635.93,1638.44,1640.21,1641.36,1641.94,1642.16,1642.13,1641.92,1641.89,1641.88,1641.72,1641.17,1640.72,1640.62,1640.67,1640.68,1640.69,1640.51,1640.30,1640.10,1639.86,1639.59,1639.13,1638.55,1637.95,1637.40,1637.13,1637.06,1637.32,1638.29,1639.49,1640.87,1642.34,1643.58,1644.17,1644.73,1645.29,1645.62,1645.55,1645.06,1644.50,1643.99,1643.53,1643.01,1642.27,1641.22,1639.74,1638.17,1636.49,1634.76,1633.14,1631.94,1630.54,1628.33,1625.38,1622.33,1618.67,1614.72,1611.44,1610.13,1610.90,1612.34,1613.93,1615.50,1616.83,1618.11,1619.29,1620.14
1474.13,1474.10,1473.81,1473.21,1472.06,1470.07,1467.11,1463.63,1460.19,1456.82,1453.16,1449.14,1445.89,1443.47,1441.85,1441.01,1441.33,1442.30,1443.58,1444.61,1445.56,1446.51,1447.39,1448.09,1448.88,1449.42,1449.21,1447.80,1445.11,1441.77,1438.10,1434.16,1429.35,1420.55,1413.49,1408.44,1404.40,1400.20,1393.94,1387.77,1382.38,1376.70,1371.12,1366.01,1361.27,1356.71,1352.31,1346.72,1341.07,1336.34,1332.39,1328.49,1324.67,1320.95,1317.30,1313.55,1309.99,1306.41,1302.25,1296.54,1290.88,1285.38,1279.81,1273.66,1268.02,1265.16,1265.04,1267.20,1271.65,1276.97,1282.17,1286.91,1291.67,1296.95,1301.80,1306.15,1310.87,1317.24,1323.38,1328.64,1332.67,1335.82,1338.63,1341.20,1343.50,1345.46,1347.63,1350.01,1352.64,1355.77,1359.73,1363.59,1367.20,1370.63,1373.94,1376.91,1379.89,1382.74,1384.77,1386.34,1387.45,1388.12,1388.41,1389.31,1390.64,1392.46,1394.90,1398.13,1401.96,1406.09,1410.36,1414.64,1418.34,1422.19,1426.24,1430.46,1435.04,1440.47,1445.99,1450.94,1454.50,1457.93,1461.53,1465.47,1469.88,1474.60,1478.98,1482.91,1486.35,1489.33,1491.96,1494.31,1496.53,1499.05,1502.64,1507.18,1512.23,1517.91,1525.45,1530.75,1535.07,1539.14,1543.18,1547.84,1553.61,1559.79,1565.38,1570.08,1574.78,1579.38,1583.76,1588.02,1590.56,1592.36,1593.83,1595.05,1596.49,1597.93,1599.26,1600.54,1602.01,1603.07,1603.92,1604.43,1604.00,1602.75,1600.66,1598.45,1596.94,1595.60,1594.18,1592.47,1590.51,1588.99,1589.07,1590.78,1593.73,1597.35,1601.60,1606.06,1610.36,1614.22,1617.79,1621.37,1624.99,1628.57,1631.85,1634.85,1637.58,1639.83,1641.23,1642.28,1642.99,1643.35,1643.38,1643.36,1643.47,1643.57,1643.54,1643.14,1642.63,1642.44,1642.46,1642.48,1642.45,1642.32,1642.20,1642.07,1641.82,1641.67,1641.36,1640.89,1640.34,1639.83,1639.61,1639.53,1639.62,1640.40,1641.61,1642.94,1644.28,1645.38,1645.89,1646.36,1646.82,1647.05,1646.85,1646.32,1645.72,1645.12,1644.41,1643.50,1642.45,1641.20,1639.63,1637.92,1636.08,1634.21,1632.49,1631.23,1629.56,1627.21,1624.32,1621.25,1617.13,1612.43,1608.50,1607.06,1608.41,1610.39,1612.18,1613.56,1614.72,1615.98,1617.22,1618.20
1478.57,1478.40,1477.95,1477.13,1475.89,1474.03,1471.13,1467.52,1463.88,1460.38,1456.92,1453.46,1451.16,1449.70,1448.68,1448.02,1448.07,1448.67,1449.53,1450.00,1450.47,1451.03,1451.60,1452.05,1452.45,1452.75,1452.12,1449.94,1446.80,1443.01,1438.88,1434.51,1429.39,1420.83,1414.15,1409.37,1405.37,1401.47,1395.31,1388.99,1383.33,1377.67,1372.20,1367.00,1362.14,1357.78,1353.80,1348.85,1343.59,1338.82,1335.10,1331.65,1328.22,1324.83,1321.59,1317.93,1314.00,1309.98,1305.93,1301.43,1296.47,1291.34,1286.10,1280.46,1273.36,1268.24,1265.60,1265.29,1268.29,1273.26,1278.64,1283.53,1287.84,1293.01,1298.00,1302.59,1307.53,1314.01,1320.14,1325.28,1329.11,1332.10,1334.76,1337.26,1339.56,1341.58,1343.59,1345.72,1348.10,1350.96,1354.55,1358.30,1362.10,1365.89,1369.36,1372.05,1374.49,1376.68,1378.05,1379.22,1380.75,1382.16,1382.94,1384.35,1386.12,1388.14,1390.49,1393.38,1396.34,1400.36,1405.42,1410.91,1415.13,1419.38,1423.72,1428.08,1432.58,1437.75,1443.26,1448.50,1452.36,1455.84,1459.43,1463.45,1468.08,1472.47,1476.31,1479.80,1483.08,1486.27,1489.29,1491.84,1494.08,1496.50,1499.73,1504.48,1509.99,1515.75,1522.20,1528.16,1533.19,1537.54,1542.26,1547.24,1553.61,1560.71,1567.14,1571.55,1575.20,1578.84,1582.96,1588.03,1590.99,1593.00,1594.78,1596.69,1598.43,1600.20,1601.91,1603.48,1605.09,1606.15,1607.00,1607.64,1607.63,1607.16,1605.57,1603.43,1601.88,1601.36,1600.84,1599.63,1597.46,1594.76,1593.53,1594.30,1596.75,1600.20,1604.54,1608.82,1612.80,1616.41,1619.82,1623.25,1626.72,1630.13,1633.28,1636.28,1638.83,1640.79,1641.96,1643.04,1643.97,1644.54,1644.72,1644.95,1645.18,1645.33,1645.32,1644.98,1644.41,1644.13,1644.10,1644.14,1644.08,1644.02,1643.99,1643.93,1643.67,1643.61,1643.44,1643.09,1642.63,1642.22,1642.16,1642.16,1642.19,1642.79,1643.94,1645.15,1646.24,1647.16,1647.63,1647.99,1648.31,1648.42,1648.09,1647.48,1646.76,1645.94,1644.87,1643.53,1642.13,1640.67,1639.00,1637.24,1635.38,1633.47,1631.64,1630.12,1628.05,1625.58,1622.89,1619.92,1615.52,1610.24,1605.61,1603.68,1605.43,1607.91,1609.91,1611.20,1612.35,1613.52,1614.62,1615.53
1483.14,1482.71,1482.06,1480.95,1479.41,1477.34,1474.35,1471.00,1467.53,1464.09,1460.90,1458.41,1457.00,1456.14,1455.40,1454.77,1454.54,1454.61,1454.84,1454.90,1455.16,1455.52,1455.91,1456.21,1456.10,1455.52,1453.92,1451.03,1447.79,1443.79,1439.34,1434.63,1429.48,1421.59,1415.52,1411.04,1407.06,1403.27,1398.13,1392.05,1385.51,1379.42,1374.40,1369.62,1364.92,1360.49,1356.54,1352.35,1347.85,1343.22,1339.05,1335.64,1332.44,1329.27,1326.20,1323.09,1319.80,1316.03,1311.46,1306.54,1301.64,1296.54,1291.09,1285.28,1278.83,1272.49,1267.58,1266.17,1266.41,1269.35,1274.01,1279.51,1284.38,1289.01,1293.57,1298.20,1303.18,1309.45,1315.92,1321.57,1325.49,1328.48,1331.22,1333.74,1335.97,1337.99,1339.92,1341.92,1344.12,1346.67,1349.47,1352.62,1356.34,1360.67,1364.56,1367.37,1369.79,1371.95,1373.50,1374.79,1376.13,1377.46,1378.72,1380.22,1382.19,1384.45,1386.93,1389.65,1392.57,1396.29,1401.01,1406.76,1412.27,1417.53,1422.25,1426.31,1430.51,1435.65,1440.90,1445.79,1450.05,1453.65,1457.01,1460.64,1465.00,1469.64,1473.36,1476.58,1479.58,1482.37,1485.60,1488.67,1491.44,1494.14,1497.50,1502.32,1507.99,1513.95,1519.78,1525.72,1531.25,1536.31,1541.40,1546.61,1553.92,1562.04,1568.42,1571.99,1574.95,1577.93,1581.34,1585.97,1589.41,1591.85,1593.78,1595.72,1597.60,1600.11,1602.97,1605.74,1607.82,1608.85,1609.52,1610.07,1610.26,1610.12,1609.43,1608.44,1607.59,1607.13,1606.18,1604.78,1602.96,1600.78,1598.98,1598.76,1600.38,1603.84,1608.09,1611.67,1615.00,1618.51,1621.48,1624.61,1627.92,1631.27,1634.34,1637.39,1639.78,1641.50,1642.65,1643.74,1644.81,1645.68,1646.25,1646.65,1646.96,1647.13,1647.13,1646.84,1646.23,1645.88,1645.77,1645.76,1645.65,1645.72,1645.82,1645.82,1645.64,1645.60,1645.51,1645.27,1644.86,1644.77,1644.92,1645.09,1645.23,1645.77,1646.57,1647.44,1648.29,1648.94,1649.29,1649.53,1649.69,1649.63,1649.19,1648.28,1647.02,1645.51,1644.03,1642.60,1641.17,1639.49,1637.26,1635.42,1633.64,1631.85,1629.94,1627.65,1625.18,1622.74,1620.33,1617.70,1613.84,1608.60,1603.52,1600.79,1601.79,1604.01,1606.14,1607.87,1609.63,1610.91,1611.84,1612.51
1487.61,1486.96,1486.18,1484.89,1483.15,1480.86,1477.70,1474.44,1471.09,1467.73,1464.73,1462.86,1461.98,1461.57,1461.26,1460.96,1460.65,1460.46,1460.39,1460.28,1460.32,1460.44,1460.55,1460.51,1459.88,1458.27,1455.75,1452.36,1448.65,1444.32,1439.62,1434.76,1429.70,1422.89,1417.37,1412.99,1409.09,1405.40,1401.12,1395.70,1389.22,1382.95,1377.56,1372.82,1368.43,1364.18,1360.39,1356.74,1352.81,1348.38,1343.91,1340.33,1337.03,1333.80,1330.68,1327.94,1325.18,1321.80,1317.23,1312.21,1307.26,1302.04,1296.28,1289.85,1283.46,1276.60,1270.53,1267.81,1266.52,1267.49,1270.44,1275.07,1280.02,1284.44,1288.89,1293.58,1298.52,1304.22,1310.85,1317.06,1321.38,1324.69,1327.49,1330.01,1332.32,1334.48,1336.47,1338.45,1340.54,1342.85,1345.21,1347.88,1351.20,1355.31,1359.40,1362.61,1365.19,1367.34,1369.13,1370.57,1371.98,1373.49,1375.14,1376.87,1378.96,1381.33,1383.96,1386.83,1390.05,1394.01,1398.86,1404.68,1410.55,1415.71,1420.27,1424.38,1428.50,1433.72,1439.01,1443.85,1448.00,1451.36,1454.52,1457.88,1461.82,1466.23,1470.00,1473.32,1476.31,1479.10,1482.53,1485.87,1488.94,1491.99,1495.72,1500.71,1506.52,1512.62,1518.18,1524.23,1530.12,1535.62,1540.93,1546.23,1554.29,1563.16,1569.26,1572.24,1574.77,1577.27,1579.90,1583.39,1586.78,1589.52,1591.74,1593.89,1596.04,1598.91,1602.34,1605.96,1609.07,1610.40,1611.20,1611.91,1612.30,1612.37,1612.21,1611.91,1611.54,1611.30,1610.39,1609.10,1607.64,1606.03,1604.29,1603.70,1604.67,1607.36,1610.91,1614.06,1617.10,1620.37,1623.07,1625.94,1629.07,1632.32,1635.32,1638.31,1640.53,1642.09,1643.33,1644.50,1645.65,1646.70,1647.53,1648.06,1648.49,1648.77,1648.85,1648.58,1648.00,1647.59,1647.40,1647.37,1647.29,1647.45,1647.62,1647.68,1647.61,1647.59,1647.58,1647.47,1647.23,1647.33,1647.54,1647.74,1647.95,1648.40,1648.89,1649.44,1649.99,1650.33,1650.56,1650.69,1650.69,1650.47,1649.88,1648.54,1646.75,1644.75,1642.99,1641.47,1639.72,1637.56,1635.04,1633.22,1631.25,1629.10,1626.81,1624.38,1622.13,1620.08,1618.13,1616.02,1612.79,1607.89,1602.67,1599.10,1598.75,1600.29,1602.33,1604.36,1606.35,1607.76,1608.62,1609.11
1491.98,1491.16,1490.31,1488.96,1487.14,1484.72,1481.37,1478.03,1474.68,1471.37,1468.45,1466.82,1466.12,1466.01,1466.29,1466.56,1466.42,1466.27,1466.24,1466.14,1465.96,1465.76,1465.48,1464.91,1463.75,1461.08,1457.69,1453.95,1449.45,1444.64,1439.76,1434.91,1430.04,1424.63,1419.60,1415.17,1411.41,1407.81,1404.10,1399.68,1394.30,1388.19,1381.74,1376.58,1372.50,1368.69,1365.21,1361.88,1358.26,1354.08,1349.62,1345.66,1341.96,1338.39,1335.03,1332.38,1329.90,1326.97,1322.99,1318.36,1313.32,1307.89,1301.78,1294.46,1287.43,1280.74,1274.73,1270.50,1268.82,1267.97,1268.29,1270.62,1274.92,1279.39,1284.03,1288.85,1293.68,1298.59,1305.12,1311.83,1316.76,1320.69,1323.48,1325.99,1328.54,1330.98,1333.22,1335.30,1337.33,1339.48,1341.76,1344.17,1346.83,1350.03,1354.05,1357.81,1360.68,1362.77,1364.78,1366.36,1368.14,1370.13,1372.14,1374.24,1376.43,1378.83,1381.61,1384.93,1388.70,1393.41,1398.92,1404.72,1409.98,1413.97,1417.81,1422.27,1426.53,1431.82,1437.47,1442.66,1446.18,1448.98,1451.98,1455.24,1458.68,1462.37,1466.29,1470.02,1473.40,1476.68,1480.29,1483.63,1486.74,1490.14,1494.46,1499.74,1505.65,1511.81,1517.39,1523.74,1529.90,1535.54,1540.92,1546.19,1554.69,1563.97,1569.70,1572.36,1574.67,1576.81,1578.66,1580.56,1583.30,1586.11,1588.76,1591.34,1593.95,1596.81,1600.12,1604.11,1608.63,1610.68,1611.94,1613.08,1613.70,1613.98,1613.99,1613.84,1613.66,1613.83,1613.55,1612.77,1611.60,1610.44,1609.28,1608.92,1609.43,1610.59,1612.92,1615.93,1619.06,1621.94,1624.60,1627.26,1630.18,1633.31,1636.25,1639.07,1641.10,1642.58,1644.00,1645.31,1646.52,1647.61,1648.53,1649.16,1649.75,1650.22,1650.43,1650.18,1649.68,1649.25,1648.99,1648.94,1648.99,1649.18,1649.37,1649.48,1649.54,1649.55,1649.57,1649.61,1649.64,1649.77,1649.89,1650.02,1650.19,1650.52,1650.81,1651.10,1651.32,1651.33,1651.44,1651.44,1651.28,1650.89,1650.10,1648.23,1646.00,1643.80,1641.89,1640.18,1637.78,1634.92,1632.40,1630.63,1628.20,1625.31,1622.46,1620.59,1619.10,1617.73,1616.38,1614.91,1612.33,1608.04,1603.02,1598.66,1596.56,1596.98,1598.60,1600.68,1602.43,1603.97,1604.88,1605.26
1496.41,1495.56,1494.45,1492.90,1491.06,1488.91,1486.28,1483.10,1479.46,1475.81,1473.14,1471.53,1470.90,1470.90,1471.33,1471.76,1471.92,1471.96,1471.92,1471.70,1471.23,1470.69,1470.07,1469.10,1467.32,1464.04,1459.77,1454.93,1450.08,1445.12,1440.17,1435.26,1430.37,1425.68,1421.35,1417.40,1413.80,1410.28,1406.78,1402.99,1398.65,1393.46,1387.70,1381.83,1376.61,1373.09,1369.93,1366.85,1363.53,1359.76,1355.78,1351.58,1347.46,1343.49,1339.77,1336.54,1333.88,1331.22,1327.89,1323.84,1318.89,1313.29,1307.01,1299.97,1293.42,1287.95,1283.34,1279.10,1274.64,1270.83,1268.82,1269.46,1271.59,1275.13,1279.46,1284.27,1289.32,1294.41,1300.59,1306.87,1311.91,1316.30,1319.28,1321.81,1324.41,1327.22,1330.13,1332.47,1334.40,1336.50,1338.67,1340.86,1343.32,1346.36,1349.95,1353.78,1356.69,1358.69,1360.83,1362.75,1364.76,1367.00,1369.45,1371.99,1374.57,1377.31,1380.38,1384.04,1388.37,1393.37,1398.90,1404.76,1409.95,1413.65,1416.86,1420.41,1424.38,1429.03,1434.72,1440.57,1444.10,1446.86,1449.69,1452.70,1455.78,1458.96,1462.69,1467.06,1471.76,1475.46,1479.19,1482.70,1486.06,1489.72,1494.60,1500.06,1505.81,1511.70,1517.37,1524.06,1530.54,1536.31,1541.67,1546.80,1555.09,1564.22,1569.97,1572.28,1573.91,1575.43,1576.83,1578.11,1579.87,1582.09,1584.70,1587.75,1591.13,1594.24,1597.38,1601.10,1605.73,1609.16,1611.33,1612.56,1613.69,1614.73,1615.50,1615.95,1616.00,1616.28,1616.37,1615.97,1615.05,1614.17,1613.38,1612.95,1612.85,1613.03,1614.63,1617.44,1620.54,1623.21,1625.85,1628.44,1631.24,1634.26,1637.16,1639.69,1641.55,1643.02,1644.48,1645.93,1647.27,1648.46,1649.43,1650.12,1650.78,1651.32,1651.61,1651.43,1650.99,1650.62,1650.41,1650.41,1650.55,1650.73,1650.89,1650.98,1651.02,1651.06,1651.03,1650.95,1650.96,1651.05,1651.17,1651.29,1651.44,1651.74,1652.01,1652.31,1652.52,1652.41,1652.26,1651.89,1651.36,1650.69,1649.52,1647.41,1645.09,1642.89,1640.80,1638.43,1635.35,1632.02,1629.35,1626.94,1624.28,1621.68,1619.56,1618.17,1616.78,1615.46,1614.29,1613.21,1611.34,1607.88,1603.51,1599.22,1596.29,1594.66,1594.74,1596.27,1597.33,1599.25,1600.35,1600.66
1500.77,1499.90,1498.53,1496.66,1494.69,1492.81,1490.84,1488.02,1484.54,1480.99,1478.52,1476.85,1476.19,1476.21,1476.63,1477.09,1477.45,1477.59,1477.48,1477.14,1476.39,1475.41,1474.30,1472.91,1470.60,1466.91,1462.03,1456.24,1450.86,1445.84,1440.96,1436.06,1431.00,1426.70,1423.01,1419.58,1416.19,1412.80,1409.47,1406.13,1402.56,1398.27,1393.46,1387.40,1381.45,1377.89,1374.67,1371.64,1368.47,1365.00,1361.45,1357.30,1353.00,1348.79,1344.79,1340.89,1337.77,1335.08,1332.21,1328.74,1324.19,1318.78,1312.68,1306.45,1300.43,1295.91,1292.42,1288.42,1282.10,1276.11,1272.07,1270.78,1270.60,1272.48,1275.86,1280.31,1285.44,1290.81,1296.69,1302.47,1307.41,1311.94,1315.14,1317.80,1320.44,1323.47,1326.85,1329.47,1331.51,1333.69,1335.78,1337.82,1340.16,1343.06,1346.21,1349.94,1352.90,1355.01,1357.24,1359.40,1361.59,1364.03,1366.95,1370.02,1373.07,1376.17,1379.52,1383.47,1388.21,1393.22,1398.46,1404.15,1409.66,1413.34,1416.03,1418.71,1422.30,1426.32,1431.55,1437.45,1441.70,1444.75,1447.70,1450.76,1453.77,1456.71,1460.29,1465.15,1470.92,1474.96,1478.81,1482.51,1486.16,1490.17,1495.62,1501.07,1506.50,1512.16,1518.09,1525.07,1531.74,1537.56,1542.71,1547.74,1555.40,1563.77,1569.28,1571.54,1572.68,1573.66,1574.67,1575.52,1576.38,1577.92,1580.32,1583.68,1587.67,1591.20,1594.45,1597.89,1602.20,1606.64,1609.78,1611.48,1613.05,1614.69,1616.21,1617.39,1617.99,1618.49,1618.85,1618.76,1618.12,1617.53,1616.95,1616.37,1615.76,1615.27,1616.11,1618.57,1621.64,1624.46,1627.13,1629.70,1632.42,1635.32,1638.19,1640.50,1642.23,1643.63,1645.05,1646.57,1648.00,1649.24,1650.23,1650.97,1651.69,1652.30,1652.68,1652.61,1652.23,1651.93,1651.79,1651.86,1652.06,1652.23,1652.34,1652.39,1652.41,1652.46,1652.32,1652.10,1652.04,1652.09,1652.20,1652.32,1652.44,1652.73,1653.04,1653.35,1653.50,1653.17,1652.72,1652.02,1651.19,1650.26,1648.70,1646.43,1644.08,1641.88,1639.64,1636.82,1633.39,1629.90,1627.07,1623.89,1620.99,1618.75,1617.32,1616.13,1614.67,1613.28,1612.14,1611.20,1609.78,1607.03,1603.38,1599.48,1596.08,1592.87,1591.48,1592.12,1592.38,1594.20,1595.30,1595.66
1504.93,1503.99,1502.45,1500.05,1497.66,1495.74,1493.80,1491.70,1489.64,1487.50,1484.99,1483.19,1482.42,1482.30,1482.51,1482.99,1483.18,1483.11,1482.85,1482.49,1481.50,1479.80,1477.82,1475.93,1473.30,1469.46,1464.62,1458.77,1452.11,1447.05,1442.54,1437.82,1432.39,1428.11,1424.69,1421.62,1418.51,1415.41,1412.41,1409.28,1405.82,1401.90,1397.63,1392.91,1388.08,1383.72,1379.53,1376.09,1372.76,1369.14,1365.64,1362.13,1358.34,1354.28,1350.22,1345.83,1341.90,1338.52,1335.61,1332.60,1329.15,1324.75,1319.52,1314.78,1308.80,1303.91,1300.07,1296.05,1291.48,1285.94,1280.47,1276.23,1274.35,1273.34,1274.44,1277.80,1282.47,1287.80,1293.63,1299.27,1303.93,1307.92,1311.29,1314.29,1317.09,1319.94,1323.00,1325.89,1328.56,1331.08,1333.18,1335.24,1337.38,1339.76,1342.60,1346.11,1349.34,1352.00,1354.24,1356.37,1358.66,1361.35,1364.71,1368.56,1372.07,1375.40,1378.88,1383.10,1387.86,1392.49,1396.99,1401.89,1408.36,1412.18,1414.61,1417.28,1420.51,1424.34,1428.07,1432.26,1438.65,1442.55,1446.33,1450.26,1453.80,1457.02,1460.77,1465.65,1471.34,1475.55,1479.55,1483.40,1487.32,1491.95,1497.98,1503.05,1507.89,1513.60,1520.21,1527.26,1533.84,1539.47,1544.03,1549.14,1555.53,1561.90,1566.34,1569.28,1570.65,1571.46,1572.09,1572.33,1572.72,1573.80,1575.80,1579.04,1583.04,1587.29,1591.32,1594.87,1598.52,1602.70,1606.74,1610.00,1611.72,1613.21,1615.05,1617.11,1618.96,1620.13,1620.69,1620.79,1620.53,1620.31,1619.74,1619.01,1618.21,1617.48,1617.23,1618.94,1622.08,1625.81,1628.66,1631.27,1633.91,1636.68,1639.51,1641.85,1643.49,1644.69,1645.88,1647.33,1648.74,1649.93,1650.81,1651.64,1652.46,1653.19,1653.70,1653.78,1653.51,1653.24,1653.15,1653.34,1653.51,1653.66,1653.75,1653.78,1653.83,1653.80,1653.54,1653.22,1653.16,1653.16,1653.23,1653.32,1653.43,1653.73,1654.03,1654.19,1653.99,1653.12,1652.33,1651.56,1650.71,1649.60,1647.72,1645.38,1642.96,1640.62,1638.32,1635.83,1632.92,1629.84,1626.91,1623.07,1619.84,1617.46,1615.87,1614.24,1612.63,1611.25,1610.07,1608.81,1607.13,1604.65,1601.68,1598.48,1594.91,1591.80,1589.83,1589.06,1588.50,1588.86,1589.45,1590.07
1509.32,1508.41,1506.97,1504.60,1501.62,1498.46,1496.24,1494.45,1492.99,1491.62,1489.95,1488.80,1488.38,1488.37,1488.58,1489.32,1489.46,1489.24,1488.81,1488.28,1487.08,1485.12,1482.55,1479.50,1476.05,1471.97,1467.13,1461.28,1454.47,1448.88,1444.35,1440.19,1435.34,1430.74,1427.08,1423.97,1421.00,1418.08,1415.19,1412.19,1408.98,1405.45,1401.59,1397.64,1393.67,1389.67,1385.90,1381.99,1377.80,1373.51,1370.05,1366.70,1363.06,1359.12,1355.11,1350.83,1346.51,1342.47,1339.01,1335.88,1332.83,1329.39,1325.54,1321.90,1317.19,1312.83,1308.68,1303.79,1298.78,1293.22,1287.59,1282.48,1278.54,1275.85,1275.14,1276.51,1279.64,1284.28,1290.35,1296.63,1301.68,1305.41,1308.79,1311.92,1314.79,1317.60,1320.28,1323.06,1325.88,1328.54,1330.87,1333.01,1335.10,1337.27,1339.83,1342.81,1345.87,1348.78,1351.30,1353.63,1356.21,1359.33,1363.26,1367.54,1371.34,1374.84,1378.30,1382.20,1386.61,1390.91,1395.03,1399.40,1405.39,1409.84,1413.07,1415.82,1418.89,1422.41,1425.66,1429.28,1435.39,1440.85,1446.10,1450.88,1454.62,1457.92,1461.92,1466.74,1472.08,1476.61,1480.75,1484.73,1489.21,1495.26,1500.85,1505.38,1510.13,1516.30,1523.50,1529.83,1535.55,1540.65,1544.87,1549.63,1554.77,1559.57,1563.13,1565.96,1567.31,1567.88,1568.02,1567.69,1567.75,1568.79,1570.97,1574.48,1578.46,1582.73,1587.06,1591.23,1595.05,1599.14,1603.24,1606.88,1609.30,1611.41,1613.62,1615.96,1618.28,1620.14,1621.19,1621.89,1622.39,1622.34,1621.88,1621.20,1620.41,1619.65,1619.38,1620.89,1623.94,1627.88,1630.67,1633.14,1635.61,1638.13,1640.70,1643.01,1644.74,1646.05,1647.19,1648.47,1649.67,1650.70,1651.56,1652.44,1653.30,1654.10,1654.75,1655.02,1654.83,1654.61,1654.56,1654.79,1654.98,1655.12,1655.16,1655.16,1655.21,1655.09,1654.74,1654.38,1654.31,1654.28,1654.30,1654.34,1654.43,1654.72,1654.87,1654.70,1654.11,1653.04,1652.05,1651.13,1650.09,1648.63,1646.67,1644.34,1641.99,1639.77,1637.57,1635.69,1633.66,1631.39,1628.76,1625.17,1621.73,1618.84,1616.63,1614.73,1612.81,1611.12,1609.53,1607.59,1605.32,1602.68,1600.08,1597.88,1595.65,1593.52,1591.55,1589.80,1588.29,1587.39,1586.44,1585.77
1513.94,1513.01,1511.71,1509.63,1506.20,1501.69,1498.89,1496.96,1495.58,1494.62,1494.06,1493.87,1494.02,1494.28,1494.63,1495.65,1495.82,1495.50,1494.92,1494.14,1492.71,1490.61,1487.67,1483.48,1479.04,1474.55,1469.59,1463.82,1457.45,1451.35,1446.63,1442.97,1439.01,1434.16,1430.04,1426.62,1423.61,1420.79,1417.90,1415.00,1412.06,1408.91,1405.41,1401.97,1398.65,1395.47,1392.71,1388.55,1383.53,1378.51,1374.84,1371.26,1367.56,1363.75,1359.82,1355.87,1351.40,1346.75,1342.48,1338.96,1335.92,1333.24,1330.79,1328.06,1325.01,1321.59,1317.35,1311.45,1305.05,1299.02,1293.55,1288.47,1282.68,1278.91,1276.82,1276.25,1277.48,1280.96,1287.12,1294.16,1299.94,1303.70,1307.06,1310.21,1313.13,1315.91,1318.24,1320.74,1323.46,1326.14,1328.75,1331.01,1333.12,1335.27,1337.59,1340.02,1342.73,1345.69,1348.55,1351.13,1354.18,1357.90,1362.33,1366.81,1370.73,1374.28,1377.60,1380.92,1384.81,1388.80,1392.75,1396.83,1401.78,1407.00,1411.42,1414.44,1417.51,1420.76,1424.04,1427.64,1432.68,1439.84,1446.57,1452.00,1455.78,1459.16,1463.42,1468.17,1473.14,1478.04,1482.33,1486.62,1491.86,1499.22,1504.07,1508.14,1513.07,1519.81,1527.12,1532.32,1536.86,1541.27,1545.20,1549.40,1553.42,1556.99,1559.84,1562.13,1563.24,1563.51,1563.11,1562.31,1562.19,1563.44,1566.10,1570.05,1574.08,1578.08,1582.38,1587.13,1591.46,1595.63,1599.55,1603.15,1606.41,1609.33,1611.90,1614.29,1616.74,1619.24,1620.89,1622.31,1623.62,1623.82,1623.66,1623.18,1622.50,1621.90,1622.15,1623.75,1626.55,1630.14,1632.74,1635.03,1637.29,1639.57,1641.88,1644.11,1646.03,1647.55,1648.69,1649.79,1650.73,1651.60,1652.46,1653.36,1654.22,1655.06,1655.82,1656.27,1656.17,1655.99,1655.98,1656.23,1656.45,1656.56,1656.57,1656.53,1656.55,1656.31,1655.91,1655.56,1655.49,1655.42,1655.39,1655.39,1655.43,1655.63,1655.54,1654.98,1654.05,1652.97,1651.83,1650.78,1649.51,1647.70,1645.84,1643.67,1641.50,1639.46,1637.48,1636.26,1635.15,1633.71,1631.51,1628.53,1625.00,1621.51,1618.57,1616.39,1614.15,1612.07,1610.01,1607.35,1604.42,1601.53,1599.22,1598.05,1597.54,1596.62,1595.01,1592.75,1590.43,1588.41,1585.61,1583.03
1519.09,1517.76,1516.23,1514.33,1511.53,1507.62,1503.59,1500.35,1498.43,1497.67,1497.52,1498.01,1498.79,1499.54,1500.18,1501.19,1501.44,1501.12,1500.36,1499.30,1497.52,1495.06,1492.03,1488.22,1482.97,1477.53,1472.04,1466.47,1460.94,1455.38,1450.50,1446.37,1442.68,1438.56,1434.12,1429.88,1426.40,1423.53,1420.68,1417.81,1414.97,1412.19,1409.14,1406.06,1403.08,1400.39,1398.26,1394.97,1390.76,1385.97,1380.96,1376.40,1372.37,1368.67,1364.88,1361.05,1356.51,1351.41,1346.24,1342.36,1339.09,1336.42,1334.31,1332.30,1330.21,1327.71,1324.21,1318.57,1311.09,1303.49,1296.88,1291.53,1285.62,1280.92,1278.50,1278.01,1278.08,1279.67,1284.60,1291.40,1297.94,1302.44,1305.99,1309.16,1312.07,1314.66,1316.91,1319.19,1321.63,1324.28,1326.91,1329.24,1331.47,1333.76,1336.03,1338.36,1340.93,1343.74,1346.55,1349.14,1353.07,1357.75,1362.20,1366.47,1370.11,1373.34,1376.27,1379.02,1382.34,1386.07,1390.09,1394.34,1398.78,1404.32,1409.59,1413.48,1416.86,1420.25,1423.70,1427.56,1432.89,1440.90,1447.86,1453.10,1456.87,1460.67,1465.05,1469.89,1475.06,1480.17,1484.69,1490.07,1496.43,1502.96,1507.82,1512.18,1517.54,1524.41,1529.78,1533.62,1537.15,1540.77,1544.30,1547.85,1551.26,1554.33,1556.69,1558.16,1558.72,1558.43,1557.45,1556.62,1556.77,1558.52,1561.75,1566.03,1570.50,1574.44,1578.19,1582.22,1586.87,1591.57,1596.01,1600.05,1603.61,1606.66,1609.44,1612.13,1614.84,1617.54,1619.76,1621.57,1623.07,1624.33,1625.15,1625.19,1624.71,1624.56,1625.61,1627.46,1629.59,1631.74,1634.04,1636.26,1638.49,1640.83,1643.30,1645.45,1647.40,1649.04,1650.13,1651.13,1652.04,1652.91,1653.71,1654.53,1655.38,1656.22,1656.99,1657.42,1657.44,1657.28,1657.30,1657.70,1657.90,1657.96,1657.97,1657.92,1657.78,1657.46,1657.04,1656.69,1656.62,1656.58,1656.54,1656.49,1656.42,1656.25,1655.73,1654.95,1653.98,1652.90,1651.75,1650.70,1649.40,1647.61,1646.16,1644.59,1642.79,1640.84,1639.17,1638.28,1637.39,1636.14,1634.19,1631.44,1628.05,1624.50,1621.20,1618.47,1616.08,1613.96,1611.83,1609.05,1605.90,1603.22,1601.43,1600.86,1600.59,1600.14,1599.26,1597.75,1595.53,1592.52,1588.73,1584.67
1525.00,1523.53,1521.87,1519.75,1517.01,1513.43,1509.14,1505.49,1503.33,1502.49,1502.32,1502.96,1503.96,1504.90,1505.52,1506.22,1506.31,1505.82,1504.78,1503.32,1501.30,1498.53,1495.31,1491.77,1486.67,1481.17,1475.55,1469.91,1464.52,1459.64,1454.98,1450.56,1446.66,1442.81,1438.34,1433.73,1429.68,1426.36,1423.42,1420.69,1418.17,1415.92,1413.39,1410.62,1407.72,1404.93,1402.93,1400.34,1397.14,1393.27,1388.22,1382.85,1377.80,1373.35,1369.60,1365.83,1361.36,1356.19,1350.64,1346.17,1342.65,1339.88,1337.77,1336.10,1334.47,1332.44,1329.50,1324.57,1317.00,1307.88,1299.69,1293.72,1287.94,1284.27,1282.65,1282.08,1280.52,1280.09,1283.40,1289.33,1296.01,1301.26,1305.16,1308.49,1311.46,1313.82,1316.00,1318.13,1320.36,1322.90,1325.47,1327.84,1330.17,1332.59,1334.88,1337.23,1339.73,1342.38,1345.10,1347.64,1351.49,1356.39,1361.55,1365.63,1369.06,1372.07,1374.68,1377.13,1380.14,1383.96,1388.41,1393.11,1397.59,1403.28,1408.92,1413.31,1416.97,1420.64,1424.31,1428.54,1434.83,1443.00,1449.49,1454.17,1457.91,1462.00,1466.48,1471.44,1476.85,1482.21,1487.49,1493.87,1500.81,1506.51,1511.13,1515.66,1521.24,1527.87,1531.64,1534.28,1536.77,1539.47,1542.44,1545.45,1548.42,1551.18,1553.29,1554.08,1553.99,1553.13,1551.76,1551.13,1551.87,1554.28,1558.04,1562.51,1566.98,1570.88,1574.40,1577.92,1582.29,1587.18,1592.10,1596.70,1600.59,1603.91,1606.96,1609.93,1612.86,1615.66,1618.19,1620.32,1622.06,1623.96,1625.45,1626.35,1626.77,1627.11,1628.53,1630.35,1631.98,1633.27,1635.23,1637.38,1639.67,1642.13,1644.71,1646.90,1648.80,1650.36,1651.47,1652.44,1653.37,1654.25,1655.03,1655.79,1656.58,1657.40,1658.13,1658.55,1658.75,1658.76,1658.89,1659.35,1659.52,1659.54,1659.50,1659.37,1659.05,1658.64,1658.18,1657.82,1657.76,1657.69,1657.57,1657.40,1657.13,1656.61,1655.80,1654.89,1653.93,1652.85,1651.80,1650.84,1649.71,1648.25,1647.18,1646.25,1644.95,1643.34,1642.38,1641.72,1640.76,1639.32,1637.25,1634.32,1630.91,1627.37,1623.91,1620.79,1618.07,1615.64,1613.25,1610.39,1607.38,1605.28,1604.14,1603.82,1603.56,1603.28,1602.75,1601.72,1599.75,1596.78,1592.70,1587.76
1531.57,1530.30,1528.66,1525.96,1522.57,1518.85,1515.39,1512.45,1510.38,1509.16,1508.63,1508.86,1509.63,1510.37,1510.62,1510.74,1510.40,1509.56,1508.16,1506.19,1504.03,1501.03,1497.48,1493.91,1489.95,1485.43,1480.23,1474.29,1468.32,1463.97,1459.89,1455.54,1451.04,1446.84,1442.60,1438.17,1433.58,1429.38,1426.19,1423.68,1421.72,1420.13,1418.17,1415.72,1412.75,1409.31,1406.89,1404.55,1402.26,1399.87,1396.36,1390.59,1384.04,1377.99,1374.02,1370.15,1365.88,1361.07,1355.71,1350.48,1346.71,1343.77,1341.41,1339.67,1338.02,1335.94,1333.22,1329.22,1322.58,1312.25,1302.25,1295.28,1289.77,1289.20,1289.52,1288.44,1284.70,1282.26,1283.68,1288.10,1294.20,1300.12,1304.55,1308.21,1311.30,1313.43,1315.52,1317.58,1319.69,1322.07,1324.55,1326.92,1329.32,1331.80,1334.18,1336.61,1339.07,1341.60,1344.21,1346.64,1349.36,1353.59,1360.15,1364.14,1367.52,1370.46,1372.93,1375.43,1378.50,1382.81,1388.05,1393.38,1398.43,1404.12,1409.59,1414.01,1417.85,1421.91,1425.87,1430.53,1438.22,1445.90,1451.33,1455.21,1458.94,1463.11,1467.68,1472.80,1478.46,1484.21,1490.72,1497.80,1504.63,1509.78,1513.83,1518.28,1523.74,1529.71,1532.55,1534.20,1535.64,1537.29,1539.55,1542.15,1544.82,1547.39,1549.44,1549.75,1549.05,1547.69,1546.16,1545.99,1547.64,1550.83,1555.04,1559.52,1563.43,1567.29,1570.99,1574.40,1577.92,1582.54,1587.72,1592.92,1597.29,1601.11,1604.51,1607.70,1610.80,1613.65,1616.26,1618.62,1620.72,1622.68,1624.39,1626.44,1628.45,1629.35,1630.64,1632.14,1633.56,1634.82,1636.39,1638.48,1640.89,1643.49,1646.09,1648.42,1650.16,1651.51,1652.69,1653.72,1654.68,1655.58,1656.39,1657.11,1657.82,1658.57,1659.26,1659.68,1660.16,1660.49,1660.82,1661.24,1661.36,1661.33,1661.20,1660.92,1660.43,1659.90,1659.35,1658.95,1658.88,1658.70,1658.43,1658.06,1657.52,1656.74,1655.79,1654.84,1653.91,1652.91,1652.06,1651.32,1650.55,1649.69,1648.94,1648.60,1647.89,1646.92,1647.02,1646.51,1645.26,1643.36,1640.75,1637.25,1633.66,1630.11,1626.60,1623.28,1620.06,1617.02,1614.11,1611.17,1608.60,1607.39,1606.97,1606.62,1606.30,1605.90,1605.28,1604.26,1602.61,1600.69,1597.00,1591.83
1536.82,1535.55,1533.87,1531.43,1528.57,1525.46,1522.00,1518.63,1516.20,1514.78,1514.13,1514.17,1514.50,1514.78,1514.78,1514.58,1513.99,1512.97,1511.43,1509.36,1506.75,1503.37,1499.62,1496.12,1492.70,1489.10,1484.86,1479.73,1474.29,1468.88,1464.31,1460.36,1456.03,1451.69,1447.24,1442.75,1438.24,1433.71,1429.64,1426.79,1425.21,1423.80,1422.39,1420.80,1418.68,1415.47,1412.20,1408.86,1406.07,1404.04,1401.38,1397.46,1392.18,1385.97,1379.83,1374.87,1370.52,1366.10,1361.09,1355.80,1351.60,1348.14,1345.34,1343.32,1341.45,1339.13,1336.05,1331.63,1325.24,1315.21,1304.80,1296.80,1291.88,1293.80,1295.76,1294.61,1289.47,1285.82,1285.04,1287.29,1292.82,1299.27,1304.44,1308.53,1311.63,1313.74,1315.79,1317.79,1319.88,1322.35,1324.96,1327.49,1329.86,1332.03,1334.22,1336.60,1339.01,1341.38,1343.72,1345.99,1348.31,1351.84,1357.65,1362.26,1365.76,1368.82,1371.83,1375.16,1378.95,1383.82,1389.47,1395.15,1400.41,1405.76,1410.84,1415.23,1419.32,1423.51,1427.87,1433.02,1440.48,1447.70,1452.67,1456.28,1460.05,1464.30,1469.00,1474.51,1481.07,1488.19,1494.52,1501.03,1507.30,1511.82,1515.63,1519.56,1524.06,1528.78,1531.13,1532.19,1532.82,1533.54,1535.00,1537.24,1539.61,1541.83,1543.56,1543.87,1543.39,1542.24,1540.95,1541.68,1544.58,1548.67,1553.12,1556.94,1560.28,1563.93,1567.60,1570.95,1574.29,1578.30,1583.07,1588.43,1593.73,1597.84,1601.44,1604.88,1608.26,1611.41,1614.10,1616.38,1618.46,1620.88,1622.74,1624.98,1627.58,1629.82,1631.46,1633.03,1634.63,1636.20,1637.57,1639.69,1642.18,1644.82,1647.44,1649.58,1651.18,1652.49,1653.75,1654.90,1655.97,1656.94,1657.76,1658.47,1659.16,1659.94,1660.73,1661.29,1661.98,1662.48,1662.92,1663.36,1663.48,1663.40,1663.19,1662.83,1662.29,1661.61,1660.85,1660.12,1659.57,1659.26,1658.88,1658.38,1657.74,1656.87,1655.89,1655.04,1654.44,1654.20,1653.73,1653.20,1652.75,1652.40,1651.85,1651.62,1651.34,1651.02,1651.26,1650.73,1649.42,1647.39,1644.53,1640.95,1637.32,1633.41,1629.15,1625.49,1622.13,1618.95,1615.88,1612.98,1610.70,1609.76,1609.53,1609.24,1608.87,1608.42,1607.74,1606.68,1605.10,1603.16,1599.79,1594.89
1541.49,1540.24,1538.67,1536.67,1534.49,1532.02,1528.55,1524.84,1522.09,1520.45,1519.63,1519.35,1519.22,1519.06,1518.77,1518.34,1517.55,1516.34,1514.69,1512.58,1509.63,1506.09,1502.35,1498.79,1495.41,1492.40,1489.08,1484.98,1480.33,1474.25,1469.11,1465.10,1460.89,1456.44,1451.73,1447.08,1442.74,1438.21,1433.81,1430.83,1429.47,1428.16,1427.15,1426.17,1424.70,1421.92,1417.98,1413.71,1410.12,1407.67,1405.28,1403.07,1399.50,1393.93,1386.39,1380.21,1375.33,1370.95,1366.32,1361.26,1356.82,1352.95,1349.66,1347.04,1344.75,1342.04,1338.49,1333.46,1326.97,1317.38,1306.91,1298.16,1294.28,1297.81,1300.86,1299.96,1294.27,1289.49,1286.70,1287.00,1291.82,1298.70,1304.64,1309.15,1312.18,1314.34,1316.39,1318.40,1320.54,1323.09,1325.81,1328.45,1330.78,1332.70,1334.70,1336.93,1339.22,1341.44,1343.51,1345.65,1347.81,1350.78,1355.52,1360.59,1364.34,1367.70,1371.34,1375.44,1379.95,1385.25,1391.10,1396.88,1402.19,1407.18,1411.94,1416.46,1420.76,1425.01,1429.70,1435.29,1442.34,1449.10,1453.80,1457.33,1461.16,1465.48,1470.58,1476.86,1484.39,1492.07,1497.88,1503.69,1509.33,1513.20,1516.75,1520.02,1523.38,1526.74,1528.49,1528.82,1528.63,1528.57,1529.44,1531.55,1533.80,1535.76,1537.09,1537.42,1537.25,1536.63,1536.15,1538.14,1542.24,1546.98,1551.42,1554.63,1557.51,1560.84,1564.34,1567.70,1571.07,1574.62,1578.92,1584.22,1590.22,1594.58,1598.30,1601.85,1605.38,1608.82,1611.62,1613.83,1615.79,1618.53,1620.70,1623.11,1626.11,1629.63,1631.71,1633.48,1635.34,1637.23,1638.61,1640.82,1643.37,1645.99,1648.62,1650.53,1652.04,1653.38,1654.70,1655.97,1657.18,1658.25,1659.12,1659.84,1660.52,1661.36,1662.27,1663.05,1663.87,1664.50,1665.03,1665.49,1665.62,1665.53,1665.26,1664.82,1664.23,1663.42,1662.46,1661.41,1660.39,1659.84,1659.25,1658.61,1657.91,1657.02,1656.17,1655.57,1655.39,1655.84,1655.78,1655.54,1655.40,1655.49,1655.21,1655.05,1655.06,1655.18,1655.22,1654.57,1653.20,1651.12,1648.17,1644.66,1641.03,1636.81,1631.88,1627.66,1624.18,1620.93,1617.78,1614.97,1612.97,1612.14,1611.93,1611.70,1611.23,1610.76,1610.06,1608.98,1607.44,1605.04,1601.64,1596.86
1545.52,1544.47,1543.42,1541.83,1539.87,1537.55,1534.68,1531.67,1529.05,1527.01,1525.71,1524.60,1524.05,1523.65,1523.01,1522.32,1521.32,1519.88,1517.96,1515.69,1512.98,1510.06,1506.78,1502.71,1498.39,1495.08,1492.18,1489.00,1485.00,1480.49,1475.27,1469.77,1464.97,1460.34,1455.50,1450.69,1446.28,1442.25,1439.47,1437.45,1435.94,1434.85,1433.84,1432.31,1430.30,1427.87,1424.11,1420.05,1415.79,1411.53,1408.21,1405.81,1403.11,1399.44,1394.07,1387.05,1380.56,1375.17,1370.90,1366.36,1362.38,1358.64,1354.87,1350.94,1347.71,1344.38,1340.46,1335.26,1328.18,1318.38,1307.77,1299.14,1297.24,1300.40,1303.24,1303.18,1298.70,1292.49,1288.46,1287.80,1291.54,1298.75,1305.37,1310.16,1313.02,1315.26,1317.41,1319.60,1321.88,1324.34,1326.96,1329.48,1331.79,1333.86,1335.82,1337.79,1339.81,1341.86,1343.84,1345.97,1348.09,1350.89,1355.18,1359.79,1364.04,1368.10,1372.13,1376.31,1380.99,1386.32,1391.99,1397.41,1402.59,1407.39,1412.24,1417.30,1421.74,1426.01,1430.77,1436.56,1443.90,1450.13,1454.63,1458.31,1462.26,1466.56,1472.79,1480.70,1489.04,1494.23,1499.61,1505.26,1510.40,1513.61,1516.62,1519.10,1521.43,1523.58,1524.09,1523.01,1521.81,1521.30,1522.25,1524.84,1527.50,1529.52,1530.44,1530.51,1530.31,1530.62,1532.22,1536.08,1541.03,1545.68,1549.62,1552.81,1555.57,1558.33,1561.40,1564.91,1568.47,1572.22,1576.38,1581.25,1587.05,1591.68,1595.39,1598.63,1601.88,1605.36,1608.39,1610.74,1612.55,1615.03,1618.01,1621.21,1624.76,1628.88,1631.35,1633.39,1635.39,1637.38,1639.23,1641.64,1644.22,1646.80,1649.37,1651.15,1652.65,1654.09,1655.51,1656.88,1658.18,1659.39,1660.42,1661.19,1661.85,1662.74,1663.84,1664.87,1665.64,1666.40,1667.07,1667.49,1667.66,1667.63,1667.34,1666.79,1666.06,1665.18,1664.15,1663.02,1661.88,1660.78,1659.73,1658.82,1658.06,1657.22,1656.91,1656.90,1657.12,1657.58,1657.96,1658.15,1658.37,1658.78,1659.01,1659.13,1659.19,1659.13,1658.67,1657.77,1656.15,1653.94,1651.26,1647.87,1644.24,1640.10,1635.20,1629.98,1626.13,1622.68,1619.38,1616.72,1615.07,1614.39,1614.14,1613.81,1613.20,1612.69,1612.04,1611.06,1609.59,1606.33,1601.99,1596.48
1550.20,1549.38,1548.56,1547.23,1545.52,1543.41,1540.75,1538.09,1535.62,1533.53,1532.05,1530.59,1529.62,1528.79,1527.78,1526.87,1525.58,1523.98,1521.99,1519.32,1516.49,1513.73,1510.83,1507.20,1502.68,1498.59,1495.26,1492.52,1489.00,1485.15,1480.42,1474.95,1469.57,1464.28,1459.01,1453.93,1449.41,1445.68,1443.84,1442.60,1441.46,1440.64,1439.52,1437.56,1435.02,1432.29,1428.69,1424.80,1420.57,1416.06,1412.13,1408.87,1405.99,1402.96,1398.60,1392.12,1385.24,1379.08,1374.33,1369.94,1366.06,1362.37,1358.60,1354.29,1350.10,1346.06,1341.84,1336.63,1329.45,1319.49,1308.90,1300.70,1299.71,1303.61,1306.62,1306.41,1302.20,1296.02,1291.08,1289.37,1292.85,1299.60,1306.15,1310.93,1313.72,1316.17,1318.51,1320.95,1323.47,1325.93,1328.39,1330.70,1332.88,1334.92,1336.86,1338.78,1340.70,1342.60,1344.48,1346.46,1348.56,1351.31,1355.35,1359.60,1364.42,1369.01,1373.08,1377.18,1381.93,1387.20,1392.62,1397.59,1402.54,1407.22,1412.16,1417.55,1422.16,1426.40,1431.18,1437.23,1445.13,1451.04,1455.37,1459.14,1463.25,1467.60,1475.26,1484.03,1491.76,1496.04,1500.90,1505.92,1510.34,1513.09,1515.58,1517.34,1518.66,1519.46,1518.68,1516.81,1515.29,1514.85,1515.87,1518.54,1521.16,1523.00,1523.55,1523.60,1523.74,1524.79,1527.51,1532.35,1538.24,1543.37,1547.43,1550.70,1553.43,1556.15,1559.20,1562.83,1566.77,1570.82,1575.05,1579.66,1585.00,1589.44,1592.89,1595.78,1598.63,1601.60,1604.43,1606.91,1608.97,1611.06,1613.86,1617.88,1622.84,1627.73,1630.87,1633.20,1635.27,1637.30,1639.35,1641.76,1644.35,1647.01,1649.68,1651.48,1653.03,1654.55,1656.05,1657.53,1658.92,1660.22,1661.39,1662.36,1663.18,1664.15,1665.31,1666.44,1667.37,1668.21,1668.94,1669.43,1669.57,1669.53,1669.20,1668.59,1667.89,1666.91,1665.75,1664.53,1663.29,1661.97,1660.71,1659.59,1658.70,1658.13,1658.07,1658.26,1658.74,1659.73,1660.72,1661.52,1662.26,1663.01,1663.52,1663.71,1663.70,1663.44,1662.69,1661.47,1659.29,1656.59,1653.98,1650.56,1646.87,1642.88,1638.28,1632.71,1628.17,1624.32,1621.01,1618.52,1617.18,1616.61,1616.32,1615.93,1615.27,1614.58,1613.58,1612.15,1610.43,1606.50,1601.13,1594.87
1555.07,1554.50,1553.75,1552.58,1551.09,1549.22,1546.67,1544.20,1541.92,1539.92,1538.39,1536.88,1535.57,1534.36,1533.13,1532.04,1530.53,1528.88,1526.88,1523.64,1520.50,1517.58,1514.84,1511.97,1507.72,1502.92,1498.85,1495.96,1492.67,1489.04,1485.03,1480.37,1474.47,1468.41,1462.65,1457.33,1452.71,1449.16,1447.80,1447.12,1446.49,1445.88,1444.59,1442.26,1439.15,1435.73,1432.22,1428.48,1424.59,1420.58,1416.33,1412.07,1408.49,1405.33,1401.25,1395.87,1389.29,1382.61,1376.97,1372.52,1368.55,1364.88,1361.28,1357.05,1351.89,1347.12,1342.64,1337.51,1330.52,1320.58,1310.34,1302.97,1302.17,1307.00,1310.37,1309.80,1305.49,1300.03,1294.49,1291.81,1295.17,1301.01,1307.02,1311.55,1314.32,1317.01,1319.69,1322.47,1325.24,1327.74,1330.01,1332.09,1334.09,1336.04,1337.99,1339.97,1341.84,1343.59,1345.37,1347.14,1349.26,1352.08,1355.99,1360.05,1365.31,1370.23,1374.17,1378.13,1382.88,1388.02,1393.08,1397.57,1402.23,1406.86,1411.90,1417.48,1422.26,1426.45,1431.32,1437.77,1446.30,1451.97,1456.16,1460.00,1464.29,1468.88,1477.90,1486.97,1493.34,1497.50,1501.78,1505.94,1509.55,1511.94,1513.90,1514.99,1515.34,1514.81,1512.91,1510.68,1509.29,1509.15,1510.27,1512.71,1515.02,1516.51,1516.80,1517.00,1517.68,1519.35,1522.60,1527.88,1534.64,1540.56,1545.08,1548.42,1551.20,1554.14,1557.42,1561.17,1565.55,1569.95,1574.30,1578.70,1583.43,1587.41,1590.46,1592.99,1595.43,1597.72,1600.18,1602.75,1605.18,1606.95,1609.26,1613.96,1620.45,1626.26,1630.28,1632.91,1634.98,1637.04,1639.09,1641.39,1643.97,1646.80,1649.66,1651.53,1653.17,1654.78,1656.35,1657.96,1659.43,1660.79,1662.06,1663.26,1664.33,1665.45,1666.65,1667.82,1668.98,1669.86,1670.57,1671.11,1671.18,1671.13,1670.79,1670.17,1669.58,1668.55,1667.30,1665.98,1664.64,1663.25,1661.91,1660.70,1659.80,1659.62,1659.65,1659.90,1660.65,1662.34,1663.91,1665.30,1666.55,1667.62,1668.32,1668.51,1668.38,1667.94,1666.99,1665.44,1662.66,1659.33,1656.54,1652.95,1649.17,1645.31,1641.07,1635.55,1630.16,1625.83,1622.68,1620.42,1619.36,1618.87,1618.52,1618.05,1617.33,1616.32,1614.73,1612.59,1610.40,1605.78,1599.42,1592.56
1559.26,1558.87,1558.15,1556.99,1555.59,1553.95,1551.93,1549.87,1547.86,1545.92,1544.10,1542.63,1541.55,1540.70,1539.91,1538.87,1537.72,1536.29,1534.07,1530.10,1526.61,1523.09,1519.65,1516.60,1513.10,1509.20,1504.90,1500.35,1496.43,1493.06,1489.70,1485.60,1479.57,1473.40,1467.67,1462.43,1457.88,1454.40,1453.07,1452.32,1451.49,1450.66,1449.16,1446.44,1442.65,1438.23,1434.58,1430.96,1427.17,1423.23,1419.36,1415.08,1410.97,1407.03,1402.73,1397.64,1391.63,1385.11,1378.81,1374.18,1370.07,1366.26,1362.58,1358.25,1352.19,1346.76,1342.11,1337.13,1330.40,1321.27,1312.67,1307.25,1305.82,1309.77,1313.38,1313.94,1310.20,1305.09,1299.68,1296.52,1298.49,1303.24,1308.12,1312.01,1314.79,1317.63,1321.09,1324.42,1327.36,1329.76,1331.85,1333.76,1335.69,1337.72,1339.75,1341.73,1343.44,1344.96,1346.63,1348.26,1350.67,1353.87,1357.75,1362.02,1366.99,1371.64,1375.59,1379.59,1384.15,1388.90,1393.47,1397.49,1401.83,1406.55,1411.74,1417.32,1422.15,1426.38,1431.81,1439.17,1447.91,1453.27,1457.45,1461.47,1465.86,1471.34,1480.77,1489.22,1494.22,1498.07,1501.73,1505.11,1508.01,1510.08,1511.39,1511.87,1511.50,1510.09,1507.92,1506.06,1505.04,1505.12,1506.38,1508.21,1509.87,1511.01,1511.41,1511.90,1513.10,1515.23,1518.71,1524.07,1531.17,1537.80,1542.97,1546.07,1549.03,1552.20,1555.75,1559.87,1564.44,1569.02,1573.34,1577.40,1581.40,1584.71,1587.35,1589.63,1591.85,1594.06,1596.37,1598.76,1601.16,1603.41,1606.10,1610.78,1617.30,1624.28,1629.46,1632.47,1634.45,1636.33,1638.22,1640.37,1642.96,1645.98,1649.02,1651.05,1652.79,1654.51,1656.21,1657.93,1659.53,1660.93,1662.14,1663.33,1664.61,1666.03,1667.48,1668.75,1670.10,1670.88,1671.33,1671.66,1671.75,1671.70,1671.48,1671.08,1670.62,1669.90,1668.75,1667.32,1665.85,1664.37,1662.96,1662.02,1661.83,1662.16,1662.27,1662.89,1664.26,1666.19,1667.78,1669.12,1670.40,1671.71,1672.72,1673.07,1672.94,1672.35,1671.20,1669.49,1666.65,1663.02,1659.17,1655.27,1651.30,1647.31,1643.06,1637.81,1631.64,1627.05,1624.44,1622.75,1621.86,1621.37,1620.89,1620.14,1619.09,1617.41,1615.09,1612.27,1609.40,1603.59,1596.53,1589.93
1562.64,1562.32,1561.64,1560.58,1559.35,1558.01,1556.54,1554.93,1553.19,1551.32,1549.38,1547.91,1546.82,1546.00,1545.31,1544.29,1543.32,1542.04,1539.92,1536.23,1532.87,1529.03,1525.02,1521.62,1518.37,1514.96,1510.72,1505.56,1501.10,1497.32,1494.00,1490.38,1484.95,1478.57,1472.74,1467.65,1463.33,1459.86,1458.39,1457.38,1456.17,1454.87,1452.87,1449.84,1445.61,1440.23,1436.26,1432.63,1428.90,1424.98,1421.25,1416.90,1412.36,1407.81,1403.26,1398.33,1392.89,1386.79,1380.18,1375.29,1370.91,1366.79,1362.69,1357.88,1351.40,1345.69,1340.93,1336.18,1330.33,1323.23,1316.67,1312.22,1310.35,1313.51,1317.07,1318.38,1315.34,1310.59,1305.28,1301.45,1301.55,1305.23,1309.38,1312.96,1315.85,1318.83,1323.13,1326.89,1329.72,1331.89,1333.86,1335.70,1337.63,1339.72,1341.70,1343.67,1345.31,1346.69,1348.32,1350.06,1352.69,1356.08,1359.98,1364.38,1369.02,1373.41,1377.41,1381.41,1385.76,1390.11,1394.24,1398.05,1402.23,1406.90,1412.11,1417.65,1422.41,1426.56,1432.69,1441.09,1449.38,1454.61,1458.87,1462.99,1467.48,1473.75,1482.78,1490.25,1494.34,1497.86,1501.02,1503.77,1506.04,1507.52,1508.05,1507.85,1506.83,1504.86,1502.68,1501.23,1500.71,1501.25,1502.88,1504.50,1505.78,1506.64,1507.13,1507.91,1509.45,1511.76,1515.23,1520.73,1527.59,1534.35,1540.13,1543.94,1547.15,1550.57,1554.59,1559.29,1563.69,1567.87,1571.78,1575.39,1578.75,1581.59,1583.96,1586.07,1588.11,1590.31,1592.57,1594.87,1597.26,1599.99,1603.33,1608.39,1615.00,1622.06,1628.15,1631.61,1633.62,1635.38,1637.11,1639.06,1641.48,1644.44,1647.62,1650.09,1652.06,1653.84,1655.66,1657.54,1659.33,1660.82,1661.95,1663.16,1664.62,1666.23,1667.85,1669.27,1670.73,1671.48,1671.81,1672.06,1672.19,1672.15,1671.96,1671.64,1671.23,1670.75,1669.76,1668.36,1666.80,1665.35,1664.07,1663.47,1663.88,1664.71,1665.26,1666.24,1667.79,1669.55,1671.18,1672.55,1673.88,1675.34,1676.64,1677.15,1677.08,1676.39,1674.92,1672.88,1670.04,1666.34,1661.80,1657.53,1653.36,1649.20,1644.86,1639.78,1633.30,1628.68,1626.51,1625.27,1624.51,1623.90,1623.20,1622.13,1620.74,1618.63,1615.85,1612.39,1608.23,1601.43,1594.34,1588.73
1565.12,1564.76,1564.11,1563.27,1562.35,1561.40,1560.38,1559.23,1557.75,1555.98,1554.21,1552.67,1551.20,1549.87,1548.75,1547.70,1546.60,1545.33,1543.72,1541.51,1538.83,1535.11,1530.90,1527.13,1523.43,1519.74,1515.85,1511.55,1506.81,1501.87,1497.88,1494.65,1490.58,1483.84,1477.72,1472.75,1468.80,1465.29,1463.51,1462.10,1460.40,1458.36,1455.54,1452.26,1447.93,1441.70,1437.27,1433.50,1429.77,1425.86,1421.84,1417.19,1412.35,1407.51,1402.76,1397.97,1393.09,1387.54,1381.07,1375.85,1371.04,1366.36,1361.53,1355.78,1349.56,1344.12,1339.44,1335.06,1330.75,1326.90,1322.58,1317.79,1315.78,1318.57,1321.77,1323.04,1320.73,1316.39,1311.07,1306.29,1304.16,1306.79,1310.79,1314.56,1317.69,1320.83,1325.91,1329.87,1332.32,1334.13,1336.04,1337.93,1339.94,1342.06,1343.79,1345.76,1347.45,1348.86,1350.53,1352.64,1355.38,1358.71,1362.66,1367.07,1371.43,1375.66,1379.74,1383.63,1387.76,1391.74,1395.55,1399.42,1403.60,1408.12,1413.16,1418.66,1423.20,1427.17,1434.08,1443.50,1450.61,1455.94,1460.36,1464.48,1469.05,1475.82,1483.61,1489.84,1493.57,1496.79,1499.57,1501.86,1503.55,1504.17,1503.76,1502.76,1501.17,1498.96,1496.98,1495.91,1496.00,1497.31,1499.52,1501.54,1502.82,1503.52,1504.02,1505.05,1506.77,1508.98,1512.19,1517.94,1523.95,1530.15,1536.41,1542.09,1545.62,1549.30,1553.95,1559.43,1563.26,1566.41,1569.44,1572.48,1575.35,1577.97,1580.25,1582.28,1584.22,1586.40,1588.73,1591.10,1593.58,1596.72,1600.88,1606.91,1613.89,1619.67,1626.20,1630.19,1632.44,1634.15,1635.80,1637.47,1639.50,1642.08,1645.34,1648.57,1650.91,1652.72,1654.66,1656.75,1658.80,1660.44,1661.54,1662.84,1664.43,1666.07,1667.70,1669.34,1670.84,1671.66,1672.08,1672.43,1672.66,1672.61,1672.33,1671.88,1671.43,1671.01,1670.23,1669.03,1667.47,1666.21,1665.28,1665.05,1665.80,1667.05,1668.44,1669.72,1670.88,1672.08,1673.83,1675.42,1676.90,1678.43,1679.97,1680.57,1680.58,1679.90,1677.97,1675.41,1672.49,1668.97,1664.35,1659.69,1655.34,1651.05,1646.55,1641.44,1635.26,1630.94,1628.97,1628.02,1627.33,1626.47,1625.37,1623.98,1622.29,1620.08,1617.21,1613.19,1607.09,1599.69,1593.34,1589.43
1567.60,1567.21,1566.59,1565.80,1564.93,1564.03,1563.11,1562.16,1561.00,1559.66,1558.30,1556.99,1555.47,1553.93,1552.53,1551.12,1549.81,1548.47,1546.97,1545.02,1542.66,1539.61,1536.07,1532.29,1528.33,1524.43,1520.40,1516.09,1511.56,1506.90,1502.67,1498.93,1495.23,1489.70,1483.54,1478.05,1474.13,1470.53,1467.87,1465.73,1463.60,1460.49,1457.03,1453.41,1448.87,1442.43,1437.70,1433.84,1430.02,1425.79,1421.04,1415.87,1410.89,1406.15,1401.34,1397.02,1392.51,1387.38,1381.43,1375.87,1370.36,1365.07,1359.74,1353.31,1348.53,1345.22,1342.42,1338.81,1335.09,1331.82,1328.27,1324.20,1321.39,1324.14,1326.89,1327.36,1325.31,1321.31,1316.25,1311.06,1307.23,1307.92,1311.63,1315.95,1320.04,1324.25,1328.78,1332.16,1334.42,1336.26,1338.25,1340.40,1342.64,1344.80,1346.40,1348.15,1349.94,1351.75,1353.60,1355.70,1358.62,1362.25,1366.46,1370.81,1375.03,1379.05,1382.83,1386.36,1390.11,1393.83,1397.49,1401.15,1405.14,1409.86,1415.14,1420.58,1424.99,1429.70,1436.85,1445.64,1451.99,1457.14,1461.59,1465.80,1470.40,1476.92,1483.37,1488.52,1492.03,1494.88,1497.00,1498.62,1499.69,1499.72,1498.43,1496.79,1494.80,1492.41,1490.64,1490.24,1491.19,1493.29,1495.78,1498.14,1499.68,1500.53,1501.18,1502.62,1504.83,1507.40,1510.72,1516.43,1522.08,1527.57,1533.49,1540.57,1544.49,1548.07,1552.37,1557.40,1561.21,1563.86,1566.07,1568.30,1571.02,1573.31,1575.41,1577.50,1579.76,1582.54,1585.21,1587.80,1590.69,1594.80,1600.10,1606.57,1613.14,1617.86,1623.15,1627.41,1630.51,1632.51,1634.04,1635.65,1637.35,1639.40,1642.53,1645.92,1648.86,1651.28,1653.30,1655.34,1657.52,1659.51,1661.10,1662.63,1664.20,1665.75,1667.33,1669.01,1670.63,1671.59,1672.16,1672.61,1672.93,1672.95,1672.68,1672.15,1671.55,1671.11,1670.55,1669.64,1668.19,1667.06,1666.68,1666.93,1667.75,1668.95,1670.46,1671.84,1673.00,1674.08,1675.73,1677.48,1679.15,1680.61,1681.81,1682.27,1682.24,1681.61,1679.89,1676.96,1673.67,1670.00,1665.53,1661.31,1657.16,1652.85,1648.07,1642.61,1637.37,1633.74,1631.97,1631.53,1630.68,1629.09,1627.21,1625.50,1623.59,1621.46,1618.43,1613.83,1607.12,1599.93,1594.29,1591.41
1570.19,1569.82,1569.25,1568.41,1567.46,1566.48,1565.55,1564.66,1563.75,1562.79,1561.78,1560.71,1559.29,1557.69,1556.14,1554.42,1552.91,1551.47,1549.93,1547.98,1545.82,1543.38,1540.56,1537.04,1533.08,1528.98,1524.69,1520.15,1515.77,1511.65,1507.42,1503.22,1499.53,1495.33,1489.19,1483.10,1479.10,1475.37,1471.86,1468.96,1466.28,1462.12,1458.03,1454.01,1449.26,1442.82,1437.92,1433.95,1429.98,1425.34,1419.86,1414.19,1409.08,1404.47,1399.74,1395.83,1391.60,1386.80,1381.34,1375.22,1369.15,1363.57,1358.28,1352.39,1349.39,1348.13,1346.89,1343.74,1340.09,1336.53,1333.14,1329.90,1326.78,1329.44,1331.71,1331.48,1329.58,1325.81,1321.07,1315.79,1310.78,1309.28,1312.54,1317.38,1322.40,1327.54,1331.32,1334.12,1336.35,1338.41,1340.59,1343.05,1345.50,1347.65,1349.31,1350.91,1352.82,1355.02,1357.32,1359.67,1362.69,1366.40,1370.70,1374.88,1378.97,1382.81,1386.26,1389.46,1392.90,1396.37,1399.77,1403.16,1407.03,1412.15,1417.71,1422.85,1427.18,1432.76,1440.00,1447.85,1453.43,1458.28,1462.73,1467.03,1471.60,1477.48,1482.60,1486.78,1489.97,1492.27,1493.58,1494.42,1494.83,1494.34,1492.51,1490.50,1488.31,1485.94,1484.41,1484.58,1486.16,1488.77,1491.63,1494.50,1496.45,1497.61,1498.56,1500.54,1503.27,1506.26,1509.82,1515.39,1520.81,1525.66,1531.01,1538.61,1542.94,1546.38,1550.05,1554.21,1557.85,1560.12,1561.69,1563.30,1566.01,1568.22,1570.36,1572.65,1575.31,1578.94,1582.24,1585.34,1588.84,1593.95,1600.18,1606.63,1612.41,1616.28,1620.16,1624.40,1628.14,1630.47,1631.99,1633.60,1635.06,1636.65,1639.53,1642.79,1646.11,1649.16,1651.57,1653.65,1655.99,1658.34,1660.47,1662.23,1663.73,1665.18,1666.70,1668.41,1670.09,1671.27,1672.08,1672.65,1673.07,1673.19,1672.94,1672.36,1671.63,1671.16,1670.77,1670.11,1668.80,1667.70,1667.81,1668.52,1669.42,1670.50,1671.93,1673.37,1674.68,1675.84,1677.38,1679.20,1680.94,1682.21,1683.01,1683.32,1683.21,1682.64,1681.31,1678.13,1674.44,1670.56,1666.34,1662.65,1658.84,1654.58,1649.60,1643.85,1639.45,1636.58,1635.27,1635.40,1634.54,1632.39,1629.66,1627.08,1624.88,1622.76,1619.63,1614.75,1607.93,1600.91,1595.83,1593.82
1573.12,1572.97,1572.41,1571.38,1570.16,1568.98,1567.98,1567.01,1566.03,1565.04,1564.03,1563.01,1561.79,1560.41,1558.96,1557.38,1555.76,1554.13,1552.48,1550.75,1548.70,1546.27,1543.59,1540.81,1537.40,1533.20,1528.66,1523.99,1519.14,1515.06,1511.27,1507.52,1503.66,1499.75,1493.59,1487.28,1483.07,1479.11,1475.36,1471.84,1468.17,1463.33,1458.49,1454.01,1449.12,1442.80,1437.92,1433.86,1429.61,1424.51,1418.73,1412.78,1407.38,1402.65,1398.34,1394.43,1390.26,1385.67,1380.30,1372.97,1367.01,1362.11,1358.34,1356.55,1355.46,1354.30,1352.26,1348.26,1343.83,1339.56,1335.70,1332.68,1331.38,1333.52,1335.27,1335.26,1333.54,1329.80,1325.30,1320.41,1315.40,1311.67,1314.14,1319.07,1324.38,1329.28,1332.81,1335.63,1338.16,1340.70,1343.31,1346.01,1348.46,1350.51,1352.67,1354.59,1356.51,1358.84,1362.28,1366.01,1368.87,1371.61,1375.33,1379.09,1383.01,1386.75,1390.12,1393.27,1396.82,1399.89,1402.61,1405.74,1409.88,1415.72,1421.34,1425.46,1429.78,1435.84,1443.20,1450.51,1454.98,1459.30,1463.68,1468.10,1472.53,1477.18,1481.15,1484.46,1486.94,1488.21,1488.51,1488.44,1488.09,1487.09,1485.66,1483.93,1482.06,1480.26,1479.10,1479.27,1480.48,1482.79,1486.61,1490.49,1493.10,1494.75,1496.36,1499.17,1502.21,1505.45,1509.33,1514.78,1519.90,1524.52,1529.23,1535.04,1539.74,1543.28,1546.31,1549.24,1551.82,1553.58,1555.05,1556.79,1559.64,1562.62,1565.59,1568.44,1571.35,1576.13,1580.72,1585.02,1589.52,1595.34,1601.53,1607.00,1611.46,1614.96,1618.24,1621.78,1625.07,1627.54,1629.46,1631.06,1632.45,1633.95,1636.40,1639.11,1641.97,1645.20,1649.00,1651.66,1654.29,1656.89,1659.24,1661.14,1662.60,1663.98,1665.47,1667.21,1668.82,1670.34,1671.62,1672.45,1672.94,1673.14,1672.94,1672.37,1671.68,1671.19,1670.78,1670.17,1668.99,1667.71,1667.95,1668.99,1670.21,1671.32,1672.66,1674.19,1675.78,1677.33,1678.94,1680.58,1681.99,1682.86,1683.49,1683.76,1683.61,1683.05,1682.10,1678.92,1675.00,1670.98,1667.12,1663.66,1660.20,1656.20,1651.26,1645.72,1641.27,1639.10,1639.04,1639.73,1639.47,1637.73,1634.20,1629.08,1626.32,1623.84,1620.85,1616.66,1610.21,1602.46,1597.61,1596.46
1576.19,1576.29,1575.90,1574.86,1573.54,1572.16,1570.77,1569.56,1568.40,1567.28,1566.28,1565.25,1564.06,1562.77,1561.41,1559.88,1558.22,1556.53,1554.83,1553.12,1551.13,1548.75,1546.14,1543.46,1540.30,1536.26,1531.84,1527.19,1521.95,1517.62,1513.90,1510.38,1506.50,1502.40,1496.56,1490.46,1485.75,1481.38,1477.40,1473.53,1469.35,1463.99,1458.53,1453.57,1448.42,1442.11,1437.09,1432.85,1428.53,1423.55,1417.63,1411.66,1406.25,1401.51,1397.32,1393.32,1388.98,1384.33,1379.22,1372.54,1367.96,1364.39,1361.72,1361.27,1360.62,1359.18,1356.39,1351.38,1346.14,1341.21,1337.30,1335.27,1335.70,1337.74,1339.26,1339.38,1337.62,1333.95,1329.70,1325.16,1320.26,1315.56,1316.42,1320.32,1325.47,1330.09,1333.65,1336.78,1339.70,1342.45,1345.25,1348.06,1350.64,1352.89,1355.32,1357.80,1360.44,1363.43,1367.00,1370.52,1373.25,1375.84,1379.21,1382.78,1386.51,1390.04,1393.22,1396.41,1399.74,1402.60,1405.19,1408.37,1412.72,1418.07,1423.01,1426.86,1431.43,1437.86,1445.12,1451.83,1455.76,1459.82,1464.18,1468.51,1472.46,1476.23,1479.23,1481.47,1482.85,1483.18,1482.68,1482.00,1481.32,1480.51,1479.56,1478.23,1476.75,1475.42,1474.51,1474.65,1475.61,1477.67,1481.65,1485.89,1489.36,1492.01,1494.23,1497.62,1501.13,1504.80,1508.94,1513.83,1518.29,1522.37,1526.48,1531.24,1535.59,1538.88,1541.55,1543.99,1546.18,1547.86,1549.37,1551.16,1554.17,1558.13,1562.28,1566.10,1569.63,1575.38,1581.06,1586.28,1591.18,1596.53,1601.80,1606.35,1610.15,1613.45,1616.35,1619.27,1622.09,1624.52,1626.47,1628.08,1629.53,1631.03,1633.08,1635.38,1637.92,1641.02,1645.05,1648.54,1651.77,1654.66,1657.07,1659.27,1661.09,1662.66,1664.14,1665.73,1667.28,1668.91,1670.42,1671.55,1672.25,1672.62,1672.63,1672.28,1671.75,1671.22,1670.74,1670.10,1668.96,1667.63,1668.03,1669.30,1670.72,1672.00,1673.32,1674.84,1676.55,1678.31,1680.06,1681.46,1682.52,1683.26,1683.86,1684.09,1683.93,1683.38,1682.58,1679.71,1675.82,1671.68,1667.94,1664.69,1661.49,1657.71,1652.96,1647.91,1643.95,1642.07,1642.10,1642.79,1642.58,1641.13,1637.99,1632.84,1628.31,1625.02,1621.93,1617.99,1611.68,1604.51,1600.14,1599.38
1579.25,1579.57,1579.38,1578.47,1577.19,1575.67,1573.80,1572.31,1570.92,1569.61,1568.55,1567.47,1566.23,1564.94,1563.65,1562.13,1560.47,1558.76,1557.04,1555.24,1553.24,1550.92,1548.29,1545.35,1542.25,1538.48,1534.34,1529.83,1524.31,1519.55,1515.64,1512.21,1508.42,1503.90,1498.51,1492.86,1487.58,1482.78,1478.54,1474.46,1470.00,1464.22,1458.28,1452.86,1447.39,1441.05,1435.82,1431.36,1427.11,1422.54,1416.71,1410.97,1405.73,1401.05,1396.82,1392.69,1388.08,1383.22,1378.43,1373.50,1370.86,1368.83,1366.92,1366.13,1364.98,1363.02,1359.58,1353.62,1347.54,1342.03,1338.37,1337.77,1339.70,1341.95,1343.52,1343.80,1341.93,1338.32,1334.25,1329.93,1325.19,1320.29,1319.17,1321.37,1325.94,1330.25,1333.99,1337.52,1340.80,1343.57,1346.37,1349.22,1351.95,1354.47,1357.05,1360.14,1363.79,1367.66,1370.86,1373.38,1376.03,1378.97,1382.16,1385.63,1389.16,1392.39,1395.33,1398.63,1401.66,1404.45,1407.27,1410.70,1415.11,1419.38,1423.37,1427.36,1432.26,1438.97,1446.02,1452.19,1455.98,1459.96,1464.30,1468.47,1471.83,1474.90,1476.94,1478.01,1478.11,1477.40,1476.31,1475.31,1474.61,1474.28,1473.80,1472.87,1471.76,1470.73,1469.96,1470.04,1470.96,1473.01,1476.88,1481.11,1485.41,1489.24,1492.14,1495.93,1499.93,1504.09,1508.39,1512.52,1516.18,1519.60,1523.10,1527.17,1530.86,1533.74,1536.20,1538.56,1540.76,1542.67,1544.38,1546.27,1549.44,1554.46,1559.90,1564.86,1569.11,1575.55,1582.07,1587.94,1592.89,1597.17,1601.13,1604.89,1608.45,1611.67,1614.38,1616.83,1619.18,1621.42,1623.18,1624.78,1626.32,1627.85,1629.51,1631.48,1633.79,1636.60,1640.25,1644.54,1648.51,1651.77,1654.29,1656.86,1659.19,1661.11,1662.66,1664.05,1665.56,1667.14,1668.69,1670.09,1671.05,1671.64,1671.94,1671.95,1671.65,1671.12,1670.54,1669.81,1668.65,1667.42,1668.01,1669.45,1670.99,1672.51,1673.84,1675.36,1677.11,1678.94,1680.82,1681.97,1682.72,1683.47,1684.10,1684.33,1684.17,1683.65,1682.84,1680.45,1676.76,1672.54,1668.78,1665.71,1662.70,1659.10,1654.65,1650.24,1647.09,1645.29,1644.77,1645.12,1644.61,1643.31,1641.09,1637.21,1630.66,1626.33,1622.88,1618.79,1612.45,1606.53,1603.00,1602.61
1581.87,1582.06,1581.86,1581.21,1580.24,1578.89,1577.04,1575.46,1573.92,1572.38,1571.00,1569.78,1568.52,1567.23,1565.94,1564.38,1562.70,1560.99,1559.20,1557.26,1555.07,1552.57,1549.79,1546.72,1543.47,1539.77,1535.77,1531.34,1525.92,1520.71,1516.48,1513.01,1509.29,1504.63,1499.44,1494.10,1488.88,1484.00,1479.37,1474.93,1470.18,1463.82,1457.74,1452.03,1446.29,1440.10,1434.69,1430.13,1425.99,1421.78,1416.70,1411.49,1406.63,1402.20,1398.03,1393.76,1389.02,1384.03,1379.32,1376.16,1374.60,1373.21,1371.56,1370.09,1368.04,1365.35,1361.51,1355.50,1348.47,1342.65,1339.60,1340.28,1342.86,1345.58,1347.81,1348.80,1347.11,1343.36,1338.97,1334.45,1329.87,1324.93,1322.40,1322.74,1325.83,1329.82,1333.58,1337.13,1340.37,1342.99,1345.56,1348.43,1351.08,1353.28,1356.03,1359.32,1363.24,1367.43,1370.82,1373.18,1376.01,1379.25,1382.48,1385.65,1388.85,1391.74,1394.46,1397.96,1401.20,1404.28,1407.50,1411.30,1415.21,1419.00,1422.80,1426.85,1431.69,1438.44,1445.47,1451.59,1455.60,1459.68,1463.94,1467.99,1471.19,1473.43,1474.15,1474.06,1473.16,1470.65,1469.37,1468.66,1468.19,1467.90,1467.50,1466.61,1465.47,1464.34,1463.31,1463.38,1464.91,1468.09,1472.88,1477.22,1481.57,1485.90,1490.01,1494.15,1498.29,1502.48,1506.64,1510.39,1513.73,1516.66,1519.40,1522.40,1526.05,1528.65,1530.74,1533.01,1535.36,1537.69,1539.98,1542.47,1545.96,1551.79,1558.05,1563.61,1568.05,1574.27,1580.94,1586.98,1591.78,1595.44,1598.87,1602.31,1605.77,1609.10,1611.99,1614.28,1616.28,1618.15,1619.70,1621.07,1622.43,1623.83,1625.25,1626.69,1628.80,1631.62,1635.17,1639.41,1643.75,1647.76,1651.16,1653.93,1656.41,1658.65,1660.61,1662.12,1663.62,1665.04,1666.42,1667.76,1668.82,1669.64,1670.27,1670.64,1670.62,1670.23,1669.58,1668.70,1667.63,1666.82,1667.63,1669.18,1670.82,1672.41,1673.92,1675.62,1677.49,1679.29,1680.99,1682.01,1682.67,1683.34,1684.06,1684.37,1684.25,1683.74,1682.95,1680.93,1677.52,1673.40,1669.61,1666.59,1663.61,1660.17,1656.15,1652.43,1649.90,1648.41,1647.73,1647.45,1646.59,1645.06,1642.89,1639.50,1633.16,1628.05,1623.56,1618.66,1612.10,1606.89,1605.28,1606.77
1584.37,1584.38,1584.11,1583.65,1582.88,1581.64,1580.05,1578.47,1576.84,1575.16,1573.56,1572.21,1570.89,1569.57,1568.22,1566.61,1564.86,1563.07,1561.20,1559.16,1556.80,1554.04,1550.99,1547.74,1544.30,1540.57,1536.58,1532.16,1526.94,1521.50,1517.01,1513.39,1509.51,1504.86,1499.87,1494.82,1489.85,1485.05,1480.25,1475.46,1470.25,1463.43,1457.08,1451.15,1445.37,1439.50,1434.14,1429.68,1425.72,1421.88,1417.56,1412.97,1408.56,1404.45,1400.58,1396.63,1392.27,1387.59,1383.07,1380.59,1379.02,1377.53,1375.79,1373.57,1370.56,1367.03,1362.68,1356.59,1349.26,1343.67,1341.50,1343.50,1346.75,1350.16,1352.83,1353.93,1352.03,1348.24,1343.73,1339.09,1334.52,1329.59,1326.12,1324.81,1325.98,1328.87,1332.38,1335.85,1338.96,1341.50,1343.81,1346.55,1349.10,1351.18,1353.85,1356.83,1360.61,1364.99,1368.91,1371.78,1374.70,1377.91,1381.25,1384.26,1387.19,1389.86,1392.42,1395.92,1399.21,1402.50,1406.15,1410.63,1414.47,1418.14,1421.90,1425.91,1430.45,1437.09,1443.99,1450.02,1454.38,1458.62,1462.73,1466.49,1469.36,1470.78,1470.18,1468.69,1466.55,1463.18,1461.95,1461.71,1461.75,1461.68,1461.33,1460.53,1459.48,1458.29,1456.95,1456.77,1458.61,1462.82,1468.99,1473.87,1478.25,1482.65,1487.35,1491.82,1496.14,1500.42,1504.56,1508.08,1511.21,1513.86,1516.17,1518.53,1521.90,1524.47,1526.55,1528.71,1530.93,1533.27,1535.94,1539.10,1543.12,1549.30,1555.79,1561.54,1566.04,1571.57,1578.38,1584.71,1589.43,1592.86,1596.07,1599.35,1602.73,1606.12,1609.16,1611.40,1613.17,1614.80,1616.18,1617.31,1618.39,1619.52,1620.72,1621.88,1623.76,1626.43,1629.88,1634.22,1638.78,1643.26,1647.32,1650.48,1653.20,1655.72,1657.95,1659.66,1661.28,1662.70,1664.02,1665.28,1666.35,1667.29,1668.08,1668.65,1668.81,1668.55,1667.98,1667.19,1666.27,1665.81,1666.80,1668.43,1670.10,1671.77,1673.46,1675.36,1677.39,1679.28,1680.94,1681.90,1682.49,1683.09,1683.81,1684.19,1684.15,1683.70,1682.95,1681.17,1678.08,1674.26,1670.57,1667.44,1664.31,1660.97,1657.48,1654.19,1652.25,1651.10,1650.33,1649.52,1648.27,1646.28,1643.79,1640.56,1634.60,1628.88,1623.46,1617.92,1611.72,1607.93,1608.09,1610.91
1586.79,1586.59,1586.30,1585.87,1585.06,1583.83,1582.68,1581.17,1579.52,1577.83,1576.22,1574.76,1573.36,1571.94,1570.46,1568.79,1566.88,1564.94,1562.99,1560.89,1558.43,1555.36,1551.89,1548.36,1544.71,1540.86,1536.74,1532.24,1527.26,1521.90,1517.30,1513.37,1509.06,1504.56,1499.84,1495.07,1490.45,1485.91,1481.24,1476.14,1470.24,1463.17,1456.28,1450.22,1444.74,1439.42,1434.48,1430.39,1426.75,1423.22,1419.52,1415.60,1411.69,1407.99,1404.69,1401.61,1398.26,1394.46,1390.34,1387.03,1384.18,1381.76,1379.55,1376.58,1372.61,1368.17,1363.08,1356.70,1349.94,1345.29,1344.31,1347.69,1351.84,1356.14,1358.83,1359.07,1356.42,1352.76,1348.49,1343.92,1339.18,1334.32,1330.45,1327.84,1326.76,1327.48,1330.36,1333.60,1336.56,1339.07,1341.14,1343.55,1346.03,1348.31,1350.59,1352.72,1355.92,1360.36,1365.14,1369.20,1372.10,1374.81,1378.32,1381.39,1384.21,1386.77,1389.31,1392.55,1395.63,1398.93,1402.99,1408.49,1412.93,1416.88,1420.69,1424.55,1428.58,1434.90,1441.49,1447.32,1452.14,1456.53,1460.37,1463.59,1465.78,1466.40,1464.64,1461.51,1457.83,1455.03,1454.10,1454.38,1455.20,1455.72,1455.43,1454.88,1454.13,1453.06,1451.47,1450.72,1452.36,1457.18,1465.06,1471.02,1475.58,1479.63,1483.96,1488.73,1493.34,1497.88,1502.24,1505.66,1508.65,1511.27,1513.65,1516.05,1518.74,1521.54,1524.10,1526.13,1527.84,1529.64,1532.29,1536.10,1540.92,1546.89,1552.90,1558.35,1562.85,1567.25,1574.26,1581.10,1585.93,1589.56,1592.86,1596.12,1599.40,1602.72,1605.83,1608.05,1609.77,1611.33,1612.60,1613.52,1614.27,1615.00,1616.01,1617.26,1618.91,1621.15,1624.45,1629.23,1633.89,1638.36,1642.62,1646.40,1649.58,1652.27,1654.57,1656.51,1658.39,1660.08,1661.54,1662.75,1663.73,1664.62,1665.38,1665.92,1666.13,1665.91,1665.67,1665.30,1664.58,1664.31,1665.42,1667.08,1668.74,1670.50,1672.38,1674.44,1676.65,1678.84,1680.66,1681.65,1682.20,1682.71,1683.33,1683.76,1683.84,1683.51,1682.82,1681.10,1678.38,1675.06,1671.66,1668.27,1664.73,1661.44,1658.56,1655.38,1653.97,1653.14,1652.28,1651.14,1649.46,1646.77,1643.65,1640.26,1634.47,1628.35,1622.34,1616.57,1611.63,1610.30,1611.82,1614.93
1589.11,1588.83,1588.48,1588.08,1587.39,1586.34,1585.34,1583.86,1582.20,1580.51,1578.89,1577.34,1575.79,1574.18,1572.46,1570.66,1568.63,1566.56,1564.49,1562.29,1559.62,1556.32,1552.56,1548.62,1544.68,1540.65,1536.26,1531.39,1526.56,1521.62,1517.10,1512.94,1508.58,1504.22,1499.68,1495.10,1490.66,1486.39,1482.09,1476.89,1470.34,1462.63,1455.45,1449.61,1444.91,1440.97,1437.66,1434.67,1431.30,1427.27,1423.58,1420.25,1417.04,1413.75,1410.20,1406.60,1403.30,1399.98,1396.28,1392.60,1388.90,1385.63,1382.76,1379.22,1374.48,1369.39,1363.86,1357.30,1350.54,1347.32,1348.20,1352.88,1357.51,1361.51,1363.68,1363.50,1360.61,1356.53,1352.42,1348.36,1344.04,1339.32,1335.44,1332.46,1330.44,1329.51,1330.40,1332.27,1334.38,1336.13,1338.03,1340.12,1342.08,1343.85,1346.18,1348.37,1351.09,1354.66,1359.08,1363.37,1366.48,1369.27,1372.82,1376.13,1378.97,1381.77,1384.80,1387.98,1391.59,1395.27,1399.19,1404.00,1409.06,1413.73,1418.23,1422.67,1426.56,1432.03,1438.12,1444.03,1448.85,1453.22,1456.56,1458.82,1459.85,1459.64,1457.45,1454.45,1451.44,1449.15,1448.07,1448.11,1448.87,1449.63,1449.69,1449.36,1448.88,1448.27,1447.16,1446.66,1448.09,1452.43,1460.27,1467.03,1472.23,1476.39,1480.21,1484.70,1489.52,1494.43,1499.13,1502.99,1505.98,1508.62,1511.10,1513.49,1516.17,1519.05,1521.65,1523.63,1525.30,1527.16,1529.61,1533.39,1539.79,1545.33,1550.34,1555.05,1559.49,1563.74,1569.41,1575.70,1581.60,1585.81,1589.37,1592.74,1596.11,1599.45,1602.33,1604.40,1605.89,1606.96,1607.86,1608.60,1609.39,1610.43,1611.97,1613.65,1615.51,1617.70,1620.64,1624.99,1629.80,1634.39,1638.45,1642.24,1645.57,1648.48,1650.93,1652.83,1654.75,1656.58,1658.23,1659.59,1660.73,1661.80,1662.64,1663.19,1663.44,1663.34,1663.19,1662.97,1662.56,1662.70,1663.77,1665.33,1667.12,1669.16,1671.36,1673.64,1675.87,1677.78,1679.47,1680.67,1681.53,1682.20,1682.72,1683.13,1683.29,1683.09,1682.50,1680.56,1677.83,1674.75,1671.56,1668.15,1664.58,1661.37,1658.79,1656.24,1654.61,1653.41,1652.34,1651.05,1648.65,1645.36,1641.73,1637.88,1632.33,1626.51,1620.99,1616.39,1614.03,1614.36,1617.05,1620.96
1591.38,1591.06,1590.69,1590.26,1589.66,1588.83,1587.90,1586.50,1584.88,1583.20,1581.57,1579.98,1578.31,1576.53,1574.62,1572.71,1570.48,1568.17,1565.86,1563.49,1560.59,1557.10,1553.14,1548.81,1544.51,1540.26,1535.65,1530.57,1525.79,1521.18,1516.78,1512.52,1508.24,1503.93,1499.52,1495.08,1490.75,1486.69,1482.74,1477.45,1470.26,1462.12,1455.00,1449.68,1445.97,1443.62,1442.01,1440.08,1436.99,1432.58,1428.75,1425.58,1422.75,1419.80,1416.04,1412.02,1408.47,1405.14,1401.56,1397.65,1393.32,1389.28,1385.63,1381.56,1376.25,1370.64,1364.72,1357.94,1351.26,1349.79,1352.57,1358.10,1362.90,1366.57,1368.43,1368.06,1365.06,1360.46,1356.27,1352.56,1348.81,1344.42,1340.75,1337.76,1335.34,1333.41,1332.50,1332.92,1334.03,1334.87,1336.37,1337.93,1339.25,1340.48,1342.73,1345.05,1347.31,1349.79,1353.20,1357.11,1360.31,1363.20,1366.49,1369.75,1372.64,1375.77,1379.33,1382.67,1387.05,1391.45,1395.51,1399.31,1404.50,1409.74,1414.99,1420.18,1424.20,1428.85,1434.36,1440.21,1444.95,1449.27,1452.12,1453.53,1453.53,1452.73,1450.57,1448.19,1446.14,1443.97,1442.20,1441.64,1442.19,1443.26,1443.83,1443.74,1443.51,1443.41,1442.92,1442.97,1444.37,1448.01,1455.09,1462.19,1468.10,1472.72,1476.32,1480.49,1485.47,1490.59,1495.44,1499.75,1503.11,1505.95,1508.50,1510.87,1513.62,1516.44,1519.00,1521.02,1522.78,1524.81,1527.10,1530.84,1538.71,1543.94,1548.05,1551.99,1556.26,1560.60,1564.90,1570.26,1576.76,1581.69,1585.64,1589.27,1592.83,1596.24,1598.80,1600.60,1601.76,1602.34,1602.88,1603.51,1604.54,1606.13,1608.29,1610.47,1612.70,1615.03,1617.67,1621.37,1626.21,1630.96,1634.91,1638.47,1641.71,1644.70,1647.28,1649.07,1650.97,1652.85,1654.58,1656.02,1657.35,1658.59,1659.55,1660.15,1660.47,1660.54,1660.45,1660.31,1660.25,1660.82,1661.94,1663.53,1665.58,1667.93,1670.44,1672.85,1674.97,1676.57,1678.11,1679.47,1680.60,1681.42,1681.90,1682.29,1682.47,1682.33,1681.72,1679.56,1676.83,1673.91,1670.86,1667.54,1664.07,1660.92,1658.43,1656.44,1654.50,1652.88,1651.57,1650.08,1646.91,1643.10,1639.09,1634.82,1629.70,1624.77,1620.40,1617.49,1617.99,1619.73,1623.25,1627.65
1593.61,1593.25,1592.91,1592.30,1591.61,1590.96,1590.15,1589.02,1587.58,1585.93,1584.27,1582.79,1581.14,1579.34,1577.47,1575.65,1572.90,1569.93,1567.06,1564.37,1561.28,1557.67,1553.61,1549.13,1544.36,1539.75,1535.26,1530.71,1525.80,1520.90,1516.49,1512.50,1508.41,1503.90,1499.46,1495.10,1490.80,1486.76,1482.93,1477.31,1469.55,1461.89,1455.80,1451.64,1449.20,1448.27,1447.54,1445.80,1443.05,1439.43,1435.54,1431.22,1427.57,1424.63,1421.64,1418.84,1415.00,1410.49,1405.93,1401.81,1397.23,1392.54,1387.93,1383.26,1377.81,1371.92,1365.47,1358.25,1352.54,1353.30,1357.48,1362.46,1366.86,1371.27,1373.82,1373.67,1370.57,1365.62,1360.61,1356.31,1353.04,1349.57,1346.49,1343.74,1341.49,1340.18,1339.32,1339.13,1339.35,1339.52,1339.84,1340.21,1340.91,1342.14,1343.43,1345.26,1347.06,1348.61,1350.02,1352.47,1355.17,1357.72,1359.90,1361.96,1364.90,1368.35,1372.10,1376.12,1381.30,1387.25,1392.80,1396.18,1399.89,1404.75,1410.39,1416.17,1420.88,1425.33,1430.13,1435.25,1440.08,1444.35,1447.04,1448.26,1448.20,1447.57,1446.19,1444.42,1442.20,1438.92,1435.23,1433.57,1434.17,1436.12,1437.47,1437.71,1437.67,1437.91,1437.77,1438.70,1440.59,1443.79,1449.40,1455.71,1462.08,1467.83,1472.28,1476.61,1481.60,1486.37,1490.54,1494.93,1499.65,1503.28,1505.82,1508.14,1510.49,1513.06,1515.65,1517.97,1519.84,1521.79,1524.27,1528.53,1536.81,1542.34,1546.31,1549.78,1553.54,1557.93,1562.17,1566.41,1571.07,1576.74,1581.45,1585.63,1589.52,1593.11,1595.34,1596.58,1597.29,1597.73,1598.16,1598.91,1600.44,1602.75,1605.16,1607.73,1610.42,1613.17,1615.96,1619.05,1623.49,1628.37,1632.82,1636.06,1638.71,1641.34,1643.84,1645.58,1647.48,1649.15,1650.56,1651.77,1653.07,1654.28,1655.33,1656.13,1656.52,1656.90,1657.01,1656.99,1657.27,1658.13,1659.80,1661.99,1664.52,1667.17,1669.75,1671.94,1673.77,1675.47,1677.00,1678.23,1679.20,1679.93,1680.56,1680.96,1681.03,1680.63,1679.57,1677.57,1675.11,1672.38,1669.39,1666.20,1662.92,1659.78,1657.05,1654.76,1652.92,1651.38,1649.89,1647.84,1644.01,1639.89,1635.76,1631.51,1627.36,1624.58,1622.47,1621.66,1624.64,1627.79,1631.18,1634.64
1595.85,1595.44,1594.95,1594.22,1593.48,1592.84,1592.17,1591.16,1589.93,1588.58,1587.15,1585.75,1584.11,1582.32,1580.49,1578.68,1575.75,1572.21,1568.57,1565.50,1562.20,1558.45,1554.27,1549.68,1544.77,1540.02,1535.63,1531.41,1526.27,1521.09,1516.65,1512.87,1508.95,1504.23,1499.53,1495.06,1490.86,1486.88,1483.13,1477.73,1470.45,1463.77,1458.59,1455.55,1454.03,1453.04,1452.09,1450.35,1447.96,1444.97,1441.19,1436.73,1432.66,1429.20,1426.06,1423.46,1419.88,1415.30,1410.16,1405.40,1400.42,1395.28,1390.09,1384.99,1379.20,1373.14,1366.49,1359.05,1355.14,1357.08,1361.46,1366.11,1371.45,1376.19,1378.98,1379.22,1376.39,1371.68,1366.30,1361.44,1358.12,1355.59,1353.23,1350.87,1348.68,1347.29,1346.50,1346.04,1345.79,1345.68,1345.56,1345.45,1345.84,1346.97,1347.82,1349.36,1350.69,1351.41,1351.67,1352.94,1354.44,1356.01,1357.68,1359.12,1361.16,1363.74,1366.91,1371.02,1376.17,1382.34,1388.53,1392.92,1396.15,1400.21,1405.39,1411.39,1416.61,1420.84,1425.17,1429.96,1434.96,1439.25,1442.00,1443.29,1443.23,1442.66,1441.33,1439.29,1436.38,1432.47,1429.02,1427.45,1427.88,1429.83,1431.32,1431.65,1431.72,1432.24,1432.80,1434.59,1437.00,1440.24,1445.40,1451.00,1456.88,1462.59,1467.54,1472.00,1476.95,1481.85,1486.28,1490.25,1494.81,1499.12,1502.72,1505.16,1507.40,1509.74,1512.11,1514.33,1516.25,1518.42,1521.35,1526.04,1534.12,1540.43,1544.62,1547.69,1550.91,1554.95,1559.28,1563.30,1567.12,1572.13,1576.97,1581.34,1585.29,1588.90,1591.25,1592.48,1593.10,1593.49,1594.01,1594.93,1596.68,1599.34,1602.39,1605.35,1608.42,1611.52,1614.46,1617.36,1621.18,1625.72,1630.36,1633.65,1636.03,1638.24,1640.39,1642.20,1644.13,1645.73,1647.00,1648.04,1649.04,1650.04,1651.05,1651.92,1652.35,1652.81,1653.12,1653.44,1654.20,1655.56,1657.81,1660.53,1663.43,1666.30,1669.00,1671.15,1672.82,1674.45,1675.88,1676.95,1677.81,1678.56,1679.00,1679.22,1679.12,1678.55,1677.40,1675.57,1673.28,1670.63,1667.65,1664.56,1661.44,1658.42,1655.63,1653.09,1651.17,1649.52,1647.80,1645.47,1641.93,1638.05,1634.12,1630.38,1627.70,1626.81,1626.62,1627.28,1630.59,1633.82,1636.76,1639.38
1598.06,1597.61,1596.83,1596.04,1595.27,1594.58,1594.05,1593.06,1592.09,1591.20,1590.14,1588.82,1587.16,1585.35,1583.55,1581.67,1578.81,1574.95,1570.55,1566.99,1563.42,1559.48,1555.14,1550.43,1545.58,1540.88,1536.58,1532.46,1527.07,1521.66,1517.16,1513.50,1509.69,1504.77,1499.74,1495.09,1491.04,1487.18,1483.58,1478.85,1472.87,1467.55,1463.16,1460.92,1459.78,1457.82,1455.92,1454.01,1451.93,1449.40,1445.93,1441.97,1437.76,1433.51,1429.65,1426.55,1423.40,1419.45,1414.11,1408.52,1403.07,1397.63,1392.15,1386.74,1380.48,1374.30,1367.74,1360.45,1358.63,1360.93,1364.86,1369.59,1376.38,1381.11,1383.91,1384.65,1382.35,1378.20,1372.84,1367.53,1363.78,1362.04,1360.53,1358.78,1356.76,1355.04,1354.25,1353.65,1353.12,1352.88,1352.68,1352.49,1352.76,1353.76,1354.71,1356.19,1357.06,1357.01,1356.62,1356.79,1356.75,1357.22,1359.09,1360.39,1361.10,1362.13,1364.13,1367.57,1371.85,1377.16,1383.21,1389.15,1392.62,1395.83,1400.09,1405.86,1411.32,1415.51,1419.70,1424.41,1429.55,1433.88,1436.78,1438.23,1438.16,1437.42,1435.57,1432.72,1428.94,1424.85,1422.92,1422.21,1422.43,1423.89,1425.23,1425.66,1425.88,1426.62,1427.96,1430.50,1433.50,1437.14,1442.49,1447.55,1452.41,1457.35,1462.52,1467.10,1471.92,1477.16,1482.34,1485.79,1489.31,1494.00,1498.92,1501.65,1504.10,1506.31,1508.30,1510.10,1512.10,1514.77,1518.35,1523.42,1530.95,1538.14,1542.79,1545.68,1548.42,1551.85,1556.23,1560.55,1564.29,1567.95,1572.45,1576.70,1580.49,1584.00,1586.68,1588.20,1588.93,1589.28,1589.91,1591.01,1592.85,1595.70,1599.64,1603.06,1606.46,1609.86,1613.00,1615.95,1619.11,1622.95,1627.41,1630.96,1633.33,1635.16,1636.83,1638.63,1640.55,1642.21,1643.57,1644.60,1645.20,1645.92,1646.80,1647.66,1648.11,1648.53,1649.06,1649.85,1651.19,1653.16,1655.97,1659.13,1662.31,1665.28,1668.13,1670.36,1672.01,1673.47,1674.75,1675.67,1676.48,1677.30,1677.36,1677.30,1676.97,1676.28,1675.26,1673.55,1671.27,1668.59,1665.60,1662.64,1659.71,1656.86,1654.15,1651.49,1649.40,1647.52,1645.56,1643.18,1640.44,1637.13,1633.70,1630.92,1629.96,1630.64,1631.91,1633.54,1635.89,1638.44,1640.73,1642.62
1600.07,1599.56,1598.59,1597.74,1597.01,1596.36,1595.83,1595.07,1594.49,1594.02,1593.17,1591.94,1590.18,1588.22,1586.32,1584.28,1581.73,1578.39,1574.19,1569.53,1565.48,1561.22,1556.53,1551.40,1546.54,1542.24,1538.07,1533.57,1528.18,1522.68,1518.06,1514.26,1510.39,1505.32,1500.25,1495.69,1491.88,1488.29,1485.33,1481.93,1477.97,1474.59,1470.76,1467.64,1465.08,1462.36,1459.38,1456.97,1454.79,1452.46,1449.70,1446.07,1441.75,1437.13,1432.90,1429.00,1425.43,1421.59,1416.76,1410.90,1405.23,1399.69,1394.14,1388.37,1381.67,1375.39,1369.37,1363.52,1362.42,1364.27,1368.41,1374.63,1380.92,1385.21,1388.32,1389.88,1388.01,1384.15,1379.25,1374.07,1369.53,1367.73,1367.35,1367.00,1366.23,1365.38,1364.54,1363.26,1361.84,1360.91,1360.01,1359.36,1359.38,1360.54,1362.84,1364.68,1365.16,1364.29,1362.81,1361.40,1360.42,1361.35,1365.26,1366.94,1367.42,1367.54,1367.71,1368.36,1369.85,1373.03,1377.68,1382.97,1387.07,1390.64,1394.40,1398.75,1403.46,1408.93,1414.02,1418.55,1423.29,1427.44,1430.22,1431.52,1431.17,1429.51,1426.59,1423.01,1419.15,1415.69,1414.58,1414.56,1415.19,1416.67,1418.82,1420.18,1421.03,1421.87,1423.07,1425.89,1429.66,1434.17,1439.62,1444.64,1449.03,1453.40,1458.47,1463.20,1467.61,1472.50,1477.87,1481.89,1485.12,1488.71,1492.60,1495.99,1499.47,1502.00,1503.55,1504.55,1507.01,1510.70,1515.25,1520.80,1527.86,1534.66,1539.97,1543.80,1546.39,1549.22,1553.01,1557.23,1561.38,1564.87,1568.66,1572.38,1575.91,1579.19,1581.61,1583.07,1583.77,1583.86,1584.05,1585.11,1587.38,1590.99,1595.63,1599.99,1603.76,1607.30,1611.05,1614.10,1616.93,1619.89,1623.20,1626.82,1629.38,1631.23,1632.59,1633.57,1635.09,1637.06,1639.12,1640.79,1641.48,1642.09,1642.80,1643.59,1644.26,1644.86,1645.68,1646.91,1648.78,1651.34,1654.52,1657.92,1661.19,1663.96,1666.63,1669.06,1671.08,1672.47,1673.62,1674.55,1675.41,1676.14,1675.94,1675.73,1675.24,1674.33,1673.17,1671.34,1668.70,1665.63,1662.69,1660.22,1657.65,1654.97,1652.32,1650.08,1648.01,1645.97,1643.89,1641.67,1639.25,1636.38,1633.94,1633.03,1633.40,1634.74,1636.41,1638.26,1640.39,1642.58,1644.29,1645.57
1601.95,1601.39,1600.36,1599.53,1598.86,1598.32,1597.85,1597.35,1597.07,1596.85,1596.21,1595.06,1593.23,1591.11,1588.99,1586.73,1584.31,1581.41,1577.67,1572.61,1568.01,1563.38,1558.39,1552.95,1547.83,1543.70,1539.61,1534.84,1529.47,1523.92,1519.06,1514.93,1510.82,1505.99,1501.70,1498.02,1494.81,1491.83,1489.11,1486.25,1483.40,1481.27,1478.09,1474.51,1470.87,1467.24,1463.23,1460.15,1457.60,1455.20,1452.82,1449.49,1445.21,1440.36,1435.66,1430.95,1426.89,1423.06,1418.67,1412.78,1407.07,1401.57,1396.05,1389.97,1383.05,1376.70,1371.11,1366.63,1366.28,1368.31,1372.72,1379.43,1384.97,1389.18,1392.75,1395.07,1393.90,1390.33,1385.74,1380.66,1375.79,1373.83,1373.89,1374.39,1374.62,1374.38,1373.25,1371.30,1369.14,1367.68,1366.30,1365.47,1365.56,1367.17,1370.64,1372.67,1372.76,1371.17,1368.71,1366.04,1364.59,1365.86,1370.74,1372.90,1373.52,1373.35,1372.57,1371.38,1370.91,1372.04,1374.57,1377.97,1381.63,1384.99,1388.10,1391.31,1395.65,1401.64,1407.20,1411.88,1416.56,1420.59,1423.09,1424.00,1423.11,1420.66,1417.02,1413.19,1409.89,1407.79,1407.62,1408.39,1409.65,1411.31,1413.78,1415.73,1417.09,1418.03,1419.01,1421.68,1425.45,1430.27,1436.43,1441.77,1445.99,1449.99,1454.89,1460.02,1464.28,1468.66,1473.53,1477.78,1480.93,1483.70,1486.60,1490.10,1493.74,1496.36,1497.97,1499.20,1502.32,1507.18,1512.78,1518.78,1525.19,1530.97,1536.45,1541.17,1544.27,1546.84,1550.01,1553.86,1558.13,1561.76,1565.19,1568.55,1571.80,1574.67,1576.73,1578.02,1578.61,1578.50,1578.39,1579.52,1582.15,1586.32,1591.57,1596.66,1600.77,1604.48,1608.63,1612.00,1614.72,1617.05,1619.35,1622.41,1624.72,1626.36,1627.43,1627.99,1629.19,1631.36,1633.92,1636.10,1637.05,1637.77,1638.51,1639.30,1640.07,1640.91,1642.30,1644.23,1646.61,1649.71,1653.21,1656.83,1660.24,1662.86,1665.36,1667.83,1670.05,1671.46,1672.52,1673.46,1674.31,1674.86,1674.52,1674.17,1673.54,1672.47,1671.10,1669.00,1665.97,1662.65,1660.03,1657.96,1655.70,1653.23,1650.78,1648.81,1646.78,1644.66,1642.53,1640.47,1638.31,1636.27,1635.14,1635.81,1637.18,1638.99,1640.90,1642.83,1644.80,1646.57,1647.78,1648.63
1603.67,1603.11,1602.21,1601.48,1600.93,1600.55,1600.26,1600.03,1599.85,1599.67,1599.28,1598.13,1596.31,1594.07,1591.60,1589.04,1586.40,1583.62,1580.45,1576.21,1571.07,1565.97,1560.87,1555.30,1549.59,1545.22,1541.09,1536.32,1530.96,1525.33,1520.13,1515.43,1510.94,1506.92,1504.53,1502.80,1500.73,1498.83,1495.64,1492.01,1488.72,1486.64,1484.25,1481.24,1477.47,1472.71,1467.76,1463.83,1460.61,1457.81,1455.21,1452.14,1448.11,1443.15,1437.74,1432.29,1427.85,1423.99,1419.79,1414.09,1408.53,1403.22,1397.85,1391.57,1384.73,1378.37,1372.94,1369.46,1370.22,1373.46,1378.06,1383.47,1388.39,1393.17,1397.39,1400.28,1400.19,1397.02,1392.35,1387.26,1382.82,1380.75,1380.19,1380.47,1381.02,1380.61,1378.91,1376.43,1373.91,1372.30,1370.94,1370.45,1371.14,1373.53,1377.59,1379.43,1379.11,1377.02,1373.81,1370.55,1369.09,1370.16,1373.98,1376.63,1377.70,1378.02,1377.81,1376.74,1376.07,1375.61,1375.33,1375.52,1377.07,1379.05,1381.19,1383.91,1388.66,1393.67,1398.80,1404.07,1409.33,1413.34,1415.44,1415.66,1413.92,1411.10,1407.44,1404.14,1402.18,1402.31,1403.43,1405.18,1407.24,1409.17,1411.05,1412.85,1414.39,1415.51,1416.36,1418.27,1420.88,1425.00,1432.77,1438.81,1443.20,1447.07,1451.76,1457.62,1462.24,1466.05,1469.54,1473.21,1476.40,1479.16,1481.71,1484.39,1486.76,1489.01,1491.46,1494.50,1498.51,1504.58,1511.24,1517.63,1523.10,1527.28,1532.13,1537.39,1541.84,1544.69,1547.41,1550.58,1554.35,1558.36,1562.00,1565.35,1568.32,1570.56,1572.27,1573.27,1573.66,1573.53,1573.48,1574.92,1577.74,1582.00,1587.77,1593.15,1597.54,1601.45,1605.60,1609.62,1612.47,1614.59,1616.34,1618.00,1619.34,1620.33,1621.10,1622.03,1623.18,1625.29,1627.88,1630.21,1631.56,1632.67,1633.71,1634.64,1635.28,1636.38,1638.75,1641.79,1644.63,1648.25,1652.05,1655.89,1659.53,1662.18,1664.57,1666.86,1668.93,1670.46,1671.50,1672.39,1673.11,1673.41,1673.03,1672.54,1671.81,1670.68,1669.05,1666.54,1663.21,1659.95,1658.02,1656.14,1654.05,1651.92,1649.86,1647.81,1645.79,1643.69,1641.57,1639.61,1637.73,1637.09,1637.63,1639.16,1641.19,1643.39,1645.55,1647.55,1649.26,1650.42,1651.26,1651.91
1605.11,1605.22,1604.67,1604.09,1603.66,1603.40,1603.21,1603.04,1602.91,1602.74,1602.31,1601.21,1599.15,1596.62,1593.99,1591.16,1588.27,1585.43,1582.52,1579.01,1574.00,1568.64,1563.27,1557.76,1551.42,1546.51,1542.11,1537.39,1532.29,1526.52,1520.98,1516.23,1512.88,1510.22,1509.03,1508.31,1506.99,1505.50,1502.65,1499.21,1495.72,1492.77,1489.84,1486.62,1482.91,1478.34,1472.80,1467.76,1463.59,1460.44,1457.95,1454.80,1450.47,1445.06,1439.18,1433.37,1428.63,1424.62,1420.51,1414.79,1409.30,1404.21,1399.11,1392.86,1386.22,1380.13,1375.78,1374.84,1374.75,1377.16,1381.44,1386.93,1392.32,1397.92,1402.76,1405.95,1406.06,1403.41,1398.93,1394.09,1390.34,1388.14,1387.29,1386.87,1386.31,1384.98,1382.68,1379.92,1377.37,1375.92,1374.95,1374.77,1375.74,1378.30,1382.06,1384.05,1383.91,1381.70,1377.89,1374.41,1372.55,1373.11,1376.71,1380.20,1382.22,1383.34,1383.82,1383.64,1383.14,1382.30,1381.32,1380.61,1380.57,1380.93,1381.38,1382.18,1384.78,1388.60,1392.82,1397.26,1402.08,1405.75,1407.50,1407.49,1405.90,1403.84,1401.44,1400.01,1400.25,1401.74,1403.86,1406.21,1408.62,1410.90,1412.95,1414.88,1416.61,1417.89,1418.35,1418.88,1419.89,1422.51,1429.02,1434.82,1439.74,1444.21,1448.88,1454.59,1459.48,1463.15,1465.66,1468.22,1471.34,1473.96,1476.04,1478.36,1481.79,1484.81,1487.78,1491.40,1495.91,1501.87,1508.47,1515.01,1520.43,1524.24,1528.19,1532.64,1537.39,1541.86,1544.94,1547.74,1550.98,1554.70,1558.50,1561.89,1564.61,1566.31,1567.41,1568.20,1568.63,1568.70,1569.30,1571.18,1574.44,1579.10,1584.76,1589.91,1594.21,1598.02,1601.90,1605.87,1609.13,1611.59,1613.22,1614.37,1615.22,1615.87,1616.50,1617.42,1618.63,1620.63,1623.09,1625.52,1627.13,1628.37,1629.44,1630.30,1630.83,1631.86,1634.79,1638.95,1642.99,1647.04,1651.07,1655.11,1658.98,1661.91,1664.40,1666.72,1668.79,1670.28,1671.28,1672.14,1672.66,1672.48,1671.95,1671.35,1670.39,1668.93,1666.99,1664.58,1662.06,1659.85,1658.45,1656.99,1655.48,1653.76,1651.73,1649.75,1647.81,1645.63,1643.19,1640.76,1638.64,1638.57,1640.07,1642.42,1644.81,1647.15,1649.39,1651.41,1652.84,1653.70,1654.35,1654.87
1606.45,1607.26,1607.17,1606.84,1606.59,1606.46,1606.32,1606.16,1606.05,1605.88,1605.35,1604.31,1602.02,1599.15,1596.29,1593.17,1590.04,1587.08,1584.29,1581.33,1576.74,1571.22,1565.53,1560.13,1553.45,1548.03,1543.29,1538.56,1533.60,1527.82,1522.39,1518.21,1516.38,1515.02,1514.43,1513.97,1512.97,1511.61,1509.23,1506.19,1502.66,1498.84,1495.14,1491.52,1487.88,1483.81,1477.99,1471.84,1466.60,1463.04,1460.66,1457.32,1452.52,1446.53,1440.23,1434.31,1429.35,1425.14,1421.06,1415.34,1409.89,1404.95,1400.07,1393.94,1387.60,1382.50,1379.98,1381.32,1379.92,1380.69,1384.19,1390.07,1396.20,1402.61,1408.03,1411.48,1411.58,1409.36,1405.30,1400.92,1397.70,1395.41,1394.17,1392.85,1390.95,1388.65,1385.92,1383.24,1381.06,1380.00,1379.52,1379.64,1380.71,1383.15,1386.39,1388.46,1388.46,1386.15,1381.83,1378.07,1375.64,1375.67,1379.41,1383.93,1387.05,1389.11,1390.40,1391.14,1390.79,1389.80,1388.64,1387.79,1386.69,1385.70,1384.60,1383.49,1383.63,1386.06,1388.96,1391.90,1395.53,1398.57,1400.05,1400.16,1399.28,1398.53,1398.01,1398.66,1400.78,1403.07,1405.81,1408.47,1411.03,1413.68,1416.13,1418.38,1420.43,1422.02,1422.24,1421.61,1421.14,1421.94,1425.88,1430.63,1435.76,1440.84,1445.58,1450.90,1455.77,1459.28,1461.14,1462.75,1465.73,1468.20,1469.96,1472.23,1477.03,1481.36,1485.11,1488.86,1493.49,1498.88,1504.95,1511.31,1516.85,1520.90,1524.35,1527.95,1532.54,1538.44,1542.21,1545.00,1547.84,1551.09,1554.83,1558.13,1560.57,1561.79,1562.35,1563.00,1563.62,1564.16,1565.63,1568.05,1571.81,1576.85,1582.25,1587.00,1590.98,1594.53,1598.06,1601.66,1605.14,1607.91,1609.59,1610.62,1611.26,1611.79,1612.37,1613.29,1614.65,1616.59,1618.91,1621.33,1623.04,1624.37,1625.43,1626.21,1626.73,1628.09,1631.59,1636.56,1641.62,1645.99,1650.20,1654.45,1658.57,1661.84,1664.50,1666.93,1669.09,1670.53,1671.45,1672.26,1672.57,1671.88,1671.16,1670.39,1669.23,1667.53,1665.49,1663.49,1661.96,1660.82,1659.83,1658.80,1657.88,1656.59,1654.63,1652.76,1650.80,1648.44,1645.64,1642.67,1640.20,1640.47,1642.70,1645.68,1648.31,1650.71,1652.97,1654.97,1656.18,1656.91,1657.45,1657.92
1607.81,1608.69,1609.17,1609.37,1609.49,1609.56,1609.43,1609.28,1609.16,1608.99,1608.47,1607.47,1605.21,1602.08,1598.50,1595.00,1591.64,1588.57,1585.78,1582.86,1578.96,1573.48,1567.40,1562.07,1556.10,1550.62,1545.54,1540.54,1535.01,1529.67,1525.88,1523.89,1523.31,1522.54,1521.15,1519.39,1517.65,1516.12,1513.84,1510.98,1507.63,1503.93,1500.06,1496.22,1492.46,1488.56,1483.19,1476.12,1469.68,1465.49,1462.90,1459.36,1454.07,1447.38,1440.63,1435.01,1430.07,1425.63,1421.44,1415.94,1410.54,1405.47,1400.47,1394.62,1388.79,1386.76,1387.79,1388.88,1386.71,1385.17,1386.80,1392.65,1399.39,1406.33,1412.20,1415.99,1416.31,1414.14,1410.97,1407.47,1404.11,1401.75,1399.49,1397.09,1394.50,1391.82,1389.25,1387.65,1386.92,1386.63,1386.68,1387.08,1388.02,1389.88,1392.82,1394.34,1393.74,1390.94,1386.26,1381.63,1378.59,1378.39,1382.46,1388.40,1392.65,1395.80,1398.12,1399.10,1398.45,1396.81,1395.06,1394.30,1393.38,1392.26,1390.87,1389.35,1388.58,1389.13,1389.83,1390.40,1391.37,1393.18,1394.60,1395.51,1396.25,1397.48,1399.55,1401.70,1403.62,1405.86,1408.17,1410.52,1413.05,1416.01,1418.91,1421.79,1424.61,1427.00,1427.82,1427.39,1426.28,1425.04,1424.92,1426.85,1430.72,1435.61,1440.63,1445.65,1449.59,1452.40,1454.26,1456.11,1458.78,1461.18,1463.30,1466.13,1470.87,1477.19,1482.92,1486.57,1490.42,1495.13,1500.19,1505.41,1510.80,1515.88,1520.38,1524.43,1528.44,1533.76,1538.50,1542.22,1545.01,1547.93,1550.82,1553.55,1555.69,1556.49,1557.03,1557.71,1558.76,1560.48,1562.93,1566.13,1570.26,1575.31,1580.62,1584.86,1588.20,1591.21,1594.42,1597.29,1600.00,1602.41,1604.33,1605.64,1606.59,1607.33,1608.11,1609.39,1611.09,1613.19,1615.48,1617.61,1619.06,1620.53,1621.78,1622.67,1623.52,1626.91,1631.38,1636.15,1640.86,1645.21,1649.55,1654.01,1658.46,1662.02,1664.85,1667.47,1669.83,1671.35,1672.17,1672.81,1672.87,1671.87,1670.93,1669.84,1668.61,1667.31,1666.00,1664.83,1663.71,1662.70,1661.93,1661.13,1660.38,1659.46,1658.15,1656.33,1653.94,1651.23,1648.27,1645.09,1642.38,1643.16,1646.02,1649.01,1651.82,1654.30,1656.51,1658.38,1659.70,1660.45,1660.98,1661.64
1609.26,1610.23,1611.05,1611.57,1611.94,1612.23,1612.32,1612.21,1612.09,1611.92,1611.37,1610.38,1608.37,1605.33,1601.34,1597.40,1593.72,1590.32,1587.19,1584.18,1580.75,1575.44,1569.19,1563.71,1558.14,1552.86,1547.88,1543.06,1538.01,1533.78,1531.20,1530.13,1529.80,1529.14,1527.60,1525.61,1523.63,1521.56,1518.72,1515.49,1512.05,1508.40,1504.43,1500.17,1495.97,1492.20,1487.59,1480.46,1473.12,1467.55,1464.24,1460.34,1454.80,1447.88,1440.90,1435.66,1431.04,1426.78,1422.68,1417.12,1411.91,1406.52,1400.79,1395.65,1392.05,1392.58,1395.31,1395.96,1393.29,1390.00,1389.83,1395.04,1402.40,1409.46,1415.64,1420.02,1420.59,1418.59,1415.77,1412.66,1409.45,1406.82,1403.96,1400.84,1397.61,1394.71,1392.73,1392.32,1392.89,1393.27,1393.53,1393.93,1394.68,1396.16,1398.54,1399.41,1398.42,1395.50,1390.73,1385.81,1382.18,1381.60,1386.10,1392.65,1397.61,1401.43,1404.26,1405.37,1404.74,1402.88,1400.83,1399.91,1398.76,1397.41,1395.88,1394.26,1393.13,1393.06,1393.67,1394.52,1395.03,1395.94,1396.76,1397.59,1398.90,1401.27,1404.05,1406.30,1407.78,1409.49,1410.80,1412.32,1414.43,1417.56,1420.96,1424.53,1427.79,1430.16,1431.18,1431.30,1430.35,1428.56,1427.01,1426.71,1427.97,1430.73,1435.00,1439.06,1442.31,1444.76,1446.62,1448.84,1451.78,1454.81,1457.85,1461.36,1466.58,1473.53,1479.93,1484.01,1487.53,1491.47,1495.70,1500.18,1505.15,1510.72,1516.28,1521.37,1525.70,1530.46,1535.06,1538.81,1541.51,1544.22,1546.63,1548.85,1550.59,1551.20,1551.76,1552.58,1554.00,1556.52,1560.31,1564.46,1568.97,1573.88,1578.93,1582.78,1585.73,1588.32,1590.99,1593.37,1595.63,1597.77,1599.63,1600.94,1601.96,1602.86,1603.86,1605.32,1607.10,1609.41,1611.88,1613.96,1615.07,1616.47,1617.89,1619.24,1621.12,1626.50,1631.74,1636.24,1640.70,1645.02,1649.45,1654.13,1658.90,1662.73,1665.93,1668.64,1670.83,1672.32,1673.32,1674.01,1674.00,1672.93,1671.99,1670.58,1669.22,1668.14,1667.24,1666.47,1665.62,1664.76,1664.11,1663.39,1662.71,1661.96,1660.93,1659.25,1656.71,1653.72,1650.48,1647.20,1644.69,1645.80,1648.99,1652.25,1655.33,1658.07,1660.41,1662.30,1663.68,1664.52,1665.02,1665.63
1610.80,1611.87,1612.86,1613.54,1614.07,1614.57,1614.99,1614.99,1614.90,1614.71,1614.10,1613.06,1611.34,1608.63,1604.58,1600.22,1596.18,1592.31,1588.63,1585.41,1582.21,1577.12,1570.87,1565.10,1559.73,1554.84,1550.31,1546.13,1542.31,1539.54,1537.74,1536.63,1535.81,1534.85,1533.57,1532.05,1530.21,1527.48,1523.83,1519.94,1516.12,1512.37,1508.37,1503.60,1498.74,1494.96,1491.17,1484.63,1476.78,1469.47,1465.04,1460.63,1455.03,1448.28,1441.44,1436.92,1432.99,1429.15,1425.03,1419.07,1414.00,1408.11,1401.38,1397.27,1396.95,1399.42,1402.36,1402.42,1399.42,1394.98,1393.27,1397.32,1405.22,1412.11,1418.58,1423.77,1424.58,1422.83,1419.97,1416.86,1413.96,1410.95,1407.85,1404.36,1400.59,1397.56,1396.42,1397.18,1398.80,1399.68,1399.94,1400.11,1400.66,1401.89,1403.54,1403.72,1402.46,1399.64,1394.98,1390.18,1386.09,1385.12,1390.05,1396.60,1401.97,1406.18,1409.16,1410.41,1410.04,1408.32,1406.14,1404.80,1403.13,1401.47,1399.85,1398.28,1397.14,1397.50,1399.46,1402.25,1403.72,1404.05,1404.03,1404.20,1405.30,1408.04,1410.20,1411.70,1412.72,1413.69,1413.74,1414.11,1415.44,1418.40,1422.23,1426.50,1430.04,1431.91,1432.91,1433.75,1433.51,1432.25,1431.22,1429.45,1427.64,1427.26,1429.86,1432.30,1434.90,1437.14,1438.97,1441.60,1445.05,1449.04,1453.28,1457.65,1463.69,1470.34,1476.47,1481.20,1484.78,1488.00,1491.56,1495.67,1500.24,1505.98,1512.45,1518.75,1523.88,1528.14,1531.89,1535.05,1537.60,1540.15,1542.33,1544.12,1545.44,1546.07,1546.71,1547.82,1549.60,1552.63,1557.84,1562.94,1567.75,1572.40,1577.06,1580.58,1583.33,1585.62,1587.63,1589.72,1591.78,1593.72,1595.37,1596.58,1597.52,1598.53,1599.72,1601.18,1602.79,1605.24,1607.99,1610.20,1611.09,1612.41,1614.12,1616.29,1619.68,1626.70,1632.47,1636.74,1641.07,1645.34,1649.86,1654.76,1659.79,1663.87,1667.52,1670.20,1671.99,1673.42,1674.75,1675.63,1675.72,1674.78,1673.95,1672.34,1670.81,1669.77,1669.02,1668.31,1667.60,1666.92,1666.34,1665.60,1664.94,1664.20,1663.15,1661.62,1659.10,1655.91,1652.37,1649.06,1647.04,1648.40,1651.78,1655.47,1658.92,1662.00,1664.57,1666.53,1667.91,1668.86,1669.35,1669.78
1612.44,1613.59,1614.66,1615.49,1616.15,1616.74,1617.34,1617.64,1617.73,1617.52,1616.67,1615.29,1613.41,1610.91,1607.44,1603.17,1598.90,1594.67,1590.57,1586.96,1583.43,1578.22,1571.93,1566.07,1561.15,1556.75,1553.09,1550.31,1547.63,1545.68,1544.16,1542.78,1541.16,1539.49,1537.83,1536.21,1534.49,1532.00,1528.89,1524.92,1520.23,1515.86,1511.86,1507.06,1501.75,1496.95,1493.06,1487.40,1480.17,1472.32,1466.46,1461.34,1455.64,1449.43,1444.27,1442.43,1440.24,1436.52,1430.73,1423.47,1417.42,1410.88,1404.09,1401.04,1402.84,1406.10,1408.39,1407.29,1403.87,1399.56,1397.32,1399.81,1407.45,1414.23,1421.38,1427.73,1428.70,1426.98,1424.07,1420.85,1417.78,1414.70,1411.62,1408.30,1404.70,1401.39,1400.96,1402.36,1404.27,1405.14,1405.25,1405.28,1405.62,1406.45,1407.47,1407.15,1405.42,1402.28,1397.76,1392.90,1389.10,1388.47,1393.34,1399.81,1405.58,1410.20,1413.46,1415.39,1415.47,1413.84,1411.35,1409.22,1407.11,1405.23,1403.47,1401.83,1400.81,1402.20,1405.01,1408.05,1409.35,1409.59,1409.49,1409.56,1410.42,1412.55,1414.42,1415.90,1417.03,1417.78,1417.56,1417.06,1416.92,1418.21,1421.77,1426.60,1430.76,1432.97,1434.68,1436.03,1436.41,1435.93,1435.55,1434.10,1432.35,1431.04,1430.79,1430.43,1431.24,1432.63,1434.43,1437.12,1440.04,1443.81,1448.63,1454.67,1461.08,1467.71,1473.67,1478.21,1481.93,1485.09,1488.36,1492.30,1497.73,1504.35,1510.99,1517.03,1521.90,1525.65,1529.02,1531.92,1534.22,1536.29,1538.08,1539.63,1540.86,1541.56,1542.91,1544.71,1547.08,1550.57,1556.12,1561.36,1566.05,1570.33,1574.42,1577.49,1580.06,1582.23,1583.91,1585.73,1587.48,1589.25,1591.06,1592.74,1593.88,1594.99,1596.19,1597.41,1598.48,1600.49,1603.12,1605.72,1607.34,1609.43,1612.28,1616.06,1620.91,1627.90,1633.58,1637.91,1642.20,1646.48,1651.15,1656.09,1661.03,1665.32,1669.05,1671.58,1673.16,1674.76,1676.07,1677.06,1677.43,1676.80,1675.97,1674.70,1673.32,1672.06,1671.21,1670.49,1669.85,1669.24,1668.59,1667.88,1667.26,1666.49,1665.30,1663.52,1660.85,1657.61,1654.09,1650.80,1649.13,1651.08,1655.00,1658.97,1662.89,1666.17,1668.63,1670.30,1671.68,1672.71,1673.37,1673.88
1614.02,1615.29,1616.42,1617.42,1618.30,1619.11,1619.93,1620.47,1620.68,1620.43,1619.36,1617.57,1615.39,1612.90,1609.87,1605.86,1601.54,1597.12,1592.77,1588.82,1584.99,1579.93,1573.75,1567.30,1562.77,1559.14,1556.56,1555.10,1553.48,1552.13,1550.72,1548.99,1546.73,1544.67,1542.62,1540.59,1538.57,1536.24,1533.50,1529.65,1524.53,1519.24,1514.87,1510.05,1504.49,1498.60,1494.40,1489.39,1482.89,1475.06,1467.98,1462.35,1456.83,1451.60,1448.53,1448.69,1447.67,1444.09,1437.26,1428.74,1421.29,1413.98,1407.51,1405.74,1409.05,1412.42,1413.67,1411.48,1407.43,1403.34,1401.13,1402.97,1410.43,1416.91,1423.98,1430.61,1432.25,1431.03,1428.41,1425.22,1421.87,1418.64,1415.45,1412.27,1409.05,1405.94,1405.99,1407.61,1409.50,1410.42,1410.58,1410.80,1411.19,1411.72,1412.12,1411.10,1408.69,1405.01,1400.30,1395.50,1392.16,1391.90,1396.52,1403.06,1408.88,1413.63,1417.28,1419.93,1420.57,1419.19,1416.55,1413.73,1411.41,1409.16,1407.01,1405.21,1404.22,1406.27,1409.38,1412.21,1413.57,1413.95,1413.89,1413.92,1414.60,1416.18,1417.98,1419.66,1421.02,1421.69,1421.43,1420.43,1419.22,1418.90,1421.28,1425.89,1430.43,1433.35,1436.03,1438.05,1439.12,1439.39,1439.56,1438.99,1437.98,1436.55,1434.54,1432.28,1431.44,1431.67,1432.78,1434.59,1436.43,1439.50,1444.32,1451.25,1458.01,1464.68,1470.57,1475.03,1478.96,1482.34,1485.56,1489.36,1495.23,1502.55,1509.45,1515.27,1519.54,1522.93,1526.00,1528.64,1530.68,1532.35,1533.86,1535.37,1536.75,1537.74,1539.89,1542.54,1545.57,1549.38,1554.77,1559.64,1563.95,1567.78,1571.16,1573.61,1575.72,1577.56,1578.98,1580.76,1582.46,1584.18,1586.01,1587.96,1589.38,1590.74,1592.13,1593.38,1594.11,1595.67,1598.23,1601.55,1604.47,1607.78,1611.97,1617.13,1622.73,1629.18,1634.81,1639.53,1643.84,1648.18,1652.93,1657.82,1662.60,1666.98,1670.69,1673.14,1674.65,1676.30,1677.62,1678.80,1679.48,1679.16,1678.36,1677.23,1675.88,1674.45,1673.50,1672.79,1672.16,1671.54,1670.83,1670.15,1669.55,1668.73,1667.35,1665.20,1662.37,1659.15,1655.77,1652.66,1651.76,1654.30,1658.52,1662.63,1666.67,1669.84,1672.14,1673.69,1675.14,1676.32,1677.20,1677.78
1615.49,1616.90,1618.15,1619.34,1620.57,1621.83,1623.03,1623.65,1623.83,1623.51,1622.28,1620.10,1617.52,1614.73,1611.65,1608.10,1603.94,1599.57,1595.22,1591.10,1587.20,1582.85,1577.04,1569.12,1564.81,1562.38,1561.06,1560.55,1559.86,1558.98,1557.50,1555.37,1552.85,1551.06,1548.79,1546.00,1543.02,1540.45,1537.39,1533.76,1529.12,1522.62,1517.21,1512.22,1506.69,1499.93,1495.31,1490.46,1484.56,1477.32,1469.49,1463.70,1458.85,1455.21,1454.50,1454.92,1453.79,1450.44,1444.14,1434.71,1425.49,1417.27,1411.48,1411.37,1415.52,1418.19,1418.02,1415.03,1410.04,1405.88,1404.35,1407.21,1414.86,1420.69,1426.26,1431.65,1434.78,1434.95,1433.20,1430.29,1426.61,1423.04,1419.45,1416.17,1413.44,1411.42,1411.59,1412.86,1414.43,1415.67,1416.28,1417.20,1418.08,1418.49,1418.26,1416.17,1412.81,1408.37,1402.87,1398.40,1395.61,1395.51,1399.71,1406.61,1411.88,1416.33,1420.44,1423.76,1425.10,1424.26,1421.78,1418.58,1416.39,1413.47,1410.53,1408.47,1407.32,1409.22,1411.84,1414.25,1416.37,1417.10,1417.09,1417.02,1417.58,1419.03,1421.03,1423.06,1424.67,1425.32,1425.13,1424.18,1422.76,1421.42,1421.30,1424.40,1428.79,1432.80,1436.63,1439.66,1441.58,1442.46,1442.99,1443.73,1443.64,1442.74,1441.18,1438.87,1436.99,1435.73,1435.05,1434.50,1434.66,1436.62,1440.64,1446.89,1454.05,1460.81,1466.73,1471.58,1475.76,1479.63,1483.15,1486.77,1492.03,1499.52,1507.06,1513.14,1516.60,1519.87,1522.63,1524.90,1526.68,1528.20,1529.68,1531.42,1533.27,1534.87,1537.81,1541.43,1545.21,1549.06,1553.81,1557.75,1561.32,1564.60,1567.10,1568.67,1569.87,1570.95,1572.16,1574.24,1576.39,1578.24,1579.76,1581.44,1583.22,1585.07,1586.98,1588.79,1589.62,1590.97,1593.66,1598.20,1603.07,1608.07,1613.62,1619.55,1624.74,1630.31,1636.15,1641.69,1646.13,1650.53,1655.26,1660.03,1664.60,1668.92,1672.54,1675.04,1676.65,1678.11,1679.60,1681.12,1682.13,1682.03,1681.37,1679.89,1678.25,1676.81,1675.82,1675.18,1674.51,1673.77,1673.03,1672.38,1671.76,1670.85,1669.26,1666.68,1663.70,1660.58,1657.45,1654.76,1655.38,1658.37,1662.40,1666.45,1669.98,1672.62,1674.76,1676.58,1678.23,1679.68,1680.78,1681.34
1616.67,1618.39,1620.30,1622.16,1623.85,1625.29,1626.41,1626.92,1627.05,1626.72,1625.49,1623.32,1620.45,1617.29,1614.05,1610.40,1606.19,1601.92,1597.77,1593.76,1589.99,1585.89,1580.61,1573.42,1568.27,1566.11,1565.30,1564.79,1564.18,1563.26,1561.87,1559.98,1557.75,1556.33,1554.34,1551.42,1547.65,1544.40,1541.05,1537.28,1532.62,1526.38,1519.67,1513.77,1507.93,1500.90,1496.01,1491.30,1485.95,1479.36,1471.12,1465.50,1461.93,1460.15,1460.31,1460.27,1458.38,1454.33,1447.50,1437.55,1427.83,1420.08,1416.09,1418.20,1422.36,1424.27,1423.15,1419.04,1413.07,1408.66,1407.81,1411.85,1418.81,1423.74,1428.48,1433.50,1437.59,1439.26,1438.81,1436.74,1433.21,1429.07,1424.85,1420.92,1417.74,1416.09,1416.49,1417.90,1419.64,1421.08,1421.89,1422.53,1422.92,1422.81,1421.91,1419.71,1416.18,1411.43,1406.02,1401.56,1399.09,1399.37,1403.47,1409.68,1414.84,1419.43,1423.81,1427.58,1429.57,1429.35,1427.38,1424.43,1421.85,1418.65,1415.53,1413.16,1411.33,1412.36,1414.62,1417.23,1419.60,1420.89,1421.12,1420.91,1421.12,1422.39,1424.39,1426.58,1428.58,1429.78,1429.87,1428.70,1426.78,1424.93,1423.41,1424.59,1427.52,1431.27,1435.59,1439.69,1442.83,1444.86,1446.21,1447.58,1448.07,1447.76,1446.86,1445.44,1443.63,1441.47,1439.10,1437.12,1436.15,1436.32,1438.11,1442.82,1449.61,1456.14,1461.86,1466.60,1470.50,1474.20,1478.65,1483.89,1489.13,1495.95,1503.09,1509.31,1513.26,1516.12,1518.36,1520.38,1522.24,1523.67,1525.19,1527.16,1529.58,1532.40,1536.50,1540.71,1544.65,1548.31,1552.24,1555.58,1558.53,1561.09,1563.00,1564.15,1564.99,1565.78,1566.81,1568.40,1570.30,1572.07,1573.61,1575.51,1577.58,1579.68,1581.74,1583.70,1585.59,1588.67,1593.00,1598.52,1604.36,1610.34,1616.25,1621.82,1626.60,1632.80,1638.81,1644.09,1648.54,1653.01,1657.63,1662.24,1666.64,1670.68,1674.18,1676.80,1678.77,1680.88,1682.79,1684.44,1685.43,1685.30,1684.47,1682.88,1681.10,1679.47,1678.22,1677.49,1676.78,1676.02,1675.29,1674.59,1673.90,1672.78,1670.85,1668.16,1665.15,1662.06,1659.05,1656.68,1657.66,1661.28,1665.72,1669.44,1672.48,1674.98,1677.13,1678.99,1680.68,1682.25,1683.53,1684.22
1617.79,1619.99,1622.72,1625.26,1627.34,1628.82,1629.78,1630.21,1630.31,1630.00,1628.82,1626.81,1623.79,1620.34,1616.86,1612.91,1608.56,1604.36,1600.48,1596.65,1593.05,1589.16,1584.60,1578.94,1573.06,1570.72,1569.87,1568.96,1567.99,1566.80,1565.42,1563.84,1561.97,1560.86,1559.23,1556.50,1552.35,1548.07,1544.29,1540.20,1535.39,1529.81,1522.06,1515.08,1508.69,1501.67,1496.56,1491.91,1487.05,1481.20,1473.14,1467.87,1465.64,1465.61,1465.96,1465.07,1462.13,1457.05,1449.35,1439.03,1429.45,1422.99,1421.36,1425.20,1428.90,1430.05,1428.29,1423.36,1416.55,1411.78,1411.39,1416.37,1422.37,1426.68,1431.16,1436.26,1440.99,1444.00,1444.77,1443.58,1440.42,1435.86,1431.17,1426.63,1422.82,1421.27,1421.70,1423.18,1425.00,1426.48,1427.30,1427.39,1427.01,1426.17,1424.60,1422.46,1418.95,1414.12,1409.08,1404.84,1402.75,1403.41,1407.53,1412.92,1418.04,1422.86,1427.41,1431.53,1434.01,1434.29,1432.77,1430.11,1427.04,1423.71,1420.56,1417.85,1415.29,1415.48,1417.55,1420.56,1423.06,1424.97,1425.53,1425.26,1425.06,1426.03,1427.90,1430.22,1432.66,1434.57,1435.10,1433.91,1431.62,1429.36,1426.68,1425.85,1426.81,1429.53,1433.79,1438.97,1443.42,1446.62,1448.98,1450.78,1451.73,1451.99,1451.72,1451.23,1449.80,1447.26,1443.85,1441.06,1439.16,1437.49,1436.82,1439.54,1445.10,1451.18,1456.77,1461.31,1464.81,1468.20,1473.31,1479.99,1485.70,1491.98,1498.59,1504.84,1509.57,1512.05,1513.79,1515.56,1517.45,1518.94,1520.66,1522.95,1525.98,1530.06,1535.19,1539.81,1543.75,1547.11,1550.28,1553.17,1555.59,1557.47,1558.92,1559.82,1560.47,1561.09,1561.87,1562.83,1564.28,1565.87,1567.51,1569.71,1572.35,1574.93,1577.28,1579.54,1583.16,1588.25,1594.12,1600.26,1606.59,1613.14,1619.06,1624.04,1628.69,1635.82,1641.94,1646.71,1651.07,1655.57,1660.06,1664.50,1668.76,1672.53,1675.96,1678.78,1681.25,1684.10,1686.42,1688.13,1689.03,1688.78,1687.67,1686.04,1684.22,1682.42,1680.95,1680.06,1679.26,1678.43,1677.66,1676.84,1675.98,1674.61,1672.37,1669.61,1666.58,1663.52,1660.65,1658.58,1659.78,1663.94,1668.74,1672.00,1674.67,1677.12,1679.25,1681.01,1682.67,1684.29,1685.61,1686.37
1619.05,1622.13,1625.65,1628.37,1630.38,1631.79,1632.79,1633.40,1633.63,1633.37,1632.26,1630.50,1627.74,1624.33,1620.47,1616.13,1611.48,1607.28,1603.65,1599.97,1596.44,1593.11,1589.78,1585.95,1581.02,1577.91,1575.91,1574.26,1572.43,1570.61,1568.83,1567.04,1565.15,1564.01,1562.47,1560.36,1557.14,1550.99,1546.16,1541.65,1536.81,1531.64,1524.10,1516.26,1508.86,1502.20,1496.82,1492.00,1487.40,1482.57,1476.45,1471.76,1470.38,1471.38,1471.21,1468.86,1464.58,1458.41,1449.82,1439.26,1430.61,1426.77,1428.31,1431.38,1433.98,1434.38,1432.50,1428.21,1421.15,1415.81,1415.08,1419.98,1425.11,1430.09,1435.57,1441.36,1446.29,1449.95,1451.10,1450.23,1447.69,1443.51,1439.19,1434.80,1430.88,1429.26,1428.86,1429.47,1430.64,1431.64,1432.12,1431.83,1430.76,1428.88,1426.68,1424.04,1420.39,1415.79,1411.09,1408.20,1406.94,1407.91,1412.08,1417.32,1422.23,1426.95,1431.60,1435.94,1438.50,1438.73,1437.01,1433.95,1430.71,1427.35,1424.01,1420.83,1418.03,1418.30,1420.66,1424.04,1426.88,1429.29,1430.34,1430.33,1429.84,1430.04,1431.61,1434.09,1437.05,1439.63,1440.97,1440.67,1438.91,1435.89,1431.78,1428.97,1427.67,1428.19,1431.13,1437.40,1443.01,1446.86,1450.41,1452.67,1454.09,1454.80,1454.67,1454.21,1453.05,1451.28,1449.00,1446.61,1443.89,1441.01,1438.74,1438.83,1440.93,1446.11,1452.07,1456.67,1460.01,1463.26,1467.32,1472.73,1479.98,1487.23,1493.94,1500.05,1505.14,1507.60,1509.13,1510.47,1511.91,1513.89,1516.38,1519.34,1522.94,1527.70,1532.95,1537.79,1541.78,1544.74,1547.63,1550.20,1552.29,1553.85,1554.93,1555.67,1556.14,1556.45,1556.74,1557.41,1558.54,1559.88,1561.41,1563.69,1568.02,1572.24,1575.74,1579.29,1585.97,1591.88,1597.17,1602.87,1609.09,1615.61,1621.36,1626.26,1631.75,1639.18,1645.27,1649.83,1653.88,1658.22,1662.64,1666.99,1671.13,1674.92,1678.43,1681.76,1684.94,1687.91,1690.23,1691.98,1692.92,1692.57,1691.17,1689.45,1687.73,1686.13,1684.77,1683.67,1682.56,1681.42,1680.33,1679.23,1677.96,1676.32,1674.02,1670.89,1667.74,1664.85,1662.31,1660.58,1662.90,1667.08,1671.20,1674.03,1676.66,1678.91,1680.77,1682.27,1683.70,1685.24,1686.27,1686.68
1620.01,1624.13,1628.07,1630.84,1632.87,1634.44,1635.64,1636.47,1636.84,1636.68,1635.81,1634.18,1631.61,1628.38,1624.66,1620.38,1615.74,1611.47,1607.76,1604.20,1600.81,1597.65,1594.72,1591.84,1588.01,1584.80,1582.13,1579.75,1577.31,1575.08,1572.95,1570.79,1568.48,1566.76,1564.88,1562.79,1559.92,1553.62,1547.89,1542.67,1537.72,1532.87,1525.48,1516.93,1508.74,1502.62,1497.58,1493.07,1488.79,1484.59,1480.33,1476.86,1475.92,1476.51,1474.91,1470.92,1465.57,1458.76,1449.80,1439.40,1432.83,1431.39,1434.40,1437.01,1438.89,1438.88,1436.93,1432.82,1426.09,1420.31,1418.72,1422.81,1427.82,1433.53,1439.62,1445.92,1452.05,1455.93,1456.94,1455.97,1453.62,1449.80,1445.90,1441.94,1438.27,1436.28,1435.27,1435.11,1435.53,1436.20,1436.51,1436.14,1434.81,1432.26,1429.05,1425.58,1421.60,1417.28,1413.49,1411.56,1411.13,1412.62,1416.88,1421.91,1426.60,1431.16,1435.79,1440.39,1442.97,1443.18,1441.24,1437.35,1433.83,1430.19,1426.62,1423.38,1420.66,1421.25,1423.91,1427.63,1431.13,1433.88,1435.12,1435.15,1434.50,1434.28,1435.54,1437.96,1441.18,1444.25,1446.41,1446.86,1445.47,1442.02,1437.52,1433.75,1430.88,1429.27,1430.16,1435.93,1441.98,1446.75,1451.13,1454.00,1456.05,1457.34,1457.53,1457.06,1456.01,1454.68,1453.14,1451.28,1448.61,1445.53,1442.56,1440.57,1439.91,1442.66,1447.31,1452.07,1455.19,1458.18,1461.46,1465.95,1473.56,1481.96,1489.15,1495.20,1500.40,1503.49,1505.26,1506.48,1507.72,1509.98,1513.16,1516.80,1520.86,1525.64,1530.53,1535.08,1538.84,1541.48,1543.78,1545.56,1547.05,1548.39,1549.64,1550.49,1550.77,1550.74,1550.87,1551.74,1553.45,1555.56,1557.87,1560.60,1565.72,1571.03,1576.02,1581.50,1588.95,1594.75,1599.72,1605.36,1611.45,1617.65,1623.20,1628.44,1635.26,1642.55,1648.27,1652.59,1656.46,1660.70,1665.11,1669.47,1673.63,1677.52,1681.35,1685.03,1688.43,1691.29,1693.73,1695.68,1696.80,1696.53,1695.09,1693.32,1691.57,1689.98,1688.61,1687.44,1686.25,1684.97,1683.57,1682.18,1680.49,1678.45,1675.89,1672.54,1669.19,1666.36,1664.21,1663.23,1666.05,1669.77,1673.15,1675.76,1678.29,1680.21,1681.73,1683.02,1684.36,1685.71,1686.52,1686.81
1620.64,1625.87,1629.94,1632.68,1634.84,1636.75,1638.28,1639.30,1639.79,1639.79,1639.22,1637.72,1635.33,1632.44,1629.23,1625.38,1621.04,1616.70,1612.66,1609.19,1606.01,1602.74,1599.56,1596.85,1594.00,1591.18,1588.28,1585.27,1582.45,1580.01,1577.59,1574.97,1572.01,1569.26,1566.66,1564.10,1561.09,1555.95,1549.52,1543.39,1538.24,1533.61,1526.28,1517.25,1508.67,1503.31,1499.14,1495.34,1491.45,1487.55,1484.70,1482.68,1481.69,1480.71,1477.09,1471.47,1465.30,1458.24,1449.36,1439.58,1435.95,1436.62,1439.75,1442.26,1443.79,1443.63,1441.61,1437.33,1431.30,1425.13,1422.28,1425.05,1430.48,1436.86,1443.23,1449.94,1457.91,1461.75,1462.29,1460.94,1458.43,1454.89,1451.38,1447.97,1444.76,1442.23,1440.89,1440.14,1439.88,1440.31,1440.62,1440.34,1439.05,1436.17,1431.74,1427.29,1422.87,1418.83,1416.27,1415.00,1415.33,1417.48,1421.86,1426.59,1431.03,1435.45,1440.07,1444.88,1447.43,1447.68,1445.56,1440.72,1436.66,1432.53,1428.69,1425.66,1423.29,1424.31,1427.28,1431.30,1435.64,1438.58,1439.74,1439.66,1439.01,1438.69,1439.65,1441.86,1445.15,1448.62,1451.49,1452.48,1451.31,1447.84,1443.64,1439.66,1435.89,1432.51,1430.96,1434.78,1440.45,1446.18,1451.20,1454.77,1457.58,1459.63,1460.39,1460.07,1459.11,1457.92,1456.66,1455.28,1453.26,1450.74,1447.74,1444.37,1441.82,1441.25,1443.30,1447.86,1450.60,1453.10,1455.90,1459.82,1466.78,1476.01,1483.87,1490.09,1495.29,1499.47,1501.83,1503.26,1504.58,1507.02,1510.80,1515.09,1519.51,1523.89,1528.05,1531.89,1535.16,1537.49,1539.01,1539.72,1540.44,1541.60,1543.29,1544.41,1544.60,1544.37,1544.70,1546.33,1549.39,1553.00,1556.63,1560.07,1565.19,1571.16,1577.82,1585.42,1591.79,1596.85,1601.82,1607.68,1613.57,1619.31,1624.77,1630.68,1638.94,1645.77,1650.90,1654.96,1658.76,1662.98,1667.47,1671.93,1676.21,1680.26,1684.56,1688.43,1691.63,1694.27,1696.91,1699.16,1700.55,1700.50,1699.32,1697.54,1695.66,1693.90,1692.43,1691.25,1690.13,1688.85,1687.20,1685.55,1683.46,1680.96,1678.01,1674.62,1671.04,1668.11,1666.31,1666.33,1669.11,1672.07,1674.74,1677.30,1679.58,1681.06,1682.22,1683.37,1684.70,1685.83,1686.51,1686.85
1620.61,1626.56,1630.76,1633.64,1636.08,1638.34,1640.12,1641.23,1641.70,1641.64,1641.16,1640.25,1638.67,1636.43,1633.49,1630.18,1626.36,1622.19,1618.04,1614.73,1611.67,1608.61,1605.48,1602.32,1599.26,1596.34,1593.38,1590.31,1587.23,1584.46,1581.77,1578.97,1575.71,1571.81,1568.32,1565.21,1561.99,1557.41,1550.77,1544.05,1538.36,1533.78,1526.57,1518.07,1510.52,1506.62,1503.55,1500.56,1497.20,1493.41,1489.94,1487.41,1484.94,1481.78,1476.90,1470.55,1464.02,1456.85,1448.34,1440.22,1439.22,1441.72,1445.26,1447.62,1449.00,1448.74,1446.72,1442.66,1437.09,1429.87,1425.48,1427.28,1432.58,1439.24,1446.31,1453.89,1462.33,1466.59,1467.08,1465.44,1462.73,1459.17,1455.84,1452.61,1449.50,1446.99,1445.65,1444.93,1444.61,1444.66,1444.74,1444.20,1442.72,1439.80,1435.02,1430.00,1425.36,1421.58,1419.51,1418.99,1419.91,1422.43,1426.82,1431.08,1435.18,1439.79,1444.97,1449.45,1451.84,1452.06,1450.15,1445.72,1440.05,1435.17,1431.18,1428.05,1426.04,1427.43,1430.76,1435.16,1439.79,1442.76,1443.74,1443.61,1443.32,1443.17,1443.98,1446.01,1449.40,1453.64,1456.67,1457.76,1457.07,1454.57,1449.38,1444.93,1441.24,1437.79,1434.67,1435.19,1438.39,1443.64,1450.08,1454.26,1457.83,1461.03,1463.27,1464.03,1463.88,1463.04,1461.57,1459.92,1458.10,1455.85,1453.10,1449.95,1447.10,1445.41,1445.26,1446.75,1447.95,1449.40,1451.44,1454.72,1460.51,1467.76,1475.73,1483.33,1489.20,1493.89,1497.12,1499.29,1501.05,1504.22,1508.66,1513.44,1518.20,1522.66,1526.05,1528.95,1531.38,1533.12,1534.26,1534.65,1534.96,1535.58,1536.80,1537.99,1538.67,1539.22,1540.65,1544.32,1549.11,1553.69,1557.54,1561.44,1566.23,1573.13,1581.46,1588.87,1594.16,1599.02,1604.14,1609.70,1614.91,1620.63,1626.81,1633.69,1641.72,1648.07,1652.78,1656.63,1660.57,1665.05,1669.73,1674.38,1678.84,1683.11,1687.47,1691.20,1694.24,1697.01,1699.65,1701.90,1703.43,1703.82,1703.33,1701.66,1699.71,1697.88,1696.17,1694.85,1693.55,1692.11,1690.45,1688.76,1686.47,1683.79,1680.87,1677.79,1674.00,1670.57,1668.45,1669.05,1671.55,1674.14,1676.56,1678.84,1680.32,1681.42,1682.40,1683.39,1684.55,1685.69,1686.43,1686.81
1620.37,1626.79,1631.17,1634.24,1636.91,1639.45,1641.42,1642.74,1643.37,1643.41,1643.03,1642.45,1641.41,1639.72,1637.19,1634.44,1631.11,1627.30,1623.33,1620.06,1617.00,1614.04,1610.99,1607.63,1604.36,1601.22,1598.14,1595.04,1591.78,1588.63,1585.61,1582.59,1579.14,1574.45,1570.00,1566.15,1562.69,1558.38,1551.66,1544.55,1538.38,1533.77,1526.86,1519.44,1513.44,1510.80,1508.34,1505.67,1502.54,1498.79,1494.67,1491.28,1487.24,1482.06,1475.89,1469.15,1462.49,1455.56,1448.25,1442.79,1444.01,1447.75,1451.50,1453.71,1454.76,1454.07,1451.74,1447.81,1442.57,1434.66,1428.86,1429.15,1434.34,1441.27,1448.96,1457.28,1465.96,1470.97,1471.98,1470.40,1467.33,1463.57,1460.37,1457.38,1454.50,1452.17,1450.88,1450.29,1450.00,1449.63,1449.35,1448.33,1446.43,1443.28,1438.29,1432.87,1428.11,1424.58,1422.93,1423.09,1424.55,1427.29,1431.46,1435.37,1439.23,1443.96,1449.51,1453.82,1456.22,1456.35,1454.42,1450.33,1443.78,1438.22,1433.88,1430.65,1428.77,1430.43,1434.02,1438.67,1443.64,1446.65,1447.66,1447.68,1447.68,1447.68,1448.38,1450.21,1453.49,1457.85,1460.73,1461.93,1461.80,1460.27,1455.18,1450.71,1447.06,1443.58,1439.41,1436.92,1437.33,1441.22,1448.30,1453.10,1457.24,1461.26,1464.96,1467.29,1468.27,1467.97,1466.44,1464.67,1462.86,1460.72,1458.25,1455.56,1452.84,1450.60,1448.94,1448.02,1447.91,1448.32,1449.40,1451.64,1455.88,1460.84,1467.82,1475.44,1481.54,1487.01,1491.43,1494.76,1497.45,1501.42,1506.39,1511.30,1516.04,1520.83,1523.83,1525.95,1527.60,1528.80,1529.56,1529.77,1529.85,1530.13,1531.15,1532.90,1534.75,1536.72,1539.48,1544.75,1550.35,1555.17,1559.02,1563.18,1568.00,1575.79,1585.19,1591.68,1596.11,1600.87,1606.11,1611.33,1615.93,1621.63,1628.39,1635.94,1643.58,1649.68,1654.19,1657.97,1662.14,1667.00,1671.91,1676.69,1681.28,1685.66,1689.93,1693.57,1696.60,1699.51,1702.16,1704.42,1706.15,1707.04,1707.22,1705.95,1704.30,1702.64,1700.75,1698.93,1697.07,1695.24,1693.61,1691.85,1689.46,1686.68,1683.71,1680.86,1677.34,1673.94,1671.73,1672.43,1674.47,1676.53,1678.40,1680.01,1680.74,1681.58,1682.44,1683.28,1684.19,1685.18,1685.93,1686.45
1619.97,1626.56,1631.21,1634.47,1637.29,1639.96,1642.00,1643.82,1644.99,1645.47,1645.31,1644.41,1643.15,1641.70,1639.98,1637.76,1634.80,1631.59,1628.29,1624.82,1621.52,1618.38,1615.37,1612.45,1609.41,1606.02,1602.63,1599.39,1596.02,1592.43,1588.93,1585.55,1581.96,1577.20,1571.79,1566.84,1563.09,1558.70,1552.01,1544.79,1538.35,1533.61,1527.32,1521.67,1517.64,1515.61,1512.80,1509.50,1505.94,1502.19,1498.15,1493.98,1488.70,1482.02,1474.21,1467.43,1460.90,1454.80,1450.14,1448.80,1451.59,1455.53,1459.03,1461.09,1461.43,1459.70,1456.46,1452.30,1447.23,1439.59,1432.68,1430.35,1435.68,1442.97,1451.00,1459.63,1468.66,1474.87,1477.28,1476.41,1472.70,1468.48,1465.41,1462.92,1460.63,1458.59,1457.32,1456.80,1456.49,1455.68,1454.88,1453.10,1450.38,1446.61,1441.33,1435.67,1430.86,1427.59,1426.54,1427.20,1429.14,1431.97,1435.53,1439.36,1443.22,1447.83,1453.20,1457.77,1460.53,1460.52,1458.02,1453.58,1447.95,1441.89,1436.80,1433.63,1431.41,1433.17,1436.79,1441.46,1447.07,1450.20,1451.68,1452.23,1452.23,1452.23,1452.82,1454.42,1457.17,1460.29,1462.66,1464.13,1464.63,1463.76,1461.24,1457.65,1453.66,1449.56,1444.99,1440.54,1438.31,1439.72,1445.73,1451.19,1455.57,1459.66,1464.41,1468.88,1471.31,1471.84,1470.79,1469.37,1467.37,1465.18,1462.93,1460.54,1458.20,1455.67,1453.61,1452.61,1452.01,1451.63,1451.48,1451.96,1454.09,1457.24,1461.37,1466.10,1471.34,1478.31,1484.40,1489.46,1493.85,1498.60,1503.79,1508.17,1512.29,1517.70,1521.00,1522.77,1523.88,1524.74,1524.91,1524.94,1525.01,1525.47,1527.17,1530.45,1534.48,1538.69,1542.91,1548.51,1553.02,1556.91,1560.76,1564.91,1570.56,1579.07,1588.42,1593.46,1597.44,1602.12,1607.30,1612.35,1616.58,1622.19,1628.95,1636.49,1644.11,1650.35,1655.00,1658.94,1663.47,1668.83,1673.94,1678.75,1683.32,1687.61,1691.67,1695.38,1698.72,1701.64,1704.41,1706.85,1708.88,1710.30,1710.97,1710.62,1709.89,1708.85,1706.95,1704.01,1700.94,1698.37,1696.76,1694.79,1692.43,1689.58,1686.28,1683.36,1680.97,1678.77,1677.10,1677.16,1678.52,1679.61,1680.19,1680.45,1680.80,1681.54,1682.34,1683.04,1683.65,1684.08,1684.70,1685.55
1619.41,1625.83,1630.76,1634.21,1637.13,1639.93,1642.16,1644.32,1646.12,1647.24,1647.13,1646.06,1644.69,1643.28,1641.82,1640.02,1637.63,1634.85,1631.75,1628.50,1625.28,1622.11,1619.04,1616.07,1613.06,1609.74,1606.36,1603.07,1599.70,1596.06,1592.21,1588.25,1584.25,1579.11,1572.99,1567.36,1563.35,1558.89,1552.64,1545.69,1539.20,1535.02,1530.56,1527.06,1524.28,1521.26,1517.14,1512.74,1508.38,1504.13,1499.72,1494.95,1488.96,1481.39,1472.41,1465.65,1459.76,1455.27,1453.61,1454.75,1458.17,1462.17,1465.71,1467.62,1467.49,1465.22,1461.32,1456.34,1451.16,1443.93,1436.65,1432.71,1437.49,1444.69,1452.70,1461.32,1470.52,1477.68,1481.50,1482.30,1479.97,1474.88,1471.45,1469.19,1467.67,1466.70,1466.18,1464.86,1462.99,1461.64,1460.29,1458.02,1454.75,1450.29,1444.71,1438.90,1434.21,1431.24,1430.48,1431.50,1433.57,1436.33,1439.71,1443.38,1447.20,1451.56,1456.75,1462.52,1465.18,1464.56,1461.35,1456.37,1451.35,1445.36,1439.85,1436.15,1433.73,1435.41,1439.11,1443.99,1449.85,1453.17,1455.11,1456.28,1456.81,1456.88,1456.94,1458.04,1460.48,1463.01,1465.17,1466.69,1467.49,1467.32,1465.93,1463.17,1459.60,1455.57,1451.13,1445.83,1441.75,1440.72,1444.84,1450.37,1455.01,1459.26,1464.28,1469.33,1472.84,1474.70,1474.95,1474.25,1472.33,1469.80,1467.11,1464.68,1462.50,1460.20,1458.25,1457.09,1456.13,1455.36,1454.66,1454.19,1454.53,1455.67,1458.27,1461.96,1466.45,1472.40,1479.03,1485.66,1491.73,1496.60,1501.41,1505.43,1508.97,1513.02,1516.05,1517.93,1519.25,1520.38,1520.72,1520.75,1521.04,1522.50,1526.77,1531.33,1536.15,1540.99,1545.61,1550.80,1554.99,1558.81,1562.77,1566.99,1573.33,1581.79,1590.23,1594.36,1597.98,1602.62,1607.78,1612.63,1616.74,1622.26,1628.92,1636.39,1643.92,1650.10,1654.97,1659.52,1664.94,1670.28,1675.16,1679.92,1684.68,1689.06,1693.17,1696.97,1700.41,1703.52,1706.47,1709.44,1712.16,1714.12,1715.05,1714.91,1714.26,1713.23,1711.55,1708.91,1706.01,1703.19,1700.59,1697.87,1695.27,1692.43,1689.18,1686.14,1683.86,1682.01,1680.64,1680.30,1681.01,1681.37,1681.33,1681.18,1681.17,1681.41,1681.85,1682.38,1682.67,1682.86,1683.20,1683.75
1618.66,1624.79,1630.04,1633.65,1636.66,1639.55,1642.00,1644.36,1646.64,1648.35,1648.32,1647.26,1645.88,1644.46,1643.08,1641.61,1639.85,1637.52,1634.64,1631.68,1628.63,1625.50,1622.33,1619.17,1616.11,1612.91,1609.63,1606.32,1602.98,1599.44,1595.36,1590.87,1586.31,1580.66,1574.09,1568.03,1563.69,1559.12,1553.51,1547.26,1541.29,1537.76,1535.02,1533.13,1530.95,1526.62,1521.07,1515.51,1510.26,1505.38,1500.47,1495.21,1488.70,1480.53,1470.89,1464.30,1459.50,1456.93,1457.81,1460.37,1464.07,1468.16,1471.85,1473.51,1472.99,1470.42,1466.15,1460.41,1454.92,1447.92,1440.50,1435.58,1439.56,1446.44,1454.32,1462.88,1472.12,1479.99,1485.19,1487.96,1487.70,1482.29,1478.45,1476.19,1475.16,1475.22,1475.51,1473.34,1469.72,1467.44,1465.24,1462.49,1458.78,1453.82,1448.13,1442.33,1437.84,1435.20,1434.64,1435.98,1438.13,1440.80,1444.11,1447.55,1451.22,1455.38,1460.55,1467.26,1469.75,1468.59,1464.79,1459.23,1454.45,1448.70,1442.98,1438.56,1435.91,1437.45,1441.24,1446.39,1452.32,1455.98,1458.46,1460.28,1461.45,1461.69,1461.26,1461.74,1463.74,1465.98,1468.11,1469.63,1470.55,1470.92,1470.09,1468.07,1465.19,1461.56,1457.40,1451.91,1446.50,1443.08,1444.94,1450.02,1454.79,1459.18,1464.20,1469.26,1473.63,1476.86,1478.57,1478.63,1477.07,1474.46,1471.45,1468.87,1466.59,1464.55,1462.84,1461.60,1460.44,1459.47,1458.50,1457.42,1456.17,1455.46,1456.81,1459.76,1463.61,1468.33,1474.99,1482.60,1489.94,1494.84,1499.14,1502.83,1505.87,1508.24,1510.75,1512.65,1514.25,1515.77,1516.60,1517.04,1517.97,1520.78,1527.74,1533.32,1538.37,1543.21,1547.79,1552.47,1556.76,1560.93,1565.12,1569.30,1575.98,1583.99,1591.31,1594.81,1598.13,1602.71,1607.83,1612.54,1616.65,1622.03,1628.56,1635.94,1643.34,1649.38,1654.54,1659.84,1666.26,1671.44,1675.99,1680.65,1685.65,1690.21,1694.47,1698.35,1701.88,1705.22,1708.45,1712.08,1715.57,1718.10,1719.39,1719.34,1718.53,1717.22,1715.58,1713.51,1711.11,1708.24,1704.62,1701.14,1698.18,1695.28,1692.17,1689.05,1686.50,1684.65,1683.44,1682.80,1682.84,1682.63,1682.24,1681.96,1681.62,1681.28,1681.27,1681.55,1681.47,1681.32,1681.22,1681.21
1617.35,1623.25,1628.87,1632.63,1635.64,1638.57,1641.14,1643.40,1645.57,1647.30,1647.64,1647.09,1645.99,1644.69,1643.40,1642.05,1640.76,1639.28,1637.30,1634.41,1631.48,1628.38,1625.14,1621.87,1618.63,1615.39,1612.14,1608.85,1605.48,1602.08,1598.10,1593.45,1588.24,1582.05,1575.55,1569.54,1564.57,1559.72,1554.88,1550.59,1546.99,1543.55,1540.44,1537.66,1534.53,1529.79,1523.57,1517.30,1511.35,1505.81,1500.57,1495.01,1488.01,1479.51,1470.59,1464.63,1461.99,1461.57,1462.69,1464.85,1468.62,1473.11,1477.09,1478.10,1477.12,1474.56,1470.62,1465.16,1458.94,1451.34,1443.72,1438.80,1441.97,1448.25,1456.10,1464.87,1473.82,1481.87,1488.22,1492.82,1494.69,1491.59,1487.97,1484.99,1483.17,1483.09,1483.40,1481.35,1477.23,1472.71,1468.63,1464.98,1461.03,1456.28,1451.27,1445.89,1441.72,1439.43,1439.20,1440.95,1443.40,1446.15,1449.23,1452.20,1455.34,1459.70,1465.47,1470.90,1473.56,1472.79,1469.05,1463.04,1457.51,1451.85,1446.22,1441.19,1438.03,1439.34,1443.27,1448.69,1454.42,1458.95,1462.32,1464.78,1466.32,1467.05,1466.75,1466.57,1467.36,1469.51,1471.96,1473.56,1474.32,1474.64,1474.01,1472.45,1470.30,1467.52,1463.48,1458.87,1453.05,1447.42,1446.63,1450.04,1454.34,1458.81,1463.77,1468.71,1473.62,1477.73,1480.28,1480.88,1480.38,1479.10,1477.13,1474.41,1471.32,1468.97,1467.36,1466.35,1465.48,1464.53,1463.46,1461.97,1459.46,1457.82,1457.22,1458.10,1461.61,1467.68,1473.84,1480.45,1487.49,1492.93,1496.98,1500.30,1503.09,1505.18,1506.91,1507.93,1508.95,1510.58,1512.15,1514.30,1517.17,1521.61,1529.19,1535.14,1540.13,1544.68,1549.03,1553.67,1558.68,1563.73,1568.38,1572.05,1577.85,1584.91,1591.45,1594.68,1597.80,1602.16,1607.20,1612.05,1616.18,1621.31,1627.68,1635.04,1642.18,1648.05,1653.64,1659.74,1666.74,1672.03,1676.39,1680.90,1686.00,1690.86,1695.27,1699.32,1703.07,1706.59,1710.43,1714.72,1718.83,1722.01,1724.26,1724.80,1724.02,1722.11,1719.53,1717.15,1714.74,1711.98,1708.50,1704.93,1701.48,1698.21,1695.11,1692.01,1689.18,1687.08,1685.75,1684.90,1684.23,1683.64,1683.12,1682.63,1681.96,1681.27,1680.85,1680.65,1679.97,1678.71,1677.68,1676.98
1615.89,1621.47,1627.20,1631.17,1634.30,1637.20,1639.85,1642.12,1644.20,1645.88,1646.44,1646.23,1645.53,1644.54,1643.36,1642.28,1641.37,1640.44,1639.17,1636.85,1634.06,1630.94,1627.62,1624.27,1620.85,1617.54,1614.29,1611.05,1607.71,1604.36,1600.60,1596.07,1590.25,1583.45,1576.93,1571.02,1565.77,1560.57,1556.43,1553.59,1551.60,1548.72,1545.60,1541.84,1537.25,1531.48,1524.60,1518.13,1512.06,1506.26,1500.61,1494.53,1487.30,1479.19,1471.86,1467.89,1467.38,1468.35,1469.13,1470.11,1473.02,1477.20,1481.35,1482.52,1481.63,1479.15,1475.34,1469.98,1463.22,1454.94,1447.10,1442.37,1444.42,1450.25,1458.27,1467.28,1475.53,1483.96,1491.40,1497.10,1499.73,1498.21,1495.18,1492.27,1490.28,1489.74,1489.40,1486.90,1482.24,1476.46,1471.40,1466.82,1462.29,1457.64,1453.28,1448.99,1445.68,1443.84,1443.95,1445.86,1448.37,1451.09,1453.99,1457.07,1460.51,1464.97,1470.38,1474.76,1477.37,1476.80,1473.01,1466.45,1460.86,1455.54,1449.93,1444.21,1440.55,1442.10,1446.30,1451.75,1457.52,1462.77,1466.51,1469.00,1470.57,1471.40,1471.32,1471.12,1471.65,1473.99,1476.22,1477.55,1478.09,1478.23,1477.74,1476.45,1474.61,1472.15,1468.54,1464.63,1459.44,1453.74,1450.91,1451.29,1453.94,1457.94,1462.76,1467.91,1473.32,1478.01,1481.18,1482.46,1482.81,1482.32,1481.05,1478.94,1476.46,1474.44,1472.90,1471.75,1470.80,1469.68,1468.50,1466.99,1464.26,1461.80,1459.49,1458.35,1460.38,1466.07,1471.93,1477.84,1483.96,1489.70,1493.99,1497.30,1499.92,1501.85,1502.90,1503.34,1504.06,1505.90,1508.53,1512.81,1517.68,1523.20,1530.50,1536.44,1541.28,1545.52,1549.69,1554.62,1560.24,1565.81,1570.59,1574.09,1578.94,1585.14,1591.21,1594.30,1597.28,1601.32,1606.19,1611.30,1615.47,1620.37,1626.64,1634.06,1640.99,1646.51,1652.12,1658.55,1665.98,1671.78,1676.21,1680.64,1685.75,1690.78,1695.32,1699.49,1703.38,1707.18,1711.54,1716.43,1721.20,1725.14,1728.28,1729.65,1729.41,1727.61,1724.69,1721.78,1718.89,1715.85,1712.44,1708.77,1705.05,1701.46,1698.11,1694.89,1691.97,1689.61,1687.87,1686.71,1685.54,1684.45,1683.52,1682.75,1681.86,1680.92,1679.96,1678.90,1677.48,1675.45,1673.73,1672.47
1614.31,1619.52,1625.07,1629.30,1632.65,1635.51,1638.20,1640.59,1642.67,1644.27,1644.89,1644.84,1644.62,1644.09,1643.10,1642.45,1641.81,1641.15,1640.34,1638.95,1636.40,1633.26,1629.88,1626.44,1622.85,1619.41,1616.14,1612.95,1609.70,1606.34,1602.86,1598.68,1592.41,1584.99,1578.33,1572.61,1567.48,1561.99,1558.43,1556.35,1555.04,1553.06,1550.28,1545.63,1539.36,1532.08,1524.59,1518.30,1512.56,1506.78,1500.65,1493.90,1486.71,1479.74,1474.74,1473.78,1475.20,1476.83,1476.96,1476.27,1477.52,1480.72,1484.91,1486.96,1486.58,1484.18,1480.23,1474.77,1467.76,1458.87,1450.73,1446.08,1446.84,1452.45,1460.83,1470.00,1477.36,1486.37,1494.69,1500.77,1503.05,1502.35,1500.14,1497.96,1496.37,1495.18,1493.66,1490.15,1484.85,1478.80,1473.63,1468.22,1462.89,1458.17,1454.38,1451.64,1449.58,1448.36,1448.83,1450.65,1453.06,1455.67,1458.46,1462.15,1466.51,1470.96,1475.16,1478.85,1481.12,1480.46,1476.55,1469.55,1464.46,1459.62,1453.98,1447.61,1443.52,1445.66,1450.21,1455.54,1461.57,1467.22,1470.82,1472.88,1474.22,1474.84,1475.01,1475.34,1476.46,1479.13,1480.67,1481.44,1481.75,1481.68,1481.26,1480.10,1478.21,1475.57,1472.61,1469.18,1465.38,1461.29,1457.17,1453.82,1453.94,1456.79,1461.19,1466.75,1472.67,1477.79,1481.38,1483.47,1484.47,1484.34,1483.46,1482.60,1481.86,1480.67,1479.16,1477.58,1476.21,1474.74,1473.44,1472.15,1470.00,1466.84,1463.27,1460.38,1460.01,1463.57,1469.16,1474.67,1479.50,1485.20,1490.04,1493.63,1496.16,1497.96,1498.54,1498.85,1499.70,1501.92,1505.98,1512.60,1519.24,1525.20,1531.55,1537.23,1541.88,1545.85,1549.88,1555.23,1561.25,1566.89,1571.52,1575.17,1579.23,1584.76,1590.60,1593.69,1596.60,1600.23,1604.83,1610.26,1614.55,1619.26,1625.47,1633.01,1639.82,1644.89,1650.13,1656.43,1664.08,1670.69,1675.44,1679.85,1684.85,1689.91,1694.59,1698.84,1702.84,1706.96,1711.70,1717.16,1722.63,1727.38,1731.30,1733.73,1734.49,1733.41,1730.86,1727.35,1723.62,1719.95,1716.42,1712.62,1708.80,1704.95,1701.14,1697.65,1694.80,1692.16,1689.82,1688.27,1686.72,1685.03,1683.47,1682.35,1681.29,1680.14,1678.52,1676.39,1674.18,1671.76,1669.62,1667.96
1612.56,1617.54,1622.63,1626.96,1630.61,1633.65,1636.33,1638.87,1641.04,1642.67,1643.38,1643.37,1643.38,1643.39,1643.20,1642.89,1642.35,1641.74,1641.06,1640.11,1638.39,1635.66,1632.29,1628.71,1624.86,1621.11,1617.64,1614.47,1611.27,1607.98,1604.63,1600.78,1595.18,1587.42,1580.81,1575.58,1571.18,1566.45,1562.93,1560.41,1558.59,1556.63,1553.48,1548.09,1540.95,1533.10,1525.76,1519.41,1513.43,1507.29,1500.73,1493.69,1487.19,1482.17,1480.24,1481.38,1483.79,1485.68,1485.50,1483.65,1483.15,1485.22,1489.36,1491.85,1491.74,1489.05,1484.60,1479.22,1472.76,1463.90,1454.93,1448.75,1448.78,1455.03,1463.66,1472.53,1480.06,1489.49,1497.51,1503.17,1505.80,1506.15,1504.53,1502.48,1500.70,1499.15,1496.52,1491.94,1486.02,1480.07,1474.98,1469.77,1464.33,1459.15,1456.02,1453.95,1452.76,1452.53,1453.51,1455.32,1457.85,1460.73,1463.79,1467.65,1471.84,1476.00,1479.83,1482.72,1483.92,1482.75,1479.21,1473.33,1467.68,1462.78,1457.48,1451.37,1447.31,1449.42,1454.10,1459.75,1466.03,1470.79,1473.99,1476.16,1477.66,1478.30,1478.79,1479.59,1481.01,1483.13,1484.05,1484.56,1484.87,1484.79,1484.39,1483.26,1481.35,1478.64,1475.80,1472.78,1469.47,1465.82,1461.99,1458.28,1456.58,1456.82,1459.01,1464.11,1470.75,1476.77,1480.94,1483.37,1485.46,1486.58,1486.85,1486.88,1486.56,1485.54,1484.03,1482.28,1480.69,1479.00,1477.43,1475.84,1473.56,1470.54,1466.91,1463.53,1461.88,1462.54,1466.32,1470.71,1474.64,1479.51,1484.13,1487.76,1490.38,1492.26,1493.33,1494.60,1496.50,1499.85,1506.29,1514.40,1521.29,1526.45,1531.93,1537.52,1542.10,1545.85,1549.63,1554.73,1560.26,1565.40,1569.75,1573.63,1578.00,1583.43,1589.03,1592.63,1595.64,1598.83,1603.00,1608.56,1613.29,1618.03,1624.23,1631.90,1638.90,1643.87,1648.62,1654.17,1661.23,1668.61,1673.72,1677.96,1682.53,1687.61,1692.43,1696.96,1701.26,1705.52,1710.39,1716.43,1722.62,1727.85,1732.50,1736.29,1738.20,1737.92,1736.45,1732.99,1728.64,1724.25,1720.44,1716.51,1712.36,1708.14,1703.97,1700.02,1696.96,1694.20,1691.64,1689.50,1687.38,1685.14,1683.07,1681.47,1679.88,1678.12,1676.04,1673.67,1671.26,1668.82,1666.50,1664.52
1610.70,1615.42,1620.08,1624.42,1628.32,1631.62,1634.34,1636.97,1639.26,1641.02,1641.90,1642.04,1642.28,1642.70,1643.16,1643.22,1642.84,1642.29,1641.64,1640.94,1639.96,1637.86,1634.80,1631.14,1627.10,1623.10,1619.41,1616.14,1612.94,1609.69,1606.39,1602.81,1598.10,1590.67,1584.59,1580.06,1576.36,1572.50,1568.87,1565.53,1562.61,1560.19,1556.42,1550.42,1542.88,1535.04,1527.66,1521.09,1514.70,1508.10,1501.36,1494.44,1489.01,1486.14,1487.06,1489.69,1492.43,1494.08,1493.48,1490.77,1489.49,1490.96,1494.70,1497.04,1496.82,1493.76,1488.84,1483.38,1477.57,1469.33,1459.99,1452.27,1451.82,1458.46,1467.14,1475.66,1483.37,1492.84,1500.19,1505.32,1508.62,1510.06,1508.78,1506.56,1504.31,1502.32,1498.76,1493.32,1486.95,1481.18,1476.18,1471.32,1466.08,1460.83,1458.09,1456.45,1455.94,1456.51,1457.97,1459.83,1462.52,1465.88,1469.64,1473.50,1477.18,1480.97,1484.61,1486.62,1486.59,1484.89,1481.82,1477.32,1471.46,1466.35,1461.15,1455.38,1451.39,1453.15,1457.83,1463.85,1470.00,1473.98,1477.03,1479.56,1481.35,1482.24,1483.03,1484.14,1485.67,1487.26,1487.90,1488.34,1488.69,1488.62,1487.97,1486.55,1484.48,1481.83,1479.10,1476.42,1473.27,1469.63,1466.02,1462.62,1459.84,1458.01,1458.02,1461.58,1468.52,1475.37,1480.16,1483.13,1486.13,1488.35,1489.72,1490.47,1490.33,1489.42,1488.07,1486.46,1484.76,1482.92,1481.08,1479.13,1476.75,1473.90,1470.31,1466.72,1464.33,1462.86,1464.48,1467.23,1470.16,1473.99,1478.02,1481.47,1484.21,1486.39,1488.36,1490.87,1494.03,1498.56,1506.85,1515.86,1522.65,1527.01,1531.80,1537.47,1542.03,1545.57,1549.03,1553.54,1558.48,1563.12,1567.13,1571.00,1575.48,1581.02,1586.84,1590.99,1594.30,1597.34,1601.20,1606.65,1611.78,1616.69,1622.85,1630.46,1637.64,1642.78,1647.29,1652.20,1658.50,1665.80,1671.22,1675.55,1679.72,1684.58,1689.48,1694.27,1698.91,1703.37,1708.22,1714.41,1721.04,1727.04,1732.43,1737.47,1740.48,1740.99,1740.67,1737.85,1733.51,1728.65,1724.27,1720.18,1715.76,1711.15,1706.57,1702.27,1698.87,1695.95,1693.27,1690.63,1687.93,1685.09,1682.46,1680.37,1678.30,1676.02,1673.66,1671.26,1668.82,1666.39,1663.97,1661.68
1608.70,1613.01,1617.45,1621.67,1625.67,1629.32,1632.19,1634.81,1637.20,1639.24,1640.51,1641.08,1641.59,1642.15,1642.68,1643.16,1643.20,1642.82,1642.15,1641.51,1640.81,1639.59,1637.45,1633.87,1629.79,1625.74,1621.87,1618.27,1615.01,1611.66,1608.32,1604.93,1601.07,1595.21,1590.59,1587.05,1583.77,1580.51,1576.70,1572.25,1567.58,1564.08,1559.49,1553.08,1545.74,1538.70,1530.53,1523.47,1516.65,1509.53,1503.11,1496.99,1493.14,1492.49,1495.46,1498.78,1500.83,1501.35,1499.98,1496.80,1496.82,1498.85,1501.53,1502.65,1501.62,1498.21,1493.07,1487.05,1481.77,1475.11,1466.59,1458.06,1457.38,1463.55,1471.85,1480.16,1487.58,1496.32,1502.74,1507.54,1511.89,1514.29,1513.02,1510.24,1507.20,1504.48,1500.32,1494.50,1488.01,1482.46,1477.49,1472.79,1468.13,1463.73,1460.79,1459.50,1459.38,1460.28,1462.08,1464.05,1466.88,1470.95,1476.23,1479.86,1482.84,1486.23,1489.68,1490.64,1489.43,1487.32,1484.77,1481.47,1476.58,1471.15,1465.45,1459.79,1455.75,1456.76,1461.23,1467.47,1472.74,1476.75,1480.34,1483.46,1485.64,1487.11,1488.18,1489.32,1490.70,1492.17,1493.17,1493.85,1494.25,1494.07,1492.64,1490.33,1487.80,1485.41,1483.01,1480.52,1477.31,1473.28,1469.04,1465.83,1463.21,1461.09,1459.82,1459.95,1466.18,1473.52,1478.95,1483.12,1486.46,1489.09,1491.09,1492.35,1492.49,1491.86,1490.98,1490.06,1488.38,1486.50,1484.44,1482.27,1480.15,1477.13,1473.25,1469.46,1467.04,1465.36,1464.71,1465.09,1466.68,1469.38,1472.39,1475.32,1478.13,1481.01,1484.26,1488.13,1492.54,1498.01,1506.70,1515.72,1522.35,1526.43,1530.91,1536.90,1541.54,1544.85,1547.88,1551.42,1555.95,1560.34,1563.93,1567.23,1570.91,1576.78,1583.76,1588.36,1592.27,1595.78,1599.68,1604.62,1609.86,1615.14,1621.26,1628.36,1635.57,1641.30,1646.14,1650.90,1656.41,1661.90,1667.54,1672.54,1676.53,1680.69,1685.51,1690.45,1695.35,1700.27,1704.96,1710.34,1716.83,1724.41,1730.53,1736.49,1740.38,1741.65,1742.29,1741.09,1737.91,1733.22,1727.73,1723.38,1718.87,1713.91,1708.75,1704.42,1700.55,1697.33,1694.59,1691.69,1688.50,1684.92,1681.55,1679.02,1676.73,1674.33,1671.94,1669.59,1667.18,1664.73,1662.24,1659.61
1606.52,1610.40,1614.61,1618.75,1622.78,1626.58,1629.78,1632.57,1635.08,1637.30,1639.05,1640.22,1641.00,1641.59,1642.14,1642.78,1643.18,1643.18,1642.78,1642.16,1641.52,1640.64,1639.20,1636.51,1632.53,1628.50,1624.61,1620.85,1617.34,1613.87,1610.40,1606.99,1603.62,1599.33,1595.50,1592.08,1588.73,1585.34,1581.44,1576.73,1571.40,1566.46,1561.15,1555.18,1548.74,1541.98,1533.73,1526.27,1519.14,1512.02,1505.91,1501.79,1499.96,1500.51,1503.40,1506.01,1507.27,1506.99,1504.95,1501.76,1502.35,1504.59,1506.79,1507.21,1505.72,1502.35,1497.42,1491.32,1485.82,1480.06,1472.57,1464.35,1463.52,1469.83,1477.53,1484.65,1491.65,1499.45,1505.53,1510.58,1515.54,1518.71,1517.90,1514.94,1511.00,1507.24,1502.18,1496.05,1489.64,1484.12,1479.09,1474.69,1470.60,1466.83,1464.20,1463.19,1463.24,1464.16,1466.03,1468.81,1472.64,1477.07,1481.41,1484.64,1487.82,1491.12,1494.09,1495.24,1493.81,1491.10,1487.95,1484.86,1480.82,1475.62,1469.70,1463.82,1459.88,1460.40,1464.35,1470.32,1475.69,1480.56,1484.67,1487.97,1490.30,1492.31,1493.85,1495.22,1496.57,1497.88,1498.89,1499.58,1499.91,1499.63,1497.88,1495.16,1492.21,1489.44,1486.71,1484.04,1480.76,1476.75,1472.61,1469.51,1467.10,1465.02,1463.10,1461.49,1465.34,1471.33,1477.14,1481.99,1485.94,1489.15,1491.67,1493.37,1494.34,1494.25,1493.72,1493.08,1491.49,1489.50,1487.37,1485.21,1483.22,1480.72,1477.03,1473.12,1470.50,1468.92,1467.71,1467.04,1467.16,1467.98,1469.34,1471.30,1473.85,1477.01,1480.48,1485.74,1491.62,1497.41,1505.36,1513.44,1519.97,1524.71,1529.08,1534.99,1539.93,1543.58,1546.35,1549.21,1552.95,1556.88,1560.48,1563.69,1567.07,1572.49,1579.35,1585.06,1589.47,1593.61,1598.08,1603.18,1608.34,1613.63,1619.39,1625.78,1632.59,1638.82,1644.15,1649.07,1654.20,1658.72,1663.64,1668.55,1673.04,1677.07,1681.49,1686.22,1691.22,1696.46,1701.54,1706.66,1712.63,1720.00,1726.87,1733.39,1738.36,1741.18,1742.34,1742.04,1740.05,1736.16,1730.18,1725.56,1721.12,1716.16,1710.67,1706.11,1702.05,1698.63,1695.70,1692.66,1689.24,1685.24,1681.32,1678.24,1675.56,1672.97,1670.61,1668.49,1666.36,1664.01,1661.49,1658.64
1604.15,1607.67,1611.70,1615.79,1619.81,1623.65,1627.18,1630.22,1632.88,1635.26,1637.42,1639.20,1640.31,1641.02,1641.59,1642.26,1642.91,1643.31,1643.29,1642.82,1642.16,1641.44,1640.55,1638.96,1635.22,1631.30,1627.47,1623.64,1619.88,1616.27,1612.69,1609.24,1606.16,1603.18,1599.80,1596.20,1592.60,1588.73,1584.63,1579.87,1574.21,1567.89,1562.01,1556.72,1551.39,1544.89,1536.94,1529.16,1521.80,1515.02,1509.34,1507.34,1507.38,1508.63,1510.79,1512.43,1512.98,1512.09,1509.39,1506.31,1507.07,1509.31,1511.25,1511.20,1509.43,1506.19,1501.67,1495.84,1489.98,1484.65,1478.12,1470.74,1469.61,1475.99,1483.07,1489.02,1495.63,1502.58,1508.66,1514.20,1519.45,1523.21,1522.86,1519.83,1515.13,1510.30,1504.32,1497.87,1491.55,1486.00,1480.93,1476.82,1473.20,1469.94,1467.85,1467.10,1467.28,1468.25,1470.26,1473.95,1478.76,1483.27,1486.17,1489.15,1492.82,1496.13,1498.50,1500.02,1498.64,1495.34,1491.34,1487.97,1484.52,1479.71,1473.84,1467.75,1463.90,1463.93,1467.26,1472.93,1478.93,1484.78,1489.28,1492.57,1495.02,1497.43,1499.42,1501.07,1502.45,1503.66,1504.56,1505.16,1505.42,1505.03,1503.18,1500.26,1496.93,1493.59,1490.37,1487.40,1484.06,1480.24,1476.52,1473.62,1471.46,1469.48,1467.07,1464.41,1465.27,1469.15,1475.11,1480.38,1484.95,1488.78,1491.84,1494.01,1495.95,1496.53,1496.37,1495.88,1494.40,1492.34,1490.19,1488.12,1486.20,1484.39,1481.09,1477.15,1474.31,1472.89,1471.78,1470.70,1469.63,1468.61,1468.25,1468.99,1470.86,1473.87,1477.20,1483.34,1490.39,1496.60,1503.44,1510.21,1516.53,1522.04,1526.58,1532.25,1537.54,1541.78,1544.52,1546.93,1549.86,1553.26,1556.91,1560.23,1563.63,1568.54,1574.95,1581.67,1586.55,1591.36,1596.53,1601.97,1606.96,1612.11,1617.46,1623.10,1629.31,1635.73,1641.50,1646.76,1651.83,1655.87,1659.84,1664.34,1669.34,1673.52,1677.57,1682.03,1687.03,1692.53,1698.12,1703.29,1708.68,1715.15,1722.48,1729.26,1735.14,1739.56,1741.40,1741.82,1740.84,1737.86,1731.89,1727.09,1722.79,1717.99,1712.38,1707.56,1703.44,1699.88,1696.69,1693.54,1690.04,1685.85,1681.58,1677.94,1674.80,1671.93,1669.53,1667.66,1665.80,1663.61,1661.10,1658.12
1601.39,1604.88,1608.88,1612.94,1616.89,1620.67,1624.23,1627.54,1630.50,1633.09,1635.31,1637.32,1639.11,1640.41,1641.02,1641.65,1642.25,1642.78,1643.17,1643.32,1642.78,1642.23,1641.71,1640.68,1637.63,1634.06,1630.39,1626.66,1622.84,1619.14,1615.61,1612.31,1609.39,1606.61,1603.30,1599.67,1595.90,1591.26,1586.41,1580.98,1574.71,1567.82,1561.75,1556.83,1552.32,1546.91,1539.83,1531.74,1524.31,1518.53,1513.60,1512.42,1513.00,1514.47,1516.67,1518.43,1518.83,1517.49,1514.16,1510.94,1511.40,1513.34,1515.03,1514.57,1512.56,1509.34,1505.22,1500.33,1494.82,1489.12,1482.88,1476.70,1474.58,1479.70,1486.46,1492.85,1499.44,1506.28,1512.85,1518.84,1523.85,1527.77,1527.08,1523.82,1519.11,1513.67,1507.15,1500.25,1493.67,1488.22,1483.31,1479.16,1475.64,1472.89,1471.35,1470.85,1471.34,1472.95,1475.96,1479.80,1484.04,1488.09,1491.50,1495.03,1498.99,1502.22,1504.04,1504.62,1502.86,1499.41,1495.17,1491.19,1487.36,1482.80,1477.51,1471.91,1467.83,1466.93,1469.76,1475.84,1483.07,1489.05,1493.39,1496.65,1499.36,1501.72,1503.74,1505.52,1507.09,1508.48,1509.28,1509.87,1510.17,1509.58,1507.81,1504.86,1501.29,1497.56,1494.23,1491.02,1487.66,1484.17,1480.94,1478.75,1476.91,1474.70,1471.50,1468.01,1466.05,1467.62,1473.13,1478.56,1483.44,1487.80,1491.57,1494.48,1497.09,1498.48,1498.94,1498.64,1497.34,1495.42,1493.31,1491.23,1489.37,1487.84,1484.95,1481.29,1478.34,1476.89,1475.78,1474.83,1473.94,1472.51,1471.07,1470.17,1470.25,1472.12,1475.46,1480.36,1486.96,1495.01,1501.01,1506.56,1511.99,1517.37,1522.78,1528.26,1533.71,1538.62,1542.09,1544.53,1547.12,1550.04,1553.27,1556.77,1560.60,1566.02,1572.71,1579.03,1584.33,1589.71,1595.27,1600.75,1605.57,1610.54,1615.63,1620.84,1626.21,1631.67,1637.41,1643.34,1649.00,1653.19,1656.82,1660.73,1665.28,1669.82,1674.15,1678.64,1683.58,1689.27,1694.96,1700.49,1705.84,1711.26,1717.93,1724.30,1730.08,1735.08,1738.95,1740.37,1739.72,1737.08,1732.16,1727.58,1723.45,1718.92,1713.63,1708.78,1704.68,1700.97,1697.49,1694.22,1690.84,1686.92,1682.74,1678.69,1675.08,1671.64,1668.89,1666.93,1664.99,1663.01,1660.61,1657.67
1598.46,1602.05,1606.03,1610.05,1613.95,1617.63,1621.18,1624.64,1627.84,1630.71,1633.14,1635.31,1637.45,1639.20,1640.15,1640.93,1641.53,1642.13,1642.82,1643.55,1643.63,1643.46,1643.11,1642.25,1639.87,1636.70,1633.29,1629.80,1626.17,1622.43,1618.80,1615.45,1612.62,1609.96,1606.77,1603.21,1599.24,1593.68,1588.01,1582.01,1575.39,1568.13,1562.15,1557.40,1553.24,1548.60,1542.17,1534.09,1526.87,1522.14,1518.71,1518.28,1519.18,1520.68,1522.66,1524.31,1524.59,1522.87,1518.88,1515.93,1516.47,1518.33,1519.67,1518.20,1515.47,1512.08,1508.28,1503.94,1498.76,1493.08,1487.29,1482.12,1479.50,1483.88,1490.15,1496.40,1502.99,1509.90,1516.53,1522.46,1527.22,1531.13,1530.27,1526.87,1522.14,1516.66,1510.04,1502.77,1495.81,1490.52,1485.78,1481.59,1478.11,1475.71,1474.62,1474.48,1475.49,1477.81,1481.48,1485.55,1489.68,1493.86,1498.10,1501.98,1505.56,1508.15,1509.27,1508.93,1506.73,1503.09,1498.66,1494.29,1490.05,1485.62,1480.85,1475.88,1471.78,1470.14,1472.48,1478.68,1486.52,1492.36,1496.64,1500.07,1503.03,1505.50,1508.51,1511.24,1513.14,1514.44,1514.94,1515.15,1515.06,1514.13,1512.34,1509.49,1505.95,1502.07,1498.34,1494.93,1491.59,1488.29,1485.24,1483.17,1481.39,1479.22,1476.00,1472.22,1468.48,1467.78,1471.49,1476.69,1481.63,1486.33,1490.75,1494.65,1498.07,1500.13,1501.11,1501.12,1499.99,1498.40,1496.61,1494.74,1492.98,1491.51,1489.08,1486.00,1483.19,1481.34,1480.04,1479.17,1478.48,1477.09,1475.21,1473.39,1472.17,1472.45,1474.56,1478.04,1484.09,1493.09,1498.68,1503.55,1508.35,1513.35,1518.89,1523.79,1529.07,1534.38,1538.64,1541.89,1544.64,1547.39,1550.50,1554.34,1558.65,1564.52,1571.40,1577.46,1583.10,1588.81,1594.37,1599.41,1604.05,1608.83,1613.71,1618.58,1623.23,1627.80,1632.89,1638.62,1644.81,1650.00,1653.91,1657.54,1661.57,1666.12,1670.77,1675.54,1680.61,1686.34,1692.01,1697.75,1703.13,1707.95,1713.60,1719.37,1724.88,1730.02,1734.72,1736.92,1737.14,1735.46,1731.53,1727.45,1723.61,1719.42,1714.51,1709.60,1705.52,1701.75,1698.13,1694.78,1691.43,1687.71,1683.69,1679.56,1675.56,1671.68,1668.58,1666.43,1664.39,1662.44,1660.16,1657.42
1595.40,1599.17,1603.10,1607.09,1610.92,1614.51,1618.04,1621.53,1624.91,1628.09,1630.90,1633.22,1635.39,1637.37,1638.92,1640.05,1640.77,1641.47,1642.37,1643.59,1644.67,1645.07,1644.78,1643.79,1641.99,1639.29,1636.22,1633.07,1629.84,1626.16,1622.34,1618.72,1615.87,1613.27,1610.27,1606.86,1602.73,1596.30,1589.80,1583.35,1576.61,1569.14,1563.43,1558.69,1554.40,1550.04,1544.03,1536.35,1529.72,1526.08,1524.76,1525.13,1526.22,1527.58,1528.98,1530.18,1530.23,1528.16,1523.59,1521.34,1522.36,1524.33,1525.22,1522.28,1518.34,1514.57,1510.91,1506.71,1501.79,1496.54,1491.39,1486.96,1484.53,1488.71,1494.30,1499.75,1506.32,1513.33,1519.57,1524.99,1529.63,1533.41,1532.61,1529.14,1524.26,1519.20,1512.88,1505.36,1497.98,1492.88,1488.31,1484.14,1480.72,1478.57,1477.83,1478.20,1479.89,1482.84,1486.72,1491.12,1495.74,1500.63,1505.68,1509.59,1512.21,1513.73,1514.02,1512.98,1510.34,1506.39,1501.76,1497.21,1492.64,1488.20,1483.84,1479.59,1475.75,1473.61,1475.41,1481.34,1489.09,1494.66,1499.06,1502.84,1506.13,1509.06,1513.81,1518.05,1520.36,1521.31,1521.39,1520.95,1520.10,1518.72,1516.81,1514.15,1510.88,1507.04,1502.74,1499.17,1495.88,1492.64,1489.48,1486.89,1484.85,1482.93,1480.46,1476.95,1472.47,1469.64,1470.41,1474.83,1479.59,1484.43,1489.39,1494.45,1498.85,1501.45,1502.85,1503.33,1502.40,1501.30,1500.05,1498.59,1496.96,1495.38,1493.43,1491.14,1488.66,1486.16,1484.56,1483.65,1483.08,1482.02,1480.23,1478.23,1476.30,1474.75,1474.56,1476.60,1481.90,1490.59,1496.32,1501.11,1505.61,1510.12,1515.08,1519.13,1523.95,1529.32,1534.32,1539.01,1542.42,1545.40,1548.72,1552.99,1557.83,1563.93,1570.80,1576.87,1582.72,1588.51,1593.74,1597.95,1602.36,1606.96,1611.65,1616.23,1620.33,1624.20,1628.15,1632.85,1639.28,1646.02,1650.85,1654.63,1658.26,1662.45,1667.41,1672.64,1678.03,1683.67,1689.24,1694.95,1700.40,1705.11,1709.53,1714.57,1719.74,1724.67,1728.92,1731.66,1733.23,1733.09,1730.03,1726.72,1723.33,1719.51,1714.97,1709.99,1705.92,1702.18,1698.55,1695.18,1691.80,1688.16,1684.36,1680.45,1676.18,1672.00,1668.61,1666.19,1664.07,1661.97,1659.76,1657.33
1592.15,1595.99,1599.88,1603.83,1607.65,1611.21,1614.60,1618.13,1621.65,1625.03,1628.05,1631.01,1633.34,1635.24,1636.94,1638.47,1639.88,1641.25,1642.65,1644.09,1645.51,1646.40,1646.57,1645.78,1644.49,1642.28,1639.61,1636.79,1633.80,1630.53,1627.06,1623.43,1619.71,1616.60,1613.55,1610.38,1606.63,1600.95,1594.07,1586.80,1579.38,1571.89,1566.18,1561.37,1556.72,1551.59,1545.80,1539.65,1534.85,1532.73,1532.86,1533.74,1534.74,1535.65,1536.24,1536.58,1535.59,1532.92,1528.92,1527.53,1528.74,1530.52,1531.09,1527.76,1522.30,1517.45,1513.50,1509.54,1504.79,1499.77,1494.94,1491.11,1490.11,1493.59,1498.33,1503.42,1509.72,1516.29,1522.05,1527.32,1532.41,1536.26,1535.42,1531.68,1526.37,1521.29,1515.28,1508.07,1500.76,1495.35,1491.06,1487.32,1484.39,1482.79,1482.59,1483.68,1485.76,1488.65,1492.15,1496.59,1501.92,1507.20,1511.36,1514.69,1516.86,1518.03,1518.12,1517.01,1514.08,1509.63,1504.46,1499.65,1494.96,1490.40,1486.23,1482.67,1479.48,1476.90,1477.97,1483.18,1490.34,1496.13,1500.92,1505.22,1509.52,1514.66,1518.92,1522.20,1524.44,1525.75,1526.03,1525.55,1524.52,1522.97,1520.96,1518.34,1515.17,1511.50,1507.54,1504.03,1500.79,1497.68,1494.59,1491.22,1488.42,1486.18,1484.18,1481.34,1477.06,1473.18,1471.45,1473.36,1477.38,1482.21,1487.48,1493.28,1498.72,1501.98,1504.05,1505.56,1505.41,1504.67,1503.54,1502.12,1500.63,1499.18,1497.29,1495.05,1492.68,1490.51,1488.87,1487.86,1487.42,1486.65,1485.01,1482.76,1480.21,1477.88,1476.76,1476.87,1479.22,1484.97,1492.20,1497.62,1502.27,1506.91,1511.97,1516.06,1520.40,1525.20,1530.30,1535.80,1540.60,1544.63,1548.24,1552.78,1558.12,1564.11,1570.39,1576.26,1582.03,1587.80,1592.89,1596.68,1600.39,1604.73,1609.19,1613.42,1617.14,1620.67,1624.18,1628.06,1633.03,1639.44,1645.61,1650.90,1655.14,1659.09,1664.11,1669.67,1675.43,1681.10,1686.36,1691.62,1696.97,1702.17,1706.13,1710.26,1714.70,1719.27,1723.41,1726.46,1728.46,1729.06,1727.41,1725.35,1722.61,1719.00,1714.43,1709.57,1705.60,1701.94,1698.42,1695.18,1691.96,1688.55,1684.95,1681.14,1676.96,1672.74,1669.20,1666.55,1664.18,1661.73,1659.31,1656.89
1588.45,1592.50,1596.47,1600.41,1604.23,1607.81,1611.10,1614.58,1618.17,1621.66,1624.76,1628.27,1631.05,1633.18,1634.96,1636.89,1638.92,1640.93,1642.83,1644.53,1646.21,1647.59,1648.34,1648.04,1647.36,1645.74,1643.57,1641.06,1638.14,1635.05,1631.84,1628.32,1624.12,1620.42,1616.97,1613.69,1610.29,1605.63,1598.77,1590.98,1582.94,1575.23,1569.16,1564.18,1559.36,1553.67,1547.99,1543.29,1540.19,1539.33,1540.36,1541.56,1542.47,1542.94,1542.80,1542.31,1540.34,1537.23,1534.07,1533.91,1535.28,1536.66,1536.72,1533.38,1527.06,1521.05,1516.23,1512.36,1507.85,1503.03,1498.48,1495.30,1495.63,1498.52,1502.63,1507.63,1513.71,1519.45,1524.63,1529.88,1535.44,1539.15,1538.31,1534.40,1528.63,1523.19,1517.38,1510.71,1503.75,1497.88,1493.83,1490.62,1488.31,1487.31,1487.61,1489.19,1491.46,1494.18,1497.41,1501.88,1507.51,1512.79,1516.09,1518.82,1520.64,1521.68,1521.82,1520.80,1517.89,1512.91,1506.97,1501.94,1497.20,1492.62,1488.68,1485.80,1483.24,1480.48,1480.60,1484.52,1491.01,1497.04,1502.21,1507.23,1513.03,1519.62,1523.10,1525.38,1527.56,1529.26,1529.86,1529.54,1528.53,1526.96,1524.94,1522.34,1519.26,1515.80,1512.34,1508.97,1505.83,1502.92,1500.00,1496.36,1493.10,1490.49,1488.39,1485.76,1481.78,1477.38,1473.81,1473.18,1475.80,1480.03,1485.25,1491.54,1498.09,1502.14,1504.92,1507.45,1508.30,1507.97,1506.96,1505.57,1504.21,1502.82,1500.88,1498.55,1496.23,1494.34,1492.62,1491.50,1491.13,1490.53,1489.17,1487.03,1484.41,1481.88,1479.96,1478.25,1477.76,1480.37,1487.57,1493.56,1498.69,1503.66,1509.07,1513.58,1517.83,1522.28,1527.41,1533.33,1539.22,1544.20,1548.16,1552.88,1558.43,1564.16,1569.84,1575.40,1580.88,1586.64,1591.77,1595.33,1598.47,1602.44,1606.58,1610.46,1613.88,1617.20,1620.46,1623.70,1627.29,1632.78,1639.58,1646.12,1651.42,1655.70,1660.67,1666.35,1672.41,1678.25,1683.33,1688.14,1693.22,1698.68,1702.71,1706.30,1710.11,1714.25,1718.30,1721.42,1723.55,1724.61,1724.25,1723.29,1721.18,1717.83,1713.30,1708.72,1704.89,1701.34,1697.95,1694.88,1691.83,1688.62,1685.20,1681.49,1677.50,1673.39,1669.81,1667.00,1664.41,1661.67,1659.06,1656.57
1583.79,1588.47,1592.77,1596.80,1600.66,1604.32,1607.60,1610.85,1614.31,1617.76,1620.75,1624.36,1628.21,1631.44,1633.43,1635.64,1637.88,1640.16,1642.43,1644.60,1646.72,1648.58,1650.01,1650.70,1650.90,1650.12,1648.61,1646.39,1643.23,1639.54,1636.09,1632.91,1629.52,1625.39,1620.82,1616.55,1613.13,1609.26,1603.14,1595.74,1587.56,1579.00,1571.87,1566.56,1562.09,1556.93,1551.21,1547.13,1544.82,1544.33,1545.36,1546.62,1547.50,1547.77,1547.23,1546.20,1543.83,1540.76,1538.49,1540.29,1541.95,1542.55,1541.63,1538.56,1533.11,1526.11,1519.34,1515.11,1511.04,1506.46,1502.33,1499.98,1500.76,1503.52,1507.66,1512.95,1519.02,1523.34,1527.79,1533.07,1538.89,1541.87,1541.13,1537.36,1531.25,1524.89,1519.00,1513.13,1506.93,1500.49,1496.56,1493.89,1492.22,1491.80,1492.40,1493.81,1495.92,1498.67,1502.16,1506.81,1511.69,1516.19,1519.67,1522.00,1523.48,1524.51,1524.93,1524.06,1521.83,1516.35,1509.23,1504.09,1499.42,1495.09,1491.62,1489.36,1487.21,1484.79,1483.63,1485.16,1491.12,1497.13,1502.49,1508.59,1516.68,1521.93,1525.19,1527.75,1530.07,1531.93,1532.74,1532.68,1531.93,1530.51,1528.68,1526.13,1523.18,1520.06,1516.89,1513.73,1510.83,1508.21,1505.64,1503.05,1500.35,1497.45,1494.13,1490.43,1486.53,1482.27,1478.05,1475.77,1475.75,1478.11,1482.57,1489.00,1496.74,1501.84,1505.38,1508.59,1510.57,1510.86,1510.20,1509.02,1507.72,1506.11,1504.09,1501.79,1499.42,1497.20,1495.23,1493.96,1493.48,1492.82,1491.97,1490.84,1489.40,1487.45,1484.31,1481.27,1479.38,1479.81,1482.72,1488.76,1494.88,1500.29,1506.34,1511.67,1516.70,1521.70,1526.94,1532.75,1538.67,1543.90,1548.28,1553.14,1558.23,1563.51,1568.85,1573.93,1578.85,1584.68,1590.11,1593.70,1596.79,1600.21,1603.83,1607.43,1610.62,1613.81,1616.86,1619.87,1623.14,1627.31,1632.85,1639.31,1646.14,1652.06,1656.89,1662.24,1668.41,1674.70,1679.97,1684.59,1689.10,1693.91,1698.92,1702.93,1706.52,1710.13,1714.00,1716.74,1718.75,1720.06,1720.37,1720.00,1718.33,1715.38,1711.32,1707.29,1703.62,1700.21,1697.04,1694.07,1691.11,1688.00,1684.69,1681.13,1677.38,1673.57,1670.17,1667.31,1664.67,1661.92,1659.29,1656.73
1579.98,1584.09,1588.62,1592.80,1596.77,1600.56,1603.83,1606.67,1610.02,1613.70,1616.75,1620.19,1624.21,1628.27,1631.69,1634.16,1636.49,1639.13,1642.03,1644.64,1647.24,1649.62,1651.67,1653.16,1653.91,1653.67,1652.82,1651.19,1648.01,1643.95,1639.86,1636.14,1632.84,1628.62,1623.55,1618.73,1615.10,1611.46,1605.81,1598.82,1590.77,1581.97,1574.40,1568.59,1563.86,1559.20,1554.42,1551.26,1549.57,1549.30,1550.28,1551.52,1552.35,1552.57,1551.99,1550.47,1548.01,1545.51,1544.38,1546.27,1547.71,1547.86,1546.42,1543.35,1538.16,1531.47,1524.46,1518.73,1514.19,1509.59,1505.77,1504.07,1505.45,1509.03,1513.83,1519.29,1524.64,1528.09,1532.13,1537.02,1541.93,1544.40,1543.03,1539.22,1533.61,1526.99,1520.81,1515.15,1509.53,1503.53,1499.51,1497.05,1495.78,1495.66,1496.35,1497.96,1500.28,1503.21,1506.77,1511.00,1515.29,1519.35,1522.76,1524.89,1526.26,1527.50,1528.41,1527.56,1525.39,1519.90,1512.43,1506.36,1501.60,1497.74,1494.97,1493.36,1491.46,1489.00,1486.91,1486.70,1491.05,1496.95,1503.38,1510.67,1518.87,1523.41,1526.76,1529.78,1532.52,1534.54,1535.53,1535.66,1535.10,1533.75,1531.95,1529.60,1526.91,1524.05,1521.14,1518.27,1515.64,1513.23,1510.73,1508.16,1505.47,1502.49,1498.97,1495.16,1491.26,1487.15,1482.98,1479.62,1477.78,1478.01,1480.66,1486.62,1494.54,1500.70,1505.41,1509.31,1511.95,1513.41,1513.62,1512.81,1511.83,1509.91,1507.56,1505.17,1502.90,1500.15,1497.85,1496.37,1495.74,1495.11,1494.40,1493.54,1492.46,1490.85,1488.23,1485.26,1482.66,1481.28,1481.86,1486.91,1492.75,1498.12,1504.11,1510.33,1516.28,1521.90,1527.32,1532.82,1538.25,1543.26,1547.77,1552.55,1557.25,1562.12,1567.11,1571.97,1576.68,1582.03,1587.30,1591.52,1594.68,1597.75,1601.01,1604.37,1607.35,1610.31,1613.27,1616.30,1619.59,1623.51,1628.37,1634.18,1640.89,1647.64,1653.16,1658.40,1664.00,1670.43,1675.93,1680.67,1685.04,1689.45,1694.50,1698.74,1702.46,1705.94,1709.43,1712.04,1713.97,1715.25,1715.62,1715.47,1714.32,1712.07,1708.70,1705.04,1701.62,1698.32,1695.20,1692.43,1689.69,1686.81,1683.74,1680.43,1676.98,1673.38,1670.09,1667.28,1664.66,1662.06,1659.37,1656.57
1577.84,1580.53,1584.70,1588.71,1592.60,1596.36,1599.51,1602.05,1605.37,1609.29,1612.57,1615.90,1619.79,1624.41,1629.44,1632.45,1634.99,1638.09,1641.70,1644.74,1647.79,1650.67,1653.29,1655.44,1656.58,1656.82,1656.57,1655.60,1652.55,1648.19,1643.38,1638.79,1635.15,1630.82,1625.58,1620.49,1616.55,1612.83,1607.51,1600.89,1593.10,1584.38,1576.80,1570.64,1565.61,1561.42,1557.87,1555.69,1554.57,1554.46,1555.36,1556.46,1557.20,1557.43,1556.94,1555.06,1552.59,1550.72,1550.65,1551.92,1552.96,1552.82,1551.07,1547.89,1542.77,1536.85,1530.31,1523.08,1517.69,1512.88,1509.25,1508.06,1510.22,1514.88,1520.38,1525.78,1530.14,1533.24,1537.24,1541.63,1545.11,1546.94,1544.68,1540.73,1535.86,1529.25,1522.71,1516.96,1511.76,1506.59,1502.50,1500.22,1499.27,1499.39,1500.20,1502.20,1504.90,1508.07,1511.62,1515.30,1519.10,1522.84,1526.14,1528.40,1529.79,1531.14,1532.21,1531.16,1528.71,1523.30,1515.80,1508.71,1503.88,1500.67,1498.68,1497.61,1495.89,1493.28,1490.53,1488.96,1491.30,1496.83,1504.50,1512.88,1520.26,1524.43,1528.04,1531.61,1534.89,1537.14,1538.33,1538.64,1538.18,1536.87,1534.99,1532.82,1530.42,1527.80,1525.16,1522.55,1520.16,1517.93,1515.40,1512.51,1509.58,1506.56,1503.25,1499.68,1495.72,1491.74,1487.90,1484.00,1480.91,1479.11,1479.62,1484.74,1492.22,1499.26,1505.25,1509.86,1513.05,1515.74,1516.97,1516.67,1516.10,1514.05,1511.51,1509.02,1506.73,1503.41,1500.75,1499.01,1498.17,1497.53,1496.72,1495.76,1494.65,1493.23,1491.64,1489.32,1486.49,1483.79,1482.95,1486.45,1491.34,1496.44,1502.12,1509.17,1515.93,1522.05,1527.62,1532.73,1537.59,1542.26,1546.80,1551.49,1555.86,1560.28,1564.87,1569.61,1574.24,1578.91,1583.79,1588.65,1591.98,1594.91,1597.95,1601.10,1603.93,1606.67,1609.62,1612.82,1616.33,1620.59,1625.18,1630.26,1636.18,1643.05,1649.41,1654.70,1659.62,1665.86,1671.53,1676.33,1680.65,1684.99,1689.78,1694.18,1698.12,1701.61,1704.67,1707.20,1709.07,1710.23,1710.52,1710.45,1709.77,1708.22,1705.59,1702.27,1699.16,1696.01,1692.90,1690.32,1687.81,1685.20,1682.45,1679.50,1676.37,1672.97,1669.81,1667.09,1664.55,1662.11,1659.32,1656.16
1581.44,1581.25,1582.63,1585.01,1587.82,1590.72,1593.29,1596.39,1599.90,1603.66,1607.54,1611.65,1615.78,1620.28,1625.39,1630.09,1633.77,1637.55,1641.65,1645.17,1648.42,1651.66,1654.77,1657.30,1658.87,1659.68,1659.97,1659.33,1656.56,1651.93,1646.70,1641.55,1637.02,1631.88,1626.67,1621.75,1617.37,1613.37,1608.21,1601.80,1594.21,1585.97,1578.97,1573.54,1569.20,1565.41,1562.36,1560.94,1560.46,1560.55,1561.32,1561.93,1562.40,1562.61,1562.11,1560.25,1557.59,1555.62,1555.78,1556.89,1557.70,1557.33,1555.37,1552.01,1547.38,1541.76,1535.48,1528.89,1522.81,1517.46,1513.67,1512.81,1516.14,1521.26,1526.44,1531.00,1534.58,1538.56,1543.46,1547.78,1549.63,1549.88,1546.92,1542.85,1538.14,1531.45,1524.64,1518.68,1513.49,1508.80,1505.21,1503.55,1503.19,1503.78,1505.26,1507.76,1510.87,1514.32,1517.84,1521.54,1524.98,1528.30,1531.77,1535.21,1536.85,1537.33,1536.76,1534.71,1531.63,1525.82,1518.15,1511.15,1506.67,1504.44,1503.24,1502.16,1500.53,1498.08,1495.10,1492.63,1493.29,1497.52,1505.38,1514.26,1520.94,1525.11,1529.04,1533.12,1537.04,1539.79,1541.45,1541.89,1541.36,1540.06,1537.93,1535.66,1533.36,1530.97,1528.72,1526.12,1523.76,1521.69,1519.36,1516.47,1513.36,1510.15,1506.80,1503.14,1499.07,1495.10,1491.50,1488.24,1484.96,1481.99,1480.89,1484.85,1490.95,1498.18,1505.05,1510.37,1514.60,1517.76,1519.56,1520.07,1519.95,1518.78,1516.95,1514.59,1511.49,1507.75,1504.81,1502.78,1501.57,1500.58,1499.26,1497.99,1496.77,1495.36,1493.72,1491.77,1489.50,1486.99,1484.92,1486.34,1489.85,1494.63,1500.17,1507.60,1514.49,1520.48,1525.86,1530.79,1535.59,1540.30,1545.02,1550.00,1554.15,1557.97,1561.90,1566.41,1570.86,1575.09,1579.35,1583.70,1587.57,1590.87,1593.99,1597.05,1599.97,1602.68,1605.74,1609.23,1613.25,1618.31,1623.34,1628.42,1633.76,1639.18,1645.38,1651.11,1656.20,1661.34,1666.87,1670.83,1674.64,1679.97,1685.00,1689.56,1693.53,1696.87,1699.63,1701.82,1703.53,1704.82,1705.54,1705.69,1705.05,1703.68,1701.53,1698.75,1696.13,1693.33,1690.40,1687.77,1685.26,1682.88,1680.56,1678.20,1675.41,1672.34,1669.46,1666.92,1664.46,1662.02,1658.93,1655.29
1587.19,1585.88,1585.21,1585.55,1586.58,1588.08,1589.63,1592.22,1595.45,1599.06,1602.94,1607.23,1611.97,1617.08,1622.53,1628.06,1632.62,1637.08,1641.61,1645.45,1649.01,1652.59,1656.02,1658.83,1660.67,1661.98,1662.60,1661.99,1659.41,1654.87,1649.54,1644.08,1638.86,1632.69,1627.38,1622.75,1618.26,1613.68,1608.46,1602.31,1595.31,1588.31,1582.39,1577.53,1573.48,1570.13,1567.60,1566.71,1566.71,1567.13,1568.02,1568.49,1568.77,1568.74,1567.66,1565.33,1562.64,1560.89,1561.22,1562.11,1562.40,1561.59,1559.41,1555.92,1551.55,1546.16,1540.25,1534.46,1528.18,1522.52,1518.64,1518.10,1522.09,1527.09,1531.69,1535.81,1540.16,1544.64,1549.36,1553.09,1554.23,1553.51,1549.83,1545.25,1540.28,1533.71,1526.89,1520.70,1515.33,1510.93,1507.80,1506.84,1507.38,1509.04,1511.63,1514.59,1517.95,1521.58,1524.94,1528.27,1531.35,1534.42,1537.85,1541.66,1543.08,1542.52,1540.35,1537.23,1533.41,1527.64,1520.54,1514.13,1510.42,1508.94,1508.13,1506.93,1505.17,1502.76,1499.60,1496.58,1496.24,1499.25,1506.58,1515.28,1521.65,1525.89,1530.07,1534.57,1539.02,1542.20,1544.34,1545.08,1544.61,1543.21,1540.93,1538.48,1536.07,1533.79,1531.74,1529.33,1527.07,1524.99,1522.66,1519.87,1516.77,1513.50,1510.07,1506.27,1502.00,1497.85,1494.28,1491.35,1488.08,1484.60,1482.66,1485.85,1491.01,1498.25,1505.64,1511.59,1516.55,1519.83,1521.87,1522.91,1523.13,1522.53,1521.23,1519.23,1516.24,1512.78,1509.48,1507.01,1505.65,1504.49,1502.97,1501.30,1499.51,1497.45,1495.65,1493.87,1491.97,1489.85,1487.42,1486.94,1488.67,1492.55,1498.05,1505.41,1512.26,1518.15,1523.30,1528.06,1532.83,1537.58,1542.34,1547.53,1551.96,1555.62,1558.97,1562.84,1566.82,1570.72,1574.61,1578.58,1582.41,1585.86,1589.16,1592.47,1595.81,1598.87,1602.26,1606.10,1610.57,1616.16,1621.80,1627.26,1632.36,1636.64,1641.76,1647.41,1652.98,1657.62,1662.80,1666.44,1670.08,1675.43,1680.43,1684.92,1688.85,1692.12,1694.76,1696.64,1698.12,1699.28,1699.97,1700.20,1699.63,1698.47,1696.77,1694.61,1692.19,1689.69,1687.19,1684.72,1682.48,1680.48,1678.63,1676.73,1674.25,1671.56,1668.95,1666.49,1664.07,1661.58,1658.26,1654.33
1594.45,1593.97,1592.45,1590.70,1589.46,1589.12,1589.27,1590.13,1592.49,1595.90,1599.06,1602.77,1608.38,1614.92,1621.22,1626.56,1631.59,1636.64,1641.55,1645.54,1649.53,1653.39,1657.00,1660.05,1662.03,1663.71,1664.47,1663.62,1661.08,1656.93,1651.86,1646.34,1640.70,1633.44,1627.86,1623.57,1619.33,1613.98,1608.51,1602.70,1596.73,1591.70,1587.28,1582.75,1578.51,1575.60,1573.61,1573.04,1573.34,1574.20,1575.43,1576.09,1576.31,1575.82,1573.74,1570.44,1567.82,1566.58,1567.04,1567.62,1567.11,1565.66,1563.22,1559.68,1555.25,1550.05,1544.61,1539.55,1533.63,1527.96,1524.14,1523.88,1527.88,1532.33,1536.28,1540.50,1546.94,1551.35,1554.71,1557.35,1558.73,1557.74,1553.37,1547.94,1542.34,1536.11,1529.52,1523.11,1517.38,1513.12,1510.37,1510.18,1511.93,1515.22,1519.24,1522.60,1526.07,1529.71,1532.75,1535.26,1537.97,1540.93,1544.02,1547.22,1547.86,1546.25,1542.78,1538.60,1534.02,1528.76,1523.01,1517.68,1515.16,1514.14,1513.35,1511.99,1509.88,1507.29,1503.98,1500.72,1499.98,1502.01,1508.14,1516.00,1522.45,1526.82,1531.20,1535.98,1540.80,1544.30,1546.92,1548.11,1547.88,1546.32,1544.04,1541.32,1538.63,1536.29,1534.23,1532.22,1530.15,1527.93,1525.34,1522.67,1519.78,1516.61,1513.06,1509.14,1504.57,1500.09,1496.26,1493.20,1490.03,1486.66,1484.67,1487.53,1492.49,1499.64,1507.20,1513.62,1518.87,1521.98,1523.96,1525.20,1525.65,1525.16,1524.10,1522.63,1520.69,1518.21,1514.54,1511.56,1510.24,1509.18,1507.79,1505.74,1502.97,1499.69,1497.63,1495.80,1494.01,1492.28,1490.35,1488.36,1488.02,1490.36,1495.69,1502.54,1509.21,1515.12,1520.05,1524.61,1529.34,1534.06,1538.74,1543.98,1549.15,1553.18,1556.16,1559.03,1562.27,1565.83,1569.60,1573.41,1576.66,1579.99,1583.58,1587.50,1591.60,1595.43,1599.35,1603.56,1608.35,1614.06,1620.33,1626.45,1631.72,1635.38,1638.70,1643.66,1649.80,1654.75,1659.42,1663.41,1667.24,1671.53,1676.13,1680.32,1684.10,1687.39,1690.09,1691.72,1692.90,1693.69,1693.81,1693.94,1693.51,1692.60,1691.31,1689.76,1687.28,1685.00,1683.13,1681.16,1679.49,1678.05,1676.68,1675.10,1672.93,1670.63,1668.25,1665.79,1663.32,1660.79,1657.35,1653.35
1600.06,1599.94,1599.07,1597.43,1595.73,1594.29,1592.98,1592.63,1593.37,1595.01,1597.25,1600.14,1605.87,1613.35,1620.86,1626.15,1631.29,1636.53,1641.58,1645.77,1649.88,1653.91,1657.76,1661.13,1663.64,1665.63,1666.53,1665.57,1662.54,1658.47,1653.64,1648.24,1642.41,1635.06,1629.18,1624.68,1620.67,1615.46,1610.25,1605.18,1600.46,1596.79,1593.61,1589.93,1586.04,1582.86,1580.80,1580.37,1580.92,1581.97,1582.92,1583.32,1583.38,1582.92,1581.22,1578.23,1574.66,1572.10,1571.90,1572.28,1571.71,1569.98,1567.11,1563.60,1559.01,1553.79,1548.51,1543.83,1538.78,1533.76,1530.22,1529.78,1533.23,1537.97,1542.68,1547.26,1552.16,1555.97,1559.22,1561.78,1562.83,1561.04,1556.69,1551.13,1545.00,1538.95,1532.43,1525.82,1519.81,1515.75,1513.93,1515.11,1518.15,1522.25,1526.65,1530.64,1534.29,1537.47,1539.79,1541.76,1544.07,1546.52,1548.76,1551.04,1550.74,1548.50,1544.61,1539.31,1534.33,1529.28,1524.49,1521.18,1520.09,1519.56,1518.94,1517.80,1515.54,1512.55,1508.88,1505.18,1503.45,1504.81,1509.90,1516.82,1523.16,1527.96,1532.52,1537.20,1541.86,1545.85,1548.99,1550.66,1550.86,1549.68,1547.20,1544.33,1541.49,1538.89,1536.71,1534.83,1532.97,1530.84,1527.96,1525.21,1522.42,1519.28,1515.46,1511.62,1506.91,1502.00,1497.57,1494.38,1491.12,1488.05,1486.44,1489.13,1495.34,1502.70,1509.91,1516.10,1520.78,1523.94,1526.15,1527.59,1528.23,1527.82,1526.72,1525.24,1523.49,1521.30,1518.39,1515.67,1513.80,1512.71,1511.51,1509.78,1507.25,1503.61,1500.46,1498.16,1496.36,1494.73,1493.09,1491.01,1489.58,1489.77,1492.80,1498.82,1505.22,1511.05,1515.97,1520.30,1524.71,1529.42,1534.43,1539.36,1544.63,1549.48,1553.43,1556.02,1558.51,1560.97,1563.81,1567.38,1570.84,1574.63,1578.78,1583.40,1588.73,1593.27,1597.63,1602.08,1606.75,1611.93,1617.95,1624.37,1630.32,1633.80,1636.71,1640.66,1645.88,1651.74,1656.53,1660.76,1664.69,1668.45,1672.38,1676.19,1679.67,1682.68,1685.15,1686.67,1687.68,1688.28,1688.26,1688.10,1687.36,1686.26,1684.97,1683.49,1681.33,1679.38,1677.96,1677.00,1676.04,1675.02,1674.05,1673.14,1671.62,1669.63,1667.44,1665.09,1662.57,1659.86,1656.56,1652.91
1604.96,1605.04,1604.94,1603.91,1602.31,1600.35,1598.12,1596.79,1595.84,1595.47,1596.71,1598.71,1604.28,1612.32,1620.80,1626.09,1631.25,1636.52,1641.61,1645.96,1650.11,1654.26,1658.31,1661.96,1665.09,1667.40,1668.46,1667.54,1664.10,1659.96,1655.26,1650.00,1644.17,1637.26,1631.12,1626.21,1622.36,1617.59,1612.85,1608.60,1605.06,1602.32,1599.91,1597.04,1593.72,1590.44,1588.26,1587.91,1588.59,1589.67,1590.36,1590.66,1590.66,1590.27,1589.08,1586.51,1582.01,1577.87,1576.65,1577.05,1576.88,1575.27,1572.09,1568.26,1563.26,1557.77,1552.47,1548.03,1543.69,1539.24,1535.98,1535.55,1538.99,1543.91,1549.07,1553.73,1557.19,1560.82,1564.30,1566.78,1566.88,1564.10,1559.93,1554.50,1548.03,1541.98,1535.61,1528.95,1522.84,1518.99,1518.24,1520.81,1525.06,1529.86,1534.41,1538.67,1542.15,1544.71,1546.58,1548.47,1550.46,1552.21,1553.35,1554.32,1553.02,1550.34,1546.29,1539.89,1534.71,1530.02,1526.20,1524.75,1524.75,1524.86,1524.70,1523.92,1521.73,1518.28,1514.06,1509.74,1506.86,1507.34,1511.62,1517.86,1523.97,1529.13,1533.84,1538.45,1543.05,1547.53,1551.18,1553.25,1553.84,1553.02,1550.34,1547.34,1544.43,1541.76,1539.70,1537.86,1536.05,1533.91,1530.78,1527.82,1524.95,1521.75,1517.74,1513.89,1509.13,1503.83,1498.72,1495.36,1492.06,1489.39,1488.41,1491.44,1498.72,1506.06,1512.66,1518.40,1522.72,1525.96,1528.38,1530.01,1530.82,1530.49,1529.33,1527.71,1525.86,1523.75,1521.60,1519.28,1517.01,1515.88,1514.83,1513.43,1511.30,1507.74,1503.86,1501.29,1499.49,1497.78,1496.10,1494.11,1492.03,1490.44,1490.91,1495.57,1501.17,1506.57,1511.52,1515.79,1519.91,1524.49,1529.71,1534.62,1539.77,1545.16,1550.12,1553.21,1555.27,1556.87,1558.91,1562.10,1565.74,1570.02,1574.67,1579.87,1586.24,1591.49,1596.32,1600.97,1605.43,1609.99,1615.54,1621.82,1628.02,1631.99,1634.95,1637.99,1642.04,1648.28,1653.42,1657.90,1661.89,1665.37,1668.76,1672.19,1675.37,1678.08,1680.29,1681.70,1682.62,1683.13,1683.07,1682.63,1681.45,1679.96,1678.47,1676.96,1675.29,1673.84,1672.89,1672.77,1672.47,1671.87,1671.33,1671.10,1670.35,1668.74,1666.73,1664.49,1662.01,1659.37,1656.41,1653.25
1609.10,1609.27,1609.27,1608.64,1607.56,1606.10,1604.37,1602.33,1599.99,1598.07,1598.17,1599.26,1604.41,1612.33,1620.87,1626.26,1631.40,1636.60,1641.62,1645.97,1650.15,1654.32,1658.41,1662.27,1665.96,1668.66,1670.00,1669.30,1666.04,1661.68,1656.79,1651.57,1646.17,1640.41,1634.15,1628.61,1624.78,1620.65,1616.60,1613.15,1610.42,1607.87,1605.22,1602.65,1600.14,1597.68,1595.71,1595.32,1595.85,1596.76,1597.64,1598.55,1598.81,1598.28,1596.95,1594.36,1589.55,1584.45,1581.71,1582.69,1583.63,1582.92,1579.88,1574.76,1568.71,1562.52,1556.86,1552.50,1548.17,1543.66,1540.55,1540.90,1546.11,1550.40,1554.20,1558.14,1562.72,1567.57,1571.46,1573.10,1571.05,1567.15,1563.09,1558.01,1551.61,1545.22,1539.25,1533.07,1527.21,1523.55,1523.93,1527.51,1532.69,1538.40,1543.18,1546.67,1549.05,1550.84,1553.24,1556.06,1557.99,1558.80,1558.43,1557.32,1554.95,1552.02,1547.97,1540.53,1535.49,1531.74,1529.13,1528.53,1528.59,1529.67,1530.63,1530.39,1528.75,1524.76,1519.65,1514.35,1510.23,1509.16,1513.04,1519.40,1525.14,1530.20,1535.00,1539.92,1545.04,1549.95,1554.00,1556.33,1557.00,1556.13,1553.36,1550.24,1547.41,1545.30,1544.10,1542.22,1539.97,1537.40,1534.18,1530.77,1527.43,1523.99,1520.09,1515.88,1511.18,1505.67,1499.86,1496.29,1493.17,1491.04,1491.08,1495.75,1502.62,1509.07,1514.80,1519.97,1524.95,1528.24,1530.65,1532.46,1533.42,1533.19,1532.07,1530.33,1528.15,1526.04,1523.94,1521.87,1520.01,1518.83,1517.84,1516.36,1514.21,1511.34,1508.25,1506.18,1504.48,1502.37,1499.96,1497.56,1495.35,1493.40,1492.00,1494.12,1497.59,1501.73,1506.62,1511.34,1515.40,1519.54,1524.41,1530.25,1535.15,1540.01,1545.21,1550.41,1552.84,1554.78,1556.89,1559.38,1562.59,1567.00,1571.89,1577.29,1583.89,1589.88,1595.30,1600.18,1604.45,1608.58,1613.65,1618.86,1623.89,1629.74,1633.09,1635.73,1638.91,1643.77,1649.46,1654.26,1658.24,1661.80,1665.10,1668.27,1671.21,1673.80,1675.78,1677.07,1677.97,1678.52,1678.44,1677.88,1676.22,1674.11,1672.12,1670.66,1669.66,1669.07,1668.82,1668.76,1668.82,1668.81,1668.83,1669.02,1669.17,1668.16,1666.40,1664.17,1661.96,1660.09,1657.83,1655.26
1613.31,1613.52,1613.61,1613.27,1612.69,1611.89,1610.62,1608.91,1606.48,1603.85,1602.38,1602.11,1605.45,1612.07,1620.67,1626.07,1631.23,1636.49,1641.60,1645.85,1649.90,1654.06,1658.26,1662.25,1666.22,1669.26,1670.92,1670.66,1668.27,1663.99,1658.92,1653.65,1648.57,1643.36,1637.75,1632.65,1628.91,1625.36,1621.91,1618.68,1615.83,1613.48,1610.97,1608.52,1606.24,1604.33,1603.20,1603.60,1604.68,1605.80,1606.73,1607.34,1607.11,1605.93,1603.89,1600.88,1596.24,1591.38,1588.43,1589.36,1590.30,1589.71,1586.93,1582.02,1576.05,1569.36,1562.72,1557.28,1552.79,1548.85,1546.61,1547.58,1552.16,1556.10,1559.98,1564.47,1570.05,1574.67,1577.89,1578.90,1576.37,1571.51,1566.54,1561.38,1555.62,1548.96,1543.20,1537.50,1532.20,1529.08,1530.41,1534.91,1540.45,1545.61,1549.41,1552.15,1554.22,1556.20,1559.12,1561.92,1563.64,1564.09,1562.95,1560.48,1557.03,1553.46,1549.21,1541.79,1536.99,1534.32,1533.18,1533.40,1534.71,1536.08,1536.56,1535.47,1533.38,1529.45,1524.34,1518.82,1514.42,1512.79,1515.77,1521.28,1526.77,1531.90,1536.90,1542.06,1547.53,1553.20,1557.41,1559.88,1560.74,1559.77,1556.77,1553.59,1550.93,1549.15,1548.24,1546.90,1545.13,1542.75,1539.24,1534.92,1531.05,1527.45,1523.40,1518.60,1513.42,1507.62,1501.58,1497.43,1494.41,1493.30,1494.80,1500.13,1506.40,1511.91,1517.04,1522.27,1527.29,1530.52,1532.97,1534.94,1535.99,1535.91,1534.99,1533.35,1530.99,1528.73,1526.64,1524.82,1523.40,1522.43,1521.48,1519.97,1517.90,1515.51,1512.95,1511.05,1509.39,1507.40,1504.94,1501.87,1498.86,1496.19,1494.00,1493.77,1495.69,1499.00,1502.93,1507.47,1511.41,1515.31,1519.84,1525.40,1531.07,1536.37,1541.68,1547.72,1550.96,1553.30,1555.47,1557.75,1560.54,1564.89,1569.98,1575.65,1582.25,1588.39,1594.00,1599.05,1603.40,1607.37,1611.91,1616.28,1620.34,1625.76,1630.06,1633.32,1636.21,1640.07,1645.07,1650.11,1654.55,1658.00,1661.04,1663.78,1666.43,1668.94,1670.95,1672.39,1673.40,1673.98,1673.99,1673.52,1671.79,1669.49,1667.36,1666.18,1665.36,1665.06,1665.18,1665.32,1665.96,1666.31,1666.56,1667.08,1667.67,1667.52,1666.41,1664.42,1662.48,1660.89,1659.33,1657.79
1617.54,1617.80,1618.01,1617.91,1617.78,1617.61,1616.77,1615.81,1613.96,1611.25,1608.42,1606.69,1607.50,1611.94,1620.18,1625.52,1630.68,1636.13,1641.47,1645.56,1649.37,1653.52,1657.87,1662.01,1666.06,1669.39,1671.45,1671.78,1670.48,1666.64,1661.63,1656.34,1651.50,1646.48,1641.81,1637.62,1634.07,1631.12,1628.27,1625.10,1621.85,1619.62,1617.30,1614.82,1612.47,1610.92,1610.75,1612.09,1613.90,1615.45,1616.44,1616.39,1615.28,1613.16,1610.11,1606.49,1602.27,1598.27,1595.85,1596.44,1596.85,1595.98,1593.43,1589.29,1583.87,1577.03,1569.54,1562.81,1557.93,1554.49,1553.13,1554.62,1557.74,1561.61,1566.27,1571.83,1578.09,1581.75,1583.83,1584.27,1581.96,1576.53,1570.35,1564.80,1559.71,1553.01,1547.32,1542.01,1537.38,1535.04,1537.34,1542.39,1547.68,1551.61,1554.08,1556.38,1558.72,1561.32,1564.67,1567.12,1568.62,1568.89,1567.21,1563.70,1559.31,1554.97,1550.36,1543.55,1539.08,1537.47,1537.79,1538.84,1541.59,1542.80,1542.13,1539.76,1536.82,1533.09,1528.31,1522.95,1518.80,1517.17,1519.12,1523.46,1528.80,1534.08,1539.36,1544.77,1550.53,1556.87,1561.15,1563.73,1564.79,1563.80,1560.76,1557.52,1554.86,1553.18,1552.22,1551.56,1550.53,1548.59,1544.92,1539.80,1535.36,1531.48,1527.24,1521.95,1516.03,1509.79,1503.66,1498.72,1495.73,1495.75,1498.74,1504.32,1509.95,1514.66,1519.43,1524.98,1529.66,1532.79,1535.30,1537.39,1538.49,1538.56,1537.90,1536.51,1534.18,1531.76,1529.62,1528.00,1526.99,1526.31,1525.42,1523.97,1522.05,1519.98,1517.74,1515.82,1514.12,1512.37,1510.08,1506.42,1502.48,1498.96,1496.38,1494.24,1494.88,1497.40,1500.13,1504.10,1507.85,1511.62,1515.83,1520.64,1527.27,1533.40,1538.94,1545.11,1549.26,1552.04,1554.32,1556.67,1559.13,1563.34,1568.56,1574.51,1581.11,1587.06,1592.59,1597.75,1602.32,1606.28,1610.31,1614.00,1617.27,1621.24,1626.36,1630.56,1633.62,1636.77,1640.63,1645.69,1650.62,1654.01,1656.79,1659.11,1661.42,1663.78,1665.81,1667.43,1668.48,1669.04,1669.16,1668.80,1667.27,1665.17,1663.24,1662.45,1661.61,1661.36,1661.73,1662.25,1663.50,1664.13,1664.50,1665.26,1666.04,1666.73,1666.43,1664.92,1663.23,1661.70,1660.77,1660.28
1621.73,1622.22,1622.73,1622.93,1622.98,1622.91,1622.43,1621.83,1620.69,1618.95,1616.77,1614.20,1612.16,1613.14,1618.92,1624.05,1629.17,1635.00,1640.97,1644.74,1648.22,1652.37,1657.00,1661.46,1665.39,1668.83,1671.49,1672.75,1671.81,1669.53,1665.72,1660.85,1656.03,1650.96,1646.66,1643.10,1640.23,1638.07,1636.01,1633.49,1630.57,1628.08,1625.35,1622.54,1620.09,1618.70,1618.42,1619.49,1621.33,1623.40,1624.69,1624.48,1622.52,1619.13,1615.06,1610.87,1607.05,1604.09,1602.72,1603.16,1603.09,1601.84,1599.12,1594.91,1589.68,1583.75,1577.47,1571.25,1565.33,1560.48,1558.41,1560.25,1563.52,1568.05,1573.50,1579.53,1585.22,1588.03,1589.16,1588.76,1586.13,1581.56,1575.15,1568.78,1563.09,1557.28,1551.57,1546.22,1542.01,1540.85,1544.51,1548.55,1552.09,1555.06,1557.29,1560.68,1564.04,1567.11,1570.40,1573.25,1574.78,1574.47,1571.55,1566.97,1562.19,1557.33,1552.12,1546.23,1542.34,1541.29,1542.39,1544.37,1546.72,1547.24,1546.06,1543.45,1540.14,1535.94,1530.92,1525.77,1522.27,1520.88,1522.45,1526.31,1531.66,1537.15,1542.73,1548.58,1554.71,1560.68,1565.09,1567.79,1568.93,1568.43,1566.58,1563.07,1559.50,1557.26,1556.09,1555.28,1554.19,1552.43,1549.61,1545.31,1540.28,1535.41,1531.39,1526.64,1519.85,1512.69,1506.15,1500.19,1497.09,1497.58,1501.28,1507.41,1512.70,1517.32,1522.32,1528.06,1532.01,1535.09,1537.64,1539.60,1540.71,1540.83,1540.34,1539.40,1537.87,1535.52,1533.14,1531.42,1530.60,1530.01,1529.34,1528.20,1526.55,1524.47,1522.26,1520.17,1518.17,1516.05,1513.41,1510.17,1506.30,1502.07,1498.50,1495.99,1495.32,1496.32,1498.71,1501.70,1505.16,1508.86,1512.82,1517.36,1523.55,1530.17,1536.68,1542.67,1547.13,1550.40,1553.09,1555.62,1558.17,1562.29,1567.42,1573.48,1580.65,1586.22,1591.37,1596.46,1601.28,1605.28,1608.94,1612.22,1615.11,1618.24,1622.23,1626.52,1630.52,1633.50,1636.94,1641.19,1645.69,1649.65,1652.62,1654.87,1656.80,1658.51,1659.95,1661.17,1661.82,1662.02,1662.02,1661.52,1660.51,1659.36,1658.38,1658.03,1657.36,1657.36,1658.21,1659.51,1661.08,1662.08,1662.80,1663.68,1664.60,1665.42,1665.73,1665.21,1663.65,1662.38,1661.67,1661.30
1625.87,1626.73,1627.60,1628.05,1628.23,1628.23,1628.04,1627.59,1626.89,1625.86,1624.19,1621.50,1618.16,1616.48,1618.67,1622.66,1627.46,1633.31,1639.53,1643.62,1647.05,1651.13,1655.90,1660.87,1664.74,1668.23,1671.28,1673.30,1673.09,1671.95,1669.35,1665.44,1661.07,1656.54,1652.78,1649.62,1646.87,1644.71,1642.89,1640.80,1638.29,1635.73,1632.90,1629.69,1626.70,1625.06,1624.69,1625.61,1627.40,1629.63,1631.01,1630.91,1628.97,1625.41,1620.94,1615.67,1611.93,1609.85,1609.24,1609.41,1608.82,1607.06,1603.96,1599.71,1594.68,1589.32,1583.88,1578.49,1572.79,1567.54,1565.00,1566.73,1570.24,1575.61,1581.32,1586.67,1591.23,1593.53,1594.15,1593.18,1590.18,1585.90,1579.76,1573.02,1566.54,1561.05,1555.27,1550.24,1546.86,1546.77,1550.54,1553.59,1556.26,1559.33,1562.11,1565.86,1569.53,1572.78,1575.90,1578.51,1579.82,1579.14,1575.52,1570.01,1564.96,1559.99,1554.76,1549.50,1546.39,1545.84,1547.19,1549.41,1551.07,1550.98,1549.54,1546.99,1543.57,1539.08,1533.93,1528.87,1525.53,1524.37,1525.88,1529.55,1535.00,1541.12,1546.87,1552.73,1558.86,1564.34,1568.61,1571.26,1572.45,1572.39,1571.54,1568.58,1565.17,1562.88,1561.39,1559.85,1557.89,1555.57,1553.17,1549.54,1544.54,1539.40,1535.43,1530.92,1523.77,1516.16,1509.30,1502.71,1499.00,1499.50,1503.66,1510.02,1515.30,1520.22,1525.39,1530.75,1534.24,1537.34,1539.92,1541.77,1542.79,1542.88,1542.45,1541.74,1540.70,1538.72,1536.46,1534.80,1534.07,1533.56,1533.01,1532.07,1530.63,1528.67,1526.56,1524.34,1522.00,1519.48,1516.69,1513.68,1509.88,1505.31,1500.94,1498.04,1496.44,1496.27,1497.98,1500.07,1503.06,1506.51,1510.26,1514.51,1520.09,1526.93,1534.16,1539.96,1544.41,1547.97,1551.05,1553.87,1556.78,1561.26,1566.45,1572.43,1580.14,1585.40,1590.22,1595.20,1600.16,1604.13,1607.61,1610.70,1613.41,1616.09,1619.11,1622.95,1627.10,1630.08,1633.13,1636.65,1640.69,1644.99,1648.13,1650.32,1651.95,1653.13,1654.02,1654.76,1655.03,1654.98,1654.87,1654.45,1653.93,1653.46,1653.14,1653.08,1652.86,1653.42,1654.91,1656.77,1658.60,1660.14,1661.38,1662.36,1663.33,1664.11,1664.70,1664.84,1663.87,1663.02,1662.49,1662.09
1630.02,1631.37,1632.61,1633.24,1633.52,1633.64,1633.67,1633.23,1632.65,1631.82,1630.23,1628.15,1625.34,1622.23,1620.09,1621.85,1625.80,1631.08,1637.04,1642.21,1645.94,1649.88,1654.66,1660.27,1664.19,1667.66,1670.84,1673.36,1674.36,1673.80,1672.25,1669.82,1666.41,1663.14,1660.17,1657.18,1653.88,1650.84,1648.60,1646.56,1644.40,1642.03,1639.57,1635.95,1632.00,1629.68,1629.36,1630.40,1632.14,1634.08,1635.25,1635.54,1634.56,1632.15,1627.99,1621.25,1617.20,1615.69,1615.42,1615.13,1613.96,1611.58,1607.94,1603.80,1598.96,1593.62,1588.31,1583.82,1579.80,1575.63,1573.26,1574.43,1578.03,1584.23,1589.50,1593.05,1596.04,1598.22,1598.79,1597.59,1594.27,1589.45,1583.94,1577.40,1570.16,1564.23,1558.37,1554.10,1552.02,1552.83,1555.26,1557.66,1560.70,1564.94,1568.87,1571.99,1575.03,1578.18,1581.08,1582.63,1583.39,1582.68,1579.03,1572.83,1567.53,1562.88,1558.32,1553.33,1551.16,1551.05,1552.19,1553.89,1554.78,1554.25,1552.74,1550.40,1547.14,1542.68,1537.58,1532.48,1528.69,1527.73,1529.45,1533.19,1538.81,1545.95,1551.70,1557.11,1562.74,1567.80,1571.62,1574.02,1575.23,1575.51,1575.26,1573.77,1571.86,1570.18,1568.28,1565.48,1561.96,1558.27,1555.54,1552.14,1547.86,1543.33,1539.18,1534.46,1527.57,1520.14,1513.13,1506.41,1501.56,1501.65,1506.08,1512.27,1517.87,1523.39,1528.57,1532.93,1536.35,1539.55,1542.16,1543.92,1544.76,1544.74,1544.23,1543.48,1542.52,1541.15,1539.48,1538.13,1537.42,1536.98,1536.40,1535.48,1534.18,1532.47,1530.59,1528.30,1525.64,1522.78,1520.14,1516.99,1513.17,1508.67,1503.83,1500.30,1498.21,1497.41,1497.93,1499.27,1501.56,1504.54,1508.09,1511.96,1516.95,1523.72,1531.24,1536.90,1541.05,1544.66,1548.05,1551.31,1554.86,1560.16,1565.63,1571.38,1579.46,1584.55,1589.10,1593.95,1598.92,1602.79,1606.26,1609.39,1612.13,1614.71,1617.23,1620.15,1623.41,1626.46,1629.13,1632.13,1635.77,1639.99,1643.20,1645.33,1646.76,1647.66,1648.15,1648.45,1648.49,1648.34,1648.16,1648.13,1647.97,1647.76,1647.60,1647.65,1648.12,1649.58,1651.84,1653.93,1656.05,1658.27,1660.16,1661.25,1662.22,1662.89,1663.38,1663.73,1663.86,1663.58,1663.21,1662.80
1635.23,1636.65,1637.80,1638.57,1639.04,1639.29,1639.56,1639.55,1639.23,1638.48,1637.02,1634.90,1632.08,1629.00,1626.41,1625.79,1626.18,1628.82,1634.12,1640.61,1644.84,1648.88,1653.78,1659.71,1663.57,1666.97,1670.17,1672.91,1674.66,1675.54,1675.04,1673.31,1670.94,1668.59,1665.96,1663.11,1660.14,1657.30,1654.80,1652.52,1650.26,1647.68,1645.21,1641.82,1638.00,1635.24,1634.65,1635.43,1636.76,1638.21,1639.42,1639.96,1639.41,1637.50,1633.74,1627.91,1623.55,1621.30,1620.95,1620.21,1618.63,1615.85,1611.88,1607.65,1602.66,1597.42,1592.38,1588.00,1584.36,1581.38,1580.35,1582.31,1585.93,1590.84,1595.06,1598.18,1600.85,1602.73,1602.88,1601.35,1598.05,1593.25,1587.49,1580.85,1573.80,1567.97,1562.15,1558.16,1556.68,1558.32,1561.08,1564.04,1567.14,1570.48,1573.70,1576.69,1579.75,1582.88,1585.57,1586.82,1587.28,1586.43,1582.86,1576.21,1570.33,1565.46,1561.28,1557.02,1555.15,1555.37,1556.88,1558.52,1558.61,1557.54,1555.78,1553.44,1550.51,1545.99,1540.99,1536.20,1532.38,1531.42,1533.29,1537.23,1542.90,1550.01,1555.86,1561.01,1565.92,1570.67,1574.39,1576.89,1578.37,1579.08,1579.17,1578.34,1577.02,1575.48,1573.39,1570.51,1566.73,1562.24,1557.81,1553.95,1549.80,1545.52,1541.49,1536.84,1530.48,1523.44,1516.35,1509.44,1504.29,1504.08,1508.42,1515.01,1520.98,1526.47,1531.27,1535.10,1538.51,1541.85,1544.56,1546.31,1546.93,1546.75,1546.12,1545.40,1544.87,1543.94,1542.91,1541.94,1541.12,1540.61,1539.83,1538.81,1537.50,1535.73,1533.71,1531.34,1528.65,1525.75,1522.97,1520.05,1516.43,1511.97,1507.14,1503.29,1500.51,1498.85,1498.68,1499.29,1500.60,1502.85,1506.12,1509.62,1514.33,1520.86,1528.22,1533.82,1537.75,1541.28,1544.86,1548.71,1553.32,1559.25,1564.90,1570.58,1578.72,1583.64,1587.88,1592.41,1597.29,1601.35,1604.78,1607.87,1610.67,1613.20,1615.52,1617.92,1620.47,1623.12,1625.63,1628.25,1631.17,1634.49,1637.75,1639.92,1641.47,1642.54,1643.07,1643.45,1643.59,1643.50,1643.33,1643.55,1643.53,1643.26,1642.90,1642.92,1643.47,1645.22,1647.98,1650.74,1653.21,1655.68,1657.96,1659.70,1660.98,1661.72,1662.27,1662.78,1663.21,1663.22,1663.07,1662.91
1640.30,1641.77,1642.88,1643.85,1644.54,1644.90,1645.37,1645.75,1645.63,1644.94,1643.61,1641.39,1638.48,1635.59,1633.18,1630.68,1627.92,1627.80,1631.77,1639.08,1643.76,1647.97,1652.93,1658.97,1662.83,1666.19,1669.38,1672.24,1674.49,1676.69,1677.31,1676.40,1675.19,1673.69,1671.35,1668.61,1665.99,1663.57,1660.99,1658.50,1656.08,1653.29,1650.71,1647.61,1644.10,1640.97,1640.00,1640.39,1641.29,1642.38,1643.66,1644.34,1644.00,1642.37,1638.95,1634.30,1629.91,1627.04,1626.41,1625.11,1623.12,1619.94,1615.59,1611.34,1606.36,1601.22,1596.25,1591.86,1588.36,1586.49,1586.81,1589.65,1593.23,1596.87,1600.26,1603.28,1605.69,1607.03,1606.49,1604.46,1601.17,1596.57,1590.55,1583.65,1576.65,1571.27,1565.87,1562.37,1561.48,1563.76,1566.89,1570.25,1573.21,1575.53,1578.14,1581.28,1584.52,1587.61,1590.11,1591.19,1591.35,1590.26,1586.76,1579.97,1573.54,1568.40,1564.58,1561.17,1559.46,1559.98,1561.89,1563.42,1562.89,1561.34,1559.24,1556.69,1553.93,1549.24,1544.31,1539.87,1536.20,1535.22,1537.21,1541.27,1546.83,1553.70,1559.56,1564.50,1568.87,1573.41,1577.26,1580.08,1581.97,1583.03,1583.29,1582.72,1581.59,1579.96,1577.71,1574.87,1571.09,1566.12,1560.09,1555.48,1551.15,1546.95,1543.00,1538.44,1532.61,1526.02,1519.00,1511.90,1506.79,1506.51,1510.82,1517.92,1524.16,1529.38,1533.73,1537.33,1540.86,1544.36,1547.17,1548.91,1549.36,1548.95,1548.08,1547.32,1547.21,1546.85,1546.45,1545.82,1544.90,1544.17,1543.13,1541.93,1540.53,1538.64,1536.46,1533.98,1531.26,1528.33,1525.47,1522.83,1519.56,1515.39,1510.84,1506.99,1503.88,1501.72,1501.04,1500.87,1501.09,1502.22,1504.60,1507.53,1511.83,1518.03,1525.27,1531.24,1535.07,1538.51,1542.25,1546.68,1552.15,1558.47,1564.22,1569.82,1577.78,1582.65,1586.64,1590.80,1595.44,1599.70,1603.16,1606.19,1609.02,1611.53,1613.76,1615.83,1617.85,1620.03,1622.35,1624.64,1626.91,1629.33,1632.38,1634.50,1636.10,1637.36,1638.03,1638.65,1638.97,1639.01,1638.85,1639.09,1639.02,1638.66,1638.22,1638.27,1638.85,1640.76,1643.89,1647.27,1650.22,1652.97,1655.56,1657.88,1659.55,1660.57,1661.30,1661.89,1662.41,1662.56,1662.58,1662.64
1644.12,1645.91,1647.48,1648.82,1649.77,1650.26,1650.78,1651.05,1650.89,1650.26,1649.04,1647.04,1644.18,1640.85,1637.45,1634.65,1632.13,1630.53,1631.47,1637.90,1642.81,1647.13,1651.89,1657.68,1661.79,1665.22,1668.38,1671.27,1673.67,1676.24,1678.09,1679.03,1679.22,1678.67,1676.83,1674.12,1671.19,1669.03,1666.72,1664.36,1661.96,1659.30,1656.54,1653.42,1649.94,1646.49,1645.02,1644.95,1645.65,1646.87,1648.19,1648.73,1648.37,1646.87,1643.56,1639.00,1635.46,1633.31,1632.17,1629.96,1627.44,1623.66,1618.67,1614.65,1610.50,1605.35,1599.89,1595.64,1592.62,1591.44,1592.31,1595.27,1598.65,1602.72,1606.43,1609.21,1610.63,1610.83,1609.13,1606.19,1602.57,1598.23,1592.61,1585.22,1577.16,1572.86,1568.81,1566.81,1567.16,1569.52,1571.78,1574.18,1576.59,1579.17,1582.92,1586.67,1590.08,1593.04,1595.30,1596.06,1595.73,1594.20,1590.65,1584.37,1577.81,1572.66,1569.39,1566.75,1565.36,1566.15,1568.11,1569.01,1568.42,1566.70,1564.10,1560.80,1557.63,1552.55,1547.52,1543.31,1539.95,1539.11,1541.13,1545.00,1550.04,1556.97,1562.41,1567.11,1571.69,1576.15,1580.55,1584.14,1586.65,1587.74,1587.84,1587.05,1585.61,1583.56,1581.00,1577.70,1573.70,1568.76,1562.45,1556.74,1551.81,1547.44,1543.27,1538.65,1533.11,1526.99,1520.37,1513.21,1508.52,1508.71,1513.43,1520.95,1527.14,1531.87,1535.88,1539.75,1543.74,1547.38,1550.25,1552.03,1552.43,1551.59,1550.19,1549.08,1549.16,1549.82,1549.96,1549.55,1548.63,1547.34,1546.02,1544.53,1542.84,1540.95,1538.77,1536.13,1533.15,1530.03,1527.39,1525.01,1522.39,1519.22,1515.32,1512.23,1510.08,1508.62,1507.56,1506.51,1505.46,1504.55,1504.29,1506.03,1509.27,1514.98,1522.63,1530.10,1534.20,1537.61,1541.50,1546.36,1551.75,1557.96,1563.64,1569.03,1576.28,1581.43,1585.45,1589.19,1593.29,1597.56,1601.14,1604.20,1606.92,1609.51,1611.77,1613.76,1615.60,1617.47,1619.35,1621.31,1623.38,1625.57,1627.65,1629.29,1630.63,1631.73,1632.54,1633.38,1633.91,1634.10,1633.90,1633.61,1633.11,1632.80,1632.93,1633.30,1634.28,1636.46,1639.69,1643.28,1647.02,1650.40,1653.29,1655.58,1657.63,1659.41,1660.59,1661.15,1661.66,1661.73,1661.71,1661.77
1647.70,1649.92,1651.98,1653.45,1654.41,1654.96,1655.40,1655.52,1655.21,1654.47,1653.32,1651.57,1649.14,1646.05,1642.40,1639.14,1636.59,1634.43,1633.72,1637.35,1641.75,1646.11,1650.74,1656.18,1660.61,1664.15,1667.36,1670.43,1673.26,1676.26,1678.83,1680.71,1681.80,1681.79,1680.45,1678.33,1675.99,1674.09,1672.08,1669.86,1667.41,1664.69,1661.78,1658.73,1655.50,1652.28,1650.55,1650.31,1650.99,1652.29,1653.69,1654.12,1653.53,1651.85,1648.76,1644.75,1641.82,1639.91,1638.40,1636.14,1633.55,1629.35,1623.37,1617.68,1613.48,1608.91,1604.11,1600.36,1598.26,1597.79,1598.93,1601.68,1604.89,1608.78,1612.13,1614.29,1614.74,1613.55,1610.68,1606.99,1603.11,1598.76,1593.36,1586.10,1578.15,1574.67,1572.27,1571.51,1572.26,1574.09,1575.84,1578.03,1580.61,1583.66,1587.61,1591.46,1594.99,1598.10,1600.57,1601.23,1600.32,1598.08,1594.19,1588.36,1581.79,1576.50,1573.49,1572.12,1572.04,1573.08,1574.33,1574.21,1573.18,1571.31,1568.78,1565.69,1562.30,1556.85,1551.16,1546.34,1543.31,1542.80,1544.40,1547.76,1552.98,1559.54,1564.72,1569.52,1574.52,1579.31,1584.17,1587.97,1590.44,1591.55,1591.73,1590.95,1589.38,1586.99,1583.89,1579.97,1575.54,1570.49,1564.32,1558.16,1552.65,1547.68,1542.99,1538.30,1533.15,1527.41,1521.03,1514.34,1510.85,1511.88,1516.82,1524.07,1529.94,1534.49,1538.53,1542.62,1546.83,1550.72,1553.73,1555.55,1555.98,1555.01,1553.42,1551.95,1551.52,1552.38,1552.78,1552.57,1551.75,1550.39,1548.58,1546.72,1544.91,1543.04,1540.78,1537.93,1534.69,1531.38,1528.68,1526.53,1524.50,1522.20,1519.22,1516.74,1515.05,1513.88,1512.81,1511.33,1509.61,1507.71,1506.02,1505.93,1508.01,1512.96,1520.39,1528.67,1533.43,1537.31,1541.48,1546.41,1551.70,1557.58,1562.99,1568.06,1574.39,1579.80,1583.91,1587.32,1590.93,1594.91,1598.60,1601.83,1604.55,1607.06,1609.30,1611.29,1613.08,1614.74,1616.40,1618.18,1620.03,1621.85,1623.31,1624.66,1625.85,1626.83,1627.66,1628.52,1629.19,1629.57,1629.49,1629.04,1628.36,1627.92,1628.05,1628.66,1630.13,1632.49,1635.79,1640.05,1644.33,1648.22,1651.48,1653.91,1656.07,1657.97,1659.40,1660.28,1660.86,1660.88,1660.80,1660.83
1651.51,1654.13,1656.58,1658.02,1658.90,1659.48,1659.83,1659.81,1659.30,1658.37,1657.20,1655.63,1653.63,1651.02,1647.59,1643.93,1641.19,1638.97,1637.38,1637.48,1640.74,1644.90,1649.42,1654.47,1659.29,1663.02,1666.33,1669.66,1673.06,1676.56,1679.50,1681.76,1683.41,1683.84,1683.09,1681.79,1680.43,1678.87,1677.17,1675.12,1672.61,1669.77,1666.76,1663.78,1660.88,1658.20,1656.48,1656.27,1656.99,1658.26,1659.66,1659.94,1659.04,1657.06,1654.21,1650.92,1648.37,1646.40,1644.59,1642.66,1640.14,1635.72,1628.91,1621.07,1616.12,1612.21,1608.64,1605.67,1604.61,1604.76,1605.99,1608.41,1611.48,1614.89,1617.55,1618.87,1618.28,1615.59,1611.61,1607.27,1603.12,1598.61,1593.40,1586.86,1580.02,1577.36,1576.65,1576.88,1577.60,1578.66,1580.09,1582.32,1585.23,1588.72,1592.35,1596.07,1599.68,1603.07,1605.87,1606.45,1604.92,1601.87,1597.49,1591.99,1585.50,1580.11,1577.22,1577.18,1578.65,1579.86,1580.12,1579.01,1577.44,1575.42,1573.19,1570.74,1567.35,1561.78,1555.33,1549.42,1546.47,1546.22,1547.33,1550.18,1555.86,1561.82,1566.90,1571.97,1577.42,1582.63,1587.77,1591.49,1593.70,1594.86,1595.24,1594.62,1593.03,1590.33,1586.65,1581.97,1576.94,1571.67,1565.88,1559.66,1553.59,1547.82,1542.45,1537.69,1532.95,1527.56,1521.36,1515.52,1513.63,1515.74,1520.84,1527.45,1532.90,1537.46,1541.67,1545.86,1550.14,1554.23,1557.39,1559.24,1559.66,1558.69,1557.06,1555.32,1554.11,1554.73,1555.23,1555.20,1554.55,1553.37,1551.08,1548.82,1546.89,1545.01,1542.60,1539.55,1536.13,1532.72,1529.94,1528.00,1526.42,1524.81,1522.72,1520.69,1519.11,1517.98,1517.11,1515.53,1513.50,1511.22,1508.83,1506.82,1507.59,1511.52,1518.30,1526.98,1532.62,1537.19,1541.68,1546.52,1551.71,1557.15,1562.21,1566.93,1572.25,1577.80,1582.04,1585.27,1588.45,1591.98,1595.68,1599.07,1601.85,1604.25,1606.46,1608.49,1610.31,1611.83,1613.44,1615.11,1616.76,1618.21,1619.31,1620.48,1621.55,1622.42,1623.20,1623.96,1624.71,1625.28,1625.36,1624.98,1624.28,1623.66,1623.53,1624.41,1626.44,1629.00,1632.34,1637.38,1642.05,1646.33,1649.94,1652.54,1654.65,1656.33,1657.83,1659.09,1659.72,1659.74,1659.60,1659.58
1657.22,1659.78,1661.87,1663.26,1664.26,1664.97,1665.43,1665.53,1664.92,1663.71,1662.26,1660.28,1657.81,1655.02,1651.94,1648.75,1645.97,1643.42,1641.11,1639.44,1640.28,1643.26,1647.50,1652.26,1657.66,1661.83,1665.38,1668.92,1672.75,1676.86,1680.07,1682.29,1684.15,1685.63,1685.81,1685.15,1684.23,1683.42,1682.02,1680.11,1677.73,1674.93,1671.98,1668.94,1666.11,1664.03,1662.99,1663.07,1663.67,1664.46,1665.36,1665.25,1664.13,1662.12,1659.33,1656.31,1653.72,1651.45,1649.29,1647.22,1644.29,1640.05,1634.20,1627.03,1620.30,1615.80,1613.13,1611.32,1610.74,1610.94,1612.07,1614.40,1617.55,1620.74,1622.91,1623.34,1621.08,1617.17,1612.39,1607.46,1602.83,1598.13,1593.61,1589.00,1585.00,1583.99,1584.30,1584.99,1585.78,1586.62,1587.64,1589.05,1591.18,1594.27,1597.59,1601.32,1605.14,1608.64,1610.99,1611.09,1609.05,1605.46,1600.59,1594.90,1588.67,1583.67,1581.11,1581.22,1582.57,1583.62,1583.81,1582.82,1581.20,1579.00,1576.68,1574.40,1571.57,1567.23,1561.00,1553.98,1549.70,1548.92,1550.28,1553.56,1559.10,1564.49,1569.84,1575.30,1580.75,1585.57,1590.29,1594.08,1596.71,1598.04,1598.62,1598.21,1596.66,1593.73,1590.01,1584.19,1578.19,1572.68,1567.26,1561.05,1554.50,1548.02,1542.15,1537.22,1532.79,1527.75,1521.95,1517.38,1517.13,1520.40,1525.88,1531.84,1537.18,1541.74,1545.82,1549.76,1553.86,1557.81,1560.86,1562.59,1562.76,1561.50,1559.75,1557.95,1556.60,1557.08,1557.73,1557.93,1557.43,1556.44,1554.22,1551.59,1549.06,1546.99,1544.26,1541.17,1537.96,1534.93,1532.86,1531.00,1529.38,1527.86,1525.87,1523.76,1521.95,1520.69,1520.10,1518.79,1516.67,1514.17,1511.54,1508.95,1507.97,1510.16,1515.89,1524.77,1531.31,1536.33,1540.96,1545.95,1551.04,1556.16,1560.98,1565.44,1569.97,1575.09,1579.48,1583.01,1585.96,1588.98,1592.20,1595.37,1598.27,1600.90,1603.16,1605.18,1606.98,1608.56,1610.17,1611.81,1613.42,1614.87,1615.97,1616.93,1617.77,1618.49,1619.16,1619.84,1620.51,1621.08,1621.29,1620.93,1620.40,1619.88,1619.76,1621.25,1623.88,1626.89,1630.46,1635.52,1640.50,1644.81,1648.37,1651.07,1652.92,1654.39,1655.67,1656.67,1657.07,1657.11,1656.93,1656.96
1663.51,1665.74,1667.33,1668.58,1669.58,1670.31,1670.79,1670.94,1670.31,1669.05,1667.59,1665.53,1662.88,1659.63,1655.91,1652.96,1650.19,1647.51,1644.97,1642.71,1641.97,1643.45,1646.43,1650.12,1655.36,1660.07,1664.19,1668.04,1672.38,1676.99,1680.52,1682.89,1684.94,1687.14,1688.16,1688.28,1687.97,1687.68,1686.65,1684.96,1682.70,1680.05,1677.24,1674.33,1671.72,1670.13,1669.55,1669.73,1670.16,1670.54,1670.75,1670.22,1668.94,1666.97,1664.34,1661.45,1658.77,1656.26,1653.79,1651.38,1647.82,1643.43,1638.26,1632.07,1625.43,1620.94,1618.53,1617.28,1616.97,1617.31,1618.51,1620.89,1623.98,1626.75,1628.12,1627.35,1623.65,1618.88,1613.84,1609.00,1604.59,1600.02,1596.32,1593.55,1591.96,1591.99,1592.65,1593.47,1594.32,1595.13,1595.92,1596.79,1598.33,1600.98,1604.15,1607.81,1611.35,1614.27,1615.78,1615.04,1612.34,1608.32,1603.30,1597.88,1592.12,1587.67,1585.56,1585.67,1586.66,1587.49,1587.71,1586.84,1585.15,1582.82,1580.36,1578.06,1575.56,1572.02,1566.24,1558.96,1553.69,1552.63,1554.12,1557.45,1562.57,1567.69,1573.35,1579.01,1584.27,1589.04,1593.52,1597.19,1599.86,1601.22,1601.78,1601.32,1599.69,1596.63,1592.54,1585.84,1579.11,1573.34,1568.14,1562.32,1555.50,1548.36,1542.01,1537.02,1532.88,1528.37,1523.51,1520.77,1522.24,1526.46,1532.10,1537.77,1542.62,1546.64,1550.23,1553.72,1557.55,1561.39,1564.34,1565.85,1565.54,1563.90,1561.98,1560.25,1559.25,1559.73,1560.60,1561.10,1560.84,1559.95,1557.87,1555.04,1552.04,1549.55,1546.62,1543.58,1540.46,1537.46,1535.60,1533.70,1532.02,1530.53,1528.59,1526.49,1524.58,1523.15,1522.38,1521.07,1518.95,1516.41,1513.69,1510.94,1508.91,1509.51,1513.85,1522.85,1529.91,1535.16,1539.82,1544.83,1549.88,1554.79,1559.45,1563.77,1567.76,1572.22,1576.55,1580.40,1583.42,1586.15,1588.92,1591.68,1594.36,1596.99,1599.34,1601.42,1603.29,1604.96,1606.60,1608.24,1609.85,1611.35,1612.54,1613.42,1614.14,1614.78,1615.37,1615.97,1616.52,1616.96,1617.14,1616.85,1616.53,1616.24,1616.49,1618.84,1621.99,1625.32,1628.96,1633.69,1638.77,1642.94,1646.26,1648.84,1650.60,1652.08,1653.22,1653.89,1654.08,1654.12,1654.00,1654.18
1670.18,1671.77,1672.87,1673.85,1674.67,1675.26,1675.60,1675.68,1675.12,1674.07,1672.97,1671.34,1668.99,1665.11,1659.51,1656.33,1653.58,1651.09,1648.97,1647.34,1646.38,1646.18,1646.72,1648.41,1652.44,1657.66,1662.65,1666.98,1671.93,1676.90,1680.84,1683.66,1685.96,1688.33,1690.02,1691.12,1691.71,1691.58,1691.05,1689.73,1687.56,1685.17,1682.56,1680.00,1677.85,1676.64,1676.07,1676.06,1676.28,1676.41,1675.80,1674.84,1673.41,1671.52,1669.26,1666.45,1663.65,1660.96,1658.25,1655.38,1651.02,1646.00,1640.74,1635.43,1631.38,1627.90,1625.04,1623.57,1623.39,1624.05,1625.60,1628.16,1630.95,1633.01,1633.13,1630.84,1626.07,1620.88,1616.21,1612.29,1609.04,1605.05,1602.32,1601.01,1600.91,1601.05,1601.34,1601.94,1602.78,1603.67,1604.51,1605.37,1606.73,1609.08,1612.26,1615.64,1618.26,1619.79,1620.12,1618.16,1614.62,1610.23,1605.53,1601.05,1596.04,1592.28,1590.77,1590.85,1591.47,1592.13,1592.34,1591.34,1589.51,1587.09,1584.51,1581.99,1579.41,1575.89,1570.66,1564.14,1558.60,1557.71,1559.06,1561.85,1566.28,1571.52,1577.45,1583.05,1588.00,1593.28,1597.85,1601.13,1603.24,1604.39,1604.68,1603.79,1601.91,1598.81,1593.83,1586.66,1579.62,1573.60,1568.42,1563.39,1556.60,1548.89,1542.09,1537.20,1533.32,1529.57,1526.27,1525.91,1529.18,1534.03,1539.57,1545.36,1549.18,1552.09,1554.77,1557.68,1561.17,1564.96,1567.83,1569.02,1567.97,1565.89,1563.76,1562.28,1562.14,1562.79,1563.94,1564.83,1564.91,1564.03,1562.07,1559.29,1556.06,1552.89,1549.96,1547.03,1543.80,1540.30,1537.83,1535.73,1534.03,1532.59,1530.79,1528.89,1527.10,1525.46,1523.95,1522.21,1520.18,1517.81,1515.12,1512.49,1510.43,1509.80,1512.44,1521.43,1528.48,1533.72,1538.30,1543.12,1548.22,1553.00,1557.58,1561.91,1565.67,1569.30,1573.29,1577.34,1580.77,1583.53,1585.96,1588.15,1590.20,1592.48,1594.92,1597.18,1599.18,1601.00,1602.66,1604.32,1605.98,1607.54,1608.86,1609.81,1610.59,1611.24,1611.80,1612.36,1612.75,1612.95,1612.92,1612.76,1612.62,1612.73,1613.74,1617.17,1620.73,1624.16,1627.65,1631.75,1636.65,1640.52,1643.40,1645.65,1647.56,1649.24,1650.37,1650.80,1650.85,1650.86,1650.92,1651.47
1676.07,1677.20,1677.98,1678.71,1679.37,1679.88,1680.08,1680.06,1679.36,1678.06,1676.53,1674.65,1672.30,1668.65,1663.23,1658.70,1655.74,1653.87,1652.76,1651.91,1651.32,1650.81,1650.58,1651.25,1653.30,1656.48,1660.50,1665.45,1671.28,1676.59,1680.74,1683.88,1686.65,1689.51,1691.89,1693.73,1694.88,1695.16,1695.37,1694.93,1693.48,1691.12,1688.61,1686.34,1684.56,1683.62,1683.02,1682.63,1682.32,1681.89,1680.88,1679.37,1677.51,1675.61,1674.12,1671.57,1668.31,1665.03,1662.26,1659.35,1654.47,1648.85,1643.30,1638.38,1635.15,1632.58,1630.54,1629.61,1629.78,1630.74,1632.63,1635.44,1638.00,1639.28,1638.41,1634.95,1628.73,1623.33,1618.87,1615.42,1613.11,1610.71,1609.69,1609.58,1609.93,1610.12,1610.16,1610.31,1610.70,1611.35,1612.08,1612.99,1614.33,1616.31,1618.88,1621.17,1622.76,1623.52,1623.24,1620.68,1616.59,1611.87,1607.31,1603.58,1599.97,1597.37,1596.35,1596.38,1597.02,1597.73,1598.03,1597.15,1595.26,1592.68,1589.86,1587.03,1584.00,1580.20,1574.81,1568.24,1562.97,1562.18,1563.45,1566.09,1570.47,1576.03,1581.50,1586.88,1592.26,1597.48,1601.65,1604.63,1606.57,1607.50,1607.38,1606.05,1603.59,1599.67,1593.99,1586.86,1580.00,1574.07,1568.99,1564.06,1557.34,1549.70,1543.01,1538.20,1534.75,1531.51,1528.87,1529.75,1533.67,1539.31,1545.42,1550.32,1553.71,1556.37,1558.96,1561.99,1565.75,1568.74,1570.86,1571.58,1569.59,1567.32,1565.69,1564.99,1565.42,1566.21,1567.44,1568.53,1568.96,1568.39,1566.87,1564.23,1560.66,1556.70,1553.65,1550.80,1547.83,1544.56,1540.91,1538.09,1535.97,1534.24,1532.31,1530.31,1528.41,1526.56,1524.64,1522.61,1520.64,1518.48,1515.96,1513.41,1511.46,1510.84,1513.02,1520.55,1526.92,1532.09,1536.73,1541.39,1546.18,1550.80,1555.38,1559.79,1563.50,1566.83,1570.33,1574.00,1577.54,1580.58,1582.86,1584.69,1586.32,1588.24,1590.37,1592.52,1594.65,1596.74,1598.47,1600.09,1601.65,1603.16,1604.49,1605.58,1606.46,1607.17,1607.75,1608.33,1608.67,1608.81,1608.92,1608.95,1609.00,1609.55,1611.25,1614.81,1618.66,1622.37,1626.01,1629.95,1634.21,1637.56,1640.02,1641.82,1643.42,1644.70,1645.57,1645.97,1646.01,1646.17,1647.14,1649.02
1681.40,1682.16,1682.77,1683.33,1683.88,1684.33,1684.42,1684.30,1683.42,1681.78,1679.60,1677.17,1674.57,1671.22,1666.43,1660.83,1657.85,1656.69,1656.57,1656.41,1656.43,1656.18,1655.88,1656.02,1656.32,1657.07,1659.31,1663.92,1670.34,1675.89,1680.38,1684.03,1687.30,1690.63,1693.61,1696.06,1697.70,1698.47,1699.30,1699.66,1699.02,1696.99,1694.80,1692.86,1691.36,1690.47,1689.73,1688.97,1688.16,1687.22,1685.98,1684.08,1681.87,1679.93,1679.06,1676.80,1673.26,1669.40,1666.11,1663.02,1657.91,1652.05,1646.38,1641.83,1638.85,1636.90,1635.73,1635.47,1636.14,1637.51,1639.69,1642.58,1644.85,1645.43,1643.91,1639.77,1632.39,1626.28,1621.73,1618.65,1617.20,1616.70,1617.46,1618.38,1618.90,1619.04,1618.63,1618.11,1617.83,1618.19,1618.77,1619.82,1621.24,1622.95,1624.86,1626.10,1626.83,1627.03,1626.27,1623.35,1618.89,1613.88,1609.29,1605.97,1603.61,1602.09,1601.48,1601.57,1602.34,1603.13,1603.52,1602.89,1601.08,1598.34,1595.23,1591.98,1588.44,1584.14,1578.38,1571.81,1567.12,1566.45,1567.71,1570.38,1574.86,1580.42,1585.36,1590.66,1596.58,1601.50,1605.21,1607.96,1609.84,1610.59,1610.04,1608.21,1605.06,1600.22,1593.88,1586.96,1580.44,1574.72,1569.77,1564.72,1558.11,1550.80,1544.47,1540.10,1537.28,1534.56,1532.14,1533.17,1537.01,1543.26,1550.07,1554.14,1557.42,1560.18,1562.95,1566.23,1570.12,1572.30,1573.62,1573.80,1571.10,1568.86,1567.94,1568.11,1569.02,1569.97,1571.17,1572.26,1572.84,1572.45,1571.29,1568.89,1565.30,1560.90,1557.35,1554.37,1551.69,1548.81,1544.28,1540.60,1537.84,1535.71,1533.58,1531.38,1529.31,1527.26,1525.08,1522.84,1520.86,1518.83,1516.50,1514.07,1512.32,1511.90,1513.82,1519.74,1525.33,1530.37,1535.05,1539.56,1544.02,1548.48,1553.02,1557.47,1561.24,1564.48,1567.55,1570.71,1574.15,1577.34,1579.48,1581.04,1582.44,1584.09,1585.93,1587.95,1590.14,1592.46,1594.35,1595.98,1597.50,1598.93,1600.19,1601.33,1602.25,1602.94,1603.55,1604.16,1604.51,1604.71,1605.05,1605.29,1605.66,1606.71,1608.98,1612.43,1616.44,1620.30,1623.96,1627.81,1631.50,1634.38,1636.47,1637.84,1638.97,1639.70,1640.24,1640.65,1640.84,1641.60,1643.78,1647.08
1685.70,1686.22,1686.91,1687.55,1688.12,1688.57,1688.61,1688.39,1687.43,1685.55,1682.71,1679.29,1676.05,1672.48,1667.94,1663.01,1660.94,1660.43,1660.60,1660.73,1661.57,1662.25,1662.63,1662.84,1662.80,1662.16,1661.66,1662.84,1668.68,1674.21,1679.54,1684.47,1688.12,1691.64,1694.89,1697.74,1699.91,1701.16,1702.05,1702.51,1702.42,1701.83,1700.82,1699.46,1697.93,1696.49,1695.30,1694.37,1693.49,1692.46,1691.17,1689.47,1687.37,1685.34,1684.29,1682.24,1679.30,1675.20,1669.84,1665.74,1661.13,1656.06,1651.03,1647.18,1644.24,1642.11,1640.86,1640.96,1642.45,1644.58,1646.93,1649.27,1651.01,1651.25,1649.89,1646.30,1639.00,1630.45,1624.99,1622.34,1621.73,1623.18,1625.28,1626.94,1627.66,1627.45,1625.95,1624.19,1622.97,1623.11,1623.66,1625.01,1626.74,1628.51,1630.16,1631.14,1631.62,1631.47,1630.11,1627.03,1622.52,1617.32,1612.25,1608.46,1606.31,1605.17,1604.87,1605.32,1606.20,1606.99,1607.45,1607.22,1605.91,1603.15,1599.58,1595.68,1591.76,1586.45,1580.42,1574.62,1571.03,1570.61,1572.03,1574.92,1579.41,1583.90,1588.69,1594.42,1600.70,1604.96,1608.51,1611.18,1612.96,1613.66,1612.74,1610.22,1606.36,1600.95,1593.93,1587.28,1581.20,1575.74,1570.96,1565.70,1559.30,1552.51,1546.87,1544.12,1542.45,1540.37,1537.69,1536.41,1538.93,1545.01,1552.30,1556.65,1560.34,1563.52,1566.64,1569.91,1572.94,1575.01,1575.99,1575.50,1572.97,1571.28,1571.07,1571.95,1573.38,1574.48,1575.43,1576.11,1576.21,1575.37,1574.00,1572.11,1569.56,1565.93,1560.73,1557.04,1554.44,1551.79,1547.84,1543.30,1539.59,1537.00,1534.66,1532.28,1529.98,1527.74,1525.46,1523.16,1520.94,1518.77,1516.62,1514.46,1512.99,1512.36,1513.59,1518.75,1523.73,1528.53,1533.12,1537.45,1541.81,1546.16,1550.50,1554.75,1558.77,1562.13,1565.10,1567.90,1570.70,1573.48,1575.31,1576.73,1578.23,1580.01,1581.99,1584.03,1586.13,1588.39,1590.63,1592.61,1594.31,1595.69,1596.65,1597.57,1598.26,1598.70,1599.26,1599.87,1600.38,1600.84,1601.38,1601.89,1602.95,1604.63,1607.14,1610.62,1614.51,1617.91,1620.93,1624.51,1628.18,1630.96,1632.84,1633.91,1634.51,1634.72,1634.89,1635.24,1636.05,1638.64,1642.33,1646.49
1689.84,1690.45,1691.51,1692.42,1693.21,1693.76,1693.65,1693.05,1691.60,1689.16,1685.50,1681.33,1677.41,1673.47,1669.31,1666.06,1665.00,1665.08,1665.73,1666.54,1667.85,1668.86,1669.46,1669.74,1669.45,1668.26,1666.55,1665.44,1667.96,1672.55,1678.40,1684.36,1688.43,1692.17,1695.70,1698.91,1701.50,1703.23,1704.39,1705.11,1705.50,1705.83,1705.69,1704.91,1703.61,1702.02,1700.74,1699.63,1698.55,1697.43,1696.31,1695.03,1693.22,1691.20,1689.82,1687.63,1684.64,1680.56,1675.09,1669.92,1665.20,1660.62,1656.27,1652.78,1649.91,1647.91,1646.97,1647.53,1649.38,1651.49,1653.66,1655.75,1657.28,1656.89,1655.02,1651.43,1644.93,1635.75,1629.20,1626.07,1626.45,1629.07,1631.75,1633.63,1634.36,1634.01,1632.26,1629.94,1628.06,1627.98,1628.77,1630.39,1632.35,1634.32,1636.25,1637.12,1637.25,1636.63,1634.76,1631.33,1626.76,1621.43,1615.79,1611.56,1609.35,1608.46,1608.73,1610.11,1611.51,1612.44,1612.67,1611.86,1610.36,1607.32,1603.35,1598.99,1594.69,1588.93,1582.95,1577.82,1575.00,1574.74,1576.28,1579.17,1583.29,1587.45,1592.52,1598.46,1604.55,1608.48,1611.72,1614.31,1616.13,1616.67,1615.14,1611.85,1607.42,1601.85,1594.42,1587.78,1582.07,1577.03,1572.08,1566.75,1561.24,1556.01,1551.92,1550.01,1548.73,1546.93,1544.15,1541.05,1541.64,1546.34,1553.09,1558.04,1562.27,1566.09,1569.63,1572.86,1575.66,1577.72,1578.40,1577.48,1575.46,1574.47,1574.95,1576.32,1577.81,1578.80,1579.39,1579.65,1579.37,1578.16,1576.56,1574.72,1572.56,1569.56,1564.61,1560.20,1556.71,1553.82,1550.13,1545.48,1541.26,1538.04,1535.54,1533.00,1530.48,1527.97,1525.45,1522.95,1520.58,1518.50,1516.88,1515.64,1514.29,1513.13,1513.48,1517.81,1522.17,1526.64,1531.04,1535.20,1539.41,1543.68,1547.96,1552.16,1556.09,1559.51,1562.49,1565.11,1567.44,1569.75,1571.27,1572.49,1573.84,1575.58,1577.67,1579.91,1582.25,1584.67,1587.09,1589.28,1591.08,1592.30,1593.05,1593.70,1594.17,1594.48,1594.93,1595.42,1595.91,1596.46,1597.20,1598.22,1599.97,1602.30,1605.23,1608.78,1612.37,1615.42,1618.10,1621.19,1624.39,1626.91,1628.64,1629.53,1629.86,1629.82,1629.89,1630.62,1632.95,1637.32,1642.02,1646.46
1693.91,1694.82,1696.33,1697.58,1698.59,1699.24,1698.92,1697.81,1695.76,1692.60,1687.95,1683.22,1678.72,1674.47,1670.93,1669.75,1669.73,1670.38,1671.60,1673.22,1674.62,1675.55,1676.10,1676.38,1675.93,1674.69,1672.77,1670.34,1668.48,1671.34,1677.14,1683.74,1688.30,1692.31,1696.11,1699.64,1702.59,1704.79,1706.39,1707.52,1708.31,1709.10,1709.60,1709.40,1708.51,1707.09,1705.98,1704.73,1703.38,1702.13,1701.27,1700.41,1698.97,1697.08,1695.37,1692.96,1689.61,1685.60,1680.97,1675.01,1669.88,1665.59,1661.91,1658.52,1655.67,1654.05,1653.77,1654.92,1656.88,1658.58,1660.29,1662.20,1663.54,1662.46,1659.63,1655.51,1650.02,1641.46,1633.98,1630.04,1631.44,1634.70,1637.48,1639.25,1639.85,1639.47,1637.92,1635.49,1633.26,1633.03,1634.20,1636.22,1638.45,1640.64,1642.93,1643.65,1643.33,1642.12,1639.75,1635.93,1631.30,1625.88,1619.70,1615.06,1612.68,1612.01,1612.98,1615.49,1617.55,1618.60,1618.40,1616.53,1614.34,1610.84,1606.54,1601.93,1597.38,1591.59,1585.88,1581.30,1578.99,1578.81,1580.42,1583.24,1586.99,1591.28,1596.88,1602.84,1608.27,1612.03,1614.89,1617.36,1619.22,1619.44,1617.18,1613.12,1608.29,1602.84,1595.38,1588.60,1583.11,1578.49,1573.23,1567.91,1563.61,1560.38,1558.20,1556.71,1555.42,1553.70,1550.89,1546.45,1544.79,1547.44,1553.10,1558.77,1563.70,1568.18,1572.10,1575.26,1578.22,1580.29,1580.77,1579.72,1578.40,1578.18,1579.21,1580.83,1582.13,1582.85,1583.08,1582.94,1582.34,1580.86,1579.01,1576.92,1574.66,1572.11,1568.44,1563.47,1558.68,1555.21,1551.53,1547.15,1542.72,1538.84,1536.21,1533.54,1530.81,1528.04,1525.24,1522.49,1520.13,1518.38,1517.46,1517.40,1516.12,1514.37,1513.72,1516.84,1520.55,1524.64,1528.80,1532.81,1536.81,1540.97,1545.25,1549.48,1553.24,1556.71,1559.72,1562.24,1564.24,1566.11,1567.39,1568.40,1569.50,1571.10,1573.23,1575.73,1578.44,1581.12,1583.63,1585.95,1587.79,1588.79,1589.38,1589.75,1590.03,1590.28,1590.60,1590.93,1591.30,1591.86,1592.86,1594.55,1597.00,1599.94,1603.28,1606.88,1610.04,1612.80,1615.31,1617.83,1620.35,1622.51,1624.11,1624.88,1625.12,1625.01,1625.31,1626.89,1631.13,1637.02,1642.31,1646.69
1698.03,1699.33,1700.85,1701.98,1702.72,1702.97,1702.51,1701.27,1699.17,1695.64,1689.61,1684.48,1679.97,1676.34,1674.28,1674.09,1674.90,1676.20,1677.82,1679.56,1680.38,1680.93,1681.33,1681.36,1680.88,1679.81,1678.04,1675.51,1672.65,1672.47,1676.09,1682.19,1687.36,1691.85,1695.84,1699.54,1702.93,1705.64,1707.86,1709.49,1710.51,1711.22,1711.96,1712.30,1712.07,1711.19,1710.47,1709.29,1707.80,1706.27,1705.30,1704.34,1703.09,1701.58,1700.03,1698.18,1694.97,1690.54,1685.23,1680.04,1675.13,1671.07,1667.86,1664.36,1661.12,1660.09,1661.14,1663.38,1665.57,1667.09,1668.27,1669.20,1669.44,1668.10,1664.30,1658.62,1652.91,1645.64,1638.83,1635.21,1637.36,1641.04,1643.76,1645.31,1645.65,1645.00,1643.28,1641.02,1639.18,1639.24,1640.69,1643.79,1646.97,1649.03,1650.20,1650.19,1649.14,1647.05,1643.87,1640.10,1635.47,1629.98,1623.78,1618.76,1616.40,1616.15,1617.77,1620.64,1622.66,1623.29,1622.51,1620.17,1617.03,1612.87,1608.38,1604.12,1600.06,1594.70,1589.37,1585.07,1582.90,1582.68,1584.22,1587.30,1591.90,1596.37,1602.50,1608.12,1612.11,1615.56,1618.20,1620.37,1621.72,1621.04,1618.14,1613.75,1608.84,1603.73,1597.55,1590.53,1584.70,1580.13,1574.75,1569.57,1565.82,1563.49,1562.38,1561.63,1560.71,1559.15,1556.31,1551.27,1547.60,1548.54,1553.47,1559.71,1565.62,1570.27,1574.05,1577.26,1580.03,1582.14,1582.88,1582.32,1581.82,1582.18,1583.13,1584.38,1585.56,1586.13,1586.27,1585.96,1585.05,1583.40,1581.29,1578.81,1576.12,1573.40,1570.29,1565.49,1560.37,1556.21,1552.17,1547.78,1543.29,1539.19,1536.37,1533.59,1530.80,1528.02,1525.26,1522.48,1520.68,1519.69,1519.41,1519.68,1518.83,1517.12,1515.41,1515.51,1518.46,1522.27,1526.17,1529.98,1533.72,1537.58,1541.62,1545.86,1550.11,1553.76,1556.61,1558.85,1560.70,1562.49,1563.80,1564.87,1565.98,1567.49,1569.44,1571.84,1574.58,1577.49,1580.07,1582.45,1584.29,1585.17,1585.54,1585.69,1585.84,1586.05,1586.35,1586.62,1587.04,1587.78,1589.24,1591.81,1595.07,1598.35,1601.37,1604.64,1607.41,1609.82,1612.04,1614.31,1616.46,1618.23,1619.56,1620.32,1620.59,1620.58,1621.89,1625.39,1630.72,1636.91,1642.15,1646.36
1702.20,1703.72,1705.23,1706.22,1706.62,1706.38,1705.61,1704.18,1701.95,1698.13,1691.31,1685.85,1681.54,1678.78,1678.29,1679.17,1680.87,1682.68,1684.32,1685.62,1685.76,1685.90,1686.10,1685.87,1685.38,1684.44,1682.84,1680.39,1677.38,1675.13,1676.34,1680.79,1686.13,1691.07,1695.30,1699.16,1702.88,1706.09,1708.87,1711.03,1712.43,1713.22,1714.14,1714.91,1715.28,1715.00,1714.80,1714.03,1712.81,1711.36,1710.09,1708.70,1707.12,1705.47,1704.01,1702.47,1699.63,1695.39,1689.97,1684.88,1680.17,1676.37,1673.34,1669.60,1666.33,1665.92,1667.92,1670.78,1673.11,1674.54,1675.33,1675.50,1674.71,1673.00,1668.82,1662.38,1655.59,1649.18,1643.63,1641.05,1643.65,1647.26,1649.65,1650.87,1651.00,1650.22,1648.50,1646.30,1644.62,1645.13,1647.25,1650.92,1654.44,1656.45,1656.90,1656.38,1654.73,1651.88,1648.05,1644.14,1639.36,1633.72,1627.53,1622.45,1620.50,1620.93,1623.18,1625.84,1627.39,1627.46,1626.18,1623.61,1619.83,1615.19,1610.58,1606.56,1602.94,1598.06,1593.05,1588.88,1586.79,1586.62,1588.57,1592.27,1597.33,1601.99,1607.65,1612.43,1615.59,1618.83,1621.44,1623.37,1624.07,1622.15,1618.67,1614.06,1609.17,1604.46,1599.46,1592.30,1586.20,1581.72,1576.61,1571.67,1568.30,1566.52,1566.09,1565.89,1565.24,1563.78,1560.82,1555.40,1550.54,1550.30,1554.52,1561.00,1567.54,1572.22,1575.81,1579.01,1581.61,1583.84,1585.01,1585.15,1585.33,1586.13,1587.01,1587.92,1588.91,1589.26,1589.27,1588.80,1587.67,1585.88,1583.45,1580.56,1577.43,1574.37,1571.24,1566.63,1561.51,1556.93,1552.54,1548.09,1543.52,1539.23,1536.21,1533.33,1530.54,1527.90,1525.52,1523.54,1522.64,1522.34,1522.40,1522.66,1522.00,1520.25,1517.77,1515.68,1516.94,1519.92,1523.44,1526.93,1530.43,1533.93,1537.68,1541.80,1546.21,1550.01,1552.98,1555.26,1556.97,1558.71,1560.08,1561.30,1562.57,1564.18,1566.12,1568.42,1571.04,1573.83,1576.35,1578.67,1580.52,1581.43,1581.69,1581.74,1581.80,1581.97,1582.29,1582.59,1583.11,1584.27,1586.76,1590.15,1593.64,1596.77,1599.42,1602.23,1604.62,1606.66,1608.54,1610.56,1612.46,1613.98,1615.14,1615.91,1616.38,1617.20,1619.73,1624.53,1630.55,1636.53,1641.44,1645.43
1706.48,1707.98,1709.55,1710.42,1710.51,1709.78,1708.44,1706.58,1703.97,1699.91,1693.24,1687.50,1683.61,1681.93,1682.92,1685.20,1687.85,1689.94,1691.08,1691.31,1690.84,1690.61,1690.55,1690.14,1689.63,1688.76,1687.24,1684.87,1682.08,1679.44,1678.45,1679.94,1684.73,1689.97,1694.53,1698.58,1702.45,1706.10,1709.35,1712.05,1714.04,1715.30,1716.40,1717.42,1718.23,1718.57,1719.02,1719.03,1718.66,1717.81,1716.10,1713.95,1711.42,1708.89,1707.23,1705.48,1703.16,1700.08,1695.70,1689.50,1684.83,1681.28,1678.07,1673.95,1671.28,1671.48,1673.74,1676.42,1678.73,1680.13,1680.83,1680.70,1679.21,1676.83,1673.09,1667.26,1658.50,1652.17,1648.37,1647.50,1650.19,1653.11,1654.83,1655.60,1655.59,1654.98,1653.58,1651.24,1649.32,1650.38,1653.65,1656.98,1659.87,1662.00,1662.63,1662.05,1660.02,1656.63,1652.45,1648.06,1642.93,1637.06,1630.82,1626.12,1625.06,1626.51,1629.32,1631.12,1631.75,1631.19,1629.61,1627.02,1623.09,1618.30,1613.56,1609.55,1606.15,1601.70,1596.91,1592.72,1590.69,1590.74,1593.79,1598.47,1603.16,1607.99,1611.77,1615.18,1618.56,1621.76,1624.55,1626.36,1626.32,1622.88,1618.80,1614.06,1609.30,1604.99,1600.72,1593.59,1587.42,1583.18,1578.81,1574.26,1571.19,1569.73,1569.67,1569.64,1569.07,1567.54,1564.36,1558.69,1553.73,1552.96,1556.45,1562.76,1569.35,1573.99,1577.44,1580.53,1583.09,1585.51,1587.27,1588.23,1588.89,1589.97,1590.90,1591.67,1592.32,1592.33,1592.07,1591.42,1590.19,1588.28,1585.46,1582.17,1578.67,1575.09,1571.31,1566.73,1561.88,1557.31,1552.67,1548.14,1543.46,1538.94,1535.70,1532.73,1530.03,1527.70,1526.15,1526.06,1526.35,1526.56,1526.55,1526.51,1525.63,1523.61,1520.77,1518.09,1516.40,1517.75,1520.67,1523.68,1526.96,1530.07,1533.47,1537.31,1541.25,1545.08,1548.58,1551.38,1552.99,1554.65,1556.11,1557.53,1559.11,1561.08,1563.31,1565.64,1567.97,1570.19,1572.40,1574.54,1576.38,1577.54,1577.88,1577.94,1577.99,1578.13,1578.50,1578.93,1579.68,1581.54,1585.72,1589.82,1592.69,1595.03,1597.37,1599.63,1601.62,1603.26,1604.76,1606.51,1608.25,1609.74,1610.89,1611.71,1612.64,1615.28,1619.13,1624.12,1630.42,1635.69,1640.01,1643.75
1712.28,1713.91,1715.10,1715.64,1715.58,1714.69,1712.47,1709.18,1705.54,1701.26,1695.28,1689.84,1687.12,1687.06,1689.33,1691.67,1693.99,1695.60,1696.23,1696.20,1695.85,1695.74,1695.89,1696.07,1695.94,1695.34,1693.78,1690.76,1686.52,1683.42,1681.86,1682.24,1685.51,1689.72,1693.97,1698.11,1702.19,1706.18,1709.63,1712.60,1715.06,1717.06,1718.44,1719.56,1720.48,1721.09,1721.64,1721.86,1721.76,1721.22,1720.08,1718.58,1716.71,1714.43,1711.73,1708.66,1705.97,1703.33,1700.04,1695.47,1690.02,1685.30,1681.62,1677.68,1676.45,1677.57,1679.99,1682.55,1684.90,1686.26,1686.86,1686.63,1685.00,1681.68,1677.34,1671.44,1662.48,1655.85,1652.77,1652.87,1655.64,1657.98,1659.34,1659.92,1659.82,1659.31,1658.41,1657.06,1656.07,1656.98,1659.34,1661.95,1664.60,1666.95,1667.86,1667.18,1664.64,1660.52,1655.86,1651.53,1646.64,1641.02,1635.06,1631.10,1631.01,1632.67,1634.62,1635.48,1635.43,1634.52,1632.88,1630.52,1627.03,1621.97,1616.89,1613.02,1609.72,1605.74,1601.27,1597.13,1595.30,1595.78,1598.72,1603.00,1607.46,1611.60,1614.76,1618.04,1621.86,1625.47,1627.81,1628.98,1628.36,1624.27,1619.13,1614.01,1609.27,1605.06,1600.93,1594.52,1588.60,1584.02,1579.71,1576.05,1574.34,1574.10,1574.53,1574.92,1574.44,1572.46,1568.32,1561.96,1556.58,1555.18,1558.22,1565.19,1571.14,1575.55,1579.10,1582.30,1585.13,1587.49,1589.68,1591.59,1592.76,1594.01,1594.75,1595.09,1595.29,1595.05,1594.46,1593.49,1592.01,1589.96,1586.96,1583.45,1579.50,1574.95,1570.46,1566.13,1561.84,1557.43,1552.79,1547.99,1543.15,1538.63,1535.35,1532.42,1530.25,1528.92,1528.61,1529.16,1529.72,1530.07,1530.11,1529.83,1528.89,1526.96,1524.18,1521.07,1518.10,1517.48,1518.69,1520.98,1523.32,1526.03,1529.08,1532.36,1535.51,1538.92,1542.12,1544.92,1547.21,1549.49,1551.56,1553.37,1555.02,1556.96,1559.87,1562.67,1565.03,1567.00,1568.93,1570.74,1572.33,1573.53,1574.11,1574.30,1574.40,1574.59,1574.90,1575.86,1578.03,1581.31,1585.32,1588.58,1590.85,1592.71,1594.48,1596.06,1597.13,1598.33,1599.86,1601.60,1603.40,1605.18,1606.77,1608.25,1610.57,1614.34,1618.88,1624.13,1630.37,1634.76,1638.31,1641.56
1718.15,1719.77,1720.53,1720.72,1720.49,1719.45,1716.56,1711.88,1707.16,1702.60,1697.42,1692.73,1691.41,1692.84,1695.86,1697.91,1699.62,1700.68,1701.02,1701.08,1701.03,1701.13,1701.50,1702.10,1702.15,1701.67,1700.07,1696.60,1691.23,1687.56,1685.70,1685.55,1687.36,1690.20,1693.76,1697.72,1701.91,1706.15,1709.78,1712.98,1715.89,1718.59,1720.29,1721.51,1722.48,1723.23,1723.76,1724.04,1724.03,1723.71,1723.23,1722.58,1721.58,1719.78,1716.29,1712.12,1708.72,1705.99,1703.49,1700.83,1695.12,1689.45,1685.20,1681.86,1681.96,1683.87,1686.48,1689.00,1691.27,1692.48,1692.85,1692.41,1690.71,1686.67,1681.65,1675.54,1667.06,1660.04,1657.20,1657.77,1660.46,1662.39,1663.55,1664.03,1663.88,1663.45,1662.98,1662.67,1662.68,1663.35,1664.66,1666.85,1669.46,1671.88,1672.82,1671.80,1668.64,1663.83,1658.77,1654.57,1650.06,1644.89,1639.49,1636.42,1637.15,1638.85,1639.97,1640.19,1639.66,1638.39,1636.52,1634.15,1631.12,1626.08,1620.66,1616.37,1613.09,1609.63,1605.64,1601.78,1600.02,1600.82,1603.29,1606.80,1610.94,1614.34,1617.59,1621.29,1625.46,1629.12,1630.89,1631.33,1630.12,1625.85,1619.55,1613.94,1609.20,1604.99,1600.85,1595.26,1589.76,1584.97,1580.75,1578.07,1577.66,1578.52,1579.35,1579.99,1579.53,1577.18,1572.28,1565.17,1559.21,1557.21,1559.99,1567.66,1572.86,1577.06,1580.83,1584.32,1587.49,1589.97,1592.55,1595.14,1596.59,1597.81,1598.27,1598.22,1598.02,1597.57,1596.62,1595.24,1593.44,1591.21,1588.12,1584.45,1580.12,1574.66,1569.56,1565.48,1561.69,1557.44,1552.77,1547.72,1542.77,1538.40,1535.21,1532.43,1530.98,1530.82,1531.63,1532.41,1532.94,1533.28,1533.35,1532.88,1531.90,1530.13,1527.55,1524.25,1520.53,1518.09,1517.52,1519.01,1520.39,1522.57,1525.10,1527.66,1530.05,1532.81,1535.41,1537.94,1540.80,1543.79,1546.61,1548.93,1550.68,1552.59,1555.94,1559.22,1561.89,1563.95,1565.71,1567.23,1568.56,1569.68,1570.47,1570.75,1570.92,1571.15,1571.47,1573.23,1576.95,1581.41,1584.59,1586.69,1588.33,1589.73,1590.91,1591.92,1592.17,1593.03,1594.68,1596.49,1598.59,1600.88,1603.20,1605.64,1609.38,1613.84,1618.75,1624.18,1630.17,1633.79,1636.62,1639.31
1722.72,1723.77,1724.35,1724.30,1723.67,1722.25,1719.66,1714.73,1709.39,1704.33,1699.77,1696.75,1696.88,1698.78,1701.03,1702.94,1704.34,1705.38,1706.15,1706.69,1706.82,1706.97,1707.09,1706.83,1706.03,1704.99,1703.38,1700.80,1696.98,1692.55,1689.71,1689.13,1690.69,1692.33,1694.52,1697.48,1701.40,1705.71,1709.68,1713.31,1716.64,1719.73,1721.74,1723.18,1724.32,1725.18,1725.79,1726.16,1726.27,1726.07,1725.63,1725.08,1724.10,1722.48,1719.88,1716.31,1712.03,1708.10,1705.38,1702.79,1699.39,1694.87,1690.05,1688.13,1688.35,1690.35,1693.30,1696.07,1697.78,1698.41,1698.17,1697.03,1694.87,1691.14,1686.18,1680.04,1672.52,1665.21,1662.02,1662.21,1664.27,1666.24,1667.39,1667.86,1667.76,1667.38,1666.97,1666.70,1666.78,1667.65,1669.51,1672.49,1675.47,1677.34,1677.34,1675.21,1671.26,1666.05,1660.95,1656.61,1652.32,1647.87,1643.62,1641.57,1642.59,1644.58,1646.29,1646.94,1646.38,1644.43,1641.48,1638.12,1635.01,1631.04,1625.52,1618.88,1615.43,1612.53,1609.57,1606.62,1604.45,1604.90,1606.95,1609.84,1613.21,1616.52,1621.02,1625.76,1629.75,1631.83,1633.26,1633.05,1631.16,1627.45,1620.03,1613.88,1609.09,1604.92,1600.80,1595.77,1590.98,1586.91,1583.53,1581.68,1581.35,1581.94,1582.78,1582.91,1582.18,1580.12,1575.81,1568.19,1561.43,1559.08,1561.92,1569.56,1574.39,1578.58,1582.75,1586.84,1590.35,1593.75,1596.77,1599.02,1600.01,1600.64,1600.80,1600.65,1600.39,1599.80,1598.36,1596.45,1594.25,1591.78,1588.60,1584.86,1580.38,1574.67,1569.44,1565.34,1561.58,1557.32,1552.37,1547.23,1542.45,1538.46,1535.65,1533.19,1532.71,1533.63,1534.71,1535.58,1536.02,1536.22,1536.15,1535.54,1534.41,1532.68,1530.38,1527.50,1523.13,1519.81,1518.32,1518.94,1519.99,1521.25,1522.66,1524.29,1526.25,1528.10,1529.87,1531.73,1534.04,1537.38,1540.95,1543.95,1546.11,1548.36,1551.00,1554.31,1557.97,1560.92,1562.84,1564.34,1565.60,1566.55,1567.24,1567.39,1567.51,1567.82,1568.40,1571.51,1575.98,1580.14,1582.08,1583.53,1584.41,1585.10,1585.88,1586.84,1587.10,1587.96,1589.64,1591.59,1594.52,1597.81,1601.30,1605.10,1609.41,1613.87,1618.64,1623.90,1629.41,1632.75,1635.24,1637.38
1726.60,1727.39,1727.85,1727.58,1726.54,1724.66,1721.97,1717.17,1711.50,1705.97,1702.05,1700.47,1701.40,1703.37,1705.19,1707.04,1708.77,1710.26,1711.43,1712.24,1712.67,1712.72,1712.39,1711.45,1709.84,1708.04,1706.06,1703.71,1700.59,1696.37,1693.21,1692.23,1694.16,1695.56,1696.61,1698.14,1701.10,1705.52,1709.74,1713.71,1717.42,1720.71,1722.94,1724.66,1726.05,1727.03,1727.77,1728.24,1728.46,1728.37,1727.99,1727.50,1726.50,1724.87,1722.57,1719.52,1715.18,1710.66,1707.24,1704.61,1702.23,1698.90,1695.05,1693.79,1693.99,1696.04,1699.15,1701.79,1703.24,1703.63,1703.09,1701.50,1698.95,1695.36,1690.32,1684.04,1677.35,1670.76,1667.58,1667.37,1669.11,1671.23,1672.47,1673.15,1673.48,1673.50,1673.38,1673.24,1673.38,1674.38,1676.38,1679.30,1681.80,1682.65,1681.57,1678.66,1673.77,1667.71,1662.80,1658.48,1654.32,1650.26,1646.80,1645.61,1647.20,1649.63,1651.67,1652.37,1651.83,1649.97,1647.11,1643.67,1639.77,1635.63,1630.43,1623.86,1618.36,1615.16,1612.74,1610.44,1608.45,1608.72,1610.34,1612.75,1615.86,1619.63,1624.89,1629.98,1633.56,1634.76,1635.31,1634.28,1631.94,1628.57,1620.52,1614.21,1609.49,1605.24,1601.12,1596.80,1592.90,1589.71,1587.34,1586.11,1585.68,1585.79,1586.12,1585.74,1584.43,1582.14,1578.00,1570.13,1563.36,1561.57,1564.83,1571.30,1575.87,1580.39,1585.08,1589.57,1593.51,1597.04,1599.89,1601.81,1602.67,1603.05,1603.04,1602.81,1602.40,1601.38,1599.58,1597.33,1594.78,1592.09,1588.73,1584.85,1580.30,1574.67,1569.51,1565.38,1561.60,1557.43,1552.62,1547.64,1542.89,1538.81,1536.13,1534.56,1534.90,1536.36,1537.68,1538.79,1539.29,1539.36,1539.03,1538.16,1536.83,1535.05,1532.89,1530.20,1526.01,1521.72,1519.03,1519.36,1521.15,1522.49,1523.61,1524.73,1526.01,1527.04,1528.00,1529.03,1530.31,1532.51,1535.33,1538.56,1541.93,1544.66,1547.10,1550.11,1553.65,1556.97,1559.35,1561.10,1562.46,1563.45,1564.07,1564.08,1564.12,1564.76,1566.85,1570.85,1574.85,1577.89,1579.20,1579.70,1580.00,1580.44,1581.15,1581.97,1582.66,1584.28,1586.86,1589.63,1593.09,1596.81,1600.82,1605.31,1609.88,1614.22,1618.61,1623.23,1628.10,1631.31,1633.55,1635.25
1729.93,1730.70,1731.08,1730.57,1729.17,1726.83,1723.74,1719.30,1713.54,1707.64,1704.33,1703.94,1705.25,1707.11,1708.88,1710.75,1713.11,1715.21,1716.68,1717.61,1718.34,1718.24,1717.38,1715.94,1713.61,1711.01,1708.44,1705.83,1702.71,1699.24,1696.22,1694.98,1697.61,1699.46,1699.66,1699.59,1701.12,1705.55,1709.91,1714.15,1718.22,1721.59,1723.99,1726.02,1727.72,1728.82,1729.68,1730.26,1730.57,1730.58,1730.32,1729.89,1728.87,1727.10,1724.63,1721.93,1718.07,1713.52,1709.22,1706.49,1704.21,1701.98,1699.93,1698.82,1698.98,1701.08,1704.15,1706.45,1707.83,1708.19,1707.55,1705.74,1702.92,1699.31,1694.14,1687.73,1681.68,1676.42,1673.61,1673.16,1674.87,1677.26,1678.68,1679.71,1680.63,1681.26,1681.53,1681.56,1681.72,1682.70,1684.39,1686.59,1688.06,1687.69,1685.51,1682.01,1676.20,1669.13,1664.46,1660.29,1656.25,1652.44,1649.54,1649.06,1651.34,1654.20,1656.29,1656.75,1656.27,1654.95,1652.92,1649.97,1645.09,1640.10,1635.36,1630.20,1622.14,1617.95,1615.48,1613.53,1612.10,1612.28,1613.52,1615.64,1618.92,1623.41,1629.06,1633.99,1636.95,1637.75,1637.13,1635.22,1632.58,1629.32,1621.05,1614.87,1610.33,1606.02,1601.97,1598.41,1595.41,1593.11,1591.78,1590.94,1590.36,1589.90,1589.44,1588.56,1586.50,1583.62,1579.28,1571.34,1565.11,1564.41,1568.25,1573.06,1577.52,1582.57,1587.74,1592.46,1596.74,1599.84,1602.16,1603.83,1604.82,1605.19,1605.11,1604.76,1604.10,1602.43,1600.38,1597.94,1595.10,1592.16,1588.53,1584.44,1579.89,1574.68,1569.84,1565.74,1561.92,1557.88,1553.44,1548.77,1543.96,1539.49,1536.74,1536.28,1537.35,1539.08,1540.66,1542.11,1542.74,1542.70,1542.06,1540.87,1539.26,1537.36,1535.17,1532.49,1528.94,1523.75,1519.81,1520.22,1523.34,1525.42,1526.80,1527.76,1528.26,1528.61,1528.90,1529.10,1529.18,1529.50,1530.67,1533.55,1538.12,1541.33,1543.95,1546.52,1549.28,1552.48,1555.43,1557.59,1559.18,1560.37,1560.91,1560.80,1560.82,1562.02,1566.16,1570.63,1573.50,1575.06,1576.11,1575.54,1575.43,1575.99,1577.00,1577.84,1579.29,1582.10,1586.02,1589.89,1593.61,1597.36,1601.45,1606.11,1610.67,1614.79,1618.63,1622.41,1626.56,1629.55,1631.57,1632.93
1732.64,1733.37,1733.70,1732.93,1731.32,1728.83,1725.32,1721.24,1715.72,1709.87,1706.96,1707.23,1708.98,1711.26,1713.64,1715.81,1717.98,1719.87,1721.28,1722.16,1722.84,1722.71,1721.75,1719.95,1717.22,1714.23,1711.21,1708.13,1704.68,1701.12,1698.37,1697.63,1700.73,1703.21,1703.20,1702.09,1702.18,1705.97,1710.12,1714.53,1719.04,1722.51,1725.12,1727.45,1729.40,1730.51,1731.31,1732.00,1732.44,1732.54,1732.52,1732.19,1731.14,1729.25,1726.53,1723.65,1720.21,1716.16,1711.79,1708.84,1706.87,1705.19,1703.67,1702.65,1703.26,1705.36,1708.10,1710.27,1711.52,1711.69,1710.93,1709.12,1706.21,1702.53,1697.64,1691.69,1685.71,1681.38,1679.47,1679.74,1681.99,1684.80,1686.69,1687.99,1689.02,1689.96,1690.30,1690.28,1690.17,1690.30,1690.98,1692.12,1692.72,1691.75,1688.73,1684.44,1678.32,1671.27,1666.33,1662.36,1658.75,1655.57,1653.52,1653.57,1656.01,1658.64,1660.21,1660.46,1660.05,1658.97,1657.13,1654.20,1650.32,1645.53,1640.25,1634.65,1628.66,1622.72,1618.53,1616.35,1615.23,1615.31,1616.43,1618.76,1622.74,1627.46,1633.30,1637.87,1639.84,1640.03,1638.70,1636.29,1633.33,1629.79,1621.75,1615.90,1611.78,1608.02,1604.49,1601.40,1598.76,1596.76,1595.88,1595.15,1594.56,1593.92,1592.98,1591.51,1588.87,1585.38,1580.50,1572.44,1566.91,1566.73,1570.70,1575.48,1580.48,1585.78,1590.94,1595.46,1599.22,1601.87,1603.97,1605.71,1606.95,1607.37,1607.25,1606.61,1605.17,1602.93,1600.70,1598.21,1595.16,1591.68,1587.54,1583.15,1578.80,1574.85,1571.09,1567.42,1563.66,1559.58,1555.09,1550.52,1545.68,1540.97,1537.96,1537.88,1539.61,1542.05,1544.22,1545.82,1546.46,1546.33,1545.51,1544.11,1542.16,1539.89,1537.36,1534.47,1531.08,1525.81,1521.63,1522.02,1525.73,1528.40,1530.13,1531.09,1531.33,1531.52,1531.71,1531.76,1531.48,1531.38,1531.58,1532.65,1534.99,1538.04,1540.91,1543.54,1546.04,1548.63,1551.48,1553.96,1555.96,1557.32,1557.77,1557.54,1558.02,1560.19,1564.67,1568.97,1571.45,1572.49,1572.91,1571.99,1571.70,1572.66,1574.93,1577.30,1579.93,1583.48,1587.71,1591.60,1595.25,1599.01,1603.15,1607.78,1611.75,1615.33,1618.81,1622.28,1625.65,1627.67,1629.06,1630.23
1735.26,1735.92,1736.18,1735.31,1733.56,1730.92,1727.22,1723.32,1718.14,1712.69,1710.19,1711.06,1713.17,1715.71,1718.39,1720.64,1722.54,1724.19,1725.57,1726.50,1727.11,1726.93,1725.88,1723.76,1720.64,1717.31,1713.96,1710.58,1706.98,1703.44,1701.16,1701.09,1704.38,1707.01,1706.73,1704.90,1703.84,1706.60,1710.57,1715.26,1720.16,1723.74,1726.57,1729.00,1730.96,1732.13,1732.97,1733.72,1734.31,1734.63,1734.83,1734.61,1733.64,1731.71,1728.60,1725.47,1722.36,1718.93,1715.05,1712.21,1710.40,1708.78,1707.13,1706.06,1707.00,1709.19,1711.77,1713.76,1714.90,1714.84,1713.81,1711.81,1708.83,1705.10,1700.60,1695.31,1689.60,1686.22,1685.15,1685.92,1688.37,1691.33,1693.53,1695.06,1696.14,1697.24,1697.65,1697.63,1697.31,1696.76,1696.65,1697.01,1696.89,1695.24,1691.53,1686.44,1680.15,1673.51,1668.64,1665.21,1662.26,1659.69,1658.04,1658.33,1660.64,1662.81,1663.75,1663.80,1663.39,1662.34,1660.50,1657.62,1654.48,1650.18,1644.61,1638.26,1633.82,1627.58,1622.72,1620.27,1619.23,1619.23,1620.16,1622.36,1626.54,1631.50,1637.07,1641.12,1642.48,1641.89,1640.07,1637.35,1634.13,1630.34,1622.93,1617.39,1613.56,1610.47,1607.66,1605.16,1602.81,1600.83,1599.92,1599.21,1598.56,1597.77,1596.50,1594.47,1591.20,1587.05,1581.64,1573.90,1569.01,1569.32,1573.62,1578.87,1584.35,1589.55,1594.29,1598.30,1601.34,1603.62,1605.65,1607.55,1609.10,1609.66,1609.41,1608.35,1606.19,1603.60,1601.16,1598.35,1594.82,1590.91,1586.53,1582.13,1578.16,1575.20,1572.45,1569.42,1565.89,1561.67,1557.06,1552.44,1547.51,1542.57,1539.24,1539.54,1541.95,1545.10,1547.80,1549.55,1550.13,1549.86,1548.83,1547.28,1545.08,1542.45,1539.51,1536.31,1532.84,1527.74,1523.92,1524.71,1528.74,1531.70,1533.52,1534.38,1534.48,1534.59,1534.78,1534.86,1534.53,1534.39,1534.08,1533.73,1533.83,1535.59,1537.92,1540.35,1542.65,1544.71,1547.17,1549.98,1552.58,1554.23,1554.61,1554.38,1555.33,1558.28,1562.65,1566.47,1568.59,1569.31,1569.34,1568.89,1569.27,1571.07,1574.45,1578.08,1581.74,1585.76,1589.94,1593.63,1597.19,1600.83,1604.86,1609.27,1612.61,1615.76,1618.92,1621.97,1624.31,1625.34,1626.20,1627.26
1737.91,1738.47,1738.64,1737.87,1736.10,1733.22,1729.66,1725.65,1720.89,1716.28,1714.29,1715.76,1718.12,1720.53,1722.81,1724.77,1726.50,1728.10,1729.56,1730.71,1731.36,1731.06,1729.79,1727.40,1723.80,1720.10,1716.58,1713.23,1709.82,1706.74,1705.22,1705.83,1708.92,1710.89,1710.12,1707.88,1706.14,1707.48,1711.45,1716.57,1721.77,1725.43,1728.50,1730.71,1732.32,1733.68,1734.71,1735.49,1736.25,1736.98,1737.35,1737.23,1736.52,1734.72,1731.00,1727.68,1724.78,1722.01,1719.23,1717.06,1715.20,1712.98,1710.49,1709.08,1710.12,1712.55,1715.24,1716.97,1718.03,1717.69,1716.18,1713.64,1710.53,1706.81,1702.76,1698.30,1693.31,1691.05,1690.54,1691.27,1693.23,1695.86,1698.08,1699.75,1700.94,1702.05,1702.61,1702.69,1702.36,1701.61,1701.22,1701.35,1700.70,1698.10,1693.86,1688.00,1681.65,1675.73,1671.62,1669.22,1667.23,1665.10,1663.06,1663.22,1665.08,1666.59,1666.90,1666.77,1666.21,1664.95,1663.00,1660.30,1656.97,1653.30,1648.09,1641.02,1636.07,1632.00,1628.59,1626.01,1624.78,1624.74,1625.25,1626.68,1630.10,1635.44,1640.06,1643.42,1644.86,1643.31,1641.17,1638.36,1634.99,1631.10,1624.85,1619.53,1615.69,1613.32,1611.42,1609.73,1607.71,1605.47,1603.97,1603.17,1602.39,1601.39,1599.91,1597.35,1593.37,1588.47,1582.71,1575.96,1571.61,1572.48,1577.53,1583.59,1589.28,1593.88,1597.69,1600.86,1603.09,1605.18,1607.26,1609.32,1611.28,1612.12,1611.61,1609.94,1607.28,1604.69,1601.94,1598.41,1593.96,1589.86,1585.71,1581.83,1578.43,1575.80,1573.73,1571.54,1568.49,1564.03,1559.30,1554.45,1549.30,1544.15,1540.45,1541.34,1544.48,1548.20,1551.25,1553.18,1553.67,1553.14,1551.83,1550.20,1547.88,1544.95,1541.59,1538.02,1534.20,1529.49,1526.63,1528.55,1532.68,1535.50,1537.04,1537.56,1537.60,1537.61,1537.78,1537.96,1537.89,1537.87,1537.59,1536.86,1535.63,1534.56,1535.10,1536.71,1538.79,1540.58,1542.33,1545.49,1548.93,1551.02,1551.42,1551.33,1552.66,1555.98,1560.02,1563.05,1564.62,1565.11,1565.26,1566.38,1568.70,1571.95,1575.91,1579.99,1584.31,1588.48,1592.31,1595.78,1599.25,1602.64,1606.27,1610.22,1613.06,1615.98,1618.86,1621.19,1622.07,1622.35,1622.90,1623.97
1740.50,1740.83,1740.97,1740.23,1738.42,1735.44,1731.94,1727.91,1723.51,1719.72,1718.83,1720.73,1722.88,1724.94,1727.13,1729.25,1731.23,1733.04,1734.59,1735.56,1735.76,1735.00,1733.35,1730.69,1727.10,1723.09,1719.14,1715.58,1712.60,1710.11,1709.08,1709.88,1712.49,1714.16,1712.99,1710.31,1708.11,1708.59,1713.09,1718.55,1723.42,1727.09,1729.95,1731.99,1733.54,1734.99,1736.28,1737.26,1738.12,1738.94,1739.49,1739.64,1739.30,1738.20,1735.66,1732.56,1729.85,1727.44,1725.20,1723.36,1720.99,1717.96,1714.78,1713.21,1714.08,1716.29,1718.74,1720.29,1721.12,1720.42,1718.50,1715.52,1711.82,1707.97,1704.15,1700.31,1696.55,1695.02,1694.81,1695.73,1698.05,1701.23,1703.63,1705.23,1706.18,1706.88,1707.21,1707.08,1706.59,1705.91,1705.38,1705.12,1703.94,1700.76,1696.13,1689.95,1683.71,1678.46,1675.44,1673.94,1672.47,1670.51,1668.36,1668.29,1669.64,1670.75,1670.92,1670.54,1669.55,1667.99,1665.82,1662.76,1658.75,1654.88,1650.10,1643.73,1638.30,1635.00,1632.86,1631.54,1631.15,1631.24,1631.28,1631.78,1633.92,1638.32,1642.99,1646.26,1647.04,1645.22,1642.49,1639.28,1635.83,1632.31,1627.76,1622.66,1618.42,1616.12,1614.53,1613.22,1611.69,1609.86,1608.10,1606.87,1605.76,1604.46,1602.56,1599.44,1594.74,1589.22,1583.23,1577.09,1574.56,1576.55,1581.83,1588.02,1593.12,1597.16,1600.42,1602.98,1605.02,1606.99,1609.03,1611.20,1613.47,1614.83,1614.64,1612.64,1608.72,1605.85,1602.96,1599.21,1594.41,1589.74,1585.88,1582.45,1579.32,1576.65,1574.50,1572.33,1569.42,1565.20,1560.64,1555.63,1550.41,1545.41,1542.01,1543.76,1547.38,1551.22,1554.40,1556.73,1557.06,1556.13,1554.47,1552.60,1550.09,1546.95,1543.37,1539.54,1535.55,1531.23,1529.05,1531.65,1536.67,1540.13,1542.32,1543.52,1543.80,1543.31,1542.62,1542.15,1542.28,1542.27,1542.06,1541.30,1539.66,1537.57,1536.58,1536.44,1536.84,1537.42,1538.80,1541.23,1543.91,1545.95,1547.09,1547.87,1549.64,1552.80,1556.38,1559.12,1560.62,1561.63,1563.38,1565.95,1569.35,1573.22,1577.41,1581.86,1586.48,1590.66,1594.32,1597.78,1601.03,1604.24,1607.52,1610.80,1613.41,1615.53,1617.17,1618.23,1618.79,1619.10,1619.85,1621.26
1743.12,1743.23,1743.32,1742.48,1740.57,1737.60,1734.18,1730.20,1726.23,1723.35,1723.57,1725.67,1727.48,1729.20,1731.42,1733.79,1736.06,1738.07,1739.62,1740.39,1740.13,1738.93,1736.88,1733.87,1730.34,1726.13,1721.82,1718.02,1715.38,1713.40,1712.70,1713.49,1715.74,1717.23,1715.80,1712.79,1710.21,1709.98,1714.79,1720.42,1724.96,1728.63,1731.19,1733.14,1734.76,1736.25,1737.77,1738.97,1739.96,1740.80,1741.48,1741.88,1741.93,1741.55,1740.47,1737.94,1735.54,1733.43,1731.44,1729.65,1726.81,1723.18,1719.51,1717.73,1718.35,1720.17,1722.26,1723.66,1724.22,1723.14,1720.84,1717.47,1713.16,1709.14,1705.49,1702.29,1699.89,1698.91,1698.97,1700.22,1703.11,1706.80,1709.29,1710.80,1711.55,1711.89,1712.16,1711.89,1711.19,1710.43,1709.62,1708.79,1707.03,1703.48,1698.52,1692.29,1686.38,1681.88,1679.93,1679.04,1677.82,1675.95,1673.78,1673.38,1674.24,1675.12,1675.36,1674.73,1673.36,1671.52,1669.12,1665.52,1660.34,1655.96,1651.64,1646.43,1640.91,1638.07,1637.00,1637.08,1637.66,1637.83,1637.40,1637.11,1638.21,1641.66,1646.21,1649.17,1649.22,1647.39,1644.13,1640.49,1636.96,1633.92,1630.93,1626.38,1622.07,1619.63,1617.86,1616.61,1615.45,1614.08,1612.28,1610.61,1609.06,1607.30,1604.75,1600.98,1595.62,1589.64,1583.61,1578.15,1577.61,1580.72,1586.03,1591.90,1596.34,1599.94,1602.83,1604.99,1607.04,1609.00,1611.08,1613.39,1615.80,1617.53,1617.77,1615.85,1611.21,1607.50,1604.29,1600.53,1595.67,1590.39,1586.67,1583.54,1580.55,1577.69,1575.22,1572.75,1569.76,1565.78,1561.40,1556.32,1551.14,1546.46,1543.63,1546.19,1550.22,1554.13,1557.36,1559.96,1560.07,1558.79,1556.86,1554.70,1551.99,1548.72,1544.99,1540.96,1536.87,1532.94,1531.39,1534.65,1540.63,1544.95,1548.06,1550.17,1550.81,1549.93,1548.43,1547.27,1547.32,1547.22,1547.08,1546.41,1544.77,1542.24,1539.94,1538.04,1536.60,1535.89,1536.80,1538.13,1539.57,1541.18,1542.74,1544.27,1546.38,1549.30,1552.60,1555.39,1557.31,1559.27,1562.69,1566.42,1570.43,1574.56,1578.82,1583.58,1588.32,1592.46,1596.03,1599.49,1602.49,1605.53,1608.49,1611.13,1613.46,1614.54,1614.72,1614.50,1615.01,1615.78,1617.03,1618.93
1745.88,1746.03,1745.89,1744.51,1742.34,1739.63,1736.44,1732.61,1729.47,1727.81,1728.57,1730.27,1731.74,1733.37,1735.72,1738.16,1740.45,1742.26,1743.53,1744.39,1744.17,1742.94,1740.64,1736.98,1733.17,1729.11,1724.98,1721.10,1718.20,1716.44,1715.71,1716.33,1718.94,1720.22,1718.92,1716.10,1713.17,1712.10,1715.91,1721.21,1726.14,1729.77,1732.25,1734.28,1736.09,1737.66,1739.16,1740.55,1741.76,1742.70,1743.31,1743.82,1744.05,1743.92,1743.33,1742.15,1740.58,1738.74,1736.64,1734.36,1731.63,1728.32,1724.75,1722.39,1722.68,1724.10,1725.79,1727.12,1727.38,1725.96,1723.34,1719.68,1715.11,1710.89,1707.54,1705.22,1704.07,1703.48,1703.97,1705.79,1709.11,1712.14,1714.29,1715.82,1716.83,1717.53,1718.74,1718.95,1718.00,1716.37,1714.58,1712.70,1710.25,1706.59,1701.38,1695.58,1690.59,1687.15,1685.82,1684.68,1683.27,1681.45,1679.38,1678.38,1678.89,1679.80,1680.28,1679.53,1678.26,1676.37,1673.72,1669.57,1662.08,1656.90,1653.09,1649.12,1644.90,1642.94,1642.44,1642.88,1643.76,1643.64,1642.84,1642.41,1643.85,1647.78,1650.47,1651.74,1651.58,1649.94,1646.67,1642.83,1639.15,1636.39,1633.94,1631.09,1628.24,1625.74,1622.73,1620.85,1619.39,1618.00,1616.55,1614.78,1612.63,1609.92,1606.18,1601.42,1595.61,1589.62,1584.12,1580.03,1580.60,1584.28,1589.43,1594.24,1598.58,1602.12,1604.89,1607.02,1609.24,1611.44,1613.87,1616.45,1618.65,1619.99,1620.35,1619.63,1617.00,1610.80,1606.47,1602.82,1598.39,1592.65,1588.58,1585.32,1582.27,1579.16,1576.28,1573.34,1569.86,1565.54,1561.09,1556.09,1551.25,1547.18,1545.06,1547.95,1552.43,1556.78,1559.98,1562.16,1561.99,1560.65,1558.80,1556.30,1553.47,1550.14,1546.35,1542.21,1538.07,1534.53,1533.79,1538.05,1544.38,1549.53,1553.48,1556.18,1557.27,1556.86,1555.70,1554.41,1553.54,1553.11,1552.93,1552.50,1551.19,1548.28,1545.18,1542.45,1540.29,1538.98,1538.72,1538.82,1539.09,1539.48,1539.64,1540.63,1542.63,1545.66,1549.41,1552.92,1556.41,1560.00,1563.78,1567.75,1571.76,1575.76,1579.93,1584.80,1589.41,1593.49,1597.07,1600.35,1603.21,1605.98,1608.67,1611.04,1612.55,1612.37,1611.40,1610.42,1610.64,1612.48,1614.85,1617.39
1748.66,1748.84,1748.44,1746.80,1744.47,1741.77,1738.76,1735.25,1732.75,1731.83,1732.75,1734.21,1735.74,1737.59,1740.02,1742.34,1744.45,1746.10,1747.32,1748.45,1748.45,1747.27,1744.67,1740.24,1736.02,1732.07,1728.14,1724.30,1721.35,1719.60,1718.74,1719.10,1721.52,1722.96,1721.86,1719.22,1716.39,1714.64,1717.00,1721.52,1726.71,1730.54,1733.15,1735.36,1737.36,1739.05,1740.59,1742.07,1743.44,1744.56,1745.22,1745.78,1746.15,1746.28,1746.10,1745.79,1744.82,1743.25,1741.07,1738.28,1735.41,1732.18,1728.82,1726.67,1726.90,1728.11,1729.56,1730.74,1730.76,1729.10,1726.12,1721.99,1717.32,1713.27,1710.54,1709.14,1708.59,1708.36,1709.24,1711.41,1714.82,1717.64,1720.01,1722.00,1723.53,1724.49,1725.65,1725.74,1724.66,1722.63,1719.62,1716.49,1713.12,1709.11,1704.18,1699.62,1695.96,1693.52,1692.51,1691.10,1689.20,1686.89,1684.43,1683.06,1683.29,1684.16,1684.86,1684.34,1683.28,1681.43,1678.59,1673.95,1665.54,1659.20,1654.94,1651.90,1649.00,1647.76,1647.56,1648.09,1649.05,1648.88,1648.38,1648.24,1649.33,1652.44,1653.82,1654.20,1653.97,1652.39,1649.39,1645.80,1642.20,1639.26,1637.00,1634.90,1632.81,1630.57,1627.67,1625.67,1623.95,1622.21,1620.43,1618.19,1615.28,1611.63,1606.96,1601.27,1595.07,1589.20,1584.66,1582.95,1584.51,1588.06,1592.46,1596.60,1600.71,1604.18,1606.99,1609.27,1611.83,1614.21,1616.63,1619.01,1620.86,1622.03,1622.47,1622.23,1620.70,1615.41,1609.84,1605.08,1600.97,1595.82,1591.26,1587.44,1584.12,1580.83,1577.35,1573.60,1569.53,1565.11,1560.71,1555.99,1551.47,1547.84,1546.45,1549.60,1554.39,1558.93,1561.82,1563.94,1563.65,1562.23,1560.41,1557.98,1554.95,1551.39,1547.41,1543.23,1539.07,1536.24,1536.63,1541.94,1548.70,1554.20,1558.38,1561.27,1562.79,1562.64,1561.62,1560.28,1559.12,1558.72,1558.72,1558.56,1557.57,1554.92,1551.47,1547.99,1545.09,1543.67,1542.96,1542.56,1542.29,1542.01,1541.29,1541.01,1541.38,1542.98,1547.07,1551.54,1556.31,1560.96,1564.87,1568.89,1572.74,1576.52,1580.50,1585.33,1589.75,1593.76,1597.40,1600.62,1603.27,1605.76,1608.14,1610.04,1610.23,1608.58,1606.83,1606.11,1607.30,1610.06,1613.00,1615.76
1751.41,1751.66,1751.01,1749.38,1746.99,1744.05,1741.16,1738.09,1736.09,1735.55,1736.51,1737.97,1739.85,1742.08,1744.52,1746.63,1748.48,1750.01,1751.32,1752.67,1752.88,1751.70,1748.81,1743.70,1739.02,1735.07,1731.28,1727.53,1724.69,1722.85,1721.84,1721.89,1723.69,1725.51,1724.70,1722.40,1720.03,1717.74,1718.29,1721.62,1726.84,1730.97,1733.89,1736.37,1738.58,1740.39,1742.05,1743.58,1745.04,1746.35,1747.16,1747.78,1748.27,1748.65,1748.84,1748.94,1748.37,1747.07,1744.94,1741.76,1738.55,1735.21,1732.10,1730.67,1731.00,1732.12,1733.46,1734.47,1734.31,1732.52,1729.16,1724.39,1719.75,1716.18,1714.27,1713.70,1713.33,1713.47,1714.75,1717.12,1720.38,1723.30,1726.18,1728.80,1730.85,1731.96,1732.36,1731.96,1730.84,1728.78,1724.62,1720.21,1715.82,1711.35,1707.07,1704.22,1702.13,1700.57,1699.64,1697.92,1695.37,1692.28,1689.17,1687.62,1687.65,1688.42,1689.28,1689.12,1688.25,1686.45,1683.46,1678.37,1670.07,1662.51,1657.24,1654.78,1653.00,1652.24,1652.21,1652.74,1653.70,1653.76,1654.03,1654.37,1654.55,1655.89,1656.46,1656.63,1656.39,1654.76,1652.20,1649.13,1645.76,1642.39,1640.09,1638.00,1636.04,1634.23,1632.34,1630.58,1628.64,1626.38,1623.80,1620.83,1617.06,1612.52,1607.13,1600.61,1594.13,1588.65,1585.48,1586.70,1589.10,1592.01,1595.32,1599.12,1602.88,1606.25,1609.18,1611.75,1614.70,1617.16,1619.29,1621.16,1622.60,1623.77,1624.24,1623.91,1622.66,1620.44,1613.88,1607.38,1603.34,1599.42,1594.42,1589.81,1585.97,1582.49,1578.31,1573.59,1568.90,1564.63,1560.40,1556.06,1551.83,1548.46,1547.79,1551.18,1556.15,1560.68,1563.13,1565.49,1565.24,1563.72,1561.88,1559.73,1556.42,1552.48,1548.24,1544.01,1539.90,1538.00,1539.75,1546.18,1553.34,1558.74,1562.72,1565.53,1567.43,1567.42,1566.38,1565.04,1564.09,1563.97,1564.30,1564.39,1563.68,1561.71,1558.27,1554.22,1550.71,1549.48,1548.80,1548.39,1548.05,1547.55,1546.46,1544.65,1542.61,1541.75,1545.44,1550.71,1556.40,1561.65,1565.68,1569.69,1573.36,1576.88,1580.62,1585.26,1589.42,1593.33,1597.05,1600.31,1602.77,1604.99,1607.04,1608.33,1606.98,1603.88,1601.69,1601.91,1604.85,1608.28,1611.34,1613.99
1754.06,1754.50,1753.91,1752.50,1750.07,1746.70,1743.85,1741.11,1739.60,1739.73,1741.68,1743.81,1745.91,1748.07,1750.37,1752.57,1754.53,1756.02,1756.97,1757.58,1757.01,1755.28,1752.33,1747.83,1742.89,1738.41,1734.29,1730.55,1727.70,1726.00,1725.08,1725.00,1726.29,1727.92,1728.05,1727.06,1725.38,1722.61,1721.06,1722.51,1726.88,1730.93,1734.13,1737.09,1739.74,1741.67,1743.50,1745.16,1746.68,1747.98,1748.96,1749.78,1750.41,1750.89,1751.24,1751.39,1751.00,1750.09,1748.56,1745.89,1742.49,1739.05,1736.15,1734.73,1734.85,1735.85,1737.17,1738.10,1737.92,1736.13,1732.41,1726.94,1722.59,1719.65,1718.21,1717.92,1717.94,1718.68,1720.69,1723.53,1726.57,1729.16,1731.58,1733.70,1735.30,1736.22,1736.50,1736.09,1734.98,1732.89,1729.08,1724.13,1719.12,1714.75,1710.97,1709.21,1708.20,1707.27,1706.01,1703.61,1700.75,1697.68,1694.70,1693.00,1692.98,1693.67,1694.33,1693.89,1692.54,1690.46,1687.23,1681.56,1673.27,1665.82,1660.51,1657.84,1656.20,1655.37,1655.53,1656.58,1657.90,1658.80,1659.53,1659.79,1659.21,1659.16,1659.29,1659.32,1658.90,1657.28,1654.79,1651.87,1648.68,1645.43,1643.11,1641.07,1639.08,1637.10,1635.12,1633.21,1631.18,1628.78,1625.63,1622.11,1617.70,1612.40,1606.13,1599.20,1593.03,1588.98,1588.25,1591.05,1593.61,1596.00,1598.66,1602.21,1605.78,1608.86,1611.69,1614.57,1617.62,1619.81,1621.61,1623.21,1624.46,1625.52,1625.93,1625.52,1624.07,1622.09,1616.61,1610.36,1605.33,1601.62,1597.11,1592.16,1587.33,1583.28,1578.63,1573.36,1568.42,1564.57,1560.78,1556.65,1552.50,1549.23,1549.05,1552.78,1557.70,1562.12,1564.82,1567.29,1567.26,1565.84,1563.83,1561.38,1557.63,1553.26,1548.73,1544.51,1540.55,1539.45,1542.57,1550.42,1557.13,1561.85,1565.64,1568.76,1570.77,1571.21,1570.44,1569.19,1568.37,1568.27,1568.86,1569.15,1568.41,1566.74,1563.69,1560.20,1557.23,1556.04,1554.76,1554.06,1553.62,1552.92,1551.83,1550.13,1547.92,1545.57,1544.51,1548.43,1554.25,1560.12,1564.82,1569.35,1573.14,1576.64,1580.29,1584.50,1588.21,1591.82,1595.48,1598.97,1601.51,1603.56,1605.32,1606.24,1604.25,1600.86,1598.81,1599.57,1603.11,1606.47,1609.35,1611.92
1756.61,1757.26,1756.97,1755.90,1753.49,1749.73,1746.68,1744.57,1743.89,1744.77,1747.31,1749.90,1752.13,1754.14,1756.18,1758.33,1760.23,1761.59,1762.26,1762.18,1760.91,1758.66,1755.55,1751.43,1746.43,1741.60,1737.19,1733.45,1730.75,1729.26,1728.44,1728.27,1729.15,1730.62,1731.46,1731.44,1730.32,1727.53,1724.80,1724.43,1727.01,1730.59,1734.23,1737.77,1740.86,1742.94,1744.93,1746.74,1748.32,1749.65,1750.80,1751.79,1752.55,1753.09,1753.50,1753.64,1753.33,1752.68,1751.63,1749.54,1746.46,1743.21,1740.45,1739.03,1738.92,1739.68,1740.80,1741.57,1741.23,1739.45,1735.56,1729.71,1725.69,1723.40,1722.38,1722.26,1722.72,1723.97,1726.40,1729.38,1732.18,1734.50,1736.42,1737.98,1739.12,1739.81,1740.06,1739.70,1738.62,1736.46,1733.03,1727.96,1722.72,1718.46,1715.20,1714.11,1713.70,1713.14,1711.71,1708.93,1705.76,1702.67,1700.04,1698.47,1698.45,1698.93,1699.10,1698.04,1696.02,1693.47,1689.94,1684.06,1676.21,1669.44,1664.44,1661.43,1659.50,1658.27,1658.59,1660.36,1662.30,1663.78,1664.59,1664.58,1663.57,1662.70,1662.49,1662.32,1661.62,1659.94,1657.28,1654.34,1651.34,1648.29,1645.91,1643.80,1641.70,1639.49,1637.29,1635.17,1633.01,1630.49,1626.97,1622.90,1617.85,1611.79,1604.81,1597.95,1592.78,1590.75,1592.55,1596.04,1598.62,1600.78,1603.06,1606.01,1609.04,1611.70,1614.36,1617.36,1620.22,1622.15,1623.76,1625.26,1626.46,1627.38,1627.67,1627.11,1625.37,1623.11,1618.95,1613.21,1606.94,1603.29,1599.41,1594.16,1588.23,1583.44,1578.28,1572.80,1567.99,1564.62,1561.29,1557.49,1553.50,1550.32,1550.39,1554.28,1559.06,1563.40,1566.60,1569.06,1569.22,1567.92,1565.70,1562.84,1558.84,1554.07,1549.13,1544.99,1541.78,1541.91,1546.20,1554.51,1560.38,1564.53,1568.17,1571.45,1573.61,1574.53,1574.21,1573.36,1572.88,1572.73,1573.19,1573.24,1572.24,1570.62,1568.00,1565.21,1562.91,1561.81,1560.48,1559.82,1559.36,1558.38,1556.98,1555.27,1553.04,1549.85,1545.48,1546.64,1551.26,1557.25,1562.86,1568.04,1572.23,1575.93,1579.56,1583.36,1586.73,1590.04,1593.47,1597.05,1599.82,1601.89,1603.49,1604.21,1602.14,1598.47,1596.34,1597.38,1601.38,1604.57,1607.25,1609.70
1759.01,1759.89,1760.20,1759.60,1757.34,1753.29,1749.65,1748.76,1749.49,1751.13,1753.28,1755.77,1757.98,1759.85,1761.51,1763.22,1764.62,1765.70,1766.32,1766.01,1764.50,1761.95,1758.45,1753.91,1749.09,1744.38,1739.94,1736.18,1734.00,1732.74,1731.96,1731.69,1732.33,1733.87,1734.79,1734.86,1733.98,1731.99,1729.76,1727.89,1727.33,1729.92,1734.22,1738.45,1741.92,1744.23,1746.39,1748.26,1749.95,1751.47,1752.77,1753.82,1754.65,1755.26,1755.63,1755.76,1755.44,1754.80,1753.81,1752.10,1750.18,1747.68,1744.93,1743.76,1743.47,1743.78,1744.37,1744.75,1744.03,1742.19,1738.43,1732.81,1729.12,1727.47,1726.88,1726.96,1727.78,1729.39,1731.55,1733.99,1736.51,1738.85,1740.53,1741.82,1742.76,1743.28,1743.45,1743.09,1742.02,1739.77,1736.24,1731.57,1726.64,1722.33,1719.65,1718.72,1718.27,1717.68,1716.49,1713.95,1710.41,1706.96,1704.81,1703.80,1703.83,1703.86,1703.17,1701.08,1698.31,1695.09,1691.15,1685.72,1679.12,1673.57,1669.22,1665.92,1663.22,1661.26,1661.64,1664.31,1667.14,1668.61,1668.91,1668.49,1667.61,1666.76,1666.30,1665.77,1664.73,1662.83,1659.66,1656.54,1653.71,1650.90,1648.36,1645.98,1643.64,1641.29,1638.99,1636.66,1634.28,1631.59,1627.93,1623.29,1617.48,1610.68,1603.32,1597.26,1594.09,1594.75,1598.90,1601.97,1604.53,1606.94,1609.16,1610.87,1612.69,1614.78,1617.22,1619.95,1622.24,1624.06,1625.74,1627.34,1628.66,1629.45,1629.52,1628.70,1626.68,1624.13,1621.05,1615.57,1608.01,1604.45,1601.15,1595.55,1588.45,1582.78,1576.99,1571.78,1567.60,1564.70,1561.81,1558.55,1554.98,1551.97,1551.90,1555.61,1560.14,1564.53,1568.44,1570.66,1570.91,1569.71,1567.25,1564.00,1560.09,1555.01,1549.44,1545.51,1544.08,1546.19,1551.30,1558.36,1562.94,1566.92,1570.48,1573.53,1576.01,1577.34,1577.74,1577.79,1578.04,1577.79,1577.40,1576.52,1574.92,1573.06,1570.80,1568.62,1566.85,1565.97,1565.75,1565.80,1565.47,1564.05,1561.72,1559.21,1556.45,1553.28,1549.58,1546.23,1547.52,1552.78,1559.47,1565.40,1570.36,1574.59,1578.25,1581.80,1585.12,1588.15,1591.11,1594.47,1597.62,1600.01,1601.69,1602.38,1600.90,1596.66,1593.86,1594.85,1599.43,1602.55,1605.04,1607.30
1760.73,1761.81,1762.44,1762.37,1761.08,1758.38,1755.56,1754.83,1755.36,1756.59,1758.21,1760.30,1762.28,1764.06,1765.69,1767.33,1768.47,1769.31,1769.77,1769.39,1767.86,1765.16,1761.61,1757.29,1752.01,1747.10,1742.77,1739.34,1737.67,1736.53,1735.65,1735.21,1735.73,1737.17,1738.05,1738.17,1737.43,1735.74,1733.74,1731.55,1729.87,1730.87,1734.87,1739.11,1742.65,1745.33,1747.69,1749.78,1751.67,1753.33,1754.70,1755.84,1756.74,1757.39,1757.79,1757.89,1757.66,1757.04,1755.91,1754.51,1753.06,1751.24,1749.31,1748.71,1748.46,1748.47,1748.55,1748.23,1746.80,1744.33,1740.71,1736.21,1733.00,1731.72,1731.28,1731.28,1731.84,1733.19,1735.35,1737.82,1740.14,1742.20,1743.86,1745.16,1746.08,1746.64,1746.78,1746.29,1745.10,1742.91,1739.10,1734.69,1730.31,1726.49,1724.03,1723.17,1722.79,1722.34,1721.32,1719.33,1716.57,1713.61,1711.16,1709.76,1708.75,1707.75,1706.33,1703.61,1700.15,1696.42,1692.35,1687.43,1681.50,1676.80,1673.18,1670.20,1667.19,1665.03,1665.39,1668.17,1671.18,1672.68,1673.25,1673.22,1672.61,1671.54,1670.50,1669.40,1667.95,1665.51,1662.03,1658.70,1655.82,1653.28,1650.61,1648.04,1645.58,1643.14,1640.51,1637.87,1635.14,1632.16,1628.44,1623.54,1617.04,1609.42,1601.88,1597.84,1597.39,1599.79,1604.12,1607.12,1609.39,1611.42,1613.24,1614.64,1616.14,1617.98,1620.12,1622.37,1624.21,1626.02,1627.69,1629.17,1630.47,1631.20,1630.96,1629.78,1627.59,1624.77,1621.76,1616.35,1608.69,1605.21,1602.08,1596.25,1588.66,1582.85,1577.01,1571.84,1567.72,1564.86,1561.97,1558.87,1555.56,1552.97,1553.63,1557.01,1561.55,1566.24,1570.11,1572.31,1572.35,1570.96,1568.43,1564.86,1560.91,1555.55,1549.62,1546.19,1546.25,1549.64,1555.05,1561.15,1565.50,1569.54,1573.13,1576.13,1578.57,1580.21,1581.18,1581.91,1582.79,1583.02,1582.52,1580.70,1577.59,1575.60,1573.89,1572.56,1571.84,1572.03,1572.19,1572.12,1571.37,1569.38,1566.34,1563.13,1559.84,1556.44,1552.95,1549.24,1547.93,1549.62,1554.66,1561.37,1567.15,1571.94,1576.05,1580.00,1583.28,1586.09,1588.69,1591.59,1594.68,1597.18,1598.90,1599.45,1598.07,1593.97,1591.13,1591.86,1596.23,1599.67,1602.18,1604.12
1762.11,1763.38,1764.30,1764.72,1764.55,1763.59,1761.99,1761.17,1761.08,1761.58,1762.67,1764.30,1766.02,1767.72,1769.40,1771.07,1772.03,1772.63,1772.91,1772.51,1770.94,1768.17,1764.69,1760.76,1755.27,1750.16,1745.90,1742.90,1741.69,1740.63,1739.57,1738.82,1739.17,1740.41,1741.23,1741.39,1740.76,1739.23,1737.38,1735.30,1733.35,1732.81,1735.78,1739.50,1743.01,1746.16,1748.87,1751.25,1753.35,1755.14,1756.61,1757.83,1758.79,1759.50,1759.94,1760.07,1759.93,1759.40,1758.28,1757.12,1755.90,1754.63,1753.62,1753.59,1753.47,1753.36,1753.00,1751.81,1749.59,1746.45,1742.99,1739.67,1737.06,1736.06,1735.65,1735.47,1735.63,1736.55,1738.70,1741.31,1743.50,1745.28,1747.04,1748.60,1749.80,1750.63,1750.83,1750.12,1748.61,1746.25,1742.07,1737.82,1733.95,1730.71,1728.38,1727.55,1727.25,1726.92,1726.02,1724.59,1722.75,1720.38,1717.45,1715.27,1713.10,1711.08,1709.06,1705.94,1701.90,1697.75,1693.61,1689.12,1683.76,1679.78,1676.88,1674.39,1671.33,1669.19,1669.50,1672.11,1675.03,1676.60,1677.59,1678.08,1677.69,1676.39,1674.77,1673.07,1671.14,1668.23,1664.64,1661.12,1658.03,1655.61,1652.83,1650.11,1647.52,1644.95,1641.95,1638.95,1635.83,1632.47,1628.64,1623.63,1616.57,1608.36,1601.10,1599.32,1601.36,1604.89,1608.73,1611.77,1613.74,1615.37,1616.93,1618.48,1620.07,1621.73,1623.42,1625.05,1626.48,1628.21,1629.76,1631.01,1632.21,1632.71,1632.07,1630.49,1628.15,1625.08,1621.77,1616.38,1609.15,1605.70,1602.57,1596.62,1588.91,1583.37,1577.89,1572.67,1568.26,1565.06,1562.00,1558.93,1555.82,1553.73,1555.33,1558.45,1563.09,1568.08,1571.68,1573.97,1573.68,1571.97,1569.36,1565.54,1561.49,1555.96,1550.00,1547.24,1548.57,1552.78,1558.19,1563.56,1568.01,1572.16,1575.81,1578.78,1581.11,1582.99,1584.50,1585.87,1587.35,1588.14,1587.76,1585.33,1581.00,1578.69,1577.32,1576.71,1576.91,1578.06,1578.34,1577.93,1576.72,1574.28,1570.66,1566.86,1563.13,1559.52,1556.03,1553.06,1549.88,1547.88,1550.23,1556.74,1563.12,1568.61,1573.32,1577.85,1581.21,1583.89,1586.26,1588.72,1591.52,1593.90,1595.55,1595.92,1594.49,1590.92,1588.42,1588.93,1592.76,1596.38,1598.90,1600.60
1763.10,1764.51,1765.86,1766.64,1767.14,1767.35,1766.79,1766.21,1765.89,1765.95,1766.61,1767.92,1769.52,1771.20,1772.83,1774.37,1775.11,1775.52,1775.66,1775.15,1773.27,1770.51,1767.20,1763.48,1759.51,1754.53,1750.06,1747.37,1746.49,1745.58,1744.17,1742.71,1742.49,1743.40,1744.18,1744.43,1743.92,1742.66,1740.95,1739.19,1737.62,1736.50,1736.84,1739.00,1742.41,1746.28,1749.81,1752.57,1754.84,1756.76,1758.48,1759.77,1760.75,1761.51,1762.01,1762.38,1762.36,1762.12,1761.73,1760.72,1759.56,1758.52,1757.84,1757.88,1758.07,1758.20,1757.66,1755.43,1752.51,1749.35,1746.06,1742.97,1741.25,1740.51,1740.05,1739.69,1739.70,1740.20,1742.03,1744.53,1746.74,1748.56,1750.64,1753.03,1755.44,1757.05,1757.55,1756.53,1754.12,1750.43,1745.83,1741.49,1737.75,1734.84,1732.75,1731.86,1731.48,1731.11,1730.19,1728.94,1727.13,1724.70,1721.54,1718.31,1715.83,1713.62,1711.24,1708.11,1703.86,1699.44,1695.08,1690.68,1686.21,1683.02,1680.68,1678.54,1675.83,1673.88,1674.07,1676.38,1679.21,1680.88,1681.95,1682.39,1681.83,1680.59,1678.82,1676.65,1674.10,1671.31,1668.15,1664.57,1660.95,1658.05,1655.18,1652.33,1649.49,1646.57,1643.27,1639.94,1636.39,1632.52,1628.28,1623.29,1616.06,1608.16,1602.72,1602.53,1605.37,1609.00,1612.46,1615.59,1617.42,1619.33,1621.60,1623.83,1626.06,1627.39,1628.19,1628.92,1629.87,1631.19,1632.33,1633.20,1634.15,1633.79,1632.45,1630.46,1627.90,1624.63,1620.78,1615.55,1609.30,1605.76,1602.45,1596.57,1589.31,1584.67,1580.34,1575.12,1569.78,1565.36,1562.04,1558.93,1555.99,1554.34,1556.70,1559.98,1564.73,1569.75,1573.14,1575.68,1574.98,1572.70,1569.80,1565.97,1561.68,1556.41,1551.28,1549.40,1551.55,1555.75,1560.75,1565.85,1570.37,1574.54,1578.15,1581.05,1583.38,1585.39,1587.43,1589.59,1591.70,1592.65,1592.36,1590.58,1587.22,1583.73,1581.69,1580.90,1581.05,1581.69,1581.96,1581.47,1580.27,1578.05,1574.07,1569.89,1566.08,1562.63,1558.93,1555.67,1552.50,1549.83,1548.99,1551.57,1557.70,1564.33,1569.69,1574.75,1578.51,1581.43,1583.88,1586.21,1588.42,1590.18,1591.33,1591.47,1590.10,1587.56,1586.06,1586.84,1589.77,1592.59,1594.91,1596.79
1763.84,1765.52,1767.19,1768.31,1769.22,1770.01,1770.11,1769.79,1769.60,1769.74,1770.32,1771.44,1773.00,1774.69,1776.24,1777.51,1778.12,1778.40,1778.40,1777.83,1776.07,1773.23,1769.75,1766.08,1762.82,1758.52,1754.54,1752.11,1751.28,1750.47,1748.88,1746.90,1746.01,1746.42,1747.15,1747.56,1747.18,1746.21,1744.73,1743.24,1741.87,1740.41,1739.33,1739.98,1742.49,1746.62,1750.48,1753.68,1756.33,1758.43,1760.15,1761.49,1762.57,1763.43,1764.07,1764.61,1764.75,1764.80,1764.95,1764.23,1763.43,1762.71,1762.19,1762.03,1762.14,1762.09,1761.21,1758.52,1755.38,1752.29,1749.24,1746.54,1745.38,1744.85,1744.45,1744.16,1744.32,1744.99,1746.58,1748.68,1750.76,1752.65,1754.85,1757.40,1760.07,1761.99,1762.70,1761.71,1759.15,1755.14,1750.29,1745.92,1742.30,1739.58,1737.45,1736.13,1735.41,1734.91,1733.97,1732.84,1731.13,1728.76,1725.57,1721.68,1718.67,1716.20,1713.66,1709.97,1705.57,1701.19,1696.94,1692.70,1688.70,1685.88,1683.82,1682.06,1680.15,1678.88,1679.37,1681.59,1684.23,1685.77,1686.51,1686.49,1685.44,1683.99,1681.99,1679.59,1676.86,1674.11,1671.21,1667.84,1664.19,1660.74,1657.52,1654.39,1651.22,1647.93,1644.31,1640.52,1636.50,1632.20,1627.62,1622.66,1615.58,1608.51,1605.22,1606.30,1609.75,1613.62,1617.13,1620.40,1622.48,1624.48,1626.67,1628.79,1630.85,1631.83,1632.19,1632.52,1633.27,1634.40,1635.29,1635.71,1635.69,1634.45,1632.60,1630.33,1627.48,1624.09,1619.95,1614.91,1609.44,1605.71,1602.26,1596.79,1590.26,1585.98,1582.25,1577.40,1571.91,1566.67,1562.68,1559.27,1556.50,1555.34,1557.92,1561.62,1566.57,1571.63,1575.07,1577.55,1576.50,1573.70,1570.26,1566.13,1561.65,1556.67,1552.30,1551.41,1553.99,1557.92,1562.59,1567.81,1572.36,1576.55,1580.15,1583.01,1585.42,1587.74,1590.56,1593.55,1595.87,1596.73,1596.32,1594.67,1591.68,1587.95,1585.52,1584.52,1584.53,1584.78,1585.00,1584.50,1583.30,1581.23,1577.58,1573.38,1569.44,1565.82,1561.80,1558.21,1555.11,1552.26,1549.71,1549.38,1553.89,1560.16,1566.00,1571.39,1575.40,1578.55,1581.13,1583.26,1584.84,1585.94,1586.45,1586.07,1584.99,1583.73,1583.46,1584.73,1587.09,1589.38,1591.55,1593.59
1764.41,1766.43,1768.33,1769.73,1770.84,1771.75,1772.22,1772.20,1772.42,1773.01,1773.81,1774.88,1776.40,1778.09,1779.57,1780.49,1781.05,1781.28,1781.15,1780.57,1779.24,1776.32,1772.45,1768.73,1765.41,1762.14,1759.19,1757.01,1756.02,1755.27,1753.68,1751.45,1749.84,1749.65,1750.30,1750.86,1750.62,1749.93,1748.72,1747.41,1746.07,1744.43,1743.02,1742.37,1743.35,1747.16,1750.90,1754.61,1757.82,1760.11,1761.63,1763.02,1764.24,1765.26,1766.08,1766.73,1767.10,1767.43,1767.86,1767.55,1767.34,1767.05,1766.58,1766.07,1765.79,1765.22,1763.88,1761.23,1758.26,1755.34,1752.64,1750.52,1749.64,1749.30,1749.13,1749.13,1749.62,1750.82,1752.18,1753.67,1755.44,1757.34,1759.43,1761.61,1763.76,1765.58,1766.43,1765.75,1763.66,1760.21,1755.36,1751.04,1747.57,1744.95,1742.68,1740.79,1739.59,1738.90,1737.90,1736.71,1735.04,1732.78,1729.68,1725.50,1721.82,1718.96,1716.31,1711.69,1707.16,1703.04,1699.16,1695.16,1691.30,1688.47,1686.48,1685.14,1684.34,1684.14,1685.25,1687.59,1689.96,1691.16,1691.27,1690.45,1688.68,1686.75,1684.43,1681.96,1679.39,1676.64,1673.78,1670.79,1667.48,1663.51,1659.75,1656.20,1652.66,1648.98,1644.97,1640.65,1636.16,1631.54,1626.78,1621.87,1615.28,1609.52,1608.60,1610.75,1614.69,1618.89,1622.66,1625.99,1628.51,1630.38,1631.86,1633.25,1634.50,1635.19,1635.54,1635.87,1636.63,1637.75,1638.47,1638.29,1636.81,1634.77,1632.61,1630.16,1627.00,1623.55,1619.32,1614.53,1609.60,1605.63,1602.04,1597.22,1591.63,1587.29,1583.64,1579.42,1574.41,1568.79,1563.81,1559.88,1557.30,1556.67,1559.07,1563.36,1568.59,1573.69,1577.37,1579.45,1578.10,1574.87,1570.71,1566.03,1561.44,1556.80,1553.18,1553.26,1555.86,1559.39,1563.84,1569.37,1573.92,1578.16,1581.78,1584.68,1587.30,1590.13,1593.82,1597.55,1599.68,1600.34,1599.71,1597.78,1594.61,1591.47,1588.95,1587.76,1587.70,1587.78,1587.92,1587.36,1586.08,1584.02,1581.12,1577.20,1573.10,1569.05,1564.73,1560.91,1557.82,1555.06,1552.13,1549.97,1551.77,1556.34,1562.37,1567.80,1571.90,1575.23,1577.93,1579.72,1580.67,1581.15,1581.02,1580.10,1579.68,1579.88,1580.94,1582.88,1585.07,1587.20,1589.32,1591.48
1765.14,1767.25,1769.20,1770.64,1771.84,1772.94,1773.85,1774.38,1774.90,1775.61,1776.75,1778.04,1779.41,1780.80,1782.09,1783.04,1783.67,1784.02,1783.99,1783.40,1781.99,1779.37,1775.90,1772.12,1768.69,1765.86,1763.54,1761.80,1760.85,1760.08,1758.82,1756.93,1754.81,1754.09,1754.40,1754.88,1754.76,1754.17,1753.06,1751.76,1750.35,1748.63,1747.03,1745.67,1745.35,1747.50,1751.01,1755.46,1759.22,1761.36,1762.89,1764.38,1765.74,1766.96,1767.96,1768.72,1769.33,1769.87,1770.33,1770.45,1770.64,1770.71,1770.49,1769.97,1769.43,1768.51,1766.98,1764.53,1761.80,1759.35,1757.35,1756.00,1755.43,1755.50,1755.81,1756.25,1756.86,1757.64,1758.35,1759.10,1760.15,1761.44,1763.12,1765.17,1767.44,1769.29,1770.24,1769.73,1767.91,1764.92,1760.94,1756.92,1753.60,1751.43,1750.00,1748.71,1747.66,1746.72,1745.22,1742.91,1740.08,1737.03,1733.81,1729.64,1725.79,1722.46,1719.18,1714.34,1709.43,1705.25,1701.65,1698.04,1694.45,1691.65,1689.78,1688.92,1688.79,1689.65,1691.39,1693.75,1695.94,1696.73,1696.21,1694.66,1692.14,1689.35,1686.68,1684.09,1681.50,1678.80,1675.91,1672.79,1669.35,1665.35,1661.34,1657.35,1653.33,1649.14,1644.45,1639.77,1635.10,1630.53,1626.29,1621.63,1616.26,1612.61,1614.05,1617.69,1621.70,1625.40,1628.52,1630.94,1632.92,1634.52,1635.80,1636.89,1638.01,1638.76,1639.21,1639.50,1640.05,1640.99,1640.95,1639.51,1637.37,1635.00,1632.64,1630.07,1626.80,1623.20,1618.93,1614.42,1609.98,1605.85,1601.91,1597.52,1592.86,1588.76,1585.09,1581.11,1576.32,1570.52,1564.90,1560.51,1558.08,1558.02,1560.48,1565.31,1570.83,1575.91,1579.38,1580.69,1578.99,1575.44,1570.71,1565.66,1561.02,1557.20,1554.90,1555.51,1557.18,1560.39,1564.79,1569.91,1574.48,1578.83,1582.71,1586.04,1589.19,1592.87,1596.69,1599.96,1601.74,1602.76,1602.45,1600.91,1598.32,1595.53,1593.05,1591.96,1592.15,1592.52,1592.64,1591.43,1589.35,1586.90,1584.01,1580.43,1576.40,1572.17,1568.18,1564.75,1561.87,1559.20,1556.23,1552.88,1551.88,1554.01,1559.12,1563.63,1567.76,1571.15,1573.53,1574.56,1574.97,1575.17,1575.26,1575.51,1577.00,1578.71,1580.86,1583.54,1586.30,1588.96,1591.58,1593.99
1765.78,1768.00,1769.97,1771.43,1772.70,1773.97,1775.23,1776.23,1777.02,1777.88,1779.30,1780.74,1782.03,1783.23,1784.39,1785.43,1786.19,1786.68,1786.79,1786.24,1784.66,1782.18,1779.00,1775.29,1771.94,1769.52,1767.75,1766.47,1765.65,1764.91,1763.93,1762.37,1759.90,1758.74,1758.72,1759.05,1759.04,1758.45,1757.39,1756.07,1754.52,1752.75,1751.07,1749.22,1747.79,1748.17,1751.26,1756.27,1760.46,1762.39,1764.00,1765.58,1767.08,1768.49,1769.72,1770.63,1771.42,1772.11,1772.62,1773.02,1773.52,1773.88,1773.96,1773.66,1773.08,1772.05,1770.46,1768.13,1765.54,1763.53,1762.18,1761.51,1761.28,1761.66,1762.32,1763.02,1763.57,1763.87,1763.97,1764.08,1764.45,1765.14,1766.57,1768.64,1771.13,1773.15,1774.13,1773.77,1772.21,1769.57,1766.41,1762.83,1759.69,1757.80,1757.14,1756.66,1755.86,1754.51,1752.37,1749.24,1745.41,1741.50,1737.92,1733.56,1729.31,1725.42,1721.69,1717.15,1712.13,1707.88,1704.42,1701.20,1697.95,1695.21,1693.45,1693.10,1693.59,1695.16,1697.22,1699.40,1701.26,1701.62,1700.57,1698.49,1695.52,1692.04,1688.88,1686.02,1683.37,1680.70,1677.78,1674.36,1670.51,1666.42,1662.18,1657.77,1653.31,1648.70,1643.48,1638.54,1633.82,1629.44,1625.81,1621.98,1618.66,1617.50,1620.51,1624.73,1628.40,1631.44,1633.83,1635.51,1637.08,1638.62,1640.05,1641.24,1642.49,1643.27,1643.57,1643.51,1643.60,1643.73,1642.67,1640.28,1637.79,1635.25,1632.79,1630.13,1626.81,1623.07,1618.87,1614.64,1610.57,1606.41,1602.28,1598.18,1594.13,1590.20,1586.44,1582.48,1577.74,1571.81,1565.82,1561.17,1558.84,1559.30,1562.34,1567.64,1573.29,1578.19,1581.24,1581.73,1579.60,1575.72,1570.62,1565.48,1560.84,1557.92,1557.10,1558.43,1559.41,1561.83,1565.51,1570.04,1574.55,1579.05,1583.22,1587.04,1590.81,1595.20,1598.97,1601.77,1603.44,1604.88,1604.98,1603.91,1601.88,1599.65,1597.47,1596.57,1596.96,1597.71,1597.78,1596.02,1593.17,1590.07,1586.92,1583.50,1579.68,1575.61,1572.12,1569.16,1566.45,1563.73,1560.59,1556.55,1553.48,1553.13,1556.27,1559.84,1563.47,1566.61,1568.79,1569.41,1569.94,1570.59,1571.58,1573.37,1576.43,1579.25,1582.14,1585.35,1588.70,1591.98,1595.08,1597.72
1766.18,1768.65,1770.66,1772.18,1773.55,1774.91,1776.27,1777.48,1778.60,1779.76,1781.27,1782.69,1784.06,1785.37,1786.58,1787.71,1788.61,1789.23,1789.50,1789.07,1787.40,1784.59,1781.14,1777.75,1774.90,1773.04,1771.81,1770.96,1770.35,1769.77,1768.88,1767.34,1764.80,1763.35,1763.05,1763.26,1763.32,1762.60,1761.62,1760.24,1758.45,1756.63,1755.06,1752.91,1750.60,1749.60,1751.90,1757.04,1761.42,1763.17,1764.85,1766.53,1768.15,1769.74,1771.30,1772.42,1773.29,1774.05,1774.72,1775.14,1775.77,1776.38,1776.79,1776.95,1776.79,1776.03,1774.53,1772.07,1769.41,1767.65,1766.73,1766.51,1766.58,1767.06,1767.68,1768.23,1768.47,1768.55,1768.31,1767.99,1767.94,1768.28,1769.87,1772.20,1774.88,1777.24,1778.18,1777.95,1776.68,1774.26,1771.51,1768.46,1765.58,1763.53,1763.09,1763.37,1762.71,1760.69,1757.84,1754.89,1750.85,1746.30,1741.96,1736.92,1731.64,1727.04,1723.41,1719.87,1715.39,1711.17,1707.62,1704.75,1701.93,1699.25,1697.62,1697.79,1698.97,1700.60,1702.34,1703.99,1705.21,1705.09,1703.70,1701.47,1698.64,1694.97,1691.08,1687.66,1684.92,1682.21,1679.31,1675.44,1670.85,1666.38,1661.84,1657.05,1652.24,1647.45,1642.07,1637.04,1632.40,1628.33,1625.22,1623.28,1623.31,1625.07,1628.12,1630.97,1633.68,1636.04,1637.91,1639.57,1641.38,1643.36,1645.41,1647.33,1648.93,1649.49,1649.14,1648.14,1647.38,1645.56,1643.23,1640.71,1638.17,1635.63,1633.13,1630.44,1627.12,1623.34,1619.36,1615.38,1611.48,1607.56,1603.59,1599.58,1595.56,1591.55,1587.54,1583.35,1578.44,1572.39,1566.43,1561.87,1559.59,1560.41,1564.97,1570.66,1576.11,1580.55,1582.92,1582.69,1579.94,1575.65,1570.53,1565.75,1561.22,1559.15,1559.91,1562.50,1563.66,1564.29,1565.93,1569.78,1574.09,1578.73,1583.22,1587.49,1591.94,1596.57,1600.26,1603.03,1605.15,1606.86,1607.37,1606.63,1604.88,1603.67,1602.25,1601.60,1601.99,1603.11,1603.04,1601.16,1597.89,1593.74,1590.07,1586.52,1583.02,1579.69,1576.82,1574.21,1571.51,1568.47,1564.80,1560.81,1557.12,1554.49,1554.04,1556.98,1559.17,1561.49,1563.83,1564.93,1566.82,1569.21,1572.07,1575.44,1578.87,1582.03,1585.13,1588.41,1592.09,1595.86,1599.25,1601.99
1766.49,1769.09,1771.15,1772.88,1774.44,1775.89,1777.29,1778.58,1779.94,1781.43,1783.03,1784.51,1785.93,1787.30,1788.64,1789.94,1790.89,1791.58,1791.87,1791.34,1789.91,1787.33,1784.05,1780.75,1778.12,1776.62,1775.76,1775.22,1774.73,1774.07,1773.01,1771.39,1769.08,1767.59,1767.22,1767.40,1767.45,1766.65,1765.51,1764.05,1762.30,1760.57,1759.02,1756.98,1754.59,1752.82,1754.26,1758.28,1762.04,1764.01,1765.79,1767.48,1769.20,1770.97,1772.72,1774.07,1775.07,1775.90,1776.68,1777.30,1778.05,1778.80,1779.43,1779.84,1780.00,1779.60,1778.41,1776.09,1773.63,1771.97,1771.15,1771.10,1771.31,1771.92,1772.57,1773.09,1773.37,1773.51,1773.37,1773.01,1772.63,1772.76,1774.31,1776.54,1778.96,1780.98,1781.89,1781.70,1780.63,1778.71,1775.95,1773.33,1770.98,1769.15,1768.78,1768.99,1768.56,1766.94,1763.89,1760.47,1756.16,1751.07,1745.41,1739.42,1733.37,1728.43,1725.07,1722.18,1718.76,1715.22,1712.03,1709.68,1706.88,1703.84,1701.85,1702.02,1703.55,1705.25,1706.80,1708.07,1708.77,1708.26,1706.63,1704.25,1701.24,1697.49,1693.20,1689.30,1686.21,1683.44,1680.55,1676.30,1671.03,1665.97,1661.12,1656.05,1650.97,1646.03,1640.87,1636.10,1631.80,1628.38,1626.94,1626.86,1628.41,1631.00,1633.86,1636.23,1638.47,1640.50,1642.28,1644.07,1646.27,1648.80,1651.33,1653.23,1654.25,1654.23,1653.34,1651.70,1650.02,1647.43,1644.46,1641.48,1638.69,1636.19,1633.73,1631.09,1627.95,1624.22,1620.36,1616.53,1612.78,1609.16,1605.16,1601.06,1596.95,1592.75,1588.26,1583.69,1578.51,1572.36,1566.81,1562.87,1561.69,1563.76,1568.38,1573.80,1578.70,1582.55,1584.48,1583.09,1579.77,1575.39,1570.44,1566.05,1562.65,1562.09,1564.22,1567.29,1568.38,1567.86,1568.11,1571.18,1575.06,1579.30,1583.55,1587.78,1592.34,1597.03,1600.97,1604.17,1606.77,1608.75,1609.75,1609.68,1608.67,1607.93,1607.25,1606.93,1607.13,1607.82,1607.48,1605.34,1601.80,1597.40,1593.58,1590.08,1587.01,1584.38,1581.93,1579.24,1576.18,1572.68,1568.59,1564.38,1560.04,1556.31,1554.35,1555.71,1557.61,1560.12,1562.99,1565.39,1568.11,1571.29,1574.83,1578.55,1581.93,1585.14,1588.39,1591.84,1595.67,1599.53,1602.92,1605.74
1766.72,1769.43,1771.56,1773.52,1775.29,1776.83,1778.28,1779.70,1781.28,1783.01,1784.70,1786.27,1787.74,1789.17,1790.64,1792.12,1793.13,1793.84,1794.13,1793.50,1792.32,1790.20,1787.34,1784.20,1781.78,1780.54,1779.91,1779.52,1779.01,1778.16,1776.80,1774.99,1772.99,1771.67,1771.34,1771.53,1771.59,1770.73,1769.45,1767.93,1766.24,1764.54,1762.92,1761.05,1758.80,1756.52,1756.86,1759.45,1762.42,1764.73,1766.68,1768.43,1770.24,1772.17,1774.07,1775.64,1776.79,1777.72,1778.62,1779.51,1780.35,1781.19,1781.97,1782.50,1782.91,1782.88,1782.08,1780.03,1777.94,1776.40,1775.58,1775.55,1775.84,1776.66,1777.48,1778.12,1778.67,1779.00,1779.07,1778.75,1778.05,1777.89,1779.18,1781.12,1783.11,1784.63,1785.49,1785.36,1784.50,1783.15,1780.40,1778.11,1776.23,1774.71,1774.30,1774.13,1773.85,1772.83,1769.85,1765.81,1761.16,1755.61,1748.66,1741.79,1735.30,1730.27,1727.16,1724.83,1722.57,1719.87,1717.10,1715.05,1712.06,1708.57,1706.15,1706.14,1707.89,1709.51,1710.84,1711.80,1712.08,1711.21,1709.37,1706.80,1703.52,1699.74,1695.22,1690.90,1687.34,1684.45,1681.51,1677.07,1671.37,1665.66,1660.33,1654.95,1649.65,1644.62,1639.81,1635.64,1631.99,1629.48,1629.78,1631.25,1633.56,1636.26,1638.89,1641.08,1643.08,1645.00,1646.89,1649.00,1651.59,1654.44,1657.10,1658.64,1658.88,1658.25,1656.92,1654.85,1652.35,1649.39,1646.05,1642.54,1639.43,1636.92,1634.50,1631.96,1629.07,1625.42,1621.61,1617.84,1614.22,1610.88,1606.81,1602.55,1598.27,1593.81,1588.80,1583.72,1578.17,1571.96,1566.92,1564.16,1564.55,1567.93,1572.15,1577.22,1581.54,1584.64,1585.82,1583.27,1579.53,1575.17,1570.45,1566.40,1564.51,1565.55,1568.75,1571.96,1572.99,1571.80,1571.09,1573.29,1576.75,1580.45,1584.25,1588.22,1592.59,1597.16,1601.42,1605.20,1608.33,1610.57,1612.04,1612.71,1612.54,1612.10,1612.01,1611.96,1611.90,1611.94,1611.34,1609.04,1605.45,1601.14,1597.30,1593.94,1591.25,1589.19,1587.03,1584.20,1580.67,1576.60,1572.15,1567.69,1562.77,1558.40,1555.67,1555.22,1557.17,1560.23,1563.83,1567.68,1571.05,1574.65,1578.46,1582.18,1585.42,1588.56,1591.83,1595.38,1599.27,1603.12,1606.48,1609.43
1766.79,1769.68,1771.96,1774.00,1775.87,1777.57,1779.25,1781.10,1782.91,1784.63,1786.33,1787.98,1789.58,1791.12,1792.65,1794.21,1795.33,1796.09,1796.42,1795.97,1794.71,1793.10,1791.13,1788.65,1786.80,1785.70,1784.97,1784.31,1783.30,1782.18,1780.41,1778.17,1776.32,1775.59,1775.51,1775.72,1775.82,1775.05,1774.09,1772.63,1770.62,1768.58,1766.67,1764.59,1762.18,1759.51,1758.01,1759.66,1762.43,1764.91,1767.25,1769.32,1771.32,1773.31,1775.28,1777.10,1778.41,1779.52,1780.73,1781.86,1782.74,1783.56,1784.35,1784.89,1785.36,1785.60,1785.19,1783.49,1782.16,1780.97,1780.18,1780.04,1780.34,1781.71,1783.16,1784.39,1785.51,1786.22,1786.27,1785.73,1784.65,1783.68,1784.18,1785.49,1787.09,1788.40,1789.22,1789.32,1788.86,1787.95,1785.82,1783.59,1781.65,1780.24,1779.51,1778.96,1778.31,1777.13,1774.51,1770.20,1765.15,1759.24,1752.01,1744.90,1738.91,1734.21,1731.05,1729.42,1727.96,1725.81,1723.08,1720.20,1716.74,1713.11,1710.63,1710.53,1712.43,1713.43,1714.18,1714.88,1714.97,1713.71,1711.57,1708.77,1705.27,1701.51,1696.98,1692.35,1688.16,1684.98,1681.88,1677.80,1672.55,1666.26,1659.76,1653.80,1648.37,1643.48,1639.08,1636.18,1634.15,1633.09,1633.78,1635.59,1638.28,1641.25,1643.79,1645.72,1647.66,1649.75,1652.11,1655.06,1657.68,1659.85,1661.50,1662.32,1662.39,1661.55,1660.02,1657.87,1655.07,1651.67,1648.03,1644.34,1640.87,1638.11,1635.66,1633.23,1630.52,1626.98,1623.08,1619.24,1615.70,1612.35,1608.41,1604.01,1599.31,1594.44,1589.15,1583.26,1577.03,1570.99,1566.31,1566.21,1568.54,1572.13,1576.27,1581.56,1585.67,1587.62,1586.47,1583.43,1579.72,1575.45,1570.76,1566.93,1566.58,1568.70,1572.08,1575.11,1576.50,1575.70,1574.72,1575.79,1579.25,1582.62,1585.96,1589.48,1593.26,1597.36,1601.71,1606.05,1609.82,1612.24,1614.01,1615.19,1615.62,1615.57,1615.56,1615.39,1615.06,1614.73,1614.09,1612.19,1609.14,1605.18,1601.38,1598.16,1595.63,1593.64,1591.47,1588.91,1585.02,1580.21,1575.45,1570.89,1565.70,1560.88,1557.40,1555.50,1557.16,1560.82,1565.44,1570.14,1574.17,1578.16,1582.30,1586.44,1589.72,1592.68,1595.63,1598.82,1602.67,1606.65,1610.30,1613.65
1766.75,1769.82,1772.18,1774.31,1776.33,1778.29,1780.39,1782.64,1784.63,1786.35,1788.09,1789.97,1791.76,1793.40,1794.90,1796.41,1797.52,1798.30,1798.69,1798.47,1797.50,1796.44,1795.15,1793.22,1791.42,1790.33,1789.44,1788.40,1787.27,1786.11,1784.21,1781.81,1780.10,1779.68,1779.72,1779.86,1779.84,1779.17,1778.43,1777.19,1775.24,1772.83,1770.44,1767.94,1765.26,1762.38,1760.01,1760.78,1763.07,1765.61,1768.12,1770.67,1773.00,1775.08,1777.05,1778.90,1780.36,1781.64,1782.99,1784.26,1785.15,1785.95,1786.72,1787.30,1787.84,1788.32,1788.35,1787.36,1786.67,1785.82,1785.12,1784.93,1785.31,1787.02,1788.98,1790.80,1792.44,1793.39,1793.49,1792.91,1791.77,1790.23,1789.68,1790.08,1791.21,1792.37,1793.22,1793.56,1793.45,1792.93,1791.37,1789.26,1787.17,1785.51,1784.54,1783.88,1783.04,1781.66,1779.11,1774.49,1768.90,1762.52,1755.27,1748.67,1743.56,1739.34,1736.04,1734.32,1733.07,1731.02,1728.08,1724.57,1720.81,1717.58,1715.57,1715.46,1716.94,1717.56,1717.94,1718.19,1717.68,1715.96,1713.44,1710.34,1706.68,1702.87,1698.39,1693.59,1688.96,1685.46,1681.98,1678.02,1673.16,1666.73,1659.27,1652.85,1647.50,1643.13,1639.78,1638.01,1637.13,1637.02,1638.06,1640.18,1643.09,1646.24,1649.01,1651.18,1653.27,1655.37,1657.60,1660.27,1662.34,1663.97,1665.15,1665.56,1665.61,1664.67,1663.01,1660.74,1657.60,1653.95,1650.16,1646.38,1642.70,1639.61,1637.03,1634.65,1632.00,1628.77,1624.82,1620.76,1616.96,1613.48,1609.53,1605.01,1600.05,1594.81,1589.10,1582.53,1575.83,1570.16,1567.08,1568.98,1572.48,1576.50,1581.81,1586.35,1589.17,1589.73,1587.28,1584.14,1580.76,1576.86,1572.33,1568.29,1568.24,1570.89,1574.73,1577.82,1579.64,1579.13,1577.81,1577.85,1581.31,1584.94,1588.19,1591.11,1594.05,1597.60,1602.01,1606.76,1610.85,1613.57,1615.70,1617.36,1618.39,1618.82,1619.07,1619.01,1618.64,1617.98,1617.15,1615.47,1612.86,1609.35,1605.80,1602.66,1600.01,1597.74,1595.41,1592.76,1588.83,1583.95,1578.97,1574.21,1568.81,1563.69,1559.69,1556.78,1557.35,1560.46,1565.38,1571.39,1576.79,1581.48,1585.83,1590.05,1593.41,1596.40,1599.36,1602.49,1606.12,1610.11,1613.90,1617.49
1766.62,1769.85,1772.27,1774.51,1776.74,1779.04,1781.69,1784.25,1786.39,1788.19,1790.04,1792.22,1794.24,1795.97,1797.36,1798.68,1799.71,1800.46,1800.90,1800.93,1800.60,1800.07,1799.22,1797.67,1795.53,1794.30,1793.18,1791.71,1790.81,1789.82,1788.06,1785.83,1784.29,1783.88,1783.91,1783.91,1783.62,1783.06,1782.36,1781.41,1779.86,1777.12,1774.10,1771.08,1768.08,1765.18,1762.88,1762.82,1764.35,1766.84,1769.31,1772.40,1775.18,1777.41,1779.33,1781.03,1782.59,1784.04,1785.37,1786.68,1787.60,1788.39,1789.16,1789.81,1790.49,1791.16,1791.63,1791.56,1791.36,1790.79,1790.24,1790.07,1790.59,1792.45,1794.75,1797.06,1799.09,1800.16,1800.34,1799.95,1799.04,1797.24,1795.55,1794.86,1795.43,1796.50,1797.45,1798.02,1798.24,1798.07,1796.99,1795.14,1792.91,1790.75,1789.69,1789.13,1788.27,1786.64,1783.69,1778.53,1772.28,1765.44,1758.41,1752.94,1748.91,1745.34,1741.99,1739.57,1737.95,1735.52,1732.11,1728.23,1724.41,1722.01,1720.89,1720.87,1721.50,1721.97,1722.12,1721.69,1720.20,1717.95,1715.00,1711.58,1707.78,1703.87,1699.45,1694.63,1689.75,1685.89,1681.81,1677.67,1673.10,1666.93,1658.85,1652.20,1647.18,1643.74,1641.93,1641.02,1640.72,1641.10,1642.52,1644.97,1647.98,1651.23,1654.47,1657.25,1659.60,1661.60,1663.25,1664.71,1665.82,1667.08,1668.27,1668.56,1668.62,1667.67,1665.94,1663.48,1659.96,1656.17,1652.37,1648.60,1644.87,1641.40,1638.61,1636.14,1633.43,1630.64,1626.74,1622.33,1618.00,1614.28,1610.17,1605.55,1600.48,1594.93,1588.63,1581.57,1574.68,1569.60,1569.19,1572.36,1576.41,1581.16,1588.29,1591.24,1591.93,1591.01,1588.32,1585.42,1582.63,1579.36,1575.17,1570.60,1569.65,1572.27,1576.81,1580.22,1582.50,1582.12,1580.44,1579.63,1582.97,1587.29,1590.78,1593.07,1595.06,1597.99,1602.33,1607.26,1611.36,1614.53,1617.12,1619.26,1620.89,1621.91,1622.57,1622.90,1622.76,1621.87,1620.79,1619.12,1616.76,1613.65,1610.46,1607.32,1604.32,1601.48,1598.82,1595.73,1592.00,1587.59,1582.50,1577.53,1571.99,1566.71,1562.41,1558.86,1557.68,1559.27,1563.80,1571.49,1578.84,1584.48,1588.97,1592.99,1596.46,1599.64,1602.88,1606.24,1609.56,1613.44,1617.26,1620.95
1766.44,1769.76,1772.56,1775.07,1777.51,1780.05,1782.88,1785.67,1788.11,1790.23,1792.34,1794.62,1796.68,1798.41,1799.71,1800.79,1801.70,1802.45,1802.96,1803.16,1803.01,1802.65,1802.05,1800.94,1799.15,1797.50,1795.86,1794.24,1793.26,1792.21,1790.82,1789.27,1788.21,1787.80,1787.68,1787.57,1787.23,1786.47,1785.56,1784.38,1782.66,1779.90,1776.60,1773.49,1770.62,1767.87,1765.97,1765.30,1765.97,1768.07,1770.74,1774.02,1777.05,1779.51,1781.43,1783.18,1784.78,1786.31,1787.77,1789.11,1790.15,1791.16,1792.20,1793.09,1794.00,1794.77,1795.26,1795.29,1795.09,1794.68,1794.26,1794.09,1794.78,1796.91,1799.36,1801.59,1803.41,1804.63,1805.10,1804.97,1804.15,1802.49,1800.62,1799.43,1799.42,1800.59,1801.62,1802.54,1803.24,1803.38,1802.95,1801.68,1799.88,1798.04,1797.20,1796.53,1795.19,1792.62,1788.02,1780.59,1773.61,1767.28,1761.16,1756.59,1753.44,1750.92,1748.73,1746.72,1744.21,1740.39,1735.80,1731.77,1728.33,1726.56,1726.00,1726.25,1726.72,1726.91,1726.25,1724.57,1722.10,1719.45,1716.24,1712.59,1708.69,1704.64,1700.12,1695.22,1690.24,1685.95,1680.96,1676.45,1672.11,1666.40,1658.63,1652.43,1648.40,1646.58,1645.58,1644.78,1644.60,1645.34,1647.21,1649.47,1652.55,1656.06,1659.34,1661.95,1664.26,1666.49,1668.52,1669.84,1670.78,1671.40,1671.77,1671.88,1671.52,1670.46,1668.75,1666.21,1662.46,1658.28,1654.31,1650.66,1647.06,1643.53,1640.33,1637.40,1634.62,1631.86,1628.09,1623.61,1618.85,1614.71,1610.36,1605.58,1600.36,1594.56,1587.64,1580.46,1573.99,1569.99,1571.63,1576.00,1581.46,1587.18,1591.88,1594.04,1594.04,1592.41,1589.57,1587.22,1585.26,1582.80,1579.18,1574.76,1572.24,1573.86,1578.52,1582.45,1585.07,1585.22,1583.90,1582.83,1585.13,1589.27,1592.97,1595.47,1597.37,1599.53,1602.73,1606.72,1610.89,1614.83,1618.17,1620.88,1622.91,1624.59,1625.64,1626.52,1627.14,1626.90,1626.31,1624.70,1622.07,1618.50,1614.88,1611.37,1607.87,1604.44,1601.28,1597.82,1593.71,1589.12,1584.36,1579.67,1574.36,1569.16,1564.65,1560.45,1558.33,1558.76,1562.55,1571.14,1579.83,1586.24,1591.13,1595.54,1599.21,1602.38,1605.54,1608.88,1612.38,1616.33,1620.34,1624.31
1766.18,1769.54,1772.72,1775.55,1778.27,1781.12,1784.25,1787.26,1789.91,1792.29,1794.66,1796.96,1798.95,1800.59,1801.83,1802.77,1803.64,1804.39,1804.96,1805.31,1805.32,1805.08,1804.62,1803.84,1802.51,1800.50,1798.36,1796.55,1795.42,1794.28,1793.18,1792.23,1791.60,1791.20,1790.99,1790.80,1790.44,1789.53,1788.41,1786.97,1784.97,1782.14,1778.68,1775.59,1772.88,1770.34,1768.83,1767.85,1767.88,1769.49,1772.22,1775.55,1778.72,1781.40,1783.39,1785.23,1786.91,1788.52,1790.13,1791.52,1792.75,1793.98,1795.26,1796.42,1797.48,1798.29,1798.80,1798.89,1798.66,1798.35,1798.02,1797.90,1798.78,1801.04,1803.47,1805.58,1807.23,1808.53,1809.22,1809.26,1808.49,1806.99,1805.17,1803.64,1803.09,1804.37,1805.54,1806.76,1807.81,1808.19,1808.30,1807.64,1806.45,1805.09,1804.35,1803.26,1801.17,1797.55,1791.46,1782.37,1775.01,1769.28,1764.09,1760.23,1757.68,1755.88,1754.46,1752.73,1749.68,1745.20,1740.06,1735.66,1732.57,1731.14,1730.78,1731.08,1731.36,1731.07,1729.59,1726.92,1723.74,1720.71,1717.26,1713.46,1709.48,1705.24,1700.57,1695.59,1690.45,1685.44,1679.71,1674.84,1670.62,1665.47,1658.77,1653.54,1650.59,1650.05,1649.60,1648.81,1648.59,1649.43,1651.48,1653.54,1656.66,1660.38,1663.75,1666.43,1669.17,1671.78,1673.90,1675.08,1675.82,1675.81,1675.35,1675.08,1674.26,1673.02,1671.30,1668.79,1665.02,1660.37,1656.13,1652.61,1649.12,1645.55,1641.95,1638.56,1635.68,1632.86,1629.29,1624.76,1619.52,1614.99,1610.42,1605.52,1600.19,1594.07,1586.51,1579.49,1573.89,1571.24,1574.35,1579.89,1586.42,1592.47,1595.01,1596.60,1596.33,1594.50,1591.86,1589.97,1588.59,1586.69,1583.53,1579.11,1575.14,1575.74,1580.31,1584.74,1587.74,1588.62,1587.98,1586.76,1587.39,1590.85,1594.76,1597.99,1600.36,1602.16,1604.35,1607.34,1611.43,1615.87,1619.63,1622.63,1624.91,1627.04,1628.35,1629.52,1630.58,1630.94,1630.82,1629.45,1626.81,1622.91,1618.57,1614.48,1610.47,1606.52,1602.95,1599.07,1594.48,1589.62,1585.26,1580.90,1575.97,1571.03,1566.41,1561.82,1559.03,1558.90,1562.49,1571.50,1580.34,1587.37,1593.05,1597.88,1601.69,1604.88,1608.00,1611.37,1615.09,1619.14,1623.33,1627.46
1765.74,1769.13,1772.48,1775.67,1778.84,1782.21,1786.02,1789.27,1791.94,1794.33,1796.86,1799.11,1800.85,1802.25,1803.48,1804.60,1805.51,1806.28,1806.93,1807.48,1807.71,1807.63,1807.24,1806.50,1805.51,1803.41,1800.94,1798.78,1797.45,1796.27,1795.26,1794.44,1793.90,1793.65,1793.48,1793.28,1792.88,1792.01,1790.90,1789.35,1787.08,1783.90,1780.40,1777.33,1774.69,1772.39,1771.08,1770.35,1770.31,1771.34,1773.67,1776.92,1780.14,1782.94,1785.11,1787.06,1788.89,1790.68,1792.39,1793.92,1795.39,1796.78,1798.12,1799.47,1800.47,1801.27,1801.97,1802.45,1802.37,1802.06,1801.76,1801.80,1802.89,1804.87,1807.09,1809.23,1811.00,1812.33,1812.96,1812.93,1812.18,1810.72,1808.97,1807.23,1806.19,1807.49,1808.99,1810.32,1811.33,1811.81,1812.10,1812.03,1811.55,1810.64,1809.58,1807.51,1804.31,1799.74,1793.12,1784.48,1777.53,1772.17,1767.56,1764.12,1761.70,1759.65,1757.61,1755.32,1752.77,1749.70,1745.69,1740.34,1737.39,1735.77,1734.95,1734.71,1734.46,1733.26,1731.22,1728.45,1725.05,1721.67,1717.99,1714.09,1710.12,1705.59,1700.75,1695.69,1690.22,1683.87,1677.88,1672.83,1668.45,1664.04,1659.60,1656.15,1654.15,1653.83,1653.70,1653.06,1652.67,1653.08,1654.74,1656.86,1659.94,1663.65,1667.40,1671.06,1675.37,1678.54,1679.65,1680.22,1680.31,1679.83,1678.93,1677.86,1676.71,1675.20,1673.37,1671.08,1667.66,1662.48,1657.83,1654.34,1650.86,1647.21,1643.31,1639.59,1636.62,1633.70,1630.41,1625.81,1619.91,1615.15,1610.42,1605.52,1600.14,1593.58,1585.37,1578.90,1574.80,1573.90,1577.53,1584.20,1590.67,1595.54,1598.52,1599.68,1599.34,1598.04,1596.28,1594.57,1593.07,1591.15,1588.05,1582.97,1578.21,1578.14,1582.41,1587.27,1590.74,1592.63,1592.97,1591.63,1589.61,1591.76,1595.91,1600.53,1604.23,1606.61,1608.57,1610.95,1614.64,1618.86,1622.16,1624.81,1627.08,1629.17,1630.47,1631.29,1631.86,1632.30,1632.19,1631.43,1629.64,1626.10,1620.74,1615.88,1611.35,1607.07,1603.32,1598.94,1593.91,1588.92,1584.92,1580.74,1576.36,1571.88,1567.36,1562.89,1559.73,1560.13,1564.87,1573.60,1580.29,1587.74,1594.94,1599.96,1603.71,1607.05,1610.46,1614.11,1617.89,1622.03,1626.23,1630.19
1765.19,1768.67,1772.19,1775.57,1779.00,1782.73,1786.91,1790.39,1793.28,1795.86,1798.46,1800.62,1802.31,1803.74,1805.06,1806.27,1807.28,1808.11,1808.80,1809.43,1809.79,1809.84,1809.61,1809.08,1808.33,1806.46,1804.05,1801.65,1799.82,1798.37,1797.34,1796.70,1796.32,1796.13,1795.97,1795.74,1795.27,1794.33,1792.98,1791.18,1788.74,1785.39,1781.78,1778.78,1776.50,1774.97,1773.88,1773.39,1773.35,1773.91,1775.58,1778.33,1781.35,1784.26,1786.76,1788.85,1790.80,1792.70,1794.51,1796.18,1797.75,1799.19,1800.51,1801.85,1802.91,1803.86,1804.72,1805.43,1805.79,1805.80,1805.70,1805.88,1807.22,1809.27,1811.61,1813.86,1815.42,1816.35,1816.64,1816.37,1815.46,1813.94,1812.20,1810.50,1809.41,1810.31,1811.80,1813.15,1814.16,1814.84,1815.33,1815.51,1815.30,1814.50,1813.07,1810.48,1806.43,1800.96,1794.42,1786.93,1781.09,1776.65,1772.70,1768.39,1765.50,1763.16,1760.74,1757.85,1755.34,1752.82,1749.80,1745.85,1743.21,1741.27,1739.67,1738.32,1737.08,1735.15,1732.47,1729.21,1725.78,1722.33,1718.63,1714.69,1710.50,1705.83,1700.86,1695.59,1689.77,1682.99,1677.08,1672.25,1668.30,1664.95,1661.90,1659.59,1658.24,1657.96,1657.80,1657.28,1656.73,1656.65,1657.95,1660.41,1663.74,1667.57,1671.61,1675.71,1679.55,1682.19,1683.24,1683.84,1683.89,1683.36,1682.36,1681.00,1679.26,1677.31,1675.27,1673.02,1669.90,1665.20,1660.60,1656.61,1652.63,1648.62,1644.50,1640.59,1637.32,1634.27,1631.11,1626.49,1620.24,1615.35,1610.67,1605.75,1600.22,1593.31,1584.34,1578.34,1575.57,1576.18,1580.60,1587.52,1594.00,1598.83,1601.97,1603.39,1603.46,1602.64,1601.21,1599.40,1597.72,1595.63,1592.42,1587.47,1581.12,1580.47,1585.39,1590.52,1594.24,1596.89,1598.31,1597.77,1595.03,1595.43,1598.78,1604.11,1608.84,1611.84,1614.00,1616.19,1619.21,1622.61,1625.38,1627.56,1629.31,1630.94,1632.17,1632.99,1633.49,1633.65,1632.95,1631.99,1630.30,1626.88,1621.20,1615.98,1611.18,1606.69,1602.63,1597.51,1592.36,1587.77,1584.07,1579.94,1575.45,1571.02,1566.90,1562.90,1560.20,1561.81,1567.63,1574.87,1581.10,1588.87,1596.45,1601.39,1605.20,1608.94,1612.76,1616.64,1620.59,1624.82,1628.93,1632.66
1764.57,1768.12,1771.79,1775.33,1778.97,1782.95,1787.31,1791.01,1794.18,1797.00,1799.66,1801.76,1803.52,1805.12,1806.58,1807.85,1808.97,1809.88,1810.59,1811.26,1811.70,1811.86,1811.78,1811.47,1810.89,1809.37,1807.20,1804.70,1802.37,1800.59,1799.53,1799.05,1798.81,1798.64,1798.48,1798.20,1797.60,1796.52,1794.79,1792.65,1790.07,1786.67,1783.06,1780.24,1778.45,1777.75,1776.92,1776.65,1776.64,1776.84,1777.79,1779.90,1782.62,1785.56,1788.37,1790.59,1792.63,1794.63,1796.56,1798.35,1799.94,1801.37,1802.68,1803.93,1805.11,1806.23,1807.28,1808.21,1809.06,1809.52,1809.72,1810.09,1811.75,1813.91,1816.29,1818.49,1819.69,1820.13,1820.05,1819.56,1818.52,1816.92,1815.18,1813.63,1812.69,1813.09,1814.40,1815.68,1816.73,1817.65,1818.33,1818.64,1818.50,1817.68,1815.91,1812.94,1808.24,1802.17,1796.10,1789.83,1785.08,1781.57,1778.28,1773.12,1769.58,1766.80,1763.94,1760.53,1757.82,1755.41,1753.18,1751.16,1748.89,1746.68,1744.37,1741.84,1739.43,1736.76,1733.45,1729.68,1726.27,1722.86,1719.20,1715.20,1710.75,1706.01,1700.96,1695.47,1689.35,1682.68,1677.19,1672.84,1669.50,1667.19,1665.06,1663.51,1662.58,1662.25,1661.97,1661.58,1660.98,1660.56,1661.54,1664.26,1667.74,1671.63,1675.82,1679.92,1682.62,1684.50,1685.89,1686.80,1687.06,1686.67,1685.74,1684.32,1681.99,1679.53,1677.14,1674.72,1671.72,1667.77,1663.43,1658.93,1654.30,1649.78,1645.50,1641.51,1637.89,1634.72,1631.62,1626.99,1620.61,1615.65,1611.11,1606.16,1600.42,1593.21,1583.53,1577.96,1576.43,1578.47,1583.77,1590.45,1596.84,1602.05,1605.33,1607.24,1607.86,1607.47,1606.13,1604.16,1602.23,1599.88,1596.59,1592.13,1584.58,1583.42,1588.75,1593.99,1597.86,1601.13,1603.59,1604.26,1601.88,1600.59,1602.74,1608.30,1613.65,1617.12,1619.58,1621.76,1624.18,1626.68,1628.92,1630.62,1631.69,1632.73,1633.83,1634.69,1635.11,1634.73,1633.29,1631.86,1629.85,1626.14,1620.51,1615.19,1610.28,1605.68,1601.22,1595.41,1590.36,1586.37,1582.91,1578.66,1573.86,1569.38,1565.78,1562.79,1561.18,1564.02,1570.40,1576.03,1582.48,1590.37,1597.74,1602.44,1606.32,1610.51,1614.78,1618.94,1623.00,1627.27,1631.22,1634.77
1763.87,1767.34,1770.97,1774.82,1778.81,1782.92,1787.16,1791.06,1794.44,1797.43,1800.28,1802.54,1804.48,1806.28,1807.96,1809.33,1810.52,1811.49,1812.27,1812.96,1813.44,1813.63,1813.54,1813.23,1812.70,1811.40,1809.59,1807.44,1805.09,1803.22,1802.11,1801.64,1801.41,1801.25,1801.06,1800.65,1799.77,1798.38,1796.11,1793.49,1790.70,1787.57,1784.47,1782.25,1780.98,1780.48,1780.07,1779.95,1779.95,1780.02,1780.46,1782.11,1784.49,1787.23,1789.90,1792.19,1794.33,1796.43,1798.49,1800.34,1801.88,1803.28,1804.64,1805.93,1807.20,1808.45,1809.75,1811.13,1812.25,1813.11,1813.73,1814.51,1816.72,1818.54,1820.13,1821.49,1822.24,1822.56,1822.49,1822.07,1821.22,1819.76,1818.09,1816.72,1816.01,1816.22,1817.15,1818.23,1819.34,1820.50,1821.38,1821.82,1821.74,1820.90,1819.05,1815.42,1810.50,1804.98,1800.02,1793.98,1789.11,1785.59,1782.88,1779.08,1775.26,1771.41,1767.53,1763.97,1760.75,1758.13,1756.02,1754.18,1752.27,1750.29,1747.95,1744.98,1741.42,1737.74,1733.96,1730.17,1726.71,1723.30,1719.57,1715.43,1710.85,1706.13,1701.15,1695.61,1689.48,1683.59,1679.41,1675.88,1672.89,1671.07,1669.33,1668.01,1667.10,1666.64,1666.46,1666.31,1666.10,1666.04,1666.87,1668.91,1671.70,1675.13,1679.12,1682.21,1684.51,1686.50,1688.28,1689.55,1690.09,1689.90,1689.13,1687.82,1685.34,1682.33,1679.18,1675.99,1672.51,1668.61,1664.65,1660.53,1655.54,1650.37,1645.98,1642.13,1638.40,1635.13,1631.97,1627.41,1621.20,1616.30,1611.91,1606.91,1600.89,1593.44,1583.53,1578.36,1577.93,1581.52,1587.59,1593.53,1599.22,1604.48,1608.45,1610.61,1611.56,1611.49,1610.19,1608.16,1605.83,1603.20,1600.13,1596.35,1590.63,1589.03,1592.22,1597.16,1601.26,1604.89,1608.07,1610.12,1609.26,1607.30,1608.41,1613.32,1618.05,1621.21,1623.64,1625.95,1628.49,1630.74,1632.62,1633.94,1634.62,1635.20,1636.01,1636.43,1636.09,1634.69,1632.87,1631.28,1628.50,1623.14,1617.90,1612.87,1608.12,1603.53,1598.54,1592.70,1588.14,1584.74,1581.29,1576.40,1571.58,1567.35,1564.39,1564.00,1564.67,1567.59,1572.57,1578.12,1584.75,1592.16,1598.77,1603.03,1606.78,1611.22,1615.96,1620.55,1624.43,1628.38,1632.19,1635.82
1763.22,1766.68,1770.27,1774.29,1778.47,1782.61,1786.73,1790.73,1794.34,1797.61,1800.70,1803.20,1805.39,1807.38,1809.17,1810.65,1811.93,1813.02,1813.90,1814.61,1815.14,1815.37,1815.32,1814.97,1814.44,1813.28,1811.69,1809.80,1807.63,1805.86,1804.79,1804.32,1804.09,1803.90,1803.59,1802.95,1801.75,1799.92,1797.28,1794.39,1791.49,1788.65,1786.14,1784.53,1783.69,1783.33,1783.14,1783.08,1783.04,1783.00,1783.19,1784.46,1786.49,1788.96,1791.45,1793.75,1795.98,1798.18,1800.33,1802.28,1803.82,1805.22,1806.58,1807.92,1809.30,1810.75,1812.34,1814.10,1815.48,1816.54,1817.38,1818.33,1820.48,1821.99,1823.12,1824.00,1824.55,1824.86,1824.81,1824.47,1823.77,1822.45,1821.07,1820.00,1819.47,1819.62,1820.28,1821.21,1822.31,1823.51,1824.53,1825.08,1825.05,1824.21,1822.40,1818.80,1813.96,1808.73,1804.36,1798.88,1794.04,1790.16,1787.12,1783.93,1779.67,1775.21,1771.11,1767.59,1764.15,1761.32,1759.01,1756.89,1755.04,1753.06,1750.69,1747.52,1742.87,1738.51,1734.46,1730.64,1727.07,1723.63,1719.84,1715.69,1711.22,1706.58,1701.46,1695.80,1689.90,1685.12,1681.81,1679.10,1676.87,1675.52,1674.19,1673.12,1672.16,1671.26,1670.87,1670.78,1670.78,1670.90,1671.49,1672.88,1675.10,1678.09,1681.63,1684.24,1686.42,1688.61,1690.84,1692.42,1693.10,1692.97,1692.25,1690.94,1688.51,1685.19,1681.32,1677.10,1673.18,1669.28,1665.50,1661.54,1656.40,1650.82,1646.32,1642.62,1638.92,1635.63,1632.42,1627.99,1622.10,1617.16,1612.82,1607.72,1601.48,1593.95,1584.49,1580.03,1580.74,1585.76,1591.68,1597.13,1602.52,1607.74,1611.63,1613.86,1615.04,1615.25,1614.11,1612.03,1609.22,1606.25,1603.26,1599.78,1595.36,1593.58,1595.39,1600.22,1604.53,1608.59,1612.38,1615.33,1615.93,1614.39,1614.70,1617.93,1621.50,1624.28,1626.88,1629.62,1632.58,1634.73,1636.17,1637.09,1637.52,1637.80,1638.10,1637.64,1636.20,1633.88,1631.82,1629.17,1625.19,1619.52,1614.69,1610.07,1605.58,1600.90,1595.29,1590.09,1586.15,1582.88,1578.95,1573.67,1569.38,1566.43,1565.32,1566.67,1568.66,1571.23,1574.71,1579.84,1586.59,1593.55,1599.47,1603.42,1607.05,1611.56,1616.47,1621.19,1624.77,1628.25,1631.72,1635.20
1762.59,1766.13,1769.70,1773.76,1777.95,1782.05,1786.08,1790.08,1793.93,1797.59,1800.96,1803.74,1806.21,1808.41,1810.23,1811.79,1813.21,1814.44,1815.45,1816.22,1816.81,1817.10,1817.12,1816.78,1816.22,1815.11,1813.60,1811.82,1810.01,1808.49,1807.53,1807.06,1806.82,1806.58,1806.02,1805.07,1803.53,1801.18,1798.39,1795.44,1792.55,1790.02,1788.14,1787.06,1786.55,1786.30,1786.14,1786.04,1785.90,1785.76,1785.92,1786.91,1788.59,1790.73,1793.00,1795.31,1797.60,1799.88,1802.09,1804.17,1805.79,1807.19,1808.54,1809.93,1811.43,1813.15,1815.06,1817.03,1818.67,1819.75,1820.59,1821.48,1822.95,1824.26,1825.34,1826.20,1826.79,1827.15,1827.13,1826.82,1826.24,1825.04,1824.15,1823.50,1823.09,1823.24,1823.79,1824.64,1825.64,1826.69,1827.80,1828.40,1828.39,1827.61,1825.96,1823.04,1818.59,1813.27,1808.87,1804.32,1799.77,1795.31,1791.10,1787.53,1782.70,1778.17,1774.66,1771.30,1767.94,1764.92,1762.17,1759.50,1757.38,1755.14,1752.66,1749.46,1743.91,1739.17,1734.99,1731.11,1727.38,1723.84,1720.04,1716.01,1711.86,1707.37,1701.95,1696.11,1690.65,1687.15,1684.23,1682.35,1681.31,1680.48,1679.60,1678.84,1677.75,1676.14,1675.21,1675.01,1675.01,1675.06,1675.31,1676.13,1677.96,1680.53,1683.47,1686.23,1688.48,1690.91,1693.61,1695.42,1696.10,1695.92,1695.09,1693.68,1691.39,1688.02,1683.52,1678.10,1673.89,1669.98,1666.13,1662.04,1656.93,1651.23,1646.71,1643.09,1639.55,1636.29,1633.01,1628.77,1623.31,1618.24,1613.82,1608.60,1602.25,1594.80,1586.40,1582.95,1584.79,1590.99,1595.97,1601.22,1606.71,1611.78,1614.85,1617.05,1618.39,1618.82,1617.93,1615.80,1612.54,1609.17,1606.07,1602.47,1598.50,1596.77,1598.26,1603.23,1607.74,1612.32,1616.61,1619.91,1621.68,1621.46,1621.23,1622.01,1624.06,1626.49,1629.46,1632.90,1636.41,1638.50,1639.46,1639.94,1640.24,1640.38,1639.94,1638.24,1635.39,1632.31,1629.98,1625.52,1620.14,1615.55,1611.10,1606.96,1602.72,1597.86,1591.68,1587.65,1584.38,1580.78,1575.90,1570.75,1567.61,1566.93,1568.66,1570.72,1572.95,1574.86,1576.99,1581.17,1587.79,1594.35,1599.79,1603.64,1607.17,1611.56,1616.31,1620.79,1623.98,1626.90,1629.86,1632.95
1761.59,1765.28,1768.96,1773.13,1777.43,1781.56,1785.51,1789.40,1793.35,1797.27,1800.89,1803.81,1806.57,1809.08,1811.08,1812.75,1814.30,1815.71,1816.93,1817.87,1818.48,1818.80,1818.86,1818.63,1818.14,1817.10,1815.70,1814.15,1812.64,1811.22,1810.25,1809.74,1809.45,1809.03,1808.20,1806.90,1804.97,1802.45,1799.66,1796.88,1794.27,1792.11,1790.69,1789.93,1789.57,1789.35,1789.22,1789.02,1788.76,1788.56,1788.71,1789.65,1791.02,1792.71,1794.78,1797.02,1799.30,1801.56,1803.79,1805.97,1807.68,1809.20,1810.69,1812.17,1813.70,1815.49,1817.46,1819.37,1821.00,1822.11,1822.99,1823.93,1825.24,1826.54,1827.62,1828.43,1828.99,1829.42,1829.53,1829.42,1829.12,1828.31,1827.62,1827.10,1826.81,1827.00,1827.57,1828.33,1829.22,1830.24,1831.13,1831.61,1831.60,1830.97,1829.70,1827.35,1823.29,1817.96,1813.16,1808.90,1804.47,1799.79,1795.05,1790.96,1786.22,1781.82,1778.28,1775.01,1771.39,1767.98,1764.88,1762.02,1759.44,1756.92,1754.28,1751.02,1745.89,1740.31,1735.56,1731.74,1727.93,1724.21,1720.38,1716.45,1712.46,1708.21,1703.08,1697.53,1692.32,1689.00,1687.20,1686.53,1686.42,1686.18,1685.76,1685.02,1683.62,1681.46,1679.93,1679.68,1679.76,1679.76,1679.78,1679.77,1680.89,1683.01,1685.66,1688.39,1691.06,1693.86,1696.60,1698.37,1699.01,1698.84,1698.05,1696.59,1694.03,1690.47,1685.58,1679.40,1675.01,1671.10,1666.95,1662.34,1657.41,1652.36,1648.14,1644.56,1641.07,1637.45,1634.00,1629.97,1624.97,1619.87,1615.26,1610.11,1603.94,1596.50,1588.93,1586.35,1588.70,1594.86,1600.02,1605.30,1610.43,1614.86,1617.80,1620.29,1621.74,1622.11,1621.28,1619.44,1616.45,1612.92,1609.18,1605.30,1601.37,1599.75,1601.33,1606.41,1611.33,1616.23,1620.72,1624.12,1625.91,1625.79,1625.36,1625.50,1626.82,1629.18,1632.54,1636.25,1639.21,1640.89,1641.63,1641.98,1642.17,1642.01,1640.90,1637.78,1633.37,1629.85,1625.91,1621.13,1616.26,1612.04,1607.89,1603.86,1599.38,1594.25,1589.18,1585.69,1582.41,1578.23,1572.58,1569.51,1568.86,1570.14,1572.95,1575.25,1577.45,1579.10,1580.59,1583.36,1587.68,1593.58,1599.39,1603.49,1607.01,1611.01,1615.14,1618.92,1621.71,1624.28,1627.01,1629.98
1760.46,1764.28,1768.09,1772.35,1776.73,1780.93,1784.80,1788.66,1792.71,1796.87,1800.72,1803.76,1806.72,1809.47,1811.69,1813.52,1815.23,1816.83,1818.26,1819.37,1820.01,1820.30,1820.36,1820.21,1819.85,1818.97,1817.83,1816.60,1815.34,1813.99,1812.96,1812.34,1811.99,1811.34,1810.25,1808.69,1806.51,1803.89,1801.17,1798.58,1796.29,1794.51,1793.47,1792.95,1792.70,1792.50,1792.41,1792.20,1791.90,1791.69,1791.85,1792.69,1793.71,1794.89,1796.72,1798.88,1801.14,1803.42,1805.69,1807.86,1809.59,1811.20,1812.81,1814.39,1815.97,1817.76,1819.68,1821.46,1823.04,1824.22,1825.21,1826.22,1827.50,1828.76,1829.81,1830.60,1831.18,1831.67,1831.93,1832.04,1832.02,1831.66,1831.12,1830.78,1830.82,1831.09,1831.68,1832.32,1833.03,1833.93,1834.50,1834.78,1834.73,1834.23,1833.26,1831.29,1827.70,1822.62,1817.09,1812.86,1808.58,1803.88,1798.80,1794.20,1789.57,1785.33,1781.71,1778.43,1774.55,1770.74,1767.28,1764.31,1761.35,1758.55,1755.67,1752.30,1747.74,1741.52,1736.28,1732.51,1728.62,1724.71,1720.79,1716.91,1713.06,1709.04,1704.32,1699.28,1694.49,1691.22,1690.46,1690.91,1691.71,1692.05,1691.74,1690.70,1688.90,1686.50,1684.87,1684.66,1684.79,1684.77,1684.55,1683.78,1684.06,1685.56,1688.06,1690.81,1693.95,1697.06,1699.70,1701.31,1701.84,1701.64,1700.86,1699.35,1696.60,1692.80,1687.60,1681.08,1676.43,1672.52,1668.19,1663.23,1658.27,1653.91,1650.07,1646.53,1642.97,1638.86,1635.19,1631.30,1626.69,1621.68,1616.94,1611.90,1606.03,1598.67,1591.63,1589.46,1591.91,1597.90,1603.33,1608.75,1613.66,1617.72,1620.90,1623.66,1625.12,1625.34,1624.48,1622.92,1620.33,1616.90,1612.78,1608.60,1604.60,1603.02,1604.65,1609.67,1614.90,1620.02,1624.62,1628.04,1629.44,1629.29,1628.95,1629.05,1629.99,1632.32,1635.78,1639.36,1641.67,1642.89,1643.51,1643.78,1643.68,1643.01,1641.35,1636.99,1631.04,1627.01,1621.79,1617.10,1612.91,1608.80,1604.84,1600.59,1595.79,1590.76,1586.90,1583.71,1580.20,1575.75,1570.57,1569.97,1571.62,1574.35,1577.54,1579.98,1582.13,1583.67,1584.78,1586.25,1588.22,1592.88,1598.50,1602.85,1606.32,1609.91,1613.40,1616.53,1619.01,1621.36,1623.97,1626.88
1759.19,1763.15,1767.01,1771.22,1775.59,1779.85,1783.70,1787.73,1792.00,1796.37,1800.49,1803.67,1806.63,1809.42,1811.84,1813.95,1815.87,1817.64,1819.22,1820.51,1821.15,1821.37,1821.33,1821.12,1820.91,1820.46,1819.87,1819.15,1818.10,1816.83,1815.65,1814.78,1814.39,1813.46,1812.13,1810.51,1808.51,1805.80,1803.15,1800.73,1798.67,1797.25,1796.48,1796.15,1796.01,1795.86,1795.83,1795.86,1795.79,1795.62,1795.82,1796.33,1796.84,1797.47,1798.91,1800.95,1803.29,1805.71,1808.06,1809.99,1811.57,1813.13,1814.76,1816.43,1818.15,1819.90,1821.63,1823.29,1824.85,1826.22,1827.43,1828.51,1829.74,1830.85,1831.81,1832.63,1833.34,1833.90,1834.30,1834.58,1834.75,1834.84,1834.50,1834.64,1835.47,1835.92,1836.46,1836.89,1837.27,1837.75,1837.92,1837.95,1837.77,1837.24,1836.30,1834.31,1831.42,1827.11,1820.27,1815.78,1811.84,1807.41,1802.07,1797.06,1792.24,1788.05,1784.60,1781.20,1777.22,1773.07,1769.17,1766.07,1763.05,1759.97,1756.72,1753.12,1748.75,1742.61,1737.35,1733.49,1729.49,1725.40,1721.33,1717.40,1713.69,1709.81,1705.44,1701.17,1697.41,1694.49,1694.09,1695.29,1697.06,1697.89,1696.86,1694.89,1692.60,1690.61,1690.07,1690.11,1690.26,1690.24,1689.69,1688.50,1687.77,1688.29,1690.78,1693.78,1697.28,1700.53,1702.94,1704.24,1704.55,1704.15,1703.20,1701.64,1699.16,1695.04,1689.64,1683.54,1678.39,1674.39,1670.37,1665.66,1660.08,1656.09,1652.62,1649.14,1645.28,1640.59,1636.61,1632.69,1628.31,1623.65,1618.95,1614.11,1608.59,1601.49,1594.40,1591.58,1593.51,1599.72,1605.00,1610.66,1616.00,1620.62,1624.55,1627.33,1628.59,1628.61,1627.63,1626.08,1623.81,1620.95,1617.40,1612.97,1608.86,1607.13,1608.46,1613.06,1618.25,1623.38,1628.03,1631.45,1632.13,1632.34,1632.57,1633.03,1634.02,1636.29,1639.09,1641.86,1643.95,1644.77,1645.35,1645.43,1644.61,1642.98,1641.10,1635.99,1628.69,1623.73,1618.84,1614.39,1610.17,1605.95,1601.97,1596.85,1591.91,1587.85,1584.54,1581.43,1577.56,1573.71,1571.95,1573.58,1576.36,1579.38,1582.34,1584.92,1587.12,1588.68,1589.66,1590.36,1591.09,1593.25,1596.80,1601.20,1604.55,1607.77,1610.88,1613.72,1616.10,1618.47,1621.02,1623.88
1757.96,1762.02,1765.94,1770.09,1774.44,1778.83,1782.91,1787.06,1791.39,1795.85,1800.11,1803.34,1806.30,1809.12,1811.67,1813.88,1816.01,1818.08,1819.96,1821.38,1822.16,1822.41,1822.34,1822.16,1821.92,1821.55,1821.12,1820.63,1819.88,1818.99,1818.10,1817.27,1816.47,1815.22,1813.74,1812.14,1810.34,1807.93,1805.49,1803.30,1801.55,1800.47,1799.90,1799.68,1799.59,1799.47,1799.40,1799.49,1799.51,1799.41,1799.59,1799.95,1800.24,1800.68,1801.98,1803.94,1806.14,1808.33,1810.28,1811.97,1813.46,1814.96,1816.56,1818.20,1819.92,1821.68,1823.42,1825.09,1826.65,1828.10,1829.39,1830.54,1831.70,1832.80,1833.77,1834.64,1835.43,1836.07,1836.62,1837.08,1837.40,1837.70,1837.76,1838.13,1838.91,1839.36,1839.75,1840.01,1840.20,1840.46,1840.53,1840.49,1840.29,1839.83,1839.06,1837.09,1834.24,1830.16,1823.84,1818.42,1814.06,1809.81,1804.70,1799.52,1794.53,1790.09,1786.31,1782.71,1778.82,1774.85,1771.04,1767.66,1764.42,1761.12,1757.65,1753.88,1749.72,1743.93,1738.70,1734.57,1730.58,1726.52,1722.42,1718.44,1714.76,1710.97,1707.00,1703.20,1699.86,1697.22,1696.86,1698.40,1700.70,1701.81,1700.32,1697.98,1695.82,1694.53,1694.47,1694.63,1694.65,1694.36,1693.53,1692.28,1691.38,1691.53,1693.51,1696.32,1700.46,1704.25,1706.58,1707.41,1707.30,1706.62,1705.46,1703.65,1701.07,1696.86,1691.56,1685.77,1680.39,1676.38,1672.52,1668.01,1662.44,1658.24,1654.70,1651.23,1647.26,1642.44,1638.17,1634.07,1629.82,1625.38,1620.95,1616.31,1611.10,1604.69,1597.95,1594.57,1595.58,1601.07,1606.08,1611.91,1618.03,1623.73,1627.82,1630.36,1631.53,1631.65,1630.82,1629.40,1627.16,1624.39,1621.11,1617.16,1613.22,1611.31,1612.18,1616.25,1621.21,1626.19,1630.84,1634.47,1635.22,1635.63,1636.16,1636.96,1638.36,1640.58,1642.66,1644.52,1646.25,1646.90,1647.22,1646.65,1644.79,1642.52,1639.48,1634.03,1627.08,1621.87,1617.21,1612.82,1608.39,1603.77,1599.31,1593.92,1589.09,1585.40,1582.16,1579.05,1576.19,1574.36,1575.04,1577.74,1580.97,1584.08,1586.79,1589.12,1591.17,1592.74,1593.78,1594.33,1594.68,1595.58,1597.42,1600.53,1604.13,1607.04,1609.44,1611.61,1614.17,1616.31,1618.64,1621.46
1756.65,1760.80,1764.78,1768.88,1773.25,1777.84,1782.24,1786.50,1790.83,1795.26,1799.60,1802.86,1805.84,1808.70,1811.33,1813.59,1815.93,1818.29,1820.48,1822.07,1823.11,1823.44,1823.36,1823.21,1822.88,1822.45,1822.02,1821.60,1821.10,1820.63,1820.14,1819.47,1818.31,1816.90,1815.39,1813.84,1812.21,1810.20,1808.06,1806.17,1804.78,1804.02,1803.62,1803.43,1803.34,1803.25,1803.12,1803.16,1803.18,1803.10,1803.23,1803.51,1803.76,1804.20,1805.47,1807.29,1809.22,1810.98,1812.42,1813.88,1815.29,1816.76,1818.30,1819.88,1821.56,1823.35,1825.15,1826.89,1828.46,1829.89,1831.21,1832.43,1833.54,1834.68,1835.71,1836.62,1837.46,1838.17,1838.84,1839.43,1839.87,1840.25,1840.71,1841.18,1841.61,1841.99,1842.21,1842.34,1842.46,1842.62,1842.72,1842.69,1842.52,1842.17,1841.57,1839.57,1836.45,1832.39,1827.31,1820.78,1815.73,1811.59,1806.93,1801.69,1796.51,1791.68,1787.36,1783.57,1779.82,1776.24,1772.75,1769.14,1765.65,1762.17,1758.55,1754.70,1750.73,1745.37,1740.17,1735.73,1731.83,1727.95,1723.88,1719.84,1716.11,1712.41,1708.80,1705.30,1702.09,1699.69,1699.36,1701.03,1703.60,1704.86,1703.13,1700.77,1699.01,1698.48,1698.56,1698.77,1698.60,1697.91,1696.84,1695.66,1694.95,1695.02,1696.36,1698.96,1703.72,1708.04,1710.28,1710.69,1710.14,1709.13,1707.71,1705.57,1702.64,1698.46,1693.39,1687.86,1682.50,1678.46,1674.63,1670.28,1665.00,1660.34,1656.48,1652.94,1648.96,1644.22,1639.68,1635.39,1631.24,1627.00,1622.93,1618.53,1613.62,1608.05,1601.84,1597.99,1597.95,1602.40,1607.05,1612.99,1619.95,1626.80,1630.71,1632.96,1634.18,1634.60,1634.07,1632.83,1630.55,1627.64,1624.40,1621.13,1617.51,1615.44,1615.85,1619.48,1624.13,1628.91,1633.52,1637.33,1638.55,1639.18,1639.93,1641.08,1642.88,1644.89,1646.22,1647.18,1648.43,1648.95,1648.93,1647.61,1644.71,1641.91,1637.42,1631.82,1625.84,1620.68,1616.19,1611.79,1607.18,1602.20,1597.12,1591.72,1586.94,1583.14,1579.90,1577.07,1575.87,1576.49,1578.99,1582.16,1585.43,1588.41,1590.86,1592.80,1594.68,1596.35,1597.63,1598.34,1598.71,1599.02,1599.62,1601.24,1605.10,1607.68,1609.35,1610.88,1613.62,1615.43,1617.39,1619.98
1754.92,1759.16,1763.24,1767.30,1771.81,1776.84,1781.48,1785.95,1790.24,1794.47,1798.78,1802.19,1805.26,1808.16,1810.89,1813.43,1815.86,1818.26,1820.55,1822.44,1823.95,1824.50,1824.38,1824.13,1823.76,1823.35,1822.93,1822.47,1821.91,1821.32,1820.77,1820.23,1819.64,1818.98,1817.74,1816.19,1814.58,1812.62,1810.87,1809.48,1808.56,1808.08,1807.74,1807.54,1807.41,1807.28,1807.18,1807.11,1806.92,1806.61,1806.64,1806.93,1807.29,1807.84,1808.99,1810.42,1811.81,1813.14,1814.47,1815.74,1817.13,1818.60,1820.13,1821.77,1823.51,1825.26,1827.01,1828.75,1830.23,1831.61,1832.92,1834.19,1835.39,1836.51,1837.55,1838.50,1839.34,1840.06,1840.69,1841.24,1841.68,1842.04,1842.52,1843.04,1843.51,1843.88,1844.09,1844.23,1844.38,1844.58,1844.76,1844.74,1844.56,1844.23,1843.56,1841.10,1837.73,1833.91,1829.60,1822.48,1817.05,1812.99,1808.63,1803.38,1797.98,1792.71,1787.90,1784.10,1780.34,1776.97,1773.85,1770.52,1766.94,1763.34,1759.67,1755.86,1751.99,1746.93,1741.67,1736.95,1733.38,1729.86,1725.88,1721.72,1717.85,1714.26,1710.78,1707.39,1704.29,1702.07,1702.29,1704.20,1706.69,1707.95,1706.45,1704.47,1703.12,1702.84,1702.95,1703.16,1702.79,1701.72,1700.44,1699.22,1698.51,1698.51,1699.74,1702.99,1707.69,1711.61,1713.52,1714.00,1713.28,1711.92,1710.10,1707.61,1704.16,1699.97,1695.11,1689.73,1684.97,1680.82,1676.73,1672.31,1667.25,1662.24,1657.89,1654.03,1650.09,1645.39,1640.72,1636.41,1632.51,1628.70,1624.90,1620.81,1616.32,1611.24,1605.66,1601.56,1600.78,1604.54,1608.76,1614.74,1622.09,1629.25,1632.55,1634.97,1636.64,1637.53,1637.40,1636.46,1634.35,1631.33,1627.73,1624.47,1621.18,1619.23,1619.56,1623.24,1627.65,1632.41,1636.86,1640.27,1642.22,1643.47,1644.68,1646.06,1647.53,1648.58,1649.17,1649.58,1650.05,1650.16,1649.90,1648.33,1645.00,1641.57,1636.30,1630.45,1624.73,1619.65,1615.19,1610.90,1606.58,1601.99,1596.59,1591.13,1585.67,1580.79,1578.25,1577.12,1577.69,1579.84,1583.40,1586.76,1589.49,1591.83,1593.93,1595.81,1597.71,1599.84,1601.88,1602.85,1603.27,1603.43,1604.06,1606.09,1609.58,1611.65,1613.17,1614.90,1617.32,1618.81,1620.01,1621.47
1753.31,1757.71,1761.89,1765.88,1770.30,1775.46,1780.67,1785.46,1789.79,1793.87,1797.96,1801.43,1804.52,1807.42,1810.23,1812.97,1815.51,1817.99,1820.40,1822.62,1824.62,1825.45,1825.37,1824.97,1824.51,1824.03,1823.53,1822.98,1822.35,1821.66,1821.12,1820.76,1820.52,1820.27,1819.44,1818.28,1817.04,1815.37,1813.96,1812.92,1812.28,1811.93,1811.62,1811.38,1811.19,1811.05,1810.95,1810.83,1810.54,1810.13,1810.10,1810.40,1810.80,1811.35,1812.29,1813.31,1814.35,1815.46,1816.66,1817.76,1819.03,1820.47,1822.06,1823.78,1825.51,1827.20,1828.87,1830.48,1831.90,1833.28,1834.62,1835.92,1837.18,1838.28,1839.29,1840.22,1841.03,1841.75,1842.38,1842.93,1843.40,1843.74,1844.23,1844.77,1845.28,1845.66,1845.88,1846.07,1846.28,1846.51,1846.77,1846.76,1846.62,1846.36,1845.64,1842.56,1838.74,1834.97,1831.07,1824.02,1818.31,1813.94,1809.60,1804.53,1799.30,1794.03,1789.06,1785.39,1781.64,1778.30,1775.25,1771.97,1768.33,1764.66,1760.96,1757.21,1753.46,1748.95,1743.77,1738.62,1735.06,1731.75,1728.04,1724.02,1720.01,1716.31,1712.84,1709.53,1706.55,1704.49,1705.16,1707.18,1709.49,1710.89,1710.02,1708.60,1707.61,1707.55,1707.72,1707.80,1707.12,1705.67,1704.22,1702.99,1702.34,1702.41,1703.72,1707.21,1711.53,1714.97,1716.69,1717.22,1716.34,1714.65,1712.45,1709.66,1705.83,1701.58,1696.84,1691.63,1687.26,1683.06,1678.67,1673.98,1668.97,1663.84,1659.17,1655.00,1651.11,1646.58,1641.92,1637.68,1634.02,1630.38,1626.69,1622.83,1618.65,1613.88,1608.66,1604.58,1603.51,1606.87,1611.08,1617.01,1624.08,1630.82,1634.04,1636.83,1638.94,1640.27,1640.56,1639.89,1638.17,1635.38,1631.65,1628.23,1625.40,1623.88,1624.30,1627.70,1631.77,1636.26,1640.35,1643.27,1645.56,1647.14,1648.46,1649.69,1650.72,1651.10,1651.24,1651.30,1651.22,1650.92,1650.41,1648.54,1644.73,1640.81,1635.14,1629.19,1623.61,1618.55,1614.06,1609.89,1605.89,1601.78,1596.49,1590.82,1584.81,1579.49,1577.82,1578.33,1580.46,1583.76,1587.80,1590.88,1593.04,1594.90,1596.89,1599.13,1601.47,1604.02,1606.40,1607.50,1608.47,1609.07,1609.96,1611.96,1614.53,1616.13,1617.62,1619.46,1621.59,1622.92,1623.63,1624.19
1752.02,1756.59,1760.87,1764.74,1768.82,1773.71,1779.82,1785.02,1789.50,1793.49,1797.16,1800.60,1803.61,1806.46,1809.35,1812.14,1814.84,1817.47,1820.05,1822.54,1825.00,1826.18,1826.25,1825.73,1825.09,1824.44,1823.77,1823.10,1822.42,1821.74,1821.35,1821.19,1820.95,1820.66,1820.31,1819.93,1819.42,1818.34,1817.24,1816.38,1815.82,1815.45,1815.14,1814.85,1814.61,1814.46,1814.38,1814.24,1814.00,1813.68,1813.66,1813.95,1814.30,1814.70,1815.35,1815.98,1816.91,1817.99,1819.01,1819.96,1820.99,1822.36,1824.09,1825.85,1827.52,1829.15,1830.71,1832.08,1833.46,1834.89,1836.30,1837.61,1838.89,1839.97,1840.91,1841.76,1842.53,1843.25,1843.93,1844.56,1845.08,1845.47,1845.98,1846.52,1847.03,1847.40,1847.65,1847.91,1848.18,1848.42,1848.70,1848.74,1848.67,1848.53,1847.81,1844.08,1839.66,1835.61,1831.75,1825.46,1819.57,1814.50,1809.88,1805.19,1800.56,1795.75,1791.03,1787.61,1783.92,1780.41,1777.06,1773.54,1769.85,1766.14,1762.43,1758.73,1755.13,1751.41,1746.46,1740.78,1736.82,1733.56,1730.30,1726.69,1722.57,1718.53,1714.96,1711.72,1708.89,1707.00,1707.94,1709.88,1711.97,1713.64,1713.78,1713.07,1712.49,1712.63,1712.88,1712.68,1711.61,1709.82,1708.19,1707.05,1706.54,1706.80,1708.35,1711.54,1715.19,1718.15,1719.81,1720.29,1719.23,1717.24,1714.68,1711.68,1707.68,1703.31,1698.58,1693.57,1689.35,1685.12,1680.43,1675.28,1670.15,1665.14,1660.36,1655.96,1652.10,1647.86,1643.38,1639.28,1635.77,1632.03,1628.31,1624.52,1620.48,1615.83,1610.68,1606.92,1606.07,1609.32,1614.01,1619.76,1625.88,1631.57,1635.32,1638.62,1641.11,1642.77,1643.49,1643.07,1641.98,1639.80,1636.28,1632.54,1630.30,1629.44,1630.09,1632.89,1636.47,1640.39,1643.86,1646.28,1648.44,1649.96,1650.99,1651.70,1652.28,1652.39,1652.34,1652.20,1651.87,1651.23,1650.43,1648.14,1643.79,1639.56,1633.84,1627.95,1622.43,1617.34,1612.78,1608.73,1605.04,1601.34,1596.55,1590.54,1584.34,1579.42,1578.73,1580.62,1584.01,1588.12,1592.11,1594.50,1596.16,1597.80,1599.92,1602.90,1606.04,1608.91,1611.15,1612.29,1614.32,1615.88,1617.11,1618.42,1619.58,1620.82,1622.29,1624.05,1625.97,1627.32,1627.90,1627.93
1752.31,1756.51,1760.60,1764.30,1768.14,1772.79,1778.94,1784.40,1789.04,1792.96,1796.33,1799.62,1802.63,1805.52,1808.44,1811.27,1814.00,1816.65,1819.24,1821.82,1824.34,1825.84,1826.25,1825.78,1825.22,1824.57,1823.87,1823.18,1822.53,1822.01,1821.74,1821.63,1821.39,1821.09,1820.86,1820.65,1820.37,1819.82,1819.25,1818.79,1818.52,1818.45,1818.29,1818.09,1817.89,1817.78,1817.66,1817.57,1817.45,1817.26,1817.26,1817.46,1817.70,1817.96,1818.34,1818.82,1819.46,1820.24,1821.07,1821.92,1822.85,1824.13,1825.80,1827.56,1829.21,1830.79,1832.28,1833.64,1835.02,1836.47,1837.89,1839.21,1840.37,1841.40,1842.33,1843.16,1843.93,1844.67,1845.41,1846.11,1846.71,1847.15,1847.70,1848.26,1848.74,1849.02,1849.22,1849.43,1849.65,1849.84,1850.06,1850.08,1850.03,1849.94,1849.37,1846.14,1841.43,1836.37,1832.21,1826.65,1821.14,1815.87,1810.74,1806.29,1801.94,1797.61,1793.53,1790.28,1786.62,1782.86,1779.17,1775.58,1771.75,1767.93,1764.15,1760.43,1756.82,1753.20,1748.47,1742.94,1738.49,1735.20,1732.21,1728.92,1724.89,1720.69,1717.13,1714.00,1711.38,1709.89,1710.66,1712.39,1714.40,1716.18,1717.21,1717.72,1718.03,1718.23,1718.25,1717.67,1716.46,1714.77,1713.09,1711.95,1711.46,1711.82,1713.55,1716.44,1719.33,1721.40,1722.32,1722.65,1721.43,1719.34,1716.64,1713.13,1709.10,1704.80,1700.24,1695.53,1691.44,1686.99,1682.03,1676.71,1671.62,1666.69,1661.78,1657.17,1653.27,1649.17,1645.02,1641.06,1637.39,1633.65,1629.87,1625.78,1621.38,1616.70,1611.76,1608.57,1608.38,1612.14,1617.22,1622.35,1627.69,1633.02,1637.28,1640.64,1643.30,1645.24,1646.17,1646.17,1645.69,1644.29,1641.41,1637.07,1634.72,1634.05,1635.00,1638.03,1641.11,1644.34,1647.15,1648.99,1650.60,1651.88,1652.82,1653.40,1653.64,1653.15,1652.56,1652.04,1651.53,1650.87,1649.63,1647.08,1642.87,1638.30,1632.64,1626.55,1620.66,1615.78,1611.33,1607.50,1604.03,1600.39,1595.33,1589.79,1584.27,1580.13,1580.58,1583.61,1587.81,1592.35,1596.38,1598.85,1600.37,1601.82,1603.82,1606.71,1609.94,1613.06,1615.71,1617.57,1620.00,1621.90,1623.30,1624.39,1625.16,1626.01,1627.23,1628.91,1630.77,1631.94,1632.24,1631.91
1753.98,1757.51,1761.15,1764.55,1768.16,1772.57,1778.38,1784.00,1788.76,1792.59,1795.68,1798.76,1801.73,1804.65,1807.55,1810.40,1813.11,1815.73,1818.29,1820.85,1823.33,1825.06,1825.83,1825.48,1825.05,1824.46,1823.81,1823.17,1822.63,1822.33,1822.18,1822.06,1821.83,1821.54,1821.34,1821.16,1820.95,1820.77,1820.63,1820.53,1820.56,1820.81,1820.87,1820.78,1820.65,1820.61,1820.47,1820.47,1820.49,1820.43,1820.43,1820.57,1820.73,1820.89,1821.10,1821.53,1821.96,1822.43,1823.08,1823.83,1824.68,1825.86,1827.44,1829.15,1830.78,1832.30,1833.76,1835.17,1836.58,1838.02,1839.44,1840.75,1841.77,1842.76,1843.69,1844.53,1845.30,1846.09,1846.87,1847.61,1848.25,1848.72,1849.24,1849.77,1850.19,1850.38,1850.55,1850.71,1850.87,1851.03,1851.18,1851.18,1851.09,1850.93,1850.46,1848.05,1843.49,1837.74,1833.18,1828.05,1822.94,1817.73,1812.29,1808.03,1803.74,1799.62,1795.95,1792.78,1789.21,1785.33,1781.41,1777.76,1773.77,1769.86,1766.02,1762.22,1758.53,1754.68,1750.08,1744.84,1740.06,1736.66,1733.78,1730.72,1726.94,1722.81,1719.34,1716.34,1713.97,1712.93,1713.48,1714.95,1716.88,1718.85,1720.69,1722.35,1723.46,1723.68,1723.39,1722.39,1721.04,1719.53,1717.97,1716.93,1716.54,1717.02,1718.79,1721.20,1723.34,1724.56,1724.75,1724.83,1723.45,1721.33,1718.56,1714.69,1710.59,1706.31,1701.91,1697.49,1693.49,1689.01,1683.86,1678.32,1673.29,1668.46,1663.47,1658.67,1654.63,1650.62,1646.69,1642.81,1638.94,1635.18,1631.29,1626.77,1621.80,1617.04,1612.39,1610.19,1611.14,1615.59,1620.67,1625.14,1629.92,1635.14,1639.79,1643.29,1645.93,1647.86,1648.92,1649.40,1649.42,1648.72,1646.64,1642.40,1640.02,1639.38,1640.39,1643.29,1645.69,1648.06,1650.11,1651.47,1652.59,1653.64,1654.34,1654.55,1654.32,1653.30,1652.26,1651.42,1650.67,1649.90,1648.25,1645.59,1641.76,1636.92,1631.27,1624.99,1618.79,1614.07,1609.72,1606.04,1602.66,1598.88,1593.58,1588.71,1584.23,1581.17,1582.71,1586.61,1591.39,1596.23,1600.34,1603.08,1604.76,1606.24,1608.10,1610.61,1613.72,1616.99,1620.12,1622.78,1625.36,1627.37,1628.87,1629.94,1630.64,1631.29,1632.36,1634.03,1635.83,1636.72,1636.63,1635.89
1758.29,1760.80,1763.39,1766.21,1769.53,1773.66,1778.69,1784.28,1789.08,1792.77,1795.57,1798.33,1801.11,1803.94,1806.80,1809.55,1812.16,1814.73,1817.25,1819.64,1822.04,1823.86,1824.84,1824.71,1824.35,1823.87,1823.38,1822.96,1822.64,1822.63,1822.61,1822.50,1822.27,1822.02,1821.84,1821.67,1821.50,1821.29,1821.16,1821.16,1821.34,1821.79,1822.12,1822.15,1822.07,1822.15,1822.08,1822.27,1822.44,1822.43,1822.43,1822.60,1822.79,1822.97,1823.27,1823.81,1824.26,1824.65,1825.09,1825.77,1826.50,1827.59,1829.09,1830.68,1832.19,1833.67,1835.15,1836.66,1838.12,1839.54,1840.91,1842.18,1843.15,1844.09,1845.02,1845.90,1846.68,1847.50,1848.30,1849.03,1849.62,1849.99,1850.31,1850.62,1850.90,1851.12,1851.33,1851.55,1851.75,1851.90,1852.05,1852.05,1851.82,1851.30,1850.66,1849.18,1845.77,1840.72,1835.73,1830.18,1825.17,1820.38,1815.36,1811.20,1806.60,1801.94,1797.72,1794.49,1791.22,1787.62,1783.80,1780.01,1775.88,1771.95,1768.08,1764.14,1760.30,1755.86,1751.03,1746.04,1741.33,1737.75,1734.66,1731.64,1728.38,1724.78,1721.56,1718.78,1716.72,1716.13,1716.58,1717.76,1719.57,1722.03,1724.56,1726.75,1728.15,1728.35,1727.71,1726.25,1724.63,1723.22,1722.25,1721.55,1721.54,1722.26,1723.72,1725.21,1726.62,1727.43,1727.39,1726.93,1725.44,1723.29,1720.59,1717.01,1712.51,1708.02,1703.66,1699.40,1695.43,1691.58,1686.49,1680.34,1675.31,1670.71,1665.78,1660.80,1656.43,1652.36,1648.37,1644.38,1640.42,1636.51,1632.40,1627.28,1621.56,1616.64,1612.49,1612.26,1615.33,1620.47,1624.62,1628.60,1633.26,1638.59,1643.38,1647.53,1649.80,1650.91,1652.04,1653.03,1653.29,1652.93,1651.83,1649.75,1648.07,1647.39,1647.73,1648.85,1650.19,1651.30,1652.35,1653.55,1654.65,1655.59,1655.54,1654.41,1653.26,1652.09,1651.17,1650.28,1649.04,1647.71,1645.81,1643.38,1640.13,1635.25,1629.35,1623.05,1617.02,1612.20,1607.76,1604.02,1600.40,1596.21,1591.28,1587.15,1583.97,1582.58,1584.98,1589.17,1594.20,1599.28,1603.43,1606.51,1608.95,1611.00,1612.80,1614.78,1617.57,1620.79,1624.21,1627.51,1630.01,1631.86,1633.37,1634.67,1635.53,1636.50,1637.87,1639.65,1641.32,1641.78,1641.11,1639.72
1762.06,1764.14,1766.24,1768.79,1771.94,1775.83,1780.26,1785.47,1789.76,1792.91,1795.58,1798.18,1800.89,1803.69,1806.41,1808.81,1811.21,1813.66,1816.11,1818.44,1820.74,1822.57,1823.72,1823.92,1823.62,1823.20,1822.79,1822.45,1822.34,1822.44,1822.52,1822.54,1822.56,1822.50,1822.37,1822.20,1822.02,1821.82,1821.71,1821.82,1822.18,1822.70,1823.20,1823.42,1823.48,1823.59,1823.63,1824.01,1824.37,1824.42,1824.46,1824.60,1824.79,1825.05,1825.47,1826.05,1826.57,1826.97,1827.32,1827.83,1828.34,1829.24,1830.62,1832.04,1833.52,1835.00,1836.49,1838.03,1839.54,1840.99,1842.36,1843.63,1844.66,1845.54,1846.41,1847.27,1848.05,1848.83,1849.53,1850.11,1850.54,1850.84,1851.11,1851.37,1851.63,1851.86,1852.09,1852.31,1852.51,1852.69,1852.88,1852.69,1852.20,1851.52,1850.78,1849.62,1846.81,1842.49,1838.07,1832.61,1827.54,1822.79,1817.99,1813.81,1809.35,1804.55,1799.78,1796.14,1792.81,1789.31,1785.59,1781.75,1777.76,1773.91,1770.12,1766.18,1761.88,1757.18,1752.41,1747.73,1743.23,1739.45,1736.49,1733.77,1730.66,1727.51,1724.89,1722.73,1721.10,1720.31,1720.16,1721.01,1722.84,1725.52,1728.18,1730.21,1731.43,1731.66,1731.13,1729.70,1728.04,1726.63,1725.93,1725.60,1725.94,1726.91,1728.34,1729.20,1730.02,1730.42,1730.09,1729.19,1727.47,1725.26,1722.60,1719.13,1714.63,1710.04,1705.61,1701.41,1697.45,1693.83,1689.22,1683.43,1677.76,1673.04,1668.13,1662.97,1658.02,1653.99,1650.05,1645.94,1641.60,1637.25,1632.98,1627.11,1620.50,1616.21,1614.36,1615.99,1619.87,1624.72,1628.74,1632.86,1637.59,1642.75,1647.14,1650.74,1652.87,1654.10,1655.29,1656.51,1657.05,1657.05,1656.47,1655.03,1653.51,1652.73,1652.73,1653.08,1653.80,1654.21,1654.68,1655.55,1656.09,1655.99,1655.09,1653.53,1652.05,1650.52,1649.14,1647.77,1646.16,1644.55,1642.67,1640.42,1637.49,1633.03,1626.60,1620.33,1614.93,1610.26,1605.79,1601.73,1597.70,1593.37,1589.24,1585.91,1584.19,1584.66,1587.39,1591.89,1596.95,1601.87,1606.07,1609.88,1613.04,1615.59,1617.57,1619.31,1621.94,1625.05,1628.37,1631.57,1634.08,1636.09,1637.90,1639.68,1641.10,1642.26,1643.44,1644.81,1646.42,1646.73,1645.61,1643.51
1765.55,1767.53,1769.50,1771.93,1774.95,1778.59,1782.48,1787.05,1790.59,1793.09,1795.66,1798.21,1800.88,1803.60,1806.13,1808.12,1810.26,1812.55,1814.91,1817.22,1819.42,1821.22,1822.51,1823.06,1822.86,1822.48,1822.11,1821.84,1821.87,1822.00,1822.15,1822.35,1822.66,1822.83,1822.81,1822.67,1822.51,1822.37,1822.29,1822.51,1823.04,1823.58,1824.17,1824.61,1824.87,1824.96,1825.14,1825.72,1826.24,1826.41,1826.49,1826.57,1826.77,1827.11,1827.63,1828.20,1828.74,1829.17,1829.48,1829.79,1830.08,1830.78,1832.02,1833.31,1834.79,1836.29,1837.78,1839.32,1840.87,1842.36,1843.78,1845.08,1846.24,1847.05,1847.82,1848.61,1849.35,1850.04,1850.60,1851.01,1851.27,1851.51,1851.78,1852.07,1852.36,1852.60,1852.83,1853.03,1853.21,1853.43,1853.63,1853.16,1852.38,1851.61,1850.84,1849.71,1847.21,1843.56,1840.10,1835.00,1829.89,1825.02,1820.28,1816.00,1811.85,1807.15,1801.98,1797.78,1794.19,1790.65,1786.99,1783.16,1779.41,1775.70,1772.03,1768.18,1763.24,1758.43,1753.96,1749.77,1745.72,1741.85,1739.06,1736.57,1733.38,1730.69,1728.87,1727.48,1726.23,1724.94,1724.02,1724.53,1726.40,1729.08,1731.59,1733.16,1733.99,1734.27,1734.06,1732.91,1731.41,1730.06,1729.48,1729.47,1730.10,1731.27,1732.69,1733.11,1733.47,1733.52,1732.93,1731.66,1729.66,1727.29,1724.57,1721.13,1716.86,1712.26,1707.73,1703.51,1699.55,1695.90,1691.83,1686.79,1680.47,1675.46,1670.47,1665.10,1659.53,1655.49,1651.65,1647.38,1642.53,1637.67,1633.26,1626.70,1619.30,1615.96,1617.01,1620.31,1624.40,1628.61,1632.92,1637.47,1642.31,1647.09,1650.76,1653.37,1655.48,1657.23,1658.54,1659.85,1660.67,1661.05,1660.77,1659.24,1657.63,1656.68,1656.44,1656.55,1656.89,1656.89,1656.95,1657.32,1656.96,1655.49,1653.79,1652.21,1650.61,1648.62,1646.55,1644.53,1642.64,1640.92,1639.15,1637.04,1634.21,1630.19,1623.43,1617.38,1612.73,1608.29,1603.78,1599.27,1594.79,1590.58,1587.57,1585.28,1585.04,1587.18,1590.08,1594.79,1599.67,1604.21,1608.53,1613.22,1617.01,1619.99,1622.27,1623.95,1626.53,1629.51,1632.55,1635.35,1637.92,1640.23,1642.46,1644.75,1646.77,1648.06,1648.89,1649.69,1651.22,1651.41,1649.81,1646.95
1768.93,1771.05,1773.14,1775.54,1778.36,1781.57,1784.77,1788.35,1791.28,1793.54,1795.87,1798.25,1800.80,1803.28,1805.43,1807.41,1809.31,1811.37,1813.61,1815.87,1818.06,1819.86,1821.20,1821.94,1822.02,1821.74,1821.46,1821.36,1821.43,1821.52,1821.71,1821.97,1822.25,1822.51,1822.66,1822.78,1822.88,1822.89,1822.99,1823.33,1823.91,1824.45,1825.01,1825.61,1826.08,1826.21,1826.66,1827.35,1827.97,1828.34,1828.48,1828.53,1828.70,1829.03,1829.42,1829.88,1830.26,1830.57,1830.82,1831.03,1831.33,1831.99,1833.09,1834.47,1835.94,1837.45,1838.97,1840.47,1842.05,1843.60,1845.09,1846.52,1847.78,1848.61,1849.22,1849.77,1850.34,1850.88,1851.38,1851.79,1852.06,1852.30,1852.51,1852.74,1853.00,1853.28,1853.52,1853.74,1853.95,1854.15,1854.17,1853.43,1852.43,1851.58,1850.84,1849.76,1847.55,1844.35,1841.09,1836.58,1831.81,1826.99,1822.07,1817.54,1813.41,1809.00,1804.12,1799.57,1795.56,1791.76,1788.01,1784.25,1780.53,1776.89,1773.39,1769.65,1764.05,1759.08,1755.24,1752.35,1749.53,1746.25,1742.94,1739.57,1736.25,1734.21,1733.18,1732.27,1730.99,1729.28,1728.00,1728.26,1729.90,1732.19,1734.59,1735.95,1736.59,1736.86,1736.80,1735.97,1735.02,1734.28,1733.89,1733.90,1734.55,1735.60,1736.60,1736.80,1736.91,1736.82,1736.22,1734.87,1732.63,1729.73,1726.44,1723.00,1719.07,1714.67,1710.13,1705.80,1701.82,1697.85,1693.58,1688.79,1683.32,1678.16,1672.76,1666.99,1661.11,1656.66,1652.81,1648.35,1642.95,1637.99,1633.39,1626.76,1619.51,1616.66,1619.06,1623.32,1627.94,1632.47,1637.05,1641.87,1646.48,1650.49,1653.36,1655.67,1657.82,1659.82,1661.51,1662.92,1663.94,1664.63,1664.71,1663.47,1661.91,1660.54,1659.66,1659.64,1659.70,1659.27,1658.70,1658.18,1656.53,1654.41,1652.40,1650.56,1648.38,1645.95,1643.48,1641.16,1639.16,1637.37,1635.61,1633.45,1630.38,1625.74,1620.28,1615.25,1610.82,1606.33,1601.60,1596.65,1591.99,1588.46,1587.04,1586.80,1587.79,1590.19,1593.83,1598.13,1602.36,1606.59,1611.35,1616.60,1620.61,1623.79,1626.45,1628.36,1630.90,1633.83,1636.82,1639.49,1642.02,1644.53,1647.01,1649.34,1651.32,1652.71,1653.68,1654.44,1655.48,1655.11,1652.56,1648.90
1771.68,1773.96,1776.17,1778.43,1780.88,1783.60,1786.36,1789.26,1791.78,1793.92,1796.07,1798.30,1800.65,1802.90,1804.86,1806.74,1808.45,1810.30,1812.39,1814.60,1816.66,1818.41,1819.81,1820.72,1821.13,1821.03,1820.89,1820.91,1820.99,1821.07,1821.26,1821.56,1821.79,1822.07,1822.33,1822.58,1822.86,1823.01,1823.37,1823.95,1824.66,1825.30,1825.87,1826.50,1827.10,1827.46,1828.11,1828.80,1829.39,1829.82,1830.01,1830.05,1830.20,1830.49,1830.78,1831.13,1831.44,1831.71,1831.98,1832.16,1832.53,1833.17,1834.17,1835.52,1836.96,1838.47,1840.01,1841.51,1843.12,1844.68,1846.24,1847.76,1849.10,1849.87,1850.36,1850.77,1851.23,1851.69,1852.14,1852.55,1852.87,1853.11,1853.28,1853.47,1853.71,1853.97,1854.21,1854.45,1854.70,1854.85,1854.63,1853.70,1852.54,1851.56,1850.78,1849.64,1847.56,1844.67,1841.59,1837.59,1833.24,1828.59,1823.56,1818.76,1814.67,1810.58,1806.14,1801.47,1797.03,1792.76,1788.72,1785.07,1781.43,1777.91,1774.54,1770.89,1765.31,1760.46,1757.10,1755.06,1753.29,1750.55,1746.87,1742.85,1739.49,1738.12,1737.56,1736.64,1734.94,1732.93,1731.61,1731.91,1733.57,1735.73,1737.95,1739.30,1740.05,1740.44,1740.53,1740.09,1739.63,1739.31,1739.13,1739.14,1739.57,1740.25,1740.82,1740.80,1740.73,1740.45,1739.70,1738.16,1735.68,1732.32,1728.51,1724.92,1721.19,1716.97,1712.52,1708.14,1704.11,1699.87,1695.19,1690.18,1685.33,1680.34,1674.77,1668.82,1663.01,1658.08,1654.02,1649.48,1643.88,1638.45,1633.59,1627.20,1620.46,1617.92,1621.20,1626.15,1631.32,1636.34,1641.15,1645.88,1650.03,1653.34,1655.78,1658.04,1660.26,1662.40,1664.32,1665.86,1667.23,1668.31,1668.69,1667.76,1666.23,1664.45,1662.94,1662.59,1662.27,1661.32,1660.02,1658.56,1656.04,1653.48,1651.08,1648.70,1645.96,1643.23,1640.48,1637.89,1635.76,1633.83,1631.90,1629.52,1626.19,1621.62,1617.37,1613.18,1608.86,1604.25,1599.17,1594.08,1589.89,1587.85,1587.97,1589.39,1591.43,1594.16,1598.09,1601.94,1605.73,1609.85,1614.87,1619.95,1623.95,1627.27,1630.16,1632.37,1634.98,1637.85,1640.76,1643.42,1645.96,1648.55,1651.09,1653.38,1655.30,1656.66,1657.66,1658.42,1659.01,1658.18,1655.09,1651.10
1773.68,1776.04,1778.33,1780.32,1782.27,1784.45,1787.08,1789.71,1792.04,1794.14,1796.23,1798.34,1800.42,1802.49,1804.48,1806.12,1807.69,1809.38,1811.28,1813.45,1815.25,1816.89,1818.36,1819.43,1820.18,1820.37,1820.39,1820.46,1820.54,1820.63,1820.83,1821.12,1821.35,1821.59,1821.83,1822.08,1822.38,1822.62,1823.36,1824.28,1825.22,1826.09,1826.70,1827.27,1827.92,1828.73,1829.44,1830.00,1830.44,1830.76,1830.99,1831.04,1831.17,1831.41,1831.66,1831.96,1832.31,1832.68,1833.03,1833.27,1833.72,1834.40,1835.31,1836.45,1837.84,1839.35,1840.89,1842.43,1844.04,1845.61,1847.17,1848.74,1850.10,1850.75,1851.17,1851.58,1852.04,1852.50,1852.92,1853.31,1853.67,1853.92,1854.09,1854.28,1854.50,1854.68,1854.90,1855.16,1855.43,1855.51,1855.04,1854.01,1852.76,1851.57,1850.68,1849.32,1847.19,1844.46,1841.62,1838.01,1834.08,1829.75,1824.75,1819.73,1815.69,1811.96,1808.00,1803.49,1798.62,1793.68,1789.13,1785.62,1782.12,1778.76,1775.49,1771.94,1767.26,1762.90,1759.75,1757.93,1756.82,1754.43,1750.68,1746.48,1743.21,1742.45,1741.97,1740.57,1738.04,1735.81,1734.74,1735.41,1737.43,1739.85,1741.82,1743.36,1744.52,1745.21,1745.46,1745.48,1745.34,1745.16,1745.18,1745.19,1745.18,1745.25,1745.45,1745.18,1744.94,1744.43,1743.33,1741.45,1738.70,1735.03,1730.85,1726.90,1723.15,1719.11,1714.83,1710.47,1706.36,1701.99,1696.81,1691.11,1686.33,1681.87,1676.48,1670.62,1665.22,1659.83,1655.39,1650.90,1645.53,1639.15,1633.96,1628.06,1622.13,1619.74,1623.56,1629.01,1634.67,1640.21,1645.17,1649.42,1652.91,1655.68,1658.16,1660.55,1662.88,1665.08,1667.03,1668.78,1670.70,1672.23,1672.79,1672.09,1670.53,1668.42,1666.35,1665.40,1664.53,1662.96,1660.90,1658.53,1655.67,1652.83,1649.85,1646.67,1643.47,1640.59,1637.64,1634.79,1632.43,1630.26,1628.00,1625.22,1621.72,1618.18,1614.75,1611.01,1606.79,1601.98,1596.51,1591.68,1588.80,1589.05,1590.52,1592.95,1595.89,1599.22,1602.82,1606.26,1609.96,1614.21,1619.19,1623.30,1627.11,1630.54,1633.40,1635.96,1638.72,1641.51,1644.26,1647.02,1649.65,1652.19,1654.60,1656.79,1658.73,1659.89,1660.73,1661.41,1661.71,1660.61,1657.53,1653.83
1775.25,1777.55,1779.72,1781.61,1783.40,1785.28,1787.43,1789.81,1792.03,1794.08,1796.12,1798.13,1800.11,1802.02,1803.78,1805.35,1806.89,1808.51,1810.25,1812.14,1813.88,1815.45,1816.81,1817.89,1818.78,1819.26,1819.55,1819.78,1819.94,1820.13,1820.37,1820.63,1820.86,1821.10,1821.33,1821.59,1821.92,1822.38,1823.25,1824.24,1825.20,1826.16,1826.98,1827.74,1828.55,1829.48,1830.18,1830.75,1831.20,1831.51,1831.82,1831.92,1832.06,1832.29,1832.53,1832.83,1833.18,1833.57,1833.95,1834.27,1834.84,1835.63,1836.56,1837.55,1838.78,1840.24,1841.81,1843.31,1844.81,1846.29,1847.75,1849.18,1850.49,1851.36,1851.97,1852.43,1852.86,1853.31,1853.73,1854.10,1854.43,1854.71,1854.90,1855.09,1855.31,1855.47,1855.68,1855.91,1856.13,1856.21,1855.49,1854.35,1853.06,1851.78,1850.66,1849.02,1846.77,1844.07,1841.30,1837.89,1834.21,1830.24,1825.80,1820.96,1816.99,1813.33,1809.47,1805.01,1800.16,1794.75,1789.54,1786.00,1782.62,1779.39,1776.25,1773.10,1769.82,1766.20,1763.53,1762.05,1760.80,1758.27,1754.48,1750.55,1747.98,1747.40,1746.99,1745.48,1742.46,1739.12,1737.92,1738.70,1740.82,1743.40,1745.69,1747.52,1748.86,1749.62,1749.98,1750.11,1750.10,1750.03,1750.08,1749.96,1749.80,1749.55,1749.12,1748.83,1748.47,1747.92,1746.87,1744.62,1741.56,1737.66,1733.18,1728.72,1724.89,1721.04,1716.97,1712.67,1708.43,1703.98,1698.85,1693.13,1687.82,1683.23,1677.91,1672.11,1666.66,1661.54,1657.01,1652.55,1647.40,1640.47,1634.99,1629.47,1624.24,1622.05,1626.23,1632.20,1638.21,1643.65,1648.39,1652.23,1655.40,1658.13,1660.76,1663.26,1665.57,1667.96,1670.80,1673.39,1675.44,1676.74,1676.95,1675.93,1674.17,1671.93,1669.58,1667.78,1666.17,1664.13,1661.72,1658.95,1655.53,1652.17,1648.73,1645.15,1641.66,1638.28,1634.97,1631.76,1628.81,1626.22,1623.84,1621.28,1618.33,1615.33,1612.13,1608.47,1604.30,1599.66,1594.23,1590.88,1589.99,1591.55,1593.83,1596.97,1600.55,1604.31,1607.88,1611.02,1614.63,1618.82,1623.37,1627.27,1631.19,1634.70,1637.38,1639.65,1642.17,1644.84,1647.58,1650.41,1653.04,1655.61,1657.95,1659.81,1661.41,1662.41,1663.13,1663.67,1663.87,1662.25,1659.38,1656.55
1776.45,1778.69,1780.71,1782.54,1784.27,1785.97,1787.69,1789.82,1791.93,1793.94,1795.91,1797.84,1799.74,1801.53,1803.08,1804.62,1806.14,1807.69,1809.26,1810.84,1812.53,1814.01,1815.27,1816.31,1817.24,1817.95,1818.47,1818.82,1819.08,1819.37,1819.67,1819.95,1820.27,1820.57,1820.83,1821.10,1821.49,1822.19,1823.12,1824.09,1825.06,1826.06,1827.06,1828.03,1828.99,1829.94,1830.60,1831.22,1831.74,1832.10,1832.51,1832.73,1832.94,1833.18,1833.42,1833.70,1834.05,1834.43,1834.83,1835.21,1835.86,1836.69,1837.66,1838.56,1839.68,1841.08,1842.62,1844.04,1845.42,1846.78,1848.13,1849.42,1850.64,1851.75,1852.60,1853.20,1853.66,1854.11,1854.52,1854.89,1855.21,1855.52,1855.72,1855.91,1856.12,1856.28,1856.50,1856.69,1856.86,1856.91,1855.98,1854.73,1853.41,1852.10,1850.72,1848.72,1846.28,1843.59,1840.85,1837.60,1834.10,1830.46,1826.66,1822.29,1818.39,1814.68,1810.82,1806.38,1801.55,1795.84,1790.19,1786.54,1783.28,1780.20,1777.30,1774.74,1772.79,1769.96,1767.74,1766.39,1764.78,1761.96,1758.18,1754.67,1752.88,1752.38,1751.90,1750.31,1747.07,1742.91,1741.38,1742.02,1744.04,1746.66,1749.30,1751.40,1752.88,1753.70,1754.14,1754.28,1754.32,1754.32,1754.30,1754.04,1753.78,1753.28,1752.29,1751.91,1751.43,1750.85,1749.86,1747.39,1744.02,1739.92,1735.25,1730.38,1726.44,1722.71,1718.82,1714.61,1710.31,1705.83,1700.89,1695.37,1689.47,1684.49,1679.11,1673.32,1667.74,1663.02,1658.55,1654.14,1649.21,1642.19,1636.50,1631.16,1626.39,1624.46,1628.85,1635.17,1641.45,1646.82,1651.24,1654.76,1657.81,1660.63,1663.41,1666.07,1668.58,1671.39,1675.01,1678.19,1680.14,1681.06,1680.88,1679.48,1677.51,1675.19,1672.62,1669.97,1667.56,1665.07,1662.42,1659.41,1655.48,1651.64,1647.83,1644.01,1640.32,1636.42,1632.67,1629.04,1625.45,1622.43,1620.05,1617.80,1615.37,1612.69,1609.60,1606.00,1601.96,1597.61,1592.75,1591.09,1592.00,1594.34,1597.32,1601.18,1605.27,1609.23,1612.78,1615.92,1619.58,1623.71,1627.83,1631.73,1635.55,1638.84,1641.22,1643.15,1645.47,1648.06,1650.85,1653.76,1656.35,1658.90,1661.14,1662.66,1663.91,1664.80,1665.42,1665.82,1665.92,1664.04,1661.54,1659.55
1776.81,1779.16,1781.12,1782.88,1784.59,1786.29,1788.00,1789.85,1791.81,1793.79,1795.67,1797.49,1799.31,1801.05,1802.63,1804.13,1805.57,1806.97,1808.35,1809.68,1811.13,1812.54,1813.82,1814.81,1815.64,1816.36,1816.90,1817.22,1817.51,1817.82,1818.21,1818.72,1819.37,1819.97,1820.33,1820.63,1821.13,1822.02,1822.96,1823.95,1824.99,1825.99,1827.00,1828.03,1829.04,1829.95,1830.55,1831.19,1831.80,1832.31,1832.92,1833.45,1833.83,1834.11,1834.35,1834.59,1834.89,1835.26,1835.70,1836.09,1836.59,1837.28,1838.19,1839.22,1840.41,1841.72,1843.08,1844.36,1845.63,1846.90,1848.19,1849.47,1850.60,1851.69,1852.74,1853.70,1854.42,1854.88,1855.27,1855.65,1856.01,1856.33,1856.56,1856.76,1856.93,1857.09,1857.31,1857.53,1857.70,1857.61,1856.52,1855.22,1853.91,1852.56,1851.00,1848.40,1845.62,1842.98,1840.29,1837.22,1833.84,1830.39,1827.08,1823.69,1819.86,1815.97,1812.09,1807.76,1802.49,1796.87,1791.60,1787.67,1784.57,1781.76,1779.39,1777.69,1776.45,1774.40,1772.31,1770.42,1768.38,1765.21,1761.59,1758.59,1757.30,1756.92,1755.96,1754.09,1751.21,1747.78,1745.63,1745.56,1747.13,1749.46,1752.09,1754.37,1756.08,1757.06,1757.55,1757.67,1757.68,1757.62,1757.34,1757.04,1756.57,1755.82,1754.72,1753.87,1753.21,1752.46,1751.26,1749.05,1745.41,1741.13,1736.52,1731.66,1727.57,1723.77,1719.96,1715.92,1711.72,1707.34,1702.66,1697.42,1691.21,1685.55,1679.80,1673.93,1668.34,1663.83,1659.60,1655.35,1650.67,1644.67,1638.96,1633.26,1628.32,1626.80,1631.10,1637.23,1643.61,1649.45,1653.63,1657.10,1660.27,1663.25,1666.11,1669.00,1672.49,1676.29,1679.76,1682.18,1683.68,1684.35,1684.00,1682.55,1680.53,1678.05,1675.18,1671.97,1668.74,1665.72,1662.80,1659.66,1655.58,1651.48,1647.51,1643.66,1639.82,1635.63,1631.39,1627.20,1623.11,1619.82,1617.60,1615.45,1612.84,1610.24,1607.28,1604.06,1600.48,1596.41,1593.34,1593.07,1594.58,1596.97,1600.72,1605.59,1610.06,1613.62,1616.95,1620.84,1625.02,1629.23,1633.26,1637.15,1639.94,1642.12,1644.07,1646.01,1648.49,1651.25,1654.16,1657.11,1659.63,1661.99,1664.00,1665.35,1666.49,1667.35,1667.93,1668.19,1668.09,1666.92,1665.11,1663.41
1776.89,1779.26,1781.18,1782.92,1784.63,1786.32,1787.99,1789.70,1791.53,1793.45,1795.27,1797.05,1798.81,1800.47,1801.96,1803.40,1804.78,1806.11,1807.37,1808.58,1809.87,1811.15,1812.34,1813.32,1814.12,1814.79,1815.30,1815.64,1815.95,1816.26,1816.66,1817.22,1818.01,1818.78,1819.31,1819.81,1820.51,1821.45,1822.36,1823.30,1824.29,1825.26,1826.21,1827.18,1828.22,1829.35,1830.21,1830.90,1831.50,1832.07,1832.78,1833.45,1834.02,1834.49,1834.91,1835.32,1835.71,1836.12,1836.57,1836.99,1837.44,1838.00,1838.74,1839.79,1841.09,1842.45,1843.77,1845.03,1846.27,1847.49,1848.71,1849.92,1850.95,1852.00,1853.08,1854.13,1855.01,1855.61,1856.04,1856.41,1856.78,1857.13,1857.39,1857.59,1857.74,1857.90,1858.12,1858.31,1858.43,1858.26,1857.12,1855.82,1854.46,1852.89,1851.00,1848.07,1845.04,1842.24,1839.55,1836.63,1833.49,1830.28,1827.19,1824.19,1820.68,1816.88,1812.84,1808.33,1802.64,1797.30,1792.85,1789.55,1787.11,1784.97,1783.16,1781.79,1780.41,1778.39,1776.13,1773.81,1771.36,1768.39,1765.42,1763.10,1762.03,1761.40,1759.90,1757.62,1754.70,1751.65,1749.49,1749.18,1750.47,1752.65,1755.19,1757.42,1759.12,1760.12,1760.65,1760.79,1760.76,1760.57,1760.03,1759.67,1759.09,1758.18,1756.94,1755.78,1754.50,1753.06,1751.33,1749.03,1745.54,1741.42,1736.90,1732.05,1727.92,1724.18,1720.49,1716.63,1712.60,1708.19,1703.45,1698.28,1692.43,1686.27,1680.11,1674.23,1668.99,1664.72,1660.60,1656.40,1651.91,1646.63,1640.86,1635.05,1630.18,1628.72,1633.21,1639.67,1646.18,1651.73,1655.81,1659.43,1662.75,1665.86,1669.04,1672.40,1676.22,1680.12,1683.42,1685.81,1687.10,1687.50,1686.93,1685.28,1683.14,1680.55,1677.49,1673.90,1670.27,1667.01,1663.97,1660.77,1656.84,1652.44,1648.25,1644.39,1640.40,1635.96,1631.56,1627.29,1623.13,1619.51,1616.88,1614.33,1611.38,1608.67,1605.73,1602.62,1599.25,1595.66,1594.81,1595.60,1597.22,1599.71,1604.24,1609.62,1614.16,1617.75,1622.17,1626.39,1630.52,1634.52,1638.15,1641.27,1643.43,1645.19,1646.97,1649.01,1651.62,1654.49,1657.46,1660.38,1662.77,1664.96,1666.86,1668.25,1669.59,1670.48,1671.04,1671.27,1671.03,1670.19,1668.83,1667.36
1776.77,1779.09,1781.02,1782.77,1784.46,1786.14,1787.78,1789.41,1791.16,1792.99,1794.76,1796.53,1798.24,1799.80,1801.14,1802.53,1803.86,1805.13,1806.35,1807.51,1808.68,1809.81,1810.87,1811.83,1812.61,1813.23,1813.71,1814.08,1814.39,1814.69,1815.04,1815.55,1816.38,1817.18,1817.87,1818.59,1819.47,1820.45,1821.38,1822.28,1823.17,1824.09,1824.96,1825.85,1826.92,1828.35,1829.58,1830.39,1831.00,1831.59,1832.34,1833.04,1833.76,1834.48,1835.15,1835.81,1836.36,1836.85,1837.36,1837.84,1838.30,1838.75,1839.30,1840.33,1841.76,1843.20,1844.56,1845.87,1847.13,1848.32,1849.48,1850.59,1851.55,1852.54,1853.55,1854.55,1855.53,1856.32,1856.81,1857.16,1857.55,1857.92,1858.19,1858.40,1858.55,1858.71,1858.91,1859.06,1859.10,1858.88,1857.76,1856.46,1854.97,1853.09,1850.84,1847.75,1844.50,1841.44,1838.70,1835.91,1833.01,1830.04,1827.05,1824.11,1820.97,1817.33,1813.02,1808.28,1802.44,1797.70,1794.40,1792.19,1790.62,1789.25,1787.91,1786.46,1784.47,1781.99,1779.34,1776.61,1773.90,1771.54,1769.53,1767.95,1766.91,1765.83,1763.80,1761.04,1757.87,1754.97,1753.12,1752.84,1753.94,1756.04,1758.41,1760.45,1762.00,1762.95,1763.54,1763.74,1763.67,1763.30,1762.52,1762.07,1761.34,1760.23,1758.77,1757.30,1755.23,1752.92,1750.55,1747.98,1744.84,1741.02,1736.59,1731.77,1727.74,1724.13,1720.60,1716.92,1713.07,1708.57,1703.61,1698.41,1693.23,1686.73,1680.23,1674.37,1669.64,1665.55,1661.43,1657.24,1652.91,1648.14,1642.26,1636.56,1632.07,1630.87,1635.67,1642.50,1648.96,1653.79,1657.84,1661.73,1665.27,1668.56,1672.20,1676.07,1679.84,1683.34,1686.38,1688.98,1690.20,1690.40,1689.62,1687.77,1685.51,1682.84,1679.68,1675.88,1672.15,1668.85,1665.77,1662.58,1658.89,1654.36,1650.01,1646.10,1641.87,1637.12,1632.72,1628.68,1624.68,1620.74,1617.40,1614.16,1610.78,1607.80,1604.77,1601.58,1598.29,1595.57,1596.93,1598.60,1600.23,1602.87,1607.99,1613.55,1618.12,1622.04,1627.81,1632.05,1635.86,1639.50,1642.58,1644.66,1646.46,1648.16,1649.91,1652.11,1654.83,1657.77,1660.75,1663.61,1665.90,1668.01,1669.92,1671.51,1673.13,1674.04,1674.56,1674.77,1674.47,1673.73,1672.65,1671.35
1776.41,1778.71,1780.71,1782.45,1784.10,1785.74,1787.37,1789.03,1790.72,1792.43,1794.15,1795.88,1797.46,1798.90,1800.22,1801.60,1802.86,1804.06,1805.24,1806.40,1807.52,1808.55,1809.51,1810.38,1811.04,1811.64,1812.14,1812.52,1812.83,1813.06,1813.39,1813.91,1814.68,1815.23,1815.73,1816.31,1817.13,1818.39,1819.69,1820.83,1821.76,1822.64,1823.50,1824.54,1825.76,1827.01,1828.29,1829.51,1830.48,1831.14,1831.90,1832.62,1833.32,1834.05,1834.78,1835.45,1836.14,1836.89,1837.71,1838.26,1838.73,1839.21,1839.83,1840.97,1842.40,1843.84,1845.22,1846.58,1847.92,1849.13,1850.23,1851.23,1852.22,1853.17,1854.13,1855.10,1856.09,1856.98,1857.56,1857.96,1858.34,1858.68,1858.98,1859.20,1859.36,1859.51,1859.65,1859.75,1859.76,1859.48,1858.49,1856.99,1855.14,1852.98,1850.65,1847.49,1844.04,1840.71,1837.85,1835.06,1832.22,1829.35,1826.53,1823.65,1820.36,1816.38,1811.78,1807.40,1802.84,1799.71,1797.92,1796.62,1795.50,1794.28,1792.78,1790.79,1788.06,1784.99,1781.64,1778.31,1775.94,1774.68,1773.77,1772.85,1771.72,1770.20,1767.75,1764.67,1761.34,1758.49,1756.79,1756.50,1757.44,1759.29,1761.24,1763.04,1764.50,1765.50,1766.26,1766.61,1766.51,1765.97,1765.06,1764.30,1762.94,1761.10,1759.13,1756.92,1754.50,1751.97,1749.33,1746.53,1743.46,1739.72,1735.32,1730.62,1727.01,1723.67,1720.27,1716.70,1712.99,1708.44,1703.37,1698.20,1693.47,1686.89,1680.35,1674.59,1670.01,1665.82,1661.62,1657.47,1653.33,1648.78,1642.83,1637.52,1634.34,1635.42,1640.42,1646.31,1651.61,1655.77,1659.82,1663.95,1667.96,1671.85,1675.90,1679.72,1683.32,1686.54,1689.00,1690.86,1692.03,1692.35,1691.60,1689.99,1687.91,1685.22,1681.95,1678.26,1674.79,1671.67,1668.65,1665.42,1661.72,1657.99,1654.07,1649.76,1644.76,1639.25,1634.77,1631.11,1627.32,1623.10,1619.27,1615.52,1611.65,1608.03,1604.66,1601.12,1598.08,1597.57,1599.89,1602.51,1604.97,1607.84,1612.62,1618.20,1623.39,1627.93,1632.52,1636.47,1640.14,1643.52,1646.23,1648.06,1649.67,1651.28,1653.06,1655.28,1658.12,1661.10,1664.03,1666.84,1669.38,1671.82,1674.07,1675.93,1677.44,1678.14,1678.44,1678.49,1678.18,1677.56,1676.61,1675.35
1775.99,1778.23,1780.28,1782.01,1783.62,1785.23,1786.85,1788.50,1790.14,1791.78,1793.47,1795.12,1796.59,1797.94,1799.28,1800.63,1801.83,1802.98,1804.12,1805.27,1806.30,1807.24,1808.11,1808.82,1809.41,1810.01,1810.54,1810.90,1811.17,1811.33,1811.61,1812.07,1812.69,1813.05,1813.42,1813.91,1814.66,1816.01,1817.52,1818.88,1820.01,1821.04,1822.01,1823.17,1824.41,1825.53,1826.83,1828.35,1829.72,1830.67,1831.45,1832.17,1832.86,1833.55,1834.28,1834.95,1835.75,1836.70,1837.73,1838.46,1839.00,1839.56,1840.31,1841.60,1843.04,1844.49,1845.90,1847.30,1848.69,1849.92,1850.99,1851.92,1852.88,1853.81,1854.75,1855.70,1856.68,1857.64,1858.28,1858.73,1859.13,1859.46,1859.76,1859.99,1860.14,1860.30,1860.38,1860.47,1860.44,1860.04,1859.13,1857.41,1855.24,1852.88,1850.48,1847.22,1843.64,1840.15,1837.11,1834.20,1831.34,1828.56,1825.85,1823.01,1819.53,1815.36,1810.87,1807.32,1804.28,1802.56,1801.79,1801.07,1800.22,1799.02,1797.28,1794.76,1791.38,1787.78,1784.10,1780.77,1778.87,1778.35,1778.08,1777.47,1776.11,1774.11,1771.25,1767.98,1764.67,1761.97,1760.52,1760.32,1761.13,1762.71,1764.23,1765.70,1766.99,1767.93,1768.70,1769.12,1768.98,1768.25,1767.03,1765.55,1763.51,1761.13,1758.67,1755.88,1753.20,1750.48,1747.60,1744.68,1741.56,1737.80,1733.50,1729.19,1725.95,1722.79,1719.48,1716.00,1712.41,1707.66,1702.53,1697.63,1693.32,1686.59,1680.06,1674.52,1670.10,1665.59,1661.24,1657.07,1653.03,1648.73,1643.22,1639.07,1637.60,1640.07,1644.84,1649.66,1653.92,1657.65,1661.87,1666.39,1670.91,1675.32,1679.62,1683.35,1686.75,1689.67,1691.61,1692.88,1693.90,1694.21,1693.39,1691.94,1690.05,1687.41,1684.10,1680.46,1677.12,1674.09,1671.13,1667.96,1664.42,1661.26,1657.66,1653.15,1647.63,1641.46,1636.76,1633.23,1629.61,1625.38,1621.25,1617.12,1612.87,1608.70,1604.64,1600.73,1598.17,1599.65,1602.78,1606.19,1609.51,1612.95,1617.73,1623.22,1628.50,1633.08,1636.79,1640.55,1644.11,1647.22,1649.55,1651.26,1652.76,1654.33,1656.20,1658.56,1661.53,1664.57,1667.48,1670.26,1673.01,1675.65,1678.08,1680.05,1681.37,1681.95,1682.18,1682.18,1681.90,1681.41,1680.54,1679.27
1775.51,1777.68,1779.70,1781.44,1783.04,1784.61,1786.22,1787.80,1789.39,1791.03,1792.71,1794.24,1795.62,1796.96,1798.32,1799.59,1800.77,1801.89,1803.00,1804.13,1805.00,1805.84,1806.59,1807.12,1807.72,1808.33,1808.85,1809.19,1809.37,1809.47,1809.64,1809.92,1810.28,1810.61,1811.01,1811.54,1812.30,1813.40,1814.84,1816.35,1817.81,1819.25,1820.49,1821.66,1822.79,1823.91,1825.26,1826.90,1828.63,1830.15,1830.95,1831.70,1832.40,1833.03,1833.67,1834.41,1835.32,1836.33,1837.40,1838.42,1839.13,1839.80,1840.71,1842.18,1843.66,1845.15,1846.64,1848.03,1849.42,1850.66,1851.73,1852.65,1853.53,1854.45,1855.40,1856.38,1857.32,1858.31,1858.97,1859.43,1859.88,1860.26,1860.54,1860.74,1860.89,1861.04,1861.13,1861.20,1861.12,1860.55,1859.63,1857.72,1855.34,1852.87,1850.33,1846.98,1843.37,1839.83,1836.57,1833.43,1830.52,1827.79,1825.14,1822.31,1818.72,1814.68,1810.83,1808.54,1807.07,1806.24,1805.76,1805.17,1804.45,1803.19,1801.21,1798.27,1794.38,1790.41,1786.99,1784.47,1783.10,1782.70,1782.42,1781.67,1779.90,1777.35,1774.14,1770.82,1767.77,1765.38,1764.33,1764.35,1765.13,1766.38,1767.51,1768.59,1769.53,1770.24,1770.82,1771.15,1770.91,1769.95,1768.18,1765.47,1762.82,1760.26,1757.41,1754.28,1751.39,1748.42,1745.26,1742.34,1739.07,1735.24,1731.14,1727.52,1724.51,1721.42,1718.15,1714.72,1711.18,1706.04,1700.94,1696.64,1692.74,1685.68,1679.19,1674.05,1669.82,1664.80,1660.21,1655.93,1651.86,1647.98,1643.63,1641.55,1642.09,1644.40,1648.34,1652.21,1655.81,1659.46,1664.06,1669.14,1674.18,1678.94,1683.28,1686.94,1690.13,1692.71,1694.26,1695.31,1696.10,1696.14,1695.09,1693.58,1691.81,1689.31,1686.05,1682.32,1678.87,1675.78,1672.84,1669.85,1666.74,1663.64,1660.11,1655.72,1650.09,1643.55,1638.48,1634.73,1631.24,1627.30,1623.11,1618.74,1614.24,1609.72,1604.60,1600.36,1598.57,1601.47,1605.38,1609.37,1613.42,1617.88,1623.27,1628.54,1633.11,1636.93,1640.63,1644.39,1647.81,1650.64,1652.56,1654.17,1655.64,1657.26,1659.32,1661.99,1665.10,1668.20,1671.15,1673.94,1676.76,1679.37,1681.68,1683.51,1684.66,1685.26,1685.63,1685.80,1685.58,1685.25,1684.41,1683.06
1774.86,1776.93,1778.91,1780.69,1782.34,1783.92,1785.51,1787.09,1788.70,1790.31,1791.88,1793.33,1794.65,1795.94,1797.24,1798.44,1799.64,1800.78,1801.84,1802.79,1803.57,1804.27,1804.91,1805.43,1806.03,1806.56,1807.00,1807.27,1807.22,1807.16,1807.21,1807.35,1807.59,1807.92,1808.36,1808.96,1809.78,1810.79,1812.10,1813.54,1815.05,1816.59,1818.14,1819.67,1821.10,1822.30,1823.80,1825.59,1827.47,1829.19,1830.37,1831.15,1831.81,1832.42,1833.07,1833.95,1834.92,1835.95,1837.04,1838.12,1839.03,1840.00,1841.18,1842.70,1844.18,1845.69,1847.20,1848.63,1850.03,1851.28,1852.41,1853.40,1854.34,1855.26,1856.19,1857.11,1858.00,1858.95,1859.65,1860.17,1860.62,1861.02,1861.32,1861.52,1861.64,1861.79,1861.88,1861.80,1861.49,1860.84,1859.99,1858.05,1855.58,1853.01,1850.41,1847.20,1843.83,1840.50,1837.27,1834.15,1831.25,1828.69,1826.50,1823.86,1820.92,1817.53,1814.03,1811.90,1810.74,1810.10,1809.66,1809.15,1808.32,1806.75,1804.32,1800.84,1796.58,1793.10,1790.62,1789.04,1787.95,1787.31,1786.40,1785.04,1783.01,1779.86,1776.62,1773.59,1770.97,1769.14,1768.53,1768.76,1769.44,1770.22,1771.12,1771.94,1772.55,1772.88,1773.21,1772.70,1771.67,1770.14,1767.89,1764.93,1762.03,1759.14,1755.94,1752.52,1749.21,1746.02,1742.88,1739.69,1736.21,1732.54,1728.90,1725.69,1722.72,1719.39,1715.91,1712.42,1708.46,1703.49,1699.00,1695.40,1691.62,1683.86,1677.67,1673.26,1668.84,1663.22,1658.53,1654.42,1650.65,1647.61,1645.50,1645.02,1646.10,1648.34,1651.53,1654.82,1658.23,1662.15,1667.10,1672.61,1677.87,1682.61,1686.99,1690.51,1693.41,1695.70,1697.06,1697.81,1698.21,1697.99,1696.90,1695.31,1693.32,1690.76,1687.59,1683.83,1680.20,1676.98,1673.97,1670.93,1667.77,1664.57,1660.99,1656.61,1650.89,1644.84,1639.85,1635.87,1632.34,1628.49,1624.32,1619.91,1615.30,1610.59,1604.94,1600.80,1599.79,1603.49,1607.73,1612.13,1616.84,1622.12,1627.78,1632.67,1636.89,1640.63,1644.32,1647.71,1650.55,1652.86,1654.69,1656.42,1658.34,1660.48,1662.88,1665.77,1668.79,1671.76,1674.65,1677.49,1680.15,1682.52,1684.67,1686.53,1687.81,1688.55,1689.06,1689.37,1689.24,1689.00,1688.17,1686.77
1774.23,1776.20,1778.09,1779.87,1781.57,1783.17,1784.72,1786.33,1787.95,1789.53,1790.98,1792.38,1793.66,1794.90,1796.11,1797.27,1798.44,1799.56,1800.55,1801.35,1802.04,1802.64,1803.19,1803.72,1804.32,1804.77,1805.08,1805.21,1804.95,1804.75,1804.66,1804.68,1804.83,1805.15,1805.63,1806.28,1807.16,1808.18,1809.37,1810.70,1812.16,1813.70,1815.49,1817.38,1819.16,1820.57,1822.26,1824.16,1826.07,1827.87,1829.47,1830.46,1831.18,1831.81,1832.51,1833.52,1834.57,1835.62,1836.73,1837.84,1838.94,1840.19,1841.63,1843.17,1844.67,1846.19,1847.72,1849.17,1850.56,1851.85,1853.04,1854.13,1855.16,1856.13,1857.03,1857.89,1858.75,1859.63,1860.35,1860.92,1861.37,1861.78,1862.11,1862.31,1862.40,1862.54,1862.61,1862.33,1861.76,1861.04,1860.27,1858.40,1855.92,1853.31,1850.72,1847.74,1844.69,1841.68,1838.63,1835.73,1832.99,1830.63,1828.86,1826.53,1824.34,1821.64,1818.41,1816.12,1814.85,1814.11,1813.59,1813.02,1811.94,1809.95,1807.05,1803.18,1798.81,1795.95,1794.38,1793.63,1792.78,1792.01,1790.55,1788.54,1786.04,1782.42,1779.24,1776.55,1774.42,1773.19,1772.96,1773.31,1773.86,1774.20,1774.87,1775.38,1775.52,1775.27,1775.05,1773.65,1771.82,1769.74,1767.05,1764.08,1760.99,1757.73,1754.16,1750.53,1746.84,1743.40,1740.24,1736.77,1733.14,1729.72,1726.57,1723.62,1720.36,1716.71,1713.03,1709.44,1705.12,1700.65,1696.91,1693.79,1689.66,1681.74,1676.09,1672.27,1667.49,1661.52,1656.88,1653.17,1650.10,1648.09,1648.04,1648.75,1649.94,1652.10,1654.66,1657.60,1661.00,1665.24,1670.77,1676.51,1681.75,1686.38,1690.73,1694.11,1696.78,1698.89,1700.29,1700.96,1700.92,1700.24,1698.89,1697.01,1694.66,1691.99,1688.91,1685.14,1681.34,1677.96,1674.84,1671.68,1668.33,1664.93,1661.21,1656.76,1651.06,1645.72,1640.98,1636.80,1633.14,1629.27,1625.11,1620.72,1616.07,1611.24,1605.44,1601.68,1601.43,1605.59,1610.00,1614.80,1620.14,1626.14,1631.78,1636.28,1640.28,1644.05,1647.62,1650.53,1652.78,1654.68,1656.56,1658.56,1661.05,1663.76,1666.53,1669.54,1672.44,1675.28,1678.14,1681.05,1683.55,1685.77,1687.82,1689.70,1691.09,1691.93,1692.56,1692.98,1692.91,1692.67,1691.85,1690.38
1773.89,1775.74,1777.42,1779.02,1780.63,1782.24,1783.80,1785.40,1786.99,1788.53,1789.99,1791.34,1792.61,1793.82,1794.99,1796.09,1797.08,1798.00,1798.89,1799.71,1800.38,1800.97,1801.49,1801.98,1802.53,1802.93,1803.06,1802.88,1802.63,1802.37,1802.21,1802.16,1802.16,1802.38,1802.83,1803.50,1804.44,1805.54,1806.74,1808.03,1809.40,1810.85,1812.62,1814.56,1816.53,1818.47,1820.35,1822.19,1824.01,1825.83,1827.71,1829.43,1830.56,1831.24,1832.10,1833.14,1834.26,1835.40,1836.61,1837.86,1839.07,1840.44,1842.00,1843.55,1845.13,1846.69,1848.21,1849.67,1851.02,1852.32,1853.58,1854.77,1855.89,1856.95,1857.93,1858.82,1859.66,1860.43,1861.10,1861.66,1862.13,1862.57,1862.92,1863.12,1863.20,1863.29,1863.28,1862.80,1861.99,1861.18,1860.40,1858.75,1856.49,1853.95,1851.54,1848.86,1846.21,1843.62,1840.96,1838.69,1836.46,1834.35,1832.54,1830.71,1828.88,1826.57,1823.67,1821.12,1819.54,1818.49,1817.65,1816.66,1815.15,1812.56,1809.29,1805.65,1801.88,1799.30,1797.94,1797.44,1796.91,1796.77,1795.64,1793.20,1789.42,1785.83,1782.68,1780.21,1778.63,1777.84,1777.77,1778.01,1778.32,1778.52,1778.77,1778.67,1777.97,1776.52,1774.88,1773.08,1771.10,1768.76,1765.79,1762.70,1759.28,1755.57,1751.66,1747.94,1744.20,1740.46,1736.79,1733.25,1729.72,1726.62,1723.88,1720.92,1716.55,1712.57,1708.94,1705.23,1701.15,1697.73,1694.71,1691.25,1685.53,1679.49,1674.96,1670.94,1665.62,1660.14,1655.93,1653.12,1651.68,1650.95,1651.40,1652.37,1653.68,1655.60,1657.88,1660.89,1664.42,1668.79,1675.66,1681.16,1685.91,1690.38,1694.56,1697.78,1700.44,1702.79,1704.82,1706.09,1705.59,1703.86,1701.30,1698.56,1695.76,1692.93,1689.86,1686.13,1682.25,1678.72,1675.42,1672.10,1668.52,1664.81,1660.76,1656.10,1650.69,1646.08,1641.67,1637.41,1633.47,1629.35,1625.13,1620.78,1616.18,1611.29,1606.06,1603.19,1603.67,1607.69,1612.28,1617.50,1623.49,1630.10,1635.12,1639.26,1643.08,1646.67,1649.81,1652.21,1654.32,1656.31,1658.32,1660.95,1663.93,1667.03,1670.08,1672.95,1675.81,1678.75,1681.77,1684.78,1687.33,1689.80,1692.05,1693.77,1694.89,1695.63,1696.25,1696.70,1696.58,1696.23,1695.32,1693.75
1773.34,1775.05,1776.64,1778.20,1779.74,1781.28,1782.85,1784.42,1785.95,1787.45,1788.88,1790.21,1791.41,1792.56,1793.66,1794.64,1795.47,1796.29,1797.11,1797.84,1798.43,1799.01,1799.58,1800.04,1800.29,1800.51,1800.49,1800.13,1799.78,1799.46,1799.28,1799.23,1799.19,1799.42,1799.93,1800.68,1801.71,1802.93,1804.21,1805.55,1806.97,1808.43,1810.11,1812.01,1814.07,1816.24,1818.25,1820.11,1821.92,1823.76,1825.72,1827.75,1829.32,1830.44,1831.61,1832.75,1833.94,1835.16,1836.41,1837.69,1839.04,1840.54,1842.15,1843.73,1845.32,1846.93,1848.54,1850.08,1851.47,1852.79,1854.05,1855.29,1856.50,1857.66,1858.71,1859.64,1860.48,1861.20,1861.88,1862.48,1862.92,1863.38,1863.70,1863.89,1863.96,1863.97,1863.87,1863.35,1862.52,1861.64,1860.78,1859.40,1857.47,1855.16,1853.11,1851.03,1848.64,1846.05,1843.82,1841.85,1839.91,1838.01,1836.25,1834.54,1832.81,1830.85,1828.62,1826.44,1824.78,1823.31,1821.86,1820.30,1818.34,1815.60,1812.40,1809.09,1806.06,1803.95,1802.73,1802.12,1801.53,1801.36,1800.36,1798.05,1794.14,1789.84,1786.41,1784.30,1783.60,1783.56,1783.63,1783.32,1782.77,1782.48,1781.97,1780.76,1778.95,1776.65,1774.23,1772.19,1769.93,1767.20,1764.08,1760.83,1757.18,1753.24,1749.17,1745.26,1741.30,1737.27,1733.26,1729.58,1726.08,1722.74,1719.46,1716.04,1712.14,1708.36,1704.70,1701.09,1697.50,1694.67,1691.75,1687.85,1681.96,1677.19,1673.22,1669.07,1663.79,1659.02,1656.28,1654.99,1654.65,1654.45,1655.00,1656.05,1657.45,1659.26,1661.55,1664.73,1668.81,1674.02,1680.36,1685.40,1689.94,1694.32,1698.18,1701.25,1703.94,1706.34,1708.27,1709.51,1708.77,1706.54,1703.26,1699.90,1696.77,1693.75,1690.57,1686.85,1682.94,1679.28,1675.76,1672.19,1668.42,1664.39,1660.05,1655.31,1650.21,1646.01,1641.90,1637.65,1633.28,1628.92,1624.69,1620.39,1615.82,1610.97,1606.33,1604.47,1605.91,1609.92,1614.61,1620.73,1627.40,1633.41,1638.05,1642.03,1645.69,1648.97,1651.60,1653.75,1655.80,1657.97,1660.53,1663.73,1667.04,1670.31,1673.45,1676.33,1679.34,1682.48,1685.68,1688.83,1691.71,1694.25,1696.29,1697.62,1698.47,1699.00,1699.49,1699.89,1699.66,1699.22,1698.38,1696.92
1772.67,1774.25,1775.84,1777.39,1778.88,1780.32,1781.89,1783.39,1784.87,1786.31,1787.69,1788.99,1790.11,1791.14,1792.16,1792.98,1793.71,1794.48,1795.24,1795.81,1796.30,1796.89,1797.50,1797.88,1797.68,1797.63,1797.46,1796.99,1796.50,1796.16,1796.02,1796.00,1795.99,1796.31,1796.94,1797.84,1798.97,1800.34,1801.76,1803.23,1804.76,1806.30,1807.87,1809.69,1811.74,1813.94,1816.03,1817.96,1819.81,1821.67,1823.60,1825.63,1827.57,1829.31,1830.83,1832.17,1833.47,1834.75,1835.99,1837.28,1838.85,1840.51,1842.15,1843.78,1845.37,1847.05,1848.79,1850.44,1851.92,1853.25,1854.50,1855.76,1857.05,1858.29,1859.40,1860.36,1861.20,1861.93,1862.67,1863.32,1863.73,1864.17,1864.45,1864.61,1864.65,1864.58,1864.39,1863.95,1863.26,1862.34,1861.37,1860.25,1858.76,1856.84,1855.29,1853.96,1851.80,1849.01,1847.08,1845.16,1843.30,1841.53,1839.85,1838.05,1836.28,1834.63,1833.12,1831.60,1830.01,1828.15,1826.06,1823.94,1821.57,1818.93,1816.07,1813.13,1810.80,1809.19,1808.05,1807.18,1806.35,1805.76,1804.71,1802.77,1799.29,1794.02,1790.28,1788.55,1788.76,1789.51,1789.64,1788.60,1786.98,1785.96,1784.44,1781.91,1778.97,1776.13,1773.37,1771.10,1768.46,1765.27,1762.05,1758.62,1754.83,1750.80,1746.70,1742.56,1738.31,1733.95,1729.63,1725.69,1722.08,1718.22,1714.09,1710.18,1707.58,1704.30,1700.61,1697.14,1694.03,1691.43,1688.26,1684.04,1678.91,1674.96,1671.23,1667.10,1662.34,1658.43,1657.60,1658.02,1658.40,1658.30,1658.76,1659.78,1661.23,1663.04,1665.57,1669.01,1673.81,1680.00,1684.82,1689.34,1693.83,1698.11,1701.58,1704.51,1707.19,1709.48,1710.91,1711.63,1710.74,1708.38,1704.76,1701.01,1697.65,1694.40,1691.05,1687.32,1683.40,1679.60,1675.83,1671.97,1668.01,1663.68,1659.13,1654.41,1649.65,1645.66,1641.81,1637.65,1632.83,1628.25,1624.05,1619.78,1615.15,1610.42,1606.41,1605.61,1608.07,1612.22,1617.13,1624.27,1631.41,1636.23,1640.65,1644.59,1648.08,1650.99,1653.12,1655.20,1657.29,1659.73,1663.11,1666.78,1670.27,1673.58,1676.73,1679.72,1683.01,1686.39,1689.78,1693.11,1696.36,1698.80,1700.43,1701.29,1701.90,1702.15,1702.42,1702.68,1702.32,1701.78,1701.02,1699.73
1772.14,1773.64,1775.12,1776.61,1778.06,1779.45,1780.88,1782.34,1783.78,1785.17,1786.45,1787.60,1788.64,1789.59,1790.42,1791.19,1791.91,1792.61,1793.27,1793.76,1794.19,1794.74,1795.20,1795.13,1794.56,1794.15,1793.71,1793.15,1792.79,1792.56,1792.45,1792.48,1792.63,1793.05,1793.85,1794.92,1796.24,1797.80,1799.46,1801.10,1802.68,1804.23,1805.81,1807.62,1809.61,1811.66,1813.79,1815.72,1817.60,1819.49,1821.33,1823.29,1825.14,1826.91,1828.74,1830.61,1832.09,1833.36,1834.69,1836.23,1838.28,1840.31,1842.11,1843.88,1845.59,1847.36,1849.13,1850.76,1852.25,1853.66,1855.03,1856.35,1857.62,1858.86,1859.98,1860.94,1861.80,1862.59,1863.38,1864.05,1864.51,1864.84,1865.07,1865.16,1865.12,1864.99,1864.82,1864.53,1864.00,1863.09,1862.22,1861.32,1860.31,1859.21,1858.37,1857.60,1855.88,1853.27,1850.91,1848.61,1846.51,1844.59,1842.80,1841.12,1839.48,1837.87,1836.30,1834.76,1833.19,1831.52,1829.64,1827.40,1824.97,1822.40,1819.77,1817.13,1814.85,1813.13,1811.96,1811.20,1810.50,1809.65,1808.36,1806.09,1802.09,1797.09,1793.80,1792.29,1792.32,1792.85,1792.63,1791.52,1789.87,1788.06,1785.22,1781.96,1778.76,1775.82,1772.85,1769.87,1766.69,1763.29,1759.86,1756.19,1752.32,1748.32,1744.20,1739.95,1735.57,1730.78,1725.63,1721.10,1716.70,1712.81,1709.47,1706.59,1704.26,1701.30,1697.78,1693.98,1690.53,1687.67,1684.54,1680.80,1676.69,1673.43,1670.13,1666.54,1662.81,1659.83,1659.77,1660.87,1661.85,1662.09,1662.61,1663.54,1664.89,1666.87,1669.83,1673.90,1678.84,1684.24,1688.68,1693.08,1697.36,1701.27,1704.42,1707.31,1709.66,1711.55,1712.87,1712.69,1711.33,1708.81,1705.21,1701.51,1697.97,1694.54,1691.06,1687.28,1683.29,1679.24,1675.21,1671.16,1666.90,1662.39,1657.80,1653.26,1649.00,1645.20,1641.49,1637.47,1632.69,1628.06,1623.76,1619.31,1614.46,1609.91,1606.80,1606.79,1609.78,1614.51,1620.65,1627.64,1634.03,1638.58,1642.74,1646.68,1649.94,1652.38,1654.46,1656.54,1658.91,1661.97,1666.15,1669.91,1673.43,1676.81,1680.08,1683.40,1686.82,1690.37,1693.98,1697.43,1700.23,1702.44,1703.99,1704.76,1705.37,1705.38,1705.29,1705.21,1704.68,1703.87,1702.69,1701.15
1771.58,1773.04,1774.46,1775.87,1777.26,1778.60,1779.90,1781.27,1782.64,1783.94,1785.09,1786.10,1787.03,1787.87,1788.59,1789.30,1790.00,1790.65,1791.22,1791.68,1792.09,1792.46,1792.62,1792.15,1791.27,1790.55,1789.94,1789.36,1788.92,1788.65,1788.48,1788.47,1788.75,1789.43,1790.54,1791.94,1793.57,1795.27,1797.08,1798.85,1800.54,1802.16,1803.80,1805.61,1807.54,1809.47,1811.53,1813.44,1815.28,1817.10,1818.89,1820.80,1822.58,1824.27,1826.19,1828.42,1830.26,1831.79,1833.31,1835.07,1837.44,1839.82,1841.90,1843.84,1845.74,1847.64,1849.47,1851.06,1852.54,1854.01,1855.46,1856.85,1858.16,1859.41,1860.50,1861.46,1862.33,1863.20,1864.00,1864.65,1865.08,1865.34,1865.52,1865.56,1865.47,1865.32,1865.19,1865.02,1864.67,1863.92,1863.19,1862.44,1861.77,1861.26,1860.90,1860.51,1859.30,1857.19,1854.73,1852.10,1849.72,1847.59,1845.66,1844.03,1842.43,1840.79,1839.14,1837.57,1836.05,1834.56,1832.89,1830.71,1828.36,1825.99,1823.60,1821.20,1818.85,1816.97,1815.63,1814.75,1814.02,1812.97,1811.46,1809.04,1805.08,1800.41,1797.35,1795.84,1795.62,1795.73,1795.04,1793.76,1791.93,1789.23,1785.51,1781.82,1778.39,1775.19,1771.95,1768.48,1764.98,1761.47,1757.87,1754.06,1750.09,1745.99,1741.85,1737.66,1733.22,1728.37,1723.26,1718.90,1714.83,1711.33,1708.46,1706.20,1703.81,1700.82,1697.34,1693.57,1690.06,1687.02,1683.88,1680.50,1677.13,1674.25,1671.07,1667.65,1664.42,1661.84,1662.14,1663.62,1665.01,1665.73,1666.43,1667.31,1668.60,1670.81,1674.06,1678.46,1683.33,1688.04,1692.29,1696.54,1700.56,1704.13,1707.08,1709.87,1711.89,1713.37,1714.43,1713.38,1711.54,1708.89,1705.32,1701.74,1698.12,1694.51,1690.86,1686.94,1682.82,1678.50,1674.18,1670.02,1665.63,1661.11,1656.60,1652.25,1648.32,1644.66,1641.02,1637.14,1632.72,1628.38,1624.04,1619.36,1614.29,1609.77,1607.47,1608.28,1611.82,1617.07,1624.18,1630.68,1636.09,1640.42,1644.41,1648.23,1651.29,1653.48,1655.60,1657.69,1660.61,1664.49,1669.10,1672.92,1676.46,1679.89,1683.30,1686.87,1690.51,1694.20,1697.85,1701.16,1703.69,1705.80,1707.43,1708.28,1708.67,1707.98,1706.88,1705.84,1705.15,1704.37,1703.27,1701.87
1770.96,1772.43,1773.88,1775.20,1776.47,1777.72,1778.96,1780.18,1781.40,1782.58,1783.55,1784.49,1785.25,1785.96,1786.68,1787.28,1787.94,1788.57,1789.10,1789.55,1789.94,1789.99,1789.66,1788.94,1787.83,1786.93,1786.28,1785.77,1784.92,1784.40,1784.03,1783.83,1784.15,1785.32,1786.95,1788.87,1790.94,1792.75,1794.54,1796.38,1798.25,1800.05,1801.77,1803.59,1805.51,1807.38,1809.27,1811.09,1812.80,1814.44,1816.21,1818.15,1819.95,1821.58,1823.26,1825.57,1827.96,1830.15,1832.01,1833.87,1836.29,1838.90,1841.40,1843.55,1845.72,1847.84,1849.76,1851.31,1852.79,1854.26,1855.72,1857.19,1858.68,1859.92,1860.97,1861.90,1862.83,1863.74,1864.52,1865.08,1865.35,1865.59,1865.77,1865.81,1865.72,1865.58,1865.48,1865.38,1865.22,1864.86,1864.27,1863.60,1863.03,1862.70,1862.43,1862.18,1861.51,1860.28,1858.38,1855.63,1852.97,1850.60,1848.53,1846.80,1845.07,1843.37,1841.78,1840.35,1838.93,1837.45,1835.81,1833.82,1831.71,1829.70,1827.63,1825.33,1822.92,1820.95,1819.27,1817.87,1816.76,1815.56,1813.92,1811.78,1808.84,1804.38,1801.04,1799.26,1798.89,1798.53,1797.33,1795.53,1793.05,1789.34,1785.51,1781.68,1777.88,1774.10,1770.44,1766.92,1763.43,1759.91,1756.22,1752.46,1748.30,1743.96,1739.80,1735.91,1731.49,1727.16,1723.46,1720.46,1718.45,1715.81,1712.64,1710.03,1707.38,1703.88,1700.22,1697.08,1694.08,1691.08,1687.83,1684.40,1681.30,1678.34,1674.77,1670.85,1667.18,1664.25,1664.62,1666.27,1667.85,1669.18,1670.20,1671.10,1672.36,1674.90,1678.17,1682.37,1687.00,1691.57,1695.68,1699.64,1703.35,1706.70,1709.63,1712.24,1713.99,1715.10,1715.58,1713.80,1711.57,1708.78,1705.23,1701.71,1698.09,1694.35,1690.45,1686.26,1681.97,1677.32,1672.71,1668.55,1664.29,1659.95,1655.66,1651.53,1647.67,1644.05,1640.40,1636.68,1632.94,1629.34,1625.07,1620.17,1614.91,1610.17,1608.51,1610.21,1614.50,1620.01,1627.48,1633.25,1637.62,1641.63,1645.58,1649.12,1652.02,1654.30,1656.52,1658.65,1662.42,1667.31,1671.80,1675.74,1679.32,1682.79,1686.29,1689.97,1693.95,1697.77,1701.18,1704.01,1706.68,1708.97,1710.79,1711.86,1711.58,1709.45,1706.48,1703.69,1702.87,1702.63,1702.44,1701.86
1770.25,1771.73,1773.11,1774.38,1775.60,1776.79,1777.95,1779.05,1780.09,1781.06,1781.90,1782.76,1783.43,1784.04,1784.67,1785.19,1785.84,1786.39,1786.77,1787.09,1787.13,1786.66,1785.82,1784.81,1783.78,1783.08,1782.67,1782.32,1781.52,1780.91,1780.46,1780.21,1780.50,1781.63,1783.22,1785.17,1787.52,1789.80,1791.90,1793.83,1795.59,1797.34,1799.11,1800.98,1802.86,1804.65,1806.53,1808.34,1810.06,1811.71,1813.52,1815.42,1817.20,1818.81,1820.51,1822.74,1825.27,1827.78,1830.06,1832.37,1834.98,1837.72,1840.42,1842.83,1845.29,1847.72,1849.90,1851.50,1853.03,1854.53,1856.03,1857.50,1859.03,1860.28,1861.32,1862.26,1863.22,1864.15,1864.84,1865.29,1865.55,1865.79,1866.02,1866.12,1866.03,1865.92,1865.84,1865.73,1865.60,1865.38,1865.02,1864.61,1864.27,1864.08,1863.92,1863.77,1863.35,1862.51,1861.11,1858.80,1856.24,1853.72,1851.40,1849.49,1847.69,1846.00,1844.44,1843.01,1841.61,1840.20,1838.68,1836.91,1834.91,1833.02,1831.15,1829.15,1827.08,1825.11,1823.17,1821.28,1819.69,1818.14,1816.32,1814.20,1811.67,1808.22,1805.02,1803.04,1802.34,1801.14,1799.33,1796.79,1793.51,1789.47,1785.76,1782.21,1778.36,1773.98,1769.70,1765.98,1762.42,1758.86,1755.28,1751.78,1747.81,1743.68,1739.98,1736.77,1733.03,1729.34,1726.21,1723.75,1722.25,1720.33,1717.92,1715.73,1712.86,1709.14,1705.38,1702.23,1699.17,1695.91,1692.52,1689.05,1685.58,1681.76,1677.40,1672.79,1668.65,1666.48,1667.26,1669.46,1671.95,1673.73,1674.44,1674.93,1675.93,1678.46,1681.78,1685.91,1690.36,1694.73,1698.92,1702.59,1706.03,1709.34,1712.40,1715.11,1716.67,1717.16,1716.60,1714.27,1711.84,1709.02,1705.47,1701.58,1697.35,1693.14,1689.04,1684.86,1680.31,1675.35,1670.71,1666.95,1662.97,1659.09,1655.38,1651.80,1648.26,1644.53,1640.72,1637.05,1633.78,1630.60,1626.46,1621.59,1616.24,1610.99,1610.11,1612.73,1617.67,1623.54,1629.80,1634.63,1638.57,1642.44,1646.34,1649.81,1652.75,1655.20,1657.49,1660.30,1664.70,1669.90,1674.31,1678.25,1681.80,1685.27,1688.91,1692.75,1696.70,1700.37,1703.63,1706.56,1709.33,1711.83,1713.42,1713.01,1710.05,1705.73,1701.99,1699.93,1699.81,1700.42,1700.97,1700.76
1769.43,1770.97,1772.26,1773.48,1774.66,1775.80,1776.86,1777.83,1778.68,1779.45,1780.22,1780.95,1781.54,1782.06,1782.60,1783.09,1783.70,1784.15,1784.35,1784.46,1784.07,1783.13,1781.90,1780.66,1779.73,1779.29,1779.11,1778.92,1778.29,1777.73,1777.32,1777.12,1777.36,1778.36,1779.69,1781.47,1783.93,1786.58,1789.00,1791.03,1792.71,1794.40,1796.23,1798.13,1800.01,1801.75,1803.63,1805.45,1807.20,1808.96,1810.85,1812.75,1814.53,1816.20,1817.96,1820.09,1822.59,1825.27,1827.99,1830.82,1833.64,1836.50,1839.34,1842.04,1844.76,1847.49,1849.94,1851.63,1853.20,1854.74,1856.26,1857.76,1859.30,1860.57,1861.63,1862.60,1863.59,1864.49,1865.07,1865.42,1865.72,1865.97,1866.27,1866.41,1866.35,1866.27,1866.20,1866.09,1865.95,1865.81,1865.66,1865.50,1865.38,1865.30,1865.25,1865.17,1864.90,1864.34,1863.40,1861.75,1859.47,1856.86,1854.27,1852.20,1850.37,1848.69,1847.13,1845.64,1844.23,1842.87,1841.49,1839.89,1838.00,1836.19,1834.44,1832.70,1830.94,1829.01,1826.93,1824.78,1822.78,1820.85,1818.80,1816.58,1814.16,1811.65,1808.79,1806.71,1805.55,1803.53,1801.14,1797.91,1793.97,1789.83,1786.32,1783.07,1779.29,1774.48,1769.56,1765.61,1761.97,1758.38,1754.97,1751.79,1748.24,1744.57,1741.40,1738.82,1735.94,1732.99,1730.25,1727.93,1726.22,1724.63,1723.04,1721.36,1718.44,1714.82,1711.09,1707.61,1704.18,1700.61,1697.06,1693.49,1689.53,1684.83,1679.66,1674.37,1669.88,1668.88,1670.36,1673.19,1676.55,1678.77,1679.28,1679.38,1679.96,1682.11,1685.32,1689.34,1693.62,1697.82,1702.09,1705.58,1708.88,1712.24,1715.39,1718.09,1719.36,1719.21,1717.69,1714.96,1712.32,1709.36,1705.59,1701.19,1696.23,1691.54,1687.29,1683.15,1678.33,1673.24,1668.85,1665.76,1662.22,1658.89,1655.79,1652.79,1649.57,1645.71,1641.64,1637.84,1634.86,1631.89,1627.85,1622.99,1617.55,1612.04,1611.94,1615.31,1620.67,1626.67,1631.49,1635.51,1639.24,1643.06,1646.95,1650.40,1653.44,1656.08,1658.52,1662.18,1667.06,1672.30,1676.68,1680.58,1684.06,1687.55,1691.33,1695.32,1699.10,1702.54,1705.72,1708.87,1711.78,1714.35,1715.27,1712.65,1706.96,1700.79,1696.67,1695.56,1696.29,1697.70,1698.74,1698.59
1768.32,1770.02,1771.32,1772.47,1773.59,1774.67,1775.63,1776.36,1777.05,1777.77,1778.52,1779.05,1779.46,1779.88,1780.43,1781.01,1781.50,1781.80,1781.86,1781.64,1780.86,1779.79,1778.59,1777.37,1776.37,1775.88,1775.67,1775.51,1775.03,1774.80,1774.73,1774.78,1775.02,1775.97,1776.95,1778.33,1780.58,1782.89,1785.30,1787.49,1789.40,1791.31,1793.22,1795.18,1797.10,1798.87,1800.67,1802.46,1804.28,1806.19,1808.25,1810.38,1812.35,1814.15,1815.98,1817.96,1820.33,1823.07,1826.13,1829.35,1832.42,1835.44,1838.46,1841.42,1844.32,1847.23,1849.84,1851.57,1853.14,1854.69,1856.25,1857.83,1859.43,1860.77,1861.95,1863.02,1863.95,1864.74,1865.23,1865.55,1865.86,1866.15,1866.45,1866.64,1866.65,1866.59,1866.56,1866.49,1866.41,1866.36,1866.22,1866.10,1866.01,1865.97,1866.05,1866.01,1865.90,1865.67,1865.13,1864.32,1862.55,1860.01,1857.17,1855.06,1853.26,1851.57,1849.91,1848.28,1846.84,1845.47,1844.05,1842.49,1840.84,1839.22,1837.52,1835.63,1833.71,1831.81,1830.02,1828.25,1826.18,1824.00,1821.66,1819.14,1816.44,1813.84,1811.58,1809.64,1807.79,1805.35,1802.58,1799.10,1795.09,1791.04,1787.64,1784.39,1780.71,1776.08,1770.69,1766.58,1762.89,1759.31,1756.13,1753.20,1750.42,1747.63,1744.72,1742.24,1740.14,1738.14,1735.99,1733.37,1730.52,1728.23,1726.50,1724.82,1722.45,1719.69,1716.31,1712.07,1707.85,1704.08,1700.37,1696.49,1692.29,1687.36,1681.72,1675.98,1671.64,1672.06,1674.81,1678.23,1681.58,1684.33,1685.65,1685.88,1685.73,1686.60,1689.18,1692.80,1696.86,1701.04,1705.24,1708.83,1712.38,1715.94,1718.85,1720.86,1721.47,1720.85,1719.13,1716.32,1713.30,1709.65,1705.02,1700.07,1694.61,1689.68,1685.39,1681.11,1676.14,1671.52,1668.03,1666.03,1663.37,1660.63,1657.94,1655.23,1652.08,1648.18,1643.62,1639.20,1636.05,1632.99,1628.86,1623.76,1618.11,1613.45,1613.98,1617.53,1622.60,1627.93,1632.12,1635.84,1639.53,1643.45,1647.47,1650.93,1653.99,1656.79,1659.62,1664.13,1669.21,1674.25,1678.81,1682.53,1685.97,1689.53,1693.39,1697.43,1700.97,1704.27,1707.49,1710.71,1713.90,1716.05,1715.26,1709.66,1703.07,1697.02,1692.64,1690.82,1692.04,1693.69,1694.58,1693.93
1767.02,1768.74,1770.19,1771.41,1772.47,1773.41,1774.20,1774.81,1775.43,1776.07,1776.60,1777.02,1777.20,1777.34,1777.58,1777.91,1778.41,1778.66,1778.48,1777.99,1777.09,1776.06,1775.00,1773.93,1772.99,1772.46,1772.18,1772.02,1771.72,1771.77,1771.96,1772.21,1772.53,1773.32,1774.13,1775.29,1777.21,1779.29,1781.59,1783.81,1785.89,1788.04,1790.17,1792.28,1794.24,1795.89,1797.63,1799.47,1801.41,1803.47,1805.68,1808.07,1810.25,1812.18,1814.09,1816.28,1818.77,1821.62,1824.93,1828.40,1831.67,1834.86,1838.03,1841.16,1844.14,1846.97,1849.49,1851.35,1853.02,1854.64,1856.28,1857.93,1859.55,1860.91,1862.14,1863.29,1864.30,1864.96,1865.37,1865.67,1865.99,1866.30,1866.58,1866.81,1866.94,1866.99,1866.99,1866.97,1866.93,1866.92,1866.81,1866.72,1866.65,1866.63,1866.77,1866.81,1866.83,1866.77,1866.41,1866.04,1864.83,1862.95,1860.76,1858.48,1856.43,1854.60,1852.93,1851.27,1849.78,1848.21,1846.57,1845.03,1843.50,1841.95,1840.23,1838.26,1836.26,1834.33,1832.62,1831.04,1829.14,1827.04,1824.49,1821.58,1818.55,1815.94,1813.82,1811.76,1809.50,1806.77,1803.72,1800.18,1796.28,1792.35,1789.02,1785.77,1782.14,1777.68,1772.30,1767.95,1764.17,1760.73,1757.73,1755.06,1753.07,1751.14,1748.45,1745.74,1743.91,1742.36,1740.59,1738.31,1735.62,1733.15,1730.93,1728.60,1726.06,1723.49,1720.40,1716.25,1711.50,1707.21,1703.11,1698.95,1694.48,1689.62,1683.46,1677.36,1674.05,1675.54,1679.26,1683.54,1687.67,1691.35,1693.20,1693.46,1692.86,1692.65,1694.02,1696.88,1700.62,1704.77,1708.81,1712.59,1716.16,1719.39,1721.82,1723.44,1723.64,1722.69,1720.84,1717.58,1713.98,1709.79,1704.71,1699.16,1693.30,1688.35,1684.34,1680.50,1676.52,1672.84,1669.92,1668.02,1665.57,1662.99,1660.27,1657.31,1654.06,1650.25,1645.59,1640.84,1637.18,1633.96,1629.78,1624.49,1618.61,1614.50,1615.39,1618.90,1623.64,1628.55,1632.52,1636.13,1639.88,1644.07,1648.40,1651.92,1655.01,1657.95,1661.13,1665.87,1670.96,1675.94,1680.51,1684.19,1687.71,1691.39,1695.30,1699.17,1702.43,1705.60,1708.76,1711.57,1713.57,1714.14,1712.03,1705.90,1699.13,1693.30,1688.69,1686.13,1687.32,1689.12,1690.11,1689.45
1765.57,1767.21,1768.86,1770.20,1771.26,1772.03,1772.62,1773.21,1773.81,1774.31,1774.53,1774.85,1774.81,1774.56,1774.34,1774.22,1774.75,1774.95,1774.48,1773.76,1772.92,1772.05,1771.17,1770.29,1769.49,1768.93,1768.58,1768.38,1768.29,1768.57,1768.94,1769.34,1769.81,1770.39,1771.20,1772.30,1773.83,1775.77,1777.91,1780.08,1782.27,1784.58,1786.94,1789.25,1791.29,1792.82,1794.55,1796.54,1798.66,1800.85,1803.16,1805.83,1808.27,1810.37,1812.43,1815.06,1817.84,1820.87,1824.34,1827.92,1831.33,1834.66,1837.96,1841.14,1844.09,1846.68,1848.96,1850.99,1852.80,1854.56,1856.31,1858.01,1859.65,1860.98,1862.22,1863.44,1864.59,1865.13,1865.48,1865.78,1866.08,1866.38,1866.64,1866.89,1867.16,1867.37,1867.42,1867.45,1867.47,1867.48,1867.41,1867.34,1867.29,1867.32,1867.46,1867.61,1867.72,1867.71,1867.42,1867.17,1866.50,1865.58,1864.46,1862.02,1859.67,1857.71,1856.13,1854.56,1853.04,1851.20,1849.23,1847.63,1846.07,1844.47,1842.70,1840.70,1838.69,1836.68,1834.90,1833.34,1831.72,1829.88,1827.26,1824.02,1820.61,1817.95,1815.61,1813.28,1810.81,1807.92,1804.69,1801.19,1797.49,1793.71,1790.43,1787.14,1783.50,1779.21,1774.18,1769.62,1765.74,1762.49,1759.65,1757.26,1755.98,1754.87,1752.49,1749.48,1747.49,1745.90,1744.26,1742.67,1740.91,1738.67,1735.89,1732.67,1729.49,1726.58,1723.63,1720.09,1715.13,1710.14,1705.49,1701.05,1696.32,1691.64,1685.02,1678.74,1677.01,1679.47,1683.94,1689.13,1694.41,1699.07,1701.19,1701.47,1700.68,1699.73,1699.69,1701.61,1704.90,1708.94,1712.77,1716.71,1720.11,1722.64,1724.49,1725.91,1725.89,1724.72,1722.73,1718.85,1714.60,1710.03,1704.84,1698.88,1692.81,1688.00,1684.44,1681.35,1678.93,1676.37,1673.75,1671.26,1668.45,1665.71,1662.62,1659.09,1655.64,1651.93,1647.44,1642.59,1638.27,1634.83,1630.60,1625.17,1619.11,1615.30,1616.30,1619.64,1624.04,1628.76,1632.76,1636.39,1640.29,1644.95,1649.65,1653.26,1656.40,1659.49,1662.93,1667.45,1672.45,1677.45,1681.90,1685.67,1689.28,1693.00,1696.83,1700.34,1703.21,1706.08,1708.96,1711.06,1711.13,1709.71,1706.71,1701.54,1695.00,1689.40,1684.61,1681.40,1682.23,1684.08,1685.35,1685.07
1763.86,1765.48,1767.09,1768.40,1769.49,1770.39,1770.99,1771.49,1771.92,1772.25,1772.39,1772.42,1772.22,1771.91,1771.62,1771.36,1771.37,1771.08,1770.36,1769.63,1768.80,1767.92,1767.04,1766.20,1765.42,1764.83,1764.45,1764.30,1764.28,1764.76,1765.28,1765.77,1766.43,1767.14,1768.03,1769.13,1770.55,1772.32,1774.36,1776.52,1778.68,1780.66,1782.65,1785.01,1787.44,1789.44,1791.62,1793.91,1796.25,1798.60,1800.98,1803.86,1806.67,1809.26,1811.86,1814.88,1817.99,1821.23,1824.71,1828.24,1831.50,1834.80,1838.16,1841.12,1843.71,1846.06,1848.25,1850.36,1852.26,1854.13,1856.00,1857.83,1859.63,1860.99,1862.23,1863.47,1864.63,1865.15,1865.49,1865.76,1865.93,1866.19,1866.46,1866.71,1866.94,1867.21,1867.42,1867.63,1867.86,1868.02,1868.02,1867.96,1867.95,1868.05,1868.20,1868.40,1868.56,1868.62,1868.46,1868.32,1867.86,1867.08,1865.88,1863.88,1862.15,1860.67,1859.37,1858.21,1856.93,1855.15,1853.00,1850.88,1848.80,1846.96,1845.13,1843.13,1841.12,1839.07,1837.20,1835.53,1833.92,1832.11,1829.92,1827.02,1823.07,1819.56,1816.88,1814.43,1811.88,1809.07,1805.70,1802.18,1798.63,1795.09,1791.83,1788.32,1784.48,1780.29,1775.86,1771.60,1767.81,1764.57,1761.86,1759.89,1758.96,1758.39,1757.15,1754.63,1751.97,1749.49,1747.32,1745.71,1744.03,1742.04,1739.73,1736.98,1733.33,1729.71,1726.25,1722.74,1718.61,1713.23,1707.91,1703.08,1698.27,1693.24,1686.73,1681.10,1680.59,1685.09,1690.38,1695.64,1700.66,1704.84,1707.01,1707.61,1707.19,1706.50,1706.32,1707.69,1710.31,1713.79,1717.37,1721.02,1723.94,1725.94,1727.57,1728.47,1728.24,1726.96,1724.57,1720.73,1716.24,1711.49,1706.58,1701.50,1696.00,1691.48,1688.08,1685.17,1682.97,1680.61,1677.98,1675.05,1671.50,1668.12,1664.61,1660.82,1656.99,1653.03,1648.60,1643.88,1639.30,1635.54,1631.08,1625.65,1619.83,1616.23,1616.98,1620.02,1624.19,1628.80,1632.80,1636.51,1640.88,1646.53,1651.21,1654.78,1658.00,1661.27,1664.85,1669.02,1673.88,1678.90,1683.21,1687.19,1690.44,1693.49,1696.62,1699.37,1701.33,1702.97,1704.56,1706.17,1706.22,1704.98,1701.98,1696.36,1689.86,1684.32,1679.51,1676.18,1676.70,1678.43,1679.88,1680.09
1762.00,1763.63,1765.15,1766.43,1767.55,1768.51,1769.15,1769.60,1769.90,1770.07,1770.15,1769.91,1769.61,1769.30,1768.98,1768.68,1768.20,1767.47,1766.54,1765.74,1764.87,1763.99,1763.13,1762.31,1761.57,1760.99,1760.64,1760.52,1760.54,1761.09,1761.69,1762.27,1763.05,1763.92,1764.89,1766.01,1767.37,1769.03,1770.96,1773.06,1775.17,1776.93,1778.75,1781.25,1784.17,1786.96,1789.73,1792.37,1794.95,1797.53,1800.09,1803.12,1806.18,1809.15,1812.13,1815.33,1818.63,1821.98,1825.38,1828.82,1831.90,1835.05,1838.31,1841.09,1843.40,1845.57,1847.69,1849.78,1851.77,1853.72,1855.68,1857.64,1859.55,1860.96,1862.20,1863.41,1864.56,1865.10,1865.42,1865.64,1865.75,1865.97,1866.23,1866.44,1866.62,1866.93,1867.20,1867.54,1867.93,1868.24,1868.39,1868.46,1868.56,1868.75,1868.91,1869.12,1869.32,1869.43,1869.41,1869.37,1869.08,1868.42,1867.26,1865.76,1864.54,1863.42,1862.33,1861.42,1860.38,1858.82,1856.78,1854.44,1851.93,1849.74,1847.69,1845.59,1843.55,1841.48,1839.50,1837.68,1835.98,1834.14,1832.19,1829.55,1825.52,1821.24,1818.09,1815.44,1812.85,1810.07,1806.58,1802.96,1799.45,1796.05,1792.73,1789.03,1785.01,1780.87,1776.98,1773.23,1769.81,1766.87,1764.54,1763.03,1762.25,1761.89,1761.35,1759.35,1756.51,1753.55,1750.88,1748.81,1746.80,1744.87,1742.93,1740.56,1736.78,1732.66,1728.68,1725.00,1721.40,1715.95,1710.18,1704.83,1699.80,1694.19,1688.11,1683.78,1684.84,1690.59,1696.24,1701.38,1706.02,1709.66,1712.05,1713.22,1713.48,1713.25,1713.05,1713.84,1715.77,1718.91,1722.30,1725.62,1728.22,1729.97,1731.27,1731.62,1731.00,1729.48,1726.82,1723.03,1718.47,1713.71,1709.11,1704.78,1699.91,1695.64,1692.20,1689.26,1686.79,1684.25,1681.45,1678.18,1674.11,1670.15,1666.25,1662.29,1658.17,1653.83,1649.33,1644.77,1640.30,1636.26,1631.57,1626.19,1620.71,1617.20,1617.63,1620.36,1624.37,1628.93,1633.12,1637.19,1642.15,1648.45,1652.88,1656.39,1659.68,1663.03,1666.58,1670.68,1675.53,1680.52,1684.71,1688.59,1691.38,1693.56,1695.50,1697.13,1697.71,1697.95,1698.34,1699.15,1699.12,1697.94,1694.98,1689.48,1683.38,1677.97,1673.24,1669.97,1670.29,1672.07,1673.78,1674.56
