1250.42,1245.71,1240.73,1235.03,1228.50,1222.73,1216.68,1211.81,1208.36,1205.06,1202.00,1199.13,1196.86,1195.76,1194.77,1193.60,1192.33,1191.09,1190.04,1188.99,1187.64,1185.84,1183.28,1179.93,1175.19,1169.84,1164.51,1158.89,1152.48,1146.63,1141.71,1136.90,1132.13,1127.85,1123.99,1120.51,1117.51,1114.84,1112.10,1108.63,1102.99,1096.45,1089.86,1083.38,1076.88,1071.00,1065.77,1061.27,1057.64,1054.42,1050.55,1044.66,1037.20,1031.16,1023.68,1017.16,1011.68,1006.47,1000.98,994.91,989.92,986.85,983.81,979.93,975.49,970.88,966.69,963.26,959.24,954.24,948.57,945.04,941.51,937.30,932.42,927.68,923.38,919.59,916.10,912.67,908.96,905.25,901.24,896.31,889.51,883.82,879.46,876.10,873.00,869.43,865.56,861.61,857.73,854.10,850.48,846.28,841.32,836.11,831.49,827.52,823.84,819.99,816.66,813.64,810.36,806.56,803.14,799.87,794.92,789.07,785.52,782.20,778.62,774.77,770.85,767.39,764.13,760.87,757.60,754.46,751.44,749.18,747.50,745.96,744.49,742.97,741.44,740.03,739.03,738.00,736.93,735.83,734.68,733.63,732.64,731.81,731.52,732.76,734.13,735.49,736.87,738.24,740.06,743.76,748.85,753.93,758.76,763.00,766.85,770.59,774.67,779.16,783.13,786.45,789.79,793.29,796.87,800.14,802.57,804.25,805.56,806.80,808.12,809.59,811.18,812.78,814.64,817.33,820.38,823.91,827.04,829.04,830.46,831.37,833.17,836.16,839.35,841.39,841.98,841.75,841.34,840.35,839.07,837.69,836.19,834.36,832.29,830.12,827.62,824.31,820.68,816.43,812.21,808.67,805.91,803.14,800.09,796.67,792.88,788.90,784.55,780.75,778.96,778.49,778.62,778.92,779.07,778.54,777.26,776.27,775.53,774.31,772.73,770.82,768.78,766.78,764.77,762.83,760.85,758.69,756.20,753.39,750.38,747.08,743.22,738.96,734.43,729.11,722.93,717.36,712.56,706.54,699.23,691.85,684.22,677.46,671.41,665.95,661.54,655.77,649.67,643.99,639.30,635.98,633.05,630.16,627.27,624.35,621.50,618.56,615.42,612.13,608.42,604.56,600.96,598.33
1247.05,1242.92,1237.50,1231.41,1225.34,1219.43,1213.21,1208.28,1204.87,1201.50,1198.37,1195.66,1193.55,1192.25,1191.11,1189.80,1188.40,1187.08,1186.19,1185.67,1184.61,1182.88,1180.55,1176.86,1172.20,1167.49,1163.09,1157.62,1151.48,1146.07,1141.57,1136.83,1131.73,1127.06,1122.84,1118.96,1115.66,1112.82,1109.82,1105.96,1100.22,1094.17,1088.09,1081.90,1075.43,1069.70,1064.71,1060.47,1057.10,1054.14,1050.38,1044.53,1037.35,1032.52,1026.06,1019.76,1014.10,1008.80,1002.86,996.37,990.80,986.80,982.68,977.47,972.19,967.62,964.48,961.16,956.71,951.62,946.76,943.03,939.12,934.88,930.38,925.81,921.44,917.75,914.46,910.94,906.83,903.05,898.94,893.85,887.85,882.47,878.39,875.35,872.35,868.91,865.00,860.77,856.42,852.45,848.75,844.72,839.81,833.59,828.99,825.33,821.96,818.41,814.98,811.99,808.60,804.41,800.54,796.61,792.19,787.65,784.16,780.70,777.01,773.17,769.45,766.29,763.58,760.92,758.08,755.00,752.05,749.77,748.04,746.51,745.03,743.51,741.97,740.49,739.31,738.17,737.06,735.95,734.80,733.70,732.68,731.97,732.05,733.11,734.34,735.64,737.01,738.44,740.54,744.63,750.56,757.30,762.40,766.57,770.50,774.60,779.13,783.04,786.63,790.18,793.98,797.85,800.81,803.09,805.06,806.70,808.00,809.23,810.50,811.83,813.36,814.91,816.38,817.73,819.45,821.47,823.73,826.03,827.53,828.30,829.37,831.49,835.19,837.76,838.41,838.06,837.67,836.40,834.79,833.39,832.30,830.79,828.88,826.79,824.48,821.57,818.16,814.24,810.60,807.85,805.36,802.94,800.46,797.67,794.17,791.23,787.65,784.22,782.52,782.10,782.20,782.17,781.62,780.35,778.65,776.81,774.97,773.28,771.51,769.06,766.57,764.66,762.62,760.54,758.38,756.07,753.48,750.75,747.73,744.49,740.99,736.79,732.28,726.86,720.61,715.66,710.85,704.58,697.08,689.66,681.98,675.05,668.93,663.51,658.24,651.71,645.86,641.39,637.55,634.29,631.30,628.52,626.08,623.58,621.17,618.57,615.51,611.95,608.20,604.41,600.88,598.26
1243.44,1239.22,1233.79,1228.01,1222.26,1215.21,1209.73,1205.44,1201.79,1197.99,1194.76,1192.00,1189.72,1188.06,1186.50,1185.01,1183.83,1183.14,1182.75,1182.35,1181.11,1178.97,1176.21,1172.64,1168.75,1164.80,1160.71,1155.65,1150.49,1145.87,1141.71,1137.06,1131.93,1127.00,1122.43,1118.20,1114.37,1110.85,1107.21,1103.05,1098.01,1092.82,1087.54,1082.16,1076.62,1071.17,1066.26,1061.85,1058.02,1055.09,1051.65,1046.26,1039.52,1034.85,1029.71,1023.55,1017.24,1011.94,1006.16,999.97,994.05,988.91,984.52,979.71,973.88,968.20,965.37,961.79,957.13,952.07,947.31,943.05,938.60,934.09,929.47,924.40,919.82,916.05,912.67,908.89,904.47,900.47,896.46,891.90,886.40,881.32,877.40,874.45,871.49,867.91,864.00,859.74,855.10,850.87,847.11,843.20,838.38,831.66,827.28,823.82,820.45,816.74,813.06,809.58,805.80,801.55,797.82,793.93,790.09,786.44,783.08,779.55,775.88,772.26,768.98,766.27,763.76,761.23,758.51,755.47,752.73,750.41,748.51,747.01,745.50,743.97,742.42,740.91,739.55,738.36,737.21,736.08,734.92,733.79,732.74,732.16,732.57,733.64,734.78,735.97,737.25,738.67,741.29,746.19,752.92,760.12,765.33,769.48,773.49,777.85,782.26,786.09,789.72,793.41,797.36,801.38,804.35,806.41,807.93,809.34,810.80,812.25,813.62,814.77,816.00,817.28,818.55,819.69,820.92,822.35,823.99,825.73,827.01,828.08,829.28,830.96,833.54,835.40,835.58,834.82,833.99,832.24,829.42,826.77,825.00,824.03,823.13,821.99,820.48,818.26,815.35,812.12,809.14,806.85,804.73,802.68,800.58,798.20,795.23,792.65,789.90,787.34,785.74,784.99,784.16,783.13,781.81,780.10,777.90,775.65,773.60,771.83,769.46,766.31,763.37,761.34,758.97,757.02,755.18,753.15,750.68,748.18,745.40,742.23,738.49,734.25,729.59,724.33,718.63,713.85,708.65,702.40,695.44,688.71,681.84,674.74,667.94,661.83,655.54,649.74,644.88,640.94,637.15,633.59,630.53,627.95,625.78,623.59,621.44,618.83,615.43,611.73,607.96,604.18,600.62,597.80
1239.77,1235.38,1230.16,1224.65,1218.83,1211.28,1206.43,1202.55,1198.61,1194.34,1190.60,1187.60,1185.22,1183.34,1181.57,1180.02,1179.05,1178.76,1178.46,1177.87,1176.44,1174.18,1171.31,1168.09,1164.93,1161.69,1158.01,1153.46,1149.33,1145.53,1141.71,1137.20,1132.19,1127.21,1122.45,1117.99,1113.66,1109.63,1105.68,1101.67,1097.53,1093.08,1088.42,1083.66,1078.89,1073.77,1069.03,1064.50,1060.13,1056.75,1053.44,1048.73,1042.76,1037.81,1033.41,1027.72,1021.34,1015.73,1010.06,1004.18,998.20,992.42,987.64,983.15,977.34,971.10,967.45,963.55,959.06,954.20,949.24,944.28,939.28,934.50,929.79,924.38,919.43,915.28,911.47,907.21,902.50,898.38,894.58,890.51,885.22,880.26,876.34,873.29,870.29,866.71,862.88,858.61,853.75,849.45,845.72,841.85,837.04,830.35,826.19,822.81,819.33,815.42,811.52,807.60,803.50,799.27,795.59,791.84,788.47,785.42,782.23,778.75,775.17,771.75,768.79,766.39,764.00,761.54,758.95,756.03,753.44,751.06,748.97,747.48,745.93,744.38,742.82,741.26,739.77,738.54,737.38,736.22,735.04,733.88,732.82,732.37,733.11,734.20,735.30,736.41,737.57,738.97,742.17,747.89,755.31,762.65,767.93,772.08,776.13,780.60,784.96,788.87,792.62,796.49,800.76,804.88,807.81,809.73,811.04,812.27,813.83,815.45,816.90,818.02,819.10,820.12,821.14,822.23,823.19,824.23,825.39,826.59,827.63,828.89,830.23,831.56,832.80,833.51,832.95,831.59,829.93,827.38,823.79,820.56,818.65,818.11,817.92,817.46,816.51,814.79,812.36,809.82,807.46,805.44,803.60,801.87,800.06,798.00,795.55,793.28,791.17,789.24,787.62,786.44,784.86,783.10,781.24,779.04,776.54,774.14,771.88,769.46,766.32,762.75,759.60,757.42,754.98,753.28,751.80,750.14,747.95,745.67,742.97,739.68,735.59,731.43,726.79,721.74,716.48,711.61,706.11,700.11,693.98,688.23,682.25,675.15,667.83,661.19,654.51,649.30,645.01,641.19,637.24,633.43,630.29,627.80,625.77,623.75,621.69,618.98,615.31,611.50,607.67,603.83,600.21,597.30
1236.04,1231.60,1226.80,1221.29,1214.71,1208.17,1203.48,1199.34,1195.08,1190.48,1185.46,1181.92,1179.64,1177.89,1176.38,1175.04,1174.13,1173.57,1172.50,1171.28,1169.85,1168.13,1165.96,1163.29,1160.60,1157.94,1155.04,1151.09,1147.87,1144.80,1141.36,1137.07,1132.36,1127.63,1123.01,1118.50,1113.84,1109.73,1106.21,1103.16,1099.95,1095.93,1091.43,1086.76,1082.20,1077.43,1073.08,1068.70,1063.88,1059.32,1055.65,1051.84,1047.24,1041.57,1036.77,1032.14,1026.91,1020.44,1014.52,1008.73,1003.14,997.72,992.03,987.09,982.22,976.86,970.60,966.41,962.67,958.33,952.83,947.00,941.49,936.55,931.95,926.72,921.19,916.15,911.39,906.31,901.32,897.34,893.82,889.94,884.41,879.31,875.12,871.69,868.55,865.30,861.69,857.38,852.32,848.25,844.74,840.81,835.87,829.93,825.94,822.45,818.79,814.74,810.74,806.65,802.50,798.32,794.26,790.60,787.46,784.66,781.72,778.47,775.05,771.71,768.78,766.39,764.11,761.80,759.38,756.77,754.21,751.69,749.46,747.92,746.32,744.75,743.15,741.50,739.97,738.73,737.57,736.39,735.18,734.01,732.95,732.62,733.69,734.77,735.86,736.94,738.05,739.40,743.20,749.61,757.49,764.84,770.21,774.38,778.36,782.73,787.38,791.47,795.35,799.47,804.48,808.70,811.28,812.93,814.43,815.65,817.16,818.75,820.25,821.59,822.87,823.72,824.34,825.28,826.06,826.78,827.62,828.63,829.48,830.59,831.78,832.74,832.81,832.02,830.45,828.22,825.19,821.37,818.06,815.95,815.21,814.79,814.49,813.92,812.89,811.21,809.11,807.18,805.30,803.33,801.58,800.07,798.47,796.65,794.58,792.77,790.94,789.05,787.20,785.53,783.84,782.10,780.10,777.23,774.83,772.58,769.83,765.57,761.47,758.05,755.18,752.81,750.91,749.53,748.35,747.07,745.37,743.22,740.23,736.44,732.08,728.25,723.98,719.16,713.89,708.65,703.09,697.68,692.66,688.15,682.95,676.15,668.83,662.16,656.27,650.92,646.18,641.95,637.73,633.86,630.64,628.03,625.96,623.89,621.67,618.85,615.17,611.27,607.31,603.32,599.63,596.88
1232.50,1228.24,1223.37,1217.56,1210.80,1205.05,1200.12,1195.58,1190.99,1185.69,1180.97,1177.48,1174.89,1172.63,1170.09,1168.04,1166.85,1166.49,1165.77,1164.98,1164.00,1162.75,1161.02,1158.84,1156.63,1154.37,1151.86,1148.89,1146.19,1143.49,1140.44,1136.50,1132.28,1128.00,1123.80,1119.68,1115.21,1111.36,1108.27,1105.74,1102.70,1099.11,1094.99,1090.53,1086.06,1081.32,1076.97,1072.77,1068.41,1063.96,1059.84,1055.97,1051.92,1046.66,1041.16,1036.19,1031.33,1025.61,1018.99,1012.91,1007.40,1002.25,996.88,991.19,986.00,981.06,975.50,970.72,966.58,962.26,956.81,949.96,944.09,938.96,934.19,929.20,923.21,917.65,912.56,907.38,901.78,897.41,893.71,889.74,884.00,878.63,874.09,870.35,867.31,864.23,860.67,856.33,851.24,847.36,843.89,840.04,835.37,829.83,825.96,822.50,818.88,814.88,810.91,806.72,802.41,798.09,793.93,790.27,787.19,784.50,781.67,778.56,775.23,771.91,768.97,766.58,764.29,762.01,759.68,757.18,754.67,752.18,749.91,748.19,746.56,744.94,743.30,741.65,740.07,738.79,737.62,736.45,735.25,734.05,733.15,733.04,734.15,735.24,736.30,737.38,738.54,740.07,744.48,751.47,759.60,766.70,771.80,775.92,780.00,784.54,789.26,793.44,797.70,802.44,807.76,811.46,813.85,815.61,817.36,819.38,821.49,823.28,824.59,825.66,826.58,827.21,827.67,828.28,828.94,829.57,830.07,830.42,830.93,831.98,832.62,832.52,831.75,830.00,827.61,824.63,820.87,816.62,813.54,811.86,811.41,811.04,810.38,809.50,808.36,806.77,804.92,803.28,801.70,800.13,799.05,797.83,796.42,794.81,793.04,791.45,789.72,787.91,786.19,784.45,782.71,780.75,778.31,775.28,772.50,769.01,764.78,760.36,756.26,753.35,751.14,749.21,747.65,746.44,745.33,744.16,742.54,739.54,735.91,732.10,728.42,725.00,720.66,715.68,710.38,705.22,700.62,696.33,692.18,687.98,683.21,676.70,669.66,663.39,657.78,652.51,647.57,642.92,638.49,634.54,631.07,628.10,625.74,623.42,620.96,618.00,614.38,610.46,606.43,602.50,598.92,596.17
1229.01,1224.95,1219.88,1213.80,1207.10,1201.83,1196.59,1191.66,1186.80,1181.00,1176.90,1173.48,1170.36,1167.35,1163.65,1160.91,1159.52,1159.40,1159.23,1158.98,1158.44,1157.55,1156.16,1154.44,1152.69,1150.77,1148.59,1146.53,1144.22,1141.81,1139.12,1135.60,1131.90,1128.17,1124.53,1121.00,1117.01,1113.55,1110.79,1108.51,1105.62,1102.43,1098.71,1094.53,1090.09,1085.28,1080.73,1076.58,1072.79,1068.90,1064.62,1060.52,1056.59,1051.88,1045.92,1040.24,1035.23,1030.55,1023.65,1017.11,1011.36,1006.37,1001.55,995.35,989.50,984.63,980.50,975.36,970.63,966.12,960.81,953.08,946.78,941.36,936.37,931.57,925.36,919.42,914.10,909.00,902.84,897.96,893.91,889.74,883.80,878.15,873.23,869.23,866.35,863.37,859.83,855.49,850.45,846.64,843.07,839.29,834.96,829.81,826.05,822.65,819.11,815.25,811.35,807.11,802.66,798.18,794.01,790.30,787.22,784.57,781.84,778.83,775.55,772.26,769.29,766.88,764.56,762.26,759.95,757.48,755.00,752.56,750.28,748.39,746.72,745.04,743.38,741.74,740.13,738.81,737.62,736.45,735.28,734.06,733.40,733.54,734.62,735.69,736.73,737.80,739.06,740.94,745.83,753.23,761.54,768.30,773.06,777.14,781.40,786.17,790.82,795.03,799.75,805.18,810.51,813.64,815.99,818.13,820.37,823.34,826.02,827.95,829.02,829.72,830.28,830.76,831.17,831.44,831.87,832.35,832.50,832.14,832.19,832.95,832.89,831.73,830.24,827.83,824.73,821.00,816.62,812.41,809.56,807.95,807.34,806.82,805.78,804.62,803.43,802.02,800.46,799.00,797.69,796.66,796.30,795.39,794.13,792.68,791.09,789.63,788.00,786.31,784.81,783.18,781.33,778.98,776.04,772.91,769.41,764.52,759.00,755.00,751.38,749.04,747.46,746.05,744.69,743.42,742.16,740.80,738.96,735.20,731.18,727.62,724.71,721.47,716.90,711.72,706.51,701.78,698.33,695.17,691.72,687.55,683.00,676.76,670.12,664.40,658.96,653.80,648.74,643.79,639.17,635.12,631.37,628.00,625.28,622.67,619.91,616.82,613.26,609.32,605.23,601.40,598.05,595.27
1225.39,1221.36,1216.30,1210.38,1203.94,1198.25,1192.90,1187.82,1182.89,1177.83,1173.63,1169.62,1165.63,1161.74,1158.05,1155.94,1154.97,1154.71,1154.35,1153.76,1153.03,1152.16,1151.07,1149.80,1148.41,1146.88,1145.20,1143.38,1141.47,1139.39,1136.99,1134.01,1130.74,1127.64,1124.76,1121.94,1118.89,1115.92,1113.16,1110.73,1108.79,1105.89,1102.41,1098.53,1094.12,1089.24,1084.23,1079.53,1075.55,1072.27,1069.10,1065.40,1060.94,1055.88,1050.80,1044.72,1038.61,1034.04,1029.05,1021.91,1015.06,1009.92,1004.96,999.42,993.44,987.77,983.73,979.38,974.80,969.97,964.35,956.44,949.28,943.25,938.19,933.40,927.64,921.45,915.48,910.25,904.11,898.90,894.46,890.02,883.93,878.06,872.87,868.65,865.82,862.93,859.45,855.22,850.32,846.22,842.28,838.24,834.01,829.65,826.10,822.69,819.15,815.40,811.63,807.46,803.02,798.54,794.41,790.64,787.51,784.88,782.20,779.27,776.07,772.81,769.82,767.38,765.05,762.66,760.20,757.73,755.26,752.77,750.42,748.52,746.80,745.11,743.42,741.75,740.13,738.81,737.62,736.45,735.24,734.04,733.67,734.10,735.17,736.20,737.25,738.33,739.72,742.33,747.08,754.49,762.91,769.31,773.88,778.13,782.65,787.50,791.87,795.97,801.11,807.06,811.86,814.95,817.65,820.65,824.27,827.72,830.01,831.55,832.54,833.13,834.02,834.73,835.12,835.24,834.99,834.82,834.54,833.94,833.20,832.74,831.93,830.49,828.43,825.72,822.11,817.51,812.14,808.65,806.10,804.15,802.71,801.37,800.23,799.18,798.13,797.11,796.12,794.90,793.92,793.58,793.38,792.70,791.58,790.05,788.28,786.98,785.65,784.22,782.77,781.39,779.06,776.10,772.74,769.07,764.25,759.09,754.29,750.76,748.16,746.23,744.66,743.26,741.83,739.92,737.82,735.57,732.88,729.88,726.89,724.00,721.04,717.02,712.11,707.04,702.44,698.91,696.13,693.40,690.27,686.25,681.55,675.51,669.37,664.23,659.17,653.94,648.84,643.99,639.27,634.93,630.98,627.46,624.49,621.55,618.49,615.25,611.70,607.64,603.37,599.73,596.78,594.05
1221.42,1217.38,1212.34,1206.52,1200.27,1194.51,1189.37,1184.35,1179.34,1174.55,1169.84,1165.26,1160.76,1156.43,1152.95,1151.25,1150.49,1150.10,1149.61,1148.85,1148.01,1147.14,1146.20,1145.17,1144.06,1142.90,1141.61,1140.09,1138.47,1136.62,1134.45,1132.01,1129.44,1127.02,1124.69,1122.34,1119.88,1117.43,1114.89,1112.46,1110.98,1108.62,1105.48,1101.77,1097.47,1092.57,1087.32,1082.18,1077.78,1074.75,1072.20,1069.10,1064.91,1059.43,1054.27,1047.90,1041.30,1036.40,1032.43,1026.04,1019.13,1013.20,1007.88,1002.47,996.49,990.56,986.21,982.07,977.60,972.78,967.23,959.33,951.38,944.78,939.73,934.99,929.77,923.41,916.81,911.32,905.07,899.60,894.79,890.03,883.81,877.82,872.54,868.26,865.46,862.65,859.21,855.04,850.25,845.87,841.54,837.23,833.01,829.11,825.72,822.37,818.89,815.29,811.68,807.58,803.19,798.80,794.81,791.00,787.82,785.20,782.55,779.73,776.63,773.44,770.43,767.87,765.43,762.93,760.34,757.82,755.34,752.84,750.47,748.54,746.78,745.08,743.36,741.65,740.04,738.75,737.59,736.45,735.24,734.08,733.94,734.63,735.70,736.73,737.78,738.95,740.66,743.94,748.87,756.08,764.14,770.20,774.73,779.15,783.87,788.73,792.75,796.73,802.23,808.64,812.97,816.26,819.50,823.19,827.42,830.69,832.80,834.30,835.44,836.28,837.37,838.15,838.52,838.46,837.75,836.96,836.05,834.85,833.39,832.11,830.67,828.83,826.42,823.67,819.39,814.05,808.80,805.64,802.99,800.46,798.14,796.35,795.07,793.95,792.95,792.24,791.54,790.64,789.99,789.90,789.66,789.01,787.96,786.55,784.93,783.77,782.67,781.45,780.04,778.44,775.78,772.52,768.96,765.18,759.91,754.80,750.56,747.53,745.42,743.60,741.80,739.88,737.91,735.57,733.12,730.61,727.79,725.30,722.71,719.83,716.41,712.13,707.24,702.54,698.58,695.59,693.24,690.78,687.87,684.15,679.33,673.65,668.09,663.32,658.41,653.17,648.15,643.49,638.70,633.93,629.80,626.28,623.17,620.05,616.86,613.55,609.93,605.63,601.45,598.05,595.31,592.54
1217.12,1213.05,1208.02,1202.30,1196.24,1190.76,1186.04,1181.19,1176.01,1170.91,1165.45,1160.43,1155.80,1151.44,1148.27,1146.68,1145.88,1145.39,1144.86,1144.13,1143.33,1142.48,1141.56,1140.57,1139.71,1138.85,1137.87,1136.74,1135.29,1133.57,1131.64,1129.67,1128.01,1126.24,1124.29,1122.19,1120.03,1118.08,1115.98,1113.73,1112.25,1110.56,1107.83,1104.16,1100.00,1095.15,1089.89,1084.51,1079.58,1076.48,1074.05,1071.61,1068.29,1062.52,1056.47,1049.88,1043.29,1037.78,1033.93,1029.30,1023.26,1016.14,1010.36,1004.56,998.66,992.94,988.04,983.56,979.07,974.48,969.30,961.59,953.03,946.00,941.01,936.34,931.68,925.25,918.11,912.28,905.75,900.01,894.86,889.73,883.47,877.47,872.23,868.02,865.23,862.50,859.06,854.91,850.20,845.59,840.88,836.25,831.93,828.23,824.95,821.68,818.33,814.92,811.50,807.49,803.18,798.94,795.15,791.34,788.12,785.50,782.86,780.14,777.18,774.07,771.05,768.33,765.70,763.06,760.38,757.78,755.27,752.78,750.42,748.46,746.66,744.93,743.20,741.46,739.85,738.64,737.55,736.45,735.29,734.15,734.22,735.12,736.19,737.27,738.29,739.66,741.85,745.69,751.08,757.98,765.27,771.01,775.62,780.22,785.06,789.87,793.54,797.41,803.19,809.97,813.98,817.62,821.49,825.65,829.75,832.41,834.58,836.38,837.82,839.15,840.19,840.90,841.22,840.93,840.04,838.71,836.99,834.90,832.81,831.09,829.16,826.82,824.27,821.51,816.50,810.69,806.45,803.16,800.01,796.75,793.64,791.75,790.20,788.88,787.86,787.35,786.71,786.17,785.83,785.63,785.22,784.45,783.46,782.33,781.14,780.12,779.15,778.10,776.71,774.59,771.84,768.63,765.08,761.49,756.45,751.59,747.67,745.13,742.95,740.96,738.71,735.89,733.10,730.57,728.24,726.01,723.67,721.30,718.49,715.10,711.03,706.94,702.41,698.23,694.89,691.90,689.81,687.53,684.74,681.38,676.48,671.29,666.34,661.75,656.78,651.61,646.78,642.33,637.48,632.25,627.99,624.58,621.41,618.24,615.08,611.71,607.89,603.32,599.50,596.37,593.63,590.65
1212.40,1208.34,1203.54,1198.37,1193.09,1187.94,1183.20,1178.04,1172.19,1165.93,1160.33,1155.35,1150.86,1146.93,1143.93,1142.15,1141.08,1140.42,1139.86,1139.24,1138.57,1137.83,1137.04,1136.26,1135.63,1135.01,1134.23,1133.25,1131.94,1130.50,1128.95,1127.21,1125.98,1124.64,1123.08,1121.35,1119.55,1117.90,1116.16,1114.31,1112.80,1111.17,1108.52,1104.84,1100.59,1095.88,1091.05,1085.98,1080.91,1077.65,1075.08,1072.61,1069.49,1064.27,1058.19,1051.19,1044.07,1038.22,1034.46,1030.51,1025.06,1018.04,1012.05,1006.03,1000.02,994.23,988.98,984.17,979.35,974.47,969.23,962.20,953.83,946.86,941.98,937.26,932.75,926.66,919.67,913.25,906.32,900.12,894.39,888.88,883.28,877.33,872.02,867.83,865.08,862.41,858.95,854.82,850.22,845.51,840.47,835.27,830.40,826.99,823.78,820.58,817.35,814.13,810.87,807.15,803.09,798.91,795.16,791.47,788.33,785.69,783.02,780.32,777.40,774.34,771.30,768.47,765.77,763.09,760.39,757.76,755.15,752.55,750.13,748.22,746.43,744.67,742.92,741.19,739.69,738.56,737.50,736.41,735.31,734.34,734.57,735.56,736.64,737.68,738.72,740.46,743.30,747.26,753.07,759.68,766.23,771.76,776.54,781.34,786.21,790.81,794.41,798.31,804.16,811.00,815.08,819.03,823.18,827.34,831.08,833.71,836.12,838.25,839.92,841.11,841.69,841.95,841.99,841.71,841.05,839.36,836.90,834.03,831.44,829.33,827.14,824.71,822.04,818.13,813.12,808.11,804.25,800.32,795.92,791.98,789.05,786.74,784.75,783.25,782.33,782.02,781.62,781.28,780.99,780.68,780.32,779.72,778.90,777.95,777.11,776.35,775.50,774.48,773.14,771.16,768.93,766.31,763.09,759.04,753.51,748.81,745.39,742.83,740.25,737.59,734.65,731.37,728.36,725.97,723.81,721.63,719.20,716.53,713.49,710.05,706.13,702.10,697.89,694.15,691.24,688.77,686.82,684.69,681.99,678.16,673.23,668.46,663.93,659.35,654.30,649.42,644.89,640.45,635.31,630.36,626.26,622.81,619.52,616.34,613.14,609.44,605.04,600.74,597.44,594.57,591.49,587.37
1207.35,1203.64,1199.52,1195.14,1190.56,1185.68,1180.65,1174.84,1167.99,1160.61,1155.08,1150.35,1146.12,1142.59,1139.70,1137.69,1136.32,1135.45,1134.82,1134.29,1133.74,1133.17,1132.59,1132.03,1131.58,1131.10,1130.43,1129.56,1128.41,1127.23,1126.04,1124.63,1123.67,1122.59,1121.25,1119.75,1118.43,1117.10,1115.69,1114.24,1112.80,1111.15,1108.47,1104.78,1100.53,1095.97,1091.46,1086.69,1081.65,1078.17,1075.33,1072.61,1069.47,1064.89,1058.93,1051.59,1044.04,1038.15,1034.38,1030.63,1025.64,1019.17,1013.06,1006.93,1000.84,994.89,989.30,984.13,978.95,973.77,968.47,962.30,954.25,947.43,942.68,937.97,933.50,927.79,921.11,914.21,906.85,900.10,893.90,888.20,883.12,877.18,871.81,867.68,864.97,862.32,858.86,854.76,850.25,845.50,840.29,834.65,829.24,825.91,822.66,819.43,816.26,813.14,809.97,806.53,802.78,798.81,795.13,791.57,788.48,785.81,783.10,780.39,777.41,774.32,771.33,768.48,765.74,763.01,760.30,757.61,754.89,752.20,749.75,747.92,746.14,744.36,742.59,740.88,739.52,738.43,737.40,736.33,735.30,734.59,734.97,735.99,737.05,738.04,739.13,741.23,744.72,748.79,754.86,761.18,767.10,772.45,777.42,782.45,787.33,791.73,795.34,799.51,805.37,812.00,816.24,820.42,824.66,828.71,832.16,834.95,837.64,839.95,841.58,842.45,842.63,842.57,842.39,842.07,841.44,839.25,836.06,832.55,829.64,827.22,824.90,822.44,819.40,814.60,809.83,805.54,801.50,796.65,791.53,787.37,784.57,781.90,779.54,777.94,777.12,776.91,776.66,776.41,776.13,775.78,775.45,775.04,774.42,773.63,772.99,772.41,771.70,770.80,769.61,768.04,766.35,764.29,761.30,756.42,750.73,746.32,743.24,740.41,737.45,734.03,730.32,726.63,723.69,721.43,719.36,717.16,714.63,711.73,708.54,705.09,701.34,697.32,693.61,690.44,687.94,685.89,684.03,681.83,678.88,674.63,669.81,665.34,661.06,656.54,651.49,646.83,642.45,637.95,632.72,628.22,624.36,620.85,617.50,614.30,610.75,606.57,601.94,598.19,595.33,592.34,588.63,583.91
1201.79,1199.16,1196.49,1193.22,1188.93,1184.15,1178.52,1171.51,1163.26,1155.18,1149.90,1145.62,1141.75,1138.39,1135.53,1133.35,1131.74,1130.63,1129.76,1129.26,1128.84,1128.46,1128.20,1127.86,1127.43,1126.92,1126.28,1125.49,1124.54,1123.56,1122.63,1121.83,1121.04,1119.94,1118.52,1116.94,1116.28,1115.40,1114.30,1113.11,1112.04,1110.43,1107.65,1103.93,1099.98,1095.52,1090.93,1086.20,1081.43,1077.63,1074.38,1071.24,1067.92,1063.79,1057.89,1050.42,1042.88,1037.42,1033.47,1029.39,1024.70,1019.19,1013.03,1006.95,1000.88,994.78,988.71,983.10,977.67,972.38,967.22,962.03,954.33,947.60,942.96,938.43,933.95,928.54,922.21,915.16,907.33,900.01,893.58,888.10,882.96,876.91,871.58,867.57,864.89,862.21,858.77,854.71,850.25,845.55,840.46,834.74,829.00,825.34,821.78,818.38,815.13,811.96,808.75,805.41,802.05,798.67,795.16,791.67,788.56,785.81,783.10,780.34,777.14,773.89,771.07,768.33,765.57,762.81,760.02,757.14,754.35,751.69,749.33,747.54,745.76,743.99,742.21,740.53,739.29,738.25,737.24,736.22,735.27,734.88,735.40,736.41,737.42,738.37,739.50,741.92,745.94,750.34,756.31,762.30,767.85,773.02,778.24,783.51,788.44,792.70,796.39,801.21,807.05,813.06,817.45,821.71,825.88,829.77,833.11,836.26,839.21,841.38,842.46,842.91,843.05,843.03,842.85,842.33,841.11,838.08,834.14,830.23,827.27,824.74,822.42,819.85,815.99,811.29,806.95,802.67,797.59,791.46,787.03,783.53,780.39,777.57,775.05,773.50,772.78,772.38,772.07,771.77,771.49,771.21,770.85,770.50,770.07,769.50,768.82,768.15,767.63,767.10,766.29,765.36,764.00,762.17,759.12,752.94,748.03,744.26,741.05,737.73,734.52,730.40,725.86,721.71,719.09,716.84,714.66,712.45,710.01,707.21,704.03,700.47,696.52,692.56,689.70,687.40,685.29,683.28,681.49,678.72,674.89,670.64,666.22,661.86,657.58,653.24,648.33,643.68,639.13,634.51,629.68,625.70,622.05,618.56,615.25,612.06,607.49,602.69,598.71,595.81,593.15,589.30,584.55,580.70
1198.38,1196.53,1194.42,1191.64,1187.85,1183.39,1177.53,1169.76,1160.50,1151.86,1146.28,1141.89,1137.97,1134.50,1131.63,1129.30,1127.40,1125.98,1125.07,1124.49,1124.09,1123.82,1123.69,1123.47,1123.11,1122.65,1122.09,1121.31,1120.46,1119.39,1118.16,1117.19,1116.47,1115.57,1114.49,1113.52,1113.11,1112.54,1111.79,1110.89,1109.73,1107.84,1105.13,1101.71,1097.75,1093.47,1089.07,1084.51,1079.91,1076.29,1072.74,1068.95,1064.96,1060.99,1055.15,1047.92,1040.88,1036.01,1031.91,1027.77,1023.29,1018.22,1012.22,1006.13,999.97,993.71,987.33,981.36,975.79,970.61,965.84,961.00,953.96,947.67,943.12,938.56,934.04,928.88,922.98,916.15,907.76,900.03,893.46,888.02,882.66,876.84,871.67,867.63,864.85,862.11,858.68,854.66,850.26,845.68,840.69,835.18,829.56,825.31,821.32,817.75,814.49,811.31,808.22,805.00,801.72,798.40,794.95,791.52,788.46,785.73,783.05,780.22,776.89,773.43,770.38,767.75,765.11,762.42,759.66,756.74,753.82,751.14,748.86,747.08,745.34,743.57,741.81,740.20,739.19,738.23,737.26,736.29,735.39,735.19,735.77,736.74,737.70,738.60,739.93,742.64,746.98,751.61,757.38,763.02,768.27,773.40,779.03,784.52,789.57,793.90,797.65,803.05,808.79,814.11,818.61,822.76,826.81,830.62,833.97,837.32,840.11,842.02,842.93,843.30,843.38,843.26,842.86,841.82,839.86,836.26,831.96,827.80,824.42,821.81,819.32,816.43,812.45,807.84,803.28,798.43,792.68,787.21,782.96,778.97,775.04,772.29,770.05,768.65,767.89,767.34,766.88,766.50,766.16,765.85,765.48,765.12,764.77,764.40,763.98,763.50,763.17,762.86,762.39,761.78,760.57,758.52,755.13,749.84,745.73,742.14,738.65,735.01,731.14,726.38,721.59,717.78,715.05,712.67,710.40,708.11,705.55,702.28,698.59,694.93,691.75,688.55,686.21,684.28,682.24,679.53,676.85,673.54,669.59,665.55,661.73,657.87,653.71,649.06,644.31,639.81,635.39,631.01,626.84,623.11,619.50,615.99,612.55,608.39,603.47,598.98,595.70,593.25,589.57,585.32,581.32,578.85
1195.76,1194.50,1192.62,1190.13,1186.92,1182.87,1176.94,1168.64,1158.66,1149.77,1143.79,1139.05,1134.82,1131.06,1128.10,1125.59,1123.38,1121.62,1120.67,1120.01,1119.60,1119.41,1119.33,1119.21,1118.91,1118.50,1117.99,1117.18,1116.33,1114.96,1113.15,1111.74,1110.95,1110.22,1109.58,1109.30,1109.02,1108.67,1108.26,1107.64,1106.32,1104.17,1101.61,1098.57,1094.56,1090.52,1086.42,1082.10,1077.65,1074.23,1070.41,1065.98,1061.30,1057.35,1051.64,1044.90,1038.58,1034.23,1030.05,1025.94,1021.60,1016.69,1010.91,1004.83,998.57,992.14,985.53,979.33,973.71,968.75,964.42,959.63,953.30,947.59,943.09,938.48,933.88,928.96,923.54,917.08,908.17,900.13,893.48,888.02,882.38,876.86,871.89,867.77,864.85,862.03,858.59,854.62,850.27,845.74,840.89,835.75,830.49,825.64,821.13,817.38,814.15,810.96,808.00,804.83,801.51,798.10,794.63,791.22,788.19,785.49,782.81,779.85,776.37,772.75,769.48,766.98,764.49,761.91,759.20,756.23,753.17,750.51,748.34,746.58,744.87,743.11,741.38,739.90,739.11,738.25,737.35,736.43,735.59,735.49,736.08,736.99,737.91,738.78,740.32,743.34,747.95,752.80,758.28,763.55,768.58,773.78,779.80,785.52,790.70,795.21,799.11,804.85,810.40,815.14,819.69,823.69,827.60,831.36,834.77,838.24,840.74,842.38,843.23,843.62,843.62,843.37,842.66,840.95,838.25,834.22,829.61,825.13,821.31,818.58,815.82,812.51,808.56,804.03,799.11,793.65,787.65,783.25,778.78,773.98,769.40,766.73,764.79,763.46,762.56,761.87,761.31,760.94,760.63,760.28,759.92,759.58,759.29,759.09,758.96,758.72,758.50,758.30,758.04,757.55,756.43,754.16,750.60,746.85,743.39,739.81,736.04,732.15,727.56,722.37,717.64,714.27,711.33,708.79,706.29,703.65,700.64,696.92,692.91,689.39,687.16,684.83,682.76,680.86,678.66,675.00,671.24,667.55,663.92,660.29,657.07,653.58,649.42,644.44,639.90,635.66,631.55,627.59,624.06,620.42,616.74,613.05,609.16,604.04,599.25,595.34,592.50,590.03,585.48,581.39,578.76,577.56
1193.02,1192.03,1190.47,1188.41,1185.73,1182.15,1176.25,1167.67,1157.51,1149.34,1143.48,1138.28,1133.33,1128.93,1125.70,1122.79,1120.19,1118.15,1116.99,1116.26,1115.86,1115.69,1115.72,1115.73,1115.47,1114.99,1114.30,1113.47,1112.27,1110.27,1107.69,1105.74,1104.50,1103.60,1103.02,1102.90,1102.75,1102.55,1102.32,1101.90,1100.75,1098.93,1096.62,1093.75,1090.05,1086.43,1082.66,1078.62,1074.33,1070.51,1066.28,1061.65,1056.95,1052.88,1047.58,1041.81,1036.38,1032.09,1027.94,1023.88,1019.49,1014.44,1008.83,1002.88,996.62,990.02,983.20,977.14,971.79,967.13,962.99,958.03,952.21,946.93,942.52,937.98,933.22,928.58,923.74,917.60,908.54,900.46,893.80,888.22,882.40,876.97,872.05,867.91,865.00,862.07,858.56,854.59,850.27,845.43,840.80,836.27,831.64,826.58,821.41,817.40,814.26,811.12,807.94,804.61,801.20,797.78,794.26,790.64,787.48,784.77,781.97,778.56,774.79,771.21,768.39,766.04,763.68,761.18,758.42,755.20,752.08,749.63,747.75,746.07,744.33,742.56,740.94,739.69,738.99,738.25,737.46,736.61,735.77,735.73,736.25,737.05,737.93,738.83,740.54,743.90,748.97,754.03,759.10,763.99,768.91,774.41,780.62,786.50,791.82,796.57,801.16,806.35,811.39,816.06,820.53,824.47,828.29,832.00,835.46,838.99,841.32,842.73,843.43,843.76,843.68,843.30,842.29,839.85,836.60,832.21,827.00,821.61,817.85,814.86,811.68,807.90,803.44,798.99,794.02,788.75,783.66,779.01,773.54,768.41,764.41,761.47,759.31,757.57,756.20,755.41,755.17,755.23,755.27,755.09,754.87,754.72,754.58,754.41,754.26,753.96,753.60,753.23,752.81,752.07,751.01,749.26,746.63,743.66,740.32,736.70,732.88,728.81,723.80,719.01,714.71,711.00,708.03,705.36,702.17,698.15,693.64,690.48,687.71,685.21,683.25,681.16,678.81,676.39,673.58,669.12,664.85,661.50,658.82,656.06,653.02,648.82,644.04,639.40,635.27,631.55,628.01,624.58,621.22,617.48,613.53,609.06,603.64,599.18,595.35,591.76,588.18,584.44,581.40,579.15,577.57,576.49
1190.22,1189.61,1188.30,1186.46,1184.12,1181.13,1175.34,1166.70,1156.65,1149.15,1143.44,1137.91,1132.45,1127.70,1124.01,1120.61,1117.61,1115.30,1113.72,1112.80,1112.39,1112.32,1112.41,1112.43,1112.06,1111.41,1110.55,1109.48,1107.67,1105.15,1102.31,1100.22,1098.74,1097.70,1097.04,1096.81,1096.56,1096.27,1095.95,1095.48,1094.54,1092.98,1090.91,1088.26,1084.83,1081.34,1077.69,1073.95,1070.17,1066.24,1062.04,1057.56,1052.97,1048.65,1043.37,1037.89,1032.95,1029.14,1025.18,1021.18,1016.83,1011.83,1006.25,1000.34,993.97,987.25,980.56,974.71,969.77,965.45,961.35,956.21,950.82,945.95,941.63,937.04,932.21,927.76,923.34,917.64,908.85,900.92,894.28,888.59,882.66,877.23,872.30,868.07,865.05,862.04,858.48,854.53,850.26,845.26,840.71,836.52,832.33,827.31,821.69,817.51,814.52,811.49,808.19,804.60,800.92,797.21,793.36,789.75,786.65,783.94,781.06,777.27,773.25,769.72,767.24,764.99,762.71,760.21,757.32,754.04,751.09,748.87,747.16,745.50,743.77,741.99,740.49,739.48,738.83,738.17,737.47,736.71,735.90,735.97,736.49,737.22,738.03,738.88,740.73,744.44,749.93,755.00,759.83,764.51,769.43,775.19,781.48,787.48,792.92,797.79,802.77,807.61,812.35,816.96,821.25,825.09,828.82,832.47,835.95,839.46,841.66,842.93,843.56,843.86,843.69,843.21,841.97,838.93,835.20,830.33,824.36,817.84,813.56,810.09,806.60,802.75,798.45,794.16,789.39,784.45,779.82,774.77,769.02,763.89,760.02,756.68,754.23,752.34,750.90,750.09,749.82,749.95,750.10,749.97,749.78,749.64,749.36,748.94,748.62,748.23,747.82,747.40,746.94,746.21,745.33,744.05,742.11,739.61,736.42,732.88,729.11,724.92,720.13,715.71,711.66,707.91,704.81,700.88,696.67,692.36,687.88,685.20,682.93,680.74,678.75,676.67,674.24,671.37,667.88,663.70,659.95,657.04,654.64,651.77,648.09,643.46,638.70,634.59,631.18,628.03,624.91,621.68,618.05,613.85,609.21,604.09,598.63,594.75,591.30,587.74,583.99,580.60,578.77,577.57,576.50,575.39
1187.39,1187.24,1186.13,1184.35,1182.16,1179.73,1174.05,1165.56,1155.93,1148.96,1143.39,1137.66,1131.94,1127.10,1122.85,1118.91,1115.52,1112.90,1110.79,1109.60,1109.20,1109.28,1109.39,1109.29,1108.66,1107.75,1106.70,1105.21,1102.62,1099.76,1097.13,1095.20,1093.68,1092.50,1091.64,1091.13,1090.59,1090.04,1089.43,1088.71,1087.91,1086.49,1084.57,1082.15,1078.97,1075.45,1071.78,1068.37,1065.37,1061.66,1057.87,1053.77,1049.29,1044.59,1038.95,1033.23,1028.43,1025.49,1021.80,1017.88,1013.63,1008.78,1003.20,997.26,990.74,983.94,977.66,972.12,967.63,963.67,959.48,954.19,949.20,944.68,940.42,935.67,930.89,926.55,922.35,917.20,909.08,901.51,894.92,889.09,883.13,877.66,872.64,868.27,865.00,861.92,858.35,854.42,850.21,845.22,840.61,836.49,832.56,827.79,821.94,817.71,814.89,812.00,808.69,804.80,800.66,796.42,791.99,788.60,785.75,783.07,780.13,776.02,771.86,768.38,766.04,763.83,761.59,758.97,755.91,752.77,750.20,748.23,746.58,744.90,743.19,741.45,740.05,739.27,738.64,738.02,737.39,736.71,735.99,736.21,736.81,737.50,738.21,738.93,740.94,745.01,750.86,755.73,760.48,765.15,770.13,776.09,782.37,788.46,794.01,798.88,803.92,808.67,813.33,817.83,821.86,825.56,829.18,832.75,836.20,839.61,841.75,842.99,843.61,843.91,843.69,843.14,841.76,838.31,834.17,828.74,821.89,814.15,808.80,804.69,800.97,797.40,793.84,789.77,785.36,780.81,776.14,770.72,765.39,760.53,756.28,752.47,749.73,747.93,746.77,745.98,745.31,745.12,745.09,744.93,744.65,744.31,743.67,742.82,742.27,741.81,741.44,741.11,740.76,740.24,739.64,738.64,737.01,734.72,731.71,728.41,724.81,720.60,716.55,712.42,708.45,704.91,701.38,695.40,690.08,686.49,683.40,680.92,678.36,675.80,673.64,671.46,669.14,666.00,662.01,659.03,656.58,654.10,651.21,647.28,642.30,637.69,633.62,630.16,627.69,625.06,622.13,618.74,614.48,609.58,603.95,598.46,594.34,590.79,587.13,583.45,580.24,578.66,577.51,576.47,575.42,574.28
1184.57,1184.71,1184.09,1182.78,1180.66,1177.46,1171.21,1162.96,1154.27,1147.96,1142.52,1136.65,1130.74,1125.76,1121.25,1117.09,1113.30,1110.12,1107.91,1106.80,1106.55,1106.78,1106.89,1106.63,1105.83,1104.61,1103.00,1100.90,1098.10,1095.26,1092.65,1090.22,1088.28,1086.71,1085.53,1084.89,1084.46,1084.03,1083.45,1082.62,1081.56,1079.85,1077.52,1074.89,1072.43,1069.70,1066.78,1063.93,1061.19,1057.64,1053.94,1049.68,1044.70,1039.43,1033.68,1028.68,1024.76,1021.85,1018.26,1014.27,1009.65,1004.39,999.50,994.11,987.65,980.70,974.97,969.94,965.71,961.71,957.26,952.05,947.47,943.17,938.79,933.88,929.24,925.14,921.10,916.03,909.17,902.24,895.70,889.65,883.88,878.38,873.22,868.67,865.32,861.92,858.15,854.10,849.81,844.76,840.22,836.28,832.68,828.36,822.44,818.11,815.25,812.36,809.04,805.01,800.59,795.92,791.02,787.70,784.95,782.18,778.96,774.52,770.53,767.32,764.85,762.49,760.03,757.30,754.29,751.28,749.17,747.49,745.94,744.32,742.63,741.00,739.75,739.08,738.45,737.84,737.24,736.67,736.22,736.55,737.14,737.80,738.45,739.10,741.42,745.81,751.75,756.46,761.23,765.93,770.95,777.04,783.23,789.25,794.92,800.08,804.94,809.69,814.35,818.77,822.60,826.08,829.44,832.75,836.03,839.19,841.54,843.00,843.64,844.01,843.79,843.23,841.93,838.73,834.40,828.70,821.34,812.75,806.83,802.12,798.05,794.36,790.61,786.60,782.35,778.03,773.63,768.38,763.08,758.14,753.78,749.94,747.01,744.92,743.46,742.43,741.42,740.58,740.06,739.94,739.72,739.27,738.70,738.13,737.85,737.53,737.24,736.93,736.49,735.76,734.90,733.67,731.82,729.30,726.33,723.36,720.29,716.63,712.94,709.12,705.35,701.47,695.82,690.11,685.39,681.80,678.48,675.15,672.40,670.23,668.42,666.54,664.22,661.49,658.57,656.25,654.02,651.08,647.10,641.99,636.93,632.94,629.74,627.04,624.86,622.09,618.75,614.80,610.07,604.84,599.50,594.58,590.68,587.02,583.60,580.70,578.65,577.49,576.40,575.33,574.28,573.21
1181.66,1182.10,1181.95,1181.00,1178.75,1174.83,1168.07,1160.04,1152.18,1146.46,1141.09,1135.15,1129.12,1123.91,1119.18,1114.84,1110.78,1107.26,1105.07,1104.14,1104.07,1104.41,1104.49,1104.12,1103.10,1101.53,1099.38,1096.70,1093.61,1090.63,1087.86,1085.08,1082.88,1081.06,1079.65,1078.89,1078.46,1078.04,1077.44,1076.54,1075.27,1073.37,1070.88,1068.25,1066.37,1064.40,1062.28,1060.00,1057.43,1054.01,1050.33,1045.81,1040.29,1034.53,1029.06,1024.84,1021.54,1018.42,1014.86,1010.43,1005.39,1000.21,996.04,990.88,984.43,977.60,972.37,967.74,963.62,959.46,954.77,949.72,945.47,941.29,936.76,931.81,927.36,923.48,919.53,914.51,908.88,902.71,896.32,890.07,884.52,879.12,873.87,869.12,865.50,861.80,857.83,853.67,849.29,844.27,839.83,836.05,832.68,828.77,823.00,818.59,815.56,812.59,809.25,805.16,800.54,795.52,790.31,787.01,784.30,781.41,777.87,773.20,769.40,766.42,763.80,761.26,758.53,755.66,752.73,749.96,748.23,746.75,745.25,743.71,742.06,740.60,739.53,738.94,738.34,737.74,737.16,736.68,736.51,736.91,737.49,738.09,738.70,739.30,742.12,746.88,752.72,757.29,762.06,766.81,771.93,778.17,784.15,790.02,795.73,801.09,805.74,810.47,815.22,819.66,823.22,826.47,829.60,832.68,835.74,838.67,841.19,842.90,843.65,844.11,843.93,843.42,842.26,839.46,835.14,829.52,822.03,812.85,806.26,800.97,796.57,792.71,788.66,784.51,780.31,776.17,772.03,766.92,761.46,756.33,751.89,748.07,744.93,742.33,740.19,738.56,737.10,735.79,735.02,735.02,734.94,734.54,734.16,733.97,733.94,733.71,733.42,733.03,732.36,731.30,730.07,728.52,726.47,723.94,721.18,718.58,715.99,712.88,709.52,705.96,702.10,697.38,690.46,685.38,681.27,677.50,673.75,669.83,666.99,665.11,663.62,662.04,659.83,657.64,655.82,653.89,651.20,647.33,642.32,636.59,632.12,628.90,626.40,624.21,621.89,618.74,614.87,610.35,605.40,600.31,595.53,591.17,587.28,583.63,580.75,578.75,577.60,576.51,575.37,574.25,573.17,572.10
1178.56,1179.42,1179.53,1178.46,1175.71,1171.81,1165.04,1157.13,1149.59,1144.25,1138.80,1132.90,1126.88,1121.30,1116.22,1111.68,1107.69,1104.44,1102.28,1101.57,1101.67,1102.03,1102.07,1101.69,1100.36,1098.36,1095.86,1092.80,1088.95,1085.22,1082.03,1079.51,1077.63,1076.04,1074.69,1073.74,1072.87,1072.00,1071.09,1070.10,1068.96,1067.36,1065.54,1063.63,1061.73,1060.05,1058.44,1056.66,1054.31,1050.99,1047.30,1042.59,1036.76,1030.81,1026.34,1022.52,1018.94,1015.48,1011.87,1006.25,1000.92,997.21,993.53,987.49,980.87,974.75,969.87,965.27,961.00,956.65,951.83,946.98,942.90,938.69,934.02,929.29,925.12,921.33,917.37,912.56,907.78,902.54,896.58,890.13,884.79,879.70,874.60,869.60,865.20,861.32,857.31,853.10,848.70,843.90,839.60,835.84,832.49,828.82,823.57,819.15,815.75,812.61,809.25,805.16,800.43,795.17,789.98,786.66,783.89,780.90,777.06,772.41,768.71,765.79,763.09,760.38,757.38,754.31,751.41,749.16,747.54,746.04,744.52,743.02,741.47,740.27,739.45,738.94,738.39,737.84,737.26,736.81,736.90,737.31,737.83,738.39,738.94,739.50,743.20,748.41,753.86,758.35,763.03,767.85,773.20,779.68,785.21,790.82,796.42,801.62,806.04,810.72,815.71,820.42,823.54,826.55,829.60,832.59,835.39,838.19,840.70,842.57,843.64,844.16,844.12,843.75,842.80,840.38,836.40,831.50,824.57,815.14,807.47,801.60,796.98,793.07,788.89,784.28,779.93,775.91,771.91,766.56,760.71,755.29,750.75,746.83,743.40,740.00,736.61,733.65,731.45,730.25,729.90,730.23,730.41,730.36,730.27,730.22,730.19,729.85,729.35,728.66,727.56,726.12,724.50,722.72,720.81,718.95,716.88,714.66,712.26,709.46,706.55,703.12,698.42,692.09,686.64,681.83,677.49,673.50,669.70,666.31,663.49,661.31,659.83,658.34,656.53,654.83,653.38,651.49,647.30,641.97,636.32,631.35,628.36,625.93,623.66,621.34,618.28,614.54,610.16,605.30,600.58,596.51,592.26,587.94,584.17,581.03,579.13,577.81,576.66,575.57,574.44,573.31,572.22,570.94
1174.94,1175.88,1176.03,1175.05,1172.45,1168.57,1162.06,1154.55,1147.25,1141.58,1135.99,1130.00,1123.90,1118.20,1112.99,1108.31,1104.30,1101.21,1099.15,1098.48,1098.58,1098.90,1098.86,1098.41,1097.05,1094.95,1092.11,1088.33,1084.03,1080.17,1077.11,1074.75,1072.91,1071.30,1069.94,1068.96,1067.96,1066.93,1065.91,1064.88,1063.69,1062.18,1060.58,1059.02,1057.66,1056.32,1055.03,1053.50,1051.30,1048.24,1044.61,1039.86,1034.15,1028.99,1024.95,1020.97,1016.90,1012.92,1008.81,1003.66,999.02,995.70,992.17,985.29,978.58,973.02,967.88,962.88,958.35,953.87,949.07,944.32,940.03,935.69,931.10,926.62,922.49,918.90,915.26,910.66,906.02,901.41,896.07,889.98,885.31,880.63,875.58,870.27,865.23,860.95,856.80,852.61,848.33,843.75,839.52,835.70,832.19,828.54,823.82,819.59,816.00,812.67,809.19,805.14,800.42,795.07,789.85,786.51,783.73,780.70,776.78,772.17,768.42,765.35,762.45,759.57,756.57,753.56,750.78,748.81,747.25,745.74,744.22,742.74,741.20,740.10,739.38,738.90,738.40,737.87,737.36,737.04,737.30,737.67,738.15,738.68,739.27,740.29,744.66,750.07,755.13,759.58,764.15,769.05,774.47,780.63,785.96,791.38,796.80,801.80,805.99,810.51,815.64,820.62,823.56,826.45,829.43,832.37,835.15,837.99,840.48,842.37,843.52,844.14,844.27,844.05,843.24,841.01,837.32,833.00,826.68,817.54,809.33,803.15,798.26,794.10,789.86,784.91,780.30,776.21,772.31,766.93,760.82,755.15,750.48,746.38,742.66,738.59,734.29,730.58,728.07,726.56,725.81,725.66,725.34,725.13,725.00,724.89,724.74,724.39,723.95,723.36,722.39,721.12,719.66,718.09,716.44,714.80,712.96,710.91,708.70,706.33,703.67,699.59,694.32,688.52,683.86,679.20,674.70,670.54,666.76,663.32,660.37,658.00,656.33,654.83,653.09,650.97,648.38,645.44,640.94,636.00,631.26,627.39,624.95,622.61,620.07,617.15,613.39,608.97,604.69,600.76,596.82,593.13,589.13,585.06,581.67,579.38,577.99,576.88,575.73,574.64,573.50,572.38,571.08,568.93
1171.14,1172.04,1172.17,1171.35,1169.11,1165.31,1159.27,1152.31,1145.29,1139.11,1133.34,1127.30,1121.16,1115.43,1110.12,1105.22,1101.10,1098.06,1095.97,1095.16,1095.12,1095.36,1095.24,1094.73,1093.43,1091.35,1088.26,1083.79,1079.23,1075.44,1072.60,1070.30,1068.37,1066.68,1065.28,1064.33,1063.34,1062.29,1061.25,1060.19,1058.89,1057.39,1055.83,1054.50,1053.81,1052.85,1051.75,1050.35,1048.31,1045.53,1042.00,1037.32,1031.95,1027.89,1024.16,1019.95,1015.35,1010.73,1006.13,1002.01,998.31,994.92,991.38,983.94,977.21,971.99,966.41,960.97,956.16,951.57,946.78,941.93,937.22,932.67,928.31,924.10,919.97,916.55,913.22,908.86,904.11,899.88,895.17,889.73,885.81,881.59,876.58,870.95,865.41,860.64,856.30,852.15,848.01,843.65,839.50,835.60,831.90,828.14,823.92,819.88,816.15,812.62,809.00,805.02,800.41,795.06,789.80,786.46,783.68,780.65,776.73,772.18,768.37,765.11,761.98,758.95,756.05,753.18,750.53,748.69,747.15,745.64,744.12,742.64,741.11,740.03,739.33,738.86,738.39,737.87,737.46,737.35,737.70,738.03,738.48,738.98,739.66,741.52,746.40,751.81,756.54,760.92,765.35,770.32,775.78,781.45,786.67,791.90,797.05,801.82,805.74,810.00,815.13,820.35,823.34,826.23,829.15,832.06,834.92,837.84,840.36,842.22,843.35,844.05,844.38,844.31,843.61,841.58,838.13,834.24,828.58,820.10,811.67,805.27,800.07,795.55,791.25,786.12,781.19,776.86,772.99,767.73,761.43,755.51,750.67,746.37,742.38,737.75,732.74,728.51,725.81,723.78,722.25,721.26,720.23,719.69,719.38,719.15,718.86,718.56,718.28,717.92,717.27,716.35,715.10,713.65,712.07,710.44,708.76,706.97,705.10,703.24,700.77,695.99,690.52,685.95,681.70,677.07,672.46,668.17,664.42,660.66,657.50,654.94,652.92,651.22,649.24,646.37,642.40,638.29,634.08,630.21,626.84,623.99,621.56,618.96,615.93,612.26,607.95,603.18,599.39,596.71,593.55,589.96,586.12,582.44,579.68,578.22,577.08,575.96,574.81,573.73,572.58,571.43,569.82,566.59
1167.51,1168.49,1168.77,1168.05,1165.87,1162.44,1157.17,1150.98,1144.48,1138.34,1132.39,1126.60,1120.83,1115.01,1109.34,1103.81,1099.24,1095.99,1093.26,1091.84,1091.38,1091.41,1091.30,1090.90,1089.53,1087.41,1084.44,1079.97,1075.46,1071.47,1068.17,1065.59,1063.60,1061.98,1060.64,1059.62,1058.66,1057.65,1056.63,1055.57,1054.26,1052.73,1051.31,1050.28,1049.90,1049.38,1048.31,1046.87,1045.08,1042.48,1039.16,1034.76,1029.82,1026.41,1023.62,1019.78,1014.81,1009.38,1005.22,1001.50,997.94,994.49,990.86,984.02,977.44,971.89,966.28,960.96,956.09,951.32,946.20,940.65,935.12,930.33,926.41,922.57,918.72,915.09,911.46,907.32,902.75,898.42,894.02,889.48,885.79,882.02,877.17,871.37,865.63,860.39,855.84,851.66,847.56,843.42,839.40,835.51,831.73,827.86,823.88,819.85,815.87,812.07,808.29,804.48,800.18,795.04,789.80,786.45,783.67,780.64,776.74,772.35,768.59,765.32,762.15,759.03,756.14,753.32,750.66,748.75,747.21,745.69,744.17,742.69,741.16,740.05,739.32,738.86,738.39,737.87,737.63,737.75,738.08,738.44,738.85,739.28,740.16,743.58,748.54,753.65,758.27,762.43,766.59,771.65,777.32,782.72,787.75,792.64,797.36,801.68,805.27,808.95,813.71,819.01,822.64,825.81,828.76,831.63,834.50,837.43,840.11,842.08,843.17,843.88,844.37,844.37,843.81,842.39,839.05,835.26,830.30,823.19,814.83,808.13,802.50,797.58,793.13,788.15,782.94,778.06,773.95,769.08,762.61,756.34,751.23,746.74,742.61,737.63,732.10,727.42,724.24,721.56,719.18,717.24,715.89,715.21,714.84,714.61,714.35,714.10,713.86,713.57,713.10,712.28,710.37,707.88,705.35,703.64,702.70,701.89,700.95,699.72,697.59,693.48,688.73,684.50,680.31,675.45,670.73,666.52,662.66,658.50,654.96,652.03,649.43,646.81,643.82,640.49,636.87,633.14,629.61,626.38,623.41,620.57,617.66,614.61,611.08,606.81,602.55,599.05,596.27,593.78,590.47,586.92,583.38,580.38,578.66,577.42,576.29,575.14,574.00,572.91,571.76,570.43,568.29,564.29
1164.15,1165.24,1165.62,1164.98,1162.88,1159.71,1155.13,1149.72,1143.80,1137.78,1131.75,1126.11,1120.64,1114.95,1109.11,1103.00,1097.91,1094.33,1090.84,1088.88,1088.13,1088.07,1087.96,1087.58,1086.28,1084.18,1081.16,1076.80,1072.23,1067.87,1064.03,1061.11,1058.91,1057.25,1055.93,1054.80,1053.79,1052.75,1051.73,1050.76,1049.82,1048.50,1047.35,1046.63,1046.40,1046.09,1045.04,1043.54,1041.81,1039.33,1036.13,1031.94,1027.25,1024.10,1021.63,1018.06,1013.28,1007.93,1004.09,1000.57,997.06,993.56,989.98,984.12,977.95,972.13,966.51,961.26,956.45,951.65,946.36,940.25,934.15,929.16,925.48,921.92,918.28,914.57,910.75,906.72,902.30,897.83,893.47,889.39,885.79,882.20,877.38,871.45,865.61,860.14,855.48,851.28,847.19,843.10,839.13,835.26,831.45,827.56,823.73,819.62,815.33,811.25,807.57,803.97,799.78,794.71,789.69,786.43,783.67,780.65,776.80,772.71,769.08,765.82,762.68,759.58,756.54,753.60,750.92,748.92,747.34,745.82,744.28,742.79,741.27,740.13,739.34,738.86,738.40,738.00,737.93,738.18,738.49,738.83,739.19,739.82,741.46,745.67,750.59,755.44,759.95,763.93,768.01,773.21,779.06,784.30,788.97,793.42,797.69,801.63,805.01,808.36,812.64,817.59,821.61,825.10,828.34,831.39,834.28,837.23,840.01,842.01,843.03,843.67,844.20,844.23,843.78,842.73,839.59,835.98,831.74,825.92,817.50,810.77,805.12,800.11,795.56,790.64,785.28,780.03,775.51,770.72,764.28,757.87,752.42,747.48,743.16,738.03,732.26,727.14,723.24,719.70,716.40,713.57,711.58,710.41,709.70,709.28,709.01,708.76,708.45,708.03,707.41,706.47,704.64,702.28,699.86,698.50,698.02,697.75,697.35,696.49,694.69,691.34,687.32,683.34,678.99,673.88,669.12,665.06,661.08,656.41,652.42,649.13,646.05,642.70,638.91,635.25,632.01,628.80,625.74,622.79,619.91,616.93,613.62,610.06,606.22,602.12,598.47,595.82,593.57,591.15,587.83,584.43,581.38,579.05,577.87,576.71,575.57,574.42,573.27,572.16,570.96,569.39,567.04,563.30
1161.04,1162.25,1162.66,1162.08,1160.13,1157.08,1153.05,1148.35,1143.06,1137.19,1131.20,1125.59,1120.29,1114.97,1109.17,1102.60,1096.97,1092.91,1088.71,1086.30,1085.41,1085.38,1085.26,1084.80,1083.71,1081.70,1078.43,1074.25,1069.42,1064.59,1060.21,1056.93,1054.34,1052.50,1051.12,1049.84,1048.70,1047.57,1046.54,1045.79,1045.56,1044.71,1043.95,1043.52,1043.33,1042.97,1041.92,1040.38,1038.48,1036.13,1032.97,1028.79,1024.12,1020.77,1017.90,1014.49,1010.45,1006.07,1002.35,998.89,995.46,992.00,988.60,983.95,978.39,972.47,966.85,961.62,956.93,952.29,947.02,940.61,934.26,929.15,925.45,922.06,918.54,914.89,911.11,907.08,902.78,898.16,893.61,889.46,885.83,882.15,877.22,871.19,865.31,859.89,855.25,851.04,846.90,842.68,838.68,834.81,831.03,827.23,823.48,819.21,814.57,810.19,806.89,803.48,799.25,794.08,789.46,786.37,783.66,780.66,776.94,773.28,769.83,766.59,763.51,760.53,757.20,753.99,751.27,749.18,747.55,746.00,744.46,742.93,741.45,740.25,739.39,738.88,738.41,738.27,738.37,738.62,738.92,739.19,739.58,740.74,743.60,747.77,752.51,757.22,761.57,765.44,769.66,775.03,780.98,786.12,790.26,794.19,798.02,801.66,805.03,808.30,812.04,816.25,820.29,824.14,827.90,831.36,834.30,837.29,840.06,842.01,842.92,843.44,843.85,843.90,843.53,842.56,839.70,836.38,832.83,828.10,819.55,813.08,807.80,803.04,798.53,793.53,788.17,782.80,777.73,772.65,766.44,760.12,754.25,748.59,743.99,738.90,733.19,727.65,722.87,718.31,714.06,710.42,707.42,705.35,703.93,703.07,702.72,702.41,701.96,701.25,700.20,699.00,698.08,697.10,695.98,695.35,694.98,694.70,694.33,693.52,692.03,689.35,686.01,682.28,677.54,672.24,667.57,663.69,659.57,654.32,649.87,646.25,642.82,638.96,634.75,630.92,627.88,625.12,622.25,619.27,616.21,613.07,609.47,605.45,601.57,598.38,595.77,593.37,591.11,588.76,585.67,582.55,580.14,578.42,577.20,576.03,574.91,573.80,572.64,571.48,570.13,568.33,566.07,563.54
1157.63,1158.93,1159.43,1158.95,1157.16,1154.35,1150.64,1146.35,1141.51,1135.94,1130.10,1124.54,1119.36,1114.37,1108.47,1101.72,1095.69,1091.07,1086.71,1083.85,1082.71,1082.65,1082.53,1082.06,1080.93,1078.93,1075.74,1071.66,1066.46,1061.30,1056.75,1052.91,1049.80,1047.53,1045.82,1044.39,1043.35,1042.38,1041.68,1041.38,1041.33,1040.98,1040.61,1040.36,1040.15,1039.63,1038.51,1036.97,1035.11,1032.99,1029.86,1025.27,1019.70,1015.31,1012.16,1009.02,1005.53,1001.80,998.34,995.12,992.12,989.29,986.24,982.33,977.06,971.06,965.96,961.12,956.65,952.12,946.87,940.46,934.20,929.14,925.41,921.92,918.51,915.09,911.54,907.68,903.46,898.85,894.12,889.56,885.68,881.68,876.70,870.86,865.10,859.83,855.23,850.88,846.47,842.08,838.10,834.31,830.59,826.76,822.92,818.44,813.59,809.22,805.96,802.77,798.69,793.55,789.21,786.18,783.50,780.69,777.48,774.06,770.65,767.40,764.37,761.42,758.02,754.63,751.63,749.41,747.74,746.19,744.65,743.16,741.69,740.42,739.51,739.03,738.57,738.60,738.80,739.06,739.37,739.79,740.78,742.75,746.17,750.35,754.87,759.35,763.54,767.37,771.89,777.20,782.73,787.42,791.19,794.66,798.12,801.70,805.24,808.48,811.85,815.47,819.26,823.46,827.70,831.50,834.44,837.37,839.94,841.74,842.60,843.04,843.37,843.42,843.12,842.09,839.42,836.28,833.04,828.89,821.07,815.11,810.10,805.51,801.38,796.75,791.43,785.88,780.63,775.22,769.00,762.63,756.38,749.90,745.01,740.00,734.46,728.73,723.58,718.58,713.77,709.37,705.61,702.38,699.71,697.79,697.00,696.64,696.27,695.74,694.99,694.16,693.65,693.21,692.70,692.27,691.80,691.36,690.85,689.90,688.35,686.34,683.83,680.31,674.77,670.02,665.97,662.13,657.58,652.01,647.45,643.73,639.82,635.11,631.01,627.58,624.69,621.91,618.91,615.83,612.67,609.21,605.15,601.48,598.34,595.65,593.25,591.10,589.11,587.00,584.05,581.26,579.25,577.84,576.61,575.41,574.26,573.12,571.96,570.78,569.11,567.07,564.84,562.66
1154.07,1155.41,1156.01,1155.66,1154.01,1151.29,1147.70,1143.67,1139.23,1134.10,1128.47,1123.01,1118.00,1113.29,1107.19,1100.37,1094.03,1088.80,1084.36,1081.29,1079.93,1079.75,1079.59,1079.04,1077.83,1075.84,1072.82,1068.71,1063.32,1058.10,1053.47,1049.03,1045.43,1042.76,1040.77,1039.28,1038.44,1037.71,1037.34,1037.42,1037.43,1037.41,1037.30,1037.13,1036.86,1036.15,1034.95,1033.39,1031.51,1029.42,1026.25,1021.24,1014.84,1009.63,1006.22,1003.13,999.87,996.42,993.16,990.32,987.92,985.72,982.84,979.28,974.42,968.88,964.40,960.05,955.85,951.34,946.00,939.83,933.82,928.85,925.01,921.41,918.14,914.97,911.67,907.97,903.78,899.26,894.49,889.66,885.42,881.02,876.03,870.52,864.99,859.88,855.37,851.00,846.32,841.54,837.53,833.85,830.19,826.31,822.32,817.59,812.56,808.31,805.05,801.96,797.98,792.89,788.89,785.94,783.28,780.63,777.87,774.67,771.37,768.17,765.23,762.29,758.95,755.42,752.08,749.64,747.92,746.39,744.89,743.42,741.95,740.62,739.67,739.21,738.78,738.93,739.21,739.52,740.09,740.93,742.61,745.21,748.82,752.96,757.33,761.70,765.88,769.70,774.33,779.33,784.26,788.53,792.01,795.12,798.36,802.00,805.71,808.98,812.11,815.29,818.76,823.17,827.70,831.65,834.51,837.33,839.63,841.23,842.04,842.44,842.64,842.67,842.36,841.22,838.77,835.88,832.86,829.11,822.34,816.86,812.05,807.67,803.99,799.92,794.85,789.24,783.76,778.20,771.87,765.38,758.87,751.76,746.38,741.33,735.98,730.16,724.79,719.62,714.43,709.31,704.94,700.73,696.85,693.67,691.87,691.13,690.68,690.22,689.65,689.13,688.78,688.54,688.34,688.00,687.50,686.99,686.40,685.44,684.01,682.58,680.62,677.21,671.64,667.70,664.25,660.38,655.37,649.65,645.03,641.08,636.55,631.47,627.71,624.64,621.75,618.77,615.58,612.43,609.22,605.49,601.35,598.22,595.73,593.33,591.00,589.03,587.28,585.38,582.57,580.17,578.50,577.27,576.03,574.80,573.60,572.44,571.25,569.95,567.99,565.86,563.75,561.77
1150.30,1151.56,1152.28,1152.10,1150.50,1147.40,1143.60,1139.64,1135.59,1131.17,1125.83,1120.61,1115.86,1111.38,1104.90,1098.14,1091.63,1085.69,1081.00,1078.35,1077.00,1076.43,1076.15,1075.29,1074.02,1072.19,1069.30,1064.78,1059.83,1055.07,1050.45,1045.39,1041.43,1038.65,1036.69,1035.34,1034.84,1034.36,1034.13,1034.30,1034.31,1034.21,1034.04,1033.78,1033.33,1032.51,1031.21,1029.52,1027.38,1024.71,1021.27,1016.12,1009.68,1004.68,1001.03,997.44,993.59,989.64,986.35,984.21,982.57,980.68,977.39,973.42,969.54,965.81,961.88,958.11,954.16,949.52,943.80,938.27,932.75,927.80,923.66,920.11,917.00,914.07,911.00,907.33,903.07,898.71,894.29,889.72,885.03,880.09,875.14,870.19,865.10,860.07,855.80,851.76,847.07,841.26,837.08,833.51,829.92,825.99,821.76,816.70,811.52,807.52,804.30,801.01,796.86,791.88,788.39,785.64,783.00,780.31,777.59,774.72,771.74,768.81,766.08,763.16,760.00,756.45,752.76,749.91,748.11,746.63,745.20,743.73,742.26,740.87,739.86,739.40,739.02,739.21,739.55,740.09,741.47,743.34,745.54,748.13,751.40,755.37,759.77,764.38,768.93,772.82,776.97,781.13,785.31,789.51,792.78,795.77,799.07,802.93,806.75,810.15,813.28,816.28,819.44,823.75,828.05,831.70,834.33,836.94,838.87,840.23,841.04,841.38,841.38,841.27,840.84,839.46,837.41,834.95,832.19,828.73,823.30,818.05,813.37,809.36,806.05,802.76,798.46,793.11,787.04,781.86,775.32,768.58,762.10,754.89,748.55,743.11,737.96,732.09,726.63,721.55,716.24,710.49,705.71,701.15,696.57,691.98,687.88,685.91,684.85,683.90,682.73,681.95,681.41,681.05,680.83,680.62,680.38,680.12,679.76,679.25,678.65,677.53,675.35,671.80,668.43,665.44,662.26,658.28,652.86,647.25,642.47,637.85,632.45,628.45,625.23,622.14,618.89,615.50,612.22,609.12,605.93,602.14,598.99,596.32,593.84,591.44,589.33,587.41,585.64,583.72,581.09,579.27,577.88,576.64,575.40,574.17,572.94,571.75,570.49,568.80,566.79,564.90,563.22,561.59
1146.55,1147.73,1148.30,1148.00,1146.32,1143.21,1139.54,1135.78,1131.93,1127.59,1122.25,1117.26,1112.55,1107.37,1101.04,1094.88,1088.73,1082.83,1078.66,1076.02,1074.32,1073.19,1072.36,1071.15,1069.68,1067.73,1064.90,1060.83,1056.42,1051.96,1047.30,1042.09,1038.00,1035.03,1032.75,1030.92,1030.38,1030.13,1030.16,1030.47,1030.52,1030.45,1030.29,1029.98,1029.41,1028.49,1027.03,1025.17,1022.84,1019.68,1015.76,1010.72,1004.99,1000.50,996.59,992.23,987.54,983.25,980.12,978.04,976.34,974.42,971.52,968.24,965.15,962.18,958.82,955.40,951.47,946.73,941.11,936.16,931.05,926.11,921.71,918.28,915.36,912.47,909.24,905.29,901.29,897.40,893.38,888.96,884.04,879.09,874.51,870.12,865.21,860.50,856.42,852.51,847.88,841.27,836.83,833.28,829.67,825.53,821.00,815.84,810.75,806.95,803.67,800.06,795.70,790.91,787.87,785.28,782.68,780.00,777.29,774.55,771.77,769.05,766.50,763.78,760.91,757.52,753.63,750.22,748.35,746.92,745.51,744.05,742.61,741.18,740.08,739.55,739.28,739.47,740.04,741.10,742.93,745.05,747.29,749.92,753.37,757.26,762.13,767.01,771.30,775.04,778.90,782.73,786.56,790.41,793.48,796.40,799.97,804.43,808.31,811.62,814.67,817.61,820.69,824.85,828.69,831.83,834.15,836.14,837.48,838.46,839.14,839.33,839.13,838.92,838.48,837.16,835.37,833.24,830.74,827.53,823.13,818.38,813.82,809.82,806.79,803.88,800.26,795.47,789.35,784.37,778.80,772.50,765.58,758.47,751.11,745.10,740.08,734.44,728.69,723.59,718.28,712.17,706.66,701.84,697.00,691.77,686.13,682.21,679.77,678.01,676.36,675.49,674.99,674.69,674.57,674.48,674.38,674.22,673.96,673.61,673.23,672.36,670.64,667.93,665.56,663.02,659.71,655.23,649.53,644.19,639.22,634.33,629.42,625.93,622.79,619.49,615.92,612.38,609.09,605.97,602.87,599.63,596.98,594.48,592.08,589.85,587.88,585.98,584.13,582.24,580.07,578.57,577.28,576.02,574.79,573.55,572.32,571.06,569.72,568.03,566.17,564.46,562.91,561.38
1142.82,1143.86,1144.18,1143.62,1141.84,1138.90,1135.51,1131.95,1128.14,1123.61,1118.15,1113.25,1108.33,1102.27,1096.48,1091.16,1085.68,1080.26,1076.87,1074.06,1071.69,1069.73,1068.16,1066.66,1065.01,1062.95,1060.23,1056.90,1053.00,1048.71,1044.04,1038.96,1034.78,1031.44,1028.56,1026.04,1025.33,1025.35,1025.67,1026.10,1026.22,1026.26,1026.16,1025.87,1025.25,1024.26,1022.64,1020.59,1018.09,1014.51,1010.14,1005.39,1000.69,996.72,992.45,987.22,981.69,977.22,974.31,972.04,969.94,967.84,965.63,963.39,960.94,958.25,955.39,952.11,948.01,943.21,938.01,933.49,928.67,923.80,919.33,916.06,913.18,910.11,906.56,902.42,898.89,895.58,891.96,887.66,882.74,878.11,874.07,870.18,865.42,861.09,857.14,853.28,848.71,841.43,836.75,833.13,829.41,824.95,820.12,814.97,810.11,806.44,803.06,799.08,794.54,790.03,787.35,784.86,782.32,779.69,776.98,774.26,771.59,769.03,766.64,764.17,761.65,758.50,754.54,750.58,748.62,747.21,745.81,744.35,742.94,741.50,740.32,739.68,739.55,739.75,740.65,742.27,744.32,746.35,748.45,751.16,755.01,758.97,764.40,769.44,773.25,776.77,780.45,784.19,787.89,791.31,794.22,797.14,801.06,806.21,810.11,813.25,816.22,819.18,822.26,826.15,829.42,831.95,833.84,835.01,835.71,836.31,836.81,836.84,836.49,836.18,835.77,834.59,832.96,831.09,828.80,825.82,822.20,817.96,813.55,809.48,806.62,803.90,800.86,796.74,790.97,786.17,781.94,776.46,769.23,762.33,754.23,747.62,742.47,737.11,731.04,725.80,720.55,714.34,707.88,702.72,697.81,692.41,685.95,679.94,675.84,673.06,670.80,669.70,669.25,669.09,669.10,669.11,669.11,669.01,668.79,668.46,668.02,667.35,666.30,664.69,662.61,660.13,656.48,651.43,645.66,640.67,635.64,630.82,626.93,623.63,620.33,616.75,612.93,609.41,606.17,603.05,600.11,597.58,595.13,592.71,590.42,588.44,586.58,584.67,582.75,580.90,579.26,577.93,576.65,575.36,574.13,572.88,571.65,570.36,568.96,567.43,565.83,564.24,562.68,561.13
1139.16,1139.84,1139.87,1139.17,1137.49,1134.73,1131.47,1127.86,1123.84,1119.21,1113.86,1108.18,1102.43,1096.89,1092.14,1087.63,1083.05,1078.58,1075.33,1072.37,1068.74,1065.00,1062.86,1061.39,1060.06,1058.46,1056.24,1053.12,1049.29,1045.07,1040.55,1035.84,1031.22,1026.84,1022.92,1020.12,1019.51,1019.91,1020.46,1020.83,1021.12,1021.34,1021.39,1021.25,1020.83,1019.90,1018.25,1016.05,1013.23,1009.39,1005.21,1001.05,997.06,993.21,987.90,982.01,976.38,972.01,969.22,966.94,964.75,962.56,960.53,958.56,956.49,954.19,951.44,947.68,943.19,938.55,934.15,929.50,924.44,919.94,916.33,913.18,909.63,905.78,902.02,898.87,896.02,893.09,889.72,885.70,881.24,877.35,873.83,870.27,866.06,861.84,857.86,854.00,849.45,841.73,836.91,833.14,829.06,824.09,819.10,814.08,809.45,805.81,802.31,797.98,793.41,789.40,786.83,784.38,781.90,779.36,776.61,773.86,771.19,768.68,766.43,764.13,761.86,758.97,755.16,751.02,748.89,747.41,746.01,744.60,743.16,741.73,740.57,739.92,739.85,740.27,741.39,743.17,745.19,747.21,749.52,752.50,756.54,761.01,766.40,771.19,774.80,778.25,781.86,785.52,789.10,792.34,795.32,798.42,802.59,807.99,811.82,814.97,817.98,821.00,824.00,827.27,829.93,831.80,832.82,833.27,833.65,834.09,834.51,834.51,834.14,833.76,833.23,832.00,830.41,828.58,826.38,823.60,820.22,815.94,811.75,808.12,805.19,802.62,799.85,796.30,791.47,787.19,783.40,778.90,773.06,766.48,759.13,752.14,745.89,740.32,734.18,728.62,723.42,717.76,709.96,703.93,698.71,693.63,688.11,680.97,675.57,671.58,667.84,665.48,664.55,664.37,664.52,664.67,664.75,664.78,664.73,664.40,663.91,663.33,662.47,660.97,658.46,655.41,651.35,646.29,641.13,636.48,632.07,628.00,624.54,621.20,617.63,613.88,610.15,606.87,603.69,600.82,598.28,595.89,593.42,591.10,589.03,587.23,585.42,583.53,581.64,579.89,578.42,577.10,575.83,574.56,573.28,572.04,570.80,569.52,568.18,566.84,565.36,563.82,562.27,560.78
1135.53,1135.87,1135.61,1134.74,1133.11,1130.53,1127.35,1123.69,1119.55,1114.84,1109.07,1102.85,1096.84,1091.81,1087.96,1084.26,1080.47,1076.72,1073.46,1069.88,1065.29,1060.57,1058.01,1056.49,1055.36,1054.05,1052.00,1048.85,1045.06,1040.98,1036.65,1031.93,1026.81,1021.60,1017.05,1014.39,1013.91,1014.56,1015.37,1015.93,1016.43,1016.81,1017.00,1016.97,1016.62,1015.66,1013.87,1011.38,1008.20,1004.38,1000.58,996.91,993.28,989.25,983.36,977.28,971.85,967.69,964.84,962.26,959.81,957.61,955.70,953.86,951.90,949.65,946.67,942.25,937.65,933.32,929.24,924.63,919.82,915.72,912.44,909.00,905.17,901.28,897.82,895.36,892.91,890.25,887.15,883.49,879.70,876.47,873.35,870.02,866.22,862.33,858.50,854.69,850.12,842.09,837.08,833.05,828.58,823.25,818.20,813.33,808.85,805.19,801.51,796.88,792.30,788.69,786.19,783.78,781.37,778.86,776.04,773.21,770.60,768.25,766.18,764.03,761.93,759.22,755.55,751.44,749.16,747.60,746.21,744.84,743.40,741.99,740.83,740.18,740.33,741.08,742.40,744.14,746.00,747.97,750.55,753.83,757.93,762.86,768.05,772.55,776.10,779.56,783.17,786.79,790.26,793.39,796.44,800.09,804.65,809.86,813.54,816.69,819.62,822.43,825.21,827.99,829.79,830.73,831.06,831.05,831.30,831.67,831.95,831.95,831.58,831.06,830.35,829.17,827.64,825.88,823.72,820.87,817.25,813.12,809.36,806.18,803.30,800.77,798.06,794.85,790.92,787.23,783.84,780.14,775.61,769.89,763.52,756.68,749.91,744.02,737.78,731.93,726.62,721.26,713.33,706.21,700.19,695.11,690.38,682.90,676.77,672.03,667.39,662.92,660.83,660.22,660.34,660.28,660.30,660.36,660.31,659.97,659.37,658.65,657.68,656.05,653.27,649.70,645.58,641.10,636.69,632.59,628.82,625.33,622.09,618.62,614.88,611.14,607.64,604.50,601.53,598.91,596.61,594.32,591.87,589.70,587.79,586.04,584.27,582.41,580.63,579.02,577.62,576.30,575.01,573.74,572.44,571.17,569.93,568.67,567.38,566.12,564.75,563.29,561.78,560.43
1131.91,1131.97,1131.43,1130.37,1128.70,1126.32,1123.15,1119.48,1115.38,1110.56,1103.78,1097.43,1091.88,1087.11,1083.94,1081.01,1077.84,1074.40,1071.05,1066.40,1061.32,1056.70,1053.81,1052.09,1050.94,1049.58,1047.31,1043.95,1040.23,1036.40,1032.25,1027.10,1021.47,1015.86,1011.27,1009.13,1008.74,1009.46,1010.53,1011.57,1012.30,1012.80,1013.07,1013.07,1012.62,1011.53,1009.45,1006.53,1002.99,999.51,996.19,992.83,989.17,984.69,978.86,973.17,968.19,964.29,961.17,957.89,954.99,952.87,951.04,949.25,947.10,944.43,940.87,935.78,931.47,927.56,923.26,918.96,915.00,911.27,907.57,903.47,899.92,896.86,894.21,891.94,889.57,887.11,884.29,881.08,878.14,875.40,872.53,869.37,865.79,862.50,859.06,855.35,850.70,842.52,837.23,832.81,827.92,822.48,817.47,812.73,808.33,804.60,800.66,795.78,791.19,787.87,785.38,783.08,780.70,778.12,775.22,772.31,769.84,767.76,765.90,763.90,761.88,759.24,755.69,751.80,749.43,747.78,746.41,745.08,743.69,742.30,741.10,740.47,741.00,742.21,743.68,745.24,746.80,748.67,751.55,755.13,759.17,764.40,769.30,773.54,777.15,780.72,784.39,787.97,791.37,794.47,797.58,802.14,807.24,811.85,815.26,818.37,821.04,823.36,825.80,828.18,828.87,828.60,828.47,828.26,828.54,828.85,828.94,828.92,828.56,827.87,826.99,826.04,824.60,822.95,820.78,817.56,813.29,809.61,806.48,803.71,801.04,798.42,795.57,792.48,789.30,786.25,783.30,780.16,776.59,772.30,766.96,760.82,754.32,748.10,741.75,735.70,730.10,724.70,717.98,709.73,702.38,696.87,692.49,685.48,679.22,674.22,669.52,662.30,658.27,656.71,656.47,655.81,655.66,655.57,655.35,654.96,654.16,653.10,651.74,649.85,647.09,643.23,639.49,636.13,632.49,629.17,625.93,622.74,619.56,615.90,612.13,608.61,605.44,602.32,599.71,597.32,595.04,592.84,590.52,588.53,586.71,584.88,583.10,581.25,579.60,578.20,576.84,575.54,574.24,572.93,571.62,570.31,569.05,567.81,566.56,565.26,563.99,562.62,561.21,560.10
1128.13,1128.08,1127.41,1126.28,1124.67,1122.34,1119.11,1115.38,1111.21,1106.21,1099.25,1092.79,1087.25,1082.72,1079.81,1077.18,1074.22,1070.74,1067.04,1062.45,1057.52,1052.92,1049.70,1047.31,1045.68,1044.04,1041.70,1038.57,1035.11,1031.43,1027.30,1022.12,1016.63,1011.45,1007.29,1005.21,1004.71,1005.26,1006.16,1007.07,1007.79,1008.12,1008.30,1008.27,1007.61,1006.37,1004.21,1001.40,998.21,995.09,991.84,988.24,984.16,979.48,974.23,969.36,964.95,960.81,957.00,953.27,950.09,947.79,945.97,944.06,940.97,936.92,933.10,928.84,925.10,921.53,917.63,913.75,909.84,906.00,902.29,898.78,895.72,892.70,889.94,888.02,885.97,883.80,881.39,878.81,876.53,874.14,871.57,868.75,865.64,862.72,859.46,855.77,851.03,843.07,837.23,832.18,826.99,821.61,816.73,812.12,807.80,803.93,799.79,794.70,790.15,787.16,784.64,782.22,779.69,776.99,774.12,771.29,769.01,767.11,765.28,763.40,761.49,758.91,755.49,751.91,749.58,747.92,746.55,745.23,743.89,742.51,741.38,740.97,741.91,743.25,744.70,746.16,747.65,749.37,752.32,756.09,760.23,765.36,770.04,774.19,777.95,781.71,785.53,789.14,792.51,795.73,799.25,804.40,809.58,813.44,816.70,819.60,822.08,824.27,826.42,827.53,827.05,825.85,824.96,824.35,824.06,823.88,823.78,823.72,823.58,823.24,822.77,822.21,821.02,819.15,816.51,813.07,809.53,806.44,803.63,800.96,798.26,795.65,792.99,790.34,787.81,785.26,782.60,779.71,776.49,773.02,768.64,762.98,756.70,751.08,745.02,739.02,733.37,727.96,721.63,713.41,705.76,699.75,695.08,689.12,682.47,676.41,671.83,664.61,658.66,654.61,652.47,651.41,651.13,650.99,650.68,649.97,649.05,647.82,646.33,644.45,641.91,638.63,635.38,632.35,629.15,626.11,623.08,620.07,617.03,613.32,609.79,606.49,603.40,600.53,598.20,596.01,593.82,591.62,589.46,587.52,585.70,583.90,582.11,579.49,577.47,576.48,575.59,574.68,573.52,572.17,570.85,569.42,568.16,566.95,565.70,564.39,563.14,561.83,560.59,559.84
1124.24,1124.15,1123.40,1122.24,1120.64,1118.29,1115.06,1111.33,1107.10,1101.88,1094.98,1088.47,1082.97,1078.82,1076.01,1073.29,1070.16,1066.43,1062.37,1058.06,1053.49,1049.04,1045.51,1042.49,1040.21,1038.17,1035.87,1033.12,1029.95,1026.47,1022.45,1017.44,1012.30,1007.66,1003.90,1001.59,1000.81,1001.08,1001.69,1002.34,1002.93,1003.06,1003.12,1003.00,1002.16,1000.83,998.76,996.24,993.48,990.58,987.27,983.39,978.92,974.26,969.62,965.50,961.53,957.05,952.56,948.49,945.09,942.50,940.37,938.13,934.27,929.35,925.51,922.15,918.90,915.56,912.06,908.49,904.59,900.75,897.27,894.35,891.42,888.24,885.38,883.77,882.00,880.06,878.10,876.24,874.60,872.62,870.39,868.00,865.40,862.79,859.66,855.93,851.07,843.42,837.02,831.37,825.98,820.74,816.02,811.54,807.27,803.27,798.92,793.71,789.21,786.38,783.73,781.15,778.48,775.70,772.88,770.24,768.16,766.37,764.54,762.75,760.90,758.47,755.29,752.00,749.70,748.04,746.67,745.35,744.03,742.68,741.64,741.46,742.70,744.09,745.48,746.88,748.36,750.03,753.01,756.86,761.05,766.05,770.60,774.74,778.65,782.58,786.53,790.21,793.60,796.96,801.03,806.50,811.52,814.82,817.99,820.60,822.89,825.00,826.72,826.48,825.01,823.13,821.50,820.38,819.46,818.83,818.55,818.47,818.51,818.54,818.47,818.15,817.15,815.00,811.99,808.54,805.83,803.11,800.38,797.67,795.04,792.58,790.30,788.15,786.12,784.01,781.59,778.86,775.89,772.96,769.31,764.09,758.11,753.24,747.67,741.87,736.27,730.92,724.80,716.88,709.21,702.77,697.64,692.55,685.71,678.83,674.17,667.84,660.34,653.68,649.37,647.75,647.02,646.62,646.18,645.17,644.16,642.85,641.32,639.55,637.27,634.62,631.79,628.86,625.93,623.08,620.25,617.44,614.52,610.87,607.60,604.50,601.48,598.93,596.80,594.75,592.65,590.50,588.49,586.59,584.76,582.96,581.07,577.75,575.35,574.59,574.11,573.58,572.63,571.38,570.07,568.53,567.21,566.00,564.76,563.48,562.24,561.04,560.03,559.56
1120.15,1120.10,1119.36,1118.12,1116.34,1113.89,1110.86,1107.33,1103.12,1097.70,1090.92,1084.54,1079.42,1076.12,1073.20,1069.63,1065.57,1061.25,1056.94,1052.69,1048.64,1044.77,1041.08,1037.79,1034.81,1032.23,1030.09,1027.82,1024.93,1021.79,1018.31,1013.82,1009.05,1004.66,1000.83,997.87,996.50,996.28,996.58,997.06,997.33,997.39,997.34,997.08,996.20,994.98,993.31,991.21,988.62,985.53,982.10,978.13,973.73,969.52,965.20,961.25,957.26,952.49,947.67,943.44,939.84,936.76,933.55,930.42,926.96,923.29,919.94,916.62,913.32,909.93,906.38,902.72,899.31,896.24,893.35,889.99,886.01,882.74,880.43,878.95,877.16,875.20,873.64,872.74,871.79,870.40,868.74,866.85,864.68,862.42,859.35,855.48,850.45,843.03,836.31,830.35,824.97,819.96,815.39,811.00,806.76,802.67,798.08,792.94,788.45,785.29,782.31,779.62,776.95,774.22,771.47,769.21,767.29,765.53,763.78,761.95,760.06,757.94,755.39,752.16,749.80,748.13,746.78,745.41,744.10,742.77,741.82,741.76,743.01,744.40,745.76,747.13,748.64,750.59,753.63,757.35,761.34,766.40,771.01,775.24,779.26,783.21,787.20,791.00,794.55,798.03,802.73,807.94,812.52,815.82,819.03,821.27,823.32,825.23,826.06,824.90,823.02,820.95,818.88,817.04,815.84,815.13,814.82,814.73,814.78,814.78,814.60,814.00,812.79,810.52,807.69,804.81,802.14,799.05,795.91,793.06,790.88,788.95,787.34,785.70,783.69,782.01,779.76,777.21,774.60,771.92,768.36,763.55,758.20,753.78,749.09,743.68,738.22,733.13,727.34,719.61,711.97,705.34,699.73,694.54,688.34,681.86,676.51,671.59,663.50,655.15,649.03,646.24,644.05,642.72,641.94,640.93,639.88,638.55,637.08,635.51,633.42,630.93,628.20,625.31,622.41,619.87,617.49,614.99,612.02,608.70,605.57,602.56,599.73,597.53,595.45,593.41,591.41,589.53,587.65,585.78,583.94,582.02,579.75,576.58,574.09,572.87,572.37,571.84,571.22,570.42,569.22,567.63,566.14,564.84,563.66,562.47,561.29,560.36,559.73,559.17
1115.01,1115.20,1114.72,1113.64,1111.81,1109.35,1106.46,1102.97,1098.75,1093.71,1087.31,1081.49,1076.87,1073.56,1070.11,1065.99,1061.32,1056.33,1051.80,1047.83,1044.14,1040.53,1036.82,1033.20,1029.76,1026.82,1024.65,1022.70,1020.39,1017.78,1014.66,1010.50,1005.86,1001.45,997.48,994.22,992.42,991.70,991.63,991.91,991.96,991.96,991.76,991.25,990.24,989.02,987.37,985.31,982.75,979.56,976.14,972.41,968.38,964.41,960.24,956.35,952.27,947.22,942.39,938.15,934.38,930.94,927.43,924.19,921.00,917.76,914.55,911.25,907.95,904.62,901.21,897.73,894.52,891.32,888.02,884.63,881.24,878.44,876.23,874.35,872.42,870.73,869.65,869.26,868.69,867.73,866.56,865.16,863.38,861.34,858.33,854.44,849.37,841.95,835.18,829.26,824.06,819.22,814.76,810.45,806.25,802.14,797.40,792.29,787.71,784.18,780.98,778.23,775.56,772.88,770.31,768.28,766.44,764.66,762.92,761.13,759.21,757.21,755.00,752.25,749.90,748.20,746.87,745.51,744.20,742.86,741.96,742.02,743.28,744.65,745.99,747.33,748.82,750.86,753.86,757.43,761.38,766.57,771.25,775.57,779.68,783.63,787.58,791.43,795.16,798.94,803.95,808.92,813.25,816.66,819.72,821.77,823.63,825.21,825.34,823.83,821.91,819.63,816.73,814.16,812.47,811.40,810.85,810.72,810.32,809.94,809.52,808.68,807.38,805.31,802.82,800.18,797.38,794.16,790.91,787.95,785.76,784.20,783.08,781.95,780.42,778.87,776.78,774.47,772.07,769.43,766.08,762.02,757.66,753.70,749.53,744.40,739.11,734.26,729.01,721.41,713.72,707.00,701.33,696.15,690.58,684.56,678.51,673.91,666.39,657.62,649.83,646.09,642.74,640.08,638.24,637.07,635.84,634.47,633.08,631.63,629.61,627.27,624.69,622.01,619.56,617.32,615.09,612.65,609.77,606.63,603.57,600.73,598.25,596.20,594.18,592.18,590.28,588.58,586.84,585.01,583.15,581.24,579.18,576.45,573.90,572.15,571.59,571.09,570.59,569.85,568.46,566.73,565.14,563.75,562.54,561.36,560.47,559.86,559.17,557.62
1109.29,1109.74,1109.60,1108.77,1107.03,1104.72,1102.01,1098.55,1094.37,1089.94,1084.11,1079.04,1074.88,1071.11,1067.01,1062.51,1057.33,1051.63,1046.87,1043.18,1039.75,1036.24,1032.54,1028.58,1024.89,1021.78,1019.50,1017.72,1016.06,1014.01,1011.19,1007.24,1002.60,998.07,993.95,990.63,988.52,987.34,986.88,986.95,986.82,986.75,986.33,985.49,984.29,982.88,981.01,978.83,976.32,973.22,969.98,966.59,962.97,959.03,954.95,951.07,946.88,941.69,937.02,932.80,928.87,925.23,921.89,918.96,915.89,912.61,909.32,906.01,902.74,899.52,896.31,893.04,889.83,886.20,882.27,879.18,877.04,874.84,872.37,869.86,867.79,866.54,865.93,865.79,865.42,864.80,864.05,863.10,861.63,859.72,856.80,852.95,847.84,840.40,833.82,828.18,823.24,818.54,814.13,809.89,805.76,801.63,796.82,791.74,787.05,783.19,779.82,777.00,774.31,771.68,769.35,767.47,765.64,763.82,762.05,760.33,758.41,756.41,754.38,752.23,750.00,748.27,746.97,745.65,744.34,742.99,742.10,742.22,743.47,744.81,746.13,747.47,748.92,750.94,753.83,757.29,761.26,766.62,771.39,775.75,779.89,783.81,787.67,791.56,795.51,799.73,804.88,809.64,813.83,817.36,820.17,822.08,823.76,825.01,824.60,823.09,821.33,818.88,815.03,811.74,809.44,807.81,806.79,806.37,805.27,804.35,803.65,802.67,801.42,799.80,797.77,795.25,792.26,789.05,785.78,782.68,780.23,778.98,778.21,777.52,776.58,774.97,773.03,770.94,768.68,766.04,763.04,759.88,756.62,753.14,749.30,744.41,739.32,734.73,730.06,722.55,714.75,707.93,702.31,697.26,692.29,686.73,680.19,675.35,668.98,660.54,651.38,646.76,642.51,638.54,635.30,633.62,632.07,630.63,629.27,627.85,625.87,623.72,621.39,619.03,617.14,615.15,612.92,610.44,607.65,604.61,601.64,599.04,596.93,594.92,592.97,591.05,589.22,587.64,586.01,584.25,582.38,580.53,578.98,576.83,574.33,572.09,571.38,570.88,570.35,569.44,567.73,565.85,564.18,562.71,561.45,560.32,559.79,559.34,558.26,555.70
1103.54,1103.78,1103.59,1102.94,1101.70,1100.02,1097.73,1094.68,1090.91,1086.83,1081.80,1077.15,1072.96,1068.88,1064.70,1059.74,1053.84,1047.37,1042.18,1038.32,1034.95,1031.57,1027.65,1023.43,1019.95,1017.10,1014.77,1013.01,1011.47,1009.68,1007.24,1003.52,998.89,994.34,990.29,987.10,984.81,983.47,982.78,982.57,982.27,981.97,981.13,979.82,978.36,976.10,973.87,971.81,969.83,967.54,964.85,961.54,957.59,953.33,949.50,945.67,941.51,936.79,932.25,927.77,923.68,920.29,917.44,914.62,911.44,907.92,904.35,901.03,897.84,894.67,891.38,887.76,884.28,881.09,878.29,875.96,874.02,871.49,868.37,865.25,863.52,862.71,862.38,862.34,862.20,861.86,861.33,860.51,859.17,857.36,854.64,850.78,845.29,838.40,832.39,827.19,822.54,817.99,813.63,809.42,805.31,801.14,796.31,791.38,786.79,782.81,779.22,776.15,773.34,770.78,768.70,766.88,765.05,763.23,761.45,759.69,757.83,755.89,753.94,751.95,750.02,748.45,747.14,745.83,744.56,743.28,742.33,742.20,743.40,744.72,746.06,747.42,748.82,750.81,753.67,757.10,761.05,766.54,771.42,775.74,779.66,783.33,787.06,791.08,795.45,800.34,805.64,810.28,814.35,817.88,820.35,821.93,823.41,824.51,823.89,822.49,821.00,818.65,814.38,810.32,807.39,805.01,802.88,800.98,799.19,797.92,797.08,796.33,795.59,794.68,793.31,791.19,788.37,785.13,781.53,777.91,775.30,774.36,773.87,773.25,772.17,770.38,768.44,766.44,764.33,762.03,759.64,757.23,754.72,751.83,748.43,743.84,739.04,734.83,730.38,722.91,714.93,707.69,701.50,696.79,692.32,687.25,681.17,676.23,670.80,663.15,653.71,647.75,643.30,639.06,634.85,631.31,629.00,627.37,625.89,624.22,622.41,620.72,618.89,616.89,615.06,613.16,610.97,608.43,605.56,602.59,600.01,597.75,595.73,593.77,591.84,590.01,588.31,586.72,585.10,583.39,581.61,579.86,578.49,576.89,574.83,572.60,571.31,570.70,569.98,568.81,566.95,565.03,563.23,561.66,560.48,559.86,559.49,558.19,556.25,555.18
1097.47,1097.76,1097.78,1097.49,1096.75,1095.57,1093.72,1091.09,1087.72,1083.92,1079.50,1075.11,1070.85,1066.56,1062.19,1056.69,1050.27,1043.46,1037.87,1033.62,1030.06,1026.64,1022.71,1018.63,1015.33,1012.47,1009.84,1007.91,1006.45,1004.94,1002.86,999.33,994.95,990.55,986.60,983.54,981.33,979.89,979.01,978.58,978.08,977.34,975.93,974.02,972.13,969.49,967.22,965.39,963.82,962.03,959.68,956.44,952.36,948.12,944.47,940.72,936.63,932.15,927.58,923.06,919.10,915.94,913.09,909.89,906.55,903.18,899.85,896.53,893.30,890.04,886.66,883.08,879.81,877.12,875.02,872.98,870.28,867.12,863.78,860.81,859.46,859.08,859.04,859.06,859.06,858.92,858.55,857.82,856.56,854.82,852.16,848.18,842.52,836.59,831.15,826.29,821.90,817.45,813.15,809.02,804.99,800.83,796.02,791.19,786.69,782.69,779.00,775.67,772.65,770.06,768.16,766.37,764.57,762.78,761.02,759.25,757.43,755.58,753.71,751.88,750.20,748.76,747.46,746.18,744.94,743.70,742.65,742.22,743.26,744.56,745.92,747.29,748.66,750.49,753.36,756.83,760.73,766.44,771.39,775.59,779.26,782.76,786.40,790.53,795.26,800.76,806.37,810.96,814.93,818.38,820.52,821.84,823.11,824.05,823.37,822.15,820.87,818.54,813.91,809.39,805.97,802.86,799.54,795.97,793.66,792.25,791.38,790.83,790.44,789.95,789.08,787.46,784.95,781.50,777.38,773.20,770.37,769.47,769.01,768.34,767.10,765.25,763.53,761.81,759.97,758.15,756.29,754.38,752.37,750.00,747.14,743.04,738.64,734.66,730.34,722.90,714.69,706.98,700.42,695.95,691.79,687.07,681.47,676.60,671.74,664.79,655.57,648.60,644.02,639.65,634.83,629.94,626.86,624.70,622.86,621.12,619.53,618.22,616.76,615.02,613.19,611.29,609.02,606.41,603.53,600.77,598.54,596.54,594.58,592.65,590.75,589.01,587.41,585.78,584.16,582.52,580.86,579.25,577.95,576.65,575.00,573.00,571.25,570.50,569.56,568.11,566.17,564.23,562.28,560.72,559.85,559.53,558.59,556.81,555.02,555.00
1090.98,1091.73,1092.39,1092.72,1092.36,1091.46,1089.99,1087.73,1084.69,1081.13,1077.03,1072.75,1068.44,1064.04,1059.23,1053.15,1046.53,1039.97,1034.04,1029.22,1025.17,1021.51,1017.84,1014.33,1011.07,1007.81,1004.56,1002.28,1000.94,999.74,997.96,994.59,990.76,986.71,982.89,979.99,978.12,976.62,975.55,974.96,974.19,972.80,970.66,968.06,965.56,963.27,961.44,959.91,958.48,956.66,954.31,951.16,947.31,943.57,940.00,936.34,932.33,927.70,922.92,918.72,915.19,912.18,908.64,904.55,901.08,898.37,895.88,892.59,889.15,885.68,882.22,879.29,876.82,874.51,872.24,869.76,865.40,861.44,858.50,856.62,855.60,855.64,855.94,856.00,856.01,855.99,855.73,855.08,853.87,852.16,849.34,845.17,839.68,835.08,830.13,825.47,821.27,816.90,812.73,808.73,804.83,800.76,796.01,791.20,786.72,782.79,779.18,775.61,772.30,769.54,767.73,765.95,764.21,762.50,760.78,759.01,757.23,755.48,753.77,752.12,750.59,749.23,747.98,746.74,745.50,744.26,743.09,742.33,743.08,744.35,745.73,747.10,748.44,750.00,752.88,756.46,760.30,766.33,771.31,775.31,778.72,782.21,785.84,790.03,795.00,800.99,807.07,811.71,815.55,818.87,820.70,821.87,822.95,823.69,823.07,822.08,820.90,818.45,813.49,808.90,805.20,801.42,796.93,791.71,789.10,787.75,786.96,786.47,786.10,785.60,784.93,783.88,781.78,777.89,773.14,768.44,765.31,764.07,763.33,762.50,761.22,759.52,758.33,757.16,755.76,754.53,753.04,751.37,749.60,747.65,745.41,742.04,738.13,734.20,729.90,722.52,714.07,705.90,699.33,694.93,690.85,686.29,681.02,676.39,671.66,665.18,656.65,649.20,644.46,639.96,634.89,629.55,625.82,622.71,620.26,618.72,617.39,616.27,614.96,613.34,611.54,609.53,607.07,604.33,601.61,599.23,597.21,595.34,593.45,591.53,589.71,588.04,586.48,584.86,583.23,581.65,580.13,578.71,577.40,576.09,574.72,573.13,571.17,570.28,569.07,567.33,565.38,563.39,561.34,559.96,559.60,559.20,556.90,555.33,555.00,555.00
1084.44,1085.58,1086.80,1087.63,1087.63,1087.04,1085.83,1083.87,1081.13,1077.78,1073.93,1069.82,1065.53,1060.90,1055.48,1049.49,1043.30,1037.09,1031.06,1025.87,1021.31,1017.20,1013.45,1009.68,1006.00,1002.49,999.37,996.97,995.41,994.00,992.15,989.15,985.47,982.16,979.34,976.96,975.23,973.69,972.23,970.86,969.49,967.52,964.95,962.18,960.02,958.32,956.89,955.51,953.97,951.90,949.17,945.90,942.29,938.86,935.42,931.75,927.68,923.02,918.46,914.65,911.15,907.55,903.62,900.03,897.11,894.64,891.95,888.58,885.09,881.63,878.31,875.58,873.29,870.74,867.60,863.94,859.78,856.19,853.59,852.31,851.84,852.17,852.67,852.94,853.00,853.01,852.83,852.34,851.26,849.11,846.24,842.43,837.52,833.43,829.07,824.75,820.65,816.53,812.43,808.50,804.68,800.74,796.04,791.36,787.08,783.38,779.81,776.10,772.44,769.31,767.58,765.84,764.13,762.43,760.73,759.00,757.35,755.75,754.19,752.68,751.21,749.83,748.53,747.30,746.10,744.85,743.60,742.69,743.03,744.21,745.56,746.87,748.19,749.56,752.26,755.81,759.86,766.04,771.02,774.96,778.34,781.99,785.98,790.34,795.28,801.24,807.59,812.14,815.73,818.88,820.60,821.68,822.63,823.25,822.58,821.73,820.50,817.85,812.72,808.29,804.53,800.07,794.45,789.13,786.26,784.51,783.27,782.38,781.34,780.36,779.40,778.24,776.21,772.29,767.49,762.77,759.57,757.70,756.37,755.30,754.43,753.40,752.82,752.25,751.45,750.60,749.62,748.36,746.89,745.35,743.45,740.60,737.15,733.30,728.68,721.37,713.17,705.28,698.77,694.15,689.87,685.37,680.52,675.93,671.14,664.93,656.95,649.43,644.56,639.86,634.56,629.10,625.00,621.57,618.96,617.43,615.95,614.55,613.14,611.60,609.77,607.67,605.14,602.45,600.05,597.96,596.05,594.18,592.29,590.45,588.75,587.15,585.60,584.02,582.43,580.90,579.45,578.11,576.79,575.51,574.22,572.82,571.15,569.90,568.17,566.00,563.79,561.82,560.43,559.65,559.13,557.41,555.76,555.00,555.00,555.00
1078.22,1079.63,1081.21,1082.40,1082.67,1082.35,1081.37,1079.66,1077.18,1074.05,1070.43,1066.45,1062.10,1057.12,1051.39,1045.77,1040.12,1034.26,1028.32,1022.92,1017.92,1013.34,1009.36,1005.22,1001.09,997.37,994.38,991.86,989.98,988.22,986.22,983.60,980.22,977.67,975.82,973.99,972.30,970.64,968.76,966.60,964.60,962.16,959.38,956.70,954.96,953.70,952.49,951.06,949.19,946.86,943.94,940.66,937.24,933.99,930.69,926.98,922.79,918.18,913.97,910.42,906.84,902.86,898.93,896.07,893.59,891.01,887.85,884.43,881.03,877.68,874.45,871.67,869.21,866.26,862.41,857.89,854.37,851.39,849.07,847.99,847.87,848.41,849.15,849.76,849.96,850.02,849.97,849.73,848.85,846.27,843.39,840.05,835.81,832.00,828.13,824.13,820.09,816.19,812.18,808.29,804.54,800.72,796.14,791.60,787.51,784.03,780.51,776.66,772.68,769.21,767.54,765.85,764.16,762.47,760.77,759.09,757.57,756.12,754.67,753.27,751.83,750.42,749.07,747.83,746.65,745.39,744.12,743.09,743.01,744.06,745.37,746.62,747.91,749.16,751.65,755.14,759.45,765.62,770.64,774.65,778.16,782.07,786.52,791.05,795.81,801.44,807.89,812.30,815.63,818.63,820.39,821.41,822.25,822.74,822.04,821.28,819.86,816.92,811.77,807.61,803.88,798.81,792.26,787.21,783.99,781.50,779.40,777.83,775.99,774.37,772.94,771.48,769.41,765.68,761.25,756.96,753.90,751.61,749.88,748.72,748.28,747.88,747.73,747.56,747.20,746.57,746.01,745.14,744.02,742.86,741.19,738.74,735.68,731.89,726.88,719.89,712.29,704.90,698.44,693.51,689.03,684.62,680.16,675.39,670.43,664.33,656.77,649.38,644.41,639.52,634.07,628.63,624.25,620.62,617.88,616.23,614.57,612.89,611.35,609.84,607.95,605.77,603.25,600.73,598.68,596.81,594.96,593.07,591.18,589.43,587.84,586.30,584.77,583.22,581.67,580.20,578.80,577.48,576.17,574.90,573.63,572.33,570.98,569.27,567.01,564.44,562.06,560.35,559.70,559.27,558.20,555.63,555.01,555.00,555.00,555.00
1073.08,1074.43,1075.84,1076.95,1077.32,1077.06,1076.30,1074.81,1072.51,1069.61,1066.23,1062.24,1057.48,1051.90,1046.93,1041.94,1036.67,1031.11,1025.60,1020.30,1015.11,1010.18,1005.86,1001.61,997.43,993.46,989.95,987.07,984.85,982.80,980.66,978.28,976.00,974.01,972.32,970.81,969.00,966.94,964.70,962.29,959.84,957.22,954.64,952.31,950.50,949.01,947.48,945.50,942.84,940.46,938.23,935.43,932.01,928.81,925.57,921.76,917.48,913.05,909.23,905.45,901.87,898.70,895.80,893.18,890.22,886.78,883.12,879.94,876.95,873.78,870.24,867.04,863.88,860.60,857.10,853.37,850.24,847.61,845.40,843.77,843.16,843.76,844.96,846.24,846.83,847.05,847.32,847.57,847.03,844.42,841.60,838.58,834.94,831.33,827.60,823.69,819.64,815.77,811.91,808.13,804.43,800.69,796.41,791.97,787.91,784.50,781.09,777.02,772.84,769.33,767.61,765.91,764.25,762.59,760.90,759.31,757.86,756.45,755.04,753.65,752.25,750.88,749.56,748.27,747.05,745.80,744.56,743.46,742.98,743.87,745.12,746.36,747.61,748.85,751.16,754.59,759.21,764.95,770.14,774.55,778.41,782.79,787.73,792.31,796.63,801.49,807.70,811.93,815.06,817.97,820.05,821.12,821.77,822.03,821.46,820.76,818.84,815.41,810.60,806.77,803.13,797.83,790.88,785.89,782.01,778.13,774.35,771.57,769.13,766.84,764.78,762.99,760.81,757.64,754.38,751.45,749.08,747.24,746.02,745.28,744.93,744.55,744.23,743.84,743.25,742.49,741.94,741.34,740.61,739.71,738.13,735.89,733.07,729.33,723.91,718.09,711.71,704.87,698.40,693.12,688.63,684.53,680.26,674.87,669.45,663.18,655.75,648.78,643.80,638.82,633.38,628.12,623.54,619.49,616.31,614.36,612.74,611.16,609.64,608.08,606.10,603.86,601.49,599.28,597.58,595.80,593.96,592.08,590.20,588.59,587.03,585.52,584.02,582.47,580.93,579.51,578.17,576.86,575.55,574.25,572.97,571.70,570.32,568.02,565.32,562.65,560.60,559.84,559.51,558.31,556.05,555.17,555.00,555.00,555.00,555.00
1067.40,1068.97,1070.31,1071.30,1071.74,1071.58,1070.96,1069.65,1067.56,1064.78,1061.37,1057.21,1052.35,1046.95,1042.58,1038.11,1033.22,1027.89,1022.60,1017.41,1012.26,1007.28,1002.79,998.48,994.09,989.74,985.71,982.42,980.01,977.68,975.21,973.00,971.30,969.70,968.15,966.71,964.90,962.93,960.73,958.24,955.54,952.91,950.52,948.42,946.62,944.75,942.84,940.65,938.02,935.46,932.86,929.94,926.67,923.35,919.91,916.10,912.05,908.12,904.59,900.90,897.54,894.84,892.30,889.50,886.16,882.40,878.78,875.78,872.92,869.78,866.13,862.71,859.28,855.88,852.58,849.51,846.71,844.27,842.17,840.47,839.51,840.11,841.47,842.92,843.80,844.27,844.79,845.36,845.29,843.15,840.48,837.53,834.13,830.67,827.02,823.18,819.22,815.45,811.79,808.11,804.41,800.65,796.50,792.19,788.26,784.97,781.59,777.52,773.32,769.73,767.88,766.16,764.50,762.84,761.18,759.60,758.18,756.81,755.42,754.02,752.63,751.27,749.94,748.64,747.41,746.19,744.95,743.79,743.01,743.79,745.01,746.22,747.46,748.69,750.90,754.33,759.19,764.66,769.86,774.50,778.72,783.42,788.37,792.85,796.99,801.54,807.41,811.56,814.63,817.37,819.69,820.79,821.28,821.34,820.73,819.53,817.11,813.56,809.17,805.43,801.60,796.33,789.71,784.74,780.18,775.35,770.70,767.47,764.66,761.07,757.68,755.42,753.52,751.07,748.70,746.62,744.65,742.88,741.80,741.21,740.81,740.34,739.64,738.72,737.67,736.97,736.63,736.36,736.05,735.53,734.36,732.31,729.53,725.87,720.86,716.04,710.56,704.31,698.34,693.01,688.54,684.59,680.42,674.55,668.49,661.81,654.42,647.86,642.87,637.81,632.38,627.17,622.52,618.39,614.94,612.50,610.88,609.37,607.87,606.28,604.25,602.06,599.96,598.08,596.50,594.79,592.96,591.12,589.33,587.76,586.22,584.72,583.23,581.69,580.20,578.82,577.51,576.20,574.92,573.61,572.32,570.95,569.12,566.38,563.52,561.14,559.72,558.25,557.71,556.80,555.14,555.00,555.00,555.00,555.00,555.00
1061.55,1063.42,1064.73,1065.60,1066.08,1066.04,1065.48,1064.30,1062.39,1059.63,1056.06,1051.71,1046.96,1042.27,1038.35,1034.28,1029.69,1024.52,1019.27,1014.18,1009.20,1004.37,999.91,995.57,990.83,986.00,981.57,977.94,975.37,972.74,969.91,967.78,966.36,965.03,963.64,962.18,960.50,958.86,956.91,954.45,951.67,949.11,946.86,944.89,943.07,940.84,938.55,936.33,934.06,931.13,927.65,924.33,921.25,917.77,914.07,910.30,906.66,903.33,900.01,896.61,893.53,890.95,888.35,885.18,881.60,877.91,874.62,871.75,868.88,865.68,862.02,858.56,855.14,851.75,848.56,846.00,843.46,841.19,839.26,837.73,836.54,837.06,838.37,839.72,840.80,841.60,842.37,843.14,843.56,842.18,839.74,836.74,833.38,830.03,826.42,822.64,818.84,815.23,811.76,808.17,804.42,800.58,796.50,792.32,788.56,785.40,782.03,778.12,774.00,770.35,768.29,766.55,764.86,763.18,761.55,759.94,758.54,757.18,755.79,754.39,752.99,751.59,750.22,748.92,747.73,746.53,745.29,744.10,743.09,743.81,745.00,746.18,747.42,748.65,750.82,754.28,759.32,764.62,769.73,774.52,779.09,783.95,788.66,792.98,797.11,801.61,807.07,811.16,814.23,816.79,819.22,820.35,820.70,820.52,819.70,817.74,814.90,811.39,807.32,803.53,799.46,794.46,788.63,783.75,778.62,773.23,768.25,764.93,761.76,756.66,751.72,748.96,747.41,745.54,743.64,741.84,740.02,738.11,736.97,736.39,735.88,735.32,734.28,732.83,731.32,730.78,730.70,730.76,730.82,730.70,730.09,728.28,725.51,721.93,717.78,713.77,708.95,703.33,698.14,693.06,688.65,684.69,680.43,674.15,667.43,660.23,652.79,646.78,641.82,636.68,631.21,625.95,621.28,617.14,613.50,610.64,609.02,607.54,606.07,604.47,602.44,600.40,598.61,597.02,595.46,593.77,591.97,590.18,588.51,586.95,585.41,583.90,582.42,580.89,579.47,578.13,576.82,575.51,574.26,572.96,571.62,570.01,567.53,564.47,561.76,559.88,558.94,556.23,555.32,555.21,555.02,555.00,555.00,555.00,555.00,555.00
1056.55,1058.27,1059.50,1060.33,1060.75,1060.71,1060.12,1058.88,1056.89,1054.09,1050.45,1046.22,1041.91,1038.07,1034.49,1030.37,1025.67,1020.45,1015.17,1010.05,1005.15,1000.60,996.60,992.37,986.93,981.53,977.40,973.94,970.89,967.87,965.00,962.97,961.71,960.62,959.50,958.31,957.08,955.52,953.58,951.21,948.58,946.03,943.78,941.74,939.59,937.36,935.07,932.57,929.60,925.88,922.12,918.81,915.88,912.60,908.87,905.27,901.90,898.71,895.53,892.23,889.04,886.10,883.23,880.03,876.62,873.20,870.15,867.33,864.47,861.32,857.72,854.45,850.98,847.62,844.64,842.28,839.93,838.12,836.64,835.09,833.79,834.01,835.08,836.39,837.63,838.83,840.03,841.12,841.67,840.90,838.86,836.04,832.83,829.51,825.90,822.22,818.61,815.21,811.86,808.24,804.36,800.32,796.50,792.45,788.70,785.60,782.38,778.79,774.88,771.14,768.74,766.96,765.31,763.65,761.99,760.36,758.93,757.56,756.15,754.66,753.22,751.75,750.31,749.01,747.83,746.65,745.47,744.29,743.26,743.94,745.11,746.29,747.52,748.71,750.93,754.48,759.49,764.69,769.73,774.70,779.62,784.33,788.94,793.29,797.45,801.72,806.73,810.62,813.62,816.05,818.17,819.38,819.65,819.03,817.56,815.24,812.31,808.61,803.98,800.18,796.56,792.32,787.40,783.03,778.00,772.73,767.75,763.66,759.53,753.86,748.57,745.43,743.41,740.82,737.96,735.19,732.92,731.11,730.06,729.55,729.23,728.77,728.24,727.35,726.18,725.73,725.59,725.62,725.68,725.62,725.44,724.18,721.83,718.44,714.74,711.02,706.71,701.85,697.37,693.08,688.81,684.44,679.52,672.59,665.68,658.23,650.59,645.81,641.14,635.86,630.17,624.84,619.80,614.97,611.06,608.81,607.26,605.75,604.26,602.70,600.85,599.20,597.58,595.96,594.40,592.76,591.00,589.28,587.69,586.14,584.60,583.07,581.56,580.08,578.71,577.39,576.08,574.76,573.48,572.17,570.63,568.55,565.49,562.39,560.47,559.03,556.82,555.39,555.00,555.00,555.00,555.00,555.00,555.00,555.00,555.00
1051.75,1053.34,1054.60,1055.41,1055.67,1055.60,1054.86,1053.42,1051.28,1048.47,1044.90,1040.99,1037.16,1033.77,1030.22,1025.95,1021.12,1015.85,1010.47,1005.48,1000.91,996.69,992.69,988.00,982.36,977.01,973.02,969.56,966.23,963.17,960.57,958.75,957.59,956.63,955.69,954.70,953.74,952.19,950.22,947.93,945.44,942.90,940.56,938.37,936.04,933.83,931.29,928.28,924.63,920.47,916.69,913.29,910.19,907.16,903.96,900.76,897.62,894.49,891.24,887.74,884.28,881.05,877.87,874.66,871.46,868.34,865.44,862.65,859.83,856.71,853.18,849.93,846.54,843.35,840.57,838.25,836.14,834.64,833.47,832.05,830.65,830.51,831.33,832.78,834.23,835.68,837.20,838.67,839.62,839.67,838.01,835.33,832.32,829.10,825.50,821.85,818.36,815.12,811.85,808.15,804.09,799.97,796.38,792.50,788.82,785.71,782.61,779.24,775.52,771.83,769.14,767.33,765.71,764.07,762.40,760.77,759.26,757.78,756.28,754.74,753.24,751.72,750.25,748.96,747.77,746.61,745.45,744.35,743.55,744.23,745.36,746.51,747.70,748.87,751.26,754.99,759.93,764.94,769.92,775.06,780.26,784.83,789.36,793.78,798.02,802.05,806.50,810.14,813.02,815.28,817.02,818.18,818.33,817.34,815.32,812.95,809.68,805.50,800.67,796.99,793.61,789.87,785.68,781.80,777.16,772.19,767.17,762.27,757.32,751.31,745.82,742.13,738.88,735.43,731.85,728.47,726.03,724.28,723.13,722.45,722.13,721.69,721.51,721.24,720.74,720.53,720.72,720.89,720.96,721.00,721.08,720.14,718.09,714.94,711.58,708.04,704.17,700.11,696.37,692.79,688.45,683.45,677.84,670.70,663.54,656.05,648.83,645.03,640.59,635.06,629.00,623.53,618.01,612.76,608.81,606.95,605.44,603.92,602.47,601.05,599.53,598.17,596.64,594.99,593.40,591.76,590.07,588.43,586.88,585.34,583.79,582.24,580.73,579.31,577.96,576.64,575.33,574.01,572.68,571.33,569.46,566.77,563.39,560.82,559.71,558.52,555.45,555.00,555.00,555.00,555.00,555.00,555.00,555.00,555.00,555.00
1047.03,1048.64,1050.05,1050.89,1050.87,1050.71,1049.68,1047.91,1045.55,1042.78,1039.47,1036.09,1032.72,1029.19,1025.27,1020.78,1015.89,1010.63,1005.13,1000.53,996.58,992.74,987.99,982.07,976.98,972.54,968.35,964.56,961.34,958.72,956.71,955.24,954.15,953.18,952.25,951.29,950.24,948.67,946.70,944.42,942.02,939.50,936.99,934.59,932.38,930.08,926.89,923.09,919.04,915.07,911.45,907.76,904.11,901.32,899.33,896.84,893.86,890.75,887.15,883.08,879.27,875.97,872.45,869.19,866.18,863.31,860.46,857.72,854.90,851.81,848.32,844.85,841.71,838.88,836.29,833.85,832.04,830.62,829.42,828.38,826.87,826.31,826.96,828.74,830.52,832.03,833.71,835.60,837.42,838.56,837.24,834.57,831.83,828.82,825.22,821.54,818.06,814.87,811.68,807.84,803.56,799.54,796.08,792.44,788.92,785.78,782.68,779.35,775.79,772.28,769.47,767.64,766.01,764.39,762.76,761.13,759.49,757.80,756.11,754.56,753.02,751.47,750.00,748.76,747.54,746.36,745.20,744.21,743.96,744.72,745.77,746.87,747.97,749.13,751.87,755.93,760.76,765.42,770.33,775.62,781.03,785.53,790.01,794.52,798.86,802.71,806.45,809.76,812.49,814.47,815.85,816.78,816.75,815.53,813.23,811.12,807.12,802.11,797.75,794.37,790.76,787.00,783.24,779.72,775.73,771.13,765.95,760.29,754.88,748.73,743.00,738.46,733.17,728.99,725.34,722.15,720.02,718.19,716.62,715.43,714.79,714.16,713.98,714.18,714.60,714.90,716.00,716.66,716.82,717.12,717.23,716.19,714.16,711.32,708.22,704.82,701.37,698.08,695.15,692.02,687.30,681.45,675.27,668.57,661.02,653.72,647.82,644.44,640.11,634.22,627.60,621.92,615.81,610.72,607.06,605.04,603.51,602.04,600.70,599.56,598.55,597.30,595.80,594.15,592.48,590.79,589.18,587.62,586.07,584.53,582.99,581.44,579.95,578.60,577.23,575.89,574.58,573.25,571.88,570.42,568.06,564.67,561.36,560.06,559.55,558.37,555.42,555.00,555.00,555.00,555.00,555.00,555.00,555.00,555.00,555.00
1042.28,1043.48,1044.58,1045.29,1045.32,1045.10,1044.04,1042.09,1039.41,1036.55,1033.59,1030.44,1027.03,1023.36,1019.65,1015.28,1010.39,1005.20,1000.33,996.28,992.16,987.51,982.00,976.29,971.42,967.12,963.15,959.94,957.25,954.95,953.04,951.60,950.36,949.23,948.15,947.04,945.79,944.15,942.21,940.01,937.63,935.17,932.83,930.51,927.95,925.30,921.63,917.38,913.21,909.80,906.50,903.11,899.82,897.33,895.58,893.27,889.96,885.59,881.91,878.37,875.01,871.78,867.99,864.54,861.49,858.68,855.88,852.97,849.81,846.48,843.14,840.05,837.15,834.49,832.13,830.06,828.26,826.70,825.26,823.76,822.16,821.48,822.00,823.83,826.17,828.48,830.89,833.35,835.60,837.52,836.75,834.38,831.77,828.84,825.17,821.37,817.80,814.57,811.43,807.50,803.09,799.05,795.63,792.17,788.87,785.89,782.88,779.65,776.18,772.64,769.66,767.80,766.18,764.56,762.93,761.27,759.58,757.87,756.15,754.52,752.87,751.23,749.72,748.53,747.33,746.13,744.95,744.07,744.42,745.31,746.35,747.42,748.51,749.97,753.08,757.24,761.61,766.08,770.82,776.03,781.54,786.27,790.85,795.40,799.66,803.03,806.26,809.31,811.76,813.31,814.49,815.29,815.18,814.08,812.34,809.96,805.57,800.26,795.64,791.98,787.62,783.27,779.49,776.10,772.13,766.92,760.93,755.26,750.24,744.54,738.86,733.86,728.79,724.55,720.88,717.73,715.29,712.70,710.35,708.53,707.58,707.15,707.31,707.86,708.66,709.50,711.22,712.57,713.29,713.66,713.65,712.51,710.36,707.48,704.65,701.69,698.72,695.84,693.11,689.81,684.94,679.01,672.79,666.10,658.51,651.74,646.93,643.63,639.11,632.95,626.06,620.13,613.73,608.88,605.43,603.10,601.61,600.43,599.37,598.40,597.56,596.43,594.96,593.32,591.74,590.12,588.50,586.86,585.23,583.75,582.25,580.73,579.22,577.83,576.47,575.14,573.82,572.46,571.11,568.78,565.68,562.38,560.36,559.69,558.48,556.69,555.21,555.00,555.00,555.00,555.00,555.00,555.00,555.00,555.00,555.00
1037.41,1038.18,1038.97,1039.58,1039.70,1039.41,1038.32,1036.19,1033.20,1030.17,1027.54,1024.54,1021.10,1017.38,1014.02,1009.79,1004.99,1000.05,995.87,991.96,987.32,981.79,975.81,970.59,965.96,961.79,958.26,955.72,953.45,951.30,949.32,947.73,946.31,945.01,943.75,942.43,940.92,939.18,937.28,935.21,932.95,930.64,928.51,926.30,923.31,920.22,916.22,911.76,907.64,904.73,901.74,898.79,896.10,893.87,891.94,889.42,885.73,880.58,877.11,874.24,871.28,867.85,863.87,860.25,857.07,854.19,851.31,848.13,844.70,841.28,838.18,835.57,832.94,830.46,828.33,826.63,824.74,822.92,821.07,818.97,817.24,816.47,816.99,819.07,822.13,825.38,828.62,831.64,834.09,836.53,836.30,834.31,831.80,828.91,825.14,821.22,817.54,814.25,811.05,807.00,802.47,798.47,795.05,791.76,788.68,785.88,782.97,779.86,776.43,772.84,769.75,767.87,766.24,764.61,762.96,761.28,759.56,757.84,756.12,754.39,752.62,750.92,749.42,748.29,747.14,745.94,744.77,744.05,744.88,745.90,746.96,748.03,749.15,751.14,754.61,758.71,762.57,766.79,771.36,776.47,781.98,786.98,791.72,796.31,800.41,803.32,806.13,808.91,811.06,812.20,813.27,814.02,813.87,812.92,811.80,809.26,804.66,799.14,794.11,789.83,784.63,779.65,775.57,771.94,767.60,761.67,755.01,749.63,745.14,740.09,734.72,729.58,725.20,721.06,717.34,714.06,710.94,707.46,704.44,702.17,700.99,700.78,701.25,702.04,703.02,704.26,706.22,708.03,709.26,709.63,709.49,708.32,706.25,703.55,701.11,698.63,696.05,693.37,690.44,686.83,681.98,676.26,670.14,663.34,655.93,649.80,645.89,642.60,637.75,631.41,624.44,618.26,611.81,607.18,603.84,601.28,599.87,598.97,598.16,597.33,596.54,595.56,594.16,592.57,591.09,589.53,587.87,586.14,584.44,582.98,581.50,580.00,578.50,577.06,575.72,574.39,573.05,571.63,570.00,566.71,563.16,560.45,559.74,559.07,557.10,555.05,555.00,555.00,555.00,555.00,555.00,555.00,555.00,555.00,555.00,555.00
1032.29,1032.86,1033.80,1034.53,1034.52,1034.22,1032.80,1030.36,1027.16,1023.93,1021.29,1018.60,1015.59,1012.16,1008.93,1004.66,1000.18,996.02,992.04,986.75,981.14,975.61,970.19,965.01,960.96,957.72,954.94,952.45,949.84,947.42,945.29,943.23,941.71,940.38,939.02,937.44,935.56,933.61,931.75,930.01,928.24,926.30,924.28,921.93,918.63,915.14,911.13,906.97,903.18,900.20,897.29,894.70,892.48,890.31,887.78,884.29,880.50,877.49,874.80,872.12,868.56,863.93,859.96,856.30,852.98,849.81,846.39,842.80,839.68,836.89,834.25,831.79,829.58,827.51,825.59,823.82,821.83,819.51,816.97,814.50,812.50,811.47,812.33,815.63,819.70,823.67,827.51,830.95,833.28,835.67,835.74,834.12,831.73,828.85,824.97,820.97,817.27,813.88,810.32,805.92,801.27,797.57,794.24,791.09,788.15,785.41,782.59,779.54,776.15,772.63,769.62,767.76,766.10,764.41,762.73,761.04,759.25,757.43,755.62,753.80,751.97,750.38,749.08,748.09,747.00,745.85,744.83,744.39,745.31,746.42,747.52,748.61,749.91,752.87,756.60,760.38,763.83,767.50,772.02,777.08,782.41,787.58,792.51,797.10,801.08,803.85,806.36,808.77,810.65,811.69,812.71,813.51,813.36,812.32,811.26,809.44,804.87,798.98,793.70,788.20,782.46,777.14,772.39,767.55,762.20,756.04,749.79,744.98,740.67,736.36,731.89,727.33,722.94,718.74,714.83,711.00,706.60,702.47,699.47,697.48,696.34,695.99,696.39,697.17,698.18,699.31,700.51,701.86,703.01,703.29,703.10,702.25,701.01,699.55,697.83,695.69,693.25,690.35,686.49,682.69,678.20,672.94,666.89,659.98,653.09,647.66,644.22,641.02,635.73,629.36,622.64,616.30,610.34,605.71,602.23,599.85,598.62,597.78,597.00,596.21,595.43,594.65,593.49,592.06,590.57,588.93,587.25,585.54,583.84,582.21,580.62,579.15,577.77,576.36,574.99,573.61,572.26,570.66,567.76,563.93,561.10,559.88,559.37,557.18,555.60,555.00,555.00,555.00,555.00,555.00,555.00,555.00,555.00,555.00,555.00,555.00
1027.14,1027.48,1028.10,1028.57,1028.48,1028.07,1026.49,1023.99,1020.95,1018.13,1015.73,1013.30,1010.58,1007.37,1004.14,1000.04,995.70,991.44,986.79,981.13,975.42,969.98,964.97,960.57,957.13,954.19,951.35,948.40,945.51,942.99,940.82,938.67,937.04,935.58,934.12,932.54,930.70,928.84,927.11,925.52,923.93,922.07,919.94,917.36,913.86,910.13,906.20,902.35,898.90,895.80,892.74,890.13,887.96,885.64,883.23,880.09,876.93,874.80,872.39,869.06,864.82,860.06,856.15,852.34,848.74,845.29,841.82,838.45,835.61,833.12,830.74,828.40,826.44,824.63,822.81,820.79,818.46,815.79,812.82,809.66,807.12,806.77,808.92,813.48,818.15,822.62,826.85,830.48,832.69,834.91,835.17,833.88,831.61,828.75,824.76,820.59,816.70,813.14,809.32,804.75,800.08,796.53,793.26,790.22,787.38,784.69,781.93,778.88,775.53,772.13,769.34,767.49,765.81,764.10,762.38,760.68,758.79,756.88,755.00,753.15,751.32,749.87,748.75,747.79,746.78,745.70,744.90,744.81,745.75,746.84,747.93,749.12,750.83,754.19,757.90,761.47,764.74,768.14,772.58,777.55,782.73,787.94,792.99,797.56,801.35,803.88,806.22,808.51,810.32,811.37,812.38,813.27,813.25,812.37,811.54,810.20,805.78,799.68,793.91,787.70,781.56,775.73,770.34,765.18,759.39,753.29,747.48,742.89,738.63,734.61,730.50,726.09,721.59,717.27,713.09,708.78,703.83,699.61,696.51,694.27,692.66,691.73,691.95,692.68,693.54,694.29,695.00,696.03,697.15,697.67,697.62,697.16,696.54,695.80,694.66,692.73,690.17,686.96,682.90,678.95,674.55,669.48,663.46,656.55,650.41,645.60,642.07,638.45,633.20,627.08,620.62,614.38,608.74,604.07,600.64,598.73,597.56,596.64,595.82,595.05,594.25,593.59,592.69,591.49,589.99,588.29,586.54,584.80,583.07,581.35,579.77,578.34,576.99,575.60,574.23,572.85,571.34,569.19,565.10,561.82,560.02,559.31,557.88,555.88,555.00,555.00,555.00,555.00,555.00,555.00,555.00,555.00,555.00,555.00,555.00,555.00
1021.78,1021.88,1021.91,1021.91,1021.72,1021.15,1019.58,1017.29,1014.70,1012.66,1010.63,1008.43,1005.90,1002.86,999.57,995.65,991.28,986.40,980.72,975.39,970.09,964.86,960.21,956.94,953.89,950.72,947.30,943.73,940.72,938.22,936.12,934.14,932.41,930.79,929.26,927.83,926.26,924.68,923.10,921.52,919.89,917.88,915.51,912.66,909.02,905.26,901.49,897.94,894.77,891.55,888.22,885.35,882.98,880.45,878.57,876.59,874.42,872.20,869.57,865.25,860.54,856.34,852.43,848.40,844.49,840.85,837.64,834.82,832.19,829.75,827.50,825.26,823.38,821.64,819.81,817.44,814.68,811.81,808.60,804.77,801.69,802.60,806.53,812.26,817.20,821.97,826.43,830.14,832.26,834.24,834.62,833.59,831.43,828.56,824.47,820.08,815.88,812.12,808.11,803.52,798.93,795.38,792.11,789.13,786.36,783.74,781.03,777.94,774.63,771.43,768.93,767.10,765.40,763.67,761.91,760.20,758.24,756.24,754.33,752.48,750.70,749.39,748.43,747.44,746.49,745.51,744.95,745.24,746.18,747.19,748.24,749.54,751.73,755.12,758.68,762.10,765.36,768.68,773.04,777.91,782.97,788.12,793.21,797.76,801.36,803.59,805.88,808.18,810.05,811.20,812.25,813.26,813.50,812.99,812.48,811.35,807.18,801.07,794.67,788.11,781.59,775.18,769.20,764.31,758.56,752.69,747.24,742.67,738.37,734.32,730.16,725.62,720.91,716.44,711.95,707.25,702.25,698.27,694.99,692.16,689.77,688.01,687.86,688.42,689.07,689.36,689.82,690.68,691.79,692.66,692.85,692.78,692.57,692.15,691.41,689.61,686.85,683.33,679.55,675.49,671.04,666.02,660.05,653.26,647.90,643.52,639.56,635.25,630.37,624.67,618.49,612.54,607.09,602.41,599.15,597.79,596.58,595.54,594.65,593.85,593.03,592.43,591.77,590.81,589.31,587.59,585.77,583.95,582.19,580.45,578.97,577.57,576.18,574.80,573.47,572.10,570.27,567.23,562.37,560.32,559.51,558.50,555.87,555.11,555.00,555.00,555.00,555.00,555.00,555.00,555.00,555.00,555.00,555.00,555.00,555.00
1015.09,1015.14,1014.97,1014.65,1014.17,1013.55,1012.33,1010.77,1009.08,1007.41,1005.55,1003.50,1001.21,998.42,995.05,990.75,985.98,980.93,975.52,970.31,965.28,960.61,956.80,953.65,949.77,945.58,941.78,938.59,935.86,933.58,931.71,930.02,928.37,926.79,925.31,923.89,922.37,920.83,919.22,917.54,915.88,913.60,910.99,908.01,904.28,900.84,897.50,894.22,890.98,887.69,884.28,881.28,878.84,876.69,875.01,873.37,871.42,868.65,864.92,861.01,857.19,853.37,848.98,844.69,840.83,837.42,834.38,831.52,828.85,826.41,824.27,822.13,819.99,817.89,815.74,813.20,810.46,807.47,804.23,800.94,798.65,800.49,805.30,811.61,816.33,821.11,825.77,829.74,831.96,833.77,834.08,833.11,831.04,827.95,823.78,819.27,814.82,810.79,806.64,802.22,797.84,794.03,790.44,787.40,784.72,782.22,779.66,776.71,773.53,770.49,768.29,766.47,764.75,763.02,761.25,759.50,757.61,755.65,753.70,751.85,750.22,749.00,748.07,747.12,746.18,745.30,744.99,745.59,746.52,747.51,748.50,749.76,752.03,755.46,759.01,762.41,765.65,768.93,773.30,778.17,783.18,788.13,793.19,797.73,801.32,803.48,805.70,807.88,809.78,811.19,812.45,813.69,814.46,814.60,814.12,812.58,808.82,803.24,796.41,789.40,782.41,775.51,769.13,764.40,759.06,753.32,747.78,743.40,739.09,734.97,730.64,725.80,720.82,716.20,711.57,706.67,701.52,697.58,694.14,690.91,687.95,685.63,684.32,684.15,684.93,685.32,685.87,686.65,687.50,688.10,688.30,688.39,688.31,687.95,687.32,685.73,683.18,679.80,676.00,672.00,667.80,663.11,657.48,651.00,645.68,641.06,636.66,632.21,627.69,622.42,616.61,611.00,605.66,601.24,598.15,596.69,595.51,594.51,593.55,592.63,591.88,591.30,590.67,589.78,588.36,586.68,584.86,583.04,581.29,579.65,578.21,576.82,575.43,574.04,572.68,571.33,568.79,564.29,560.91,559.76,558.49,556.49,555.24,555.00,555.00,555.00,555.00,555.00,555.00,555.00,555.00,555.00,555.00,555.00,555.00,555.00
1007.93,1008.00,1007.83,1007.46,1006.95,1006.48,1005.71,1004.85,1003.88,1002.52,1000.86,998.98,996.81,994.09,990.51,985.88,980.94,975.98,970.81,965.68,961.00,956.96,953.63,949.68,944.91,940.20,936.44,933.80,931.47,929.48,927.83,926.34,924.75,923.17,921.64,920.16,918.62,917.03,915.34,913.52,911.72,909.21,906.45,903.45,899.85,896.75,893.69,890.47,887.05,883.78,880.56,877.65,875.21,873.25,871.65,870.04,867.97,864.72,860.61,857.28,854.14,850.44,845.56,841.27,837.62,834.40,831.32,828.31,825.53,823.06,820.93,818.81,816.47,814.03,811.54,808.88,806.18,803.16,800.03,797.53,796.78,799.58,804.82,811.14,815.62,820.28,825.01,829.19,831.61,833.40,833.54,832.48,830.50,827.25,823.05,818.44,813.77,809.55,805.40,801.11,796.71,792.37,788.54,785.35,782.69,780.42,778.14,775.37,772.38,769.58,767.62,765.80,764.05,762.31,760.54,758.75,756.90,755.00,753.05,751.22,749.78,748.70,747.80,746.89,745.99,745.21,745.08,745.89,746.78,747.72,748.65,749.82,752.01,755.45,759.02,762.45,765.70,768.91,773.41,778.35,783.23,788.01,793.05,797.64,801.27,803.42,805.57,807.69,809.65,811.38,812.92,814.36,815.55,816.24,815.79,813.92,810.50,805.43,798.45,791.24,783.84,776.56,770.00,765.23,760.12,754.39,748.74,744.52,740.33,736.09,731.50,726.41,721.25,716.42,711.55,706.43,701.08,697.08,693.46,689.95,686.66,683.83,681.00,679.36,679.50,680.24,681.06,681.88,682.61,682.98,683.14,683.26,683.21,682.82,682.15,680.72,678.54,675.64,672.20,668.63,664.75,660.36,655.09,649.01,643.69,638.76,633.96,629.46,625.16,620.27,614.88,609.66,604.49,600.25,597.20,595.52,594.33,593.34,592.36,591.40,590.70,590.10,589.46,588.61,587.27,585.69,583.91,582.11,580.39,578.88,577.48,576.10,574.71,573.31,571.91,569.94,566.59,561.83,560.00,558.88,557.13,555.10,555.00,555.00,555.00,555.00,555.00,555.00,555.00,555.00,555.00,555.00,555.00,555.00,555.00,555.00
1000.38,1000.56,1000.59,1000.55,1000.52,1000.44,1000.19,999.82,999.22,998.14,996.81,995.08,992.86,989.88,985.89,981.23,976.56,971.97,966.63,961.57,957.43,954.02,950.42,944.49,939.16,934.93,931.81,929.66,927.85,926.21,924.70,923.22,921.62,919.94,918.21,916.51,914.93,913.24,911.40,909.40,907.30,904.67,901.90,899.02,895.87,893.04,889.95,886.49,882.82,879.70,877.03,874.54,872.15,869.95,868.33,866.46,863.92,860.46,857.34,854.44,851.30,847.37,842.13,838.25,834.96,831.75,828.32,825.12,822.22,819.64,817.42,815.20,812.80,810.19,807.42,804.66,801.95,799.00,796.14,794.47,796.09,800.02,805.21,810.81,815.13,819.54,824.13,828.40,831.18,833.11,832.99,831.65,829.79,826.51,822.34,817.67,812.83,808.54,804.60,800.32,795.51,790.31,786.41,782.99,780.23,778.32,776.52,773.90,771.19,768.79,766.97,765.13,763.34,761.57,759.78,757.95,756.10,754.24,752.37,750.56,749.39,748.51,747.70,746.84,745.98,745.32,745.29,746.11,746.91,747.76,748.60,749.65,751.67,755.07,758.68,762.14,765.43,768.57,773.35,778.41,783.04,787.72,792.78,797.49,801.25,803.36,805.51,807.63,809.74,811.84,813.71,815.26,816.65,817.63,817.32,815.44,812.20,807.43,800.68,793.71,785.99,778.51,772.05,766.99,761.70,755.84,750.14,745.99,742.13,737.70,732.78,727.56,722.38,717.22,711.94,706.47,700.88,696.71,692.89,689.23,685.90,682.62,677.91,673.80,672.02,673.32,674.56,675.60,676.44,676.85,676.93,676.95,676.83,676.38,675.55,674.15,672.47,670.51,668.10,665.41,661.94,657.71,652.75,647.18,641.98,636.84,631.69,627.16,622.87,618.23,613.32,608.55,603.66,599.40,596.20,594.33,592.99,591.93,590.99,590.15,589.45,588.77,588.12,587.31,586.04,584.63,582.95,581.19,579.54,578.12,576.77,575.41,574.02,572.62,571.16,567.61,563.37,560.38,559.58,557.22,555.41,555.02,555.00,555.00,555.00,555.00,555.00,555.00,555.00,555.00,555.00,555.00,555.00,555.00,555.00,555.00
993.63,994.10,994.49,994.85,995.18,995.36,995.45,995.40,995.10,994.26,992.97,991.03,988.42,985.04,981.30,977.14,972.61,967.67,962.44,958.00,954.16,950.20,944.82,938.88,934.18,930.71,928.29,926.38,924.73,923.15,921.54,919.85,918.15,916.39,914.59,912.79,910.89,908.85,906.75,904.63,902.45,900.01,897.39,894.67,891.90,889.28,886.07,882.46,878.88,875.90,873.56,871.34,869.08,866.94,865.13,862.99,860.35,857.25,854.46,851.29,847.62,843.44,839.25,835.93,832.80,829.46,825.68,821.84,818.39,815.53,813.34,811.04,808.58,805.98,803.27,800.56,797.76,794.83,792.29,791.56,794.78,799.70,805.02,810.09,814.34,818.52,822.99,827.41,830.63,832.56,832.38,830.89,828.71,825.38,821.41,816.88,812.09,808.02,804.37,800.21,795.24,789.51,785.15,781.55,778.70,776.65,774.73,772.32,770.00,768.00,766.24,764.48,762.67,760.88,759.14,757.36,755.56,753.73,751.90,750.24,749.25,748.44,747.65,746.91,746.18,745.57,745.47,746.09,746.85,747.68,748.49,749.42,751.04,754.39,758.07,761.61,764.94,768.09,773.13,778.39,783.03,787.46,792.41,797.27,801.25,803.35,805.50,807.64,809.81,812.01,814.07,815.99,817.74,819.03,819.05,817.19,813.78,808.78,801.91,795.03,787.69,780.63,774.46,769.53,763.98,757.93,752.05,747.52,743.90,739.76,734.86,729.32,724.00,718.65,713.10,707.32,701.53,696.94,692.77,688.82,685.23,681.80,675.80,670.31,667.53,667.49,668.31,669.17,669.81,670.09,670.20,670.26,670.22,670.00,669.52,668.68,667.63,666.33,664.54,662.17,658.98,655.10,650.56,645.57,640.48,635.21,629.89,625.19,620.88,616.50,611.97,607.43,602.78,598.69,595.29,592.84,591.46,590.55,589.79,589.09,588.39,587.57,586.79,585.99,584.95,583.55,581.94,580.33,578.81,577.40,576.02,574.63,573.24,571.75,569.46,565.22,561.25,559.54,557.73,555.95,555.00,555.00,555.00,555.00,555.00,555.00,555.00,555.00,555.00,555.00,555.00,555.00,555.00,555.00,555.00,555.00
987.30,988.03,988.75,989.48,990.16,990.56,990.88,991.06,990.98,990.32,988.96,986.77,983.81,980.19,976.85,973.16,968.65,963.35,958.47,954.58,950.63,945.67,938.65,933.48,929.76,927.06,925.17,923.33,921.64,919.94,918.14,916.24,914.39,912.51,910.62,908.71,906.45,904.09,901.80,899.61,897.44,895.28,892.95,890.46,887.97,885.48,882.16,878.48,875.08,872.31,870.21,868.16,866.02,864.00,861.98,859.61,857.00,854.31,851.50,847.90,843.78,839.63,836.64,833.81,830.72,827.21,823.15,818.51,814.39,811.16,808.90,806.57,804.16,801.68,799.11,796.47,793.59,790.78,788.75,789.03,793.32,799.06,804.59,809.23,813.42,817.42,821.78,826.29,829.93,831.87,831.76,830.22,827.67,824.32,820.56,816.21,811.53,807.71,804.30,800.28,795.27,789.22,784.38,780.63,777.70,775.40,773.17,770.93,768.95,767.23,765.54,763.82,762.04,760.26,758.59,756.90,755.14,753.35,751.59,750.07,749.23,748.50,747.76,747.13,746.50,745.93,745.68,745.98,746.72,747.55,748.36,749.18,750.39,753.61,757.28,760.87,764.25,767.50,772.68,778.16,782.97,787.10,791.85,796.90,801.26,803.39,805.56,807.75,809.98,812.23,814.43,816.69,818.77,820.34,820.75,819.00,815.24,809.78,802.77,796.00,789.31,782.85,777.00,772.32,766.76,760.51,754.27,749.29,745.72,741.90,737.18,731.42,725.91,720.45,714.73,708.73,702.78,697.64,692.99,688.65,684.69,681.07,674.23,667.92,664.36,662.44,662.51,662.82,662.94,663.14,663.34,663.57,663.75,663.83,663.88,663.64,663.16,662.38,661.03,658.83,655.91,652.43,648.41,643.99,639.01,633.66,628.23,623.31,619.00,614.84,610.62,606.25,601.79,597.80,594.22,591.29,590.01,589.27,588.68,588.10,587.38,586.46,585.55,584.71,583.85,582.47,580.96,579.49,578.10,576.71,575.25,573.83,572.43,570.76,567.21,562.88,559.66,558.53,555.82,555.04,555.00,555.00,555.00,555.00,555.00,555.00,555.00,555.00,555.00,555.00,555.00,555.00,555.00,555.00,555.00,555.00
981.60,982.25,983.05,984.00,985.02,985.70,986.09,986.28,986.22,985.59,984.05,981.89,979.21,975.96,972.85,968.90,964.24,959.27,955.22,951.11,945.86,939.53,933.08,929.32,926.53,924.19,922.20,920.15,918.05,915.97,913.97,912.06,909.94,907.79,905.64,903.44,901.04,898.67,896.47,894.43,892.30,890.48,888.69,886.70,884.22,881.65,878.33,874.72,871.51,869.14,867.21,865.20,863.03,861.00,858.90,856.52,853.91,851.15,847.85,844.03,840.35,837.20,834.41,831.56,828.35,824.74,820.61,815.10,810.35,806.63,803.86,801.62,799.68,797.50,794.94,792.35,789.43,787.20,786.27,787.70,791.97,798.08,803.86,808.25,812.38,816.36,820.59,824.99,828.87,831.00,831.16,829.81,827.17,823.89,820.20,815.95,811.38,807.58,804.22,800.27,795.34,789.31,784.37,780.53,777.51,775.11,772.57,770.31,768.37,766.67,764.96,763.22,761.47,759.82,758.31,756.64,754.93,753.22,751.56,750.07,749.35,748.83,748.30,747.67,747.05,746.45,745.97,745.85,746.59,747.39,748.17,748.96,749.98,752.76,756.15,759.66,763.12,766.63,771.68,777.29,782.51,786.35,790.70,796.15,801.30,803.56,805.83,808.18,810.56,812.91,815.24,817.52,819.63,821.37,822.11,820.72,816.41,810.24,803.43,796.97,791.10,785.27,779.58,775.09,770.56,764.16,756.95,751.77,747.76,743.88,739.45,734.09,728.28,722.85,717.21,711.23,705.22,699.37,693.95,688.98,684.50,680.17,673.49,667.10,662.52,658.99,657.96,656.91,655.78,656.16,656.54,657.32,658.02,658.29,658.95,658.92,658.68,658.25,657.12,655.22,652.63,649.60,646.21,642.35,637.45,632.05,626.56,621.43,617.14,613.09,609.00,604.81,600.47,596.21,592.46,589.87,588.96,588.32,587.74,587.15,586.40,585.59,584.64,583.62,582.56,581.43,580.09,578.69,577.35,575.96,574.51,573.08,571.63,569.58,564.03,560.75,558.73,556.32,555.23,555.00,555.00,555.00,555.00,555.00,555.00,555.00,555.00,555.00,555.00,555.00,555.00,555.00,555.00,555.00,555.00,555.00
976.69,977.40,978.19,979.14,980.21,980.79,981.11,981.26,981.18,980.58,979.16,977.14,974.60,971.47,968.30,964.44,960.11,955.61,951.58,946.73,940.60,934.00,928.89,925.85,923.37,920.99,918.67,916.42,914.07,911.76,909.56,907.51,905.15,902.54,899.91,897.53,895.34,893.34,891.51,889.80,887.96,886.35,884.79,883.00,880.50,877.78,874.58,871.32,868.51,866.27,864.30,862.15,859.77,857.49,855.30,852.96,850.39,847.50,844.09,840.63,837.53,834.89,832.12,829.03,825.66,821.97,817.55,811.73,806.53,802.50,799.79,797.62,795.79,793.62,790.88,787.99,785.20,783.81,784.18,786.77,791.09,797.06,802.72,807.04,811.32,815.34,819.43,823.61,827.46,830.01,830.63,829.58,826.95,823.66,820.09,816.02,811.59,807.72,804.24,800.31,795.52,789.74,784.73,780.60,777.24,774.56,771.88,769.73,767.90,766.21,764.51,762.77,761.09,759.57,758.28,756.78,755.12,753.44,751.86,750.57,749.89,749.40,748.88,748.24,747.59,746.93,746.27,745.89,746.55,747.32,748.09,748.86,749.77,752.25,755.41,758.81,762.30,766.03,771.03,776.70,782.19,785.85,789.93,795.70,801.52,804.04,806.46,808.94,811.43,813.84,816.19,818.47,820.67,822.60,823.51,822.11,817.97,811.79,804.45,798.17,792.92,787.76,782.50,778.10,774.00,767.95,760.69,754.82,750.19,746.09,741.79,736.73,730.89,725.44,719.90,714.06,707.99,701.41,695.37,689.97,684.95,679.74,673.12,666.76,661.64,657.39,655.06,652.52,649.94,649.11,649.13,650.02,651.02,651.66,652.79,653.32,653.50,653.39,652.75,651.30,649.11,646.50,643.62,639.88,635.02,629.66,624.30,619.53,615.54,611.67,607.67,603.47,599.02,594.59,590.94,588.88,588.00,587.37,586.78,586.15,585.41,584.64,583.74,582.69,581.54,580.47,579.22,577.89,576.57,575.21,573.78,572.37,570.56,567.22,561.95,558.96,557.15,555.22,555.00,555.00,555.00,555.00,555.00,555.00,555.00,555.00,555.00,555.00,555.00,555.00,555.00,555.00,555.00,555.00,555.00,555.00
972.22,973.15,973.90,974.71,975.60,975.82,976.01,976.11,976.00,975.43,974.35,972.52,970.00,966.83,963.46,959.96,956.24,952.15,947.49,941.63,935.16,929.22,925.72,922.79,920.11,917.42,914.66,912.23,909.78,907.30,904.84,902.40,899.88,896.85,893.75,891.40,889.64,888.22,886.92,885.62,884.23,882.71,881.11,879.26,876.76,873.92,870.98,868.26,865.94,863.64,861.43,859.01,856.32,853.61,851.31,849.02,846.49,843.52,840.36,837.64,835.13,832.54,829.64,826.23,822.71,818.94,814.18,808.46,803.04,798.90,796.63,794.45,792.42,789.99,786.96,783.68,781.28,780.95,782.68,786.33,790.68,796.08,801.29,805.66,810.24,814.36,818.35,822.27,825.87,828.88,830.07,829.40,826.90,823.59,820.17,816.33,812.06,808.12,804.43,800.41,795.78,790.39,785.31,780.76,776.90,773.86,771.11,769.16,767.48,765.84,764.14,762.45,760.85,759.47,758.40,757.16,755.60,753.93,752.43,751.44,750.74,750.10,749.44,748.75,748.06,747.32,746.56,746.06,746.60,747.33,748.10,748.85,749.72,752.04,755.02,758.27,761.74,765.68,770.68,776.39,782.00,785.58,789.54,795.56,801.86,804.73,807.35,809.94,812.51,814.95,817.23,819.56,821.92,824.04,825.01,823.34,819.88,814.22,805.86,799.66,794.88,790.34,785.68,781.29,777.13,771.72,765.12,758.33,752.99,748.51,744.15,739.30,733.66,728.21,722.74,717.07,710.92,703.68,697.18,691.45,685.90,679.74,673.05,666.77,661.49,657.20,653.60,649.72,645.73,642.82,641.99,642.53,643.52,644.53,645.89,647.07,647.71,647.86,647.87,646.99,645.26,643.05,640.48,636.59,631.80,626.65,621.64,617.65,614.12,610.46,606.50,602.19,597.58,593.11,589.75,588.26,587.16,586.45,585.81,585.11,584.40,583.64,582.82,581.87,580.72,579.58,578.36,577.09,575.77,574.45,573.07,571.60,569.16,564.13,560.78,557.56,555.29,555.03,555.00,555.00,555.00,555.00,555.00,555.00,555.00,555.00,555.00,555.00,555.00,555.00,555.00,555.00,555.00,555.00,555.00,555.00
966.83,968.22,969.33,970.11,970.56,970.68,971.03,971.25,971.16,970.68,969.76,968.04,965.61,962.65,959.53,956.24,952.48,947.93,942.52,936.30,930.70,926.15,922.68,919.33,916.05,913.00,910.32,907.77,905.17,902.22,898.83,895.32,892.98,890.70,888.46,886.67,885.22,884.04,882.94,881.81,880.50,878.92,877.12,875.09,872.79,870.36,867.90,865.54,863.38,861.12,858.53,855.78,852.88,849.83,847.31,844.82,842.25,839.68,837.21,834.90,832.48,829.69,826.36,822.89,819.41,815.73,811.26,805.55,800.60,796.88,794.45,792.09,789.57,786.62,783.42,780.85,779.91,780.99,783.68,787.48,791.29,795.46,799.80,804.23,809.08,813.49,817.70,821.59,824.55,827.40,828.88,828.69,826.64,823.70,820.46,816.72,812.63,809.03,805.19,800.85,796.05,790.91,785.71,780.96,776.91,773.64,770.54,768.64,767.07,765.47,763.78,762.20,760.71,759.40,758.39,757.30,755.93,754.54,753.35,752.45,751.55,750.58,749.63,748.93,748.19,747.43,746.70,746.24,746.76,747.46,748.19,748.91,749.76,752.02,754.88,757.99,761.37,765.43,770.55,776.34,781.97,785.56,789.83,795.90,802.12,805.26,808.22,810.94,813.56,816.12,818.44,821.04,823.65,825.88,826.83,825.15,822.18,816.88,808.05,802.04,797.51,793.23,788.82,784.55,780.27,775.09,768.93,762.20,756.37,751.17,746.28,741.48,736.38,731.25,725.76,719.82,713.48,706.27,699.36,693.06,687.20,680.33,673.50,667.22,661.84,657.59,653.96,650.09,645.93,642.13,639.96,639.20,639.24,639.73,640.49,641.12,641.36,641.38,641.74,641.46,640.30,638.38,635.69,632.01,627.60,623.23,619.35,615.95,612.72,608.97,604.80,600.75,596.67,592.59,589.49,588.13,586.90,585.84,584.92,584.11,583.41,582.65,581.86,580.98,579.90,578.75,577.57,576.33,575.02,573.70,572.33,570.27,566.94,561.91,560.02,557.28,555.00,555.00,555.00,555.00,555.00,555.00,555.00,555.00,555.00,555.00,555.00,555.00,555.00,555.00,555.00,555.00,555.00,555.00,555.00,555.00
961.24,962.96,964.41,965.37,965.75,966.07,966.59,966.88,966.79,966.33,965.37,963.71,961.47,958.74,955.84,952.45,948.36,943.33,937.48,931.53,926.80,923.05,919.17,915.43,911.85,908.69,906.03,902.95,899.78,896.42,892.76,889.00,886.89,885.25,883.72,882.39,881.24,880.23,879.26,878.18,876.83,875.21,873.29,871.20,869.11,867.05,864.95,862.81,860.62,858.31,855.53,852.54,849.40,846.12,843.43,840.85,838.33,836.10,834.13,831.98,829.47,826.46,822.95,819.67,816.36,812.74,808.37,802.98,798.63,795.30,792.60,789.94,786.95,783.68,780.61,779.18,780.00,782.52,785.98,789.69,793.08,796.28,799.80,803.96,808.58,813.05,817.39,821.26,823.89,826.62,828.28,828.36,826.48,823.81,820.74,817.17,813.25,809.79,805.59,800.89,796.00,791.10,785.77,780.81,776.48,772.91,769.84,767.97,766.41,764.85,763.34,761.89,760.51,759.28,758.27,757.25,756.06,754.94,753.99,753.09,752.05,750.84,749.71,749.01,748.26,747.50,746.81,746.47,747.01,747.69,748.38,749.08,750.00,752.18,754.88,757.84,761.17,765.38,770.73,776.61,782.16,785.85,790.62,796.67,802.56,805.90,809.11,811.92,814.60,817.27,819.84,822.71,825.52,827.81,828.71,827.24,824.48,819.40,810.88,804.87,800.49,796.38,791.95,787.31,782.81,777.73,771.90,765.45,759.37,753.63,748.26,743.35,738.55,733.72,728.22,721.95,715.23,708.05,700.97,694.44,688.58,681.23,674.32,668.02,662.50,658.16,654.68,651.14,647.25,643.09,639.92,638.00,636.95,636.52,636.25,636.20,635.91,635.56,635.93,635.92,635.10,633.40,630.65,627.16,623.46,620.08,617.19,614.34,611.25,607.34,602.98,599.20,595.59,592.01,589.25,587.93,586.60,585.27,584.12,583.23,582.50,581.74,580.96,580.11,579.10,577.95,576.77,575.56,574.27,572.97,571.60,568.57,564.18,560.32,558.84,556.74,555.00,555.00,555.00,555.00,555.00,555.00,555.00,555.00,555.00,555.00,555.00,555.00,555.00,555.00,555.00,555.00,555.00,555.00,555.00,555.00
955.62,957.32,959.00,960.45,961.50,962.43,963.02,963.27,963.15,962.58,961.25,959.62,957.68,955.16,952.28,948.27,943.56,938.32,932.61,927.81,923.52,919.31,914.79,910.90,907.68,904.86,901.94,897.59,893.12,889.56,887.02,884.62,882.78,881.17,879.70,878.50,877.60,876.79,875.89,874.80,873.31,871.65,869.85,867.95,866.04,864.09,862.09,859.92,857.49,855.00,852.35,849.30,845.84,842.46,839.79,837.38,835.06,832.91,831.00,828.70,825.93,822.76,819.59,816.80,813.84,810.22,805.35,800.88,797.17,793.97,790.99,787.88,784.60,781.39,778.98,779.04,781.82,785.73,789.76,793.22,796.62,799.50,802.41,805.74,809.26,813.33,817.50,821.35,824.29,827.19,828.93,828.88,826.60,823.88,820.99,817.68,813.91,810.11,805.14,800.13,795.39,790.72,785.26,780.01,775.18,771.13,768.82,767.00,765.30,763.78,762.76,761.48,760.20,759.03,758.01,756.95,755.89,754.92,754.02,753.04,751.98,750.81,749.71,749.02,748.31,747.56,746.95,746.77,747.37,748.06,748.73,749.45,750.56,752.59,755.05,757.84,761.20,765.62,771.37,777.35,782.72,786.60,792.07,798.02,803.34,806.76,810.03,812.89,815.59,818.38,821.50,824.59,827.47,829.77,830.59,829.65,826.62,821.55,814.57,808.21,803.88,799.86,795.05,789.19,784.31,779.24,773.61,767.45,761.51,755.67,750.03,744.78,739.78,735.08,729.64,723.08,715.66,708.31,701.48,695.41,689.97,682.47,675.64,669.33,663.51,658.86,655.43,652.35,649.07,645.13,641.72,639.14,637.11,635.34,633.57,633.01,632.25,631.18,631.07,630.74,629.83,628.24,625.71,622.30,619.78,617.57,615.20,612.80,609.65,605.55,601.09,597.51,594.05,591.02,588.75,587.42,586.05,584.67,583.48,582.53,581.76,581.00,580.18,579.32,578.34,577.15,575.93,574.72,573.52,572.28,570.91,566.43,560.76,559.55,556.78,555.35,555.00,555.00,555.00,555.00,555.00,555.00,555.00,555.00,555.00,555.00,555.00,555.00,555.00,555.00,555.00,555.00,555.00,555.00,555.00,555.00
950.88,952.59,954.30,955.84,957.04,958.22,958.74,958.94,958.88,958.33,957.15,955.74,953.90,951.09,947.35,943.11,938.48,933.47,928.28,923.74,919.21,914.63,910.48,906.93,903.52,899.75,895.43,891.54,887.81,884.75,882.50,880.60,878.89,877.39,876.07,874.99,874.21,873.47,872.53,871.27,869.84,868.25,866.59,864.84,862.97,860.92,858.89,856.77,854.38,851.68,848.68,845.36,841.81,838.38,835.84,833.64,831.61,829.72,827.74,825.51,822.82,819.67,816.79,814.20,811.44,808.05,803.47,799.38,795.80,792.57,789.53,786.40,783.05,779.99,778.43,780.70,784.98,789.34,793.25,796.70,800.01,802.99,805.76,808.40,810.82,814.09,817.87,821.65,824.67,827.68,829.39,829.33,827.13,824.19,821.28,817.99,814.03,809.52,804.20,799.08,794.32,789.60,784.07,778.84,774.03,769.94,767.55,765.50,763.71,762.30,761.43,760.56,759.62,758.63,757.62,756.58,755.57,754.62,753.72,752.79,751.79,750.74,749.76,749.06,748.37,747.64,747.09,746.98,747.60,748.30,748.95,749.75,751.18,753.27,755.61,758.24,761.58,766.28,772.15,778.10,783.37,787.53,793.70,799.50,804.15,807.62,810.84,813.77,816.58,819.52,823.03,826.49,829.28,831.06,831.49,830.91,828.10,823.50,817.55,810.37,805.79,801.99,797.27,790.38,784.99,779.54,773.69,767.87,761.80,755.60,749.86,744.99,740.17,735.42,729.80,722.80,714.30,707.18,701.08,695.71,690.60,683.53,676.83,670.59,664.82,659.85,656.49,653.58,650.58,647.17,643.86,640.99,638.51,636.31,634.13,632.54,630.66,628.52,627.24,626.42,625.26,623.68,621.72,619.33,617.52,615.74,613.60,611.19,607.43,603.13,598.95,595.62,592.38,589.91,588.04,586.60,585.39,584.06,582.80,581.76,581.01,580.21,579.38,578.50,577.51,576.41,575.20,573.99,572.78,571.44,567.99,563.51,559.40,557.58,555.67,555.00,555.00,555.00,555.00,555.00,555.00,555.00,555.00,555.00,555.00,555.00,555.00,555.00,555.00,555.00,555.00,555.00,555.00,555.00,555.00,555.00
946.57,948.25,949.90,951.37,952.52,953.67,954.08,954.23,954.22,953.62,952.59,951.27,949.38,946.28,941.83,937.65,933.38,928.74,924.05,919.40,914.56,909.88,906.24,902.71,898.85,894.16,888.81,885.77,883.17,880.71,878.48,876.75,875.12,873.72,872.53,871.53,870.79,870.07,869.05,867.64,866.33,864.85,863.29,861.64,859.76,857.59,855.50,853.40,851.04,848.14,844.76,841.22,837.66,834.22,831.85,829.91,828.16,826.54,824.52,822.41,819.90,816.90,814.22,811.71,809.10,806.02,801.94,798.07,794.46,791.14,788.12,785.10,781.68,779.00,778.64,783.13,788.41,792.81,796.43,799.93,803.20,806.32,809.02,811.08,812.64,815.10,818.39,822.00,825.01,828.05,829.73,829.75,827.86,824.68,821.60,818.11,813.77,808.52,803.00,797.81,792.96,788.13,782.63,777.57,772.97,768.98,766.25,763.88,762.04,760.76,760.00,759.54,758.97,758.19,757.19,756.19,755.19,754.23,753.32,752.45,751.54,750.64,749.80,749.12,748.44,747.75,747.23,747.16,747.77,748.45,749.11,749.98,751.70,753.92,756.21,758.76,762.20,767.17,773.04,778.85,784.03,788.51,795.29,800.91,804.96,808.46,811.62,814.61,817.58,820.75,824.60,828.32,830.87,831.98,832.01,831.67,829.22,825.15,819.92,812.15,807.25,803.53,798.94,791.25,785.32,779.31,773.07,767.46,761.16,754.64,748.92,744.57,740.00,735.09,729.21,721.81,712.58,705.82,700.47,695.76,690.97,684.53,678.09,672.00,666.33,661.16,657.76,654.88,652.05,649.19,646.13,643.14,640.43,638.09,635.80,633.28,630.28,626.94,624.14,622.67,621.24,619.68,618.29,616.99,615.66,614.09,612.07,609.28,604.87,600.47,596.67,593.57,590.66,588.67,587.13,585.64,584.59,583.34,582.07,580.98,580.23,579.40,578.55,577.65,576.66,575.66,574.51,573.30,572.01,570.36,564.77,560.84,558.85,555.67,555.04,555.00,555.00,555.00,555.00,555.00,555.00,555.00,555.00,555.00,555.00,555.00,555.00,555.00,555.00,555.00,555.00,555.00,555.00,555.00,555.00,555.00
942.70,944.25,945.71,947.03,947.99,948.57,948.86,949.01,948.84,947.72,946.23,944.35,942.11,939.36,935.82,932.33,928.56,924.25,919.52,914.53,909.97,905.98,902.24,896.83,892.25,888.33,884.70,881.90,879.38,877.00,874.83,873.07,871.52,870.13,868.88,867.76,866.96,866.17,865.14,863.81,862.59,861.20,859.62,857.89,856.05,853.93,851.78,849.51,846.86,843.76,840.58,837.20,833.63,830.28,828.16,826.48,824.93,823.39,821.61,819.56,817.20,814.52,811.80,809.31,806.85,804.05,800.35,796.69,793.12,789.75,786.69,783.67,780.01,778.40,780.44,786.21,791.16,795.24,798.83,802.33,805.83,808.75,811.04,812.75,814.35,816.47,819.21,822.30,825.16,828.07,829.77,830.14,828.85,825.52,821.94,817.76,812.73,807.12,801.45,796.11,791.09,786.24,781.12,776.42,772.12,768.25,765.13,762.41,760.55,759.56,759.05,758.74,758.34,757.71,756.75,755.75,754.79,753.85,752.93,752.03,751.19,750.44,749.77,749.18,748.55,747.87,747.38,747.33,747.86,748.48,749.14,750.06,751.85,754.12,756.48,759.28,763.25,768.46,774.15,779.62,784.59,789.48,796.50,801.97,805.72,809.27,812.43,815.46,818.62,822.19,826.41,829.89,831.83,832.36,832.38,832.03,829.77,825.96,820.90,813.98,808.84,804.56,799.65,791.85,785.27,778.59,771.82,765.89,759.37,752.95,747.49,743.35,738.77,733.52,727.26,719.86,711.69,705.36,700.20,695.70,691.32,685.47,679.74,674.00,668.25,663.31,659.47,656.38,653.72,651.13,648.42,645.56,642.75,640.17,637.70,635.23,631.83,627.30,622.50,620.00,618.40,617.06,615.80,614.66,613.54,612.28,610.29,606.35,601.80,597.72,594.23,591.18,588.86,587.11,585.72,584.57,583.37,582.28,581.21,580.20,579.38,578.49,577.62,576.74,575.79,574.84,573.81,572.67,571.18,568.51,563.16,560.03,558.76,555.55,555.00,555.00,555.00,555.00,555.00,555.00,555.00,555.00,555.00,555.00,555.00,555.00,555.00,555.00,555.00,555.00,555.00,555.00,555.00,555.00,555.00,555.00
937.70,939.55,941.15,942.41,943.13,943.44,943.49,943.40,942.97,941.66,940.03,937.96,935.67,933.34,930.42,927.37,923.86,919.60,914.80,910.01,905.70,901.62,896.95,891.38,886.98,883.62,880.88,878.22,875.71,873.30,871.06,869.22,867.72,866.37,865.09,863.93,863.08,862.28,861.20,859.76,858.46,857.02,855.42,853.71,852.01,849.88,847.57,845.18,842.70,839.89,836.91,833.56,829.90,826.63,824.60,822.98,821.43,819.87,818.24,816.28,814.12,811.80,809.35,806.98,804.61,801.98,798.61,795.13,791.64,788.31,785.23,782.20,778.63,778.23,782.28,788.35,793.08,797.01,800.55,803.95,807.55,810.24,812.19,813.63,815.15,817.23,819.65,822.30,825.11,827.96,829.72,830.33,829.42,826.03,821.94,817.23,811.78,805.82,799.96,794.51,789.48,784.82,780.14,775.76,771.64,767.80,764.40,761.50,759.70,758.90,758.41,758.03,757.67,757.15,756.30,755.32,754.37,753.46,752.57,751.75,751.01,750.35,749.75,749.17,748.59,747.96,747.53,747.53,748.03,748.61,749.23,750.17,752.12,754.48,756.93,759.96,764.40,769.75,775.23,780.36,785.11,790.16,797.21,802.63,806.34,809.95,813.21,816.32,819.67,823.62,827.96,830.92,832.35,832.58,832.62,832.25,830.01,826.25,821.39,815.33,810.11,805.43,800.30,792.62,785.69,778.50,771.19,764.76,757.89,751.49,746.21,742.21,737.41,731.85,725.46,718.48,711.70,705.79,700.61,696.06,692.00,686.94,681.98,676.71,671.03,665.88,661.56,658.18,655.48,653.06,650.60,647.94,645.22,642.56,640.00,637.40,633.75,628.70,623.03,619.46,617.28,615.59,613.76,612.32,610.84,609.30,607.21,602.99,598.61,594.82,591.65,588.96,587.10,585.45,584.08,583.11,581.98,581.10,580.27,579.42,578.63,577.71,576.79,575.87,574.92,573.96,573.00,571.94,570.11,565.58,561.56,559.05,557.47,555.36,555.00,555.00,555.00,555.00,555.00,555.00,555.00,555.00,555.00,555.00,555.00,555.00,555.00,555.00,555.00,555.00,555.00,555.00,555.00,555.00,555.00,555.00
931.75,934.21,936.19,937.48,937.97,938.27,938.04,937.55,936.82,935.66,934.19,932.28,930.22,928.26,925.61,922.73,919.22,914.83,910.03,905.80,901.59,896.78,890.82,886.49,882.94,879.85,877.16,874.56,872.04,869.54,867.14,865.22,863.79,862.50,861.24,860.12,859.22,858.46,857.32,855.63,854.10,852.52,850.90,849.31,847.79,845.63,843.09,840.70,838.73,836.57,833.70,830.22,826.42,823.19,821.12,819.37,817.68,816.02,814.45,812.66,810.74,808.79,806.84,804.67,802.36,799.81,796.73,793.39,790.05,786.81,783.71,780.61,777.58,778.49,783.94,789.52,794.23,798.19,801.65,804.84,808.32,810.77,812.46,813.69,814.97,817.19,819.58,822.02,824.87,827.73,829.58,830.34,829.62,826.20,821.65,816.59,811.01,804.71,798.64,793.12,788.19,783.90,779.65,775.50,771.47,767.61,763.99,761.08,759.39,758.68,758.01,757.41,756.98,756.54,755.84,754.88,753.95,753.07,752.26,751.61,750.97,750.34,749.73,749.13,748.58,748.02,747.69,747.79,748.29,748.83,749.40,750.36,752.55,755.02,757.56,760.80,765.55,770.94,776.24,781.11,785.63,790.58,797.47,802.94,806.83,810.52,813.93,817.18,820.76,825.01,829.26,831.54,832.51,832.71,832.73,832.36,829.98,826.12,821.50,816.18,811.08,806.21,800.96,793.61,786.57,779.01,771.24,764.25,756.95,750.47,745.27,741.23,736.08,730.30,724.08,717.85,712.56,707.09,701.72,696.92,693.07,688.88,684.67,679.96,674.51,668.84,664.06,660.31,657.39,655.02,652.67,650.25,647.74,645.12,642.56,639.70,635.89,630.93,625.34,620.77,617.65,615.12,612.24,610.12,607.80,605.56,603.24,599.51,595.48,591.90,589.01,586.90,585.33,583.71,582.29,581.41,580.55,579.91,579.30,578.63,577.97,577.05,576.07,575.08,574.08,573.08,572.13,571.06,568.70,562.10,560.02,557.95,555.38,555.05,555.00,555.00,555.00,555.00,555.00,555.00,555.00,555.00,555.00,555.00,555.00,555.00,555.00,555.00,555.00,555.00,555.00,555.00,555.00,555.00,555.00,555.00
925.92,928.55,930.66,932.03,932.56,932.72,932.53,932.12,931.49,930.58,929.38,927.79,925.98,924.03,921.35,918.22,914.56,910.33,905.99,901.48,896.66,891.59,886.58,882.62,879.23,876.21,873.50,870.73,868.01,865.38,863.03,861.39,860.16,859.03,857.92,856.86,855.83,854.93,853.71,851.97,850.37,848.79,847.16,845.56,844.08,841.90,839.70,837.70,835.94,833.96,830.67,826.78,822.88,819.81,817.53,815.54,813.68,812.01,810.48,809.13,807.67,805.95,804.18,802.18,800.02,797.59,794.62,791.51,788.38,785.27,782.08,778.18,777.15,779.55,784.74,789.69,794.45,798.59,802.03,804.73,807.38,809.52,811.06,812.01,812.94,815.01,817.99,821.34,824.25,827.19,829.31,830.35,829.65,826.19,821.35,816.16,810.69,804.19,798.05,792.54,787.69,783.53,779.40,775.36,771.45,767.69,763.91,760.96,759.28,758.58,757.84,757.13,756.53,755.98,755.36,754.48,753.66,752.88,752.15,751.53,750.91,750.29,749.68,749.12,748.58,748.03,747.79,748.07,748.59,749.13,749.82,750.99,753.19,755.68,758.34,761.67,766.38,771.77,777.02,781.84,786.23,790.86,797.44,802.95,807.12,811.00,814.51,817.92,821.82,826.41,830.45,832.10,832.69,832.86,832.77,832.34,829.68,825.55,821.10,816.32,811.72,807.04,801.80,795.14,787.73,780.02,772.43,765.31,757.86,751.28,745.61,740.59,735.24,729.79,724.36,719.15,714.54,709.71,704.17,698.90,695.17,691.25,687.25,683.02,678.24,672.57,667.47,663.27,659.89,657.16,654.74,652.33,649.85,647.29,644.67,641.81,638.22,633.65,628.16,623.23,619.24,615.81,612.41,609.02,605.91,603.22,600.74,597.43,593.38,589.73,586.87,584.87,583.18,581.76,580.71,580.15,579.62,579.15,578.57,577.88,577.20,576.45,575.53,574.53,573.52,572.52,571.58,569.69,566.06,560.98,559.68,557.70,555.02,555.00,555.00,555.00,555.00,555.00,555.00,555.00,555.00,555.00,555.00,555.00,555.00,555.00,555.00,555.00,555.00,555.00,555.00,555.00,555.00,555.00,555.00,555.00
920.10,922.69,924.90,926.48,927.25,927.44,927.39,927.14,926.65,925.97,924.98,923.64,922.00,919.94,917.14,913.84,910.17,906.17,902.00,897.07,891.84,886.85,882.79,878.99,875.61,872.54,869.66,866.70,863.91,861.38,859.25,857.90,856.81,855.78,854.76,853.72,852.55,851.49,850.19,848.51,846.92,845.37,843.77,842.21,840.78,838.77,836.93,835.26,833.53,831.40,827.66,823.50,819.65,816.67,814.15,811.83,809.72,808.01,806.54,805.54,804.50,803.09,801.48,799.66,797.67,795.39,792.52,789.58,786.59,783.60,780.38,776.01,776.60,779.98,784.59,788.99,793.64,797.89,801.35,803.63,805.44,807.03,808.18,808.82,809.63,811.90,815.68,820.11,823.41,826.56,829.01,830.34,829.66,826.14,821.13,815.98,810.72,804.16,797.95,792.40,787.56,783.45,779.38,775.47,771.70,768.02,764.09,761.00,759.26,758.53,757.76,756.98,756.27,755.60,754.96,754.15,753.42,752.73,752.07,751.44,750.81,750.19,749.62,749.11,748.58,748.09,747.96,748.39,748.90,749.48,750.42,751.91,754.04,756.45,759.21,762.65,767.23,772.57,777.79,782.54,786.80,791.19,797.27,802.71,807.20,811.36,814.95,818.56,822.75,827.57,831.29,832.49,832.83,832.95,832.71,832.08,829.15,824.82,820.48,816.14,811.99,807.46,802.21,796.32,788.98,781.33,773.95,767.11,759.94,753.35,747.18,741.29,735.72,730.46,725.65,721.30,717.22,712.90,707.47,702.01,697.98,693.96,690.01,686.10,681.92,676.72,671.53,666.88,662.90,659.77,657.14,654.65,652.19,649.65,646.72,643.83,640.52,636.37,631.01,625.91,621.36,617.25,613.38,608.96,604.97,601.58,598.71,595.65,591.71,588.06,585.09,582.87,581.21,580.14,579.50,579.19,578.88,578.50,577.92,577.16,576.45,575.80,574.99,574.03,573.03,572.04,571.00,568.22,563.41,560.37,558.99,557.10,555.02,555.00,555.00,555.00,555.00,555.00,555.00,555.00,555.00,555.00,555.00,555.00,555.00,555.00,555.00,555.00,555.00,555.00,555.00,555.00,555.00,555.00,555.00,555.00
914.20,916.54,918.89,920.91,922.27,922.81,923.00,922.88,922.50,921.90,920.97,919.71,918.06,915.77,912.82,909.69,906.34,902.55,897.87,892.51,887.55,883.18,879.12,875.40,872.02,868.75,865.45,862.37,859.85,857.81,856.21,855.01,853.86,852.76,851.69,850.60,849.33,848.08,846.74,845.28,843.79,842.25,840.76,839.36,838.07,836.57,834.97,833.30,831.37,828.63,824.59,820.55,817.06,814.00,811.17,808.43,805.94,804.12,802.71,801.81,801.04,800.11,798.75,797.14,795.35,793.25,790.55,787.60,784.60,781.65,778.63,774.66,775.57,778.83,782.92,786.97,791.20,795.36,798.88,800.96,802.25,802.83,803.07,803.38,804.59,807.82,812.58,817.93,822.27,825.83,828.66,830.31,829.70,826.11,821.15,816.22,811.30,804.87,798.49,792.79,787.85,783.72,779.73,776.00,772.40,768.74,764.67,761.25,759.30,758.53,757.76,756.98,756.27,755.53,754.74,753.95,753.23,752.57,751.93,751.31,750.64,750.04,749.52,749.10,748.58,748.25,748.29,748.74,749.23,749.90,751.24,753.18,755.22,757.37,760.20,763.79,768.22,773.46,778.59,783.20,787.32,791.68,796.97,802.12,806.94,811.49,815.19,819.04,823.46,828.22,831.47,832.55,832.87,832.92,832.51,831.41,828.27,823.93,819.61,815.65,811.66,807.03,801.69,796.59,790.28,783.00,775.68,769.76,763.59,757.14,750.69,744.49,738.55,733.01,728.27,724.35,720.80,716.66,711.95,706.87,701.73,697.19,693.17,689.32,685.46,681.38,676.49,671.39,666.68,663.20,660.20,657.58,655.13,652.50,648.84,645.76,642.66,638.88,633.66,628.60,624.03,619.73,615.22,610.48,605.40,600.76,597.03,593.88,590.47,587.07,583.83,580.95,579.74,579.24,578.94,578.63,578.32,577.90,577.30,576.53,575.77,575.08,574.36,573.53,572.54,571.59,570.29,566.74,561.24,559.81,557.18,555.44,555.00,555.00,555.00,555.00,555.00,555.00,555.00,555.00,555.00,555.00,555.00,555.00,555.00,555.00,555.00,555.00,555.00,555.00,555.00,555.00,555.00,555.00,555.00,555.00
908.55,910.52,912.70,914.93,916.96,917.90,918.35,918.41,918.10,917.53,916.61,915.35,913.71,911.48,908.72,905.72,902.45,898.62,893.78,888.66,883.92,879.61,875.45,871.58,867.96,864.53,861.35,858.57,856.35,854.58,853.19,851.95,850.66,849.38,848.17,847.03,845.77,844.50,843.24,842.01,840.69,839.33,838.08,836.91,835.67,834.36,832.92,831.11,828.60,825.30,821.59,818.10,814.99,811.90,808.49,805.14,802.31,800.57,799.28,798.46,797.77,796.97,795.88,794.51,792.91,790.94,788.26,785.33,782.38,779.51,776.71,773.52,773.92,776.47,780.12,783.88,787.72,791.63,794.99,796.74,797.67,798.33,798.80,799.32,800.90,804.50,809.87,816.11,821.43,825.26,828.34,830.20,829.56,825.92,821.05,816.37,811.86,805.89,799.61,793.93,788.94,784.50,780.33,776.61,773.04,769.33,765.13,761.46,759.35,758.58,757.81,757.03,756.29,755.52,754.68,753.89,753.13,752.40,751.72,751.10,750.45,749.91,749.49,749.05,748.56,748.39,748.55,748.98,749.42,750.28,751.80,753.83,755.83,757.98,761.01,764.79,769.25,774.65,779.63,784.02,787.98,792.19,796.89,801.90,806.99,811.78,815.82,819.85,824.19,828.62,831.52,832.47,832.72,832.73,832.21,830.32,826.90,822.70,818.52,814.63,810.24,805.31,800.13,795.69,790.29,783.67,776.83,771.52,765.99,760.25,754.29,748.20,742.40,737.04,732.14,727.84,724.28,720.46,716.28,711.67,706.55,701.49,697.06,693.02,689.19,685.40,681.09,676.40,671.72,667.67,664.45,661.60,658.81,655.70,651.42,647.75,644.35,640.65,635.82,630.51,625.74,621.26,616.52,611.73,606.21,600.82,596.31,592.93,589.39,585.79,582.41,579.92,578.90,578.47,578.23,578.01,577.72,577.29,576.67,575.90,575.13,574.43,573.71,572.94,572.06,571.12,568.69,564.73,560.36,559.59,556.68,555.00,555.00,555.00,555.00,555.00,555.00,555.00,555.00,555.00,555.00,555.00,555.00,555.00,555.00,555.00,555.00,555.00,555.00,555.00,555.00,555.00,555.00,555.00,555.00,555.00
903.23,904.72,906.56,908.82,911.35,912.67,913.38,913.59,913.34,912.76,911.81,910.54,908.97,907.02,904.59,901.80,898.58,894.69,889.95,885.22,880.61,876.11,871.75,867.63,863.77,860.29,857.39,855.00,852.99,851.33,849.94,848.60,847.20,845.79,844.46,843.30,842.09,840.88,839.78,838.78,837.66,836.50,835.50,834.55,833.35,832.06,830.64,828.62,825.52,821.94,818.76,815.88,813.11,810.05,806.10,802.20,799.04,797.30,796.09,795.29,794.57,793.78,792.90,791.75,790.32,788.46,785.79,782.95,780.16,777.48,774.96,772.56,772.16,773.70,776.81,780.38,783.76,787.28,790.40,792.01,793.03,794.41,795.72,796.81,798.86,802.64,808.28,815.02,820.92,824.88,828.11,830.02,829.22,825.53,820.83,816.41,812.24,806.80,800.69,795.16,790.23,785.49,781.04,777.18,773.55,769.77,765.47,761.62,759.41,758.63,757.86,757.08,756.31,755.52,754.68,753.89,753.07,752.26,751.51,750.87,750.25,749.81,749.45,749.01,748.57,748.53,748.77,749.15,749.56,750.59,752.20,754.22,756.24,758.50,761.75,765.76,770.37,776.02,780.78,784.90,788.75,792.80,797.09,801.99,807.25,812.19,816.63,820.76,824.88,828.88,831.49,832.30,832.48,832.39,831.66,828.96,825.29,821.26,817.18,813.21,808.26,803.05,798.22,794.31,789.53,783.61,777.43,772.61,767.60,762.67,757.45,751.71,746.29,741.32,736.38,731.59,727.77,724.21,720.48,716.40,711.76,706.29,701.44,697.13,693.19,689.31,685.45,681.37,676.98,672.44,669.01,665.87,662.62,658.90,654.07,649.69,645.80,642.07,637.63,631.96,626.88,622.27,617.46,612.76,607.16,601.38,596.20,592.40,588.45,584.48,581.04,579.26,578.31,577.76,577.46,577.34,577.07,576.66,576.05,575.28,574.51,573.80,573.06,572.31,571.55,570.49,566.82,562.69,559.91,559.06,556.47,555.00,555.00,555.00,555.00,555.00,555.00,555.00,555.00,555.00,555.00,555.00,555.00,555.00,555.00,555.00,555.00,555.00,555.00,555.00,555.00,555.00,555.00,555.00,555.00,555.00
898.86,899.62,900.93,902.78,905.01,906.52,907.47,907.79,907.50,906.87,905.76,904.52,903.30,902.03,900.03,897.78,894.95,891.28,887.11,882.40,877.54,872.72,868.03,863.49,859.77,856.62,853.86,851.55,849.43,847.49,845.76,844.29,843.05,841.85,840.66,839.51,838.38,837.37,836.50,835.74,834.85,833.79,832.83,831.95,830.92,829.40,827.62,825.26,822.10,819.28,816.52,813.86,811.21,808.28,804.42,800.43,796.96,794.69,793.25,792.24,791.38,790.54,789.69,788.62,787.29,785.56,783.13,780.63,778.32,776.15,774.08,772.01,770.86,771.12,773.14,776.74,779.43,782.22,785.07,787.51,790.14,793.22,796.10,798.51,801.42,805.42,810.57,816.30,821.28,825.09,828.21,829.74,828.25,824.57,820.33,816.18,812.00,806.87,800.84,795.62,791.14,786.57,781.79,777.59,773.71,769.83,765.58,761.70,759.45,758.63,757.86,757.08,756.32,755.52,754.68,753.89,753.06,752.23,751.42,750.70,750.10,749.68,749.36,749.00,748.65,748.68,748.94,749.28,749.68,750.68,752.31,754.42,756.68,759.03,762.49,766.85,771.87,777.71,782.06,785.83,789.69,793.80,798.04,802.80,807.90,812.88,817.59,821.57,825.34,828.99,831.31,832.06,832.12,831.69,830.28,827.22,823.52,819.50,815.14,811.00,805.63,800.49,796.40,792.75,787.64,782.01,776.69,772.43,767.88,763.35,758.66,753.67,748.83,744.49,740.21,735.81,731.42,727.77,724.34,720.88,717.01,711.60,706.59,702.13,698.01,693.66,689.38,685.35,681.36,676.96,673.02,669.53,665.91,661.57,656.40,651.28,646.92,643.17,638.75,632.63,627.20,622.50,617.83,613.31,608.13,602.61,597.15,592.33,587.79,583.48,580.03,578.78,577.79,577.07,576.64,576.51,576.36,576.01,575.43,574.66,573.89,573.18,572.44,571.67,570.82,569.32,565.19,561.38,559.37,556.88,555.50,555.00,555.00,555.00,555.00,555.00,555.00,555.00,555.00,555.00,555.00,555.00,555.00,555.00,555.00,555.00,555.00,555.00,555.00,555.00,555.00,555.00,555.00,555.00,555.00,555.00
894.96,894.96,895.71,896.96,898.51,899.77,900.76,901.22,901.14,900.78,900.19,899.45,898.70,897.90,896.34,894.42,891.81,888.35,884.68,880.23,875.25,870.11,865.22,860.54,856.68,853.42,850.64,848.37,845.92,843.70,841.89,840.42,839.21,838.10,837.00,835.86,834.86,834.02,833.30,832.63,831.86,830.86,829.88,828.96,827.97,826.33,824.37,822.04,819.32,817.06,814.60,812.01,809.34,806.46,802.89,798.92,795.14,792.29,790.38,789.09,788.10,787.27,786.41,785.37,784.12,782.59,780.52,778.41,776.43,774.54,772.71,770.97,769.51,769.33,771.02,774.49,777.15,779.99,783.20,786.65,790.34,794.39,798.16,801.34,804.72,808.66,813.22,817.99,822.07,825.63,828.05,828.65,826.59,823.10,819.11,815.05,810.86,805.97,800.37,795.53,791.34,786.97,782.15,777.81,773.74,769.71,765.58,761.74,759.48,758.66,757.87,757.08,756.32,755.52,754.67,753.87,753.05,752.21,751.38,750.59,749.98,749.56,749.25,748.96,748.75,748.82,749.05,749.37,749.75,750.83,752.56,754.77,757.18,759.71,763.45,768.19,773.57,779.20,783.25,786.90,790.86,795.17,799.40,804.06,809.05,813.90,818.53,822.24,825.59,828.83,830.98,831.66,831.47,830.49,828.42,825.20,821.47,817.39,812.86,808.03,802.72,798.05,794.42,790.57,785.09,779.79,775.21,771.21,766.81,762.48,758.19,753.81,749.51,745.68,742.07,738.35,734.10,730.43,727.09,723.96,720.79,716.36,711.35,706.57,702.23,697.74,693.24,689.13,685.14,680.56,676.15,672.27,668.25,663.41,657.98,652.47,647.74,643.75,639.18,632.66,626.99,622.25,617.73,613.44,608.58,603.25,597.59,591.85,586.77,582.48,579.37,578.36,577.35,576.46,575.86,575.65,575.53,575.31,574.86,574.16,573.43,572.70,571.95,571.18,570.20,567.82,563.65,560.47,559.06,555.76,555.00,555.00,555.00,555.00,555.00,555.00,555.00,555.00,555.00,555.00,555.00,555.00,555.00,555.00,555.00,555.00,555.00,555.00,555.00,555.00,555.00,555.00,555.00,555.00,555.00,555.00
891.56,890.74,890.87,891.39,892.02,892.71,893.53,894.18,894.55,894.77,895.23,895.37,895.16,894.57,893.46,891.72,889.21,885.93,882.70,878.74,873.79,868.34,863.41,858.85,854.59,850.83,847.88,845.56,842.63,840.16,838.48,837.10,835.76,834.57,833.46,832.35,831.49,830.79,830.12,829.41,828.64,827.69,826.66,825.63,824.56,822.92,821.02,819.06,817.13,815.17,812.88,810.30,807.50,804.56,801.36,797.50,793.43,790.00,787.47,785.84,784.76,783.98,783.13,782.08,780.94,779.66,778.04,776.30,774.47,772.62,770.82,769.39,768.14,768.37,770.52,773.77,776.99,780.60,784.70,789.22,793.33,797.56,801.49,804.87,808.31,811.94,815.87,819.85,823.20,826.33,827.48,826.73,824.28,821.09,817.11,812.99,808.84,804.16,799.31,794.88,790.79,786.63,782.07,777.80,773.63,769.42,765.46,761.71,759.50,758.70,757.87,757.08,756.32,755.52,754.67,753.82,753.03,752.22,751.38,750.55,749.89,749.44,749.13,748.88,748.88,748.95,749.12,749.42,749.76,750.99,752.90,755.25,757.70,760.55,764.67,769.79,775.40,780.50,784.39,788.12,792.28,796.91,801.12,805.72,810.62,815.22,819.47,822.79,825.67,828.40,830.41,831.02,830.44,828.79,826.18,822.96,819.18,815.01,810.38,804.49,799.69,795.80,792.25,787.75,782.01,777.09,773.06,768.95,764.36,760.06,756.03,752.16,748.36,744.90,741.87,738.98,735.50,731.98,728.66,725.66,723.08,720.27,715.52,710.39,705.80,701.43,696.91,692.63,688.32,683.27,678.42,674.12,669.69,664.47,658.82,653.23,648.25,643.82,638.94,632.13,626.29,621.56,617.21,613.19,608.47,603.18,597.35,590.92,585.42,581.44,579.00,577.98,576.97,575.94,575.14,574.78,574.62,574.55,574.31,573.79,573.10,572.35,571.58,570.80,569.61,566.07,562.25,559.83,558.78,555.72,555.00,555.00,555.00,555.00,555.00,555.00,555.00,555.00,555.00,555.00,555.00,555.00,555.00,555.00,555.00,555.00,555.00,555.00,555.00,555.00,555.00,555.00,555.00,555.00,555.00,555.00
889.29,887.37,886.53,886.34,886.52,887.01,887.75,888.57,889.36,890.10,891.05,891.62,891.67,891.22,890.57,889.42,887.44,884.66,882.03,878.40,873.34,867.63,862.95,858.59,854.21,850.17,846.90,844.02,840.81,838.11,836.15,834.40,832.71,831.32,830.13,829.04,828.11,827.29,826.51,825.77,825.00,824.14,823.21,822.22,821.16,819.68,818.07,816.43,814.80,813.02,810.90,808.35,805.41,802.38,799.25,795.48,791.33,787.45,784.52,782.62,781.43,780.73,779.98,779.32,778.53,777.48,776.04,774.35,772.56,770.70,768.84,767.35,767.04,768.43,771.56,775.46,779.07,783.02,787.61,792.91,797.23,801.14,804.80,808.17,811.44,814.82,818.22,821.54,824.48,825.92,825.53,823.88,821.30,817.77,813.80,809.80,805.80,801.54,797.28,793.22,789.35,785.55,781.38,777.18,773.00,768.89,765.18,761.62,759.50,758.71,757.88,757.08,756.32,755.52,754.66,753.81,753.03,752.24,751.43,750.63,749.94,749.38,749.01,748.99,749.09,749.15,749.24,749.43,749.72,750.91,752.95,755.57,758.23,761.61,766.20,771.58,777.13,781.84,785.68,789.65,794.27,799.25,803.39,807.73,812.32,816.62,820.43,823.34,825.68,827.64,829.13,829.41,828.51,826.58,823.92,820.72,816.98,812.66,807.53,801.66,797.36,793.79,789.89,784.16,778.85,774.36,770.11,764.99,759.65,755.16,751.44,748.28,745.08,742.05,739.23,736.49,733.61,730.94,728.59,726.31,723.84,721.65,718.08,713.64,708.81,704.02,699.25,694.84,690.50,685.35,679.72,674.99,670.37,664.95,659.03,653.31,648.09,643.24,637.96,631.19,625.26,620.45,616.39,612.55,607.58,601.93,595.91,589.65,583.96,580.38,578.66,577.61,576.56,575.49,574.55,573.94,573.74,573.70,573.65,573.41,572.73,572.01,571.26,570.20,568.20,564.44,561.39,558.92,556.83,555.32,555.00,555.00,555.00,555.00,555.00,555.00,555.00,555.00,555.00,555.00,555.00,555.00,555.00,555.00,555.00,555.00,555.00,555.00,555.00,555.00,555.00,555.00,555.00,555.00,555.00,555.00
887.58,884.62,882.82,881.94,881.82,882.19,882.89,883.82,884.87,885.89,886.97,887.70,887.97,887.69,887.43,886.95,885.77,883.74,881.62,878.01,872.91,867.32,863.00,858.80,854.38,850.16,846.59,843.18,839.77,836.80,834.39,832.20,830.16,828.48,827.09,825.89,824.81,823.82,822.92,822.07,821.19,820.35,819.48,818.55,817.61,816.45,815.17,813.80,812.27,810.50,808.43,805.92,803.00,800.05,796.91,793.25,789.14,784.98,781.79,779.66,778.32,777.61,776.96,776.75,776.33,775.48,774.16,772.44,770.57,768.62,766.74,765.49,766.41,769.21,773.46,777.90,781.80,786.08,791.10,796.83,801.10,804.67,808.05,811.35,814.45,817.40,820.20,822.86,825.03,824.76,823.06,820.69,817.87,814.05,810.12,806.25,802.45,798.67,794.83,791.11,787.54,784.07,780.27,776.20,772.12,768.23,764.74,761.45,759.46,758.68,757.85,757.07,756.30,755.50,754.66,753.83,753.04,752.27,751.50,750.73,750.02,749.38,749.02,749.21,749.35,749.39,749.40,749.49,749.71,750.86,753.04,755.93,758.80,762.84,767.87,773.37,778.71,783.12,787.04,791.50,796.71,801.68,805.72,809.77,813.99,817.95,821.04,823.39,825.23,826.61,827.56,827.51,826.43,824.42,821.76,818.40,814.69,810.35,804.88,799.42,795.47,791.78,787.18,780.68,775.82,771.26,766.20,760.17,754.50,750.06,746.59,743.75,740.88,738.15,735.50,732.93,730.58,728.94,727.60,726.07,723.99,722.19,719.65,716.01,711.24,706.24,701.04,696.38,692.00,686.79,680.50,675.36,670.50,664.84,658.71,652.88,647.49,642.28,636.50,629.91,624.03,619.21,615.39,611.62,606.34,600.33,594.20,588.22,582.66,579.48,578.28,577.19,576.12,575.03,574.00,573.14,572.86,572.81,572.88,572.89,572.37,571.69,570.95,569.60,566.75,563.01,560.73,558.25,555.24,555.00,555.00,555.00,555.00,555.00,555.00,555.00,555.00,555.00,555.00,555.00,555.00,555.00,555.00,555.00,555.00,555.00,555.00,555.00,555.00,555.00,555.00,555.00,555.00,555.00,555.00,555.00
886.57,882.82,880.22,878.73,878.39,878.61,879.36,880.28,881.21,882.02,882.67,883.31,883.77,883.81,883.71,883.93,883.89,883.05,881.12,876.97,872.09,867.37,863.49,859.37,854.94,850.65,846.88,843.29,839.75,836.39,833.35,830.82,828.52,826.45,824.59,823.00,821.69,820.58,819.54,818.46,817.21,816.18,815.24,814.39,813.76,813.13,812.21,810.97,809.36,807.33,805.00,802.53,799.98,797.46,794.37,790.86,786.97,782.80,779.56,777.28,775.69,774.72,774.15,774.35,774.23,773.52,772.33,770.55,768.36,766.13,764.42,764.22,766.69,771.09,776.48,780.87,784.86,789.64,795.15,800.66,804.48,807.88,811.16,814.36,817.41,819.49,821.53,823.44,823.91,822.51,820.14,817.20,813.80,810.08,806.23,802.48,798.94,795.65,791.90,788.48,785.35,782.09,778.51,774.72,770.96,767.40,764.00,761.08,759.34,758.56,757.78,757.00,756.23,755.46,754.67,753.88,753.11,752.33,751.56,750.79,750.08,749.50,749.24,749.55,749.68,749.66,749.63,749.66,749.80,750.99,753.35,756.44,759.48,764.30,769.68,775.05,780.03,784.23,788.53,793.86,799.88,804.05,807.90,811.71,815.53,819.06,820.84,822.35,823.86,825.15,825.67,825.43,824.48,822.69,819.81,815.90,812.19,808.12,802.81,798.08,794.17,789.63,783.83,777.76,773.10,767.36,760.56,754.31,749.47,745.75,742.35,738.90,735.72,732.95,730.59,728.52,726.67,726.10,725.35,724.38,723.50,722.11,719.89,716.76,712.67,708.14,702.29,697.09,692.53,687.16,680.60,675.10,669.83,663.76,657.54,651.69,646.25,640.81,634.38,628.08,622.52,617.88,614.17,610.24,604.69,598.55,592.47,586.62,581.76,578.98,577.78,576.70,575.62,574.53,573.44,572.44,571.97,571.88,571.95,572.07,572.02,571.40,570.63,569.07,565.62,561.96,560.25,558.20,555.24,555.00,555.00,555.00,555.00,555.00,555.00,555.00,555.00,555.00,555.00,555.00,555.00,555.00,555.00,555.00,555.00,555.00,555.00,555.00,555.00,555.00,555.00,555.00,555.00,555.00,555.00,555.00
886.18,882.11,879.01,876.76,875.47,875.46,876.13,876.82,877.32,877.62,877.91,878.53,879.34,880.12,880.92,881.66,882.02,881.60,879.83,875.95,871.47,867.21,863.63,859.75,855.35,850.87,846.76,843.00,839.42,835.96,832.70,829.94,827.40,825.01,822.76,820.73,819.06,817.48,816.07,814.80,813.34,812.21,811.23,810.39,809.84,809.22,808.26,807.02,805.50,803.44,801.13,798.86,796.67,794.39,791.72,788.50,784.84,781.01,778.07,775.67,773.63,772.07,771.32,771.74,771.97,771.46,770.01,768.05,765.82,763.68,762.52,764.21,768.19,773.62,779.56,783.93,788.27,793.52,799.19,804.03,807.67,811.00,814.24,817.21,819.33,820.79,822.33,823.53,822.85,820.86,818.14,815.01,811.59,807.97,804.25,800.61,797.20,794.03,790.56,787.24,784.05,780.68,777.10,773.40,769.85,766.55,763.28,760.72,759.17,758.40,757.63,756.85,756.08,755.31,754.53,753.69,752.93,752.19,751.46,750.75,750.00,749.56,749.57,750.10,750.38,750.36,750.18,750.03,750.31,751.67,754.09,757.26,760.70,766.00,771.30,776.27,781.03,785.50,790.50,796.14,801.86,805.76,809.52,813.21,816.74,819.72,821.01,822.12,823.31,824.26,824.14,823.57,822.74,821.11,817.30,813.14,809.87,806.49,801.62,796.89,792.63,787.40,780.86,775.05,769.73,763.42,756.54,750.77,746.54,742.79,738.86,734.65,731.44,728.73,726.28,724.21,723.06,723.07,722.84,722.37,721.97,720.95,719.08,716.43,713.02,709.11,702.89,697.15,692.12,686.41,679.65,673.90,668.16,661.50,655.60,650.01,644.55,638.86,632.30,626.24,621.04,616.64,612.87,608.48,602.84,596.76,590.75,585.05,580.96,578.62,577.41,576.29,575.14,574.02,572.90,571.85,571.14,570.96,571.03,571.22,571.36,570.95,570.02,568.13,564.68,561.28,559.94,558.16,555.24,555.00,555.00,555.00,555.00,555.00,555.00,555.00,555.00,555.00,555.00,555.00,555.00,555.00,555.00,555.00,555.00,555.00,555.00,555.00,555.00,555.00,555.00,555.00,555.00,555.00,555.00,555.00
886.04,881.89,878.40,875.33,872.88,872.51,872.96,873.32,873.31,873.01,872.97,873.58,874.74,876.29,878.12,879.31,879.84,879.55,877.99,874.74,870.82,866.91,863.61,860.07,855.63,850.88,846.47,842.58,839.04,835.67,832.47,829.60,826.87,824.22,821.60,819.08,816.75,814.56,812.72,811.25,809.64,808.41,807.35,806.45,805.79,804.93,803.74,802.41,800.97,798.94,796.77,794.82,793.04,790.95,788.78,785.97,782.66,779.34,776.76,774.27,771.75,769.49,768.37,768.82,769.25,768.88,767.22,765.17,763.06,761.33,761.15,764.99,770.40,776.52,782.60,787.09,791.91,797.47,802.98,807.11,810.66,813.98,817.10,819.65,820.68,821.67,822.75,823.30,821.91,819.65,816.80,813.70,810.53,807.06,803.44,799.88,796.51,793.36,790.18,786.84,783.34,779.68,775.89,772.20,768.77,765.65,762.51,760.32,758.98,758.20,757.43,756.66,755.88,755.11,754.32,753.43,752.66,751.94,751.23,750.59,749.84,749.59,749.91,750.65,751.22,751.31,751.08,750.82,751.32,752.80,755.12,758.20,762.13,767.67,772.72,777.27,781.90,786.78,792.61,798.36,803.33,807.18,810.90,814.54,817.86,820.25,821.41,822.35,823.24,823.77,823.03,822.12,821.35,819.74,814.91,810.68,807.88,805.20,800.94,795.93,791.03,785.13,778.20,772.52,766.42,759.93,753.60,748.51,744.65,740.59,735.96,731.12,727.96,725.27,722.54,720.12,719.33,719.64,719.95,720.01,719.78,719.15,717.68,715.52,712.74,709.32,703.10,696.81,691.07,685.09,678.22,672.17,665.95,658.89,653.45,648.20,642.73,636.85,630.38,624.49,619.61,615.46,611.54,606.59,600.92,595.01,589.12,583.60,580.25,578.32,577.10,575.92,574.72,573.53,572.39,571.31,570.35,570.06,570.11,570.31,570.49,570.30,569.18,567.04,563.87,560.81,559.47,557.78,555.21,555.00,555.00,555.00,555.00,555.00,555.00,555.00,555.00,555.00,555.00,555.00,555.00,555.00,555.00,555.00,555.00,555.00,555.00,555.00,555.00,555.00,555.00,555.00,555.00,555.00,555.00,555.00
885.87,881.84,877.88,874.03,870.76,869.54,869.50,869.58,869.29,868.50,868.07,868.57,869.83,871.59,873.68,875.24,876.22,876.40,875.23,872.70,869.60,866.40,863.47,860.31,855.65,850.58,846.22,842.36,839.01,836.01,833.28,830.65,827.92,825.11,822.16,818.85,814.97,812.13,810.06,808.36,806.51,805.05,803.70,802.42,801.32,800.03,798.54,796.95,795.25,793.12,791.17,789.70,788.51,786.78,784.88,782.63,780.13,777.49,774.92,772.41,769.66,766.80,765.04,764.91,764.86,764.31,763.18,761.66,759.97,759.26,761.22,766.85,773.52,779.87,785.46,790.47,795.92,801.10,805.79,809.76,813.18,816.52,819.15,820.58,821.41,822.09,822.55,822.53,821.43,819.29,816.65,813.89,811.12,807.94,804.28,800.63,797.21,794.13,791.08,787.54,783.58,779.36,775.00,771.13,767.71,764.61,761.50,759.81,758.77,757.96,757.18,756.41,755.64,754.87,754.09,753.27,752.43,751.57,750.76,750.14,749.64,749.61,750.08,750.97,751.95,752.61,752.92,753.04,753.69,754.88,756.60,759.21,763.55,768.75,773.61,778.17,782.85,787.84,794.47,800.44,804.74,808.56,812.28,815.96,819.19,821.11,822.14,823.02,823.74,823.97,823.11,822.13,821.04,818.93,813.98,809.88,806.95,804.36,800.91,795.75,789.53,782.85,776.19,770.42,764.49,758.33,752.38,747.52,743.53,739.14,734.30,729.51,726.25,723.37,720.16,716.81,714.64,714.84,715.88,716.71,716.64,716.52,715.64,714.04,711.60,707.99,702.71,696.00,688.95,683.20,676.63,669.87,663.19,656.92,651.84,646.75,641.33,635.44,629.05,623.17,618.39,614.34,610.20,604.87,599.14,593.41,587.84,582.54,579.72,578.06,576.83,575.63,574.43,573.23,572.03,570.83,569.61,569.21,569.15,569.20,569.34,569.05,567.96,566.02,563.24,560.64,558.00,555.98,555.07,555.00,555.00,555.00,555.00,555.00,555.00,555.00,555.00,555.00,555.00,555.00,555.00,555.00,555.00,555.00,555.00,555.00,555.00,555.00,555.00,555.00,555.00,555.00,555.00,555.00,555.00,555.00
885.45,881.48,876.98,872.51,868.93,867.12,866.39,865.88,865.20,864.17,863.49,863.82,865.06,867.00,869.20,870.94,872.27,872.97,872.31,870.67,868.45,865.90,863.24,860.52,855.95,850.85,846.59,842.93,839.78,837.04,834.58,832.10,829.47,826.58,823.35,819.55,814.72,811.03,808.27,806.04,803.72,801.78,800.02,798.31,796.64,794.97,793.37,791.75,789.98,787.95,786.16,784.85,783.91,782.64,781.13,779.44,777.58,775.43,772.98,770.31,767.31,764.13,761.93,761.22,760.78,760.22,759.57,758.53,757.75,758.58,762.60,769.32,776.23,782.50,788.07,793.65,799.18,804.00,808.13,811.72,814.87,817.99,820.18,820.91,821.48,821.85,821.92,821.66,820.89,818.97,816.56,814.07,811.56,808.58,804.95,801.26,797.81,794.72,791.56,787.72,783.31,778.69,773.90,769.91,766.49,763.45,760.66,759.34,758.49,757.68,756.93,756.16,755.39,754.62,753.85,753.07,752.22,751.32,750.46,749.87,749.55,749.62,750.05,750.75,751.72,752.79,753.67,754.30,755.35,756.56,757.98,760.25,764.82,769.87,774.67,779.27,784.03,789.27,796.16,802.10,806.08,809.92,813.73,817.34,820.34,822.06,823.18,824.07,824.72,824.85,823.95,822.76,821.26,818.79,814.05,810.02,806.89,804.14,800.77,795.08,788.23,781.36,775.01,769.22,763.46,757.54,751.82,747.06,742.91,738.27,733.33,728.64,725.15,722.01,718.38,714.35,711.10,710.58,711.72,713.07,713.43,713.65,713.27,712.14,709.97,706.30,701.53,694.82,687.36,681.68,675.44,668.16,661.11,655.44,650.54,645.56,640.21,634.38,628.12,622.13,617.27,613.08,608.66,603.26,597.64,592.12,586.81,581.73,579.22,577.69,576.42,575.19,574.00,572.78,571.53,570.26,568.91,568.29,568.06,568.04,568.09,567.59,566.40,564.61,562.33,560.41,557.20,555.00,555.00,555.00,555.00,555.00,555.00,555.00,555.00,555.00,555.00,555.00,555.00,555.00,555.00,555.00,555.00,555.00,555.00,555.00,555.00,555.00,555.00,555.00,555.00,555.00,555.00,555.00,555.00,555.00
884.78,880.76,875.68,870.76,867.36,865.25,863.69,862.38,861.19,860.14,859.38,859.48,860.56,862.67,864.86,866.62,868.18,869.39,869.33,868.72,867.40,865.41,862.92,860.69,856.57,851.74,847.62,844.32,841.36,838.70,836.26,833.80,831.34,828.40,824.99,821.05,816.05,811.36,807.46,804.42,801.43,798.79,796.46,794.26,791.92,789.94,788.38,786.94,785.34,783.61,781.92,780.49,779.43,778.67,777.72,776.53,775.06,773.17,770.92,767.97,764.68,761.49,759.10,757.88,757.23,756.84,756.52,755.94,756.54,759.34,765.20,772.25,778.42,784.36,790.44,796.53,801.61,806.14,810.07,812.99,815.73,818.35,820.14,820.68,820.83,820.89,820.81,820.58,820.08,818.47,816.34,814.03,811.61,808.72,805.19,801.53,798.04,794.83,791.38,787.14,782.35,777.51,772.57,768.54,765.13,762.20,760.02,758.93,758.14,757.39,756.67,755.91,755.14,754.37,753.60,752.82,752.04,751.19,750.35,749.82,749.57,749.63,749.85,750.07,750.61,751.83,753.21,754.46,756.10,757.70,759.20,761.35,765.94,771.07,775.94,780.60,785.45,791.11,797.72,803.34,807.35,811.28,815.25,818.65,821.28,823.07,824.49,825.47,826.13,826.34,825.44,823.89,821.95,819.29,815.05,811.00,807.63,804.47,800.48,793.92,787.20,780.74,774.64,768.95,763.23,757.41,751.79,747.05,742.74,737.95,732.97,728.34,724.52,721.06,717.14,712.76,708.92,707.06,707.55,709.09,710.12,710.54,710.52,709.78,707.85,704.37,699.62,693.35,686.44,680.58,674.67,667.14,659.82,654.42,649.51,644.63,639.37,633.60,627.48,621.36,616.24,611.70,606.93,601.76,596.44,591.15,586.00,581.15,578.75,577.22,575.87,574.62,573.39,572.15,570.90,569.60,568.30,567.35,566.88,566.84,566.78,565.98,564.58,562.86,561.19,560.10,557.17,555.00,555.00,555.00,555.00,555.00,555.00,555.00,555.00,555.00,555.00,555.00,555.00,555.00,555.00,555.00,555.00,555.00,555.00,555.00,555.00,555.00,555.00,555.00,555.00,555.00,555.00,555.00,555.00,555.00
884.21,879.70,874.27,869.19,865.72,863.37,861.64,860.15,858.81,857.70,856.82,856.51,857.09,858.95,860.76,862.75,864.65,866.08,866.56,866.39,865.84,864.79,862.84,860.81,857.04,852.70,849.08,846.13,843.30,840.57,837.96,835.51,832.94,830.03,826.70,822.72,818.12,813.11,808.54,804.84,801.43,798.10,794.71,791.34,788.36,786.11,784.35,782.81,781.30,779.77,778.35,777.14,776.25,775.66,775.04,774.01,772.58,770.77,768.26,765.18,761.97,758.98,756.46,755.03,754.20,753.74,753.69,754.42,756.45,760.83,768.22,774.61,780.44,786.48,792.84,798.79,803.53,807.84,811.52,813.87,816.01,817.79,819.01,819.40,819.04,818.85,818.50,817.97,817.40,816.52,815.06,813.17,810.89,807.96,804.52,800.80,796.99,793.52,789.75,785.37,780.55,775.66,770.95,767.12,763.77,760.93,759.49,758.60,757.85,757.12,756.38,755.61,754.86,754.12,753.35,752.58,751.83,751.05,750.30,749.88,749.68,749.67,749.76,749.87,750.12,751.05,752.49,754.29,756.30,758.15,760.05,762.61,767.09,772.13,777.13,781.95,786.88,793.21,799.38,804.56,808.60,812.59,816.64,819.85,822.20,823.96,825.63,826.83,827.63,827.87,826.93,825.19,822.99,820.24,816.52,812.51,808.49,804.54,800.29,793.59,786.92,780.72,774.95,769.29,763.42,757.59,752.05,747.15,742.65,737.84,732.90,728.25,724.23,720.40,716.32,711.94,707.63,704.25,703.18,703.93,705.50,706.36,706.69,706.36,704.97,702.12,697.73,692.00,685.58,679.49,673.98,666.62,659.21,653.61,648.70,643.95,638.65,632.70,626.62,620.63,615.35,610.51,605.62,600.63,595.51,590.40,585.42,580.79,578.50,576.91,575.42,574.03,572.77,571.54,570.29,569.04,567.93,566.96,566.24,565.79,565.53,564.39,563.09,561.83,560.64,559.93,557.14,555.00,555.00,555.00,555.00,555.00,555.00,555.00,555.00,555.00,555.00,555.00,555.00,555.00,555.00,555.00,555.00,555.00,555.00,555.00,555.00,555.00,555.00,555.00,555.00,555.00,555.00,555.00,555.00,555.00
883.35,878.34,872.81,867.80,864.23,861.56,859.77,858.27,856.86,855.68,854.67,853.93,853.90,855.18,856.65,858.90,861.15,862.85,863.84,864.02,864.07,863.83,862.50,860.73,857.35,853.54,850.50,847.96,845.25,842.44,839.67,837.16,834.44,831.58,828.40,824.52,820.38,815.36,810.43,806.23,802.43,798.45,793.97,789.37,785.70,782.92,780.80,779.06,777.54,776.14,774.93,773.99,773.31,772.85,772.43,771.43,769.93,768.05,765.30,762.05,758.91,756.20,753.73,752.29,751.39,750.91,751.28,753.44,756.88,762.57,770.98,776.74,782.49,788.65,794.99,800.63,805.16,809.35,812.95,815.13,816.73,817.69,818.21,818.20,817.15,816.49,815.60,814.53,813.98,813.85,813.12,811.71,809.58,806.67,803.35,799.58,795.48,791.68,787.58,783.10,778.35,773.49,769.06,765.40,762.29,759.92,759.13,758.40,757.67,756.95,756.18,755.42,754.69,753.96,753.19,752.43,751.71,750.99,750.34,750.01,749.81,749.74,749.75,749.82,749.88,750.59,752.04,754.19,756.40,758.43,760.79,763.88,768.16,773.25,778.41,783.34,788.28,795.20,800.99,805.76,809.84,813.87,817.87,820.91,823.05,824.83,826.71,828.13,829.07,829.36,828.45,826.62,824.27,821.49,818.17,814.24,809.77,805.12,800.30,793.52,786.99,781.03,775.55,769.93,763.93,758.07,752.54,747.44,742.69,737.83,732.95,728.27,724.04,719.88,715.70,711.41,706.79,702.20,699.64,699.26,700.74,701.79,702.38,702.38,701.51,699.36,695.49,690.33,684.41,678.46,673.45,666.39,658.94,652.98,648.03,643.36,638.00,631.87,625.80,619.95,614.53,609.45,604.55,599.70,594.72,589.74,584.87,580.46,578.22,576.61,575.04,573.53,572.19,570.93,569.71,568.58,567.64,566.71,565.79,564.97,564.47,563.18,562.07,561.19,560.32,559.83,557.13,555.00,555.00,555.00,555.00,555.00,555.00,555.00,555.00,555.00,555.00,555.00,555.00,555.00,555.00,555.00,555.00,555.00,555.00,555.00,555.00,555.00,555.00,555.00,555.00,555.00,555.00,555.00,555.00,555.00
881.70,876.44,871.30,866.76,863.12,859.90,857.97,856.46,855.03,853.76,852.62,851.52,850.75,850.92,852.38,854.84,857.46,859.67,861.14,861.76,862.06,862.06,861.39,860.17,857.32,854.07,851.59,849.58,847.00,844.21,841.42,838.65,835.87,833.07,830.07,826.57,822.68,818.00,813.22,808.77,804.55,800.03,794.70,789.06,784.57,780.62,777.87,775.86,774.14,772.71,771.55,770.69,770.19,769.99,769.54,768.47,766.83,764.63,761.96,758.34,755.01,752.71,750.66,749.54,748.79,748.55,749.78,753.11,757.90,764.49,772.86,778.61,784.77,790.85,796.50,801.82,806.37,810.65,814.58,817.52,818.91,819.21,818.86,817.82,815.68,813.98,811.93,809.96,809.80,810.26,810.18,809.25,807.24,804.60,801.51,797.81,793.59,789.38,784.92,780.36,775.68,770.89,766.63,762.97,760.49,759.59,759.14,758.51,757.77,757.01,756.25,755.53,754.78,754.02,753.26,752.54,751.80,751.12,750.58,750.20,749.96,749.86,749.86,749.88,749.89,750.78,752.37,754.44,756.60,758.74,761.51,765.03,769.08,774.59,779.98,784.82,789.60,796.79,802.39,806.94,811.03,815.09,818.84,821.63,823.74,825.75,827.78,829.31,830.34,830.70,830.02,828.28,825.93,823.16,820.02,816.20,812.06,807.16,800.74,793.62,787.44,781.83,776.43,770.90,764.97,759.08,753.42,748.10,742.96,737.95,733.09,728.40,723.92,719.50,715.29,711.15,706.52,701.65,698.25,696.51,696.36,696.90,697.50,697.66,697.06,695.47,692.41,687.81,682.40,677.55,673.29,666.62,659.12,652.69,647.57,642.90,637.50,631.26,625.23,619.34,613.79,608.63,603.86,599.06,594.10,589.11,584.29,580.04,577.76,576.18,574.74,573.25,571.71,570.37,569.22,568.25,567.38,566.46,565.54,564.65,563.88,562.92,561.98,561.06,560.21,559.80,557.13,555.00,555.00,555.00,555.00,555.00,555.00,555.00,555.00,555.00,555.00,555.00,555.00,555.00,555.00,555.00,555.00,555.00,555.00,555.00,555.00,555.00,555.00,555.00,555.00,555.00,555.00,555.00,555.00,555.00
879.33,874.59,869.73,865.13,861.21,858.13,856.22,854.69,853.25,851.91,850.58,849.31,848.24,847.84,849.08,851.01,853.15,855.28,857.18,858.35,859.00,859.31,859.31,858.98,857.11,854.68,852.64,850.85,848.57,845.94,843.09,840.13,837.36,834.61,831.75,828.65,825.06,820.77,816.20,811.61,807.16,802.45,796.89,790.88,785.64,781.06,777.37,774.20,771.46,769.73,768.47,767.51,766.90,766.74,766.17,765.00,763.09,760.10,756.76,753.58,751.00,749.14,747.44,746.53,746.34,747.00,749.21,753.35,759.62,767.10,774.64,780.51,786.70,792.50,797.65,802.72,807.12,811.44,815.62,818.94,820.06,820.07,819.50,818.24,815.71,813.22,810.45,807.75,806.36,806.60,806.70,806.05,804.32,801.88,798.73,794.99,790.80,786.55,782.08,777.53,772.96,768.45,764.26,761.33,759.73,759.34,758.99,758.50,757.86,757.12,756.35,755.61,754.88,754.13,753.36,752.63,751.89,751.27,750.82,750.51,750.28,750.29,750.42,750.47,750.62,751.62,753.22,755.19,757.28,759.61,762.59,766.29,770.60,776.48,781.76,786.42,791.35,798.16,803.61,808.12,812.21,816.23,819.68,822.33,824.48,826.63,828.78,830.28,831.17,831.45,831.10,829.78,827.57,824.65,821.52,817.92,814.00,809.02,801.99,794.50,788.39,783.04,777.86,772.22,766.19,760.31,754.66,749.16,743.39,738.14,733.34,728.77,723.98,719.38,715.16,711.12,706.50,701.53,697.71,694.97,693.03,692.39,692.60,692.54,691.66,690.18,687.52,684.01,680.09,676.37,672.74,666.56,659.29,652.66,647.33,642.63,637.19,630.91,624.91,619.05,613.43,608.23,603.62,598.82,593.67,588.43,583.49,579.58,577.25,575.54,574.01,572.57,571.06,569.91,568.98,568.06,567.17,566.28,565.37,564.46,563.61,562.76,561.88,560.98,560.13,559.78,557.13,555.00,555.00,555.00,555.00,555.00,555.00,555.00,555.00,555.00,555.00,555.00,555.00,555.00,555.00,555.00,555.00,555.00,555.00,555.00,555.00,555.00,555.00,555.00,555.00,555.00,555.00,555.00,555.00,555.00
876.72,872.69,867.95,863.11,859.03,856.37,854.52,852.94,851.45,850.05,848.55,847.17,846.00,845.30,846.19,847.38,848.80,850.61,852.71,854.29,855.30,855.94,856.58,857.20,856.55,855.14,853.54,851.85,849.94,847.52,844.59,841.51,838.83,836.13,833.39,830.69,827.50,823.66,819.31,814.60,809.99,805.23,799.79,793.77,787.84,782.90,778.22,773.64,769.59,767.40,765.82,764.52,763.58,763.20,762.30,760.87,758.63,755.02,751.12,748.70,747.07,745.60,744.15,743.46,744.04,745.92,749.13,753.89,761.59,769.83,776.32,782.30,788.33,793.78,798.56,803.38,807.57,811.89,816.23,819.74,820.63,820.55,820.06,818.92,816.29,813.22,809.95,806.55,803.40,802.97,802.98,802.48,801.02,798.75,795.47,791.67,787.59,783.48,779.15,774.69,770.27,766.11,762.12,760.20,759.46,759.13,758.76,758.42,757.91,757.23,756.46,755.69,754.97,754.24,753.47,752.71,752.01,751.47,751.12,750.88,750.70,750.86,751.19,751.36,751.65,752.71,754.30,756.17,758.16,760.74,763.87,767.66,772.52,778.60,783.64,788.13,793.32,799.48,804.74,809.28,813.35,817.31,820.45,822.99,825.22,827.45,829.66,831.06,831.76,831.92,831.89,831.14,829.15,826.11,822.93,819.57,815.77,810.82,803.79,795.87,789.67,784.50,779.52,773.70,767.54,761.68,756.12,750.42,743.97,738.43,733.70,729.29,724.22,719.43,715.16,711.19,706.62,701.61,697.59,694.12,690.58,688.51,687.96,687.35,685.95,684.34,681.96,679.68,677.56,674.99,671.89,666.26,659.38,652.73,647.22,642.47,637.02,630.71,624.73,618.91,613.26,608.07,603.59,598.77,593.32,587.71,582.61,579.10,576.75,574.83,573.13,571.71,570.37,569.54,568.84,567.92,567.00,566.13,565.24,564.34,563.48,562.63,561.78,560.91,560.09,559.77,557.13,555.00,555.00,555.00,555.00,555.00,555.00,555.00,555.00,555.00,555.00,555.00,555.00,555.00,555.00,555.00,555.00,555.00,555.00,555.00,555.00,555.00,555.00,555.00,555.00,555.00,555.00,555.00,555.00,555.00
874.56,870.50,865.30,860.48,857.37,854.84,852.90,851.12,849.43,848.01,846.45,844.95,843.64,842.83,843.12,844.17,845.56,847.11,848.63,849.84,850.87,851.85,852.99,854.17,854.77,854.72,853.89,852.29,850.71,848.44,845.39,842.48,840.05,837.46,834.81,832.48,830.08,826.81,822.62,817.67,812.79,807.90,802.78,797.11,790.53,785.29,780.15,774.81,769.77,767.17,764.53,762.17,760.41,759.22,757.22,754.77,752.22,749.84,747.35,745.46,743.85,742.29,740.91,740.63,742.17,745.27,749.19,754.67,763.15,771.70,777.60,783.54,789.30,794.53,799.18,803.59,807.64,811.86,816.14,819.72,820.70,820.69,820.24,819.11,816.20,812.99,809.29,805.12,801.10,799.71,799.35,798.81,797.26,795.14,791.99,788.33,784.41,780.37,776.25,772.01,767.79,763.91,760.93,759.67,759.21,758.89,758.56,758.21,757.81,757.29,756.53,755.80,755.06,754.31,753.55,752.82,752.23,751.81,751.54,751.30,751.14,751.40,752.00,752.54,752.68,753.73,755.32,757.08,758.91,761.82,765.22,769.29,774.97,780.69,785.51,790.09,795.38,800.99,805.90,810.29,814.36,818.26,821.15,823.56,825.80,828.02,830.13,831.45,832.13,832.37,832.47,832.16,830.59,827.76,824.59,821.37,817.55,812.78,806.35,797.83,791.37,786.14,781.13,775.21,769.06,763.26,757.74,751.86,744.84,739.08,734.37,730.00,724.86,719.77,715.29,711.27,706.73,701.69,697.55,693.87,689.88,686.72,684.59,682.74,680.82,679.01,677.19,675.74,674.61,673.32,670.46,665.40,659.16,652.71,647.21,642.45,637.00,630.67,624.62,618.78,613.16,608.00,603.57,598.68,592.86,586.89,581.71,578.57,576.34,574.33,572.43,570.85,569.87,569.24,568.62,567.74,566.87,565.97,565.08,564.21,563.36,562.46,561.60,560.77,560.07,559.77,557.13,555.00,555.00,555.00,555.00,555.00,555.00,555.00,555.00,555.00,555.00,555.00,555.00,555.00,555.00,555.00,555.00,555.00,555.00,555.00,555.00,555.00,555.00,555.00,555.00,555.00,555.00,555.00,555.00,555.00
872.34,868.04,862.83,858.34,855.78,853.27,851.12,849.07,847.17,845.72,844.17,842.62,841.22,840.25,839.89,840.75,842.19,843.73,844.91,845.85,846.88,848.15,849.75,851.46,852.83,853.56,853.32,852.22,850.96,848.96,846.18,843.38,841.13,838.72,836.26,834.14,832.13,829.42,825.59,820.56,815.47,810.50,805.53,800.08,793.43,787.89,782.34,776.42,770.61,767.25,763.84,760.41,757.31,754.98,752.47,749.81,747.38,745.72,744.05,742.22,740.29,738.49,737.46,738.12,740.66,744.64,749.31,755.43,764.40,773.08,778.62,784.47,789.96,794.94,799.41,803.50,807.39,811.42,815.49,818.96,820.31,820.44,819.91,818.58,815.68,812.53,808.57,803.91,799.59,797.30,796.18,795.16,793.43,791.20,788.11,784.66,781.06,777.28,773.41,769.58,765.73,762.06,760.12,759.35,758.98,758.65,758.34,757.99,757.64,757.24,756.60,755.89,755.14,754.38,753.64,752.96,752.50,752.17,751.94,751.71,751.58,751.97,752.77,753.57,753.77,754.74,756.25,757.98,759.94,763.17,766.97,771.46,777.48,782.80,787.54,792.25,797.34,802.38,806.99,811.26,815.23,818.96,821.63,823.94,826.20,828.44,830.45,831.71,832.43,832.79,833.04,832.98,831.89,829.57,826.31,823.14,819.56,815.13,808.89,799.84,793.16,787.82,782.66,776.79,770.76,764.99,759.38,753.34,746.01,739.88,734.95,730.65,725.38,720.05,715.42,711.37,706.85,701.79,697.52,693.71,689.67,685.79,682.30,679.20,676.55,674.35,672.86,671.96,671.47,670.95,668.56,664.22,658.65,652.55,647.18,642.32,636.85,630.64,624.51,618.64,613.02,607.86,603.35,598.28,592.22,586.03,580.70,577.57,575.31,573.26,571.40,570.12,569.44,568.95,568.37,567.58,566.71,565.81,564.93,564.06,563.20,562.33,561.48,560.69,560.06,559.77,557.13,555.00,555.00,555.00,555.00,555.00,555.00,555.00,555.00,555.00,555.00,555.00,555.00,555.00,555.00,555.00,555.00,555.00,555.00,555.00,555.00,555.00,555.00,555.00,555.00,555.00,555.00,555.00,555.00,555.00
869.98,865.32,860.66,856.80,854.16,851.55,849.10,846.76,844.67,843.18,841.69,840.17,838.73,837.56,836.57,837.06,838.48,840.25,841.44,842.33,843.46,844.99,846.98,849.22,850.84,851.69,851.78,851.61,850.63,849.07,846.95,844.23,842.07,839.92,837.73,835.63,833.50,831.34,828.09,823.22,817.98,813.01,807.99,802.59,796.44,790.65,784.68,778.32,771.91,767.44,763.65,759.24,754.30,750.65,748.34,746.41,744.55,742.75,740.95,738.70,736.25,734.19,733.83,735.95,739.48,743.97,749.47,756.12,765.30,773.96,779.32,785.06,790.31,795.02,799.24,803.13,806.82,810.57,814.27,817.45,819.37,819.72,818.99,817.29,814.75,811.81,807.77,803.00,798.89,795.83,793.51,791.54,789.53,786.93,783.84,780.68,777.55,774.23,770.72,767.45,764.15,760.64,759.61,759.16,758.78,758.41,758.09,757.77,757.43,757.05,756.65,755.97,755.21,754.46,753.77,753.14,752.80,752.55,752.31,752.07,752.02,752.54,753.48,754.40,754.89,755.74,757.05,758.88,761.28,764.84,769.16,774.18,779.96,784.93,789.75,794.52,799.14,803.61,808.01,812.17,815.96,819.38,821.88,824.13,826.41,828.72,830.66,831.89,832.66,833.16,833.59,833.58,833.03,831.47,828.02,824.85,821.79,817.81,811.28,801.85,795.05,789.51,784.08,778.39,772.58,766.80,761.00,754.85,747.55,740.85,735.45,731.24,725.73,720.25,715.56,711.49,706.97,701.91,697.48,693.60,689.80,685.52,681.06,676.84,673.21,670.44,668.96,668.35,668.19,667.84,666.18,662.70,657.87,652.22,647.09,642.00,636.53,630.59,624.38,618.46,612.84,607.62,602.89,597.56,591.42,585.16,579.62,576.10,573.60,571.57,570.06,569.51,569.08,568.63,568.11,567.43,566.54,565.66,564.78,563.88,563.03,562.23,561.45,560.69,560.06,559.77,557.13,555.00,555.00,555.00,555.00,555.00,555.00,555.00,555.00,555.00,555.00,555.00,555.00,555.00,555.00,555.00,555.00,555.00,555.00,555.00,555.00,555.00,555.00,555.00,555.00,555.00,555.00,555.00,555.00,555.00
867.26,862.62,858.49,854.96,851.98,849.27,846.63,844.19,842.11,840.53,838.99,837.46,836.04,834.81,833.60,833.32,834.00,835.48,836.84,837.97,839.51,841.54,843.89,846.35,848.32,849.62,850.17,850.40,849.74,848.47,846.75,844.64,842.74,840.78,838.72,836.59,834.43,832.37,829.61,825.50,820.28,815.25,810.20,804.92,799.18,793.29,787.09,780.37,773.30,767.94,763.56,758.16,751.99,748.23,745.78,743.78,741.74,739.36,736.88,734.38,732.19,730.85,731.28,734.07,738.17,743.25,749.57,756.77,765.86,774.21,779.44,784.98,790.08,794.66,798.73,802.47,805.91,809.31,812.58,815.38,817.27,817.72,817.13,815.67,813.46,810.65,806.72,802.11,798.19,794.78,791.27,787.86,784.91,782.33,779.76,777.10,774.30,771.37,768.64,765.91,763.01,760.08,759.35,758.97,758.59,758.21,757.85,757.53,757.18,756.82,756.49,755.96,755.30,754.57,753.92,753.48,753.20,752.94,752.60,752.20,752.28,753.01,754.12,755.09,755.88,756.69,757.87,759.80,762.81,766.53,771.19,776.63,782.10,786.99,791.60,796.11,800.55,804.82,808.96,812.87,816.45,819.68,822.13,824.37,826.63,828.88,830.69,831.90,832.74,833.35,833.89,834.02,833.73,832.54,829.44,826.34,823.36,819.63,813.52,804.25,797.07,791.02,785.19,779.35,773.65,767.98,762.26,756.29,749.54,742.52,736.55,732.17,726.55,720.74,715.82,711.70,707.06,701.99,697.54,693.66,689.81,684.93,679.89,675.11,670.87,667.50,665.64,664.89,664.75,664.55,663.42,660.68,656.64,651.59,646.57,641.47,636.13,630.36,623.87,618.12,612.67,607.44,602.42,596.86,590.69,584.57,579.21,575.50,572.35,570.38,569.48,569.10,568.71,568.30,567.84,567.25,566.39,565.51,564.62,563.75,562.94,562.20,561.44,560.69,560.06,559.77,557.13,555.00,555.00,555.00,555.00,555.00,555.00,555.00,555.00,555.00,555.00,555.00,555.00,555.00,555.00,555.00,555.00,555.00,555.00,555.00,555.00,555.00,555.00,555.00,555.00,555.00,555.00,555.00,555.00,555.00
864.61,860.10,856.36,853.00,849.72,846.91,844.13,841.53,839.30,837.70,836.15,834.68,833.32,832.16,830.94,829.91,829.70,830.62,832.04,833.34,835.27,837.85,840.68,843.40,845.63,847.24,848.12,848.65,848.43,847.56,846.21,844.69,843.06,841.26,839.32,837.22,835.11,833.09,830.75,827.45,822.30,817.20,812.13,806.98,801.58,795.72,789.41,782.34,774.60,768.46,763.53,757.27,750.13,746.46,743.75,741.29,738.70,735.72,732.87,730.39,728.59,727.92,729.07,732.52,737.15,742.71,749.64,757.21,766.13,774.18,779.31,784.59,789.55,794.01,797.95,801.54,804.76,807.85,810.78,813.27,814.95,815.39,815.00,813.88,811.97,809.23,805.45,801.09,797.29,793.65,789.03,784.29,780.68,778.21,776.10,773.91,771.51,768.98,766.93,764.66,762.14,759.85,759.22,758.85,758.46,758.08,757.69,757.36,757.00,756.61,756.28,755.90,755.35,754.69,754.08,753.75,753.46,753.11,752.65,752.12,752.34,753.27,754.54,755.63,756.71,757.57,758.77,760.94,764.43,768.33,773.26,778.98,784.20,789.02,793.38,797.57,801.82,805.94,809.82,813.47,816.85,819.96,822.38,824.60,826.79,828.91,830.62,831.84,832.74,833.44,834.09,834.37,834.22,833.25,830.56,827.52,824.49,820.85,815.21,806.29,798.83,792.32,786.13,780.05,774.40,768.88,763.33,757.58,751.39,744.29,737.91,733.19,727.54,721.34,716.12,711.90,707.16,702.05,697.62,693.72,689.65,684.32,678.97,673.86,669.15,665.20,662.80,661.76,661.58,661.47,660.64,658.51,655.23,650.85,645.87,640.81,635.66,630.07,623.31,617.68,612.41,607.22,601.96,596.21,590.06,584.09,578.82,574.71,571.24,569.49,569.11,568.74,568.34,567.95,567.54,567.03,566.24,565.34,564.47,563.66,562.89,562.18,561.44,560.69,560.05,559.76,557.13,555.00,555.00,555.00,555.00,555.00,555.00,555.00,555.00,555.00,555.00,555.00,555.00,555.00,555.00,555.00,555.00,555.00,555.00,555.00,555.00,555.00,555.00,555.00,555.00,555.00,555.00,555.00,555.00,555.00
862.40,858.09,854.33,850.91,847.69,844.72,841.85,838.77,835.87,834.40,833.16,831.87,830.69,829.86,828.92,827.49,826.42,826.39,827.48,828.57,830.62,833.69,837.31,840.65,842.83,844.12,844.91,845.82,846.39,846.28,845.41,844.05,842.56,840.94,839.21,837.34,835.42,833.53,831.53,828.79,823.72,818.55,813.46,808.41,803.25,797.68,791.40,784.01,775.57,768.85,763.63,756.87,749.02,745.20,742.08,738.68,735.06,731.74,729.66,727.87,726.28,725.47,727.03,731.68,737.04,742.71,749.63,757.07,765.85,773.81,778.88,783.81,788.60,792.90,796.63,800.12,803.20,806.14,808.97,811.43,812.81,813.08,812.73,811.85,810.17,807.41,803.78,799.70,795.79,791.98,786.46,781.09,778.06,775.71,773.46,771.51,769.83,767.77,765.81,763.79,761.74,759.95,759.31,758.91,758.52,758.14,757.75,757.38,756.97,756.54,756.16,755.73,755.28,754.79,754.23,753.74,753.22,752.67,752.12,751.67,751.99,753.02,754.44,755.81,757.17,758.33,759.95,762.62,766.13,770.40,775.55,781.23,786.43,791.04,795.26,799.22,803.02,806.82,810.49,813.97,817.21,820.23,822.63,824.76,826.79,828.70,830.42,831.68,832.63,833.39,834.18,834.53,834.41,833.50,831.07,827.99,824.84,821.07,815.44,807.11,799.76,793.13,786.77,780.48,774.81,769.44,764.10,758.46,752.49,745.83,739.52,734.27,728.68,722.07,716.46,712.09,707.29,702.13,697.69,693.63,689.16,683.85,678.67,673.53,668.46,664.01,660.87,659.43,659.19,659.02,658.07,656.24,653.62,649.95,644.96,639.94,635.06,629.77,622.84,617.10,611.91,606.85,601.57,595.68,589.67,583.72,577.97,572.79,570.20,569.12,568.75,568.41,567.98,567.58,567.18,566.73,566.03,565.19,564.39,563.66,562.89,562.18,561.44,560.67,559.99,559.75,557.13,555.00,555.00,555.00,555.00,555.00,555.00,555.00,555.00,555.00,555.00,555.00,555.00,555.00,555.00,555.00,555.00,555.00,555.00,555.00,555.00,555.00,555.00,555.00,555.00,555.00,555.00,555.00,555.00,555.00
860.45,856.21,852.37,848.84,845.63,842.57,839.28,835.71,832.49,831.25,830.49,829.66,828.80,828.03,826.87,825.19,823.60,822.73,823.33,824.17,826.18,829.43,833.44,837.07,839.22,840.52,841.64,842.98,844.11,844.69,844.48,843.29,841.95,840.48,838.89,837.14,835.35,833.56,831.75,829.30,824.39,819.32,814.28,809.28,804.27,798.80,792.35,784.70,776.10,769.12,763.72,756.76,748.62,744.28,740.33,736.06,731.96,729.08,727.18,725.53,723.97,723.12,725.08,730.20,736.27,742.53,749.10,756.30,764.82,772.54,777.50,782.25,787.06,791.38,794.99,798.28,801.27,804.10,806.77,809.16,810.46,810.76,810.46,809.62,807.94,805.27,801.91,798.10,794.15,790.07,784.39,779.00,776.02,773.64,771.61,770.10,768.96,767.27,765.38,763.47,761.68,760.30,759.62,759.18,758.79,758.41,758.02,757.63,757.21,756.75,756.33,755.79,755.14,754.40,753.64,753.24,752.73,752.17,751.61,751.23,751.63,752.73,754.20,755.71,757.26,758.83,760.93,763.94,767.37,772.13,777.58,783.21,788.35,792.85,796.96,800.78,804.29,807.67,811.03,814.36,817.55,820.38,822.62,824.63,826.55,828.42,830.17,831.47,832.43,833.22,834.08,834.43,834.32,833.47,831.14,827.95,824.63,820.57,814.57,806.77,799.77,793.39,787.25,780.88,775.20,769.89,764.68,759.30,753.48,747.01,740.74,735.25,729.80,722.80,716.78,712.24,707.42,702.25,697.73,693.59,689.07,683.84,678.75,673.47,668.04,663.64,660.23,658.15,657.20,656.89,655.82,654.24,651.93,648.35,643.35,638.64,634.12,629.03,622.00,616.28,611.09,605.94,600.57,594.80,589.04,583.17,577.17,571.65,569.59,568.80,568.32,567.95,567.55,567.16,566.77,566.36,565.84,565.11,564.37,563.66,562.89,562.15,561.42,560.67,559.98,559.75,557.13,555.00,555.00,555.00,555.00,555.00,555.00,555.00,555.00,555.00,555.00,555.00,555.00,555.00,555.00,555.00,555.00,555.00,555.00,555.00,555.00,555.00,555.00,555.00,555.00,555.00,555.00,555.00,555.00,555.00
858.66,854.44,850.47,846.81,843.52,840.24,836.40,832.49,829.33,828.36,828.07,827.76,827.26,826.44,824.88,823.12,821.26,819.72,819.67,820.24,822.07,825.19,829.25,832.94,835.13,836.63,838.29,840.11,841.75,842.95,843.38,842.42,841.23,839.91,838.44,836.77,835.08,833.39,831.68,829.37,824.64,819.75,814.80,809.81,804.83,799.34,792.59,784.72,776.25,769.29,763.68,756.68,748.58,743.55,738.63,733.61,729.37,727.18,725.16,723.36,721.68,720.82,723.07,728.28,734.99,742.03,748.12,754.92,762.96,770.32,775.25,779.93,784.87,789.35,793.01,796.11,799.01,801.75,804.34,806.65,807.98,808.39,808.16,807.26,805.48,802.97,799.91,796.38,792.41,788.01,782.60,777.55,774.36,771.91,770.29,769.28,768.52,767.15,765.33,763.49,761.91,760.85,760.10,759.58,759.17,758.78,758.39,758.00,757.57,757.09,756.55,755.86,754.88,753.75,752.69,752.38,751.98,751.51,751.06,750.78,751.29,752.39,753.84,755.41,757.17,759.23,761.81,765.04,768.40,773.72,779.47,784.97,790.00,794.48,798.50,802.17,805.46,808.42,811.48,814.68,817.83,820.47,822.49,824.36,826.22,828.11,829.90,831.21,832.17,832.95,833.83,834.16,834.05,833.22,830.84,827.49,823.94,819.49,812.95,805.77,799.28,793.36,787.64,781.34,775.68,770.37,765.23,760.12,754.33,747.98,741.76,736.21,730.88,723.57,717.20,712.44,707.56,702.37,697.77,693.59,689.23,684.18,679.19,673.66,667.79,663.64,660.24,657.50,655.62,654.99,653.80,652.36,650.09,646.27,641.35,637.06,632.86,627.89,620.91,615.28,610.01,604.70,599.23,593.70,588.24,582.44,576.29,570.95,569.22,568.52,567.89,567.43,567.07,566.71,566.32,565.95,565.61,565.02,564.34,563.64,562.87,562.10,561.38,560.66,559.98,559.74,557.12,555.00,555.00,555.00,555.00,555.00,555.00,555.00,555.00,555.00,555.00,555.00,555.00,555.00,555.00,555.00,555.00,555.00,555.00,555.00,555.00,555.00,555.00,555.00,555.00,555.00,555.00,555.00,555.00,555.00
857.00,852.84,848.76,844.87,841.14,836.86,832.74,829.38,827.13,826.30,826.00,825.82,825.50,824.75,823.37,821.88,820.18,818.41,817.41,817.71,819.02,821.28,824.73,828.34,830.69,832.49,834.56,837.10,839.56,841.22,841.78,841.35,840.38,839.18,837.86,836.44,834.86,833.23,831.56,829.29,824.74,819.94,815.05,810.04,804.86,799.19,792.04,783.93,775.76,769.24,763.08,756.01,748.46,743.01,737.37,732.13,727.95,725.61,723.55,721.55,719.59,718.44,720.52,725.83,732.94,740.40,746.26,752.11,758.98,765.75,771.13,775.86,780.98,785.90,790.16,793.42,796.05,798.84,801.67,803.94,805.26,805.81,805.68,804.74,802.99,800.64,797.81,794.48,790.53,785.93,780.95,776.38,773.05,770.73,769.52,768.80,768.15,767.08,765.33,763.78,762.63,761.71,760.85,760.11,759.54,759.15,758.77,758.34,757.87,757.25,756.34,755.35,754.25,753.07,751.89,751.06,750.52,750.24,750.22,750.29,750.97,751.94,753.15,754.84,757.13,759.76,762.68,765.98,769.58,775.51,781.30,786.26,791.17,795.76,799.63,802.93,805.91,808.78,811.81,814.91,817.92,820.49,822.44,824.24,826.04,827.81,829.55,830.90,831.87,832.53,833.33,833.63,833.54,832.64,829.78,826.17,822.28,817.34,810.50,804.35,798.66,793.26,787.95,782.21,776.71,771.40,766.19,760.93,754.90,748.79,742.89,737.31,731.73,724.51,718.10,713.00,707.80,702.47,697.83,693.68,689.54,685.09,680.34,674.40,667.65,663.43,660.06,657.28,655.06,653.44,652.12,650.34,647.64,643.73,639.33,635.32,631.00,625.84,619.54,613.95,608.55,603.13,597.73,592.50,587.18,581.28,575.01,570.52,568.98,568.26,567.58,566.99,566.55,566.16,565.79,565.45,565.14,564.74,564.19,563.52,562.76,562.03,561.32,560.62,559.96,559.69,557.10,555.00,555.00,555.00,555.00,555.00,555.00,555.00,555.00,555.00,555.00,555.00,555.00,555.00,555.00,555.00,555.00,555.00,555.00,555.00,555.00,555.00,555.00,555.00,555.00,555.00,555.00,555.00,555.00,555.00
855.24,851.18,846.95,842.73,838.56,833.68,829.50,826.60,825.00,824.22,823.93,823.88,823.77,823.21,822.11,820.75,819.09,817.19,815.50,815.47,816.36,818.00,820.81,823.90,826.29,828.46,831.05,834.13,837.03,839.02,839.89,840.02,839.36,838.32,837.12,835.87,834.46,832.96,831.29,828.95,824.54,819.82,814.95,809.87,804.34,798.35,790.75,782.53,774.87,768.30,761.89,755.14,748.33,742.61,736.50,731.16,727.00,724.31,721.99,719.70,717.48,716.17,718.38,723.47,730.34,737.77,743.88,748.91,754.28,760.02,765.71,770.56,775.96,781.23,785.85,789.54,792.57,795.65,798.67,801.00,802.51,803.20,803.12,802.20,800.54,798.32,795.68,792.52,788.57,783.89,779.31,775.14,771.76,769.88,769.00,768.40,767.80,766.97,765.54,764.34,763.45,762.59,761.68,760.80,760.08,759.56,759.14,758.55,757.88,757.06,755.91,754.75,753.60,752.40,751.15,749.77,748.90,748.64,748.87,749.11,749.83,750.69,751.78,753.63,756.70,760.09,763.48,766.94,770.90,777.04,782.69,787.30,792.06,796.72,800.44,803.47,806.24,809.05,812.03,815.02,817.87,820.36,822.26,824.01,825.75,827.45,829.13,830.53,831.52,832.10,832.76,833.04,832.84,831.69,828.54,824.69,820.26,814.94,808.53,803.33,798.33,793.40,788.48,783.31,778.13,772.74,767.21,761.67,755.24,749.21,743.67,738.33,732.53,725.52,719.09,713.67,708.21,702.72,698.04,693.92,689.91,685.83,681.35,675.11,667.52,663.23,659.83,657.00,654.51,652.16,650.34,647.93,644.74,640.86,636.94,633.11,628.75,623.60,617.77,612.20,606.68,601.26,596.12,591.13,585.93,579.88,573.52,570.08,568.77,568.04,567.35,566.67,566.11,565.65,565.27,564.99,564.67,564.36,563.95,563.37,562.63,561.92,561.23,560.55,559.95,559.67,557.74,555.81,555.06,555.00,555.00,555.00,555.00,555.00,555.00,555.00,555.00,555.00,555.00,555.00,555.00,555.00,555.00,555.00,555.00,555.00,555.00,555.00,555.00,555.00,555.00,555.00,555.00,555.00,555.00,555.00
853.30,849.37,844.95,840.35,835.75,830.93,826.92,824.21,822.78,821.97,821.75,821.91,822.10,821.86,821.04,819.55,817.75,815.78,813.80,813.36,814.00,815.43,817.68,819.84,822.06,824.65,827.88,831.28,834.08,836.26,837.75,838.37,838.12,837.29,836.19,835.02,833.82,832.52,830.85,828.30,823.96,819.34,814.49,809.25,803.25,796.77,788.71,780.54,773.58,766.30,760.06,754.13,748.18,742.37,736.05,730.65,726.42,723.29,720.40,717.73,715.30,714.05,716.80,721.30,727.22,734.10,740.91,745.46,749.15,753.41,759.02,764.04,769.83,775.28,779.96,784.31,788.52,792.19,795.28,797.82,799.76,800.60,800.56,799.69,798.16,796.05,793.54,790.52,786.53,781.94,777.66,773.74,770.44,769.35,768.67,768.06,767.44,766.78,765.97,765.12,764.27,763.43,762.52,761.66,760.81,760.02,759.49,758.60,757.56,756.45,755.29,754.13,752.97,751.78,750.44,748.60,747.24,746.70,746.92,747.11,747.68,748.49,749.65,751.72,755.78,760.13,764.16,767.90,772.35,778.16,783.53,788.10,792.69,797.33,800.93,803.82,806.53,809.25,812.14,814.99,817.66,820.05,821.90,823.61,825.31,827.00,828.64,830.06,831.10,831.69,832.19,832.42,831.93,830.36,827.20,823.15,818.05,812.52,807.36,802.94,798.40,793.85,789.33,784.62,779.93,774.37,768.23,762.34,755.34,749.21,744.00,739.20,733.27,726.53,720.15,714.41,708.86,703.18,698.41,694.31,690.35,686.29,682.07,675.66,667.40,663.11,659.60,656.57,653.84,651.15,648.38,645.03,641.37,637.66,634.08,630.30,626.09,621.23,615.54,609.96,604.38,599.07,594.40,589.60,584.45,578.26,571.85,569.60,568.58,567.85,567.15,566.46,565.78,565.21,564.79,564.54,564.24,563.93,563.60,563.18,562.50,561.81,561.11,560.45,559.94,559.67,559.13,557.55,555.19,555.00,555.00,555.00,555.00,555.00,555.00,555.00,555.00,555.00,555.00,555.00,555.00,555.00,555.00,555.00,555.00,555.00,555.00,555.00,555.00,555.00,555.00,555.00,555.00,555.00,555.00,555.00
850.91,846.98,842.49,837.70,832.92,828.40,824.48,821.70,820.13,819.25,819.16,819.50,819.86,819.75,819.04,817.59,815.80,813.87,812.00,811.19,811.56,812.88,814.83,816.73,818.88,821.63,825.21,828.87,831.81,834.09,835.66,836.38,836.42,836.03,835.27,834.11,832.99,831.85,830.21,827.54,823.48,818.88,813.94,808.53,802.22,795.23,786.85,778.83,772.40,764.61,758.54,753.17,747.80,742.06,735.75,730.10,725.52,722.13,718.57,715.38,712.79,711.76,714.61,719.07,724.47,730.54,736.90,742.04,745.61,748.96,753.30,757.89,763.26,769.27,775.27,779.64,784.02,788.19,791.95,794.93,797.13,798.30,798.44,797.50,796.02,794.04,791.60,788.58,784.65,780.34,776.16,772.46,769.79,768.89,768.21,767.51,766.82,766.16,765.61,764.99,764.29,763.56,762.83,762.16,761.40,760.48,759.52,758.40,757.22,756.01,754.78,753.57,752.37,751.09,749.54,747.41,745.60,744.70,744.81,745.10,745.72,746.64,747.96,750.26,754.95,759.80,764.20,768.25,773.11,778.70,783.82,788.32,792.88,797.53,801.10,803.94,806.64,809.34,812.07,814.74,817.28,819.65,821.49,823.16,824.81,826.43,828.05,829.51,830.63,831.26,831.72,831.73,831.01,829.24,825.95,822.21,817.37,812.10,807.36,803.29,799.13,794.90,790.59,786.00,781.27,775.49,769.04,762.89,755.71,749.52,744.34,739.64,733.95,727.43,721.14,715.41,709.81,703.85,698.87,694.72,690.91,687.13,682.84,676.09,667.45,663.17,659.62,656.40,653.37,650.17,646.04,641.91,637.99,634.28,630.73,627.05,623.05,618.49,612.95,607.55,602.24,597.22,592.74,587.99,582.73,576.63,570.76,569.21,568.31,567.54,566.81,566.07,565.30,564.68,564.24,564.01,563.74,563.47,563.19,562.83,562.34,561.68,560.99,560.35,559.88,559.62,559.38,557.88,555.21,555.00,555.00,555.00,555.00,555.00,555.00,555.00,555.00,555.00,555.00,555.00,555.00,555.00,555.00,555.00,555.00,555.00,555.00,555.00,555.00,555.00,555.00,555.00,555.00,555.00,555.00,555.00
848.18,844.21,839.67,834.77,829.89,825.63,821.95,819.19,817.44,816.47,816.36,816.72,817.11,817.09,816.51,815.23,813.58,811.80,810.23,809.15,809.24,810.39,812.10,813.92,816.03,818.89,822.81,826.61,829.66,832.03,833.63,834.30,834.62,834.66,834.28,833.22,832.16,831.12,829.44,826.64,822.88,818.25,813.14,807.55,801.04,793.63,785.21,777.50,771.42,763.28,757.35,752.36,747.35,741.62,735.46,729.61,724.63,720.97,716.75,713.08,710.38,709.54,712.25,716.72,721.81,727.13,732.64,738.19,742.15,745.19,748.32,752.25,757.05,763.33,770.40,775.23,779.61,784.15,788.59,792.11,794.55,796.10,796.46,795.46,794.01,792.12,789.68,786.62,782.83,778.72,774.61,771.19,769.28,768.40,767.64,766.88,766.13,765.43,765.01,764.54,763.98,763.38,762.83,762.33,761.71,760.75,759.40,758.08,756.79,755.49,754.19,752.95,751.69,750.23,748.33,746.00,743.88,742.66,742.56,743.08,743.85,744.97,746.53,748.91,753.55,758.81,763.70,768.08,773.39,778.85,783.80,788.28,792.88,797.54,801.11,803.95,806.65,809.35,811.90,814.37,816.78,819.14,821.00,822.68,824.27,825.82,827.39,828.88,830.06,830.75,831.17,830.95,830.03,828.18,824.98,821.62,817.20,812.31,807.87,804.01,800.17,796.21,792.03,787.49,782.37,776.25,769.60,763.28,756.01,749.78,744.59,739.93,734.53,728.36,722.32,716.66,711.01,704.84,699.61,695.33,691.65,688.09,683.59,676.50,667.62,663.36,659.78,656.41,653.12,649.43,643.91,639.10,635.00,631.19,627.57,623.88,619.96,615.57,610.25,605.11,600.11,595.33,590.91,586.17,580.75,574.94,569.91,568.77,567.94,567.13,566.35,565.57,564.74,564.10,563.67,563.42,563.19,562.96,562.70,562.40,562.08,561.51,560.84,560.22,559.80,559.56,559.34,557.86,555.21,555.00,555.00,555.00,555.00,555.00,555.00,555.00,555.00,555.00,555.00,555.00,555.00,555.00,555.00,555.00,555.00,555.00,555.00,555.00,555.00,555.00,555.00,555.00,555.00,555.00,555.00,555.00
844.78,840.75,836.12,831.17,826.27,821.94,819.04,816.77,814.93,813.82,813.23,813.15,813.32,813.35,813.15,812.31,811.09,809.75,808.63,807.57,807.36,808.06,809.46,811.19,813.32,816.43,820.84,824.49,827.37,829.82,831.66,832.29,832.86,833.21,833.15,832.43,831.51,830.43,828.52,825.42,821.88,817.08,811.65,805.84,799.40,791.88,784.09,777.06,770.98,762.79,756.95,752.00,746.85,740.85,735.09,729.31,724.02,719.94,715.12,711.27,708.59,707.68,709.87,714.08,719.07,724.10,728.44,733.05,737.64,741.67,744.73,747.85,752.28,757.68,763.99,771.11,775.86,780.44,785.13,789.16,792.05,793.93,794.50,793.58,792.14,790.25,787.69,784.53,781.06,776.78,772.77,769.85,768.61,767.69,766.89,766.15,765.43,764.70,764.35,763.92,763.37,762.82,762.27,761.75,761.20,760.48,759.09,757.58,756.04,754.57,753.32,752.08,750.69,748.85,746.30,743.89,741.94,740.52,739.99,741.04,742.08,743.59,745.49,747.51,750.31,756.04,762.09,766.87,772.76,778.32,783.32,787.94,792.65,797.22,800.86,803.83,806.53,809.17,811.58,813.85,816.11,818.41,820.38,822.12,823.70,825.18,826.63,828.01,829.20,830.01,830.28,829.94,828.85,827.05,824.80,821.61,817.31,812.77,808.92,805.23,801.63,797.85,793.73,789.21,783.04,776.29,769.61,763.27,755.82,749.60,744.55,740.11,734.84,729.50,724.07,718.50,712.78,706.71,701.18,696.52,692.85,689.04,684.26,676.96,668.00,663.78,660.17,656.76,653.38,649.43,642.74,637.44,633.22,629.18,625.36,621.33,617.03,612.44,607.52,602.78,597.90,593.05,588.50,583.75,578.22,573.03,569.34,568.13,567.29,566.48,565.66,564.89,564.10,563.48,563.02,562.74,562.50,562.27,562.03,561.78,561.53,561.20,560.66,560.05,559.68,559.53,559.34,557.86,555.21,555.00,555.00,555.00,555.00,555.00,555.00,555.00,555.00,555.00,555.00,555.00,555.00,555.00,555.00,555.00,555.00,555.00,555.00,555.00,555.00,555.00,555.00,555.00,555.00,555.00,555.00,555.00
840.91,836.82,832.17,827.31,822.61,818.61,816.13,814.12,812.29,811.09,810.25,809.90,809.87,809.93,809.87,809.31,808.38,807.27,806.39,805.54,805.25,805.64,806.82,808.50,810.69,813.95,818.53,822.28,825.15,827.66,829.71,830.63,831.35,831.78,831.85,831.42,830.62,829.28,827.16,824.19,821.04,816.06,810.40,804.48,798.06,790.82,783.50,776.83,770.76,762.51,756.60,751.46,746.05,740.02,734.54,728.95,723.50,718.73,713.56,709.79,707.11,705.75,707.21,710.88,715.76,720.86,724.89,728.71,732.77,736.69,740.03,743.29,747.79,753.05,759.14,766.65,771.89,776.90,781.93,786.19,789.60,791.86,792.68,791.84,790.29,788.28,785.71,782.62,779.11,774.83,771.30,768.97,768.00,767.04,766.18,765.41,764.70,763.96,763.65,763.27,762.76,762.25,761.72,761.18,760.60,759.84,758.46,756.93,755.37,753.85,752.46,751.15,749.37,747.01,744.01,740.77,737.74,735.63,735.12,736.80,739.29,741.76,743.96,745.72,746.87,751.57,758.24,765.23,771.69,777.26,782.32,787.15,791.92,796.33,800.06,803.25,806.09,808.88,811.25,813.43,815.56,817.76,819.73,821.42,822.92,824.32,825.69,826.95,828.07,828.89,829.12,828.79,827.63,825.80,823.89,821.28,817.65,813.66,810.06,806.46,802.99,799.38,795.39,790.76,783.93,776.60,769.62,763.36,756.10,750.05,745.08,740.63,735.64,730.84,725.84,720.56,715.21,709.22,703.34,698.22,694.43,690.62,685.59,677.88,668.54,664.34,660.44,656.93,653.66,649.63,642.54,637.01,632.64,628.35,624.09,619.67,615.13,610.51,605.97,601.47,596.25,590.89,586.23,581.38,575.80,571.25,568.83,567.65,566.72,565.85,565.01,564.21,563.43,562.83,562.39,562.10,561.86,561.63,561.39,561.16,560.90,560.66,560.28,559.84,559.52,559.41,559.26,557.83,555.21,555.00,555.00,555.00,555.00,555.00,555.00,555.00,555.00,555.00,555.00,555.00,555.00,555.00,555.00,555.00,555.00,555.00,555.00,555.00,555.00,555.00,555.00,555.00,555.00,555.00,555.00,555.00
836.75,832.61,828.02,823.37,819.02,815.48,813.17,811.28,809.56,808.27,807.36,806.86,806.67,806.72,806.64,806.27,805.55,804.57,803.83,803.29,803.04,803.22,804.18,805.78,808.07,811.41,815.98,819.97,822.98,825.55,827.74,829.10,829.92,830.31,830.43,830.26,829.55,827.91,825.68,823.08,820.32,815.15,809.36,803.43,797.01,790.21,783.23,776.72,770.67,762.34,756.25,750.82,745.10,739.14,733.85,728.48,722.96,717.46,712.11,708.54,705.82,703.85,704.39,707.40,712.04,717.29,721.57,724.94,728.01,731.25,734.94,738.77,743.55,749.06,755.28,762.14,767.86,773.45,778.86,783.36,787.21,789.79,790.81,790.07,788.38,786.21,783.71,780.79,777.10,772.98,770.10,768.36,767.39,766.43,765.50,764.67,763.95,763.23,762.94,762.61,762.15,761.67,761.14,760.58,759.90,758.97,757.63,756.17,754.70,753.19,751.62,750.02,747.66,744.69,741.23,736.90,732.45,729.61,729.37,731.66,735.85,739.44,741.96,743.53,743.35,746.23,753.05,762.97,770.09,775.72,780.89,785.95,790.85,795.11,798.93,802.37,805.44,808.45,810.90,813.05,815.07,817.13,819.02,820.62,822.01,823.33,824.64,825.80,826.80,827.52,827.79,827.55,826.41,824.51,822.64,820.76,817.99,814.63,811.14,807.63,804.27,800.83,797.00,792.20,785.05,777.25,769.87,763.68,756.80,751.01,746.06,741.49,736.82,732.31,727.62,722.74,717.96,712.11,705.91,700.33,696.26,692.55,687.41,679.35,669.52,665.07,660.75,656.87,653.44,649.67,642.90,637.40,632.88,628.35,623.55,618.74,614.02,609.48,605.21,600.80,595.02,588.95,584.17,579.17,573.63,569.72,568.38,567.26,566.21,565.25,564.38,563.54,562.75,562.18,561.77,561.48,561.23,561.00,560.78,560.55,560.27,560.04,559.83,559.60,559.32,559.22,559.13,557.77,555.20,555.00,555.00,555.00,555.00,555.00,555.00,555.00,555.00,555.00,555.00,555.00,555.00,555.00,555.00,555.00,555.00,555.00,555.00,555.00,555.00,555.00,555.00,555.00,555.00,555.00,555.00,555.00
832.52,828.37,823.99,819.74,815.90,812.38,810.01,808.24,806.74,805.33,804.50,803.97,803.68,803.64,803.48,803.17,802.65,801.98,801.59,801.30,801.11,801.11,801.60,802.92,805.30,808.73,813.15,817.35,820.88,823.60,825.59,827.23,828.14,828.68,828.99,828.94,828.28,826.75,824.83,822.64,819.73,814.50,808.75,802.95,796.63,789.88,783.04,776.64,770.55,762.16,755.86,750.14,744.23,738.27,732.96,727.58,722.03,716.47,711.07,707.48,704.74,702.43,701.60,703.99,707.96,712.63,717.51,721.68,724.99,727.98,731.23,735.06,739.86,745.47,751.79,758.36,764.19,769.88,775.67,781.27,785.09,787.39,788.31,787.72,786.07,783.92,781.58,778.90,775.34,771.62,769.21,767.70,766.56,765.80,764.89,763.99,763.22,762.52,762.22,761.92,761.52,761.00,760.51,759.81,758.97,757.95,756.69,755.30,753.85,752.37,750.72,747.99,744.87,741.17,736.53,732.07,728.42,726.16,725.99,728.59,732.15,735.84,738.96,740.39,739.98,741.55,747.65,758.60,766.92,773.17,778.65,783.99,789.51,793.87,797.80,801.42,804.60,807.72,810.33,812.53,814.43,816.27,818.08,819.65,821.02,822.33,823.55,824.68,825.56,826.07,826.35,826.20,825.19,823.49,821.89,820.14,817.65,814.68,811.65,808.51,805.34,802.12,798.52,793.58,786.69,778.95,771.34,764.90,758.34,752.76,747.83,743.13,738.49,733.92,729.34,724.81,720.41,714.97,708.95,703.10,698.27,694.44,689.82,682.34,672.45,666.27,661.64,656.09,650.64,648.27,643.30,638.38,633.76,629.13,624.02,618.84,613.97,609.47,605.08,600.48,594.32,587.81,582.77,577.58,572.56,569.21,568.03,566.86,565.79,564.78,563.80,562.91,562.08,561.52,561.15,560.84,560.56,560.36,560.19,560.06,559.90,559.76,559.59,559.37,559.13,559.03,558.95,557.65,555.20,555.00,555.00,555.00,555.00,555.00,555.00,555.00,555.00,555.00,555.00,555.00,555.00,555.00,555.00,555.00,555.00,555.00,555.00,555.00,555.00,555.00,555.00,555.00,555.00,555.00,555.00,555.00
827.61,823.67,819.64,815.81,812.39,809.09,806.66,804.94,803.65,802.33,801.58,801.08,800.77,800.66,800.45,800.18,799.82,799.42,799.24,799.07,798.93,798.87,799.08,800.20,802.45,805.81,810.25,814.70,818.60,821.53,823.53,825.29,826.28,826.92,827.36,827.50,826.94,825.55,823.88,821.99,819.05,813.91,808.28,802.60,796.39,789.44,782.64,776.39,770.34,761.93,755.44,749.36,743.07,737.24,732.02,726.72,721.22,715.64,710.23,706.35,703.33,700.82,699.18,701.04,704.33,708.27,713.03,717.72,721.80,725.27,728.37,732.22,737.10,742.76,749.00,755.22,761.13,766.75,772.49,778.65,782.80,784.92,785.63,785.12,783.60,781.61,779.49,777.11,773.94,770.65,768.45,766.98,765.74,764.97,764.14,763.29,762.50,761.81,761.48,761.22,760.85,760.27,759.68,758.87,757.93,756.89,755.71,754.37,752.97,751.39,749.25,745.57,741.73,737.44,732.25,728.08,725.05,723.12,722.85,725.49,728.68,732.39,735.79,737.28,737.34,738.45,743.65,754.10,763.59,770.21,775.78,781.32,787.29,792.20,796.40,800.13,803.47,806.76,809.63,811.94,813.73,815.44,817.13,818.65,820.02,821.30,822.46,823.49,824.23,824.60,824.96,824.94,824.14,822.69,821.28,819.56,817.23,814.59,811.96,809.19,806.21,803.14,799.71,794.86,788.60,781.08,773.30,766.80,760.49,755.03,750.08,745.34,740.72,736.03,731.32,726.75,722.56,717.60,711.87,705.89,700.44,696.20,691.83,684.70,674.70,667.18,662.39,655.74,648.75,646.93,643.41,639.19,634.72,630.02,624.63,619.19,614.22,609.73,605.18,600.30,593.88,587.11,581.75,576.40,571.86,568.90,567.67,566.42,565.32,564.26,563.24,562.32,561.43,560.88,560.55,560.30,560.05,559.89,559.78,559.70,559.61,559.53,559.37,559.15,558.94,558.85,558.76,557.53,555.19,555.00,555.00,555.00,555.00,555.00,555.00,555.00,555.00,555.00,555.00,555.00,555.00,555.00,555.00,555.00,555.00,555.00,555.00,555.00,555.00,555.00,555.00,555.00,555.00,555.00,555.00,555.00
821.75,818.33,814.79,811.34,808.26,805.50,803.07,801.34,800.25,799.27,798.58,798.14,797.90,797.81,797.59,797.36,797.10,796.85,796.68,796.48,796.37,796.39,796.65,797.73,799.57,802.62,807.28,812.04,816.06,819.25,821.61,823.32,824.38,825.02,825.51,825.88,825.57,824.30,822.69,820.92,818.18,813.37,807.93,802.31,796.16,788.80,781.94,775.87,769.97,761.60,755.00,748.43,741.51,736.01,731.05,725.99,720.63,714.98,709.59,705.09,701.48,698.87,697.27,698.71,701.42,704.60,708.23,712.77,718.06,722.89,726.38,730.45,735.53,741.18,747.10,752.79,758.83,764.21,769.36,775.13,780.17,782.37,782.84,782.31,781.01,779.35,777.51,775.48,772.98,770.13,767.84,766.16,764.97,763.89,763.16,762.51,761.78,761.05,760.70,760.45,760.09,759.41,758.58,757.72,756.80,755.78,754.69,753.41,752.04,750.21,746.96,742.81,738.35,733.68,728.98,725.43,722.35,720.11,719.55,721.95,725.61,729.43,732.66,734.47,735.69,737.38,741.58,749.84,760.35,766.85,772.19,777.80,783.90,789.89,794.58,798.38,801.97,805.54,808.76,811.26,812.98,814.67,816.22,817.66,819.01,820.23,821.35,822.21,822.79,823.15,823.63,823.82,823.30,822.12,820.76,819.01,816.84,814.47,812.10,809.64,806.82,803.81,800.45,796.01,790.74,783.60,775.68,769.44,763.30,757.81,752.82,748.14,743.62,738.81,733.66,728.55,724.36,719.89,714.48,708.52,702.76,697.78,693.14,685.89,675.61,667.61,662.87,656.12,648.64,646.04,643.13,639.67,635.65,630.90,625.22,619.67,614.65,610.13,605.46,600.26,593.73,586.86,581.12,575.68,571.43,568.66,567.29,565.93,564.75,563.67,562.67,561.74,560.84,560.27,559.99,559.88,559.77,559.68,559.60,559.50,559.37,559.28,559.15,558.97,558.75,558.66,558.58,557.42,555.23,555.01,555.00,555.00,555.00,555.00,555.00,555.00,555.00,555.00,555.00,555.00,555.00,555.00,555.00,555.00,555.00,555.00,555.00,555.00,555.00,555.00,555.00,555.00,555.00,555.00,555.00,555.00
815.26,812.36,809.36,806.35,803.58,801.36,799.29,797.83,796.97,796.11,795.48,795.18,795.09,795.04,794.90,794.69,794.45,794.20,794.08,793.93,793.84,793.87,794.21,795.40,797.26,800.07,804.18,808.78,812.93,816.41,819.20,821.38,822.48,823.21,823.87,824.44,824.50,823.44,821.96,820.12,816.89,812.55,807.51,801.82,795.14,787.69,780.97,774.93,768.88,760.88,754.32,747.41,740.13,734.99,730.12,725.18,719.97,714.34,708.97,704.03,700.04,697.30,695.38,696.67,699.28,702.30,705.49,709.26,714.42,719.97,724.84,729.17,734.53,740.23,745.67,750.40,756.44,761.92,766.77,771.69,776.79,779.13,779.82,779.67,778.70,777.39,775.80,773.94,771.80,769.42,767.34,765.55,764.03,762.86,762.09,761.43,760.72,759.82,759.13,758.62,758.25,757.97,757.30,756.47,755.58,754.66,753.63,752.47,750.89,748.39,744.09,739.44,734.75,730.33,726.52,723.28,719.69,716.88,716.16,719.13,722.97,727.08,730.72,732.88,734.65,736.59,739.68,745.57,756.29,762.65,767.85,773.59,780.12,786.50,791.78,796.19,800.07,803.84,807.36,810.19,812.15,813.75,815.24,816.62,817.90,819.08,820.18,821.00,821.59,822.02,822.44,822.59,822.21,821.27,819.96,818.27,816.36,814.28,812.02,809.64,806.91,804.02,800.90,797.02,792.45,785.89,778.29,771.92,765.87,760.30,755.25,750.74,746.25,741.50,736.35,731.04,726.31,721.76,716.39,710.42,704.41,698.95,693.99,686.74,676.55,667.97,663.24,656.54,648.97,646.22,643.45,640.26,636.48,631.85,626.32,620.53,615.17,610.34,605.46,600.09,593.51,586.62,580.69,575.15,571.08,568.44,567.01,565.59,564.31,563.10,561.94,560.98,560.31,559.95,559.77,559.69,559.57,559.49,559.41,559.32,559.17,559.04,558.93,558.78,558.57,558.47,558.39,557.78,556.44,555.26,555.00,555.00,555.00,555.00,555.00,555.00,555.00,555.00,555.00,555.00,555.00,555.00,555.00,555.00,555.00,555.00,555.00,555.00,555.00,555.00,555.00,555.00,555.00,555.00,555.00,555.00
808.90,806.43,803.89,801.31,798.85,797.06,795.42,794.28,793.61,792.85,792.28,792.12,792.17,792.18,792.16,792.00,791.75,791.49,791.41,791.33,791.27,791.33,791.78,793.11,795.20,797.93,801.41,805.61,809.69,813.32,816.44,819.10,820.42,821.43,822.35,823.03,823.38,822.62,821.26,819.27,815.59,811.64,806.93,801.12,793.86,786.48,779.92,773.85,767.57,760.06,753.53,746.40,738.94,734.07,729.25,724.41,719.34,713.71,708.24,703.01,698.71,695.76,693.45,694.59,697.23,700.36,703.49,706.56,711.10,716.97,723.41,728.00,733.56,739.29,744.36,748.19,753.81,759.43,764.35,768.45,773.23,775.73,776.78,777.04,776.46,775.49,774.13,772.43,770.52,768.55,766.71,764.88,763.04,761.79,760.79,759.90,759.05,757.97,756.98,756.28,756.00,756.23,755.90,755.15,754.32,753.52,752.55,751.40,749.40,746.06,740.99,735.98,731.37,727.42,724.35,721.09,716.90,713.55,712.74,716.17,720.29,724.78,728.96,731.63,733.77,735.84,738.07,741.97,752.16,758.26,763.25,768.96,775.93,782.66,788.75,793.96,798.03,801.88,805.64,808.88,811.26,812.80,814.23,815.55,816.77,817.92,818.99,819.81,820.44,820.95,821.26,821.33,821.02,820.28,819.06,817.49,815.80,813.95,811.80,809.46,806.83,804.09,801.21,797.82,793.78,787.87,780.77,774.28,768.24,762.54,757.41,753.03,748.57,743.95,738.95,733.58,728.18,723.35,717.90,711.86,705.63,699.85,694.59,687.20,677.02,668.18,663.53,657.15,649.84,646.79,643.94,640.86,637.25,632.78,627.52,621.48,615.69,610.46,605.38,599.88,593.31,586.41,580.38,574.74,570.79,568.25,566.77,565.30,563.93,562.55,561.25,560.29,559.88,559.73,559.64,559.54,559.41,559.31,559.23,559.13,558.98,558.82,558.71,558.58,558.38,558.28,558.20,558.12,557.60,555.50,555.00,555.00,555.00,555.00,555.00,555.00,555.00,555.00,555.00,555.00,555.00,555.00,555.00,555.00,555.00,555.00,555.00,555.00,555.00,555.00,555.00,555.00,555.00,555.00,555.00,555.00
803.52,801.16,798.84,796.60,794.50,792.76,791.42,790.46,789.83,789.33,788.89,788.76,788.83,788.91,789.11,789.09,788.89,788.64,788.60,788.53,788.55,788.75,789.34,790.81,793.39,796.52,799.82,803.29,806.67,809.92,812.97,815.70,817.85,819.65,820.99,821.55,821.90,821.51,820.26,817.97,814.66,810.71,805.92,799.99,792.46,785.35,778.93,772.73,766.26,759.23,752.62,745.45,738.16,733.28,728.52,723.81,718.82,713.10,707.21,701.90,697.40,693.91,691.41,692.07,694.69,698.30,701.92,705.17,708.75,714.15,721.95,726.74,732.14,737.83,743.00,746.53,750.46,756.08,761.99,765.80,769.76,772.45,773.93,774.34,774.23,773.49,772.36,770.90,769.09,767.31,765.57,763.83,762.09,760.52,758.85,757.22,755.74,754.55,753.65,753.24,753.38,754.06,754.20,753.73,753.03,752.28,751.39,749.95,747.03,742.65,737.62,732.74,728.80,725.53,722.35,718.33,713.60,710.09,709.27,712.12,717.03,722.08,726.64,730.42,732.85,735.01,737.20,740.57,748.58,753.99,758.51,763.65,770.80,778.45,785.87,792.02,795.91,799.57,803.39,807.13,810.29,811.90,813.19,814.43,815.65,816.79,817.78,818.56,819.22,819.76,820.03,820.04,819.76,819.13,818.06,816.71,815.09,813.27,811.31,809.12,806.66,804.09,801.35,798.07,794.25,788.98,782.68,776.44,770.17,764.29,759.06,754.57,750.14,745.67,740.91,735.62,729.64,724.47,718.77,712.50,706.11,700.25,694.77,686.75,675.90,667.97,663.62,658.35,652.08,647.57,644.41,641.40,637.91,633.58,628.62,622.37,616.12,610.46,605.31,599.69,593.11,586.29,580.25,574.57,570.63,568.10,566.58,565.06,563.56,562.09,560.79,560.01,559.72,559.60,559.50,559.37,559.27,559.14,559.03,558.94,558.79,558.63,558.50,558.35,558.19,558.10,558.02,557.94,557.47,555.47,555.00,555.00,555.00,555.00,555.00,555.00,555.00,555.00,555.00,555.00,555.00,555.00,555.00,555.00,555.00,555.00,555.00,555.00,555.00,555.00,555.00,555.00,555.00,555.00,555.00,555.00
798.51,796.27,794.15,792.21,790.42,788.85,787.65,786.76,786.12,785.63,785.11,784.89,784.97,785.27,785.65,785.88,785.86,785.66,785.64,785.60,785.73,786.13,787.03,788.67,791.13,794.03,797.12,800.17,803.19,806.19,809.14,811.91,814.42,816.73,818.58,819.50,820.30,820.22,819.05,816.70,813.64,809.73,804.86,798.88,791.50,784.61,778.08,771.65,765.13,758.41,751.73,744.58,737.54,732.60,727.91,723.29,718.35,712.53,706.27,700.81,696.18,692.41,689.75,689.99,692.53,696.45,700.47,703.87,707.21,712.40,720.38,725.30,730.12,735.58,741.12,744.64,747.80,752.51,758.03,762.55,766.29,769.07,770.83,771.51,771.77,771.25,770.30,769.03,767.38,765.68,763.98,762.24,760.41,758.52,756.49,754.48,752.65,751.29,750.47,750.39,750.92,751.78,752.23,752.08,751.59,750.85,749.76,747.73,744.26,739.57,734.51,730.08,726.59,723.50,720.00,715.18,710.15,706.77,706.29,709.14,714.04,719.20,724.08,728.44,731.51,733.98,736.31,739.38,745.53,750.17,754.47,759.60,766.78,774.45,782.19,789.01,793.77,797.43,801.13,804.94,808.50,810.80,812.18,813.37,814.56,815.66,816.56,817.31,817.96,818.46,818.68,818.65,818.37,817.83,816.90,815.75,814.29,812.62,810.80,808.68,806.31,803.85,801.23,798.08,794.47,789.82,784.23,778.12,771.84,765.91,760.52,755.82,751.36,746.97,742.43,737.29,730.78,725.17,719.18,712.75,706.29,700.46,694.87,686.19,674.53,667.68,663.73,659.11,653.36,647.94,644.65,641.76,638.38,634.09,629.34,622.92,616.35,610.39,605.18,599.50,592.94,586.18,580.17,574.35,570.47,568.00,566.42,564.85,563.30,561.78,560.49,559.85,559.59,559.47,559.37,559.22,559.11,558.99,558.88,558.76,558.61,558.45,558.29,558.15,558.02,557.89,557.81,557.75,557.31,555.44,555.00,555.00,555.00,555.00,555.00,555.00,555.00,555.00,555.00,555.00,555.00,555.00,555.00,555.00,555.00,555.00,555.00,555.00,555.00,555.00,555.00,555.00,555.00,555.00,555.00,555.00
793.80,791.71,789.81,788.10,786.57,785.19,784.01,783.06,782.31,781.55,780.80,780.44,780.58,781.22,781.83,782.37,782.61,782.51,782.50,782.56,782.86,783.54,784.85,786.67,788.70,791.01,793.74,796.46,799.26,802.12,804.99,807.78,810.42,813.09,815.47,817.05,818.54,818.75,817.70,815.45,812.58,808.75,803.88,797.94,790.95,784.19,777.37,770.60,764.04,757.51,750.82,743.83,737.07,732.07,727.41,722.84,717.90,712.00,705.40,699.77,695.04,691.17,688.38,688.25,690.61,694.66,699.02,702.61,706.21,711.34,718.68,723.69,727.71,732.71,738.51,742.27,745.40,748.87,753.26,758.84,762.73,765.57,767.51,768.53,769.08,768.79,768.02,766.92,765.45,763.80,762.08,760.25,758.22,756.04,753.87,751.73,749.74,748.19,747.46,747.70,748.54,749.44,750.08,750.26,750.00,749.24,747.78,745.12,741.37,736.71,731.62,727.77,724.51,721.23,717.24,711.66,706.56,703.56,703.65,706.90,711.29,716.30,721.47,726.13,729.97,732.87,735.39,738.30,742.87,746.76,751.01,756.42,763.61,770.84,778.21,785.37,791.49,795.35,798.86,802.47,806.14,809.41,811.11,812.33,813.47,814.52,815.35,816.06,816.67,817.08,817.26,817.17,816.90,816.43,815.64,814.66,813.41,811.94,810.24,808.13,805.80,803.40,800.88,797.89,794.51,790.42,785.46,779.45,773.27,767.33,761.80,756.82,752.27,747.90,743.55,738.57,731.63,725.58,719.30,712.74,706.29,700.55,694.88,685.51,672.97,667.32,663.84,659.51,653.90,648.04,644.76,642.01,638.73,634.43,629.75,623.21,616.41,610.23,604.99,599.30,592.78,586.09,580.13,574.11,570.29,567.91,566.30,564.69,563.13,561.60,560.31,559.78,559.50,559.38,559.27,559.12,558.97,558.87,558.75,558.61,558.46,558.32,558.16,558.03,557.93,557.73,557.65,557.59,557.16,555.41,555.00,555.00,555.00,555.00,555.00,555.00,555.00,555.00,555.00,555.00,555.00,555.00,555.00,555.00,555.00,555.00,555.00,555.00,555.00,555.00,555.00,555.00,555.00,555.00,555.00,555.00
789.54,787.76,786.07,784.50,783.05,781.59,780.13,778.82,777.54,775.80,774.73,774.53,775.05,776.13,777.37,778.21,778.71,778.89,778.88,779.29,780.07,781.24,782.94,784.92,787.07,789.09,790.71,792.25,794.52,797.25,800.21,803.19,806.21,809.39,812.31,814.33,816.14,816.90,816.21,814.03,811.63,808.06,803.41,797.78,791.11,784.18,776.93,769.62,762.60,756.06,749.86,743.42,736.97,731.89,727.17,722.48,717.46,711.51,704.66,698.84,694.00,690.10,687.26,686.79,688.68,692.43,697.09,701.37,705.37,710.25,716.68,721.62,725.33,729.23,733.69,738.02,741.82,745.55,749.69,754.62,758.71,761.79,763.94,765.15,765.94,765.95,765.48,764.63,763.34,761.83,760.00,757.94,755.73,753.49,751.24,748.97,746.82,745.20,744.68,745.14,746.15,747.13,747.84,748.22,748.14,747.34,745.56,743.02,739.00,733.84,729.06,725.35,721.87,718.07,713.40,707.38,702.73,700.46,701.21,704.76,708.95,713.93,719.40,724.72,728.86,731.91,734.51,737.21,740.51,744.13,748.31,753.65,761.19,768.67,775.53,782.07,788.36,792.97,796.57,799.98,803.50,807.09,809.60,811.22,812.35,813.35,814.12,814.79,815.34,815.71,815.83,815.70,815.43,815.02,814.33,813.46,812.38,811.06,809.40,807.26,804.99,802.66,800.23,797.41,794.30,790.63,786.16,780.49,774.27,768.20,762.52,757.37,752.61,748.19,743.91,739.02,732.01,725.79,719.32,712.64,706.25,700.55,694.64,684.51,671.19,666.79,663.74,659.43,653.78,648.13,645.00,642.29,639.04,634.80,629.87,623.12,616.16,609.90,604.68,599.05,592.62,586.04,580.09,573.87,570.09,567.81,566.23,564.61,563.05,561.56,560.34,559.83,559.59,559.44,559.31,559.16,559.05,558.93,558.81,558.71,558.60,558.50,558.36,558.23,558.14,557.97,557.78,557.59,557.10,555.40,555.00,555.00,555.00,555.00,555.00,555.00,555.00,555.00,555.00,555.00,555.00,555.00,555.00,555.00,555.00,555.00,555.00,555.00,555.00,555.00,555.00,555.00,555.00,555.00,555.00,555.00
785.20,783.77,782.32,780.84,779.27,777.62,775.85,774.28,772.75,770.64,769.55,769.49,770.16,771.36,772.87,773.92,774.58,774.92,775.02,775.89,777.25,779.02,781.31,783.54,785.74,787.47,788.38,789.15,790.78,792.95,795.54,798.69,802.34,806.11,809.56,812.13,814.15,815.29,814.92,812.88,810.78,807.38,803.03,797.81,791.44,784.48,776.90,769.04,761.35,754.67,748.79,742.88,736.94,731.84,727.00,722.19,717.06,711.01,703.81,697.91,693.11,689.22,686.34,685.11,686.47,690.14,694.96,699.82,704.17,708.72,714.03,718.76,722.45,725.65,728.95,733.30,737.52,741.74,746.03,750.34,754.54,757.89,760.28,761.72,762.68,762.98,762.79,762.18,761.05,759.66,757.81,755.65,753.35,751.01,748.60,746.17,743.87,742.16,741.89,742.63,743.82,744.89,745.64,746.14,746.17,745.39,743.57,740.92,736.57,731.08,726.66,722.98,719.19,714.83,709.52,703.48,699.39,697.88,699.22,702.74,706.82,711.88,717.68,723.42,727.69,730.87,733.55,736.05,738.60,741.97,746.08,751.40,759.08,766.80,773.28,779.13,785.07,790.18,794.00,797.40,800.84,804.54,807.58,809.68,811.09,812.11,812.87,813.51,814.01,814.32,814.41,814.25,813.98,813.60,812.97,812.17,811.19,809.95,808.31,806.21,804.02,801.78,799.41,796.77,793.92,790.52,786.37,781.07,774.91,768.77,762.93,757.58,752.60,748.16,743.94,739.09,732.00,725.71,719.10,712.30,706.00,700.36,693.91,683.23,669.87,666.24,663.43,658.74,652.80,648.03,645.11,642.47,639.28,635.00,629.74,622.79,615.77,609.53,604.42,598.80,592.41,585.91,580.04,573.64,569.90,567.71,566.15,564.61,563.13,561.73,560.56,559.94,559.70,559.55,559.40,559.27,559.19,559.05,558.95,558.88,558.79,558.70,558.61,558.50,558.39,558.25,557.98,557.70,557.16,555.41,555.00,555.00,555.00,555.00,555.00,555.00,555.00,555.00,555.00,555.00,555.00,555.00,555.00,555.00,555.00,555.00,555.00,555.00,555.00,555.00,555.00,555.00,555.00,555.00,555.00,555.00
780.63,779.59,778.43,776.96,775.03,773.09,771.02,769.40,768.20,766.81,766.16,766.14,766.55,767.34,768.51,769.61,770.33,770.61,770.99,772.36,774.37,776.91,780.04,782.68,784.64,786.06,787.02,787.87,788.77,789.75,791.25,794.49,799.02,803.47,807.45,810.77,812.89,814.14,813.98,812.16,810.03,806.67,802.65,797.94,791.86,785.13,777.45,769.06,760.50,753.53,747.57,742.11,736.92,731.88,726.89,721.95,716.71,710.47,702.79,696.97,692.42,688.63,685.63,683.01,683.82,687.85,692.63,697.78,702.38,706.50,710.51,714.77,718.75,722.04,724.84,728.38,732.44,737.13,741.92,746.08,750.31,753.86,756.58,758.33,759.38,759.91,759.96,759.52,758.54,757.21,755.49,753.48,751.18,748.64,745.96,743.34,740.90,738.99,739.00,740.11,741.58,742.74,743.52,744.05,744.11,743.42,741.98,738.70,733.89,728.50,724.41,720.72,716.62,711.71,705.84,700.33,696.87,696.04,697.87,700.87,704.88,710.20,716.32,722.11,726.34,729.67,732.43,734.78,737.23,740.27,744.33,749.80,757.21,765.04,771.35,776.63,781.77,786.85,791.01,794.69,798.21,801.87,804.90,807.51,809.61,810.76,811.60,812.23,812.66,812.89,812.97,812.81,812.54,812.16,811.54,810.78,809.81,808.56,806.90,804.97,802.90,800.73,798.43,795.94,793.35,790.06,785.96,781.03,775.13,769.00,763.00,757.37,752.20,747.78,743.63,738.78,731.53,725.25,718.50,711.61,705.49,699.90,692.47,681.58,669.27,665.67,662.79,657.26,650.66,647.58,644.97,642.50,639.40,634.93,629.26,622.18,615.21,609.14,604.24,598.58,592.13,585.67,579.99,573.45,569.76,567.63,566.08,564.71,563.41,562.19,561.05,560.12,559.83,559.67,559.54,559.45,559.38,559.24,559.16,559.12,558.98,558.89,558.85,558.79,558.65,558.49,558.23,557.95,557.37,555.45,555.00,555.00,555.00,555.00,555.00,555.00,555.00,555.00,555.00,555.00,555.00,555.00,555.00,555.00,555.00,555.00,555.00,555.00,555.00,555.00,555.00,555.00,555.00,555.00,555.00,555.00
776.67,775.75,774.62,773.09,771.04,768.79,766.72,765.24,764.31,763.41,762.97,762.94,763.26,763.92,765.04,766.35,767.40,768.03,768.63,770.18,772.68,775.89,779.36,781.94,783.60,784.75,785.67,786.56,787.36,788.17,789.28,791.48,795.69,800.59,805.35,809.17,811.44,812.75,812.77,811.17,808.87,805.76,802.23,798.03,792.23,785.41,777.65,769.10,760.07,752.20,746.51,741.72,737.07,732.00,726.93,721.83,716.40,710.00,702.08,696.25,691.63,687.47,683.95,680.75,681.02,684.75,689.74,694.95,699.69,703.65,706.77,710.01,713.36,716.86,720.53,724.33,728.30,733.00,737.95,742.33,746.63,750.22,753.01,754.87,755.94,756.69,756.97,756.69,755.83,754.57,752.99,751.14,748.96,746.45,743.73,740.91,738.16,735.88,735.33,736.37,738.30,740.18,741.35,741.96,742.07,741.41,739.53,735.89,731.28,726.46,722.42,718.31,713.96,708.77,702.46,697.64,694.54,694.05,696.29,699.17,703.36,708.71,714.83,721.02,725.24,728.68,731.34,732.90,733.74,737.15,741.82,747.51,755.05,762.82,769.04,774.07,778.64,783.30,787.75,791.84,795.57,799.20,802.21,804.94,807.26,808.71,810.00,810.83,811.28,811.46,811.50,811.33,811.04,810.61,809.88,809.11,808.08,806.79,805.24,803.46,801.55,799.52,797.33,795.04,792.58,789.35,785.33,780.61,774.80,768.62,762.51,756.73,751.41,747.04,742.84,737.86,730.77,724.53,717.77,710.91,704.88,699.06,690.13,678.95,668.25,664.67,661.20,655.15,648.39,645.82,644.16,642.25,639.23,634.39,628.24,621.18,614.43,608.60,603.72,597.92,591.66,585.55,579.95,573.25,569.66,567.72,566.25,564.97,563.84,562.78,561.73,560.71,560.12,559.85,559.72,559.64,559.57,559.43,559.35,559.32,559.21,559.13,559.10,559.05,558.90,558.74,558.48,558.20,557.59,555.49,555.00,555.00,555.00,555.00,555.00,555.00,555.00,555.00,555.00,555.00,555.00,555.00,555.00,555.00,555.00,555.00,555.00,555.00,555.00,555.00,555.00,555.00,555.00,555.00,555.00,555.00
772.68,771.77,770.55,768.95,766.86,764.49,762.56,761.23,760.43,759.83,759.48,759.50,759.86,760.62,761.88,763.47,764.93,766.03,767.01,768.73,771.57,775.20,778.70,781.12,782.54,783.51,784.38,785.20,785.97,786.82,787.77,788.90,792.41,797.59,803.08,807.26,809.73,811.19,811.40,810.05,807.67,804.88,801.83,798.08,792.47,785.47,777.72,769.18,759.80,751.02,745.69,741.55,737.28,732.14,727.03,721.74,716.07,709.51,701.45,695.60,690.84,686.27,682.21,678.64,678.33,681.45,686.47,691.71,696.53,700.38,702.86,705.14,707.82,711.59,716.37,720.72,724.82,729.47,734.44,739.06,743.49,746.97,749.63,751.43,752.49,753.46,753.92,753.76,753.05,751.88,750.45,748.77,746.73,744.32,741.60,738.63,735.54,732.87,731.62,732.46,734.76,737.36,738.94,739.68,739.83,739.16,736.78,733.00,728.78,724.56,720.43,715.86,711.28,705.96,699.46,695.07,692.22,692.01,694.57,697.54,701.86,707.19,713.36,719.95,724.05,727.48,729.94,730.73,730.23,733.84,739.09,745.16,752.80,760.55,766.62,771.37,775.54,779.80,784.40,788.86,792.88,796.48,799.49,802.23,804.63,806.36,808.08,809.15,809.68,809.84,809.88,809.72,809.42,808.93,808.14,807.34,806.24,804.93,803.50,801.85,800.12,798.24,796.19,794.08,791.68,788.45,784.47,779.88,774.18,767.96,761.68,755.71,750.38,746.10,741.84,736.73,729.88,723.70,716.98,710.20,704.24,698.03,687.46,676.05,667.12,663.54,659.40,653.05,646.32,643.56,642.72,641.34,638.41,633.35,626.93,620.00,613.53,607.91,603.01,597.10,591.10,585.39,579.86,573.04,569.60,567.87,566.54,565.33,564.33,563.38,562.39,561.34,560.46,560.06,559.92,559.83,559.74,559.62,559.54,559.52,559.44,559.38,559.34,559.30,559.15,558.99,558.74,558.46,557.80,555.53,555.00,555.00,555.00,555.00,555.00,555.00,555.00,555.00,555.00,555.00,555.00,555.00,555.00,555.00,555.00,555.00,555.00,555.00,555.00,555.00,555.00,555.00,555.00,555.00,555.00,555.00
767.97,766.97,765.60,763.84,761.76,759.88,758.38,757.06,755.92,755.13,754.77,755.00,755.77,757.07,758.81,760.77,762.59,764.21,766.15,768.34,771.19,774.50,777.51,779.91,781.39,782.41,783.28,783.70,784.03,784.61,785.44,786.47,789.35,794.43,800.18,804.49,807.42,809.26,809.79,808.74,806.76,804.34,801.58,797.99,792.30,785.21,777.72,769.36,759.61,750.56,745.53,741.71,737.51,732.28,727.15,721.65,715.62,708.82,700.85,694.94,690.13,685.58,681.27,677.20,676.12,678.28,682.47,687.90,692.73,696.33,698.52,700.66,703.57,707.68,712.84,717.77,722.58,727.51,732.39,736.89,741.54,744.66,746.75,748.20,749.14,750.29,750.87,750.75,750.18,749.24,747.95,746.40,744.54,742.24,739.44,736.36,733.16,730.16,728.56,729.20,731.45,734.09,735.81,736.72,736.91,736.12,733.84,730.41,726.58,722.56,718.21,713.39,708.61,703.42,697.46,692.38,689.73,689.88,692.63,696.04,700.00,705.44,712.08,718.74,722.34,725.35,727.50,728.25,728.80,731.38,736.42,743.30,750.50,758.54,764.24,768.34,772.33,776.60,781.05,785.61,790.03,793.57,796.61,799.40,801.88,803.77,805.42,806.61,807.34,807.63,807.82,807.72,807.44,807.00,806.36,805.46,804.40,803.18,801.77,800.20,798.60,796.91,795.06,792.97,790.52,787.18,783.03,778.42,773.15,766.97,760.30,753.79,748.90,744.90,740.67,735.54,728.91,722.81,716.14,709.45,703.56,696.75,684.68,673.18,665.98,662.46,657.88,651.64,645.04,640.97,639.84,638.45,635.70,631.04,625.19,618.61,612.36,606.88,602.01,596.19,590.43,585.01,579.60,572.74,569.56,568.13,566.98,565.86,564.85,563.83,562.78,561.71,560.79,560.33,560.15,560.01,559.88,559.82,559.77,559.71,559.63,559.60,559.59,559.55,559.39,559.24,559.02,558.75,558.01,555.58,555.00,555.00,555.00,555.00,555.00,555.00,555.00,555.00,555.00,555.00,555.00,555.00,555.00,555.00,555.00,555.00,555.00,555.00,555.00,555.00,555.00,555.00,555.00,555.00,555.00,555.00
762.93,761.99,760.69,759.08,757.25,755.66,754.32,753.04,751.81,750.87,750.53,750.95,751.99,753.60,755.90,758.47,760.85,762.93,765.33,767.75,770.44,773.28,775.88,778.21,779.97,781.21,781.93,782.07,782.15,782.46,783.12,784.40,786.85,791.47,797.15,801.96,804.80,806.71,807.66,807.25,805.50,803.39,800.88,797.44,791.82,784.77,777.62,769.43,759.38,750.23,745.41,741.83,737.74,732.47,727.17,721.41,715.08,708.04,700.27,694.30,689.40,684.88,680.32,675.45,673.41,674.67,678.28,683.28,688.27,692.25,694.60,696.84,699.96,704.55,710.40,715.88,721.12,726.18,730.93,735.15,739.28,741.96,743.60,744.59,745.45,746.92,747.79,747.85,747.49,746.73,745.59,744.16,742.38,740.05,737.23,734.12,730.73,727.15,725.51,726.18,728.36,730.88,732.80,733.79,733.94,733.11,730.97,727.90,724.39,720.42,715.58,710.66,705.87,700.86,695.32,690.27,687.63,687.87,690.83,694.62,698.59,704.14,710.92,717.34,720.91,723.55,725.44,726.50,727.74,729.69,734.59,741.85,748.29,755.79,761.42,765.59,769.45,773.62,777.91,782.32,786.67,790.43,793.63,796.46,798.96,801.08,802.81,804.08,804.90,805.30,805.59,805.62,805.41,805.00,804.48,803.64,802.62,801.45,800.10,798.63,797.08,795.48,793.77,791.76,788.99,785.43,781.24,776.55,771.58,765.56,758.72,751.86,747.50,743.74,739.43,734.13,727.83,721.69,715.04,708.49,702.66,694.95,682.76,672.48,667.11,662.58,657.15,650.39,643.47,639.20,637.65,635.97,633.35,629.32,623.46,617.38,611.52,606.08,601.13,595.40,589.82,584.55,579.20,572.38,569.49,568.35,567.35,566.30,565.26,564.21,563.15,562.09,561.14,560.67,560.46,560.31,560.18,560.13,560.13,560.17,560.20,560.16,560.11,559.97,559.66,559.49,559.28,559.02,558.42,556.70,555.49,555.00,555.00,555.00,555.00,555.00,555.00,555.00,555.00,555.00,555.00,555.00,555.00,555.00,555.00,555.00,555.00,555.00,555.00,555.00,555.00,555.00,555.00,555.00,555.00,555.00
757.69,756.93,755.90,754.65,753.22,751.76,750.42,749.17,748.02,747.03,746.71,747.28,748.48,750.20,752.99,756.23,759.27,761.90,764.39,766.83,769.22,771.57,773.87,776.08,778.15,779.65,780.14,780.15,780.15,780.23,780.70,782.38,784.64,788.65,794.05,799.58,802.11,803.92,805.28,805.63,804.00,802.21,799.88,796.46,791.00,784.11,777.33,769.34,759.04,749.97,745.32,741.90,737.92,732.63,727.09,721.08,714.49,707.20,699.72,693.70,688.68,684.14,679.33,673.61,670.55,670.96,674.13,678.31,683.53,688.25,691.07,693.66,697.01,702.16,708.88,714.83,720.26,725.25,729.76,733.52,736.66,738.81,740.05,740.56,741.35,743.29,744.66,745.05,744.90,744.29,743.28,741.95,740.18,737.75,734.97,731.78,728.05,723.92,722.50,723.27,725.29,727.60,729.74,730.75,730.85,730.07,728.10,725.40,722.12,718.04,712.63,707.72,703.10,698.29,693.05,688.44,685.76,685.97,689.16,693.26,697.51,703.20,709.83,715.80,719.74,722.09,723.78,725.34,726.91,728.58,733.23,740.32,746.02,752.43,758.17,762.94,766.81,770.83,774.97,779.02,782.98,787.05,790.53,793.40,795.90,798.25,800.16,801.51,802.39,802.88,803.26,803.45,803.34,802.96,802.53,801.81,800.86,799.74,798.48,797.11,795.56,793.98,792.35,790.38,787.10,783.30,779.16,774.42,769.60,763.77,756.96,750.01,746.18,742.62,738.13,732.61,726.66,720.40,713.76,707.43,701.64,692.58,681.38,673.28,669.48,663.24,656.85,649.19,641.69,638.07,636.10,633.97,631.43,628.01,621.78,616.25,610.87,605.41,600.29,594.70,589.27,584.06,578.72,572.01,569.40,568.51,567.62,566.63,565.58,564.55,563.52,562.46,561.51,561.04,560.84,560.71,560.63,560.59,560.67,560.89,561.10,561.03,560.90,560.63,560.10,559.83,559.56,559.27,558.93,558.41,556.24,555.00,555.00,555.00,555.00,555.00,555.00,555.00,555.00,555.00,555.00,555.00,555.00,555.00,555.00,555.00,555.00,555.00,555.00,555.00,555.00,555.00,555.00,555.00,555.00,555.00
752.58,752.15,751.50,750.64,749.52,748.14,746.83,745.64,744.56,743.63,743.33,743.95,745.18,746.80,749.40,752.54,756.16,759.95,762.67,764.88,766.97,769.13,771.45,773.35,775.02,776.29,776.86,776.89,776.88,776.97,777.43,779.04,781.77,785.88,791.14,796.89,800.45,802.43,803.62,804.00,802.84,801.38,798.85,794.93,789.43,782.69,776.27,768.56,758.29,749.74,745.25,741.80,737.73,732.36,726.80,720.71,713.96,706.45,699.15,693.10,687.99,683.40,678.34,672.70,669.19,668.60,670.88,674.72,679.80,684.65,688.13,691.63,695.67,701.33,708.38,714.45,719.84,724.34,728.01,730.85,733.33,734.73,735.36,735.61,736.33,738.97,741.23,742.30,742.28,741.73,740.79,739.47,737.65,735.27,732.47,728.68,724.10,720.76,719.74,720.10,721.39,723.52,725.64,726.81,727.14,726.60,725.00,722.60,719.16,714.68,709.40,704.64,700.34,695.84,690.61,685.85,683.47,684.10,687.65,691.95,696.66,702.42,708.71,714.37,718.84,721.29,722.90,724.52,726.14,727.81,731.10,736.45,743.13,748.69,754.18,759.49,764.10,768.19,772.21,776.02,779.60,783.36,786.92,790.06,792.76,794.99,796.90,798.46,799.65,800.42,800.89,801.14,801.15,800.90,800.50,799.83,799.00,798.03,796.87,795.59,794.12,792.59,790.82,788.15,784.58,780.75,776.76,772.30,767.48,761.49,754.85,748.63,745.05,741.39,736.81,731.33,725.46,719.06,712.55,706.66,700.96,688.74,679.58,673.79,669.56,662.01,655.59,647.75,640.05,637.26,635.11,632.97,630.29,626.32,620.32,615.06,609.84,604.42,599.33,594.01,588.78,583.65,578.27,571.81,569.33,568.48,567.63,566.76,565.84,564.89,563.90,562.84,561.88,561.41,561.23,561.15,561.25,561.43,561.67,561.99,562.42,562.49,562.39,562.11,561.51,560.73,560.03,559.52,559.22,558.88,556.43,555.00,555.00,555.00,555.00,555.00,555.00,555.00,555.00,555.00,555.00,555.00,555.00,555.00,555.00,555.00,555.00,555.00,555.00,555.00,555.00,555.00,555.00,555.00,555.00,555.00
747.96,747.93,747.62,747.02,746.08,744.72,743.35,742.16,741.18,740.36,740.08,740.69,741.90,743.45,745.85,748.78,752.47,756.74,759.96,762.20,764.22,766.36,768.70,770.31,771.56,772.55,773.19,773.29,773.35,773.48,773.93,775.25,778.36,782.74,788.02,793.78,798.30,800.73,801.96,802.29,801.44,800.01,797.22,793.03,787.63,781.19,775.13,767.66,757.52,749.54,745.18,741.65,737.46,732.00,726.42,720.20,713.22,705.55,698.49,692.47,687.28,682.58,677.28,671.87,668.10,666.75,668.53,672.03,676.99,682.16,686.50,690.72,695.20,701.14,708.32,714.19,719.23,723.13,726.03,728.14,729.93,730.42,730.38,730.51,731.34,734.28,737.09,738.80,739.02,738.74,737.95,736.72,734.93,732.51,729.25,725.06,720.59,718.09,717.12,716.97,717.64,719.47,721.41,722.66,723.18,722.87,721.55,719.26,715.66,710.96,706.02,701.62,697.66,693.40,688.19,683.19,681.04,682.10,686.03,690.50,695.59,701.38,707.40,712.81,717.48,720.24,722.05,723.65,725.24,726.89,729.06,732.74,739.57,744.92,750.21,755.67,760.94,765.32,769.32,772.96,776.31,779.74,783.19,786.43,789.28,791.48,793.45,795.17,796.59,797.58,798.08,798.46,798.66,798.63,798.29,797.69,797.03,796.25,795.20,794.00,792.62,791.00,788.87,785.65,781.95,778.16,774.28,770.06,765.32,758.91,752.38,747.28,743.92,740.14,735.54,730.14,724.17,717.65,711.32,705.65,699.54,685.31,677.83,673.64,668.82,660.43,653.82,646.12,638.75,636.50,634.29,632.20,629.25,624.53,618.94,613.91,608.74,603.30,598.25,593.23,588.27,583.25,577.83,571.66,569.27,568.43,567.60,566.81,565.97,565.10,564.17,563.16,562.23,561.85,561.78,561.84,562.06,562.41,562.76,563.14,563.71,564.02,564.02,563.76,563.18,562.02,560.79,559.88,559.46,559.08,556.50,555.00,555.00,555.00,555.00,555.00,555.00,555.00,555.00,555.00,555.00,555.00,555.00,555.00,555.00,555.00,555.00,555.00,555.00,555.00,555.00,555.00,555.00,555.00,555.00,555.00
744.17,744.59,744.47,743.90,742.95,741.54,739.91,738.64,737.84,737.15,736.90,737.46,738.61,740.21,742.57,745.31,748.29,751.68,755.82,758.60,760.95,763.28,765.51,766.96,767.95,768.74,769.35,769.53,769.71,769.92,770.25,771.12,774.25,778.98,784.48,790.04,795.00,798.27,800.06,800.38,799.51,797.56,794.60,790.69,785.70,779.80,774.03,766.73,756.84,749.40,745.11,741.48,737.19,731.63,725.96,719.44,712.11,704.38,697.69,691.79,686.51,681.61,676.11,670.90,667.01,665.36,667.42,670.41,675.45,681.38,686.88,691.32,695.68,701.56,708.68,713.94,718.16,721.38,723.86,725.68,726.60,726.00,725.27,725.44,726.67,729.20,731.89,733.99,734.70,735.02,734.58,733.57,731.97,729.32,724.86,720.84,718.18,716.19,714.67,714.04,714.38,715.69,717.28,718.42,719.03,718.87,717.55,715.11,711.46,706.95,702.46,698.73,695.07,690.91,685.88,680.64,678.52,679.85,684.15,688.79,694.07,699.86,705.74,711.01,715.25,718.58,721.02,722.57,724.08,725.63,727.39,730.04,735.07,741.22,746.50,751.47,757.07,762.04,766.13,769.72,773.05,776.37,779.42,782.42,785.28,787.67,789.84,791.62,793.06,794.08,794.55,795.17,795.71,795.98,795.84,795.35,794.90,794.37,793.44,792.30,791.01,789.06,786.22,782.93,779.33,775.60,771.75,767.65,763.11,756.00,749.42,745.88,742.72,738.88,734.35,729.05,722.74,716.15,710.02,704.11,696.80,683.06,676.34,672.48,667.43,658.81,651.47,644.22,637.99,635.71,633.57,631.47,628.14,622.73,617.61,612.83,607.65,602.04,596.97,592.31,587.70,582.84,577.38,571.50,569.21,568.38,567.59,566.75,565.90,565.09,564.27,563.39,562.52,562.38,562.62,562.88,563.17,563.54,563.89,564.25,564.81,565.50,565.67,565.42,564.96,563.77,561.99,560.45,559.66,559.21,556.55,555.00,555.00,555.00,555.00,555.00,555.00,555.00,555.00,555.00,555.00,555.00,555.00,555.00,555.00,555.00,555.00,555.00,555.00,555.00,555.00,555.00,555.00,555.00,555.00,555.00
740.12,740.65,740.70,740.28,739.34,737.79,736.25,735.14,734.50,733.96,733.82,734.41,735.54,737.11,739.42,742.08,744.88,747.95,751.64,754.71,757.44,760.00,762.27,763.65,764.54,765.17,765.54,765.62,765.70,765.84,766.18,767.21,770.13,774.78,780.48,786.34,790.94,793.74,795.25,795.66,795.16,793.72,791.45,788.24,783.60,778.33,772.56,765.14,755.65,748.89,744.67,740.86,736.40,730.90,725.13,718.29,710.80,703.59,697.10,691.08,685.62,680.59,675.07,670.12,666.09,664.13,666.61,669.51,674.57,680.82,686.90,691.79,696.19,701.88,708.64,713.31,716.77,719.44,721.49,722.78,723.05,722.16,721.30,721.40,722.79,725.31,727.82,729.73,730.62,731.06,730.74,729.65,727.59,724.60,720.99,717.96,715.91,714.15,712.51,711.37,710.98,711.69,713.04,714.29,715.03,714.86,713.39,710.48,706.71,702.63,699.02,695.74,692.24,688.17,683.15,677.34,674.94,676.32,680.97,686.16,691.82,697.41,702.70,707.56,711.99,715.68,718.70,721.00,722.71,724.37,726.16,728.44,732.07,737.79,742.88,747.62,752.97,758.32,762.79,766.58,769.85,772.91,775.75,778.58,781.34,783.78,786.02,787.90,789.47,790.67,791.37,792.14,792.80,793.20,793.25,792.97,792.68,792.30,791.53,790.43,788.97,786.83,783.85,780.36,776.73,773.04,769.29,765.29,760.38,753.68,747.81,744.65,741.53,737.64,733.10,727.72,721.00,714.39,708.50,701.72,691.87,680.98,675.44,671.44,665.93,657.37,648.76,641.90,637.23,634.89,632.68,629.92,626.02,620.80,616.12,611.40,606.15,600.59,595.86,591.49,587.06,582.31,577.00,571.40,569.19,568.36,567.55,566.73,565.89,565.09,564.30,563.52,562.99,563.13,563.57,563.98,564.33,564.68,565.01,565.37,565.92,566.71,567.10,567.06,566.64,565.29,563.24,561.23,559.85,559.34,556.59,555.00,555.00,555.00,555.00,555.00,555.00,555.00,555.00,555.00,555.00,555.00,555.00,555.00,555.00,555.00,555.00,555.00,555.00,555.00,555.00,555.00,555.00,555.00,555.00,555.00
735.83,736.34,736.50,736.22,735.33,733.72,732.46,731.61,731.09,730.74,730.74,731.38,732.51,734.03,736.27,738.87,741.70,744.73,747.72,750.91,753.95,756.70,759.01,760.39,761.26,761.79,761.97,761.93,761.87,761.93,762.32,763.48,766.22,770.64,776.32,782.51,786.66,788.78,789.89,790.42,790.41,789.72,788.24,785.70,781.48,776.79,770.94,763.36,754.32,748.26,744.14,740.12,735.46,729.99,724.12,716.99,709.45,702.92,696.50,690.34,684.67,679.49,674.04,669.25,665.06,662.83,665.64,668.75,673.92,680.33,686.74,691.99,696.48,701.94,708.21,712.40,715.24,717.39,718.98,719.66,719.39,718.49,717.80,718.01,719.49,721.98,724.20,725.74,726.68,727.04,726.63,725.25,722.65,719.71,717.48,715.54,713.66,711.96,710.23,708.60,707.48,707.68,708.73,709.91,710.59,710.21,708.64,705.46,701.78,698.28,695.53,692.57,689.14,685.04,679.94,673.84,671.27,672.56,677.25,682.78,688.76,694.27,699.15,703.50,707.98,712.09,715.84,719.09,721.31,723.21,725.19,727.36,729.97,734.76,739.48,744.01,748.95,754.39,759.27,763.38,766.69,769.47,772.14,774.82,777.46,779.90,782.16,784.16,785.90,787.30,788.25,789.15,789.87,790.35,790.56,790.51,790.38,790.10,789.47,788.40,786.77,784.57,781.65,777.91,774.14,770.48,766.89,763.01,757.51,751.58,746.64,743.47,740.29,736.39,731.76,726.17,719.16,712.60,706.91,699.13,686.60,679.02,674.72,670.47,664.40,656.00,646.20,639.68,636.45,634.05,631.67,628.17,623.79,619.00,614.65,609.86,604.55,599.15,594.87,590.73,586.40,581.73,576.56,571.30,569.20,568.36,567.53,566.74,565.91,565.11,564.34,563.65,563.52,563.90,564.48,565.01,565.43,565.80,566.13,566.50,567.04,567.83,568.39,568.58,568.19,566.76,564.55,562.13,560.12,559.46,556.63,555.00,555.00,555.00,555.00,555.00,555.00,555.00,555.00,555.00,555.00,555.00,555.00,555.00,555.00,555.00,555.00,555.00,555.00,555.00,555.00,555.00,555.00,555.00,555.00,555.00
730.92,731.24,731.38,731.18,730.50,729.19,728.44,727.86,727.40,727.43,727.55,728.24,729.40,730.90,732.98,735.45,738.42,741.81,744.79,747.81,750.78,753.54,755.75,757.22,758.17,758.81,759.16,759.19,759.16,759.33,759.69,760.20,763.09,767.16,772.17,778.14,782.50,784.72,785.89,786.60,786.96,786.76,785.46,783.03,779.50,775.11,769.20,761.64,753.06,747.62,743.63,739.48,734.53,728.81,722.85,715.63,708.19,702.19,695.61,689.42,683.62,678.15,672.91,667.83,663.40,661.09,663.73,667.69,673.30,679.80,686.27,691.35,695.93,701.16,706.86,710.93,713.50,715.17,716.16,716.29,715.64,714.83,714.71,715.77,717.38,719.25,720.87,722.12,723.02,723.07,722.05,720.04,717.33,715.99,714.69,713.17,711.35,709.34,707.19,705.15,703.80,703.98,704.24,704.54,704.35,703.30,701.92,699.57,696.88,694.19,691.72,688.85,685.29,680.86,675.49,670.53,668.50,669.47,673.14,677.78,683.54,689.70,695.30,699.08,702.48,707.42,712.50,716.50,719.95,722.40,724.62,726.88,729.33,732.90,736.75,740.87,745.51,750.16,755.24,759.92,763.63,766.24,768.61,771.13,773.76,776.15,778.37,780.52,782.46,783.98,784.97,786.01,786.87,787.43,787.67,787.86,787.83,787.57,787.01,786.02,784.51,782.54,779.83,775.68,771.59,767.96,764.66,760.98,754.71,749.53,745.56,742.29,738.83,734.99,730.16,724.15,717.33,711.00,705.35,696.80,682.67,677.32,674.00,669.53,662.85,654.71,644.60,638.26,635.57,633.10,630.47,626.72,622.32,617.80,613.40,608.31,602.98,597.98,594.14,590.06,585.75,581.05,575.82,571.11,569.23,568.44,567.64,566.81,566.01,565.23,564.47,563.87,564.07,564.57,565.14,565.73,566.29,566.83,567.28,567.66,568.12,568.94,569.47,569.64,569.43,568.32,565.98,563.20,560.78,559.63,556.66,555.00,555.00,555.00,555.00,555.00,555.00,555.00,555.00,555.00,555.00,555.00,555.00,555.00,555.00,555.00,555.00,555.00,555.00,555.00,555.00,555.00,555.00,555.00,555.00,555.00
727.22,726.88,726.68,726.31,725.57,724.60,724.20,723.92,723.70,724.04,724.32,725.05,726.17,727.60,729.60,731.96,734.95,738.54,741.68,744.62,747.53,750.36,752.85,754.57,755.78,756.56,756.88,757.06,757.39,757.73,758.01,758.42,760.84,764.42,768.75,773.64,777.92,780.56,782.19,783.17,783.79,783.84,782.80,780.61,777.33,773.37,767.44,759.93,751.94,746.94,743.03,738.48,732.92,727.16,721.06,713.99,706.97,701.35,694.57,688.25,682.40,676.90,671.86,666.60,662.07,659.68,661.99,666.43,672.34,678.87,685.15,689.97,694.46,699.40,704.57,708.47,711.14,712.69,713.29,712.87,711.75,711.09,711.64,713.55,715.26,716.75,717.72,718.25,718.57,717.68,716.04,713.85,711.54,710.94,710.38,709.56,708.29,706.24,703.93,701.75,700.19,699.83,699.46,699.01,698.11,696.61,695.34,693.72,691.84,689.74,687.36,684.66,681.41,677.32,672.21,667.65,666.09,667.14,670.35,674.43,679.46,685.23,690.89,695.07,698.33,703.46,709.21,714.27,718.54,721.50,723.96,726.26,728.61,731.50,734.76,738.31,742.16,746.04,750.69,755.36,759.48,762.80,765.04,767.29,769.72,772.05,774.36,776.56,778.58,780.28,781.65,782.93,783.91,784.53,784.90,785.19,785.24,785.02,784.50,783.60,782.15,780.23,777.54,773.47,769.51,766.00,762.65,758.58,752.53,748.01,744.49,741.05,737.53,733.78,728.65,722.11,715.50,709.43,703.06,693.81,680.48,676.29,673.38,668.64,661.42,653.56,643.47,637.20,634.64,632.20,629.34,625.48,621.12,616.68,612.17,606.58,601.25,596.83,593.21,589.24,585.03,580.45,575.34,571.00,569.25,568.49,567.72,566.91,566.13,565.36,564.66,564.30,564.67,565.20,565.77,566.39,567.01,567.62,568.17,568.63,569.06,569.67,570.06,570.19,570.05,569.38,567.07,564.10,561.38,559.80,556.68,555.00,555.00,555.00,555.00,555.00,555.00,555.00,555.00,555.00,555.00,555.00,555.00,555.00,555.00,555.00,555.00,555.00,555.00,555.00,555.00,555.00,555.00,555.00,555.00,555.00
724.57,723.31,722.58,721.90,720.94,720.24,719.99,719.92,720.01,720.49,720.93,721.67,722.73,724.12,726.12,728.38,731.31,734.96,738.33,741.30,744.17,747.12,750.17,752.35,753.94,754.87,755.03,755.47,756.32,756.93,757.20,757.84,759.35,762.29,765.90,769.22,773.07,776.26,778.56,779.90,780.72,780.88,780.16,778.33,775.02,771.50,765.60,758.20,750.88,746.17,742.18,737.07,730.77,725.16,718.84,712.12,705.78,700.44,693.39,686.87,681.01,675.72,670.84,665.53,660.97,658.53,660.47,665.03,671.02,677.41,683.35,687.88,692.15,696.74,701.43,705.10,708.13,709.91,710.37,709.41,707.71,707.18,708.39,711.13,713.00,714.36,714.69,714.18,713.50,711.35,709.13,707.12,705.44,704.81,704.80,704.89,704.52,702.71,700.52,698.46,696.72,695.45,694.56,693.55,692.17,690.50,689.23,688.11,686.78,685.03,682.68,680.22,677.61,674.31,669.77,664.89,663.83,665.36,668.62,672.47,676.49,681.09,686.25,691.49,695.37,700.22,706.09,712.32,717.05,720.49,723.18,725.49,727.77,730.39,733.28,736.17,738.90,742.08,745.81,749.90,754.29,758.73,761.04,763.02,765.21,767.52,770.00,772.21,774.22,776.17,778.13,779.71,780.82,781.54,782.13,782.45,782.54,782.39,781.90,781.09,779.68,777.67,774.90,771.29,767.80,764.47,760.83,756.02,750.90,746.90,743.38,739.72,736.35,732.67,727.16,720.07,713.69,707.89,700.17,690.25,679.63,675.79,672.84,667.80,660.12,652.53,642.40,636.04,633.54,631.28,628.19,624.34,620.05,615.56,610.85,604.70,599.43,595.68,592.11,588.27,584.25,579.89,575.08,570.94,569.25,568.51,567.79,567.02,566.25,565.48,564.90,564.91,565.31,565.83,566.39,567.00,567.63,568.25,568.85,569.40,569.83,570.09,570.28,570.35,570.19,569.96,567.83,564.83,561.92,559.94,556.70,555.00,555.00,555.00,555.00,555.00,555.00,555.00,555.00,555.00,555.00,555.00,555.00,555.00,555.00,555.00,555.00,555.00,555.00,555.00,555.00,555.00,555.00,555.00,555.00,555.00
722.44,721.02,720.24,719.55,718.65,717.96,717.13,716.59,716.40,716.28,716.56,717.32,718.50,720.14,722.25,724.49,727.41,731.17,734.73,737.70,740.61,743.70,747.05,750.14,752.08,753.14,753.70,754.50,755.53,756.75,757.75,757.55,758.60,760.51,762.98,765.89,768.92,771.70,774.07,775.88,777.20,777.55,777.06,775.66,772.88,769.08,763.32,756.44,749.65,744.84,740.24,734.79,728.61,723.11,716.38,710.12,704.63,699.39,692.00,685.20,679.37,674.40,669.54,664.30,659.70,657.17,659.31,663.74,668.94,674.50,680.19,684.59,688.59,692.76,697.01,700.57,703.88,706.35,707.28,705.68,703.39,702.51,703.92,707.50,710.20,711.56,711.46,710.25,708.65,706.26,703.88,701.66,699.74,698.74,699.00,699.57,699.70,698.55,696.96,695.30,693.67,692.09,690.38,689.12,687.89,686.45,685.19,683.91,682.43,680.68,678.61,676.47,674.34,671.25,666.15,660.75,660.88,663.51,666.94,670.62,674.36,678.38,682.99,688.47,692.97,697.85,703.64,710.13,715.19,719.24,722.28,724.58,726.82,729.07,731.39,733.73,736.04,738.49,741.17,744.16,747.58,751.39,753.99,756.60,759.37,761.85,764.43,766.78,769.03,771.25,773.29,775.07,776.52,777.67,778.62,779.13,779.29,779.22,778.91,778.21,776.89,775.04,772.58,769.33,766.13,762.89,759.19,754.33,749.72,745.62,741.85,738.31,735.08,731.07,725.24,718.08,711.99,706.35,697.05,686.39,678.81,675.27,672.28,667.06,659.12,651.74,639.27,632.41,631.36,629.96,626.67,622.76,618.63,614.15,608.78,602.79,597.93,594.47,591.01,587.15,583.20,579.12,574.84,570.90,569.28,568.55,567.81,567.08,566.31,565.62,565.21,565.50,565.98,566.50,567.04,567.58,568.19,568.81,569.38,569.86,570.14,570.36,570.50,570.52,570.32,570.12,568.24,565.38,562.34,560.08,556.72,555.00,555.00,555.00,555.00,555.00,555.00,555.00,555.00,555.00,555.00,555.00,555.00,555.00,555.00,555.00,555.00,555.00,555.00,555.00,555.00,555.00,555.00,555.00,555.00,555.00
721.20,719.49,718.56,717.77,716.91,716.11,714.82,713.77,713.12,712.43,712.46,713.08,714.15,715.77,717.91,720.32,723.37,727.19,730.92,734.17,737.26,740.41,743.86,747.64,750.18,751.71,752.69,754.00,755.36,756.90,758.02,757.09,757.84,758.99,760.52,762.97,765.31,767.68,769.97,772.01,773.62,774.12,773.85,772.82,770.50,766.54,761.03,754.71,748.35,743.29,738.13,732.44,726.41,720.88,714.04,708.27,703.41,698.02,690.40,683.49,677.76,673.07,668.22,663.11,658.40,655.69,658.08,662.27,666.71,671.37,676.43,680.67,684.41,688.32,692.48,696.15,699.99,703.09,704.38,702.52,699.87,698.39,699.54,703.56,706.71,707.80,707.24,705.60,703.58,701.32,698.96,696.60,694.46,693.23,693.59,694.34,694.74,694.21,693.13,691.73,690.14,688.39,686.27,684.97,683.85,682.39,680.87,679.15,677.49,675.90,674.28,672.61,670.75,667.63,662.14,656.46,657.81,661.57,665.30,668.85,672.50,676.19,680.38,685.78,690.85,695.87,701.50,707.85,713.12,717.66,721.09,723.40,725.04,726.32,727.69,729.29,731.29,734.04,736.35,738.54,740.97,744.03,746.83,749.88,753.01,755.66,758.38,761.00,763.59,766.14,768.22,770.11,771.87,773.43,774.63,775.34,775.63,775.68,775.58,775.06,773.96,772.40,770.34,767.51,764.53,761.24,757.40,752.66,748.31,744.09,740.20,736.86,733.72,729.13,723.02,716.13,710.30,704.72,694.62,683.89,678.66,675.41,671.92,666.25,658.31,651.25,636.97,629.40,629.05,628.31,625.15,621.30,617.24,612.68,606.58,600.96,596.56,593.24,589.87,586.05,582.14,578.26,574.40,570.80,569.32,568.62,567.86,567.17,566.44,565.84,565.61,566.08,566.63,567.17,567.69,568.19,568.78,569.34,569.83,570.19,570.35,570.57,570.69,570.64,570.40,570.17,568.53,565.86,562.72,560.22,557.36,555.57,555.00,555.00,555.00,555.00,555.00,555.00,555.00,555.00,555.00,555.00,555.00,555.00,555.00,555.00,555.00,555.00,555.00,555.00,555.00,555.00,555.00,555.00,555.00,555.00
721.44,718.92,717.46,716.30,715.32,714.30,712.98,711.63,710.41,709.51,709.28,709.43,709.88,710.87,712.88,715.76,719.15,722.92,726.82,730.86,734.37,737.43,740.67,744.58,748.24,750.84,752.11,754.14,756.26,757.45,757.30,756.23,756.79,757.84,758.99,760.40,762.43,764.75,766.92,768.70,770.12,770.65,770.57,769.80,767.64,763.94,758.89,753.07,747.04,741.55,736.11,730.30,724.15,718.32,712.00,706.78,702.03,696.07,688.49,681.83,676.33,671.76,666.97,662.02,657.12,654.06,656.58,660.44,664.50,668.37,672.03,676.02,679.51,683.53,688.19,692.40,697.26,700.67,701.92,700.51,697.93,695.55,695.78,699.46,702.17,702.36,701.22,699.54,698.00,696.22,694.04,691.75,689.85,688.77,688.99,689.54,689.92,689.77,688.86,687.36,685.54,683.68,682.03,680.99,679.68,677.56,675.24,672.86,671.18,670.19,669.25,668.29,666.37,663.01,657.85,652.42,654.75,659.49,663.70,667.24,670.80,674.45,678.49,683.49,689.03,694.25,699.65,705.53,710.76,715.57,719.43,721.76,721.78,721.01,720.78,721.22,722.85,727.87,731.12,733.21,735.07,737.80,740.58,743.38,746.17,748.90,751.87,754.90,758.00,761.00,763.16,765.06,766.99,768.81,770.03,770.91,771.42,771.68,771.74,771.54,770.88,769.77,768.13,765.89,763.03,759.45,755.27,750.70,746.34,742.20,738.48,735.35,732.26,726.75,720.43,714.21,708.58,702.91,693.53,684.03,679.75,676.80,671.93,665.30,657.77,651.25,636.98,628.47,626.91,626.17,623.78,620.18,616.00,611.20,604.41,599.27,595.31,591.99,588.64,585.02,581.18,577.29,573.61,570.61,569.40,568.74,568.00,567.36,566.66,566.22,566.17,566.65,567.23,567.80,568.33,568.87,569.41,569.82,570.13,570.38,570.54,570.76,570.82,570.69,570.41,570.17,568.73,566.25,563.10,560.42,559.13,557.18,555.02,555.00,555.00,555.00,555.00,555.00,555.00,555.00,555.00,555.00,555.00,555.00,555.00,555.00,555.00,555.00,555.00,555.00,555.00,555.00,555.00,555.00,555.00,555.00
725.33,720.75,718.14,716.72,715.55,714.06,712.32,710.58,708.96,707.50,706.89,706.78,706.95,707.53,709.29,711.83,715.00,718.70,722.52,726.99,731.18,734.85,738.18,741.97,746.20,750.04,752.84,755.27,757.38,758.21,757.59,756.59,756.39,756.89,757.77,758.85,760.36,762.24,764.14,765.83,767.11,767.69,767.64,766.87,764.84,761.40,756.48,750.77,744.87,739.40,733.95,727.82,721.24,715.80,710.17,705.40,700.49,693.67,686.25,680.11,675.00,670.46,665.47,659.95,654.74,651.65,654.08,658.22,662.29,665.85,668.99,672.53,676.39,681.22,686.73,691.20,695.49,698.65,699.86,698.06,695.51,692.85,691.90,693.57,695.42,695.72,695.11,694.09,693.05,691.61,689.74,687.73,685.95,684.83,684.74,684.97,685.12,684.88,683.93,682.55,680.95,679.29,677.73,676.35,674.52,671.92,669.51,667.24,665.86,665.38,665.09,664.44,662.54,659.14,654.23,649.67,651.82,656.85,662.11,665.63,669.06,672.62,676.48,681.11,686.78,692.17,697.41,702.73,707.81,712.38,716.23,718.84,719.18,718.41,717.94,718.07,719.16,722.39,724.50,725.83,727.10,729.55,733.28,736.79,739.86,742.87,746.04,749.21,752.40,755.46,757.83,760.10,762.35,764.43,765.86,766.91,767.71,768.24,768.38,768.45,768.17,767.41,766.06,764.15,761.50,757.77,753.29,748.80,744.48,740.51,737.00,733.93,730.52,724.37,718.11,712.50,706.34,698.35,690.63,684.57,681.25,678.31,671.82,664.17,657.14,650.98,636.84,628.13,625.99,624.44,622.33,618.97,614.84,609.89,602.63,597.73,594.03,590.74,587.37,583.90,580.30,576.67,573.29,570.55,569.41,568.82,568.16,567.53,566.83,566.55,566.72,567.17,567.76,568.33,568.87,569.39,569.83,570.14,570.40,570.61,570.77,570.96,570.95,570.77,570.49,570.22,568.93,566.59,563.39,560.51,559.64,557.65,555.02,555.00,555.00,555.00,555.00,555.00,555.00,555.00,555.00,555.00,555.00,555.00,555.00,555.00,555.00,555.00,555.00,555.00,555.00,555.00,555.00,555.00,555.00,555.00
729.90,723.93,720.24,718.31,716.74,714.77,712.55,710.42,708.39,706.32,705.07,704.52,704.42,704.73,706.24,708.31,711.12,714.75,718.44,723.02,727.77,732.20,735.83,739.62,744.20,749.13,753.64,756.63,758.56,759.11,758.40,757.45,756.46,756.27,756.79,757.70,758.71,760.00,761.53,763.13,764.30,764.91,764.85,764.01,762.01,758.75,753.91,748.22,742.37,737.03,731.70,725.43,718.58,713.39,708.38,703.84,698.63,691.08,683.94,678.38,673.61,668.95,663.70,657.46,651.95,648.97,651.31,655.81,660.15,663.84,666.94,670.14,674.54,680.27,686.59,691.06,694.35,696.95,697.95,695.63,693.14,690.26,688.04,687.42,688.43,689.14,689.32,689.04,688.40,687.23,685.65,683.88,682.15,680.91,680.42,680.26,680.14,679.69,678.77,677.66,676.45,675.07,673.47,671.62,669.24,666.38,664.16,662.32,661.31,661.13,661.30,660.79,658.91,655.59,651.03,647.37,649.05,654.09,660.34,663.90,667.26,670.73,674.43,678.72,684.25,689.74,694.91,699.74,704.58,708.75,712.40,715.27,716.52,716.52,716.40,716.58,717.20,717.86,718.49,718.99,719.70,721.74,726.00,729.94,733.24,736.75,740.25,743.55,746.73,749.79,752.48,755.18,757.78,760.08,761.77,763.03,764.18,765.02,765.25,765.54,765.56,765.11,763.99,762.24,759.57,755.75,751.22,746.88,742.69,738.95,735.62,732.44,728.37,721.96,716.05,710.78,703.22,693.36,687.60,684.94,682.35,679.06,671.29,662.99,656.46,650.48,636.60,627.98,625.55,623.12,621.04,617.82,613.73,608.66,601.17,596.35,592.76,589.47,586.10,582.79,579.47,576.20,573.13,570.51,569.41,568.87,568.31,567.70,567.01,566.88,567.26,567.68,568.25,568.81,569.34,569.82,570.15,570.40,570.63,570.85,571.00,571.15,571.08,570.85,570.60,570.29,569.12,566.88,563.64,560.59,559.71,557.71,555.02,555.00,555.00,555.00,555.00,555.00,555.00,555.00,555.00,555.00,555.00,555.00,555.00,555.00,555.00,555.00,555.00,555.00,555.00,555.00,555.00,555.00,555.00,555.00
732.32,729.11,725.37,721.90,719.22,717.00,714.72,712.23,709.61,707.18,704.34,702.44,701.64,701.97,703.39,705.43,708.23,711.81,715.45,719.40,723.93,728.71,733.10,737.67,742.55,747.72,753.00,757.59,759.64,760.24,759.86,758.58,757.49,756.68,756.34,756.80,757.63,758.29,759.15,760.42,761.61,762.19,762.18,761.36,759.07,755.65,751.04,745.61,739.75,734.33,729.27,723.81,717.71,711.36,706.43,701.50,695.66,688.34,681.79,676.65,671.83,666.66,661.26,654.67,649.07,646.27,648.75,653.11,658.28,663.13,666.90,670.47,675.19,681.30,687.80,691.63,694.42,696.00,696.04,693.94,691.65,687.93,684.40,682.65,683.41,684.44,684.91,684.73,684.10,683.09,681.57,679.72,677.77,676.38,675.39,674.75,674.38,674.01,673.58,673.00,672.22,671.13,669.50,667.36,664.85,662.22,660.41,659.18,658.36,657.91,657.76,657.34,655.36,652.21,648.57,645.12,646.74,651.65,657.86,661.75,665.24,668.74,672.41,676.49,681.18,686.60,691.96,696.68,701.08,704.89,708.21,710.96,712.76,713.78,714.48,715.06,715.57,716.09,716.59,716.95,717.31,718.24,720.19,722.19,724.75,729.27,733.70,737.38,740.75,744.13,747.35,750.38,753.14,755.52,757.43,759.11,760.68,761.88,762.40,762.78,762.90,762.62,761.72,759.81,756.15,752.27,748.56,744.80,741.04,737.56,734.28,730.63,725.00,719.48,714.68,708.76,697.40,690.28,686.46,684.09,681.34,676.64,669.22,661.82,655.73,649.46,636.16,627.86,625.35,622.82,620.47,617.04,612.74,607.51,600.38,595.36,591.53,588.19,584.91,581.73,578.75,575.87,572.99,570.44,569.38,568.88,568.33,567.77,567.30,567.34,567.78,568.22,568.72,569.25,569.73,570.09,570.35,570.59,570.82,571.04,571.19,571.30,571.20,570.96,570.66,570.31,569.26,567.12,563.83,560.72,559.76,557.71,555.02,555.00,555.00,555.00,555.00,555.00,555.00,555.00,555.00,555.00,555.00,555.00,555.00,555.00,555.00,555.00,555.00,555.00,555.00,555.00,555.00,555.00,555.00,555.00
734.34,732.56,729.43,725.70,722.31,719.93,717.56,714.80,711.63,708.31,704.34,701.37,699.75,699.68,700.85,702.53,705.13,708.88,712.86,716.63,720.91,725.66,730.42,735.58,740.97,746.56,752.27,757.69,760.20,761.02,760.72,759.46,758.34,757.19,756.23,755.89,756.26,756.49,756.82,757.51,758.60,758.94,758.74,757.86,755.61,752.21,747.82,742.64,736.85,731.54,726.81,721.66,715.62,709.02,704.13,698.68,692.38,685.84,679.89,674.98,669.97,664.30,658.52,651.81,646.08,643.32,646.49,651.14,656.91,662.57,667.12,671.39,676.35,682.56,688.97,691.97,694.30,695.06,694.32,692.45,690.15,685.90,681.58,679.03,679.14,679.75,679.99,679.71,678.98,677.92,676.49,674.82,673.05,671.59,670.35,669.40,668.79,668.43,668.22,667.92,667.46,666.69,665.15,663.28,661.21,659.08,657.57,656.67,655.93,655.25,654.66,653.95,651.69,648.51,645.34,642.70,644.51,649.25,655.21,659.32,662.97,666.53,670.18,674.07,678.28,683.33,688.57,693.39,697.56,701.24,704.49,707.30,709.68,711.56,712.84,713.62,714.00,714.52,715.01,715.28,715.35,715.60,716.26,717.08,718.49,721.61,725.79,730.62,735.19,738.93,742.33,745.57,748.55,751.12,752.96,754.63,756.27,757.67,758.57,759.13,759.27,758.97,757.99,755.85,752.40,749.05,746.01,742.78,739.25,735.76,732.14,727.85,721.92,717.19,712.17,704.83,692.92,687.98,685.34,683.07,680.16,674.11,667.07,660.50,654.73,648.15,635.63,627.81,625.25,622.64,619.97,616.36,611.88,606.45,599.63,594.45,590.42,587.07,583.88,580.82,578.04,575.38,572.67,570.37,569.40,568.91,568.40,567.90,567.63,567.77,568.21,568.68,569.14,569.61,570.01,570.31,570.55,570.80,571.04,571.26,571.41,571.46,571.30,571.01,570.69,570.34,569.39,567.33,564.04,560.90,559.85,557.73,555.02,555.00,555.00,555.00,555.00,555.00,555.00,555.00,555.00,555.00,555.00,555.00,555.00,555.00,555.00,555.00,555.00,555.00,555.00,555.00,555.00,555.00,555.00,555.00
736.16,734.33,732.18,729.30,725.68,723.23,720.77,717.86,714.18,709.48,704.89,701.20,698.67,697.79,698.59,699.66,701.89,705.88,710.50,714.58,718.74,723.16,727.95,733.39,739.46,745.69,751.61,757.08,760.30,761.45,761.01,760.11,758.93,757.68,756.35,755.00,754.64,754.61,754.51,754.45,755.24,755.18,754.60,753.58,751.67,748.46,744.31,739.34,733.67,728.64,724.28,718.94,712.42,706.39,701.47,695.48,688.99,683.56,678.17,673.28,667.98,661.78,655.42,648.79,643.03,640.34,644.65,649.97,656.08,662.15,667.48,672.57,677.66,683.76,689.91,692.05,693.88,694.01,692.79,691.07,688.55,684.11,679.52,676.36,675.38,674.89,674.44,673.87,672.96,671.73,670.47,669.25,668.00,666.56,665.27,664.19,663.40,662.96,662.71,662.47,662.21,661.79,660.51,659.35,658.13,656.70,655.41,654.58,653.84,653.00,651.90,650.55,647.92,644.58,641.53,640.13,642.26,646.77,652.43,656.68,660.44,664.07,667.69,671.42,675.52,679.97,684.81,689.85,694.00,697.78,701.17,704.24,707.20,709.75,711.40,712.24,712.49,712.97,713.44,713.60,713.44,713.41,713.88,714.34,714.45,714.36,717.09,723.19,729.43,733.64,737.36,740.80,744.07,746.88,748.47,749.81,751.22,752.65,753.93,754.72,754.82,754.35,753.14,750.82,748.57,746.20,743.62,740.77,737.25,733.47,729.23,724.28,719.18,714.93,708.43,699.18,689.89,686.31,684.13,681.93,678.84,671.72,664.98,659.05,653.45,646.61,635.03,627.79,625.20,622.47,619.49,615.75,611.17,605.51,598.88,593.58,589.43,586.11,583.00,580.05,577.36,574.79,572.26,570.31,569.45,568.99,568.53,568.10,567.99,568.18,568.59,569.04,569.50,569.87,570.20,570.49,570.74,571.02,571.29,571.51,571.64,571.61,571.36,571.01,570.70,570.38,569.53,567.54,564.29,561.14,559.98,557.76,555.02,555.00,555.00,555.00,555.00,555.00,555.00,555.00,555.00,555.00,555.00,555.00,555.00,555.00,555.00,555.00,555.00,555.00,555.00,555.00,555.00,555.00,555.00,555.00
738.10,735.77,733.49,730.84,727.84,725.41,723.12,720.29,716.25,710.18,705.39,701.37,697.98,695.83,696.44,697.53,699.42,702.79,707.78,712.63,717.21,721.67,726.34,731.71,738.31,745.14,751.24,756.61,760.18,761.64,761.31,760.63,759.36,757.84,756.22,754.59,753.44,752.89,752.34,751.59,751.32,750.84,750.17,749.21,747.49,744.58,740.64,735.82,730.28,725.59,721.28,715.88,709.42,703.78,698.05,692.08,686.32,681.35,676.23,670.97,665.03,658.16,651.29,644.92,640.28,639.09,644.26,650.13,656.42,662.61,668.19,673.17,678.01,683.97,690.06,691.88,692.93,692.70,691.47,689.63,686.51,682.35,677.97,674.08,671.36,669.47,668.06,666.85,665.59,664.59,663.91,663.31,662.46,661.10,659.71,658.59,657.86,657.52,657.34,657.17,657.01,656.83,656.13,655.45,654.78,654.00,653.15,652.41,651.63,650.56,648.80,646.84,644.10,641.11,638.74,637.66,639.48,643.69,649.39,653.97,657.63,661.08,664.61,668.41,672.37,676.42,680.84,685.71,690.12,694.05,697.62,700.95,704.15,707.11,709.38,710.79,711.19,711.48,711.76,711.82,711.56,711.25,711.36,711.68,711.77,711.11,711.34,714.33,718.81,724.27,732.08,736.53,739.88,742.88,744.74,746.16,747.41,748.61,749.73,750.44,750.50,750.16,749.36,747.64,745.85,743.82,741.39,738.25,734.54,730.37,725.75,720.81,716.39,711.37,703.10,693.02,687.74,685.12,683.02,680.45,676.42,669.62,663.35,657.58,651.79,645.07,634.37,627.59,624.93,622.18,619.07,615.35,610.73,604.89,598.24,592.69,588.44,585.21,582.15,579.45,577.00,574.63,572.22,570.32,569.47,569.02,568.65,568.45,568.48,568.66,568.94,569.32,569.73,570.08,570.37,570.63,570.91,571.21,571.51,571.75,571.84,571.69,571.40,571.05,570.70,570.39,569.66,567.77,564.49,561.33,560.05,557.77,555.02,555.00,555.00,555.00,555.00,555.00,555.00,555.00,555.00,555.00,555.00,555.00,555.00,555.00,555.00,555.00,555.00,555.00,555.00,555.00,555.00,555.00,555.00,555.00
739.68,736.80,734.15,731.55,729.03,726.36,723.87,721.08,717.08,710.52,705.72,701.45,697.37,694.13,694.25,695.34,697.08,699.98,704.96,710.64,715.82,720.45,725.13,730.32,737.27,744.63,750.97,756.26,760.06,761.75,761.54,761.00,759.71,758.00,756.14,754.37,752.62,751.42,750.17,748.61,747.41,746.57,745.85,744.93,743.23,740.48,736.75,732.14,726.87,722.31,717.86,712.41,706.07,700.39,694.25,688.73,683.79,678.97,673.87,667.98,661.30,653.96,646.78,640.28,637.06,638.22,644.39,650.72,657.05,663.19,668.82,673.50,677.98,683.55,689.36,691.26,691.65,690.96,689.49,687.26,683.83,680.11,676.07,671.59,667.17,664.15,662.00,660.34,658.88,658.04,657.65,657.26,656.41,655.04,653.63,652.50,651.80,651.50,651.29,651.10,650.98,651.03,650.91,650.67,650.40,650.12,649.70,649.07,648.28,647.12,645.07,642.89,640.37,637.92,636.13,635.12,636.66,640.47,645.95,651.06,654.81,658.13,661.48,665.12,668.81,672.66,676.87,681.56,686.26,690.30,694.01,697.53,700.88,704.06,706.73,708.54,709.13,709.29,709.36,709.30,709.01,708.51,708.37,708.70,709.05,708.51,707.17,707.53,710.02,715.40,724.54,730.13,734.55,738.51,740.79,742.56,743.91,745.01,745.95,746.56,746.63,746.48,746.09,744.94,743.35,741.33,738.76,735.27,731.45,727.01,722.24,717.50,713.23,706.29,697.09,688.34,686.03,684.00,681.78,678.68,673.72,667.55,661.65,655.86,649.93,643.57,633.70,627.31,624.62,621.86,618.65,614.90,610.19,604.10,597.45,591.83,587.57,584.42,581.33,578.89,576.72,574.56,572.31,570.36,569.51,569.11,568.83,568.85,568.98,569.14,569.33,569.62,569.98,570.29,570.57,570.83,571.12,571.42,571.72,571.97,572.01,571.75,571.44,571.11,570.73,570.41,569.80,568.01,564.72,561.56,560.13,557.77,555.02,555.00,555.00,555.00,555.00,555.00,555.00,555.00,555.00,555.00,555.00,555.00,555.00,555.00,555.00,555.00,555.00,555.00,555.00,555.00,555.00,555.00,555.00,555.00
740.45,737.11,734.15,731.42,728.75,725.19,721.71,718.70,715.53,710.37,705.71,701.18,696.76,693.06,691.95,692.73,694.71,697.79,702.02,708.55,714.46,719.36,724.35,729.31,736.35,744.04,750.75,756.13,760.05,761.84,761.65,761.09,759.99,758.32,756.32,754.32,752.41,750.39,747.97,745.33,743.74,742.72,741.90,740.87,738.91,736.03,732.45,728.26,723.50,718.61,713.76,708.25,701.90,695.37,689.97,685.52,681.24,676.20,670.74,663.86,656.40,649.02,641.96,634.44,632.74,637.37,644.96,651.57,657.73,663.64,669.11,673.56,677.54,682.24,687.27,689.83,689.94,688.46,686.02,682.99,680.01,676.90,673.20,668.47,662.80,659.28,657.02,655.43,654.20,653.16,652.27,651.18,649.56,647.92,646.65,645.58,644.73,644.28,643.77,643.35,643.19,643.51,643.84,643.99,644.00,643.93,643.83,643.32,642.60,641.64,640.16,638.56,636.86,635.12,633.47,632.35,634.00,637.27,641.80,647.72,652.09,655.50,658.48,661.42,664.60,668.56,672.97,677.63,682.58,686.65,690.36,693.95,697.43,700.54,703.00,704.67,705.38,705.59,705.51,705.32,705.02,704.53,704.46,705.00,705.65,705.51,705.01,705.66,707.20,709.38,712.42,719.01,726.71,733.28,736.00,738.56,740.50,741.90,742.85,743.49,743.68,743.66,743.38,742.41,740.86,738.39,735.17,731.57,727.90,723.48,718.88,714.45,709.36,698.60,690.37,686.97,684.84,682.82,680.22,676.44,670.94,665.45,659.57,653.61,647.83,642.20,633.02,626.96,624.31,621.53,618.20,614.31,609.31,602.81,596.29,591.00,586.97,583.82,580.58,578.38,576.46,574.52,572.50,570.46,569.64,569.34,569.15,569.26,569.46,569.64,569.80,570.00,570.30,570.57,570.84,571.12,571.37,571.67,571.95,572.14,572.13,571.83,571.50,571.17,570.79,570.47,569.97,568.28,565.02,561.86,560.25,557.77,555.02,555.00,555.00,555.00,555.00,555.00,555.00,555.00,555.00,555.00,555.00,555.00,555.00,555.00,555.00,555.00,555.00,555.00,555.00,555.00,555.00,555.00,555.00,555.00
740.80,737.19,733.92,730.85,727.75,724.03,720.57,717.58,714.68,710.76,706.61,701.99,696.89,691.87,690.13,690.66,692.58,695.64,699.61,706.40,712.87,718.34,723.60,728.76,735.81,743.56,750.47,755.94,760.05,762.02,761.93,761.26,760.11,758.38,756.33,754.26,752.28,749.95,746.69,742.71,740.40,738.98,737.84,736.52,734.41,731.59,728.15,724.09,719.38,714.39,709.29,703.37,696.72,690.85,686.33,682.04,677.38,671.91,665.59,658.42,650.89,643.37,636.31,630.09,630.50,637.15,645.14,651.98,658.11,663.84,669.10,673.34,677.15,681.40,685.47,686.55,685.85,684.13,681.82,679.14,676.55,673.60,669.54,664.04,658.44,654.85,652.29,650.20,648.33,646.63,645.18,643.75,642.15,640.77,639.78,639.02,638.46,638.15,637.82,637.54,637.44,637.72,638.01,638.16,638.21,638.20,638.13,637.79,637.27,636.51,635.37,634.10,632.98,631.90,630.80,630.04,631.41,634.34,638.63,644.00,648.98,652.79,655.66,658.20,660.79,664.35,668.53,673.13,678.22,682.61,686.56,690.29,693.91,696.86,699.04,700.48,701.05,701.07,700.55,700.00,699.61,699.32,699.79,700.90,702.13,702.71,702.98,703.86,705.05,706.22,707.44,711.82,717.56,723.65,729.41,732.97,735.28,737.02,738.46,739.46,739.97,740.13,739.88,738.91,737.03,734.42,731.44,728.45,724.86,720.30,714.83,708.35,700.81,692.57,687.37,685.50,683.53,681.33,678.10,673.77,668.44,663.36,657.00,651.04,646.19,640.81,632.24,626.47,623.77,620.97,617.43,613.40,608.07,601.01,594.95,590.09,586.20,583.00,579.96,577.88,576.05,574.27,572.57,570.81,569.96,569.61,569.50,569.61,569.79,570.02,570.25,570.42,570.64,570.88,571.13,571.44,571.67,571.94,572.17,572.33,572.31,571.99,571.63,571.27,570.89,570.54,570.11,568.56,565.40,562.00,560.28,557.77,555.02,555.00,555.00,555.00,555.00,555.00,555.00,555.00,555.00,555.00,555.00,555.00,555.00,555.00,555.00,555.00,555.00,555.00,555.00,555.00,555.00,555.00,555.00,555.00
740.95,737.16,733.55,730.07,726.55,722.94,719.87,717.02,714.25,711.39,707.82,703.22,697.37,690.79,688.59,688.90,690.67,693.64,697.55,704.25,711.14,717.35,722.93,728.40,735.47,743.16,750.15,755.65,759.95,762.15,762.20,761.40,760.13,758.34,756.26,754.20,752.22,749.93,746.04,740.64,737.43,735.42,733.82,732.16,729.94,727.24,723.84,719.72,714.87,709.84,704.46,698.12,691.39,686.66,682.77,678.18,672.81,666.84,659.73,652.59,645.19,637.43,630.32,626.49,629.26,637.18,645.13,652.10,658.22,663.81,668.87,672.97,676.70,680.54,683.50,682.64,681.10,679.37,677.53,675.50,673.11,669.94,665.23,658.99,653.91,650.33,647.40,644.70,642.06,639.69,637.83,636.28,634.93,633.90,633.18,632.74,632.56,632.46,632.42,632.37,632.36,632.54,632.64,632.68,632.70,632.67,632.54,632.42,632.13,631.60,630.82,629.93,629.30,628.80,628.30,628.00,629.07,631.76,635.92,640.31,645.60,649.79,652.76,655.14,657.29,660.28,664.01,668.41,673.51,678.25,682.53,686.45,690.19,692.97,694.93,696.14,696.46,696.19,695.19,694.21,693.64,693.57,694.67,696.42,698.29,699.69,700.74,701.89,703.08,704.14,705.23,706.78,709.19,713.60,721.89,726.68,729.44,731.48,733.46,734.85,735.71,736.06,735.82,734.86,732.73,730.24,727.82,725.55,721.75,716.26,709.32,700.90,691.81,687.91,685.85,684.00,682.13,679.56,675.69,670.99,666.08,661.02,654.23,648.48,644.60,639.12,631.30,625.94,623.15,620.28,616.48,612.17,606.48,599.08,593.53,589.12,585.35,582.10,579.45,577.48,575.70,574.05,572.63,571.20,570.33,569.93,569.89,569.95,570.08,570.33,570.64,570.81,570.99,571.20,571.45,571.73,571.97,572.20,572.39,572.51,572.47,572.16,571.77,571.38,571.00,570.62,570.23,568.80,565.74,562.06,560.28,557.77,555.02,555.00,555.00,555.00,555.00,555.00,555.00,555.00,555.00,555.00,555.00,555.00,555.00,555.00,555.00,555.00,555.00,555.00,555.00,555.00,555.00,555.00,555.00,555.00
740.94,736.99,732.97,729.16,725.65,722.10,719.34,716.85,714.40,712.03,708.90,704.40,698.12,690.40,687.41,687.54,689.28,692.19,696.17,702.16,709.20,716.39,722.61,728.16,735.27,742.97,749.80,755.02,759.47,761.95,762.18,761.26,759.96,758.22,756.21,754.16,752.38,750.56,746.46,739.78,735.42,732.34,730.09,728.18,725.87,723.21,719.51,715.01,709.98,704.81,698.66,692.53,687.12,682.95,678.50,673.26,667.38,661.01,654.28,647.27,639.68,631.50,624.29,623.59,628.70,637.18,644.92,651.79,657.81,663.27,668.25,672.40,675.99,678.87,680.34,679.10,677.46,675.77,674.06,672.09,669.23,664.97,659.53,653.45,648.62,644.70,641.39,638.52,635.98,633.74,632.10,630.74,629.34,628.22,627.49,627.05,626.86,626.73,626.71,626.73,626.83,627.07,627.17,627.26,627.33,627.30,627.17,627.31,627.23,626.99,627.12,627.18,627.04,626.79,626.53,626.34,627.65,630.12,633.48,637.28,641.69,645.75,649.21,652.00,654.36,657.01,660.04,663.63,668.39,673.20,677.77,682.00,685.77,688.54,690.56,691.75,691.77,691.13,689.91,688.64,687.71,687.54,688.95,691.05,693.34,695.45,697.40,699.17,700.71,701.94,703.00,704.34,706.17,708.87,713.39,719.97,723.96,726.02,727.98,729.48,730.45,730.89,730.75,730.10,728.65,726.84,724.93,722.67,717.50,708.23,698.88,692.77,688.47,686.22,684.46,682.60,680.58,677.17,672.94,668.44,663.76,657.60,651.42,646.51,642.54,636.16,629.94,625.52,622.53,619.42,615.30,610.11,604.00,597.37,592.07,588.03,584.43,581.24,579.14,577.47,575.87,574.31,572.86,571.42,570.66,570.40,570.41,570.39,570.42,570.60,570.86,571.07,571.33,571.57,571.79,572.00,572.22,572.41,572.58,572.68,572.56,572.23,571.84,571.46,571.07,570.68,570.29,568.86,565.76,562.02,560.25,557.77,555.02,555.00,555.00,555.00,555.00,555.00,555.00,555.00,555.00,555.00,555.00,555.00,555.00,555.00,555.00,555.00,555.00,555.00,555.00,555.00,555.00,555.00,555.00,555.00
740.90,736.85,732.58,728.56,724.96,721.13,718.11,715.54,713.38,711.79,709.41,705.11,698.48,690.00,685.99,685.94,687.84,690.88,694.88,700.32,707.58,715.65,722.31,727.97,735.02,742.44,748.77,753.90,758.40,761.18,761.85,761.10,759.68,757.98,756.14,754.20,752.56,750.98,747.17,740.56,735.25,730.89,727.61,724.99,722.17,719.04,714.86,709.99,704.82,699.76,693.86,688.05,682.84,678.25,673.27,667.68,661.63,655.32,648.48,641.75,634.42,626.41,620.11,621.47,627.81,636.36,643.76,650.43,656.45,661.95,666.88,671.12,674.28,676.18,676.53,675.22,673.59,671.85,669.98,667.66,663.99,658.91,653.33,647.89,643.17,639.09,635.69,632.95,630.79,628.88,627.43,626.06,624.47,623.24,622.42,621.92,621.62,621.27,621.16,621.08,621.06,621.21,621.33,621.45,621.59,621.76,621.94,622.41,622.77,623.07,623.75,624.36,624.55,624.52,624.53,624.76,626.33,628.54,631.16,634.41,638.04,641.81,645.40,648.38,650.74,653.04,655.57,658.76,663.40,668.21,672.89,677.32,681.20,684.05,686.24,687.63,687.75,686.96,685.49,683.71,682.02,681.39,683.10,685.73,688.53,691.09,693.55,695.66,697.48,699.02,700.37,701.94,703.69,705.54,707.76,713.46,717.14,719.36,722.10,724.28,725.62,726.24,726.23,725.87,724.81,722.98,720.32,716.23,709.34,699.95,691.89,688.12,686.46,684.81,683.05,681.09,678.46,674.55,670.29,666.02,661.48,654.89,649.12,644.70,640.61,633.30,628.37,624.82,621.69,618.15,613.83,607.69,601.13,595.53,590.73,586.92,583.44,580.43,578.84,577.43,575.96,574.45,573.00,571.61,571.04,570.91,570.93,570.87,570.86,570.95,571.15,571.38,571.66,571.89,572.08,572.25,572.45,572.62,572.77,572.85,572.67,572.30,571.90,571.52,571.13,570.75,570.36,568.93,565.84,562.01,560.24,557.77,555.02,555.00,555.00,555.00,555.00,555.00,555.00,555.00,555.00,555.00,555.00,555.00,555.00,555.00,555.00,555.00,555.00,555.00,555.00,555.00,555.00,555.00,555.00,555.00
740.83,736.72,732.38,728.24,724.38,719.96,716.14,713.12,711.18,710.65,709.22,705.21,698.44,689.56,684.32,684.11,686.34,689.66,693.64,698.75,706.24,714.98,721.97,727.77,734.67,741.55,747.09,752.29,756.74,759.78,761.07,760.73,759.17,757.53,755.96,754.25,752.69,751.11,748.02,742.70,736.75,731.16,726.59,722.81,719.01,714.94,710.10,704.82,699.53,694.78,689.97,684.44,678.22,672.34,667.09,661.48,655.59,649.70,642.37,635.97,629.32,622.18,617.75,620.07,626.52,634.64,641.60,647.96,654.03,659.69,664.59,668.84,671.34,672.33,671.99,670.83,669.24,667.33,665.09,662.10,657.46,652.00,646.85,642.39,637.70,633.68,630.49,628.12,626.49,624.98,623.62,622.09,620.21,618.90,617.97,617.34,616.88,616.15,615.86,615.54,615.19,615.09,615.18,615.27,615.51,616.05,616.79,617.66,618.66,619.70,620.53,621.27,621.69,621.93,622.27,623.21,624.94,626.86,628.89,631.60,634.66,637.99,641.34,644.24,646.37,648.32,650.62,653.82,658.50,663.32,668.01,672.51,676.59,679.58,681.99,683.74,684.35,683.62,681.82,679.30,676.57,675.26,677.19,680.45,683.87,686.65,689.25,691.47,693.48,695.44,697.35,699.29,701.20,703.07,705.00,707.46,709.45,711.79,715.60,718.79,720.60,721.48,721.68,721.56,720.51,718.05,713.76,706.73,698.39,692.57,689.02,687.05,685.27,683.41,681.55,679.33,675.76,671.77,667.75,663.72,659.26,653.07,647.41,642.83,638.34,630.49,626.62,623.82,620.63,616.46,611.89,604.92,598.08,593.58,589.48,585.77,582.38,579.69,578.52,577.30,575.92,574.45,573.02,571.83,571.47,571.45,571.44,571.38,571.36,571.40,571.53,571.75,571.99,572.18,572.34,572.50,572.66,572.81,572.96,573.02,572.79,572.38,571.97,571.58,571.19,570.80,570.41,569.04,566.00,562.04,560.25,557.77,555.02,555.00,555.00,555.00,555.00,555.00,555.00,555.00,555.00,555.00,555.00,555.00,555.00,555.00,555.00,555.00,555.00,555.00,555.00,555.00,555.00,555.00,555.00,555.00
740.57,736.36,732.01,727.68,723.26,718.19,713.67,710.63,709.25,708.83,707.46,704.17,698.21,689.21,682.75,682.51,685.01,688.37,692.55,697.58,704.66,713.17,721.08,727.21,733.97,740.41,745.38,750.12,754.19,757.13,758.63,758.53,757.22,755.84,754.68,753.69,752.49,751.01,748.21,743.54,738.29,733.08,728.17,723.34,718.07,713.15,707.18,700.93,695.33,690.07,684.59,678.38,671.45,664.67,659.71,654.61,648.95,642.89,636.76,630.12,623.64,618.34,615.87,619.11,625.03,631.88,638.40,644.24,649.68,654.93,659.81,663.54,665.30,665.86,665.56,664.65,663.21,661.19,658.58,655.14,650.59,645.81,641.31,637.16,632.78,629.16,626.28,624.10,622.65,621.08,619.68,618.28,616.67,615.24,614.25,613.51,612.85,611.98,611.30,610.61,609.98,609.59,609.40,609.38,609.63,610.29,611.25,612.52,614.00,615.44,616.41,617.58,618.59,619.38,620.09,621.23,622.74,624.30,625.99,628.52,631.06,633.80,636.70,639.50,641.70,643.67,645.94,649.01,653.02,658.34,663.58,668.23,672.21,675.21,677.65,679.59,680.58,679.86,677.29,674.10,671.22,670.05,671.50,674.55,678.25,681.67,684.69,687.33,689.76,692.07,694.14,696.16,698.20,700.26,702.28,704.16,705.83,706.76,706.65,708.00,708.98,709.82,710.65,711.00,709.55,707.53,704.93,700.75,696.07,692.59,689.98,687.53,684.21,681.96,679.51,676.31,672.64,668.97,665.22,661.40,657.37,652.15,646.65,639.61,631.31,626.04,624.49,622.67,619.31,614.27,608.03,601.54,595.95,591.94,588.15,584.52,581.46,579.26,578.17,577.07,575.83,574.44,573.03,572.22,572.01,571.99,571.95,571.91,571.87,571.87,571.94,572.13,572.31,572.51,572.69,572.85,573.00,573.12,573.19,573.14,572.83,572.43,572.03,571.63,571.20,570.82,570.42,569.15,566.29,562.14,560.27,557.77,555.02,555.00,555.00,555.00,555.00,555.00,555.00,555.00,555.00,555.00,555.00,555.00,555.00,555.00,555.00,555.00,555.00,555.00,555.00,555.00,555.00,555.00,555.00,555.00
740.26,735.99,731.62,727.06,722.02,716.27,711.50,708.65,707.60,706.87,705.36,702.81,697.65,688.29,681.11,680.83,683.46,686.87,691.38,696.51,703.39,711.74,720.17,726.51,733.05,739.16,743.82,747.95,751.44,754.06,755.57,755.69,754.78,753.77,753.03,752.65,751.73,750.24,747.59,743.54,739.25,734.84,730.06,724.60,718.00,712.35,705.57,698.56,692.36,685.92,679.41,672.32,664.58,657.11,652.20,647.47,642.11,636.14,630.75,624.02,618.01,614.54,613.94,617.78,623.04,628.63,634.51,639.72,644.45,649.08,653.54,656.55,657.71,658.03,657.89,657.23,656.02,654.04,651.35,647.89,643.91,639.99,636.07,632.05,628.04,624.76,622.11,620.03,618.58,616.91,615.52,614.32,613.08,611.70,610.73,609.90,609.05,608.08,607.06,606.06,605.19,604.66,604.29,604.17,604.36,604.95,606.12,607.75,609.56,611.27,612.44,613.98,615.47,616.75,617.80,619.00,620.26,621.52,622.99,625.32,627.48,629.71,632.09,634.56,636.70,638.78,641.20,644.26,647.84,653.36,659.07,664.10,667.99,670.90,673.24,675.14,676.27,675.60,672.52,668.95,666.20,665.41,666.47,669.12,672.70,676.35,679.77,683.00,685.97,688.56,690.78,692.87,695.03,697.27,699.44,701.39,703.05,702.85,699.52,699.05,699.20,699.86,700.97,701.56,700.02,698.66,697.77,696.55,695.24,693.30,690.78,687.52,682.96,680.10,676.95,673.01,669.47,666.10,662.60,659.01,655.19,650.22,643.14,633.80,624.20,621.75,622.00,620.75,617.11,611.25,603.94,598.33,594.05,590.35,586.77,583.25,580.56,578.91,577.82,576.80,575.67,574.40,573.10,572.64,572.54,572.51,572.45,572.45,572.38,572.35,572.38,572.50,572.65,572.86,573.05,573.20,573.36,573.42,573.38,573.18,572.80,572.43,572.05,571.64,571.20,570.82,570.42,569.25,566.55,562.30,560.31,557.77,555.02,555.00,555.00,555.00,555.00,555.00,555.00,555.00,555.00,555.00,555.00,555.00,555.00,555.00,555.00,555.00,555.00,555.00,555.00,555.00,555.00,555.00,555.00,555.00
739.95,735.71,731.28,726.41,720.77,714.34,710.33,707.93,706.43,704.96,703.30,701.34,696.42,685.98,679.24,678.83,681.27,684.91,689.97,695.49,703.01,711.85,719.54,725.67,731.84,737.76,742.65,746.08,748.75,750.75,751.96,752.32,751.93,751.46,751.12,750.77,749.86,748.03,745.46,742.28,738.86,735.31,731.30,726.15,718.77,712.62,706.04,699.04,691.69,682.91,675.51,667.56,658.68,650.71,645.02,640.01,635.17,630.21,623.52,617.41,612.83,610.66,611.67,615.31,619.93,624.79,629.53,634.02,638.19,641.99,645.13,647.23,648.18,648.48,648.34,647.87,647.00,645.45,643.31,640.75,637.84,634.63,631.02,627.08,623.45,620.16,617.49,615.40,613.66,612.10,610.88,609.89,609.01,608.09,607.28,606.40,605.41,604.31,603.18,602.02,601.07,600.72,600.50,600.44,600.41,600.64,602.17,604.00,605.93,607.80,609.33,610.93,612.45,613.87,615.21,616.40,617.54,618.71,620.09,621.99,624.10,626.07,627.87,629.51,631.08,633.32,636.16,639.59,643.64,648.46,654.18,660.05,664.02,666.76,668.74,670.17,670.87,670.36,667.60,664.34,661.92,661.58,662.85,665.11,667.79,670.50,674.14,678.19,681.85,684.62,687.15,689.47,691.76,694.05,696.32,698.40,700.07,700.21,697.95,697.28,697.29,697.57,697.92,698.05,697.41,696.60,695.74,694.60,693.26,691.63,689.17,685.45,681.16,677.28,673.47,669.71,666.42,663.06,659.79,656.39,652.14,645.40,632.74,622.67,619.49,618.75,618.83,617.12,612.97,606.54,600.33,595.82,592.19,588.68,585.29,581.97,579.68,578.52,577.50,576.44,575.39,574.32,573.34,573.09,573.04,573.01,572.95,572.95,572.88,572.85,572.84,572.83,573.01,573.20,573.36,573.51,573.67,573.62,573.41,573.07,572.68,572.35,571.99,571.60,571.20,570.82,570.42,569.29,566.70,562.57,560.43,557.77,555.02,555.00,555.00,555.00,555.00,555.00,555.00,555.00,555.00,555.00,555.00,555.00,555.00,555.00,555.00,555.00,555.00,555.00,555.00,555.00,555.00,555.00,555.00,555.00
739.59,735.26,730.58,725.38,719.58,713.68,710.02,707.61,705.79,703.97,702.27,699.61,693.80,683.26,677.50,677.02,679.16,682.87,688.41,694.49,702.50,711.52,718.77,724.77,730.68,736.35,741.10,744.02,745.91,747.14,747.84,748.21,747.81,747.31,746.86,746.30,745.38,743.90,741.97,739.63,737.03,734.24,730.57,725.52,718.53,712.48,706.31,699.52,691.29,680.23,671.25,662.97,654.51,645.85,639.03,633.28,628.17,623.32,617.27,612.82,609.83,608.43,609.57,611.73,614.76,618.39,622.08,625.65,629.14,632.38,635.07,636.99,638.17,638.75,638.84,638.71,638.30,637.49,636.15,634.00,631.16,627.92,624.60,621.33,618.01,615.11,612.69,610.76,609.38,608.07,607.01,606.16,605.39,604.64,603.88,603.08,602.24,601.42,600.60,599.75,599.02,598.71,598.52,598.08,597.54,597.40,598.81,600.70,602.68,604.53,606.13,607.75,609.46,611.15,612.63,613.79,614.88,616.08,617.49,619.12,620.94,622.65,624.20,625.63,627.09,629.17,631.79,635.09,639.53,644.38,649.77,655.33,659.86,662.70,664.59,665.80,666.17,665.62,663.13,660.07,657.63,657.22,658.53,660.72,663.19,665.63,668.97,672.79,676.61,680.07,683.28,685.88,688.29,690.70,693.06,695.14,696.75,697.19,695.82,695.35,695.37,695.52,695.63,695.56,695.18,694.55,693.70,692.58,690.92,688.74,685.84,682.02,677.91,673.87,670.09,666.60,663.39,660.26,657.13,653.37,647.38,636.82,625.55,618.46,617.09,616.35,615.58,613.21,608.81,602.45,597.50,593.69,590.49,587.52,584.27,581.25,579.24,578.23,577.20,576.15,575.14,574.26,573.67,573.56,573.54,573.51,573.45,573.44,573.38,573.35,573.33,573.27,573.40,573.56,573.72,573.84,573.84,573.67,573.39,573.02,572.64,572.30,571.93,571.54,571.15,570.77,570.38,569.13,566.34,562.27,560.32,557.77,555.02,555.00,555.00,555.00,555.00,555.00,555.00,555.00,555.00,555.00,555.00,555.00,555.00,555.00,555.00,555.00,555.00,555.00,555.00,555.00,555.00,555.00,555.00,555.00
739.20,734.67,729.65,724.14,718.40,713.37,709.92,707.38,705.35,703.39,701.68,697.75,690.62,680.58,675.77,675.27,677.13,680.92,686.87,693.54,701.91,711.00,718.15,724.00,729.60,734.88,739.21,741.69,742.89,743.39,743.52,743.73,743.13,742.42,741.74,740.93,740.00,739.08,737.90,736.26,734.36,732.03,728.47,723.56,717.50,711.78,705.96,699.27,690.30,677.25,666.73,658.32,650.61,641.09,633.14,626.62,621.12,616.41,611.95,609.42,607.83,606.86,607.41,607.74,608.87,610.94,613.42,615.89,618.70,621.67,624.44,626.53,628.01,628.93,629.34,629.54,629.51,629.40,628.79,626.88,623.89,620.55,617.60,615.17,612.25,609.91,607.89,606.27,605.42,604.42,603.56,602.81,602.07,601.38,600.69,600.04,599.48,599.05,598.63,598.22,597.82,597.47,597.23,596.27,595.14,594.63,595.67,597.46,599.33,601.08,602.72,604.40,606.29,608.14,609.63,610.86,612.09,613.43,614.90,616.37,617.84,619.32,620.81,622.30,623.84,625.70,627.93,630.89,635.44,640.57,645.59,650.48,655.51,658.54,660.46,661.58,661.70,661.07,658.85,655.98,653.41,652.69,653.91,656.13,658.68,661.15,664.02,667.20,670.86,675.03,678.89,681.84,684.50,687.12,689.55,691.61,693.22,693.96,693.46,693.34,693.44,693.59,693.68,693.53,693.12,692.42,691.46,690.17,688.06,685.09,681.62,677.86,673.97,670.23,666.78,663.60,660.51,657.68,654.70,650.15,641.50,627.58,620.41,617.26,615.69,614.30,612.43,609.24,604.61,598.87,595.08,591.79,588.94,586.56,583.45,580.78,578.99,577.98,576.92,575.92,574.99,574.30,574.08,574.04,574.03,574.01,573.95,573.93,573.88,573.85,573.83,573.77,573.82,573.93,574.06,574.13,573.93,573.65,573.35,573.01,572.63,572.25,571.87,571.48,571.09,570.71,570.32,568.82,565.56,561.65,559.79,557.48,555.02,555.00,555.00,555.00,555.00,555.00,555.00,555.00,555.00,555.00,555.00,555.00,555.00,555.00,555.00,555.00,555.00,555.00,555.00,555.00,555.00,555.00,555.00,555.00
738.75,733.80,728.34,722.65,717.13,712.13,709.04,706.76,704.76,702.86,701.06,695.83,687.70,678.86,673.88,673.37,675.45,679.55,685.75,692.82,701.31,710.52,718.44,723.87,728.73,733.17,736.62,738.58,739.42,739.58,739.34,739.07,738.50,737.92,737.36,736.66,735.68,734.82,733.84,732.50,730.68,727.78,724.11,719.84,714.97,709.45,703.22,695.88,686.22,672.29,661.72,653.09,644.53,633.76,625.40,618.82,613.93,611.23,608.89,607.30,606.06,605.05,604.68,604.08,603.73,603.79,604.22,605.22,607.56,610.92,614.60,616.84,618.20,619.09,619.64,619.91,619.79,619.49,618.82,617.32,615.23,612.94,610.73,608.67,606.75,604.89,603.42,602.40,601.68,601.01,600.41,599.83,599.22,598.63,598.25,597.93,597.58,597.24,596.91,596.61,596.32,596.01,595.48,594.17,592.71,591.82,592.36,593.56,594.89,596.42,598.57,600.59,602.22,603.56,604.80,606.50,608.50,610.35,611.87,613.19,614.50,615.92,617.46,619.04,620.68,622.67,624.97,627.71,631.29,636.35,641.52,646.33,650.68,653.77,655.73,656.78,656.89,656.37,654.50,651.99,649.54,648.47,649.34,651.38,653.95,656.51,659.12,661.89,665.12,668.93,672.72,676.23,679.62,682.76,685.23,687.47,689.32,690.61,691.12,691.35,691.51,691.64,691.69,691.53,691.05,689.99,688.38,686.25,683.63,680.43,676.83,673.07,669.84,666.72,663.61,660.64,658.16,655.70,652.97,646.85,633.98,622.79,618.00,615.89,614.25,612.67,609.91,605.47,600.28,596.29,593.00,590.18,587.74,585.48,582.59,580.30,578.74,577.74,576.77,575.86,575.13,574.67,574.55,574.49,574.48,574.47,574.43,574.38,574.36,574.35,574.34,574.31,574.29,574.31,574.30,574.17,573.90,573.60,573.28,572.96,572.58,572.19,571.80,571.42,571.03,570.64,570.26,568.20,563.99,560.73,557.83,555.89,555.01,555.00,555.00,555.00,555.00,555.00,555.00,555.00,555.00,555.00,555.00,555.00,555.00,555.00,555.00,555.00,555.00,555.00,555.00,555.00,555.00,555.00,555.00,555.00
737.95,732.65,726.77,720.82,715.33,710.22,707.06,704.93,703.29,701.68,699.42,693.35,684.91,677.06,672.09,671.64,674.07,678.78,685.65,692.77,700.95,709.96,718.43,723.43,727.54,731.11,733.72,735.20,735.73,735.69,735.30,734.78,734.22,733.63,733.05,732.39,731.21,730.21,729.14,727.73,725.88,722.89,719.49,715.80,711.34,705.88,699.51,691.99,682.10,667.26,656.44,647.04,636.98,625.29,617.79,612.57,609.05,607.59,606.38,605.24,604.19,603.33,602.63,601.79,600.69,599.43,598.43,598.60,600.26,602.97,606.06,607.91,608.94,609.66,610.18,610.41,610.25,609.91,609.36,608.43,607.25,605.97,604.57,603.12,602.01,600.75,599.79,599.16,598.56,598.10,597.65,597.16,596.64,596.23,596.07,595.93,595.68,595.40,595.10,594.87,594.72,594.53,594.07,592.70,591.08,589.93,589.89,590.53,591.36,592.45,594.27,595.93,597.33,598.55,599.85,601.79,604.14,606.29,608.00,609.55,611.07,612.67,614.34,616.02,617.79,619.89,622.24,624.85,627.87,632.24,637.15,641.99,646.01,648.92,650.71,651.63,651.69,651.11,649.53,647.45,645.38,644.29,644.89,646.81,649.44,652.15,654.60,657.13,659.98,663.23,666.58,670.33,674.13,677.64,680.28,682.75,684.77,686.37,687.54,688.14,688.50,688.70,688.70,688.40,687.64,686.22,684.18,681.61,678.71,675.55,672.19,668.83,666.05,663.36,660.64,658.05,655.93,653.72,649.30,640.66,626.90,619.33,616.22,614.48,612.74,610.71,606.73,601.75,596.99,593.99,591.09,588.66,586.51,584.35,581.75,579.86,578.55,577.60,576.70,575.90,575.38,575.12,575.04,574.94,574.91,574.91,574.89,574.83,574.81,574.81,574.81,574.80,574.74,574.61,574.41,574.15,573.86,573.54,573.22,572.90,572.51,572.13,571.74,571.36,570.97,570.58,569.97,567.27,562.42,560.02,556.71,555.00,555.00,555.00,555.00,555.00,555.00,555.00,555.00,555.00,555.00,555.00,555.00,555.00,555.00,555.00,555.00,555.00,555.00,555.00,555.00,555.00,555.00,555.00,555.00,555.00
736.75,731.18,724.91,718.62,712.99,707.73,703.99,701.81,700.78,699.61,696.56,690.21,682.18,675.07,670.42,670.16,673.05,678.66,686.60,693.42,700.89,709.40,717.94,722.57,725.93,728.63,730.48,731.50,731.75,731.59,731.20,730.71,730.13,729.38,728.61,727.89,726.45,725.21,723.85,722.10,720.18,717.66,714.89,711.57,706.70,701.17,694.96,687.77,678.05,662.35,650.84,640.04,628.11,616.23,610.85,608.26,606.64,605.38,604.21,603.11,602.21,601.63,601.26,600.78,599.63,597.90,596.30,596.39,597.18,598.15,599.14,600.06,600.63,601.07,601.43,601.54,601.48,601.32,601.12,600.88,600.45,599.93,599.36,598.73,598.16,597.56,597.01,596.52,596.05,595.70,595.29,594.81,594.34,594.17,594.08,593.93,593.70,593.47,593.18,593.04,593.03,593.08,593.06,591.91,590.33,589.00,588.38,588.55,588.98,589.49,590.12,590.71,591.92,593.49,595.09,596.95,599.13,601.30,603.38,605.51,607.59,609.56,611.42,613.21,615.13,617.27,619.58,622.15,625.20,628.40,632.52,637.35,641.50,643.99,645.44,646.17,646.12,645.30,643.94,642.38,640.91,640.12,640.61,642.47,645.23,648.14,650.51,652.96,655.53,658.13,660.83,664.38,668.20,671.83,674.77,677.46,679.53,681.18,682.59,683.59,684.25,684.60,684.53,683.94,682.73,681.00,678.85,676.35,673.45,670.60,667.86,665.24,662.66,660.14,657.84,655.77,653.63,651.26,643.25,631.49,620.73,616.85,614.78,613.01,611.05,608.21,602.82,598.18,594.84,591.90,589.38,587.26,585.27,583.20,580.94,579.47,578.42,577.55,576.71,576.05,575.72,575.62,575.53,575.39,575.35,575.35,575.34,575.26,575.25,575.25,575.25,575.22,575.14,574.80,574.38,574.08,573.83,573.50,573.16,572.84,572.45,572.07,571.68,571.29,570.91,570.52,569.43,566.13,561.02,559.61,556.64,555.00,555.00,555.00,555.00,555.00,555.00,555.00,555.00,555.00,555.00,555.00,555.00,555.00,555.00,555.00,555.00,555.00,555.00,555.00,555.00,555.00,555.00,555.00,555.00,555.00
735.17,729.03,722.52,716.13,710.42,705.55,701.05,698.07,696.68,695.27,692.10,686.18,679.11,673.18,669.00,669.09,672.97,680.01,687.63,694.15,701.38,709.50,717.17,721.38,723.88,725.49,726.36,726.63,726.42,725.89,725.15,724.37,723.82,723.30,722.78,722.29,721.52,720.62,719.50,718.09,716.40,713.93,710.76,706.79,701.66,696.43,689.74,681.46,671.00,656.89,644.00,631.17,618.94,611.02,607.55,605.72,604.39,603.24,602.12,601.12,600.14,599.20,598.53,598.06,596.92,595.24,594.03,594.13,594.66,595.23,595.75,596.34,596.81,597.22,597.57,597.76,597.74,597.64,597.54,597.43,597.11,596.74,596.34,595.90,595.40,594.89,594.39,593.91,593.54,593.22,592.87,592.50,592.21,592.11,592.03,591.92,591.78,591.63,591.49,591.43,591.48,591.62,591.67,591.03,589.74,588.06,587.16,587.24,587.63,588.06,588.49,588.88,589.64,590.62,591.62,592.73,594.68,596.99,599.41,601.96,604.24,606.34,608.35,610.28,611.88,613.79,615.93,618.51,622.40,625.50,628.76,632.50,636.24,638.60,639.95,640.57,640.51,639.88,638.89,637.87,636.94,636.20,636.66,638.49,641.33,644.51,646.86,649.18,651.58,654.02,656.54,659.54,662.91,666.38,669.32,671.86,673.92,675.62,677.00,678.20,678.88,679.13,678.91,678.02,676.66,674.97,673.04,670.90,668.38,666.26,664.20,661.82,659.33,656.85,654.63,652.53,649.76,644.20,634.14,623.45,617.52,615.10,613.33,611.19,608.21,604.04,599.66,596.04,593.12,590.41,588.35,586.50,584.61,582.55,580.50,579.32,578.45,577.60,576.78,576.37,576.19,576.10,575.98,575.87,575.81,575.78,575.77,575.70,575.68,575.68,575.64,575.46,575.15,574.68,574.19,573.82,573.58,573.33,573.06,572.78,572.44,572.06,571.65,571.23,570.84,570.46,569.00,565.48,560.59,559.46,556.61,555.00,555.00,555.00,555.00,555.00,555.00,555.00,555.00,555.00,555.00,555.00,555.00,555.00,555.00,555.00,555.00,555.00,555.00,555.00,555.00,555.00,555.00,555.00,555.00,555.00
733.38,726.65,719.97,713.69,708.17,703.82,698.69,694.75,692.54,690.77,687.63,682.30,676.20,671.35,667.73,668.23,673.09,681.43,688.58,694.90,701.98,709.58,715.92,719.76,721.44,721.97,721.90,721.42,720.77,719.88,718.79,717.83,717.38,717.18,717.05,716.86,716.84,716.36,715.60,714.61,713.03,710.32,706.52,701.85,696.57,691.22,683.59,674.06,662.98,650.32,636.68,622.97,611.51,607.41,605.26,603.61,602.14,600.92,599.74,598.69,597.53,596.20,595.20,594.71,593.73,592.39,591.75,591.86,592.27,592.75,593.17,593.63,594.11,594.55,594.94,595.25,595.26,595.18,595.11,594.98,594.63,594.25,593.87,593.42,592.77,592.05,591.37,590.79,590.41,590.08,589.82,589.64,589.58,589.50,589.42,589.39,589.41,589.38,589.40,589.47,589.63,589.89,589.91,589.65,588.67,586.93,586.02,586.13,586.57,587.02,587.47,587.88,588.27,588.65,589.04,589.50,591.07,593.16,595.53,598.25,600.72,603.06,605.34,607.40,608.70,610.30,612.17,614.59,618.95,622.41,625.22,627.89,631.03,633.21,634.47,635.04,635.00,634.66,634.07,633.49,632.95,632.25,632.68,634.47,637.35,640.82,643.32,645.59,647.88,650.27,652.69,655.23,658.14,661.30,664.07,666.37,668.34,670.01,671.31,672.48,673.01,673.10,672.74,671.74,670.41,668.88,667.21,665.46,663.36,661.83,660.20,657.88,655.55,653.24,651.08,648.68,644.51,635.63,625.24,617.23,615.11,613.30,611.47,608.81,604.84,600.05,596.97,594.25,591.52,589.16,587.47,585.84,584.04,582.06,580.22,579.25,578.48,577.67,576.97,576.76,576.68,576.58,576.44,576.36,576.28,576.23,576.20,576.13,576.12,576.07,575.91,575.55,575.03,574.50,573.97,573.54,573.27,573.08,572.89,572.64,572.36,572.04,571.64,571.22,570.83,570.42,568.69,565.08,560.50,559.43,556.60,555.00,555.00,555.00,555.00,555.00,555.00,555.00,555.00,555.00,555.00,555.00,555.00,555.00,555.00,555.00,555.00,555.00,555.00,555.00,555.00,555.00,555.00,555.00,555.00,555.00
731.28,724.08,717.36,711.54,706.92,703.02,697.78,692.90,689.36,687.33,684.19,679.40,674.02,669.60,666.65,667.67,673.12,682.12,689.28,695.62,702.46,709.17,713.63,717.18,718.29,717.94,717.10,716.12,715.13,714.03,712.94,712.25,712.00,712.17,712.48,712.62,712.89,712.73,712.27,711.41,709.52,706.05,701.70,696.85,691.57,684.74,675.45,665.09,654.36,641.15,628.89,617.69,608.82,605.51,603.31,601.50,599.80,598.08,596.54,595.01,593.52,592.16,591.21,590.80,590.32,589.75,589.54,589.56,589.81,590.14,590.45,590.89,591.40,591.89,592.34,592.74,592.81,592.75,592.66,592.50,592.14,591.80,591.42,590.85,589.74,588.39,587.18,586.25,585.65,585.24,585.14,585.27,585.50,585.46,585.33,585.47,585.87,586.00,586.12,586.45,586.96,587.42,587.38,586.96,586.20,585.27,584.85,585.11,585.57,586.01,586.42,586.86,587.27,587.64,587.99,588.50,589.25,590.17,591.47,593.80,596.66,599.73,602.61,604.71,606.02,607.33,608.77,610.61,613.85,618.22,621.70,624.04,626.45,628.14,629.18,629.70,629.80,629.73,629.49,629.11,628.57,628.03,628.38,630.11,633.05,636.75,639.77,642.23,644.50,646.81,649.06,651.63,654.33,656.98,659.34,661.40,663.09,664.53,665.74,666.40,666.57,666.43,666.05,665.49,664.45,663.13,661.67,660.16,658.34,656.74,654.87,652.44,650.52,648.81,646.97,643.86,636.68,626.03,618.85,615.09,612.84,610.86,608.56,605.18,600.83,597.68,595.06,592.46,590.00,588.19,586.55,584.97,583.34,581.65,580.14,579.21,578.47,577.81,577.40,577.26,577.15,577.03,576.94,576.86,576.78,576.71,576.64,576.58,576.56,576.33,575.88,575.38,574.85,574.31,573.78,573.28,572.97,572.74,572.51,572.29,572.11,571.95,571.70,571.35,570.94,570.45,568.58,565.03,560.70,559.52,556.62,555.00,555.00,555.00,555.00,555.00,555.00,555.00,555.00,555.00,555.00,555.00,555.00,555.00,555.00,555.00,555.00,555.00,555.00,555.00,555.00,555.00,555.00,555.00,555.00,555.00
728.73,721.57,715.08,709.70,705.60,701.87,695.82,690.55,687.23,684.99,682.09,677.00,671.41,667.82,665.11,666.86,673.03,682.38,689.51,695.97,702.43,708.34,712.06,714.74,715.09,714.12,712.74,711.30,710.08,708.94,707.87,707.09,706.77,706.84,707.07,707.26,707.62,708.14,708.32,707.69,706.01,702.56,698.03,692.74,686.15,675.45,665.36,656.05,646.14,633.34,623.25,614.75,607.86,604.22,601.34,599.04,597.05,595.09,593.37,591.96,590.74,589.67,588.93,588.54,588.11,587.61,587.26,587.15,587.29,587.44,587.51,587.80,588.13,588.54,589.13,589.88,590.03,589.79,589.29,588.68,588.17,587.40,586.57,585.81,585.01,584.07,583.25,582.62,582.13,581.81,581.76,581.91,582.13,582.14,582.04,582.18,582.58,582.77,583.08,583.58,584.20,584.72,584.63,584.29,583.90,583.65,583.72,584.11,584.55,584.98,585.40,585.83,586.23,586.60,586.97,587.46,587.93,588.47,589.28,590.83,592.82,595.59,598.84,601.85,603.50,604.91,606.31,607.90,610.22,613.71,617.01,619.69,621.90,623.26,624.05,624.46,624.55,624.58,624.53,624.34,624.06,623.94,624.63,626.52,629.35,632.63,635.70,638.34,640.78,643.12,645.31,647.82,650.33,652.72,654.96,656.90,658.44,659.70,660.75,661.19,661.13,660.76,660.21,659.76,658.92,657.76,656.43,655.05,653.26,651.30,649.17,646.99,645.51,644.55,641.90,636.43,627.95,619.89,615.33,612.90,610.41,607.84,605.01,601.68,598.08,595.59,593.21,591.03,589.15,587.65,586.10,584.57,583.04,581.53,580.25,579.34,578.63,578.11,577.84,577.72,577.60,577.47,577.39,577.31,577.24,577.16,577.06,576.89,576.68,576.28,575.74,575.20,574.66,574.12,573.58,573.06,572.64,572.37,572.14,571.92,571.74,571.64,571.46,571.23,570.96,570.46,568.62,565.22,561.08,559.64,556.64,555.00,555.00,555.00,555.00,555.00,555.00,555.00,555.00,555.00,555.00,555.00,555.00,555.00,555.00,555.00,555.00,555.00,555.00,555.00,555.00,555.00,555.00,555.00,555.00,555.00
725.82,719.00,712.95,707.96,704.09,700.13,693.33,688.15,685.64,683.20,680.16,674.49,668.59,665.95,663.42,665.94,672.78,682.20,689.34,695.86,701.87,707.09,710.64,712.23,711.84,710.42,708.65,706.86,705.42,704.17,703.02,701.88,701.29,701.01,700.96,701.17,701.65,702.94,703.86,703.58,702.35,699.33,694.78,688.80,680.38,665.31,654.72,646.89,637.87,626.43,618.85,612.77,607.20,602.85,599.23,596.40,594.14,592.23,590.54,589.51,588.75,588.03,587.51,587.08,586.50,585.75,585.07,584.83,584.86,584.84,584.60,584.64,584.66,584.92,585.63,586.82,587.06,586.52,585.53,584.45,583.82,582.63,581.35,580.48,580.27,580.12,580.00,579.88,579.63,579.42,579.35,579.37,579.46,579.52,579.46,579.51,579.73,579.87,580.34,580.92,581.51,582.01,581.94,581.81,581.85,582.15,582.63,583.10,583.54,583.94,584.39,584.79,585.17,585.55,585.95,586.39,586.86,587.40,588.03,588.74,589.49,591.46,594.70,598.62,600.91,602.73,604.36,605.86,607.49,609.48,612.20,615.30,617.59,618.75,619.36,619.65,619.67,619.73,619.75,619.73,619.74,620.04,621.10,623.06,625.58,628.12,630.95,633.87,636.65,639.12,641.34,643.74,646.11,648.41,650.68,652.57,654.05,655.24,656.13,656.54,656.34,655.74,654.95,654.40,653.66,652.61,651.36,650.03,648.14,645.79,643.47,641.64,640.44,639.54,635.49,627.84,619.71,615.80,613.17,610.63,607.82,604.61,601.42,598.53,596.04,593.72,591.52,589.87,588.64,587.32,585.87,584.39,582.93,581.54,580.45,579.59,578.94,578.50,578.26,578.15,578.03,577.90,577.83,577.75,577.66,577.57,577.40,577.08,576.62,576.09,575.55,575.01,574.47,573.93,573.39,572.85,572.33,572.01,571.77,571.54,571.31,571.20,571.08,570.96,570.89,570.43,568.66,565.44,561.49,559.77,556.67,555.00,555.00,555.00,555.00,555.00,555.00,555.00,555.00,555.00,555.00,555.00,555.00,555.00,555.00,555.00,555.00,555.00,555.00,555.00,555.00,555.00,555.00,555.00,555.00,555.00
722.18,716.08,710.76,706.10,701.85,696.41,690.80,686.64,684.08,681.36,675.94,670.18,665.70,663.66,662.07,665.17,671.99,680.98,688.26,694.45,700.06,704.94,708.15,709.18,708.43,706.78,704.80,703.06,701.17,699.23,697.31,695.46,694.22,693.58,693.55,694.22,695.40,697.08,698.44,698.83,698.01,695.52,690.71,683.64,673.88,657.60,646.03,637.39,628.40,620.66,615.34,609.90,603.98,599.75,596.47,593.68,591.47,590.24,589.20,588.38,587.59,586.78,586.15,585.60,584.94,584.16,583.44,583.15,583.01,582.80,582.37,581.87,581.63,581.64,582.15,583.61,583.83,583.09,582.05,581.40,581.04,580.51,579.94,579.53,579.42,579.38,579.34,579.25,579.00,578.67,578.47,578.43,578.50,578.53,578.32,578.26,578.37,578.26,578.52,578.94,579.40,579.83,580.00,580.25,580.60,581.04,581.57,582.09,582.54,582.94,583.39,583.75,584.08,584.45,584.88,585.25,585.72,586.28,586.89,587.46,588.07,589.28,591.23,594.09,597.55,600.38,602.50,604.02,605.58,607.38,609.53,611.96,614.30,615.58,616.32,616.70,616.75,616.77,616.81,616.77,616.65,616.66,617.24,618.44,620.04,621.81,624.21,627.78,631.39,634.18,636.54,638.86,641.24,643.66,645.94,647.89,649.57,650.96,651.97,652.55,652.21,651.39,650.38,649.54,648.68,647.58,646.30,644.99,643.09,640.84,638.63,636.75,635.04,630.47,624.97,619.78,615.95,613.38,610.81,607.95,604.88,601.80,599.17,596.77,594.44,592.20,590.40,589.12,588.12,586.98,585.56,584.10,582.68,581.46,580.64,580.00,579.45,578.98,578.65,578.53,578.43,578.34,578.26,578.19,578.07,577.83,577.43,576.92,576.38,575.87,575.37,574.83,574.29,573.75,573.20,572.66,572.13,571.75,571.46,571.21,570.89,570.77,570.67,570.62,570.61,570.28,568.43,565.26,561.57,559.84,556.69,555.00,555.00,555.00,555.00,555.00,555.00,555.00,555.00,555.00,555.00,555.00,555.00,555.00,555.00,555.00,555.00,555.00,555.00,555.00,555.00,555.00,555.00,555.00,555.00,555.00
718.69,713.02,708.11,703.50,698.74,692.94,688.56,685.27,682.39,678.55,671.59,665.88,662.13,660.14,659.95,663.77,670.37,678.55,685.89,691.87,697.13,701.67,704.67,705.41,704.40,702.49,700.25,698.31,695.99,693.50,691.00,688.75,687.16,686.36,686.36,687.35,689.13,691.13,692.70,693.48,693.44,691.09,686.13,678.72,668.30,651.66,638.83,629.33,621.54,616.75,612.67,607.15,600.63,596.74,593.79,591.43,589.71,588.88,588.17,587.44,586.62,585.78,585.35,584.95,584.46,583.89,583.37,583.13,582.90,582.56,581.99,581.00,580.27,579.87,580.03,581.15,581.32,580.73,579.95,579.65,579.48,579.38,579.28,579.15,579.07,579.04,578.98,578.87,578.62,578.18,577.85,577.69,577.72,577.75,577.45,577.26,577.25,576.95,576.91,577.15,577.50,577.79,578.15,578.60,579.09,579.65,580.33,581.00,581.52,581.94,582.37,582.70,583.00,583.35,583.76,584.10,584.59,585.15,585.74,586.31,586.91,587.68,588.73,590.42,593.53,596.87,599.84,602.14,603.79,605.56,607.38,609.28,611.34,612.67,613.49,613.95,614.05,614.04,614.03,613.93,613.72,613.51,613.65,614.20,615.09,616.31,618.16,621.57,625.25,628.16,630.87,633.18,635.56,638.08,640.50,642.55,644.34,645.79,646.76,647.42,647.30,646.61,645.56,644.57,643.54,642.27,640.84,639.37,637.46,635.39,633.11,630.30,626.37,620.79,616.33,613.98,613.13,611.02,608.27,605.25,602.16,599.46,597.27,595.16,592.95,590.91,589.50,588.48,587.60,586.59,585.22,583.79,582.50,581.54,580.93,580.44,579.96,579.48,579.10,578.94,578.85,578.77,578.66,578.53,578.28,577.88,577.31,576.71,576.14,575.62,575.13,574.59,574.06,573.55,573.02,572.48,571.94,571.48,571.14,570.85,570.49,570.28,570.24,570.28,570.29,569.91,567.96,564.90,561.58,559.88,556.70,555.00,555.00,555.00,555.00,555.00,555.00,555.00,555.00,555.00,555.00,555.00,555.00,555.00,555.00,555.00,555.00,555.00,555.00,555.00,555.00,555.00,555.00,555.00,555.00,555.00
715.45,709.81,704.91,700.04,694.78,689.97,686.65,683.90,680.53,674.64,667.42,661.77,657.75,655.34,656.93,661.64,667.87,674.92,682.14,688.03,692.98,697.11,700.01,700.68,699.50,697.33,694.74,692.25,689.61,686.84,684.13,681.96,680.44,679.69,679.72,680.76,682.95,685.23,686.83,687.68,688.79,686.19,681.29,674.38,663.84,647.28,633.06,623.15,617.99,614.85,610.86,604.71,597.56,594.13,591.36,589.79,588.97,588.13,587.30,586.59,585.84,585.16,585.26,585.35,585.30,585.15,585.06,584.96,584.73,584.36,583.68,582.32,580.87,579.88,579.57,579.71,579.77,579.65,579.44,579.26,579.10,579.00,578.92,578.84,578.76,578.69,578.62,578.50,578.24,577.76,577.29,576.99,576.94,576.99,576.67,576.36,576.18,575.81,575.43,575.47,575.75,575.85,576.29,576.68,577.15,577.87,578.86,579.76,580.40,580.81,581.19,581.58,581.93,582.26,582.59,582.96,583.46,584.00,584.57,585.17,585.79,586.49,587.22,587.90,588.89,591.99,596.15,600.03,601.95,603.74,605.50,607.16,608.65,609.87,610.68,611.16,611.33,611.30,611.15,610.97,610.79,610.57,610.46,610.65,611.18,612.10,613.26,615.57,618.31,621.05,624.27,626.69,629.06,631.66,634.29,636.46,638.21,639.51,640.25,640.87,641.30,641.12,640.23,639.28,638.09,636.60,634.88,633.10,631.19,629.24,626.56,621.99,614.43,611.41,610.67,610.76,610.70,608.45,605.56,602.59,599.78,597.63,595.61,593.55,591.53,589.87,588.79,587.92,587.07,586.14,584.83,583.50,582.44,581.84,581.35,580.88,580.45,580.04,579.61,579.39,579.28,579.18,579.01,578.74,578.25,577.67,577.07,576.51,575.92,575.35,574.82,574.29,573.80,573.32,572.82,572.28,571.75,571.22,570.80,570.48,570.09,569.72,569.72,569.92,569.89,569.26,567.21,564.38,561.52,559.87,556.70,555.00,555.00,555.00,555.00,555.00,555.00,555.00,555.00,555.00,555.00,555.00,555.00,555.00,555.00,555.00,555.00,555.00,555.00,555.00,555.00,555.00,555.00,555.00,555.00,555.00
711.88,706.39,701.48,696.63,691.39,686.20,684.18,682.27,678.35,670.84,662.92,656.81,652.90,651.77,654.38,659.72,666.01,672.39,678.35,683.38,687.50,690.75,692.75,693.13,692.24,690.50,688.02,685.04,682.41,679.94,677.69,676.12,675.00,674.43,674.47,675.44,677.60,680.31,682.60,684.10,685.54,683.51,679.24,672.07,658.70,640.18,626.89,619.14,615.55,612.83,608.77,602.64,595.64,592.04,590.08,589.09,588.42,587.58,586.72,586.51,586.44,586.31,586.58,586.77,586.86,586.89,586.84,586.77,586.55,586.13,585.41,584.17,582.56,581.11,580.07,579.49,579.18,579.08,579.03,578.88,578.77,578.68,578.60,578.52,578.45,578.34,578.26,578.16,577.83,577.36,576.88,576.47,576.20,576.20,575.92,575.51,575.08,574.68,574.13,573.91,573.95,574.00,574.33,574.65,575.09,575.78,576.82,577.78,578.13,578.00,578.19,579.63,580.64,581.13,581.41,581.79,582.29,582.83,583.38,584.00,584.62,585.05,585.13,584.71,584.51,586.93,591.02,595.55,598.91,601.44,603.32,604.74,606.02,607.00,607.73,608.20,608.37,608.39,608.32,608.16,607.97,607.75,607.71,607.91,608.33,608.95,609.72,611.08,612.75,614.65,617.34,620.22,623.17,625.99,628.16,630.19,631.81,632.98,633.69,634.21,634.53,634.41,633.72,632.69,631.66,630.42,628.97,627.33,625.44,622.26,618.42,614.36,609.76,607.95,607.65,607.85,607.46,605.33,602.75,600.27,598.08,596.15,594.14,592.15,590.37,589.13,588.21,587.36,586.50,585.62,584.45,583.47,582.75,582.30,581.87,581.45,581.06,580.69,580.24,579.83,579.60,579.43,579.13,578.67,578.10,577.48,576.87,576.28,575.71,575.15,574.61,574.07,573.52,573.03,572.54,572.00,571.50,571.00,570.53,570.08,569.52,568.94,568.76,568.85,568.75,567.86,565.99,563.60,561.23,559.82,556.70,555.00,555.00,555.00,555.00,555.00,555.00,555.00,555.00,555.00,555.00,555.00,555.00,555.00,555.00,555.00,555.00,555.00,555.00,555.00,555.00,555.00,555.00,555.00,555.00,555.00
708.17,702.90,698.04,693.19,687.94,682.45,681.30,679.93,675.57,666.85,658.40,652.17,648.73,648.96,652.02,657.74,664.11,669.91,674.56,678.53,681.68,683.89,684.84,684.86,684.21,682.88,680.63,677.53,675.09,672.99,671.18,670.07,669.34,668.98,669.13,670.23,672.47,675.60,678.59,680.85,682.38,680.97,677.27,669.20,651.42,632.02,621.02,616.03,613.38,610.48,606.29,600.45,594.00,590.45,589.27,588.63,587.97,587.31,586.70,587.00,587.60,588.08,588.53,588.83,589.06,589.22,589.15,589.02,588.65,588.05,587.21,586.18,584.63,582.88,581.21,579.95,579.12,578.76,578.66,578.51,578.43,578.36,578.27,578.20,578.12,577.99,577.92,577.82,577.43,576.98,576.50,576.01,575.55,575.43,575.19,574.69,574.03,573.61,573.00,572.59,572.40,572.39,572.52,572.74,573.05,573.58,574.53,575.33,575.30,574.67,574.69,576.73,578.11,578.67,578.98,579.74,580.73,581.58,582.22,582.83,583.43,583.61,583.13,581.83,580.82,582.40,585.85,590.45,595.13,598.48,600.66,602.06,603.27,604.07,604.72,605.19,605.33,605.42,605.44,605.36,605.17,605.00,605.12,605.42,605.81,606.21,606.71,607.40,608.20,609.21,611.01,613.99,617.25,620.14,621.94,623.85,625.32,626.35,626.97,627.33,627.39,627.26,626.85,625.88,624.83,623.58,622.20,620.88,619.21,615.39,611.10,608.15,607.08,605.97,605.28,604.96,604.10,602.35,600.30,598.34,596.67,594.85,592.84,590.94,589.41,588.51,587.66,586.82,586.01,585.20,584.26,583.63,583.20,582.81,582.42,582.05,581.69,581.33,580.84,580.24,579.86,579.57,579.13,578.53,577.91,577.29,576.67,576.06,575.49,574.94,574.40,573.86,573.26,572.74,572.25,571.71,571.23,570.76,570.24,569.63,568.90,568.12,567.69,567.56,567.36,566.28,564.68,562.75,560.82,559.74,556.70,555.00,555.00,555.00,555.00,555.00,555.00,555.00,555.00,555.00,555.00,555.00,555.00,555.00,555.00,555.00,555.00,555.00,555.00,555.00,555.00,555.00,555.00,555.00,555.00,555.00
704.31,699.36,694.74,689.67,683.87,679.45,677.65,675.68,671.28,662.12,654.10,649.10,646.95,647.49,649.88,655.40,661.52,666.68,670.81,673.76,675.80,676.99,677.04,676.63,675.70,674.25,672.25,670.07,668.01,666.01,664.10,662.62,662.02,661.86,662.41,664.36,667.34,670.71,674.01,676.83,678.45,677.09,673.33,663.09,638.35,622.80,616.39,613.88,611.13,607.20,602.85,597.61,592.30,589.90,588.91,588.20,587.67,587.72,588.08,588.65,589.38,590.28,591.29,592.01,592.58,592.97,592.92,592.60,591.65,590.39,589.20,588.26,586.93,585.31,583.48,581.48,579.88,578.84,578.29,578.14,578.06,577.98,577.90,577.83,577.75,577.65,577.58,577.44,577.05,576.60,576.10,575.59,575.13,574.75,574.48,573.94,573.15,572.69,572.24,571.87,571.62,571.44,571.30,571.23,571.20,571.31,571.90,572.07,571.71,571.14,571.09,571.61,572.01,572.23,572.75,575.11,578.02,580.13,581.08,581.71,582.23,582.39,581.91,580.43,579.02,579.54,581.71,585.33,590.01,593.91,596.84,598.88,600.15,601.00,601.66,602.13,602.27,602.36,602.43,602.44,602.40,602.42,602.69,603.05,603.44,603.83,604.25,604.91,605.58,606.10,606.72,608.45,610.73,613.18,615.43,617.43,618.78,619.56,619.81,619.86,619.78,619.81,619.90,619.41,617.60,615.11,612.85,612.04,611.10,609.43,607.44,605.67,604.72,603.76,602.81,601.91,601.02,600.21,598.94,597.33,595.62,593.79,591.85,590.15,588.89,588.01,587.16,586.38,585.69,585.15,584.61,584.16,583.76,583.38,582.99,582.65,582.27,581.81,581.23,580.62,580.06,579.53,578.95,578.34,577.72,577.11,576.49,575.87,575.27,574.69,574.15,573.62,573.06,572.52,572.00,571.46,570.93,570.45,569.84,569.05,568.23,567.35,566.65,566.19,565.83,564.77,563.46,561.88,560.26,559.59,556.67,555.00,555.00,555.00,555.00,555.00,555.00,555.00,555.00,555.00,555.00,555.00,555.00,555.00,555.00,555.00,555.00,555.00,555.00,555.00,555.00,555.00,555.00,555.00,555.00,555.00
700.95,696.16,691.27,686.07,680.85,677.43,675.28,672.23,666.83,658.05,650.72,646.29,644.62,645.64,648.12,652.96,658.29,662.86,666.21,668.30,669.49,669.91,669.45,668.68,667.56,666.11,664.33,662.54,660.71,659.21,658.05,656.89,656.52,656.62,657.32,659.14,661.94,665.08,667.79,669.62,670.37,666.89,659.47,646.37,624.79,614.82,611.65,610.24,607.42,603.24,599.09,594.78,590.92,589.49,588.72,588.37,588.60,589.80,591.37,592.79,594.12,595.42,596.61,597.40,597.95,598.26,598.15,597.63,596.29,594.60,593.02,591.59,589.91,588.06,585.97,583.45,581.17,579.52,578.52,578.10,577.79,577.64,577.57,577.49,577.41,577.31,577.20,577.03,576.67,576.20,575.70,575.20,574.73,574.24,573.88,573.36,572.68,572.24,571.82,571.46,571.16,570.91,570.70,570.53,570.38,570.30,570.52,570.44,570.11,569.73,569.65,569.64,569.69,569.77,570.14,571.94,574.15,576.13,577.81,579.64,580.81,581.14,580.56,578.92,577.43,577.71,579.25,581.79,585.60,589.67,593.01,595.33,596.80,598.00,599.09,599.82,599.91,599.99,600.05,600.13,600.25,600.37,600.65,600.98,601.29,601.58,601.90,602.34,602.75,602.98,603.11,604.05,605.53,607.38,609.43,610.75,611.68,612.24,612.34,612.76,612.92,613.13,613.43,613.07,611.57,609.53,607.73,607.10,606.39,605.54,604.49,603.28,602.36,601.61,600.87,600.11,599.45,599.01,598.00,596.48,594.74,592.95,591.15,589.59,588.46,587.77,587.08,586.45,585.91,585.48,585.06,584.67,584.28,583.88,583.41,582.96,582.49,581.94,581.32,580.71,580.07,579.43,578.81,578.16,577.51,576.88,576.26,575.64,575.05,574.49,573.94,573.37,572.83,572.29,571.75,571.20,570.66,570.09,569.36,568.49,567.63,566.72,565.87,565.15,564.52,563.50,562.37,561.13,559.70,558.02,556.00,555.00,555.00,555.00,555.00,555.00,555.00,555.00,555.00,555.00,555.00,555.00,555.00,555.00,555.00,555.00,555.00,555.00,555.00,555.00,555.00,555.00,555.00,555.00,555.00,555.00
697.95,693.18,687.81,682.62,678.60,676.02,673.72,669.37,662.44,654.40,647.75,643.49,641.87,643.40,646.31,650.31,654.65,658.65,661.12,662.46,662.97,662.82,662.07,660.99,659.71,658.29,656.69,654.98,653.32,652.44,652.30,651.80,651.75,652.13,652.87,654.09,656.21,658.49,659.74,659.43,658.34,652.06,640.45,625.62,612.49,608.25,607.12,605.93,603.11,599.16,595.44,592.21,589.89,589.25,588.88,589.31,590.72,593.23,595.97,598.42,600.48,602.08,603.25,603.92,604.28,604.38,604.14,603.43,601.90,599.98,598.04,595.83,593.51,591.19,588.79,585.87,583.03,580.82,579.26,578.37,577.73,577.44,577.29,577.17,577.09,576.96,576.81,576.62,576.28,575.78,575.29,574.83,574.38,573.94,573.55,573.09,572.58,572.14,571.65,571.24,570.90,570.61,570.43,570.28,570.13,569.99,569.88,569.78,569.64,569.49,569.41,569.40,569.44,569.49,569.55,569.88,570.25,571.38,573.67,576.77,578.76,579.42,578.84,577.18,575.97,576.49,577.80,579.35,581.87,585.71,589.18,591.73,593.55,595.22,596.85,597.96,597.99,598.07,598.11,598.26,598.54,598.69,598.91,599.14,599.37,599.55,599.77,599.94,600.05,600.13,600.16,600.63,601.47,602.65,604.07,604.43,604.84,605.20,605.25,606.24,606.90,607.41,607.73,607.30,606.56,605.73,604.93,604.30,603.59,602.84,602.01,601.05,600.18,599.65,599.29,599.00,598.67,598.31,597.29,595.75,594.02,592.32,590.68,589.25,588.21,587.74,587.27,586.83,586.42,586.01,585.57,585.14,584.74,584.30,583.71,583.11,582.51,581.90,581.28,580.66,580.01,579.35,578.70,578.01,577.31,576.65,576.02,575.40,574.84,574.29,573.73,573.13,572.57,572.02,571.47,570.92,570.37,569.66,568.84,567.93,567.06,566.15,565.24,564.34,563.44,562.43,561.41,560.49,559.21,556.03,555.11,555.00,555.00,555.00,555.00,555.00,555.00,555.00,555.00,555.00,555.00,555.00,555.00,555.00,555.00,555.00,555.00,555.00,555.00,555.00,555.00,555.00,555.00,555.00,555.00,555.00
695.38,690.35,684.87,680.19,677.35,674.97,672.65,667.28,658.85,651.05,644.36,640.03,638.47,640.21,643.28,646.88,650.66,654.08,655.93,656.61,656.64,656.20,655.13,653.86,652.38,650.80,649.18,647.45,646.09,645.39,645.27,645.15,645.64,646.31,647.06,648.08,649.48,649.10,646.88,642.86,637.67,631.21,622.92,614.08,608.03,605.45,604.00,602.34,599.76,596.43,593.23,590.86,589.64,589.58,590.38,592.46,595.51,598.99,601.92,604.59,606.78,608.31,609.38,610.00,610.28,610.28,609.88,609.15,607.80,606.06,604.03,601.24,598.25,595.45,592.72,589.35,586.31,583.47,580.98,579.27,578.45,577.77,577.19,576.83,576.73,576.63,576.47,576.23,575.86,575.39,574.92,574.49,574.20,574.31,574.34,573.98,573.24,572.54,571.79,571.14,570.64,570.31,570.12,570.00,569.88,569.74,569.63,569.50,569.38,569.29,569.22,569.20,569.19,569.19,569.26,569.40,569.56,570.03,571.01,572.43,574.14,575.33,575.57,574.61,574.58,575.49,576.74,578.05,579.69,582.22,585.45,588.90,591.54,593.40,595.11,596.28,596.38,596.46,596.63,596.94,597.33,597.46,597.62,597.80,597.99,598.19,598.38,598.52,598.61,598.64,598.65,599.03,599.54,600.09,600.66,600.77,600.89,601.03,601.07,601.65,603.19,604.41,604.62,604.10,603.47,602.79,602.13,601.52,601.03,600.52,599.99,599.43,598.86,598.39,598.11,597.95,597.75,597.56,596.66,595.22,593.65,592.10,590.61,589.39,588.60,588.18,587.77,587.35,586.91,586.47,586.01,585.50,584.96,584.41,583.80,583.18,582.57,581.95,581.33,580.71,580.11,579.48,578.75,578.01,577.23,576.49,575.83,575.21,574.62,574.05,573.49,572.88,572.28,571.69,571.10,570.50,569.86,569.12,568.30,567.41,566.47,565.57,564.67,563.75,562.86,561.82,560.80,560.06,559.08,555.78,555.00,555.00,555.00,555.00,555.00,555.00,555.00,555.00,555.00,555.00,555.00,555.00,555.00,555.00,555.00,555.00,555.00,555.00,555.00,555.00,555.00,555.00,555.00,555.00,555.00,555.00
693.18,687.82,682.28,677.84,675.49,673.58,671.12,665.18,656.18,648.62,641.43,636.59,634.66,636.09,638.78,642.19,645.79,649.00,650.59,650.93,650.72,650.11,648.86,647.33,645.44,643.49,641.75,639.98,638.82,638.15,637.88,637.95,638.54,639.12,639.63,640.19,640.66,638.72,634.72,628.95,622.16,616.52,611.47,607.29,605.12,603.23,601.33,599.25,596.82,594.07,591.92,590.69,590.38,590.71,592.62,596.18,600.60,604.73,607.63,610.30,612.61,614.28,615.44,616.23,616.68,616.75,616.27,615.35,613.81,611.93,609.80,606.94,603.86,600.74,597.45,593.63,590.28,587.01,583.94,581.58,580.06,578.75,577.69,577.05,576.72,576.43,576.15,575.85,575.49,575.09,574.69,574.44,574.57,575.20,575.44,575.07,574.18,573.32,572.41,571.59,570.90,570.36,570.00,569.83,569.72,569.59,569.49,569.35,569.22,569.13,569.05,568.99,568.93,568.92,569.00,569.13,569.28,569.41,569.51,569.72,570.84,572.00,572.67,572.54,573.35,574.50,575.71,576.91,578.09,579.64,582.18,585.60,589.01,591.50,593.42,594.63,594.82,594.97,595.31,595.77,596.20,596.30,596.40,596.54,596.71,596.92,597.10,597.25,597.33,597.35,597.43,597.80,598.17,598.40,598.48,598.50,598.48,598.47,598.52,598.89,600.62,601.98,602.08,601.61,601.10,600.55,599.98,599.43,599.06,598.70,598.34,598.02,597.66,597.22,596.95,596.85,596.71,596.67,596.02,594.84,593.39,591.97,590.68,589.70,589.08,588.65,588.23,587.77,587.29,586.80,586.32,585.76,585.15,584.54,583.92,583.30,582.68,582.08,581.50,580.90,580.34,579.75,579.03,578.26,577.44,576.63,575.88,575.17,574.45,573.80,573.18,572.55,571.93,571.30,570.68,570.03,569.30,568.53,567.73,566.88,565.92,565.04,564.12,563.19,562.30,561.26,560.37,559.41,558.01,555.56,555.00,555.00,555.00,555.00,555.00,555.00,555.00,555.00,555.00,555.00,555.00,555.00,555.00,555.00,555.00,555.00,555.00,555.00,555.00,555.00,555.00,555.00,555.00,555.00,555.00,555.00
691.38,685.65,680.03,675.41,672.69,671.68,668.88,662.90,654.57,647.25,639.13,633.34,630.57,631.07,632.81,636.07,639.86,643.24,644.94,645.34,645.15,644.54,643.30,641.45,638.95,636.46,634.51,632.75,631.68,630.89,630.37,630.43,630.50,630.54,630.49,630.21,629.50,627.72,624.50,619.78,615.03,611.00,607.68,604.94,602.76,601.00,598.96,596.68,594.31,592.05,591.57,591.83,592.25,592.83,595.54,600.16,605.50,609.93,612.73,615.32,617.84,620.04,621.54,622.82,623.70,624.05,623.61,622.22,619.97,617.46,615.14,612.77,610.28,607.06,603.00,598.76,594.95,591.50,588.39,585.64,582.84,580.63,579.10,578.19,577.33,576.53,575.96,575.61,575.30,575.03,574.77,574.85,575.63,576.66,576.74,576.22,575.36,574.51,573.60,572.73,571.85,570.88,570.12,569.80,569.68,569.58,569.44,569.28,569.13,569.01,568.92,568.74,568.65,568.67,568.74,568.83,568.97,569.12,569.25,569.36,569.73,570.13,570.57,571.26,572.31,573.47,574.63,575.80,576.96,578.19,579.56,581.64,585.59,589.24,591.69,592.98,593.28,593.57,594.12,594.69,595.08,595.17,595.20,595.30,595.45,595.62,595.84,595.97,596.02,596.07,596.32,596.75,597.16,597.47,597.54,597.56,597.51,597.47,597.56,598.14,599.15,599.84,599.88,599.62,599.34,599.05,598.70,598.23,597.83,597.45,597.10,596.78,596.47,596.04,595.76,595.67,595.54,595.62,595.37,594.60,593.23,591.89,590.91,590.15,589.55,589.08,588.58,588.05,587.52,586.99,586.46,585.92,585.34,584.72,584.11,583.50,582.88,582.29,581.80,581.26,580.71,580.16,579.57,578.81,577.98,577.11,576.21,575.32,574.38,573.54,572.81,572.13,571.50,570.88,570.23,569.52,568.71,567.92,567.14,566.34,565.47,564.56,563.60,562.63,561.69,560.70,560.08,558.46,555.74,555.10,555.00,555.00,555.00,555.00,555.00,555.00,555.00,555.00,555.00,555.00,555.00,555.00,555.00,555.00,555.00,555.00,555.00,555.00,555.00,555.00,555.00,555.00,555.00,555.00,555.00,555.00
689.30,683.37,677.69,673.06,670.33,669.58,666.21,660.48,652.95,644.46,635.76,630.77,629.02,629.14,629.93,631.61,633.65,635.57,636.60,637.12,637.35,637.14,636.00,634.71,633.12,631.53,630.24,629.09,628.08,626.74,625.22,624.46,624.13,624.00,623.91,623.49,621.95,619.86,616.92,613.21,610.16,607.32,604.74,602.38,600.13,598.06,596.08,594.47,593.50,592.62,592.75,593.42,594.33,595.39,597.78,603.04,609.28,613.46,616.63,619.92,623.13,625.88,628.18,630.20,631.62,632.27,631.86,630.18,627.67,624.65,621.23,617.69,614.88,611.91,608.36,604.45,600.41,596.80,593.58,590.58,587.91,585.69,583.82,582.21,580.52,578.83,577.84,577.52,577.29,577.10,576.96,576.96,577.29,578.00,577.92,577.38,576.58,575.70,574.85,573.93,572.88,571.59,570.30,569.82,569.70,569.58,569.39,569.23,569.07,568.92,568.80,568.62,568.47,568.40,568.45,568.52,568.66,568.79,568.92,569.08,569.29,569.50,569.80,570.41,571.32,572.42,573.57,574.72,575.85,576.99,578.11,579.55,582.21,585.66,588.96,591.27,591.91,592.40,593.00,593.57,593.95,594.01,594.01,594.06,594.16,594.36,594.55,594.67,594.74,594.87,595.24,595.69,596.13,596.49,596.60,596.59,596.55,596.53,596.67,597.33,598.00,598.43,598.53,598.39,598.17,597.90,597.55,597.08,596.62,596.20,595.85,595.55,595.27,594.85,594.58,594.50,594.45,594.63,594.71,594.33,593.20,592.15,591.33,590.56,589.81,589.28,588.75,588.21,587.66,587.13,586.59,586.05,585.49,584.91,584.34,583.76,583.18,582.62,582.11,581.58,581.04,580.51,579.96,579.15,578.27,577.35,576.38,575.41,574.45,573.52,572.66,571.89,571.22,570.56,569.89,569.17,568.34,567.49,566.63,565.78,564.93,564.05,563.14,562.20,561.24,560.35,559.88,558.19,555.24,555.00,555.00,555.00,555.00,555.00,555.00,555.00,555.00,555.00,555.00,555.00,555.00,555.00,555.00,555.00,555.00,555.00,555.00,555.00,555.00,555.00,555.00,555.00,555.00,555.00,555.00,555.00
687.13,681.09,675.45,670.97,668.40,667.51,663.79,658.39,651.19,640.65,632.39,628.83,628.20,628.07,628.11,628.25,628.55,628.97,629.24,629.79,630.36,630.50,629.58,628.95,628.39,627.80,627.18,626.62,625.69,623.85,621.37,619.77,619.16,619.00,618.96,618.57,616.46,613.84,610.97,608.13,606.28,604.23,601.99,599.69,597.52,595.49,593.91,593.17,593.56,593.97,594.36,595.09,596.26,597.78,600.24,605.88,612.50,616.47,620.31,624.48,628.39,631.68,634.85,637.57,639.47,640.41,640.05,638.22,635.64,632.33,627.99,623.12,619.53,616.46,613.37,609.91,605.84,602.12,598.80,595.68,593.39,591.36,589.35,587.30,585.18,582.97,581.69,581.33,581.07,580.70,580.40,580.07,579.70,579.75,579.36,578.66,577.82,576.92,576.09,575.06,573.78,572.23,570.49,569.86,569.73,569.56,569.34,569.17,569.00,568.85,568.68,568.53,568.33,568.17,568.16,568.21,568.34,568.46,568.59,568.80,569.03,569.23,569.43,569.79,570.43,571.39,572.50,573.64,574.73,575.87,576.99,578.08,579.36,582.09,585.73,588.88,590.19,591.21,591.92,592.46,592.81,592.85,592.85,592.84,592.89,593.11,593.26,593.36,593.49,593.71,594.15,594.62,595.07,595.47,595.64,595.61,595.59,595.62,595.78,596.42,596.91,597.24,597.42,597.36,597.17,596.84,596.41,595.94,595.42,594.97,594.60,594.30,594.05,593.65,593.40,593.36,593.39,593.65,593.96,593.91,593.09,592.32,591.59,590.78,589.91,589.37,588.83,588.29,587.75,587.21,586.67,586.13,585.58,585.03,584.48,583.93,583.39,582.85,582.31,581.78,581.24,580.71,580.16,579.34,578.42,577.47,576.49,575.50,574.56,573.59,572.62,571.78,571.03,570.31,569.59,568.87,568.05,567.14,566.22,565.31,564.43,563.57,562.70,561.79,560.85,560.10,559.36,557.66,555.20,555.00,555.00,555.00,555.00,555.00,555.00,555.00,555.00,555.00,555.00,555.00,555.00,555.00,555.00,555.00,555.00,555.00,555.00,555.00,555.00,555.00,555.00,555.00,555.00,555.00,555.00,555.00
684.86,678.95,673.65,669.63,667.42,665.70,662.58,657.52,649.00,634.90,629.90,628.22,627.41,626.98,626.88,626.94,627.14,627.40,627.34,627.64,627.87,627.82,627.35,627.05,626.57,625.96,625.35,624.80,623.98,622.16,619.55,617.77,617.16,616.96,616.84,616.41,614.29,610.92,607.74,605.47,603.54,601.36,599.01,596.78,595.28,594.71,594.40,594.41,594.93,595.54,595.98,596.60,597.59,599.29,603.95,609.63,614.99,619.25,624.41,629.26,633.51,637.22,641.12,644.16,646.28,647.45,647.27,645.54,643.09,640.10,636.25,631.03,625.92,621.33,617.41,614.15,610.42,606.81,603.50,600.61,598.15,596.11,594.48,593.28,592.22,590.94,589.91,589.22,588.52,587.31,585.95,584.78,583.95,582.95,581.69,580.33,579.04,578.20,577.23,575.88,574.22,572.46,570.68,569.92,569.67,569.50,569.33,569.13,568.95,568.77,568.57,568.40,568.20,568.00,567.91,567.92,567.99,568.13,568.32,568.50,568.72,568.94,569.18,569.49,569.85,570.47,571.38,572.52,573.61,574.75,575.87,576.97,578.14,579.64,581.80,584.43,587.26,589.76,590.86,591.36,591.64,591.72,591.73,591.69,591.70,591.86,591.96,592.09,592.28,592.58,593.03,593.50,593.95,594.38,594.63,594.66,594.65,594.68,594.81,595.24,595.70,596.08,596.30,596.29,596.11,595.72,595.23,594.76,594.29,593.79,593.36,593.05,592.76,592.42,592.24,592.25,592.38,592.65,592.96,593.05,592.62,591.94,591.20,590.44,589.74,589.28,588.77,588.23,587.69,587.15,586.61,586.07,585.50,584.90,584.30,583.75,583.21,582.67,582.13,581.64,581.13,580.55,579.90,579.22,578.36,577.45,576.55,575.61,574.68,573.71,572.73,571.83,570.95,570.12,569.32,568.57,567.84,566.95,566.03,565.10,564.13,563.21,562.27,561.32,560.49,559.96,557.77,555.74,555.05,555.00,555.00,555.00,555.00,555.00,555.00,555.00,555.00,555.00,555.00,555.00,555.00,555.00,555.00,555.00,555.00,555.00,555.00,555.00,555.00,555.00,555.00,555.00,555.00,555.00,555.00,555.00
682.66,677.08,672.28,668.70,666.62,664.50,661.72,656.78,647.67,632.54,628.91,627.98,627.05,626.26,625.72,625.62,625.71,625.76,625.58,625.72,625.73,625.51,625.25,625.05,624.67,624.16,623.59,623.07,622.32,620.58,617.94,615.78,615.19,615.01,614.85,614.50,612.95,609.74,606.27,603.43,601.19,598.99,597.06,595.58,594.89,595.02,595.30,595.63,596.08,596.69,597.28,597.95,599.35,602.97,608.16,613.17,617.84,622.75,628.48,633.61,638.35,642.92,647.21,650.68,653.25,654.73,654.53,652.71,649.92,646.57,642.61,637.73,632.47,627.34,622.73,618.99,615.21,611.58,608.24,605.38,603.05,601.23,599.89,599.10,598.60,597.97,597.32,596.72,596.03,594.83,593.09,591.12,589.20,587.41,585.60,583.79,582.06,580.46,578.76,577.06,575.31,573.25,570.85,569.88,569.63,569.45,569.29,569.12,568.93,568.71,568.48,568.29,568.10,567.90,567.73,567.66,567.68,567.80,568.00,568.18,568.43,568.68,568.93,569.23,569.47,569.88,570.52,571.43,572.52,573.67,574.81,575.92,577.07,578.07,579.38,581.18,583.61,586.18,588.00,589.21,589.90,590.23,590.27,590.23,590.26,590.52,590.65,590.81,591.06,591.41,591.87,592.33,592.82,593.31,593.66,593.72,593.68,593.64,593.68,594.02,594.44,594.86,595.18,595.19,595.06,594.66,594.11,593.59,593.12,592.62,592.16,591.80,591.46,591.19,591.10,591.18,591.37,591.66,591.97,592.12,591.85,591.24,590.61,590.00,589.47,589.10,588.64,588.14,587.63,587.09,586.54,585.99,585.39,584.77,584.13,583.54,582.97,582.40,581.87,581.36,580.84,580.26,579.60,578.98,578.18,577.33,576.46,575.54,574.64,573.71,572.77,571.85,570.95,570.06,569.19,568.34,567.58,566.74,565.84,564.90,563.90,562.96,561.99,561.02,560.21,559.85,557.15,555.00,555.00,555.00,555.00,555.00,555.00,555.00,555.00,555.00,555.00,555.00,555.00,555.00,555.00,555.00,555.00,555.00,555.00,555.00,555.00,555.00,555.00,555.00,555.00,555.00,555.00,555.00,555.00,555.00
680.56,675.33,671.01,667.82,665.85,663.68,661.03,656.10,646.95,632.31,628.83,627.94,626.94,625.83,624.76,624.39,624.25,624.06,623.84,623.89,623.75,623.41,623.17,622.94,622.69,622.34,621.81,621.29,620.52,618.83,616.22,613.73,613.14,613.02,612.87,612.58,611.70,609.00,605.37,601.66,599.13,597.15,595.99,595.58,595.65,595.98,596.39,596.77,597.08,597.60,598.33,599.38,601.77,607.88,612.61,616.74,621.19,626.80,632.61,637.85,643.12,648.59,653.05,656.96,660.05,661.93,661.74,659.86,656.63,652.53,647.94,643.61,638.93,633.97,628.97,624.44,620.36,616.63,613.20,610.24,608.15,606.64,605.54,604.87,604.59,604.37,604.13,603.84,603.40,602.70,601.05,598.52,595.42,592.95,590.67,588.51,586.29,583.58,580.86,578.75,576.87,574.33,571.00,569.80,569.62,569.41,569.25,569.15,568.95,568.67,568.43,568.20,568.01,567.82,567.60,567.44,567.40,567.47,567.64,567.88,568.15,568.42,568.68,568.97,569.22,569.52,569.88,570.43,571.47,572.62,573.77,574.93,576.06,577.02,577.94,578.86,579.90,581.70,584.16,586.28,587.62,588.35,588.44,588.46,588.65,589.12,589.32,589.53,589.83,590.23,590.68,591.15,591.70,592.28,592.71,592.77,592.68,592.54,592.46,592.77,593.16,593.62,594.05,594.08,594.01,593.65,593.06,592.47,591.97,591.50,591.03,590.59,590.21,590.02,590.02,590.19,590.41,590.69,590.99,591.15,590.95,590.41,589.95,589.54,589.16,588.83,588.46,588.03,587.56,587.01,586.47,585.88,585.27,584.63,583.96,583.32,582.71,582.11,581.56,581.02,580.48,579.91,579.29,578.67,577.94,577.14,576.27,575.36,574.48,573.63,572.75,571.83,570.97,570.09,569.15,568.19,567.33,566.51,565.65,564.71,563.72,562.77,561.80,560.83,559.98,559.45,556.95,555.00,555.00,555.00,555.00,555.00,555.00,555.00,555.00,555.00,555.00,555.00,555.00,555.00,555.00,555.00,555.00,555.00,555.00,555.00,555.00,555.00,555.00,555.00,555.00,555.00,555.00,555.00,555.00,555.00
678.69,673.42,668.83,665.84,664.83,662.88,660.06,655.29,646.68,632.39,628.91,627.91,626.83,625.73,624.66,623.76,623.03,622.49,622.16,622.02,621.71,621.29,621.06,620.83,620.60,620.28,619.79,619.06,617.84,615.82,613.25,611.40,610.79,610.69,610.60,610.00,608.22,604.96,601.70,599.31,597.60,596.74,596.40,596.39,596.56,596.91,597.32,597.72,598.11,598.55,599.19,601.64,606.40,612.20,616.74,621.17,626.00,631.50,637.15,642.91,648.49,653.61,658.13,662.01,665.33,667.79,668.48,667.50,664.75,660.20,654.02,649.13,644.61,640.27,635.94,631.17,626.78,622.87,619.32,616.17,613.88,612.41,611.49,610.99,610.82,610.71,610.59,610.42,610.10,609.56,608.40,606.57,603.90,600.23,597.00,594.07,591.21,588.11,584.92,581.91,578.82,575.04,571.12,569.79,569.63,569.46,569.35,569.22,569.03,568.76,568.49,568.21,567.94,567.70,567.47,567.26,567.13,567.15,567.33,567.61,567.87,568.14,568.42,568.68,568.96,569.23,569.49,569.86,570.55,571.61,572.77,573.92,575.01,575.93,576.73,577.48,578.29,579.43,580.89,582.49,584.13,585.45,585.66,586.03,586.83,587.69,587.96,588.23,588.60,589.04,589.50,590.00,590.62,591.28,591.75,591.76,591.63,591.46,591.32,591.50,591.89,592.41,592.92,592.96,592.94,592.69,592.22,591.61,591.04,590.50,590.01,589.57,589.23,589.22,589.35,589.50,589.69,589.89,590.10,590.25,590.19,589.86,589.51,589.18,588.84,588.53,588.20,587.85,587.43,586.89,586.36,585.73,585.08,584.46,583.82,583.15,582.51,581.89,581.26,580.70,580.16,579.60,578.98,578.36,577.70,576.95,576.09,575.17,574.30,573.45,572.59,571.68,570.89,570.10,569.21,568.20,567.25,566.37,565.45,564.47,563.52,562.59,561.62,560.68,559.68,557.44,555.78,555.00,555.00,555.00,555.00,555.00,555.00,555.00,555.00,555.00,555.00,555.00,555.00,555.00,555.00,555.00,555.00,555.00,555.00,555.00,555.00,555.00,555.00,555.00,555.00,555.00,555.00,555.00,555.00,555.00
676.85,671.22,666.25,663.26,662.83,661.37,658.67,654.32,646.79,633.96,629.60,628.01,626.90,625.77,624.68,623.43,622.26,621.37,620.75,620.31,619.75,619.16,618.89,618.64,618.40,618.07,617.48,616.51,614.95,612.81,610.48,609.06,608.26,607.86,607.41,606.27,604.25,601.30,598.92,597.83,596.97,596.92,597.12,597.32,597.50,597.83,598.22,598.68,599.30,600.15,601.30,605.21,611.72,616.82,621.38,626.17,631.29,636.66,642.35,648.32,653.88,658.63,662.99,666.71,670.04,672.75,673.97,673.74,671.61,667.30,660.73,654.98,650.35,646.31,642.43,637.98,633.86,630.18,626.79,623.57,621.10,619.49,618.44,617.84,617.57,617.37,617.22,617.05,616.60,615.78,614.63,613.14,610.98,607.11,603.60,600.15,596.58,593.08,589.51,585.80,581.73,576.91,571.90,570.01,569.67,569.54,569.44,569.32,569.12,568.86,568.55,568.26,567.96,567.67,567.42,567.16,566.95,566.90,567.05,567.33,567.59,567.86,568.14,568.39,568.66,568.89,569.12,569.40,569.84,570.68,571.75,572.88,573.93,574.80,575.54,576.28,577.09,577.88,578.63,579.72,581.23,582.66,583.17,583.96,585.16,586.28,586.61,586.93,587.37,587.83,588.33,588.91,589.53,590.14,590.62,590.64,590.52,590.34,590.18,590.32,590.70,591.26,591.80,591.86,591.87,591.71,591.37,590.79,590.23,589.71,589.22,588.79,588.47,588.56,588.75,588.92,589.08,589.24,589.39,589.52,589.56,589.40,589.12,588.81,588.50,588.19,587.89,587.58,587.22,586.74,586.23,585.59,584.91,584.28,583.66,582.98,582.32,581.69,581.00,580.42,579.86,579.29,578.66,578.04,577.43,576.73,575.90,575.00,574.12,573.26,572.41,571.56,570.86,570.12,569.26,568.26,567.28,566.26,565.21,564.17,563.30,562.41,561.46,560.57,559.48,556.09,555.00,555.00,555.00,555.00,555.00,555.00,555.00,555.00,555.00,555.00,555.00,555.00,555.00,555.00,555.00,555.00,555.00,555.00,555.00,555.00,555.00,555.00,555.00,555.00,555.00,555.00,555.00,555.00,555.00,555.00
674.98,668.64,663.33,660.14,659.56,658.86,656.74,653.17,647.31,637.58,631.12,628.29,627.23,625.94,624.67,623.37,622.09,620.86,619.75,618.89,617.94,617.02,616.66,616.35,616.09,615.66,614.80,613.65,611.99,610.12,608.28,606.77,605.57,604.44,603.05,601.16,600.18,598.98,598.05,597.74,597.52,597.65,597.94,598.24,598.42,598.74,599.17,599.77,600.78,602.72,605.28,610.45,617.59,622.06,626.87,631.87,637.00,642.38,648.40,654.07,659.22,663.78,667.70,671.18,674.26,676.70,677.79,677.85,676.36,673.25,668.16,661.46,656.39,652.10,648.14,644.65,641.54,638.70,635.87,632.78,630.31,628.34,626.78,625.68,625.04,624.53,624.21,623.90,622.98,621.39,619.49,617.54,615.60,613.00,610.26,606.73,602.38,598.34,594.42,590.38,585.93,580.53,573.70,570.59,569.75,569.66,569.52,569.42,569.22,568.92,568.62,568.37,568.08,567.78,567.48,567.18,566.89,566.73,566.80,567.03,567.32,567.59,567.84,568.13,568.32,568.48,568.70,569.02,569.41,569.88,570.70,571.82,572.82,573.64,574.37,575.14,576.03,576.88,577.71,578.57,579.47,580.33,581.34,582.52,583.79,584.91,585.28,585.66,586.12,586.61,587.20,587.90,588.42,588.77,589.21,589.38,589.33,589.17,589.08,589.26,589.66,590.20,590.71,590.80,590.82,590.72,590.47,589.99,589.56,589.15,588.72,588.29,587.97,588.02,588.22,588.42,588.58,588.74,588.89,589.02,589.07,589.00,588.75,588.44,588.13,587.82,587.51,587.20,586.88,586.52,586.07,585.46,584.78,584.11,583.48,582.81,582.14,581.51,580.82,580.19,579.58,578.97,578.35,577.74,577.12,576.46,575.71,574.86,573.96,573.08,572.27,571.55,570.90,570.18,569.33,568.33,567.38,566.19,564.92,563.77,563.01,562.23,561.36,560.49,559.42,556.08,555.00,555.00,555.00,555.00,555.00,555.00,555.00,555.00,555.00,555.00,555.00,555.00,555.00,555.00,555.00,555.00,555.00,555.00,555.00,555.00,555.00,555.00,555.00,555.00,555.00,555.00,555.00,555.00,555.00,555.00
673.20,666.29,661.38,658.60,657.52,656.49,654.57,651.77,647.52,640.42,632.44,628.52,627.35,626.04,624.76,623.46,622.14,620.82,619.43,618.03,616.41,614.94,614.52,614.12,613.76,613.19,612.23,611.30,610.02,608.52,606.92,605.41,603.94,602.42,600.92,599.66,599.08,598.62,598.34,598.29,598.19,598.31,598.61,598.96,599.30,600.13,601.29,602.62,604.17,606.32,610.23,616.57,624.28,629.36,634.40,639.25,644.12,649.37,654.88,660.26,665.01,668.90,672.48,675.91,678.78,680.89,682.03,682.29,681.48,679.24,674.93,668.98,663.73,659.13,655.07,651.58,648.36,645.68,643.30,640.82,638.70,636.96,635.47,634.30,633.53,632.85,632.28,631.55,630.11,628.52,626.58,624.23,621.38,618.22,615.18,611.64,607.44,603.28,599.30,595.14,590.42,584.55,577.66,572.48,569.82,569.74,569.62,569.51,569.31,569.03,568.72,568.45,568.15,567.85,567.54,567.23,566.86,566.60,566.55,566.77,567.03,567.28,567.52,567.77,567.91,568.08,568.33,568.68,569.07,569.46,570.04,570.85,571.76,572.62,573.45,574.30,575.21,576.07,576.87,577.64,578.40,579.15,580.11,581.24,582.46,583.55,583.96,584.38,584.91,585.51,586.16,586.75,587.18,587.48,587.84,588.00,587.95,587.93,588.23,588.67,589.16,589.62,589.94,590.03,590.05,589.98,589.79,589.37,589.01,588.64,588.24,587.82,587.44,587.50,587.69,587.88,588.03,588.19,588.34,588.49,588.58,588.56,588.32,588.03,587.75,587.45,587.14,586.78,586.38,585.93,585.60,585.30,584.85,584.15,583.50,582.81,582.13,581.46,580.77,580.04,579.36,578.70,578.05,577.42,576.81,576.17,575.49,574.68,573.84,573.03,572.28,571.59,570.96,570.25,569.40,568.41,567.26,565.93,564.55,563.30,562.41,561.68,560.92,560.20,559.30,556.06,555.00,555.00,555.00,555.00,555.00,555.00,555.00,555.00,555.00,555.00,555.00,555.00,555.00,555.00,555.00,555.00,555.00,555.00,555.00,555.00,555.00,555.00,555.00,555.00,555.00,555.00,555.00,555.00,555.00,555.00
671.31,664.13,659.88,657.65,656.11,654.57,652.75,650.56,647.59,642.56,633.51,628.76,627.45,626.15,624.90,623.61,622.29,620.94,619.42,617.54,615.32,613.32,612.63,612.07,611.57,610.91,609.97,609.32,608.46,607.27,605.83,604.34,602.71,601.10,599.84,599.38,599.01,598.89,598.90,598.94,598.86,598.97,599.35,599.91,600.56,601.95,603.81,605.88,608.13,610.61,615.77,623.09,631.23,637.13,642.48,647.19,651.78,656.89,661.64,666.47,670.67,673.92,677.37,680.75,683.38,685.20,686.45,686.90,686.68,685.21,681.69,677.06,671.75,666.75,662.44,658.62,655.01,652.25,650.12,648.22,646.48,645.10,643.87,642.75,641.95,641.18,640.33,639.16,637.31,635.81,633.91,631.23,627.52,623.54,619.94,616.23,612.18,608.04,604.02,599.81,594.95,588.79,582.25,575.28,570.63,569.87,569.73,569.60,569.40,569.14,568.83,568.53,568.23,567.92,567.59,567.26,566.82,566.46,566.30,566.50,566.73,566.95,567.18,567.39,567.49,567.68,567.99,568.38,568.76,569.13,569.51,570.00,570.81,571.72,572.64,573.56,574.45,575.30,576.05,576.78,577.55,578.32,579.10,580.06,581.18,582.21,582.67,583.16,583.77,584.46,585.11,585.56,585.90,586.20,586.49,586.64,586.67,586.87,587.55,588.24,588.81,589.18,589.32,589.39,589.40,589.36,589.19,588.82,588.49,588.13,587.75,587.36,586.91,586.98,587.17,587.33,587.48,587.63,587.78,587.94,588.07,588.09,587.89,587.62,587.36,587.06,586.72,586.31,585.79,585.23,584.99,584.98,584.81,584.22,583.58,582.89,582.19,581.49,580.78,579.97,579.22,578.52,577.84,577.20,576.58,575.95,575.28,574.51,573.76,573.04,572.34,571.65,571.01,570.31,569.47,568.41,567.06,565.60,564.17,562.84,561.74,561.02,560.39,559.87,559.16,556.02,555.00,555.00,555.00,555.00,555.00,555.00,555.00,555.00,555.00,555.00,555.00,555.00,555.00,555.00,555.00,555.00,555.00,555.00,555.00,555.00,555.00,555.00,555.00,555.00,555.00,555.00,555.00,555.00,555.00,555.00
668.96,662.41,658.94,657.18,655.58,653.97,652.25,650.21,647.49,643.10,633.90,629.01,627.69,626.39,625.15,623.86,622.54,621.21,619.75,617.70,615.40,613.20,611.55,610.55,609.87,609.28,608.67,608.10,607.26,606.15,604.81,603.30,601.77,600.68,600.02,599.68,599.40,599.28,599.28,599.36,599.44,599.67,600.50,601.81,603.15,604.71,606.48,608.78,612.05,616.14,622.34,630.07,638.21,644.42,650.33,655.32,659.91,664.87,668.86,672.34,675.50,678.62,682.57,685.67,687.95,689.66,691.06,691.73,691.79,691.05,689.05,685.99,680.78,675.17,670.09,665.75,662.00,658.94,656.52,654.72,653.00,651.86,650.91,649.94,649.15,648.38,647.30,645.81,643.95,642.11,639.82,637.02,633.68,629.93,625.88,621.38,616.61,612.45,608.29,604.06,599.34,593.39,586.78,579.88,573.90,570.19,569.79,569.70,569.50,569.21,568.90,568.59,568.32,568.00,567.58,567.16,566.70,566.27,565.99,566.19,566.38,566.58,566.80,566.96,567.05,567.31,567.67,568.06,568.44,568.74,569.07,569.51,570.15,571.02,571.95,572.84,573.65,574.44,575.21,575.97,576.74,577.51,578.29,579.11,580.00,580.88,581.53,582.13,582.77,583.44,583.96,584.34,584.63,584.89,585.19,585.46,585.88,586.47,587.17,587.86,588.40,588.74,588.87,588.90,588.90,588.83,588.64,588.31,587.95,587.61,587.26,586.86,586.41,586.48,586.67,586.83,586.98,587.09,587.22,587.38,587.51,587.58,587.46,587.23,586.94,586.62,586.17,585.64,585.06,584.53,584.22,584.22,584.26,584.10,583.71,583.04,582.32,581.60,580.85,580.07,579.34,578.63,577.94,577.26,576.63,575.96,575.21,574.40,573.75,573.10,572.40,571.71,571.03,570.37,569.49,568.19,566.76,565.29,563.84,562.42,561.14,560.35,559.90,559.64,559.04,556.00,555.00,555.00,555.00,555.00,555.00,555.00,555.00,555.00,555.00,555.00,555.00,555.00,555.00,555.00,555.00,555.00,555.00,555.00,555.00,555.00,555.00,555.00,555.00,555.00,555.00,555.00,555.00,555.00,555.00,555.00
666.53,661.06,658.24,656.66,655.04,653.42,651.74,649.71,647.13,643.53,636.63,631.16,627.98,626.63,625.34,624.01,622.68,621.34,619.86,617.65,615.25,612.89,610.76,609.58,608.74,608.07,607.49,606.92,606.08,605.03,603.78,602.31,601.21,600.58,600.22,599.92,599.68,599.59,599.71,600.11,600.90,601.77,603.02,604.58,606.16,607.82,609.92,612.90,617.29,622.81,629.38,636.64,644.31,651.79,658.49,663.57,667.69,671.75,675.12,678.06,681.00,684.25,687.97,690.74,692.86,694.54,695.85,696.55,696.73,696.37,695.21,693.04,688.90,683.80,678.30,672.98,668.85,665.59,663.01,661.17,659.45,658.39,657.48,656.38,655.39,654.42,653.24,651.81,650.14,648.04,645.46,642.50,639.23,635.63,631.52,626.81,621.67,616.94,612.34,607.81,603.04,597.44,591.03,584.52,578.28,573.00,570.38,569.77,569.59,569.31,569.00,568.66,568.34,567.97,567.50,567.05,566.60,566.17,565.83,565.88,566.01,566.21,566.40,566.50,566.63,566.94,567.32,567.67,568.00,568.27,568.63,569.09,569.65,570.37,571.21,572.07,572.84,573.61,574.39,575.14,575.85,576.38,577.08,577.82,578.62,579.54,580.37,581.11,581.77,582.35,582.77,583.12,583.45,583.80,584.25,584.70,585.35,586.10,586.80,587.52,588.01,588.29,588.40,588.40,588.40,588.32,588.11,587.78,587.42,587.10,586.76,586.36,585.95,585.97,586.14,586.29,586.45,586.56,586.68,586.81,586.96,587.07,587.03,586.82,586.45,586.05,585.54,584.96,584.36,583.83,583.44,583.42,583.55,583.59,583.43,583.00,582.39,581.66,580.92,580.20,579.51,578.84,578.14,577.44,576.75,576.00,575.19,574.35,573.68,573.04,572.39,571.70,571.03,570.39,569.47,567.98,566.43,564.88,563.37,561.92,560.62,559.94,559.62,559.44,558.89,555.96,555.00,555.00,555.00,555.00,555.00,555.00,555.00,555.00,555.00,555.00,555.00,555.00,555.00,555.00,555.00,555.00,555.00,555.00,555.00,555.00,555.00,555.00,555.00,555.00,555.00,555.00,555.00,555.00,555.00,555.00
664.08,659.96,657.67,656.09,654.47,652.85,651.17,649.09,646.58,643.79,640.03,633.87,628.19,626.82,625.45,624.07,622.72,621.37,619.80,617.46,614.92,612.42,610.19,608.98,608.03,607.17,606.43,605.78,604.92,603.93,602.82,601.59,601.11,600.85,600.62,600.35,600.14,600.18,600.58,601.52,603.22,604.90,606.47,607.94,609.44,611.16,613.89,617.90,623.55,630.13,636.50,642.89,650.05,659.15,666.49,671.50,675.00,678.01,680.88,683.80,686.98,690.40,693.40,695.81,697.86,699.56,700.65,701.32,701.54,701.34,700.50,698.72,696.13,692.25,686.82,680.51,675.81,672.29,669.59,667.62,665.90,664.86,663.86,662.56,661.37,660.15,658.95,657.72,656.19,653.85,651.00,647.81,644.32,640.74,636.82,632.28,627.04,621.46,616.19,611.15,606.18,600.99,594.99,589.09,583.32,577.59,571.89,570.12,569.69,569.42,569.10,568.74,568.32,567.88,567.42,566.97,566.56,566.16,565.79,565.58,565.65,565.83,566.00,566.04,566.24,566.56,566.91,567.20,567.46,567.76,568.18,568.71,569.25,569.75,570.46,571.27,572.04,572.81,573.58,574.31,574.86,575.00,575.58,576.28,577.10,578.15,579.14,580.05,580.77,581.25,581.60,581.97,582.40,582.91,583.58,584.25,584.98,585.73,586.44,587.19,587.63,587.84,587.90,587.90,587.90,587.82,587.60,587.23,586.90,586.59,586.25,585.87,585.49,585.47,585.59,585.74,585.89,586.04,586.15,586.25,586.41,586.55,586.60,586.40,585.91,585.39,584.85,584.27,583.67,583.14,582.67,582.61,582.74,582.81,582.87,582.80,582.39,581.68,580.99,580.35,579.72,579.08,578.37,577.66,576.87,576.03,575.18,574.35,573.57,572.91,572.31,571.63,571.01,570.37,569.36,567.68,566.01,564.35,562.77,561.35,560.16,559.71,559.33,558.95,558.46,555.86,555.00,555.00,555.00,555.00,555.00,555.00,555.00,555.00,555.00,555.00,555.00,555.00,555.00,555.00,555.00,555.00,555.00,555.00,555.00,555.00,555.00,555.00,555.00,555.00,555.00,555.00,555.00,555.00,555.00,555.00
661.74,658.88,657.02,655.42,653.81,652.22,650.52,648.42,645.92,643.09,637.64,632.01,627.93,626.63,625.29,623.95,622.62,621.25,619.63,617.21,614.56,612.00,609.83,608.59,607.52,606.53,605.67,604.86,603.92,603.05,602.44,602.30,602.28,602.28,602.29,602.27,602.32,602.80,603.87,605.52,607.15,608.62,610.02,611.39,612.81,614.56,617.90,623.23,630.53,636.96,642.36,648.87,657.20,666.03,672.12,676.78,680.97,685.08,687.75,690.28,692.96,695.70,698.21,700.36,702.17,703.67,704.87,705.76,706.21,706.21,705.57,703.90,701.68,698.76,694.83,689.59,684.12,679.60,676.26,674.18,672.59,671.63,670.92,670.23,669.62,668.72,667.47,665.72,663.21,660.25,656.96,653.23,649.05,645.26,641.41,636.89,631.54,625.90,619.71,613.98,608.78,603.76,598.40,593.18,588.10,582.89,576.98,572.21,569.86,569.49,569.12,568.75,568.37,567.99,567.58,567.20,566.79,566.33,565.86,565.46,565.34,565.40,565.52,565.60,565.89,566.16,566.41,566.66,566.90,567.31,567.78,568.28,568.82,569.29,569.85,570.51,571.28,572.06,572.79,573.40,573.70,573.44,573.88,574.63,575.54,576.62,577.67,578.79,579.72,580.30,580.76,581.20,581.74,582.42,583.16,583.86,584.60,585.37,586.11,586.84,587.22,587.38,587.40,587.40,587.40,587.29,587.06,586.72,586.36,586.03,585.72,585.37,585.00,584.97,585.06,585.18,585.33,585.48,585.59,585.69,585.85,586.00,586.11,585.90,585.31,584.71,584.12,583.55,582.99,582.45,581.93,581.83,581.92,582.02,582.18,582.31,582.18,581.74,581.10,580.52,579.91,579.25,578.45,577.66,576.83,575.98,575.14,574.33,573.52,572.77,572.11,571.51,570.93,570.21,568.90,566.79,565.09,563.51,561.98,560.63,559.89,559.57,558.18,556.63,556.42,555.35,555.00,555.00,555.00,555.00,555.00,555.00,555.00,555.00,555.00,555.00,555.00,555.00,555.00,555.00,555.00,555.00,555.00,555.00,555.00,555.00,555.00,555.00,555.00,555.00,555.00,555.00,555.00,555.00,555.00,555.00
659.80,657.82,656.27,654.69,653.10,651.55,649.78,647.65,645.18,642.27,635.01,629.98,627.59,626.31,625.00,623.69,622.38,621.00,619.23,616.65,613.86,611.29,609.39,608.17,607.05,605.97,605.04,604.10,603.26,602.73,602.71,603.44,603.86,604.20,604.49,604.69,605.19,606.19,607.74,609.67,611.04,612.24,613.45,614.72,616.11,618.31,622.50,628.95,637.19,642.98,648.15,655.43,664.73,672.21,677.17,681.74,686.55,691.33,693.94,696.33,698.71,700.93,702.92,704.70,706.26,707.66,709.00,710.28,711.14,711.49,711.06,709.32,706.91,704.34,701.46,697.47,692.25,687.34,683.50,681.30,679.70,678.61,677.91,677.59,677.30,676.71,675.57,673.63,670.44,666.66,662.65,658.27,653.47,649.31,645.27,640.58,635.08,629.40,622.37,616.25,611.14,606.30,601.53,596.96,592.52,587.99,582.72,576.23,571.82,570.02,569.31,568.88,568.54,568.20,567.83,567.47,567.01,566.53,566.04,565.55,565.24,565.09,565.05,565.14,565.45,565.67,565.87,566.09,566.38,566.87,567.36,567.82,568.36,568.83,569.31,569.86,570.56,571.31,572.01,572.48,572.52,571.97,572.25,573.03,574.07,575.21,576.33,577.54,578.58,579.28,579.96,580.58,581.26,582.03,582.78,583.50,584.24,585.00,585.77,586.49,586.81,586.90,586.90,586.90,586.90,586.77,586.50,586.19,585.83,585.49,585.16,584.85,584.49,584.45,584.52,584.62,584.77,584.92,585.03,585.13,585.28,585.44,585.61,585.44,584.81,584.16,583.52,582.90,582.32,581.76,581.21,581.06,581.13,581.26,581.50,581.73,581.80,581.64,581.13,580.61,580.02,579.32,578.49,577.64,576.79,575.94,575.10,574.31,573.47,572.65,571.92,571.36,570.82,569.93,568.36,565.97,564.05,562.44,561.07,560.05,559.63,558.74,556.81,555.00,555.00,555.00,555.00,555.00,555.00,555.00,555.00,555.00,555.00,555.00,555.00,555.00,555.00,555.00,555.00,555.00,555.00,555.00,555.00,555.00,555.00,555.00,555.00,555.00,555.00,555.00,555.00,555.00,555.00,555.00,555.00,555.00
658.42,656.81,655.37,653.89,652.34,650.79,648.92,646.74,644.35,641.50,633.61,628.92,627.24,625.88,624.56,623.25,621.96,620.55,618.46,615.63,612.63,610.09,608.79,607.67,606.55,605.48,604.53,603.57,603.13,603.24,603.86,604.85,605.71,606.52,607.15,607.48,608.69,610.27,611.89,613.37,614.42,615.55,616.70,617.86,619.35,622.63,628.04,635.20,643.13,647.87,654.20,662.96,672.44,677.41,681.99,686.92,691.90,696.08,698.82,701.51,704.12,706.29,707.66,708.89,710.22,711.67,713.16,715.02,716.51,717.40,717.25,715.26,712.13,708.95,706.05,703.00,699.65,695.56,691.59,689.21,687.35,685.77,684.64,684.04,683.49,683.02,682.25,680.77,677.73,672.93,667.82,662.67,657.44,652.78,648.14,643.02,637.31,631.36,623.75,617.75,613.24,608.69,604.38,600.36,596.44,592.53,588.47,582.84,576.63,571.39,569.81,569.25,568.88,568.53,568.18,567.69,567.17,566.72,566.37,565.95,565.43,564.94,564.61,564.65,564.86,565.09,565.29,565.50,565.91,566.42,566.89,567.33,567.86,568.33,568.84,569.36,569.90,570.58,571.23,571.56,571.39,570.73,570.76,571.53,572.74,574.02,575.24,576.38,577.34,578.10,579.14,580.10,580.96,581.71,582.42,583.18,583.90,584.63,585.40,586.16,586.39,586.40,586.40,586.40,586.40,586.25,585.95,585.63,585.31,584.96,584.61,584.30,583.98,583.92,583.96,584.06,584.21,584.36,584.47,584.57,584.73,584.88,585.08,585.02,584.53,583.81,583.11,582.39,581.69,581.09,580.53,580.31,580.35,580.58,580.87,581.06,581.24,581.31,581.03,580.59,579.98,579.27,578.48,577.63,576.79,575.94,575.09,574.25,573.40,572.57,571.78,571.18,570.63,569.52,567.77,565.40,562.94,561.10,560.06,559.72,559.25,556.82,555.35,555.00,555.00,555.00,555.00,555.00,555.00,555.00,555.00,555.00,555.00,555.00,555.00,555.00,555.00,555.00,555.00,555.00,555.00,555.00,555.00,555.00,555.00,555.00,555.00,555.00,555.00,555.00,555.00,555.00,555.00,555.00,555.00,555.00
657.02,655.54,654.15,652.72,651.21,649.74,647.94,645.93,643.77,640.99,633.01,628.42,626.81,625.12,623.85,622.63,621.29,619.58,616.88,613.83,611.19,609.25,608.17,607.12,606.05,605.00,604.10,603.68,603.79,604.24,604.97,605.97,606.98,607.98,609.03,610.28,612.05,613.88,615.56,616.99,618.14,619.41,620.84,622.48,624.69,628.58,634.63,641.88,649.15,654.49,661.57,670.02,678.19,682.57,687.42,692.73,697.87,701.92,704.75,707.38,709.81,711.73,712.77,713.62,714.54,715.69,717.36,719.71,721.59,722.74,722.78,721.16,718.03,714.52,710.99,707.32,704.47,701.31,697.88,694.90,693.01,691.65,690.84,690.57,690.18,689.58,688.53,686.75,683.58,678.60,672.51,666.01,659.76,654.73,649.66,644.04,637.85,631.60,623.83,618.09,614.27,610.83,607.54,603.94,600.18,596.45,592.91,588.50,582.55,576.11,572.28,570.12,569.23,568.85,568.43,568.00,567.55,567.15,566.81,566.35,565.79,565.25,564.83,564.61,564.42,564.49,564.72,565.02,565.47,565.93,566.39,566.87,567.37,567.87,568.39,568.92,569.44,570.05,570.47,570.45,569.94,569.42,569.66,570.50,571.65,572.88,574.12,575.23,576.24,577.25,578.46,579.72,580.74,581.49,582.20,582.96,583.68,584.40,585.15,585.75,585.91,585.91,585.91,585.91,585.91,585.74,585.43,585.12,584.78,584.43,584.10,583.79,583.48,583.38,583.40,583.50,583.64,583.80,583.91,584.01,584.16,584.32,584.53,584.56,584.22,583.48,582.77,582.05,581.33,580.63,579.87,579.44,579.41,579.81,580.26,580.54,580.75,580.88,580.75,580.37,579.74,578.98,578.24,577.44,576.62,575.81,575.00,574.22,573.39,572.55,571.72,571.01,570.44,568.75,566.43,564.06,561.61,560.30,559.71,559.18,557.46,555.71,555.00,555.00,555.00,555.00,555.00,555.00,555.00,555.00,555.00,555.00,555.00,555.00,555.00,555.00,555.00,555.00,555.00,555.00,555.00,555.00,555.00,555.00,555.00,555.00,555.00,555.00,555.00,555.00,555.00,555.00,555.00,555.00,555.00,555.00
655.68,654.18,652.80,651.39,649.97,648.59,646.89,645.07,643.15,640.50,632.51,627.85,626.06,624.09,622.89,621.66,620.15,618.06,614.85,611.88,609.82,608.55,607.54,606.53,605.53,604.60,603.96,604.17,604.75,605.40,606.09,607.00,608.04,609.25,610.86,613.14,615.38,617.39,619.19,620.76,622.17,623.66,625.41,627.59,630.60,635.03,641.38,648.41,655.13,661.73,669.41,677.08,683.74,688.35,693.59,699.03,704.08,707.95,710.82,713.32,715.51,717.18,718.07,718.71,719.31,720.18,721.99,724.64,726.70,727.93,728.14,727.09,724.22,720.55,716.45,711.99,709.16,706.64,703.75,700.33,698.43,697.31,696.86,696.98,696.64,695.73,694.12,691.76,688.36,683.34,676.46,668.71,661.31,655.88,650.40,644.25,637.52,631.02,623.65,618.43,615.32,613.06,610.87,607.78,604.24,600.64,597.08,593.54,588.36,581.76,575.82,571.71,569.87,569.20,568.71,568.37,568.00,567.64,567.27,566.75,566.22,565.73,565.26,564.77,564.19,564.04,564.20,564.55,565.00,565.43,565.89,566.41,566.90,567.43,567.97,568.49,568.97,569.43,569.61,569.23,568.43,568.29,568.90,569.83,570.90,572.08,573.32,574.41,575.49,576.68,577.95,579.40,580.54,581.31,582.01,582.77,583.49,584.21,584.93,585.32,585.41,585.41,585.41,585.41,585.41,585.24,584.92,584.60,584.24,583.90,583.60,583.29,582.98,582.86,582.85,582.95,583.09,583.24,583.35,583.45,583.60,583.77,583.98,584.09,583.90,583.18,582.46,581.77,581.06,580.27,579.26,578.57,578.44,578.99,579.59,579.98,580.25,580.39,580.37,580.02,579.36,578.57,577.88,577.13,576.37,575.60,574.84,574.13,573.32,572.48,571.65,570.84,570.12,567.80,564.89,562.52,560.42,559.42,558.98,558.21,555.62,555.03,555.00,555.00,555.00,555.00,555.00,555.00,555.00,555.00,555.00,555.00,555.00,555.00,555.00,555.00,555.00,555.00,555.00,555.00,555.00,555.00,555.00,555.00,555.00,555.00,555.00,555.00,555.00,555.00,555.00,555.00,555.00,555.00,555.00,555.00
654.52,652.74,651.28,649.96,648.66,647.38,645.72,643.90,642.09,639.82,631.50,626.36,624.29,622.43,621.34,619.70,617.63,615.15,612.15,610.25,608.96,607.92,606.91,605.91,604.94,604.46,604.82,605.29,605.89,606.54,607.25,608.07,609.06,610.89,613.39,616.12,618.75,621.11,623.23,625.15,626.98,628.75,630.54,632.74,636.24,641.42,647.51,653.96,660.83,669.25,677.51,684.70,690.71,696.34,701.67,706.40,710.39,713.46,716.22,718.74,720.94,722.64,723.69,724.51,725.27,726.29,728.15,730.49,732.26,733.35,733.65,733.17,730.66,727.21,723.35,719.28,716.20,713.20,710.12,707.28,705.16,703.58,702.86,702.89,701.79,700.10,697.72,694.67,690.91,685.45,678.37,670.27,662.01,655.86,649.81,643.14,635.98,629.54,623.99,620.10,617.56,615.81,614.45,612.31,609.67,606.49,601.77,597.40,592.58,587.00,580.88,575.32,571.57,569.60,569.19,568.87,568.50,568.10,567.66,567.18,566.69,566.22,565.73,565.15,564.53,564.06,563.85,564.01,564.45,564.94,565.43,565.94,566.51,567.05,567.59,568.03,568.21,568.31,568.35,567.82,567.05,567.91,568.90,569.97,571.12,572.34,573.62,574.76,575.80,576.82,577.91,579.22,580.32,581.12,581.83,582.58,583.31,584.03,584.70,584.88,584.91,584.91,584.91,584.91,584.91,584.71,584.36,584.05,583.72,583.40,583.10,582.79,582.48,582.36,582.35,582.43,582.53,582.68,582.79,582.89,583.05,583.25,583.48,583.65,583.59,582.92,582.17,581.46,580.77,580.04,578.79,577.81,577.52,578.11,578.67,579.17,579.58,579.83,579.80,579.39,578.72,577.97,577.33,576.67,575.98,575.23,574.47,573.77,573.00,572.21,571.42,570.63,569.33,566.59,563.47,561.14,559.97,557.67,556.22,555.98,555.16,555.00,555.00,555.00,555.00,555.00,555.00,555.00,555.00,555.00,555.00,555.00,555.00,555.00,555.00,555.00,555.00,555.00,555.00,555.00,555.00,555.00,555.00,555.00,555.00,555.00,555.00,555.00,555.00,555.00,555.00,555.00,555.00,555.00,555.00,555.00
653.73,651.70,649.98,648.53,647.32,646.08,644.60,642.95,640.63,636.12,629.21,624.73,622.29,620.13,618.54,616.52,614.39,612.37,610.30,609.13,608.25,607.37,606.38,605.49,605.09,605.28,606.04,606.63,607.21,607.84,608.59,609.66,611.15,613.51,616.43,619.43,622.26,624.83,627.15,629.20,631.14,633.03,635.01,637.55,641.66,647.17,653.21,659.90,667.85,677.06,685.42,692.65,698.74,703.83,708.51,712.54,715.92,718.60,721.21,723.84,726.27,728.28,729.65,730.69,731.67,732.83,734.57,736.49,737.86,738.68,738.98,738.79,737.05,734.46,731.24,727.34,724.08,720.98,718.04,715.47,712.94,710.70,709.06,707.92,705.86,703.20,699.74,695.68,691.57,685.73,678.65,670.50,661.67,655.30,648.64,641.68,634.96,629.64,626.16,623.83,622.11,620.59,618.98,616.66,613.98,610.86,606.11,601.20,596.26,591.10,585.29,579.42,574.99,572.10,570.63,569.55,569.00,568.58,568.11,567.65,567.19,566.71,566.19,565.56,564.89,564.24,563.73,563.55,563.96,564.50,565.03,565.55,566.12,566.50,566.84,567.06,567.07,567.03,566.99,566.51,566.03,567.57,569.19,570.53,571.66,572.79,573.96,575.22,576.48,577.62,578.61,579.53,580.30,580.97,581.64,582.39,583.12,583.80,584.34,584.41,584.41,584.41,584.41,584.41,584.41,584.20,583.83,583.50,583.21,582.91,582.60,582.29,581.98,581.86,581.84,581.89,581.98,582.12,582.23,582.34,582.52,582.75,582.98,583.18,583.19,582.62,581.89,581.19,580.51,579.70,578.32,577.06,576.55,577.13,577.67,578.15,578.56,578.86,578.94,578.66,578.06,577.35,576.74,576.12,575.44,574.74,574.03,573.33,572.60,571.85,571.10,570.20,568.15,565.09,562.11,560.28,559.66,556.86,555.00,555.00,555.00,555.00,555.00,555.00,555.00,555.00,555.00,555.00,555.00,555.00,555.00,555.00,555.00,555.00,555.00,555.00,555.00,555.00,555.00,555.00,555.00,555.00,555.00,555.00,555.00,555.00,555.00,555.00,555.00,555.00,555.00,555.00,555.00,555.00,555.00,555.00
653.29,651.08,648.98,647.21,645.91,644.69,643.47,641.83,638.31,630.38,625.93,622.78,619.94,617.21,614.90,612.71,611.00,609.97,609.19,608.40,607.65,606.87,605.97,605.38,605.88,606.81,607.52,608.29,609.00,609.69,610.54,612.05,614.31,617.02,619.98,623.03,625.92,628.59,630.96,632.97,634.77,636.69,638.99,642.11,646.93,652.53,658.76,666.33,675.81,684.99,693.14,700.69,707.12,710.70,714.32,717.76,720.87,723.54,726.00,728.78,731.62,734.15,735.96,737.28,738.46,739.71,741.15,742.61,743.51,743.99,744.21,744.06,743.26,741.83,739.46,735.61,732.27,729.40,726.79,724.20,721.22,718.26,715.30,712.28,709.10,705.29,700.52,695.30,690.80,684.61,677.71,669.72,660.58,654.35,647.26,640.42,634.90,631.49,630.10,629.36,628.56,627.08,624.44,620.98,617.42,613.98,609.98,604.92,599.62,594.36,589.08,583.71,579.49,576.03,572.87,570.58,569.62,569.10,568.61,568.15,567.68,567.17,566.60,565.97,565.22,564.51,563.78,563.20,563.54,564.11,564.65,565.15,565.62,565.74,565.75,565.71,565.66,565.64,565.59,565.29,565.24,567.14,569.46,571.15,572.22,573.11,573.96,575.33,576.95,578.50,579.62,580.12,580.45,580.87,581.48,582.21,582.93,583.53,583.87,583.91,583.91,583.91,583.91,583.91,583.91,583.70,583.32,582.95,582.69,582.40,582.09,581.78,581.48,581.36,581.32,581.34,581.42,581.56,581.67,581.80,582.02,582.25,582.48,582.68,582.72,582.27,581.63,580.96,580.26,579.26,577.82,576.32,575.56,576.07,576.59,576.96,577.29,577.60,577.85,577.83,577.39,576.73,576.11,575.50,574.82,574.15,573.51,572.82,572.13,571.43,570.66,569.47,566.63,563.40,560.89,559.78,559.21,556.67,555.00,555.00,555.00,555.00,555.00,555.00,555.00,555.00,555.00,555.00,555.00,555.00,555.00,555.00,555.00,555.00,555.00,555.00,555.00,555.00,555.00,555.00,555.00,555.00,555.00,555.00,555.00,555.00,555.00,555.00,555.00,555.00,555.00,555.00,555.00,555.00,555.00,555.00
653.41,651.20,648.90,646.55,644.34,643.08,641.96,638.33,632.06,626.10,622.40,619.14,615.89,613.05,611.67,610.59,609.71,609.10,608.59,607.87,607.09,606.39,606.04,606.40,607.35,608.34,609.22,611.20,613.07,614.55,615.75,617.24,619.28,621.75,624.41,627.03,629.93,632.62,634.87,636.66,638.37,640.43,643.04,646.63,652.11,658.38,665.44,673.74,683.49,692.29,700.70,707.70,712.81,716.55,719.94,723.08,726.01,728.72,731.16,734.19,737.51,740.63,742.96,744.77,746.11,747.14,748.08,748.92,749.44,749.68,749.65,749.30,748.48,747.14,745.06,741.93,738.96,736.17,733.43,730.58,727.70,724.47,720.70,716.36,711.94,706.49,700.43,694.41,689.24,682.72,676.12,668.55,659.49,653.26,647.14,641.92,638.42,636.96,636.84,636.89,636.60,635.26,631.40,626.18,620.96,616.49,612.56,608.17,603.08,597.56,592.37,587.14,582.78,579.06,575.74,573.06,571.06,569.77,569.12,568.64,568.14,567.56,566.92,566.25,565.49,564.76,563.96,563.17,563.27,563.72,564.06,564.23,564.38,564.41,564.37,564.30,564.27,564.23,564.15,564.01,564.22,566.04,568.31,570.17,571.35,571.70,571.63,572.61,574.43,576.75,579.04,580.12,580.63,580.97,581.41,582.02,582.72,583.27,583.40,583.41,583.41,583.41,583.41,583.41,583.41,583.20,582.82,582.44,582.15,581.85,581.54,581.24,580.98,580.86,580.82,580.84,580.91,581.01,581.13,581.29,581.52,581.70,581.93,582.14,582.24,581.93,581.36,580.70,579.88,578.61,577.19,575.67,574.76,574.97,575.34,575.67,575.98,576.29,576.59,576.77,576.59,576.11,575.49,574.87,574.20,573.54,572.91,572.26,571.62,570.94,569.91,567.73,564.60,561.88,560.12,559.24,557.24,555.70,555.00,555.00,555.00,555.00,555.00,555.00,555.00,555.00,555.00,555.00,555.00,555.00,555.00,555.00,555.00,555.00,555.00,555.00,555.00,555.00,555.00,555.00,555.00,555.00,555.00,555.00,555.00,555.00,555.00,555.00,555.00,555.00,555.00,555.00,555.00,555.00,555.00,555.00
653.21,650.71,647.84,644.28,640.29,638.40,636.79,632.23,625.38,621.50,618.13,615.10,612.32,610.08,609.52,609.27,608.98,608.57,608.09,607.36,606.75,606.43,606.73,607.92,609.62,611.24,612.70,615.34,617.77,619.62,621.06,622.80,624.63,626.82,629.19,631.45,634.19,636.67,638.72,640.35,642.04,644.19,647.23,651.48,657.53,664.43,672.04,680.52,689.86,698.27,706.68,713.20,717.50,721.57,725.11,728.33,731.37,734.34,737.17,740.42,743.80,746.92,749.34,751.32,752.69,753.56,754.21,754.67,755.00,755.14,754.97,754.50,753.58,752.21,750.23,747.47,744.63,741.79,738.88,735.80,732.88,729.24,724.67,719.25,713.87,707.23,700.23,693.43,687.24,680.62,674.38,667.29,658.62,652.79,648.03,644.61,642.92,642.78,643.27,643.56,643.32,641.94,637.57,631.10,624.47,619.00,614.89,611.11,606.46,600.95,595.57,590.39,585.87,581.99,578.73,575.86,573.18,571.14,569.96,569.19,568.59,567.95,567.27,566.58,565.77,564.98,564.08,563.16,562.96,563.21,563.36,563.31,563.26,563.25,563.22,563.20,563.18,563.10,563.02,562.95,563.22,564.73,566.76,568.55,569.66,569.57,569.00,569.79,571.70,574.45,577.61,579.58,580.60,581.02,581.40,581.88,582.47,582.90,582.91,582.91,582.91,582.91,582.91,582.91,582.91,582.70,582.32,581.94,581.60,581.29,580.99,580.68,580.30,580.00,579.86,579.90,580.06,580.23,580.45,580.71,580.95,581.13,581.31,581.54,581.70,581.49,580.91,580.10,579.05,577.61,576.22,574.77,573.81,573.83,574.10,574.41,574.72,575.03,575.34,575.65,575.71,575.45,574.86,574.25,573.59,572.94,572.34,571.72,571.09,570.23,568.70,565.76,562.66,560.63,559.35,558.08,555.63,555.00,555.00,555.00,555.00,555.00,555.00,555.00,555.00,555.00,555.00,555.00,555.00,555.00,555.00,555.00,555.00,555.00,555.00,555.00,555.00,555.00,555.00,555.00,555.00,555.00,555.00,555.00,555.00,555.00,555.00,555.00,555.00,555.00,555.00,555.00,555.00,555.00,555.00,555.00
652.24,648.89,644.72,638.98,631.99,628.42,625.35,622.36,619.29,615.86,612.67,610.94,610.18,609.58,609.13,608.84,608.54,608.13,607.60,606.83,606.76,607.42,608.36,609.98,613.07,616.50,619.21,621.25,622.83,624.07,625.46,628.10,630.06,632.06,634.24,636.48,638.76,640.68,642.38,644.05,645.88,647.99,651.64,656.93,663.41,670.66,678.13,685.86,694.00,702.14,709.95,716.40,721.28,725.48,729.58,733.40,737.02,740.64,744.55,747.90,750.60,752.66,754.39,755.93,757.12,758.02,758.80,759.37,759.83,760.10,760.01,759.64,758.82,757.52,755.48,752.26,749.03,745.94,742.91,739.72,736.33,731.90,726.40,720.12,714.33,707.50,700.12,692.46,684.73,678.39,672.61,666.00,658.17,653.45,650.32,648.53,648.01,648.04,648.24,648.03,647.21,645.43,641.81,635.21,627.88,621.68,617.22,613.66,609.67,604.72,598.80,593.59,589.02,585.03,581.71,578.75,576.19,573.70,571.36,569.84,569.00,568.35,567.72,567.05,566.13,565.13,564.08,563.10,562.54,562.48,562.54,562.58,562.57,562.57,562.60,562.64,562.62,562.49,562.39,562.27,562.30,563.28,564.95,566.35,567.03,566.74,566.58,567.70,569.63,572.05,575.21,578.24,580.16,580.92,581.43,581.86,582.17,582.36,582.41,582.42,582.42,582.42,582.42,582.42,582.42,582.21,581.82,581.44,581.06,580.73,580.43,580.10,579.32,578.52,578.12,578.20,578.60,579.00,579.49,579.96,580.25,580.48,580.61,580.79,581.00,580.84,580.15,578.94,577.43,576.04,574.71,573.37,572.54,572.63,572.92,573.23,573.53,573.85,574.15,574.46,574.72,574.73,574.23,573.63,573.00,572.40,571.84,571.22,570.55,569.12,566.79,563.73,561.05,559.80,558.40,555.86,555.13,555.00,555.00,555.00,555.00,555.00,555.00,555.00,555.00,555.00,555.00,555.00,555.00,555.00,555.00,555.00,555.00,555.00,555.00,555.00,555.00,555.00,555.00,555.00,555.00,555.00,555.00,555.00,555.00,555.00,555.00,555.00,555.00,555.00,555.00,555.00,555.00,555.00,555.00,555.00
642.30,637.83,633.70,629.14,624.61,622.03,619.80,617.70,615.47,612.53,610.59,609.73,609.45,609.23,608.83,608.49,608.14,607.76,607.58,607.53,608.07,609.43,611.93,614.78,618.21,621.64,624.39,626.16,627.39,628.49,629.95,632.54,634.30,636.02,637.98,640.21,642.38,644.21,646.01,648.15,651.06,653.71,657.15,661.74,667.67,674.41,681.41,688.44,695.64,703.74,711.93,719.12,724.87,729.56,734.05,738.75,743.24,746.88,750.25,753.08,755.45,757.43,759.17,760.60,761.77,762.67,763.26,763.74,764.12,764.27,764.09,763.73,762.93,761.73,759.89,756.88,753.38,749.82,746.33,742.89,739.11,734.21,728.19,721.32,715.06,708.49,701.25,693.22,684.59,677.96,672.37,666.55,660.16,656.60,654.95,654.48,654.80,654.97,654.84,653.92,652.07,648.93,644.71,638.67,631.83,625.21,619.90,616.16,612.55,608.21,602.50,596.99,592.21,588.14,584.73,581.87,579.26,576.60,573.88,571.62,569.91,568.83,568.10,567.25,566.34,565.38,564.41,563.42,562.44,562.17,562.18,562.20,562.16,562.10,562.07,562.05,561.97,561.82,561.72,561.53,561.33,561.70,562.52,563.29,563.75,563.81,564.37,565.81,567.70,569.87,572.72,575.94,578.64,580.37,581.00,581.39,581.65,581.79,581.82,581.83,581.86,581.89,581.92,581.92,581.92,581.71,581.32,580.93,580.55,579.65,578.58,577.57,576.34,575.31,574.80,574.86,575.24,575.66,576.16,576.65,577.01,577.19,577.48,577.75,577.86,577.60,576.84,575.77,574.69,574.02,572.96,572.02,571.52,571.62,571.85,572.14,572.43,572.70,572.98,573.28,573.61,573.80,573.57,573.04,572.44,571.83,571.25,570.60,569.43,567.42,564.71,561.85,560.16,558.47,556.68,555.16,555.00,555.00,555.00,555.00,555.00,555.00,555.00,555.00,555.00,555.00,555.00,555.00,555.00,555.00,555.00,555.00,555.00,555.00,555.00,555.00,555.00,555.00,555.00,555.00,555.00,555.00,555.00,555.00,555.00,555.00,555.00,555.00,555.00,555.00,555.00,555.00,555.00,555.00,555.00,555.00
630.64,625.60,622.17,619.61,618.45,617.37,616.41,614.94,612.78,610.44,609.79,609.50,609.21,608.96,608.63,608.31,607.99,607.78,608.13,609.10,610.41,612.48,616.33,620.21,623.67,626.74,629.31,631.01,632.13,633.23,634.68,636.81,638.28,639.72,641.44,643.62,645.78,647.88,650.12,652.91,656.83,659.90,662.75,666.15,671.24,677.22,683.66,690.05,696.38,704.31,713.29,721.54,728.25,733.54,738.62,744.04,749.11,752.55,755.16,757.48,759.75,761.97,763.91,765.35,766.51,767.38,767.73,768.09,768.27,768.20,767.86,767.40,766.60,765.50,763.90,761.21,757.53,753.49,749.46,745.65,741.50,736.27,729.91,722.63,715.95,709.77,702.96,695.06,686.15,679.08,673.52,668.52,663.80,661.35,660.78,661.12,661.78,661.92,661.37,659.77,656.91,652.39,647.34,641.84,635.68,628.92,622.90,618.80,615.31,611.48,606.27,600.46,595.44,591.24,587.73,584.97,582.29,579.57,576.79,573.92,571.32,569.67,568.66,567.59,566.70,565.83,564.94,563.93,562.58,562.08,561.95,561.90,561.82,561.68,561.57,561.45,561.30,561.15,561.04,560.81,560.47,560.36,560.38,560.56,560.86,561.26,562.32,563.92,565.76,567.76,570.27,573.35,576.58,579.29,580.21,580.74,581.06,581.21,581.22,581.21,581.25,581.31,581.38,581.40,581.41,581.20,580.77,580.20,579.61,578.05,576.12,574.36,572.71,571.51,570.89,570.85,571.12,571.50,571.94,572.39,572.75,572.85,573.25,573.58,573.58,573.24,572.49,571.69,571.08,570.86,570.08,569.58,569.41,569.48,569.63,569.87,570.28,570.90,571.69,572.10,572.45,572.78,572.87,572.43,571.86,571.24,570.57,569.72,567.98,565.53,562.73,560.31,559.60,557.28,555.10,555.01,555.00,555.00,555.00,555.00,555.00,555.00,555.00,555.00,555.00,555.00,555.00,555.00,555.00,555.00,555.00,555.00,555.00,555.00,555.00,555.00,555.00,555.00,555.00,555.00,555.00,555.00,555.00,555.00,555.00,555.00,555.00,555.00,555.00,555.00,555.00,555.00,555.00,555.00,555.00,555.00
623.45,620.32,618.30,616.71,615.69,614.74,613.86,612.82,611.52,610.09,609.64,609.34,609.01,608.80,608.68,608.64,608.76,609.17,610.24,612.34,615.07,618.16,621.38,624.68,628.28,631.85,634.87,636.87,638.15,639.16,640.17,641.49,642.72,643.99,645.49,647.43,649.56,652.63,656.09,659.59,663.11,665.45,667.41,669.88,674.20,679.48,685.47,691.37,696.92,703.85,713.82,723.44,731.09,736.97,743.46,748.83,752.97,756.26,759.14,761.81,764.38,766.81,768.86,770.28,771.33,772.07,772.43,772.72,772.57,772.15,771.66,770.82,769.99,768.97,767.40,764.65,760.98,756.75,752.27,747.80,743.30,737.85,731.32,723.92,717.10,711.24,705.33,698.78,691.16,683.76,677.92,673.53,670.55,669.01,668.25,667.77,667.39,666.87,665.70,663.68,660.54,655.72,650.56,644.73,638.51,632.24,626.64,622.02,618.01,614.17,609.80,604.00,598.71,594.25,590.61,587.76,585.05,582.38,579.72,576.86,574.06,571.73,569.94,568.74,567.84,566.91,565.84,564.59,563.30,562.21,561.63,561.47,561.33,561.18,561.01,560.83,560.67,560.52,560.38,560.22,560.07,560.02,560.01,560.06,560.15,560.29,560.65,561.84,563.58,565.67,568.08,570.82,573.84,576.75,578.64,579.91,580.50,580.65,580.64,580.60,580.56,580.60,580.71,580.77,580.83,580.64,580.00,578.59,577.01,575.09,573.03,571.04,569.09,567.61,566.70,566.36,566.46,566.84,567.29,567.67,567.83,567.82,567.94,568.04,568.03,567.86,567.39,566.68,565.62,564.07,563.27,562.99,562.92,562.91,563.00,563.09,564.16,566.62,570.00,570.91,571.30,571.72,572.00,571.71,571.21,570.58,569.65,567.97,565.98,563.63,561.29,559.88,559.39,557.12,555.00,555.00,555.00,555.00,555.00,555.00,555.00,555.00,555.00,555.00,555.00,555.00,555.00,555.00,555.00,555.00,555.00,555.00,555.00,555.00,555.00,555.00,555.00,555.00,555.00,555.00,555.00,555.00,555.00,555.00,555.00,555.00,555.00,555.00,555.00,555.00,555.00,555.00,555.00,555.00,555.00,555.00
619.06,617.07,615.70,614.63,613.94,613.43,612.94,612.39,611.77,611.02,610.41,609.96,609.69,609.65,609.81,610.20,610.86,611.91,613.60,616.26,619.48,622.82,625.77,629.19,633.13,636.90,639.85,641.91,643.36,644.51,645.52,646.54,647.60,648.77,650.20,652.14,654.41,657.97,662.12,666.24,669.72,671.29,672.36,674.01,677.52,682.26,687.55,692.69,697.65,704.38,715.01,725.39,733.64,740.14,747.11,752.40,756.25,759.67,762.88,765.87,768.67,771.22,773.43,774.96,775.96,776.55,776.78,776.87,776.44,775.72,774.96,773.98,773.22,772.25,770.67,768.00,764.38,759.83,754.75,749.72,744.85,739.35,732.96,725.74,718.86,713.11,707.69,702.14,696.05,689.37,683.95,680.01,677.62,676.29,675.41,674.53,673.47,672.13,670.16,667.66,664.20,658.98,653.51,647.39,641.02,634.83,629.25,624.52,620.38,616.57,612.65,607.54,602.13,597.19,593.41,590.51,587.83,585.27,582.74,579.91,577.14,574.55,572.29,570.63,569.17,568.01,566.86,565.52,564.15,562.75,561.77,561.29,561.06,560.89,560.69,560.48,560.33,560.20,560.05,559.94,559.89,559.87,559.87,559.87,559.87,559.87,559.89,560.55,561.70,563.29,565.63,568.19,571.05,574.01,576.40,578.08,578.99,579.41,579.58,579.53,579.44,579.41,579.50,579.62,579.69,579.32,578.36,576.60,574.59,572.42,570.09,567.61,565.40,563.92,563.08,562.74,562.75,563.03,563.34,563.58,563.63,563.60,563.59,563.59,563.58,563.52,563.28,562.82,561.97,560.49,559.90,559.75,559.70,559.64,559.65,559.68,560.63,562.87,565.94,566.74,567.11,568.29,570.78,570.95,570.24,569.31,568.13,566.07,563.97,561.96,560.31,559.48,558.23,556.37,555.00,555.00,555.00,555.00,555.00,555.00,555.00,555.00,555.00,555.00,555.00,555.00,555.00,555.00,555.00,555.00,555.00,555.00,555.00,555.00,555.00,555.00,555.00,555.00,555.00,555.00,555.00,555.00,555.00,555.00,555.00,555.00,555.00,555.00,555.00,555.00,555.00,555.00,555.00,555.00,555.00,555.00
616.79,615.28,614.00,613.19,613.11,613.33,613.46,613.45,613.30,613.03,612.08,611.47,611.32,611.53,611.99,612.85,614.08,615.75,617.92,620.63,623.55,626.56,629.67,633.81,638.13,641.82,644.26,646.26,647.94,649.47,650.87,652.02,652.98,654.06,655.48,657.56,660.10,663.80,668.21,672.82,676.48,677.32,677.57,678.52,681.28,685.57,689.97,694.19,698.83,706.08,716.96,727.47,735.97,743.08,749.71,754.94,759.13,762.93,766.43,769.65,772.58,775.16,777.53,779.19,780.20,780.63,780.66,780.45,779.83,778.90,777.82,776.94,776.31,775.38,773.82,771.36,767.80,762.80,757.04,751.51,746.26,740.81,734.80,728.06,721.25,715.47,710.17,705.17,700.58,695.38,690.96,687.38,684.70,683.08,682.17,681.25,679.88,677.68,674.84,671.79,668.00,662.35,656.34,649.94,643.40,636.94,631.07,626.48,622.53,618.81,615.02,611.05,605.71,600.24,596.25,593.28,590.67,588.26,585.89,583.12,580.53,578.01,575.54,573.20,570.81,569.22,567.97,566.63,565.07,563.57,562.31,561.39,560.99,560.77,560.57,560.37,560.22,560.13,559.99,559.90,559.88,559.82,559.81,559.81,559.81,559.82,559.87,559.99,560.19,560.87,563.02,565.41,568.13,571.08,573.63,575.42,576.67,577.53,578.02,578.03,577.92,577.82,577.81,578.00,578.03,577.35,576.02,574.34,572.33,569.99,567.25,564.20,561.91,560.73,560.22,560.12,560.13,560.22,560.29,560.28,560.16,560.14,560.14,560.14,560.14,560.13,560.04,559.95,559.81,559.52,559.33,559.23,559.16,559.09,559.03,559.07,559.29,559.73,560.25,560.65,561.03,563.26,568.86,569.64,568.68,567.39,566.01,564.03,562.04,560.58,559.66,558.87,556.38,555.20,555.00,555.00,555.00,555.00,555.00,555.00,555.00,555.00,555.00,555.00,555.00,555.00,555.00,555.00,555.00,555.00,555.00,555.00,555.00,555.00,555.00,555.00,555.00,555.00,555.00,555.00,555.00,555.00,555.00,555.00,555.00,555.00,555.00,555.00,555.00,555.00,555.00,555.00,555.00,555.00,555.00,555.00
615.19,614.64,614.32,614.22,614.44,614.77,615.29,615.60,615.70,615.82,615.14,614.72,614.67,614.87,615.36,616.36,617.83,619.83,622.23,624.85,627.62,630.60,634.10,638.41,642.58,645.93,648.24,650.78,653.26,655.51,657.38,658.74,659.53,660.20,661.15,662.87,665.60,670.10,675.23,679.85,682.44,682.80,682.51,682.94,685.83,689.45,693.07,696.97,702.11,710.00,720.25,729.98,738.18,745.53,751.74,757.00,761.67,765.97,769.60,772.91,775.89,778.43,780.38,781.72,782.57,783.01,783.11,782.87,782.27,781.47,780.63,779.94,779.37,778.60,777.32,774.99,771.27,765.99,759.77,753.54,747.99,742.46,736.75,730.81,724.71,719.08,713.80,708.88,704.53,700.21,696.54,693.51,691.20,689.68,688.36,686.97,685.27,682.72,679.40,675.88,672.01,667.01,660.14,653.03,646.23,639.94,634.09,629.18,625.08,621.49,617.84,614.11,609.61,604.57,599.68,596.28,593.76,591.55,589.35,586.97,584.78,582.22,579.37,576.61,573.84,571.32,569.21,567.57,565.95,564.38,563.04,561.99,561.18,560.73,560.47,560.31,560.20,560.07,559.96,559.88,559.83,559.76,559.75,559.76,559.80,559.80,559.78,559.78,559.82,560.09,561.08,562.13,564.25,567.47,570.68,572.78,574.13,575.09,575.79,575.97,575.99,575.95,575.91,576.02,575.90,575.12,573.77,572.05,569.63,566.88,564.09,561.64,560.44,559.85,559.56,559.48,559.52,559.55,559.59,559.00,557.25,557.02,557.02,557.02,557.02,557.02,556.99,556.98,556.97,556.93,556.88,556.83,556.80,556.77,556.74,556.76,556.80,556.86,557.04,558.78,559.77,560.91,563.72,564.46,564.62,564.25,563.19,561.70,560.63,559.91,559.00,556.96,555.47,555.00,555.00,555.00,555.00,555.00,555.00,555.00,555.00,555.00,555.00,555.00,555.00,555.00,555.00,555.00,555.00,555.00,555.00,555.00,555.00,555.00,555.00,555.00,555.00,555.00,555.00,555.00,555.00,555.00,555.00,555.00,555.00,555.00,555.00,555.00,555.00,555.00,555.00,555.00,555.00,555.00,555.00,555.00
614.60,614.83,615.26,615.71,616.15,616.54,617.31,617.87,618.15,618.54,618.39,618.31,618.38,618.58,619.27,620.58,622.38,624.57,626.93,629.40,632.08,635.15,638.99,643.21,647.04,650.16,652.62,655.63,658.70,661.48,663.77,665.36,666.13,666.52,667.07,668.63,671.95,677.25,682.63,686.54,687.88,687.68,687.00,687.13,690.06,693.14,696.46,700.51,706.17,714.23,723.55,732.44,740.37,747.75,753.69,759.04,764.10,768.71,772.43,775.79,778.78,781.17,782.77,783.83,784.54,785.01,785.23,785.07,784.57,783.96,783.42,782.90,782.35,781.67,780.61,778.50,774.81,769.46,762.89,755.83,750.05,744.39,738.84,733.55,728.37,723.24,718.11,713.16,708.86,705.07,701.93,699.34,697.34,695.93,694.25,692.42,690.35,687.42,683.78,679.70,675.53,671.23,664.58,656.95,649.63,643.33,637.63,632.49,628.15,624.48,620.94,617.25,613.41,609.02,603.88,600.08,597.36,595.13,593.13,591.16,589.31,586.81,583.78,580.67,577.39,573.98,570.85,568.43,566.76,565.16,563.81,562.68,561.53,560.76,560.39,560.23,560.15,560.02,559.92,559.85,559.76,559.70,559.69,559.73,559.76,559.75,559.68,559.67,559.70,559.76,559.84,559.86,561.17,563.90,566.88,569.12,570.97,572.47,573.44,573.82,573.98,574.01,573.96,573.98,573.70,572.77,571.23,569.19,566.35,563.71,561.49,559.96,559.67,559.53,559.05,558.42,558.46,558.47,558.51,557.69,555.32,555.00,555.00,555.00,555.00,555.00,555.00,555.00,555.00,555.00,555.00,555.00,555.00,555.00,555.00,555.00,555.00,555.00,555.20,557.46,558.62,558.73,558.85,559.34,560.74,561.51,560.88,559.99,559.67,559.13,557.81,555.40,555.00,555.00,555.00,555.00,555.00,555.00,555.00,555.00,555.00,555.00,555.00,555.00,555.00,555.00,555.00,555.00,555.00,555.00,555.00,555.00,555.00,555.00,555.00,555.00,555.00,555.00,555.00,555.00,555.00,555.00,555.00,555.00,555.00,555.00,555.00,555.00,555.00,555.00,555.00,555.00,555.00,555.00,555.00,555.00
615.71,616.16,616.60,617.09,617.72,618.30,619.18,619.92,620.38,620.81,621.48,621.89,622.08,622.45,623.75,625.88,628.25,630.50,632.39,634.64,637.33,640.57,644.57,648.38,651.77,654.91,657.98,661.05,664.05,666.89,669.42,671.26,672.39,672.82,673.32,675.33,680.04,685.86,690.41,692.41,692.68,691.61,690.68,690.87,693.35,696.25,700.18,705.03,710.91,718.18,726.37,734.64,742.56,749.74,755.71,761.24,766.44,770.97,774.72,778.16,781.05,783.13,784.75,785.78,786.47,786.97,787.29,787.30,786.96,786.53,786.21,785.75,785.18,784.43,783.38,781.64,778.46,773.40,766.61,758.53,752.60,746.81,741.16,736.13,732.02,727.96,723.30,718.31,714.14,710.46,707.54,705.10,703.01,701.55,699.82,697.75,695.16,691.65,687.81,683.00,677.97,674.05,669.87,662.32,654.00,647.13,641.72,636.74,632.08,627.88,624.41,620.69,616.94,613.18,609.38,605.36,601.81,599.16,597.42,595.78,594.07,591.86,589.08,585.68,581.42,577.36,573.22,569.22,567.43,565.92,564.57,563.34,562.07,560.92,560.32,560.11,560.03,559.94,559.86,559.78,559.71,559.63,559.67,559.67,559.63,559.62,559.56,559.58,559.62,559.64,559.71,559.73,560.04,560.68,561.50,563.50,566.70,569.75,571.11,571.71,572.00,572.08,572.01,571.93,571.52,570.26,568.13,565.25,562.16,560.70,560.11,559.67,559.48,559.38,557.96,555.79,555.72,555.72,555.74,555.57,555.07,555.00,555.00,555.00,555.00,555.00,555.00,555.00,555.00,555.00,555.00,555.00,555.00,555.00,555.00,555.00,555.00,555.00,555.04,555.51,555.76,555.78,555.81,555.91,558.26,560.06,559.85,559.54,559.35,557.80,555.60,555.09,555.00,555.00,555.00,555.00,555.00,555.00,555.00,555.00,555.00,555.00,555.00,555.00,555.00,555.00,555.00,555.00,555.00,555.00,555.00,555.00,555.00,555.00,555.00,555.00,555.00,555.00,555.00,555.00,555.00,555.00,555.00,555.00,555.00,555.00,555.00,555.00,555.00,555.00,555.00,555.00,555.00,555.00,555.00,555.00
616.64,617.23,617.74,618.28,619.00,619.86,620.77,621.60,622.26,622.76,623.54,624.41,625.23,626.11,628.12,630.70,633.31,635.68,637.87,640.27,643.14,646.42,649.81,653.02,656.26,659.56,662.86,665.94,668.98,671.90,674.53,676.61,678.08,679.06,680.51,683.94,689.27,694.38,697.68,698.25,696.75,695.04,694.05,694.26,696.37,699.47,703.84,709.03,714.81,721.41,728.93,736.70,744.30,751.23,757.32,762.91,768.17,773.01,777.00,780.31,783.10,785.30,786.82,787.83,788.71,789.50,790.08,790.44,790.64,790.74,790.60,789.66,788.41,787.24,786.08,784.28,781.60,776.89,770.26,762.31,755.82,750.03,744.46,739.23,735.32,731.91,728.07,723.82,719.89,716.57,713.92,711.59,709.29,707.30,705.23,702.82,699.78,695.84,691.71,686.62,681.18,676.77,673.15,667.38,659.97,652.07,646.08,641.30,637.06,633.16,629.57,625.81,621.50,617.26,613.80,610.37,607.26,604.76,602.89,601.21,599.71,597.72,594.95,591.12,586.72,581.59,575.60,569.68,567.82,566.36,564.95,563.63,562.35,561.17,560.38,559.98,559.91,559.87,559.79,559.72,559.64,559.57,559.59,559.57,559.51,559.50,559.47,559.48,559.52,559.56,559.60,559.61,559.65,559.72,559.90,560.98,562.95,564.85,565.80,567.17,568.05,568.45,568.43,568.15,567.25,565.74,563.91,562.19,560.45,559.78,559.65,559.25,557.77,557.36,556.45,555.05,555.00,555.00,555.00,555.00,555.00,555.00,555.00,555.00,555.00,555.00,555.00,555.00,555.00,555.00,555.00,555.00,555.00,555.00,555.00,555.00,555.00,555.00,555.00,555.00,555.00,555.00,555.00,555.00,556.41,557.53,557.48,557.40,557.32,556.33,555.00,555.00,555.00,555.00,555.00,555.00,555.00,555.00,555.00,555.00,555.00,555.00,555.00,555.00,555.00,555.00,555.00,555.00,555.00,555.00,555.00,555.00,555.00,555.00,555.00,555.00,555.00,555.00,555.00,555.00,555.00,555.00,555.00,555.00,555.00,555.00,555.00,555.00,555.00,555.00,555.00,555.00,555.00,555.00,555.00,555.00
617.47,618.11,618.70,619.35,620.19,621.30,622.24,623.13,623.97,624.56,625.23,626.45,627.98,629.63,632.32,635.22,637.99,640.58,643.29,645.94,648.94,652.11,654.83,657.54,660.69,664.12,667.58,670.68,673.99,677.08,679.72,681.89,683.67,685.34,687.92,692.79,698.40,702.64,704.79,704.21,701.02,698.65,697.50,697.66,699.49,702.86,707.50,712.77,718.34,724.37,731.45,738.75,745.82,752.52,758.73,764.33,769.64,774.91,779.31,782.51,785.21,787.60,789.03,790.08,791.17,792.33,793.28,794.09,794.92,795.57,795.59,794.24,792.35,790.69,789.25,787.13,784.64,780.19,773.95,766.59,759.57,753.76,748.29,742.89,738.76,735.62,732.55,729.23,725.68,722.75,720.37,718.13,715.71,713.24,710.88,708.09,704.51,700.07,695.58,690.42,684.88,679.82,675.91,672.01,666.15,657.76,650.93,646.09,642.31,638.94,635.26,631.45,626.53,621.56,617.94,615.19,612.88,610.72,608.68,606.86,605.52,603.72,600.91,596.61,592.13,585.90,578.06,570.24,568.14,566.67,565.20,563.79,562.53,561.38,560.45,559.88,559.81,559.78,559.73,559.65,559.58,559.51,559.49,559.44,559.38,559.38,559.38,559.39,559.42,559.48,559.48,559.47,559.51,559.59,559.67,559.82,560.02,560.20,560.55,562.44,563.78,564.43,564.46,564.05,562.80,561.30,560.12,559.93,559.74,559.63,559.38,558.45,555.84,555.16,555.10,555.00,555.00,555.00,555.00,555.00,555.00,555.00,555.00,555.00,555.00,555.00,555.00,555.00,555.00,555.00,555.00,555.00,555.00,555.00,555.00,555.00,555.00,555.00,555.00,555.00,555.00,555.00,555.00,555.00,555.10,555.17,555.17,555.17,555.16,555.09,555.00,555.00,555.00,555.00,555.00,555.00,555.00,555.00,555.00,555.00,555.00,555.00,555.00,555.00,555.00,555.00,555.00,555.00,555.00,555.00,555.00,555.00,555.00,555.00,555.00,555.00,555.00,555.00,555.00,555.00,555.00,555.00,555.00,555.00,555.00,555.00,555.00,555.00,555.00,555.00,555.00,555.00,555.00,555.00,555.00,555.00
618.15,618.69,619.29,620.18,621.46,622.62,623.63,624.57,625.46,626.22,626.88,628.07,630.02,632.88,635.97,639.22,642.39,645.41,648.43,651.23,653.89,656.56,659.40,662.29,665.25,668.55,672.31,675.61,679.87,683.54,685.98,687.66,689.73,691.90,694.88,699.87,705.57,709.99,711.95,710.65,707.05,703.70,701.79,701.60,703.41,706.75,711.20,716.23,721.62,727.31,734.15,740.88,747.16,753.73,759.97,765.57,770.91,776.52,781.71,785.25,787.91,790.13,791.65,792.87,794.09,795.47,797.10,798.50,799.73,800.61,800.73,799.91,798.49,796.65,794.34,791.50,788.02,783.41,777.80,771.40,764.51,758.33,752.86,747.97,743.34,739.49,736.37,733.69,730.94,728.22,725.95,723.90,721.77,719.73,717.67,714.55,709.96,704.57,699.48,694.50,689.48,684.39,679.47,675.42,670.91,664.81,657.38,651.38,647.07,643.92,640.66,636.69,631.88,626.84,622.48,619.66,617.69,615.90,614.05,612.17,610.74,609.07,606.40,601.65,596.08,589.30,580.78,571.67,568.66,566.98,565.51,564.06,562.66,561.35,560.40,559.88,559.80,559.69,559.64,559.60,559.51,559.44,559.38,559.32,559.26,559.26,559.26,559.30,559.34,559.35,559.30,559.29,559.33,559.41,559.48,559.56,559.61,559.63,559.79,560.50,561.01,561.27,561.28,561.13,560.66,560.10,559.67,559.59,559.51,559.43,558.50,556.34,555.23,555.00,555.00,555.00,555.00,555.00,555.00,555.00,555.00,555.00,555.00,555.00,555.00,555.00,555.00,555.00,555.00,555.00,555.00,555.00,555.00,555.00,555.00,555.00,555.00,555.00,555.00,555.00,555.00,555.00,555.00,555.00,555.00,555.00,555.00,555.00,555.00,555.00,555.00,555.00,555.00,555.00,555.00,555.00,555.00,555.00,555.00,555.00,555.00,555.00,555.00,555.00,555.00,555.00,555.00,555.00,555.00,555.00,555.00,555.00,555.00,555.00,555.00,555.00,555.00,555.00,555.00,555.00,555.00,555.00,555.00,555.00,555.00,555.00,555.00,555.00,555.00,555.00,555.00,555.00,555.00,555.00,555.00,555.00
618.70,619.18,619.96,621.12,622.60,623.90,625.01,626.00,626.91,627.77,628.72,630.34,632.83,636.28,639.75,643.33,646.94,650.44,653.66,656.53,659.10,661.65,664.72,668.06,671.31,674.75,678.65,682.22,686.39,689.76,691.87,693.48,695.89,698.56,702.06,707.42,713.00,717.06,718.45,716.52,712.79,709.25,706.95,706.30,707.79,710.91,714.99,719.57,724.54,729.85,736.31,742.81,748.98,755.28,761.28,766.99,772.78,779.03,784.49,788.14,790.75,792.82,794.43,795.71,796.96,798.42,800.29,801.96,803.42,804.49,804.86,804.42,803.22,801.31,798.76,795.84,792.01,787.54,782.51,776.72,770.30,763.99,758.30,753.46,748.85,744.92,741.76,739.15,736.56,733.77,731.44,729.36,727.28,725.35,723.37,720.31,715.48,708.83,703.33,698.39,693.67,688.99,683.91,679.44,675.22,670.47,663.78,657.38,652.62,649.33,646.12,642.05,637.30,632.13,627.06,623.87,621.96,620.32,618.53,616.50,614.67,612.74,610.05,605.35,598.75,591.26,582.42,573.09,569.19,567.29,565.82,564.36,562.89,561.44,560.42,559.87,559.76,559.63,559.56,559.50,559.43,559.37,559.30,559.23,559.16,559.14,559.13,559.17,559.19,559.16,559.12,559.12,559.17,559.24,559.30,559.35,559.37,559.39,559.47,559.55,559.63,559.67,559.67,559.66,559.61,559.54,559.48,559.41,559.33,559.27,558.01,555.28,555.00,555.00,555.00,555.00,555.00,555.00,555.00,555.00,555.00,555.00,555.00,555.00,555.00,555.00,555.00,555.00,555.00,555.00,555.00,555.00,555.00,555.00,555.00,555.00,555.00,555.00,555.00,555.00,555.00,555.00,555.00,555.00,555.00,555.00,555.00,555.00,555.00,555.00,555.00,555.00,555.00,555.00,555.00,555.00,555.00,555.00,555.00,555.00,555.00,555.00,555.00,555.00,555.00,555.00,555.00,555.00,555.00,555.00,555.00,555.00,555.00,555.00,555.00,555.00,555.00,555.00,555.00,555.00,555.00,555.00,555.00,555.00,555.00,555.00,555.00,555.00,555.00,555.00,555.00,555.00,555.00,555.00,555.00,555.00
619.13,619.61,620.72,622.16,623.65,625.14,626.38,627.46,628.43,629.42,630.94,633.35,636.41,639.88,643.71,647.70,651.76,655.72,659.04,661.94,664.68,667.52,670.86,674.78,678.67,682.50,686.34,690.14,693.30,695.67,697.42,699.39,702.19,705.43,709.62,715.52,720.74,723.91,724.40,721.96,718.32,715.22,712.88,711.67,712.56,715.28,718.82,722.76,727.11,731.99,737.98,744.54,751.16,757.10,762.71,768.69,775.31,782.38,787.59,791.10,793.67,795.64,797.31,798.53,799.73,801.13,802.85,804.50,806.01,807.26,807.97,807.69,806.38,804.50,802.25,799.81,796.29,792.27,787.72,782.27,776.61,770.48,764.51,759.30,755.15,751.68,748.54,745.55,742.56,739.56,736.94,734.59,732.31,730.13,727.98,725.30,720.96,713.09,707.29,702.18,697.44,693.38,688.92,684.09,679.33,674.84,669.90,663.86,658.81,655.06,651.52,647.40,642.64,637.30,631.75,627.97,625.76,624.00,622.09,619.79,617.35,614.82,611.94,607.73,600.29,592.00,583.14,574.45,569.72,567.60,566.12,564.64,563.16,561.63,560.49,559.85,559.71,559.62,559.49,559.38,559.32,559.30,559.23,559.16,559.08,559.02,559.01,559.01,558.99,558.93,558.92,558.97,559.04,559.10,559.11,559.12,559.12,559.15,559.23,559.31,559.38,559.42,559.42,559.41,559.22,559.11,559.09,559.01,558.94,558.91,557.77,555.25,555.00,555.00,555.00,555.00,555.00,555.00,555.00,555.00,555.00,555.00,555.00,555.00,555.00,555.00,555.00,555.00,555.00,555.00,555.00,555.00,555.00,555.00,555.00,555.00,555.00,555.00,555.00,555.00,555.00,555.00,555.00,555.00,555.00,555.00,555.00,555.00,555.00,555.00,555.00,555.00,555.00,555.00,555.00,555.00,555.00,555.00,555.00,555.00,555.00,555.00,555.00,555.00,555.00,555.00,555.00,555.00,555.00,555.00,555.00,555.00,555.00,555.00,555.00,555.00,555.00,555.00,555.00,555.00,555.00,555.00,555.00,555.00,555.00,555.00,555.00,555.00,555.00,555.00,555.00,555.00,555.00,555.00,555.00,555.00
619.43,620.04,621.47,623.21,624.79,626.30,627.68,629.09,630.67,632.56,634.69,637.37,640.46,643.88,647.99,653.02,657.77,661.57,664.79,667.76,670.80,674.12,677.95,681.88,685.82,689.62,693.11,696.28,699.16,701.63,703.79,706.15,709.47,713.62,718.35,723.40,727.92,730.45,730.75,728.67,725.28,721.99,719.19,717.38,717.68,719.79,722.37,725.40,729.34,734.03,739.83,746.26,752.82,758.65,764.60,771.26,778.50,785.65,790.50,793.83,796.40,798.45,799.92,801.04,802.13,803.42,805.15,806.90,808.36,809.48,810.09,809.85,808.51,806.53,804.18,801.70,798.53,794.78,790.61,786.11,781.39,776.38,771.12,765.86,761.46,757.69,754.47,751.61,748.80,746.13,742.98,739.86,737.31,734.72,732.37,729.87,726.22,719.52,712.68,706.56,701.20,696.55,692.65,688.62,684.32,679.74,674.94,669.20,664.04,659.76,655.70,651.60,647.00,642.10,637.24,632.87,629.44,626.78,624.57,621.86,618.89,615.94,612.90,608.92,601.19,592.95,584.35,575.77,570.20,567.86,566.32,564.72,563.11,561.45,560.35,559.81,559.70,559.58,559.43,559.30,559.24,559.19,559.12,559.04,558.98,558.94,558.90,558.86,558.80,558.73,558.73,558.79,558.85,558.87,558.87,558.87,558.90,558.95,559.03,559.11,559.18,559.22,559.22,559.09,557.64,556.84,556.83,556.80,556.76,556.75,556.25,555.12,555.00,555.00,555.00,555.00,555.00,555.00,555.00,555.00,555.00,555.00,555.00,555.00,555.00,555.00,555.00,555.00,555.00,555.00,555.00,555.00,555.00,555.00,555.00,555.00,555.00,555.00,555.00,555.00,555.00,555.00,555.00,555.00,555.00,555.00,555.00,555.00,555.00,555.00,555.00,555.00,555.00,555.00,555.00,555.00,555.00,555.00,555.00,555.00,555.00,555.00,555.00,555.00,555.00,555.00,555.00,555.00,555.00,555.00,555.00,555.00,555.00,555.00,555.00,555.00,555.00,555.00,555.00,555.00,555.00,555.00,555.00,555.00,555.00,555.00,555.00,555.00,555.00,555.00,555.00,555.00,555.00,555.00,555.00,555.00
619.68,620.50,622.18,624.15,625.89,627.44,629.12,631.07,633.39,636.16,638.84,641.66,644.78,648.44,652.94,658.62,663.65,667.14,670.19,673.37,676.97,680.91,684.95,688.89,692.83,696.55,699.77,702.38,705.09,707.73,710.33,713.24,716.99,721.94,727.17,731.41,735.02,736.91,737.11,735.60,732.90,729.63,726.46,723.99,723.36,724.42,725.91,728.07,731.55,736.06,741.82,748.16,754.59,760.40,766.64,773.95,781.74,788.71,793.33,796.49,799.00,801.04,802.32,803.38,804.41,805.62,807.34,809.09,810.46,811.41,811.81,811.35,809.95,807.89,805.36,802.77,799.87,796.34,792.52,788.84,784.89,780.93,776.52,771.56,767.08,763.05,759.66,756.80,754.15,751.68,748.26,744.66,741.82,738.81,736.17,733.58,730.41,725.25,717.98,711.25,705.40,700.07,696.08,692.57,688.70,684.08,679.20,673.74,668.53,663.78,659.28,655.06,650.54,646.06,641.95,637.42,633.11,629.54,626.72,623.55,620.10,616.77,613.56,609.67,601.86,593.73,585.41,576.94,570.62,568.05,566.44,564.72,563.01,561.24,560.20,559.77,559.67,559.52,559.38,559.26,559.17,559.10,559.01,558.95,558.90,558.88,558.80,558.73,558.65,558.59,558.56,558.60,558.62,558.63,558.64,558.64,558.69,558.76,558.85,558.92,558.99,558.77,558.32,558.11,556.12,555.00,555.00,555.00,555.00,555.00,555.00,555.00,555.00,555.00,555.00,555.00,555.00,555.00,555.00,555.00,555.00,555.00,555.00,555.00,555.00,555.00,555.00,555.00,555.00,555.00,555.00,555.00,555.00,555.00,555.00,555.00,555.00,555.00,555.00,555.00,555.00,555.00,555.00,555.00,555.00,555.00,555.00,555.00,555.00,555.00,555.00,555.00,555.00,555.00,555.00,555.00,555.00,555.00,555.00,555.00,555.00,555.00,555.00,555.00,555.00,555.00,555.00,555.00,555.00,555.00,555.00,555.00,555.00,555.00,555.00,555.00,555.00,555.00,555.00,555.00,555.00,555.00,555.00,555.00,555.00,555.00,555.00,555.00,555.00,555.00,555.00,555.00,555.00,555.00,555.00,555.00
619.85,620.99,622.81,624.87,626.83,628.59,630.94,633.71,636.79,640.08,643.13,646.09,649.47,653.98,659.22,664.38,668.69,671.85,674.64,678.29,682.96,687.80,691.32,695.53,699.62,703.38,706.68,709.25,711.68,714.13,716.89,720.62,724.58,729.94,735.66,739.77,742.20,743.33,743.34,742.38,741.28,738.75,735.59,732.43,730.10,729.27,729.59,731.02,733.93,738.13,744.03,750.49,756.85,762.69,768.82,776.53,784.73,791.34,796.08,799.12,801.37,803.17,804.39,805.48,806.58,807.82,809.39,810.83,812.08,812.98,813.13,811.92,810.40,808.32,805.66,803.03,800.20,796.91,793.39,789.97,786.35,782.79,779.07,775.07,771.19,767.37,763.67,760.26,757.44,754.68,751.61,748.40,745.23,741.93,738.75,735.65,732.42,728.40,722.41,716.34,710.58,704.89,699.50,695.30,691.35,686.96,682.28,677.09,671.85,666.81,662.13,657.48,652.79,648.37,644.55,640.87,636.82,632.67,628.67,625.00,621.14,617.48,614.02,610.02,602.31,594.10,585.88,577.79,570.95,568.12,566.41,564.66,562.95,561.13,560.13,559.75,559.61,559.46,559.35,559.24,559.11,559.03,558.96,558.91,558.88,558.82,558.75,558.67,558.59,558.52,558.45,558.40,558.37,558.38,558.44,558.45,558.50,558.58,558.66,558.74,558.76,557.75,555.87,555.70,555.25,555.00,555.00,555.00,555.00,555.00,555.00,555.00,555.00,555.00,555.00,555.00,555.00,555.00,555.00,555.00,555.00,555.00,555.00,555.00,555.00,555.00,555.00,555.00,555.00,555.00,555.00,555.00,555.00,555.00,555.00,555.00,555.00,555.00,555.00,555.00,555.00,555.00,555.00,555.00,555.00,555.00,555.00,555.00,555.00,555.00,555.00,555.00,555.00,555.00,555.00,555.00,555.00,555.00,555.00,555.00,555.00,555.00,555.00,555.00,555.00,555.00,555.00,555.00,555.00,555.00,555.00,555.00,555.00,555.00,555.00,555.00,555.00,555.00,555.00,555.00,555.00,555.00,555.00,555.00,555.00,555.00,555.00,555.00,555.00,555.00,555.00,555.00,555.00,555.00,555.00,555.00
620.14,621.55,623.50,625.62,627.75,629.98,632.89,636.14,639.63,643.50,646.96,650.44,654.46,659.56,664.83,669.17,672.74,675.84,679.24,683.57,688.58,693.51,697.18,701.43,705.73,709.70,713.01,715.58,718.11,720.71,723.79,728.34,732.86,737.89,742.75,746.09,748.06,748.97,749.16,748.82,748.39,746.77,744.41,741.46,737.83,735.15,733.90,734.21,736.46,740.32,746.09,752.70,759.35,765.10,771.68,779.75,787.93,793.95,798.42,801.30,803.42,805.13,806.43,807.58,808.73,809.97,811.32,812.50,813.69,814.37,813.79,812.20,810.41,808.14,805.38,802.60,799.73,796.64,793.41,790.16,786.75,783.33,779.79,776.05,772.28,768.74,765.33,762.10,759.18,756.12,752.99,749.77,746.41,742.98,739.48,736.07,732.75,729.13,724.07,718.71,713.47,708.23,702.24,697.18,692.63,688.11,683.56,678.74,673.81,668.85,663.82,658.80,653.92,649.54,646.03,642.82,639.22,635.16,630.84,626.79,622.34,618.16,614.33,610.18,602.74,594.56,586.41,578.53,571.25,568.25,566.53,564.80,563.01,561.03,560.04,559.75,559.60,559.44,559.34,559.23,559.09,558.97,558.89,558.86,558.84,558.75,558.68,558.61,558.52,558.45,558.38,558.29,558.24,558.21,558.22,558.22,558.27,558.36,558.46,558.51,558.55,557.36,555.15,555.00,555.00,555.00,555.00,555.00,555.00,555.00,555.00,555.00,555.00,555.00,555.00,555.00,555.00,555.00,555.00,555.00,555.00,555.00,555.00,555.00,555.00,555.00,555.00,555.00,555.00,555.00,555.00,555.00,555.00,555.00,555.00,555.00,555.00,555.00,555.00,555.00,555.00,555.00,555.00,555.00,555.00,555.00,555.00,555.00,555.00,555.00,555.00,555.00,555.00,555.00,555.00,555.00,555.00,555.00,555.00,555.00,555.00,555.00,555.00,555.00,555.00,555.00,555.00,555.00,555.00,555.00,555.00,555.00,555.00,555.00,555.00,555.00,555.00,555.00,555.00,555.00,555.00,555.00,555.00,555.00,555.00,555.00,555.00,555.00,555.00,555.00,555.00,555.00,555.00,555.00,555.00,555.00
620.60,622.20,624.23,626.39,628.66,631.47,634.85,638.46,642.33,646.74,650.64,654.75,659.45,664.90,669.77,673.30,676.31,679.55,683.81,688.80,693.85,698.59,702.69,707.07,711.69,715.97,719.35,721.92,724.62,727.52,731.02,736.16,741.05,745.36,748.90,751.38,753.20,754.21,754.73,754.88,754.66,753.78,752.33,749.90,745.59,741.46,738.70,737.74,739.20,742.75,748.31,755.04,762.04,767.80,774.94,783.25,791.16,796.54,800.53,803.25,805.34,807.06,808.48,809.69,810.89,812.11,813.28,814.27,815.30,815.52,814.06,812.25,810.15,807.62,804.72,801.79,798.86,795.90,792.88,789.76,786.48,783.10,779.51,775.66,771.85,768.59,765.64,762.81,759.81,756.50,753.16,749.80,746.36,742.91,739.21,735.60,732.17,728.62,724.27,719.62,715.00,710.42,704.03,698.22,693.03,688.30,683.89,679.40,674.85,670.07,664.76,659.45,654.41,650.06,646.81,643.94,640.85,637.18,632.92,628.66,623.63,618.86,614.59,610.27,603.15,595.11,587.04,579.26,571.60,568.44,566.71,565.00,563.09,560.93,559.95,559.75,559.60,559.44,559.34,559.22,559.08,558.93,558.84,558.80,558.77,558.70,558.62,558.54,558.47,558.38,558.31,558.24,558.16,558.08,558.00,557.78,557.87,558.13,558.26,558.28,558.15,557.01,555.13,555.00,555.00,555.00,555.00,555.00,555.00,555.00,555.00,555.00,555.00,555.00,555.00,555.00,555.00,555.00,555.00,555.00,555.00,555.00,555.00,555.00,555.00,555.00,555.00,555.00,555.00,555.00,555.00,555.00,555.00,555.00,555.00,555.00,555.00,555.00,555.00,555.00,555.00,555.00,555.00,555.00,555.00,555.00,555.00,555.00,555.00,555.00,555.00,555.00,555.00,555.00,555.00,555.00,555.00,555.00,555.00,555.00,555.00,555.00,555.00,555.00,555.00,555.00,555.00,555.00,555.00,555.00,555.00,555.00,555.00,555.00,555.00,555.00,555.00,555.00,555.00,555.00,555.00,555.00,555.00,555.00,555.00,555.00,555.00,555.00,555.00,555.00,555.00,555.00,555.00,555.00,555.00,555.00
621.53,623.10,625.07,627.20,629.59,633.04,636.64,640.72,645.32,650.03,654.45,659.01,663.91,669.07,673.04,676.25,679.50,683.30,687.92,693.19,698.30,703.06,707.64,712.88,718.18,722.98,726.69,729.24,731.72,734.94,739.13,743.80,747.62,750.83,753.60,755.86,757.63,759.05,759.90,759.98,759.52,758.47,756.95,754.86,751.75,747.82,744.43,742.36,742.63,745.94,751.50,758.11,765.06,771.48,778.77,786.80,794.21,799.07,802.44,805.05,807.26,809.12,810.63,811.90,813.13,814.36,815.55,816.57,816.84,815.99,813.82,811.87,809.49,806.66,803.52,800.53,797.58,794.58,791.53,788.43,785.28,781.88,778.11,774.02,770.21,767.09,764.32,761.59,758.47,755.12,751.73,748.36,745.00,741.67,737.93,734.18,730.63,727.07,723.10,718.95,714.76,710.21,703.04,697.10,692.10,687.49,683.30,678.89,674.32,669.56,664.46,659.17,654.06,649.69,646.63,644.07,641.54,638.33,634.31,630.20,624.97,619.70,614.89,610.39,603.51,595.88,588.05,580.09,572.13,568.80,566.94,565.08,562.97,560.79,559.88,559.75,559.60,559.44,559.30,559.18,559.08,558.92,558.83,558.77,558.71,558.63,558.55,558.48,558.40,558.33,558.25,558.17,558.10,558.01,557.82,556.53,556.87,557.94,558.08,558.10,556.94,555.70,555.04,555.00,555.00,555.00,555.00,555.00,555.00,555.00,555.00,555.00,555.00,555.00,555.00,555.00,555.00,555.00,555.00,555.00,555.00,555.00,555.00,555.00,555.00,555.00,555.00,555.00,555.00,555.00,555.00,555.00,555.00,555.00,555.00,555.00,555.00,555.00,555.00,555.00,555.00,555.00,555.00,555.00,555.00,555.00,555.00,555.00,555.00,555.00,555.00,555.00,555.00,555.00,555.00,555.00,555.00,555.00,555.00,555.00,555.00,555.00,555.00,555.00,555.00,555.00,555.00,555.00,555.00,555.00,555.00,555.00,555.00,555.00,555.00,555.00,555.00,555.00,555.00,555.00,555.00,555.00,555.00,555.00,555.00,555.00,555.00,555.00,555.00,555.00,555.00,555.00,555.00,555.00,555.00,555.00
622.56,624.02,625.83,627.90,630.51,634.50,638.48,642.94,648.04,653.25,658.13,663.00,667.84,672.33,675.76,679.01,682.53,686.70,691.92,697.35,702.47,707.38,712.68,718.86,724.40,729.07,732.79,735.62,738.37,741.84,746.02,749.90,752.92,755.69,758.42,761.05,762.99,764.39,765.13,765.06,764.38,763.04,761.30,759.28,756.86,753.30,749.63,746.80,746.13,749.24,754.62,761.13,768.17,774.96,782.41,790.23,797.12,801.22,804.21,806.80,809.16,811.23,812.83,814.14,815.38,816.62,817.75,818.53,817.98,816.23,813.63,811.43,808.69,805.38,801.79,798.76,795.83,792.84,789.81,786.78,783.67,779.95,775.86,771.72,768.09,765.14,762.42,759.58,756.21,752.90,749.60,746.32,743.07,739.65,735.82,732.09,728.64,725.15,721.44,717.59,713.43,708.30,701.03,695.22,690.50,686.25,682.23,677.71,673.08,668.44,663.63,658.48,653.45,649.25,646.52,644.18,641.91,639.00,635.27,631.30,625.83,620.18,615.05,610.49,603.91,596.72,589.14,581.07,573.01,569.27,567.07,565.03,562.81,560.69,559.84,559.72,559.60,559.44,559.29,559.17,559.08,558.92,558.83,558.74,558.64,558.57,558.50,558.42,558.34,558.26,558.19,558.11,558.03,557.96,557.76,556.44,556.36,556.96,557.05,557.06,555.90,555.00,555.00,555.00,555.00,555.00,555.00,555.00,555.00,555.00,555.00,555.00,555.00,555.00,555.00,555.00,555.00,555.00,555.00,555.00,555.00,555.00,555.00,555.00,555.00,555.00,555.00,555.00,555.00,555.00,555.00,555.00,555.00,555.00,555.00,555.00,555.00,555.00,555.00,555.00,555.00,555.00,555.00,555.00,555.00,555.00,555.00,555.00,555.00,555.00,555.00,555.00,555.00,555.00,555.00,555.00,555.00,555.00,555.00,555.00,555.00,555.00,555.00,555.00,555.00,555.00,555.00,555.00,555.00,555.00,555.00,555.00,555.00,555.00,555.00,555.00,555.00,555.00,555.00,555.00,555.00,555.00,555.00,555.00,555.00,555.00,555.00,555.00,555.00,555.00,555.00,555.00,555.00,555.00,555.00,555.00
623.64,624.97,626.53,628.54,631.45,635.85,640.34,645.12,650.43,656.33,661.60,666.62,671.15,674.72,678.08,681.62,685.38,689.76,695.82,701.27,706.35,711.58,717.82,724.83,730.09,734.05,737.49,740.89,744.38,747.94,751.43,754.39,757.13,760.14,763.50,766.90,769.12,770.08,770.34,770.10,769.28,767.66,765.66,763.50,761.07,757.86,754.19,751.00,749.75,752.62,757.68,764.15,771.44,778.23,785.85,793.52,799.82,802.98,805.86,808.51,811.07,813.40,815.06,816.37,817.63,818.84,819.77,820.02,818.67,816.28,813.52,810.87,807.59,803.66,799.54,796.49,793.59,790.66,787.71,784.76,781.56,777.26,772.79,768.85,765.54,762.79,760.02,756.91,753.22,750.00,746.89,743.78,740.58,736.86,732.94,729.38,726.25,722.90,719.34,715.53,710.98,704.81,698.17,692.77,688.38,684.62,680.69,675.91,671.23,666.87,662.38,657.43,652.64,648.81,646.54,644.30,642.01,639.24,635.80,631.95,626.19,620.29,615.05,610.55,604.41,597.65,590.32,582.27,574.24,569.82,567.06,564.85,562.63,560.64,559.81,559.68,559.59,559.44,559.29,559.17,559.08,558.93,558.84,558.72,558.59,558.51,558.44,558.36,558.27,558.20,558.13,558.04,557.97,557.89,557.80,557.52,556.40,555.32,555.33,555.33,555.14,555.00,555.00,555.00,555.00,555.00,555.00,555.00,555.00,555.00,555.00,555.00,555.00,555.00,555.00,555.00,555.00,555.00,555.00,555.00,555.00,555.00,555.00,555.00,555.00,555.00,555.00,555.00,555.00,555.00,555.00,555.00,555.00,555.00,555.00,555.00,555.00,555.00,555.00,555.00,555.00,555.00,555.00,555.00,555.00,555.00,555.00,555.00,555.00,555.00,555.00,555.00,555.00,555.00,555.00,555.00,555.00,555.00,555.00,555.00,555.00,555.00,555.00,555.00,555.00,555.00,555.00,555.00,555.00,555.00,555.00,555.00,555.00,555.00,555.00,555.00,555.00,555.00,555.00,555.00,555.00,555.00,555.00,555.00,555.00,555.00,555.00,555.00,555.11,555.20,555.21,555.21,555.21,555.21,555.21,555.21
624.75,626.06,627.47,629.43,632.60,637.23,641.98,647.03,652.65,658.94,664.33,669.02,673.09,676.45,679.89,683.50,687.61,692.68,699.04,704.22,709.53,715.54,722.36,728.84,733.79,737.80,741.56,745.51,748.87,751.98,755.00,757.85,761.32,764.84,768.18,771.09,773.00,773.90,774.18,773.94,773.14,771.69,769.82,767.65,765.14,762.09,758.60,755.50,754.20,756.45,761.62,768.38,775.77,782.28,789.74,796.52,801.70,804.53,807.31,810.23,813.12,815.66,817.26,818.50,819.58,820.53,821.18,820.68,818.70,815.92,812.82,809.22,804.73,800.44,796.87,793.87,790.88,787.83,784.72,781.46,777.37,773.02,768.95,765.46,762.55,759.67,756.64,753.39,749.89,746.87,743.92,740.73,737.03,733.15,729.65,726.48,723.47,720.09,716.37,711.93,706.58,700.19,694.50,690.01,686.21,682.57,678.35,673.51,668.99,664.93,660.83,656.01,651.62,648.22,646.05,643.86,641.67,639.05,635.82,632.14,626.32,620.34,615.05,610.64,605.23,599.06,592.08,584.13,575.66,570.32,566.97,564.66,562.45,560.58,559.81,559.67,559.59,559.44,559.32,559.20,559.08,558.97,558.85,558.71,558.58,558.50,558.42,558.32,558.22,558.13,558.06,557.99,557.90,557.83,557.75,557.67,556.39,555.00,555.00,555.00,555.00,555.00,555.00,555.00,555.00,555.00,555.00,555.00,555.00,555.00,555.00,555.00,555.00,555.00,555.00,555.00,555.00,555.00,555.00,555.00,555.00,555.00,555.00,555.00,555.00,555.00,555.00,555.00,555.00,555.00,555.00,555.00,555.00,555.00,555.00,555.00,555.00,555.00,555.00,555.00,555.00,555.00,555.00,555.00,555.00,555.00,555.00,555.00,555.00,555.00,555.00,555.00,555.00,555.00,555.00,555.00,555.00,555.00,555.00,555.00,555.00,555.00,555.00,555.00,555.00,555.00,555.00,555.00,555.00,555.00,555.00,555.00,555.00,555.00,555.00,555.00,555.00,555.00,555.00,555.00,555.00,555.00,555.00,555.00,555.00,555.00,555.00,555.00,556.33,557.49,557.56,557.57,557.60,557.62,557.62,557.62
625.72,627.01,628.28,630.23,633.65,638.46,643.34,648.67,654.68,661.15,666.59,670.93,674.57,677.92,681.47,685.10,689.56,695.33,701.79,706.89,712.57,719.27,726.37,732.20,736.95,741.19,745.29,749.43,752.47,755.19,758.05,761.30,765.47,769.26,772.38,774.72,776.34,777.29,777.72,777.59,776.88,775.59,773.88,771.76,769.17,766.29,763.08,760.29,759.14,760.94,766.05,772.78,780.03,786.51,793.66,799.35,803.34,806.07,808.89,812.17,815.35,817.90,819.38,820.52,821.39,821.96,822.02,820.83,818.36,815.25,811.73,806.76,801.38,797.07,794.07,791.04,787.88,784.56,781.06,777.20,772.58,768.50,764.97,761.93,759.27,756.23,752.97,749.65,746.39,743.48,740.60,737.27,733.24,729.47,726.41,723.50,720.39,716.84,712.68,707.50,701.53,695.41,690.84,687.23,683.83,680.09,675.52,670.96,666.80,663.01,659.15,654.46,650.54,647.58,645.41,643.25,641.11,638.58,635.52,632.06,626.31,620.34,615.05,610.72,605.91,600.28,593.67,585.81,576.99,570.83,566.97,564.57,562.33,560.54,559.81,559.67,559.59,559.44,559.34,559.23,559.09,558.99,558.86,558.72,558.59,558.50,558.42,558.31,558.18,558.09,558.02,557.93,557.85,557.76,557.69,557.62,556.56,555.33,555.04,555.00,555.00,555.00,555.00,555.00,555.00,555.00,555.00,555.00,555.00,555.00,555.00,555.00,555.00,555.00,555.00,555.00,555.00,555.00,555.00,555.00,555.00,555.00,555.00,555.00,555.00,555.00,555.00,555.00,555.00,555.00,555.00,555.00,555.00,555.00,555.00,555.00,555.00,555.00,555.00,555.00,555.00,555.00,555.00,555.00,555.00,555.00,555.00,555.00,555.00,555.00,555.00,555.00,555.00,555.00,555.00,555.00,555.00,555.00,555.00,555.00,555.00,555.00,555.00,555.00,555.00,555.00,555.00,555.00,555.00,555.00,555.00,555.00,555.00,555.00,555.00,555.00,555.00,555.00,555.00,555.00,555.00,555.00,555.00,555.00,555.00,555.00,555.08,555.65,557.82,559.58,559.87,560.27,560.60,560.81,560.87,560.77
626.35,627.55,628.65,630.62,634.38,639.31,644.17,649.81,656.31,662.68,668.13,672.31,675.75,679.12,682.75,686.45,691.18,697.39,703.79,709.46,715.68,722.57,729.43,735.07,739.91,744.39,748.56,751.99,754.80,757.59,760.90,765.39,769.53,772.87,775.61,777.92,779.67,780.73,781.33,781.46,780.89,779.52,777.81,775.80,773.19,770.55,767.84,765.59,764.80,766.75,771.16,776.89,783.50,790.70,797.36,801.89,804.90,807.69,810.93,814.65,817.91,820.07,821.30,822.35,823.04,823.06,821.85,820.28,817.49,814.06,810.02,802.92,797.87,794.23,791.20,787.89,784.36,780.57,776.28,771.29,767.54,764.20,761.12,758.32,755.57,752.45,749.17,745.86,742.63,739.62,736.52,733.13,729.45,726.37,723.52,720.41,716.83,712.81,707.75,701.91,695.95,690.89,687.66,684.55,681.01,676.76,671.89,668.39,665.03,661.34,657.33,652.81,649.40,646.89,644.73,642.57,640.27,637.66,634.71,631.57,626.08,620.27,615.05,610.74,606.04,600.80,594.52,586.75,577.96,571.40,567.23,564.72,562.30,560.52,559.81,559.67,559.59,559.44,559.34,559.23,559.08,558.94,558.84,558.75,558.64,558.51,558.42,558.34,558.23,558.10,558.01,557.89,557.78,557.71,557.63,557.55,557.24,556.45,555.17,555.00,555.00,555.00,555.00,555.00,555.00,555.00,555.00,555.00,555.00,555.00,555.00,555.00,555.00,555.00,555.00,555.00,555.00,555.00,555.00,555.00,555.00,555.00,555.00,555.00,555.00,555.00,555.00,555.00,555.00,555.00,555.00,555.00,555.00,555.00,555.00,555.00,555.00,555.00,555.00,555.00,555.00,555.00,555.00,555.00,555.00,555.00,555.00,555.00,555.00,555.00,555.00,555.00,555.00,555.00,555.00,555.00,555.00,555.00,555.00,555.00,555.00,555.00,555.00,555.00,555.00,555.00,555.00,555.00,555.00,555.00,555.00,555.00,555.00,555.00,555.00,555.00,555.00,555.00,555.00,555.00,555.00,555.00,555.00,555.00,555.00,555.00,555.36,557.91,559.29,559.99,560.85,562.55,563.83,564.63,564.90,564.48
626.72,627.82,628.85,630.92,635.01,639.93,644.78,650.64,657.55,664.11,669.37,673.41,676.83,680.25,683.86,687.59,692.51,699.02,705.66,711.80,718.31,725.17,731.72,737.29,742.09,746.50,750.60,753.85,756.73,760.05,764.15,768.88,772.96,776.17,778.82,781.20,783.08,784.34,785.20,785.61,785.32,784.24,782.61,780.43,777.45,774.75,772.31,770.52,770.13,771.96,775.75,781.07,787.58,794.28,799.86,803.71,806.61,809.81,813.78,817.38,820.19,822.02,823.20,824.01,824.00,823.08,821.29,819.17,816.11,812.20,807.18,799.92,795.04,791.34,787.92,784.29,780.49,776.35,771.71,766.64,763.31,760.54,757.83,755.02,752.02,748.80,745.50,742.21,739.07,735.89,732.67,729.41,726.16,723.27,719.98,716.27,712.12,707.49,701.97,696.36,691.29,687.50,684.79,681.58,677.62,673.13,669.17,666.23,663.20,659.64,655.53,651.41,648.38,646.07,643.87,641.68,639.23,636.57,633.74,630.75,625.61,620.10,615.03,610.71,606.08,600.96,594.78,587.02,578.13,571.52,567.28,564.67,562.18,560.48,559.81,559.66,559.55,559.43,559.32,559.20,559.08,558.96,558.85,558.76,558.67,558.55,558.44,558.33,558.21,558.09,557.98,557.84,557.72,557.64,557.57,557.49,557.41,557.01,555.97,555.19,555.00,555.00,555.00,555.00,555.00,555.00,555.00,555.00,555.00,555.00,555.00,555.00,555.00,555.00,555.00,555.00,555.00,555.00,555.00,555.00,555.00,555.00,555.00,555.00,555.00,555.00,555.00,555.00,555.00,555.00,555.00,555.00,555.00,555.00,555.00,555.00,555.00,555.00,555.00,555.00,555.00,555.00,555.00,555.00,555.00,555.00,555.00,555.00,555.00,555.00,555.00,555.00,555.00,555.00,555.00,555.00,555.00,555.00,555.00,555.00,555.00,555.00,555.00,555.00,555.00,555.00,555.00,555.00,555.00,555.00,555.00,555.00,555.00,555.00,555.00,555.00,555.00,555.00,555.00,555.00,555.00,555.00,555.00,555.00,555.00,555.45,557.12,559.44,561.40,563.15,565.00,567.27,569.02,570.18,570.70,570.35
626.95,627.97,628.99,631.19,635.56,640.42,645.25,651.26,658.51,665.45,670.46,674.35,677.82,681.30,684.86,688.70,693.77,700.44,707.40,713.85,720.50,727.29,733.53,739.05,743.75,748.00,751.98,755.35,758.53,762.56,767.49,772.08,776.08,779.30,782.01,784.49,786.52,788.03,789.16,789.85,789.87,789.20,787.75,785.41,782.06,779.15,776.79,775.31,775.33,777.05,780.34,785.38,791.73,797.38,801.74,805.19,808.45,812.39,816.97,820.17,822.34,823.88,825.02,825.33,824.41,822.54,820.46,817.72,814.37,809.98,803.98,797.27,792.48,788.46,784.57,780.65,776.70,772.21,767.35,762.71,759.62,757.27,754.82,751.84,748.56,745.25,741.93,738.69,735.60,732.26,728.94,725.78,722.79,719.69,715.73,711.39,706.78,701.68,696.13,691.23,687.35,684.66,681.98,678.36,674.02,669.63,666.92,664.27,661.28,657.78,653.65,650.05,647.35,645.10,642.86,640.62,638.07,635.40,632.67,629.66,624.90,619.79,614.95,610.60,606.01,600.88,594.66,586.79,577.78,571.33,567.18,564.51,561.99,560.41,559.80,559.65,559.51,559.42,559.30,559.18,559.09,559.00,558.87,558.75,558.67,558.58,558.44,558.29,558.17,558.07,557.93,557.78,557.66,557.58,557.50,557.42,557.35,557.24,556.89,555.60,555.20,555.13,555.01,555.00,555.00,555.00,555.00,555.00,555.00,555.00,555.00,555.00,555.00,555.00,555.00,555.00,555.00,555.00,555.00,555.00,555.00,555.00,555.00,555.00,555.00,555.00,555.00,555.00,555.00,555.00,555.00,555.00,555.00,555.00,555.00,555.00,555.00,555.00,555.00,555.00,555.00,555.00,555.00,555.00,555.00,555.00,555.00,555.00,555.00,555.00,555.00,555.00,555.00,555.00,555.00,555.00,555.00,555.00,555.00,555.00,555.00,555.00,555.00,555.00,555.00,555.00,555.00,555.00,555.00,555.00,555.00,555.00,555.00,555.00,555.00,555.00,555.00,555.00,555.00,555.00,555.00,555.00,555.00,555.00,555.23,556.44,559.46,561.10,564.18,567.61,570.44,572.93,574.95,576.39,577.19,577.14
627.13,628.15,629.17,631.47,636.02,640.73,645.59,651.60,658.93,666.51,671.43,675.20,678.65,682.14,685.73,689.93,695.24,701.84,708.84,715.06,721.73,728.70,734.78,740.13,744.75,749.00,753.01,756.67,760.58,765.16,770.30,775.15,779.16,782.39,785.15,787.70,789.94,791.70,793.03,793.88,794.11,793.69,792.58,790.68,787.74,784.63,781.92,780.28,780.59,782.86,786.07,790.13,794.89,799.61,803.34,806.65,810.55,816.00,820.04,822.67,824.50,825.79,826.48,825.53,823.79,821.65,819.11,815.83,812.12,807.58,801.55,794.49,789.69,785.70,781.76,777.78,773.98,768.97,763.53,759.47,756.65,754.41,751.87,748.62,745.26,741.88,738.59,735.39,732.18,728.69,725.26,721.79,718.00,713.87,709.65,705.37,700.97,696.35,691.82,687.97,684.80,682.06,678.78,674.63,670.60,667.43,664.91,662.39,659.18,655.27,651.31,648.41,646.01,643.77,641.52,639.23,636.79,634.27,631.55,628.11,623.64,619.02,614.56,610.25,605.66,600.45,593.96,585.71,576.78,570.74,566.86,564.21,561.70,560.28,559.77,559.65,559.50,559.42,559.33,559.21,559.09,559.00,558.87,558.73,558.62,558.52,558.38,558.26,558.15,558.02,557.87,557.75,557.63,557.51,557.44,557.37,557.28,557.21,557.06,556.51,556.35,555.89,555.06,555.00,555.00,555.00,555.00,555.00,555.00,555.00,555.00,555.00,555.00,555.00,555.00,555.00,555.00,555.00,555.00,555.00,555.00,555.00,555.00,555.00,555.00,555.00,555.00,555.00,555.00,555.00,555.00,555.00,555.00,555.00,555.00,555.00,555.00,555.00,555.00,555.00,555.00,555.00,555.00,555.00,555.00,555.00,555.00,555.00,555.00,555.00,555.00,555.00,555.00,555.00,555.00,555.00,555.00,555.00,555.00,555.00,555.00,555.00,555.00,555.00,555.00,555.00,555.00,555.00,555.00,555.00,555.00,555.00,555.00,555.00,555.00,555.00,555.00,555.00,555.00,555.00,555.00,555.00,555.00,555.00,556.46,558.91,561.39,564.79,568.60,572.17,575.16,577.85,580.13,581.93,583.20,583.70
627.55,628.49,629.53,631.89,636.40,641.01,645.88,651.85,659.27,667.56,672.37,676.02,679.50,683.16,686.91,691.61,697.13,703.42,710.21,716.08,722.59,729.57,735.56,740.83,745.42,749.70,753.90,758.02,762.55,767.57,772.95,778.09,782.10,785.40,788.33,791.00,793.41,795.33,796.95,798.21,798.64,798.29,797.27,795.59,792.98,789.95,787.31,785.77,786.17,788.64,791.69,794.97,798.43,802.06,805.32,809.02,813.66,819.31,822.82,825.22,826.83,827.53,827.18,825.24,822.93,820.49,817.34,813.73,809.63,804.91,799.16,792.01,787.21,783.29,779.42,775.57,771.67,766.14,760.33,756.87,754.19,751.67,748.79,745.33,741.90,738.48,735.11,731.75,728.25,724.51,720.76,716.79,712.28,707.61,703.56,699.72,695.79,691.65,687.78,684.60,681.92,679.21,675.37,671.31,667.88,665.43,662.97,660.20,656.70,652.73,649.27,646.80,644.55,642.30,640.04,637.74,635.37,632.91,630.13,626.37,622.14,617.90,613.73,609.45,604.87,599.38,592.53,584.15,575.47,570.01,566.49,563.89,561.41,560.17,559.75,559.65,559.50,559.42,559.33,559.21,559.09,558.98,558.84,558.70,558.57,558.47,558.34,558.23,558.11,557.96,557.83,557.72,557.61,557.49,557.41,557.33,557.25,557.17,557.08,557.01,556.66,555.93,555.06,555.00,555.00,555.00,555.00,555.00,555.00,555.00,555.00,555.00,555.00,555.00,555.00,555.00,555.00,555.00,555.00,555.00,555.00,555.00,555.00,555.00,555.00,555.00,555.00,555.00,555.00,555.00,555.00,555.00,555.00,555.00,555.00,555.00,555.00,555.00,555.00,555.00,555.00,555.00,555.00,555.00,555.00,555.00,555.00,555.00,555.00,555.00,555.00,555.00,555.00,555.00,555.00,555.00,555.00,555.00,555.00,555.00,555.00,555.00,555.00,555.00,555.00,555.00,555.00,555.00,555.00,555.00,555.00,555.00,555.00,555.00,555.00,555.00,555.00,555.00,555.00,555.00,555.52,556.39,556.45,556.46,558.39,561.49,564.29,568.80,572.94,576.57,579.79,582.65,585.14,587.18,588.72,589.55
628.25,628.99,630.12,632.50,636.75,641.28,646.13,652.07,659.62,668.59,673.30,676.86,680.50,684.49,688.57,693.82,699.49,705.25,711.53,717.02,723.19,729.92,735.87,741.16,745.78,750.17,754.70,759.42,764.37,769.75,775.50,780.91,784.92,788.38,791.59,794.45,797.01,799.08,801.06,802.89,803.51,803.06,801.88,800.09,797.64,794.99,792.92,791.78,792.10,794.29,797.02,799.82,802.50,804.93,807.89,812.46,817.76,822.12,825.29,827.80,829.24,829.01,827.09,824.55,821.90,818.99,815.15,811.42,806.98,802.07,796.73,789.91,785.15,781.26,777.57,773.96,769.55,763.58,757.79,754.89,752.17,749.02,745.58,741.98,738.49,734.99,731.38,727.64,723.70,719.64,715.36,710.76,705.81,701.29,697.81,694.68,691.41,687.55,683.88,680.94,678.55,676.05,671.88,668.55,665.89,663.48,661.00,657.63,653.86,650.24,647.60,645.24,642.98,640.72,638.42,636.16,633.80,631.26,628.30,624.43,620.39,616.38,612.36,608.16,603.58,597.58,590.34,582.12,573.89,569.16,566.09,563.57,561.11,560.07,559.75,559.65,559.50,559.41,559.29,559.17,559.07,558.93,558.78,558.66,558.56,558.42,558.33,558.20,558.05,557.91,557.81,557.68,557.56,557.48,557.40,557.33,557.25,557.15,557.02,557.00,556.00,555.15,555.01,555.00,555.00,555.00,555.00,555.00,555.00,555.00,555.00,555.00,555.00,555.00,555.00,555.00,555.00,555.00,555.00,555.00,555.00,555.00,555.00,555.00,555.00,555.00,555.00,555.00,555.00,555.00,555.00,555.00,555.00,555.00,555.00,555.00,555.00,555.00,555.00,555.00,555.00,555.00,555.00,555.00,555.00,555.00,555.00,555.00,555.00,555.00,555.00,555.00,555.00,555.00,555.00,555.00,555.00,555.00,555.00,555.00,555.00,555.00,555.00,555.00,555.00,555.00,555.00,555.00,555.00,555.00,555.00,555.00,555.00,555.00,555.00,555.09,555.18,555.19,555.21,555.32,556.92,559.52,559.75,559.78,561.23,564.16,568.30,572.88,577.00,580.81,584.40,587.44,590.06,592.20,593.81,594.70
628.64,629.30,630.89,633.57,637.37,641.59,646.41,652.52,660.28,669.28,674.50,678.49,682.42,686.82,691.76,697.00,702.17,707.27,712.83,718.10,723.85,730.05,736.02,741.29,746.01,750.77,755.95,760.85,765.73,771.48,778.03,784.04,788.29,791.85,795.12,798.22,801.58,804.35,806.47,807.85,808.39,807.96,806.87,805.14,802.61,800.24,798.48,797.53,797.82,799.68,802.10,804.32,806.29,808.74,812.18,816.53,820.96,824.43,827.55,829.82,830.69,829.63,826.79,823.63,820.36,816.85,812.87,809.12,805.11,800.35,794.44,788.18,783.54,779.58,775.88,772.24,765.96,760.19,755.87,753.02,749.97,746.41,742.64,738.88,735.11,731.14,726.89,722.57,718.66,714.75,710.15,705.26,700.67,696.74,693.51,690.50,687.28,683.39,680.27,677.73,675.46,672.98,669.35,666.29,663.68,661.14,658.14,654.59,651.13,648.09,645.67,643.48,641.25,638.96,636.70,634.45,632.07,629.23,625.77,621.85,617.85,613.95,610.15,606.29,601.70,595.10,587.46,579.64,572.25,568.28,565.56,563.07,560.67,559.94,559.73,559.61,559.50,559.38,559.26,559.15,559.02,558.87,558.75,558.63,558.50,558.36,558.27,558.14,558.00,557.89,557.77,557.63,557.50,557.43,557.36,557.27,557.20,557.11,557.01,556.96,555.85,555.00,555.00,555.00,555.00,555.00,555.00,555.00,555.00,555.00,555.00,555.00,555.00,555.00,555.00,555.00,555.00,555.00,555.00,555.00,555.00,555.00,555.00,555.00,555.00,555.00,555.00,555.00,555.00,555.00,555.00,555.00,555.00,555.00,555.00,555.00,555.00,555.00,555.00,555.00,555.00,555.00,555.00,555.00,555.00,555.00,555.00,555.00,555.00,555.00,555.00,555.00,555.00,555.00,555.00,555.00,555.00,555.00,555.00,555.00,555.00,555.00,555.00,555.00,555.00,555.00,555.00,555.00,555.00,555.00,555.00,555.00,555.00,555.00,555.00,556.28,557.59,557.70,557.99,559.55,562.30,565.34,566.26,566.49,567.22,569.01,572.47,576.87,581.11,585.19,589.09,592.38,595.05,597.42,599.37,600.29
629.01,629.73,631.74,634.58,637.91,641.87,646.67,653.00,661.04,669.94,675.84,680.43,684.81,689.71,695.33,700.35,704.94,709.47,714.37,719.42,724.77,730.41,736.20,741.42,746.25,751.37,757.12,762.16,767.02,773.18,780.59,787.09,791.62,795.36,798.86,802.38,806.25,809.43,811.53,812.43,812.92,812.60,811.71,810.21,807.77,805.65,804.11,803.35,803.75,805.45,807.48,809.15,810.65,813.26,816.84,820.47,823.76,826.64,829.67,831.52,831.71,829.83,826.24,822.46,818.58,814.61,810.69,807.02,803.46,798.80,792.23,786.57,782.06,778.03,774.15,769.96,762.42,757.15,754.15,751.15,747.69,743.75,739.68,735.63,731.35,726.89,722.24,717.67,713.85,709.95,705.26,700.38,696.16,692.82,689.75,686.69,683.45,679.76,677.17,674.93,672.67,670.15,667.03,664.05,661.25,658.40,654.96,651.59,648.64,646.10,643.72,641.60,639.41,637.15,634.90,632.63,630.09,626.90,623.01,619.02,615.03,611.25,607.67,604.07,599.11,592.08,584.30,576.89,570.66,567.38,564.92,562.47,560.29,559.82,559.69,559.57,559.47,559.32,559.23,559.12,558.96,558.82,558.72,558.60,558.45,558.31,558.21,558.08,557.96,557.87,557.72,557.57,557.45,557.37,557.29,557.22,557.13,557.05,556.99,556.90,555.82,555.00,555.00,555.00,555.00,555.00,555.00,555.00,555.00,555.00,555.00,555.00,555.00,555.00,555.00,555.00,555.00,555.00,555.00,555.00,555.00,555.00,555.00,555.00,555.00,555.00,555.00,555.00,555.00,555.00,555.00,555.00,555.00,555.00,555.00,555.00,555.00,555.00,555.00,555.00,555.00,555.00,555.00,555.00,555.00,555.00,555.00,555.00,555.00,555.00,555.00,555.00,555.00,555.00,555.00,555.00,555.00,555.00,555.00,555.00,555.00,555.00,555.00,555.00,555.00,555.00,555.00,555.00,555.00,555.02,555.47,555.76,555.78,555.82,556.01,558.46,561.07,561.82,562.77,565.62,568.98,571.83,573.25,573.65,573.83,574.61,577.04,581.00,585.31,589.61,593.72,597.31,600.15,602.76,604.99,605.96
629.52,630.63,632.64,635.15,638.08,641.99,646.87,653.47,661.83,670.77,677.37,682.70,687.79,693.38,698.94,703.51,707.73,712.02,716.55,721.30,726.36,731.57,736.59,741.67,746.62,751.90,757.79,763.14,768.41,775.17,783.19,789.72,794.41,798.65,802.99,807.36,810.56,812.93,814.68,815.81,816.45,816.39,815.90,814.95,813.26,811.35,809.97,809.52,810.41,812.41,813.86,815.16,816.77,819.11,821.32,823.62,826.12,828.89,831.54,832.75,832.17,829.45,825.12,820.74,816.50,812.50,808.87,805.54,801.93,796.96,790.13,785.04,780.65,776.59,772.25,766.22,760.06,755.66,752.52,749.25,745.30,740.93,736.43,731.80,726.53,721.76,717.66,713.96,709.99,705.43,701.14,696.86,692.44,689.42,686.40,683.33,680.30,677.56,675.22,672.94,670.57,667.90,664.60,661.53,658.35,654.82,651.46,649.03,646.72,644.28,641.84,639.56,637.41,635.26,632.96,630.60,627.56,624.03,620.11,615.95,612.00,608.42,605.06,601.27,594.94,588.03,580.81,573.73,569.18,566.43,564.05,561.75,560.17,559.77,559.66,559.56,559.41,559.26,559.17,559.05,558.91,558.81,558.68,558.53,558.40,558.30,558.17,558.01,557.89,557.80,557.65,557.55,557.43,557.30,557.23,557.15,557.08,557.00,556.92,556.85,555.79,555.00,555.00,555.00,555.00,555.00,555.00,555.00,555.00,555.00,555.00,555.00,555.00,555.00,555.00,555.00,555.00,555.00,555.00,555.00,555.00,555.00,555.00,555.00,555.00,555.00,555.00,555.00,555.00,555.00,555.00,555.00,555.00,555.00,555.00,555.00,555.00,555.00,555.00,555.00,555.00,555.00,555.00,555.00,555.00,555.00,555.00,555.00,555.00,555.00,555.00,555.00,555.00,555.00,555.00,555.00,555.00,555.00,555.00,555.00,555.00,555.00,555.00,555.00,555.00,555.00,555.00,555.00,555.00,555.11,557.26,558.62,558.73,558.88,559.82,562.60,565.99,568.77,571.30,574.05,576.51,578.34,579.37,579.69,579.99,580.75,582.60,585.65,589.70,594.01,598.16,602.11,605.53,608.33,610.44,611.56
630.55,631.81,633.68,635.91,638.62,642.67,647.85,654.66,663.13,672.35,679.94,686.27,692.04,697.69,702.65,706.99,711.14,715.33,719.55,724.03,728.73,733.45,737.89,742.66,747.68,753.06,758.85,764.31,770.25,777.55,785.64,791.93,796.96,801.84,806.69,810.99,813.89,816.02,817.85,819.37,820.16,820.45,820.27,819.66,818.56,816.98,816.03,816.01,817.07,818.69,819.78,820.79,822.06,823.71,825.23,826.92,828.89,831.24,833.67,833.74,831.90,828.43,823.74,819.05,814.58,810.51,807.16,803.99,799.81,794.42,788.15,783.39,778.96,774.72,769.97,763.01,758.01,754.31,751.08,747.53,743.46,738.53,733.21,727.80,722.42,718.06,714.44,710.96,706.61,702.16,698.56,695.20,691.49,688.58,685.61,682.66,679.87,677.30,674.47,671.51,668.62,665.88,662.62,659.12,655.50,651.94,649.03,646.96,644.87,642.52,640.12,637.79,635.57,633.31,630.84,628.05,624.73,621.04,617.02,612.81,608.90,605.35,601.76,597.17,590.44,583.67,577.08,571.12,567.83,565.46,563.15,561.03,560.02,559.75,559.63,559.51,559.36,559.23,559.12,558.99,558.85,558.76,558.63,558.49,558.37,558.26,558.11,557.98,557.86,557.75,557.63,557.51,557.38,557.25,557.17,557.09,557.01,556.94,556.78,556.22,555.46,555.00,555.00,555.00,555.00,555.00,555.00,555.00,555.00,555.00,555.00,555.00,555.00,555.00,555.00,555.00,555.00,555.00,555.00,555.00,555.00,555.00,555.00,555.00,555.00,555.00,555.00,555.00,555.00,555.00,555.00,555.00,555.00,555.00,555.00,555.00,555.00,555.00,555.00,555.00,555.00,555.00,555.00,555.00,555.00,555.00,555.00,555.00,555.00,555.00,555.00,555.00,555.00,555.00,555.00,555.00,555.00,555.00,555.00,555.00,555.00,555.00,555.00,555.00,555.00,555.00,555.00,555.61,556.81,557.05,558.82,560.58,561.93,563.46,565.85,569.32,572.95,575.90,578.57,580.90,582.78,584.17,585.22,585.73,586.19,586.91,588.26,590.67,594.44,598.76,603.12,607.26,610.71,613.37,615.25,616.17
631.87,633.17,634.84,636.84,639.47,643.76,649.32,656.33,664.91,674.73,683.33,690.61,696.88,702.22,706.49,710.74,714.95,719.01,722.97,727.22,731.56,735.82,739.85,744.24,749.25,754.66,760.26,765.73,772.40,780.13,788.01,793.91,799.35,804.90,810.06,813.86,816.75,819.04,821.18,823.12,824.06,824.71,824.76,824.28,823.59,822.42,822.01,822.45,823.55,824.56,825.44,826.24,827.01,827.92,829.16,830.56,832.08,833.80,835.85,834.55,831.32,827.18,822.30,817.44,812.82,808.68,805.49,802.27,797.35,791.61,786.26,781.66,777.12,772.58,767.44,760.37,756.30,753.13,749.87,746.14,742.23,736.89,730.80,724.72,719.63,715.87,712.57,709.00,704.35,700.42,697.56,695.10,692.40,689.52,686.61,683.83,681.21,678.45,674.92,671.10,667.51,664.70,661.62,657.66,653.52,649.95,647.46,645.36,643.19,640.88,638.54,636.20,633.85,631.38,628.60,625.25,621.73,617.94,613.80,609.56,605.63,601.94,597.87,592.32,585.75,579.20,573.37,568.94,566.55,564.44,562.25,560.37,559.88,559.72,559.60,559.45,559.31,559.21,559.08,558.93,558.80,558.71,558.57,558.46,558.35,558.20,558.05,557.94,557.83,557.70,557.61,557.47,557.33,557.19,557.11,557.02,556.95,556.88,556.63,555.46,555.05,555.00,555.00,555.00,555.00,555.00,555.00,555.00,555.00,555.00,555.00,555.00,555.00,555.00,555.00,555.00,555.00,555.00,555.00,555.00,555.00,555.00,555.00,555.00,555.00,555.00,555.00,555.00,555.00,555.00,555.00,555.00,555.00,555.00,555.00,555.00,555.00,555.00,555.00,555.00,555.00,555.00,555.00,555.00,555.00,555.00,555.00,555.00,555.00,555.00,555.00,555.00,555.00,555.00,555.00,555.00,555.00,555.00,555.00,555.00,555.00,555.00,555.00,555.10,555.39,555.45,555.46,556.78,559.45,560.08,560.90,562.91,565.94,569.21,573.03,577.08,580.56,582.83,584.97,586.83,588.38,589.66,590.88,591.65,592.29,592.97,593.91,595.83,599.31,603.63,608.24,612.48,615.68,618.03,619.57,620.15
633.32,634.74,636.24,638.08,640.84,645.55,651.25,658.45,667.69,679.12,688.17,695.52,701.56,706.25,710.73,715.09,719.09,722.68,726.43,730.51,734.68,738.79,742.70,746.79,751.64,756.94,762.39,767.91,774.99,782.81,790.30,795.79,801.59,807.52,812.81,816.45,819.83,822.76,825.31,827.33,828.45,829.28,829.30,828.61,827.78,827.10,827.09,827.83,829.22,830.10,830.91,831.66,832.40,833.34,834.50,835.46,836.31,837.26,837.66,835.18,831.12,826.39,821.33,816.19,811.44,807.29,803.78,799.87,794.69,789.22,784.44,779.88,775.21,770.15,764.61,759.03,755.46,752.44,749.31,745.85,742.47,737.82,732.30,726.50,721.50,717.48,713.92,710.37,706.35,703.06,700.37,697.96,695.54,692.76,689.96,687.24,684.54,681.66,678.23,674.22,670.19,667.04,664.21,660.51,655.76,650.54,647.49,644.80,642.21,639.68,637.21,634.78,632.38,629.63,626.14,622.53,618.67,614.60,610.32,605.94,601.75,597.52,592.85,587.09,580.84,574.97,570.31,567.41,565.29,563.26,561.40,560.04,559.77,559.67,559.54,559.40,559.30,559.17,559.02,558.89,558.78,558.66,558.54,558.43,558.30,558.14,558.03,557.91,557.77,557.63,557.55,557.41,557.28,557.18,557.05,556.97,556.88,556.81,556.56,555.36,555.00,555.00,555.00,555.00,555.00,555.00,555.00,555.00,555.00,555.00,555.00,555.00,555.00,555.00,555.00,555.00,555.00,555.00,555.00,555.00,555.00,555.00,555.00,555.00,555.00,555.00,555.00,555.00,555.00,555.00,555.00,555.00,555.00,555.00,555.00,555.00,555.00,555.00,555.00,555.00,555.00,555.00,555.00,555.00,555.00,555.00,555.00,555.00,555.00,555.00,555.00,555.00,555.00,555.00,555.00,555.00,555.00,555.00,555.00,555.00,555.00,555.00,555.00,555.68,557.70,558.07,558.17,559.22,561.56,563.77,566.08,569.27,573.17,576.94,580.27,583.45,586.25,588.37,590.37,592.25,593.88,595.21,596.30,597.07,597.79,598.48,599.23,600.77,603.93,608.13,612.87,617.19,620.15,622.11,623.25,623.50
634.66,636.14,637.57,639.62,643.05,647.95,653.42,660.94,671.13,683.29,692.69,699.97,705.73,710.27,715.05,719.26,722.94,726.33,730.09,734.11,738.08,741.94,745.72,749.83,754.66,759.93,765.40,771.03,778.04,785.46,792.37,797.67,803.84,810.02,815.43,819.36,823.24,826.62,829.41,831.50,833.01,834.35,834.83,834.46,833.78,833.33,833.39,834.04,835.22,835.98,836.54,837.15,837.91,838.88,839.94,840.53,840.77,840.85,839.83,836.47,831.66,826.14,820.75,815.36,810.50,806.29,802.50,798.13,793.07,787.92,783.22,778.49,773.63,768.39,763.02,758.70,755.56,752.71,749.79,746.70,743.73,740.03,735.44,730.12,725.12,720.98,717.23,713.63,710.00,706.87,704.11,701.60,699.21,696.56,693.89,691.19,688.39,685.40,682.13,678.22,674.12,670.71,667.84,664.34,659.56,653.69,649.42,645.86,642.55,639.38,636.47,633.84,631.24,628.10,623.96,620.02,615.90,611.41,606.60,602.00,597.57,592.76,587.51,581.91,576.29,571.55,568.11,566.05,564.02,562.07,560.63,559.86,559.69,559.60,559.48,559.35,559.25,559.12,558.98,558.86,558.75,558.60,558.50,558.38,558.24,558.11,558.00,557.87,557.72,557.59,557.49,557.35,557.24,557.14,556.99,556.90,556.60,556.27,556.10,555.25,555.00,555.00,555.00,555.00,555.00,555.00,555.00,555.00,555.00,555.00,555.00,555.00,555.00,555.00,555.00,555.00,555.00,555.00,555.00,555.00,555.00,555.00,555.00,555.00,555.00,555.00,555.00,555.00,555.00,555.00,555.00,555.00,555.00,555.00,555.00,555.00,555.00,555.00,555.00,555.00,555.00,555.00,555.00,555.00,555.00,555.00,555.00,555.00,555.00,555.00,555.00,555.00,555.00,555.00,555.00,555.00,555.00,555.00,555.00,555.00,555.07,555.89,556.33,557.12,559.47,560.59,561.54,563.05,565.57,568.98,572.41,576.22,580.25,583.93,586.69,589.19,591.52,593.61,595.71,597.83,599.79,601.39,602.36,603.00,603.58,604.13,604.65,605.68,608.58,612.70,617.44,621.72,624.44,626.05,626.81,626.79
635.84,637.33,638.84,641.52,646.16,650.95,655.85,663.87,675.28,686.87,696.54,703.73,709.32,714.32,719.37,723.13,726.44,729.96,734.01,738.04,741.77,745.26,748.88,753.39,758.41,763.77,769.46,775.21,781.61,788.10,794.22,799.63,806.20,812.48,818.03,822.70,826.95,830.47,833.31,835.57,837.74,840.00,841.52,842.15,842.00,841.51,841.30,841.41,841.78,842.29,842.38,842.72,843.52,844.40,845.32,845.63,845.36,844.49,842.52,838.63,833.12,826.52,820.61,815.02,810.06,805.73,801.75,797.38,792.78,787.94,782.82,777.71,772.62,767.69,763.19,759.63,756.85,754.20,751.54,748.87,746.08,743.40,739.94,735.19,730.18,726.19,722.43,718.66,715.03,711.49,708.44,705.74,703.19,700.67,698.13,695.44,692.56,689.50,686.32,682.74,678.95,675.43,672.15,668.66,664.55,659.43,653.47,648.79,644.45,640.20,636.47,633.48,630.46,626.81,622.16,617.79,613.48,608.41,602.65,597.79,593.16,587.80,582.06,576.98,572.33,569.15,566.82,564.79,562.73,560.95,559.99,559.78,559.63,559.54,559.42,559.28,559.20,559.05,558.95,558.83,558.69,558.54,558.45,558.32,558.19,558.10,557.96,557.81,557.65,557.51,557.37,557.22,557.11,557.02,556.87,556.79,556.03,555.22,555.19,555.04,555.00,555.00,555.00,555.00,555.00,555.00,555.00,555.00,555.00,555.00,555.00,555.00,555.00,555.00,555.00,555.00,555.00,555.00,555.00,555.00,555.00,555.00,555.00,555.00,555.00,555.00,555.00,555.00,555.00,555.00,555.00,555.00,555.00,555.00,555.00,555.00,555.00,555.00,555.00,555.00,555.00,555.00,555.00,555.00,555.00,555.00,555.00,555.00,555.00,555.00,555.00,555.00,555.00,555.00,555.00,555.00,555.00,555.00,555.00,555.02,555.34,557.85,559.22,559.58,560.53,562.86,565.51,568.50,572.01,575.95,579.64,583.19,586.59,589.63,592.08,594.39,596.63,598.81,601.24,603.77,606.25,608.34,609.24,609.65,609.91,610.14,610.37,610.72,613.39,617.47,622.04,626.08,628.56,629.86,630.30,630.06
636.97,638.50,640.92,644.51,649.15,653.40,658.83,667.97,680.13,690.51,699.58,706.85,712.84,718.09,723.11,726.91,730.31,733.89,737.90,741.73,745.34,748.97,753.15,758.01,763.20,768.75,774.61,780.06,785.66,791.30,796.93,802.72,809.56,815.79,821.13,825.66,829.95,833.63,836.86,839.85,843.03,845.86,847.85,848.96,849.19,848.95,848.70,848.56,848.49,848.35,848.13,848.47,849.44,850.37,850.88,850.81,850.10,848.48,845.91,841.81,835.84,828.10,820.87,815.21,810.30,805.79,801.57,797.40,793.33,789.00,784.07,778.93,774.28,770.25,766.94,764.24,760.98,757.84,755.03,752.56,749.79,747.17,744.03,739.94,735.81,732.00,728.14,724.25,720.67,717.15,713.76,710.48,707.34,704.71,702.23,699.65,696.88,693.84,690.63,687.19,683.55,679.77,676.14,672.65,668.83,664.12,658.26,652.88,647.37,641.88,637.45,633.87,630.03,625.65,620.71,615.85,610.75,605.13,599.25,594.29,588.85,583.33,578.11,573.74,570.13,567.59,565.51,563.49,561.48,560.30,559.80,559.71,559.56,559.48,559.38,559.26,559.14,559.03,558.91,558.78,558.63,558.52,558.40,558.26,558.13,558.04,557.90,557.77,557.26,556.31,556.15,556.08,556.02,555.98,555.91,555.86,555.45,555.00,555.00,555.00,555.00,555.00,555.00,555.00,555.00,555.00,555.00,555.00,555.00,555.00,555.00,555.00,555.00,555.00,555.00,555.00,555.00,555.00,555.00,555.00,555.00,555.00,555.00,555.00,555.00,555.00,555.00,555.00,555.00,555.00,555.00,555.00,555.00,555.00,555.00,555.00,555.00,555.00,555.00,555.00,555.00,555.00,555.00,555.00,555.00,555.00,555.00,555.00,555.00,555.00,555.00,555.00,555.00,555.00,555.00,555.00,555.00,555.00,555.00,555.42,557.35,559.71,561.64,563.23,565.04,568.24,571.84,575.59,579.50,583.50,586.67,589.50,592.19,594.72,597.29,600.06,602.83,605.37,607.95,610.64,613.23,615.41,616.51,617.10,617.48,617.75,617.84,617.80,619.85,623.17,626.90,629.88,631.99,633.18,633.47,632.90
638.07,639.93,643.39,647.69,651.94,655.67,662.20,672.41,684.68,693.91,702.32,709.81,716.32,721.69,726.59,730.54,734.15,737.83,741.71,745.41,749.15,753.23,758.09,763.30,768.68,774.31,780.09,785.10,789.94,794.92,800.27,806.40,813.28,819.28,824.26,828.50,832.75,836.64,840.32,844.02,848.01,851.20,853.48,854.96,855.72,855.93,855.85,855.66,855.34,854.53,854.03,854.37,855.48,856.40,856.45,855.91,854.71,852.43,849.45,845.24,838.94,830.29,821.69,815.83,810.99,806.36,801.87,797.88,794.26,790.49,786.06,781.15,776.98,773.77,771.45,769.45,765.98,762.58,759.67,757.12,754.16,751.27,748.16,744.67,741.38,737.80,734.01,730.15,726.50,723.08,719.52,715.83,712.21,709.22,706.40,703.72,701.09,698.16,694.91,691.55,688.02,684.12,680.18,676.50,672.63,668.10,662.65,656.77,650.40,643.97,638.62,634.38,629.71,624.60,619.38,614.14,608.18,602.06,596.23,590.97,584.80,579.37,574.91,571.24,568.52,566.28,564.21,562.23,560.46,559.89,559.75,559.65,559.50,559.42,559.33,559.22,559.09,559.00,558.87,558.72,558.51,558.05,557.85,557.72,557.61,557.53,557.41,557.33,556.62,555.15,555.00,555.00,555.00,555.00,555.00,555.00,555.00,555.00,555.00,555.00,555.00,555.00,555.00,555.00,555.00,555.00,555.00,555.00,555.00,555.00,555.00,555.00,555.00,555.00,555.00,555.00,555.00,555.00,555.00,555.00,555.00,555.00,555.00,555.00,555.00,555.00,555.00,555.00,555.00,555.00,555.00,555.00,555.00,555.00,555.00,555.00,555.00,555.00,555.00,555.00,555.00,555.00,555.00,555.00,555.00,555.00,555.00,555.00,555.00,555.00,555.00,555.00,555.00,555.00,555.00,555.00,555.00,555.44,555.82,556.74,560.11,562.17,564.78,567.92,571.04,574.93,579.00,582.98,586.79,590.48,593.06,595.40,597.80,600.18,602.96,606.22,609.49,612.31,614.89,617.50,619.96,622.01,623.27,624.09,624.69,625.08,625.14,624.99,626.40,628.84,631.61,633.55,635.31,636.38,636.52,635.53
639.11,642.19,646.36,650.60,654.23,657.80,666.29,676.94,687.72,696.58,704.81,712.73,719.77,724.99,729.70,733.77,737.64,741.52,745.30,749.28,753.80,758.81,764.11,769.75,775.38,780.75,785.65,790.18,794.56,799.35,804.80,810.91,817.31,822.62,827.05,831.25,835.54,839.75,843.79,847.66,851.60,854.84,857.30,859.25,861.16,862.16,862.68,862.84,862.49,861.30,860.47,860.64,861.63,862.18,861.88,860.75,858.83,855.99,852.89,848.56,842.20,833.39,823.87,817.42,812.48,807.96,803.21,799.10,795.65,792.44,788.95,784.82,780.73,777.53,775.38,773.48,771.34,769.01,766.37,763.10,759.47,756.00,752.75,749.62,746.33,743.12,739.93,736.51,732.45,729.03,725.81,722.59,719.21,715.23,710.94,707.40,704.84,702.21,699.03,695.70,692.33,688.82,684.64,680.16,675.57,670.78,665.18,659.15,652.98,646.54,639.60,634.54,629.34,623.76,618.18,612.89,606.35,599.85,593.87,587.60,581.48,576.57,572.74,569.58,567.23,565.06,562.95,561.08,560.08,559.78,559.69,559.59,559.44,559.36,559.24,559.12,559.02,558.95,558.81,558.68,558.17,556.22,555.76,555.73,555.69,555.67,555.64,555.62,555.43,555.04,555.00,555.00,555.00,555.00,555.00,555.00,555.00,555.00,555.00,555.00,555.00,555.00,555.00,555.00,555.00,555.00,555.00,555.00,555.00,555.00,555.00,555.00,555.00,555.00,555.00,555.00,555.00,555.00,555.00,555.00,555.00,555.00,555.00,555.00,555.00,555.00,555.00,555.00,555.00,555.00,555.00,555.00,555.00,555.00,555.00,555.00,555.00,555.00,555.00,555.00,555.00,555.00,555.00,555.00,555.00,555.00,555.00,555.00,555.00,555.00,555.00,555.00,555.00,555.00,555.00,555.00,555.03,557.21,559.14,560.56,563.73,566.55,570.42,574.84,578.75,583.05,586.78,589.94,592.64,595.28,597.65,600.58,604.01,607.25,610.23,613.51,616.69,619.26,621.50,623.61,625.51,627.10,628.13,628.98,629.76,630.34,630.50,630.77,631.88,633.63,635.67,637.28,638.82,639.65,639.45,637.93
639.83,644.10,648.64,652.69,656.25,660.65,670.21,680.73,690.29,698.91,707.35,715.44,722.59,727.93,732.51,736.73,740.85,744.98,749.19,753.78,758.92,764.48,770.17,775.96,781.54,786.65,791.13,795.41,799.75,804.58,810.06,815.90,821.49,826.17,830.24,834.28,838.49,842.83,847.10,851.18,855.23,858.94,862.04,864.58,866.70,867.96,868.63,868.84,868.47,867.34,866.44,866.28,866.77,866.95,866.14,864.43,861.99,858.82,855.47,851.26,845.09,836.38,826.83,819.62,814.30,809.99,805.43,801.05,797.48,794.41,791.42,788.08,784.41,781.34,779.13,777.22,775.55,773.70,771.43,768.48,765.16,761.38,757.63,754.21,751.00,747.88,744.79,741.56,737.83,734.59,731.54,728.55,725.42,721.51,716.63,712.45,709.47,706.55,703.43,699.72,695.82,692.39,688.39,683.39,678.02,672.58,666.63,660.54,654.36,647.73,640.09,634.42,628.77,622.90,617.13,611.65,604.95,598.27,591.97,585.10,579.27,574.51,570.75,568.10,565.92,563.79,561.82,560.38,559.86,559.70,559.62,559.52,559.38,559.29,559.17,559.03,558.96,558.88,558.75,558.15,556.89,555.33,555.00,555.00,555.00,555.00,555.00,555.00,555.00,555.00,555.00,555.00,555.00,555.00,555.00,555.00,555.00,555.00,555.00,555.00,555.00,555.00,555.00,555.00,555.00,555.00,555.00,555.00,555.00,555.00,555.00,555.00,555.00,555.00,555.00,555.00,555.00,555.00,555.00,555.00,555.00,555.00,555.00,555.00,555.00,555.00,555.00,555.00,555.00,555.00,555.00,555.00,555.00,555.00,555.00,555.00,555.00,555.00,555.00,555.00,555.00,555.00,555.00,555.00,555.00,555.00,555.00,555.00,555.00,555.00,555.00,555.00,555.00,555.00,555.52,556.75,556.97,559.81,562.64,564.93,568.72,572.75,577.33,581.91,585.69,589.43,592.60,595.39,597.98,600.70,603.42,606.61,610.20,613.69,617.03,620.32,623.27,625.53,627.42,629.09,630.57,631.82,632.78,633.68,634.59,635.42,635.97,636.50,637.44,638.72,640.21,641.63,643.06,643.51,642.61,640.21
640.48,645.77,650.46,654.27,658.07,663.83,673.88,683.91,692.52,701.04,709.92,718.02,725.01,730.58,735.15,739.56,743.93,748.35,753.25,758.57,764.21,770.11,776.15,781.92,787.30,792.20,796.54,800.75,805.33,810.36,815.78,821.24,825.85,829.89,833.74,837.71,841.82,846.16,850.56,854.89,859.19,863.43,867.24,870.31,872.11,873.29,873.86,873.95,873.55,872.72,871.85,871.30,871.10,870.87,869.51,867.33,864.53,861.14,857.48,853.47,847.63,839.19,830.08,822.18,816.44,812.32,808.24,803.66,799.78,796.57,793.79,791.16,788.11,785.26,782.92,780.91,779.19,777.45,775.56,773.38,770.81,766.97,762.69,758.71,755.49,752.26,749.03,745.83,742.71,739.73,736.74,733.80,730.91,727.62,722.88,718.30,714.53,711.01,707.91,703.66,698.90,695.21,691.44,686.07,679.94,673.69,667.30,661.13,654.78,647.89,640.19,634.05,628.02,621.93,616.05,610.35,603.73,597.00,590.33,583.12,577.57,572.81,568.93,566.72,564.61,562.51,560.84,559.98,559.74,559.63,559.56,559.46,559.32,559.23,559.11,558.98,558.89,558.81,558.68,557.45,555.34,555.04,555.00,555.00,555.00,555.00,555.00,555.00,555.00,555.00,555.00,555.00,555.00,555.00,555.00,555.00,555.00,555.00,555.00,555.00,555.00,555.00,555.00,555.00,555.00,555.00,555.00,555.00,555.00,555.00,555.00,555.00,555.00,555.00,555.00,555.00,555.00,555.00,555.00,555.00,555.00,555.00,555.00,555.00,555.00,555.00,555.00,555.00,555.00,555.00,555.00,555.00,555.00,555.00,555.00,555.00,555.00,555.00,555.00,555.00,555.00,555.00,555.00,555.00,555.00,555.00,555.00,555.00,555.00,555.00,555.00,555.03,555.31,555.42,556.63,559.50,560.28,563.35,566.81,570.16,574.81,579.92,584.67,588.73,591.88,594.76,597.47,600.27,603.33,606.65,609.89,613.14,616.43,619.83,623.46,626.70,629.33,631.26,632.82,634.20,635.45,636.58,637.71,638.68,639.68,640.72,641.69,642.31,643.10,644.03,645.08,646.37,647.59,647.51,645.77,642.37
641.71,647.24,651.88,655.61,659.64,666.62,676.62,686.16,694.44,703.15,712.43,720.43,727.09,732.72,737.70,742.41,747.13,752.03,757.35,762.96,768.97,775.27,781.50,787.22,792.55,797.47,801.90,806.16,811.23,816.57,821.87,826.88,830.63,834.01,837.75,842.43,846.77,850.95,855.29,859.95,864.74,868.64,872.02,874.82,876.50,877.51,877.95,877.94,877.47,876.66,875.78,874.90,874.11,873.36,871.81,869.55,866.63,862.97,859.10,854.99,849.42,841.58,832.61,824.98,819.27,815.10,811.45,807.57,803.40,799.61,796.90,794.51,792.04,789.63,787.35,785.25,783.38,781.55,779.66,777.55,775.15,771.86,767.96,763.78,759.91,756.46,753.16,749.92,746.69,743.69,740.74,737.83,734.98,732.06,728.56,724.18,719.24,715.27,711.90,707.56,702.40,697.41,692.90,687.08,680.53,673.80,667.01,660.47,653.74,646.72,639.62,633.18,626.86,620.55,614.38,608.69,602.27,595.50,588.55,581.26,575.27,570.78,567.55,565.35,563.25,561.41,560.20,559.84,559.67,559.58,559.47,559.35,559.25,559.17,559.04,558.91,558.83,558.70,558.60,557.32,555.14,555.00,555.00,555.00,555.00,555.00,555.00,555.00,555.00,555.00,555.00,555.00,555.00,555.00,555.00,555.00,555.00,555.00,555.00,555.00,555.00,555.00,555.00,555.00,555.00,555.00,555.00,555.00,555.00,555.00,555.00,555.00,555.00,555.00,555.00,555.00,555.00,555.00,555.00,555.00,555.00,555.00,555.00,555.00,555.00,555.00,555.00,555.00,555.00,555.00,555.00,555.00,555.00,555.00,555.00,555.00,555.00,555.00,555.00,555.00,555.00,555.00,555.00,555.00,555.00,555.00,555.00,555.00,555.00,555.00,555.00,555.23,557.22,558.09,559.30,562.39,565.06,569.48,574.10,578.30,582.61,586.81,590.50,593.70,596.58,599.79,603.20,606.74,610.29,613.54,616.56,619.66,622.92,626.34,629.43,632.15,634.42,636.09,637.58,639.25,640.94,642.68,644.65,645.87,646.86,647.75,648.36,648.63,649.07,649.58,650.18,651.39,651.60,650.59,648.21,644.09
643.09,648.48,653.03,656.90,661.42,669.32,679.14,688.31,696.43,705.20,714.77,722.72,729.25,735.10,740.21,745.06,750.23,755.88,761.40,767.26,773.57,780.13,786.50,792.31,797.72,802.83,807.65,812.40,817.77,823.03,827.87,832.26,835.77,839.28,843.24,847.84,851.97,856.37,861.01,865.79,870.49,873.93,876.78,879.17,880.69,881.61,881.91,881.71,881.07,880.26,879.18,878.04,876.87,875.56,873.74,871.36,868.36,864.56,860.55,856.32,851.09,844.06,835.10,827.72,822.15,817.99,814.63,811.41,807.49,803.67,800.88,798.43,796.17,793.97,791.78,789.67,787.76,785.87,783.89,781.67,779.25,776.33,772.78,768.60,764.37,760.81,757.45,754.01,750.39,747.10,744.07,741.16,738.26,735.39,732.52,728.41,723.02,718.42,714.49,709.93,704.58,698.72,693.30,687.00,680.06,672.84,665.90,658.89,651.90,645.06,638.43,631.77,625.17,618.63,612.25,606.65,600.29,593.48,586.42,579.20,573.06,568.91,566.23,563.99,561.94,560.54,559.85,559.75,559.61,559.51,559.40,559.25,559.18,559.11,558.98,558.85,558.76,558.62,558.00,556.69,555.10,555.00,555.00,555.00,555.00,555.00,555.00,555.00,555.00,555.00,555.00,555.00,555.00,555.00,555.00,555.00,555.00,555.00,555.00,555.00,555.00,555.00,555.00,555.00,555.00,555.00,555.00,555.00,555.00,555.00,555.00,555.00,555.00,555.00,555.00,555.00,555.00,555.00,555.00,555.00,555.00,555.00,555.00,555.00,555.00,555.00,555.00,555.00,555.00,555.00,555.00,555.00,555.00,555.00,555.00,555.00,555.00,555.00,555.00,555.00,555.00,555.00,555.00,555.00,555.00,555.00,555.00,555.00,555.00,555.52,556.26,556.64,559.58,561.60,563.64,567.19,571.30,576.19,581.05,585.46,589.28,592.66,595.83,598.99,602.40,606.31,610.15,613.82,617.22,620.20,623.08,626.10,629.29,632.49,635.09,637.52,639.71,641.47,643.11,645.03,647.07,649.21,651.55,652.95,653.92,654.65,655.04,655.08,655.16,655.22,655.27,655.72,654.85,653.06,650.30,645.99
644.55,649.44,653.86,658.16,663.52,671.97,681.56,690.48,698.56,707.19,716.86,724.87,731.56,737.88,742.69,747.46,753.21,759.90,765.34,771.48,778.03,784.68,791.11,797.20,802.88,808.37,813.93,819.66,825.01,829.68,833.65,837.29,841.32,846.00,850.55,853.95,857.27,862.38,867.75,872.34,876.17,879.12,881.54,883.51,884.80,885.71,885.84,885.36,884.46,883.63,882.18,880.77,879.50,877.62,875.37,872.75,869.66,865.90,861.85,857.51,852.73,846.69,837.66,830.38,824.96,820.94,817.74,814.94,811.98,808.90,805.91,803.10,800.54,798.23,796.12,794.09,792.27,790.38,788.26,785.82,783.24,780.34,776.92,772.93,768.83,765.36,761.88,758.08,753.86,749.93,746.68,743.75,740.71,737.48,734.22,730.34,725.51,720.03,715.23,710.25,704.82,698.87,692.52,685.75,678.38,670.60,663.83,656.31,649.29,642.97,636.53,629.71,622.81,616.00,609.58,604.11,597.61,590.72,583.82,576.83,571.08,567.33,564.90,562.64,560.73,559.97,559.78,559.69,559.54,559.45,559.34,559.20,559.12,559.04,558.91,558.78,558.69,558.49,556.74,555.30,555.02,555.00,555.00,555.00,555.00,555.00,555.00,555.00,555.00,555.00,555.00,555.00,555.00,555.00,555.00,555.00,555.00,555.00,555.00,555.00,555.00,555.00,555.00,555.00,555.00,555.00,555.00,555.00,555.00,555.00,555.00,555.00,555.00,555.00,555.00,555.00,555.00,555.00,555.00,555.00,555.00,555.00,555.00,555.00,555.00,555.00,555.00,555.00,555.00,555.00,555.00,555.00,555.00,555.00,555.00,555.00,555.00,555.00,555.00,555.00,555.00,555.00,555.00,555.00,555.00,555.00,555.01,555.09,555.11,556.77,559.16,559.69,562.32,565.84,569.88,574.43,579.06,583.04,586.89,590.72,594.14,597.25,600.87,605.15,610.00,614.75,618.45,621.34,623.74,626.37,629.34,632.44,635.47,638.06,640.45,642.95,645.44,647.73,649.72,651.76,653.86,655.96,657.94,659.40,660.35,660.98,661.48,661.48,661.24,660.85,660.20,659.04,657.20,654.89,652.05,648.19
645.38,649.88,654.38,659.21,665.21,674.13,683.78,692.60,700.60,709.21,718.79,726.90,733.82,740.25,744.99,750.49,756.66,762.99,768.50,775.17,782.13,788.93,795.33,801.42,807.74,814.04,819.97,825.59,830.40,834.78,839.03,843.61,847.86,852.17,856.41,860.29,864.34,869.07,873.66,877.52,880.69,883.58,885.81,887.30,888.00,888.52,888.55,888.19,887.49,886.33,884.66,882.94,881.25,879.18,876.62,873.82,870.68,866.91,862.76,858.44,853.97,848.62,840.32,833.06,827.69,824.02,821.41,818.96,816.56,814.14,811.54,808.43,805.73,803.30,800.96,798.43,796.08,793.91,791.70,789.15,786.36,783.38,780.10,776.36,772.17,768.30,764.42,760.37,756.12,752.13,748.63,745.30,741.82,738.16,734.52,730.45,725.62,719.85,714.50,709.12,703.44,697.20,690.39,683.09,675.37,667.48,660.52,653.22,646.64,640.67,633.94,627.02,619.72,612.61,606.30,600.08,593.35,586.87,580.61,573.45,568.89,565.88,563.54,561.37,560.17,559.79,559.71,559.59,559.47,559.38,559.27,559.13,559.05,558.94,558.83,558.73,558.45,557.10,555.73,555.00,555.00,555.00,555.00,555.00,555.00,555.00,555.00,555.00,555.00,555.00,555.00,555.00,555.00,555.00,555.00,555.00,555.00,555.00,555.00,555.00,555.00,555.00,555.00,555.00,555.00,555.00,555.00,555.00,555.00,555.00,555.00,555.00,555.00,555.00,555.00,555.00,555.00,555.00,555.00,555.00,555.00,555.00,555.00,555.00,555.00,555.00,555.00,555.00,555.00,555.00,555.00,555.00,555.00,555.00,555.00,555.00,555.00,555.00,555.00,555.00,555.00,555.00,555.00,555.00,555.00,555.00,555.35,556.99,557.43,558.73,561.14,563.76,567.04,571.10,575.52,579.88,583.95,587.71,591.46,595.27,599.03,602.73,607.34,612.42,617.07,621.12,624.40,627.12,629.51,632.22,635.42,638.50,641.22,643.59,646.01,648.47,650.93,653.38,655.64,657.65,659.59,661.50,663.16,664.42,665.35,665.98,666.16,665.92,665.42,664.71,663.64,661.82,659.38,656.56,653.44,649.88
646.02,650.19,654.88,660.19,666.71,676.07,685.80,694.60,702.58,711.25,720.68,729.00,736.19,742.51,747.37,753.65,760.03,765.68,771.49,778.66,785.91,792.77,799.15,805.32,812.30,819.31,825.41,830.72,835.10,839.42,844.21,849.71,854.07,857.85,861.73,866.37,871.21,875.30,878.87,882.02,884.70,887.33,889.22,890.21,890.39,890.56,890.51,890.31,889.86,888.49,886.67,884.68,882.61,880.48,877.76,874.79,871.55,867.73,863.49,859.26,855.09,850.36,843.23,835.97,830.63,827.37,825.34,823.20,821.21,819.30,817.18,814.04,811.28,808.71,806.01,802.85,799.82,797.17,794.71,792.00,788.98,785.85,782.59,778.99,774.64,770.30,766.02,761.79,757.66,753.76,750.00,746.21,742.23,738.18,734.12,729.74,724.73,718.75,712.94,707.20,701.23,694.59,687.39,679.64,671.71,663.95,656.81,650.02,643.91,638.00,630.88,623.78,616.21,608.94,602.70,595.58,588.69,582.52,576.78,570.11,566.79,564.42,562.17,560.33,559.86,559.74,559.63,559.49,559.40,559.32,559.20,558.97,558.49,558.30,558.20,558.14,557.75,555.65,555.01,555.00,555.00,555.00,555.00,555.00,555.00,555.00,555.00,555.00,555.00,555.00,555.00,555.00,555.00,555.00,555.00,555.00,555.00,555.00,555.00,555.00,555.00,555.00,555.00,555.00,555.00,555.00,555.00,555.00,555.00,555.00,555.00,555.00,555.00,555.00,555.00,555.00,555.00,555.00,555.00,555.00,555.00,555.00,555.00,555.00,555.00,555.00,555.00,555.00,555.00,555.00,555.00,555.00,555.00,555.00,555.00,555.00,555.00,555.00,555.00,555.00,555.00,555.00,555.00,555.00,555.36,555.67,556.25,558.99,560.07,561.27,563.71,568.20,572.16,576.42,580.73,584.62,588.03,591.77,595.67,599.66,603.90,608.60,614.02,619.37,623.38,626.61,629.56,632.35,635.05,637.99,641.34,644.29,646.73,649.01,651.48,653.90,656.28,658.70,661.09,663.07,664.95,666.81,668.43,669.52,670.38,670.90,670.72,670.13,669.27,668.18,666.71,664.50,661.62,658.37,654.97,651.59
646.60,650.59,655.54,661.20,667.96,677.76,687.39,696.20,704.49,713.32,722.58,731.35,738.98,744.85,750.18,756.64,762.71,767.94,774.68,782.05,789.06,795.60,802.05,808.82,816.15,823.18,829.12,834.57,839.23,844.04,849.18,853.97,858.37,862.43,866.61,871.40,875.83,879.42,882.60,885.55,888.14,889.50,890.30,890.83,891.04,891.21,891.16,890.94,890.49,889.56,887.65,885.53,883.49,881.38,878.88,875.78,872.20,868.26,864.05,860.00,856.16,852.18,846.82,839.57,834.28,831.48,829.59,827.75,826.00,824.27,822.35,819.94,817.27,814.42,811.28,807.63,804.00,800.51,797.21,794.10,790.77,787.35,783.76,779.85,775.37,770.74,766.30,762.08,757.99,754.14,750.19,746.00,741.59,737.32,732.77,728.01,722.79,716.40,710.08,704.06,697.83,690.54,682.84,674.90,667.18,659.93,652.86,646.92,640.95,634.37,626.96,619.35,611.97,605.10,598.64,590.90,584.15,577.65,571.57,567.81,565.16,562.78,560.80,559.98,559.76,559.67,559.57,559.42,559.34,559.22,559.10,558.48,556.36,555.93,555.90,555.88,555.77,555.17,555.00,555.00,555.00,555.00,555.00,555.00,555.00,555.00,555.00,555.00,555.00,555.00,555.00,555.00,555.00,555.00,555.00,555.00,555.00,555.00,555.00,555.00,555.00,555.00,555.00,555.00,555.00,555.00,555.00,555.00,555.00,555.00,555.00,555.00,555.00,555.00,555.00,555.00,555.00,555.00,555.00,555.00,555.00,555.00,555.00,555.00,555.00,555.00,555.00,555.00,555.00,555.00,555.00,555.00,555.00,555.00,555.00,555.00,555.00,555.00,555.00,555.00,555.00,555.00,555.00,555.00,556.89,558.47,558.75,559.72,561.76,565.01,569.01,572.92,576.78,581.05,585.19,588.67,592.07,595.86,599.92,604.18,608.72,614.90,620.11,624.19,627.82,631.22,634.31,637.35,640.51,643.76,646.88,649.53,651.79,654.10,656.46,658.95,661.37,663.54,665.67,667.79,670.09,672.55,674.88,676.22,676.81,676.86,676.39,675.36,673.82,672.03,669.98,667.38,664.26,660.81,657.23,653.79
647.46,651.35,656.47,662.29,669.10,679.04,688.93,697.94,706.31,715.28,724.86,734.02,741.84,747.51,753.25,759.55,765.46,770.98,778.05,785.18,791.72,797.89,804.47,811.66,819.25,826.43,832.52,838.16,843.20,848.16,853.11,857.65,861.98,866.26,870.71,875.43,879.49,882.80,885.65,888.10,889.87,890.57,890.98,891.34,891.65,891.83,891.74,891.41,890.85,890.12,888.31,886.22,884.17,882.06,879.69,876.38,872.44,868.50,864.52,860.70,857.14,853.72,849.66,843.12,837.93,834.89,832.82,831.23,829.81,828.34,826.63,824.51,821.88,818.94,815.63,811.73,807.62,803.29,799.11,795.54,791.95,788.11,784.08,779.78,774.98,770.22,765.77,761.60,757.50,753.64,749.41,744.77,739.83,734.96,729.96,724.72,719.02,712.53,706.07,699.77,693.12,685.29,677.63,669.97,662.64,655.88,649.23,643.42,637.14,629.99,622.25,614.54,607.76,601.26,594.19,586.73,579.95,573.72,568.57,565.98,563.58,561.52,560.12,559.80,559.69,559.59,559.48,559.36,559.27,559.14,558.44,557.05,555.32,555.00,555.00,555.00,555.00,555.00,555.00,555.00,555.00,555.00,555.00,555.00,555.00,555.00,555.00,555.00,555.00,555.00,555.00,555.00,555.00,555.00,555.00,555.00,555.00,555.00,555.00,555.00,555.00,555.00,555.00,555.00,555.00,555.00,555.00,555.00,555.00,555.00,555.00,555.00,555.00,555.00,555.00,555.00,555.00,555.00,555.00,555.00,555.00,555.00,555.00,555.00,555.00,555.00,555.00,555.00,555.00,555.00,555.00,555.00,555.00,555.00,555.00,555.00,555.00,555.00,555.00,555.00,555.00,555.00,555.18,556.40,558.38,559.93,560.73,562.18,565.43,569.65,573.99,577.52,581.35,585.47,589.39,592.75,596.18,600.00,604.26,609.03,614.38,620.44,625.11,628.72,632.36,636.06,639.50,642.84,646.12,649.19,651.94,654.43,656.85,659.46,661.83,664.32,666.83,669.18,671.49,673.70,675.96,678.30,680.54,681.84,682.37,682.33,681.73,680.44,678.49,676.18,673.59,670.56,667.09,663.42,659.78,656.42
648.50,652.43,657.67,663.53,670.27,680.13,690.49,699.77,708.07,717.17,727.36,736.85,744.71,750.38,756.41,762.37,768.31,774.47,781.39,787.98,793.95,799.76,806.48,813.95,821.77,829.21,835.65,841.53,846.89,851.75,856.22,860.80,865.05,869.51,874.16,878.69,882.49,885.61,888.12,889.86,890.50,890.98,891.40,891.80,892.22,892.42,892.26,891.79,891.06,890.34,888.74,886.77,884.68,882.57,880.23,876.68,872.45,868.57,864.97,861.44,858.11,855.06,851.89,846.53,841.60,837.94,835.42,833.96,832.80,831.59,830.06,828.01,825.42,822.49,819.17,815.14,810.63,805.51,800.41,796.33,792.53,788.24,783.71,779.00,773.77,769.00,764.65,760.52,756.36,752.39,747.83,742.71,737.19,731.55,726.05,720.26,713.99,707.62,701.31,694.71,687.48,679.38,672.14,665.05,658.23,651.83,645.68,639.52,632.71,625.13,617.07,609.67,603.61,597.40,589.66,582.91,576.10,570.58,566.98,564.45,562.10,560.58,559.80,559.38,559.26,559.14,559.03,558.95,558.88,558.75,557.36,555.30,555.04,555.00,555.00,555.00,555.00,555.00,555.00,555.00,555.00,555.00,555.00,555.00,555.00,555.00,555.00,555.00,555.00,555.00,555.00,555.00,555.00,555.00,555.00,555.00,555.00,555.00,555.00,555.00,555.00,555.00,555.00,555.00,555.00,555.00,555.00,555.00,555.00,555.00,555.00,555.00,555.00,555.00,555.00,555.00,555.00,555.00,555.00,555.00,555.00,555.00,555.00,555.00,555.00,555.00,555.00,555.00,555.00,555.00,555.00,555.00,555.00,555.00,555.00,555.00,555.00,555.00,555.00,555.00,555.18,555.38,555.80,558.58,559.94,560.95,562.78,566.04,570.50,574.88,578.75,582.09,585.86,589.71,593.41,596.84,600.35,604.28,608.83,614.19,620.35,625.37,629.43,633.11,637.03,641.08,644.91,648.47,651.63,654.35,656.83,659.37,662.13,665.13,667.58,670.04,672.61,675.25,677.89,680.12,682.13,684.05,685.89,687.07,687.69,687.74,686.97,685.44,683.17,680.45,677.37,673.94,670.07,666.18,662.53,659.34
649.51,654.06,659.50,665.35,672.08,681.61,692.27,701.68,709.77,718.92,729.71,739.47,747.38,753.23,759.08,765.09,771.32,777.69,783.87,789.79,795.40,801.08,807.74,815.35,823.55,831.40,838.16,844.43,849.64,854.16,858.37,862.88,867.38,872.00,876.65,881.09,884.96,887.76,889.58,890.49,890.91,891.36,891.78,892.19,892.62,892.78,892.49,891.90,891.18,890.43,888.95,887.04,884.91,882.76,880.41,876.81,872.53,868.78,865.53,862.36,859.26,856.26,853.28,849.46,845.43,841.51,838.05,836.21,834.78,833.37,831.88,830.14,827.79,824.83,821.26,817.12,812.26,806.40,800.42,795.72,791.80,787.34,782.48,777.33,771.78,767.09,762.82,758.68,754.35,749.93,744.98,739.46,733.40,727.34,720.98,714.59,708.31,702.24,696.31,689.13,681.16,673.75,667.17,660.78,654.41,648.00,641.38,634.69,627.63,620.04,612.01,605.72,599.81,593.42,586.15,579.17,573.01,568.43,565.55,563.04,561.10,560.07,559.14,557.06,556.72,556.67,556.62,556.59,556.56,556.51,555.91,555.02,555.00,555.00,555.00,555.00,555.00,555.00,555.00,555.00,555.00,555.00,555.00,555.00,555.00,555.00,555.00,555.00,555.00,555.00,555.00,555.00,555.00,555.00,555.00,555.00,555.00,555.00,555.00,555.00,555.00,555.00,555.00,555.00,555.00,555.00,555.00,555.00,555.00,555.00,555.00,555.00,555.00,555.00,555.00,555.00,555.00,555.00,555.00,555.00,555.00,555.00,555.00,555.00,555.00,555.00,555.00,555.00,555.00,555.00,555.00,555.00,555.00,555.00,555.00,555.00,555.00,555.00,555.00,555.00,556.37,557.97,558.28,560.12,562.17,564.41,567.29,571.73,576.37,580.30,583.61,586.90,590.21,593.62,597.14,600.76,604.52,609.16,614.35,619.80,625.07,629.61,633.64,637.60,641.94,646.24,649.91,653.15,656.15,659.23,662.46,665.64,668.72,671.64,674.19,676.55,678.78,680.89,683.09,685.16,687.37,689.83,692.37,694.12,694.86,694.56,693.04,690.63,687.62,684.36,680.94,677.28,673.23,669.18,665.45,662.38
650.86,655.80,661.30,667.12,673.94,683.60,694.09,703.38,711.58,720.96,732.01,741.87,749.77,755.59,761.42,767.58,773.94,780.19,785.64,791.05,796.43,802.08,808.70,816.30,824.80,833.08,840.17,846.65,851.60,855.82,859.89,864.46,869.18,873.97,878.69,883.14,887.06,889.35,890.49,890.87,891.22,891.63,892.02,892.39,892.74,892.80,892.45,891.87,891.19,890.42,888.96,887.05,884.88,882.68,880.28,876.68,872.48,868.86,865.88,863.01,860.12,857.16,854.21,851.28,847.88,843.97,840.06,837.89,836.22,834.65,833.12,831.55,829.49,826.53,822.60,818.25,813.09,806.56,799.83,794.83,790.53,785.86,780.70,775.07,769.24,764.44,760.11,755.88,751.46,746.71,741.61,735.95,729.52,723.00,715.87,709.05,703.01,697.43,691.35,683.79,675.74,669.13,663.10,657.08,650.81,644.12,636.91,630.05,622.85,615.23,607.92,602.38,596.36,589.81,583.07,575.64,570.34,566.70,564.16,561.74,560.36,559.78,558.69,555.49,555.00,555.00,555.00,555.00,555.00,555.00,555.00,555.00,555.00,555.00,555.00,555.00,555.00,555.00,555.00,555.00,555.00,555.00,555.00,555.00,555.00,555.00,555.00,555.00,555.00,555.00,555.00,555.00,555.00,555.00,555.00,555.00,555.00,555.00,555.00,555.00,555.00,555.00,555.00,555.00,555.00,555.00,555.00,555.00,555.00,555.00,555.00,555.00,555.00,555.00,555.00,555.00,555.00,555.00,555.00,555.00,555.00,555.00,555.00,555.00,555.00,555.00,555.00,555.00,555.00,555.00,555.00,555.00,555.00,555.00,555.00,555.00,555.00,555.20,556.00,556.19,557.85,560.02,561.02,562.59,565.46,568.89,572.76,577.81,582.30,585.75,588.57,591.71,594.69,597.85,601.32,605.18,609.25,614.31,619.72,624.95,629.36,633.58,637.78,642.09,646.56,650.73,654.25,657.55,660.92,664.41,668.06,671.61,674.87,677.63,680.22,682.45,684.41,686.24,688.42,690.79,693.30,695.94,698.63,700.47,701.09,700.53,698.59,695.55,691.96,688.24,684.54,680.67,676.54,672.44,668.63,665.51
652.69,657.55,662.91,668.69,675.71,686.25,695.91,704.79,713.55,723.42,734.26,743.99,751.76,757.19,763.38,769.75,775.96,781.69,786.56,791.68,797.03,802.75,809.36,816.79,825.44,834.09,841.56,847.96,852.58,856.60,860.73,865.52,870.37,875.34,880.28,884.84,888.67,890.22,890.79,891.15,891.41,891.73,892.05,892.34,892.49,892.37,892.07,891.64,891.06,890.29,888.72,886.74,884.56,882.30,879.77,876.22,872.20,868.73,865.89,863.20,860.47,857.63,854.63,851.58,848.23,844.61,841.10,838.82,837.09,835.50,833.85,832.23,830.48,827.52,823.15,818.47,813.04,805.91,798.68,793.85,788.77,783.76,778.32,772.16,766.01,760.86,756.23,751.84,747.45,742.69,737.78,732.34,725.81,718.69,710.96,704.03,698.48,693.58,686.57,678.97,671.82,665.96,660.22,654.07,647.40,640.13,632.37,625.92,618.68,610.93,605.23,599.70,593.38,586.79,580.34,572.41,568.12,565.33,562.82,560.60,559.93,559.69,558.59,555.48,555.00,555.00,555.00,555.00,555.00,555.00,555.00,555.00,555.00,555.00,555.00,555.00,555.00,555.00,555.00,555.00,555.00,555.00,555.00,555.00,555.00,555.00,555.00,555.00,555.00,555.00,555.00,555.00,555.00,555.00,555.00,555.00,555.00,555.00,555.00,555.00,555.00,555.00,555.00,555.00,555.00,555.00,555.00,555.00,555.00,555.00,555.00,555.00,555.00,555.00,555.00,555.00,555.00,555.00,555.00,555.00,555.00,555.00,555.00,555.00,555.00,555.00,555.00,555.00,555.00,555.00,555.00,555.00,555.00,555.00,555.00,555.04,555.07,555.73,558.43,559.10,559.54,560.85,563.73,566.62,570.15,574.32,579.08,584.04,588.15,591.21,593.67,596.49,599.46,602.66,606.25,610.40,614.78,619.69,624.64,629.28,633.28,637.32,641.85,646.53,650.66,654.24,657.76,661.77,666.28,670.05,673.41,676.80,680.05,682.64,685.20,687.29,689.17,691.28,694.28,697.60,700.41,702.51,704.30,705.33,705.53,704.89,703.13,700.00,696.17,692.17,688.21,684.16,680.06,676.03,672.18,668.76
654.03,658.84,664.17,669.96,677.05,687.92,697.26,706.20,715.44,725.10,735.70,745.24,752.88,758.36,764.86,771.19,777.08,782.37,786.94,791.88,797.23,803.06,809.67,816.96,825.51,834.16,841.73,848.34,852.87,856.73,860.83,865.86,871.04,876.25,881.34,885.91,889.25,890.42,890.80,891.13,891.41,891.71,891.98,892.14,892.08,891.85,891.58,891.26,890.82,890.11,888.35,886.21,884.00,881.68,878.89,875.41,871.69,868.49,865.78,863.20,860.54,857.66,854.51,851.32,847.85,844.18,840.78,838.59,836.98,835.49,833.87,832.28,830.61,827.69,823.24,818.25,812.00,804.61,797.50,792.52,787.11,781.36,775.03,768.11,761.70,756.31,751.79,747.74,743.44,738.88,734.24,728.98,722.39,714.67,706.58,699.90,695.04,690.35,683.12,675.59,668.85,663.35,657.27,650.88,643.93,636.35,629.05,622.65,615.52,608.15,602.95,596.99,590.53,583.78,576.85,570.23,566.57,563.96,561.62,560.14,559.78,558.68,556.82,555.24,555.00,555.00,555.00,555.00,555.00,555.00,555.00,555.00,555.00,555.00,555.00,555.00,555.00,555.00,555.00,555.00,555.00,555.00,555.00,555.00,555.00,555.00,555.00,555.00,555.00,555.00,555.00,555.00,555.00,555.00,555.00,555.00,555.00,555.00,555.00,555.00,555.00,555.00,555.00,555.00,555.00,555.00,555.00,555.00,555.00,555.00,555.00,555.00,555.00,555.00,555.00,555.00,555.00,555.00,555.00,555.00,555.00,555.00,555.00,555.00,555.00,555.00,555.00,555.00,555.00,555.00,555.00,555.00,555.00,555.00,555.02,556.38,557.31,557.75,559.49,560.61,562.06,564.35,567.83,571.34,575.43,580.30,585.62,589.86,593.42,596.67,599.75,602.66,605.47,608.63,612.18,616.16,620.49,624.94,629.14,633.04,636.94,641.25,645.83,650.30,654.17,657.83,662.31,666.88,670.98,674.61,678.14,681.71,685.07,687.58,689.96,692.36,694.95,697.91,701.15,704.17,706.55,708.20,709.51,710.04,709.87,708.99,707.08,703.83,700.05,696.09,692.04,688.02,683.97,680.01,676.24,672.87
655.14,659.92,665.29,671.14,678.26,689.08,698.19,707.31,717.00,726.29,736.62,745.90,753.42,759.08,765.82,772.07,777.69,782.65,787.02,791.84,797.22,803.18,809.82,816.88,825.20,833.70,841.25,848.03,852.62,856.46,860.55,865.78,871.33,876.82,882.04,886.53,889.41,890.39,890.70,891.01,891.32,891.63,891.84,891.88,891.66,891.37,891.10,890.86,890.52,889.76,887.81,885.53,883.26,880.86,877.82,874.38,870.96,868.05,865.46,862.96,860.30,857.33,854.05,850.68,847.04,843.25,839.94,837.95,836.44,835.00,833.49,831.99,830.22,827.28,822.88,817.62,810.57,803.09,796.27,790.98,785.14,778.55,771.29,763.69,757.23,751.88,747.59,743.83,739.43,735.06,730.64,725.53,718.86,710.60,702.59,696.39,692.09,687.39,680.15,672.78,666.33,660.99,654.35,647.82,640.73,632.87,626.34,619.78,612.77,605.96,600.80,594.37,587.77,580.80,573.40,568.46,565.25,562.66,560.61,559.91,559.73,557.67,555.06,555.01,555.00,555.00,555.00,555.00,555.00,555.00,555.00,555.00,555.00,555.00,555.00,555.00,555.00,555.00,555.00,555.00,555.00,555.00,555.00,555.00,555.00,555.00,555.00,555.00,555.00,555.00,555.00,555.00,555.00,555.00,555.00,555.00,555.00,555.00,555.00,555.00,555.00,555.00,555.00,555.00,555.00,555.00,555.00,555.00,555.00,555.00,555.00,555.00,555.00,555.00,555.00,555.00,555.00,555.00,555.00,555.00,555.00,555.00,555.00,555.00,555.00,555.00,555.00,555.00,555.00,555.00,555.00,555.33,555.66,555.66,555.71,558.01,559.77,560.25,561.04,562.71,565.42,568.75,572.31,576.43,581.12,586.42,591.90,595.61,598.95,602.47,606.04,609.03,611.65,614.76,618.25,621.95,625.97,629.83,633.32,636.64,640.61,645.17,649.66,653.81,657.57,661.75,667.10,671.92,675.39,678.98,682.76,686.49,689.85,692.35,694.78,697.80,701.23,704.76,707.93,710.37,712.24,713.61,714.69,714.86,714.30,713.08,710.91,707.62,703.96,700.04,695.92,691.94,687.95,684.10,680.50,677.33
655.91,660.77,666.29,672.34,679.47,689.50,698.19,707.45,717.55,726.64,736.57,745.51,752.93,758.82,765.48,771.78,777.49,782.45,786.64,791.46,796.94,803.02,809.70,816.28,824.13,832.34,839.81,846.30,851.27,855.52,859.76,865.07,870.87,876.70,882.06,886.21,889.24,890.27,890.58,890.89,891.20,891.51,891.64,891.59,891.40,891.11,890.82,890.53,890.08,888.90,886.83,884.52,882.19,879.65,876.46,873.02,869.75,867.11,864.59,862.07,859.32,856.19,852.93,849.35,845.49,841.68,838.73,837.04,835.43,833.83,832.47,831.14,828.93,825.75,821.48,815.96,808.75,801.53,794.94,789.03,781.97,774.68,766.98,759.18,753.34,748.75,744.71,740.57,735.48,730.93,726.57,721.53,714.73,706.16,699.39,694.05,689.57,684.78,677.48,670.45,664.41,658.91,651.59,645.37,638.50,630.25,624.46,617.36,610.39,604.21,598.68,592.08,585.19,577.99,570.89,567.03,564.01,561.63,560.13,559.78,559.66,557.60,555.00,555.00,555.00,555.00,555.00,555.00,555.00,555.00,555.00,555.00,555.00,555.00,555.00,555.00,555.00,555.00,555.00,555.00,555.00,555.00,555.00,555.00,555.00,555.00,555.00,555.00,555.00,555.00,555.00,555.00,555.00,555.00,555.00,555.00,555.00,555.00,555.00,555.00,555.00,555.00,555.00,555.00,555.00,555.00,555.00,555.00,555.00,555.00,555.00,555.00,555.00,555.00,555.00,555.00,555.00,555.00,555.00,555.00,555.00,555.00,555.00,555.00,555.00,555.00,555.00,555.00,555.00,555.00,555.00,556.79,558.52,558.57,558.59,559.33,560.75,562.88,565.67,568.21,570.80,573.50,576.67,582.12,587.53,592.50,597.08,601.60,605.98,609.43,612.09,614.62,617.12,620.24,623.74,627.25,630.50,633.61,636.77,640.27,644.56,648.93,653.09,657.06,661.21,666.66,671.61,675.80,679.47,683.77,687.65,691.02,693.96,696.69,700.05,704.21,708.09,710.78,713.35,715.53,717.39,718.96,720.22,720.20,719.13,717.35,714.97,711.92,708.26,704.15,699.78,695.71,691.78,688.14,684.88,682.07
656.69,661.88,667.49,673.57,680.68,689.76,697.99,706.81,716.48,725.73,735.65,744.34,751.55,757.57,764.10,770.46,776.41,781.70,785.97,790.72,796.22,802.38,808.96,815.36,822.65,830.33,837.70,844.23,849.33,854.03,858.85,864.02,869.76,875.79,881.33,885.41,888.80,890.07,890.45,890.76,891.07,891.31,891.38,891.28,891.15,890.89,890.59,890.21,889.51,887.87,885.69,883.37,880.92,877.97,874.72,871.47,868.42,865.83,863.29,860.61,857.70,854.51,851.06,847.13,843.10,839.42,836.77,835.21,833.72,832.25,830.92,829.34,826.84,823.59,819.42,813.85,806.87,800.07,793.71,787.36,779.69,771.63,763.60,756.21,750.83,746.50,742.27,737.61,732.14,727.40,722.34,716.62,709.96,702.31,696.51,691.64,687.06,682.22,674.93,668.34,662.60,656.43,649.44,643.78,637.13,628.64,623.00,615.46,608.59,602.93,597.05,590.15,582.87,575.65,569.29,565.90,562.92,560.78,559.88,559.62,558.49,556.64,555.00,555.00,555.00,555.00,555.00,555.00,555.00,555.00,555.00,555.00,555.00,555.00,555.00,555.00,555.00,555.00,555.00,555.00,555.00,555.00,555.00,555.00,555.00,555.00,555.00,555.00,555.00,555.00,555.00,555.00,555.00,555.00,555.00,555.00,555.00,555.00,555.00,555.00,555.00,555.00,555.00,555.00,555.00,555.00,555.00,555.00,555.00,555.00,555.00,555.00,555.00,555.00,555.00,555.00,555.00,555.00,555.00,555.00,555.00,555.00,555.00,555.00,555.00,555.00,555.00,555.00,555.34,556.57,556.79,558.94,561.46,562.70,563.64,564.37,565.83,568.26,571.11,573.32,575.67,578.64,582.70,587.93,592.93,597.59,602.13,607.14,611.71,615.00,617.45,620.24,622.79,625.86,629.14,632.19,634.75,637.55,640.63,644.15,648.44,652.66,656.71,660.72,665.09,670.69,675.60,679.88,683.86,688.03,691.59,694.64,697.60,701.15,705.11,709.37,713.11,715.77,718.71,721.49,723.75,725.40,726.54,726.33,724.97,722.74,719.76,716.32,712.58,708.48,704.05,699.93,696.07,692.59,689.52,686.89
657.46,663.15,668.82,674.81,681.80,689.82,697.56,705.59,714.29,723.85,733.98,742.52,749.48,755.45,761.77,768.17,774.47,780.30,784.89,789.63,795.13,801.33,807.79,814.18,820.89,827.92,835.15,841.97,847.01,852.07,857.62,862.69,868.25,874.33,880.05,884.25,888.11,889.76,890.34,890.64,890.93,891.07,891.06,890.97,890.88,890.67,890.37,889.85,888.76,886.72,884.44,882.09,879.43,875.95,872.71,869.74,866.96,864.29,861.65,858.72,855.64,852.39,848.60,844.27,840.16,836.67,834.27,832.67,831.40,830.19,828.79,826.76,824.16,820.95,816.88,811.48,804.98,798.71,792.66,786.04,778.24,769.43,761.14,754.52,749.41,744.93,740.22,735.00,729.37,724.41,718.12,711.25,704.94,698.94,693.83,689.11,684.50,679.50,672.37,666.26,660.67,653.65,647.69,642.70,636.27,627.76,621.84,613.99,607.27,601.99,595.75,588.43,580.74,573.64,568.26,564.96,561.96,560.14,559.79,559.45,556.79,555.21,555.00,555.00,555.00,555.00,555.00,555.00,555.00,555.00,555.00,555.00,555.00,555.00,555.00,555.00,555.00,555.00,555.00,555.00,555.00,555.00,555.00,555.00,555.00,555.00,555.00,555.00,555.00,555.00,555.00,555.00,555.00,555.00,555.00,555.00,555.00,555.00,555.00,555.00,555.00,555.00,555.00,555.00,555.00,555.00,555.00,555.00,555.00,555.00,555.00,555.00,555.00,555.00,555.00,555.00,555.00,555.00,555.00,555.00,555.00,555.00,555.00,555.00,555.00,555.01,555.23,555.36,556.25,559.45,560.24,562.10,564.91,567.86,570.20,572.05,573.88,575.76,577.34,578.52,580.57,584.15,589.54,593.55,597.52,601.98,607.08,612.35,616.59,619.78,622.60,626.11,628.80,631.74,634.69,637.20,639.21,641.91,644.97,648.35,652.39,656.45,660.51,664.69,669.22,674.26,679.34,684.11,688.31,691.81,694.83,697.74,701.08,705.65,709.87,713.58,716.96,720.28,724.05,727.77,730.61,732.30,733.16,732.77,731.25,728.70,724.98,720.79,716.91,712.93,708.60,704.51,700.75,697.38,694.43,691.85
657.96,664.17,670.11,675.95,682.30,689.29,696.40,703.85,711.93,721.15,731.27,739.91,746.71,751.98,757.79,764.15,770.73,777.09,782.47,787.75,793.53,799.87,806.55,812.76,819.05,825.64,832.62,839.70,844.71,849.45,854.87,861.00,866.79,872.77,878.43,882.85,886.87,889.18,890.25,890.51,890.76,890.80,890.73,890.62,890.52,890.36,889.97,889.11,887.50,885.46,883.19,880.54,877.36,873.66,870.54,867.73,865.08,862.49,859.70,856.66,853.45,849.92,845.60,841.26,837.25,833.86,831.61,829.72,828.19,826.80,825.31,823.49,821.04,817.90,814.02,809.40,803.32,797.67,792.23,785.73,778.00,768.87,760.44,754.08,748.94,744.16,739.01,733.35,727.51,722.14,714.66,706.86,701.02,695.93,691.06,686.35,681.52,675.64,669.28,663.44,657.62,650.87,645.92,641.17,634.99,627.08,620.85,613.03,606.45,601.14,594.39,586.65,578.67,571.74,567.16,563.84,561.30,559.92,559.72,559.37,556.52,555.00,555.00,555.00,555.00,555.00,555.00,555.00,555.00,555.00,555.00,555.00,555.00,555.00,555.00,555.00,555.00,555.00,555.00,555.00,555.00,555.00,555.00,555.00,555.00,555.00,555.00,555.00,555.00,555.00,555.00,555.00,555.00,555.00,555.00,555.00,555.00,555.00,555.00,555.00,555.00,555.00,555.00,555.00,555.00,555.00,555.00,555.00,555.00,555.00,555.00,555.00,555.00,555.00,555.00,555.00,555.00,555.00,555.00,555.00,555.00,555.00,555.00,555.00,555.00,555.10,556.91,557.97,559.23,563.79,566.35,568.80,571.56,574.51,577.16,579.98,582.55,584.53,585.60,586.63,588.10,590.42,594.02,597.58,601.62,606.33,611.75,617.47,622.16,625.96,629.40,633.20,635.88,638.54,641.39,644.17,646.12,648.12,650.49,653.41,657.00,660.70,664.56,668.84,673.90,678.93,683.86,688.22,691.73,694.83,697.93,701.50,705.56,709.84,713.62,717.38,721.55,726.09,729.39,732.46,735.18,737.28,738.25,737.79,736.05,733.32,729.72,725.51,721.38,717.30,713.20,709.26,705.73,702.65,699.93,697.38
658.29,665.00,671.11,676.68,682.35,688.46,694.99,701.93,709.49,718.27,728.05,736.80,743.68,748.36,753.43,759.57,766.31,773.19,779.46,785.52,791.69,798.17,805.03,811.31,817.32,823.49,830.19,837.29,842.47,847.02,852.08,858.88,865.14,871.15,876.73,881.33,885.28,888.13,889.80,890.30,890.51,890.51,890.41,890.26,890.08,889.77,889.14,887.98,886.10,884.10,881.80,878.80,875.10,871.36,868.37,865.67,863.05,860.37,857.37,854.18,850.78,846.96,842.36,838.12,834.30,831.05,828.81,826.64,824.81,823.21,821.66,820.09,817.73,814.70,811.16,807.37,801.83,796.67,791.63,785.24,777.84,768.62,760.08,753.86,748.64,743.57,738.17,732.35,726.24,720.14,711.73,703.37,697.84,693.19,688.38,683.33,677.89,671.56,665.81,659.98,653.95,648.14,644.06,639.35,633.36,626.22,619.76,612.13,605.75,600.30,592.92,584.80,576.71,570.07,566.17,562.84,560.79,559.80,559.66,559.33,556.50,555.00,555.00,555.00,555.00,555.00,555.00,555.00,555.00,555.00,555.00,555.00,555.00,555.00,555.00,555.00,555.00,555.00,555.00,555.00,555.00,555.00,555.00,555.00,555.00,555.00,555.00,555.00,555.00,555.00,555.00,555.00,555.00,555.00,555.00,555.00,555.00,555.00,555.00,555.00,555.00,555.00,555.00,555.00,555.00,555.00,555.00,555.00,555.00,555.00,555.00,555.00,555.00,555.00,555.00,555.00,555.00,555.00,555.00,555.00,555.00,555.00,555.00,555.37,556.07,556.32,559.26,561.63,563.83,568.65,572.23,575.16,578.03,581.06,583.79,586.80,589.48,591.38,592.24,593.24,594.34,595.76,598.02,601.34,605.64,610.70,616.51,622.85,627.97,632.29,636.22,640.01,642.71,645.18,647.79,650.49,652.33,653.88,655.85,658.51,661.72,665.25,669.18,673.67,678.85,683.69,688.14,691.89,694.89,697.96,701.46,705.53,709.87,713.76,717.53,721.68,726.32,731.07,733.90,736.66,739.37,741.64,742.72,742.37,740.62,737.79,734.10,729.90,725.61,721.53,717.81,714.33,711.28,708.58,706.06,703.48
