596.12,594.01,591.95,590.12,588.81,587.67,586.58,585.53,584.47,583.28,582.08,580.88,579.65,577.92,576.00,574.01,572.12,570.58,569.16,567.64,566.00,564.30,562.58,561.23,560.28,559.75,559.51,558.49,557.71,557.19,555.38,555.00,555.00,555.00,555.00,555.00,555.00,555.00,555.00,555.00,555.00,555.00,555.00,555.00,555.00,555.00,555.00,555.00,555.00,555.00,555.00,555.00,555.00,555.00,555.00,555.00,555.00,555.00,555.00,555.00,555.00,555.00,555.00,555.00,555.00,555.00,555.00,555.00,555.00,555.00,555.00,555.00,555.00,555.00,555.17,557.85,559.55,560.88,565.02,570.52,576.35,582.58,589.25,595.39,602.52,608.79,613.43,616.81,620.58,624.78,628.94,632.37,634.88,637.36,639.61,641.47,643.22,644.73,646.39,648.56,651.91,656.59,661.88,667.52,673.13,677.31,682.23,687.42,692.35,696.47,700.68,704.85,709.24,714.19,718.59,722.94,727.25,731.38,735.20,741.39,747.15,752.26,758.00,762.47,766.33,770.45,775.57,781.70,786.58,791.08,795.65,800.13,804.80,809.31,813.44,816.85,819.72,823.03,826.75,830.52,833.39,835.27,836.38,836.89,836.72,835.73,834.08,831.83,828.66,823.75,818.98,814.67,810.46,805.36,800.61,797.08,794.50,792.44,790.64,790.45,791.90,794.76,797.61,800.20,802.21,803.66,804.75,805.63,806.18,806.43,806.39,806.12,805.82,805.54,805.23,804.83,804.52,804.60,805.05,805.79,806.81,808.97,812.44,817.42,823.64,830.95,837.78,843.63,848.61,853.95,860.33,867.02,873.20,878.98,883.93,888.47,892.69,896.44,899.96,903.40,906.95,910.90,915.30,919.61,923.92,928.35,932.78,937.23,941.39,945.29,949.19,952.99,956.56,959.89,962.89,965.44,967.48,969.03,969.94,969.92,969.13,967.55,965.26,962.24,958.82,955.28,951.58,947.61,943.51,940.16,937.09,934.25,932.05,930.11,927.96,925.54,923.10,921.56,921.78,923.47,926.54,930.57,934.25,938.04,942.63,948.97,955.69,961.59,966.93,972.29,978.61,982.97,986.71,990.62,995.05,1000.06
596.01,593.76,591.51,589.44,587.95,586.74,585.66,584.66,583.63,582.50,581.35,580.25,579.20,577.89,576.15,574.25,572.50,571.38,570.42,569.17,567.39,564.89,562.18,560.49,559.68,559.39,559.05,556.89,555.38,555.30,555.05,555.00,555.00,555.00,555.00,555.00,555.00,555.00,555.00,555.00,555.00,555.00,555.00,555.00,555.00,555.00,555.00,555.00,555.00,555.00,555.00,555.00,555.00,555.00,555.00,555.00,555.00,555.00,555.00,555.00,555.00,555.00,555.00,555.00,555.00,555.00,555.00,555.00,555.00,555.00,555.00,555.00,555.00,555.04,555.39,557.99,559.67,561.38,566.61,572.43,578.50,584.88,591.52,597.69,605.72,611.99,615.80,619.54,624.37,628.99,633.02,636.28,638.94,641.90,644.43,646.22,648.08,649.74,651.93,654.89,658.78,663.03,667.85,672.67,677.04,681.38,686.03,690.44,694.50,698.50,702.57,706.55,711.01,716.55,721.56,726.26,730.59,734.57,738.76,744.53,750.44,756.07,761.49,765.73,769.60,773.81,778.97,785.27,790.75,795.69,800.21,804.23,808.77,813.05,816.87,820.22,823.32,826.69,830.21,833.59,836.27,837.98,838.88,839.13,838.73,837.58,835.66,833.40,830.73,826.31,821.37,816.85,812.94,808.99,803.58,799.38,796.61,794.79,794.14,794.87,796.79,799.54,801.57,803.47,805.28,806.97,808.41,809.47,810.33,810.88,810.93,810.68,810.43,810.21,810.08,810.25,810.60,811.23,811.98,812.52,812.68,812.85,813.86,816.37,820.17,827.24,834.66,840.97,845.53,850.38,856.97,864.34,871.25,877.39,882.73,887.80,892.58,896.44,900.01,903.33,906.61,910.25,914.74,919.26,923.73,928.20,932.74,937.76,942.29,946.25,950.27,954.38,958.25,961.93,965.41,968.42,970.92,972.82,973.96,974.20,973.71,972.54,970.66,967.89,964.62,961.08,957.48,953.89,950.34,946.67,943.05,939.84,937.77,936.10,933.88,931.33,928.95,927.00,926.15,926.24,927.53,930.80,934.40,938.31,942.80,948.49,954.92,961.08,966.76,972.20,978.54,982.95,986.71,990.69,995.57,1001.40
595.41,593.10,590.84,588.75,586.95,585.68,584.66,583.72,582.67,581.61,580.60,579.66,578.77,577.76,576.29,574.67,573.23,572.27,571.41,570.45,568.91,565.81,562.09,560.06,559.34,558.89,557.16,555.71,555.00,555.00,555.00,555.00,555.00,555.00,555.00,555.00,555.00,555.00,555.00,555.00,555.00,555.00,555.00,555.00,555.00,555.00,555.00,555.00,555.00,555.00,555.00,555.00,555.00,555.00,555.00,555.00,555.00,555.00,555.00,555.00,555.00,555.00,555.00,555.00,555.00,555.00,555.00,555.00,555.00,555.00,555.00,555.00,555.00,555.38,557.16,558.81,560.23,562.71,568.62,574.64,580.78,587.09,593.65,600.43,608.00,613.94,618.07,622.53,627.83,632.57,636.75,640.62,644.16,647.62,650.47,652.56,654.73,657.00,659.63,662.69,666.15,669.60,673.37,677.26,681.17,685.35,689.34,693.05,696.64,700.41,704.14,708.12,712.97,719.20,724.35,728.80,732.82,736.73,741.51,747.35,753.21,758.75,763.95,768.80,773.08,777.75,783.67,790.08,795.47,800.06,804.10,807.95,812.21,816.34,820.09,823.31,826.53,830.00,833.53,836.79,839.15,840.51,841.20,841.32,840.70,839.38,837.48,835.18,832.33,828.42,823.58,819.05,815.26,811.75,807.16,802.74,799.27,797.62,797.56,798.70,800.59,802.83,804.54,806.30,808.38,810.66,812.68,814.33,815.44,815.99,815.98,815.78,815.63,815.57,815.71,816.22,816.84,817.79,818.88,819.64,819.81,819.09,818.74,819.74,822.20,826.71,832.16,837.79,842.83,847.57,853.72,860.97,868.54,875.25,881.13,886.67,891.85,896.12,899.93,903.27,906.41,909.88,914.50,919.21,923.77,928.26,933.21,938.44,943.14,947.25,951.33,955.61,959.83,963.90,967.71,971.28,974.10,976.21,977.54,978.08,977.80,976.92,975.45,973.08,970.23,967.18,963.77,959.90,956.13,952.64,949.15,945.81,943.36,941.69,939.76,937.57,935.30,932.62,931.08,930.15,929.95,931.65,934.78,938.41,942.57,947.93,953.67,959.72,965.70,971.54,978.04,982.58,986.44,990.63,996.13,1002.27
594.78,592.38,590.12,588.06,586.05,584.61,583.54,582.65,581.62,580.70,579.88,579.09,578.34,577.50,576.32,575.03,573.87,572.97,572.11,571.26,569.77,566.13,561.88,559.72,558.88,557.84,555.60,555.00,555.00,555.00,555.00,555.00,555.00,555.00,555.00,555.00,555.00,555.00,555.00,555.00,555.00,555.00,555.00,555.00,555.00,555.00,555.00,555.00,555.00,555.00,555.00,555.00,555.00,555.00,555.00,555.00,555.00,555.00,555.00,555.00,555.00,555.00,555.00,555.00,555.00,555.00,555.00,555.00,555.00,555.00,555.00,555.00,555.00,555.63,558.52,559.47,560.99,564.42,570.70,576.90,583.03,589.19,595.68,603.28,610.24,615.89,620.58,625.69,631.23,636.20,640.75,645.25,649.56,653.38,656.43,658.75,661.07,663.90,666.95,670.05,673.06,676.00,679.04,682.25,685.68,689.34,692.50,695.57,698.81,702.32,705.75,709.93,715.24,721.70,726.84,730.93,734.58,738.44,743.84,749.80,755.64,761.20,766.52,771.96,776.81,782.00,788.35,794.63,799.64,803.79,807.45,811.22,815.16,819.20,823.01,826.24,829.65,833.25,836.73,839.71,841.73,842.87,843.44,843.48,842.70,841.21,839.33,836.95,833.82,830.20,825.50,821.07,817.42,814.13,810.52,806.48,802.85,801.09,801.19,802.42,804.08,805.87,807.62,809.60,812.07,814.82,817.22,819.28,820.55,821.15,821.19,821.15,821.10,821.15,821.43,822.08,822.90,824.07,825.34,826.28,826.70,825.74,824.74,824.78,826.09,828.63,832.28,836.79,841.76,846.18,851.51,858.06,865.74,872.96,879.27,885.10,890.53,895.29,899.56,903.10,906.21,909.62,914.35,919.25,923.91,928.44,933.71,939.10,943.95,948.25,952.46,956.85,961.39,965.84,970.00,974.07,977.17,979.47,981.01,981.81,981.71,981.14,980.07,978.12,975.59,972.87,969.65,965.74,961.90,958.62,955.32,952.00,949.18,947.24,945.44,943.55,941.38,938.33,936.22,934.49,933.17,933.46,935.60,938.53,942.24,947.37,952.58,958.36,964.42,970.58,977.07,981.79,985.89,990.41,996.62,1002.88
594.27,591.73,589.39,587.37,585.36,583.56,582.23,581.36,580.44,579.82,579.21,578.56,577.89,577.07,576.15,575.19,574.21,573.29,572.38,571.31,569.39,565.28,561.33,559.47,558.14,555.82,555.12,555.00,555.00,555.00,555.00,555.00,555.00,555.00,555.00,555.00,555.00,555.00,555.00,555.00,555.00,555.00,555.00,555.00,555.00,555.00,555.00,555.00,555.00,555.00,555.00,555.00,555.00,555.00,555.00,555.00,555.00,555.00,555.00,555.00,555.00,555.00,555.00,555.00,555.00,555.00,555.00,555.00,555.00,555.00,555.00,555.00,555.00,555.65,558.63,559.60,562.00,566.57,572.74,579.13,585.21,591.14,597.58,606.18,612.74,618.28,623.58,629.05,634.65,640.16,645.41,650.24,654.89,658.79,661.86,664.11,666.20,669.40,672.85,676.10,678.96,682.04,685.18,688.15,690.79,693.38,695.58,698.07,701.06,704.29,707.51,712.22,718.01,723.83,728.84,732.57,735.87,739.71,745.70,751.76,757.68,763.58,769.66,775.34,780.90,786.60,792.54,798.30,802.63,806.43,810.12,813.77,817.41,821.43,825.47,828.99,832.72,836.50,839.72,842.07,843.79,845.02,845.64,845.60,844.79,843.10,841.10,838.60,835.26,831.53,826.95,822.77,819.35,816.13,813.26,810.56,807.89,805.54,805.28,806.14,807.41,808.98,811.21,813.91,816.84,819.72,822.02,824.03,825.35,826.14,826.56,826.82,826.87,826.88,827.02,827.60,828.60,829.83,831.03,831.90,832.72,832.28,831.57,831.33,831.44,833.88,836.88,839.96,843.55,847.13,851.15,856.23,863.02,870.63,877.09,882.88,888.35,893.67,898.72,902.71,905.99,909.49,914.27,919.36,924.18,928.75,934.08,939.63,944.70,949.24,953.67,958.18,962.97,967.80,972.37,976.79,980.12,982.65,984.45,985.41,985.49,985.25,984.61,983.04,980.52,977.69,974.65,971.37,968.02,964.77,961.57,958.44,955.43,952.83,950.76,948.90,946.79,944.14,941.57,939.19,937.34,936.81,937.17,938.76,941.83,946.82,951.92,957.28,963.04,969.26,975.42,980.39,984.92,989.98,996.96,1003.21
593.47,590.59,587.93,585.92,584.07,582.33,581.04,580.24,579.54,579.03,578.50,577.93,577.36,576.64,575.80,574.91,574.02,573.10,572.17,570.97,568.88,564.81,561.09,559.41,557.99,555.32,555.00,555.00,555.00,555.00,555.00,555.00,555.00,555.00,555.00,555.00,555.00,555.00,555.00,555.00,555.00,555.00,555.00,555.00,555.00,555.00,555.00,555.00,555.00,555.00,555.00,555.00,555.00,555.00,555.00,555.00,555.00,555.00,555.00,555.00,555.00,555.00,555.00,555.00,555.00,555.00,555.00,555.00,555.00,555.00,555.00,555.00,555.65,557.23,559.09,560.11,563.33,568.72,574.78,581.05,587.19,593.11,599.44,608.42,615.33,621.36,627.07,632.26,637.87,643.60,649.25,654.52,659.05,662.67,665.73,668.53,671.53,675.05,678.74,682.25,685.21,687.89,690.54,693.04,695.29,697.50,699.55,701.67,704.04,706.88,710.32,715.08,720.54,725.69,730.25,733.70,736.84,740.74,747.20,753.34,759.50,765.85,772.26,778.21,783.98,789.77,795.54,800.70,804.79,808.45,811.95,815.44,819.24,823.50,827.86,831.87,835.81,839.38,842.33,844.50,846.20,847.36,847.88,847.71,846.71,844.93,842.78,840.21,836.96,832.97,828.65,824.74,821.38,818.21,815.53,813.25,811.16,809.34,809.17,810.02,811.49,813.55,816.16,819.01,821.84,824.50,826.82,828.75,830.15,831.10,831.65,832.08,832.35,832.54,832.88,833.77,834.88,836.07,837.19,838.07,838.68,838.15,837.42,837.12,837.06,839.00,841.63,844.51,847.84,851.01,854.18,857.86,862.81,869.35,875.13,880.46,885.67,890.96,896.53,901.21,905.12,909.08,914.31,919.67,924.57,929.07,934.63,940.25,945.35,950.02,954.82,959.54,964.56,969.67,974.55,979.17,982.88,985.85,988.12,989.65,990.38,990.46,989.90,988.46,986.16,983.40,980.30,976.91,973.63,970.51,967.56,964.69,961.68,958.81,956.23,953.84,951.55,949.31,946.95,944.44,942.01,940.46,940.05,940.69,942.78,947.17,951.66,956.56,962.13,968.39,974.16,979.02,983.85,989.45,996.72,1003.13
592.50,589.24,586.18,584.12,582.47,580.98,579.84,579.14,578.66,578.20,577.70,577.18,576.70,576.12,575.35,574.51,573.64,572.72,571.80,570.48,568.25,564.38,560.94,559.42,558.03,555.33,555.00,555.00,555.00,555.00,555.00,555.00,555.00,555.00,555.00,555.00,555.00,555.00,555.00,555.00,555.00,555.00,555.00,555.00,555.00,555.00,555.00,555.00,555.00,555.00,555.00,555.00,555.00,555.00,555.00,555.00,555.00,555.00,555.00,555.00,555.00,555.00,555.00,555.00,555.00,555.00,555.00,555.00,555.00,555.00,555.00,555.00,556.36,558.93,559.60,560.90,564.90,570.87,576.89,583.03,589.19,595.19,601.53,610.64,618.11,624.65,630.51,635.28,640.90,646.81,652.73,658.32,662.60,665.97,669.18,672.68,676.78,680.66,684.47,688.08,691.07,693.31,695.48,697.63,699.69,701.78,703.85,705.65,707.40,709.97,713.66,718.28,723.17,727.59,731.49,734.65,737.74,741.77,748.47,754.64,761.11,767.95,774.52,780.68,786.48,792.23,797.95,802.59,806.59,810.18,813.49,816.83,820.94,825.53,830.26,834.76,838.79,842.09,844.78,846.92,848.58,849.58,849.97,849.70,848.50,846.69,844.40,841.79,838.74,834.61,830.54,826.80,823.43,820.33,817.66,815.49,813.80,812.80,812.92,813.95,815.84,818.54,821.46,824.27,826.85,829.25,831.58,833.48,834.97,836.07,836.77,837.34,837.81,838.22,838.77,839.95,841.09,842.20,843.27,844.17,844.55,843.89,843.09,842.71,842.62,843.87,846.23,849.37,852.87,855.89,858.54,861.18,864.44,869.50,874.27,878.85,883.47,888.38,894.09,899.31,903.93,908.51,914.30,919.96,924.92,929.40,935.26,940.89,945.98,950.76,955.90,960.87,966.10,971.45,976.60,981.36,985.47,988.97,991.81,994.07,995.46,995.82,995.29,993.95,991.91,989.29,986.14,982.58,979.28,976.16,973.31,970.60,967.71,964.75,961.69,958.69,956.08,954.00,951.90,949.45,946.67,944.34,943.48,943.36,944.41,947.90,951.72,956.17,961.56,967.81,973.21,977.88,982.96,989.02,996.32,1002.93
591.27,587.69,584.22,581.96,580.46,579.36,578.52,577.91,577.49,577.04,576.56,576.09,575.62,575.17,574.73,574.13,573.27,572.35,571.47,569.95,567.40,563.60,560.75,559.48,558.08,555.33,555.00,555.00,555.00,555.00,555.00,555.00,555.00,555.00,555.00,555.00,555.00,555.00,555.00,555.00,555.00,555.00,555.00,555.00,555.00,555.00,555.00,555.00,555.00,555.00,555.00,555.00,555.00,555.00,555.00,555.00,555.00,555.00,555.00,555.00,555.00,555.00,555.00,555.00,555.00,555.00,555.00,555.00,555.00,555.00,555.00,555.00,556.44,559.15,559.82,562.30,566.95,572.99,579.23,585.59,591.59,597.62,604.51,613.61,621.48,627.92,633.17,637.79,643.54,649.80,655.91,661.15,665.20,669.04,672.94,677.05,681.52,685.91,689.60,692.56,695.05,697.33,699.83,702.29,704.45,706.53,708.26,709.70,711.31,714.12,717.69,722.05,726.48,730.05,732.86,735.57,738.75,743.04,749.26,755.34,762.22,769.59,776.13,782.25,788.07,793.83,799.51,804.16,808.09,811.61,814.88,818.22,822.65,827.69,832.82,837.51,841.38,844.52,847.18,849.25,850.42,851.15,851.47,851.24,850.06,848.25,845.90,843.30,840.50,836.90,832.82,828.91,825.48,822.53,819.82,817.72,816.34,815.92,816.39,817.91,820.27,823.30,826.38,829.14,831.63,833.97,836.28,838.28,839.85,841.17,842.31,843.07,843.55,843.95,844.43,845.30,846.27,847.35,848.43,849.35,850.14,849.94,849.29,848.52,847.57,847.92,850.06,853.63,857.56,860.79,863.68,866.59,869.86,873.77,877.33,880.54,883.74,887.72,892.37,897.27,902.33,907.72,914.00,919.90,925.02,929.71,935.96,941.55,946.61,951.53,956.80,962.06,967.48,973.01,978.45,983.25,987.66,991.70,995.32,998.34,999.89,1000.35,1000.05,999.04,997.20,994.69,991.86,988.87,985.76,981.95,978.42,975.48,972.85,970.04,967.00,963.79,960.55,957.58,955.18,952.95,950.69,948.63,947.37,946.67,946.87,949.01,952.47,956.57,961.64,967.76,972.95,977.58,982.80,989.03,996.08,1002.83
589.29,585.46,582.09,580.18,578.95,578.03,577.29,576.70,576.28,575.82,575.36,574.90,574.48,574.18,573.99,573.61,572.86,571.97,571.11,569.49,566.83,563.31,560.69,559.54,558.15,555.34,555.00,555.00,555.00,555.00,555.00,555.00,555.00,555.00,555.00,555.00,555.00,555.00,555.00,555.00,555.00,555.00,555.00,555.00,555.00,555.00,555.00,555.00,555.00,555.00,555.00,555.00,555.00,555.00,555.00,555.00,555.00,555.00,555.00,555.00,555.00,555.00,555.00,555.00,555.00,555.00,555.00,555.00,555.00,555.00,555.00,555.79,557.41,559.39,560.26,564.05,569.45,575.59,581.94,588.23,594.10,600.34,607.92,617.21,624.85,630.79,635.53,640.28,646.20,652.73,658.87,663.64,667.78,672.11,676.50,680.93,685.63,690.06,693.63,696.46,698.95,701.41,704.11,706.64,708.61,710.42,712.03,713.49,715.20,718.23,722.32,726.33,729.85,732.59,734.59,736.82,739.92,744.35,750.10,756.19,763.38,771.01,777.32,783.49,789.38,795.19,800.88,805.57,809.42,812.83,816.03,819.46,824.43,829.90,835.23,839.86,843.56,846.63,849.12,850.86,851.81,852.53,852.81,852.50,851.31,849.67,847.46,844.95,842.25,839.11,835.22,831.34,827.89,825.00,822.40,820.58,819.63,819.72,820.77,822.70,825.33,828.51,831.54,834.13,836.41,838.52,840.61,842.57,844.25,845.82,847.32,848.33,848.94,849.46,850.12,851.12,852.16,853.22,854.16,854.83,855.47,855.32,854.66,853.68,852.39,852.15,853.96,857.61,861.98,865.80,869.25,872.53,875.69,878.69,881.27,883.60,886.03,889.37,892.99,897.15,901.84,907.10,913.23,919.24,924.70,929.85,936.48,942.00,946.96,951.95,957.54,963.10,968.68,974.33,979.92,984.88,989.53,993.98,998.02,1001.12,1002.96,1003.73,1003.75,1003.10,1001.41,999.20,996.77,994.19,991.33,987.66,984.05,980.75,977.54,974.51,971.51,968.42,965.08,961.39,958.33,955.84,953.82,951.87,950.44,949.69,949.77,951.21,954.22,958.00,962.74,968.47,973.46,978.18,983.52,989.64,996.09,1002.78
586.61,582.72,579.91,578.79,577.87,576.97,576.16,575.51,575.03,574.57,574.11,573.67,573.33,573.18,573.14,572.94,572.39,571.58,570.73,569.09,566.51,563.43,560.76,559.61,558.24,555.35,555.00,555.00,555.00,555.00,555.00,555.00,555.00,555.00,555.00,555.00,555.00,555.00,555.00,555.00,555.00,555.00,555.00,555.00,555.00,555.00,555.00,555.00,555.00,555.00,555.00,555.00,555.00,555.00,555.00,555.00,555.00,555.00,555.00,555.00,555.00,555.00,555.00,555.00,555.00,555.00,555.00,555.00,555.00,555.00,555.00,557.11,559.01,559.77,561.09,566.16,572.31,578.59,584.95,590.93,596.75,603.42,611.80,621.25,628.13,633.31,637.75,642.80,648.96,655.58,661.56,665.88,670.37,675.14,679.79,684.27,689.13,693.25,696.77,699.89,702.79,705.49,708.21,710.55,712.13,713.50,715.24,717.05,719.13,722.30,727.24,730.81,733.14,735.18,736.70,738.52,741.43,745.81,751.16,757.34,764.67,772.26,778.24,784.48,790.52,796.41,802.13,806.86,810.61,813.88,817.01,820.64,826.28,832.15,837.49,841.82,845.38,848.43,850.64,851.86,852.87,853.79,854.06,853.55,852.29,850.93,849.05,846.71,844.02,841.19,837.70,834.08,830.67,827.78,825.43,824.09,823.71,824.36,826.14,828.33,830.99,834.10,836.84,839.13,841.09,842.84,844.61,846.41,848.21,850.02,851.74,853.06,853.97,854.83,855.89,857.36,858.65,859.66,860.32,860.51,860.55,860.07,859.26,858.26,857.12,856.62,857.99,861.38,866.19,870.88,875.08,878.69,881.55,883.89,885.77,887.69,890.01,892.98,895.75,898.90,902.58,906.91,912.29,918.21,924.05,929.82,936.77,942.24,947.06,952.08,958.16,964.00,969.72,975.43,981.07,986.26,991.10,995.77,999.95,1002.65,1004.90,1006.18,1006.59,1006.30,1004.76,1002.99,1001.00,998.66,996.12,993.27,990.09,986.43,982.10,978.49,975.39,972.53,969.53,965.45,961.50,958.38,956.20,954.18,952.82,952.46,953.00,954.35,956.85,960.35,964.74,969.87,974.62,979.53,984.96,990.74,996.39,1002.86
583.32,580.45,578.64,577.63,576.76,575.91,575.08,574.31,573.76,573.31,572.87,572.47,572.24,572.18,572.20,572.11,571.77,571.16,570.36,568.67,566.12,563.37,560.87,559.72,558.29,555.36,555.00,555.00,555.00,555.00,555.00,555.00,555.00,555.00,555.00,555.00,555.00,555.00,555.00,555.00,555.00,555.00,555.00,555.00,555.00,555.00,555.00,555.00,555.00,555.00,555.00,555.00,555.00,555.00,555.00,555.00,555.00,555.00,555.00,555.00,555.00,555.00,555.00,555.00,555.00,555.00,555.00,555.00,555.00,555.00,555.00,557.43,559.45,560.36,563.42,568.99,575.22,581.56,588.01,593.78,599.93,607.57,616.96,625.01,630.93,635.82,640.40,645.57,651.90,658.14,663.57,667.86,672.82,677.69,682.25,686.64,691.68,696.13,699.79,702.88,705.74,708.46,710.98,713.14,714.82,716.32,718.36,720.75,723.51,726.91,730.76,733.72,735.90,737.80,739.58,741.70,744.52,748.37,753.37,759.56,766.48,773.42,779.36,785.52,791.77,797.83,803.35,808.10,811.76,814.94,818.20,822.48,828.32,834.29,839.53,843.42,846.96,849.80,851.77,852.92,854.02,855.09,855.39,854.75,853.27,851.89,850.36,848.41,845.86,843.18,840.27,837.12,833.89,831.12,829.32,828.59,828.99,830.80,833.04,835.17,837.27,839.41,841.31,843.21,844.95,846.58,848.29,850.13,851.94,853.71,855.46,856.91,858.76,860.56,862.07,863.41,864.47,865.17,865.52,865.51,865.25,864.51,863.63,862.76,861.74,861.20,862.14,865.09,870.47,876.01,880.44,883.91,886.67,888.74,890.52,892.53,894.95,897.62,900.05,902.60,905.43,908.82,913.18,918.06,923.38,929.40,936.54,942.12,947.06,952.29,958.79,964.82,970.65,976.40,982.05,987.36,992.17,996.75,1000.98,1004.15,1006.78,1008.50,1009.38,1009.47,1008.28,1006.76,1005.09,1003.18,1001.13,998.58,995.67,992.31,988.14,983.75,979.50,975.80,972.87,969.24,965.23,961.45,958.34,956.38,955.41,955.42,956.22,957.64,959.93,963.30,967.37,971.81,976.23,981.18,986.47,991.93,997.47,1003.79
580.48,578.65,577.58,576.52,575.63,574.81,573.99,573.14,572.49,572.05,571.65,571.32,571.21,571.19,571.23,571.22,571.04,570.62,569.87,568.25,565.83,563.31,561.05,559.90,558.58,556.05,555.17,555.00,555.00,555.00,555.00,555.00,555.00,555.00,555.00,555.00,555.00,555.00,555.00,555.00,555.00,555.00,555.00,555.00,555.00,555.00,555.00,555.00,555.00,555.00,555.00,555.00,555.00,555.00,555.00,555.00,555.00,555.00,555.00,555.00,555.00,555.00,555.00,555.00,555.00,555.00,555.00,555.00,555.00,555.00,555.00,557.53,559.87,561.56,566.19,572.02,578.26,584.68,591.25,597.00,603.64,611.94,621.52,628.26,633.63,638.42,643.05,648.17,654.65,660.42,665.28,669.72,675.14,679.92,684.19,688.47,693.71,698.45,702.23,705.28,708.11,710.80,713.19,715.31,717.22,718.95,721.25,724.05,727.27,730.77,733.71,736.37,738.79,740.92,743.11,745.49,748.12,751.35,756.08,762.13,768.55,774.87,780.80,786.70,793.02,799.15,804.47,809.20,812.80,815.96,819.42,824.36,830.28,836.18,841.24,844.77,848.29,850.96,852.87,854.17,855.34,856.46,856.81,856.18,854.59,853.11,851.74,850.09,847.79,845.27,842.80,840.10,837.20,834.69,833.42,833.32,834.44,837.02,839.47,841.54,843.23,844.56,845.80,847.31,848.88,850.45,852.14,853.96,855.91,857.96,860.05,861.78,864.26,866.63,868.39,869.55,870.33,870.71,870.77,870.59,870.11,869.16,868.19,867.43,866.55,866.06,866.63,869.03,874.42,880.32,884.90,888.37,891.11,893.23,895.20,897.42,899.97,902.45,904.74,906.97,909.32,912.10,915.49,919.08,923.35,928.94,935.99,941.80,946.99,952.48,959.41,965.63,971.48,977.19,982.82,988.26,992.98,997.42,1001.67,1005.40,1008.36,1010.42,1011.77,1012.45,1011.96,1011.06,1009.93,1008.53,1006.79,1004.23,1001.36,998.20,994.26,989.36,984.18,979.50,975.99,972.73,968.94,964.85,961.02,958.87,958.16,958.46,959.42,960.92,963.12,966.38,970.14,974.04,978.16,983.01,988.08,993.24,998.73,1004.96
578.82,577.60,576.51,575.45,574.46,573.59,572.80,572.05,571.27,570.81,570.49,570.28,570.26,570.25,570.26,570.26,570.18,569.85,569.17,567.83,565.83,563.34,561.37,560.18,559.36,558.18,555.67,555.00,555.00,555.00,555.00,555.00,555.00,555.00,555.00,555.00,555.00,555.00,555.00,555.00,555.00,555.00,555.00,555.00,555.00,555.00,555.00,555.00,555.00,555.00,555.00,555.00,555.00,555.00,555.00,555.00,555.00,555.00,555.00,555.00,555.00,555.00,555.00,555.00,555.00,555.00,555.00,555.00,555.00,555.00,555.00,557.64,560.78,563.90,569.18,575.14,581.51,588.14,594.82,600.93,608.21,616.29,624.29,630.59,636.28,641.20,645.54,650.37,656.94,662.29,666.66,671.38,677.30,681.70,685.46,689.60,695.07,699.76,703.52,706.70,709.69,712.33,714.84,717.21,719.35,721.32,723.72,726.47,729.53,732.88,736.07,739.15,742.16,745.04,747.63,749.90,752.07,754.75,759.37,764.95,770.92,776.98,782.80,788.16,794.20,800.22,805.40,810.03,813.65,816.90,820.60,826.05,832.00,837.60,842.35,845.82,849.20,851.86,854.02,855.75,856.95,857.96,858.37,857.99,856.59,854.98,853.39,851.74,849.84,847.58,845.20,842.80,840.46,838.48,837.58,838.10,839.71,842.03,844.31,846.48,848.23,849.48,850.67,851.89,853.30,854.85,856.43,858.03,860.49,863.54,866.70,869.10,871.30,873.24,874.82,875.95,876.53,876.67,876.51,876.13,875.46,874.36,873.26,872.48,871.85,871.41,871.74,873.47,877.68,882.89,887.73,891.67,894.50,897.14,899.61,902.12,904.71,907.24,909.53,911.88,914.41,917.20,919.86,922.10,924.63,928.50,934.99,941.22,946.84,952.60,960.02,966.40,972.17,977.70,983.25,988.88,993.53,997.81,1002.06,1006.15,1009.34,1011.59,1013.34,1015.03,1015.88,1016.41,1016.41,1015.49,1013.66,1010.70,1007.44,1004.02,999.91,995.14,989.95,984.48,979.16,975.70,972.36,968.69,964.88,961.97,961.17,961.57,962.60,964.10,966.35,969.46,972.96,976.59,980.55,985.11,989.86,994.76,1000.07,1006.22
577.56,576.49,575.43,574.38,573.34,572.44,571.62,570.73,569.55,568.80,568.36,568.13,568.11,568.13,568.39,568.75,569.07,569.08,568.45,567.36,565.78,563.54,561.74,560.45,559.63,558.84,555.83,555.00,555.00,555.00,555.00,555.00,555.00,555.00,555.00,555.00,555.00,555.00,555.00,555.00,555.00,555.00,555.00,555.00,555.00,555.00,555.00,555.00,555.00,555.00,555.00,555.00,555.00,555.00,555.00,555.00,555.00,555.00,555.00,555.00,555.00,555.00,555.00,555.00,555.00,555.00,555.00,555.00,555.00,555.22,556.65,558.98,562.31,566.84,572.41,578.63,585.22,591.95,598.56,604.56,612.12,619.87,626.53,632.73,638.33,643.11,647.39,652.38,658.41,663.39,667.77,672.76,678.61,682.80,686.34,690.42,696.37,700.80,704.31,707.38,710.32,712.97,715.52,718.00,720.31,722.49,725.21,728.11,731.11,734.42,737.79,741.47,745.18,748.42,750.89,753.10,755.26,757.92,762.49,767.88,773.68,779.46,784.60,789.44,795.16,800.94,805.91,810.57,814.32,817.91,821.98,827.47,833.30,838.62,843.12,846.59,849.88,852.57,854.93,857.00,858.46,859.30,859.60,859.37,858.49,857.22,855.63,853.86,851.98,849.90,847.77,845.67,843.75,842.31,841.82,842.56,844.24,846.48,848.72,850.90,852.78,854.21,855.39,856.63,858.30,860.35,862.40,864.45,866.94,869.79,872.74,875.26,877.41,879.31,880.93,882.13,882.70,882.75,882.44,881.92,881.18,880.03,878.96,878.29,877.77,877.36,877.40,878.36,881.18,885.43,889.98,894.12,897.48,900.73,903.63,906.47,909.35,912.11,914.72,917.30,919.90,922.47,924.50,925.84,927.21,929.66,934.77,940.66,946.50,952.66,960.36,966.93,972.66,978.07,983.59,989.28,993.83,997.98,1002.19,1006.46,1010.14,1013.01,1015.33,1017.42,1019.07,1020.26,1020.76,1020.19,1018.57,1015.83,1012.43,1008.58,1004.35,999.77,994.93,989.84,984.53,979.66,975.88,972.33,968.67,965.45,964.35,964.63,965.71,967.31,969.58,972.56,975.86,979.31,983.08,987.37,991.92,996.67,1001.76,1007.78
576.47,575.38,574.33,573.30,572.24,571.23,570.19,568.99,567.46,566.42,565.83,565.54,565.51,565.64,566.23,567.03,567.77,568.18,567.71,566.85,565.65,563.78,562.14,560.72,559.73,558.99,556.22,555.20,555.00,555.00,555.00,555.00,555.00,555.00,555.00,555.00,555.00,555.00,555.00,555.00,555.00,555.00,555.00,555.00,555.00,555.00,555.00,555.00,555.00,555.00,555.00,555.00,555.00,555.00,555.00,555.00,555.00,555.00,555.00,555.00,555.00,555.00,555.00,555.00,555.00,555.00,555.00,555.00,555.13,555.89,558.64,560.87,564.44,570.07,575.76,582.35,589.21,595.96,602.25,608.00,615.50,622.78,628.38,634.65,640.02,644.57,648.87,654.10,659.42,664.08,668.60,673.83,679.42,683.47,686.91,690.94,697.27,701.46,704.69,707.64,710.48,713.10,715.64,718.14,720.58,722.93,726.08,729.24,732.25,735.55,739.01,743.31,747.77,751.21,753.50,755.72,758.09,761.00,765.47,770.75,776.39,781.81,786.13,790.57,795.98,801.48,806.24,810.91,814.88,818.86,823.33,828.70,834.32,839.36,843.66,847.17,850.39,853.13,855.66,858.00,859.71,860.43,860.61,860.50,860.17,859.39,857.97,856.18,854.25,852.30,850.41,848.62,847.06,846.12,845.99,846.84,848.48,850.69,852.95,855.16,857.20,858.91,860.20,861.64,863.66,866.18,868.75,871.30,873.70,876.03,878.46,880.92,883.06,884.98,886.64,887.89,888.52,888.58,888.26,887.70,887.03,885.91,884.90,884.34,883.84,883.43,883.21,883.47,884.98,888.16,892.17,896.35,900.34,904.21,907.52,910.71,913.94,917.10,920.17,922.99,925.55,927.79,929.35,930.12,930.73,932.01,935.43,940.51,946.27,952.74,960.56,967.31,972.99,978.28,983.80,989.50,993.95,998.00,1002.16,1006.56,1010.75,1014.33,1017.26,1019.63,1021.84,1023.42,1024.17,1023.83,1022.49,1020.07,1016.56,1012.28,1008.03,1003.70,999.34,994.96,990.30,984.13,979.59,975.91,972.49,969.16,967.70,967.76,968.83,970.55,972.79,975.63,978.78,982.08,985.68,989.75,994.15,998.78,1003.65,1009.55
575.40,574.33,573.25,572.19,571.16,569.62,567.79,565.97,564.65,563.65,563.07,562.84,562.93,563.43,564.32,565.28,566.11,566.81,566.89,566.31,565.21,563.90,562.55,561.09,559.92,559.33,558.12,556.17,555.00,555.00,555.00,555.00,555.00,555.00,555.00,555.00,555.00,555.00,555.00,555.00,555.00,555.00,555.00,555.00,555.00,555.00,555.00,555.00,555.00,555.00,555.00,555.00,555.00,555.00,555.00,555.00,555.00,555.00,555.00,555.00,555.00,555.00,555.00,555.00,555.00,555.00,555.00,555.00,555.77,558.00,559.46,563.11,568.06,573.60,579.28,586.42,593.65,600.19,605.54,611.10,617.80,624.21,629.51,636.00,641.21,645.58,649.80,654.88,659.86,664.31,668.80,674.07,679.57,683.52,686.86,690.72,696.64,700.93,704.32,707.33,710.17,712.56,714.96,717.39,719.82,722.32,725.90,729.51,732.75,735.88,739.18,743.97,749.12,752.79,755.44,757.83,760.59,764.04,768.09,773.20,778.36,783.03,786.90,791.35,796.62,801.88,806.49,810.99,815.17,819.53,824.30,829.49,834.85,839.66,843.83,847.38,850.60,853.44,856.12,858.55,860.15,860.99,861.32,861.28,861.03,860.67,859.85,858.60,856.92,855.02,853.15,851.59,850.47,849.82,849.80,850.88,852.73,854.84,857.16,859.49,861.77,863.87,865.57,867.52,869.61,871.76,873.95,876.37,878.79,881.24,883.76,886.24,888.22,889.85,891.21,892.34,893.02,893.32,893.34,893.11,892.87,891.88,890.84,890.19,889.58,889.14,888.80,888.76,889.66,891.72,895.04,899.07,903.38,907.80,911.50,914.97,918.54,922.52,926.03,928.87,931.19,933.13,934.61,935.48,936.06,936.74,938.44,941.91,946.78,952.99,960.63,967.50,973.05,978.12,983.60,989.38,993.78,997.75,1001.91,1006.48,1010.78,1014.76,1018.37,1021.46,1024.09,1026.10,1027.09,1026.66,1025.37,1022.77,1018.92,1014.39,1010.53,1006.58,1002.61,998.57,994.26,989.19,983.88,979.60,976.56,973.22,971.44,971.16,972.04,973.86,975.88,978.57,981.62,984.81,988.27,992.36,996.69,1001.08,1005.74,1011.66
574.31,573.23,572.13,570.89,569.09,566.95,564.79,563.00,562.15,561.45,561.03,560.89,561.06,561.63,562.62,563.68,564.66,565.57,566.11,565.75,564.69,563.70,562.57,561.22,560.06,559.50,559.04,556.66,555.00,555.00,555.00,555.00,555.00,555.00,555.00,555.00,555.00,555.00,555.00,555.00,555.00,555.00,555.00,555.00,555.00,555.00,555.00,555.00,555.00,555.00,555.00,555.00,555.00,555.00,555.00,555.00,555.00,555.00,555.00,555.00,555.00,555.00,555.00,555.00,555.00,555.00,555.00,555.65,557.14,559.45,561.09,565.91,571.62,577.11,583.27,590.54,597.46,603.41,608.18,613.61,619.47,625.02,630.13,636.50,641.65,646.02,650.24,655.10,659.85,664.12,668.44,673.59,679.38,683.34,686.57,690.23,695.48,699.68,703.13,706.16,709.06,711.51,713.92,716.36,718.88,721.74,725.66,729.55,732.93,735.92,739.05,744.03,749.53,753.46,756.58,759.42,762.54,766.19,770.05,775.05,779.80,783.88,787.48,791.92,797.08,802.16,806.63,811.02,815.35,819.94,824.84,829.87,835.00,839.64,843.72,847.21,850.29,853.15,855.92,858.46,860.18,861.18,861.75,862.01,861.96,861.79,861.26,860.38,859.11,857.60,855.84,854.41,853.51,853.05,853.13,854.34,856.49,859.22,861.84,864.16,866.30,868.31,870.23,872.36,874.43,876.39,878.44,880.82,883.26,885.72,888.17,890.49,892.31,893.83,895.13,896.26,897.14,897.70,897.97,898.03,898.04,897.33,896.48,895.85,895.21,894.75,894.38,894.20,894.60,895.77,898.58,902.52,907.00,911.43,915.36,919.21,923.25,927.59,931.32,934.21,936.49,938.40,939.87,940.87,941.49,941.86,942.56,944.64,948.21,953.34,960.13,967.32,972.94,977.81,983.16,988.99,993.34,997.25,1001.39,1006.06,1010.60,1014.95,1019.05,1022.73,1025.92,1028.60,1030.18,1030.06,1028.57,1025.64,1021.53,1016.88,1013.03,1009.17,1005.48,1001.79,997.82,993.43,987.90,983.26,980.21,977.20,975.21,974.57,975.16,976.88,978.90,981.50,984.41,987.54,991.06,995.15,999.20,1003.15,1007.59,1013.64
573.20,572.08,570.84,569.14,566.03,563.43,561.51,560.39,560.14,559.92,559.77,559.74,559.92,560.30,561.17,562.28,563.44,564.49,565.33,565.17,564.14,563.20,562.19,561.10,560.13,559.48,558.94,556.61,555.00,555.00,555.00,555.00,555.00,555.00,555.00,555.00,555.00,555.00,555.00,555.00,555.00,555.00,555.00,555.00,555.00,555.00,555.00,555.00,555.00,555.00,555.00,555.00,555.00,555.00,555.00,555.00,555.00,555.00,555.00,555.00,555.00,555.00,555.00,555.00,555.00,555.00,555.00,556.81,559.03,560.23,563.66,569.19,574.96,580.59,587.58,594.55,600.55,605.59,610.16,615.53,620.58,625.36,630.29,636.21,641.35,645.86,650.12,654.75,659.36,663.49,667.56,672.44,678.80,682.89,686.06,689.50,693.91,697.84,701.20,704.22,707.19,709.96,712.56,715.13,717.86,721.26,725.43,729.41,732.82,735.74,738.75,743.60,749.10,753.30,756.95,760.44,763.89,767.42,771.33,776.29,780.75,784.43,787.89,792.28,797.36,802.33,806.66,811.00,815.44,820.11,824.97,829.86,834.81,839.35,843.33,846.64,849.47,852.28,855.10,857.74,859.85,861.03,861.92,862.64,862.94,862.81,862.27,861.55,860.77,859.93,858.43,857.07,856.24,855.89,856.10,857.43,860.03,863.83,866.84,869.00,870.67,872.15,874.11,876.10,878.10,880.13,882.30,884.77,887.21,889.55,891.72,893.73,895.47,897.07,898.56,899.84,901.02,901.76,902.17,902.46,902.51,902.17,901.69,901.19,900.65,900.19,899.86,899.66,899.66,900.19,902.67,906.56,911.07,915.12,919.11,923.42,928.02,932.28,936.02,939.02,941.46,943.58,945.10,946.18,946.87,947.21,947.61,948.59,950.59,953.94,959.23,966.73,972.60,977.34,982.47,988.29,992.65,996.54,1000.65,1005.34,1010.24,1014.94,1019.36,1023.44,1027.31,1030.85,1033.38,1034.02,1032.24,1028.94,1024.72,1020.12,1015.95,1011.93,1008.34,1004.92,1001.20,996.85,991.60,986.86,983.42,980.99,978.91,977.95,978.21,979.68,981.87,984.42,987.21,990.32,994.06,998.06,1001.65,1005.00,1009.27,1015.52
572.13,570.62,568.27,564.95,562.56,561.11,560.16,559.63,559.52,559.42,559.35,559.39,559.59,559.84,560.46,561.38,562.50,563.46,564.36,564.39,563.58,562.65,561.70,560.74,559.92,559.37,558.82,556.55,555.00,555.00,555.00,555.00,555.00,555.00,555.00,555.00,555.00,555.00,555.00,555.00,555.00,555.00,555.00,555.00,555.00,555.00,555.00,555.00,555.00,555.00,555.00,555.00,555.00,555.00,555.00,555.00,555.00,555.00,555.00,555.00,555.00,555.00,555.00,555.00,555.00,555.00,555.00,557.12,559.85,561.73,566.69,572.31,578.13,584.23,590.86,597.27,602.63,607.18,611.74,616.73,621.34,625.74,630.35,635.66,640.35,644.64,648.82,653.22,657.89,662.12,666.16,670.77,677.14,681.61,685.07,688.41,692.23,695.79,699.02,702.03,705.03,707.91,710.71,713.65,716.93,720.59,724.89,728.99,732.52,735.53,738.58,742.95,747.94,752.34,756.45,760.38,764.09,767.74,771.87,776.71,781.00,784.57,787.97,792.31,797.33,802.20,806.37,810.65,815.31,820.10,824.88,829.66,834.50,838.89,842.66,845.65,848.36,851.10,853.86,856.53,858.89,860.43,861.55,862.43,863.19,863.75,863.48,862.78,862.08,861.30,860.39,859.65,859.24,859.23,859.84,862.38,865.85,868.51,870.69,872.37,873.80,875.26,877.31,879.38,881.46,883.56,885.71,888.12,890.51,892.78,894.86,896.77,898.79,900.71,902.37,903.64,904.75,905.46,905.88,906.14,906.22,905.96,905.56,905.14,904.69,904.44,904.29,904.19,904.13,904.53,906.53,909.96,914.47,918.75,923.03,927.64,932.53,936.92,940.63,943.68,946.26,948.52,950.30,951.64,952.57,953.08,953.52,953.68,954.33,955.97,959.41,965.60,971.28,976.31,981.44,987.06,991.68,995.82,999.95,1004.65,1009.61,1014.50,1019.15,1023.47,1027.62,1031.95,1035.63,1037.48,1036.66,1033.66,1029.92,1025.94,1021.76,1017.79,1013.60,1009.31,1005.05,1000.40,995.15,990.25,986.39,983.92,982.05,981.24,981.53,982.96,984.91,987.38,990.27,993.58,997.18,1000.63,1003.79,1007.01,1011.45,1018.00
570.68,568.36,565.05,561.26,559.96,559.60,559.44,559.31,559.22,559.14,559.13,559.23,559.45,559.62,559.99,560.65,561.58,562.43,563.35,563.58,563.03,562.11,561.17,560.34,559.67,559.21,558.69,556.50,555.00,555.00,555.00,555.00,555.00,555.00,555.00,555.00,555.00,555.00,555.00,555.00,555.00,555.00,555.00,555.00,555.00,555.00,555.00,555.00,555.00,555.00,555.00,555.00,555.00,555.00,555.00,555.00,555.00,555.00,555.00,555.00,555.00,555.00,555.00,555.00,555.00,555.05,555.56,557.65,560.58,563.86,569.67,575.12,580.97,587.51,593.48,599.27,604.12,608.35,612.87,617.46,621.74,625.89,630.18,634.87,639.07,643.09,647.11,651.21,655.77,660.06,664.13,668.54,674.46,679.44,683.47,686.88,690.38,693.68,696.77,699.72,702.62,705.60,708.60,711.86,715.63,719.71,724.16,728.38,732.08,735.23,738.34,742.23,746.67,751.14,755.58,759.83,763.82,767.69,771.99,776.67,780.86,784.48,787.92,792.20,797.11,801.87,805.93,810.09,814.90,819.77,824.50,829.20,833.91,838.17,841.78,844.54,847.17,849.84,852.52,855.17,857.70,859.65,861.02,862.05,863.15,864.30,864.50,864.05,863.35,862.65,862.24,862.10,862.27,862.92,864.09,867.32,871.01,872.58,874.02,875.32,876.64,878.19,880.30,882.44,884.60,886.77,889.00,891.36,893.67,895.90,898.05,900.09,902.43,904.66,906.52,907.83,908.78,909.42,909.81,909.92,909.88,909.58,909.20,908.88,908.65,908.61,908.61,908.60,908.59,908.91,910.44,913.39,917.79,922.30,926.87,931.76,936.89,941.48,945.15,948.22,950.92,953.30,955.34,956.93,958.07,958.77,959.30,959.00,958.75,959.13,960.91,965.04,969.86,974.87,980.14,985.59,990.43,994.79,998.99,1003.83,1008.96,1013.96,1018.70,1023.12,1027.41,1032.28,1036.83,1039.84,1040.04,1037.90,1035.18,1032.16,1028.08,1023.68,1018.89,1013.93,1009.01,1003.89,998.45,993.38,989.26,986.65,985.06,984.49,984.88,986.26,987.96,990.37,993.36,996.79,1000.08,1002.98,1005.84,1009.16,1014.00,1020.86
568.37,564.42,561.03,559.98,559.56,559.31,559.15,559.05,558.91,558.83,558.90,559.10,559.33,559.49,559.69,560.04,560.61,561.44,562.35,562.78,562.53,561.61,560.63,559.93,559.44,559.03,558.56,556.45,555.00,555.00,555.00,555.00,555.00,555.00,555.00,555.00,555.00,555.00,555.00,555.00,555.00,555.00,555.00,555.00,555.00,555.00,555.00,555.00,555.00,555.00,555.00,555.00,555.00,555.00,555.00,555.00,555.00,555.00,555.00,555.00,555.00,555.00,555.00,555.00,555.00,555.21,557.41,559.14,561.68,567.05,572.24,577.29,583.20,589.89,595.16,600.25,604.75,608.86,613.16,617.44,621.52,625.51,629.53,633.64,637.54,641.33,645.03,648.74,652.72,656.79,660.93,665.28,670.03,675.69,680.73,684.51,688.17,691.49,694.51,697.25,699.84,702.92,706.11,709.49,713.44,718.47,723.17,727.50,731.42,734.71,737.88,741.51,745.53,749.81,754.31,758.75,763.07,767.28,771.55,775.99,780.19,784.05,787.74,791.93,796.61,801.22,805.31,809.22,813.93,818.80,823.55,828.25,832.72,836.92,840.60,843.35,845.94,848.56,851.17,853.74,856.29,858.70,860.47,861.69,862.83,863.99,865.00,865.36,864.74,864.47,864.13,864.28,865.26,867.15,869.10,871.31,873.48,875.19,876.73,878.10,879.48,881.11,883.17,885.27,887.40,889.67,892.24,894.66,896.88,899.11,901.54,904.13,906.72,909.14,911.24,912.76,913.60,914.18,914.52,914.32,913.82,913.34,913.00,912.89,913.15,913.21,913.21,913.23,913.28,913.42,914.59,917.15,921.29,925.64,930.42,935.63,941.04,945.85,949.49,952.55,955.32,957.85,960.03,961.73,962.97,963.75,964.34,964.24,964.04,964.12,964.87,966.13,968.70,972.78,978.41,983.85,988.68,993.07,997.40,1002.71,1008.40,1013.45,1017.92,1022.27,1026.59,1031.40,1036.20,1039.93,1040.67,1040.28,1039.51,1037.93,1034.03,1028.04,1023.04,1018.48,1012.97,1007.18,1001.25,996.01,992.04,989.37,988.07,987.75,988.19,989.40,991.03,993.42,996.39,999.68,1002.40,1004.97,1007.83,1011.54,1017.17,1024.29
565.18,561.74,559.65,559.42,559.23,559.03,558.88,558.52,557.38,557.11,557.16,557.66,558.92,559.27,559.45,559.70,560.05,560.60,561.42,561.97,561.96,561.11,560.25,559.65,559.24,558.84,558.38,557.01,555.71,555.04,555.00,555.00,555.00,555.00,555.00,555.00,555.00,555.00,555.00,555.00,555.00,555.00,555.00,555.00,555.00,555.00,555.00,555.00,555.00,555.00,555.00,555.00,555.00,555.00,555.00,555.00,555.00,555.00,555.00,555.00,555.00,555.00,555.00,555.00,555.32,556.73,558.67,560.95,564.36,569.72,574.33,579.18,584.91,591.22,596.11,600.67,604.70,608.41,612.21,616.18,620.10,623.99,627.88,631.76,635.46,639.06,642.58,645.95,649.50,653.33,657.40,661.74,666.17,671.28,676.38,680.98,684.98,688.73,692.08,695.06,697.82,700.99,704.23,707.57,711.42,716.81,721.84,726.39,730.48,734.02,737.59,741.31,745.04,748.64,752.63,757.09,761.64,766.09,770.51,774.94,779.19,783.15,786.75,790.58,795.33,800.17,804.33,808.11,812.61,817.34,822.01,826.52,830.90,835.13,838.96,842.03,844.65,847.21,849.72,852.19,854.74,857.45,859.65,861.23,862.40,863.71,864.96,865.75,865.86,866.21,866.35,866.75,867.78,869.67,871.76,873.76,875.64,877.45,879.10,880.66,882.22,883.86,885.91,888.16,890.54,893.05,895.69,898.07,900.22,902.46,905.16,908.46,911.65,914.43,916.68,918.33,919.26,919.77,919.90,919.42,918.44,917.69,917.31,917.32,917.78,918.17,918.38,918.43,918.41,918.38,919.02,920.84,924.32,928.45,933.43,939.00,944.76,949.65,953.37,956.50,959.37,962.04,964.37,966.23,967.69,968.74,969.50,969.88,969.97,969.96,970.17,970.34,971.49,974.00,978.11,982.60,987.00,991.34,995.91,1001.54,1007.67,1012.71,1016.83,1020.94,1025.37,1030.20,1035.07,1039.14,1040.64,1041.21,1041.13,1039.93,1036.26,1029.80,1024.60,1020.16,1014.92,1009.50,1003.64,998.60,995.08,992.85,991.89,991.68,992.01,992.96,994.30,996.51,999.23,1002.11,1004.62,1007.14,1010.27,1014.48,1020.37,1027.02
562.08,559.94,559.43,559.19,558.97,558.57,558.26,557.67,555.62,555.18,555.19,555.90,558.12,558.62,559.05,559.47,559.70,559.92,560.57,561.15,561.29,560.62,559.94,559.44,559.05,558.64,558.20,557.52,556.37,555.07,555.00,555.00,555.00,555.00,555.00,555.00,555.00,555.00,555.00,555.00,555.00,555.00,555.00,555.00,555.00,555.00,555.00,555.00,555.00,555.00,555.00,555.00,555.00,555.00,555.00,555.00,555.00,555.00,555.00,555.00,555.00,555.00,555.00,555.16,556.04,558.57,559.77,562.84,567.32,571.84,575.93,580.63,586.03,591.73,596.38,600.51,604.08,607.29,610.52,614.17,617.95,621.78,625.67,629.47,633.04,636.52,639.91,643.03,646.26,649.83,653.76,658.06,662.52,666.78,671.51,676.81,681.32,685.73,689.71,693.20,696.32,699.57,702.82,706.08,709.71,715.01,720.28,725.10,729.38,733.32,737.36,741.25,744.73,747.60,750.93,755.27,759.92,764.50,769.14,773.65,777.96,781.93,785.36,788.78,793.57,798.73,803.13,806.88,811.14,815.65,820.15,824.43,828.80,833.05,837.06,840.58,843.31,845.81,848.21,850.57,853.13,856.03,858.66,860.68,861.92,863.35,864.55,865.56,866.49,867.41,868.16,868.86,869.73,871.24,873.23,875.37,877.47,879.42,881.23,883.03,884.77,886.50,888.68,891.18,893.87,896.58,899.08,901.34,903.46,905.82,908.89,912.93,916.73,919.88,922.26,923.99,925.03,925.48,925.44,924.83,923.58,922.64,922.19,922.29,922.73,923.37,923.77,923.85,923.72,923.56,923.67,924.65,927.22,931.03,936.06,941.91,948.04,953.06,956.93,960.20,963.19,966.05,968.59,970.67,972.40,973.81,974.83,975.74,976.20,976.26,976.25,976.16,976.44,977.39,979.43,982.47,986.08,990.09,994.69,1000.33,1006.87,1011.93,1015.69,1019.48,1023.99,1028.89,1033.76,1037.97,1040.28,1041.35,1041.39,1040.08,1036.32,1030.01,1024.74,1020.35,1015.78,1011.14,1005.77,1001.18,998.24,996.66,996.06,995.90,996.08,996.76,997.78,999.70,1002.04,1004.46,1006.99,1009.65,1013.14,1017.77,1023.57,1029.43
560.97,559.63,559.35,559.12,558.88,557.28,556.15,555.93,555.16,555.00,555.00,555.26,556.10,556.28,557.82,559.22,559.45,559.66,560.00,560.29,560.38,560.12,559.72,559.29,558.84,558.41,558.00,556.68,555.51,555.03,555.00,555.00,555.00,555.00,555.00,555.00,555.00,555.00,555.00,555.00,555.00,555.00,555.00,555.00,555.00,555.00,555.00,555.00,555.00,555.00,555.00,555.00,555.00,555.00,555.00,555.00,555.00,555.00,555.00,555.00,555.00,555.00,555.00,556.03,557.93,559.36,561.18,564.44,568.50,572.47,576.24,580.62,585.54,590.69,595.08,598.91,602.15,605.02,607.92,611.17,614.84,618.76,622.80,626.65,630.25,633.70,637.00,640.05,643.17,646.58,650.27,654.32,658.83,663.12,667.42,672.06,677.35,682.87,687.92,692.25,695.65,699.06,702.36,705.60,709.03,713.34,718.36,723.36,728.15,732.84,737.13,740.84,744.04,746.84,749.93,753.92,758.21,762.60,767.44,772.01,776.29,780.26,783.74,787.02,791.20,796.25,801.69,805.66,809.69,813.85,818.07,822.26,826.55,830.77,834.89,838.75,841.79,844.32,846.62,848.91,851.50,854.47,857.43,859.95,861.36,862.62,863.61,864.53,865.51,866.38,867.65,868.88,870.08,871.84,873.95,876.19,878.47,880.76,882.99,884.92,886.81,888.99,891.81,894.67,897.37,899.78,901.77,903.75,906.02,908.96,912.93,917.44,921.19,924.43,927.15,928.82,929.71,930.21,930.46,930.39,929.83,929.09,928.67,928.77,928.84,928.94,929.05,929.12,929.04,928.78,928.71,929.12,930.50,933.58,938.09,943.79,950.20,955.77,960.02,963.48,966.64,969.88,972.95,975.42,977.49,979.25,980.67,981.74,982.49,982.95,983.16,983.16,983.42,984.03,985.02,986.38,988.35,991.01,994.51,999.12,1006.07,1011.38,1014.94,1018.40,1022.65,1027.74,1032.70,1036.72,1039.74,1040.82,1040.81,1039.16,1033.90,1028.37,1023.57,1019.38,1015.50,1011.62,1007.48,1003.86,1001.41,1000.47,1000.19,1000.14,1000.29,1000.90,1001.77,1003.26,1005.14,1007.35,1010.14,1013.22,1016.99,1021.56,1026.73,1031.76
560.61,559.58,559.34,559.09,558.82,556.56,555.00,555.00,555.00,555.00,555.00,555.00,555.00,555.00,556.49,557.85,558.18,559.20,559.57,559.67,559.71,559.66,559.42,559.07,558.65,558.12,557.19,555.82,555.00,555.00,555.00,555.00,555.00,555.00,555.00,555.00,555.00,555.00,555.00,555.00,555.00,555.00,555.00,555.00,555.00,555.00,555.00,555.00,555.00,555.00,555.00,555.00,555.00,555.00,555.00,555.00,555.00,555.00,555.00,555.00,555.00,555.02,555.56,557.07,558.98,559.74,561.96,565.23,568.90,572.47,575.93,579.77,584.14,588.88,593.03,596.60,599.67,602.44,605.21,608.25,611.80,615.71,619.82,623.74,627.49,631.02,634.30,637.28,640.31,643.57,647.07,650.88,655.37,660.00,664.41,668.84,674.54,680.79,686.61,691.55,695.14,698.67,702.01,705.25,708.55,712.23,716.77,721.62,726.68,732.02,736.54,740.20,743.29,746.11,749.09,752.68,756.54,760.63,765.42,769.95,774.19,778.19,781.94,785.18,788.77,793.35,799.02,803.66,807.74,811.69,815.68,819.74,823.89,828.11,832.33,836.39,839.82,842.51,844.82,847.05,849.66,852.60,855.70,858.57,860.46,861.70,862.57,863.39,864.33,865.20,866.75,868.32,869.82,871.83,873.95,876.20,878.60,881.19,883.94,886.30,888.64,891.31,894.56,897.58,900.16,902.30,904.09,906.01,908.63,912.15,916.63,921.11,924.80,928.02,930.72,932.46,933.55,934.28,934.84,935.25,935.22,934.82,934.50,934.43,934.16,933.84,933.60,933.47,933.39,933.01,932.81,932.88,933.55,935.84,939.95,945.43,951.90,958.17,962.86,966.70,970.26,973.88,977.21,980.00,982.42,984.50,986.15,987.42,988.44,989.23,989.66,989.77,990.02,990.41,990.83,991.22,992.02,993.47,995.81,999.42,1006.14,1011.29,1014.58,1017.81,1021.90,1027.16,1032.10,1035.70,1038.86,1039.90,1039.57,1037.34,1031.62,1026.89,1022.65,1018.88,1015.78,1012.63,1009.38,1006.54,1004.61,1004.07,1003.98,1004.02,1004.25,1004.96,1006.02,1007.62,1009.55,1011.76,1014.47,1017.50,1021.14,1025.38,1029.86,1034.29
560.80,559.65,559.38,559.06,558.65,556.48,555.00,555.00,555.00,555.00,555.00,555.00,555.00,555.00,555.24,555.47,555.97,558.40,559.20,559.34,559.33,559.24,559.03,558.78,558.43,557.67,555.82,555.13,555.00,555.00,555.00,555.00,555.00,555.00,555.00,555.00,555.00,555.00,555.00,555.00,555.00,555.00,555.00,555.00,555.00,555.00,555.00,555.00,555.00,555.00,555.00,555.00,555.00,555.00,555.00,555.00,555.00,555.00,555.00,555.00,555.00,555.05,556.63,558.13,559.00,559.77,561.94,565.10,568.61,571.94,575.06,578.22,582.02,586.48,590.43,593.74,596.79,599.71,602.51,605.58,609.02,612.81,616.89,620.90,624.87,628.59,631.93,634.83,637.76,640.89,644.24,647.92,652.32,657.49,662.53,667.33,673.05,679.51,685.70,690.99,694.68,698.29,701.65,704.87,708.11,711.64,715.55,719.94,724.98,730.78,735.50,739.30,742.50,745.33,748.33,751.53,754.92,758.64,763.12,767.48,771.64,775.73,779.92,783.23,786.38,790.13,795.11,800.74,805.16,809.11,812.99,816.84,820.84,825.06,829.37,833.48,837.30,840.31,842.77,845.00,847.59,850.40,853.42,856.49,859.11,860.54,861.44,862.23,863.11,864.09,865.66,867.31,868.98,871.14,873.18,875.37,877.81,880.64,883.98,887.15,890.23,893.38,896.79,899.74,902.12,904.10,906.04,908.15,911.31,915.33,919.81,923.79,927.50,930.58,932.92,934.90,936.56,937.68,938.48,939.19,939.45,939.48,939.33,938.99,938.47,937.99,937.45,936.96,936.77,936.30,935.96,935.88,936.34,937.88,941.75,947.02,953.31,960.34,965.51,969.93,974.10,978.01,981.31,984.34,987.11,989.45,991.15,992.73,994.07,995.11,995.70,995.94,996.11,996.28,996.50,996.75,996.99,997.55,998.84,1001.55,1007.26,1011.75,1014.72,1017.82,1021.93,1027.27,1032.01,1034.99,1037.70,1038.67,1037.72,1034.74,1029.82,1025.88,1022.26,1019.14,1016.89,1014.47,1011.76,1009.48,1008.13,1007.77,1007.71,1007.82,1008.21,1009.16,1010.68,1012.84,1015.25,1017.60,1019.86,1022.35,1025.49,1029.18,1032.97,1037.03
560.59,559.68,559.39,558.85,557.12,555.69,555.00,555.00,555.00,555.00,555.00,555.00,555.00,555.00,555.00,555.00,555.25,556.58,558.17,558.97,558.94,558.81,558.60,558.40,557.77,556.35,555.26,555.00,555.00,555.00,555.00,555.00,555.00,555.00,555.00,555.00,555.00,555.00,555.00,555.00,555.00,555.00,555.00,555.00,555.00,555.00,555.00,555.00,555.00,555.00,555.00,555.00,555.00,555.00,555.00,555.00,555.00,555.00,555.00,555.00,555.00,555.05,556.71,558.13,558.81,559.51,561.07,563.88,567.30,570.59,573.72,576.90,580.57,584.69,588.46,591.71,594.76,597.64,600.38,603.70,607.33,611.18,615.23,619.24,623.23,627.04,630.52,633.43,636.29,639.23,642.53,646.61,651.18,656.44,661.73,666.94,672.69,678.44,684.53,690.25,694.01,697.52,700.81,703.98,707.14,710.47,714.18,718.24,723.01,729.18,733.96,737.85,741.21,744.22,747.39,750.62,753.88,757.20,760.78,764.71,768.71,772.78,777.07,780.86,784.10,787.38,791.38,796.65,801.66,806.09,810.02,813.89,817.78,821.85,826.02,830.11,833.96,837.38,840.36,842.94,845.45,847.96,850.76,853.77,856.58,858.40,859.84,860.97,861.79,862.89,864.26,865.54,866.85,868.87,871.20,873.53,875.96,878.96,882.99,887.03,890.81,894.34,897.90,900.86,903.28,905.39,907.57,910.02,913.26,917.18,921.53,925.49,929.08,932.09,934.50,936.78,938.67,939.90,940.70,941.35,941.74,942.33,942.70,942.59,942.37,942.26,941.86,941.29,941.08,940.46,939.79,939.39,939.67,940.84,944.20,949.22,955.59,962.64,968.38,973.36,977.80,981.61,984.99,988.17,991.11,993.62,995.61,997.93,999.97,1001.51,1002.55,1003.18,1003.31,1003.30,1003.47,1003.73,1003.95,1004.34,1005.13,1006.72,1010.21,1013.46,1016.14,1019.11,1023.63,1028.49,1032.47,1034.99,1037.11,1037.39,1035.83,1032.73,1028.78,1025.75,1023.13,1020.93,1019.36,1018.00,1016.61,1015.51,1014.93,1014.78,1014.78,1014.97,1015.39,1016.12,1017.23,1018.73,1020.51,1022.49,1024.38,1026.71,1029.53,1032.76,1036.23,1039.94
560.35,559.69,559.38,558.64,555.78,555.00,555.00,555.00,555.00,555.00,555.00,555.00,555.00,555.00,555.00,555.00,555.00,555.07,556.91,558.06,558.02,557.90,557.71,557.56,556.83,555.20,555.00,555.00,555.00,555.00,555.00,555.00,555.00,555.00,555.00,555.00,555.00,555.00,555.00,555.00,555.00,555.00,555.00,555.00,555.00,555.00,555.00,555.00,555.00,555.00,555.00,555.00,555.00,555.00,555.00,555.00,555.00,555.00,555.00,555.00,555.00,555.04,556.32,557.44,558.12,559.12,560.12,562.40,565.61,569.03,572.36,575.88,579.64,583.57,587.23,590.57,593.69,596.54,599.15,602.82,606.68,610.55,614.45,618.40,622.36,626.25,629.86,632.81,635.66,638.51,641.88,646.39,651.10,656.18,661.46,666.86,672.39,677.27,682.95,688.87,693.05,696.51,699.73,702.89,706.02,709.23,712.87,716.70,721.16,727.36,732.24,736.20,739.61,742.75,746.06,749.48,752.78,755.81,758.60,761.97,765.72,769.73,773.98,778.19,781.74,784.84,788.01,792.44,797.64,802.49,806.69,810.64,814.51,818.50,822.56,826.59,830.41,834.13,837.56,840.52,843.04,845.35,847.98,850.90,853.67,855.81,857.68,859.11,859.93,861.13,862.24,863.13,864.03,865.77,868.31,870.87,873.49,876.77,881.31,886.07,890.51,894.45,898.17,901.26,903.86,906.23,908.74,911.55,914.78,918.47,922.62,926.68,930.15,933.10,935.66,938.18,940.15,941.50,942.39,943.03,943.60,944.63,945.51,945.83,946.04,946.35,946.22,945.80,945.78,945.18,944.35,943.78,943.97,944.80,947.43,951.97,958.23,965.04,971.25,976.65,981.24,984.97,988.49,991.85,995.02,997.90,1000.52,1003.42,1005.88,1007.69,1008.97,1009.82,1009.95,1009.84,1010.00,1010.25,1010.52,1010.89,1011.40,1012.18,1013.81,1015.95,1018.39,1021.27,1026.02,1030.22,1033.41,1035.54,1037.21,1036.88,1034.94,1031.90,1028.62,1026.39,1024.69,1023.31,1022.31,1021.78,1021.47,1021.33,1021.33,1021.33,1021.39,1021.64,1022.06,1022.58,1023.24,1024.08,1025.28,1026.93,1028.62,1030.88,1033.46,1036.30,1039.54,1042.97
560.27,559.62,559.32,558.59,555.77,555.00,555.00,555.00,555.00,555.00,555.00,555.00,555.00,555.00,555.00,555.00,555.00,555.02,555.47,555.75,555.74,555.71,555.67,555.63,555.45,555.05,555.00,555.00,555.00,555.00,555.00,555.00,555.00,555.00,555.00,555.00,555.00,555.00,555.00,555.00,555.00,555.00,555.00,555.00,555.00,555.00,555.00,555.00,555.00,555.00,555.00,555.00,555.00,555.00,555.00,555.00,555.00,555.00,555.00,555.00,555.00,555.01,555.32,555.60,556.27,558.54,559.50,560.97,563.57,567.44,571.29,575.44,579.67,583.76,587.54,591.16,594.57,597.51,599.88,604.00,608.02,611.68,615.20,618.95,622.90,626.85,630.54,633.51,636.52,639.63,643.27,647.96,652.52,657.06,661.88,666.92,671.51,675.68,680.47,685.95,691.46,695.14,698.40,701.62,704.86,708.20,711.79,715.53,719.73,725.18,730.39,734.40,737.56,740.54,743.87,747.65,751.23,754.22,756.85,759.46,762.79,766.74,770.73,775.03,779.07,782.55,785.43,788.63,792.86,797.70,802.62,806.61,810.72,814.91,819.04,822.98,826.79,830.48,833.96,837.15,840.04,842.46,845.14,848.03,850.54,852.63,854.38,855.75,856.74,857.94,858.84,859.56,860.30,861.56,863.84,866.74,870.10,873.98,878.48,883.54,888.55,893.06,896.98,900.43,903.41,906.18,909.24,912.38,915.62,919.12,923.05,927.21,930.61,933.50,936.11,938.67,940.61,942.22,943.57,944.63,945.50,946.66,947.84,948.79,949.44,949.91,950.08,950.20,950.88,950.80,950.39,950.16,950.46,950.75,952.29,955.74,961.22,967.58,974.02,979.52,984.10,988.04,991.83,995.44,999.10,1002.96,1006.96,1009.70,1011.64,1012.98,1013.71,1014.22,1014.40,1014.45,1014.58,1014.60,1014.78,1015.10,1015.60,1016.50,1017.88,1019.69,1021.93,1024.92,1029.14,1032.62,1035.21,1037.07,1038.71,1038.37,1036.61,1033.75,1030.22,1028.46,1027.21,1026.22,1025.68,1025.20,1024.82,1024.63,1024.63,1024.63,1024.69,1024.94,1025.40,1026.04,1026.68,1027.67,1029.05,1030.82,1032.69,1034.88,1037.29,1039.90,1042.83,1046.21
560.16,559.56,559.25,558.52,555.75,555.00,555.00,555.00,555.00,555.00,555.00,555.00,555.00,555.00,555.00,555.00,555.00,555.00,555.00,555.00,555.00,555.00,555.00,555.00,555.00,555.00,555.00,555.00,555.00,555.00,555.00,555.00,555.00,555.00,555.00,555.00,555.00,555.00,555.00,555.00,555.00,555.00,555.00,555.00,555.00,555.00,555.00,555.00,555.00,555.00,555.00,555.00,555.00,555.00,555.00,555.00,555.00,555.00,555.00,555.00,555.00,555.00,555.00,555.00,555.39,557.05,558.70,560.07,562.27,566.62,571.36,576.38,581.40,586.07,589.73,593.31,596.85,600.22,603.27,606.99,610.59,613.97,617.30,620.94,624.78,628.51,631.96,634.99,638.06,641.25,644.95,649.59,653.95,658.13,662.42,666.82,670.88,674.65,678.70,683.41,689.02,693.22,697.03,700.66,704.13,707.59,711.12,714.67,718.50,723.17,728.23,732.23,735.34,738.15,741.25,745.29,749.28,752.58,755.11,757.49,760.30,763.63,767.43,771.46,775.66,779.57,782.77,785.52,788.93,793.09,797.73,802.00,806.28,810.56,814.80,818.92,822.94,826.60,830.05,833.37,836.41,839.02,841.62,844.25,846.60,848.72,850.45,851.80,852.83,853.95,854.77,855.50,856.32,857.59,859.88,862.89,866.60,871.21,875.89,881.04,886.17,890.86,894.97,898.75,902.11,905.25,908.69,911.94,915.22,918.65,922.42,926.72,930.32,933.30,935.86,938.35,940.37,942.08,943.59,945.01,946.37,947.79,949.21,950.56,951.66,952.36,952.91,953.55,954.59,955.19,955.46,955.68,956.01,956.06,956.88,959.50,964.23,970.03,976.30,981.70,986.30,990.67,994.93,999.02,1003.14,1007.33,1011.19,1013.96,1015.99,1017.41,1018.19,1018.64,1019.04,1019.44,1019.79,1019.79,1019.83,1020.02,1020.44,1021.28,1022.56,1024.13,1026.21,1029.38,1033.08,1036.09,1038.42,1040.23,1041.83,1041.83,1040.52,1038.19,1035.31,1033.78,1032.61,1031.60,1030.88,1030.10,1029.37,1028.88,1028.69,1028.67,1028.56,1028.65,1029.07,1029.83,1030.57,1031.63,1033.07,1034.89,1036.79,1038.82,1041.04,1043.46,1046.19,1049.16
560.05,559.49,559.18,558.46,555.74,555.00,555.00,555.00,555.00,555.00,555.00,555.00,555.00,555.00,555.00,555.00,555.00,555.00,555.00,555.00,555.00,555.00,555.00,555.00,555.00,555.00,555.00,555.00,555.00,555.00,555.00,555.00,555.00,555.00,555.00,555.00,555.00,555.00,555.00,555.00,555.00,555.00,555.00,555.00,555.00,555.00,555.00,555.00,555.00,555.00,555.00,555.00,555.00,555.00,555.00,555.00,555.00,555.00,555.00,555.00,555.00,555.00,555.00,555.00,555.04,555.43,557.96,559.53,561.51,566.36,572.06,578.02,583.92,589.23,592.78,596.29,600.00,603.89,607.73,610.74,613.72,616.82,620.11,623.75,627.38,630.74,633.83,636.90,640.00,643.17,646.78,651.23,655.39,659.34,663.13,666.84,670.59,674.14,677.63,681.54,686.62,691.39,695.94,700.12,703.76,707.26,710.64,713.97,717.38,721.27,725.89,729.82,732.97,735.65,738.43,742.52,746.91,750.73,753.38,755.78,758.09,760.65,764.15,767.77,771.95,776.22,779.95,782.66,785.45,788.72,792.62,797.08,801.43,805.78,810.14,814.47,818.74,822.40,825.83,829.22,832.31,835.13,837.66,839.97,842.18,844.31,846.07,847.44,848.46,849.47,850.32,851.16,852.19,853.79,856.25,859.27,863.12,868.34,873.35,878.50,883.53,888.21,892.45,896.47,900.15,903.64,907.31,910.61,913.94,917.36,921.00,925.41,929.37,932.57,935.06,937.44,939.62,941.40,942.98,944.68,946.50,948.20,949.85,951.48,952.98,954.00,955.01,956.18,957.45,958.75,959.77,960.49,960.87,960.90,961.35,963.38,967.37,972.56,978.37,983.50,988.12,993.01,997.81,1002.42,1006.90,1011.07,1014.23,1017.13,1019.52,1021.30,1022.45,1023.10,1023.86,1024.69,1025.33,1025.50,1025.42,1025.47,1025.84,1026.58,1027.85,1029.26,1031.16,1034.32,1037.41,1040.07,1042.33,1044.20,1045.74,1046.17,1045.43,1043.81,1041.93,1040.52,1039.26,1038.05,1036.90,1035.75,1034.67,1033.86,1033.45,1033.35,1032.98,1032.87,1033.17,1033.94,1034.81,1035.86,1037.25,1039.05,1040.88,1042.74,1044.76,1047.02,1049.59,1052.06
559.90,559.40,559.06,558.36,555.72,555.00,555.00,555.00,555.00,555.00,555.00,555.00,555.00,555.00,555.00,555.00,555.00,555.00,555.00,555.00,555.00,555.00,555.00,555.00,555.00,555.00,555.00,555.00,555.00,555.00,555.00,555.00,555.00,555.00,555.00,555.00,555.00,555.00,555.00,555.00,555.00,555.00,555.00,555.00,555.00,555.00,555.00,555.00,555.00,555.00,555.00,555.00,555.00,555.00,555.00,555.00,555.00,555.00,555.00,555.00,555.00,555.00,555.00,555.00,555.00,555.25,557.80,559.41,561.59,566.93,573.05,579.79,586.23,591.66,595.61,599.72,604.05,608.16,611.26,613.92,616.72,619.81,623.28,627.15,630.36,633.24,636.08,639.12,642.25,645.32,648.68,652.74,656.87,660.74,664.37,667.86,671.38,674.83,678.27,681.96,686.40,691.14,696.32,700.88,704.04,707.18,710.24,713.25,716.24,719.46,723.43,727.06,730.20,732.95,735.60,739.05,743.36,748.10,751.61,754.07,756.21,758.44,761.13,764.38,768.49,772.80,776.61,779.43,782.15,785.08,788.32,791.93,796.08,800.61,805.13,809.27,813.39,817.31,820.95,824.27,827.38,830.53,833.16,835.30,837.37,839.21,840.98,842.50,843.59,844.60,845.55,846.61,848.03,850.23,853.03,856.18,859.97,865.00,870.60,875.76,880.60,885.18,889.36,893.32,897.13,900.82,904.43,907.88,911.29,914.68,918.22,922.57,927.01,930.64,933.28,935.60,938.06,940.20,942.03,943.73,945.50,947.31,949.21,951.13,952.79,954.40,956.13,957.90,959.43,961.21,962.74,963.91,964.62,964.91,965.78,967.76,971.12,975.66,980.56,985.05,989.55,994.90,1000.08,1004.96,1009.45,1013.37,1016.67,1019.78,1022.47,1024.64,1026.26,1027.75,1029.13,1030.26,1031.01,1031.69,1031.74,1031.89,1032.42,1033.20,1034.55,1035.99,1037.55,1039.58,1041.79,1044.05,1046.24,1048.23,1049.74,1050.23,1049.95,1049.09,1047.84,1046.57,1045.26,1043.92,1042.61,1041.58,1040.78,1040.14,1039.67,1039.25,1038.75,1038.53,1038.61,1038.94,1039.60,1040.48,1041.66,1043.22,1044.86,1046.63,1048.56,1050.68,1052.99,1055.33
559.74,559.31,558.68,557.44,555.50,555.00,555.00,555.00,555.00,555.00,555.00,555.00,555.00,555.00,555.00,555.00,555.00,555.00,555.00,555.00,555.00,555.00,555.00,555.00,555.00,555.00,555.00,555.00,555.00,555.00,555.00,555.00,555.00,555.00,555.00,555.00,555.00,555.00,555.00,555.00,555.00,555.00,555.00,555.00,555.00,555.00,555.00,555.00,555.00,555.00,555.00,555.00,555.00,555.00,555.00,555.00,555.00,555.00,555.00,555.00,555.00,555.02,555.69,556.15,556.18,556.34,558.12,559.39,561.71,567.45,574.09,581.23,587.82,593.25,597.64,602.32,607.03,611.18,613.91,616.53,619.41,622.66,626.30,629.95,632.76,635.36,638.06,640.92,643.91,646.79,649.93,653.86,658.05,661.87,665.41,668.78,672.14,675.50,678.99,682.74,686.98,691.70,696.90,701.32,704.07,706.85,709.55,712.24,714.93,717.69,720.92,724.16,727.20,729.88,732.33,735.43,739.63,744.77,749.09,752.03,754.33,756.41,758.56,761.33,765.09,769.30,773.28,776.15,778.83,781.52,784.30,787.32,791.03,795.29,799.72,803.87,807.88,811.82,815.45,818.68,821.90,825.00,827.60,829.79,831.93,833.67,835.46,837.09,838.30,839.42,840.59,841.98,843.83,846.54,849.86,853.35,857.13,861.70,867.25,872.54,877.41,881.88,886.01,889.89,893.78,897.64,901.21,904.71,908.16,911.55,915.04,919.24,923.79,927.77,930.86,933.41,936.11,938.49,940.50,942.28,944.01,946.02,948.21,950.40,952.21,954.24,956.47,958.73,960.75,963.04,965.10,966.81,968.12,969.19,970.59,972.67,975.54,978.98,982.71,986.46,990.75,996.46,1001.90,1006.95,1011.44,1015.27,1018.84,1022.22,1025.19,1027.70,1029.81,1031.90,1033.78,1035.26,1036.21,1037.19,1037.56,1037.92,1038.50,1039.09,1040.15,1041.38,1042.65,1044.01,1045.82,1047.90,1050.09,1052.14,1053.55,1054.07,1054.05,1053.61,1052.74,1051.66,1050.43,1049.10,1047.79,1046.80,1046.17,1045.69,1045.23,1044.74,1044.33,1044.13,1044.09,1044.15,1044.60,1045.32,1046.30,1047.59,1049.03,1050.74,1052.62,1054.64,1056.79,1059.02
559.57,559.15,557.96,555.66,555.09,555.00,555.00,555.00,555.00,555.00,555.00,555.00,555.00,555.00,555.00,555.00,555.00,555.00,555.00,555.00,555.00,555.00,555.00,555.00,555.00,555.00,555.00,555.00,555.00,555.00,555.00,555.00,555.00,555.00,555.00,555.00,555.00,555.00,555.00,555.00,555.00,555.00,555.00,555.00,555.00,555.00,555.00,555.00,555.00,555.00,555.00,555.00,555.00,555.00,555.00,555.00,555.00,555.00,555.00,555.04,555.13,555.22,557.19,558.53,558.61,558.58,558.87,559.43,561.76,567.75,575.05,582.17,588.52,593.89,598.67,603.79,608.56,612.58,615.55,618.47,621.67,625.25,628.99,631.87,634.38,636.94,639.58,642.12,644.78,647.37,650.39,654.49,658.83,662.62,666.08,669.40,672.67,675.94,679.54,683.58,688.10,692.88,697.43,701.15,703.66,706.13,708.47,710.87,713.38,715.94,718.39,721.18,724.02,726.43,728.62,731.77,735.87,740.73,745.63,749.53,752.36,754.47,756.50,758.63,761.74,765.68,769.91,772.78,775.41,777.94,780.48,783.35,786.40,789.92,793.93,798.33,802.33,806.01,809.37,812.50,815.91,818.52,820.92,823.37,825.83,827.70,829.50,831.15,832.50,833.89,835.46,837.32,839.62,842.71,846.67,850.73,854.64,858.53,863.28,868.75,873.92,878.28,882.43,886.24,890.20,894.22,897.83,901.22,904.64,908.08,911.58,915.58,919.83,923.99,927.79,930.89,933.82,936.27,938.37,940.32,942.14,944.45,946.98,949.39,951.38,953.61,956.06,958.67,961.39,964.27,966.89,969.25,971.42,973.77,975.75,978.01,980.57,982.46,984.87,987.82,991.83,997.71,1003.29,1008.40,1012.92,1016.85,1020.74,1024.45,1027.69,1030.50,1033.09,1035.42,1037.62,1039.50,1040.77,1041.77,1042.61,1043.31,1043.77,1043.91,1044.29,1045.04,1046.08,1047.43,1049.42,1051.61,1053.84,1055.90,1057.14,1057.68,1057.71,1057.33,1056.60,1055.76,1054.73,1053.58,1052.41,1051.30,1050.66,1050.22,1049.84,1049.57,1049.46,1049.42,1049.42,1049.46,1049.76,1050.35,1051.15,1052.18,1053.45,1055.12,1056.97,1058.95,1061.04,1063.15
559.46,558.12,556.36,555.14,555.00,555.00,555.00,555.00,555.00,555.00,555.00,555.00,555.00,555.00,555.00,555.00,555.00,555.00,555.00,555.00,555.00,555.00,555.00,555.00,555.00,555.00,555.00,555.00,555.00,555.00,555.00,555.00,555.00,555.00,555.00,555.00,555.00,555.00,555.00,555.00,555.00,555.00,555.00,555.00,555.00,555.00,555.00,555.00,555.00,555.00,555.00,555.00,555.00,555.00,555.00,555.00,555.00,555.00,555.00,555.65,557.11,557.49,558.70,559.49,559.55,559.39,559.26,559.51,561.66,567.53,574.91,581.79,587.99,593.49,598.46,603.61,608.39,612.54,615.85,619.23,622.76,626.43,630.00,632.63,635.10,637.55,639.95,642.20,644.69,647.27,650.31,654.39,658.86,662.53,665.88,669.24,672.57,675.89,679.56,683.62,688.06,692.47,696.47,699.83,702.42,704.75,706.95,709.16,711.45,713.82,716.13,718.63,721.18,723.56,725.83,728.60,732.03,736.29,741.37,745.90,749.65,752.57,754.50,756.38,758.74,761.52,764.68,768.10,771.37,774.19,776.64,779.33,782.09,785.13,788.60,792.63,796.55,800.38,803.88,806.96,810.13,812.58,814.90,817.29,819.61,821.48,822.93,824.13,825.38,827.61,830.25,833.03,835.97,839.35,843.46,848.00,852.33,855.77,859.59,864.50,869.74,874.63,878.62,882.35,886.45,890.78,894.54,897.90,901.25,904.64,908.16,912.23,916.26,920.25,924.11,927.64,931.29,934.06,936.18,938.28,940.42,942.87,945.46,948.05,950.64,953.28,955.96,958.71,961.59,964.67,967.73,970.73,973.71,976.67,979.42,982.01,984.27,985.74,987.65,990.24,993.87,999.14,1004.63,1009.58,1013.97,1017.97,1022.21,1026.23,1029.94,1033.29,1036.19,1038.58,1040.81,1042.82,1044.40,1045.66,1046.78,1047.74,1048.37,1048.41,1048.52,1048.95,1049.76,1051.13,1053.07,1055.24,1057.54,1059.69,1060.70,1061.11,1061.23,1061.08,1060.53,1060.03,1059.08,1057.94,1057.03,1056.12,1055.51,1055.02,1054.61,1054.41,1054.31,1054.26,1054.30,1054.44,1054.69,1055.16,1055.84,1056.76,1058.05,1059.72,1061.60,1063.58,1065.59,1067.74
558.88,556.83,555.00,555.00,555.00,555.00,555.00,555.00,555.00,555.00,555.00,555.00,555.00,555.00,555.00,555.00,555.00,555.00,555.00,555.00,555.00,555.00,555.00,555.00,555.00,555.00,555.00,555.00,555.00,555.00,555.00,555.00,555.00,555.00,555.00,555.00,555.00,555.00,555.00,555.00,555.00,555.00,555.00,555.00,555.00,555.00,555.00,555.00,555.00,555.00,555.00,555.00,555.00,555.00,555.00,555.00,555.00,555.00,555.00,556.24,559.00,559.76,560.33,560.73,560.84,560.49,559.98,559.79,561.50,566.97,573.93,580.40,586.47,592.24,597.44,602.55,607.34,611.65,615.30,619.07,622.87,626.59,630.01,632.62,635.00,637.30,639.54,641.67,644.08,646.72,649.81,653.74,658.22,661.84,665.14,668.51,671.93,675.32,678.95,682.88,687.10,691.14,694.75,697.94,700.70,703.07,705.17,707.23,709.34,711.57,713.83,716.12,718.44,720.81,723.21,725.65,728.49,732.16,737.11,741.88,746.28,749.98,752.24,754.19,756.00,757.74,759.74,763.27,766.75,769.70,772.17,774.67,777.19,779.97,783.15,786.91,790.68,794.53,798.07,801.14,804.17,806.58,808.85,811.09,813.16,815.06,816.40,817.42,818.68,821.67,825.41,829.13,832.66,836.25,840.26,844.98,849.60,852.95,856.13,860.30,865.27,870.51,874.59,878.30,882.46,886.93,890.90,894.40,897.79,901.19,904.76,908.98,912.98,916.79,920.46,924.14,928.44,931.69,934.03,936.26,938.71,941.23,943.84,946.66,949.87,952.90,955.78,958.64,961.64,964.94,968.36,971.88,975.51,978.97,982.49,985.50,987.66,989.15,990.87,993.18,996.34,1000.76,1005.89,1010.58,1014.82,1018.87,1023.45,1027.85,1032.11,1036.04,1039.06,1041.42,1043.65,1045.76,1047.58,1049.09,1050.43,1051.63,1052.55,1052.86,1053.03,1053.36,1054.02,1055.25,1056.97,1059.04,1061.31,1063.38,1064.16,1064.44,1064.65,1064.76,1064.43,1064.32,1063.63,1062.74,1062.20,1061.61,1061.03,1060.46,1059.95,1059.70,1059.49,1059.35,1059.33,1059.49,1059.66,1060.05,1060.67,1061.63,1063.11,1064.76,1066.59,1068.53,1070.49,1072.80
556.89,555.47,555.00,555.00,555.00,555.00,555.00,555.00,555.00,555.00,555.00,555.00,555.00,555.00,555.00,555.00,555.00,555.00,555.00,555.00,555.00,555.00,555.00,555.00,555.00,555.00,555.00,555.00,555.00,555.00,555.00,555.00,555.00,555.00,555.00,555.00,555.00,555.00,555.00,555.00,555.00,555.00,555.00,555.00,555.00,555.00,555.00,555.00,555.00,555.00,555.00,555.00,555.00,555.00,555.00,555.00,555.00,555.00,555.00,556.32,559.29,560.41,562.32,563.85,564.34,563.51,561.88,560.56,561.28,565.80,571.34,577.02,583.01,589.28,595.02,600.20,604.97,609.36,613.26,617.12,620.97,624.79,628.41,631.19,633.21,635.32,637.75,640.18,642.64,645.41,648.49,652.01,656.18,660.00,663.43,666.68,670.22,673.56,676.90,680.43,684.34,688.35,691.95,695.23,698.24,700.93,702.96,704.92,707.02,709.14,711.27,713.45,715.67,717.96,720.34,723.00,725.89,729.23,733.49,737.58,741.46,745.30,749.22,751.80,753.75,755.46,757.10,759.00,760.92,763.21,765.83,768.13,770.31,773.30,777.07,781.20,784.74,787.87,790.88,794.01,797.47,799.98,802.19,804.29,806.13,808.27,810.53,812.48,814.17,817.35,821.70,826.05,829.96,833.53,837.11,841.16,845.49,849.63,853.13,856.59,860.47,865.05,870.06,873.99,877.83,881.90,886.18,890.30,894.05,897.63,901.35,905.81,910.23,914.12,917.35,920.47,924.81,928.84,932.07,934.44,936.95,939.45,942.19,945.39,948.92,952.10,955.14,958.24,961.62,965.39,969.10,972.80,976.66,980.78,984.96,988.52,991.16,993.06,994.90,996.87,999.31,1002.77,1006.98,1011.29,1015.42,1019.50,1024.39,1029.31,1034.22,1038.63,1041.35,1043.58,1045.95,1048.29,1050.19,1051.71,1053.23,1054.69,1056.06,1057.41,1058.26,1059.04,1059.77,1060.38,1061.61,1063.40,1065.28,1066.78,1067.37,1067.65,1067.91,1068.15,1068.26,1068.49,1068.74,1068.93,1068.98,1068.80,1068.25,1067.57,1066.87,1066.30,1065.86,1065.45,1065.11,1064.98,1064.91,1065.28,1066.08,1067.36,1069.34,1070.85,1072.40,1074.19,1076.15,1078.93
555.71,555.00,555.00,555.00,555.00,555.00,555.00,555.00,555.00,555.00,555.00,555.00,555.00,555.00,555.00,555.00,555.00,555.00,555.00,555.00,555.00,555.00,555.00,555.00,555.00,555.00,555.00,555.00,555.00,555.00,555.00,555.00,555.00,555.00,555.00,555.00,555.00,555.00,555.00,555.00,555.00,555.00,555.00,555.00,555.00,555.00,555.00,555.00,555.00,555.00,555.00,555.00,555.00,555.00,555.00,555.00,555.00,555.00,555.00,556.37,559.53,561.13,564.11,566.63,567.70,566.91,565.16,563.39,562.83,564.90,569.14,573.76,578.84,584.62,590.93,596.30,601.26,605.87,609.78,613.41,617.25,621.29,625.23,628.11,630.32,632.50,634.88,637.37,639.98,642.91,646.05,649.28,653.17,657.03,660.67,664.09,667.58,670.90,674.14,677.41,680.82,684.24,687.82,691.34,694.59,697.47,699.95,702.24,704.40,706.40,708.48,710.59,712.74,714.92,717.18,719.69,722.43,725.54,729.56,733.63,737.35,740.85,744.57,747.90,750.86,753.17,754.60,755.93,757.18,758.86,760.92,762.67,764.35,767.11,770.79,774.77,778.32,781.36,784.28,787.30,790.32,792.81,795.00,796.98,798.73,800.90,803.76,806.78,809.74,813.63,818.60,823.33,827.27,830.63,833.94,837.57,841.47,845.47,849.13,852.55,856.06,859.98,864.56,868.61,872.49,876.61,881.49,886.54,890.76,894.47,898.20,902.40,906.95,911.04,914.30,916.99,920.64,924.46,928.07,931.23,934.10,937.08,940.36,944.11,948.18,951.68,954.88,958.10,961.63,965.66,969.78,973.87,977.99,982.63,987.30,991.36,994.48,996.74,998.74,1000.60,1002.64,1005.40,1008.75,1012.45,1016.26,1020.28,1025.23,1030.54,1035.78,1040.30,1042.87,1045.13,1047.55,1049.95,1052.02,1053.78,1055.52,1057.28,1059.08,1060.90,1062.14,1063.34,1064.56,1065.69,1067.69,1070.27,1072.47,1073.65,1074.19,1074.41,1074.58,1074.73,1074.83,1075.12,1075.59,1076.05,1076.25,1076.18,1075.80,1075.22,1074.52,1073.85,1073.17,1072.63,1072.26,1072.18,1072.49,1073.19,1074.09,1075.16,1076.72,1078.21,1079.88,1081.77,1083.76,1086.38
555.08,555.00,555.00,555.00,555.00,555.00,555.00,555.00,555.00,555.00,555.00,555.00,555.00,555.00,555.00,555.00,555.00,555.00,555.00,555.00,555.00,555.00,555.00,555.00,555.00,555.00,555.00,555.00,555.00,555.00,555.00,555.00,555.00,555.00,555.00,555.00,555.00,555.00,555.00,555.00,555.00,555.00,555.00,555.00,555.00,555.00,555.00,555.00,555.00,555.00,555.00,555.00,555.00,555.00,555.00,555.00,555.00,555.00,555.00,556.40,559.72,561.84,565.66,569.01,570.73,570.34,568.96,567.17,565.42,564.69,567.50,570.84,574.62,579.40,585.84,591.26,596.53,601.51,605.35,608.70,612.44,616.58,620.76,623.78,626.48,628.92,631.20,633.65,636.41,639.53,642.73,645.82,649.47,653.28,657.12,660.84,664.20,667.53,670.80,673.95,676.89,679.56,682.98,686.67,690.05,693.09,696.14,698.91,701.28,703.35,705.48,707.58,709.66,711.75,713.86,716.08,718.52,721.43,725.30,729.53,733.39,736.63,739.31,743.22,747.36,750.51,751.95,753.35,754.51,755.69,756.94,758.03,759.22,761.49,764.68,768.32,771.94,775.14,778.16,780.98,783.16,785.51,787.65,789.54,791.40,793.60,796.97,801.15,805.75,810.58,815.99,820.82,824.58,827.66,830.80,834.16,837.65,841.08,844.73,848.37,851.84,855.16,858.74,862.76,866.84,871.25,876.89,882.98,887.70,891.53,895.20,898.97,903.43,907.69,911.16,913.60,916.34,919.50,923.16,927.34,930.80,934.50,938.54,942.91,947.62,951.48,954.86,958.10,961.65,965.83,970.40,974.97,979.39,984.49,989.49,993.91,997.47,1000.04,1002.24,1004.16,1006.04,1008.27,1010.85,1013.86,1017.25,1021.17,1025.99,1031.49,1036.82,1041.24,1043.76,1046.18,1048.60,1051.00,1053.28,1055.38,1057.38,1059.47,1061.68,1063.69,1065.21,1066.92,1068.90,1071.11,1074.33,1077.96,1080.69,1081.74,1082.34,1082.51,1082.54,1082.52,1082.44,1082.64,1082.99,1083.30,1083.38,1083.25,1083.06,1082.69,1082.11,1081.50,1080.68,1080.17,1080.02,1080.18,1081.09,1082.21,1083.15,1083.80,1084.65,1086.16,1088.05,1090.10,1092.04,1094.13
555.00,555.00,555.00,555.00,555.00,555.00,555.00,555.00,555.00,555.00,555.00,555.00,555.00,555.00,555.00,555.00,555.00,555.00,555.00,555.00,555.00,555.00,555.00,555.00,555.00,555.00,555.00,555.00,555.00,555.00,555.00,555.00,555.00,555.00,555.00,555.00,555.00,555.00,555.00,555.00,555.00,555.00,555.00,555.00,555.00,555.00,555.00,555.00,555.00,555.00,555.00,555.00,555.00,555.00,555.00,555.00,555.00,555.00,555.00,556.40,559.80,562.25,566.56,570.34,572.49,572.86,571.70,570.11,568.46,567.16,567.62,569.35,572.17,576.01,580.25,584.69,590.25,596.05,600.06,603.70,607.04,610.43,614.05,617.63,620.91,623.75,626.27,628.85,631.65,634.76,638.02,641.31,644.88,648.67,652.51,656.23,659.58,662.94,666.39,669.83,672.96,675.52,678.28,681.22,684.29,687.68,690.55,693.39,696.42,699.53,702.18,704.35,706.32,708.36,710.44,712.57,714.82,717.30,720.15,723.57,728.30,733.11,735.35,738.68,742.58,745.96,748.08,750.02,751.55,752.75,753.70,754.59,755.73,757.47,760.07,763.79,767.02,770.06,772.94,775.44,777.16,779.18,781.06,782.95,785.48,788.30,792.63,798.03,803.87,809.33,814.23,818.41,821.86,824.88,827.82,831.09,834.55,837.80,841.00,844.34,847.58,850.62,853.89,857.54,861.56,866.33,872.69,879.57,884.62,888.54,892.31,896.03,900.13,904.01,907.33,910.14,912.86,915.83,919.38,923.89,928.13,932.55,937.23,942.20,947.41,951.44,954.88,958.16,961.72,965.95,970.86,975.90,980.73,986.21,991.14,995.54,999.28,1002.02,1004.50,1006.75,1008.80,1010.73,1012.78,1015.30,1018.41,1022.24,1026.61,1031.66,1036.74,1041.11,1043.71,1046.26,1048.84,1051.37,1053.78,1056.13,1058.42,1060.89,1063.51,1065.88,1067.99,1070.57,1073.56,1076.63,1079.80,1082.83,1085.19,1086.51,1087.29,1087.69,1087.79,1087.70,1087.68,1088.04,1088.38,1088.54,1088.42,1088.18,1087.96,1087.71,1087.38,1087.02,1086.66,1086.71,1087.09,1087.64,1088.54,1089.48,1090.32,1091.08,1092.15,1093.58,1095.22,1096.92,1098.38,1099.88
555.00,555.00,555.00,555.00,555.00,555.00,555.00,555.00,555.00,555.00,555.00,555.00,555.00,555.00,555.00,555.00,555.00,555.00,555.00,555.00,555.00,555.00,555.00,555.00,555.00,555.00,555.00,555.00,555.00,555.00,555.00,555.00,555.00,555.00,555.00,555.00,555.00,555.00,555.00,555.00,555.00,555.00,555.00,555.00,555.00,555.00,555.00,555.00,555.00,555.00,555.00,555.00,555.00,555.00,555.00,555.00,555.00,555.00,555.00,556.40,559.84,562.51,567.13,571.35,574.11,575.23,574.51,573.33,572.11,570.93,569.87,570.23,571.98,574.71,576.99,580.05,584.81,590.28,594.33,597.92,601.09,604.12,607.28,610.96,614.33,617.38,620.30,623.50,626.59,629.74,632.99,636.34,639.79,643.35,646.99,650.63,654.06,657.56,661.12,664.65,667.96,670.87,673.62,676.31,679.08,682.34,685.08,687.96,691.24,694.79,697.85,700.42,702.70,704.86,706.94,709.00,711.12,713.28,715.46,718.13,722.56,727.41,729.68,733.30,736.96,740.18,742.78,745.06,746.94,748.39,749.50,750.54,751.74,753.11,755.08,758.13,760.88,764.33,767.70,770.27,771.90,773.89,775.84,777.96,781.13,784.79,789.88,795.91,802.21,807.88,812.29,815.89,818.97,821.88,824.71,827.98,831.49,834.72,837.52,840.44,843.39,846.33,849.42,853.04,857.22,862.24,868.81,875.66,880.83,884.88,888.63,892.36,896.28,900.08,903.57,906.69,909.54,912.61,916.39,921.40,926.32,931.28,936.39,941.76,947.30,951.47,955.01,958.36,961.93,966.08,971.11,976.53,981.91,987.60,992.27,996.40,1000.10,1003.04,1005.85,1008.41,1010.66,1012.45,1014.22,1016.37,1019.10,1022.55,1026.47,1030.97,1035.73,1040.13,1043.05,1045.81,1048.56,1051.25,1053.78,1056.32,1059.03,1061.96,1065.01,1067.81,1070.47,1073.62,1077.21,1080.88,1084.08,1086.77,1088.97,1090.66,1091.84,1092.72,1093.12,1093.16,1093.33,1093.82,1094.13,1094.19,1094.00,1093.68,1093.48,1093.34,1093.24,1093.15,1093.14,1093.46,1094.03,1094.67,1095.39,1096.09,1096.75,1097.51,1098.63,1099.82,1101.10,1102.41,1103.61,1104.82
555.00,555.00,555.00,555.00,555.00,555.00,555.00,555.00,555.00,555.00,555.00,555.00,555.00,555.00,555.00,555.00,555.00,555.00,555.00,555.00,555.00,555.00,555.00,555.00,555.00,555.00,555.00,555.00,555.00,555.00,555.00,555.00,555.00,555.00,555.00,555.00,555.00,555.00,555.00,555.00,555.00,555.00,555.00,555.00,555.00,555.00,555.00,555.00,555.00,555.00,555.00,555.00,555.00,555.00,555.00,555.00,555.00,555.00,555.00,556.40,559.86,562.62,567.37,572.13,575.76,577.56,577.61,577.10,576.53,575.94,574.63,574.02,574.50,575.90,577.00,578.38,581.00,584.62,588.40,591.40,594.66,597.92,600.89,604.00,606.87,609.82,613.22,617.60,621.28,624.57,627.73,630.94,634.21,637.29,640.50,643.98,647.55,651.31,654.85,658.19,661.59,665.27,668.91,672.13,674.72,677.25,680.09,683.02,685.97,689.06,692.32,695.63,698.71,701.19,703.29,705.34,707.38,709.42,711.52,713.72,716.28,719.02,721.74,726.83,730.49,733.19,735.87,738.17,740.31,742.23,743.93,745.49,746.80,748.06,749.34,750.79,753.00,757.60,762.28,765.49,767.46,769.85,772.30,774.95,778.60,783.33,788.83,794.65,800.47,805.84,809.93,813.17,815.87,818.55,821.35,824.67,828.27,831.59,834.19,836.64,839.31,842.29,845.26,849.39,854.04,859.17,865.24,871.07,876.10,880.34,883.91,887.67,891.67,895.85,899.94,903.25,906.31,909.80,914.24,920.12,925.53,930.77,936.08,941.58,947.26,951.59,955.26,958.73,962.32,966.25,971.14,976.80,982.86,988.50,992.75,996.41,999.82,1003.01,1006.13,1008.98,1011.42,1013.23,1014.96,1016.87,1019.09,1021.82,1025.36,1029.28,1033.71,1038.25,1041.74,1044.81,1047.75,1050.59,1053.28,1055.97,1059.20,1062.69,1066.19,1069.50,1072.57,1075.86,1079.48,1083.42,1087.02,1089.96,1092.43,1094.54,1096.35,1097.93,1098.88,1099.28,1099.71,1100.31,1100.58,1100.61,1100.55,1100.23,1100.12,1100.13,1100.19,1100.36,1100.43,1100.58,1100.82,1101.14,1101.63,1102.09,1102.53,1103.03,1103.83,1104.63,1105.49,1106.51,1107.74,1109.09
555.00,555.00,555.00,555.00,555.00,555.00,555.00,555.00,555.00,555.00,555.00,555.00,555.00,555.00,555.00,555.00,555.00,555.00,555.00,555.00,555.00,555.00,555.00,555.00,555.00,555.00,555.00,555.00,555.00,555.00,555.00,555.00,555.00,555.00,555.00,555.00,555.00,555.00,555.00,555.00,555.00,555.00,555.00,555.00,555.00,555.00,555.00,555.00,555.00,555.00,555.00,555.00,555.00,555.00,555.00,555.00,555.00,555.00,555.00,556.40,559.87,562.72,567.58,572.62,576.89,579.89,581.33,581.86,581.94,581.74,581.07,580.13,579.72,580.09,580.37,581.03,582.37,584.32,586.58,588.37,590.50,592.90,595.46,598.27,600.92,603.58,606.68,610.95,614.58,618.18,621.72,624.92,628.09,631.24,634.16,636.84,639.79,643.59,647.44,651.25,655.26,659.05,662.82,666.32,669.31,672.14,675.10,678.10,681.13,684.33,687.47,690.58,693.59,696.34,698.90,701.35,703.59,705.60,707.65,709.86,711.93,713.96,716.50,720.44,723.77,726.58,729.26,731.87,734.14,736.23,738.19,739.96,741.45,742.65,743.72,745.00,747.21,751.44,756.74,761.87,764.65,767.29,770.03,773.22,777.73,783.24,788.89,794.12,798.61,802.98,806.81,809.97,812.53,815.00,817.46,820.35,823.62,827.02,829.93,832.48,835.15,838.13,841.28,846.34,851.55,856.39,861.19,866.16,870.92,875.25,879.02,882.87,886.76,890.89,895.29,899.62,903.58,907.55,912.48,919.35,925.04,930.42,935.75,941.17,946.95,951.50,955.33,958.88,962.53,966.39,971.20,976.74,982.61,988.21,992.22,995.55,998.69,1001.89,1005.13,1008.32,1011.01,1012.57,1014.32,1016.07,1017.98,1020.35,1023.45,1027.12,1031.29,1035.70,1039.71,1043.16,1046.35,1049.42,1052.45,1055.47,1059.01,1062.81,1066.72,1070.56,1073.90,1077.31,1081.11,1085.44,1089.21,1092.19,1094.80,1097.21,1099.13,1100.53,1101.57,1102.36,1103.06,1104.09,1104.76,1105.16,1105.53,1105.48,1105.52,1105.61,1105.74,1105.87,1105.73,1105.73,1105.90,1106.11,1106.51,1106.90,1107.29,1107.72,1108.35,1109.04,1109.89,1110.97,1112.31,1113.95
555.00,555.00,555.00,555.00,555.00,555.00,555.00,555.00,555.00,555.00,555.00,555.00,555.00,555.00,555.00,555.00,555.00,555.00,555.00,555.00,555.00,555.00,555.00,555.00,555.00,555.00,555.00,555.00,555.00,555.00,555.00,555.00,555.00,555.00,555.00,555.00,555.00,555.00,555.00,555.00,555.00,555.00,555.00,555.00,555.00,555.00,555.00,555.00,555.00,555.00,555.00,555.00,555.00,555.00,555.00,555.00,555.00,555.00,555.00,556.40,559.89,562.87,567.87,573.27,578.25,582.44,585.23,586.81,587.56,587.75,587.88,586.95,586.05,585.66,585.33,585.50,585.94,586.57,587.36,588.11,589.12,590.58,592.67,595.08,597.37,599.60,602.16,605.83,609.06,612.69,616.36,619.43,622.44,625.60,628.25,630.18,632.45,635.96,639.89,644.01,648.45,652.23,656.11,659.95,663.51,666.93,670.06,673.12,676.27,679.67,682.75,685.64,688.50,691.42,694.37,697.19,699.69,701.81,703.93,706.28,708.30,710.11,712.27,714.63,717.55,720.56,723.28,726.14,728.56,730.78,732.91,734.84,736.53,737.78,738.88,740.38,742.69,746.45,752.13,758.96,762.67,765.53,768.40,771.91,777.04,782.86,788.57,793.31,796.57,799.97,803.50,806.59,809.08,811.31,813.39,815.80,818.69,822.08,825.28,828.13,830.98,834.09,837.52,843.11,848.75,853.51,857.19,861.38,865.71,870.01,874.21,878.30,882.09,886.14,890.80,896.20,901.26,905.83,911.15,918.77,924.66,930.10,935.37,940.59,946.33,951.08,955.12,958.80,962.53,966.35,970.97,976.18,981.61,987.10,991.03,994.20,997.12,1000.27,1003.51,1006.90,1009.82,1011.35,1013.14,1014.81,1016.54,1018.59,1021.19,1024.70,1028.68,1032.92,1037.30,1041.16,1044.60,1047.89,1051.21,1054.55,1058.26,1062.30,1066.60,1070.99,1074.63,1078.28,1082.34,1086.96,1090.77,1093.75,1096.46,1099.09,1101.00,1102.15,1103.22,1104.38,1105.41,1106.85,1107.99,1108.89,1109.65,1109.97,1110.26,1110.47,1110.59,1110.62,1110.30,1110.19,1110.32,1110.52,1110.89,1111.34,1111.78,1112.20,1112.75,1113.45,1114.44,1115.77,1117.43,1119.49
555.00,555.00,555.00,555.00,555.00,555.00,555.00,555.00,555.00,555.00,555.00,555.00,555.00,555.00,555.00,555.00,555.00,555.00,555.00,555.00,555.00,555.00,555.00,555.00,555.00,555.00,555.00,555.00,555.00,555.00,555.00,555.00,555.00,555.00,555.00,555.00,555.00,555.00,555.00,555.00,555.00,555.00,555.00,555.00,555.00,555.00,555.00,555.00,555.00,555.00,555.00,555.00,555.00,555.00,555.00,555.00,555.00,555.00,555.00,556.40,559.93,563.13,568.45,574.67,580.80,585.68,589.24,591.56,592.96,593.68,594.34,594.05,593.47,592.94,592.36,591.94,591.90,592.17,592.71,593.53,594.43,595.66,597.33,598.71,600.01,601.54,603.52,606.13,608.45,611.02,613.68,616.13,618.72,621.26,623.51,625.45,627.52,629.90,632.81,636.23,640.08,644.08,648.65,653.24,657.35,661.42,664.82,667.92,671.02,674.33,677.90,681.29,684.41,687.27,690.00,692.77,695.48,698.06,700.60,703.07,705.30,707.24,708.89,710.55,713.10,716.08,718.98,721.74,724.41,726.88,729.17,731.45,733.29,734.89,736.42,738.12,740.34,744.59,750.56,757.29,761.88,764.95,767.64,770.79,775.42,780.45,786.07,790.98,794.11,797.23,800.22,802.99,805.45,807.38,809.24,811.45,814.13,817.27,820.20,823.43,826.89,830.51,834.32,838.84,844.40,850.05,853.73,857.29,860.76,864.77,869.78,874.47,878.36,882.63,887.77,893.54,899.83,905.28,910.90,918.38,924.37,929.75,934.79,939.66,944.96,949.79,954.17,958.20,962.01,965.72,969.84,974.38,979.28,984.45,988.64,992.00,994.88,998.02,1001.03,1004.16,1007.20,1009.60,1011.48,1013.27,1014.97,1016.62,1018.55,1021.87,1025.82,1030.03,1034.32,1038.55,1042.27,1045.66,1049.00,1052.43,1056.09,1060.27,1065.03,1069.94,1074.11,1078.39,1082.93,1087.41,1091.03,1094.05,1096.87,1099.55,1101.52,1102.92,1104.29,1105.77,1107.31,1108.76,1110.29,1111.65,1112.48,1113.18,1114.00,1114.49,1114.51,1114.47,1114.27,1114.16,1114.20,1114.45,1114.91,1115.62,1116.28,1116.75,1117.35,1118.20,1119.46,1121.28,1123.89,1126.64
555.00,555.00,555.00,555.00,555.00,555.00,555.00,555.00,555.00,555.00,555.00,555.00,555.00,555.00,555.00,555.00,555.00,555.00,555.00,555.00,555.00,555.00,555.00,555.00,555.00,555.00,555.00,555.00,555.00,555.00,555.00,555.00,555.00,555.00,555.00,555.00,555.00,555.00,555.00,555.00,555.00,555.00,555.00,555.00,555.00,555.00,555.00,555.00,555.00,555.00,555.00,555.00,555.00,555.00,555.00,555.00,555.00,555.00,555.00,556.40,560.00,563.55,569.27,576.22,583.29,588.76,593.02,595.94,597.88,599.12,600.10,600.30,600.08,599.64,599.14,598.76,598.63,598.75,599.11,599.70,600.41,601.27,602.26,603.12,604.14,605.42,607.11,609.52,611.81,613.91,615.89,617.91,620.14,622.15,624.03,625.77,627.15,628.46,630.19,632.38,635.02,638.64,642.58,646.60,650.62,654.67,658.45,662.13,665.70,668.89,672.38,675.97,679.58,683.09,686.02,688.83,691.59,694.27,696.89,699.53,702.07,704.30,705.90,707.43,709.64,712.32,715.19,718.07,721.06,723.79,726.22,728.69,730.84,732.78,734.60,736.45,738.85,743.25,749.22,755.93,761.16,764.32,766.90,769.82,773.92,778.27,783.20,787.71,790.88,793.69,796.32,798.94,801.42,803.28,805.12,807.38,810.10,813.23,816.21,819.69,823.53,827.62,831.85,836.20,841.33,846.64,850.45,853.93,857.18,860.95,865.96,871.37,875.72,880.28,885.64,891.62,898.55,904.72,910.63,917.50,923.27,928.63,933.64,938.34,943.28,948.17,952.68,956.73,960.42,963.89,967.59,971.68,976.37,981.82,986.03,989.29,991.92,994.60,997.21,999.86,1002.47,1004.84,1007.01,1009.41,1011.76,1013.82,1015.74,1018.86,1022.55,1026.54,1030.85,1035.24,1039.35,1043.09,1046.46,1049.83,1053.44,1057.65,1062.55,1067.77,1072.71,1077.68,1082.54,1086.77,1090.42,1093.48,1096.28,1098.92,1100.98,1102.47,1103.78,1105.22,1107.10,1109.22,1111.25,1113.10,1114.73,1116.17,1117.48,1118.19,1118.19,1118.09,1117.97,1118.13,1118.44,1118.66,1119.14,1119.88,1120.72,1121.57,1122.54,1123.72,1125.19,1127.07,1129.52,1131.94
555.00,555.00,555.00,555.00,555.00,555.00,555.00,555.00,555.00,555.00,555.00,555.00,555.00,555.00,555.00,555.00,555.00,555.00,555.00,555.00,555.00,555.00,555.00,555.00,555.00,555.00,555.00,555.00,555.00,555.00,555.00,555.00,555.00,555.00,555.00,555.00,555.00,555.00,555.00,555.00,555.00,555.00,555.00,555.00,555.00,555.00,555.00,555.00,555.00,555.00,555.00,555.00,555.00,555.00,555.00,555.00,555.00,555.00,555.18,556.65,560.13,564.14,570.38,577.96,585.72,591.76,596.62,600.01,602.39,604.17,605.46,606.13,606.39,606.34,606.13,606.11,606.09,606.08,606.18,606.32,606.74,607.14,607.41,608.08,609.27,610.60,612.23,614.89,617.59,619.61,621.24,622.99,624.88,626.46,627.99,629.38,629.88,630.25,630.77,631.52,632.71,635.42,637.89,640.57,644.07,647.64,651.70,656.00,660.11,663.24,666.47,670.08,674.13,678.48,681.87,685.01,687.89,690.44,692.95,695.75,698.59,701.18,703.10,704.88,706.84,709.12,711.83,714.88,718.18,721.20,723.82,726.36,728.88,731.12,733.13,735.16,737.85,742.05,747.77,754.60,760.38,763.58,766.11,768.90,772.48,776.26,780.18,783.92,787.09,789.57,791.96,794.50,797.06,799.10,801.10,803.54,806.45,809.72,813.00,816.70,820.83,825.34,829.98,834.63,839.14,843.42,847.38,851.17,854.63,858.25,862.81,868.92,873.92,878.82,884.25,890.34,897.42,904.07,910.23,916.25,921.60,926.93,932.03,936.69,941.36,946.24,950.74,954.68,958.14,961.29,964.67,968.50,973.15,979.06,983.23,986.25,988.59,990.65,992.75,994.74,996.59,998.39,1000.85,1003.95,1007.15,1010.02,1012.47,1015.54,1018.95,1022.69,1027.06,1031.46,1035.96,1040.18,1043.69,1046.93,1050.48,1054.60,1059.40,1064.80,1070.58,1076.22,1081.32,1085.35,1089.15,1092.27,1095.01,1097.54,1099.66,1101.10,1102.24,1103.50,1105.53,1108.61,1111.23,1113.62,1116.35,1118.70,1120.46,1121.46,1121.69,1121.71,1121.73,1122.25,1122.95,1123.08,1123.52,1124.15,1125.08,1126.42,1127.90,1129.45,1131.10,1132.79,1134.43,1135.95
555.00,555.00,555.00,555.00,555.00,555.00,555.00,555.00,555.00,555.00,555.00,555.00,555.00,555.00,555.00,555.00,555.00,555.00,555.00,555.00,555.00,555.00,555.00,555.00,555.00,555.00,555.00,555.00,555.00,555.00,555.00,555.00,555.00,555.00,555.00,555.00,555.00,555.00,555.00,555.00,555.00,555.00,555.00,555.00,555.00,555.00,555.00,555.00,555.00,555.00,555.00,555.00,555.00,555.00,555.00,555.00,555.00,555.00,556.40,558.31,560.51,565.11,572.32,580.25,587.99,594.91,599.94,603.54,606.37,608.86,611.06,612.40,613.69,614.97,615.11,615.18,614.98,614.43,613.63,613.23,613.07,613.04,613.16,613.74,615.18,616.88,618.71,621.11,623.74,625.92,627.73,629.39,630.87,632.31,633.56,634.43,634.70,634.62,634.34,634.15,634.57,635.38,636.25,637.74,640.39,643.14,646.51,649.95,653.26,656.70,660.54,664.23,667.85,671.64,675.61,680.16,683.99,686.53,689.06,691.76,694.57,697.38,700.02,702.33,704.41,706.60,709.13,711.93,715.27,718.71,721.91,724.49,727.12,729.46,731.67,734.10,736.73,739.94,745.13,752.57,759.05,762.50,765.09,767.77,770.91,774.30,777.53,780.40,782.79,784.88,787.04,789.50,792.25,794.94,797.42,800.08,803.13,806.74,810.46,814.78,819.45,824.25,828.92,833.50,837.48,841.02,844.93,849.16,853.10,856.91,861.29,867.63,873.14,878.42,884.02,890.20,896.68,903.07,909.11,914.53,919.39,924.57,929.72,934.50,939.06,943.63,948.09,952.22,955.55,958.44,961.76,965.61,970.05,975.44,979.95,983.29,985.58,987.58,989.12,990.36,991.43,992.59,994.64,997.35,1000.33,1003.51,1007.10,1011.11,1014.95,1018.71,1023.05,1027.45,1032.00,1036.49,1040.57,1043.98,1047.33,1051.08,1055.57,1061.05,1067.20,1073.22,1078.71,1083.19,1087.09,1090.38,1093.21,1095.54,1097.43,1098.77,1100.13,1101.65,1103.41,1106.88,1110.23,1113.27,1116.25,1119.21,1121.52,1123.41,1124.94,1126.02,1126.76,1127.35,1127.76,1127.81,1127.98,1128.41,1129.25,1130.60,1132.21,1133.80,1135.49,1137.12,1138.19,1139.03
555.00,555.00,555.00,555.00,555.00,555.00,555.00,555.00,555.00,555.00,555.00,555.00,555.00,555.00,555.00,555.00,555.00,555.00,555.00,555.00,555.00,555.00,555.00,555.00,555.00,555.00,555.00,555.00,555.00,555.00,555.00,555.00,555.00,555.00,555.00,555.00,555.00,555.00,555.00,555.00,555.00,555.00,555.00,555.00,555.00,555.00,555.00,555.00,555.00,555.00,555.00,555.00,555.00,555.00,555.00,555.00,555.09,555.74,557.69,559.60,561.34,566.58,574.65,582.93,590.64,597.98,602.94,606.76,610.13,613.29,616.14,618.06,620.00,621.97,622.51,622.80,622.68,622.09,621.05,620.33,619.71,619.29,619.23,619.50,620.93,622.80,624.81,627.01,629.46,631.69,633.67,635.47,636.94,638.32,639.40,639.98,640.09,639.79,639.05,638.14,637.61,636.87,636.55,637.08,638.67,640.50,642.93,645.40,647.93,651.19,654.88,658.44,661.87,665.48,669.57,674.33,678.41,681.39,684.83,687.60,690.26,693.10,696.22,699.18,701.77,704.16,706.57,709.13,712.43,716.14,719.81,722.66,725.39,727.85,730.28,732.99,735.59,738.24,742.93,750.26,756.76,760.81,763.75,766.39,769.24,772.23,774.97,777.26,778.97,780.69,782.60,784.93,787.81,791.18,794.23,797.25,800.55,804.45,808.55,813.44,818.57,823.52,828.08,832.35,835.91,839.11,843.05,847.76,852.17,856.27,860.69,867.29,873.00,878.39,883.99,890.11,895.87,901.69,907.45,912.66,917.18,922.07,927.11,931.96,936.49,941.04,945.53,949.69,952.98,955.77,959.08,962.92,967.17,971.96,976.52,980.18,982.77,984.77,985.92,986.58,987.06,987.74,989.36,991.61,994.32,997.62,1001.89,1006.48,1010.73,1014.71,1019.03,1023.40,1027.92,1032.53,1037.00,1040.76,1044.15,1047.67,1051.74,1056.95,1063.13,1069.50,1075.51,1080.49,1084.56,1088.03,1090.93,1093.15,1094.76,1095.88,1097.28,1099.00,1100.75,1104.24,1108.28,1112.09,1115.31,1118.80,1121.54,1124.09,1126.62,1128.62,1130.03,1130.88,1131.30,1131.43,1131.60,1132.00,1132.78,1134.12,1135.86,1137.27,1138.69,1140.01,1140.69,1141.10
555.00,555.00,555.00,555.00,555.00,555.00,555.00,555.00,555.00,555.00,555.00,555.00,555.00,555.00,555.00,555.00,555.00,555.00,555.00,555.00,555.00,555.00,555.00,555.00,555.00,555.00,555.00,555.00,555.00,555.00,555.00,555.00,555.00,555.00,555.00,555.00,555.00,555.00,555.00,555.00,555.00,555.00,555.00,555.00,555.00,555.00,555.00,555.00,555.00,555.00,555.00,555.00,555.00,555.00,555.00,555.01,555.35,557.49,558.82,560.06,562.78,568.74,577.36,586.03,593.85,600.85,605.53,609.68,613.73,617.46,620.42,622.73,624.66,626.21,627.19,627.93,628.36,628.48,628.23,627.56,626.70,625.99,625.60,625.25,626.29,628.01,630.05,632.28,634.52,636.60,638.65,640.84,642.87,644.25,645.28,645.95,645.79,645.59,644.78,643.34,641.54,639.96,639.13,638.93,639.29,640.13,641.45,643.13,645.13,647.45,649.76,652.81,656.60,660.81,664.34,667.40,670.59,674.54,680.02,683.16,685.65,688.29,691.47,695.18,698.69,701.68,704.04,706.48,709.72,713.44,717.32,720.77,723.62,726.29,728.97,731.74,734.44,737.32,741.63,747.69,753.22,758.29,762.01,764.69,767.44,769.93,772.45,774.59,775.98,777.38,779.00,781.13,784.05,787.99,791.67,795.25,798.95,803.06,807.43,812.70,818.09,823.03,827.34,831.04,834.38,837.73,841.86,847.09,851.92,856.32,861.04,867.99,873.55,878.63,883.96,889.81,894.84,899.87,905.17,910.63,915.03,919.51,924.22,929.03,933.62,938.61,943.21,947.15,950.49,953.41,956.71,960.46,964.59,968.86,972.96,976.84,980.16,982.06,983.08,983.47,983.62,984.11,985.38,987.39,989.98,993.23,997.40,1001.86,1006.33,1010.73,1015.06,1019.40,1023.84,1028.37,1032.88,1037.17,1040.97,1044.52,1048.13,1052.54,1058.38,1065.06,1071.71,1077.13,1081.52,1085.11,1088.09,1090.33,1091.63,1092.39,1093.51,1095.20,1097.41,1100.57,1105.13,1109.86,1113.51,1117.46,1120.48,1123.24,1126.06,1128.60,1130.47,1131.90,1132.92,1133.36,1133.94,1134.55,1135.41,1136.79,1138.71,1139.75,1140.49,1141.16,1141.65,1141.95
555.00,555.00,555.00,555.00,555.00,555.00,555.00,555.00,555.00,555.00,555.00,555.00,555.00,555.00,555.00,555.00,555.00,555.00,555.00,555.00,555.00,555.00,555.00,555.00,555.00,555.00,555.00,555.00,555.00,555.00,555.00,555.00,555.00,555.00,555.00,555.00,555.00,555.00,555.00,555.00,555.00,555.00,555.00,555.00,555.00,555.00,555.00,555.00,555.00,555.00,555.00,555.00,555.00,555.00,555.00,555.42,556.98,558.51,559.26,560.92,565.21,572.18,580.30,588.81,596.93,603.11,607.76,612.72,617.68,621.66,624.63,626.88,628.70,630.16,631.25,632.01,632.56,632.90,632.95,632.50,631.94,631.55,631.41,631.02,631.92,633.44,635.29,637.56,640.15,642.73,645.03,646.88,648.73,650.02,651.09,651.93,652.02,651.91,651.39,650.44,648.99,647.07,645.65,644.67,644.05,644.02,644.14,644.84,646.08,647.20,648.41,650.22,652.90,656.63,660.04,662.50,665.05,668.49,673.07,676.79,680.27,683.67,686.80,690.84,694.82,698.30,701.07,703.78,706.93,710.55,714.48,718.17,721.25,724.12,727.04,730.15,733.18,736.16,739.95,744.93,750.26,755.48,759.62,762.72,765.31,767.64,770.00,772.07,773.58,775.09,776.69,778.56,781.00,784.49,789.26,793.85,798.10,802.40,806.99,812.30,817.58,822.25,826.23,829.68,833.06,836.73,841.29,847.17,852.24,856.74,861.65,868.49,873.82,878.73,883.80,888.70,893.20,897.74,902.57,907.77,912.15,916.62,921.24,925.90,930.34,935.29,940.17,944.53,947.86,950.83,954.10,957.70,961.55,965.58,969.52,973.24,976.44,978.40,979.40,979.68,979.76,980.38,981.73,983.92,986.66,989.94,994.04,998.36,1002.80,1007.29,1011.70,1016.07,1020.51,1024.94,1029.29,1033.51,1037.66,1041.61,1045.35,1049.30,1054.50,1060.26,1066.46,1073.10,1077.84,1081.71,1084.82,1086.88,1087.97,1088.70,1089.67,1091.13,1093.33,1096.60,1101.06,1106.18,1111.33,1115.45,1118.83,1121.83,1124.57,1127.14,1129.33,1131.11,1132.48,1133.39,1134.45,1135.46,1136.68,1138.30,1139.86,1140.82,1141.50,1142.07,1142.57,1142.72
555.00,555.00,555.00,555.00,555.00,555.00,555.00,555.00,555.00,555.00,555.00,555.00,555.00,555.00,555.00,555.00,555.00,555.00,555.00,555.00,555.00,555.00,555.00,555.00,555.00,555.00,555.00,555.00,555.00,555.00,555.00,555.00,555.00,555.00,555.00,555.00,555.00,555.00,555.00,555.00,555.00,555.00,555.00,555.00,555.00,555.00,555.00,555.00,555.00,555.00,555.00,555.00,555.00,555.00,555.26,556.30,558.67,559.21,559.82,562.37,568.12,575.83,583.14,591.32,599.66,605.09,610.09,615.94,621.66,625.73,628.62,630.71,632.45,633.93,635.04,635.79,636.34,636.76,636.97,636.79,636.63,636.67,636.90,636.76,637.72,639.15,640.83,643.00,645.76,648.64,651.08,652.62,654.31,655.74,657.01,658.03,658.32,658.11,657.82,657.49,656.76,654.93,653.26,651.79,650.46,649.69,648.75,648.44,648.75,648.80,649.00,649.52,650.88,653.70,656.78,658.92,661.00,663.66,666.87,670.81,675.07,679.09,682.24,686.36,690.63,694.50,697.65,700.79,703.92,707.47,711.43,715.28,718.56,721.61,724.76,728.26,731.73,734.84,738.16,742.27,747.53,752.58,756.95,760.50,763.06,765.36,767.59,769.65,771.39,773.11,774.76,776.44,778.37,781.20,786.68,792.25,797.26,801.89,806.70,811.91,816.91,821.24,824.91,828.26,831.86,836.00,841.09,847.54,852.75,857.26,862.30,868.76,873.86,878.63,883.38,887.31,891.38,895.56,899.94,904.67,909.05,913.56,918.15,922.67,926.95,931.62,936.73,941.70,945.19,948.18,951.32,954.68,958.24,962.05,965.76,969.10,971.87,973.97,975.18,975.60,975.81,976.66,978.26,980.73,983.72,987.16,991.28,995.50,999.81,1004.22,1008.63,1012.99,1017.43,1021.82,1025.97,1029.95,1034.30,1038.65,1042.73,1046.45,1050.99,1055.68,1061.11,1068.36,1073.67,1077.93,1081.14,1082.94,1083.86,1084.74,1085.73,1087.01,1089.13,1092.65,1096.95,1102.25,1108.65,1112.96,1116.68,1119.90,1122.59,1125.09,1127.49,1129.54,1131.22,1132.61,1134.03,1135.38,1136.97,1138.87,1140.19,1141.22,1142.04,1142.71,1143.36,1143.51
555.00,555.00,555.00,555.00,555.00,555.00,555.00,555.00,555.00,555.00,555.00,555.00,555.00,555.00,555.00,555.00,555.00,555.00,555.00,555.00,555.00,555.00,555.00,555.00,555.00,555.00,555.00,555.00,555.00,555.00,555.00,555.00,555.00,555.00,555.00,555.00,555.00,555.00,555.00,555.00,555.00,555.00,555.00,555.00,555.00,555.00,555.00,555.00,555.00,555.00,555.00,555.00,555.00,555.00,556.37,558.40,559.27,559.58,561.41,565.36,571.66,578.85,585.49,593.24,601.39,606.76,613.06,619.63,625.42,629.33,631.95,634.00,635.81,637.39,638.64,639.52,640.16,640.67,641.08,641.13,641.21,641.44,641.85,642.44,643.80,645.52,647.34,648.97,650.76,652.69,654.68,656.69,659.01,661.41,663.38,664.46,664.31,663.36,662.72,662.49,662.21,661.38,660.64,659.68,658.25,657.03,655.60,654.37,653.56,653.13,652.34,652.15,652.83,654.45,656.07,657.68,659.61,662.13,665.18,668.05,671.15,674.50,677.91,681.76,686.19,690.21,693.20,696.88,700.26,703.96,708.11,712.13,715.37,718.52,721.92,725.72,729.76,733.14,736.40,740.13,744.93,749.66,753.96,757.71,760.69,763.10,765.28,767.36,769.32,771.15,772.87,774.61,776.50,778.87,783.37,789.39,795.73,801.14,806.26,811.18,815.71,819.71,823.31,826.76,830.86,835.77,841.48,848.12,853.31,857.81,862.82,868.45,873.38,877.99,882.27,885.76,889.51,893.48,897.53,901.59,905.88,910.26,914.77,919.36,923.58,927.67,932.68,938.19,942.47,945.45,948.22,951.18,954.41,957.81,960.82,963.40,965.65,967.99,970.01,971.20,971.93,973.02,975.05,977.77,981.04,984.93,989.42,993.64,997.72,1001.78,1005.96,1010.08,1014.46,1018.90,1023.05,1026.77,1030.85,1035.26,1039.79,1043.80,1047.93,1052.23,1056.80,1061.99,1068.47,1073.35,1076.48,1077.99,1078.77,1080.05,1081.46,1082.99,1085.25,1089.05,1093.65,1098.91,1104.76,1109.53,1113.41,1116.85,1119.92,1122.48,1124.90,1127.16,1129.22,1130.95,1132.31,1133.66,1135.34,1137.49,1139.49,1140.80,1141.80,1142.75,1143.78,1144.38
555.00,555.00,555.00,555.00,555.00,555.00,555.00,555.00,555.00,555.00,555.00,555.00,555.00,555.00,555.00,555.00,555.00,555.00,555.00,555.00,555.00,555.00,555.00,555.00,555.00,555.00,555.00,555.00,555.00,555.00,555.00,555.00,555.00,555.00,555.00,555.00,555.00,555.00,555.00,555.00,555.00,555.00,555.00,555.00,555.00,555.00,555.00,555.00,555.00,555.00,555.00,555.24,556.34,556.64,557.86,559.46,559.84,561.05,563.95,568.56,574.83,581.60,588.33,595.75,603.26,608.94,616.24,623.18,628.73,632.12,634.67,636.93,639.09,641.09,642.56,643.57,644.32,644.92,645.39,645.64,645.89,646.23,646.73,647.62,648.81,650.27,651.87,653.27,654.66,656.42,658.67,661.45,664.38,667.22,669.39,670.38,669.90,668.56,667.75,667.60,667.58,667.36,667.12,666.34,664.71,663.49,662.18,660.76,659.32,658.01,656.35,655.53,655.63,656.43,657.28,658.80,660.89,663.48,666.37,669.19,672.02,674.89,677.83,681.48,685.29,688.63,691.30,694.73,697.71,700.91,704.63,708.57,712.07,715.41,718.94,723.06,727.36,731.02,734.42,737.99,742.38,746.84,751.04,754.82,757.97,760.65,762.93,765.02,767.05,768.98,770.93,772.88,774.84,777.01,780.41,786.31,793.33,799.26,804.52,809.25,813.58,817.60,821.55,825.45,830.13,835.68,841.77,848.25,853.34,857.79,862.61,867.70,872.50,876.98,881.04,884.37,887.81,891.41,895.08,898.71,902.76,906.98,911.33,915.76,920.10,924.16,928.84,934.06,938.86,942.56,945.41,948.00,950.77,953.65,956.22,958.41,960.36,962.54,964.58,966.23,967.63,969.17,971.56,974.63,978.41,982.95,987.61,991.76,995.69,999.60,1003.63,1007.62,1011.84,1016.22,1020.53,1024.28,1028.12,1032.33,1036.85,1041.03,1045.00,1048.99,1052.97,1057.11,1062.85,1067.75,1070.98,1072.22,1072.66,1073.83,1075.66,1078.05,1081.04,1085.68,1091.00,1096.36,1101.33,1105.88,1109.89,1113.44,1116.53,1119.24,1121.86,1124.27,1126.46,1128.40,1130.01,1131.57,1133.29,1135.31,1137.46,1139.38,1140.92,1142.16,1143.37,1144.37
555.00,555.00,555.00,555.00,555.00,555.00,555.00,555.00,555.00,555.00,555.00,555.00,555.00,555.00,555.00,555.00,555.00,555.00,555.00,555.00,555.00,555.00,555.00,555.00,555.00,555.00,555.00,555.00,555.00,555.00,555.00,555.00,555.00,555.00,555.00,555.00,555.00,555.00,555.00,555.00,555.00,555.00,555.00,555.00,555.00,555.00,555.00,555.00,555.00,555.00,555.12,555.88,558.38,559.08,559.51,560.08,560.79,563.40,567.14,571.87,577.74,584.23,591.42,598.54,605.22,611.54,619.56,626.54,631.57,634.32,636.98,639.69,642.44,644.98,646.68,647.83,648.70,649.39,649.86,650.23,650.58,650.98,651.50,652.34,653.02,653.89,655.10,656.57,658.08,660.24,663.15,666.71,670.10,673.00,675.08,675.92,675.25,673.83,673.04,672.98,673.14,673.20,673.14,672.31,670.45,669.45,668.58,667.43,665.81,663.55,661.11,659.62,659.08,659.29,659.89,661.58,664.03,666.94,669.79,673.24,676.43,679.05,681.20,684.63,687.43,689.73,692.03,694.68,696.86,699.16,701.95,705.42,709.00,712.32,715.85,720.28,724.66,728.58,732.22,735.82,739.88,744.15,748.23,751.91,755.08,758.05,760.48,762.61,764.63,766.65,768.95,771.22,773.38,775.56,777.95,783.24,790.27,796.55,801.80,806.39,810.73,815.06,819.73,824.31,829.59,835.61,841.90,847.98,852.90,857.29,861.83,866.61,871.27,875.67,879.66,883.01,886.17,889.34,892.58,895.97,899.73,903.78,907.89,912.04,916.54,920.89,925.18,929.66,934.69,939.38,942.63,945.03,947.29,949.65,951.96,954.05,955.88,957.70,959.30,961.13,963.14,965.23,967.90,971.39,975.85,981.12,985.78,989.82,993.69,997.57,1001.52,1005.46,1009.46,1013.70,1018.25,1022.22,1025.89,1029.74,1033.94,1038.18,1042.12,1045.82,1049.46,1053.24,1057.16,1061.58,1064.92,1066.01,1066.05,1066.82,1069.05,1072.59,1076.73,1082.49,1088.74,1094.31,1098.32,1102.22,1106.24,1109.78,1112.68,1115.54,1118.41,1120.92,1123.13,1125.25,1127.30,1129.18,1130.90,1132.55,1134.49,1137.12,1139.37,1140.97,1142.35,1143.72
555.00,555.00,555.00,555.00,555.00,555.00,555.00,555.00,555.00,555.00,555.00,555.00,555.00,555.00,555.00,555.00,555.00,555.00,555.00,555.00,555.00,555.00,555.00,555.00,555.00,555.00,555.00,555.00,555.00,555.00,555.00,555.00,555.00,555.00,555.00,555.00,555.00,555.00,555.00,555.00,555.00,555.00,555.00,555.00,555.00,555.00,555.00,555.00,555.00,555.00,555.94,557.90,559.25,559.67,560.81,562.54,564.07,566.68,570.42,575.08,580.69,587.10,593.95,600.59,607.15,614.56,623.02,629.26,633.38,636.25,639.20,642.94,646.40,648.98,650.78,652.07,653.06,653.84,654.37,654.70,654.99,655.33,655.76,656.30,656.77,657.41,658.53,660.63,662.94,665.66,668.71,671.96,675.11,678.00,680.24,681.30,680.69,679.75,679.34,679.47,679.88,680.05,679.95,679.20,677.60,676.19,675.13,674.28,673.26,671.16,668.09,665.36,663.52,663.05,663.60,665.22,668.00,671.85,675.63,679.46,682.97,685.94,688.26,691.09,693.68,696.04,698.23,700.07,701.89,703.46,704.83,706.44,707.76,709.62,712.59,717.14,721.83,725.91,729.68,733.43,737.57,741.75,745.65,749.23,752.44,755.28,757.76,760.01,762.16,764.32,766.94,769.71,772.37,774.70,777.03,781.09,786.77,793.19,798.31,802.72,807.23,812.34,818.13,823.46,829.01,835.06,841.53,847.20,851.94,856.27,860.64,865.22,869.66,873.86,877.74,881.18,884.19,887.10,890.09,893.29,896.95,900.83,904.74,908.67,912.86,917.27,921.70,926.15,930.81,935.16,938.87,941.86,944.09,946.18,948.26,950.34,952.35,954.17,955.78,957.52,959.45,961.59,964.44,968.48,973.56,979.25,983.79,987.78,991.64,995.52,999.41,1003.30,1007.15,1011.22,1015.75,1020.13,1023.80,1027.39,1031.20,1035.25,1039.00,1042.52,1045.93,1049.33,1052.66,1056.06,1058.86,1060.32,1060.36,1061.22,1063.70,1067.81,1073.20,1079.51,1086.35,1092.24,1095.74,1099.17,1102.73,1106.02,1108.85,1111.43,1114.18,1116.89,1119.51,1122.03,1124.31,1126.25,1127.90,1129.37,1131.15,1133.66,1136.24,1138.66,1140.99,1142.75
555.00,555.00,555.00,555.00,555.00,555.00,555.00,555.00,555.00,555.00,555.00,555.00,555.00,555.00,555.00,555.00,555.00,555.00,555.00,555.00,555.00,555.00,555.00,555.00,555.00,555.00,555.00,555.00,555.00,555.00,555.00,555.00,555.00,555.00,555.00,555.00,555.00,555.00,555.00,555.00,555.00,555.00,555.00,555.00,555.00,555.00,555.00,555.12,555.85,556.09,557.29,559.54,560.38,561.33,563.38,566.02,568.13,570.65,574.21,578.61,583.86,590.10,596.55,602.84,609.44,617.62,626.03,631.53,635.06,638.34,642.16,646.47,650.14,652.68,654.66,656.20,657.44,658.40,659.07,659.47,659.78,660.12,660.56,661.01,661.55,662.18,663.22,665.43,668.07,670.96,673.97,677.03,680.02,682.86,685.17,686.42,686.06,685.57,685.42,685.64,686.14,686.34,686.18,685.59,684.48,683.10,682.03,681.30,680.51,678.56,675.31,671.82,668.93,667.58,667.81,669.60,672.90,677.50,681.94,685.88,689.49,692.70,695.24,697.85,700.62,703.34,705.65,707.04,708.42,709.26,709.44,709.49,708.90,709.29,711.13,714.68,718.97,723.07,726.90,730.63,734.63,738.89,742.88,746.48,749.73,752.54,755.03,757.35,759.61,762.15,765.28,768.56,771.65,774.08,776.49,779.64,784.00,789.90,794.76,799.09,803.94,809.97,816.84,822.71,828.25,834.08,840.73,845.97,850.52,854.82,859.12,863.54,867.81,871.82,875.55,879.04,882.01,884.80,887.60,890.60,894.09,897.76,901.46,905.19,909.10,913.41,917.93,922.51,927.01,931.01,934.93,938.35,940.73,942.66,944.56,946.60,948.74,950.69,952.51,954.30,956.18,958.39,961.32,965.81,971.36,977.24,981.80,985.71,989.44,993.18,997.05,1000.98,1004.78,1008.73,1013.16,1017.65,1021.47,1025.01,1028.53,1032.19,1035.69,1038.93,1041.98,1044.90,1047.81,1050.46,1052.83,1054.67,1055.29,1056.67,1059.43,1063.87,1070.32,1077.06,1083.97,1089.76,1093.12,1096.27,1099.40,1102.43,1105.21,1107.55,1110.10,1112.94,1115.92,1118.76,1121.22,1123.23,1124.88,1126.29,1127.93,1130.11,1132.63,1135.45,1138.60,1141.20
555.00,555.00,555.00,555.00,555.00,555.00,555.00,555.00,555.00,555.00,555.00,555.00,555.00,555.00,555.00,555.00,555.00,555.00,555.00,555.00,555.00,555.00,555.00,555.00,555.00,555.00,555.00,555.00,555.00,555.00,555.00,555.00,555.00,555.00,555.00,555.00,555.00,555.00,555.00,555.00,555.00,555.00,555.00,555.00,555.00,555.00,555.01,555.45,558.02,558.87,559.28,560.27,562.30,565.20,568.08,570.61,572.82,575.49,578.79,582.70,587.40,593.25,599.41,605.61,612.29,620.61,628.31,633.32,636.83,640.76,646.25,650.28,653.35,655.92,658.19,660.22,661.87,663.15,664.06,664.74,665.23,665.71,666.32,667.08,668.05,668.92,669.77,671.19,673.26,675.66,678.45,681.81,684.97,687.70,689.88,691.19,691.30,691.04,690.90,691.00,691.33,691.46,691.28,690.94,690.54,690.02,689.38,688.49,687.17,685.04,682.25,678.92,675.58,673.10,672.51,674.91,679.02,683.91,688.31,691.98,695.38,698.51,701.08,704.18,707.52,710.78,713.49,714.98,715.71,715.75,715.26,714.61,713.32,712.61,712.61,713.45,716.21,720.04,723.86,727.25,730.69,735.25,739.69,743.58,746.83,749.83,752.38,754.64,756.96,760.27,764.14,767.94,771.25,773.70,776.16,779.03,782.54,786.94,791.38,795.77,801.17,808.23,815.96,822.02,827.18,832.54,839.37,844.18,848.52,852.84,857.16,861.50,865.67,869.55,873.11,876.51,879.63,882.44,885.10,887.85,891.02,894.45,897.95,901.46,905.25,909.28,913.68,918.42,923.25,927.24,930.98,934.38,937.06,938.90,940.74,942.69,944.75,946.94,949.15,951.27,953.39,955.81,958.69,963.48,969.22,974.99,979.83,983.59,986.99,990.45,994.32,998.41,1002.32,1006.24,1010.45,1014.63,1018.71,1022.50,1025.90,1029.00,1032.13,1034.93,1037.39,1039.72,1042.13,1044.59,1046.89,1048.92,1050.97,1053.38,1056.53,1061.08,1068.24,1075.41,1081.63,1086.65,1090.31,1093.43,1096.33,1099.16,1101.85,1104.13,1106.48,1109.31,1112.45,1115.39,1118.04,1120.21,1121.98,1123.45,1125.01,1126.72,1128.67,1131.13,1134.70,1138.80
555.00,555.00,555.00,555.00,555.00,555.00,555.00,555.00,555.00,555.00,555.00,555.00,555.00,555.00,555.00,555.00,555.00,555.00,555.00,555.00,555.00,555.00,555.00,555.00,555.00,555.00,555.00,555.00,555.00,555.00,555.00,555.00,555.00,555.00,555.00,555.00,555.00,555.00,555.00,555.00,555.00,555.00,555.00,555.00,555.00,555.00,555.58,557.32,559.13,560.27,561.58,563.64,566.61,570.18,573.32,575.95,578.40,581.04,583.97,587.32,591.41,596.81,602.47,608.36,615.01,623.28,630.34,635.07,639.05,644.11,649.36,653.16,656.22,659.04,662.01,664.63,666.70,668.26,669.40,670.13,670.61,670.98,671.36,671.83,672.63,673.42,674.27,675.73,678.07,680.79,683.76,686.92,689.79,692.39,694.38,695.51,695.89,695.87,695.83,695.90,696.05,696.13,696.08,695.95,695.77,695.47,694.92,693.96,692.46,690.24,687.63,684.54,681.26,678.39,677.18,679.73,684.01,688.65,692.66,696.30,699.65,702.75,705.81,709.85,713.66,716.80,718.98,720.20,720.80,720.77,720.26,719.71,718.62,717.68,716.90,716.34,717.10,718.66,721.08,724.33,727.46,731.16,735.36,739.75,743.64,746.77,749.62,752.26,754.90,758.56,762.70,766.61,770.02,772.94,775.99,779.16,782.45,785.89,789.51,793.99,799.92,807.46,815.00,821.07,826.11,831.10,837.37,842.18,846.43,850.57,854.81,859.19,863.30,867.13,870.64,873.89,877.01,879.85,882.51,885.19,888.18,891.35,894.64,898.06,901.58,905.44,909.58,914.09,919.06,923.40,927.16,930.52,933.38,935.32,937.25,939.26,941.37,943.75,946.27,948.64,951.01,953.82,957.05,961.64,966.86,972.06,976.83,980.85,984.33,987.64,991.46,995.60,999.71,1003.76,1007.81,1011.84,1015.88,1019.68,1023.04,1025.98,1028.55,1030.84,1032.95,1035.02,1037.27,1039.48,1041.66,1043.97,1046.82,1050.12,1054.18,1059.44,1066.51,1073.38,1079.08,1083.68,1087.31,1090.49,1093.39,1096.19,1098.83,1100.92,1103.10,1105.76,1108.79,1111.79,1114.47,1116.76,1118.70,1120.35,1121.93,1123.43,1125.08,1127.24,1130.63,1134.95
555.00,555.00,555.00,555.00,555.00,555.00,555.00,555.00,555.00,555.00,555.00,555.00,555.00,555.00,555.00,555.00,555.00,555.00,555.00,555.00,555.00,555.00,555.00,555.00,555.00,555.00,555.00,555.00,555.00,555.00,555.00,555.00,555.00,555.00,555.00,555.00,555.00,555.00,555.00,555.00,555.00,555.00,555.00,555.04,555.43,555.62,556.70,559.52,560.34,561.88,564.49,568.05,571.79,575.62,578.90,581.72,584.39,586.87,589.42,592.25,595.70,600.35,605.35,610.95,617.55,625.52,632.03,636.82,641.55,647.57,652.06,655.70,658.97,662.21,665.96,669.18,671.65,673.47,674.76,675.50,675.93,676.15,676.20,676.26,676.73,677.38,678.32,680.10,682.90,686.08,689.26,692.12,694.61,697.01,698.88,699.96,700.55,700.65,700.64,700.64,700.62,700.64,700.69,700.68,700.51,700.21,699.64,698.66,697.14,694.96,692.40,689.53,686.42,683.37,681.61,684.03,688.18,692.44,696.11,699.80,703.19,706.43,710.18,715.00,719.02,721.85,723.40,724.38,725.05,725.24,724.98,724.72,723.99,723.03,721.87,720.47,719.46,718.62,719.39,722.26,725.01,727.48,730.97,735.41,739.79,743.38,746.68,749.79,752.81,756.73,761.09,765.05,768.41,771.70,775.30,779.02,782.50,785.33,788.23,792.87,799.23,806.92,814.04,819.97,824.93,829.61,835.09,840.01,844.23,848.20,852.31,856.71,860.82,864.64,868.14,871.25,874.34,877.20,879.88,882.56,885.45,888.39,891.50,894.82,898.09,901.75,905.58,909.75,914.67,919.37,923.32,926.74,929.75,931.94,934.05,936.15,938.36,941.02,943.81,946.40,949.00,952.09,955.70,959.89,964.34,968.86,973.36,977.64,981.32,984.61,988.36,992.61,996.93,1001.10,1005.02,1008.98,1012.93,1016.66,1020.02,1022.91,1025.03,1026.91,1028.78,1030.71,1032.84,1034.78,1036.86,1039.48,1042.95,1047.03,1051.97,1057.84,1064.49,1070.84,1076.16,1080.55,1084.17,1087.47,1090.45,1093.32,1095.94,1097.87,1099.89,1102.29,1105.06,1108.05,1110.76,1113.14,1115.22,1117.00,1118.66,1120.09,1121.64,1123.73,1127.02,1131.30
555.00,555.00,555.00,555.00,555.00,555.00,555.00,555.00,555.00,555.00,555.00,555.00,555.00,555.00,555.00,555.00,555.00,555.00,555.00,555.00,555.00,555.00,555.00,555.00,555.00,555.00,555.00,555.00,555.00,555.00,555.00,555.00,555.00,555.00,555.00,555.00,555.00,555.00,555.00,555.00,555.00,555.00,555.00,555.22,557.35,558.41,559.21,561.25,563.08,565.73,569.17,573.23,577.33,581.45,585.08,588.18,590.85,592.88,595.13,597.66,600.42,603.36,607.40,612.93,619.67,626.63,632.76,638.64,644.58,650.42,654.45,657.99,661.63,665.65,670.07,673.75,676.54,678.57,679.84,680.65,681.14,681.31,681.16,681.02,681.29,681.89,682.99,685.18,688.18,691.41,694.54,697.27,699.53,701.56,703.54,705.34,706.17,705.99,705.62,705.34,705.16,704.96,704.94,704.84,704.44,704.11,703.48,702.54,701.22,699.34,696.80,693.91,690.76,687.47,685.22,687.10,690.77,694.75,698.55,702.32,705.98,709.83,714.47,719.08,722.56,725.03,726.66,727.79,728.76,729.39,729.61,729.49,728.61,727.45,726.10,724.48,722.96,721.50,721.23,722.70,724.49,725.75,727.62,730.35,733.88,739.14,743.28,746.59,750.00,754.30,759.24,763.37,766.34,769.18,772.67,777.16,781.57,784.42,787.38,792.40,798.85,806.10,813.14,818.71,823.40,827.79,832.50,837.38,841.76,845.76,849.69,853.91,858.18,862.10,865.52,868.58,871.65,874.52,877.22,879.93,882.78,885.69,888.68,891.77,895.01,898.29,901.77,905.61,910.05,914.75,919.18,923.08,926.23,929.05,931.49,933.70,936.03,939.25,942.31,945.10,947.75,950.62,954.26,957.90,961.59,965.44,969.35,973.47,977.30,980.83,984.58,989.25,993.71,997.77,1001.59,1005.61,1009.62,1013.36,1016.65,1019.46,1021.73,1023.68,1025.45,1027.17,1028.99,1030.72,1032.80,1035.75,1039.89,1044.53,1049.61,1055.14,1060.99,1066.92,1072.13,1076.72,1080.82,1084.22,1087.37,1090.39,1093.13,1095.10,1097.01,1099.03,1101.32,1104.12,1106.92,1109.38,1111.42,1113.09,1114.91,1116.52,1118.41,1121.08,1125.19,1129.97
555.00,555.00,555.00,555.00,555.00,555.00,555.00,555.00,555.00,555.00,555.00,555.00,555.00,555.00,555.00,555.00,555.00,555.00,555.00,555.00,555.00,555.00,555.00,555.00,555.00,555.00,555.00,555.00,555.00,555.00,555.00,555.00,555.00,555.00,555.00,555.00,555.00,555.00,555.00,555.00,555.00,555.00,555.29,556.63,558.78,560.27,561.62,563.77,566.47,569.93,574.00,578.56,583.19,587.50,591.24,594.35,596.69,598.49,600.43,602.51,604.57,606.25,609.96,615.38,621.83,628.12,634.43,640.88,647.17,652.70,656.75,660.37,664.27,668.83,674.15,678.06,680.94,683.05,684.41,685.54,686.27,686.59,686.45,686.24,686.34,686.88,688.12,690.49,693.53,696.50,699.24,701.71,703.88,706.19,708.93,711.74,712.83,712.31,711.37,710.58,710.28,709.90,709.64,709.29,708.69,708.08,707.21,706.20,704.97,703.26,700.81,697.90,694.63,691.14,688.62,689.72,692.68,696.38,700.35,704.55,708.78,713.21,718.14,722.42,725.78,728.58,731.01,733.02,734.43,735.33,735.64,735.21,733.94,732.45,730.85,728.99,727.06,725.35,724.61,725.19,726.15,726.71,727.54,728.95,731.38,736.04,739.97,743.31,746.81,750.95,755.89,760.46,764.07,766.80,770.12,774.91,779.95,783.33,786.75,792.05,798.48,805.32,811.64,816.91,821.51,825.74,829.88,834.53,838.98,843.08,846.87,850.85,855.10,859.16,862.79,865.88,868.92,871.82,874.58,877.28,880.00,882.82,885.73,888.74,891.87,895.01,898.27,901.76,905.77,910.24,914.75,918.95,922.56,925.79,928.53,931.05,933.71,937.35,940.72,943.60,946.19,948.90,952.26,955.50,958.70,961.94,965.09,969.01,973.02,976.81,980.48,985.00,989.92,994.52,998.23,1002.11,1006.03,1009.66,1012.77,1015.29,1017.56,1019.67,1021.71,1023.76,1025.53,1027.32,1029.47,1032.51,1037.16,1042.22,1047.28,1052.31,1057.54,1062.73,1067.67,1072.28,1076.47,1080.29,1083.80,1087.06,1089.98,1092.34,1094.27,1096.07,1098.07,1100.62,1103.27,1105.74,1107.88,1109.72,1111.93,1114.30,1116.91,1120.16,1124.90,1129.92
555.00,555.00,555.00,555.00,555.00,555.00,555.00,555.00,555.00,555.00,555.00,555.00,555.00,555.00,555.00,555.00,555.00,555.00,555.00,555.00,555.00,555.00,555.00,555.00,555.00,555.00,555.00,555.00,555.00,555.00,555.00,555.00,555.00,555.00,555.00,555.00,555.00,555.00,555.00,555.00,555.00,555.11,555.98,558.77,559.84,561.50,563.96,566.93,570.34,574.40,578.97,584.00,589.16,593.53,597.20,600.11,602.02,603.82,605.53,607.18,608.63,609.59,613.25,618.35,624.08,629.95,636.73,643.30,649.35,654.62,658.99,662.82,666.91,671.89,678.11,682.15,684.98,687.14,688.69,690.21,691.27,691.81,691.82,691.66,691.68,692.23,693.53,695.89,698.82,701.34,703.54,705.79,708.14,711.21,715.01,718.79,720.11,719.28,717.69,716.26,715.80,715.29,714.68,714.01,713.26,712.22,711.05,709.87,708.60,706.94,704.59,701.64,698.22,694.57,691.93,692.08,694.14,697.58,701.76,706.63,711.62,716.56,721.32,725.29,728.95,732.55,736.12,739.32,741.28,742.36,742.58,741.64,739.95,738.08,736.13,734.00,731.71,729.97,729.13,729.25,729.59,729.89,730.21,730.75,731.99,734.42,737.31,740.38,743.63,747.15,751.56,756.56,761.41,764.54,767.75,772.49,777.86,782.15,786.26,791.69,797.98,804.42,809.64,814.63,819.26,823.46,827.25,831.55,835.97,840.13,843.84,847.57,851.64,855.86,859.89,863.12,866.14,869.08,871.94,874.64,877.18,879.83,882.65,885.66,888.62,891.80,894.96,898.17,901.80,905.87,910.15,914.49,918.70,922.16,925.25,928.19,931.29,935.16,938.81,941.72,944.18,946.77,949.71,952.73,955.68,958.42,960.79,964.42,968.56,972.64,976.17,980.17,985.68,991.14,994.93,998.55,1002.25,1005.63,1008.42,1010.54,1012.67,1014.98,1017.54,1020.32,1022.36,1024.47,1026.82,1029.82,1034.74,1040.00,1044.84,1049.31,1054.10,1058.45,1063.00,1067.45,1071.43,1075.77,1079.74,1083.30,1086.47,1089.39,1091.47,1093.28,1095.20,1097.49,1099.86,1102.32,1104.70,1107.01,1109.77,1113.26,1116.81,1120.61,1125.73,1130.75
555.00,555.00,555.00,555.00,555.00,555.00,555.00,555.00,555.00,555.00,555.00,555.00,555.00,555.00,555.00,555.00,555.00,555.00,555.00,555.00,555.00,555.00,555.00,555.00,555.00,555.00,555.00,555.00,555.00,555.00,555.00,555.00,555.00,555.00,555.00,555.00,555.00,555.00,555.00,555.00,555.00,555.98,557.85,559.57,561.26,563.68,566.75,570.37,574.60,579.41,584.48,589.57,594.35,598.53,601.90,604.61,606.96,609.39,611.60,613.55,615.16,616.42,618.76,622.20,626.59,631.85,638.43,644.79,650.92,656.90,661.28,665.03,669.62,675.50,681.45,685.88,689.18,691.66,693.36,694.83,695.65,696.01,696.13,696.28,696.71,697.53,698.87,700.87,703.38,705.62,707.91,710.98,714.84,718.52,722.14,725.35,726.59,725.89,724.13,722.21,721.22,720.56,719.75,718.87,718.04,717.04,715.82,714.51,713.04,711.08,708.55,705.48,702.00,698.34,695.54,694.59,695.65,698.86,703.44,708.85,714.37,719.63,724.30,728.51,732.81,736.92,740.49,743.68,746.11,747.76,748.49,748.00,746.81,744.81,742.34,739.75,737.48,735.70,734.57,734.25,734.62,735.07,735.39,735.63,736.08,736.98,738.31,740.08,742.31,744.94,748.16,752.16,756.97,762.09,765.86,770.43,775.83,781.17,785.58,790.80,796.57,802.35,807.23,811.84,816.39,820.78,824.68,828.72,832.81,836.76,840.41,844.00,847.91,852.08,856.27,859.94,863.16,866.21,869.16,872.00,874.57,877.09,879.61,882.19,884.99,888.24,891.58,894.88,898.22,901.79,905.83,910.13,914.40,918.33,921.80,925.02,928.22,931.88,935.48,938.41,940.84,943.30,946.04,949.32,952.49,955.08,957.27,960.24,964.05,968.29,972.13,976.07,981.09,986.58,991.58,995.23,998.44,1001.23,1003.50,1005.49,1007.42,1009.76,1012.69,1016.24,1019.28,1022.29,1025.32,1028.57,1032.95,1037.35,1041.48,1045.58,1050.27,1054.54,1058.76,1062.84,1066.64,1070.66,1074.71,1078.63,1082.24,1085.20,1087.74,1090.10,1092.39,1094.70,1097.13,1099.82,1102.70,1105.79,1109.24,1113.27,1117.41,1121.76,1126.89,1131.55
555.00,555.00,555.00,555.00,555.00,555.00,555.00,555.00,555.00,555.00,555.00,555.00,555.00,555.00,555.00,555.00,555.00,555.00,555.00,555.00,555.00,555.00,555.00,555.00,555.00,555.00,555.00,555.00,555.00,555.00,555.00,555.00,555.00,555.00,555.00,555.00,555.00,555.00,555.00,555.02,555.55,557.18,559.29,560.17,562.72,565.87,569.44,573.70,578.69,584.12,589.50,594.54,598.95,602.93,606.16,608.94,611.86,614.94,617.69,620.03,621.90,623.39,624.59,626.48,629.53,634.07,640.24,646.55,652.91,659.22,663.40,667.22,672.46,679.28,685.06,689.77,693.44,696.16,697.90,699.23,699.85,700.10,700.33,700.80,701.61,702.66,703.99,705.76,708.08,710.49,713.28,717.06,721.71,725.37,728.45,731.03,732.30,731.91,730.28,728.14,726.50,725.42,724.38,723.39,722.54,721.61,720.57,719.45,718.09,715.94,713.27,710.15,706.58,702.61,699.20,697.18,697.30,700.16,705.20,711.07,716.97,722.48,727.19,731.69,736.37,740.71,744.23,747.45,750.27,752.40,753.52,753.32,752.40,750.47,747.87,745.15,743.01,741.22,739.92,739.43,740.02,740.77,741.34,741.70,741.88,741.88,742.01,742.46,743.40,744.87,746.59,749.13,753.20,759.57,764.12,768.81,774.29,780.38,784.87,789.67,794.88,800.13,804.60,808.79,813.12,817.55,821.69,825.66,829.57,833.38,837.00,840.37,843.96,847.92,852.14,856.15,859.71,862.99,866.11,869.10,871.87,874.39,876.73,878.95,881.50,884.55,887.96,891.49,894.79,898.03,901.77,905.85,910.07,914.32,918.11,921.56,924.84,928.26,931.62,934.43,936.84,939.24,941.93,945.40,948.82,951.60,953.98,956.53,959.89,963.97,968.00,972.05,976.73,982.19,988.02,991.77,994.71,997.08,998.98,1000.91,1002.78,1005.27,1008.61,1012.85,1016.72,1020.47,1024.04,1027.40,1031.00,1034.51,1038.00,1041.73,1046.15,1050.47,1054.49,1058.28,1061.95,1065.59,1069.60,1073.73,1077.63,1080.62,1083.59,1086.49,1089.28,1091.94,1094.70,1097.75,1101.17,1105.05,1109.17,1113.54,1118.04,1122.71,1127.68,1132.07
555.00,555.00,555.00,555.00,555.00,555.00,555.00,555.00,555.00,555.00,555.00,555.00,555.00,555.00,555.00,555.00,555.00,555.00,555.00,555.00,555.00,555.00,555.00,555.00,555.00,555.00,555.00,555.00,555.00,555.00,555.00,555.00,555.00,555.00,555.00,555.00,555.00,555.00,555.00,555.07,557.05,558.75,559.64,560.82,564.09,567.76,571.79,576.76,582.39,588.08,593.48,598.41,602.80,606.62,610.07,613.38,616.83,620.39,623.49,626.11,628.19,629.47,630.21,631.24,633.17,636.86,642.44,649.09,655.80,661.48,665.25,669.47,675.51,683.17,689.34,694.04,697.72,700.48,702.08,703.26,703.97,704.36,704.67,705.41,706.40,707.47,708.75,710.63,713.24,716.59,720.38,724.34,728.10,730.66,732.97,735.34,736.92,737.03,735.90,733.94,731.61,729.62,728.26,727.29,726.47,725.51,724.97,724.62,723.95,721.91,719.25,716.22,712.51,707.69,702.88,699.88,699.18,701.45,707.01,713.24,719.35,725.04,730.03,734.69,739.13,743.31,747.14,750.83,753.95,756.22,757.32,756.83,755.50,753.86,751.95,749.70,747.71,745.99,744.82,744.60,745.57,746.69,747.84,748.87,749.51,749.50,749.21,748.71,748.11,748.04,747.97,748.68,751.23,757.04,762.49,767.83,773.57,779.88,784.14,788.32,793.01,798.00,801.71,805.46,809.35,813.47,817.97,822.16,826.20,830.11,833.75,836.79,839.75,843.25,847.37,851.44,855.48,859.22,862.63,865.72,868.91,871.69,874.11,876.26,878.40,880.75,883.97,887.84,891.49,894.75,898.07,901.71,905.85,910.08,914.05,917.73,921.14,924.45,927.27,929.76,932.14,934.63,937.41,940.78,944.36,947.80,950.83,953.49,956.40,959.76,963.64,967.94,972.93,978.49,984.15,988.00,991.12,993.53,995.32,997.31,999.34,1002.21,1006.09,1010.87,1015.02,1019.05,1022.77,1025.91,1028.55,1031.49,1034.59,1037.90,1041.67,1046.00,1050.04,1053.76,1057.32,1060.78,1064.67,1068.71,1072.57,1075.74,1079.02,1082.29,1085.61,1089.15,1092.58,1096.12,1100.10,1104.71,1109.36,1113.92,1118.47,1123.06,1127.74,1132.07
555.00,555.00,555.00,555.00,555.00,555.00,555.00,555.00,555.00,555.00,555.00,555.00,555.00,555.00,555.00,555.00,555.00,555.00,555.00,555.00,555.00,555.00,555.00,555.00,555.00,555.00,555.00,555.00,555.00,555.00,555.00,555.00,555.00,555.00,555.00,555.00,555.00,555.00,555.00,555.08,557.45,559.17,559.78,561.24,564.91,569.27,574.06,579.56,585.48,591.21,596.62,601.65,606.21,610.15,613.79,617.49,621.55,625.31,628.22,630.64,632.73,634.13,635.22,636.45,638.24,641.30,645.94,652.09,658.40,663.34,667.00,672.03,678.97,687.10,693.11,697.56,701.02,703.70,705.44,706.72,707.79,708.65,709.30,710.19,711.23,712.30,713.54,715.53,718.74,722.61,726.44,729.58,732.47,734.59,736.73,739.06,740.59,740.96,740.22,738.76,737.21,735.76,734.76,734.04,733.42,732.62,732.08,731.48,730.48,728.65,726.17,723.06,719.23,714.43,709.25,705.26,703.27,704.20,708.70,714.67,721.02,727.10,732.21,736.82,741.22,745.50,749.72,754.10,757.58,760.01,761.18,760.69,758.80,756.93,755.21,753.41,751.75,750.48,749.81,750.06,751.55,753.15,754.64,755.87,756.57,756.62,756.24,755.42,754.18,753.22,752.33,752.28,753.70,757.16,762.13,767.61,773.41,779.40,783.44,787.25,791.44,795.88,799.20,801.93,804.95,808.75,813.62,817.92,822.04,826.12,830.08,833.45,836.30,839.32,842.75,846.50,850.59,854.46,858.05,861.44,864.90,868.19,871.13,873.61,875.73,877.88,880.61,884.00,887.78,891.33,894.59,897.95,901.77,905.87,909.97,913.76,917.16,920.39,923.21,925.75,928.15,930.63,933.37,936.71,940.45,944.26,947.44,950.12,953.00,956.31,960.03,964.26,969.22,974.68,980.10,984.15,987.50,990.40,992.86,995.00,997.17,1000.13,1004.09,1009.12,1013.44,1017.35,1020.81,1023.65,1025.90,1028.50,1031.35,1034.43,1037.88,1041.82,1045.75,1049.57,1053.28,1056.88,1060.57,1064.45,1068.39,1071.78,1075.17,1078.63,1082.35,1086.66,1091.10,1095.23,1099.49,1104.24,1108.95,1113.61,1118.22,1122.82,1127.43,1131.84
555.00,555.00,555.00,555.00,555.00,555.00,555.00,555.00,555.00,555.00,555.00,555.00,555.00,555.00,555.00,555.00,555.00,555.00,555.00,555.00,555.00,555.00,555.00,555.00,555.00,555.00,555.00,555.00,555.00,555.00,555.00,555.00,555.00,555.00,555.00,555.00,555.00,555.00,555.00,555.08,557.17,558.89,559.82,561.52,565.48,570.53,576.13,582.11,588.19,593.87,599.31,604.52,609.37,613.56,617.50,621.56,626.00,629.66,632.26,634.48,636.71,638.67,640.38,642.04,643.88,646.34,649.91,655.23,660.92,665.35,669.17,675.09,682.70,690.84,696.51,700.69,703.95,706.57,708.55,710.07,711.59,712.95,714.02,715.05,716.13,717.25,718.62,720.83,724.46,728.44,731.87,734.05,736.19,738.16,740.32,742.57,743.93,744.46,744.08,743.25,742.77,742.18,741.66,741.22,740.81,740.23,739.60,738.57,737.11,735.45,733.11,729.91,726.04,721.54,716.42,711.79,708.63,707.98,710.82,716.20,722.63,729.02,734.11,738.63,743.00,747.48,752.23,757.24,761.06,763.72,765.12,764.84,762.58,760.37,758.60,757.11,755.84,755.16,755.07,755.79,757.68,759.68,761.48,762.92,763.76,763.94,763.61,762.70,761.11,759.48,758.00,757.42,757.85,758.85,762.69,767.84,773.49,779.03,782.88,786.40,790.08,793.86,796.89,798.63,800.78,804.09,808.96,813.35,817.53,821.71,825.90,829.73,832.90,835.71,838.46,841.75,845.62,849.42,853.08,856.72,860.35,864.23,867.85,870.82,873.22,875.36,877.64,880.38,884.04,887.78,891.11,894.31,897.82,901.74,905.85,909.67,913.04,916.24,919.25,921.96,924.48,926.95,929.62,932.91,936.74,940.75,943.88,946.58,949.56,952.96,956.60,960.65,965.35,970.56,975.91,980.18,983.79,987.18,990.37,993.00,995.37,998.29,1002.14,1007.11,1011.52,1015.20,1018.36,1021.03,1023.17,1025.55,1028.22,1031.14,1034.37,1037.91,1041.74,1045.69,1049.63,1053.44,1056.97,1060.68,1064.61,1068.14,1071.59,1075.21,1079.31,1084.35,1089.87,1094.57,1098.97,1103.60,1108.21,1112.87,1117.52,1122.15,1126.83,1131.40
555.00,555.00,555.00,555.00,555.00,555.00,555.00,555.00,555.00,555.00,555.00,555.00,555.00,555.00,555.00,555.00,555.00,555.00,555.00,555.00,555.00,555.00,555.00,555.00,555.00,555.00,555.00,555.00,555.00,555.00,555.00,555.00,555.00,555.00,555.00,555.00,555.00,555.00,555.00,555.02,555.70,557.45,559.79,561.57,565.76,571.35,577.60,584.08,590.23,595.81,601.28,606.82,612.13,616.75,621.37,625.92,629.76,632.60,635.09,637.69,640.74,644.49,646.85,648.49,649.93,651.64,654.01,658.25,663.45,668.40,673.01,679.63,686.93,693.78,699.12,703.30,706.66,709.43,711.70,713.81,715.65,717.30,718.80,720.00,721.14,722.63,724.70,727.57,730.64,733.60,736.19,738.15,739.96,742.03,744.18,746.09,747.23,747.79,747.84,747.64,747.53,747.23,746.85,746.49,746.19,745.75,745.32,744.54,743.25,741.44,739.00,735.91,732.23,727.93,723.32,719.36,716.04,713.92,714.72,719.01,724.93,731.04,735.80,740.21,744.45,749.21,754.87,760.06,764.04,767.14,769.24,769.68,767.89,765.58,763.43,761.87,761.00,760.83,761.19,762.14,763.80,765.83,768.08,770.34,772.14,772.63,772.42,771.47,769.53,767.30,764.93,763.33,762.79,763.10,765.14,768.87,773.75,779.00,782.78,786.07,789.18,792.16,794.83,796.48,798.18,800.48,803.89,808.44,812.72,816.63,820.40,824.28,828.72,832.41,835.08,838.02,841.19,844.54,847.97,851.43,855.08,859.51,863.83,867.44,870.70,873.05,875.29,877.79,880.63,883.91,887.26,890.65,894.14,897.85,901.64,905.29,908.73,912.11,915.26,918.25,921.10,923.77,926.42,929.48,933.10,937.06,940.03,942.86,945.84,949.12,952.89,956.82,960.75,965.45,971.40,975.86,979.73,983.10,986.33,990.60,993.33,996.20,999.74,1003.94,1008.15,1011.73,1014.96,1017.96,1020.31,1022.70,1025.29,1028.07,1031.06,1034.68,1038.60,1042.65,1046.77,1050.70,1054.31,1057.77,1061.17,1064.61,1068.11,1072.01,1076.60,1082.35,1088.76,1093.86,1098.22,1102.51,1106.92,1111.43,1115.97,1120.59,1125.54,1130.48
555.00,555.00,555.00,555.00,555.00,555.00,555.00,555.00,555.00,555.00,555.00,555.00,555.00,555.00,555.00,555.00,555.00,555.00,555.00,555.00,555.00,555.00,555.00,555.00,555.00,555.00,555.00,555.00,555.00,555.00,555.00,555.00,555.00,555.00,555.00,555.00,555.00,555.00,555.00,555.00,555.00,556.77,559.72,561.31,565.88,571.95,578.65,585.46,591.51,596.84,602.46,608.60,614.42,619.64,624.70,629.31,632.56,635.07,638.09,641.63,645.54,649.46,651.86,653.44,654.68,656.11,658.76,662.92,667.87,672.79,677.41,683.98,690.67,696.44,701.41,705.64,709.12,712.04,714.60,717.00,718.95,720.70,722.39,723.87,725.40,727.40,730.05,733.28,735.80,737.83,739.64,741.48,743.49,745.81,747.91,749.48,750.64,751.35,751.76,752.01,752.21,752.12,751.82,751.50,751.22,750.85,750.52,749.89,748.74,747.00,744.79,741.94,738.47,734.42,730.15,726.16,722.57,719.89,719.50,722.15,726.89,732.49,737.29,741.59,745.66,750.70,757.26,762.67,767.23,771.15,774.05,774.84,773.76,772.18,770.67,769.43,768.27,767.45,767.43,768.54,770.52,772.64,774.71,776.74,778.61,779.19,779.01,778.15,776.45,774.35,771.70,769.40,767.97,767.71,768.45,770.92,774.82,779.39,782.64,785.58,788.30,790.72,793.07,794.81,796.48,798.37,800.89,804.85,808.80,812.27,815.35,819.31,823.55,827.34,830.60,834.04,836.98,840.16,843.57,846.89,850.41,854.51,858.98,863.52,867.43,870.34,872.88,875.30,877.73,880.59,883.77,887.13,890.57,894.05,897.46,900.78,904.00,907.10,910.29,913.56,916.86,920.09,922.83,926.17,930.16,934.43,937.65,940.80,944.27,948.12,952.15,955.87,959.26,963.29,968.67,972.99,977.03,980.59,983.95,988.36,991.26,994.19,997.50,1001.07,1004.93,1008.45,1011.83,1015.13,1017.88,1020.52,1023.21,1025.97,1028.82,1032.29,1036.07,1040.03,1044.16,1048.22,1051.88,1055.26,1058.49,1061.87,1065.43,1069.33,1074.15,1080.84,1087.58,1092.75,1097.02,1101.09,1105.39,1109.84,1114.21,1118.59,1123.39,1128.99
555.00,555.00,555.00,555.00,555.00,555.00,555.00,555.00,555.00,555.00,555.00,555.00,555.00,555.00,555.00,555.00,555.00,555.00,555.00,555.00,555.00,555.00,555.00,555.00,555.00,555.00,555.00,555.00,555.00,555.00,555.00,555.00,555.00,555.00,555.00,555.00,555.13,555.26,555.26,555.27,555.27,556.93,559.62,560.87,565.87,572.33,579.29,586.28,592.14,597.15,602.96,609.90,616.30,622.19,627.44,631.75,634.54,637.22,641.27,646.09,650.71,653.52,655.54,657.13,658.48,660.10,664.07,668.84,673.62,678.05,682.07,687.92,693.81,698.78,703.42,707.72,711.32,714.37,717.20,719.59,721.50,723.22,724.94,726.75,728.88,731.44,734.45,737.73,739.82,741.16,742.38,744.13,746.69,749.31,751.34,752.67,754.06,755.03,755.75,756.34,756.81,756.91,756.74,756.48,756.16,755.80,755.45,754.79,753.68,752.15,750.40,747.90,744.72,741.00,736.99,732.43,728.44,725.87,724.93,725.66,728.72,733.53,738.62,742.79,746.75,752.08,759.45,765.13,770.63,775.56,779.10,779.93,779.64,779.36,779.17,778.58,776.72,774.53,773.58,774.76,777.38,779.59,781.03,782.06,783.32,783.79,783.55,782.86,781.80,780.34,777.97,775.40,773.28,772.47,772.44,773.86,776.61,780.18,782.51,784.98,787.41,789.54,791.62,793.54,795.48,797.49,799.69,802.54,805.83,808.77,811.10,815.07,817.98,821.20,825.38,829.86,832.95,836.22,839.78,843.07,846.36,849.49,853.63,859.08,863.45,867.21,870.29,872.82,875.20,877.76,880.62,883.72,886.98,890.22,893.28,896.24,899.05,901.57,904.67,908.25,912.20,916.29,919.27,923.42,928.28,933.05,936.83,940.40,944.68,949.53,953.87,957.40,960.53,963.87,967.87,971.90,976.08,980.02,983.56,986.84,989.68,992.70,995.89,999.02,1002.47,1005.96,1009.48,1012.96,1016.12,1019.16,1022.07,1024.88,1027.68,1030.75,1034.18,1037.88,1041.84,1045.97,1049.62,1053.05,1056.42,1059.80,1063.43,1067.18,1072.05,1079.73,1086.30,1091.30,1095.46,1099.42,1103.71,1108.16,1112.37,1116.34,1120.64,1127.01
555.00,555.00,555.00,555.00,555.00,555.00,555.00,555.00,555.00,555.00,555.00,555.00,555.00,555.00,555.00,555.00,555.00,555.00,555.00,555.00,555.00,555.00,555.00,555.00,555.00,555.00,555.00,555.00,555.00,555.00,555.00,555.00,555.00,555.00,555.00,555.00,556.31,557.51,557.59,557.63,557.61,558.34,559.65,560.83,565.77,572.31,579.38,586.34,592.17,597.24,603.27,610.69,617.70,623.99,629.13,633.12,636.02,639.26,644.35,649.69,653.80,656.51,658.79,661.02,663.33,665.87,669.61,673.74,677.85,681.78,685.65,690.53,695.51,700.16,704.87,709.25,712.97,716.17,719.06,721.36,723.27,725.07,726.89,728.87,731.25,733.81,736.54,739.62,741.66,743.21,744.70,746.52,748.80,751.29,753.53,755.30,756.82,758.13,759.28,760.29,761.06,761.53,761.88,761.97,761.67,761.41,760.88,759.86,758.36,756.63,754.88,752.84,750.41,747.48,744.05,739.80,735.73,732.57,730.58,730.24,731.77,735.04,739.80,743.99,748.37,754.13,761.67,767.63,774.07,779.03,781.70,782.68,782.69,782.70,782.75,782.40,781.10,779.49,778.72,779.50,781.40,783.22,784.59,785.68,786.90,787.37,787.06,786.30,785.26,783.94,782.12,780.16,778.38,777.18,776.95,777.58,779.02,781.31,783.04,784.67,786.50,788.65,790.86,792.86,794.88,796.98,799.11,801.63,804.45,807.14,809.59,812.85,815.45,818.25,821.80,826.08,829.25,832.56,836.18,839.74,843.08,846.00,849.37,853.78,858.93,863.40,867.02,869.99,872.64,875.10,877.61,880.19,882.86,885.63,888.99,892.17,894.90,897.51,900.21,904.50,909.88,914.90,918.61,924.32,930.15,934.51,938.31,942.23,946.57,951.24,955.70,959.57,962.92,966.29,970.36,975.37,979.87,983.90,987.34,989.78,991.97,994.65,997.74,1000.83,1004.41,1007.78,1010.97,1014.09,1017.11,1020.04,1022.81,1025.45,1028.15,1030.91,1033.79,1036.92,1040.42,1044.02,1047.47,1050.90,1054.40,1057.96,1061.74,1065.90,1071.16,1078.59,1084.75,1089.68,1093.88,1097.73,1101.98,1106.52,1110.78,1114.66,1118.61,1124.51
555.00,555.00,555.00,555.00,555.00,555.00,555.00,555.00,555.00,555.00,555.00,555.00,555.00,555.00,555.00,555.00,555.00,555.00,555.00,555.00,555.00,555.00,555.00,555.00,555.00,555.00,555.00,555.00,555.00,555.00,555.00,555.00,555.00,555.00,555.09,555.72,557.74,559.52,559.96,560.13,559.76,559.52,559.74,561.00,565.77,572.17,579.15,586.08,592.00,597.13,603.35,611.18,618.83,625.34,630.34,634.12,637.29,641.19,646.85,652.33,656.12,659.07,661.67,664.43,667.47,670.57,673.77,677.21,680.76,684.32,688.07,692.20,696.51,701.01,705.97,710.48,714.37,717.71,720.55,722.74,724.70,726.60,728.52,730.51,732.94,735.44,737.93,740.55,742.45,744.28,746.18,748.15,750.29,752.72,755.19,757.46,759.26,760.95,762.52,763.92,765.01,765.80,766.53,766.92,766.76,766.63,766.02,764.90,763.30,761.42,759.49,757.69,755.82,753.52,750.66,747.02,743.22,739.71,736.85,735.52,735.61,737.31,741.26,745.30,750.38,756.72,764.07,770.20,776.94,781.65,783.70,784.91,785.15,785.26,785.32,785.08,784.32,783.42,782.97,783.41,784.60,786.05,787.82,789.72,791.25,791.93,791.65,790.66,789.12,787.36,785.74,784.27,782.91,781.63,781.29,781.32,781.80,783.08,784.27,785.15,786.35,788.26,790.42,792.43,794.48,796.61,798.74,801.14,803.67,806.26,808.91,811.58,814.11,816.65,819.50,823.19,826.41,829.62,833.05,836.76,840.19,843.07,845.85,849.22,854.41,859.28,863.26,866.43,869.28,872.11,874.52,876.73,878.97,881.29,884.58,888.08,891.45,894.75,897.54,902.73,909.40,914.86,919.37,926.00,932.25,936.33,940.14,944.20,948.45,952.86,957.41,961.56,965.19,968.91,973.54,979.41,984.18,988.06,991.12,993.11,994.92,997.42,1000.47,1003.63,1007.27,1010.49,1013.39,1016.19,1019.07,1021.90,1024.50,1026.92,1029.40,1031.76,1034.12,1036.70,1039.69,1042.71,1045.84,1049.10,1052.53,1056.25,1060.14,1064.76,1070.40,1077.28,1083.07,1087.90,1092.12,1095.97,1100.12,1104.70,1109.10,1113.08,1116.85,1122.04
555.00,555.00,555.00,555.00,555.00,555.00,555.00,555.00,555.00,555.00,555.00,555.00,555.00,555.00,555.00,555.00,555.00,555.00,555.00,555.00,555.00,555.00,555.00,555.00,555.00,555.00,555.00,555.00,555.00,555.00,555.00,555.00,555.00,555.00,555.34,557.85,559.26,560.29,561.61,562.03,560.71,559.76,559.94,561.42,566.00,571.93,578.55,585.54,591.64,596.71,603.03,611.29,619.56,626.13,631.00,634.78,638.38,642.95,648.25,653.43,657.78,661.21,664.02,666.87,669.80,672.48,675.16,678.27,681.66,685.10,688.63,692.56,696.72,701.24,706.63,711.35,715.46,718.96,721.58,723.69,725.73,727.78,729.76,731.51,733.72,736.29,738.84,740.62,742.09,743.95,746.14,748.43,750.98,753.67,756.34,758.89,761.32,763.46,765.36,767.07,768.52,769.44,770.11,770.57,770.79,770.79,770.42,769.82,768.86,767.09,764.79,762.77,760.90,758.73,756.27,753.48,750.53,747.46,744.22,741.74,740.51,740.84,743.33,746.85,752.96,760.12,766.83,772.92,778.67,782.96,785.50,787.06,787.59,787.81,787.87,787.63,786.93,786.17,785.86,786.30,787.32,788.61,791.52,795.32,797.55,798.83,798.75,797.32,794.50,791.37,789.19,787.62,786.45,785.63,785.10,784.83,785.02,785.96,786.57,787.06,787.72,788.78,790.31,792.26,794.31,796.37,798.54,800.91,803.45,806.09,808.76,811.35,813.90,816.42,818.99,821.88,825.13,827.99,830.79,834.27,837.78,840.63,843.35,846.42,850.11,854.85,858.79,861.64,864.35,868.38,871.25,873.43,875.77,877.72,880.00,883.75,889.03,894.00,897.87,904.23,911.62,916.51,921.75,927.71,933.27,937.70,941.70,945.59,949.72,954.20,958.88,962.97,966.81,971.15,976.73,982.76,987.58,991.00,993.21,995.39,997.64,1000.41,1003.58,1006.86,1010.20,1013.23,1016.07,1018.89,1021.86,1024.79,1027.31,1029.45,1031.53,1033.31,1035.25,1037.46,1039.93,1042.51,1045.21,1047.97,1050.95,1054.68,1058.59,1063.53,1069.41,1075.67,1081.24,1085.87,1090.03,1094.04,1098.00,1102.53,1107.14,1111.48,1115.33,1119.86
555.00,555.00,555.00,555.00,555.00,555.00,555.00,555.00,555.00,555.00,555.00,555.00,555.00,555.00,555.00,555.00,555.00,555.00,555.00,555.00,555.00,555.00,555.00,555.00,555.00,555.00,555.00,555.00,555.00,555.00,555.00,555.00,555.00,555.43,557.03,558.97,560.36,562.26,565.03,566.23,564.82,562.77,561.39,562.33,566.44,571.79,577.86,584.60,590.90,596.16,602.60,611.04,619.81,626.38,631.14,634.87,638.55,643.09,648.02,653.20,658.27,661.95,664.89,667.73,670.55,673.07,675.49,678.27,681.38,684.72,688.11,691.92,696.01,700.60,706.28,711.29,715.61,719.23,721.91,724.30,726.58,728.75,730.71,732.44,734.42,736.60,738.69,740.10,741.68,743.75,746.11,748.54,751.25,754.09,756.94,759.78,762.72,765.25,767.47,769.40,770.89,771.93,772.66,773.19,773.50,773.43,773.16,772.87,772.45,771.39,769.47,767.70,766.06,764.13,761.90,759.41,756.83,754.17,751.32,748.45,746.41,745.73,747.26,750.81,756.85,763.64,769.78,775.71,780.73,784.59,787.45,789.98,791.86,793.13,793.67,793.13,792.00,790.75,790.24,790.99,792.68,794.95,798.11,801.52,803.58,804.57,804.35,802.93,800.25,797.17,794.50,792.26,790.59,789.73,789.13,788.72,788.59,788.94,789.23,789.56,790.11,791.05,792.41,793.90,795.49,797.25,799.37,801.72,804.24,806.81,809.33,811.85,814.31,816.76,819.31,822.12,825.20,827.85,830.32,833.27,836.29,838.96,841.59,844.49,847.67,851.61,855.12,857.89,860.28,863.75,867.22,870.55,873.69,876.16,878.61,883.20,889.99,895.71,900.50,906.50,912.90,917.65,922.91,928.38,933.60,938.25,942.34,946.16,950.28,954.83,959.56,963.81,968.01,972.80,978.77,984.96,989.52,992.71,994.91,997.23,999.75,1002.63,1005.71,1008.82,1012.10,1015.22,1018.26,1021.36,1024.60,1027.53,1029.96,1031.98,1033.89,1035.60,1037.23,1038.92,1040.77,1042.80,1045.09,1047.49,1050.14,1053.74,1057.57,1062.36,1067.91,1073.54,1078.98,1083.62,1087.84,1091.90,1095.70,1099.82,1104.31,1109.06,1113.74,1118.42
555.00,555.00,555.00,555.00,555.00,555.00,555.00,555.00,555.00,555.00,555.00,555.00,555.00,555.00,555.00,555.00,555.00,555.00,555.00,555.00,555.00,555.00,555.00,555.00,555.00,555.00,555.00,555.00,555.00,555.00,555.00,555.00,555.00,555.91,558.86,559.62,561.55,564.94,569.05,571.08,569.94,566.91,563.75,563.70,566.96,571.63,577.15,583.57,590.03,595.61,602.19,610.63,619.82,626.30,630.92,634.60,638.21,642.40,646.95,652.09,657.67,661.74,664.85,667.68,670.40,672.88,675.17,677.62,680.40,683.61,686.96,690.71,694.78,699.43,705.21,710.57,715.13,718.87,721.82,724.59,727.20,729.53,731.45,733.15,734.83,736.45,737.93,739.14,740.95,743.20,745.64,748.20,751.17,754.19,757.20,760.30,763.70,766.63,769.16,771.27,772.75,773.93,774.80,775.41,775.71,775.57,775.38,775.30,775.30,775.04,773.76,772.45,771.13,769.47,767.43,765.08,762.67,760.34,758.07,755.26,752.88,751.59,752.42,755.89,761.27,767.17,772.76,778.49,783.03,786.64,789.78,793.37,796.71,799.12,800.24,799.56,798.15,796.60,796.00,797.04,799.35,802.49,805.40,807.75,809.36,809.86,809.41,808.15,805.97,803.30,800.20,797.29,795.03,793.96,793.26,792.75,792.38,792.21,792.36,792.66,793.24,794.23,795.50,796.45,797.54,799.00,801.05,803.36,805.84,808.31,810.62,813.07,815.41,817.81,820.41,823.37,826.23,828.75,831.08,833.47,835.88,838.33,840.85,843.55,846.54,849.52,852.50,855.25,857.35,859.92,864.01,868.61,872.47,875.62,878.68,884.09,891.80,897.85,903.34,908.61,913.66,918.36,923.37,928.47,933.51,938.31,942.48,946.30,950.45,955.05,959.83,964.31,968.88,974.01,980.11,986.34,990.61,993.72,996.23,998.74,1001.45,1004.33,1007.27,1010.16,1013.50,1016.83,1020.16,1023.62,1027.12,1029.99,1032.36,1034.39,1036.29,1038.03,1039.38,1040.57,1041.88,1043.40,1045.30,1047.36,1049.76,1053.16,1056.85,1061.26,1066.20,1071.19,1076.47,1081.23,1085.59,1089.69,1093.42,1097.07,1101.27,1106.20,1111.72,1116.96
555.00,555.00,555.00,555.00,555.00,555.00,555.00,555.00,555.00,555.00,555.00,555.00,555.00,555.00,555.00,555.00,555.00,555.00,555.00,555.00,555.00,555.00,555.00,555.00,555.00,555.00,555.00,555.00,555.00,555.00,555.00,555.00,555.00,555.97,559.11,559.82,563.68,568.76,572.88,575.25,574.44,571.53,567.93,566.16,567.52,571.28,576.52,582.76,589.22,595.25,601.98,610.16,619.56,625.63,630.06,633.79,637.16,640.76,644.83,649.37,654.39,659.82,663.32,666.20,668.97,671.53,673.78,675.97,678.38,681.35,684.86,688.69,692.81,697.38,702.68,708.57,713.50,717.45,721.01,724.12,727.14,729.83,731.82,733.13,734.19,735.24,736.28,737.30,738.94,741.05,743.44,746.26,750.37,753.77,756.84,760.08,763.95,767.46,770.27,772.45,774.20,775.62,776.75,777.55,777.92,777.94,777.93,777.96,778.04,778.04,777.47,776.68,775.67,774.27,772.59,770.44,768.10,765.81,763.82,761.80,760.21,759.35,759.77,761.96,765.86,770.56,775.56,781.10,785.92,789.91,793.43,797.44,801.21,803.76,805.12,805.43,805.06,804.86,805.09,805.91,807.37,809.33,811.33,813.16,814.50,814.96,814.58,813.35,811.08,808.11,804.87,802.00,799.85,798.50,797.42,796.82,796.58,796.55,796.86,797.34,797.86,798.47,799.38,800.03,801.04,802.59,804.62,806.82,809.25,811.62,813.73,816.11,818.37,820.77,823.48,826.39,829.00,831.59,834.07,836.21,838.48,840.78,843.05,845.33,847.90,850.31,852.93,855.58,857.70,860.69,865.24,869.84,873.05,876.20,879.92,885.30,892.15,898.14,903.74,908.93,913.69,918.08,922.84,927.78,932.77,937.65,942.00,945.92,950.09,954.69,959.56,964.22,969.06,974.35,980.28,986.19,990.41,993.71,996.59,999.56,1002.38,1005.14,1007.94,1010.96,1014.43,1017.96,1021.58,1025.32,1028.86,1031.59,1034.00,1036.30,1038.41,1039.94,1041.02,1042.01,1043.22,1044.58,1046.08,1047.78,1049.94,1053.14,1056.56,1060.33,1064.42,1068.81,1073.69,1078.62,1083.25,1087.43,1091.39,1094.97,1098.61,1102.76,1108.15,1114.33
555.00,555.00,555.00,555.00,555.00,555.00,555.00,555.00,555.00,555.00,555.00,555.00,555.00,555.00,555.00,555.00,555.00,555.00,555.00,555.00,555.00,555.00,555.00,555.00,555.00,555.00,555.00,555.00,555.00,555.00,555.00,555.00,555.68,557.26,559.87,562.24,567.26,572.71,576.64,579.21,578.64,575.86,571.99,568.98,568.54,571.27,576.16,582.33,588.69,595.26,602.23,609.95,618.79,624.47,628.87,632.66,635.80,638.86,642.29,646.14,650.60,656.07,660.50,664.00,666.84,669.42,671.75,673.87,676.02,678.63,682.07,685.94,690.19,694.83,699.78,705.77,711.05,715.43,719.42,722.91,726.17,729.08,731.27,732.37,733.05,733.72,734.48,735.36,736.94,738.92,741.13,743.98,749.15,753.01,756.18,759.46,763.46,767.62,770.88,773.29,775.33,777.06,778.59,779.81,780.54,780.86,780.99,781.07,781.22,781.46,781.33,780.85,780.06,778.93,777.47,775.50,773.25,770.96,769.09,767.59,766.46,765.82,766.04,767.31,770.13,774.04,778.83,784.45,789.31,793.47,797.31,801.54,805.36,807.87,809.34,810.17,810.46,810.92,811.56,812.37,813.56,815.05,816.85,818.72,820.09,820.54,820.00,818.59,816.25,813.19,809.88,806.93,804.67,803.14,801.83,801.04,800.67,800.54,800.55,800.94,801.38,801.88,802.92,803.78,805.03,806.89,809.33,811.92,814.48,816.86,819.00,821.32,823.38,825.47,827.76,830.17,832.45,834.91,837.48,839.92,842.16,844.19,846.14,848.13,850.37,852.37,854.61,857.08,859.61,863.34,867.65,871.50,874.14,877.09,880.80,885.68,891.64,897.45,903.08,908.38,913.20,917.38,921.93,926.79,931.76,936.63,941.09,945.24,949.48,953.99,958.87,963.68,968.69,974.07,979.88,985.47,989.80,993.41,996.70,1000.12,1003.05,1005.77,1008.54,1011.68,1015.20,1018.85,1022.68,1026.64,1030.14,1032.82,1035.29,1037.71,1039.80,1041.24,1042.32,1043.34,1044.54,1045.82,1047.11,1048.61,1050.62,1053.51,1056.62,1059.87,1063.30,1067.07,1071.21,1075.97,1080.60,1084.66,1089.01,1092.71,1096.12,1099.79,1104.72,1111.09
555.00,555.00,555.00,555.00,555.00,555.00,555.00,555.00,555.00,555.00,555.00,555.00,555.00,555.00,555.00,555.00,555.00,555.00,555.00,555.00,555.00,555.00,555.00,555.00,555.00,555.00,555.00,555.00,555.00,555.00,555.01,555.16,557.00,559.61,561.49,566.66,572.00,576.66,580.37,583.03,582.62,579.91,575.88,572.15,570.20,571.80,576.14,582.25,588.49,595.63,602.85,609.95,617.51,622.83,627.27,631.16,634.14,636.76,639.46,642.63,646.55,650.86,656.45,660.99,663.98,666.63,669.15,671.35,673.37,675.57,678.72,682.58,687.01,691.86,696.63,702.32,707.86,712.84,717.12,721.01,724.37,727.36,729.82,730.92,731.46,731.96,732.57,733.37,735.00,736.87,738.83,741.52,747.44,751.85,755.26,758.52,762.39,767.19,771.05,773.80,776.14,778.28,780.36,782.19,783.52,784.24,784.47,784.59,784.81,785.25,785.31,784.93,784.30,783.48,782.14,780.38,778.28,775.99,774.10,772.71,771.64,770.96,771.11,771.92,774.16,777.74,782.68,788.50,793.12,797.24,801.32,805.60,809.17,811.56,813.03,813.89,814.39,814.79,815.41,816.48,818.06,819.94,822.21,824.56,826.17,826.54,825.62,823.87,821.51,818.61,815.24,812.05,809.44,807.76,806.41,805.37,804.63,804.13,803.43,803.43,803.81,804.50,806.09,807.55,809.31,811.64,814.86,818.23,821.07,823.55,825.93,828.18,829.94,831.48,832.96,834.57,836.55,838.76,841.34,844.43,846.66,848.32,849.91,851.74,853.74,855.52,857.40,859.69,862.88,867.32,870.76,873.33,875.61,878.24,881.36,885.42,890.53,896.03,901.57,907.11,912.22,916.34,920.71,925.55,930.51,935.31,939.80,944.24,948.60,953.02,957.81,962.70,967.79,973.20,978.93,984.32,988.89,992.92,996.65,1000.45,1003.51,1006.28,1009.13,1012.38,1015.86,1019.55,1023.50,1027.61,1031.01,1033.74,1036.28,1038.67,1040.53,1041.99,1043.29,1044.55,1045.79,1047.05,1048.31,1049.81,1051.76,1054.27,1057.04,1059.89,1062.86,1066.00,1069.17,1073.47,1077.81,1081.59,1086.32,1090.26,1093.77,1097.31,1101.63,1107.43
555.00,555.00,555.00,555.00,555.00,555.00,555.00,555.00,555.00,555.00,555.00,555.00,555.00,555.00,555.00,555.00,555.00,555.00,555.00,555.00,555.00,555.00,555.00,555.00,555.00,555.00,555.00,555.00,555.00,555.00,555.12,556.76,558.60,560.97,565.31,570.73,575.78,580.29,584.08,586.67,586.60,584.24,580.28,576.14,573.91,574.16,576.88,582.34,588.86,596.36,603.36,609.47,615.76,620.20,624.35,628.45,631.92,634.51,636.95,639.61,642.73,646.51,651.17,655.70,659.71,663.16,665.84,668.04,670.06,672.29,675.37,679.13,683.54,688.51,693.44,698.68,704.11,709.42,714.13,718.47,722.08,725.07,727.34,728.70,729.29,729.75,730.36,731.24,732.73,734.53,736.57,739.30,744.35,749.53,753.87,757.37,761.49,766.65,770.79,773.73,776.36,779.38,782.25,784.66,786.37,787.40,787.85,788.10,788.34,788.67,788.74,788.55,788.21,787.77,786.97,785.91,784.28,781.97,779.70,777.82,776.53,775.82,775.73,776.39,778.64,782.44,787.64,792.80,796.97,801.10,805.45,809.51,812.60,814.83,816.36,817.23,817.83,818.56,819.61,821.17,823.34,825.95,828.72,831.21,832.57,832.41,831.15,829.21,826.72,823.87,820.26,816.83,814.01,811.83,810.52,809.48,808.48,807.51,806.41,806.09,806.34,807.18,809.04,810.96,813.17,815.91,819.44,822.96,826.08,828.82,831.19,833.25,834.91,836.33,837.70,839.54,842.24,844.83,847.26,849.72,851.67,853.15,854.55,856.15,857.93,859.93,862.08,864.55,867.72,870.99,873.43,875.41,877.56,880.05,882.93,886.27,890.21,894.85,899.56,904.96,910.47,914.91,919.24,924.04,928.95,933.63,938.10,942.63,947.27,951.93,956.51,961.21,966.07,971.30,977.07,982.74,987.83,992.47,996.72,1000.62,1003.76,1006.64,1009.60,1012.94,1016.58,1020.30,1024.19,1028.16,1031.52,1034.39,1037.02,1039.37,1041.04,1042.48,1043.90,1045.32,1046.68,1048.01,1049.43,1051.15,1053.26,1055.64,1058.20,1060.70,1063.19,1065.89,1068.63,1072.30,1076.21,1079.89,1084.10,1087.97,1091.59,1095.17,1099.18,1104.46
555.00,555.00,555.00,555.00,555.00,555.00,555.00,555.00,555.00,555.00,555.00,555.00,555.00,555.00,555.00,555.00,555.00,555.00,555.00,555.00,555.00,555.00,555.00,555.00,555.00,555.00,555.00,555.00,555.00,555.00,555.21,558.09,560.11,562.58,569.10,574.35,579.21,583.76,587.66,590.13,590.35,588.52,585.00,580.70,578.19,577.10,578.09,582.58,589.53,597.04,603.50,608.60,613.72,617.36,620.92,624.71,628.33,631.34,634.07,636.61,639.13,642.40,646.00,650.16,654.69,658.66,661.90,664.47,666.71,669.01,671.99,675.65,680.05,685.17,690.34,695.26,700.41,705.71,710.75,715.37,719.32,722.45,724.58,726.10,726.74,727.21,727.85,728.88,730.37,732.30,734.61,737.55,741.68,747.35,752.49,756.39,760.82,766.17,770.52,773.74,776.70,780.49,784.17,787.09,788.81,789.89,790.55,790.99,791.31,791.54,791.63,791.59,791.50,791.36,791.03,790.58,789.51,787.60,785.42,783.33,781.87,781.03,780.67,781.17,783.70,787.90,793.09,797.25,800.80,804.80,809.27,813.06,815.87,818.12,819.84,820.79,821.52,822.61,824.20,826.46,829.32,832.42,835.36,837.70,838.64,838.05,836.53,834.42,831.80,828.94,825.22,821.67,818.66,815.93,814.44,813.25,812.03,810.73,809.43,808.79,808.76,809.54,811.53,813.77,816.30,819.31,823.11,826.76,830.17,833.19,835.62,837.70,839.47,841.12,842.86,845.14,848.35,851.17,853.44,855.38,857.21,858.64,860.03,861.59,863.16,865.25,867.51,869.92,872.67,874.76,876.49,878.24,880.30,882.58,885.18,887.87,890.75,894.27,897.97,902.92,908.42,913.03,917.42,922.29,927.22,931.83,936.27,940.80,945.67,950.66,955.13,959.53,964.10,969.10,974.82,980.89,986.44,991.60,996.36,1000.49,1003.72,1006.70,1009.87,1013.58,1017.52,1021.24,1024.91,1028.59,1031.90,1034.90,1037.64,1039.97,1041.52,1042.98,1044.48,1046.00,1047.46,1048.90,1050.56,1052.54,1054.82,1057.15,1059.54,1061.75,1063.90,1066.25,1068.76,1071.99,1075.57,1079.15,1082.74,1086.38,1089.99,1093.57,1097.31,1102.07
555.00,555.00,555.00,555.00,555.00,555.00,555.00,555.00,555.00,555.00,555.00,555.00,555.00,555.00,555.00,555.00,555.00,555.00,555.00,555.00,555.00,555.00,555.00,555.00,555.00,555.00,555.00,555.00,555.00,555.00,555.21,558.13,561.29,565.19,571.75,577.21,582.30,587.04,590.98,593.29,593.62,592.57,590.16,586.10,582.77,580.42,579.95,583.08,590.62,597.45,602.88,607.12,611.23,614.52,617.05,619.27,622.01,626.22,630.21,633.47,635.91,638.37,641.64,645.18,648.70,652.21,656.93,660.75,663.55,665.86,668.58,672.16,676.67,682.03,687.48,692.47,697.13,701.78,706.82,711.39,715.71,719.33,721.71,723.04,723.66,724.16,724.84,726.08,727.97,730.44,733.35,736.70,740.63,746.06,751.37,755.90,760.57,765.86,770.47,774.23,777.60,781.70,786.12,789.38,790.41,791.00,791.77,792.53,793.12,793.42,793.63,793.62,793.55,793.59,793.32,793.02,792.60,791.95,791.08,789.73,788.35,787.19,786.53,786.71,789.82,794.51,799.08,801.93,804.60,808.12,812.33,815.87,818.95,821.68,823.83,825.04,826.00,827.32,829.51,832.79,836.47,839.34,841.69,843.42,843.85,843.25,841.61,839.30,836.59,833.68,830.21,826.78,823.55,820.37,818.13,816.42,814.98,813.72,812.47,811.50,810.91,811.14,813.09,815.45,817.99,821.02,825.21,829.28,832.97,836.24,839.04,841.67,843.91,846.35,849.15,851.87,854.61,857.01,859.20,861.48,863.64,865.28,866.98,868.92,870.30,871.96,873.67,875.35,877.12,878.88,880.66,882.55,884.59,886.39,888.45,890.62,892.76,894.87,897.60,901.54,906.11,910.33,914.95,920.09,925.19,929.90,934.39,938.74,943.71,949.08,953.68,957.67,961.95,966.71,972.14,978.64,984.39,989.78,994.99,999.79,1003.11,1006.16,1009.74,1014.46,1018.89,1022.50,1025.76,1028.98,1032.13,1035.24,1038.10,1040.46,1042.03,1043.61,1045.16,1046.68,1048.16,1049.74,1051.72,1053.95,1056.32,1058.69,1060.89,1062.97,1065.03,1067.21,1069.65,1072.90,1076.45,1079.85,1083.07,1086.28,1089.58,1092.96,1096.43,1100.62
555.00,555.00,555.00,555.00,555.00,555.00,555.00,555.00,555.00,555.00,555.00,555.00,555.00,555.00,555.00,555.00,555.00,555.00,555.00,555.00,555.00,555.00,555.00,555.00,555.00,555.00,555.00,555.00,555.00,555.00,555.21,558.20,562.43,567.60,574.06,579.74,584.99,589.82,593.84,596.30,597.16,596.65,594.73,591.09,587.16,584.41,583.36,585.00,590.72,596.19,600.65,604.23,607.78,610.88,613.05,614.69,616.74,620.12,623.97,627.97,631.77,634.38,637.47,640.66,643.77,646.99,651.31,655.60,659.43,662.61,665.31,668.82,673.35,678.83,684.56,689.64,694.13,698.38,702.91,707.28,711.34,714.90,717.64,719.45,720.42,721.11,722.02,723.88,726.52,729.76,733.43,737.44,741.62,746.74,751.92,756.72,761.46,766.48,771.10,775.20,779.03,783.80,787.93,790.63,791.51,792.02,792.88,793.89,794.76,795.19,795.57,795.66,795.68,795.87,795.65,795.46,795.29,795.09,794.72,793.90,793.22,792.90,793.09,793.72,796.18,799.57,802.82,805.30,808.04,811.41,815.32,819.08,822.81,825.92,828.20,829.63,831.10,833.12,835.69,838.80,842.02,844.60,846.85,848.53,848.84,848.53,846.77,844.21,841.44,838.34,834.86,831.26,827.71,824.43,821.94,819.87,818.12,816.74,815.55,814.42,813.45,812.98,813.95,816.14,818.85,822.10,826.41,830.69,834.78,838.58,841.94,845.05,847.97,851.05,854.32,857.35,860.26,862.87,865.30,867.83,870.05,871.73,873.42,875.39,877.07,878.85,880.44,881.78,883.06,884.40,885.81,887.36,889.08,890.65,892.41,894.27,895.98,897.14,898.92,901.71,905.03,908.25,912.49,917.68,922.94,927.69,932.10,936.34,941.12,946.46,951.78,955.79,959.70,964.10,969.46,975.84,981.95,987.70,993.22,998.63,1002.38,1005.64,1009.32,1014.19,1019.14,1022.82,1025.90,1028.99,1032.24,1035.45,1038.38,1040.80,1042.43,1044.05,1045.65,1047.20,1048.75,1050.54,1052.70,1055.01,1057.37,1059.72,1061.89,1064.00,1066.13,1068.37,1071.24,1074.78,1078.40,1081.67,1084.68,1087.73,1090.87,1094.07,1097.31,1101.37
555.00,555.00,555.00,555.00,555.00,555.00,555.00,555.00,555.00,555.00,555.00,555.00,555.00,555.00,555.00,555.00,555.00,555.00,555.00,555.00,555.00,555.00,555.00,555.00,555.00,555.00,555.00,555.00,555.00,555.08,555.63,558.54,563.61,569.89,576.24,582.08,587.44,592.38,596.61,599.54,601.15,601.11,599.37,596.11,591.88,589.05,587.70,587.92,591.01,594.73,598.11,600.98,604.00,606.87,608.95,610.47,612.07,614.05,617.15,621.57,626.83,629.96,633.09,636.16,639.13,642.19,645.57,649.93,654.71,658.94,661.91,665.47,669.97,675.44,681.43,686.65,691.12,695.14,699.08,703.18,706.78,710.07,713.12,715.59,717.04,718.17,719.64,722.35,725.86,729.96,734.42,739.09,743.64,748.45,753.37,758.27,763.03,767.72,772.25,776.58,780.84,786.13,789.54,791.42,792.37,792.98,793.95,795.15,796.29,796.89,797.44,797.71,797.90,798.22,798.11,798.00,797.91,797.80,797.59,797.22,797.38,798.14,799.32,800.53,802.00,803.68,805.63,808.20,811.38,814.87,818.61,822.78,827.18,830.53,832.85,834.54,836.55,839.19,841.91,844.42,846.84,849.18,851.49,853.36,853.84,853.94,852.24,849.56,846.63,843.16,839.52,835.64,831.70,828.45,825.89,823.62,821.57,819.97,818.68,817.36,816.03,814.93,814.66,816.44,819.21,822.69,827.15,831.62,836.15,840.54,844.52,848.15,851.76,855.38,858.94,862.26,865.66,868.74,871.55,874.24,876.40,878.11,879.75,881.57,883.58,885.54,887.10,888.24,889.22,890.15,891.09,892.20,893.59,895.03,896.59,898.20,899.60,900.19,901.17,902.91,905.01,907.12,910.66,915.60,920.79,925.46,929.73,933.92,938.39,943.51,949.54,953.83,957.47,961.47,966.71,972.75,979.26,985.45,991.17,997.06,1001.39,1005.01,1008.71,1013.38,1018.76,1022.62,1025.68,1028.80,1032.23,1035.57,1038.57,1041.04,1042.75,1044.38,1046.01,1047.62,1049.26,1051.30,1053.56,1055.88,1058.21,1060.62,1062.86,1065.07,1067.34,1069.89,1073.37,1077.20,1080.86,1084.04,1086.98,1090.02,1093.13,1096.24,1099.38,1103.47
555.00,555.00,555.00,555.00,555.00,555.00,555.00,555.00,555.00,555.00,555.00,555.00,555.00,555.00,555.00,555.00,555.00,555.00,555.00,555.00,555.00,555.00,555.00,555.00,555.00,555.00,555.00,555.00,555.00,555.50,557.81,559.97,565.03,572.09,578.46,584.16,589.57,594.85,599.86,604.00,606.56,607.03,605.38,601.95,598.31,595.30,593.23,592.57,593.72,595.38,597.09,598.75,600.52,602.67,604.60,606.29,608.04,609.85,612.10,615.50,620.13,623.65,627.49,630.96,633.96,637.00,640.40,644.53,649.09,653.66,657.72,661.79,666.26,671.43,677.47,682.91,687.60,691.72,695.53,699.38,702.77,705.87,708.78,711.42,713.35,715.68,718.80,722.55,726.82,731.76,736.95,741.83,746.48,750.98,755.66,760.60,765.55,769.98,774.39,778.87,783.31,787.93,790.58,792.05,793.14,793.89,795.00,796.30,797.57,798.47,799.12,799.77,800.38,800.79,801.01,801.01,800.91,800.80,800.78,800.88,801.39,802.21,802.94,803.94,805.13,806.52,808.41,811.41,815.01,818.97,823.25,827.93,832.31,835.57,838.01,840.15,842.39,844.59,846.75,848.93,851.33,853.67,855.99,858.04,859.20,859.75,858.86,856.65,853.14,848.84,844.78,840.61,836.41,832.98,830.35,828.06,825.94,824.00,822.01,819.96,818.17,816.87,815.94,816.77,818.91,822.36,827.53,832.47,837.38,842.17,846.70,851.09,855.11,859.11,863.16,866.93,871.01,874.68,877.85,880.54,882.66,884.60,886.40,888.05,889.63,891.07,892.19,893.02,893.76,894.43,895.22,896.32,897.82,899.14,900.49,901.76,902.85,903.62,904.38,905.71,907.34,908.88,911.47,915.21,919.44,923.68,927.79,931.94,936.21,940.95,946.75,951.59,955.48,959.19,963.67,969.32,976.24,982.84,988.62,994.45,999.59,1003.82,1007.72,1012.30,1017.71,1021.82,1025.15,1028.39,1031.89,1035.49,1038.67,1041.18,1042.89,1044.53,1046.18,1047.87,1049.65,1051.89,1054.20,1056.52,1058.95,1061.80,1064.32,1066.62,1069.11,1072.55,1076.51,1080.21,1083.60,1086.73,1089.87,1093.23,1096.60,1099.93,1103.41,1107.53
555.00,555.00,555.00,555.00,555.00,555.00,555.00,555.00,555.00,555.00,555.00,555.00,555.00,555.00,555.00,555.00,555.00,555.00,555.00,555.00,555.00,555.00,555.00,555.00,555.00,555.00,555.00,555.00,555.00,555.73,559.07,561.46,566.80,574.20,580.51,586.12,591.60,597.17,602.72,607.54,610.59,611.47,610.24,607.33,604.54,601.78,599.48,598.29,598.24,598.79,599.75,601.08,602.67,604.60,606.41,608.08,609.71,611.49,612.93,614.77,617.47,620.07,623.19,626.08,628.70,631.76,635.09,638.98,643.32,648.03,653.17,657.94,662.68,667.69,673.21,678.61,683.52,687.94,691.92,695.75,699.20,702.41,705.50,708.51,711.33,714.89,719.27,723.65,728.57,734.22,739.94,744.88,749.41,753.65,758.10,762.93,767.76,771.87,775.95,780.25,784.65,788.78,791.04,792.38,793.60,794.56,795.89,797.31,798.65,799.78,800.61,801.68,802.82,803.63,804.26,804.44,804.43,804.40,804.50,804.77,805.32,805.96,806.41,807.25,808.47,810.08,812.31,815.59,819.44,823.66,828.21,832.96,837.21,840.53,843.22,845.66,847.98,849.92,851.78,853.77,855.98,858.26,860.57,862.72,864.27,865.04,864.56,862.63,859.00,854.62,850.25,845.92,841.72,837.98,835.11,832.75,830.57,828.33,825.89,823.22,820.74,818.77,817.34,817.36,818.81,822.11,828.13,833.46,838.70,843.89,848.87,853.87,858.38,862.83,867.37,871.77,876.14,880.04,883.38,886.04,888.09,890.04,891.88,893.47,894.82,895.93,896.81,897.52,898.13,898.72,899.34,900.27,901.72,902.87,904.04,905.10,906.00,906.89,907.64,908.80,910.20,911.56,913.57,916.45,920.00,924.08,928.08,932.06,936.11,940.58,946.06,950.71,954.40,957.73,961.54,966.81,973.37,979.80,985.65,991.47,997.08,1001.83,1006.15,1011.05,1016.37,1020.68,1024.34,1027.80,1031.43,1035.24,1038.61,1041.24,1042.99,1044.66,1046.37,1048.11,1049.98,1052.38,1054.77,1057.11,1059.63,1062.87,1065.75,1068.43,1071.43,1075.53,1079.61,1083.16,1086.42,1089.64,1093.07,1096.71,1100.32,1103.88,1107.61,1111.93
555.00,555.00,555.00,555.00,555.00,555.00,555.00,555.00,555.00,555.00,555.00,555.00,555.00,555.00,555.00,555.00,555.00,555.00,555.00,555.00,555.00,555.00,555.00,555.00,555.00,555.00,555.00,555.00,555.00,555.75,559.22,562.92,568.90,576.20,582.37,587.95,593.52,599.27,605.06,609.95,613.05,614.27,613.84,612.24,610.47,608.42,606.45,605.08,604.60,605.00,606.13,607.99,610.40,612.59,614.36,615.78,617.03,618.75,619.49,619.54,619.44,619.96,620.94,622.24,624.06,626.94,629.86,633.46,637.61,642.31,648.26,653.89,659.24,664.29,668.77,673.81,678.91,683.78,688.22,692.34,696.14,699.79,703.41,707.07,711.15,715.86,720.92,725.49,731.04,737.21,743.17,748.04,752.27,756.29,760.50,765.03,769.42,773.15,776.74,780.52,784.65,788.56,790.85,792.31,793.64,794.84,796.46,798.06,799.47,800.82,801.95,803.45,805.17,806.69,807.79,808.25,808.45,808.60,808.77,808.95,809.24,809.62,810.07,810.92,812.43,814.56,817.38,820.73,824.64,828.89,833.31,837.69,841.76,845.33,848.38,850.94,853.26,855.24,857.12,859.00,860.80,862.94,865.22,867.39,868.96,869.73,869.14,867.25,864.02,860.29,855.77,851.45,847.52,843.44,840.23,837.71,835.44,832.96,830.34,827.24,823.91,820.80,818.93,818.28,819.10,822.19,829.01,834.59,840.14,845.74,851.15,856.58,861.68,866.64,871.62,876.72,880.94,884.71,888.05,890.64,892.57,894.36,896.10,897.77,899.18,900.30,901.19,901.92,902.52,903.15,903.53,904.11,905.30,906.24,907.27,908.25,909.11,909.98,910.87,912.02,913.39,914.89,916.74,919.23,922.56,926.70,930.63,934.32,938.16,942.51,947.63,951.35,954.36,957.22,960.54,965.44,970.87,976.57,982.45,988.32,994.00,999.07,1004.00,1009.60,1014.80,1019.25,1023.25,1027.01,1030.87,1034.83,1038.38,1041.22,1043.03,1044.80,1046.57,1048.35,1050.26,1052.77,1055.27,1057.67,1060.27,1063.79,1067.13,1070.50,1074.23,1078.69,1082.57,1086.00,1089.32,1092.76,1096.54,1100.38,1104.18,1107.94,1111.80,1116.40
555.00,555.00,555.00,555.00,555.00,555.00,555.00,555.00,555.00,555.00,555.00,555.00,555.00,555.00,555.00,555.00,555.00,555.00,555.00,555.00,555.00,555.00,555.00,555.00,555.00,555.00,555.00,555.00,555.00,555.76,559.42,564.68,571.19,578.00,583.87,589.41,594.97,600.74,606.58,611.60,615.10,617.20,618.06,617.84,617.03,615.87,614.67,613.80,613.43,613.58,614.30,615.66,617.59,619.48,621.16,622.65,623.95,625.28,625.97,626.03,625.61,625.35,625.19,625.35,625.90,626.81,627.93,630.11,633.26,637.37,642.70,649.14,655.36,660.61,664.90,669.26,674.02,679.21,684.70,689.79,694.18,698.42,702.90,707.32,712.38,717.65,722.72,727.31,734.00,740.30,745.68,750.18,754.14,757.96,761.82,765.71,769.50,772.98,776.29,779.64,783.26,786.62,789.27,791.18,792.39,793.52,795.40,797.42,799.40,801.61,803.43,805.36,807.46,809.54,811.05,811.99,812.59,813.03,813.55,813.81,814.05,814.37,814.90,815.87,817.62,819.98,822.85,826.24,830.08,834.00,837.97,842.21,846.06,849.66,852.92,855.62,858.25,860.42,862.24,863.83,865.46,867.43,869.68,871.87,873.29,873.82,873.14,871.35,868.41,864.69,860.40,856.34,852.73,849.30,846.38,843.76,841.16,838.31,835.25,831.97,828.43,824.78,821.85,820.17,820.63,823.75,830.15,835.73,841.70,847.99,854.22,860.05,865.49,870.84,876.11,880.80,884.78,888.31,891.44,893.98,896.01,897.99,900.01,902.00,903.74,905.10,906.11,906.80,907.18,907.44,907.59,907.95,908.79,909.61,910.49,911.39,912.29,913.18,914.14,915.36,916.81,918.45,920.34,923.05,926.43,930.25,933.86,937.46,941.36,945.62,949.94,953.10,955.71,958.31,961.44,965.81,970.52,975.55,980.88,986.13,991.24,996.28,1001.62,1007.72,1013.35,1017.74,1021.67,1025.74,1029.97,1034.01,1037.74,1040.90,1042.87,1044.74,1046.61,1048.50,1050.54,1053.09,1055.67,1058.26,1061.14,1065.00,1068.86,1072.80,1076.97,1081.47,1085.34,1088.92,1092.42,1096.01,1100.03,1104.14,1108.12,1111.97,1115.93,1120.35
555.00,555.00,555.00,555.00,555.00,555.00,555.00,555.00,555.00,555.00,555.00,555.00,555.00,555.00,555.00,555.00,555.00,555.00,555.00,555.00,555.00,555.00,555.00,555.00,555.00,555.00,555.00,555.00,555.29,556.49,559.96,566.48,573.34,579.63,585.22,590.66,596.14,601.84,607.68,612.94,616.98,619.95,621.94,622.92,623.01,622.77,622.44,622.13,622.00,621.98,622.29,623.09,624.43,625.96,627.54,629.10,630.50,631.51,632.33,632.77,632.64,632.21,631.51,630.89,630.27,629.21,628.38,628.71,630.32,633.44,637.90,644.49,651.16,656.74,661.05,665.00,669.57,675.07,681.60,687.61,692.65,697.49,702.69,707.99,713.88,719.44,724.32,728.93,736.46,742.68,747.38,751.45,755.19,758.89,762.41,765.65,768.84,772.06,775.14,778.15,781.24,784.11,786.97,789.25,790.49,791.71,793.80,796.32,799.10,802.11,804.57,806.88,809.33,811.97,814.00,815.50,816.60,817.40,818.32,818.96,819.41,819.82,820.43,821.42,823.27,825.73,828.62,832.00,835.64,839.18,842.72,846.75,850.41,854.02,857.42,860.32,863.25,865.60,867.38,868.74,870.28,872.22,874.49,876.66,877.78,877.97,877.11,875.35,872.57,868.76,864.73,860.99,857.75,855.10,852.60,849.94,847.10,844.02,840.63,837.11,833.37,829.40,825.64,823.18,823.21,826.04,831.67,837.25,843.58,850.49,857.51,863.68,869.33,874.91,880.25,884.39,888.14,891.50,894.47,897.00,899.27,901.55,903.88,906.14,908.11,909.65,910.71,911.33,911.52,911.45,911.46,911.70,912.25,912.97,913.73,914.56,915.47,916.40,917.44,918.73,920.28,922.08,924.18,927.30,930.86,934.38,937.66,941.11,944.95,949.01,952.55,955.32,957.82,960.42,963.55,967.40,971.51,975.86,980.40,984.85,989.26,994.07,999.56,1005.94,1011.89,1016.17,1019.96,1024.22,1028.82,1032.89,1036.76,1040.24,1042.52,1044.59,1046.62,1048.66,1050.85,1053.48,1056.18,1059.09,1062.45,1066.62,1070.86,1075.19,1079.62,1084.11,1088.07,1091.84,1095.58,1099.41,1103.71,1108.01,1112.10,1116.02,1120.05,1124.21
555.00,555.00,555.00,555.00,555.00,555.00,555.00,555.00,555.00,555.00,555.00,555.00,555.00,555.00,555.00,555.00,555.00,555.00,555.00,555.00,555.00,555.00,555.00,555.00,555.00,555.00,555.00,555.00,556.30,558.96,561.28,568.18,575.06,580.92,586.39,591.61,596.88,602.40,608.21,613.91,618.66,622.21,624.66,626.35,627.16,627.83,628.31,628.40,628.44,628.49,628.78,629.49,630.73,632.09,633.53,635.02,636.42,637.43,638.40,639.13,639.38,639.44,639.09,638.32,637.06,635.08,632.74,630.81,630.04,631.52,635.35,640.50,646.45,652.53,656.90,661.31,666.33,672.26,679.43,685.86,691.54,696.88,702.33,708.72,715.17,720.74,725.36,730.02,737.41,743.26,747.49,751.17,754.83,758.52,761.82,764.59,767.30,770.15,773.00,775.79,778.49,781.22,783.72,785.93,787.81,789.63,791.79,794.90,798.74,802.03,804.77,807.34,810.16,813.49,816.32,818.51,820.19,821.48,822.78,824.42,825.63,826.38,826.99,827.70,829.35,831.80,834.87,838.19,841.37,844.56,847.89,851.46,855.06,858.69,862.21,865.44,868.42,870.84,872.70,874.09,875.61,877.84,880.29,882.33,882.92,882.58,881.35,879.38,876.57,872.75,868.83,865.42,862.70,860.51,858.34,855.80,853.02,850.17,846.89,842.86,838.57,834.44,830.84,828.37,827.66,829.25,834.03,839.65,846.16,853.38,860.90,867.20,872.99,878.43,883.34,887.29,890.89,894.26,897.36,900.04,902.74,905.34,907.82,910.10,911.94,913.29,914.21,914.75,914.90,914.90,914.98,915.22,915.67,916.29,917.04,917.82,918.65,919.59,920.78,922.16,923.76,925.79,928.33,931.96,935.88,939.44,942.50,945.51,948.88,952.43,955.44,958.08,960.96,964.12,967.55,971.02,974.57,978.14,981.69,985.19,988.99,993.33,998.46,1004.68,1010.36,1014.55,1018.23,1022.31,1027.24,1031.28,1035.18,1038.95,1041.82,1044.33,1046.67,1048.93,1051.18,1054.04,1057.02,1060.54,1064.74,1069.08,1073.35,1077.65,1082.06,1086.63,1090.79,1094.71,1098.74,1103.16,1107.81,1112.11,1116.18,1120.14,1124.20,1128.16
555.00,555.00,555.00,555.00,555.00,555.00,555.00,555.00,555.00,555.00,555.00,555.00,555.00,555.00,555.00,555.00,555.00,555.00,555.00,555.00,555.00,555.00,555.00,555.00,555.00,555.00,555.00,555.00,556.65,560.06,563.02,569.82,576.37,581.99,587.54,592.62,597.68,603.05,608.98,615.45,620.30,623.99,626.85,629.05,630.50,631.66,632.59,633.15,633.49,633.74,634.19,635.03,636.38,637.91,639.50,641.09,642.62,643.92,645.01,645.80,646.19,646.43,646.33,645.65,644.26,642.11,639.28,636.25,633.93,633.45,634.63,637.92,642.80,648.61,653.43,657.94,663.35,669.89,677.36,684.13,690.20,695.74,701.17,708.16,714.89,720.59,725.31,730.01,736.94,742.27,746.02,749.23,752.38,755.91,759.43,762.58,765.09,767.67,770.32,772.87,775.08,777.40,779.85,782.28,784.59,786.87,789.53,793.52,798.41,801.86,804.61,807.17,810.00,813.54,817.31,820.16,822.42,824.31,826.10,828.41,830.29,831.71,833.06,834.26,836.08,838.46,841.30,844.54,847.63,850.62,853.61,856.89,860.51,864.23,867.86,871.17,873.96,876.54,878.87,880.89,882.83,884.70,886.41,887.66,887.78,887.08,885.71,883.78,881.18,877.92,874.43,871.04,868.02,865.71,863.43,860.75,857.77,854.70,851.58,847.93,843.90,839.77,836.22,833.71,832.65,833.52,837.29,842.53,849.20,856.68,864.26,870.52,876.15,881.37,886.08,890.02,893.61,897.05,900.31,903.28,906.27,909.03,911.57,913.82,915.62,916.89,917.75,918.25,918.37,918.41,918.50,918.74,919.22,919.88,920.59,921.32,922.13,923.07,924.25,925.63,927.33,929.74,932.80,936.60,940.53,944.09,947.16,950.03,953.03,956.20,959.37,962.40,965.69,969.30,973.11,976.20,979.05,981.77,984.46,987.38,990.75,994.60,999.00,1004.15,1009.36,1013.46,1017.09,1020.98,1025.70,1029.72,1033.65,1037.59,1040.94,1043.52,1046.01,1048.67,1051.69,1055.01,1058.35,1062.28,1066.90,1071.30,1075.55,1079.98,1084.60,1089.24,1093.45,1097.78,1102.38,1107.23,1111.93,1116.25,1120.32,1124.23,1128.00,1131.47
555.00,555.00,555.00,555.00,555.00,555.00,555.00,555.00,555.00,555.00,555.00,555.00,555.00,555.00,555.00,555.00,555.00,555.00,555.00,555.00,555.00,555.00,555.00,555.00,555.00,555.00,555.00,555.00,556.68,560.49,564.86,571.31,577.41,582.93,588.61,593.58,598.48,603.76,609.91,617.20,621.91,625.56,628.79,631.35,633.31,634.80,636.02,637.05,637.75,638.32,639.07,640.22,641.78,643.63,645.49,647.31,649.05,650.69,651.82,652.53,652.89,653.07,653.04,652.42,651.09,649.11,646.38,643.05,639.83,637.44,635.37,636.57,639.98,644.86,650.17,654.75,660.48,667.53,675.19,682.20,688.55,694.20,699.55,706.79,713.63,719.52,724.52,729.25,735.50,740.30,743.70,746.50,749.07,752.30,756.05,759.81,762.33,764.81,767.33,769.67,771.39,773.23,775.64,778.36,781.06,783.79,787.15,792.08,797.85,801.55,804.25,806.68,809.37,812.88,817.51,820.96,823.71,826.17,828.47,831.29,833.82,836.06,838.36,840.32,842.48,844.87,847.55,850.81,853.96,856.72,859.31,862.58,866.35,870.20,873.92,877.27,879.91,882.68,885.51,888.22,890.53,891.78,892.44,892.68,892.35,891.39,890.00,888.22,885.95,883.42,880.44,877.02,873.48,870.77,868.14,865.20,861.93,858.46,855.36,852.37,848.99,845.12,841.63,839.10,837.84,838.15,840.85,845.50,852.38,860.19,867.59,873.62,878.99,884.01,888.65,892.65,896.31,899.84,903.27,906.58,909.76,912.63,915.21,917.46,919.27,920.53,921.38,921.85,921.93,921.97,922.03,922.26,922.82,923.59,924.31,925.06,925.90,926.87,928.02,929.38,931.17,933.90,937.32,941.08,944.85,948.40,951.58,954.50,957.33,960.34,963.97,967.59,971.22,975.07,979.08,981.83,984.06,986.08,988.13,990.67,993.67,996.95,1000.44,1004.23,1008.81,1012.81,1016.43,1020.15,1024.41,1028.32,1032.23,1036.18,1039.83,1042.44,1045.09,1048.25,1052.17,1056.07,1059.86,1064.12,1068.92,1073.31,1077.57,1082.21,1087.13,1091.86,1096.12,1101.03,1106.27,1111.36,1115.94,1120.25,1124.33,1128.12,1131.48,1134.43
555.00,555.00,555.00,555.00,555.00,555.00,555.00,555.00,555.00,555.00,555.00,555.00,555.00,555.00,555.00,555.00,555.00,555.00,555.00,555.00,555.00,555.00,555.00,555.00,555.00,555.00,555.00,555.00,556.68,560.77,566.25,572.36,578.13,583.66,589.37,594.19,599.13,604.63,611.08,618.67,623.42,627.17,630.63,633.37,635.55,637.35,638.93,640.33,641.45,642.46,643.81,645.63,647.49,649.45,651.61,653.85,655.90,657.47,658.41,658.88,658.96,658.75,658.07,656.89,655.30,653.54,651.39,648.92,646.06,642.65,638.90,637.91,638.75,641.30,646.45,651.81,657.55,664.21,672.46,679.39,686.02,692.04,697.47,704.49,711.26,717.35,722.66,727.36,732.68,737.23,740.88,743.75,746.28,748.87,752.01,755.63,758.61,761.49,764.15,766.39,767.88,769.37,771.29,773.86,777.18,780.64,784.87,790.25,796.23,800.84,803.67,806.08,808.69,812.08,816.97,820.66,823.62,826.30,828.95,832.19,835.47,838.52,841.17,843.44,845.94,848.93,852.53,856.31,859.35,861.65,863.89,867.87,872.25,876.30,880.08,883.85,887.01,889.84,892.48,894.82,896.40,897.18,897.28,896.92,896.26,895.08,893.69,892.05,890.05,887.92,885.18,882.09,878.84,875.64,872.47,869.26,865.89,862.12,858.28,855.30,852.66,849.89,846.73,844.41,842.77,842.15,843.83,847.87,855.30,863.72,870.73,876.25,881.46,886.48,891.13,895.12,898.92,902.57,906.15,909.70,912.96,916.04,918.83,921.20,923.10,924.48,925.34,925.75,925.80,925.61,925.58,925.80,926.35,927.24,928.28,929.34,930.39,931.54,932.86,934.32,936.08,938.54,941.39,944.83,948.49,952.08,955.24,958.45,961.87,965.52,969.45,973.39,977.02,980.43,983.64,986.18,988.42,990.60,992.80,995.11,997.60,1000.04,1002.55,1005.55,1009.16,1012.97,1016.75,1020.45,1024.07,1027.60,1031.14,1034.67,1038.05,1041.22,1044.53,1048.15,1052.22,1056.57,1061.12,1065.84,1070.56,1074.85,1079.28,1084.23,1089.43,1094.29,1098.94,1104.60,1110.24,1114.97,1119.31,1123.57,1127.56,1131.15,1134.29,1137.22
555.00,555.00,555.00,555.00,555.00,555.00,555.00,555.00,555.00,555.00,555.00,555.00,555.00,555.00,555.00,555.00,555.00,555.00,555.00,555.00,555.00,555.00,555.00,555.00,555.00,555.00,555.00,555.00,556.70,560.99,567.27,573.15,578.74,584.32,590.01,594.74,599.80,605.57,612.28,619.84,624.74,628.66,632.24,635.15,637.57,639.62,641.42,643.04,644.57,646.12,648.04,650.35,652.53,654.81,657.22,659.68,662.01,663.64,664.69,665.16,664.93,664.19,663.01,661.42,659.53,657.58,655.55,653.53,651.13,647.79,644.00,641.31,639.61,639.62,643.52,648.85,654.64,661.23,669.49,676.37,683.00,689.17,694.81,701.62,708.35,714.44,719.74,724.35,729.10,733.51,737.31,740.32,742.88,745.16,747.81,751.03,754.29,757.55,760.51,762.89,764.25,765.19,766.78,769.45,773.41,777.75,782.96,788.76,794.70,799.74,802.78,805.30,807.93,811.13,815.79,819.59,822.75,825.62,828.61,832.17,836.09,839.89,842.85,845.47,848.40,851.93,856.14,860.11,863.16,865.54,868.09,872.56,877.24,881.44,885.34,889.25,892.72,895.59,898.06,900.04,901.18,901.78,901.72,901.12,900.18,898.80,897.23,895.50,893.61,891.66,889.17,886.40,883.36,879.88,876.40,873.09,869.78,866.15,862.12,859.01,856.49,854.10,851.28,849.10,847.17,845.91,846.88,850.81,858.58,867.08,873.41,878.60,883.90,889.00,893.62,897.66,901.54,905.28,908.99,912.74,916.13,919.32,922.25,924.82,926.97,928.44,929.31,929.68,929.64,929.33,929.25,929.51,930.24,931.49,933.00,934.51,935.93,937.25,938.73,940.31,942.00,943.86,945.86,948.74,952.12,955.65,959.01,962.61,966.40,970.36,974.42,978.39,981.95,985.18,988.17,990.84,993.26,995.55,997.72,999.71,1001.64,1003.38,1005.13,1007.42,1010.40,1013.98,1017.71,1021.23,1024.39,1027.60,1030.89,1034.18,1037.31,1040.65,1044.29,1048.20,1052.48,1057.31,1062.29,1067.18,1071.83,1076.15,1081.00,1086.24,1091.57,1096.64,1102.26,1108.30,1113.87,1118.34,1122.47,1126.62,1130.52,1134.03,1137.12,1140.44
555.00,555.00,555.00,555.00,555.00,555.00,555.00,555.00,555.00,555.00,555.00,555.00,555.00,555.00,555.00,555.00,555.00,555.00,555.00,555.00,555.00,555.00,555.00,555.00,555.00,555.00,555.00,555.10,556.83,561.17,567.95,573.70,579.24,584.91,590.58,595.30,600.53,606.56,613.47,620.68,625.87,630.00,633.57,636.67,639.39,641.58,643.44,645.18,647.10,649.25,651.64,654.22,656.74,659.56,662.16,664.61,667.18,669.06,670.62,671.39,670.91,669.63,668.21,666.45,664.24,661.65,659.13,656.95,654.87,652.60,650.29,646.59,642.75,640.38,641.92,646.05,651.79,658.64,666.33,673.20,679.56,685.60,691.54,698.20,704.93,710.84,715.77,720.22,724.84,729.15,732.97,736.09,738.71,741.07,743.45,746.12,749.36,752.86,756.25,759.05,760.39,760.64,762.21,765.30,769.86,775.21,781.49,787.74,793.44,798.25,801.55,804.32,807.03,810.03,814.00,817.78,821.14,824.19,827.52,831.32,835.72,840.16,843.46,846.57,850.01,853.93,858.26,862.01,865.23,868.35,871.87,876.49,881.02,885.34,889.39,893.12,896.57,899.52,901.93,903.73,904.92,905.64,905.78,905.31,904.18,902.67,900.72,898.65,896.69,894.67,892.49,889.95,886.94,883.44,879.96,876.72,873.68,870.64,867.12,863.88,860.88,858.06,855.56,853.23,851.05,849.52,850.09,854.37,862.18,870.16,875.57,880.74,886.35,891.57,896.08,900.29,904.17,907.96,911.79,915.72,919.30,922.49,925.50,928.37,930.90,932.41,933.27,933.63,933.42,933.12,933.06,933.46,934.57,936.43,938.47,940.51,942.42,943.89,945.46,947.18,948.76,949.81,950.83,952.98,955.88,959.26,963.05,967.01,970.88,974.69,978.67,982.41,985.90,989.37,992.92,996.09,998.79,1001.04,1002.84,1004.44,1005.78,1007.02,1008.30,1009.89,1012.60,1015.90,1019.28,1022.45,1025.38,1028.41,1031.66,1034.97,1037.95,1041.00,1044.51,1048.52,1053.14,1058.47,1063.44,1068.19,1072.81,1077.33,1082.75,1088.28,1093.63,1099.01,1106.07,1112.07,1117.08,1121.47,1125.48,1129.45,1133.29,1136.86,1140.10,1144.19
555.00,555.00,555.00,555.00,555.00,555.00,555.00,555.00,555.00,555.00,555.00,555.00,555.00,555.00,555.00,555.00,555.00,555.00,555.00,555.00,555.00,555.00,555.00,555.00,555.00,555.00,555.00,556.44,558.34,561.35,568.45,574.05,579.56,585.40,591.25,595.90,601.23,607.44,614.40,621.32,626.83,631.13,634.61,637.85,640.55,642.80,644.80,646.76,648.99,651.72,654.60,657.40,660.10,663.12,666.03,668.81,671.55,673.93,675.92,677.16,677.26,676.58,675.34,673.31,670.50,667.29,664.24,661.44,658.78,656.27,654.20,651.28,648.20,645.77,645.03,645.94,649.17,654.77,662.68,669.72,676.08,682.05,687.92,694.38,701.21,706.99,711.52,715.82,720.25,724.42,728.18,731.40,734.04,736.33,738.49,740.69,743.31,746.67,750.35,753.67,755.59,756.83,758.82,762.11,767.12,773.38,780.44,787.09,792.67,796.79,800.04,802.89,805.64,808.59,812.03,815.56,818.88,821.96,825.38,829.40,834.13,839.04,843.01,846.52,850.27,854.43,858.89,862.64,866.16,869.83,873.90,878.52,882.86,887.10,891.24,895.19,898.85,901.83,904.34,906.40,907.95,908.86,909.19,908.96,908.04,906.68,904.71,902.44,900.13,897.80,895.65,893.22,890.30,887.01,883.63,880.64,877.97,875.37,872.52,870.12,867.88,865.58,863.14,859.00,855.67,853.88,853.65,856.79,864.45,872.52,877.56,883.21,888.86,893.96,898.44,902.75,906.71,910.65,914.66,918.66,922.32,925.68,929.15,932.71,935.36,936.71,937.44,937.74,937.38,937.00,937.09,937.76,939.15,941.23,943.43,945.54,947.40,948.83,950.40,951.97,953.45,954.82,956.04,958.02,960.64,963.80,967.48,971.24,974.99,978.75,982.54,986.20,990.16,994.37,998.56,1002.26,1005.04,1007.20,1008.87,1010.28,1011.32,1012.27,1013.16,1014.06,1016.04,1018.65,1021.49,1024.34,1027.10,1030.41,1034.03,1037.60,1040.47,1043.38,1046.72,1050.63,1055.30,1060.35,1065.13,1069.84,1074.53,1079.07,1084.73,1090.40,1096.00,1102.18,1109.45,1115.31,1120.09,1124.31,1128.31,1132.20,1136.04,1139.88,1143.75,1147.95
555.00,555.00,555.00,555.00,555.00,555.00,555.00,555.00,555.00,555.00,555.00,555.00,555.00,555.00,555.00,555.00,555.00,555.00,555.00,555.00,555.00,555.00,555.00,555.00,555.00,555.00,555.00,557.66,559.70,561.49,568.79,574.27,579.77,585.78,591.81,596.38,601.80,608.17,615.15,621.84,627.61,632.04,635.41,638.72,641.35,643.65,645.82,648.03,650.60,653.84,657.12,660.14,662.99,666.11,669.34,672.52,675.47,678.23,680.55,682.23,683.04,683.13,682.23,680.18,677.13,673.65,670.16,666.69,663.32,660.29,657.85,655.63,653.55,651.54,649.20,647.36,647.94,651.69,659.13,666.07,672.49,678.48,684.22,690.41,697.35,703.13,707.45,711.51,715.63,719.59,723.28,726.51,729.19,731.47,733.55,735.51,737.62,740.65,744.34,748.06,750.85,753.46,756.07,759.62,765.07,772.04,779.41,786.14,791.56,795.10,798.28,801.20,804.03,806.95,809.98,813.24,816.45,819.52,822.87,827.09,832.02,837.22,841.91,845.77,849.75,854.07,858.59,862.47,866.33,870.44,874.86,879.42,883.61,887.75,891.94,896.13,900.02,903.14,905.88,908.37,910.40,911.58,912.18,912.25,911.63,910.48,908.66,906.38,903.81,901.18,898.93,896.50,893.68,890.61,887.37,884.61,882.24,880.03,877.80,876.22,874.78,873.05,870.70,865.42,861.20,858.87,857.62,859.67,866.77,874.65,879.76,885.87,891.39,896.30,900.78,905.19,909.24,913.30,917.44,921.53,925.33,929.07,933.11,937.28,940.11,941.40,942.05,942.24,941.71,941.16,941.28,942.10,943.65,945.71,947.80,949.74,951.44,952.86,954.43,955.94,957.53,959.48,961.16,963.13,965.51,968.39,971.82,975.32,978.97,982.76,986.51,990.38,994.95,999.86,1004.50,1008.54,1011.40,1013.59,1015.31,1016.66,1017.44,1018.02,1018.43,1018.67,1019.76,1021.61,1023.93,1026.57,1029.40,1033.05,1036.99,1040.75,1043.66,1046.58,1049.82,1053.61,1058.15,1062.72,1067.44,1072.23,1077.00,1081.59,1087.16,1092.75,1098.58,1105.62,1112.74,1118.38,1122.97,1127.06,1131.08,1134.94,1138.90,1143.07,1147.50,1151.63
555.00,555.00,555.00,555.00,555.00,555.00,555.00,555.00,555.00,555.00,555.00,555.00,555.00,555.00,555.00,555.00,555.00,555.00,555.00,555.00,555.00,555.00,555.00,555.00,555.00,555.00,555.00,557.66,559.70,561.49,568.78,574.23,579.82,585.97,591.99,596.46,602.02,608.56,615.57,622.18,628.00,632.42,635.71,638.98,641.65,644.02,646.32,648.78,651.88,655.41,658.91,662.16,665.15,668.33,671.80,675.38,678.69,681.35,683.70,685.65,686.94,687.47,687.07,685.77,683.65,680.90,677.27,673.30,669.49,666.11,662.50,659.43,657.00,655.07,652.95,651.15,650.45,651.68,656.25,662.13,668.61,674.88,680.54,686.34,693.28,699.43,704.09,707.67,711.12,714.77,718.34,721.39,724.16,726.73,729.14,731.42,733.68,736.13,739.19,742.85,746.93,750.85,754.28,758.42,764.41,771.55,778.15,784.10,789.16,792.73,796.00,799.16,802.19,805.01,807.85,810.92,814.02,817.03,820.14,824.45,829.31,834.45,839.72,843.88,848.04,852.39,856.80,860.96,865.16,869.51,874.02,878.50,882.67,886.81,891.01,895.23,899.28,902.80,906.01,909.04,911.76,913.39,914.42,914.92,914.54,913.59,912.15,910.27,907.89,905.24,902.65,900.02,897.24,894.28,891.22,888.47,886.16,884.32,882.43,880.95,879.54,877.89,875.84,872.47,868.75,865.15,862.46,864.63,870.17,876.67,882.59,888.80,893.95,898.63,903.17,907.66,911.81,915.83,919.92,924.24,928.44,933.01,937.66,941.93,945.24,946.99,947.77,947.78,946.96,946.08,945.77,946.25,947.71,949.37,950.88,952.34,953.88,955.54,957.17,959.10,961.35,963.81,965.85,967.83,969.97,972.48,975.63,979.13,982.86,986.78,991.01,995.75,1000.96,1006.12,1010.64,1014.46,1017.55,1020.14,1022.25,1023.76,1024.19,1024.01,1023.60,1023.33,1023.37,1024.59,1026.62,1029.26,1032.78,1036.68,1040.51,1044.09,1047.41,1050.60,1053.99,1057.72,1061.86,1065.97,1071.13,1076.28,1081.01,1085.88,1090.72,1095.68,1101.49,1109.25,1116.07,1121.29,1125.66,1129.74,1133.76,1137.74,1142.06,1146.66,1151.05,1155.05
555.00,555.00,555.00,555.00,555.00,555.00,555.00,555.00,555.00,555.00,555.00,555.00,555.00,555.00,555.00,555.00,555.00,555.00,555.00,555.00,555.00,555.00,555.00,555.00,555.00,555.00,555.00,557.64,559.68,561.49,568.78,574.21,579.84,586.04,592.05,596.53,602.12,608.71,615.77,622.50,628.33,632.70,635.91,639.09,641.75,644.17,646.53,649.11,652.63,656.60,660.33,663.55,666.63,670.04,673.83,677.70,681.10,683.96,686.50,688.83,690.76,691.79,691.84,691.11,689.69,687.57,684.27,679.93,675.56,672.11,668.51,665.35,662.47,659.76,657.23,655.23,653.97,653.80,655.60,658.97,664.44,670.63,676.52,682.29,688.92,695.28,700.59,704.23,707.39,710.59,713.75,716.64,719.36,721.97,724.51,726.95,729.30,731.58,734.47,738.18,742.88,747.96,752.47,757.43,763.85,770.95,776.67,781.60,785.95,789.56,792.77,795.83,799.02,802.50,805.43,808.45,811.56,814.68,817.79,821.58,826.09,831.19,836.65,841.28,845.75,850.24,854.68,858.87,863.11,867.51,872.04,876.44,880.59,884.78,889.08,893.40,897.39,901.05,904.70,908.46,911.95,914.60,916.46,917.49,917.40,916.65,915.45,913.86,911.77,909.16,906.51,903.95,901.39,898.56,895.74,893.21,891.02,889.17,887.41,885.93,884.49,882.87,880.93,878.23,874.81,870.99,867.82,868.64,872.69,878.55,885.18,891.19,896.24,900.99,905.63,909.88,913.89,917.92,922.12,926.66,931.23,936.22,941.23,945.73,948.95,950.86,951.89,952.16,951.51,950.70,950.29,950.41,951.12,952.23,953.45,954.74,956.19,958.00,960.50,963.23,965.90,968.25,970.13,971.96,973.92,976.28,979.44,982.95,986.70,990.72,995.25,1000.78,1006.35,1011.51,1016.00,1020.27,1023.73,1026.52,1028.69,1030.28,1030.55,1029.90,1028.77,1027.62,1026.88,1027.48,1029.20,1031.94,1035.51,1039.57,1043.61,1047.41,1050.73,1053.96,1057.40,1061.13,1065.24,1069.80,1075.46,1080.96,1085.70,1090.03,1094.37,1099.38,1105.43,1112.82,1119.01,1123.95,1128.26,1132.37,1136.37,1140.60,1145.12,1149.78,1154.14,1157.99
555.00,555.00,555.00,555.00,555.00,555.00,555.00,555.00,555.00,555.00,555.00,555.00,555.00,555.00,555.00,555.00,555.00,555.00,555.00,555.00,555.00,555.00,555.00,555.00,555.00,555.00,555.00,557.36,559.37,561.45,568.70,574.15,579.80,586.01,592.04,596.55,602.13,608.71,615.87,622.78,628.58,632.87,636.00,639.04,641.68,644.16,646.57,649.22,653.05,657.48,661.40,664.54,667.68,671.42,675.55,679.63,683.03,686.25,689.13,691.90,694.50,696.02,696.48,696.22,695.34,693.76,691.11,686.69,681.92,678.44,675.32,672.38,669.07,665.37,662.24,659.94,658.43,657.41,656.71,657.07,660.78,666.28,672.19,678.01,684.20,690.70,696.78,700.78,704.00,706.80,709.45,712.14,714.68,717.16,719.68,722.21,724.65,727.03,730.03,733.89,738.92,745.03,750.60,756.36,763.13,770.02,774.90,778.79,782.34,785.89,788.94,791.76,795.04,799.33,802.66,805.82,809.04,812.34,815.57,818.64,822.63,827.60,833.07,838.18,842.99,847.70,852.32,856.42,860.53,864.86,869.35,873.73,877.87,882.12,886.52,890.99,894.87,898.53,902.52,907.00,911.33,915.19,918.06,919.73,920.00,919.49,918.49,917.17,915.47,913.07,910.57,908.21,905.92,903.31,900.79,898.57,896.52,894.49,892.71,891.12,889.56,887.90,885.94,883.34,880.17,876.65,873.46,872.38,874.98,880.39,887.44,893.21,898.38,903.38,908.11,911.93,915.71,919.81,924.25,928.98,933.84,939.00,944.20,948.87,951.74,953.70,955.09,955.84,955.69,955.18,954.81,954.51,954.26,954.75,955.81,957.15,958.78,960.88,964.43,967.93,970.81,972.78,974.33,975.99,977.88,980.22,983.42,986.81,990.49,994.59,999.35,1005.55,1011.34,1016.43,1021.02,1025.93,1029.81,1032.70,1034.74,1036.30,1036.52,1035.64,1034.00,1031.98,1030.66,1030.58,1031.86,1034.57,1037.89,1042.09,1046.51,1050.61,1053.79,1056.98,1060.43,1064.20,1068.51,1073.99,1080.14,1085.88,1090.56,1094.10,1098.24,1103.59,1109.85,1116.32,1121.77,1126.49,1130.83,1134.96,1138.99,1143.51,1148.14,1152.69,1156.98,1160.63
555.00,555.00,555.00,555.00,555.00,555.00,555.00,555.00,555.00,555.00,555.00,555.00,555.00,555.00,555.00,555.00,555.00,555.00,555.00,555.00,555.00,555.00,555.00,555.00,555.00,555.00,555.00,555.90,557.73,561.27,568.19,573.80,579.60,585.87,591.97,596.46,602.02,608.65,615.94,622.91,628.62,632.75,635.70,638.62,641.31,643.93,646.51,649.28,653.23,657.74,661.77,665.06,668.36,672.47,676.88,681.10,684.65,688.22,691.74,695.14,698.12,699.84,700.65,700.76,700.24,699.09,697.40,694.08,689.90,686.00,682.54,679.43,676.11,672.53,669.50,667.14,665.03,662.94,660.81,659.45,660.38,663.06,667.17,672.48,678.46,685.12,691.73,696.37,700.22,703.19,705.62,707.88,710.08,712.16,714.47,717.14,719.88,722.57,725.85,730.07,735.74,742.60,748.42,754.33,761.33,767.78,772.24,775.72,778.77,781.76,784.62,787.41,790.48,794.41,799.01,802.84,806.31,809.70,812.99,815.92,819.32,823.65,829.27,834.41,839.34,844.38,849.52,853.70,857.58,861.67,866.14,870.77,874.97,879.07,883.35,887.98,892.12,895.87,899.79,904.34,909.69,914.31,918.05,920.65,921.42,921.30,920.66,919.80,918.78,917.28,915.24,913.04,910.85,908.75,906.79,904.81,902.76,900.65,898.67,896.71,894.76,892.83,890.75,888.53,885.81,882.55,879.14,877.25,878.45,882.45,888.75,894.77,900.51,905.82,910.41,913.87,917.45,921.86,926.78,931.59,936.38,941.68,946.75,950.86,953.58,955.83,957.70,959.12,959.82,959.76,959.17,958.35,957.67,957.64,958.39,960.18,963.06,966.48,969.89,972.99,975.59,977.48,979.24,981.03,983.06,985.50,988.17,990.82,994.10,998.27,1003.46,1009.86,1015.85,1021.29,1026.39,1031.18,1035.32,1038.36,1040.17,1041.38,1041.66,1040.97,1039.58,1037.77,1035.95,1034.99,1035.23,1037.04,1040.22,1044.72,1049.29,1053.35,1056.71,1060.03,1063.51,1067.39,1072.13,1078.33,1084.86,1090.37,1094.42,1098.13,1103.00,1108.38,1113.97,1119.65,1124.63,1129.12,1133.37,1137.52,1141.81,1146.47,1151.20,1155.76,1159.75,1163.01
555.00,555.00,555.00,555.00,555.00,555.00,555.00,555.00,555.00,555.00,555.00,555.00,555.00,555.00,555.00,555.00,555.00,555.00,555.00,555.00,555.00,555.00,555.00,555.00,555.00,555.00,555.00,555.00,556.71,561.08,567.57,573.30,579.19,585.49,591.77,596.30,601.87,608.53,615.84,622.80,628.48,632.53,635.37,638.19,640.82,643.47,646.15,649.03,653.02,657.62,661.75,665.16,668.68,673.13,677.81,682.27,686.11,690.02,694.13,698.04,701.27,703.31,704.53,705.02,704.81,703.98,702.84,700.52,697.34,693.88,690.72,687.78,684.65,681.27,678.22,675.40,672.49,669.49,666.65,664.21,663.11,663.38,665.25,668.63,673.19,679.04,685.53,690.72,695.20,698.54,701.15,703.51,705.68,707.57,709.69,712.30,715.12,718.11,721.65,726.21,732.65,740.22,746.11,751.71,758.36,764.46,768.74,772.05,774.86,777.45,780.23,782.95,785.74,789.13,794.13,798.80,803.00,806.81,810.26,813.31,816.59,820.55,825.73,830.58,835.43,840.64,846.25,850.89,854.76,858.60,862.79,867.44,871.87,875.99,880.13,884.72,889.10,893.08,897.12,901.75,907.60,912.77,917.38,920.96,922.17,922.76,922.62,922.16,921.66,920.95,919.42,917.58,915.72,914.00,912.29,910.42,908.37,906.17,904.01,901.78,899.58,897.41,895.12,892.93,890.53,887.75,884.62,882.22,882.32,885.09,890.57,896.81,902.98,908.34,912.56,915.82,919.53,924.21,929.31,933.94,938.63,943.95,948.82,952.42,955.20,957.81,960.27,962.42,963.84,964.09,963.38,962.34,961.57,961.34,962.12,964.34,968.02,972.06,975.25,977.98,980.37,982.33,984.43,986.38,988.41,990.64,992.69,994.66,997.69,1002.08,1007.67,1014.35,1020.47,1026.00,1031.19,1035.92,1040.02,1043.03,1044.78,1045.86,1046.30,1045.96,1044.97,1043.46,1041.30,1039.57,1038.89,1039.90,1043.00,1047.49,1051.95,1055.94,1059.50,1062.98,1066.66,1070.79,1075.92,1082.90,1089.14,1094.06,1097.87,1102.13,1107.42,1112.65,1117.68,1122.75,1127.36,1131.70,1135.93,1140.19,1144.71,1149.45,1154.20,1158.73,1162.53,1165.56
555.00,555.00,555.00,555.00,555.00,555.00,555.00,555.00,555.00,555.00,555.00,555.00,555.00,555.00,555.00,555.00,555.00,555.00,555.00,555.00,555.00,555.00,555.00,555.00,555.00,555.00,555.00,555.00,556.69,560.90,566.87,572.64,578.54,584.83,591.42,596.08,601.67,608.31,615.56,622.38,628.15,632.26,635.04,637.78,640.22,642.75,645.43,648.38,652.33,657.06,661.32,664.81,668.61,673.36,678.33,683.10,687.37,691.64,696.19,700.44,703.82,706.35,708.09,708.99,709.05,708.44,707.29,705.66,703.78,701.82,699.80,697.50,694.73,691.50,688.25,684.58,680.74,677.13,674.30,671.31,669.21,667.94,667.38,667.31,668.96,672.80,678.33,683.78,688.72,692.56,695.77,698.87,701.38,703.42,705.48,707.83,710.45,713.67,717.40,722.20,729.44,737.68,743.59,748.54,754.10,760.01,764.31,767.68,770.50,772.99,775.82,778.42,780.88,783.75,787.94,793.48,798.95,803.56,807.38,810.82,814.54,818.58,822.67,826.89,831.43,836.58,842.46,848.00,852.16,855.77,859.41,863.76,868.59,872.93,876.98,881.28,885.82,890.16,894.58,899.44,905.12,910.61,916.07,920.61,922.26,923.88,924.38,924.25,924.04,923.90,922.87,921.64,920.41,918.84,917.02,915.11,913.07,910.77,908.48,906.17,903.88,901.57,898.95,896.34,894.04,891.98,889.72,887.08,886.47,888.41,893.21,899.52,905.84,910.91,914.52,917.81,922.03,926.89,931.75,935.93,940.51,945.73,950.35,953.63,956.68,959.74,962.88,965.83,967.73,968.07,967.43,966.56,966.05,965.98,967.18,969.76,973.49,977.14,980.16,982.79,985.14,987.32,989.80,991.91,993.74,995.38,996.86,998.36,1001.39,1006.17,1012.08,1019.10,1025.25,1030.47,1035.19,1040.05,1043.81,1046.59,1048.49,1049.76,1050.45,1050.54,1050.03,1048.72,1046.43,1044.18,1042.84,1043.31,1046.35,1050.37,1054.49,1058.41,1062.16,1065.80,1069.88,1074.45,1079.88,1087.65,1092.79,1096.81,1100.99,1106.06,1111.22,1116.16,1120.90,1125.57,1129.92,1134.18,1138.51,1143.00,1147.66,1152.43,1157.11,1161.52,1165.31,1168.38
555.00,555.00,555.00,555.00,555.00,555.00,555.00,555.00,555.00,555.00,555.00,555.00,555.00,555.00,555.00,555.00,555.00,555.00,555.00,555.00,555.00,555.00,555.00,555.00,555.00,555.00,555.00,555.00,556.68,560.72,565.99,571.96,577.88,584.09,591.07,595.83,601.36,607.87,615.00,621.77,627.73,631.96,634.67,637.15,639.43,641.96,644.69,647.61,651.24,655.68,659.98,663.86,668.06,673.24,678.50,683.51,688.16,692.81,697.61,702.10,705.83,708.87,711.02,712.25,712.62,712.36,711.50,710.37,709.05,707.44,705.43,703.33,701.18,698.95,696.51,693.79,690.52,687.02,683.86,679.96,676.23,673.32,671.58,670.01,669.74,671.33,674.51,678.09,682.58,686.36,689.58,692.77,695.48,698.17,701.06,704.07,706.65,709.80,713.55,718.24,724.85,732.97,739.80,745.25,749.84,754.94,759.23,762.77,765.71,768.41,771.34,773.97,776.38,778.98,782.59,787.79,793.57,799.19,804.04,808.09,812.40,817.05,821.43,825.16,828.80,833.10,838.58,844.37,849.33,853.38,856.93,861.17,865.72,869.96,874.06,878.46,883.03,887.46,892.09,897.20,902.73,907.88,913.42,918.64,921.55,923.58,924.86,925.74,926.34,926.47,925.87,925.13,924.34,922.99,921.34,919.56,917.61,915.31,912.89,910.39,907.88,905.30,902.49,899.63,897.17,895.11,893.11,890.94,890.33,891.96,896.45,902.52,908.29,912.91,916.47,920.23,924.89,929.54,933.87,937.88,942.39,947.24,951.50,954.75,957.99,961.96,965.80,969.09,971.42,971.99,971.50,970.78,970.46,970.63,972.10,974.75,978.27,981.51,984.35,987.08,989.67,991.97,994.38,996.63,998.60,1000.26,1001.87,1003.59,1006.80,1011.69,1017.53,1023.67,1029.22,1034.17,1038.76,1043.48,1047.26,1050.12,1052.12,1053.43,1054.22,1054.37,1053.88,1052.60,1050.59,1048.69,1047.43,1047.51,1049.81,1053.07,1056.87,1060.94,1064.88,1068.69,1072.91,1078.00,1084.35,1090.84,1095.37,1099.50,1104.15,1109.32,1114.37,1119.12,1123.64,1128.05,1132.29,1136.58,1141.08,1145.82,1150.51,1155.30,1159.84,1163.95,1167.71,1171.53
555.00,555.00,555.00,555.00,555.00,555.00,555.00,555.00,555.00,555.00,555.00,555.00,555.00,555.00,555.00,555.00,555.00,555.00,555.00,555.00,555.00,555.00,555.00,555.00,555.00,555.00,555.00,555.00,556.68,560.49,564.86,571.01,577.05,583.27,590.66,595.53,601.00,607.40,614.41,621.05,627.20,631.54,634.13,636.30,638.40,640.84,643.52,646.35,649.70,653.89,658.23,662.52,667.21,672.79,678.38,683.68,688.66,693.68,698.68,703.38,707.48,711.02,713.60,715.22,715.99,716.12,715.67,714.98,714.03,712.61,710.57,708.54,706.73,705.10,703.36,701.71,699.33,696.33,693.14,688.92,684.09,679.95,677.30,674.75,672.91,672.39,673.15,674.63,677.98,681.07,683.80,686.68,689.51,692.72,696.35,700.13,703.12,706.24,710.00,714.58,720.41,727.99,735.22,741.11,745.32,749.71,753.91,757.54,760.58,763.47,766.40,769.13,771.69,774.32,777.61,782.28,788.01,794.38,800.24,805.05,809.92,815.19,820.48,823.85,826.66,830.13,835.04,840.72,846.28,850.90,854.69,858.91,863.09,867.11,871.23,875.74,880.35,884.83,889.52,894.68,900.16,905.00,910.33,915.95,920.32,922.73,924.75,926.67,928.23,928.71,928.56,928.33,927.96,926.88,925.45,923.81,921.94,919.67,917.18,914.55,911.83,909.01,906.09,903.10,900.42,898.12,896.18,894.54,894.08,895.55,899.76,905.56,910.64,914.84,918.54,922.86,927.75,932.09,935.94,939.85,944.30,948.70,952.62,955.94,959.47,964.33,968.75,972.25,974.98,975.90,975.67,975.12,974.90,975.26,976.90,979.51,982.73,985.69,988.49,991.39,994.28,996.83,999.23,1001.54,1003.60,1005.36,1007.28,1009.38,1012.71,1017.42,1022.88,1027.97,1032.85,1037.56,1042.09,1046.60,1050.48,1053.55,1055.71,1057.21,1058.14,1058.24,1057.57,1056.15,1054.40,1052.90,1051.82,1051.60,1053.12,1055.73,1059.33,1063.57,1067.68,1071.63,1076.04,1081.60,1088.58,1093.55,1097.77,1102.26,1107.30,1112.38,1117.28,1121.85,1126.18,1130.41,1134.59,1138.99,1143.70,1148.66,1153.31,1158.06,1162.47,1166.43,1170.28,1174.82
555.00,555.00,555.00,555.00,555.00,555.00,555.00,555.00,555.00,555.00,555.00,555.00,555.00,555.00,555.00,555.00,555.00,555.00,555.00,555.00,555.00,555.00,555.00,555.00,555.00,555.00,555.00,555.00,556.66,560.11,563.08,569.32,575.70,582.24,590.10,595.13,600.63,607.01,613.90,620.16,626.44,630.79,633.12,634.96,636.76,638.77,641.03,643.72,647.13,651.48,656.00,660.54,665.84,671.63,677.64,683.47,688.62,693.95,699.19,704.10,708.48,712.49,715.62,717.89,719.30,719.83,719.89,719.61,719.11,718.37,717.03,715.06,712.51,709.64,707.35,705.60,703.84,701.96,699.99,697.49,693.82,689.76,685.92,682.34,679.27,677.23,676.48,677.03,677.88,678.78,679.93,681.84,684.72,687.63,690.96,695.02,699.63,703.12,707.03,711.86,717.62,723.93,729.30,734.49,740.02,744.53,748.40,751.81,754.80,757.45,760.10,763.01,766.14,769.47,773.10,777.61,783.00,789.19,795.48,801.24,806.47,811.99,818.92,822.19,824.88,828.20,832.60,837.58,842.80,847.82,852.47,856.73,860.81,864.63,868.48,872.82,877.65,882.25,886.66,891.29,896.95,902.10,907.08,912.35,918.16,921.38,923.88,926.40,928.90,930.20,930.77,931.15,931.31,930.57,929.32,927.69,925.76,923.54,921.09,918.58,915.92,913.06,910.13,907.18,904.35,901.75,899.65,898.14,897.79,899.11,902.86,908.50,913.05,917.01,921.02,925.83,930.32,934.37,938.14,941.92,946.25,950.23,953.88,957.48,961.63,966.87,971.53,975.27,978.35,979.85,980.12,979.82,979.50,979.77,981.46,983.92,986.81,989.82,993.10,996.25,999.34,1002.59,1005.53,1007.71,1009.42,1011.04,1013.25,1015.61,1018.69,1022.59,1027.03,1031.61,1036.16,1040.65,1045.06,1049.34,1053.31,1056.65,1059.28,1061.51,1062.89,1062.91,1061.78,1059.88,1057.93,1056.26,1055.07,1054.76,1055.85,1058.42,1062.14,1066.52,1070.71,1074.64,1079.57,1085.43,1091.60,1096.04,1100.49,1105.27,1110.35,1115.42,1120.00,1124.30,1128.47,1132.66,1136.84,1141.53,1146.52,1151.51,1156.07,1160.57,1164.98,1169.28,1173.66,1178.26
555.00,555.00,555.00,555.00,555.00,555.00,555.00,555.00,555.00,555.00,555.00,555.00,555.00,555.00,555.00,555.00,555.00,555.00,555.00,555.00,555.00,555.00,555.00,555.00,555.00,555.00,555.00,555.00,556.64,559.77,561.56,567.46,574.05,580.97,589.10,594.54,600.09,606.27,612.84,618.71,624.45,628.72,631.32,632.99,634.48,636.14,638.05,640.39,643.69,648.32,653.20,658.09,663.81,670.27,676.81,682.99,688.43,694.04,699.41,704.38,708.87,713.30,717.16,720.07,721.95,723.01,723.63,723.92,724.06,724.07,723.40,721.87,719.52,716.61,714.17,711.96,709.67,707.40,705.47,703.72,701.03,697.74,694.21,690.56,686.86,683.91,682.13,681.65,681.34,681.36,681.88,683.29,685.70,688.19,690.89,694.03,697.63,700.73,704.53,709.27,714.83,720.52,725.18,729.66,734.63,739.11,742.97,746.40,749.61,752.83,755.50,758.21,761.13,764.35,768.11,772.52,778.10,784.91,791.44,797.63,803.28,809.02,815.81,819.39,822.57,826.16,830.37,835.00,839.84,844.82,849.70,853.99,858.11,862.01,865.92,870.14,874.87,879.49,883.90,888.40,893.90,899.18,904.07,909.07,915.04,919.76,923.29,926.40,929.44,931.54,932.81,933.75,934.34,934.02,933.16,931.69,929.71,927.35,924.86,922.38,919.80,917.03,914.11,911.19,908.39,905.82,903.75,902.31,901.91,902.99,906.20,911.14,915.53,919.73,924.10,928.82,932.98,936.79,940.40,943.96,948.01,951.65,955.09,958.93,964.34,969.60,974.18,978.07,981.37,983.57,984.63,984.91,984.79,985.03,986.63,989.02,991.89,995.08,998.89,1002.33,1005.39,1008.39,1011.13,1013.17,1014.83,1016.44,1018.63,1020.98,1023.72,1026.99,1030.91,1035.17,1039.20,1043.19,1047.42,1051.55,1055.84,1059.81,1063.18,1066.15,1067.89,1068.05,1066.86,1064.67,1062.42,1060.23,1058.62,1058.17,1059.01,1061.64,1065.41,1069.73,1073.80,1077.90,1083.22,1089.08,1094.35,1098.71,1103.46,1108.42,1113.41,1118.32,1122.62,1126.70,1130.76,1134.92,1139.13,1143.93,1149.00,1153.99,1158.60,1163.06,1167.62,1172.32,1177.11,1181.74
555.00,555.00,555.00,555.00,555.00,555.00,555.00,555.00,555.00,555.00,555.00,555.00,555.00,555.00,555.00,555.00,555.00,555.00,555.00,555.00,555.00,555.00,555.00,555.00,555.00,555.00,555.00,555.00,556.48,559.20,560.30,565.54,572.12,579.39,587.66,593.69,599.36,605.25,611.33,616.78,621.64,625.73,628.79,630.40,631.62,633.00,634.63,636.74,640.08,645.12,650.49,655.77,661.75,668.98,675.99,682.38,688.17,694.04,699.49,704.42,708.89,713.72,718.37,721.85,724.09,725.76,726.96,727.88,728.71,729.39,729.31,728.41,726.79,724.55,722.18,719.41,716.19,712.94,710.45,708.74,706.71,704.40,701.85,698.65,694.85,691.54,689.18,687.76,687.15,687.13,687.63,688.85,690.59,692.56,694.46,696.09,697.40,699.60,702.86,707.08,712.12,717.45,722.05,725.95,729.49,733.75,737.67,741.20,744.68,748.77,751.78,754.32,756.77,759.53,763.27,767.64,773.59,781.21,787.97,794.33,800.32,806.15,811.97,816.07,819.99,824.06,828.29,832.75,837.24,841.89,846.59,850.89,855.06,859.19,863.31,867.49,871.98,876.59,881.14,885.75,890.98,896.26,901.21,906.03,911.45,917.75,922.56,926.35,929.80,932.69,934.69,936.15,937.09,937.22,936.84,935.65,933.73,931.19,928.61,926.04,923.47,920.84,917.97,915.12,912.46,910.08,908.15,906.72,906.22,907.04,909.76,913.75,918.12,922.72,927.41,931.75,935.66,939.26,942.66,945.97,949.63,953.03,956.39,960.57,967.29,972.36,976.69,980.70,984.19,987.15,989.09,990.11,990.40,990.79,992.32,994.68,997.70,1001.09,1005.21,1008.81,1011.69,1014.00,1016.14,1018.04,1019.77,1021.44,1023.46,1025.75,1028.27,1031.15,1034.79,1038.70,1042.07,1045.43,1049.55,1053.69,1058.37,1062.98,1067.18,1070.84,1072.93,1073.37,1072.36,1070.02,1067.43,1064.60,1062.43,1061.78,1062.46,1065.17,1068.93,1073.07,1077.01,1081.39,1086.92,1092.54,1097.04,1101.61,1106.64,1111.67,1116.48,1121.12,1125.17,1129.08,1133.05,1137.17,1141.47,1146.27,1151.31,1156.31,1161.03,1165.57,1170.37,1175.46,1180.49,1185.12
555.00,555.00,555.00,555.00,555.00,555.00,555.00,555.00,555.00,555.00,555.00,555.00,555.00,555.00,555.00,555.00,555.00,555.00,555.00,555.00,555.00,555.00,555.00,555.00,555.00,555.00,555.00,555.00,555.58,557.10,559.63,563.68,569.55,576.91,585.15,592.00,598.04,603.76,609.21,613.91,618.24,621.97,624.83,626.44,627.69,628.86,630.47,633.38,638.22,644.04,649.89,655.58,661.66,668.66,675.51,681.91,687.97,694.13,699.67,704.53,708.96,714.14,719.22,723.06,725.62,727.86,729.60,730.99,732.12,732.88,733.01,732.61,731.67,730.07,727.70,725.04,722.28,719.53,716.95,714.54,712.16,709.74,707.18,704.32,701.27,698.63,696.61,695.21,694.69,694.94,695.74,697.00,698.46,699.80,700.88,701.62,702.07,702.95,704.37,706.51,709.87,714.19,718.69,722.69,725.88,729.38,732.90,736.16,739.38,743.45,747.45,751.08,754.27,757.11,760.65,765.22,770.88,777.74,785.32,792.03,797.79,803.16,809.00,813.58,817.76,821.93,826.26,830.64,834.87,839.14,843.45,847.53,851.61,855.68,859.82,864.16,868.79,873.44,878.03,882.76,888.25,893.43,898.38,903.23,908.29,914.50,920.25,925.25,929.48,933.34,936.19,938.19,939.38,939.77,939.67,939.00,937.68,935.46,932.70,929.63,926.71,924.14,921.47,918.84,916.28,913.94,912.20,910.74,910.22,911.06,913.68,917.16,921.12,925.51,930.14,934.27,938.12,941.55,944.71,947.85,951.26,954.50,958.32,963.48,970.00,974.70,978.88,983.05,987.03,990.66,993.10,994.63,995.67,997.04,998.87,1001.31,1004.38,1007.58,1010.79,1013.67,1016.20,1018.43,1020.29,1021.91,1023.50,1025.18,1027.14,1029.98,1033.18,1036.41,1039.38,1042.34,1044.83,1047.81,1052.33,1057.19,1061.71,1066.16,1070.63,1074.67,1077.34,1078.26,1077.52,1075.13,1072.24,1069.17,1066.76,1065.75,1066.21,1068.74,1072.29,1076.32,1080.64,1085.33,1090.46,1095.55,1100.19,1105.14,1110.14,1114.98,1119.52,1123.74,1127.67,1131.44,1135.25,1139.43,1143.81,1148.61,1153.69,1158.87,1163.62,1168.31,1173.34,1178.60,1183.36,1187.74
555.00,555.00,555.00,555.00,555.00,555.00,555.00,555.00,555.00,555.00,555.00,555.00,555.00,555.00,555.00,555.00,555.00,555.00,555.00,555.00,555.00,555.00,555.00,555.00,555.00,555.00,555.00,555.00,555.00,555.76,559.21,561.88,566.78,573.92,581.94,589.42,596.01,601.85,606.82,610.74,614.24,617.40,620.07,621.88,623.51,625.47,628.10,632.07,638.17,644.50,650.55,656.41,662.60,669.14,675.60,681.89,688.04,694.40,699.93,704.67,709.03,714.51,719.85,724.07,727.18,729.88,732.04,733.76,735.10,735.97,736.33,736.31,735.92,734.92,733.04,730.75,728.40,725.96,723.13,720.32,717.78,715.39,712.95,710.20,707.28,704.88,703.19,702.06,701.79,702.27,703.21,704.38,705.59,706.48,707.08,707.41,707.61,707.61,707.72,708.25,709.91,712.99,716.83,720.44,723.23,726.14,729.17,731.95,734.78,738.86,743.62,748.36,752.53,755.77,759.34,763.92,769.06,774.89,782.44,789.76,795.61,800.59,806.35,811.34,815.72,819.95,824.31,828.63,832.74,836.67,840.45,844.15,848.11,852.17,856.36,860.79,865.47,870.20,874.87,879.62,885.14,890.36,895.47,900.53,905.54,911.30,917.69,923.78,928.81,933.40,937.21,939.80,941.12,941.80,941.87,941.61,940.88,939.18,936.66,933.50,930.32,927.45,924.78,922.29,919.82,917.51,915.82,914.35,913.86,914.71,917.24,920.45,924.11,928.27,932.78,936.80,940.33,943.49,946.50,949.64,953.10,956.28,960.62,966.78,972.59,977.00,981.24,985.70,990.19,994.41,997.39,999.50,1001.25,1003.32,1005.46,1008.05,1011.08,1013.81,1016.09,1018.20,1020.30,1022.43,1024.09,1025.64,1027.40,1029.56,1031.93,1035.04,1038.46,1041.70,1044.09,1046.36,1048.49,1051.38,1056.03,1061.12,1065.38,1069.66,1074.26,1078.67,1081.86,1083.07,1082.39,1079.97,1076.92,1073.80,1071.27,1069.98,1070.20,1072.48,1075.80,1079.74,1084.22,1089.03,1093.88,1098.73,1103.65,1108.73,1113.55,1118.11,1122.38,1126.35,1130.12,1133.74,1137.46,1141.66,1146.07,1151.02,1156.29,1161.58,1166.35,1171.31,1176.48,1181.60,1186.09,1190.13
555.00,555.00,555.00,555.00,555.00,555.00,555.00,555.00,555.00,555.00,555.00,555.00,555.00,555.00,555.00,555.00,555.00,555.00,555.00,555.00,555.00,555.00,555.00,555.00,555.00,555.00,555.00,555.00,555.00,555.73,558.97,560.17,563.91,570.39,577.94,585.71,593.02,599.35,604.16,607.33,609.57,611.95,614.56,616.84,619.31,623.42,628.41,633.54,640.21,646.57,652.48,658.20,664.53,670.49,676.42,682.42,688.46,694.93,700.32,704.82,709.13,714.87,720.26,724.98,728.90,731.90,734.36,736.25,737.74,738.89,739.54,739.82,739.74,739.31,738.61,736.89,734.68,732.00,728.67,726.00,723.73,721.71,719.71,716.83,713.03,710.10,708.52,707.78,707.89,708.48,709.27,710.14,711.10,711.79,712.36,712.88,713.34,713.21,713.01,712.92,713.15,714.85,717.28,719.70,721.82,724.47,726.96,729.07,731.40,735.68,740.69,746.24,751.47,755.41,759.36,763.65,768.08,772.87,779.12,787.28,793.78,798.63,803.92,809.21,813.86,818.16,822.44,826.76,830.90,834.53,837.67,840.81,844.63,848.79,853.09,857.47,862.03,866.90,871.70,876.39,881.55,886.96,892.45,897.91,903.28,908.44,915.13,922.06,927.78,932.77,937.67,940.89,942.19,943.21,943.37,943.34,943.07,942.05,940.36,937.77,934.53,930.96,927.97,925.47,923.07,920.78,918.95,917.53,917.09,917.90,920.26,923.41,927.01,931.07,935.43,939.40,942.25,945.00,947.99,951.36,955.21,958.50,963.34,970.32,975.06,979.37,983.92,988.81,993.77,998.49,1002.12,1004.94,1007.32,1009.51,1011.91,1014.68,1017.56,1019.52,1021.08,1022.59,1024.22,1026.11,1027.68,1029.45,1031.87,1035.10,1038.40,1041.32,1044.14,1046.79,1048.84,1050.96,1053.43,1056.62,1060.88,1065.35,1069.38,1073.60,1078.30,1083.07,1086.66,1087.86,1086.96,1084.53,1081.47,1078.44,1075.92,1074.44,1074.48,1076.42,1079.56,1083.44,1087.71,1092.37,1097.22,1102.26,1107.47,1112.25,1116.72,1120.98,1125.04,1129.00,1132.51,1135.99,1139.71,1143.90,1148.25,1153.56,1159.17,1164.46,1169.27,1174.64,1179.77,1184.38,1188.72,1192.32
555.00,555.00,555.00,555.00,555.00,555.00,555.00,555.00,555.00,555.00,555.00,555.00,555.00,555.00,555.00,555.00,555.00,555.00,555.00,555.00,555.00,555.00,555.00,555.00,555.00,555.00,555.00,555.00,555.00,555.37,557.08,559.00,562.01,566.64,573.53,580.52,587.84,594.88,600.69,603.97,606.00,608.00,610.41,613.36,617.50,623.63,630.25,635.85,641.98,648.01,653.86,659.88,667.02,672.36,677.59,683.16,689.06,695.88,701.17,705.54,710.11,716.22,721.59,726.38,730.59,733.88,736.60,738.62,740.17,741.47,742.41,742.93,743.17,743.21,743.15,742.11,740.82,739.19,736.63,734.11,730.82,727.49,724.71,722.01,718.72,715.89,714.00,713.02,713.00,713.45,714.10,714.85,715.68,716.45,717.35,718.41,719.33,719.90,720.25,720.42,720.50,721.38,722.56,723.95,725.66,727.55,729.35,730.91,732.71,736.10,740.25,745.33,750.53,754.84,759.07,763.11,767.05,771.24,776.68,784.01,790.78,796.46,801.49,806.57,811.39,816.01,820.49,824.76,828.89,832.41,835.29,838.14,841.36,845.28,849.63,854.07,858.75,863.82,868.91,873.84,878.84,884.21,889.80,895.54,901.37,906.53,913.11,920.16,926.46,932.18,937.65,941.27,942.87,944.28,944.97,945.27,945.21,944.52,943.17,941.36,939.05,936.12,932.83,929.55,926.75,924.50,922.76,921.35,920.86,921.54,923.64,926.66,930.28,934.29,938.32,941.57,944.13,946.66,949.59,953.32,957.39,961.68,966.86,972.88,977.44,982.22,987.19,992.24,997.21,1002.13,1006.15,1009.50,1012.47,1015.14,1017.65,1020.04,1022.18,1023.71,1025.12,1026.63,1028.38,1030.60,1032.81,1035.27,1038.12,1041.39,1044.60,1047.21,1049.66,1052.04,1054.19,1056.84,1059.81,1063.09,1066.71,1070.15,1073.67,1077.96,1083.11,1087.98,1091.24,1092.56,1091.96,1089.25,1086.02,1082.93,1080.41,1078.93,1078.91,1080.73,1083.67,1087.45,1092.02,1096.74,1101.46,1106.24,1111.12,1115.72,1119.96,1124.04,1127.97,1131.56,1134.87,1138.33,1142.08,1146.28,1151.14,1156.79,1162.47,1167.73,1173.02,1178.18,1182.85,1187.00,1190.89,1194.38
555.00,555.00,555.00,555.00,555.00,555.00,555.00,555.00,555.00,555.00,555.00,555.00,555.00,555.00,555.00,555.00,555.00,555.00,555.00,555.00,555.00,555.00,555.00,555.00,555.00,555.00,555.00,555.00,555.00,555.01,555.26,558.21,560.60,563.20,568.89,575.11,582.12,589.50,596.27,600.18,602.71,605.01,607.69,611.52,617.36,624.92,632.38,638.08,643.53,649.23,655.14,661.59,669.30,674.08,678.66,683.85,689.64,696.84,702.26,706.76,711.64,717.84,723.03,727.75,732.14,735.85,738.75,740.83,742.45,743.88,745.12,745.92,746.55,747.10,747.54,747.17,746.81,746.25,744.64,742.34,738.26,733.78,730.13,727.33,724.36,721.62,719.42,718.15,717.90,718.24,718.93,719.91,720.87,721.86,723.11,724.63,725.99,727.17,728.01,728.50,728.66,728.95,729.15,729.73,731.00,732.22,733.55,734.78,736.15,738.50,741.57,745.55,749.95,754.15,758.48,762.31,765.92,769.72,774.54,780.66,787.48,794.07,799.05,803.89,808.77,813.62,818.29,822.62,826.77,830.31,833.21,835.93,838.56,842.09,846.31,850.79,855.56,860.90,866.31,871.49,876.44,881.77,887.40,893.31,899.49,904.89,911.31,918.30,925.07,931.41,937.24,941.17,943.16,945.01,946.38,947.10,947.27,946.88,945.85,944.79,943.46,941.40,938.06,934.28,931.16,928.86,927.05,925.57,924.96,925.41,927.21,930.07,933.68,937.49,941.01,943.52,945.92,948.41,951.39,955.46,959.77,964.99,970.34,975.27,979.95,985.19,990.41,995.47,1000.50,1005.51,1009.83,1013.61,1017.06,1020.27,1022.85,1024.87,1026.43,1027.79,1029.20,1030.88,1033.00,1035.77,1038.75,1041.78,1044.81,1047.76,1050.54,1052.84,1055.15,1057.59,1060.08,1063.16,1066.34,1069.45,1072.39,1074.93,1078.22,1082.65,1088.04,1092.78,1095.69,1097.22,1097.07,1094.25,1090.78,1087.48,1084.82,1083.27,1083.25,1085.10,1088.05,1091.84,1096.55,1101.19,1105.72,1110.21,1114.70,1119.15,1123.21,1127.11,1130.82,1134.03,1137.26,1140.80,1144.68,1149.03,1154.52,1160.38,1166.03,1171.31,1176.93,1181.69,1185.90,1189.74,1193.26,1196.66
555.00,555.00,555.00,555.00,555.00,555.00,555.00,555.00,555.00,555.00,555.00,555.00,555.00,555.00,555.00,555.00,555.00,555.00,555.00,555.00,555.00,555.00,555.00,555.00,555.00,555.00,555.00,555.00,555.00,555.00,555.21,558.11,559.91,560.92,563.93,570.36,576.73,583.03,589.48,595.00,599.37,603.70,608.38,613.52,620.41,627.56,634.03,639.28,644.67,650.32,656.56,663.47,670.38,674.81,679.14,684.12,689.98,697.39,703.69,709.08,714.13,719.39,724.01,728.55,733.25,737.84,740.66,742.64,744.38,746.13,747.62,748.87,750.13,751.44,752.38,752.58,752.43,751.90,750.57,748.70,745.75,742.25,738.55,734.35,729.99,726.61,724.51,723.35,723.05,723.57,724.91,727.05,728.81,730.29,731.66,733.04,734.58,735.30,735.65,735.79,735.67,735.53,735.51,735.71,736.33,737.60,739.31,740.82,742.15,743.99,746.29,748.35,750.43,753.25,757.19,760.95,764.55,768.24,772.50,777.76,784.28,791.16,796.61,801.61,806.24,810.76,815.36,820.14,824.40,828.29,831.75,834.52,837.08,840.08,843.67,847.91,852.50,858.22,863.98,869.16,874.28,879.76,885.46,891.33,897.40,903.30,909.78,916.71,923.72,930.02,935.97,940.17,942.53,944.92,947.06,948.42,949.10,949.23,948.92,948.29,947.25,945.55,942.98,940.24,937.55,934.88,932.21,930.51,929.62,929.66,931.04,933.71,937.15,940.28,942.80,945.11,947.44,950.32,953.83,957.99,962.73,967.85,973.00,978.00,982.97,988.07,992.92,997.79,1003.45,1008.53,1013.02,1017.04,1020.69,1024.36,1026.94,1029.14,1031.22,1032.97,1034.30,1036.15,1038.82,1042.40,1045.88,1048.73,1051.28,1053.72,1055.87,1058.02,1060.77,1064.03,1067.15,1069.78,1072.08,1074.29,1076.61,1079.06,1083.25,1088.02,1092.66,1096.71,1099.89,1101.81,1102.12,1100.03,1096.22,1092.34,1089.12,1087.17,1087.09,1089.37,1092.98,1097.16,1101.11,1104.98,1109.22,1113.72,1118.22,1122.50,1126.48,1130.03,1133.16,1136.30,1139.78,1143.63,1147.91,1152.93,1158.82,1164.50,1170.05,1175.56,1180.59,1184.88,1189.04,1193.12,1196.72,1199.80
555.00,555.00,555.00,555.00,555.00,555.00,555.00,555.00,555.00,555.00,555.00,555.00,555.00,555.00,555.00,555.00,555.00,555.00,555.00,555.00,555.00,555.00,555.00,555.00,555.00,555.00,555.00,555.00,555.00,555.00,555.13,556.91,558.64,559.86,561.32,566.64,572.68,579.21,586.43,593.29,598.69,604.00,609.70,615.64,622.87,629.55,635.32,640.30,645.52,651.14,657.53,664.58,670.98,675.19,679.31,684.13,690.10,697.70,704.43,710.16,715.10,719.75,724.22,728.91,733.94,738.98,741.82,743.91,745.88,747.94,750.07,752.19,754.20,755.91,756.93,757.34,757.31,756.83,755.59,753.80,751.43,748.67,745.40,741.08,736.37,732.59,730.18,728.92,728.68,729.66,731.60,734.14,736.12,737.76,739.20,740.57,742.03,742.76,743.17,743.37,743.21,742.94,742.86,742.91,743.22,744.28,745.85,747.51,749.11,750.74,752.14,752.93,753.63,755.10,757.50,760.26,763.32,766.70,770.28,775.07,781.26,788.01,793.70,798.97,803.62,807.99,812.42,817.26,821.77,826.06,829.95,832.88,835.39,838.25,841.67,845.71,849.94,855.61,861.52,866.91,872.18,877.75,883.60,889.59,895.56,901.52,907.91,914.96,922.44,928.45,934.10,938.62,941.80,944.47,947.01,948.96,950.25,950.76,950.79,950.45,949.78,948.68,946.96,944.87,942.51,939.93,937.28,935.45,934.31,934.05,935.10,937.32,940.05,942.56,944.69,946.89,949.38,952.56,956.39,960.79,965.77,970.84,975.89,980.93,986.03,990.78,995.30,1000.20,1006.52,1011.61,1016.32,1020.82,1024.94,1028.65,1031.89,1034.65,1036.93,1038.87,1040.23,1042.59,1046.04,1049.99,1053.10,1055.52,1057.73,1059.89,1061.78,1063.80,1066.61,1070.01,1073.05,1075.36,1077.41,1079.34,1081.29,1083.85,1087.99,1092.47,1096.70,1100.63,1104.28,1106.44,1106.82,1105.02,1101.22,1096.70,1092.90,1090.96,1091.22,1093.93,1097.59,1101.41,1104.86,1108.71,1113.01,1117.47,1121.71,1125.81,1129.44,1132.65,1135.58,1138.81,1142.63,1147.04,1151.95,1157.33,1163.12,1168.69,1174.14,1179.43,1184.06,1188.30,1192.52,1196.68,1200.27,1202.97
555.00,555.00,555.00,555.00,555.00,555.00,555.00,555.00,555.00,555.00,555.00,555.00,555.00,555.00,555.00,555.00,555.00,555.00,555.00,555.00,555.00,555.00,555.00,555.00,555.00,555.00,555.00,555.00,555.00,555.00,555.01,555.24,557.03,559.32,560.33,564.02,570.03,577.60,586.13,593.94,599.75,605.29,611.24,617.60,624.72,630.96,636.31,641.15,646.17,651.77,658.16,665.11,671.18,675.25,679.20,683.89,689.97,697.67,704.50,710.19,714.83,719.14,723.78,728.82,734.20,739.47,742.42,744.77,747.06,749.45,752.43,755.57,758.25,760.11,760.99,761.43,761.52,761.16,759.96,758.07,755.92,753.63,750.97,747.35,743.08,739.19,736.25,734.74,734.63,736.10,738.45,740.87,742.73,744.41,745.98,747.43,748.71,749.66,750.38,750.80,750.71,750.47,750.36,750.41,750.69,751.47,752.73,754.47,756.45,758.05,758.67,758.80,758.86,759.15,759.51,760.71,762.74,765.43,768.15,772.51,778.32,784.75,790.51,796.05,800.91,805.29,809.49,814.09,818.85,823.50,827.73,830.93,833.51,836.51,840.04,843.91,847.74,853.04,858.91,864.69,870.10,875.72,881.69,887.85,893.78,899.54,905.76,912.96,920.97,926.65,931.77,936.59,940.79,943.65,946.44,948.97,950.89,951.69,951.88,951.73,951.46,951.02,950.07,948.39,946.37,944.22,942.11,940.22,938.90,938.45,939.24,940.83,942.62,944.57,946.70,948.90,951.68,955.11,959.14,963.84,968.90,973.94,978.96,983.98,989.03,993.34,997.73,1002.95,1009.73,1014.78,1019.78,1024.83,1029.47,1033.05,1037.16,1040.60,1042.92,1045.06,1046.71,1049.75,1053.90,1057.83,1060.11,1062.05,1064.07,1066.17,1068.12,1070.08,1072.66,1075.70,1078.32,1080.46,1082.60,1084.58,1086.36,1089.11,1092.65,1096.53,1100.57,1104.71,1108.82,1111.03,1111.19,1109.39,1105.91,1100.86,1096.49,1094.68,1095.51,1098.52,1101.83,1104.92,1108.24,1112.49,1116.99,1121.30,1125.14,1129.01,1132.19,1135.11,1138.11,1141.59,1145.83,1150.93,1156.51,1161.97,1167.39,1172.94,1178.29,1183.13,1187.55,1191.97,1196.30,1200.39,1203.91,1206.29
555.00,555.00,555.00,555.00,555.00,555.00,555.00,555.00,555.00,555.00,555.00,555.00,555.00,555.00,555.00,555.00,555.00,555.00,555.00,555.00,555.00,555.00,555.00,555.00,555.00,555.00,555.00,555.00,555.00,555.00,555.00,555.00,555.75,557.37,560.02,563.94,570.71,579.03,587.65,595.07,600.94,606.35,611.97,618.45,625.57,631.62,636.78,641.63,646.59,652.25,658.50,665.03,670.78,674.71,678.52,683.09,689.09,696.64,703.33,708.85,713.27,717.30,722.29,727.80,733.58,739.33,742.61,745.21,747.80,750.72,754.47,757.83,760.45,762.21,763.34,764.08,764.52,764.56,763.81,762.17,760.20,757.92,755.25,752.25,748.93,745.51,742.42,740.68,740.55,741.74,743.65,745.82,748.00,750.24,752.29,753.97,755.33,755.91,756.22,756.32,755.92,755.46,755.11,755.08,755.61,756.77,758.67,760.74,762.67,764.27,765.25,765.69,765.83,765.81,765.36,765.28,765.47,765.94,767.14,770.07,775.20,781.61,787.37,792.84,798.02,802.66,806.59,810.67,815.24,819.90,824.31,828.00,831.32,834.71,838.29,842.05,845.75,850.46,856.06,862.22,868.01,873.54,879.20,885.14,891.47,897.21,903.24,910.22,918.14,924.15,929.02,933.79,938.43,942.01,945.57,948.71,951.00,952.00,952.80,952.97,952.84,952.53,951.71,950.55,949.30,947.92,946.03,944.08,942.79,942.36,942.95,943.88,945.26,946.91,948.90,951.47,954.54,958.18,962.47,967.46,972.28,977.16,982.08,986.94,991.50,995.63,1000.90,1007.24,1013.20,1018.26,1023.61,1028.81,1033.17,1037.13,1040.93,1044.20,1047.03,1050.31,1053.45,1056.83,1060.36,1063.59,1065.64,1067.70,1069.91,1072.27,1074.73,1076.89,1079.13,1081.62,1084.43,1086.66,1088.47,1090.10,1091.87,1094.58,1098.09,1101.77,1105.54,1109.79,1113.58,1115.23,1114.93,1113.29,1110.42,1105.68,1101.02,1098.47,1099.43,1102.07,1105.03,1108.23,1112.48,1116.83,1120.95,1124.81,1128.45,1131.80,1134.74,1137.70,1141.03,1145.07,1149.89,1155.45,1161.16,1166.24,1171.65,1177.21,1182.51,1187.31,1191.77,1196.24,1200.48,1204.39,1207.89,1210.52
555.00,555.00,555.00,555.00,555.00,555.00,555.00,555.00,555.00,555.00,555.00,555.00,555.00,555.00,555.00,555.00,555.00,555.00,555.00,555.00,555.00,555.00,555.00,555.00,555.00,555.00,555.00,555.00,555.00,555.00,555.00,555.00,555.00,556.05,559.91,564.30,571.75,580.47,588.76,595.80,601.61,606.82,612.11,618.57,625.71,631.75,636.94,641.89,646.87,652.38,658.21,664.14,669.78,673.77,677.59,682.00,687.79,695.00,701.49,706.86,711.12,715.03,720.38,726.31,732.48,738.68,742.45,745.41,748.39,751.92,756.28,759.60,762.03,763.78,765.21,766.28,767.16,767.74,767.59,766.37,764.58,762.29,759.47,756.76,754.22,751.45,748.64,746.82,746.70,747.69,749.38,751.65,754.18,756.75,759.04,760.85,762.14,762.44,762.42,762.21,761.54,760.77,760.13,760.00,760.74,762.25,764.37,766.40,768.12,769.59,770.79,771.43,771.64,771.54,770.86,770.11,769.11,768.01,767.96,769.45,773.48,779.21,784.64,789.76,794.81,799.55,803.67,807.42,811.59,816.05,820.54,824.67,828.58,832.26,835.88,839.67,843.51,847.93,853.22,859.34,865.21,870.94,876.48,882.17,888.63,894.52,900.48,907.08,914.51,921.16,926.06,930.67,935.45,939.86,944.30,948.15,950.89,952.00,953.25,953.88,954.07,953.87,953.10,952.34,951.72,950.95,949.38,947.61,946.47,946.11,946.56,947.11,948.23,949.72,951.67,954.50,957.75,961.57,966.03,971.13,975.71,980.35,985.06,989.72,993.97,998.76,1004.85,1011.51,1016.66,1021.71,1027.09,1032.16,1036.35,1040.81,1044.63,1048.17,1051.75,1055.75,1059.74,1063.18,1066.11,1068.69,1070.72,1072.98,1075.40,1077.89,1080.58,1082.89,1085.00,1087.22,1090.07,1092.29,1094.03,1095.73,1097.95,1100.83,1104.56,1108.37,1112.00,1115.79,1118.75,1119.68,1118.95,1117.28,1114.72,1110.50,1105.90,1102.64,1103.14,1105.26,1108.30,1112.15,1116.85,1120.98,1124.64,1128.12,1131.53,1134.53,1137.48,1140.65,1144.30,1148.82,1154.08,1159.79,1165.45,1170.40,1175.89,1181.44,1186.77,1191.66,1196.27,1200.80,1205.21,1209.34,1212.76,1215.19
555.00,555.00,555.00,555.00,555.00,555.00,555.00,555.00,555.00,555.00,555.00,555.00,555.00,555.00,555.00,555.00,555.00,555.00,555.00,555.00,555.00,555.00,555.00,555.00,555.00,555.00,555.00,555.00,555.00,555.00,555.00,555.00,555.00,556.05,559.96,564.67,572.50,581.14,588.81,595.77,601.43,606.46,611.55,617.84,624.97,631.25,636.73,641.86,646.94,652.02,657.04,662.19,667.98,672.37,676.34,680.63,686.00,692.63,698.92,704.25,708.41,712.40,718.06,724.36,730.87,737.43,741.86,745.37,748.88,753.07,757.84,760.91,763.14,765.07,766.78,768.18,769.56,770.81,771.39,770.75,769.20,766.91,763.96,761.10,758.92,756.92,754.95,753.26,753.25,754.37,756.38,759.27,762.07,764.45,766.54,768.27,769.21,769.51,769.45,769.11,768.31,767.17,766.24,765.99,766.82,768.40,769.88,771.30,772.65,773.80,774.76,775.19,775.28,775.23,774.88,774.31,773.32,772.01,771.27,771.63,773.97,777.94,782.55,786.96,791.18,795.72,800.69,804.49,808.08,812.10,816.57,820.95,825.07,828.83,832.51,836.53,840.85,845.46,850.48,855.90,861.37,867.69,873.55,879.01,885.14,891.40,897.44,903.50,910.04,917.60,922.86,927.29,931.86,937.11,942.45,947.18,950.55,951.70,953.03,954.33,955.14,955.17,954.48,953.96,953.60,953.14,952.13,950.86,950.01,949.76,950.13,950.71,951.67,953.14,955.28,958.08,961.36,965.31,969.85,974.75,979.18,983.48,987.82,992.26,996.66,1003.25,1009.76,1015.32,1020.03,1025.04,1029.95,1034.56,1038.93,1043.96,1048.61,1053.21,1057.76,1061.67,1065.26,1068.42,1071.12,1073.32,1075.45,1077.94,1080.46,1082.81,1085.20,1087.52,1089.86,1092.29,1094.81,1096.84,1098.96,1101.54,1104.78,1108.20,1112.42,1116.67,1120.36,1122.91,1124.48,1124.61,1123.53,1121.54,1118.73,1115.14,1111.08,1107.39,1106.64,1108.22,1111.97,1117.01,1121.17,1124.70,1127.98,1131.19,1134.33,1137.29,1140.55,1144.08,1148.02,1152.81,1158.19,1163.72,1169.18,1174.53,1180.12,1185.66,1191.05,1196.19,1201.04,1205.71,1210.70,1215.59,1218.83,1220.22
555.00,555.00,555.00,555.00,555.00,555.00,555.00,555.00,555.00,555.00,555.00,555.00,555.00,555.00,555.00,555.00,555.00,555.00,555.00,555.00,555.00,555.00,555.00,555.00,555.00,555.00,555.00,555.00,555.00,555.00,555.00,555.00,555.00,556.05,559.97,564.75,572.55,581.04,588.44,594.93,600.53,605.60,610.63,616.49,623.16,629.71,635.74,641.06,646.12,650.91,655.49,660.07,665.24,669.71,673.97,678.46,683.72,689.79,695.98,701.49,705.86,709.96,715.74,722.25,729.09,736.13,741.33,745.44,749.35,753.74,758.44,761.57,764.00,766.20,768.11,769.96,771.85,773.69,775.08,775.19,773.96,771.90,769.40,766.97,765.13,763.43,761.88,761.08,761.50,762.76,764.62,766.96,769.19,771.03,772.65,773.99,774.63,774.69,774.51,774.10,773.26,772.22,771.44,771.21,771.79,773.06,774.27,775.45,776.66,777.92,779.10,779.65,779.75,779.72,779.48,778.93,778.02,776.78,775.77,775.56,776.51,778.63,781.86,785.11,788.51,792.48,797.19,801.50,805.17,808.82,812.76,817.07,821.39,825.30,829.02,833.06,837.68,842.80,848.01,853.06,857.96,863.74,869.83,875.86,881.64,887.88,894.19,900.34,906.36,912.86,918.28,923.17,928.02,933.39,939.01,944.52,949.00,951.20,952.73,954.16,955.40,956.16,956.14,955.82,955.53,955.24,954.63,953.68,953.30,953.39,953.78,954.41,955.51,957.12,959.34,962.19,965.39,969.33,973.79,978.34,982.56,986.69,990.90,995.61,1001.59,1008.09,1013.90,1018.74,1022.93,1027.74,1032.34,1036.87,1041.77,1047.25,1052.06,1056.70,1061.30,1065.29,1069.05,1072.35,1075.19,1077.61,1080.20,1082.64,1084.95,1087.25,1089.77,1092.22,1094.66,1097.21,1100.12,1102.95,1105.98,1109.28,1112.81,1116.03,1119.55,1123.10,1126.36,1128.82,1130.12,1129.89,1128.43,1126.06,1123.08,1119.31,1115.22,1111.70,1110.84,1112.95,1116.68,1120.97,1124.60,1127.93,1131.22,1134.47,1137.65,1140.72,1144.00,1147.59,1151.66,1156.53,1161.82,1167.33,1173.00,1178.75,1184.47,1190.29,1195.98,1201.36,1206.62,1211.96,1216.48,1219.88,1222.18,1223.23
555.00,555.00,555.00,555.00,555.00,555.00,555.00,555.00,555.00,555.00,555.00,555.00,555.00,555.00,555.00,555.00,555.00,555.00,555.00,555.00,555.00,555.00,555.00,555.00,555.00,555.00,555.00,555.00,555.00,555.00,555.00,555.00,555.00,556.05,559.96,564.72,572.27,580.56,587.82,593.84,599.38,604.51,609.46,614.84,620.82,627.44,633.96,639.55,644.63,649.25,653.54,657.65,661.96,666.43,670.97,675.70,681.02,686.74,692.89,698.68,703.51,707.74,713.51,720.13,727.27,734.68,740.67,745.42,749.70,754.15,758.66,761.94,764.66,767.15,769.29,771.59,773.92,776.24,778.37,779.32,778.53,776.94,775.21,773.36,771.85,770.38,769.21,769.27,770.06,771.35,772.85,774.34,775.79,777.06,778.20,779.13,779.56,779.44,779.15,778.69,777.83,776.95,776.38,776.16,776.46,777.44,778.64,779.86,781.11,782.54,783.95,784.69,784.90,784.88,784.70,784.19,783.38,782.33,781.25,780.66,780.50,780.94,782.58,784.45,786.90,789.98,793.88,798.53,802.41,805.82,809.21,813.25,817.65,821.72,825.55,829.57,834.28,839.95,845.51,850.33,854.75,859.73,865.83,872.42,878.05,884.07,890.56,896.99,902.86,908.12,913.42,918.64,923.79,929.11,934.93,941.00,946.52,950.22,952.20,953.72,955.28,956.82,957.63,957.62,957.46,957.32,957.01,956.43,956.51,956.98,957.49,958.24,959.55,961.34,963.67,966.65,969.79,973.62,977.90,982.08,986.11,990.12,994.45,999.75,1006.99,1012.77,1017.61,1021.86,1025.63,1030.16,1034.53,1039.17,1044.71,1050.32,1054.98,1059.39,1063.82,1067.99,1072.09,1075.75,1078.98,1081.93,1084.96,1087.31,1089.40,1091.69,1094.43,1097.06,1099.58,1102.27,1105.73,1109.46,1113.20,1116.88,1120.34,1123.22,1126.07,1128.93,1131.75,1134.34,1135.57,1135.15,1133.41,1130.76,1127.61,1123.51,1119.22,1115.87,1115.30,1117.94,1121.31,1124.54,1127.79,1131.15,1134.53,1137.88,1141.14,1144.30,1147.56,1151.14,1155.32,1160.30,1165.60,1171.25,1177.15,1183.13,1189.16,1195.26,1201.26,1207.01,1212.48,1217.99,1221.64,1223.33,1224.70,1225.63
555.00,555.00,555.00,555.00,555.00,555.00,555.00,555.00,555.00,555.00,555.00,555.00,555.00,555.00,555.00,555.00,555.00,555.00,555.00,555.00,555.00,555.00,555.00,555.00,555.00,555.00,555.00,555.00,555.00,555.00,555.00,555.00,555.00,556.05,559.94,564.53,571.64,579.55,586.74,592.76,598.17,603.14,607.88,612.78,617.73,623.77,630.31,636.42,641.81,646.45,650.62,654.40,657.88,662.33,666.96,671.81,677.49,683.43,689.62,695.85,701.67,706.12,711.63,718.19,725.46,732.76,739.51,744.96,749.66,754.24,758.55,761.97,764.95,767.68,770.27,772.83,775.31,777.81,780.40,782.28,782.32,781.75,781.30,779.94,778.73,777.81,777.25,777.30,777.90,778.82,779.79,780.56,781.41,782.33,783.24,784.03,784.58,784.63,784.39,783.89,782.97,782.02,781.33,780.99,781.23,782.37,784.14,785.97,787.59,788.89,790.14,791.01,791.45,791.44,791.39,791.12,790.58,789.75,788.78,788.00,787.28,786.72,786.64,786.92,787.86,789.39,791.75,795.65,799.55,803.09,806.36,809.84,813.86,818.06,822.22,826.30,830.63,836.69,842.62,847.37,851.78,856.26,861.73,868.02,874.15,879.72,885.93,892.62,899.19,904.60,908.98,913.44,918.45,923.93,930.31,936.32,942.08,947.83,950.93,952.94,954.75,956.63,958.25,958.98,959.30,959.42,959.36,959.37,959.75,960.42,961.30,962.38,963.88,965.87,968.45,971.78,974.95,978.51,982.42,986.38,990.29,994.23,999.27,1005.77,1011.62,1016.50,1020.63,1024.35,1028.19,1032.34,1036.53,1041.49,1047.69,1052.49,1056.68,1060.93,1065.42,1069.91,1074.39,1078.67,1082.78,1086.67,1089.79,1092.13,1094.28,1096.66,1099.46,1102.25,1105.00,1107.97,1111.73,1115.70,1119.01,1121.94,1124.89,1127.74,1131.23,1134.65,1137.56,1139.75,1140.49,1139.95,1138.38,1135.79,1132.38,1128.32,1123.86,1119.97,1119.91,1121.93,1124.64,1127.67,1131.13,1134.76,1138.23,1141.49,1144.58,1147.69,1151.07,1154.80,1159.11,1164.44,1170.42,1176.48,1182.33,1187.99,1194.87,1200.97,1207.10,1213.65,1218.47,1221.95,1224.33,1225.90,1227.19,1228.03
555.00,555.00,555.00,555.00,555.00,555.00,555.00,555.00,555.00,555.00,555.00,555.00,555.00,555.00,555.00,555.00,555.00,555.00,555.00,555.00,555.00,555.00,555.00,555.00,555.00,555.00,555.00,555.00,555.00,555.00,555.00,555.00,555.00,556.04,559.85,563.98,570.53,578.14,585.45,591.45,596.61,601.34,605.89,610.51,614.84,619.85,625.60,631.85,637.71,642.45,646.38,649.84,653.56,658.04,662.98,668.29,674.14,679.99,686.21,692.95,699.82,704.89,710.38,716.85,724.13,731.41,738.53,744.49,749.54,754.02,758.18,761.72,764.92,767.91,770.77,773.45,776.02,778.71,781.84,784.70,785.83,786.23,786.58,786.26,785.67,785.25,785.05,784.99,785.06,785.42,785.87,786.17,786.58,787.38,788.28,789.10,789.76,790.00,789.90,789.51,788.80,787.87,787.15,786.72,786.74,787.66,789.33,791.14,792.81,794.24,795.69,796.72,797.31,797.45,797.47,797.51,797.29,796.67,795.92,795.14,794.26,793.33,792.47,791.85,791.83,792.27,793.22,795.26,797.77,800.67,803.88,807.05,810.64,814.65,818.84,822.95,827.16,832.95,839.05,844.48,849.01,853.35,858.23,863.86,870.17,875.79,881.85,888.50,895.36,900.94,904.99,908.95,913.49,918.87,925.69,931.90,937.83,944.35,949.06,951.90,954.04,956.12,958.23,959.67,960.72,961.47,961.84,962.23,962.91,963.84,964.96,966.42,968.65,971.30,974.19,977.28,980.31,983.69,987.35,991.04,994.93,999.18,1004.38,1010.49,1015.35,1019.50,1023.17,1026.66,1030.58,1034.76,1038.89,1043.75,1049.80,1054.09,1058.08,1062.26,1066.75,1071.46,1076.19,1081.26,1086.29,1090.47,1093.66,1096.36,1099.11,1102.14,1105.21,1108.14,1111.12,1114.21,1117.47,1120.91,1123.81,1126.54,1129.66,1132.89,1136.99,1140.60,1143.04,1144.48,1144.73,1144.02,1142.50,1140.07,1136.82,1132.94,1128.75,1125.11,1124.64,1126.02,1128.43,1131.59,1135.29,1139.00,1142.25,1145.22,1148.20,1151.47,1155.01,1159.03,1163.85,1169.72,1175.74,1181.49,1187.24,1193.65,1200.28,1206.95,1213.34,1218.92,1222.78,1225.23,1227.32,1229.34,1231.03,1231.93
555.00,555.00,555.00,555.00,555.00,555.00,555.00,555.00,555.00,555.00,555.00,555.00,555.00,555.00,555.00,555.00,555.00,555.00,555.00,555.00,555.00,555.00,555.00,555.00,555.00,555.00,555.00,555.00,555.00,555.00,555.00,555.00,555.00,555.96,559.42,563.00,568.96,576.36,583.93,589.84,594.69,599.11,603.42,607.92,612.00,615.90,620.41,626.32,632.54,637.49,641.26,644.53,649.19,653.87,659.32,665.37,671.28,676.74,682.92,690.16,698.04,703.99,709.64,716.06,723.28,730.57,737.77,744.04,749.29,753.55,757.60,761.22,764.63,767.87,770.88,773.59,776.22,779.10,782.78,786.63,788.96,790.19,790.95,791.94,792.19,792.26,792.30,792.11,791.60,791.38,791.38,791.42,791.51,792.37,793.44,794.38,795.13,795.59,795.68,795.49,795.14,794.34,793.63,793.09,792.79,793.18,794.29,795.64,797.12,798.86,800.66,801.85,802.53,802.94,803.05,803.42,803.53,803.12,802.63,801.96,801.15,800.25,799.30,798.30,797.77,797.50,797.26,796.92,797.25,798.94,801.91,804.93,808.04,811.61,815.55,819.67,823.91,829.00,835.06,841.56,846.36,850.84,855.25,860.08,866.22,872.24,878.28,884.65,891.39,897.11,901.29,905.01,908.99,914.09,921.22,927.83,933.88,940.22,946.51,950.47,953.12,955.32,957.65,959.73,961.59,963.15,964.12,964.85,965.88,967.13,968.53,970.49,973.68,977.13,980.27,982.81,985.62,988.91,992.44,995.88,999.78,1004.47,1009.40,1014.14,1018.42,1022.10,1025.52,1029.00,1032.99,1037.40,1041.51,1045.96,1051.27,1055.32,1059.30,1063.46,1067.91,1072.75,1077.71,1083.59,1089.44,1093.48,1096.83,1100.14,1103.79,1107.78,1111.29,1114.35,1117.46,1120.52,1122.89,1125.48,1128.14,1131.21,1135.06,1138.85,1143.23,1146.58,1148.16,1148.65,1148.44,1147.55,1146.01,1143.76,1140.92,1137.34,1133.70,1130.81,1129.51,1130.38,1132.77,1136.17,1140.05,1143.63,1146.52,1149.12,1152.05,1155.66,1159.41,1163.85,1169.34,1175.68,1181.19,1186.27,1191.98,1199.63,1205.50,1212.91,1219.45,1223.02,1225.90,1228.28,1230.82,1233.52,1235.73,1236.74
555.00,555.00,555.00,555.00,555.00,555.00,555.00,555.00,555.00,555.00,555.00,555.00,555.00,555.00,555.00,555.00,555.00,555.00,555.00,555.00,555.00,555.00,555.00,555.00,555.00,555.00,555.00,555.00,555.00,555.00,555.00,555.00,555.00,555.40,557.17,561.00,566.69,573.85,581.73,587.43,592.01,595.91,599.59,603.96,608.46,612.52,616.45,620.86,626.09,631.66,636.39,640.31,645.46,651.14,657.62,664.42,670.52,675.44,681.14,688.33,696.72,703.36,709.52,716.11,723.21,730.37,737.63,743.59,748.48,752.72,756.69,760.46,764.05,767.47,770.70,773.45,776.11,779.10,783.09,787.71,790.65,792.33,793.41,794.70,795.70,796.50,797.05,797.15,797.11,797.04,796.95,796.81,796.69,797.89,799.31,800.31,801.09,801.74,801.99,801.92,801.77,801.20,800.32,799.44,798.85,798.60,799.38,800.50,801.80,803.59,805.19,806.27,807.07,807.87,808.42,809.02,809.32,809.13,808.76,808.09,807.17,806.07,804.96,803.92,803.05,802.29,801.50,800.47,799.91,800.30,801.81,804.26,806.94,809.82,813.16,817.26,821.15,825.76,831.44,837.98,843.62,848.53,853.00,857.49,862.83,869.09,875.14,881.13,887.30,892.95,897.36,901.35,905.46,910.44,917.72,924.58,930.67,936.51,942.22,947.58,951.62,953.96,956.27,958.59,960.73,962.64,964.28,966.15,967.86,969.75,972.26,975.38,978.33,981.20,984.06,986.89,989.75,993.18,996.84,1000.15,1003.94,1008.23,1012.67,1017.06,1021.35,1025.21,1028.75,1032.28,1036.29,1040.24,1044.12,1048.21,1052.63,1056.52,1060.53,1064.71,1069.14,1074.03,1079.50,1085.72,1091.71,1095.89,1099.77,1103.72,1107.87,1112.14,1116.09,1119.32,1122.20,1124.86,1127.34,1130.44,1133.94,1138.09,1143.03,1146.59,1149.67,1151.74,1152.49,1152.42,1151.86,1150.85,1149.39,1147.30,1144.48,1141.27,1138.10,1135.52,1134.66,1135.79,1138.22,1141.46,1144.89,1148.07,1150.89,1153.58,1156.59,1160.53,1164.87,1169.82,1175.38,1180.70,1185.45,1190.80,1197.03,1204.01,1211.03,1217.66,1222.86,1226.05,1229.17,1232.57,1235.74,1238.29,1239.80,1240.51
555.00,555.00,555.00,555.00,555.00,555.00,555.00,555.00,555.00,555.00,555.00,555.00,555.00,555.00,555.00,555.00,555.00,555.00,555.00,555.00,555.00,555.00,555.00,555.00,555.00,555.00,555.00,555.00,555.00,555.00,555.00,555.00,555.00,555.00,555.52,559.40,564.45,570.87,578.51,584.07,588.60,592.23,595.50,599.71,604.56,608.96,612.75,616.14,620.46,626.43,632.18,637.18,642.87,649.28,656.23,663.35,669.90,674.71,680.14,687.17,695.76,702.96,709.58,716.31,723.24,730.18,737.35,742.99,747.56,751.84,755.73,759.52,763.23,766.80,770.24,773.10,775.84,778.91,782.98,787.96,791.27,793.36,794.94,796.62,798.18,799.49,800.39,800.74,801.28,801.74,802.04,802.20,802.37,803.84,805.43,806.48,807.27,807.96,808.25,808.20,808.04,807.61,806.63,805.57,804.80,804.25,804.78,805.78,807.05,808.69,810.08,811.15,812.11,813.11,813.87,814.52,814.88,814.82,814.51,813.94,813.00,811.80,810.56,809.46,808.29,807.07,805.82,804.45,803.49,803.04,803.36,804.95,806.97,809.14,811.80,815.45,818.93,823.06,828.16,834.28,840.55,845.94,850.72,855.18,859.84,865.88,871.90,877.71,883.37,888.84,893.43,897.80,902.37,907.51,914.70,921.64,927.72,932.99,937.91,943.65,948.62,951.79,954.37,956.81,959.13,961.37,963.61,966.27,968.68,971.26,974.59,978.42,981.07,983.49,986.25,989.43,992.52,996.12,999.93,1003.38,1007.17,1011.16,1015.30,1019.63,1024.14,1028.19,1031.87,1035.47,1039.43,1043.00,1046.69,1050.52,1054.33,1058.04,1062.17,1066.36,1070.59,1075.42,1081.31,1087.60,1093.42,1097.77,1102.17,1106.63,1111.09,1115.49,1119.70,1123.13,1126.12,1128.96,1132.08,1135.99,1140.23,1144.91,1149.91,1153.10,1155.20,1156.32,1156.43,1155.91,1155.10,1154.01,1152.61,1150.65,1148.03,1145.29,1142.55,1140.24,1139.83,1141.24,1143.75,1146.84,1149.92,1152.73,1155.44,1158.25,1161.50,1165.77,1170.60,1175.72,1180.84,1185.25,1189.47,1195.08,1201.68,1208.16,1215.84,1221.53,1225.74,1229.32,1233.09,1237.03,1240.30,1242.48,1243.31,1243.68
555.00,555.00,555.00,555.00,555.00,555.00,555.00,555.00,555.00,555.00,555.00,555.00,555.00,555.00,555.00,555.00,555.00,555.00,555.00,555.00,555.00,555.00,555.00,555.00,555.00,555.00,555.00,555.00,555.00,555.00,555.00,555.00,555.00,555.00,555.45,558.79,562.49,567.32,573.80,579.38,584.16,588.04,591.42,595.43,600.32,604.96,609.08,612.69,616.63,622.47,629.01,635.56,641.96,648.38,654.76,661.45,668.84,674.36,679.98,686.86,695.25,702.85,709.77,716.49,723.17,729.82,736.65,742.11,746.64,750.95,754.81,758.41,762.04,765.77,769.40,772.44,775.38,778.53,782.35,787.10,790.49,793.06,795.49,797.98,799.84,801.22,802.13,802.53,803.50,804.89,806.35,807.58,808.80,810.32,811.76,812.89,813.67,814.13,814.26,814.10,813.63,813.11,812.28,811.33,810.55,810.33,810.66,811.65,813.11,814.39,815.68,816.99,818.18,819.05,819.51,819.93,820.17,820.12,819.83,819.51,818.81,817.71,816.41,815.14,813.65,811.98,810.22,808.63,807.65,807.19,807.15,807.50,808.50,810.00,811.94,814.42,817.48,821.08,825.35,830.61,836.99,842.83,848.15,853.00,857.34,862.45,868.35,874.31,879.73,884.92,889.59,894.42,899.69,905.46,912.19,918.94,924.98,929.65,934.12,938.45,943.27,948.40,951.80,954.30,956.79,959.46,962.13,964.78,967.81,971.09,974.49,978.08,980.66,983.28,986.41,989.78,993.32,997.09,1001.02,1005.04,1009.03,1013.13,1017.38,1021.86,1026.72,1030.77,1034.49,1038.19,1041.99,1045.53,1049.18,1052.91,1056.61,1060.10,1064.52,1068.68,1072.38,1076.98,1083.09,1089.13,1094.48,1098.92,1103.71,1108.43,1113.04,1117.51,1121.71,1125.35,1129.12,1133.22,1137.59,1142.34,1146.88,1150.92,1154.18,1156.99,1159.12,1160.16,1159.97,1159.10,1158.13,1157.01,1155.60,1153.72,1151.72,1149.57,1147.29,1145.27,1144.92,1146.46,1149.04,1152.14,1155.23,1157.81,1160.27,1163.10,1166.84,1171.38,1176.47,1181.18,1185.21,1189.29,1193.50,1198.99,1205.56,1212.39,1219.32,1224.29,1228.58,1233.33,1238.05,1241.37,1243.81,1245.49,1246.07,1246.16
555.00,555.00,555.00,555.00,555.00,555.00,555.00,555.00,555.00,555.00,555.00,555.00,555.00,555.00,555.00,555.00,555.00,555.00,555.00,555.00,555.00,555.00,555.00,555.00,555.00,555.00,555.00,555.00,555.00,555.00,555.00,555.00,555.00,555.00,555.42,558.57,560.94,564.32,570.01,575.14,580.05,584.76,589.37,594.04,598.73,603.06,607.03,610.88,615.49,621.41,627.64,633.69,639.54,645.54,651.72,658.46,666.25,672.93,679.39,686.60,694.83,702.42,709.24,715.87,722.36,728.37,734.60,740.27,745.32,749.73,753.59,757.18,760.78,764.45,767.96,771.10,774.25,777.56,781.18,785.51,789.16,792.31,795.26,798.17,800.38,802.11,803.47,804.55,805.84,807.52,809.60,812.03,814.27,816.08,817.58,818.79,819.61,820.11,820.40,820.30,819.45,819.05,818.22,817.37,817.02,817.28,817.74,818.52,819.54,820.43,821.57,822.78,823.90,824.76,825.27,825.58,825.62,825.37,825.04,824.94,824.67,824.05,822.90,821.55,819.83,817.87,815.83,814.21,813.05,812.30,811.91,811.80,812.17,813.19,814.56,815.95,818.04,820.71,824.23,828.89,834.33,839.48,844.82,850.18,854.85,859.28,864.61,870.31,875.79,881.06,885.95,891.19,897.09,903.57,909.68,916.05,922.06,926.60,930.83,934.68,938.79,943.27,947.00,950.05,952.75,955.37,958.19,961.40,964.77,968.15,971.51,974.84,977.52,980.26,983.41,986.93,990.81,995.17,999.86,1004.60,1008.97,1013.34,1017.86,1022.65,1027.77,1031.78,1035.31,1038.82,1042.65,1046.59,1050.69,1054.85,1058.84,1062.41,1066.69,1070.61,1074.00,1078.18,1084.15,1089.82,1094.68,1098.98,1104.05,1108.99,1113.75,1118.35,1122.65,1126.77,1131.32,1136.26,1141.05,1145.81,1150.02,1153.61,1156.61,1159.57,1161.99,1163.34,1163.40,1162.58,1161.58,1160.30,1158.72,1156.84,1155.01,1153.14,1151.26,1149.78,1149.89,1151.61,1154.20,1157.15,1159.86,1162.37,1164.88,1167.98,1172.31,1177.17,1181.96,1186.14,1189.63,1193.17,1197.36,1202.81,1209.27,1216.06,1222.33,1227.53,1232.53,1237.71,1241.95,1244.90,1247.10,1248.61,1249.03,1248.70
555.00,555.00,555.00,555.00,555.00,555.00,555.00,555.00,555.00,555.00,555.00,555.00,555.00,555.00,555.00,555.00,555.00,555.00,555.00,555.00,555.00,555.00,555.00,555.00,555.00,555.00,555.00,555.00,555.00,555.00,555.00,555.00,555.00,555.00,555.41,558.48,559.79,561.90,566.73,571.44,576.63,582.32,588.24,593.67,598.23,602.19,605.94,609.98,615.33,621.19,626.76,631.82,636.80,642.14,648.23,655.22,663.23,671.24,678.71,686.31,694.35,701.69,708.27,714.76,721.07,726.48,732.11,738.12,743.81,748.34,752.28,755.89,759.44,762.99,766.31,769.47,772.75,776.16,779.68,783.62,787.51,791.14,794.46,797.67,800.29,802.47,804.37,806.21,807.81,809.76,812.40,815.93,819.01,821.23,822.96,824.37,825.36,826.09,826.70,826.84,825.91,825.68,824.87,824.10,824.08,824.55,825.02,825.45,825.89,826.44,827.36,828.37,829.33,830.21,830.91,831.24,831.18,830.76,830.34,830.28,830.25,829.96,829.01,827.72,826.03,824.05,821.99,820.45,819.12,818.06,817.34,817.03,816.97,817.59,818.40,818.84,819.89,821.59,824.28,828.12,832.34,836.57,841.58,847.19,852.43,856.42,861.00,866.21,871.70,877.12,882.33,887.98,894.42,901.55,907.17,913.05,918.91,923.53,927.64,931.36,934.78,938.08,941.78,945.23,948.10,950.60,953.51,957.27,960.84,964.15,967.37,970.47,973.23,976.00,979.07,982.73,986.84,991.76,997.29,1002.86,1007.74,1012.39,1017.20,1022.34,1027.65,1031.68,1035.05,1038.33,1042.23,1046.67,1051.34,1055.93,1060.16,1063.84,1067.88,1071.63,1074.92,1078.74,1084.44,1089.78,1094.30,1098.46,1103.72,1108.88,1113.81,1118.54,1123.07,1127.72,1132.91,1138.37,1143.22,1147.76,1151.57,1154.91,1158.18,1161.54,1164.41,1166.23,1166.71,1166.10,1165.14,1163.72,1161.94,1160.03,1158.21,1156.49,1154.94,1154.01,1154.69,1156.57,1159.09,1161.79,1164.11,1166.74,1169.60,1173.12,1177.89,1182.94,1187.25,1190.90,1194.06,1197.11,1201.29,1206.64,1212.86,1219.42,1225.28,1231.10,1236.82,1241.94,1245.43,1248.23,1250.41,1251.82,1252.14,1251.48
555.00,555.00,555.00,555.00,555.00,555.00,555.00,555.00,555.00,555.00,555.00,555.00,555.00,555.00,555.00,555.00,555.00,555.00,555.00,555.00,555.00,555.00,555.00,555.00,555.00,555.00,555.00,555.00,555.00,555.00,555.00,555.00,555.00,555.00,555.40,558.38,559.62,560.89,564.18,569.17,575.32,581.80,588.12,593.68,598.57,602.67,606.42,610.47,615.63,620.70,625.58,630.21,634.58,638.97,644.93,652.32,660.48,669.88,678.15,685.86,693.48,700.25,706.55,712.82,718.94,724.24,729.60,735.92,742.09,746.71,750.94,754.54,757.96,761.37,764.58,767.58,770.63,773.91,777.62,781.49,785.32,789.01,792.50,796.00,799.24,801.94,804.17,806.35,808.31,811.16,814.83,818.88,822.27,825.03,827.40,829.41,830.95,832.32,833.48,834.28,834.39,834.35,833.72,832.97,832.47,831.95,831.62,831.49,831.57,831.90,832.48,833.27,834.13,834.98,835.96,836.74,837.04,836.71,836.03,835.51,834.75,833.79,833.02,832.19,831.29,830.16,828.68,827.50,826.26,825.05,824.05,823.63,823.46,823.61,823.77,823.69,824.11,825.13,826.58,828.61,831.72,835.48,839.56,844.29,850.29,854.34,858.12,862.37,867.42,872.84,878.51,884.63,891.40,898.91,904.63,909.92,915.12,920.02,924.22,928.00,931.50,934.70,937.64,940.40,943.14,945.95,948.98,952.59,956.20,959.50,962.34,965.36,967.97,970.58,973.57,977.35,981.38,986.31,992.22,998.88,1004.47,1009.30,1014.24,1019.69,1025.01,1029.39,1032.97,1036.22,1040.08,1044.91,1049.93,1054.51,1058.27,1061.77,1065.81,1069.77,1073.46,1077.41,1082.77,1088.08,1092.86,1097.16,1102.33,1107.77,1112.99,1117.81,1122.77,1127.91,1133.26,1138.55,1143.14,1147.55,1151.44,1155.06,1158.79,1162.78,1166.41,1168.87,1169.75,1169.43,1168.68,1167.24,1165.36,1163.43,1161.54,1159.82,1158.41,1157.80,1159.05,1160.94,1163.11,1165.42,1167.81,1171.07,1174.89,1179.11,1183.71,1188.47,1192.32,1195.58,1198.49,1201.51,1205.68,1210.68,1216.24,1222.29,1228.59,1235.27,1241.08,1245.13,1248.65,1251.80,1254.05,1255.24,1255.56,1255.00
555.00,555.00,555.00,555.00,555.00,555.00,555.00,555.00,555.00,555.00,555.00,555.00,555.00,555.00,555.00,555.00,555.00,555.00,555.00,555.00,555.00,555.00,555.00,555.00,555.00,555.00,555.00,555.00,555.00,555.00,555.00,555.00,555.00,555.00,555.38,558.26,559.47,560.25,562.53,567.89,574.48,581.18,587.54,593.26,598.41,602.63,606.38,610.35,615.14,619.81,624.44,629.03,633.22,637.20,642.94,650.36,658.81,668.82,677.33,685.00,692.41,698.67,704.66,710.63,716.48,721.93,727.54,734.14,740.49,745.03,749.22,752.82,756.19,759.50,762.63,765.49,768.24,771.23,774.96,778.79,782.64,786.42,790.12,793.83,797.50,800.74,803.44,805.86,808.26,811.92,816.40,820.83,824.56,827.95,831.05,833.72,835.91,837.74,839.26,840.47,841.20,841.28,840.80,840.06,839.21,838.25,837.48,837.04,836.93,837.09,837.50,838.25,839.15,840.04,841.12,841.86,842.10,841.76,840.97,840.05,838.84,837.57,836.81,836.27,835.84,835.23,834.20,833.17,832.07,830.90,829.88,829.48,829.29,829.31,829.28,828.95,828.94,829.35,829.91,830.79,832.88,835.58,838.65,842.54,848.14,852.31,855.77,859.34,863.70,868.95,874.75,881.18,888.26,895.62,901.63,906.68,911.35,916.13,920.46,924.25,927.74,930.95,933.75,936.22,938.84,941.73,944.88,948.45,952.02,955.18,957.66,960.06,962.66,965.37,968.31,971.94,975.83,980.73,986.76,993.78,1000.16,1005.34,1010.24,1015.53,1021.11,1025.91,1029.94,1033.50,1037.30,1041.83,1046.76,1051.46,1055.37,1058.90,1062.65,1066.59,1070.69,1075.05,1080.28,1085.53,1090.43,1095.01,1100.64,1106.28,1111.58,1116.55,1121.74,1127.13,1132.47,1137.59,1142.20,1146.64,1150.76,1154.72,1158.80,1163.26,1167.45,1170.42,1171.77,1172.01,1171.65,1170.53,1168.84,1166.87,1164.95,1163.35,1162.18,1161.85,1163.20,1165.04,1167.03,1169.22,1171.90,1175.50,1179.77,1184.26,1188.69,1193.11,1196.85,1200.11,1203.07,1206.15,1210.14,1214.82,1220.02,1225.84,1232.59,1239.10,1244.38,1248.02,1251.78,1255.28,1257.70,1258.86,1259.12,1258.69
555.00,555.00,555.00,555.00,555.00,555.00,555.00,555.00,555.00,555.00,555.00,555.00,555.00,555.00,555.00,555.00,555.00,555.00,555.00,555.00,555.00,555.00,555.00,555.00,555.00,555.00,555.00,555.00,555.00,555.00,555.00,555.00,555.00,555.00,555.37,558.14,559.35,559.89,561.71,567.39,573.90,580.30,586.44,592.45,597.73,602.00,605.76,609.59,613.96,618.52,623.29,628.13,632.49,636.55,642.04,649.20,657.96,667.85,676.19,683.78,691.12,697.01,702.69,708.27,713.83,719.61,725.93,732.84,739.12,743.43,747.26,750.78,754.14,757.36,760.44,763.15,765.59,768.22,771.81,775.57,779.48,783.44,787.37,791.25,795.22,798.98,802.30,804.95,807.85,812.17,817.25,821.99,826.10,830.18,834.03,837.40,840.24,842.37,844.09,845.50,846.45,846.64,846.31,845.61,844.61,843.65,842.82,842.31,842.18,842.28,842.68,843.51,844.57,845.55,846.50,846.82,846.68,846.18,845.37,844.15,842.79,841.52,840.67,840.26,839.98,839.58,838.86,837.84,836.84,835.82,834.95,834.66,834.48,834.63,834.78,834.45,834.19,834.05,834.05,834.39,835.54,836.82,838.84,841.90,846.24,850.41,853.87,857.04,860.58,865.43,871.06,877.67,885.02,891.85,898.19,903.29,907.60,911.93,916.39,920.14,923.52,926.77,929.84,932.43,935.02,937.84,941.08,944.66,948.10,951.07,953.26,954.73,957.35,960.29,963.27,966.63,970.36,975.19,981.08,987.88,995.08,1000.73,1005.52,1010.34,1016.25,1021.49,1026.12,1030.26,1033.93,1037.66,1042.20,1047.11,1051.69,1055.51,1058.85,1062.55,1066.95,1071.82,1077.16,1082.38,1087.32,1092.22,1098.63,1104.41,1109.70,1114.87,1120.12,1125.54,1130.81,1135.82,1140.63,1145.23,1149.65,1153.96,1158.29,1163.03,1167.57,1170.94,1172.82,1173.85,1174.12,1173.61,1172.37,1170.37,1168.53,1167.12,1166.22,1166.12,1167.21,1168.97,1170.94,1173.20,1176.31,1180.05,1184.26,1188.65,1192.94,1197.05,1200.94,1204.53,1207.80,1211.00,1214.73,1219.16,1224.21,1229.95,1236.91,1242.48,1246.87,1250.68,1254.81,1258.58,1261.22,1262.55,1262.77,1262.48
555.00,555.00,555.00,555.00,555.00,555.00,555.00,555.00,555.00,555.00,555.00,555.00,555.00,555.00,555.00,555.00,555.00,555.00,555.00,555.00,555.00,555.00,555.00,555.00,555.00,555.00,555.00,555.00,555.00,555.00,555.00,555.00,555.00,555.00,555.38,558.20,559.40,560.03,562.00,567.38,573.13,578.77,584.63,591.33,596.56,600.74,604.48,608.28,612.37,616.70,621.60,626.94,631.70,636.20,641.77,648.66,656.90,665.86,674.31,682.12,689.15,695.16,700.73,705.96,711.26,717.59,725.07,732.47,738.66,742.64,745.80,748.58,751.50,754.66,757.68,760.17,762.38,764.83,768.23,771.56,775.51,779.79,784.07,788.22,792.55,796.84,800.83,804.14,807.47,812.20,817.70,822.82,827.35,832.02,836.48,840.35,843.44,845.97,847.97,849.52,850.62,851.18,851.29,850.93,850.09,849.05,848.33,848.05,848.23,848.72,849.23,850.20,851.41,852.41,852.82,852.80,852.32,851.36,850.26,848.97,847.62,846.39,845.58,845.22,844.95,844.63,844.15,843.26,842.15,841.00,840.01,839.55,839.38,839.63,839.94,839.91,839.76,839.34,839.01,839.02,839.35,840.01,841.13,843.00,846.22,849.40,852.47,855.41,858.42,862.25,867.65,874.34,881.64,888.02,894.24,899.39,903.71,907.75,911.91,915.67,919.00,921.94,924.84,927.85,930.89,933.92,936.96,940.21,943.35,946.27,948.71,949.89,951.94,954.70,957.98,961.63,965.50,969.98,975.24,981.73,989.65,995.86,1000.94,1005.70,1010.84,1016.28,1021.54,1026.13,1029.40,1032.67,1036.90,1041.87,1047.07,1051.77,1055.35,1058.80,1062.78,1067.76,1073.39,1079.13,1084.56,1089.43,1095.62,1101.74,1107.47,1112.82,1118.08,1123.48,1128.77,1133.86,1138.72,1143.44,1147.98,1152.47,1157.06,1161.78,1166.46,1170.22,1172.74,1174.61,1176.08,1176.57,1175.97,1174.33,1172.90,1171.48,1170.48,1170.39,1171.29,1172.94,1174.86,1177.21,1180.69,1184.63,1188.58,1192.56,1196.74,1200.86,1204.82,1208.84,1212.83,1216.21,1220.01,1224.38,1229.12,1234.02,1239.81,1244.78,1249.11,1253.17,1257.38,1261.04,1263.89,1265.75,1266.38,1266.32
555.00,555.00,555.00,555.00,555.00,555.00,555.00,555.00,555.00,555.00,555.00,555.00,555.00,555.00,555.00,555.00,555.00,555.00,555.00,555.00,555.00,555.00,555.00,555.00,555.00,555.00,555.00,555.00,555.00,555.00,555.00,555.00,555.00,555.00,555.39,558.28,559.48,560.44,563.10,568.18,573.00,577.78,583.23,590.24,595.25,599.28,603.01,606.81,610.70,614.95,619.96,625.66,631.05,635.98,641.56,648.06,655.56,663.71,672.28,680.40,687.40,693.83,699.46,704.51,709.77,716.89,724.86,732.01,737.69,741.40,743.99,746.14,748.70,751.85,754.83,757.21,759.41,761.88,765.10,768.13,771.99,776.40,781.01,785.48,790.07,794.74,799.30,803.30,807.07,812.10,817.91,823.44,828.30,833.46,838.49,842.89,846.27,849.11,851.38,853.12,854.37,855.28,855.88,856.06,855.62,854.81,854.34,854.29,854.72,855.65,856.23,857.21,858.44,859.33,859.34,859.11,858.42,857.13,855.83,854.59,853.36,852.21,851.41,851.00,850.73,850.51,850.24,849.50,848.34,847.06,845.90,845.16,844.92,845.13,845.51,845.71,845.70,845.20,844.72,844.47,844.16,844.28,844.54,845.19,847.08,849.08,851.58,854.28,856.93,859.82,864.76,871.15,878.11,884.00,890.06,895.32,899.73,903.50,907.23,911.04,914.51,917.38,920.06,923.13,926.34,929.52,932.65,935.81,938.79,941.68,944.27,945.58,947.36,949.92,953.26,957.05,960.97,965.15,969.91,976.00,983.99,990.94,996.64,1001.32,1005.74,1011.00,1016.41,1021.29,1024.84,1027.95,1031.78,1036.45,1041.87,1047.36,1051.63,1055.28,1058.97,1063.82,1069.58,1075.91,1081.98,1086.89,1092.60,1098.92,1105.04,1110.47,1115.78,1121.16,1126.50,1131.70,1136.66,1141.52,1146.09,1150.57,1155.22,1160.02,1164.78,1168.89,1172.13,1174.90,1177.57,1179.10,1179.30,1178.28,1177.46,1176.11,1174.89,1174.60,1175.44,1177.05,1179.09,1181.66,1185.28,1189.20,1192.83,1196.44,1200.51,1204.72,1209.07,1213.66,1218.23,1221.83,1225.84,1229.99,1234.06,1237.90,1242.30,1246.78,1251.16,1255.39,1259.57,1263.15,1266.19,1268.51,1269.54,1269.64
555.00,555.00,555.00,555.00,555.00,555.00,555.00,555.00,555.00,555.00,555.00,555.00,555.00,555.00,555.00,555.00,555.00,555.00,555.00,555.00,555.00,555.00,555.00,555.00,555.00,555.00,555.00,555.00,555.00,555.00,555.00,555.00,555.00,555.00,555.39,558.33,559.54,561.21,565.29,570.30,574.15,578.02,582.85,589.30,593.86,597.72,601.45,605.24,609.05,613.52,618.60,624.33,630.65,635.87,641.22,647.13,653.79,661.60,670.26,678.71,686.26,693.52,699.49,704.64,710.23,718.57,725.60,731.03,735.43,739.04,741.28,743.30,745.86,749.05,752.04,754.53,757.09,759.90,762.97,766.09,769.61,773.75,778.62,783.40,788.07,792.87,797.75,802.36,806.63,811.86,817.81,823.78,828.82,834.30,839.86,844.93,848.79,851.77,854.24,856.29,857.73,858.83,859.98,860.89,861.23,861.22,861.20,861.28,861.73,862.99,863.51,864.29,865.25,865.86,865.91,865.65,864.94,863.73,862.44,861.43,860.44,859.44,858.61,857.96,857.71,857.67,857.54,856.99,855.96,854.68,853.35,852.21,851.77,851.75,851.92,852.14,852.21,851.95,851.56,851.09,850.43,849.84,849.27,848.84,848.89,849.70,851.49,853.83,856.35,858.70,862.74,868.18,874.34,879.68,885.63,891.09,895.67,899.15,902.30,906.24,910.23,913.57,916.08,918.47,921.11,924.22,928.08,931.73,934.93,937.73,940.08,942.09,944.35,946.87,949.71,953.13,956.82,960.94,965.60,971.12,977.99,986.02,992.83,997.20,1001.43,1005.88,1010.52,1015.44,1020.63,1024.08,1027.27,1031.05,1035.96,1041.82,1047.41,1052.09,1055.98,1060.41,1065.97,1072.76,1079.61,1084.82,1089.95,1096.16,1102.34,1107.76,1113.14,1118.54,1123.90,1129.21,1134.44,1139.47,1143.97,1148.16,1152.48,1157.71,1162.49,1166.88,1170.92,1174.69,1178.34,1180.88,1182.12,1182.05,1182.11,1181.03,1179.53,1178.68,1179.68,1181.42,1183.88,1186.94,1190.26,1193.70,1197.01,1200.45,1204.41,1208.73,1214.07,1219.46,1224.20,1228.08,1232.42,1236.00,1238.79,1241.41,1244.58,1248.62,1252.97,1257.17,1261.17,1264.90,1268.13,1270.62,1271.86,1271.96
555.00,555.00,555.00,555.00,555.00,555.00,555.00,555.00,555.00,555.00,555.00,555.00,555.00,555.00,555.00,555.00,555.00,555.00,555.00,555.00,555.00,555.00,555.00,555.00,555.00,555.00,555.00,555.00,555.00,555.00,555.00,555.00,555.00,555.00,555.40,558.41,559.65,562.23,568.15,572.90,576.62,580.37,584.67,589.76,593.67,597.25,601.24,606.17,611.29,616.46,621.47,626.54,632.52,637.64,642.98,648.64,654.40,661.63,669.83,678.52,687.29,695.24,701.34,706.82,712.65,719.71,724.84,728.81,732.14,734.97,737.26,739.81,742.80,746.25,749.76,752.90,756.04,759.28,762.58,765.86,769.44,773.56,778.31,782.96,787.55,792.32,797.26,802.02,806.39,811.85,818.04,824.09,829.43,835.15,840.90,846.24,850.65,854.05,856.86,859.37,861.73,863.59,865.11,866.19,866.74,867.09,867.28,867.50,867.95,868.88,869.63,870.53,871.38,871.76,871.78,871.60,871.01,870.07,869.59,869.25,868.70,867.97,867.35,866.78,866.36,865.91,865.26,864.42,863.52,862.65,861.87,861.24,861.07,860.90,860.67,860.43,859.94,859.21,858.25,857.05,855.80,854.83,853.86,852.93,852.49,852.58,853.27,854.48,856.27,858.34,861.72,866.40,871.88,876.71,881.57,886.75,891.74,895.62,898.47,901.58,904.99,908.58,912.20,914.77,917.28,920.14,923.58,927.48,931.12,934.17,936.48,938.57,941.40,944.24,946.87,949.84,953.06,957.18,962.03,967.28,973.24,980.56,987.62,993.20,997.43,1001.67,1005.95,1010.34,1015.01,1019.30,1023.01,1026.64,1030.90,1036.57,1042.89,1048.40,1052.76,1057.21,1062.76,1069.51,1076.62,1082.70,1087.63,1093.49,1099.54,1105.09,1110.48,1115.74,1121.02,1126.38,1131.83,1137.10,1141.83,1146.05,1150.06,1154.92,1159.85,1164.57,1169.05,1173.55,1177.89,1181.16,1183.48,1185.14,1185.90,1185.71,1185.05,1184.49,1185.07,1186.66,1189.26,1192.50,1195.49,1198.43,1201.46,1204.90,1209.16,1214.02,1219.37,1224.82,1230.06,1234.62,1238.71,1241.89,1244.19,1245.85,1247.64,1250.63,1254.41,1258.51,1262.43,1266.30,1269.67,1272.28,1273.83,1274.31
555.00,555.00,555.00,555.00,555.00,555.00,555.00,555.00,555.00,555.00,555.00,555.00,555.00,555.00,555.00,555.00,555.00,555.00,555.00,555.00,555.00,555.00,555.00,555.00,555.00,555.00,555.00,555.00,555.00,555.00,555.00,555.00,555.00,555.12,555.86,558.63,559.84,563.25,570.72,575.31,579.43,583.42,587.31,591.03,594.37,597.99,602.59,608.82,615.32,621.09,626.00,630.41,635.70,640.61,645.95,651.50,656.70,663.35,670.92,679.68,689.46,697.63,703.62,709.25,714.98,720.09,723.40,726.13,728.52,730.50,732.93,736.13,739.73,743.62,747.77,751.65,755.37,759.01,762.64,766.14,770.04,774.36,778.98,783.45,787.92,792.63,797.51,802.14,806.41,812.16,818.65,824.57,830.13,836.02,841.88,847.37,852.24,856.11,859.36,862.44,865.81,868.48,870.30,871.47,872.18,872.86,873.26,873.62,874.04,874.45,875.34,876.38,877.22,877.50,877.51,877.54,877.26,876.75,877.10,877.27,877.06,876.61,876.29,875.97,875.43,874.57,873.29,871.67,870.67,870.12,869.87,869.89,870.00,869.71,869.12,868.46,867.43,866.23,864.77,863.01,861.33,860.09,858.72,857.35,856.62,856.08,855.67,855.72,856.65,858.36,861.20,865.21,870.00,874.29,877.98,882.61,887.82,892.34,895.15,897.38,899.99,903.54,908.09,911.23,913.97,916.70,919.49,923.35,927.28,930.63,933.00,934.96,938.28,941.61,944.34,946.96,949.69,953.61,958.44,963.56,968.87,975.10,982.01,988.80,993.35,997.76,1001.96,1005.83,1009.45,1014.32,1018.69,1022.47,1026.24,1031.51,1038.24,1044.44,1049.41,1054.00,1059.64,1066.24,1073.37,1080.28,1085.28,1090.83,1096.72,1102.44,1107.80,1112.90,1118.05,1123.39,1128.96,1134.53,1139.64,1144.09,1147.82,1152.10,1157.13,1162.15,1166.97,1172.08,1176.92,1180.84,1184.21,1187.61,1189.07,1189.88,1190.29,1190.34,1190.65,1192.17,1194.82,1198.03,1200.73,1203.35,1206.33,1209.93,1214.45,1219.66,1225.00,1230.45,1235.94,1240.94,1244.61,1247.45,1249.51,1250.39,1251.02,1252.86,1255.85,1259.73,1263.61,1267.56,1271.02,1273.76,1275.65,1276.61
555.00,555.00,555.00,555.00,555.00,555.00,555.00,555.00,555.00,555.00,555.00,555.00,555.00,555.00,555.00,555.00,555.00,555.00,555.00,555.00,555.00,555.00,555.00,555.00,555.00,555.00,555.00,555.00,555.00,555.00,555.00,555.00,555.00,555.68,558.00,559.32,560.28,563.95,571.36,576.39,581.76,586.43,590.17,593.59,596.82,601.87,608.21,614.82,621.10,626.44,631.29,635.98,640.92,645.75,650.81,656.28,662.36,668.75,675.82,684.06,693.17,699.93,705.15,709.88,714.39,718.34,721.38,723.39,724.97,726.76,729.07,732.60,736.92,741.64,746.14,750.42,754.44,758.29,762.14,766.03,770.66,775.68,780.70,785.31,789.77,794.45,799.18,803.22,807.16,813.37,820.31,825.69,831.04,836.96,843.01,848.74,853.60,857.81,861.76,865.62,869.32,872.24,874.34,876.02,877.54,879.00,879.87,880.38,880.65,880.70,881.07,881.83,882.75,883.44,883.66,884.24,884.78,885.06,885.29,884.85,884.28,883.92,884.02,884.08,883.95,883.45,882.00,878.37,876.29,875.10,874.44,874.46,874.26,873.82,873.34,872.98,872.39,871.68,870.85,869.85,868.70,867.11,864.89,862.37,860.34,858.95,858.04,857.72,858.17,858.90,861.32,864.72,868.58,872.30,875.74,879.39,883.74,888.96,892.32,894.75,897.14,899.90,903.01,907.02,910.82,914.07,916.92,919.95,923.30,926.54,929.15,930.93,934.45,938.44,942.06,944.75,947.29,950.15,953.83,958.92,964.29,970.40,976.67,982.71,988.58,993.71,998.40,1002.60,1006.00,1009.76,1013.80,1017.88,1021.96,1026.82,1033.45,1040.14,1045.89,1050.55,1056.38,1062.98,1069.94,1076.76,1082.44,1088.09,1093.90,1099.75,1105.12,1110.20,1115.19,1120.22,1125.60,1131.56,1137.37,1142.30,1145.87,1149.74,1154.51,1159.67,1165.04,1170.62,1175.62,1180.15,1184.47,1188.58,1191.01,1192.38,1193.26,1194.04,1195.48,1197.61,1200.27,1203.15,1205.74,1208.68,1212.41,1216.55,1220.68,1224.96,1231.59,1237.67,1242.00,1246.09,1249.35,1251.87,1253.59,1254.20,1254.52,1255.63,1257.78,1261.10,1264.95,1268.78,1272.22,1275.14,1277.33,1278.70
555.00,555.00,555.00,555.00,555.00,555.00,555.00,555.00,555.00,555.00,555.00,555.00,555.00,555.00,555.00,555.00,555.00,555.00,555.00,555.00,555.00,555.00,555.00,555.00,555.00,555.00,555.00,555.00,555.00,555.00,555.00,555.00,555.00,555.96,559.06,559.65,560.75,564.38,571.06,576.81,583.70,589.13,592.70,596.11,600.16,606.10,613.01,619.67,625.75,630.96,635.87,640.71,645.59,650.58,655.97,661.79,667.91,673.63,680.39,687.92,695.40,700.83,705.10,708.78,712.02,714.69,716.92,718.58,720.35,722.97,725.74,729.65,734.49,739.85,744.73,749.30,753.42,757.24,761.13,765.60,770.95,776.66,782.19,787.03,791.69,796.38,800.86,804.49,808.32,814.86,822.06,827.12,832.39,838.24,844.13,849.70,854.75,859.30,863.72,868.03,871.95,875.27,878.22,880.87,883.08,884.68,885.60,886.21,886.59,886.52,886.59,887.15,888.12,889.25,890.18,891.54,892.65,893.01,892.78,892.07,891.53,891.40,891.83,892.21,892.38,892.06,890.55,886.68,884.03,881.99,880.23,878.96,878.26,877.65,877.17,877.03,876.73,876.39,876.00,875.49,874.74,873.19,870.86,868.03,865.20,862.99,861.37,860.20,859.50,859.43,861.44,864.47,867.88,871.20,874.58,877.78,881.48,886.50,890.26,893.03,895.52,898.01,900.40,904.88,909.32,913.02,916.07,918.58,921.61,924.75,927.29,929.06,932.86,937.11,940.91,944.17,946.78,949.16,952.10,956.55,961.27,966.52,971.76,976.90,982.93,988.59,993.90,998.74,1002.69,1006.02,1009.62,1013.49,1017.51,1021.97,1028.14,1035.20,1042.10,1046.99,1052.56,1058.96,1065.85,1072.65,1078.88,1084.78,1090.67,1096.60,1102.11,1107.34,1112.30,1117.12,1122.15,1128.17,1134.45,1139.99,1143.98,1147.68,1152.31,1157.49,1163.06,1169.06,1174.13,1178.83,1183.49,1188.10,1191.38,1193.50,1195.13,1196.80,1199.16,1201.96,1204.91,1207.83,1210.58,1213.97,1217.86,1221.90,1225.97,1231.11,1237.52,1242.95,1246.64,1250.28,1253.50,1255.89,1257.38,1257.87,1258.03,1258.63,1260.12,1262.87,1266.39,1270.00,1273.37,1276.38,1278.88,1280.78
555.00,555.00,555.00,555.00,555.00,555.00,555.00,555.00,555.00,555.00,555.00,555.00,555.00,555.00,555.00,555.00,555.00,555.00,555.00,555.00,555.00,555.00,555.00,555.00,555.00,555.00,555.00,555.00,555.00,555.00,555.00,555.00,555.00,555.96,559.06,559.65,561.21,564.64,570.20,576.78,585.25,591.44,594.91,598.56,604.14,610.38,616.81,623.24,629.22,634.59,639.61,644.47,649.53,654.91,661.11,667.51,672.84,677.54,684.10,690.80,696.06,700.37,703.61,706.25,708.38,709.76,710.76,712.31,715.01,719.19,722.96,727.32,732.49,738.26,743.55,748.39,752.47,756.06,759.85,765.04,771.06,777.33,783.38,788.49,793.54,798.25,802.37,805.82,809.86,816.55,823.77,828.74,834.07,839.73,845.15,850.21,855.66,860.57,865.20,869.64,873.81,877.71,881.94,885.82,888.46,889.62,890.27,890.97,891.68,891.75,891.82,892.38,893.42,894.92,896.90,899.16,900.56,900.47,899.62,898.98,898.72,898.89,899.50,900.09,900.44,900.15,898.70,896.13,893.37,890.46,887.28,883.87,882.51,881.67,881.10,881.09,880.92,880.79,880.60,880.22,879.67,878.44,876.60,874.18,871.11,868.17,865.65,863.21,860.87,860.14,861.66,864.47,867.88,870.95,874.40,877.66,881.05,885.14,889.13,892.27,895.06,897.82,900.48,905.01,909.59,913.56,916.84,919.20,922.18,925.25,927.58,929.58,933.73,937.80,941.19,945.28,948.10,950.52,953.17,956.51,959.99,963.75,967.69,971.91,977.02,982.78,988.58,994.13,999.14,1002.82,1006.07,1009.36,1012.99,1017.07,1022.51,1029.76,1037.89,1043.27,1048.28,1054.34,1061.18,1068.00,1074.68,1080.94,1087.01,1092.99,1098.75,1104.24,1109.34,1114.08,1118.71,1124.43,1130.93,1137.17,1142.04,1145.83,1150.47,1155.57,1161.05,1167.35,1172.44,1176.94,1181.44,1186.39,1190.38,1193.38,1195.99,1198.66,1201.75,1205.24,1208.70,1211.98,1215.13,1218.95,1222.49,1225.99,1230.49,1237.71,1242.58,1246.34,1249.95,1253.65,1257.10,1259.53,1260.90,1261.42,1261.54,1261.82,1262.84,1265.01,1267.92,1271.21,1274.46,1277.49,1280.28,1282.82
555.00,555.00,555.00,555.00,555.00,555.00,555.00,555.00,555.00,555.00,555.00,555.00,555.00,555.00,555.00,555.00,555.00,555.00,555.00,555.00,555.00,555.00,555.00,555.00,555.00,555.00,555.00,555.00,555.00,555.00,555.00,555.00,555.00,555.98,559.11,559.71,561.66,565.27,570.46,577.07,586.07,592.77,596.75,601.34,607.82,614.42,620.62,626.30,631.87,637.07,642.06,647.07,652.62,658.55,664.76,670.58,674.91,679.26,685.07,690.79,695.10,698.46,701.25,703.63,705.56,706.82,707.62,709.01,711.66,716.16,721.34,726.24,731.53,737.42,743.10,748.32,752.52,755.98,759.73,765.42,771.90,778.34,784.21,789.52,794.90,799.60,803.41,806.86,811.81,818.45,825.12,830.09,835.44,840.61,845.44,850.22,855.98,861.16,865.86,870.37,875.17,879.97,884.99,889.08,891.19,892.08,892.88,893.86,894.91,895.58,896.14,897.41,899.06,900.57,902.86,905.39,907.03,907.20,906.45,905.49,904.75,904.43,904.76,905.33,905.84,905.86,904.90,902.81,899.98,897.04,894.06,890.67,888.30,886.94,886.44,886.71,887.05,887.23,887.13,886.71,885.96,884.49,882.55,880.22,877.36,874.07,870.87,867.62,864.41,862.72,863.04,865.13,868.50,871.75,875.31,878.92,882.58,886.44,890.63,893.80,896.54,899.68,904.35,908.71,912.69,916.33,919.51,922.08,924.96,928.10,931.26,934.38,938.26,941.95,945.27,948.95,951.41,953.62,956.05,958.91,961.78,964.61,967.59,970.98,975.02,978.99,983.54,988.63,993.67,998.63,1002.49,1005.78,1009.26,1013.20,1018.01,1024.44,1032.18,1038.79,1044.15,1050.10,1056.50,1062.57,1069.85,1076.63,1082.95,1089.03,1094.92,1100.72,1106.14,1111.11,1115.69,1120.62,1127.03,1133.84,1139.55,1143.92,1148.53,1153.56,1159.05,1165.04,1170.34,1174.91,1179.27,1184.11,1188.80,1192.26,1195.29,1198.70,1203.03,1207.44,1211.35,1214.78,1218.21,1221.93,1225.42,1229.76,1236.05,1241.56,1245.44,1248.94,1252.68,1256.55,1259.80,1262.13,1263.67,1264.54,1264.94,1265.32,1266.02,1267.40,1269.60,1272.43,1275.45,1278.46,1281.38,1284.39
555.00,555.00,555.00,555.00,555.00,555.00,555.00,555.00,555.00,555.00,555.00,555.00,555.00,555.00,555.00,555.00,555.00,555.00,555.00,555.00,555.00,555.00,555.00,555.00,555.00,555.00,555.00,555.00,555.00,555.00,555.00,555.00,555.40,556.71,559.31,560.05,562.56,566.55,571.62,578.00,587.07,594.22,599.10,605.01,611.97,618.50,624.23,629.12,634.05,638.89,643.76,648.92,654.89,661.15,667.12,672.23,675.82,679.89,684.93,689.81,693.55,696.21,698.60,700.87,702.88,704.38,705.80,707.51,710.23,714.94,720.95,726.23,731.57,737.43,743.37,748.80,753.07,756.56,760.46,766.36,772.92,779.23,784.84,790.28,795.92,800.63,804.24,807.79,813.59,820.06,826.10,831.07,836.29,841.03,845.46,850.10,856.08,861.38,866.03,870.60,876.06,881.87,887.33,891.32,893.05,894.02,895.09,896.35,897.86,899.64,901.15,902.98,904.80,906.24,908.44,910.95,912.77,913.35,912.97,911.93,910.79,909.95,909.96,910.37,910.88,911.07,910.39,908.53,905.65,902.80,900.20,897.31,894.51,892.87,892.31,892.57,893.11,893.42,893.40,893.00,892.24,890.64,888.59,886.21,883.38,880.04,876.57,872.85,868.91,865.92,865.04,866.24,869.26,873.05,876.95,880.98,885.05,889.01,893.24,896.89,900.08,903.49,908.99,912.98,916.38,919.63,922.66,925.48,928.46,931.84,935.76,939.69,943.27,946.62,949.82,952.92,955.03,957.10,959.42,961.98,964.45,966.80,969.29,972.15,975.38,978.00,981.33,985.55,990.13,995.62,999.79,1003.11,1006.49,1010.21,1014.46,1019.76,1026.36,1033.63,1039.56,1045.59,1051.68,1057.32,1064.54,1071.70,1078.48,1084.83,1090.85,1096.86,1102.53,1107.78,1112.65,1117.06,1123.01,1129.85,1136.31,1141.58,1146.31,1151.24,1156.64,1162.26,1167.72,1172.46,1176.81,1181.46,1186.64,1190.70,1194.30,1198.38,1203.70,1208.82,1213.15,1216.83,1220.49,1224.11,1227.90,1233.14,1240.40,1244.19,1247.54,1251.09,1254.92,1258.85,1261.95,1264.33,1266.16,1267.42,1268.16,1268.67,1269.15,1269.86,1271.38,1273.65,1276.31,1279.19,1282.20,1285.62
555.00,555.00,555.00,555.00,555.00,555.00,555.00,555.00,555.00,555.00,555.00,555.00,555.00,555.00,555.00,555.00,555.00,555.00,555.00,555.00,555.00,555.00,555.00,555.00,555.00,555.00,555.00,555.00,555.00,555.00,555.00,555.00,556.64,558.94,559.80,560.98,564.38,569.01,574.20,580.15,588.77,596.38,602.72,610.38,617.26,622.80,627.43,631.60,635.60,639.88,644.50,649.71,655.83,661.90,667.44,672.14,675.59,679.18,683.66,688.06,691.48,693.88,695.74,697.83,700.14,702.08,705.40,708.45,711.95,717.14,722.62,727.94,733.27,738.84,744.82,750.01,754.20,757.98,762.43,768.06,773.96,779.71,785.17,790.65,796.45,801.23,804.84,808.60,814.79,820.99,826.52,831.39,836.17,840.74,845.18,849.92,855.99,861.12,865.58,870.16,876.18,883.08,888.46,892.13,894.27,896.01,897.38,898.86,901.05,904.82,908.00,909.69,910.64,911.95,913.56,915.73,917.60,918.62,918.85,918.39,917.36,916.27,916.11,916.17,916.36,916.24,915.29,913.44,910.61,907.72,905.12,902.76,900.90,899.57,898.68,898.19,898.13,898.21,898.22,898.08,897.87,896.66,894.74,892.15,888.77,885.82,882.83,879.18,874.44,869.59,867.81,867.98,870.03,874.98,879.62,884.12,888.59,893.05,897.03,902.23,907.04,910.44,913.54,916.85,920.03,923.03,926.00,929.01,932.54,936.44,940.45,944.17,947.65,950.82,953.66,956.37,958.44,960.61,962.99,965.39,967.59,970.16,972.98,975.94,978.90,981.94,984.89,987.88,991.45,995.49,998.95,1002.10,1005.35,1008.59,1012.35,1016.35,1020.96,1027.38,1033.96,1040.33,1046.58,1052.80,1058.46,1065.66,1073.30,1080.30,1086.46,1092.50,1098.20,1103.68,1109.35,1114.06,1118.96,1124.75,1131.75,1138.35,1143.55,1148.35,1153.32,1158.75,1164.17,1169.19,1173.83,1178.32,1183.56,1188.63,1193.39,1198.11,1203.66,1208.97,1213.71,1217.91,1221.73,1225.49,1230.18,1235.81,1241.77,1245.52,1249.01,1252.65,1256.42,1260.11,1263.38,1266.16,1268.42,1269.97,1271.04,1271.63,1271.97,1272.34,1273.30,1274.88,1276.94,1279.48,1282.59,1286.30
555.00,555.00,555.00,555.00,555.00,555.00,555.00,555.00,555.00,555.00,555.00,555.00,555.00,555.00,555.00,555.00,555.00,555.00,555.00,555.00,555.00,555.00,555.00,555.00,555.00,555.00,555.00,555.00,555.00,555.00,555.00,555.00,557.00,559.61,560.15,562.71,567.32,572.71,578.24,584.17,592.12,599.82,606.92,614.59,620.73,625.69,629.89,633.63,637.27,641.13,645.26,649.88,655.53,661.26,666.50,670.93,674.27,677.63,681.54,685.28,688.19,690.39,692.28,694.85,698.15,701.55,706.37,710.75,715.06,720.18,725.13,730.12,735.17,740.44,746.35,751.11,755.11,758.98,763.63,768.97,774.43,779.85,785.28,790.87,796.81,801.65,805.23,809.00,815.21,821.23,826.56,831.43,836.10,840.59,845.01,849.75,855.87,860.98,865.35,869.98,876.55,883.83,889.18,892.88,895.41,897.50,899.72,902.25,905.38,909.60,913.12,915.01,916.02,917.20,918.46,920.13,921.74,922.89,923.36,923.28,922.67,921.91,921.73,921.63,921.51,921.01,919.82,918.17,915.52,912.68,910.06,907.76,906.08,904.98,904.28,903.91,904.05,904.42,904.70,904.79,904.75,904.04,902.56,900.15,896.40,892.78,889.04,885.02,880.46,875.22,871.87,870.78,872.49,877.58,883.05,888.22,893.24,898.45,903.54,908.70,912.88,915.50,917.69,920.59,923.59,926.49,929.42,932.63,936.43,940.60,944.81,948.38,951.67,954.70,957.47,960.04,962.20,964.44,966.88,969.46,971.94,974.73,977.75,980.88,983.92,986.99,989.78,992.41,995.48,999.74,1003.54,1006.62,1009.02,1011.06,1013.69,1016.32,1019.11,1023.51,1029.24,1035.11,1040.91,1046.92,1052.88,1059.71,1067.20,1074.93,1081.88,1088.09,1093.82,1099.32,1105.02,1110.57,1115.47,1120.51,1126.70,1133.61,1139.77,1145.05,1149.70,1154.63,1159.97,1165.20,1170.14,1174.76,1179.69,1185.13,1190.80,1196.62,1202.89,1208.61,1213.69,1218.25,1222.48,1226.55,1231.66,1237.29,1242.36,1246.03,1249.54,1253.16,1256.93,1260.74,1264.30,1267.50,1270.24,1272.26,1273.60,1274.28,1274.57,1274.77,1275.47,1276.48,1277.99,1280.30,1283.85,1287.59
555.00,555.00,555.00,555.00,555.00,555.00,555.00,555.00,555.00,555.00,555.00,555.00,555.00,555.00,555.00,555.00,555.00,555.00,555.00,555.00,555.00,555.00,555.00,555.00,555.00,555.00,555.00,555.00,555.00,555.00,555.00,555.00,557.03,559.69,560.51,564.63,570.50,576.66,582.53,588.50,595.70,603.29,610.82,617.83,623.10,627.66,631.69,635.11,638.60,642.15,645.76,649.68,654.60,659.83,664.70,668.91,672.18,675.36,678.65,681.70,684.15,686.25,688.80,692.38,696.97,702.00,707.93,713.40,718.39,723.18,727.63,732.15,736.81,741.83,747.71,752.05,755.79,759.66,764.35,769.43,774.50,779.65,785.08,790.89,797.00,801.89,805.45,809.19,815.28,821.17,826.45,831.36,836.04,840.53,844.94,849.69,855.83,861.03,865.38,870.03,877.02,884.36,889.70,893.52,896.46,898.95,902.26,906.06,910.11,914.17,917.43,919.55,920.93,922.05,923.11,924.32,925.61,926.76,927.35,927.53,927.41,927.16,927.01,926.86,926.46,925.64,924.30,922.87,920.42,917.71,915.09,912.69,910.96,910.02,909.63,909.63,910.21,910.98,911.61,911.91,911.93,911.66,910.67,908.58,904.76,900.46,895.75,891.09,886.66,881.46,876.45,874.14,875.66,880.68,886.85,892.73,898.39,904.46,910.84,915.43,918.44,920.31,922.29,924.93,927.71,930.44,933.20,936.39,940.17,944.41,948.80,952.31,955.45,958.42,961.25,963.82,966.22,968.61,971.14,973.97,976.88,979.90,983.04,986.28,989.47,992.48,995.43,998.31,1001.32,1006.15,1010.36,1013.27,1014.70,1015.51,1017.03,1018.51,1019.85,1022.13,1026.38,1031.18,1036.06,1041.25,1047.63,1053.89,1060.89,1069.17,1077.06,1083.62,1089.44,1094.91,1100.35,1106.53,1111.88,1116.64,1121.71,1128.41,1135.45,1141.43,1146.03,1150.48,1155.67,1160.98,1166.15,1171.07,1175.73,1181.18,1187.45,1194.45,1201.67,1207.89,1213.33,1218.27,1222.96,1227.40,1232.67,1238.07,1242.49,1246.08,1249.55,1253.17,1257.01,1261.06,1264.94,1268.52,1271.74,1274.30,1275.99,1276.80,1277.09,1277.20,1277.78,1278.49,1279.67,1281.85,1285.76,1289.30
555.00,555.00,555.00,555.00,555.00,555.00,555.00,555.00,555.00,555.00,555.00,555.00,555.00,555.00,555.00,555.00,555.00,555.00,555.00,555.00,555.00,555.00,555.00,555.00,555.00,555.00,555.00,555.00,555.00,555.00,555.00,555.00,557.06,559.87,561.14,566.01,572.85,579.69,585.56,591.21,597.61,604.89,612.50,618.91,623.83,628.11,631.91,635.15,638.38,641.77,645.21,648.82,653.13,657.37,661.48,665.35,668.68,671.48,673.99,676.48,679.03,681.31,686.09,691.90,697.91,703.73,709.64,715.29,720.38,724.65,728.76,732.86,737.14,742.05,748.28,752.43,755.94,759.72,764.39,769.30,773.92,778.62,783.94,790.34,796.68,801.66,805.31,809.12,815.11,820.99,826.33,831.25,836.01,840.62,845.20,850.11,856.20,861.60,866.09,870.72,877.50,884.76,889.99,893.85,897.25,901.00,905.50,910.15,914.62,918.48,921.26,923.16,924.61,925.93,927.12,928.30,929.49,930.61,931.37,931.67,931.85,931.95,931.84,931.65,931.18,930.38,929.16,927.73,925.43,922.90,920.42,918.08,916.53,915.62,915.17,915.25,915.90,916.73,917.55,918.21,918.29,918.10,917.24,915.48,912.53,909.27,904.59,898.93,892.86,886.97,881.18,878.06,879.11,884.65,891.00,897.32,903.81,910.82,916.97,921.38,924.62,927.08,929.48,931.95,934.26,936.35,938.30,940.62,943.72,947.50,951.77,955.58,958.86,961.98,965.00,967.70,970.68,973.61,976.43,979.23,982.28,985.55,988.74,991.74,994.73,998.07,1002.05,1006.34,1010.18,1014.45,1017.70,1019.81,1020.86,1021.58,1022.99,1024.38,1025.58,1027.14,1029.75,1032.60,1035.45,1038.61,1042.93,1048.46,1055.20,1063.22,1071.65,1078.94,1085.18,1090.70,1095.96,1101.01,1106.98,1112.91,1117.79,1123.69,1130.54,1137.12,1142.70,1147.13,1151.96,1156.91,1162.04,1167.54,1172.68,1177.70,1183.68,1191.36,1199.77,1206.53,1212.54,1218.13,1223.12,1227.95,1232.97,1237.85,1242.05,1245.53,1249.01,1252.80,1256.90,1261.09,1265.22,1269.08,1272.63,1275.74,1278.22,1279.29,1279.58,1279.68,1280.27,1281.53,1283.24,1285.55,1288.88,1291.80
555.00,555.00,555.00,555.00,555.00,555.00,555.00,555.00,555.00,555.00,555.00,555.00,555.00,555.00,555.00,555.00,555.00,555.00,555.00,555.00,555.00,555.00,555.00,555.00,555.00,555.00,555.00,555.00,555.00,555.00,555.00,555.00,557.08,559.95,561.43,566.68,574.07,581.23,586.96,592.50,598.53,605.39,612.56,618.44,623.17,627.24,630.83,633.96,637.04,640.28,643.58,646.97,650.69,654.08,657.55,661.17,664.70,667.41,669.57,672.05,675.44,679.25,685.65,692.39,698.68,704.87,710.70,716.30,721.36,725.42,729.36,733.24,737.30,742.15,748.79,752.79,756.05,759.60,763.98,768.79,773.25,777.72,782.89,789.55,796.07,801.26,805.13,808.96,814.74,820.54,826.06,831.46,836.37,841.11,845.86,850.92,856.90,862.54,867.30,872.04,878.58,885.64,890.70,894.52,898.31,903.32,908.62,913.68,918.23,921.94,924.58,926.52,928.12,929.61,930.97,932.16,933.26,934.27,935.12,935.62,936.06,936.48,936.67,936.65,936.19,935.38,934.26,932.82,930.75,928.47,926.16,923.99,922.59,921.70,921.24,921.36,922.04,922.96,923.88,924.61,924.81,924.63,923.86,922.33,919.74,916.69,912.07,906.19,899.42,892.66,886.53,882.78,882.96,888.52,895.12,902.04,909.22,916.49,922.22,926.67,930.35,933.43,936.10,938.45,940.45,942.08,943.36,944.88,947.17,950.39,954.57,958.75,962.35,965.77,969.20,972.55,975.68,978.64,981.50,984.42,987.76,991.19,994.41,997.38,1000.56,1004.59,1009.26,1014.04,1018.00,1021.72,1024.58,1026.66,1028.09,1029.30,1030.76,1032.15,1033.34,1034.45,1035.74,1036.99,1038.23,1039.76,1042.24,1046.15,1051.53,1058.56,1066.62,1074.35,1080.80,1086.23,1091.74,1096.36,1101.96,1107.94,1113.38,1119.19,1125.89,1132.70,1138.95,1143.96,1148.84,1153.63,1158.54,1163.95,1169.73,1174.98,1180.89,1188.55,1197.34,1204.67,1211.23,1217.35,1222.91,1228.13,1232.98,1237.40,1241.24,1244.58,1248.08,1252.08,1256.54,1260.82,1265.24,1269.37,1273.14,1276.60,1279.63,1281.41,1282.33,1282.80,1283.54,1285.20,1287.20,1289.46,1292.25,1294.66
555.00,555.00,555.00,555.00,555.00,555.00,555.00,555.00,555.00,555.00,555.00,555.00,555.00,555.00,555.00,555.00,555.00,555.00,555.00,555.00,555.00,555.00,555.00,555.00,555.00,555.00,555.00,555.00,555.00,555.00,555.00,555.00,557.07,559.92,561.34,566.58,574.06,581.21,586.78,592.48,598.51,604.85,611.13,616.52,621.16,625.05,628.45,631.54,634.62,637.73,640.91,644.13,647.29,650.06,653.08,656.55,660.36,663.32,665.67,668.79,673.78,680.14,687.30,693.63,699.14,705.32,711.07,716.50,721.45,725.67,729.62,733.50,737.54,742.42,749.36,753.18,756.18,759.39,763.27,768.04,772.61,777.11,782.12,788.63,795.22,800.69,804.89,808.74,814.20,819.88,825.75,832.02,837.13,841.99,846.89,852.06,857.90,863.78,868.95,873.96,880.32,887.03,891.82,895.55,899.65,905.85,911.58,916.63,921.00,924.62,927.52,929.78,931.63,933.22,934.73,935.95,936.97,937.87,938.73,939.50,940.21,940.92,941.64,941.97,941.55,940.68,939.58,938.15,936.39,934.39,932.29,930.41,929.11,928.27,927.85,928.00,928.68,929.75,930.67,931.21,931.52,931.25,930.52,929.11,926.35,922.62,918.01,912.61,906.22,898.62,892.36,888.10,887.18,892.22,899.17,906.84,914.50,921.34,926.65,931.31,935.51,939.07,941.83,944.16,946.04,947.46,948.32,949.19,950.66,953.23,957.31,961.90,965.97,969.82,973.78,978.14,981.03,983.56,986.29,989.55,993.28,996.77,1000.01,1003.25,1007.02,1011.92,1016.81,1021.12,1024.56,1027.89,1030.97,1033.73,1036.10,1038.20,1039.82,1041.19,1042.37,1043.17,1043.55,1043.73,1043.90,1044.34,1045.49,1047.08,1050.14,1055.54,1062.26,1069.97,1076.35,1081.54,1087.58,1092.63,1097.01,1101.91,1108.35,1114.80,1121.51,1128.25,1134.78,1140.81,1146.13,1151.02,1155.62,1160.31,1166.75,1172.88,1179.06,1186.07,1194.42,1202.32,1209.39,1215.87,1222.35,1227.93,1232.71,1236.77,1240.09,1243.30,1246.81,1251.04,1255.88,1260.25,1265.01,1269.40,1273.31,1276.88,1280.20,1283.05,1285.16,1286.38,1287.46,1289.29,1291.30,1293.38,1295.78,1297.99
555.00,555.00,555.00,555.00,555.00,555.00,555.00,555.00,555.00,555.00,555.00,555.00,555.00,555.00,555.00,555.00,555.00,555.00,555.00,555.00,555.00,555.00,555.00,555.00,555.00,555.00,555.00,555.00,555.00,555.00,555.00,555.00,557.02,559.73,560.74,565.09,572.01,579.27,585.53,591.38,597.10,602.79,608.30,613.23,617.76,621.29,624.31,627.47,631.00,634.25,637.35,640.39,643.29,645.91,648.83,652.18,655.90,659.38,662.97,668.12,675.50,682.32,688.87,694.71,699.97,705.48,711.05,716.38,721.42,726.13,730.52,734.48,738.89,744.30,750.41,753.78,756.43,759.37,763.19,768.03,772.75,777.35,782.22,788.13,794.23,799.69,804.30,808.42,813.69,819.83,826.48,833.11,838.28,843.14,848.05,853.20,858.88,864.88,870.62,876.33,882.67,888.66,892.93,896.57,901.19,908.73,914.57,919.40,923.66,927.35,931.02,933.73,935.66,937.22,938.65,940.02,941.25,942.31,943.38,944.46,945.51,946.55,947.51,947.96,947.51,946.49,945.17,943.79,942.11,940.33,938.65,937.30,936.21,935.45,935.02,935.03,935.66,936.63,937.41,937.75,937.78,937.07,935.89,934.25,931.77,928.27,923.50,917.94,911.78,904.58,897.24,892.22,891.32,895.94,903.18,911.25,918.90,925.01,930.34,935.40,939.89,943.50,946.43,949.19,951.34,952.80,953.66,954.16,954.99,956.85,960.46,965.31,969.71,973.88,978.00,982.04,984.93,987.90,991.33,995.18,998.74,1002.09,1005.53,1009.43,1014.13,1018.72,1023.03,1027.13,1031.10,1034.58,1037.46,1039.97,1042.24,1044.48,1046.50,1048.05,1049.01,1049.64,1049.86,1049.77,1049.57,1049.57,1049.97,1050.76,1052.66,1056.22,1060.61,1066.75,1072.42,1077.31,1082.56,1088.36,1092.97,1097.23,1102.65,1109.70,1116.91,1123.96,1130.70,1136.94,1142.64,1147.78,1152.43,1156.97,1163.37,1170.38,1177.06,1183.37,1191.04,1199.42,1206.86,1213.57,1221.26,1227.30,1231.94,1235.67,1238.83,1241.99,1245.60,1249.78,1254.53,1259.47,1264.41,1268.96,1273.03,1276.64,1280.12,1283.52,1286.50,1288.73,1290.65,1292.69,1294.76,1296.98,1299.76,1302.90
555.00,555.00,555.00,555.00,555.00,555.00,555.00,555.00,555.00,555.00,555.00,555.00,555.00,555.00,555.00,555.00,555.00,555.00,555.00,555.00,555.00,555.00,555.00,555.00,555.00,555.00,555.00,555.00,555.00,555.00,555.00,555.00,556.62,558.90,560.04,563.08,569.07,576.34,583.51,589.56,595.01,600.16,605.05,609.58,613.76,616.97,619.72,622.70,626.30,629.82,633.21,636.46,639.56,642.54,645.77,649.28,653.04,656.91,662.03,669.13,677.98,684.61,690.43,695.86,700.95,705.72,710.93,716.08,721.34,726.90,731.83,736.05,740.93,746.78,751.78,754.79,757.26,760.05,763.94,768.83,773.66,778.29,782.90,788.15,793.70,799.03,803.91,808.30,813.41,819.92,827.17,834.06,839.45,844.29,849.11,854.20,859.77,865.87,872.35,878.97,885.27,890.37,894.08,897.74,903.00,911.50,917.40,922.03,926.24,930.32,934.63,937.62,939.56,941.13,942.49,944.14,945.76,947.13,948.38,949.62,950.82,952.01,953.16,953.83,953.57,952.59,951.11,949.52,947.72,946.03,944.66,943.73,942.83,942.21,941.90,941.99,942.63,943.46,944.08,944.24,943.99,942.95,941.38,939.38,936.90,933.51,928.55,922.72,916.57,909.92,901.91,896.34,895.41,899.75,907.01,915.09,922.52,928.17,933.84,939.19,943.83,947.53,950.74,953.97,956.45,958.05,959.03,959.41,959.83,961.09,964.09,968.76,973.21,977.53,981.75,985.49,988.74,992.31,996.33,1000.48,1003.87,1007.40,1011.27,1015.66,1020.80,1025.03,1028.97,1032.99,1037.13,1040.55,1043.18,1045.45,1047.78,1050.11,1052.30,1053.89,1054.81,1055.61,1056.02,1055.97,1055.70,1055.57,1055.55,1056.06,1057.31,1059.39,1061.76,1065.91,1070.39,1074.64,1078.86,1084.62,1089.33,1093.20,1097.55,1104.42,1111.77,1119.18,1126.39,1132.82,1138.95,1144.38,1149.13,1153.58,1159.68,1167.51,1174.84,1180.66,1187.75,1196.35,1204.01,1210.93,1219.52,1226.13,1230.87,1234.48,1237.58,1240.73,1244.40,1248.48,1253.08,1258.60,1263.70,1268.38,1272.60,1276.24,1279.95,1283.76,1287.39,1290.57,1293.31,1295.63,1297.93,1300.53,1303.78,1307.58
555.00,555.00,555.00,555.00,555.00,555.00,555.00,555.00,555.00,555.00,555.00,555.00,555.00,555.00,555.00,555.00,555.00,555.00,555.00,555.00,555.00,555.00,555.00,555.00,555.00,555.00,555.00,555.00,555.00,555.00,555.00,555.00,555.38,556.66,559.36,560.59,565.10,572.14,580.24,586.63,592.11,597.04,601.57,605.79,609.09,612.23,615.04,617.20,619.73,623.72,628.21,632.63,636.75,641.06,645.39,649.70,654.00,657.84,664.57,672.69,680.42,686.47,692.03,697.26,702.09,706.36,710.76,715.49,721.20,728.27,733.78,738.60,744.00,749.80,753.62,756.64,759.37,762.32,766.29,771.15,775.97,780.39,784.47,789.15,794.30,799.37,804.14,808.69,813.67,820.02,827.24,834.39,840.44,845.30,849.90,854.84,860.45,866.72,874.18,882.01,888.13,892.11,895.32,899.28,905.34,913.88,919.85,924.40,928.68,933.78,938.23,941.00,942.80,944.60,946.03,948.25,950.53,952.34,953.66,954.67,955.51,956.42,957.81,959.04,959.49,959.11,957.72,955.29,953.04,951.15,949.72,948.84,948.02,947.64,947.80,948.58,949.39,950.15,950.61,950.60,950.30,949.45,947.80,945.32,941.97,937.95,932.82,926.80,920.17,913.83,906.63,901.12,899.44,903.75,910.47,917.81,924.79,930.80,937.26,942.59,947.16,951.27,954.94,958.50,961.27,963.13,964.28,964.96,965.44,966.40,968.65,972.17,976.07,980.23,984.58,988.79,993.05,997.20,1001.12,1004.71,1008.26,1012.82,1017.54,1021.83,1026.08,1030.51,1034.99,1039.08,1041.95,1044.60,1047.01,1049.68,1052.95,1055.64,1057.29,1058.58,1059.92,1061.63,1062.65,1062.97,1062.93,1063.01,1063.08,1063.67,1064.80,1066.39,1067.96,1070.03,1072.51,1075.37,1078.71,1082.37,1086.12,1089.99,1094.21,1099.13,1105.48,1113.16,1121.51,1128.46,1135.18,1140.91,1145.66,1149.92,1155.50,1164.00,1172.18,1178.10,1184.89,1193.15,1200.79,1207.91,1216.50,1223.95,1229.39,1233.36,1236.45,1239.55,1243.22,1247.21,1251.74,1257.64,1262.91,1267.70,1272.04,1275.74,1279.96,1284.08,1288.07,1291.85,1295.13,1297.86,1300.77,1304.10,1307.69,1310.84
555.00,555.00,555.00,555.00,555.00,555.00,555.00,555.00,555.00,555.00,555.00,555.00,555.00,555.00,555.00,555.00,555.00,555.00,555.00,555.00,555.00,555.00,555.00,555.00,555.00,555.00,555.00,555.00,555.00,555.00,555.00,555.00,555.00,555.96,559.08,559.74,562.28,567.56,575.31,582.32,588.36,593.47,597.82,601.75,604.87,607.92,610.76,613.07,615.64,619.91,625.15,630.73,635.87,641.05,646.18,651.16,655.84,660.43,667.21,674.74,681.54,687.20,692.64,697.80,702.50,706.52,710.64,715.10,720.84,728.60,735.15,740.74,746.22,751.48,755.04,758.32,761.47,764.70,768.58,773.67,778.42,782.58,786.41,791.06,796.06,800.76,805.09,809.48,814.25,820.42,827.72,835.33,841.25,845.78,850.15,855.03,860.66,866.98,875.00,883.46,889.23,892.82,895.90,900.27,907.29,916.20,921.73,925.79,930.02,935.89,940.16,942.92,944.95,946.94,948.90,951.58,954.31,956.58,958.10,959.27,960.04,960.80,962.28,963.57,964.05,963.68,962.30,959.84,957.65,955.82,954.39,953.41,952.63,952.35,952.63,953.48,954.38,955.14,955.54,955.45,954.95,954.00,952.38,949.96,946.50,942.21,936.89,930.72,923.88,917.18,910.88,905.91,903.63,906.41,913.11,920.40,927.28,933.68,940.13,945.43,950.13,954.58,958.71,962.55,965.74,968.24,970.19,971.65,972.56,973.42,974.81,976.91,979.93,983.65,988.00,992.84,997.44,1001.58,1005.38,1009.13,1013.35,1018.10,1022.76,1027.04,1031.39,1035.61,1039.57,1043.03,1045.55,1048.44,1051.50,1054.89,1058.68,1061.87,1064.08,1066.05,1068.09,1069.97,1070.99,1071.30,1071.19,1071.00,1071.02,1071.50,1072.36,1073.54,1074.94,1076.48,1078.27,1080.32,1082.54,1085.08,1088.54,1092.43,1096.14,1099.43,1104.53,1110.91,1117.85,1124.10,1130.86,1136.92,1142.02,1146.38,1151.36,1159.84,1168.54,1175.12,1181.38,1189.43,1197.01,1203.97,1212.16,1220.55,1227.29,1232.12,1235.15,1238.41,1242.25,1246.33,1250.88,1256.78,1262.12,1267.02,1271.53,1275.55,1279.96,1284.29,1288.51,1292.59,1296.25,1299.63,1303.07,1306.64,1310.13,1313.08
555.00,555.00,555.00,555.00,555.00,555.00,555.00,555.00,555.00,555.00,555.00,555.00,555.00,555.00,555.00,555.00,555.00,555.00,555.00,555.00,555.00,555.00,555.00,555.00,555.00,555.00,555.00,555.00,555.00,555.00,555.00,555.00,555.19,556.27,559.00,559.62,560.31,563.44,570.17,577.60,584.10,589.39,593.67,597.43,600.73,603.73,606.58,609.44,612.86,617.60,623.42,629.92,636.03,641.77,647.45,652.95,657.94,663.41,669.56,675.91,681.99,687.40,692.77,697.91,702.59,706.63,710.69,714.96,720.50,728.42,736.09,742.38,747.79,752.47,756.25,759.91,763.50,767.06,770.90,776.23,780.88,784.85,788.65,793.52,798.36,802.63,806.44,810.57,815.08,820.98,828.27,836.29,841.83,845.94,850.07,854.93,860.58,866.88,875.16,883.91,889.43,893.04,896.23,901.07,909.01,918.18,923.10,926.58,930.75,937.18,941.22,944.09,946.46,948.68,951.33,954.36,957.40,960.07,961.87,963.34,964.30,965.12,966.63,967.79,968.03,967.46,966.09,963.91,961.96,960.30,958.91,957.80,957.05,956.81,957.03,957.69,958.63,959.38,959.75,959.61,958.89,957.75,956.13,953.88,950.64,946.24,940.73,934.44,927.54,920.38,914.86,910.55,907.84,908.69,915.38,922.87,929.89,936.67,942.77,948.01,952.91,957.69,962.31,966.47,970.17,973.47,976.40,978.71,980.15,981.02,981.61,982.37,984.45,987.64,991.91,997.24,1001.82,1005.75,1009.48,1013.64,1018.62,1023.22,1027.54,1031.85,1036.44,1040.19,1043.30,1046.04,1048.85,1052.43,1056.42,1060.57,1064.68,1068.34,1071.47,1074.46,1077.22,1079.10,1080.10,1080.47,1080.36,1079.89,1079.82,1080.11,1080.64,1081.42,1082.76,1084.23,1085.76,1087.22,1088.46,1090.40,1093.72,1097.49,1100.54,1102.66,1106.56,1111.20,1116.03,1121.21,1127.50,1133.48,1138.71,1143.15,1147.63,1155.52,1164.33,1171.73,1177.55,1185.23,1192.74,1199.65,1207.24,1216.17,1224.30,1230.39,1233.74,1237.32,1241.41,1245.69,1250.31,1256.04,1261.38,1266.37,1271.07,1275.53,1280.03,1284.49,1288.87,1293.08,1297.06,1301.10,1305.01,1308.65,1311.89,1314.83
555.00,555.00,555.00,555.00,555.00,555.00,555.00,555.00,555.00,555.00,555.00,555.00,555.00,555.00,555.00,555.00,555.00,555.00,555.00,555.00,555.00,555.00,555.00,555.00,555.00,555.00,555.00,555.00,555.00,555.00,555.00,555.00,556.20,558.05,559.13,559.49,559.86,562.09,567.36,573.78,579.16,583.92,588.34,592.41,596.01,599.13,602.05,605.42,611.08,617.41,623.77,630.15,637.06,642.95,648.57,654.13,659.46,664.82,670.39,676.19,682.09,687.43,692.68,697.77,702.66,707.40,711.48,715.51,720.63,728.05,736.21,742.65,748.09,753.00,757.34,761.39,765.23,769.10,773.51,778.58,783.12,787.24,791.43,796.64,800.92,804.62,808.19,812.18,816.40,821.68,828.36,836.20,841.75,845.71,849.64,854.40,860.15,866.37,874.40,883.04,889.12,893.16,896.78,902.13,910.43,918.73,923.27,926.66,930.86,937.51,941.67,944.73,947.39,949.99,953.08,956.29,959.37,962.12,964.30,966.02,967.59,969.16,970.75,971.91,972.13,971.61,970.37,968.15,966.30,964.77,963.46,962.39,961.84,961.58,961.65,962.21,963.07,963.63,963.86,963.68,962.98,961.73,959.78,957.22,954.11,949.60,943.88,937.51,930.80,923.93,918.56,914.46,911.82,911.88,917.65,925.08,932.61,939.68,945.40,950.55,955.61,960.77,965.94,970.76,975.16,979.15,982.63,985.16,986.88,987.87,988.15,988.49,989.98,992.79,996.89,1001.70,1005.99,1009.91,1013.82,1018.22,1023.37,1028.02,1032.44,1036.75,1040.28,1043.23,1046.01,1049.07,1053.17,1057.47,1061.90,1066.39,1070.76,1074.57,1078.08,1081.48,1084.68,1087.14,1089.24,1090.76,1091.62,1091.69,1091.66,1091.74,1091.90,1092.15,1092.71,1093.23,1093.78,1094.55,1095.90,1097.64,1100.23,1103.10,1105.60,1107.93,1111.37,1115.43,1119.90,1124.82,1129.44,1133.44,1137.12,1141.12,1145.60,1151.87,1159.41,1167.36,1173.62,1179.91,1187.35,1195.48,1202.43,1209.88,1218.59,1226.76,1232.18,1236.43,1240.79,1245.33,1250.18,1255.67,1260.90,1265.88,1270.76,1275.69,1280.38,1284.88,1289.28,1293.60,1297.82,1302.19,1306.40,1310.24,1313.43,1316.43
555.00,555.00,555.00,555.00,555.00,555.00,555.00,555.00,555.00,555.00,555.00,555.00,555.00,555.00,555.00,555.00,555.00,555.00,555.00,555.00,555.00,555.00,555.00,555.00,555.00,555.00,555.00,555.00,555.00,555.00,555.00,555.00,556.79,559.10,559.26,559.46,559.72,561.50,565.75,570.87,575.21,579.26,583.25,587.22,591.19,594.72,597.88,601.46,608.61,616.58,623.56,629.59,636.88,642.41,647.72,653.07,658.03,663.49,669.33,675.29,681.69,690.16,698.49,705.60,710.62,712.39,714.02,716.78,721.28,728.23,736.43,742.74,748.10,753.20,758.11,762.59,766.70,770.84,775.63,780.59,785.20,789.73,794.49,799.54,803.39,806.78,810.19,814.00,817.96,822.62,828.44,835.63,841.34,845.32,849.13,853.76,859.67,865.81,873.47,881.83,888.42,893.16,897.54,903.11,910.74,918.45,923.05,926.57,930.75,937.35,941.77,945.14,948.16,951.18,954.58,957.94,961.07,963.87,966.38,968.46,970.57,972.69,974.50,975.81,976.23,975.98,975.08,973.28,971.45,969.88,968.60,967.50,966.92,966.60,966.53,966.88,967.54,968.00,968.18,968.02,967.40,966.15,964.03,961.17,957.74,952.98,947.06,940.70,934.39,928.02,922.77,918.61,915.80,915.35,920.22,927.50,935.32,942.27,947.78,952.96,958.35,964.06,969.59,974.78,979.74,984.36,988.21,990.97,992.82,993.90,994.27,994.62,995.67,998.08,1001.88,1006.13,1010.07,1013.95,1018.12,1022.95,1027.97,1032.58,1036.86,1040.66,1043.44,1046.01,1049.20,1053.21,1057.89,1062.52,1067.28,1072.09,1076.71,1080.68,1084.53,1088.47,1092.28,1095.13,1097.62,1099.54,1100.80,1101.24,1101.33,1101.34,1101.33,1101.36,1101.60,1101.75,1101.89,1102.34,1103.60,1105.03,1107.03,1109.29,1111.55,1114.31,1117.82,1121.58,1125.41,1129.29,1132.46,1135.05,1137.65,1141.07,1144.99,1149.67,1155.63,1162.94,1169.48,1175.28,1182.43,1190.79,1198.10,1205.01,1213.54,1222.49,1229.81,1235.27,1240.28,1245.27,1250.34,1255.51,1260.60,1265.58,1270.67,1276.09,1280.89,1285.32,1289.65,1294.01,1298.39,1303.11,1307.59,1311.53,1314.77,1317.88
555.00,555.00,555.00,555.00,555.00,555.00,555.00,555.00,555.00,555.00,555.00,555.00,555.00,555.00,555.00,555.00,555.00,555.00,555.00,555.00,555.00,555.00,555.00,555.00,555.00,555.00,555.00,555.00,555.00,555.00,555.01,555.11,556.94,559.23,559.38,559.54,559.77,561.41,565.19,568.89,572.52,575.76,578.75,582.11,586.40,590.56,594.07,597.48,604.94,614.07,621.59,627.12,634.26,638.89,643.67,648.64,652.65,658.58,665.52,672.27,679.75,693.97,708.03,718.99,724.30,720.41,718.08,719.10,723.03,729.44,737.00,742.82,747.92,753.05,758.53,763.42,767.87,772.26,777.13,782.18,787.14,792.32,797.74,802.09,805.75,809.13,812.44,815.97,819.73,823.80,828.64,834.77,840.68,844.80,848.55,853.08,859.18,865.26,872.49,880.42,887.39,893.10,898.49,903.96,909.95,917.39,922.43,926.30,930.43,936.70,941.48,945.31,948.79,952.31,955.86,959.39,962.63,965.49,968.24,970.81,973.29,975.69,977.87,979.43,980.27,980.49,980.09,979.20,977.36,975.64,974.34,973.10,972.27,971.81,971.63,971.66,972.04,972.50,972.78,972.70,972.20,971.01,968.88,965.78,961.63,956.48,950.39,944.17,938.46,932.78,927.68,923.26,919.96,919.09,923.13,930.18,937.98,944.38,949.85,955.22,961.12,967.54,973.19,978.43,983.75,988.93,993.04,996.15,998.10,999.29,1000.05,1000.73,1001.47,1003.40,1006.76,1010.48,1014.08,1017.93,1022.39,1027.73,1032.36,1036.80,1040.62,1043.48,1046.07,1048.81,1053.12,1058.47,1062.90,1067.46,1072.48,1077.63,1082.46,1086.63,1090.84,1095.46,1100.05,1103.01,1105.06,1106.51,1107.51,1108.02,1108.32,1108.40,1108.45,1108.63,1109.08,1109.56,1110.01,1110.55,1111.43,1112.46,1114.13,1116.20,1118.53,1121.70,1125.62,1129.20,1131.94,1133.99,1136.11,1138.17,1140.40,1143.19,1145.96,1149.23,1153.42,1158.88,1165.27,1171.60,1178.27,1185.72,1194.38,1201.99,1209.68,1217.93,1226.64,1233.81,1239.89,1245.48,1250.74,1255.56,1260.49,1265.51,1270.83,1276.68,1281.51,1285.81,1289.99,1294.29,1298.75,1303.88,1308.59,1312.54,1315.91,1319.16
555.00,555.00,555.00,555.00,555.00,555.00,555.00,555.00,555.00,555.00,555.00,555.00,555.00,555.00,555.00,555.00,555.00,555.00,555.00,555.00,555.00,555.00,555.00,555.00,555.00,555.00,555.00,555.00,555.00,555.00,555.10,556.50,558.13,559.29,559.45,559.60,559.93,561.51,564.89,568.13,571.28,574.04,576.50,579.18,582.56,586.34,589.69,592.26,596.72,602.85,608.61,613.62,619.43,622.47,626.59,632.03,637.37,643.72,651.06,658.35,665.77,676.67,688.14,698.70,707.27,712.59,719.12,726.02,731.86,735.48,739.30,743.19,747.57,752.73,758.52,763.67,768.45,773.11,777.96,783.19,789.00,794.90,800.27,804.34,808.01,811.44,814.69,818.02,821.63,825.37,829.70,835.15,840.44,844.37,848.03,852.47,858.70,864.73,871.66,879.28,886.55,893.48,899.46,904.64,909.49,915.44,920.52,925.00,929.58,935.38,940.29,944.76,949.08,953.33,957.20,960.79,964.17,967.32,970.28,973.07,975.78,978.44,980.92,982.73,983.74,984.11,983.93,983.58,982.34,980.98,979.78,978.58,977.55,976.78,976.32,976.25,976.46,977.08,977.66,977.85,977.34,975.76,973.25,969.88,965.51,960.24,954.45,948.75,943.63,938.94,934.31,929.81,925.87,923.66,926.00,932.58,940.45,946.13,951.51,957.22,963.67,970.62,976.25,981.77,987.22,992.38,996.83,1001.16,1004.29,1006.20,1006.94,1007.33,1007.62,1008.94,1011.54,1014.49,1018.10,1022.54,1027.24,1031.49,1035.76,1039.67,1043.08,1045.96,1048.95,1053.16,1058.09,1063.14,1067.61,1072.50,1077.73,1082.92,1087.70,1092.06,1096.54,1101.19,1105.65,1108.88,1111.11,1112.65,1113.76,1114.51,1114.78,1114.89,1115.25,1115.95,1116.43,1116.95,1117.59,1118.36,1119.36,1120.89,1122.93,1125.17,1127.41,1129.81,1132.64,1135.37,1137.63,1139.21,1140.86,1142.85,1145.14,1147.61,1149.85,1151.95,1154.53,1158.16,1162.99,1169.10,1175.75,1183.08,1191.88,1200.18,1207.82,1215.49,1223.93,1232.45,1239.52,1245.71,1251.24,1255.94,1260.85,1265.85,1271.17,1277.14,1281.91,1286.15,1290.30,1294.60,1299.12,1304.43,1309.28,1313.28,1316.69,1320.04
555.00,555.00,555.00,555.00,555.00,555.00,555.00,555.00,555.00,555.00,555.00,555.00,555.00,555.00,555.00,555.00,555.00,555.00,555.00,555.00,555.00,555.00,555.00,555.00,555.00,555.00,555.00,555.00,555.00,555.00,555.18,557.73,559.19,559.36,559.51,559.67,560.17,561.77,564.82,567.86,570.65,573.08,575.23,577.40,579.82,583.00,586.07,588.02,589.70,592.83,596.97,601.78,606.60,608.99,613.38,619.70,625.85,632.63,639.64,646.66,653.56,660.36,668.13,677.00,687.49,700.75,715.26,729.55,739.54,741.02,741.84,744.02,747.70,753.12,760.27,765.26,769.87,774.48,778.74,784.08,790.74,797.25,802.36,806.29,810.13,813.71,817.05,820.52,824.01,827.48,831.38,836.18,840.61,844.25,847.82,852.20,858.50,864.45,871.12,878.48,885.89,893.77,900.02,904.87,908.90,913.44,918.39,923.49,928.70,934.11,939.04,944.18,949.41,954.25,958.48,962.20,965.74,969.18,972.29,975.23,978.22,981.25,984.00,986.03,987.20,987.71,987.76,987.76,987.15,986.22,985.13,983.94,982.80,981.81,981.14,981.02,981.12,981.81,982.62,983.07,982.63,980.53,977.43,973.68,969.30,964.15,958.77,953.59,949.01,945.24,941.12,936.67,932.16,928.61,929.13,934.87,942.50,947.69,953.14,959.26,966.15,973.39,979.07,984.85,990.29,995.35,1000.34,1005.89,1010.19,1012.89,1013.91,1014.48,1014.86,1015.81,1017.53,1019.53,1022.80,1027.25,1031.72,1034.82,1038.70,1042.14,1045.32,1048.55,1052.36,1057.74,1062.90,1067.48,1072.25,1077.51,1082.84,1087.90,1092.49,1097.05,1101.81,1106.45,1110.68,1114.14,1116.60,1118.33,1119.63,1120.64,1121.03,1121.42,1122.24,1123.51,1124.15,1124.89,1125.81,1126.85,1128.00,1129.89,1132.06,1134.24,1136.15,1137.63,1139.23,1141.04,1142.92,1144.48,1146.05,1148.19,1150.69,1152.97,1154.93,1156.29,1157.70,1159.82,1162.91,1168.24,1174.57,1181.74,1190.52,1199.18,1206.84,1214.03,1221.77,1231.23,1239.24,1246.04,1251.77,1256.37,1261.30,1266.32,1271.66,1277.66,1282.34,1286.54,1290.68,1294.97,1299.56,1304.99,1309.91,1313.91,1317.35,1320.76
555.00,555.00,555.00,555.00,555.00,555.00,555.00,555.00,555.00,555.00,555.00,555.00,555.00,555.00,555.00,555.00,555.00,555.00,555.00,555.00,555.00,555.00,555.00,555.00,555.00,555.00,555.00,555.00,555.00,555.00,555.18,557.69,559.18,559.43,559.57,559.73,560.53,562.34,565.24,568.13,570.71,572.99,575.10,577.20,579.37,582.02,584.81,587.18,588.76,591.65,595.99,601.48,606.96,611.66,618.85,626.58,630.65,637.93,643.22,647.94,653.81,660.36,666.86,673.45,680.41,688.63,700.39,721.21,739.57,742.10,743.89,745.90,749.24,755.58,766.90,770.77,773.94,777.57,779.83,785.06,792.22,798.96,803.72,807.72,811.94,815.88,819.67,824.11,827.59,830.76,834.16,838.08,841.61,844.89,848.39,852.75,859.00,864.79,871.26,878.41,885.62,893.51,899.55,904.06,907.74,911.86,916.60,922.09,928.04,933.42,938.18,943.97,950.05,954.98,959.55,963.62,967.42,970.98,974.10,977.15,980.66,984.36,987.34,989.53,990.97,991.88,992.33,992.38,992.13,991.48,990.39,989.09,987.99,987.13,986.57,986.44,986.44,986.87,987.53,988.19,988.12,985.46,981.46,977.03,972.89,968.30,963.29,958.42,954.27,950.93,947.32,943.08,938.31,934.03,932.98,937.02,943.55,948.99,954.96,961.55,968.57,975.61,981.65,987.45,992.70,997.78,1003.73,1010.01,1014.74,1018.07,1020.43,1022.76,1024.72,1026.02,1026.72,1027.51,1029.26,1031.84,1034.79,1037.69,1041.05,1044.42,1047.84,1051.69,1057.01,1061.96,1066.61,1071.35,1076.86,1082.38,1087.51,1092.19,1096.49,1101.22,1106.37,1111.27,1115.56,1119.10,1121.50,1123.33,1124.84,1126.01,1127.04,1128.34,1129.93,1131.64,1132.94,1134.54,1136.10,1137.42,1138.48,1139.75,1140.99,1142.17,1143.28,1144.23,1145.20,1146.34,1147.74,1149.52,1151.68,1154.30,1157.06,1159.37,1161.26,1162.81,1164.18,1165.55,1167.34,1170.91,1175.80,1182.28,1191.33,1199.54,1206.88,1213.69,1220.77,1230.31,1239.19,1246.63,1252.35,1256.73,1261.65,1266.86,1272.42,1278.44,1283.01,1287.13,1291.22,1295.49,1300.16,1305.72,1310.57,1314.37,1317.90,1321.37
555.00,555.00,555.00,555.00,555.00,555.00,555.00,555.00,555.00,555.00,555.00,555.00,555.00,555.00,555.00,555.00,555.00,555.00,555.00,555.00,555.00,555.00,555.00,555.00,555.00,555.00,555.00,555.00,555.00,555.00,555.10,556.56,558.21,559.38,559.59,559.79,561.00,563.09,565.79,568.51,570.95,573.17,575.26,577.39,579.62,582.38,585.46,588.48,590.78,594.17,605.19,625.01,643.97,656.19,662.36,664.09,663.23,665.22,665.75,666.12,668.00,671.18,674.61,678.22,683.00,692.07,709.46,727.99,741.06,743.54,745.54,747.22,749.49,755.22,770.04,775.78,779.00,781.98,784.33,788.53,794.14,799.76,804.46,808.75,813.37,818.04,822.77,827.81,831.50,834.56,837.49,840.51,843.46,846.36,849.84,854.48,860.44,866.08,872.37,879.20,885.83,892.83,898.71,903.31,906.73,910.23,915.21,921.30,927.76,933.15,937.86,943.88,950.36,955.63,960.49,964.84,968.85,972.55,975.80,979.47,983.63,987.78,990.93,993.43,995.42,996.94,997.89,998.19,998.05,997.43,996.34,994.90,993.58,992.43,991.61,991.33,991.29,991.51,991.90,992.30,992.09,989.58,985.56,980.91,976.64,972.38,967.95,963.62,959.74,956.47,952.93,948.69,943.75,938.95,937.14,939.78,945.04,950.48,956.67,963.42,970.51,977.67,984.03,989.57,994.46,999.61,1006.81,1013.76,1019.35,1023.74,1027.14,1030.10,1032.48,1033.99,1034.56,1034.81,1035.61,1036.87,1038.63,1041.17,1044.17,1047.50,1051.10,1055.26,1060.66,1065.52,1070.44,1075.76,1081.53,1086.89,1091.66,1096.20,1100.91,1106.10,1111.28,1116.24,1120.71,1124.14,1126.41,1128.29,1130.07,1131.77,1133.41,1135.21,1137.20,1139.36,1141.55,1143.20,1144.63,1145.91,1146.87,1147.87,1148.50,1148.95,1149.53,1150.26,1151.12,1152.19,1153.61,1155.61,1157.84,1160.42,1163.17,1165.68,1167.89,1170.03,1172.03,1173.75,1175.18,1177.18,1179.87,1184.17,1192.10,1199.84,1206.95,1213.53,1220.24,1229.77,1239.16,1247.04,1252.86,1257.18,1262.07,1267.39,1273.07,1279.06,1283.69,1287.83,1291.89,1296.13,1300.82,1306.40,1311.16,1314.81,1318.33,1321.81
555.00,555.00,555.00,555.00,555.00,555.00,555.00,555.00,555.00,555.00,555.00,555.00,555.00,555.00,555.00,555.00,555.00,555.00,555.00,555.00,555.00,555.00,555.00,555.00,555.00,555.00,555.00,555.00,555.00,555.00,555.01,555.15,556.98,559.29,559.58,559.82,561.47,563.85,566.36,568.92,571.34,573.58,575.69,577.83,580.24,583.28,586.75,590.38,593.79,598.24,617.80,655.34,691.20,712.36,716.72,711.06,705.53,701.22,697.02,693.33,690.93,690.11,690.21,690.97,694.17,705.20,728.31,740.22,743.09,744.86,746.44,747.55,748.53,752.83,769.07,778.58,783.48,786.43,789.63,792.45,795.75,799.68,804.25,808.81,813.81,819.31,825.17,830.94,835.21,838.39,840.94,843.21,845.81,848.42,851.97,856.91,862.52,867.99,874.05,880.47,886.38,892.17,897.84,902.61,905.84,908.76,914.21,920.94,927.76,933.14,937.84,943.87,950.51,956.24,961.38,965.95,970.15,973.99,977.44,982.01,986.82,991.19,994.49,997.50,1000.23,1002.48,1003.93,1004.53,1004.37,1003.67,1002.52,1000.99,999.34,997.79,996.59,996.12,996.06,996.14,996.17,996.02,995.32,993.14,989.56,985.07,980.55,976.49,972.66,968.90,965.19,961.80,957.98,953.51,948.43,943.40,941.37,942.89,946.87,952.14,958.32,965.01,972.16,979.61,986.27,991.43,995.93,1001.26,1009.73,1017.26,1023.76,1029.24,1033.44,1036.42,1038.72,1040.36,1041.26,1041.53,1041.90,1042.34,1043.22,1045.28,1047.99,1051.22,1054.89,1059.09,1063.91,1068.92,1074.47,1080.44,1086.13,1091.11,1095.56,1100.18,1105.57,1111.24,1116.38,1121.43,1126.19,1129.43,1131.51,1133.37,1135.39,1137.66,1139.83,1141.88,1144.06,1146.64,1149.62,1151.11,1152.25,1153.39,1154.27,1155.17,1155.40,1155.36,1155.63,1156.29,1157.25,1158.49,1160.09,1162.24,1164.32,1166.69,1169.32,1172.03,1174.67,1177.49,1180.28,1182.69,1184.18,1184.89,1185.34,1187.01,1192.96,1199.99,1206.92,1213.43,1220.02,1229.42,1239.11,1247.30,1253.24,1257.59,1262.48,1267.88,1273.64,1279.53,1284.31,1288.54,1292.64,1296.86,1301.53,1307.02,1311.66,1315.22,1318.70,1322.18
555.00,555.00,555.00,555.00,555.00,555.00,555.00,555.00,555.00,555.00,555.00,555.00,555.00,555.00,555.00,555.00,555.00,555.00,555.00,555.00,555.00,555.00,555.00,555.00,555.00,555.00,555.00,555.00,555.00,555.00,555.00,555.00,556.82,559.22,559.53,559.81,561.67,564.22,566.75,569.31,571.99,574.47,576.62,578.54,581.00,583.64,586.57,590.14,594.49,601.05,622.72,662.26,701.27,725.89,733.70,731.40,729.13,727.28,725.47,723.89,722.79,722.22,722.03,722.23,723.55,728.12,737.76,742.90,744.24,744.77,744.66,744.50,744.78,747.33,756.79,772.03,782.76,787.96,790.75,792.69,794.78,797.43,800.90,805.17,810.48,816.39,823.05,831.04,837.24,841.11,843.65,845.98,848.52,851.47,855.22,860.00,865.41,870.57,876.20,882.09,887.41,892.63,897.68,902.00,905.19,908.27,914.13,921.16,928.07,933.37,938.06,943.99,950.67,956.90,962.39,967.07,971.38,975.45,979.13,984.76,989.84,993.82,997.37,1001.48,1005.20,1008.15,1009.94,1010.61,1010.48,1009.67,1008.31,1006.76,1005.00,1003.44,1002.25,1001.61,1001.61,1001.66,1001.28,1000.19,998.47,996.04,992.97,989.28,984.89,980.84,977.20,973.71,970.17,966.54,961.82,956.52,951.19,946.87,945.16,946.16,949.28,954.15,959.90,966.31,973.51,981.36,988.37,993.12,997.53,1003.37,1012.58,1020.45,1027.11,1032.80,1037.35,1040.21,1042.56,1044.38,1045.73,1047.13,1048.13,1048.80,1049.56,1051.03,1053.34,1056.18,1059.44,1063.19,1067.59,1073.14,1079.18,1085.15,1090.29,1094.82,1099.45,1104.59,1110.40,1116.06,1121.67,1127.36,1132.58,1135.72,1137.45,1139.09,1141.02,1143.24,1145.63,1147.76,1150.06,1152.80,1155.56,1157.85,1159.65,1160.99,1161.88,1162.68,1162.82,1162.73,1163.02,1163.71,1164.63,1165.68,1167.00,1169.00,1171.14,1173.63,1176.30,1178.75,1181.37,1184.39,1187.28,1189.48,1190.66,1190.97,1190.85,1191.29,1194.39,1199.67,1206.30,1213.24,1220.16,1229.17,1238.86,1247.16,1253.14,1257.58,1262.65,1268.25,1274.07,1279.69,1284.55,1289.10,1293.49,1297.80,1302.40,1307.53,1311.94,1315.49,1319.01,1322.45
555.00,555.00,555.00,555.00,555.00,555.00,555.00,555.00,555.00,555.00,555.00,555.00,555.00,555.00,555.00,555.00,555.00,555.00,555.00,555.00,555.00,555.00,555.00,555.00,555.00,555.00,555.00,555.00,555.00,555.00,555.00,555.00,556.79,559.16,559.47,559.80,561.73,564.40,567.16,570.25,573.35,575.94,578.10,580.39,582.95,585.17,587.39,590.34,594.80,601.81,619.28,650.51,687.82,714.86,731.19,739.04,740.33,740.65,740.74,740.80,740.88,740.88,740.78,740.83,741.11,741.60,742.49,743.49,744.08,743.54,741.50,736.50,733.24,734.03,737.77,751.10,762.84,770.24,774.62,778.73,787.24,794.96,798.00,801.77,806.01,811.28,818.06,826.71,834.28,840.03,844.67,848.81,851.82,854.97,858.79,863.46,868.54,873.36,878.53,883.92,888.87,893.63,898.12,902.07,905.28,908.55,914.63,921.72,928.51,933.76,938.51,944.25,950.84,957.58,963.34,968.15,972.62,976.97,981.24,987.23,992.25,996.14,1000.35,1005.41,1009.88,1013.31,1015.34,1016.05,1015.96,1015.22,1013.96,1012.57,1010.90,1009.40,1008.17,1007.31,1007.13,1007.09,1006.46,1004.80,1002.45,999.65,996.72,993.44,989.23,985.16,981.49,977.99,974.40,970.54,965.17,959.29,953.87,950.39,949.17,949.87,952.21,956.43,961.67,967.86,975.09,983.10,990.04,994.50,999.24,1005.85,1015.41,1023.29,1030.03,1035.81,1040.32,1043.20,1045.64,1047.81,1049.80,1051.97,1053.57,1054.79,1055.95,1057.48,1059.37,1061.61,1064.28,1067.62,1071.94,1077.68,1083.76,1089.46,1094.18,1098.59,1103.54,1109.19,1115.45,1121.37,1127.47,1133.41,1138.52,1141.54,1143.21,1144.79,1146.56,1148.41,1150.59,1152.70,1155.11,1158.04,1160.92,1164.03,1166.70,1168.67,1169.92,1170.61,1170.61,1170.46,1170.68,1171.24,1172.03,1172.93,1174.04,1175.75,1177.73,1180.09,1182.62,1185.04,1187.76,1190.87,1193.72,1195.72,1196.77,1197.01,1196.74,1196.48,1197.45,1200.57,1206.09,1212.91,1220.29,1228.89,1238.50,1246.84,1252.80,1257.33,1262.55,1268.27,1274.14,1279.73,1284.76,1289.59,1294.25,1298.74,1303.25,1308.00,1312.19,1315.73,1319.24,1322.65
555.00,555.00,555.00,555.00,555.00,555.00,555.00,555.00,555.00,555.00,555.00,555.00,555.00,555.00,555.00,555.00,555.00,555.00,555.00,555.00,555.00,555.00,555.00,555.00,555.00,555.00,555.00,555.00,555.00,555.00,555.00,555.00,556.71,559.00,559.40,559.78,561.72,564.50,567.75,571.97,575.62,578.22,580.42,583.81,586.56,588.45,589.90,591.66,595.24,600.55,607.80,621.61,653.03,681.39,710.30,733.70,738.22,739.75,740.60,741.19,741.47,741.78,741.80,741.88,742.15,742.54,742.99,742.99,742.31,740.41,736.34,723.39,713.94,713.17,713.81,716.58,723.47,732.77,740.98,750.50,773.27,792.67,796.15,799.31,801.00,804.45,810.48,817.74,825.70,834.45,843.47,851.51,855.76,858.96,862.68,867.28,871.83,876.31,881.07,886.02,890.81,895.14,899.22,902.96,906.26,909.67,915.74,922.62,929.09,934.28,939.19,944.69,951.08,958.28,964.21,969.23,973.88,978.55,983.79,989.28,993.96,998.21,1003.53,1009.26,1014.11,1017.76,1019.93,1020.73,1020.73,1020.31,1019.57,1018.57,1017.14,1015.69,1014.31,1013.12,1012.46,1012.21,1011.51,1009.78,1007.30,1004.19,1000.94,997.52,993.48,989.40,985.50,981.68,977.80,973.71,968.10,962.07,956.82,954.19,953.57,954.13,955.78,959.06,963.75,969.79,976.99,984.83,991.23,995.57,1001.04,1008.70,1018.20,1025.74,1032.60,1038.45,1042.51,1045.60,1048.22,1050.90,1053.69,1056.09,1058.14,1060.11,1062.21,1064.51,1066.05,1067.52,1069.51,1072.58,1077.12,1082.56,1088.11,1093.33,1097.85,1102.55,1107.93,1114.04,1120.77,1127.30,1133.76,1139.43,1143.78,1146.63,1148.61,1150.33,1151.88,1153.13,1154.68,1156.65,1159.19,1162.40,1165.91,1169.73,1173.33,1176.34,1178.28,1178.89,1178.70,1178.39,1178.44,1178.65,1179.22,1180.05,1181.09,1182.41,1183.96,1185.82,1188.03,1190.75,1193.80,1196.93,1199.67,1201.65,1202.78,1203.22,1203.04,1202.50,1202.29,1203.03,1206.52,1212.46,1220.32,1228.50,1238.01,1246.33,1252.26,1256.86,1262.13,1267.86,1273.80,1279.63,1284.94,1289.96,1294.85,1299.60,1304.05,1308.46,1312.44,1315.95,1319.38,1322.78
555.00,555.00,555.00,555.00,555.00,555.00,555.00,555.00,555.00,555.00,555.00,555.00,555.00,555.00,555.00,555.00,555.00,555.00,555.00,555.00,555.00,555.00,555.00,555.00,555.00,555.00,555.00,555.00,555.00,555.00,555.00,555.00,555.83,557.41,559.18,559.78,562.42,566.25,570.50,575.50,579.78,583.33,586.70,590.97,594.20,596.07,596.84,597.14,599.19,602.36,605.73,612.10,630.20,650.90,676.11,700.65,714.61,726.67,735.75,740.68,741.00,741.38,741.60,741.82,742.09,742.32,742.27,741.82,737.48,726.41,720.39,712.95,708.23,708.12,708.63,709.32,717.20,729.12,736.89,748.09,772.11,792.00,795.40,798.44,799.52,801.21,804.62,809.90,817.11,825.76,836.99,851.27,859.60,864.21,867.78,871.41,875.17,879.54,884.28,889.04,893.33,897.35,901.05,904.50,907.88,911.94,917.63,923.85,929.83,934.89,940.05,945.73,952.11,959.17,965.46,970.63,975.33,980.10,985.68,990.76,995.19,999.88,1006.51,1012.39,1017.25,1021.04,1023.52,1024.84,1025.48,1025.88,1026.01,1025.38,1024.03,1022.30,1020.42,1018.63,1017.14,1016.20,1015.07,1013.28,1011.00,1008.22,1005.00,1001.42,997.55,993.49,989.44,985.28,980.85,976.23,970.73,965.24,960.75,958.93,958.90,959.65,960.88,962.92,966.75,972.13,978.79,986.24,992.44,996.76,1002.95,1011.50,1020.59,1028.05,1034.93,1040.66,1044.40,1047.65,1050.85,1054.01,1057.10,1060.18,1063.13,1066.14,1069.11,1071.73,1073.84,1075.34,1077.25,1080.26,1083.87,1088.11,1092.63,1097.27,1102.02,1107.24,1113.26,1119.80,1126.55,1133.10,1139.07,1144.27,1148.49,1151.55,1153.70,1155.26,1156.49,1157.61,1158.99,1160.93,1163.53,1166.93,1171.05,1175.48,1179.37,1182.44,1184.59,1185.50,1185.63,1185.51,1185.48,1185.54,1185.77,1186.23,1186.99,1188.05,1189.31,1190.96,1193.15,1196.09,1199.46,1202.72,1205.47,1207.40,1208.64,1209.03,1208.85,1208.14,1206.83,1206.18,1208.12,1212.64,1219.65,1227.55,1237.01,1245.43,1251.54,1256.21,1261.37,1266.99,1272.90,1278.89,1284.57,1289.93,1295.10,1300.06,1304.51,1308.75,1312.62,1316.10,1319.51,1322.94
555.00,555.00,555.00,555.00,555.00,555.00,555.00,555.00,555.00,555.00,555.00,555.00,555.00,555.00,555.00,555.00,555.00,555.00,555.00,555.00,555.00,555.00,555.00,555.00,555.00,555.00,555.00,555.00,555.00,555.00,555.00,555.00,555.00,555.94,559.00,559.87,563.40,568.49,573.87,579.37,584.29,588.96,593.64,598.43,602.31,605.00,606.35,606.37,607.16,608.07,609.21,611.46,617.19,628.62,645.47,665.45,685.49,705.06,720.41,729.37,731.45,734.32,737.72,740.28,741.54,741.63,740.57,737.48,729.68,715.96,711.04,711.85,714.07,716.21,718.92,721.25,730.24,742.14,747.78,757.71,776.75,792.25,795.26,798.04,798.98,799.37,800.34,803.52,809.20,817.05,829.59,849.00,862.90,869.28,872.63,875.41,878.78,883.14,887.82,892.30,896.13,899.77,903.11,906.32,909.80,914.38,919.59,925.13,930.66,935.66,941.07,947.01,953.43,960.27,966.85,972.11,976.81,981.63,987.29,992.01,996.39,1001.60,1009.27,1015.17,1019.95,1023.86,1026.72,1028.75,1030.21,1031.50,1032.43,1032.15,1030.92,1028.94,1026.57,1024.17,1021.86,1020.10,1018.38,1016.38,1014.23,1011.80,1008.75,1005.16,1001.41,997.36,993.11,988.55,983.57,978.43,973.12,968.37,964.98,964.17,964.87,966.04,967.14,968.12,970.81,975.07,980.77,987.61,993.60,998.29,1005.23,1014.35,1022.88,1030.30,1037.05,1042.55,1046.14,1049.64,1053.43,1057.05,1060.44,1064.20,1068.09,1072.01,1075.61,1078.37,1081.05,1083.02,1085.29,1088.36,1091.00,1093.99,1097.54,1101.75,1106.83,1112.56,1119.03,1125.74,1132.25,1138.58,1144.00,1148.89,1153.25,1156.59,1158.93,1160.38,1161.38,1162.42,1163.69,1165.57,1168.20,1171.76,1176.12,1180.82,1184.70,1187.57,1189.78,1191.09,1191.70,1191.91,1191.90,1191.94,1191.94,1192.10,1192.58,1193.45,1194.49,1196.15,1198.52,1201.64,1205.06,1208.23,1210.84,1212.73,1214.10,1214.47,1214.36,1213.68,1211.85,1210.48,1210.97,1213.72,1219.23,1226.59,1235.89,1244.36,1250.64,1255.39,1260.43,1265.95,1271.84,1277.89,1283.86,1289.57,1295.07,1300.27,1304.76,1308.96,1312.76,1316.23,1319.65,1323.10
555.00,555.00,555.00,555.00,555.00,555.00,555.00,555.00,555.00,555.00,555.00,555.00,555.00,555.00,555.00,555.00,555.00,555.00,555.00,555.00,555.00,555.00,555.00,555.00,555.00,555.00,555.00,555.00,555.00,555.00,555.00,555.00,555.00,555.94,559.05,560.26,564.66,570.93,577.37,582.90,588.36,593.97,599.43,603.90,608.63,614.44,620.04,623.50,624.39,623.10,621.89,622.05,624.12,628.55,635.90,645.62,656.79,667.51,677.45,686.51,695.55,708.38,723.81,735.18,740.40,740.42,736.82,724.16,715.40,724.62,729.90,736.55,743.69,751.13,760.74,769.10,774.96,778.44,780.20,783.03,788.70,793.91,796.13,797.81,798.48,798.87,799.41,800.62,803.33,810.69,823.59,842.97,864.64,872.86,875.79,878.85,883.13,887.65,891.80,895.59,899.24,902.30,905.29,908.48,912.14,916.39,921.18,926.34,931.66,936.87,942.40,948.50,955.05,961.88,968.37,973.54,978.26,983.17,988.48,993.06,997.86,1003.75,1011.55,1017.43,1022.17,1026.20,1029.57,1032.47,1034.88,1036.86,1038.15,1038.18,1037.31,1035.39,1032.82,1030.06,1027.19,1024.62,1022.06,1019.43,1016.96,1014.40,1011.66,1008.58,1004.77,1000.67,996.00,990.92,985.62,980.24,975.01,971.11,969.33,970.11,971.97,974.04,975.66,976.35,977.31,979.46,983.38,989.10,994.64,1000.70,1008.53,1017.44,1025.20,1032.48,1038.70,1043.75,1047.64,1051.72,1055.78,1059.86,1063.95,1068.01,1072.61,1076.84,1080.40,1083.15,1085.71,1088.81,1092.24,1095.59,1098.00,1100.30,1103.49,1107.80,1113.17,1119.19,1125.39,1131.47,1137.31,1143.23,1148.63,1153.81,1158.62,1162.18,1164.83,1166.57,1167.65,1168.40,1169.34,1171.05,1173.70,1177.27,1180.89,1184.88,1188.34,1191.05,1193.25,1194.92,1196.12,1196.86,1197.08,1197.32,1197.50,1197.77,1198.21,1198.91,1199.91,1201.96,1204.88,1208.11,1210.77,1213.02,1215.06,1216.94,1218.50,1219.17,1219.37,1219.20,1218.57,1217.62,1216.67,1216.94,1220.12,1226.00,1234.78,1243.05,1249.27,1254.27,1259.25,1264.76,1270.68,1276.60,1282.55,1288.55,1294.49,1300.07,1304.68,1308.97,1312.85,1316.36,1319.82,1323.25
555.00,555.00,555.00,555.00,555.00,555.00,555.00,555.00,555.00,555.00,555.00,555.00,555.00,555.00,555.00,555.00,555.00,555.00,555.00,555.00,555.00,555.00,555.00,555.00,555.00,555.00,555.00,555.00,555.00,555.00,555.00,555.00,555.00,555.95,559.16,561.01,565.98,572.76,579.66,585.27,591.38,597.51,603.18,607.96,613.96,620.76,627.32,632.26,634.66,634.44,634.13,634.80,635.84,636.58,638.44,641.97,647.56,653.39,659.25,665.96,674.77,686.81,701.68,713.75,720.81,722.74,721.69,718.63,725.36,750.86,758.30,763.77,769.32,775.06,782.37,788.89,791.97,792.47,792.86,793.25,794.14,795.30,796.46,797.23,797.63,797.96,798.38,798.93,800.23,805.75,817.61,838.51,864.78,875.32,879.35,883.10,887.47,891.60,895.31,898.73,902.08,904.89,907.64,910.68,914.25,918.23,922.91,928.01,933.32,938.64,944.01,950.09,956.66,963.27,969.47,974.54,979.34,984.35,989.52,994.13,999.65,1006.31,1013.51,1019.28,1024.20,1028.55,1032.34,1035.84,1038.45,1040.39,1041.62,1041.83,1041.27,1039.75,1037.51,1034.81,1031.72,1028.72,1025.77,1022.81,1019.89,1017.03,1014.29,1011.35,1007.53,1003.36,998.49,993.05,987.26,981.89,977.11,974.34,974.14,975.94,978.17,980.19,981.66,982.25,982.62,983.68,986.34,991.02,996.43,1003.43,1011.76,1020.41,1027.46,1034.39,1040.13,1044.85,1048.93,1053.42,1057.86,1062.37,1066.99,1071.62,1076.41,1080.54,1083.92,1086.88,1090.79,1094.70,1098.37,1101.58,1103.88,1106.27,1109.66,1114.29,1120.02,1125.75,1131.25,1136.67,1142.27,1148.14,1153.68,1158.93,1163.73,1167.42,1170.29,1172.27,1173.62,1174.65,1175.52,1176.79,1178.80,1181.69,1184.80,1188.35,1191.53,1194.14,1196.38,1198.53,1200.37,1201.75,1202.53,1203.20,1203.68,1204.12,1204.63,1205.32,1206.49,1208.53,1211.16,1213.75,1215.73,1217.47,1219.24,1221.12,1222.87,1223.67,1223.86,1223.74,1223.48,1222.60,1221.32,1220.69,1222.16,1225.91,1232.87,1240.41,1247.18,1252.99,1258.06,1263.53,1269.48,1275.41,1281.30,1287.24,1293.34,1299.42,1304.42,1308.94,1312.93,1316.50,1320.01,1323.50
555.00,555.00,555.00,555.00,555.00,555.00,555.00,555.00,555.00,555.00,555.00,555.00,555.00,555.00,555.00,555.00,555.00,555.00,555.00,555.00,555.00,555.00,555.00,555.00,555.00,555.00,555.00,555.00,555.00,555.00,555.00,555.00,555.17,556.27,559.37,561.88,567.16,574.04,581.07,586.85,593.62,600.00,605.57,610.99,618.26,624.96,630.86,636.16,640.54,642.93,645.09,647.53,649.09,648.43,647.70,648.01,650.31,653.63,656.44,659.83,664.89,671.05,679.08,687.51,694.93,699.41,703.05,716.26,742.27,777.18,783.92,786.65,788.83,790.15,791.23,792.47,793.35,793.85,794.24,794.75,795.54,796.17,796.32,796.42,796.58,796.87,797.33,797.98,798.82,801.99,812.07,834.91,863.29,876.75,883.05,887.55,891.57,895.09,898.44,901.69,904.72,907.47,910.09,912.90,916.24,920.14,924.95,930.18,935.55,940.78,945.82,951.82,958.36,964.57,970.34,975.35,980.24,985.35,990.51,995.27,1001.60,1008.98,1015.21,1020.83,1026.05,1030.78,1034.90,1038.79,1041.26,1042.88,1043.87,1044.20,1043.88,1042.85,1041.17,1038.74,1035.72,1032.59,1029.49,1026.39,1023.01,1019.78,1016.79,1013.72,1009.88,1005.62,1000.72,995.04,988.74,983.57,979.48,977.91,979.16,981.53,983.71,985.29,986.35,986.99,987.43,988.05,989.83,993.54,998.91,1006.48,1014.98,1023.19,1029.62,1036.10,1041.40,1045.87,1050.09,1054.87,1059.73,1064.63,1069.68,1074.99,1079.68,1083.49,1086.76,1090.30,1095.99,1100.43,1103.92,1106.89,1109.24,1112.26,1116.24,1121.24,1127.20,1132.29,1136.92,1141.75,1147.32,1153.33,1159.01,1164.17,1168.68,1172.46,1175.55,1177.80,1179.51,1181.00,1181.90,1182.62,1183.71,1185.62,1188.34,1191.57,1194.54,1197.08,1199.44,1202.11,1204.61,1206.69,1208.20,1209.41,1210.26,1210.96,1211.62,1212.35,1213.67,1215.41,1217.29,1218.93,1220.32,1221.80,1223.47,1225.33,1227.22,1228.06,1228.19,1227.95,1227.67,1226.68,1225.60,1224.87,1225.07,1226.60,1231.10,1237.45,1244.79,1251.62,1256.85,1262.30,1268.27,1274.29,1280.13,1285.86,1291.96,1298.51,1304.00,1308.82,1312.97,1316.62,1320.23,1323.85
555.00,555.00,555.00,555.00,555.00,555.00,555.00,555.00,555.00,555.00,555.00,555.00,555.00,555.00,555.00,555.00,555.00,555.00,555.00,555.00,555.00,555.00,555.00,555.00,555.00,555.00,555.00,555.00,555.00,555.00,555.00,555.00,556.20,558.13,559.75,562.30,567.49,574.23,581.41,587.53,594.81,601.29,606.75,612.64,620.08,627.11,633.32,638.69,643.45,647.19,650.63,653.98,656.65,657.12,657.41,658.27,659.82,661.55,662.93,664.92,668.42,672.85,677.19,682.63,688.78,693.57,698.43,708.11,726.47,754.22,768.20,779.99,788.03,790.82,791.40,791.92,792.50,793.02,793.38,793.94,794.59,795.07,795.21,795.37,795.52,795.89,796.53,797.41,798.36,800.12,808.62,831.28,857.92,876.06,886.35,890.68,894.37,897.72,900.94,904.09,907.16,909.88,912.46,915.14,918.35,922.98,928.25,933.69,938.89,943.25,947.77,953.94,960.59,965.93,971.21,976.25,981.30,986.46,991.67,996.62,1003.44,1011.11,1016.44,1022.06,1027.39,1032.27,1036.62,1040.58,1043.26,1045.11,1046.26,1046.58,1046.38,1045.47,1043.90,1041.70,1039.34,1036.40,1033.23,1030.01,1026.55,1023.04,1019.48,1015.80,1011.86,1007.47,1002.72,997.10,990.55,985.80,982.65,982.00,983.82,986.18,988.36,990.11,991.46,992.41,993.01,993.64,995.03,997.93,1002.90,1010.36,1018.23,1025.45,1031.31,1037.44,1042.49,1046.86,1051.22,1056.16,1061.30,1066.55,1071.99,1077.67,1082.09,1085.78,1089.72,1095.03,1100.64,1105.08,1108.80,1112.16,1115.12,1119.26,1124.13,1129.40,1134.63,1138.88,1143.03,1147.67,1153.23,1159.13,1164.55,1169.36,1173.59,1177.51,1181.07,1183.83,1185.84,1187.13,1187.75,1188.19,1188.82,1190.05,1192.47,1195.25,1197.91,1200.46,1203.26,1206.16,1209.21,1212.04,1214.19,1215.87,1217.20,1218.33,1219.23,1219.90,1220.68,1221.70,1222.88,1224.08,1225.16,1226.52,1228.10,1229.80,1231.49,1232.54,1233.13,1233.36,1233.24,1232.27,1230.94,1229.75,1229.22,1229.81,1232.30,1236.63,1242.83,1250.20,1255.63,1261.11,1267.12,1273.26,1279.19,1284.95,1291.02,1297.53,1303.30,1308.37,1312.75,1316.65,1320.59,1324.35
555.00,555.00,555.00,555.00,555.00,555.00,555.00,555.00,555.00,555.00,555.00,555.00,555.00,555.00,555.00,555.00,555.00,555.00,555.00,555.00,555.00,555.00,555.00,555.00,555.00,555.00,555.00,555.00,555.00,555.00,555.05,555.80,557.53,559.33,559.94,562.14,567.25,574.01,581.27,587.73,595.49,602.06,607.30,613.30,620.68,628.08,634.76,640.24,645.15,649.71,654.02,657.98,661.17,662.97,664.59,666.41,668.36,670.15,671.64,673.59,676.55,679.90,682.23,685.50,689.81,693.50,697.65,702.93,713.00,731.19,746.65,762.10,773.67,779.56,783.22,786.09,788.63,790.65,791.59,792.42,793.09,793.55,793.82,794.22,794.63,795.23,796.08,797.11,798.16,799.19,806.53,828.00,852.17,874.35,888.52,893.15,896.82,900.11,903.25,906.33,909.32,911.97,914.52,917.33,921.04,926.65,932.37,937.66,942.27,945.98,950.57,956.68,962.94,967.72,973.06,978.14,983.10,988.11,993.23,998.62,1005.53,1012.76,1017.41,1022.96,1028.48,1033.66,1038.29,1042.12,1045.07,1047.32,1048.79,1049.24,1049.14,1048.29,1046.76,1044.72,1042.62,1039.82,1036.70,1033.46,1029.99,1026.30,1022.28,1018.04,1013.72,1009.10,1004.43,999.09,992.85,988.11,985.87,986.20,988.60,991.07,993.41,995.41,997.04,998.25,999.02,999.68,1000.74,1002.91,1007.47,1014.23,1021.02,1027.14,1032.65,1038.37,1043.20,1047.57,1052.14,1057.29,1062.76,1068.34,1074.02,1079.69,1083.98,1087.99,1092.78,1099.21,1104.78,1109.27,1113.29,1117.20,1121.22,1126.28,1131.63,1136.80,1141.29,1145.06,1149.08,1153.77,1159.31,1164.87,1169.83,1174.35,1178.57,1182.77,1186.68,1189.78,1192.00,1193.22,1193.69,1193.94,1194.24,1194.94,1196.94,1199.30,1201.64,1204.10,1207.20,1210.65,1214.15,1217.31,1219.76,1221.72,1223.39,1224.78,1225.80,1226.32,1226.69,1227.16,1227.81,1228.66,1229.51,1230.73,1232.21,1233.85,1235.43,1236.88,1238.04,1238.80,1238.97,1238.37,1237.12,1235.79,1235.05,1234.97,1235.77,1238.12,1242.64,1249.37,1254.68,1260.13,1266.12,1272.35,1278.43,1284.27,1290.33,1296.78,1302.68,1307.91,1312.46,1316.57,1320.90,1324.88
555.00,555.00,555.00,555.00,555.00,555.00,555.00,555.00,555.00,555.00,555.00,555.00,555.00,555.00,555.00,555.00,555.00,555.00,555.00,555.00,555.00,555.00,555.00,555.00,555.00,555.00,555.00,555.00,555.04,555.11,555.28,557.61,559.04,559.38,559.85,561.29,566.44,573.44,580.66,587.44,595.63,602.30,607.25,612.89,620.13,627.87,635.03,640.73,645.75,650.68,655.52,659.87,662.75,665.64,668.31,670.98,674.32,678.01,681.30,684.56,687.92,690.41,692.42,694.58,696.72,698.00,699.60,702.97,708.84,717.65,725.88,736.05,746.45,756.27,766.15,774.24,781.12,786.41,788.76,790.25,791.26,791.89,792.25,793.05,793.99,794.99,796.02,797.09,798.12,799.15,805.93,825.43,847.01,871.93,889.34,895.02,899.03,902.31,905.41,908.42,911.15,913.68,916.16,919.47,924.52,931.25,937.25,941.93,945.48,949.06,954.47,960.16,965.44,970.19,976.24,981.30,985.89,990.48,995.30,1001.38,1007.91,1013.90,1018.17,1023.54,1029.35,1035.05,1040.06,1043.59,1046.85,1049.58,1051.49,1052.26,1052.27,1051.45,1049.99,1047.96,1045.53,1042.75,1039.80,1036.67,1033.21,1029.44,1025.20,1020.52,1015.51,1010.52,1005.79,1000.96,995.68,990.47,989.08,990.49,993.58,996.42,999.10,1001.34,1003.14,1004.45,1005.42,1006.10,1006.85,1008.43,1012.57,1017.94,1023.20,1028.22,1033.64,1038.83,1043.44,1047.91,1052.75,1058.18,1064.09,1070.03,1075.73,1080.96,1085.31,1090.17,1095.91,1102.40,1108.28,1113.04,1117.38,1121.97,1127.48,1133.06,1138.28,1142.94,1146.86,1150.65,1154.94,1159.90,1165.44,1170.37,1174.75,1179.10,1183.65,1188.29,1192.34,1195.48,1197.79,1199.22,1199.76,1199.93,1200.01,1200.36,1201.78,1203.76,1205.82,1208.07,1211.22,1215.61,1219.40,1222.37,1224.69,1226.73,1228.49,1229.92,1230.88,1231.13,1231.36,1231.63,1231.98,1232.52,1233.16,1234.20,1235.60,1237.30,1239.00,1241.06,1242.82,1244.03,1244.63,1244.84,1244.13,1243.19,1242.76,1242.15,1241.67,1242.28,1244.77,1249.41,1254.16,1259.46,1265.34,1271.59,1277.87,1283.82,1289.90,1296.35,1302.26,1307.52,1312.12,1316.40,1321.18,1325.43
555.00,555.00,555.00,555.00,555.00,555.00,555.00,555.00,555.00,555.00,555.00,555.00,555.00,555.00,555.00,555.00,555.00,555.00,555.00,555.00,555.00,555.00,555.00,555.00,555.00,555.00,555.00,555.00,555.82,557.27,557.52,558.88,559.59,559.59,559.78,560.48,565.28,572.09,579.15,586.31,594.75,601.61,606.63,611.96,619.03,626.85,634.17,639.98,645.20,650.34,655.41,660.06,663.47,666.98,670.40,673.85,677.77,682.24,686.53,690.48,694.14,697.92,701.39,704.23,706.17,706.94,707.37,709.13,712.28,716.66,721.69,729.40,738.14,747.04,756.00,764.05,771.19,777.24,781.57,785.21,788.44,790.69,791.59,792.63,793.76,794.88,795.96,797.04,798.06,799.55,807.22,827.64,848.70,873.03,890.57,897.04,900.94,904.13,907.26,910.30,912.83,915.21,917.77,921.97,928.85,936.10,941.22,945.05,948.64,953.58,958.89,964.05,969.38,975.33,980.74,985.28,989.43,993.54,997.96,1003.97,1009.86,1014.96,1019.29,1024.64,1030.59,1036.65,1042.24,1046.19,1049.71,1052.61,1054.66,1055.71,1055.84,1055.04,1053.49,1051.18,1048.36,1045.52,1042.63,1039.57,1036.14,1032.21,1027.82,1022.98,1017.63,1012.15,1007.09,1002.25,997.57,993.57,993.28,995.36,998.62,1001.42,1004.16,1006.64,1008.68,1010.09,1011.35,1012.61,1013.97,1015.73,1018.66,1022.01,1025.62,1029.60,1034.28,1039.05,1043.54,1048.01,1052.90,1058.42,1064.95,1071.25,1076.82,1081.81,1086.24,1091.64,1098.07,1104.91,1110.76,1115.91,1121.17,1126.96,1132.80,1138.37,1143.44,1147.93,1151.74,1155.66,1160.48,1165.71,1170.69,1175.15,1179.50,1183.99,1188.76,1193.74,1197.42,1200.11,1202.15,1203.60,1204.45,1205.07,1205.63,1206.27,1207.28,1208.57,1210.45,1213.00,1216.21,1220.19,1223.66,1226.63,1229.27,1231.53,1233.24,1234.52,1235.27,1235.27,1235.25,1235.29,1235.45,1235.87,1236.48,1237.54,1239.04,1240.96,1242.97,1245.22,1247.28,1248.88,1249.82,1250.38,1250.18,1249.70,1249.42,1248.81,1248.18,1248.05,1248.94,1251.45,1254.84,1259.39,1264.97,1271.23,1277.55,1283.60,1289.75,1296.16,1302.03,1307.17,1311.98,1316.77,1321.82,1326.48
555.00,555.00,555.00,555.00,555.00,555.00,555.00,555.00,555.00,555.00,555.00,555.00,555.00,555.00,555.00,555.00,555.00,555.00,555.00,555.00,555.00,555.00,555.00,555.00,555.00,555.00,555.00,555.39,557.06,559.59,560.27,560.63,560.71,560.53,560.22,560.28,564.36,570.47,577.15,584.55,593.23,600.41,605.72,610.96,617.86,625.63,632.95,638.72,644.09,649.39,654.53,659.25,663.17,667.12,671.25,675.55,680.06,685.08,690.22,694.80,698.77,703.95,709.09,713.10,715.67,716.88,716.97,717.62,718.98,721.02,724.25,730.08,736.80,743.44,749.77,756.43,762.88,769.07,775.09,780.78,786.15,789.99,791.45,792.67,793.94,795.12,796.20,797.29,798.59,801.62,811.08,832.13,853.52,875.82,892.01,898.98,902.65,905.75,909.01,912.19,914.54,916.78,919.77,925.12,933.46,940.47,944.54,947.99,952.26,958.39,963.36,968.19,973.83,980.67,985.32,989.32,993.11,996.86,1001.01,1006.69,1011.95,1016.44,1020.86,1026.18,1032.14,1038.41,1044.48,1049.04,1052.87,1055.86,1057.87,1059.05,1059.26,1058.51,1056.89,1054.38,1051.22,1048.26,1045.37,1042.33,1038.91,1034.83,1030.33,1025.42,1019.89,1014.01,1008.50,1003.47,999.29,997.08,997.99,1000.47,1003.52,1006.09,1008.84,1011.53,1013.84,1015.43,1017.00,1018.80,1020.81,1022.91,1024.73,1026.49,1028.83,1031.88,1035.53,1039.64,1043.78,1048.10,1052.92,1058.47,1065.56,1072.19,1077.61,1082.47,1086.96,1092.78,1099.80,1107.03,1112.86,1118.58,1124.86,1131.65,1137.55,1142.99,1147.98,1152.49,1156.38,1160.64,1165.83,1171.10,1175.50,1179.71,1184.22,1188.96,1193.85,1198.74,1201.95,1204.21,1206.01,1207.55,1208.76,1209.88,1210.93,1211.88,1212.59,1213.35,1215.13,1217.97,1221.16,1224.51,1227.68,1230.75,1233.77,1236.18,1237.81,1238.91,1239.51,1239.45,1239.26,1239.12,1239.15,1239.52,1240.17,1241.23,1242.76,1244.82,1247.15,1249.51,1251.76,1253.70,1254.91,1255.60,1255.76,1255.63,1255.34,1254.86,1254.39,1253.92,1253.67,1254.42,1256.32,1259.89,1264.94,1271.07,1277.33,1283.46,1289.68,1296.06,1301.89,1306.91,1311.96,1317.27,1322.56,1327.63
555.00,555.00,555.00,555.00,555.00,555.00,555.00,555.00,555.00,555.00,555.00,555.00,555.00,555.00,555.00,555.00,555.00,555.00,555.00,555.00,555.00,555.00,555.00,555.00,555.00,555.00,555.00,557.03,559.10,560.62,562.90,564.28,564.50,563.69,562.22,562.03,564.46,568.71,574.40,581.47,590.61,598.41,604.33,610.19,616.96,624.51,631.57,636.96,642.19,647.65,652.63,656.76,660.42,664.71,669.61,675.04,680.91,686.79,692.98,698.53,702.92,707.94,713.80,719.02,723.08,726.01,727.18,728.06,729.28,731.18,733.46,736.75,740.74,745.20,749.84,755.47,761.77,768.35,774.75,780.84,786.46,790.48,792.13,793.55,795.01,796.28,797.35,798.52,800.99,808.54,821.33,839.65,862.20,880.83,893.73,900.53,904.05,907.13,910.70,914.28,916.53,918.63,923.07,929.95,938.21,943.11,946.69,951.38,957.38,962.78,967.47,972.75,978.57,984.30,988.96,992.84,996.52,1000.39,1004.77,1009.99,1014.88,1019.26,1023.57,1028.63,1034.38,1040.49,1046.58,1051.70,1056.05,1059.12,1060.80,1061.67,1061.83,1061.19,1059.78,1057.45,1054.29,1051.11,1048.03,1044.94,1041.42,1037.28,1032.76,1027.84,1022.26,1016.37,1010.33,1004.85,1001.26,1001.24,1003.41,1005.84,1007.90,1010.05,1012.80,1015.67,1018.32,1020.43,1022.16,1023.93,1025.90,1028.05,1029.87,1031.94,1034.28,1036.72,1038.94,1041.53,1044.59,1048.30,1052.99,1058.48,1065.82,1072.66,1078.11,1082.92,1087.40,1093.53,1100.98,1108.43,1114.66,1121.42,1128.45,1135.25,1141.33,1146.76,1151.88,1156.66,1160.86,1166.00,1170.89,1175.40,1179.69,1184.17,1189.02,1194.08,1198.87,1202.36,1205.27,1207.59,1209.59,1211.57,1213.14,1214.43,1215.44,1216.14,1216.75,1217.74,1219.58,1222.22,1225.19,1228.37,1231.75,1235.19,1238.38,1240.56,1242.11,1243.20,1243.86,1244.31,1244.26,1244.15,1244.19,1244.60,1245.30,1246.12,1247.29,1249.11,1251.60,1254.15,1256.62,1258.76,1260.05,1260.59,1260.72,1260.51,1259.91,1259.47,1259.10,1258.72,1258.41,1258.56,1259.30,1261.63,1265.64,1271.19,1277.21,1283.34,1289.63,1296.05,1301.88,1306.90,1312.10,1317.70,1323.23,1328.62
555.00,555.00,555.00,555.00,555.00,555.00,555.00,555.00,555.00,555.00,555.00,555.00,555.00,555.00,555.00,555.00,555.00,555.00,555.00,555.00,555.00,555.00,555.00,555.00,555.43,556.55,556.79,558.70,561.11,563.64,566.97,568.96,569.42,568.64,567.27,567.69,569.35,571.74,575.06,580.24,588.25,595.91,602.51,609.19,615.88,623.27,630.30,635.60,640.03,644.86,649.54,653.66,657.20,661.04,665.57,671.13,678.24,685.83,693.51,700.05,704.92,710.64,716.94,722.68,727.40,731.01,733.35,735.19,737.17,739.73,742.52,745.53,748.52,751.51,754.95,759.76,765.31,771.19,777.23,783.56,788.32,791.40,793.04,794.61,796.16,797.48,799.19,803.23,809.69,820.05,833.51,849.89,870.99,885.79,895.66,901.83,905.38,908.64,912.52,916.44,918.96,921.98,926.77,933.23,940.45,944.58,948.50,954.09,960.92,966.06,970.68,975.83,981.51,987.28,992.03,996.06,999.94,1004.02,1008.54,1013.39,1018.05,1022.38,1026.63,1031.63,1037.25,1043.26,1049.38,1054.90,1059.15,1061.96,1063.42,1064.13,1064.16,1063.45,1062.06,1059.95,1057.21,1054.04,1050.80,1047.56,1044.04,1040.10,1035.76,1030.98,1025.55,1019.51,1012.74,1006.77,1003.88,1005.91,1009.04,1011.40,1012.76,1014.27,1016.54,1019.34,1022.22,1024.69,1026.73,1028.86,1031.15,1033.47,1035.40,1037.28,1039.12,1040.84,1042.26,1043.93,1046.23,1049.35,1053.54,1058.41,1065.48,1072.37,1078.04,1082.96,1087.63,1093.97,1101.59,1109.22,1116.04,1123.51,1131.13,1138.27,1144.52,1150.21,1155.62,1160.73,1165.39,1170.50,1175.13,1179.44,1183.79,1188.47,1193.45,1198.28,1202.48,1205.51,1208.51,1211.14,1213.46,1215.69,1217.45,1218.81,1219.77,1220.39,1221.02,1222.13,1223.97,1226.44,1229.21,1232.26,1235.69,1239.16,1242.14,1244.28,1245.99,1247.44,1248.68,1249.64,1249.92,1250.08,1250.33,1250.79,1251.46,1252.32,1253.48,1255.14,1257.44,1259.87,1262.30,1264.43,1265.57,1265.83,1265.57,1264.96,1264.05,1263.39,1262.98,1262.59,1262.20,1262.05,1262.30,1263.70,1266.57,1271.39,1277.18,1283.39,1289.86,1296.37,1302.07,1306.96,1312.27,1318.20,1324.00,1329.57
555.00,555.00,555.00,555.00,555.00,555.00,555.00,555.00,555.00,555.00,555.00,555.00,555.00,555.00,555.00,555.00,555.00,555.00,555.00,555.00,555.00,555.00,555.00,555.00,556.05,558.74,559.31,560.45,563.37,567.94,571.95,574.28,574.99,574.60,574.01,575.42,576.85,577.70,578.30,580.83,586.52,593.28,600.36,607.74,614.35,621.72,628.94,634.38,637.75,641.53,645.81,650.22,653.87,657.06,660.75,665.93,674.05,683.50,692.67,700.16,705.66,712.46,718.98,724.78,729.64,733.33,736.74,739.82,742.88,746.38,750.50,754.60,757.85,760.18,762.99,767.21,771.83,776.55,781.64,787.71,790.95,792.64,794.17,795.80,797.37,799.09,802.41,810.76,822.53,834.42,846.77,861.52,879.18,890.32,897.65,902.98,906.64,910.25,914.44,918.61,921.56,925.84,930.31,935.36,941.11,945.32,950.04,956.24,963.23,968.41,973.03,977.76,983.21,989.73,994.66,999.02,1003.25,1007.56,1012.14,1016.75,1021.28,1025.66,1029.94,1035.02,1040.58,1046.48,1052.62,1058.31,1062.16,1064.58,1065.89,1066.50,1066.35,1065.43,1063.95,1062.03,1059.89,1056.91,1053.58,1050.19,1046.72,1043.10,1039.06,1034.53,1029.38,1023.22,1015.79,1009.37,1007.09,1010.91,1014.74,1017.04,1017.88,1018.68,1020.20,1022.73,1025.73,1028.41,1030.87,1033.53,1036.25,1038.79,1040.85,1042.26,1043.39,1044.44,1045.55,1046.81,1048.63,1051.21,1054.71,1058.64,1064.96,1071.60,1077.51,1082.64,1087.66,1094.13,1101.75,1109.56,1117.07,1125.01,1133.05,1140.67,1147.13,1153.24,1159.06,1164.58,1169.71,1174.34,1178.77,1183.18,1187.71,1192.56,1197.48,1201.77,1205.22,1208.38,1211.71,1214.76,1217.43,1219.73,1221.59,1222.98,1224.00,1224.71,1225.45,1226.65,1228.45,1230.75,1233.30,1236.18,1239.53,1242.83,1245.50,1247.86,1249.93,1251.97,1253.94,1255.33,1256.01,1256.55,1257.11,1257.65,1258.28,1259.30,1260.58,1262.07,1263.95,1266.03,1268.23,1270.18,1271.06,1271.06,1270.34,1269.24,1268.06,1267.04,1266.44,1265.94,1265.43,1265.13,1265.29,1266.01,1267.80,1271.77,1277.26,1283.56,1290.24,1296.91,1302.41,1307.10,1312.54,1318.84,1324.83,1330.46
555.00,555.00,555.00,555.00,555.00,555.00,555.00,555.00,555.00,555.00,555.00,555.00,555.00,555.00,555.00,555.00,555.00,555.00,555.00,555.00,555.00,555.00,555.00,555.00,556.17,559.17,559.76,562.70,567.26,572.55,577.16,579.75,580.49,580.18,579.98,581.42,582.83,583.80,584.38,585.30,587.38,591.59,597.75,604.49,610.97,618.77,626.67,632.57,635.70,638.74,642.40,646.79,651.40,655.61,659.75,664.98,673.26,682.58,691.72,699.82,706.62,713.67,720.10,725.78,730.65,734.59,738.43,741.74,744.78,748.24,753.28,758.50,763.08,766.86,770.54,774.69,779.53,784.30,787.54,790.87,792.87,794.29,795.78,797.20,798.71,803.15,811.28,822.22,837.05,849.31,859.90,871.68,883.85,892.79,899.30,904.00,907.79,911.96,916.40,920.56,923.64,927.44,931.68,936.42,941.54,945.83,951.26,957.62,964.14,969.25,973.67,978.41,984.23,991.44,996.80,1001.42,1005.87,1010.32,1014.81,1019.43,1024.16,1028.90,1033.56,1038.75,1044.24,1049.97,1055.84,1061.06,1064.88,1067.38,1068.63,1068.90,1068.43,1067.32,1065.74,1063.78,1061.71,1059.14,1056.11,1052.72,1049.38,1045.89,1042.15,1038.03,1033.16,1027.55,1020.43,1013.92,1011.31,1016.02,1020.17,1022.38,1022.88,1023.23,1024.04,1026.13,1028.94,1031.53,1034.41,1037.26,1039.95,1042.36,1044.35,1045.64,1046.68,1047.75,1049.12,1050.67,1052.46,1054.71,1057.68,1060.95,1065.53,1070.79,1076.31,1081.63,1087.20,1093.76,1101.30,1109.55,1117.57,1125.66,1133.79,1141.63,1148.36,1154.97,1161.39,1167.42,1172.72,1177.44,1181.85,1186.25,1190.91,1196.02,1200.52,1204.42,1207.87,1211.31,1214.95,1218.14,1220.80,1223.05,1224.98,1226.66,1228.15,1229.39,1230.42,1231.81,1233.62,1235.71,1237.81,1240.26,1243.26,1246.44,1249.48,1252.87,1255.73,1258.13,1260.10,1261.55,1262.35,1262.98,1263.70,1264.67,1265.42,1266.21,1267.08,1268.08,1269.40,1271.00,1272.75,1274.35,1275.14,1275.48,1275.02,1273.98,1272.61,1271.31,1270.29,1269.45,1268.75,1268.21,1268.16,1268.65,1269.99,1272.94,1277.62,1283.71,1290.65,1297.71,1302.95,1307.45,1313.17,1319.97,1325.70,1331.24
555.00,555.00,555.00,555.00,555.00,555.00,555.00,555.00,555.00,555.00,555.00,555.00,555.00,555.00,555.00,555.00,555.00,555.00,555.00,555.00,555.00,555.00,555.00,555.00,556.22,559.42,560.60,564.98,570.76,576.79,582.44,585.29,586.13,586.08,586.37,587.57,588.81,589.98,590.91,591.12,591.18,593.40,597.95,603.34,608.96,616.11,624.02,630.93,634.13,636.91,640.49,645.24,650.84,656.11,661.00,666.53,674.46,683.02,691.61,699.77,707.23,714.27,720.59,726.20,731.10,735.27,739.30,742.70,745.74,749.18,754.69,760.49,765.97,770.94,775.50,780.17,785.34,790.00,792.09,793.56,794.84,796.18,797.79,800.05,803.42,810.41,821.04,832.84,848.06,859.57,868.71,878.61,886.98,894.39,900.40,904.82,908.81,913.37,917.89,921.93,925.09,928.50,932.74,937.45,942.22,946.58,952.10,958.21,964.25,969.25,973.59,978.47,984.68,992.47,998.25,1003.23,1007.93,1012.52,1017.00,1021.89,1026.89,1031.83,1036.66,1042.11,1047.63,1053.22,1058.80,1063.68,1067.38,1069.83,1070.99,1070.96,1070.31,1069.14,1067.54,1065.54,1063.47,1061.11,1058.28,1055.00,1051.79,1048.42,1044.90,1041.09,1036.64,1031.57,1025.23,1019.28,1016.70,1021.54,1025.47,1027.47,1027.89,1027.95,1028.08,1029.50,1031.83,1034.31,1037.41,1040.47,1043.20,1045.51,1047.61,1049.21,1050.62,1052.03,1053.63,1055.31,1056.96,1058.88,1061.36,1064.10,1067.29,1071.18,1075.84,1080.90,1086.73,1093.35,1100.81,1109.34,1117.67,1125.76,1133.87,1141.86,1148.58,1155.76,1163.02,1169.76,1175.10,1179.95,1184.46,1188.95,1193.78,1198.92,1203.13,1206.88,1210.53,1214.38,1218.14,1221.35,1223.99,1226.22,1228.40,1230.53,1232.50,1234.17,1235.47,1237.05,1238.73,1240.42,1242.07,1244.14,1247.10,1250.58,1254.20,1258.07,1261.36,1264.10,1266.26,1267.89,1268.85,1269.44,1270.02,1270.99,1271.67,1272.21,1272.74,1273.41,1274.35,1275.70,1277.24,1278.68,1279.55,1280.19,1280.01,1279.09,1277.61,1276.14,1274.79,1273.62,1272.71,1272.06,1271.81,1272.11,1273.05,1275.09,1278.67,1284.20,1291.08,1298.35,1303.42,1307.93,1313.97,1321.11,1326.54,1332.02
555.00,555.00,555.00,555.00,555.00,555.00,555.00,555.00,555.00,555.00,555.00,555.00,555.00,555.00,555.00,555.00,555.00,555.00,555.00,555.00,555.00,555.00,555.00,555.00,556.25,559.76,562.40,567.17,573.35,580.43,587.68,590.87,591.96,592.48,593.48,594.28,595.16,596.25,597.43,597.98,598.64,600.03,602.38,605.72,609.48,614.35,621.16,629.72,633.22,636.39,640.68,646.40,652.83,658.82,664.59,670.63,677.66,685.03,692.68,700.19,707.27,714.12,720.39,726.02,730.99,735.33,739.37,742.91,746.20,749.87,755.29,760.91,766.42,771.73,776.81,782.75,788.13,792.22,794.37,795.79,797.12,798.47,800.42,805.09,812.88,821.60,830.75,841.34,853.59,863.02,871.34,881.17,888.63,895.14,900.74,905.35,909.65,914.27,918.63,922.50,925.75,929.28,933.80,938.68,943.31,947.72,952.47,957.85,963.53,968.35,972.85,977.93,984.41,992.69,998.84,1004.27,1009.34,1014.06,1018.67,1024.15,1029.45,1034.29,1038.93,1044.81,1050.55,1056.05,1061.37,1066.25,1069.59,1071.74,1072.75,1072.52,1071.94,1070.88,1069.36,1067.40,1065.33,1062.84,1060.00,1056.93,1053.82,1050.63,1047.20,1043.54,1039.66,1034.99,1029.86,1025.33,1023.43,1027.54,1030.58,1032.28,1032.96,1032.91,1032.41,1032.85,1034.34,1036.75,1039.76,1043.16,1046.17,1048.49,1051.01,1053.40,1055.68,1057.75,1059.39,1060.77,1062.09,1063.63,1065.65,1068.01,1070.51,1073.33,1076.64,1080.79,1086.42,1093.00,1100.44,1108.92,1117.33,1125.24,1133.28,1141.35,1147.66,1155.45,1163.84,1171.56,1176.84,1181.77,1186.49,1191.28,1196.29,1201.17,1205.35,1209.26,1213.27,1217.61,1221.26,1224.38,1227.07,1229.39,1232.06,1234.76,1237.15,1238.98,1240.52,1242.22,1243.59,1244.64,1245.88,1247.74,1251.14,1255.47,1259.83,1263.22,1266.38,1269.44,1272.24,1274.28,1275.50,1275.91,1275.97,1276.28,1276.59,1276.92,1277.38,1278.05,1278.87,1280.33,1282.02,1283.63,1284.77,1285.51,1285.45,1284.62,1283.10,1281.63,1280.14,1278.75,1277.62,1276.97,1276.62,1276.66,1277.18,1278.46,1280.68,1285.21,1291.56,1298.73,1303.76,1308.55,1314.89,1322.14,1327.33,1332.81
555.00,555.00,555.00,555.00,555.00,555.00,555.00,555.00,555.00,555.00,555.00,555.00,555.00,555.00,555.00,555.00,555.00,555.00,555.00,555.00,555.00,555.00,555.00,555.00,556.25,559.93,563.48,569.11,576.22,584.11,591.23,595.08,597.01,598.21,599.54,600.50,601.55,602.75,603.99,604.91,605.98,607.28,608.97,611.40,613.92,617.19,622.34,629.72,633.59,637.27,642.23,648.61,654.81,660.72,666.44,672.29,678.73,685.04,692.25,699.64,706.62,713.53,719.94,725.45,730.16,734.62,739.09,742.93,746.38,750.21,755.96,761.38,766.51,771.60,777.02,783.44,789.20,793.65,796.37,798.39,800.94,804.06,808.13,814.69,822.28,830.35,838.82,847.85,857.13,865.23,873.07,881.75,888.45,894.55,900.15,905.16,909.83,914.46,918.72,922.45,925.59,928.85,934.10,939.74,944.35,948.63,953.03,957.74,962.60,967.10,971.64,976.60,983.22,992.53,999.16,1004.77,1009.96,1014.89,1019.87,1025.85,1031.31,1036.06,1040.84,1046.65,1052.40,1057.89,1063.10,1067.90,1070.92,1073.08,1074.46,1074.34,1073.74,1072.61,1071.09,1069.32,1067.11,1064.56,1061.73,1058.66,1055.54,1052.41,1049.12,1045.64,1042.00,1037.98,1033.87,1030.21,1028.43,1031.58,1034.34,1036.37,1037.71,1038.13,1037.52,1037.24,1037.79,1039.56,1042.53,1046.11,1049.46,1052.27,1055.19,1057.94,1060.47,1062.62,1064.10,1065.38,1066.74,1068.29,1070.11,1072.09,1074.10,1076.46,1079.36,1082.77,1087.53,1093.46,1100.44,1108.55,1116.66,1124.53,1132.55,1140.50,1146.56,1154.32,1163.43,1172.28,1177.93,1183.14,1188.21,1193.23,1198.22,1203.07,1207.61,1212.07,1216.51,1220.72,1224.37,1227.78,1231.01,1233.95,1236.73,1239.12,1241.30,1243.33,1245.09,1246.89,1248.22,1249.13,1250.20,1252.59,1256.30,1260.56,1264.63,1268.35,1272.19,1275.60,1278.22,1280.06,1281.04,1281.39,1281.43,1281.49,1281.63,1282.18,1282.96,1283.84,1284.88,1286.25,1287.78,1289.27,1290.41,1290.97,1290.81,1290.02,1288.63,1287.28,1285.90,1284.49,1283.18,1282.35,1281.72,1281.47,1281.63,1282.30,1283.64,1287.07,1292.48,1299.18,1304.13,1309.18,1315.60,1322.66,1327.77,1333.39
555.00,555.00,555.00,555.00,555.00,555.00,555.00,555.00,555.00,555.00,555.00,555.00,555.00,555.00,555.00,555.00,555.00,555.00,555.00,555.00,555.00,555.00,555.00,555.31,556.72,560.10,564.26,570.84,578.98,587.55,594.12,598.58,601.40,603.31,604.98,606.40,607.84,609.26,610.61,611.94,613.39,614.85,616.38,618.25,619.89,621.97,625.39,630.71,634.68,638.76,644.16,650.81,656.51,662.17,667.64,673.15,679.03,684.50,691.32,698.66,705.73,712.70,719.28,724.67,729.04,733.55,738.52,742.67,746.23,750.14,756.11,761.44,766.27,771.12,776.84,783.48,789.61,794.64,798.17,801.20,805.18,810.09,816.09,823.72,830.20,837.26,845.23,852.81,859.73,866.80,874.17,881.50,887.51,893.35,899.08,904.52,909.41,913.99,918.23,922.02,925.07,928.06,933.98,940.41,945.07,949.12,953.32,957.54,961.70,965.90,970.40,975.17,981.80,991.79,998.95,1004.76,1010.11,1015.30,1020.61,1027.01,1032.64,1037.40,1042.36,1047.97,1053.63,1059.15,1064.38,1069.15,1072.11,1074.44,1076.22,1076.27,1075.59,1074.36,1072.85,1071.19,1068.88,1066.28,1063.42,1060.31,1057.15,1054.05,1050.88,1047.58,1044.04,1040.61,1037.27,1034.21,1032.41,1034.80,1037.64,1040.27,1042.39,1043.35,1042.87,1042.14,1041.86,1042.80,1045.51,1049.07,1052.70,1056.08,1059.45,1062.49,1065.20,1067.44,1068.87,1070.13,1071.56,1073.15,1074.80,1076.49,1078.15,1080.28,1082.95,1085.74,1089.52,1094.65,1101.01,1108.57,1116.43,1124.17,1131.99,1139.63,1145.60,1153.17,1162.67,1172.36,1178.52,1184.16,1189.60,1194.88,1199.94,1205.07,1210.09,1215.08,1219.89,1223.94,1227.70,1231.45,1235.16,1238.53,1241.25,1243.24,1245.20,1247.46,1249.40,1251.24,1252.63,1253.61,1254.79,1257.79,1261.72,1265.80,1269.61,1273.62,1277.91,1281.44,1283.76,1285.41,1286.15,1286.51,1286.69,1286.72,1286.89,1287.74,1288.83,1289.90,1291.11,1292.34,1293.61,1294.88,1295.87,1296.17,1295.88,1295.13,1293.95,1292.75,1291.47,1290.07,1288.65,1287.66,1286.80,1286.29,1286.12,1286.33,1287.05,1289.43,1293.74,1299.70,1304.53,1309.75,1316.10,1322.90,1327.99,1333.82
555.00,555.00,555.00,555.00,555.00,555.00,555.00,555.00,555.00,555.00,555.00,555.00,555.00,555.00,555.00,555.00,555.00,555.00,555.00,555.00,555.00,555.00,555.00,556.65,558.75,560.39,564.82,572.19,581.09,590.12,596.49,601.09,604.36,606.93,609.38,611.78,613.75,615.57,617.43,619.20,621.12,622.88,624.40,625.78,627.12,628.65,630.75,633.76,636.92,640.93,646.04,651.99,657.31,662.92,668.41,673.71,678.94,684.12,690.21,697.15,704.66,711.52,718.20,723.54,727.67,732.11,737.31,741.66,745.29,749.05,754.51,760.03,765.24,770.38,776.46,783.18,789.47,794.98,799.61,804.29,809.21,814.34,819.84,826.36,833.24,840.46,847.79,854.55,861.13,867.55,874.00,880.48,885.84,891.40,897.26,903.03,907.69,911.99,916.51,920.91,924.14,927.26,933.32,939.96,944.80,948.41,952.52,956.84,961.12,965.25,969.51,974.22,980.52,989.53,997.18,1003.60,1009.42,1014.94,1020.33,1026.98,1032.94,1038.00,1042.97,1048.35,1053.88,1059.49,1065.02,1069.96,1073.69,1076.45,1078.13,1078.33,1077.44,1076.21,1074.75,1072.88,1070.69,1068.01,1065.03,1061.88,1058.71,1055.61,1052.49,1049.28,1045.79,1042.38,1039.22,1036.39,1034.77,1037.24,1040.78,1044.27,1047.08,1048.33,1048.28,1047.73,1047.13,1047.06,1048.74,1051.80,1055.40,1059.19,1063.20,1066.68,1069.98,1072.96,1074.85,1076.14,1077.39,1078.71,1080.16,1081.77,1083.44,1085.37,1087.58,1089.91,1093.02,1097.47,1103.10,1109.84,1117.97,1125.20,1132.08,1139.00,1145.24,1152.82,1161.95,1171.31,1178.13,1184.39,1190.25,1195.87,1201.51,1207.74,1213.24,1218.38,1223.27,1227.67,1231.73,1235.66,1239.20,1241.80,1244.32,1246.46,1248.77,1251.41,1253.29,1255.00,1256.44,1257.80,1259.76,1263.00,1266.93,1271.37,1276.04,1279.43,1282.55,1285.36,1287.79,1289.95,1290.94,1291.40,1291.72,1292.14,1292.82,1293.79,1294.80,1295.66,1296.57,1297.68,1298.76,1299.67,1300.27,1300.46,1300.12,1299.43,1298.51,1297.47,1296.07,1294.56,1293.19,1292.28,1291.51,1290.89,1290.50,1290.50,1291.02,1292.65,1295.71,1300.31,1304.92,1310.05,1316.18,1322.68,1327.83,1333.86
555.00,555.00,555.00,555.00,555.00,555.00,555.00,555.00,555.00,555.00,555.00,555.00,555.00,555.00,555.00,555.00,555.00,555.00,555.00,555.00,555.00,555.00,555.00,557.20,559.59,560.62,565.59,573.63,582.83,591.71,598.03,603.01,607.06,610.63,614.12,617.15,619.50,621.64,623.90,626.31,628.77,630.96,632.71,633.90,635.03,636.03,637.11,638.62,640.72,643.87,648.13,653.28,658.39,664.30,669.94,675.09,679.89,684.72,690.42,696.96,704.03,710.50,716.82,722.01,726.15,730.46,735.73,740.39,744.29,747.84,752.53,758.45,764.14,769.31,775.40,782.20,788.63,794.40,799.54,804.90,810.45,815.91,821.17,826.94,834.09,841.56,848.66,854.94,861.11,866.87,872.49,878.26,883.64,888.94,894.73,900.81,905.53,909.67,914.31,919.18,923.18,926.89,933.10,939.62,944.23,947.63,951.59,956.10,960.79,964.88,968.99,973.75,979.89,988.05,995.73,1002.39,1008.49,1014.29,1019.89,1026.45,1032.56,1037.99,1043.15,1048.15,1053.65,1059.43,1065.15,1070.52,1074.98,1078.20,1080.01,1080.39,1079.46,1078.17,1076.66,1074.68,1072.63,1069.91,1066.86,1063.65,1060.25,1057.07,1053.99,1050.88,1047.52,1044.15,1041.05,1038.41,1037.16,1039.79,1043.80,1047.67,1050.70,1052.29,1052.77,1052.53,1052.01,1051.77,1052.64,1054.95,1058.36,1062.66,1067.22,1071.31,1075.11,1078.47,1080.71,1082.34,1083.75,1085.07,1086.35,1087.78,1089.23,1090.83,1092.57,1094.30,1097.13,1101.44,1106.97,1113.51,1121.29,1127.98,1134.27,1140.73,1146.95,1153.78,1161.85,1170.55,1178.05,1184.76,1190.80,1196.57,1202.62,1209.61,1215.72,1221.21,1226.23,1230.79,1235.04,1238.87,1242.11,1244.52,1246.99,1249.83,1252.80,1255.56,1257.55,1259.44,1261.35,1263.47,1266.25,1269.97,1273.53,1277.20,1281.30,1284.13,1286.80,1289.51,1292.20,1294.61,1295.97,1296.76,1297.34,1297.99,1298.75,1299.58,1300.33,1300.94,1301.57,1302.30,1303.00,1303.59,1303.93,1303.96,1303.46,1302.67,1301.89,1301.07,1299.90,1298.58,1297.32,1296.50,1295.81,1295.19,1294.73,1294.71,1295.21,1296.28,1298.33,1301.73,1305.84,1310.68,1316.39,1322.45,1327.63,1333.88
555.00,555.00,555.00,555.00,555.00,555.00,555.00,555.00,555.00,555.00,555.00,555.00,555.00,555.00,555.00,555.00,555.00,555.00,555.00,555.00,555.00,555.02,555.24,557.38,559.73,561.19,566.89,575.27,584.26,592.61,598.99,604.50,609.52,614.31,618.84,622.29,624.97,627.45,630.11,633.16,636.08,638.64,640.67,641.90,642.91,643.50,643.95,644.65,645.70,647.59,650.64,654.94,659.88,666.19,672.07,677.13,681.67,686.15,691.73,697.84,703.88,709.72,715.36,720.33,724.62,728.77,733.97,738.99,743.27,746.65,750.49,756.86,763.05,768.07,773.94,780.75,787.27,793.16,798.44,803.88,809.83,815.66,820.94,826.29,833.56,841.18,848.26,854.31,860.00,865.15,870.07,875.25,881.08,886.18,891.70,897.93,903.14,907.30,911.94,917.18,922.30,926.80,933.11,939.29,943.48,946.85,950.68,955.44,960.68,964.76,968.82,973.73,979.83,987.35,994.80,1001.39,1007.54,1013.53,1019.41,1025.70,1031.82,1037.61,1042.98,1047.60,1053.10,1059.09,1065.02,1071.01,1076.12,1079.80,1081.86,1082.49,1081.63,1080.28,1078.66,1076.63,1074.66,1071.96,1068.88,1065.57,1061.80,1058.45,1055.38,1052.38,1049.21,1045.95,1042.87,1040.41,1039.61,1042.42,1046.63,1050.54,1053.54,1055.50,1056.54,1056.73,1056.58,1056.69,1057.00,1058.48,1061.57,1066.33,1071.26,1075.94,1080.13,1083.67,1086.26,1088.43,1090.24,1091.76,1092.99,1094.22,1095.33,1096.55,1097.87,1099.05,1101.90,1106.43,1112.16,1118.73,1125.75,1132.05,1138.12,1144.32,1150.37,1156.13,1162.87,1170.66,1178.57,1185.44,1191.38,1197.10,1203.39,1210.83,1217.61,1223.56,1228.68,1233.28,1237.63,1241.21,1244.16,1246.86,1249.58,1253.39,1257.12,1259.80,1262.03,1264.48,1267.23,1270.26,1273.66,1277.78,1280.68,1283.04,1285.81,1288.28,1291.02,1294.00,1297.01,1299.47,1301.21,1302.44,1303.36,1304.09,1304.67,1305.20,1305.63,1305.97,1306.33,1306.53,1306.77,1307.05,1307.19,1306.99,1306.20,1305.23,1304.50,1303.91,1303.21,1302.24,1301.10,1300.35,1299.71,1299.13,1298.74,1298.79,1299.36,1300.05,1301.34,1303.76,1307.16,1311.56,1316.73,1322.24,1327.40,1333.86
555.00,555.00,555.00,555.00,555.00,555.00,555.00,555.00,555.00,555.00,555.00,555.00,555.00,555.00,555.00,555.00,555.00,555.00,555.00,555.00,555.00,555.19,556.95,558.65,560.65,564.23,570.61,577.65,585.23,593.09,599.88,605.49,611.40,617.34,622.03,625.85,629.32,632.76,636.22,639.17,641.63,643.76,645.52,646.75,647.89,648.92,649.86,650.78,651.83,652.98,654.96,658.20,662.48,668.51,674.57,679.91,684.16,688.58,694.22,699.90,704.75,709.58,714.57,719.28,723.58,727.61,732.51,737.68,742.34,745.86,749.57,755.90,762.11,767.09,772.69,779.23,785.68,791.71,797.29,803.12,809.29,815.27,820.66,825.89,832.87,839.99,846.50,852.46,857.97,862.86,867.38,872.11,878.39,883.56,888.41,893.94,901.00,905.67,910.42,915.96,921.91,926.71,932.59,938.39,942.78,946.33,950.30,955.31,960.83,965.01,969.32,974.38,980.53,988.04,995.50,1001.71,1007.43,1013.19,1019.17,1025.46,1031.61,1037.38,1042.51,1047.00,1052.38,1058.61,1065.38,1071.98,1077.58,1081.54,1083.75,1084.72,1084.10,1082.88,1081.21,1078.91,1076.84,1074.15,1071.04,1067.58,1063.55,1059.80,1056.56,1053.67,1050.74,1047.80,1045.00,1042.71,1041.97,1044.94,1048.78,1052.60,1055.96,1058.29,1059.84,1060.61,1060.91,1061.08,1061.35,1062.60,1065.35,1069.67,1074.10,1078.71,1083.14,1087.18,1090.61,1093.40,1095.50,1097.24,1098.86,1100.36,1101.48,1102.54,1103.70,1105.21,1108.45,1113.05,1118.32,1123.80,1130.15,1136.89,1143.50,1149.74,1155.78,1161.77,1168.14,1174.86,1181.41,1187.42,1192.54,1197.68,1203.95,1211.51,1218.73,1224.86,1229.84,1234.57,1238.93,1242.58,1245.70,1248.86,1253.11,1257.39,1261.04,1263.77,1266.35,1270.45,1274.49,1277.81,1280.44,1283.24,1285.54,1287.84,1290.76,1293.65,1296.60,1299.55,1302.42,1304.91,1306.74,1308.20,1309.35,1310.08,1310.52,1310.93,1311.25,1311.39,1311.41,1311.43,1311.43,1311.32,1310.90,1310.13,1308.95,1307.81,1307.17,1306.70,1306.17,1305.38,1304.32,1303.40,1302.80,1302.29,1301.92,1301.93,1302.40,1303.00,1304.09,1306.10,1308.86,1312.58,1317.14,1322.19,1327.18,1333.64
555.00,555.00,555.00,555.00,555.00,555.00,555.00,555.00,555.00,555.00,555.00,555.00,555.00,555.00,555.00,555.00,555.00,555.00,555.00,555.00,555.00,555.31,558.21,559.98,562.31,567.83,574.21,580.13,586.86,594.56,601.30,606.80,613.19,619.80,624.52,628.79,633.03,637.36,641.51,644.44,646.69,648.62,650.34,651.82,653.26,654.71,656.04,657.14,658.21,658.96,660.16,662.33,665.69,671.03,676.89,682.29,686.39,690.92,696.56,701.91,706.06,710.24,714.76,719.21,723.38,727.31,731.94,737.04,741.87,745.72,749.68,755.78,761.87,767.01,772.31,778.38,784.63,790.71,796.42,802.47,808.78,814.81,820.18,825.43,831.91,838.50,844.71,850.54,855.78,860.43,864.89,869.84,876.41,881.78,886.34,891.41,899.63,904.86,909.86,915.62,921.81,926.65,932.09,937.61,942.33,946.12,950.62,955.93,961.47,965.73,970.32,975.64,981.93,989.42,996.85,1002.77,1008.16,1013.76,1019.82,1026.02,1031.91,1037.32,1042.21,1046.66,1051.98,1058.39,1065.79,1072.90,1078.84,1083.20,1085.84,1087.02,1086.72,1085.66,1083.96,1081.43,1079.20,1076.48,1073.33,1069.68,1065.44,1061.38,1057.95,1055.05,1052.23,1049.43,1046.81,1044.70,1044.08,1046.88,1050.47,1054.44,1058.34,1061.00,1062.98,1064.24,1064.93,1065.21,1065.58,1066.80,1069.19,1072.84,1076.78,1081.35,1086.12,1090.79,1094.95,1098.35,1100.82,1102.82,1104.74,1106.49,1107.69,1108.63,1109.68,1111.65,1114.85,1118.87,1123.16,1127.56,1133.97,1141.10,1148.25,1155.10,1161.54,1167.91,1174.11,1180.00,1185.40,1190.46,1194.71,1199.06,1204.70,1211.92,1219.13,1225.22,1230.07,1234.82,1239.49,1243.52,1247.10,1250.96,1256.33,1260.82,1264.41,1267.50,1271.00,1276.11,1280.74,1284.12,1286.30,1288.23,1290.47,1293.17,1296.39,1299.62,1302.63,1305.54,1308.38,1311.03,1312.88,1314.42,1315.67,1316.39,1316.80,1317.11,1317.31,1317.31,1317.09,1316.85,1316.46,1315.79,1314.80,1313.57,1312.18,1310.99,1310.40,1309.94,1309.43,1308.67,1307.56,1306.35,1305.67,1305.20,1304.87,1304.85,1305.22,1305.81,1306.87,1308.70,1311.02,1313.98,1317.82,1322.39,1327.29,1333.75
555.00,555.00,555.00,555.00,555.00,555.00,555.00,555.00,555.00,555.00,555.00,555.00,555.00,555.00,555.00,555.00,555.00,555.00,555.00,555.00,555.01,555.36,558.35,561.08,564.92,571.61,576.99,582.59,589.65,597.73,603.54,608.73,615.00,621.53,626.33,631.13,636.03,640.94,645.50,648.78,651.40,653.75,655.95,658.04,660.02,661.63,662.89,663.84,664.69,665.41,666.24,667.44,669.58,673.77,678.85,683.87,688.04,692.86,698.33,703.51,707.80,711.98,716.32,720.48,724.39,728.25,732.72,737.47,742.15,746.54,751.14,756.82,762.74,768.30,773.25,778.63,784.51,790.51,796.07,801.92,808.30,814.30,819.40,824.80,830.56,836.81,843.24,848.86,853.60,857.99,862.84,869.00,875.62,881.34,886.31,891.51,899.46,905.15,910.64,916.47,922.03,926.64,931.79,937.20,942.23,946.33,951.88,957.63,962.79,967.06,971.94,977.65,984.19,991.54,998.78,1004.64,1010.04,1015.67,1021.84,1027.74,1032.91,1037.57,1042.28,1046.79,1052.17,1058.64,1066.18,1073.63,1079.71,1084.69,1088.27,1089.40,1089.50,1088.63,1086.88,1084.29,1081.78,1079.02,1075.79,1071.92,1067.53,1063.32,1059.73,1056.65,1053.72,1050.71,1048.03,1046.14,1045.82,1047.90,1051.63,1056.18,1060.73,1063.71,1066.02,1067.57,1068.51,1069.08,1069.65,1070.95,1073.01,1075.88,1079.53,1084.28,1089.63,1095.01,1099.63,1103.57,1106.54,1108.88,1110.86,1112.70,1113.95,1114.80,1115.78,1118.12,1120.47,1122.96,1125.67,1129.34,1136.88,1144.09,1151.58,1159.88,1167.29,1173.95,1179.99,1185.51,1190.53,1194.82,1198.34,1201.71,1205.88,1212.07,1218.62,1224.42,1229.19,1233.74,1239.22,1244.05,1248.41,1253.28,1258.80,1263.23,1266.99,1270.90,1276.15,1280.95,1284.99,1288.26,1290.85,1293.11,1296.14,1299.61,1302.95,1306.15,1309.01,1311.92,1315.02,1318.01,1319.87,1321.31,1322.49,1323.23,1323.72,1323.91,1323.95,1323.90,1323.62,1322.93,1321.82,1320.38,1318.89,1317.49,1316.17,1315.11,1314.50,1313.91,1313.27,1312.33,1310.98,1309.38,1308.46,1307.95,1307.69,1307.66,1308.00,1308.64,1309.79,1311.63,1313.83,1315.97,1318.94,1323.00,1327.91,1334.42
555.00,555.00,555.00,555.00,555.00,555.00,555.00,555.00,555.00,555.00,555.00,555.00,555.00,555.00,555.00,555.00,555.00,555.00,555.00,555.00,555.41,557.14,559.07,562.51,567.66,574.33,580.12,586.32,593.32,600.46,605.52,610.61,616.55,622.64,627.56,632.56,637.87,643.39,648.64,652.13,655.02,658.00,661.09,663.80,665.90,667.44,668.70,669.91,671.04,671.98,672.88,673.75,674.58,677.10,681.06,685.60,689.70,694.36,699.61,704.90,709.73,713.97,718.25,722.38,726.31,730.23,734.67,739.65,744.63,749.10,753.71,759.31,765.28,770.96,775.52,780.56,785.98,791.44,796.56,802.25,808.54,814.47,819.41,824.38,829.72,835.79,842.31,848.05,853.06,857.75,863.05,869.91,876.94,882.85,888.31,894.09,901.19,907.01,912.78,918.46,922.99,927.13,932.24,937.69,942.68,946.98,953.26,959.33,964.23,968.44,973.85,979.93,986.57,993.85,1000.75,1006.61,1012.14,1017.98,1024.66,1030.40,1035.31,1039.70,1044.00,1048.54,1053.97,1060.41,1067.77,1074.84,1081.47,1087.06,1090.94,1092.26,1092.49,1091.68,1090.03,1087.65,1084.93,1082.02,1078.64,1074.55,1069.88,1065.62,1061.84,1058.48,1055.43,1052.37,1049.68,1047.79,1047.48,1049.39,1053.39,1058.17,1062.82,1066.21,1069.03,1071.07,1072.48,1073.48,1074.28,1075.54,1077.41,1080.00,1083.28,1088.34,1094.26,1100.15,1104.85,1108.73,1111.89,1114.56,1116.84,1118.74,1119.86,1120.59,1121.39,1123.13,1124.80,1126.61,1128.83,1132.31,1139.18,1146.70,1154.95,1164.03,1172.15,1178.82,1184.63,1189.95,1194.87,1198.92,1202.34,1205.45,1208.77,1213.59,1218.92,1223.80,1228.01,1232.27,1238.06,1243.67,1249.00,1254.68,1260.19,1264.71,1268.90,1273.48,1279.00,1283.89,1288.07,1291.64,1294.65,1297.62,1301.28,1305.15,1308.51,1311.51,1314.36,1317.32,1320.38,1323.16,1325.17,1326.83,1328.22,1329.17,1329.84,1330.16,1330.28,1330.21,1329.84,1329.03,1327.74,1326.02,1324.14,1322.26,1320.76,1319.70,1319.08,1318.43,1317.69,1316.64,1315.20,1313.58,1312.39,1311.66,1311.30,1311.31,1311.89,1312.99,1314.33,1315.75,1317.24,1319.01,1321.37,1324.56,1328.93,1335.01
555.00,555.00,555.00,555.00,555.00,555.00,555.00,555.00,555.00,555.00,555.00,555.00,555.00,555.00,555.00,555.00,555.00,555.01,555.33,555.54,556.29,559.06,559.92,563.82,569.90,576.38,582.92,589.76,596.45,602.45,607.04,612.13,617.68,623.28,628.36,633.48,639.09,645.14,651.01,654.72,657.96,661.66,665.66,668.83,670.98,672.52,673.93,675.49,676.95,678.10,679.11,679.82,679.65,680.69,683.61,687.65,691.54,695.81,700.85,706.30,711.64,715.97,720.31,724.52,728.54,732.58,737.11,742.44,747.76,752.19,756.73,762.27,768.25,773.97,778.29,783.14,788.11,792.92,797.59,803.23,809.40,815.19,820.00,824.41,829.42,835.33,841.79,847.67,853.32,858.64,864.47,871.76,879.18,885.36,891.37,897.77,904.02,909.83,915.65,920.97,924.52,928.25,933.37,938.79,943.50,947.88,954.51,960.74,965.58,969.92,975.91,982.28,988.93,996.12,1002.63,1008.51,1014.31,1020.52,1027.68,1033.35,1038.16,1042.47,1046.46,1051.18,1056.76,1063.12,1070.07,1076.55,1083.74,1089.80,1093.72,1095.26,1095.53,1094.73,1093.19,1091.01,1088.15,1085.10,1081.61,1077.41,1072.57,1068.20,1064.22,1060.59,1057.40,1054.37,1051.63,1049.66,1049.27,1051.20,1055.36,1060.14,1064.76,1068.72,1072.09,1074.64,1076.59,1078.12,1079.27,1080.51,1082.27,1084.80,1087.94,1093.13,1099.28,1105.32,1109.88,1113.60,1116.90,1119.93,1122.54,1124.51,1125.54,1126.18,1126.80,1127.76,1128.87,1130.32,1132.37,1135.78,1141.56,1149.37,1158.26,1167.59,1176.29,1182.81,1188.43,1193.72,1198.65,1202.73,1206.30,1209.45,1212.30,1215.98,1220.14,1223.97,1227.38,1231.32,1237.08,1243.21,1249.38,1255.66,1261.11,1265.72,1270.29,1275.38,1280.78,1286.00,1290.63,1294.60,1298.07,1301.73,1305.83,1309.87,1313.24,1316.10,1319.05,1322.11,1325.13,1327.70,1329.89,1331.82,1333.45,1334.63,1335.48,1336.00,1336.22,1336.12,1335.65,1334.81,1333.47,1331.67,1329.53,1327.20,1325.51,1324.46,1323.84,1323.19,1322.44,1321.38,1319.94,1318.41,1316.96,1315.94,1315.41,1315.47,1316.36,1317.94,1319.47,1320.47,1321.24,1322.70,1324.52,1326.81,1330.47,1335.88
555.00,555.00,555.00,555.00,555.00,555.00,555.00,555.00,555.00,555.00,555.00,555.00,555.00,555.00,555.00,555.00,555.00,555.07,556.79,557.98,558.43,559.57,560.57,564.36,570.28,577.21,584.25,590.75,596.78,602.31,607.26,612.39,617.65,622.95,628.26,633.59,639.42,645.63,651.62,655.77,659.70,664.17,668.74,671.85,674.19,676.31,678.28,680.00,681.50,682.56,683.29,683.72,683.83,684.55,687.03,690.64,693.99,697.58,702.52,708.02,713.27,717.80,722.38,726.74,730.90,735.17,740.01,745.48,750.82,755.29,760.12,765.30,770.94,776.73,781.33,786.19,790.82,795.12,799.57,805.61,811.66,817.11,821.71,825.79,830.50,836.05,842.14,847.91,854.62,861.09,867.65,875.02,882.35,889.20,895.91,902.53,908.64,914.38,919.58,923.98,927.22,931.04,936.00,940.95,945.06,949.25,955.19,961.18,966.54,971.70,978.18,984.57,991.02,998.02,1004.09,1010.05,1016.45,1023.45,1030.50,1036.25,1041.09,1045.42,1049.80,1055.17,1061.24,1067.48,1073.57,1079.48,1086.79,1092.91,1096.67,1098.29,1098.49,1097.66,1096.07,1093.76,1091.05,1088.01,1084.58,1080.63,1076.10,1071.37,1067.12,1063.43,1060.08,1057.06,1054.22,1052.09,1051.64,1053.68,1057.36,1061.78,1066.59,1071.42,1075.33,1078.32,1080.79,1083.04,1084.93,1086.36,1088.09,1090.78,1094.75,1099.28,1104.43,1109.63,1113.62,1117.47,1121.14,1124.55,1127.44,1129.55,1130.79,1131.51,1131.98,1132.60,1133.52,1134.75,1136.56,1139.65,1144.87,1152.68,1161.28,1169.77,1178.84,1185.00,1190.59,1196.28,1201.30,1205.76,1209.75,1213.21,1216.21,1219.93,1223.75,1226.74,1229.07,1232.65,1237.68,1243.52,1249.79,1256.20,1261.56,1266.06,1270.61,1275.78,1281.34,1287.35,1292.61,1296.94,1300.94,1304.89,1308.87,1312.70,1316.12,1319.26,1322.53,1325.86,1329.10,1332.00,1334.43,1336.47,1338.16,1339.41,1340.40,1340.96,1341.15,1340.95,1340.35,1339.40,1337.99,1336.17,1334.10,1331.81,1330.22,1329.27,1328.72,1328.24,1327.74,1326.93,1325.68,1324.20,1322.56,1321.20,1320.36,1320.49,1321.65,1323.34,1324.93,1326.02,1326.71,1327.58,1328.75,1330.46,1333.41,1337.77
555.00,555.00,555.00,555.00,555.00,555.00,555.00,555.00,555.00,555.00,555.00,555.00,555.00,555.00,555.00,555.00,555.17,556.10,557.91,559.06,559.36,559.73,560.81,564.32,569.69,576.24,583.12,589.72,595.72,601.07,606.23,611.25,616.31,621.63,627.43,633.11,638.97,645.19,651.41,655.85,660.23,665.19,670.21,673.64,676.51,679.40,682.11,684.16,685.65,686.62,687.22,687.52,687.83,688.44,690.77,694.20,697.31,700.93,705.67,710.73,715.49,719.99,724.60,729.06,733.33,737.73,742.81,748.20,753.35,757.83,762.53,767.44,773.13,779.37,784.23,788.94,793.27,797.45,802.20,808.30,814.22,819.43,823.75,827.78,832.61,838.09,843.97,850.05,857.46,864.52,871.28,878.39,885.92,893.32,900.46,907.16,913.02,918.46,923.30,927.49,931.00,934.86,939.26,943.52,947.30,951.83,957.54,963.27,968.74,974.55,980.84,986.95,993.08,999.50,1005.32,1011.48,1018.42,1026.00,1032.99,1038.92,1044.03,1048.66,1053.37,1059.14,1065.39,1071.47,1077.17,1083.39,1090.89,1096.59,1099.51,1100.85,1100.98,1100.16,1098.63,1096.39,1093.66,1090.58,1087.19,1083.44,1079.30,1074.70,1070.35,1066.46,1063.04,1059.91,1056.94,1054.67,1054.07,1055.92,1059.38,1063.69,1068.68,1074.15,1078.42,1081.72,1084.63,1087.62,1090.33,1092.38,1094.48,1097.20,1100.96,1104.80,1109.07,1113.55,1117.56,1121.90,1125.67,1128.93,1131.80,1134.23,1135.92,1136.89,1137.38,1138.28,1139.38,1140.75,1142.47,1144.93,1149.02,1155.79,1163.65,1171.79,1180.61,1186.41,1192.10,1198.30,1203.78,1208.58,1212.87,1216.74,1220.27,1224.19,1227.83,1230.62,1232.88,1236.34,1240.56,1245.54,1251.12,1256.98,1261.75,1265.80,1270.23,1275.80,1282.15,1288.54,1294.19,1298.97,1303.13,1307.10,1311.06,1314.97,1318.74,1322.46,1325.99,1329.38,1332.62,1335.79,1338.55,1340.78,1342.56,1343.87,1345.02,1345.60,1345.65,1345.19,1344.33,1343.16,1341.69,1339.92,1337.91,1335.78,1334.21,1333.25,1332.85,1332.61,1332.46,1332.19,1331.55,1330.25,1328.72,1327.19,1326.11,1326.24,1327.34,1328.95,1330.53,1331.70,1332.41,1332.93,1333.59,1334.70,1336.87,1340.16
555.00,555.00,555.00,555.00,555.00,555.00,555.00,555.00,555.00,555.00,555.00,555.00,555.00,555.00,555.00,555.00,555.44,557.67,558.64,559.05,559.35,559.67,560.70,563.80,568.41,573.88,580.08,587.04,593.43,598.86,604.12,608.96,613.95,619.48,625.84,632.02,637.82,643.99,650.53,655.17,659.78,665.02,670.41,674.42,678.00,681.79,685.37,687.99,689.50,690.48,691.11,691.45,691.81,692.42,694.75,698.18,701.35,705.47,709.99,714.32,718.24,722.46,726.95,731.43,735.81,740.23,745.42,750.58,755.44,759.92,764.26,769.10,775.11,781.90,786.94,791.35,795.46,799.78,805.18,811.09,816.86,821.90,825.94,830.18,835.45,841.02,846.83,853.56,861.33,868.48,875.05,881.75,889.66,897.45,904.81,911.47,917.03,922.02,926.77,931.33,935.46,939.27,942.91,946.49,950.36,955.62,961.42,966.88,972.14,978.27,983.91,989.59,995.29,1000.84,1006.46,1012.86,1020.18,1028.15,1035.21,1041.43,1046.95,1051.95,1056.85,1062.92,1069.12,1075.01,1080.77,1087.93,1095.52,1100.44,1102.16,1103.06,1103.08,1102.29,1100.88,1098.85,1096.04,1092.88,1089.51,1085.91,1082.13,1078.01,1073.71,1069.59,1066.21,1062.91,1059.80,1057.38,1056.53,1058.03,1061.44,1065.85,1071.00,1076.85,1081.30,1084.85,1088.19,1091.99,1095.46,1098.40,1101.07,1103.70,1106.51,1109.69,1113.31,1117.36,1121.83,1126.70,1130.30,1133.09,1135.76,1138.62,1140.92,1142.28,1143.00,1144.53,1146.01,1147.68,1149.40,1151.07,1153.72,1158.76,1165.60,1173.69,1181.78,1187.27,1193.11,1199.85,1206.09,1211.19,1215.73,1220.08,1224.39,1228.54,1232.11,1235.19,1238.12,1241.70,1245.21,1249.09,1253.47,1258.23,1262.10,1265.50,1269.79,1275.90,1283.33,1289.76,1295.58,1300.79,1304.83,1308.68,1312.69,1316.90,1321.27,1325.70,1329.39,1332.66,1335.80,1339.17,1342.28,1344.78,1346.66,1348.02,1349.30,1349.88,1349.77,1349.00,1347.85,1346.37,1344.80,1343.13,1341.19,1339.37,1337.78,1336.73,1336.53,1336.55,1336.82,1337.20,1337.30,1336.25,1335.00,1333.49,1332.24,1332.35,1333.17,1334.57,1336.05,1337.21,1337.94,1338.30,1338.59,1339.12,1340.52,1342.84
555.00,555.00,555.00,555.00,555.00,555.00,555.00,555.00,555.00,555.00,555.00,555.00,555.00,555.00,555.00,555.00,555.49,557.96,558.73,559.00,559.30,559.61,560.18,562.91,566.85,570.98,576.15,582.66,589.13,594.99,600.60,605.84,611.08,616.57,622.61,629.54,635.73,642.05,648.79,653.86,658.51,663.92,669.69,674.02,678.01,682.46,687.13,691.19,693.13,694.58,695.61,696.10,696.25,696.72,698.88,702.33,705.99,710.16,714.86,718.89,721.67,725.03,729.29,733.79,738.26,742.66,747.34,752.26,757.21,761.90,766.25,771.93,778.19,784.25,789.08,793.17,797.15,801.63,807.40,813.36,818.82,823.58,827.76,832.66,838.18,843.64,849.41,856.93,864.52,871.39,877.90,884.81,892.78,900.66,908.03,914.60,919.99,924.78,929.81,934.94,939.39,942.89,946.29,950.40,955.75,961.58,967.20,972.38,977.32,982.72,987.98,993.34,998.58,1003.30,1008.20,1014.24,1021.43,1029.50,1037.15,1044.19,1049.78,1054.21,1058.71,1065.66,1071.90,1077.74,1084.24,1092.07,1098.57,1102.60,1104.29,1105.20,1105.02,1104.05,1102.55,1100.60,1098.09,1095.04,1091.68,1088.14,1084.43,1080.55,1076.56,1072.74,1069.51,1066.21,1063.00,1060.36,1059.16,1060.56,1063.66,1068.06,1073.52,1079.32,1083.56,1087.42,1091.72,1096.75,1100.36,1103.56,1106.37,1108.70,1111.02,1113.73,1117.49,1122.19,1127.11,1130.95,1133.97,1136.72,1139.63,1142.73,1145.51,1147.52,1148.82,1150.39,1151.76,1153.11,1154.49,1155.98,1158.17,1162.09,1167.85,1175.26,1182.49,1187.77,1193.55,1200.53,1207.92,1213.38,1218.33,1223.25,1228.12,1232.30,1235.98,1239.48,1243.00,1246.85,1250.74,1254.54,1258.16,1261.45,1264.59,1267.91,1272.25,1278.29,1285.38,1291.81,1297.53,1302.49,1306.51,1310.41,1314.42,1318.89,1324.05,1328.68,1332.15,1335.30,1338.61,1342.28,1345.61,1348.21,1350.14,1351.49,1352.62,1353.21,1353.24,1352.64,1351.52,1349.63,1347.77,1346.15,1344.64,1343.51,1342.10,1340.99,1340.95,1341.17,1341.70,1342.07,1341.91,1340.92,1339.68,1338.36,1337.37,1337.45,1338.09,1339.20,1340.35,1341.13,1341.44,1341.64,1341.80,1342.14,1343.21,1345.14
555.00,555.00,555.00,555.00,555.00,555.00,555.00,555.00,555.00,555.00,555.00,555.00,555.00,555.00,555.00,555.00,555.50,558.03,558.77,558.99,559.26,559.55,559.81,562.02,565.23,568.36,572.44,578.39,584.87,591.24,597.34,603.02,608.54,614.01,619.71,626.80,633.30,639.78,646.55,652.22,657.04,662.53,668.49,673.18,677.53,682.57,688.18,693.55,696.43,698.42,699.81,700.49,700.54,701.04,703.07,706.40,710.35,714.53,719.36,723.26,725.35,727.92,731.93,736.28,740.50,744.54,748.72,753.50,758.62,763.65,768.38,774.69,780.97,786.28,790.84,794.73,798.75,803.44,809.28,815.11,820.36,825.00,829.40,834.91,840.48,845.81,851.59,859.56,867.05,873.80,880.30,887.30,895.40,903.24,910.67,917.37,922.42,927.06,932.48,938.23,942.73,946.12,949.97,954.97,961.30,967.39,972.83,977.79,982.44,987.17,992.12,997.23,1002.08,1006.26,1010.48,1016.02,1022.91,1030.95,1039.11,1046.49,1051.93,1055.83,1059.96,1067.63,1074.05,1080.09,1087.41,1095.57,1101.04,1104.45,1106.37,1107.31,1106.90,1105.68,1104.03,1102.11,1099.91,1097.06,1093.81,1090.28,1086.61,1082.88,1079.20,1075.72,1072.64,1069.42,1066.18,1063.38,1061.90,1063.19,1065.88,1070.34,1076.24,1081.49,1085.42,1089.96,1095.41,1101.13,1104.82,1108.04,1110.79,1112.95,1115.15,1117.97,1122.04,1127.04,1131.75,1134.70,1137.49,1140.52,1143.80,1147.04,1150.02,1152.41,1154.20,1155.81,1157.31,1158.63,1159.93,1161.45,1163.24,1166.24,1170.91,1177.23,1183.32,1188.33,1193.97,1200.99,1209.27,1215.11,1220.54,1226.04,1231.32,1235.62,1239.64,1243.65,1247.72,1251.98,1256.10,1259.75,1262.81,1265.21,1268.22,1271.72,1276.10,1281.71,1288.06,1294.31,1299.80,1304.42,1308.38,1312.24,1316.25,1321.00,1326.77,1331.28,1334.54,1337.71,1341.33,1345.27,1348.69,1351.34,1353.31,1354.68,1355.70,1356.42,1356.70,1356.32,1355.29,1353.35,1351.44,1349.93,1348.75,1348.04,1346.86,1345.84,1345.92,1346.19,1346.62,1346.65,1346.00,1344.83,1343.51,1342.37,1341.67,1341.79,1342.38,1343.28,1344.10,1344.52,1344.43,1344.48,1344.57,1344.83,1345.76,1347.56
555.00,555.00,555.00,555.00,555.00,555.00,555.00,555.00,555.00,555.00,555.00,555.00,555.00,555.00,555.00,555.00,555.52,558.13,558.89,559.06,559.26,559.50,559.79,561.26,563.62,566.42,569.45,574.86,581.37,588.25,594.99,601.04,606.76,612.33,617.90,624.08,630.58,637.18,643.76,650.22,655.51,660.94,666.71,671.98,676.67,682.25,688.50,694.62,699.18,701.72,703.27,704.18,704.40,705.27,707.30,710.31,714.02,718.28,723.03,726.96,729.27,731.36,735.12,739.01,742.39,745.46,749.38,754.19,759.49,764.99,770.67,776.96,782.85,787.81,792.13,796.01,800.33,805.29,810.82,816.16,821.39,826.24,830.83,836.74,842.03,847.23,853.15,860.93,868.62,875.66,882.22,888.90,897.33,905.04,912.66,919.89,924.26,928.73,934.66,940.99,945.20,948.96,954.24,960.33,966.38,972.19,977.56,982.42,986.88,991.36,996.08,1000.95,1005.64,1009.75,1013.56,1018.54,1024.98,1032.84,1041.19,1047.90,1052.87,1056.66,1060.70,1068.59,1075.39,1082.04,1090.08,1098.05,1103.01,1106.34,1108.57,1109.38,1108.70,1107.22,1105.39,1103.45,1101.41,1098.93,1095.90,1092.36,1088.78,1085.14,1081.63,1078.36,1075.38,1072.34,1069.20,1066.39,1064.81,1065.86,1068.06,1072.74,1079.18,1083.18,1086.81,1092.61,1099.42,1104.72,1108.59,1111.59,1114.09,1116.33,1118.97,1122.87,1127.29,1131.58,1134.92,1137.77,1141.08,1144.76,1148.48,1151.78,1154.50,1156.78,1158.72,1160.57,1162.81,1164.82,1166.59,1168.24,1169.48,1171.75,1175.29,1179.97,1184.48,1189.10,1194.55,1201.37,1209.94,1216.15,1222.15,1228.17,1233.72,1238.39,1243.10,1247.71,1252.28,1257.16,1260.86,1263.90,1266.61,1269.29,1273.11,1277.13,1281.40,1286.20,1291.58,1297.30,1302.43,1306.76,1310.56,1314.15,1318.20,1323.26,1329.32,1333.31,1336.48,1339.95,1344.02,1348.15,1351.49,1354.11,1356.14,1357.61,1358.73,1359.74,1360.33,1360.11,1359.16,1357.83,1356.43,1355.11,1353.96,1353.10,1352.14,1351.48,1351.60,1351.66,1351.43,1350.76,1349.54,1347.86,1346.36,1345.34,1344.88,1345.15,1345.88,1346.70,1347.32,1347.50,1347.22,1347.11,1347.13,1347.39,1348.39,1350.31
555.00,555.00,555.00,555.00,555.00,555.00,555.00,555.00,555.00,555.00,555.00,555.00,555.00,555.00,555.00,555.00,555.53,558.20,559.00,559.17,559.34,559.54,559.80,561.53,564.24,567.25,570.69,576.07,582.28,588.70,594.83,600.51,605.93,611.19,616.48,622.18,628.35,634.70,641.11,647.77,653.65,659.37,665.11,670.63,675.75,681.64,688.03,694.18,699.30,703.10,705.98,707.88,708.48,709.54,711.48,714.24,717.77,722.06,726.64,730.65,733.51,735.84,738.62,741.42,744.08,746.82,750.58,755.19,760.36,765.95,771.92,778.14,783.96,788.95,793.13,797.05,801.44,806.43,811.80,816.92,822.13,827.30,832.42,838.34,843.42,848.56,854.53,862.14,869.85,876.89,883.29,889.68,898.65,906.27,913.75,921.05,925.12,929.52,935.84,942.76,947.36,952.17,957.99,964.26,970.44,976.48,981.67,986.30,990.62,994.94,999.87,1004.95,1009.86,1014.27,1018.16,1022.96,1028.85,1035.79,1043.06,1049.04,1053.77,1057.83,1062.48,1069.63,1076.63,1083.81,1091.83,1099.68,1104.80,1108.37,1110.79,1111.70,1110.67,1108.92,1106.97,1104.96,1102.95,1100.72,1097.96,1094.60,1091.09,1087.51,1084.08,1080.87,1077.87,1074.95,1071.97,1069.22,1067.47,1068.05,1070.87,1075.63,1081.24,1084.81,1088.52,1094.74,1102.00,1107.39,1111.00,1113.83,1116.38,1119.11,1122.93,1127.18,1131.18,1134.72,1137.76,1141.22,1145.03,1148.99,1152.84,1156.21,1158.97,1161.35,1163.52,1165.74,1168.09,1170.15,1171.90,1173.38,1174.76,1176.70,1179.38,1182.82,1186.39,1190.71,1195.64,1201.82,1210.49,1216.91,1223.48,1230.04,1235.89,1241.66,1247.09,1252.17,1256.87,1261.12,1264.45,1267.76,1271.23,1274.77,1278.58,1282.34,1286.19,1290.43,1295.53,1300.64,1305.28,1309.35,1312.91,1316.35,1320.70,1325.88,1331.26,1335.07,1338.44,1342.19,1346.49,1350.82,1354.22,1357.02,1359.37,1361.19,1362.66,1364.00,1364.85,1364.80,1363.88,1362.81,1361.68,1360.52,1359.41,1358.39,1357.26,1356.38,1356.23,1356.17,1355.76,1354.88,1353.41,1351.32,1349.55,1348.53,1348.30,1348.92,1349.95,1350.93,1351.56,1351.59,1351.09,1350.70,1350.57,1350.83,1351.76,1353.61
555.00,555.00,555.00,555.00,555.00,555.00,555.00,555.00,555.00,555.00,555.00,555.00,555.00,555.00,555.00,555.00,555.54,558.26,559.11,559.30,559.45,559.66,560.26,562.74,566.22,569.74,574.05,579.53,585.38,591.11,596.40,601.51,606.45,611.33,616.30,621.63,627.25,633.04,639.08,645.67,651.94,657.94,663.74,669.36,674.98,681.12,687.43,693.28,698.26,702.99,707.42,710.99,712.46,713.79,715.63,718.17,721.60,725.86,730.25,734.28,737.64,740.24,742.03,743.80,745.87,748.49,752.15,756.55,761.49,767.03,773.18,779.31,785.05,790.07,794.09,798.04,802.45,807.37,812.65,817.74,822.99,828.42,834.04,839.80,844.74,849.85,855.82,863.23,870.84,877.77,883.94,890.09,899.63,907.25,914.53,921.69,925.58,929.84,936.48,944.13,949.46,955.31,961.29,967.51,974.04,980.36,985.35,989.75,993.95,998.26,1003.65,1009.15,1014.47,1019.41,1023.50,1028.06,1033.25,1039.03,1045.00,1050.38,1055.03,1059.45,1064.75,1070.96,1077.97,1085.50,1093.33,1101.03,1106.49,1110.41,1113.04,1114.06,1112.69,1110.71,1108.68,1106.60,1104.55,1102.46,1100.00,1096.93,1093.53,1089.99,1086.59,1083.37,1080.32,1077.47,1074.62,1071.99,1070.18,1070.41,1073.97,1078.63,1083.08,1086.51,1090.54,1096.77,1103.90,1109.44,1112.73,1115.48,1118.27,1121.58,1126.47,1130.74,1134.22,1137.24,1140.48,1144.68,1148.98,1153.12,1156.96,1160.38,1163.28,1165.85,1168.27,1170.79,1173.03,1174.99,1176.66,1178.00,1179.70,1181.43,1183.43,1185.90,1188.76,1192.68,1197.05,1202.58,1211.14,1217.67,1224.77,1231.92,1238.20,1245.10,1251.10,1256.42,1261.02,1264.47,1267.78,1271.73,1276.13,1280.38,1283.93,1287.31,1290.74,1294.56,1299.48,1304.04,1308.21,1312.02,1315.36,1318.81,1323.46,1328.59,1333.11,1336.81,1340.40,1344.38,1348.86,1353.45,1357.00,1360.05,1362.75,1364.94,1366.72,1368.27,1369.31,1369.46,1368.74,1367.87,1366.92,1365.91,1364.88,1363.82,1362.54,1361.40,1360.86,1360.57,1359.95,1358.92,1357.33,1355.05,1353.10,1352.09,1352.08,1353.05,1354.30,1355.41,1356.08,1356.03,1355.39,1354.79,1354.53,1354.73,1355.55,1357.23
555.00,555.00,555.00,555.00,555.00,555.00,555.00,555.00,555.00,555.00,555.00,555.00,555.00,555.00,555.00,555.00,555.55,558.37,559.23,559.42,559.58,559.97,562.38,566.17,570.55,575.09,580.13,585.63,591.24,596.69,601.81,606.35,610.89,615.56,620.29,625.15,629.76,634.30,639.18,645.41,651.15,657.00,662.99,668.60,674.83,681.17,687.24,692.49,696.16,699.71,705.10,711.96,715.78,717.95,719.76,722.05,725.68,729.71,733.82,737.73,741.00,743.05,744.75,746.45,748.34,750.79,754.49,758.89,763.68,769.04,775.77,781.74,787.00,791.56,795.22,799.17,803.57,808.39,813.64,819.11,824.56,830.04,835.54,840.97,845.96,851.14,857.00,864.08,871.33,878.02,884.02,890.04,900.12,908.06,915.28,922.07,925.73,929.43,936.42,945.23,951.69,957.74,963.60,970.00,977.18,983.30,988.24,992.52,996.61,1001.42,1007.60,1013.72,1019.74,1025.70,1029.75,1033.40,1037.36,1041.98,1047.48,1052.74,1057.63,1062.39,1067.55,1073.35,1079.89,1087.17,1095.05,1102.43,1108.07,1112.39,1115.34,1116.22,1114.72,1112.67,1110.60,1108.49,1106.28,1104.15,1101.95,1099.42,1096.26,1092.74,1089.27,1085.99,1082.97,1080.05,1077.18,1074.70,1073.30,1074.00,1077.38,1081.42,1085.19,1088.56,1093.34,1099.09,1105.06,1110.22,1113.60,1116.60,1119.85,1123.70,1128.24,1132.19,1135.71,1139.18,1143.22,1147.75,1152.41,1156.80,1160.59,1163.93,1166.95,1169.80,1172.47,1174.83,1176.98,1179.02,1180.95,1182.73,1184.50,1186.01,1187.64,1189.70,1191.98,1195.05,1199.04,1204.48,1212.30,1218.71,1226.25,1234.19,1241.36,1248.55,1254.55,1259.49,1263.48,1266.99,1271.63,1276.48,1280.99,1284.73,1288.22,1291.63,1295.01,1298.58,1302.95,1307.24,1311.13,1314.63,1317.98,1321.94,1326.56,1331.25,1335.35,1338.84,1342.33,1346.35,1351.12,1356.31,1360.10,1363.32,1366.21,1368.51,1370.13,1371.47,1372.48,1372.98,1373.11,1372.63,1371.82,1370.92,1370.17,1369.45,1368.63,1367.74,1366.79,1365.73,1364.19,1362.59,1361.06,1359.18,1357.57,1356.80,1356.96,1357.99,1358.99,1359.87,1360.41,1360.43,1359.99,1359.53,1359.26,1359.32,1359.94,1361.36
555.00,555.00,555.00,555.00,555.00,555.00,555.00,555.00,555.00,555.00,555.00,555.00,555.00,555.00,555.00,555.00,555.57,558.47,559.36,559.55,559.88,561.09,565.05,569.51,574.15,579.41,585.77,593.26,599.54,603.97,608.27,612.47,616.70,621.08,625.70,630.12,633.91,637.69,642.13,647.93,653.10,658.32,663.68,668.75,674.95,681.47,687.50,692.15,695.10,697.80,702.76,710.38,717.26,721.04,723.47,725.93,729.70,733.70,737.51,741.07,744.14,746.02,747.84,749.68,751.63,753.99,757.50,761.74,766.58,772.33,778.96,784.59,789.27,793.13,796.54,800.63,805.14,810.01,815.44,820.96,826.38,831.85,837.40,842.66,847.73,852.90,858.50,865.02,871.77,878.20,884.19,890.42,900.58,908.87,916.07,922.30,925.67,928.94,936.24,945.96,953.09,959.25,965.13,971.84,979.70,985.87,990.64,994.74,998.92,1004.55,1011.58,1018.39,1024.78,1030.70,1034.69,1038.12,1041.55,1045.47,1050.72,1056.05,1061.03,1065.77,1070.75,1076.24,1082.43,1089.50,1097.27,1103.80,1109.12,1113.50,1116.71,1117.87,1116.39,1114.32,1112.25,1110.16,1107.98,1105.92,1103.90,1101.69,1098.86,1095.54,1092.08,1088.71,1085.67,1082.73,1079.89,1077.58,1076.56,1077.64,1080.80,1084.44,1087.84,1091.06,1095.84,1100.90,1105.88,1110.69,1114.36,1117.62,1121.04,1124.89,1129.04,1132.92,1136.67,1140.60,1145.20,1150.03,1155.00,1159.68,1163.64,1167.20,1170.50,1173.61,1176.44,1178.70,1180.86,1183.09,1185.32,1187.32,1189.15,1190.65,1192.14,1193.84,1195.66,1198.30,1202.14,1207.38,1214.18,1220.66,1228.46,1236.73,1244.26,1251.17,1256.99,1261.71,1265.54,1269.57,1275.37,1280.81,1285.22,1288.52,1291.75,1295.05,1298.54,1302.30,1306.36,1310.43,1314.14,1317.61,1321.41,1325.51,1329.82,1334.03,1337.76,1340.94,1344.19,1348.24,1353.41,1359.16,1363.17,1366.42,1369.26,1371.54,1373.06,1374.33,1375.35,1376.06,1376.66,1376.79,1376.57,1376.14,1375.68,1375.15,1374.54,1373.71,1372.42,1370.72,1368.43,1366.28,1364.55,1362.82,1361.46,1360.88,1361.10,1362.03,1362.83,1363.57,1364.07,1364.13,1363.79,1363.44,1363.28,1363.45,1364.24,1365.75
555.00,555.00,555.00,555.00,555.00,555.00,555.00,555.00,555.00,555.00,555.00,555.00,555.00,555.00,555.00,555.00,555.59,558.58,559.48,559.66,560.34,562.93,567.98,572.49,576.87,582.74,591.33,601.91,609.35,612.40,615.57,619.56,623.55,627.60,632.15,636.10,639.29,642.79,647.41,652.71,657.38,661.72,665.92,670.14,675.73,682.19,688.15,692.17,694.91,697.17,700.64,706.87,716.99,723.05,726.82,729.91,733.70,737.80,741.29,744.39,747.20,749.29,751.35,753.46,755.62,757.98,761.17,765.15,770.22,776.63,782.58,787.71,791.80,794.91,798.22,802.56,807.29,812.35,817.99,823.22,828.44,833.90,839.59,844.81,850.02,855.14,860.34,866.12,872.27,878.43,884.56,891.29,901.15,909.88,917.09,922.50,925.56,928.56,936.10,946.36,953.72,959.95,965.97,973.08,981.63,988.06,992.59,996.52,1000.98,1007.61,1015.56,1023.02,1029.45,1034.53,1038.52,1042.27,1045.81,1049.46,1054.57,1060.05,1065.00,1069.53,1074.34,1079.57,1085.46,1092.28,1099.73,1105.03,1109.68,1113.81,1117.14,1118.91,1117.67,1115.68,1113.64,1111.58,1109.64,1107.79,1105.88,1103.76,1101.30,1098.33,1094.99,1091.54,1088.46,1085.51,1082.80,1080.73,1080.03,1081.41,1084.38,1087.76,1091.00,1093.96,1098.08,1102.30,1106.51,1110.96,1115.04,1118.57,1121.92,1125.39,1129.18,1133.15,1137.21,1141.53,1146.46,1151.55,1156.77,1161.74,1166.12,1170.17,1173.88,1177.24,1180.13,1182.42,1184.68,1187.17,1189.66,1191.74,1193.66,1195.38,1196.92,1198.34,1199.87,1202.47,1206.29,1211.16,1216.92,1223.57,1231.37,1239.45,1246.79,1253.05,1258.57,1263.23,1267.34,1272.31,1279.04,1284.71,1288.86,1291.87,1294.68,1297.86,1301.59,1305.82,1309.79,1313.73,1317.43,1321.15,1325.61,1329.47,1333.25,1336.94,1340.28,1343.10,1346.06,1350.23,1355.93,1362.06,1366.24,1369.38,1371.98,1374.12,1375.66,1377.01,1378.14,1378.95,1379.78,1380.64,1381.28,1381.54,1381.32,1380.82,1380.16,1379.19,1377.63,1375.51,1372.77,1370.14,1367.96,1366.08,1364.85,1364.39,1364.59,1365.33,1366.01,1366.76,1367.32,1367.39,1367.06,1366.79,1366.82,1367.30,1368.52,1370.41
555.00,555.00,555.00,555.00,555.00,555.00,555.00,555.00,555.00,555.00,555.00,555.00,555.00,555.00,555.00,555.00,555.61,558.67,559.57,559.74,560.93,565.43,570.17,574.09,578.48,586.01,599.84,609.88,616.30,620.22,624.03,627.49,631.23,635.28,639.27,642.38,645.21,648.74,653.39,657.99,662.69,667.08,671.21,675.59,680.18,684.97,689.18,691.98,694.40,696.43,698.84,703.63,714.66,723.48,729.99,734.74,738.19,741.77,745.03,748.01,750.73,753.14,755.50,757.85,760.23,762.75,765.86,770.20,775.42,781.02,786.32,790.92,794.64,797.69,801.43,806.17,811.28,816.39,821.21,825.72,831.00,836.59,841.98,847.08,852.75,858.00,862.74,867.79,873.50,879.48,885.81,893.09,902.40,912.19,919.53,923.33,926.15,929.41,936.68,946.35,953.68,959.96,966.06,973.56,982.83,989.36,993.92,998.11,1003.09,1010.26,1019.14,1026.82,1032.97,1037.88,1042.25,1046.27,1050.08,1053.94,1058.57,1063.68,1068.84,1073.85,1078.58,1083.47,1088.58,1094.38,1100.81,1105.47,1109.78,1113.45,1116.35,1118.47,1118.25,1116.71,1114.65,1112.65,1111.18,1109.79,1108.06,1105.83,1103.43,1100.82,1097.87,1094.69,1091.54,1088.61,1086.24,1084.73,1084.65,1086.50,1089.20,1092.06,1094.78,1097.26,1100.37,1103.70,1107.27,1111.32,1115.53,1119.31,1122.79,1126.14,1129.61,1133.32,1137.33,1141.80,1147.03,1152.14,1157.30,1162.49,1167.60,1172.38,1176.59,1180.11,1182.92,1185.41,1187.95,1190.67,1193.35,1195.63,1197.97,1200.16,1202.12,1203.84,1205.59,1208.22,1211.63,1215.97,1221.81,1228.30,1235.14,1242.02,1248.61,1254.46,1259.66,1264.35,1269.09,1275.45,1282.83,1288.29,1291.86,1294.68,1297.39,1301.17,1305.42,1309.61,1313.51,1317.68,1322.19,1326.72,1330.56,1333.91,1337.13,1340.14,1342.78,1345.32,1348.49,1353.40,1359.92,1365.43,1369.32,1372.34,1374.82,1376.80,1378.54,1380.17,1381.61,1382.89,1384.36,1385.65,1386.51,1386.85,1386.67,1386.08,1385.11,1383.79,1382.09,1380.13,1377.83,1375.13,1372.18,1369.73,1368.26,1367.77,1368.07,1368.94,1369.79,1370.80,1371.60,1371.83,1371.55,1371.39,1371.57,1372.21,1373.54,1375.61
555.00,555.00,555.00,555.00,555.00,555.00,555.00,555.00,555.00,555.00,555.00,555.00,555.00,555.00,555.00,555.00,555.62,558.76,559.64,560.03,561.91,567.69,571.73,574.73,578.55,586.11,601.07,610.75,618.56,626.09,631.40,634.82,638.42,642.46,646.22,649.09,652.05,655.74,660.29,664.43,669.15,673.60,677.69,681.88,685.32,688.37,690.87,692.60,694.49,696.16,697.77,701.57,713.21,723.98,732.74,739.06,742.19,745.28,748.45,751.47,754.20,756.86,759.44,761.96,764.50,767.32,770.54,775.13,780.34,785.17,789.91,794.11,797.74,801.11,805.41,810.62,815.85,820.66,824.73,828.91,834.14,839.60,844.63,849.86,855.83,861.04,865.30,869.91,875.35,881.24,887.81,895.69,904.49,914.55,921.66,924.36,927.12,930.81,937.65,946.31,953.27,959.45,965.68,973.54,983.34,990.19,995.01,999.59,1005.10,1012.81,1022.28,1029.92,1035.75,1040.76,1045.56,1049.78,1053.80,1057.90,1062.28,1067.22,1072.60,1077.96,1082.52,1087.00,1091.37,1096.07,1101.25,1105.50,1109.53,1112.79,1115.26,1117.62,1118.59,1117.64,1115.62,1113.80,1112.70,1111.74,1110.23,1107.95,1105.59,1103.19,1100.61,1097.78,1094.69,1091.84,1089.80,1088.76,1089.13,1091.25,1093.83,1096.32,1098.55,1100.58,1102.89,1105.58,1108.65,1112.26,1116.34,1120.25,1123.84,1127.12,1130.36,1133.77,1137.58,1142.03,1147.42,1152.38,1157.28,1162.53,1168.35,1173.77,1178.41,1182.12,1185.04,1187.88,1190.82,1193.83,1196.77,1199.48,1202.37,1205.02,1207.46,1209.74,1211.94,1214.46,1217.47,1221.38,1227.01,1232.92,1238.73,1244.54,1250.44,1256.01,1261.06,1265.90,1271.23,1278.55,1286.14,1291.29,1294.45,1297.29,1300.56,1305.05,1309.71,1313.82,1317.92,1322.47,1327.55,1332.42,1335.45,1338.28,1341.02,1343.53,1345.71,1348.31,1351.96,1357.35,1363.98,1368.81,1372.38,1375.27,1377.69,1379.65,1381.62,1383.52,1385.26,1386.82,1388.56,1389.93,1390.77,1391.10,1390.91,1390.29,1389.18,1387.71,1385.97,1384.10,1382.17,1379.62,1376.46,1373.97,1372.44,1371.96,1372.29,1373.21,1374.18,1375.32,1376.24,1376.57,1376.39,1376.33,1376.58,1377.22,1378.44,1380.32
555.00,555.00,555.00,555.00,555.00,555.00,555.00,555.00,555.00,555.00,555.00,555.00,555.00,555.00,555.00,555.00,555.63,558.81,559.71,560.76,563.62,569.23,572.32,574.07,576.07,580.06,586.92,598.03,612.80,628.37,636.19,640.66,644.32,648.17,652.57,656.52,660.44,664.49,668.71,672.98,677.44,681.60,685.25,688.21,690.35,692.16,693.71,694.88,695.86,696.85,698.00,701.74,714.31,725.25,734.76,742.02,745.04,747.91,751.23,754.50,757.32,760.08,762.72,765.27,767.90,771.14,774.80,779.23,784.06,788.79,793.14,797.23,801.21,805.36,810.30,816.05,820.85,824.69,828.54,833.33,838.23,842.95,847.68,853.58,859.45,864.15,867.97,872.69,878.11,884.04,890.96,899.51,907.94,916.49,922.62,925.52,928.54,932.81,939.11,946.36,952.40,958.22,964.69,972.86,982.79,990.43,995.89,1000.95,1006.89,1015.32,1024.70,1031.97,1037.59,1042.89,1048.07,1052.40,1056.44,1060.64,1065.35,1070.70,1076.25,1081.47,1085.58,1089.59,1093.48,1097.27,1101.01,1105.02,1108.81,1111.80,1114.10,1116.60,1118.76,1118.47,1116.68,1115.19,1114.24,1113.53,1112.30,1110.20,1107.88,1105.50,1103.10,1100.61,1097.89,1095.22,1093.39,1092.51,1092.84,1094.79,1097.58,1100.11,1102.05,1103.79,1105.86,1108.36,1111.18,1114.26,1117.86,1121.65,1125.24,1128.42,1131.61,1134.77,1138.28,1142.45,1147.71,1152.29,1156.65,1161.72,1168.04,1173.87,1178.74,1182.78,1186.20,1189.61,1193.14,1196.56,1199.95,1203.50,1207.05,1210.02,1212.92,1216.04,1218.93,1221.04,1223.77,1227.52,1232.00,1236.59,1241.63,1247.02,1252.59,1258.04,1263.27,1268.47,1274.14,1281.43,1288.44,1293.28,1296.50,1299.73,1304.65,1309.86,1314.57,1318.72,1323.60,1328.64,1333.49,1337.57,1339.95,1342.30,1344.76,1347.16,1349.50,1352.79,1357.24,1362.34,1367.59,1371.99,1375.37,1378.14,1380.59,1382.86,1384.95,1387.09,1388.96,1390.32,1391.44,1392.32,1392.95,1393.27,1393.11,1392.65,1391.82,1390.64,1389.02,1386.87,1384.81,1382.66,1380.53,1379.17,1378.15,1377.76,1377.96,1378.66,1379.51,1380.42,1381.14,1381.47,1381.45,1381.44,1381.62,1382.05,1382.81,1383.89
555.00,555.00,555.00,555.00,555.00,555.00,555.00,555.00,555.00,555.00,555.00,555.00,555.16,556.37,556.83,556.92,557.36,559.17,559.73,561.40,565.21,571.04,574.47,575.88,576.84,578.79,581.57,587.91,600.86,619.99,636.99,643.43,647.15,651.20,656.18,661.14,665.94,670.53,675.00,679.81,684.51,688.45,691.39,693.29,694.73,695.90,696.85,697.51,698.01,698.98,701.15,706.24,717.21,727.07,735.81,742.71,746.16,749.53,753.36,757.03,760.06,762.89,765.48,768.10,770.98,774.45,778.47,783.08,787.94,792.67,797.13,801.25,805.73,810.88,816.33,821.22,825.19,828.70,832.68,837.37,841.83,846.30,851.34,857.52,863.05,867.62,871.68,876.64,882.55,888.89,895.75,903.55,911.60,918.88,924.28,927.64,931.18,935.55,940.86,946.61,951.92,957.54,964.16,972.60,982.83,990.80,996.81,1002.20,1008.34,1017.25,1025.78,1032.57,1038.31,1044.02,1049.60,1054.41,1058.79,1063.07,1067.68,1072.72,1077.77,1082.47,1086.39,1090.15,1093.68,1097.00,1100.26,1104.10,1107.95,1111.04,1113.32,1115.63,1117.98,1118.54,1117.75,1116.68,1115.93,1115.34,1114.26,1112.35,1110.13,1107.79,1105.47,1103.17,1100.83,1098.52,1096.84,1095.96,1096.19,1097.74,1100.14,1102.49,1104.49,1106.40,1108.71,1111.31,1114.08,1117.07,1121.13,1124.72,1128.29,1131.94,1134.57,1137.15,1140.75,1145.23,1149.65,1153.65,1157.47,1162.02,1167.93,1173.55,1178.58,1183.09,1187.16,1191.07,1194.93,1198.81,1202.74,1206.74,1210.59,1213.88,1217.12,1220.54,1223.56,1225.99,1228.73,1232.01,1235.76,1240.15,1245.14,1250.38,1255.64,1261.25,1266.61,1271.89,1277.50,1284.08,1290.22,1295.19,1299.45,1303.99,1309.54,1314.84,1319.57,1323.84,1328.65,1333.65,1338.07,1341.54,1343.83,1346.17,1348.82,1351.63,1354.49,1357.62,1361.62,1366.09,1370.72,1375.02,1378.24,1380.80,1383.09,1385.43,1387.70,1389.74,1391.44,1392.72,1393.71,1394.49,1395.11,1395.46,1395.29,1394.88,1394.05,1392.87,1391.26,1389.06,1386.98,1385.01,1383.37,1382.68,1382.11,1381.98,1382.29,1382.89,1383.61,1384.33,1384.91,1385.20,1385.27,1385.41,1385.65,1386.03,1386.62,1387.34
555.00,555.00,555.00,555.00,555.00,555.00,555.00,555.00,555.02,555.28,555.43,555.44,555.76,557.99,558.87,559.04,559.26,559.54,559.73,562.14,567.41,574.78,579.71,582.05,583.36,584.92,586.19,587.34,595.53,613.89,637.25,644.86,648.57,652.88,658.34,664.14,669.73,674.99,680.02,685.58,690.85,694.95,697.54,698.56,699.49,700.25,700.78,701.05,701.28,702.48,705.84,712.08,720.74,729.00,736.39,742.49,746.62,750.75,755.22,759.33,762.57,765.49,768.06,770.78,773.91,777.54,781.93,786.85,791.90,796.71,801.40,805.81,810.85,816.80,822.45,826.18,829.38,832.81,836.93,841.27,845.37,849.86,855.36,861.62,866.88,871.58,876.18,881.39,887.60,894.08,900.55,907.14,914.88,921.24,926.21,930.14,934.22,938.47,942.84,947.32,952.10,957.59,964.25,972.83,983.30,991.61,997.99,1003.47,1009.53,1018.70,1026.19,1032.51,1038.42,1044.51,1050.53,1055.92,1060.68,1064.95,1069.28,1073.77,1078.11,1082.22,1086.02,1089.66,1092.93,1095.99,1099.09,1102.79,1106.82,1110.18,1112.66,1114.81,1117.09,1118.48,1118.84,1118.23,1117.68,1117.14,1116.16,1114.47,1112.37,1110.15,1107.91,1105.72,1103.71,1101.77,1100.22,1099.30,1099.37,1100.41,1102.26,1104.36,1106.53,1108.81,1111.54,1114.45,1117.47,1120.82,1125.29,1128.68,1132.26,1136.39,1138.58,1140.74,1144.45,1149.13,1152.61,1156.01,1159.34,1163.32,1168.54,1173.63,1178.54,1183.33,1187.93,1192.21,1196.30,1200.67,1205.19,1209.48,1213.47,1217.06,1220.60,1224.15,1227.19,1230.11,1232.93,1235.85,1239.41,1244.01,1249.11,1254.28,1259.40,1265.19,1270.58,1275.80,1281.16,1286.93,1292.38,1297.66,1303.05,1308.82,1314.50,1319.61,1324.28,1328.67,1333.18,1337.91,1341.93,1345.01,1347.46,1350.00,1352.99,1356.27,1359.56,1362.30,1365.62,1369.54,1373.87,1377.96,1380.95,1383.27,1385.38,1387.69,1390.10,1391.95,1393.44,1394.72,1395.75,1396.59,1397.27,1397.67,1397.51,1397.07,1396.16,1394.87,1393.22,1391.01,1388.93,1387.11,1385.82,1385.61,1385.44,1385.62,1386.11,1386.67,1387.28,1387.87,1388.34,1388.62,1388.74,1389.03,1389.29,1389.55,1390.04,1390.58
555.00,555.00,555.00,555.00,555.00,555.00,555.00,555.00,555.12,556.66,557.53,557.63,557.84,558.68,559.07,559.22,559.36,559.56,559.77,563.47,572.17,585.82,594.93,601.88,607.97,613.46,617.64,620.79,625.20,632.12,641.13,645.34,648.77,653.04,658.68,664.80,670.90,676.97,683.12,689.60,696.07,701.80,705.77,706.36,706.78,707.10,707.38,707.69,707.84,709.36,712.33,717.11,724.17,730.53,736.45,741.98,746.88,751.85,756.96,761.43,764.75,767.84,770.69,773.58,776.74,780.50,785.35,790.67,796.01,801.01,805.67,811.12,816.90,822.52,827.22,830.72,833.93,837.30,841.13,845.16,849.42,854.23,859.88,866.01,871.67,877.04,882.31,887.59,892.60,897.72,902.96,908.63,916.36,922.85,928.22,932.80,937.06,941.16,945.28,949.57,954.35,959.76,966.19,974.41,984.71,993.99,1000.19,1004.94,1010.27,1019.11,1025.91,1031.85,1037.71,1043.96,1050.42,1056.30,1061.19,1065.09,1069.01,1073.04,1076.91,1080.59,1084.20,1087.95,1091.27,1094.21,1097.05,1100.59,1104.70,1108.61,1111.93,1114.52,1117.13,1119.03,1119.99,1119.85,1119.47,1118.92,1118.03,1116.61,1114.71,1112.86,1110.81,1108.64,1106.70,1104.95,1103.56,1102.63,1102.37,1102.82,1104.28,1106.21,1108.46,1111.23,1114.41,1118.03,1122.25,1127.08,1130.49,1133.83,1137.49,1141.31,1144.25,1147.17,1150.52,1154.07,1157.13,1160.24,1163.29,1166.94,1171.69,1175.82,1179.72,1183.86,1188.27,1192.50,1196.78,1201.71,1206.86,1211.28,1215.34,1219.22,1223.08,1226.87,1230.17,1233.21,1236.12,1239.45,1244.39,1249.14,1254.00,1259.11,1264.57,1270.26,1275.46,1280.38,1285.34,1290.90,1296.77,1302.50,1307.98,1313.21,1318.63,1323.35,1327.71,1332.03,1336.50,1340.94,1344.92,1348.25,1350.91,1353.91,1357.16,1360.36,1363.22,1365.88,1369.45,1373.60,1377.78,1380.75,1383.21,1385.37,1387.43,1389.64,1391.89,1393.73,1395.30,1396.65,1397.74,1398.66,1399.48,1400.04,1399.90,1399.32,1398.31,1396.97,1395.24,1392.88,1390.72,1389.18,1388.49,1388.57,1388.80,1389.23,1389.81,1390.40,1390.97,1391.59,1392.11,1392.41,1392.65,1392.88,1392.79,1392.54,1392.76,1393.20
555.00,555.00,555.00,555.00,555.00,555.00,555.00,555.00,555.17,557.38,558.63,558.78,558.95,559.07,559.21,559.33,559.43,559.66,560.65,567.25,580.86,600.07,612.89,621.12,627.24,632.62,636.78,639.97,642.03,643.11,644.53,646.53,649.27,653.09,658.71,664.97,671.50,678.14,684.91,691.79,698.90,705.40,710.04,710.72,711.09,711.41,711.81,712.36,712.74,714.31,716.54,719.70,725.16,730.41,735.57,740.85,746.49,752.70,758.38,763.05,766.52,769.76,772.82,775.83,779.09,783.28,788.47,794.02,799.55,804.81,809.98,816.31,822.49,827.62,831.47,834.78,838.19,841.80,845.56,849.49,854.02,859.27,865.28,871.52,877.65,883.15,887.98,892.50,896.61,900.71,905.03,910.18,917.83,924.90,930.80,935.56,939.97,944.10,948.39,952.90,957.58,962.74,969.31,977.48,987.16,996.36,1001.82,1005.78,1010.42,1018.44,1024.85,1030.61,1036.33,1042.38,1049.19,1055.23,1060.19,1064.13,1067.85,1071.60,1075.15,1078.49,1081.73,1085.32,1088.79,1091.98,1094.93,1098.28,1102.42,1106.76,1110.76,1113.75,1116.61,1118.99,1120.66,1121.30,1121.23,1120.81,1120.09,1118.97,1117.38,1115.80,1113.91,1111.82,1109.99,1108.35,1107.01,1106.00,1105.47,1105.47,1106.46,1108.24,1110.72,1113.83,1117.85,1122.43,1127.31,1132.00,1134.92,1138.38,1142.19,1145.90,1149.18,1152.45,1155.65,1158.74,1161.72,1164.84,1167.88,1171.43,1175.82,1179.10,1182.04,1185.26,1188.94,1192.88,1197.21,1202.67,1208.37,1212.77,1216.82,1220.95,1225.12,1229.12,1232.60,1235.80,1239.19,1243.30,1248.89,1253.80,1258.73,1263.98,1269.59,1275.23,1280.38,1285.24,1290.11,1295.52,1301.20,1306.74,1312.01,1316.90,1321.75,1326.12,1330.31,1334.62,1339.06,1343.43,1347.41,1350.81,1353.51,1356.74,1360.16,1363.40,1366.26,1369.29,1373.18,1377.16,1380.58,1382.79,1384.91,1386.97,1389.06,1391.36,1393.61,1395.55,1397.24,1398.73,1400.09,1401.23,1402.20,1402.83,1402.68,1401.95,1400.80,1399.35,1397.58,1395.28,1393.13,1391.71,1391.26,1391.40,1391.82,1392.47,1393.24,1394.00,1394.70,1395.41,1396.02,1396.36,1396.42,1396.31,1395.88,1395.33,1395.38,1395.78
555.00,555.00,555.00,555.00,555.00,555.00,555.00,555.00,555.17,557.42,558.68,558.86,559.07,559.23,559.38,559.51,559.63,559.99,562.38,572.60,591.12,613.64,628.81,635.23,637.45,639.50,641.25,642.61,643.85,645.16,646.67,647.93,649.85,653.09,658.55,664.86,671.69,678.65,685.52,692.28,699.42,705.83,710.40,711.61,712.33,712.98,713.74,714.64,715.45,716.74,718.06,719.77,723.63,728.28,733.18,738.51,745.03,753.15,759.49,764.22,767.89,771.25,774.44,777.56,781.03,785.87,791.25,796.84,802.45,808.06,814.21,821.14,827.37,832.01,835.29,838.46,842.17,846.26,850.21,854.26,859.15,864.89,871.40,877.87,884.34,889.39,892.87,896.02,899.65,903.22,907.03,912.08,919.65,927.46,933.83,938.38,942.90,947.29,952.07,957.03,961.52,966.37,973.36,981.65,990.30,998.38,1002.74,1005.96,1010.01,1016.79,1023.02,1028.81,1034.34,1039.94,1046.89,1052.83,1057.86,1062.19,1065.95,1069.58,1072.96,1076.04,1078.81,1081.99,1085.61,1089.28,1092.68,1095.83,1099.98,1104.62,1109.10,1112.47,1115.48,1118.30,1120.79,1122.42,1122.88,1122.79,1122.34,1121.50,1120.31,1118.92,1117.19,1115.28,1113.56,1111.98,1110.60,1109.49,1108.76,1108.47,1108.94,1110.58,1113.35,1116.70,1121.84,1127.40,1132.26,1135.43,1138.48,1142.19,1146.18,1150.03,1153.22,1156.43,1159.74,1163.07,1166.24,1169.58,1172.85,1176.45,1180.51,1183.16,1185.34,1187.56,1190.15,1193.57,1197.80,1203.65,1209.77,1213.99,1217.97,1222.31,1226.73,1230.89,1234.48,1237.91,1242.14,1247.24,1252.68,1257.78,1263.12,1268.64,1274.21,1279.88,1285.11,1290.12,1295.11,1300.34,1305.20,1310.07,1314.99,1319.81,1323.94,1328.01,1332.20,1336.52,1340.92,1345.42,1349.42,1352.68,1355.30,1358.55,1362.05,1365.50,1368.81,1372.56,1376.68,1380.08,1382.32,1384.19,1386.16,1388.17,1390.35,1392.90,1395.32,1397.44,1399.31,1401.00,1402.82,1404.28,1405.36,1405.98,1405.77,1404.93,1403.61,1401.99,1400.19,1398.17,1396.11,1394.66,1394.11,1394.11,1394.54,1395.35,1396.40,1397.45,1398.45,1399.30,1400.00,1400.41,1400.07,1399.46,1398.73,1398.13,1398.07,1398.46
555.00,555.00,555.00,555.00,555.00,555.00,555.00,555.00,555.17,557.42,558.71,558.91,559.10,559.30,559.47,559.62,560.04,561.58,564.83,572.78,585.45,600.21,611.11,617.30,621.92,627.65,632.11,635.37,638.62,641.89,643.71,645.08,648.00,652.57,658.26,664.56,671.23,678.00,684.70,691.26,697.98,704.38,709.42,711.04,711.81,712.31,712.86,713.64,714.15,714.65,715.17,716.27,719.21,721.39,724.68,730.06,738.95,752.04,760.15,764.95,768.73,772.29,775.68,779.19,783.14,788.00,793.15,798.68,804.53,810.68,817.14,824.30,830.51,835.00,838.62,842.34,846.36,850.59,854.81,859.50,864.83,870.73,877.08,883.05,888.33,892.40,895.45,898.59,902.20,905.66,909.63,915.37,923.47,930.55,936.28,940.91,945.46,950.42,955.60,960.63,965.15,970.45,977.22,984.57,991.73,998.58,1002.46,1005.51,1009.11,1014.39,1020.27,1026.22,1031.95,1037.36,1043.45,1049.56,1054.98,1059.37,1063.28,1067.05,1070.50,1073.55,1076.15,1078.92,1082.09,1085.53,1089.05,1092.45,1096.80,1101.67,1106.59,1110.86,1114.12,1117.15,1119.96,1122.11,1123.56,1124.55,1124.69,1123.85,1122.95,1121.99,1120.79,1119.29,1117.49,1115.90,1114.60,1113.55,1112.82,1112.47,1112.77,1114.09,1116.66,1120.50,1126.06,1131.01,1134.85,1137.79,1140.98,1144.82,1148.96,1153.00,1156.42,1159.98,1163.59,1167.16,1170.56,1174.07,1177.47,1180.83,1184.08,1186.70,1188.91,1191.01,1193.16,1195.66,1199.29,1204.84,1210.78,1214.78,1218.66,1223.07,1227.58,1231.78,1235.43,1239.30,1244.11,1249.63,1254.87,1260.26,1266.02,1271.75,1277.18,1283.26,1288.56,1293.31,1297.78,1302.34,1306.71,1311.53,1316.63,1321.37,1325.36,1329.35,1333.46,1337.68,1342.03,1346.55,1350.55,1353.85,1356.66,1359.99,1363.67,1367.44,1371.17,1375.13,1378.87,1381.88,1384.01,1385.81,1387.63,1389.61,1391.87,1394.52,1397.07,1399.48,1401.76,1403.88,1405.81,1407.36,1408.43,1408.93,1408.69,1407.86,1406.36,1404.55,1402.73,1400.89,1399.04,1397.64,1396.95,1396.82,1397.19,1398.06,1399.28,1400.63,1401.94,1403.01,1403.82,1404.27,1404.22,1403.60,1402.83,1402.16,1401.88,1401.83
555.00,555.00,555.00,555.00,555.00,555.00,555.00,555.00,555.17,557.44,558.74,558.95,559.12,559.33,559.53,559.77,560.50,562.96,566.48,571.42,577.73,584.85,591.33,597.10,603.61,611.85,618.42,623.86,629.15,633.94,636.22,638.42,642.85,649.13,655.94,662.93,669.91,676.69,683.26,689.99,695.99,701.84,706.77,708.28,708.32,707.76,707.36,707.56,707.28,706.60,706.02,706.07,707.26,706.69,707.80,712.35,722.98,741.74,756.28,765.11,769.08,772.93,776.57,780.49,784.90,789.70,794.56,800.03,806.09,812.61,819.08,826.29,832.53,837.10,841.28,845.58,849.99,854.50,859.17,864.48,870.06,875.83,881.64,886.89,890.94,894.21,897.15,900.56,904.40,908.14,912.51,918.83,927.01,933.24,938.35,943.03,947.54,952.99,958.40,963.39,967.95,973.70,980.02,986.27,992.11,997.85,1001.57,1004.67,1007.98,1012.08,1017.52,1023.37,1029.16,1034.64,1039.89,1045.88,1051.47,1055.96,1059.93,1063.94,1067.59,1070.78,1073.55,1076.03,1078.71,1081.74,1085.19,1088.81,1093.30,1098.28,1103.49,1108.53,1112.30,1115.57,1118.61,1121.33,1123.55,1125.51,1126.49,1126.20,1125.77,1125.31,1124.68,1123.66,1121.91,1120.24,1118.91,1117.91,1117.25,1116.90,1117.14,1118.22,1120.55,1124.64,1129.78,1133.68,1136.62,1139.67,1143.05,1146.98,1151.27,1155.66,1159.61,1163.54,1167.31,1170.94,1174.51,1178.16,1181.65,1184.80,1187.50,1190.24,1192.65,1194.86,1196.90,1198.75,1201.64,1206.39,1211.66,1215.41,1219.13,1223.51,1228.04,1232.22,1235.93,1240.12,1245.27,1250.97,1256.15,1261.78,1267.84,1273.74,1279.18,1285.66,1290.92,1295.32,1299.24,1303.23,1307.31,1312.20,1317.51,1322.26,1326.28,1330.28,1334.35,1338.50,1342.82,1347.31,1351.30,1354.66,1357.75,1361.24,1365.11,1369.15,1373.18,1377.19,1380.54,1383.33,1385.61,1387.52,1389.35,1391.36,1393.64,1396.29,1399.00,1401.74,1404.39,1406.80,1408.67,1410.18,1411.19,1411.60,1411.35,1410.53,1408.97,1407.06,1405.24,1403.53,1401.88,1400.57,1399.79,1399.59,1400.05,1401.05,1402.43,1403.98,1405.56,1406.78,1407.63,1408.14,1408.29,1407.83,1407.16,1406.51,1405.99,1405.53
555.00,555.00,555.00,555.00,555.00,555.00,555.00,555.00,555.17,557.48,558.78,558.96,559.17,559.35,559.60,560.01,560.96,563.33,566.03,569.22,573.15,578.20,583.13,587.38,591.58,596.44,601.34,607.78,613.86,618.38,621.29,625.55,631.67,639.60,649.26,658.52,667.03,674.52,681.17,688.88,693.75,697.82,701.13,701.44,699.18,695.89,693.16,692.02,690.18,687.77,685.33,682.97,680.28,677.21,675.57,677.42,687.67,712.24,742.79,764.22,768.62,772.90,776.86,781.12,785.84,790.67,795.34,800.80,806.92,813.26,819.47,826.57,832.93,837.89,842.72,847.33,852.29,857.57,862.96,868.67,874.07,879.18,884.01,888.38,891.87,894.94,898.00,901.64,906.11,910.73,915.79,922.00,929.00,934.82,939.85,944.38,948.76,954.33,959.73,964.56,969.09,974.91,980.62,985.97,991.00,995.98,999.89,1003.28,1006.60,1010.35,1015.22,1020.29,1025.68,1031.65,1036.63,1041.72,1046.87,1051.70,1055.47,1059.84,1063.86,1067.43,1070.92,1073.40,1075.78,1078.41,1081.49,1085.02,1089.42,1094.31,1099.48,1104.78,1109.57,1113.27,1116.56,1120.19,1122.51,1124.86,1127.07,1128.65,1129.11,1129.20,1129.05,1128.53,1127.22,1125.34,1123.74,1122.63,1122.10,1121.76,1122.03,1123.12,1125.36,1129.08,1132.23,1134.98,1137.73,1140.99,1144.69,1148.65,1153.13,1158.20,1163.17,1167.34,1170.86,1174.13,1177.75,1181.49,1185.02,1188.23,1191.12,1194.01,1196.60,1199.07,1201.40,1203.33,1205.43,1208.63,1212.43,1215.86,1219.32,1223.57,1228.00,1232.11,1235.86,1240.10,1245.17,1250.80,1256.23,1261.95,1268.00,1274.01,1279.85,1286.55,1291.53,1295.53,1299.17,1303.06,1307.12,1312.01,1317.39,1322.37,1326.50,1330.60,1334.75,1338.93,1343.25,1347.71,1351.64,1355.05,1358.47,1362.25,1366.29,1370.41,1374.48,1378.51,1381.75,1384.54,1387.05,1389.34,1391.51,1393.66,1395.88,1398.35,1401.33,1404.40,1407.24,1409.55,1411.12,1412.44,1413.35,1413.73,1413.52,1412.71,1411.27,1409.51,1407.73,1406.02,1404.56,1403.37,1402.61,1402.53,1403.39,1404.74,1406.29,1407.86,1409.57,1410.73,1411.54,1412.06,1411.98,1411.79,1411.46,1410.94,1410.24,1409.59
555.00,555.00,555.00,555.00,555.00,555.00,555.00,555.00,555.17,557.50,558.81,559.00,559.20,559.42,559.68,560.19,561.32,563.51,565.87,568.26,571.04,575.01,579.18,582.89,586.36,590.00,594.11,599.85,605.43,609.87,613.22,617.94,623.20,629.37,637.45,644.65,655.64,666.64,674.56,681.00,685.05,687.29,687.03,682.36,678.03,674.69,672.58,671.58,669.21,667.09,664.11,660.26,657.83,655.66,654.33,656.04,666.85,694.16,732.74,761.33,767.61,772.57,776.72,781.09,785.93,790.92,795.50,800.88,806.93,813.21,819.15,825.76,832.02,837.46,842.75,847.82,853.36,859.23,864.84,870.33,875.27,879.81,884.06,888.16,891.62,894.76,897.99,901.94,906.86,911.66,916.75,922.96,929.55,935.04,939.86,944.37,948.85,954.18,959.34,964.06,968.68,974.14,979.47,984.49,989.18,993.76,997.62,1001.12,1004.55,1008.34,1012.84,1017.36,1022.20,1027.93,1033.10,1037.86,1042.61,1047.22,1050.68,1054.49,1058.74,1063.10,1066.86,1069.86,1072.57,1075.24,1078.09,1081.40,1085.73,1090.59,1095.62,1100.43,1105.30,1109.73,1113.85,1117.84,1121.30,1124.46,1127.41,1129.88,1131.08,1131.52,1131.61,1131.50,1131.08,1129.70,1128.48,1127.62,1127.10,1126.84,1127.02,1127.73,1129.19,1131.79,1134.01,1136.33,1139.04,1142.39,1146.12,1150.94,1156.30,1161.74,1166.81,1170.70,1174.01,1177.24,1180.95,1184.84,1188.34,1191.50,1194.52,1197.80,1201.20,1204.37,1207.00,1208.84,1210.63,1212.59,1214.81,1217.37,1220.27,1224.17,1228.32,1232.13,1235.62,1239.55,1244.40,1249.99,1255.63,1261.17,1266.87,1272.78,1279.04,1286.11,1291.16,1295.08,1298.59,1302.45,1306.55,1311.55,1317.08,1322.21,1326.45,1330.60,1334.77,1338.98,1343.32,1347.75,1351.73,1355.29,1358.95,1362.79,1366.74,1370.82,1375.03,1379.13,1382.46,1385.47,1388.32,1390.82,1393.11,1395.34,1397.64,1400.21,1403.32,1406.54,1409.44,1411.66,1413.25,1414.55,1415.47,1415.91,1415.73,1414.88,1413.57,1412.01,1410.31,1408.67,1407.30,1406.19,1405.51,1405.70,1407.08,1409.06,1411.10,1412.70,1414.22,1415.14,1415.66,1415.88,1415.63,1415.40,1415.11,1414.71,1414.16,1413.71
555.00,555.00,555.00,555.00,555.00,555.00,555.00,555.00,555.17,557.50,558.83,559.04,559.23,559.53,559.94,560.62,561.80,563.64,565.75,567.76,569.92,573.12,576.85,580.45,583.85,587.17,590.93,595.53,600.30,604.75,608.44,612.95,616.66,620.25,625.38,629.43,641.68,655.37,664.36,668.88,672.27,672.92,669.28,659.99,654.45,652.15,651.58,651.28,649.23,648.28,645.75,641.61,640.91,640.88,641.28,644.28,656.10,684.08,725.87,758.07,766.36,771.99,776.23,780.58,785.46,790.63,795.19,800.38,806.26,812.52,818.31,824.40,830.46,836.27,841.87,847.38,853.39,859.60,865.15,870.22,874.68,878.78,882.69,886.76,890.52,893.94,897.31,901.49,906.67,911.39,916.27,922.52,929.01,934.27,938.92,943.43,948.08,953.12,957.97,962.61,967.30,972.29,977.36,982.28,986.89,991.29,995.08,998.62,1002.19,1006.12,1010.38,1014.50,1018.82,1023.97,1029.41,1034.09,1038.49,1042.71,1045.95,1049.00,1053.20,1058.04,1061.82,1065.57,1068.89,1071.90,1074.79,1077.97,1082.17,1086.93,1091.75,1095.92,1100.48,1105.54,1110.50,1114.75,1119.66,1123.78,1127.36,1130.38,1132.16,1133.01,1133.40,1133.73,1134.22,1133.63,1133.11,1132.68,1132.15,1131.84,1131.84,1132.03,1132.56,1133.82,1135.55,1137.77,1140.50,1143.90,1147.72,1153.66,1160.05,1165.63,1170.29,1173.75,1176.94,1180.32,1184.14,1188.12,1191.54,1194.66,1197.91,1201.75,1206.05,1209.94,1212.87,1214.66,1216.36,1217.46,1218.37,1220.00,1222.25,1225.69,1229.43,1232.82,1235.87,1239.33,1243.85,1249.27,1254.83,1260.08,1265.31,1270.96,1277.51,1284.91,1290.24,1294.26,1297.67,1301.47,1305.69,1310.85,1316.54,1321.87,1326.20,1330.37,1334.56,1338.81,1343.18,1347.56,1351.60,1355.38,1359.26,1363.08,1366.84,1370.80,1375.14,1379.40,1382.95,1386.28,1389.44,1392.05,1394.38,1396.68,1399.13,1401.90,1405.06,1408.32,1411.20,1413.39,1415.18,1416.58,1417.59,1418.11,1417.98,1417.11,1415.95,1414.57,1412.93,1411.37,1410.05,1409.10,1408.73,1409.37,1411.27,1413.74,1416.12,1417.66,1418.82,1419.43,1419.63,1419.49,1419.15,1418.78,1418.47,1418.21,1417.95,1417.87
555.00,555.00,555.00,555.00,555.00,555.00,555.00,555.00,555.17,557.50,558.84,559.06,559.29,559.68,560.89,562.18,563.03,563.82,565.40,567.07,568.70,570.78,574.07,577.57,580.91,584.10,587.81,592.37,597.20,601.85,605.79,610.02,613.64,617.01,621.05,624.81,631.61,639.67,646.78,650.48,653.34,653.65,650.68,644.87,641.38,640.02,639.83,640.05,640.15,640.60,640.35,639.38,639.56,640.88,643.84,649.78,662.81,688.07,726.47,756.65,765.03,770.82,775.00,779.24,784.07,789.29,793.94,798.68,804.07,810.45,816.46,822.54,828.45,834.06,839.61,845.31,851.19,856.96,862.11,867.00,871.42,875.49,879.33,883.37,887.96,891.95,895.32,899.26,904.25,908.87,913.76,920.06,926.36,931.73,936.47,940.93,945.71,950.75,955.51,959.99,964.52,969.29,974.22,979.10,983.77,988.36,992.35,996.03,999.64,1003.54,1007.70,1011.72,1015.76,1020.26,1025.50,1030.15,1034.44,1038.46,1041.95,1045.03,1048.25,1051.63,1055.11,1059.65,1063.78,1067.60,1071.41,1075.06,1078.85,1083.09,1087.64,1091.79,1096.05,1100.65,1105.56,1110.75,1116.44,1121.48,1126.03,1129.86,1131.89,1133.69,1135.07,1136.05,1136.83,1137.03,1137.38,1137.58,1137.14,1136.30,1135.75,1135.55,1135.63,1135.97,1137.31,1139.48,1142.30,1145.85,1150.44,1157.21,1163.96,1169.18,1173.01,1176.27,1179.68,1183.41,1187.37,1191.05,1194.36,1197.71,1201.63,1206.32,1210.78,1214.74,1217.97,1220.19,1221.94,1223.15,1224.16,1225.54,1227.38,1230.17,1233.23,1236.05,1238.46,1241.43,1245.38,1249.98,1254.38,1259.28,1264.10,1269.24,1275.47,1282.78,1288.68,1293.07,1296.32,1299.78,1304.30,1309.60,1315.37,1321.14,1325.51,1329.70,1334.01,1338.42,1342.73,1346.98,1351.06,1355.06,1359.24,1363.11,1366.69,1370.39,1374.66,1379.31,1383.36,1387.03,1390.31,1392.82,1395.23,1397.67,1400.27,1403.21,1406.32,1409.40,1412.20,1414.56,1416.75,1418.52,1419.75,1420.37,1420.34,1419.67,1418.66,1417.32,1415.57,1413.99,1412.72,1412.32,1413.12,1414.74,1416.94,1418.90,1420.40,1421.41,1422.05,1422.39,1422.53,1422.48,1422.17,1421.84,1421.71,1421.75,1421.74,1422.02
555.00,555.00,555.00,555.00,555.00,555.00,555.00,555.20,556.16,557.95,558.93,559.18,559.59,560.68,562.59,564.21,564.85,565.07,566.08,567.27,568.39,569.67,572.28,575.19,578.10,581.10,584.67,589.17,593.95,598.63,603.05,607.21,610.96,614.46,618.00,621.81,625.50,629.83,634.83,637.90,640.24,640.51,638.75,636.60,635.98,636.37,637.94,641.06,643.89,646.23,648.39,650.50,652.61,655.48,660.76,669.03,682.16,704.84,733.95,756.02,763.08,768.67,773.13,777.42,782.04,787.26,792.10,796.62,801.55,807.68,814.01,820.24,826.07,831.45,836.81,842.44,848.02,853.35,858.16,862.89,867.44,871.72,875.68,879.58,884.28,888.70,892.60,896.56,901.45,905.96,910.49,916.03,922.16,928.05,933.33,937.99,942.64,947.67,952.52,957.05,961.43,965.99,970.82,975.66,980.33,985.03,989.33,993.27,996.95,1000.72,1004.74,1008.74,1012.73,1016.91,1021.75,1026.27,1030.41,1034.21,1037.82,1041.12,1043.98,1046.61,1049.68,1053.87,1058.11,1062.45,1067.08,1071.39,1075.29,1079.29,1083.48,1087.50,1091.60,1096.00,1100.85,1106.35,1112.29,1118.36,1123.96,1128.46,1131.20,1133.57,1135.67,1137.48,1138.79,1139.63,1140.39,1140.87,1140.66,1139.70,1139.36,1139.14,1138.89,1138.94,1140.13,1142.18,1144.89,1148.52,1154.15,1161.04,1167.39,1172.09,1175.45,1178.78,1182.44,1186.36,1190.23,1193.73,1197.25,1201.12,1205.63,1210.62,1215.07,1219.01,1222.38,1224.97,1227.03,1228.63,1230.03,1231.54,1233.25,1235.61,1238.17,1240.62,1242.78,1245.16,1248.20,1251.72,1255.12,1259.35,1263.65,1268.30,1273.99,1280.99,1287.19,1291.85,1295.05,1298.24,1302.56,1307.99,1314.15,1320.38,1324.78,1328.97,1333.34,1337.85,1342.16,1346.34,1350.46,1354.64,1359.07,1362.89,1366.33,1369.91,1374.18,1379.11,1383.49,1387.44,1390.90,1393.47,1395.97,1398.51,1401.18,1404.14,1407.21,1410.19,1412.99,1415.56,1417.98,1420.13,1421.67,1422.52,1422.64,1422.20,1421.44,1420.21,1418.28,1416.63,1415.42,1415.55,1417.29,1419.47,1421.60,1423.06,1423.95,1424.60,1424.93,1425.10,1425.22,1425.27,1425.08,1424.90,1424.98,1425.26,1425.52,1426.11
555.21,555.21,555.21,555.21,555.21,555.21,555.21,555.73,558.04,558.83,559.12,559.45,560.26,562.61,565.00,566.67,567.30,567.50,568.00,568.61,569.28,570.15,571.89,573.77,575.86,578.53,581.77,586.03,590.48,594.96,600.00,604.32,608.25,611.96,615.46,619.37,623.00,626.36,629.46,632.03,633.88,634.41,634.18,635.20,638.47,641.80,646.70,654.88,660.72,665.48,670.09,674.88,679.78,684.21,691.10,700.40,712.01,731.80,746.74,755.83,760.44,765.51,770.58,775.13,779.43,784.56,789.68,794.25,798.81,804.29,810.92,817.39,823.26,828.47,833.56,838.87,844.09,849.05,853.63,858.18,862.91,867.52,871.73,875.52,879.63,884.27,889.14,893.48,898.43,902.83,906.71,910.77,916.68,923.28,929.47,934.66,939.02,944.01,949.07,953.86,958.15,962.48,967.22,972.03,976.65,981.35,986.00,990.27,994.11,997.67,1001.49,1005.51,1009.64,1013.84,1018.18,1022.47,1026.42,1029.96,1033.50,1037.10,1040.28,1043.08,1045.75,1048.56,1052.19,1056.61,1061.70,1066.75,1071.32,1075.43,1079.17,1082.85,1086.96,1091.59,1096.56,1101.75,1107.51,1114.60,1121.20,1126.20,1130.14,1132.69,1135.24,1137.94,1140.02,1141.35,1142.10,1142.56,1142.76,1142.20,1142.76,1142.94,1142.49,1142.87,1144.10,1145.92,1148.31,1151.96,1158.64,1164.98,1170.27,1174.38,1177.73,1181.36,1185.22,1189.12,1192.73,1196.26,1200.34,1204.91,1209.82,1214.54,1218.90,1222.80,1226.16,1229.01,1231.60,1233.78,1235.72,1237.63,1239.49,1241.65,1243.91,1246.17,1248.45,1250.17,1252.06,1254.38,1257.14,1260.46,1264.19,1268.36,1273.34,1279.78,1285.92,1290.69,1293.94,1296.96,1300.61,1306.10,1312.90,1319.56,1324.01,1328.21,1332.59,1337.13,1341.51,1345.67,1349.83,1354.16,1358.73,1362.44,1365.80,1369.38,1373.72,1378.78,1383.33,1387.50,1391.24,1394.03,1396.63,1399.22,1401.89,1404.73,1407.77,1410.76,1413.64,1416.40,1418.91,1421.38,1423.33,1424.53,1424.88,1424.67,1424.27,1423.26,1421.14,1419.34,1418.25,1418.80,1421.13,1423.39,1425.08,1426.15,1426.83,1427.35,1427.58,1427.69,1427.80,1427.92,1427.93,1428.03,1428.31,1428.77,1429.30,1430.14
557.58,557.57,557.57,557.57,557.57,557.57,557.55,557.78,558.94,559.21,559.38,560.15,562.32,565.40,567.85,569.56,570.63,571.41,571.94,572.49,573.14,573.94,575.30,576.48,577.61,579.17,581.68,584.94,588.35,591.98,596.65,601.09,605.21,609.06,612.68,616.63,620.43,623.82,626.67,629.19,630.98,632.91,635.81,641.42,653.63,663.80,672.92,683.58,691.52,699.21,707.11,714.56,719.56,722.87,727.25,732.51,737.58,745.94,751.04,754.08,757.05,761.53,766.92,771.93,776.40,781.14,786.32,791.06,795.52,800.28,806.28,813.04,819.44,824.93,829.83,834.86,839.90,844.76,849.11,853.23,857.46,861.61,865.72,870.82,875.14,879.52,884.32,889.35,894.47,899.17,903.25,906.80,911.42,917.28,923.91,930.61,935.63,940.30,945.16,950.07,954.49,958.62,963.12,967.95,972.89,977.58,982.28,986.73,990.77,994.43,998.04,1001.83,1005.88,1010.22,1014.55,1018.79,1022.69,1026.13,1029.39,1032.80,1036.12,1039.29,1042.30,1044.89,1047.88,1051.29,1055.30,1060.62,1065.76,1070.08,1073.46,1076.48,1080.99,1086.49,1092.38,1098.20,1104.29,1111.08,1117.59,1123.21,1128.13,1131.47,1134.59,1137.73,1140.19,1141.78,1143.08,1144.22,1145.07,1145.43,1146.38,1147.14,1147.52,1148.18,1149.15,1150.35,1152.26,1156.03,1162.33,1167.97,1172.69,1176.63,1180.18,1183.97,1187.88,1191.72,1195.37,1199.38,1204.05,1208.90,1213.47,1218.02,1222.45,1226.40,1229.83,1233.06,1235.94,1238.48,1240.76,1242.84,1244.83,1246.88,1248.82,1250.60,1252.41,1253.87,1255.50,1257.65,1260.65,1263.92,1267.37,1271.01,1275.09,1280.29,1285.52,1289.94,1293.32,1296.28,1299.36,1304.61,1311.47,1318.11,1322.88,1327.31,1331.82,1336.42,1340.83,1344.96,1349.05,1353.32,1357.97,1361.79,1365.21,1368.76,1372.96,1378.05,1382.96,1387.52,1391.51,1394.44,1397.22,1399.93,1402.64,1405.48,1408.38,1411.32,1414.21,1417.05,1419.79,1422.34,1424.63,1426.40,1427.14,1427.30,1427.21,1426.44,1424.47,1422.60,1421.71,1422.47,1424.84,1427.09,1428.42,1429.13,1429.60,1430.09,1430.26,1430.38,1430.50,1430.66,1431.02,1431.43,1431.89,1432.46,1433.28,1434.29
560.64,560.60,560.60,560.57,560.45,560.27,560.05,559.80,559.54,559.47,559.62,560.86,564.54,568.28,570.97,572.96,574.60,576.01,576.69,577.41,578.35,579.24,580.27,581.00,581.50,582.16,583.86,586.01,588.30,590.96,594.89,599.09,603.06,606.72,610.19,614.07,618.01,621.59,624.56,627.27,629.53,633.03,639.59,653.02,677.86,694.43,704.66,714.60,722.25,730.35,738.84,746.46,749.93,749.37,747.89,746.29,744.26,742.86,746.62,751.12,753.40,757.46,762.76,768.05,772.89,777.47,782.58,787.54,792.09,796.33,801.48,808.15,814.90,820.84,825.78,830.53,835.36,840.16,844.54,848.37,852.13,855.82,859.78,865.55,870.18,874.60,879.41,884.91,890.15,895.12,899.55,903.10,906.69,911.51,918.01,925.75,932.01,936.67,941.28,946.12,950.69,954.69,958.94,963.65,968.76,973.63,978.41,982.99,987.26,991.09,994.61,998.18,1002.04,1006.36,1010.78,1015.02,1018.90,1022.34,1025.44,1028.61,1031.92,1035.33,1038.70,1041.46,1044.09,1046.65,1049.53,1054.43,1059.53,1063.91,1067.30,1070.17,1075.29,1081.78,1088.67,1095.26,1101.77,1108.00,1114.09,1120.02,1125.54,1129.84,1133.58,1136.98,1139.78,1141.63,1143.43,1145.20,1146.78,1148.12,1149.51,1150.91,1152.23,1153.22,1153.98,1154.68,1156.28,1160.29,1165.88,1170.77,1175.00,1178.85,1182.63,1186.54,1190.47,1194.34,1198.23,1202.82,1207.84,1212.67,1216.92,1221.47,1225.95,1229.94,1233.45,1236.96,1240.05,1242.82,1245.31,1247.46,1249.52,1251.44,1253.12,1254.53,1255.99,1257.55,1259.42,1261.82,1265.02,1268.26,1271.42,1274.52,1277.72,1281.63,1285.87,1289.88,1293.36,1296.26,1298.95,1303.87,1310.43,1316.77,1321.79,1326.43,1331.05,1335.70,1340.16,1344.24,1348.23,1352.40,1357.11,1361.13,1364.65,1368.14,1372.16,1377.24,1382.58,1387.55,1391.71,1394.74,1397.72,1400.56,1403.32,1406.16,1408.96,1411.89,1414.84,1417.70,1420.63,1423.26,1425.83,1428.10,1429.36,1429.87,1430.08,1429.63,1428.00,1426.22,1425.53,1426.29,1428.39,1430.49,1431.49,1431.93,1432.23,1432.71,1432.95,1433.12,1433.29,1433.58,1434.26,1434.94,1435.58,1436.30,1437.32,1438.48
564.14,564.02,564.02,563.93,563.37,562.56,561.71,560.87,559.97,559.69,559.75,561.33,566.36,570.93,574.50,577.37,579.66,581.48,582.23,583.43,585.14,586.30,586.90,587.54,588.26,589.06,590.00,591.17,592.56,594.38,597.18,600.30,603.29,606.00,608.56,612.09,615.96,619.56,622.66,625.89,629.62,634.43,645.10,673.34,716.91,736.54,739.79,742.65,744.75,746.79,748.83,750.46,750.02,740.44,727.34,714.88,707.31,705.12,725.83,746.13,749.58,753.60,758.01,763.02,768.41,773.54,778.52,783.66,788.60,792.87,797.19,802.78,809.19,815.75,821.22,825.65,830.06,834.80,839.83,843.80,847.58,851.37,855.20,859.28,864.02,869.39,875.08,880.35,885.54,890.45,895.06,899.29,903.10,907.05,912.25,919.37,927.70,933.30,937.77,942.09,946.76,950.81,954.82,959.08,963.82,969.29,974.35,979.12,983.62,987.64,991.36,994.89,998.41,1002.21,1006.69,1010.94,1014.86,1018.44,1021.72,1024.82,1027.90,1031.08,1034.47,1037.66,1040.66,1043.38,1045.85,1048.95,1052.57,1056.59,1060.83,1064.95,1071.06,1078.37,1086.01,1093.23,1100.07,1105.87,1111.31,1116.76,1122.05,1127.38,1131.77,1135.29,1138.56,1140.81,1142.61,1144.55,1146.89,1149.05,1151.30,1153.43,1155.31,1156.75,1157.63,1158.36,1160.15,1164.65,1169.56,1173.65,1177.33,1181.02,1184.96,1188.95,1192.97,1197.11,1201.57,1206.72,1211.45,1215.81,1220.15,1225.05,1229.51,1233.46,1237.00,1240.52,1243.72,1246.56,1249.05,1251.18,1253.12,1254.86,1256.42,1257.87,1259.58,1261.95,1264.79,1267.82,1270.63,1273.37,1276.07,1278.66,1281.17,1284.02,1287.55,1291.27,1294.75,1297.48,1300.22,1304.73,1310.50,1316.07,1320.98,1325.65,1330.28,1334.92,1339.50,1343.55,1347.41,1351.47,1356.25,1360.52,1364.15,1367.60,1371.48,1376.46,1382.27,1387.61,1391.78,1394.87,1398.01,1400.99,1403.81,1406.61,1409.45,1412.52,1415.58,1418.45,1421.38,1424.25,1426.97,1429.47,1431.48,1432.25,1432.75,1432.76,1431.74,1430.41,1429.87,1430.29,1431.64,1433.25,1434.01,1434.33,1434.58,1435.07,1435.63,1435.92,1436.26,1436.93,1437.74,1438.54,1439.40,1440.35,1441.43,1442.67
569.83,569.36,568.80,567.94,566.75,565.63,564.50,563.27,562.00,560.85,560.17,561.64,567.64,572.88,577.08,580.52,583.29,585.52,587.29,589.27,591.37,592.77,593.71,594.59,595.41,596.07,596.79,597.50,598.53,600.14,602.36,604.86,607.36,609.57,611.28,613.79,616.38,619.04,621.94,625.47,629.71,634.69,645.01,671.87,707.39,724.73,729.16,731.52,733.27,733.36,731.78,728.60,724.38,716.04,706.18,697.40,694.43,704.82,725.10,740.98,744.56,749.13,753.77,758.50,763.50,769.15,774.80,780.21,785.13,789.36,793.43,798.13,803.62,809.77,815.65,819.92,823.77,827.92,832.85,837.42,842.05,846.59,850.86,854.87,859.21,864.20,869.76,875.34,880.93,886.09,890.93,895.55,899.45,903.34,908.01,914.15,922.16,929.15,934.40,938.58,942.89,946.92,951.01,955.20,959.64,964.91,970.06,975.00,979.70,983.97,987.86,991.54,995.08,998.58,1002.58,1006.66,1010.62,1014.31,1017.68,1020.90,1023.97,1026.98,1030.07,1033.11,1036.19,1039.23,1042.06,1044.53,1047.64,1051.46,1055.95,1061.08,1068.29,1076.15,1083.87,1091.05,1098.53,1104.10,1108.88,1113.69,1118.70,1124.07,1128.92,1133.02,1136.40,1139.18,1141.61,1144.08,1146.79,1149.42,1152.32,1155.14,1157.67,1159.69,1161.07,1162.18,1164.19,1168.47,1172.45,1175.89,1179.32,1183.05,1187.00,1191.23,1195.47,1199.75,1204.49,1209.69,1214.39,1218.76,1223.23,1228.13,1232.51,1236.54,1240.31,1243.79,1247.02,1249.85,1252.33,1254.49,1256.41,1258.30,1260.18,1262.12,1264.26,1266.96,1269.95,1272.91,1275.48,1278.19,1280.63,1282.80,1284.90,1287.29,1290.63,1294.22,1297.56,1300.27,1303.18,1307.02,1311.53,1316.10,1320.57,1325.22,1329.81,1334.22,1338.79,1342.84,1346.74,1350.84,1355.47,1359.90,1363.72,1367.26,1371.12,1375.94,1381.83,1387.40,1391.90,1395.14,1398.36,1401.38,1404.21,1406.98,1409.91,1413.07,1416.22,1419.23,1422.17,1425.11,1427.92,1430.55,1432.90,1434.47,1435.54,1436.12,1435.99,1435.45,1435.09,1435.04,1435.36,1436.03,1436.49,1436.71,1436.91,1437.47,1438.39,1438.90,1439.36,1440.11,1440.90,1442.14,1443.37,1444.47,1445.64,1446.86
576.54,575.65,574.38,572.53,570.60,569.20,567.84,566.33,564.79,562.70,561.12,562.18,568.60,574.47,579.17,583.02,586.19,588.95,592.00,594.82,597.16,598.86,600.38,601.64,602.59,603.25,604.10,604.81,605.98,607.80,609.78,611.90,614.01,615.77,616.71,617.95,618.90,620.18,622.44,625.79,629.78,634.21,642.08,660.08,677.58,690.40,698.79,703.46,706.85,707.20,704.41,698.75,692.54,689.86,689.60,690.81,695.66,719.19,731.49,735.90,739.14,744.39,749.75,754.37,758.69,764.47,770.77,776.48,781.44,785.69,789.78,793.76,798.24,803.62,809.63,813.85,817.32,820.83,825.21,830.23,835.81,841.34,846.37,851.12,855.09,859.32,864.31,870.20,876.21,881.77,886.94,891.81,895.83,900.00,904.50,909.67,916.33,924.46,930.79,935.17,939.09,943.08,947.33,951.63,955.89,960.65,965.74,970.77,975.60,980.10,984.16,988.03,991.71,995.06,998.45,1002.29,1006.21,1009.96,1013.43,1016.80,1019.95,1022.86,1025.61,1028.27,1031.29,1034.62,1038.01,1040.52,1043.68,1047.62,1052.40,1058.28,1066.29,1074.44,1081.98,1088.84,1096.77,1102.30,1106.60,1110.76,1115.42,1120.38,1125.48,1130.26,1133.73,1137.01,1140.15,1143.15,1146.02,1149.08,1152.59,1156.10,1159.32,1162.00,1164.11,1165.85,1168.13,1171.90,1174.98,1177.92,1181.20,1184.99,1188.90,1193.46,1197.93,1202.31,1207.13,1212.13,1216.90,1221.50,1226.11,1230.85,1235.14,1239.34,1243.44,1246.88,1250.07,1252.89,1255.38,1257.62,1259.65,1261.82,1264.19,1266.76,1269.39,1272.18,1274.96,1277.58,1280.00,1282.90,1285.28,1287.28,1289.27,1291.51,1294.80,1298.21,1301.27,1303.95,1306.92,1309.97,1313.13,1316.66,1320.64,1325.22,1329.69,1333.74,1338.13,1342.18,1346.18,1350.34,1354.76,1359.28,1363.30,1367.03,1370.92,1375.62,1381.38,1387.13,1392.05,1395.44,1398.70,1401.72,1404.55,1407.31,1410.35,1413.59,1416.86,1420.01,1422.97,1425.91,1428.79,1431.53,1434.04,1436.53,1438.22,1439.32,1440.08,1440.36,1440.20,1439.72,1439.11,1438.92,1439.14,1439.31,1439.48,1440.11,1441.28,1441.96,1442.48,1443.18,1443.98,1445.70,1447.29,1448.48,1449.77,1450.90
583.31,582.37,580.80,578.40,575.62,573.39,571.44,569.57,567.72,565.72,563.91,564.12,569.25,575.84,581.01,585.13,588.78,592.55,596.12,599.36,602.18,604.38,606.13,607.61,609.14,610.88,612.37,614.27,616.60,619.15,621.29,623.15,624.36,624.99,625.30,625.67,625.67,625.61,625.97,627.57,629.73,632.79,637.81,646.84,656.75,665.99,674.02,680.11,683.32,685.38,686.44,686.45,686.04,687.68,694.96,704.61,710.78,722.30,728.51,731.47,734.45,739.69,745.67,750.90,755.19,759.42,764.53,770.66,776.70,781.38,785.46,789.28,793.54,798.49,803.64,808.04,812.13,815.94,819.27,823.05,828.41,834.55,840.72,846.51,851.36,855.79,860.28,865.46,871.00,876.96,882.85,887.97,892.47,896.78,901.22,906.06,911.68,918.98,925.70,931.18,935.39,939.35,943.63,948.04,952.44,957.00,961.78,966.57,971.28,975.85,980.04,983.93,987.58,991.00,994.38,997.86,1001.42,1005.05,1008.78,1012.13,1015.29,1018.33,1021.15,1023.73,1026.58,1029.73,1033.04,1036.20,1039.87,1045.08,1051.58,1057.53,1064.77,1072.61,1080.19,1086.78,1093.65,1099.59,1104.34,1108.06,1112.08,1116.72,1121.62,1126.44,1130.69,1134.03,1136.98,1139.78,1142.73,1146.64,1151.03,1155.28,1159.17,1162.67,1165.76,1168.50,1171.30,1174.61,1177.58,1180.39,1183.38,1186.81,1190.82,1195.67,1200.33,1204.68,1209.23,1214.12,1218.94,1223.69,1228.42,1232.97,1237.33,1241.80,1246.22,1249.74,1252.84,1255.70,1258.37,1260.81,1263.22,1265.66,1268.36,1271.39,1274.28,1277.07,1279.69,1282.16,1284.65,1287.66,1290.53,1293.26,1295.92,1298.30,1300.99,1303.68,1306.19,1308.48,1310.66,1312.88,1315.30,1318.20,1322.05,1326.44,1330.55,1334.07,1337.87,1341.74,1345.73,1349.89,1354.25,1358.73,1362.86,1366.80,1370.88,1375.53,1381.21,1387.05,1392.22,1395.64,1398.91,1401.93,1404.77,1407.62,1410.72,1414.21,1417.67,1420.78,1423.73,1426.66,1429.68,1432.68,1435.43,1438.18,1440.05,1441.29,1442.26,1442.90,1442.91,1442.53,1442.09,1442.26,1442.58,1442.86,1443.17,1443.80,1444.67,1445.03,1445.37,1446.13,1447.23,1449.05,1450.67,1451.92,1453.26,1454.39
589.39,588.49,586.92,584.53,581.54,578.23,575.33,573.07,571.11,569.07,567.05,566.54,570.27,577.00,582.54,587.13,591.49,596.11,600.08,603.63,606.84,609.50,611.58,613.71,616.27,619.32,621.31,623.62,626.13,628.55,630.51,631.98,632.67,632.91,633.23,633.34,633.02,632.41,631.81,632.13,632.72,634.13,636.44,639.54,645.16,652.19,659.57,666.00,669.38,672.89,676.87,681.07,684.88,690.38,700.10,710.91,716.47,720.15,723.57,726.66,729.64,734.67,741.22,747.20,751.86,755.29,759.32,764.72,770.61,775.85,780.64,784.39,788.39,793.14,797.88,802.30,806.77,811.03,814.35,817.61,822.20,828.00,834.84,842.20,847.66,852.25,856.69,861.47,866.49,872.14,878.02,883.58,888.67,893.35,897.92,902.57,907.53,913.72,920.17,926.22,931.16,935.53,939.81,944.19,948.74,953.35,957.89,962.38,966.86,971.41,975.70,979.64,983.34,986.85,990.22,993.41,996.67,1000.17,1003.95,1007.27,1010.44,1013.56,1016.47,1019.06,1021.94,1025.16,1028.79,1033.07,1037.70,1043.92,1051.31,1057.20,1063.82,1071.08,1078.29,1084.61,1090.49,1096.45,1101.53,1105.26,1108.79,1112.87,1117.39,1122.17,1126.89,1130.70,1133.77,1136.53,1139.44,1143.34,1148.37,1153.39,1157.99,1162.39,1166.53,1170.19,1173.55,1176.83,1179.91,1182.77,1185.60,1188.71,1192.64,1197.43,1202.09,1206.44,1210.94,1215.86,1220.76,1225.61,1230.41,1234.85,1239.71,1244.61,1249.12,1252.59,1255.63,1258.52,1261.29,1263.92,1266.65,1269.64,1272.87,1276.18,1279.04,1281.64,1284.19,1286.88,1290.03,1293.31,1296.28,1299.14,1302.07,1304.51,1306.67,1308.72,1310.69,1312.50,1314.12,1315.94,1318.17,1321.11,1324.80,1328.58,1332.01,1334.99,1338.16,1341.77,1345.59,1349.57,1353.80,1358.24,1362.53,1366.69,1370.91,1375.54,1381.21,1387.09,1392.34,1395.80,1399.06,1402.10,1404.97,1407.88,1411.06,1414.74,1418.35,1421.49,1424.42,1427.33,1430.54,1433.92,1436.88,1439.70,1441.66,1443.03,1444.15,1445.01,1445.26,1445.20,1445.19,1445.80,1446.28,1446.64,1447.02,1447.56,1448.06,1448.18,1448.36,1449.03,1450.26,1451.99,1453.60,1454.96,1456.35,1457.40
594.68,593.85,592.48,590.61,588.12,583.66,579.62,576.96,575.02,572.65,570.37,569.36,571.79,577.97,583.72,589.04,594.37,599.57,603.89,607.72,611.21,614.25,616.93,620.10,624.00,628.30,630.56,632.36,633.93,635.32,636.72,637.68,638.41,639.17,640.09,640.53,640.45,640.12,639.75,639.52,639.05,638.71,638.66,639.31,642.95,649.08,655.89,661.62,665.76,670.17,675.32,680.98,686.19,694.79,701.68,706.28,710.10,713.67,717.61,721.28,724.57,729.32,736.32,743.11,748.51,752.20,755.56,759.09,763.42,769.20,775.37,779.15,782.82,787.56,792.53,796.76,801.22,805.94,810.36,814.08,817.55,822.03,828.82,837.89,843.75,848.57,853.42,858.24,862.88,867.47,872.54,878.59,884.31,889.62,894.52,899.08,903.76,908.85,914.39,920.30,926.28,931.49,935.84,940.06,944.71,949.56,954.02,958.23,962.40,966.84,971.17,975.24,979.05,982.63,985.96,988.98,992.05,995.39,998.91,1002.22,1005.43,1008.58,1011.54,1014.23,1017.38,1021.07,1025.53,1031.41,1037.40,1044.14,1051.29,1057.06,1063.39,1069.85,1076.22,1082.29,1087.51,1093.00,1098.10,1102.25,1105.58,1108.86,1112.88,1117.56,1122.33,1127.00,1130.68,1133.68,1136.45,1139.38,1144.71,1150.43,1155.78,1161.18,1166.38,1170.84,1174.77,1178.52,1181.88,1184.93,1187.80,1190.70,1194.31,1198.67,1203.12,1207.54,1212.26,1217.35,1222.37,1227.28,1232.07,1236.54,1242.33,1247.81,1252.13,1255.40,1258.45,1261.33,1264.13,1266.94,1269.93,1273.75,1277.67,1281.05,1283.63,1285.93,1288.52,1291.79,1296.08,1299.76,1302.36,1304.66,1307.36,1309.72,1311.51,1313.10,1314.61,1315.95,1317.49,1319.37,1321.89,1325.45,1328.82,1331.56,1334.03,1336.52,1339.11,1342.34,1345.80,1349.42,1353.44,1357.83,1362.32,1366.73,1371.03,1375.62,1381.33,1387.21,1392.41,1395.91,1399.18,1402.25,1405.16,1408.09,1411.41,1415.17,1418.88,1422.14,1425.05,1427.92,1431.37,1435.18,1438.36,1441.11,1443.12,1444.64,1445.94,1446.92,1447.54,1447.99,1448.51,1449.51,1450.13,1450.52,1450.85,1451.22,1451.35,1451.38,1451.49,1451.94,1453.05,1454.53,1456.10,1457.61,1459.00,1459.90
600.08,598.50,596.42,594.50,592.16,588.81,585.26,582.05,579.50,576.69,574.18,572.80,574.15,578.82,584.59,590.77,597.04,602.54,607.26,611.54,615.52,619.30,623.24,626.82,630.32,633.82,636.01,638.08,640.03,641.77,643.28,644.51,645.84,647.10,647.77,647.73,647.43,647.05,646.59,646.04,645.31,644.58,643.91,643.59,645.17,649.04,654.17,659.41,663.71,668.15,673.30,679.01,684.17,690.84,696.17,700.20,704.27,708.04,711.54,715.04,718.94,724.06,731.20,738.49,744.73,748.85,752.40,755.71,759.48,764.47,770.40,774.82,779.04,783.84,788.89,793.39,797.82,802.28,806.62,810.71,814.17,817.82,822.42,828.01,837.54,845.41,850.37,855.22,859.87,864.15,868.46,873.43,879.14,884.96,890.41,895.33,899.84,904.42,909.28,914.60,920.57,926.33,931.40,936.01,940.49,945.42,950.19,954.50,958.42,962.41,966.64,970.67,974.47,978.16,981.93,985.04,987.84,990.55,993.37,996.69,1000.12,1003.44,1006.45,1009.46,1013.42,1018.00,1023.31,1030.84,1037.92,1044.75,1051.28,1056.81,1062.46,1068.14,1073.96,1079.97,1084.99,1089.81,1094.47,1098.80,1102.45,1105.66,1109.15,1113.15,1117.70,1122.41,1126.62,1130.29,1133.41,1136.14,1140.67,1146.26,1152.40,1158.57,1164.50,1169.87,1174.73,1179.08,1182.83,1186.37,1189.54,1192.32,1195.28,1199.32,1203.71,1208.26,1213.30,1218.67,1223.84,1228.79,1233.59,1238.28,1244.83,1250.52,1254.39,1257.78,1260.85,1263.81,1266.82,1270.17,1273.91,1277.84,1281.58,1284.89,1287.88,1290.38,1293.40,1297.04,1300.74,1304.11,1306.94,1309.58,1312.28,1314.53,1316.05,1317.38,1318.86,1320.74,1323.46,1325.66,1327.54,1329.97,1332.38,1334.43,1336.47,1338.70,1340.97,1343.60,1346.43,1349.60,1353.55,1357.77,1362.25,1366.79,1371.22,1375.76,1381.31,1387.11,1392.34,1395.92,1399.31,1402.43,1405.37,1408.40,1411.99,1415.85,1419.53,1422.73,1425.63,1428.55,1432.14,1436.18,1439.58,1442.34,1444.47,1446.19,1447.63,1448.88,1450.22,1451.30,1452.08,1453.10,1453.58,1453.82,1454.04,1454.32,1454.43,1454.51,1454.71,1455.18,1456.20,1457.45,1458.66,1459.77,1460.82,1461.51
605.58,603.41,600.52,597.88,595.36,593.16,590.41,587.01,584.03,580.79,577.92,576.06,576.39,579.70,585.65,592.70,599.70,605.38,610.63,615.46,619.96,624.43,629.37,633.12,636.04,638.72,641.03,643.64,646.29,648.70,650.63,652.24,653.99,655.48,655.74,655.18,654.52,653.83,653.06,652.17,651.31,650.49,649.69,648.96,648.90,650.57,653.73,657.91,661.93,666.21,671.01,676.23,681.08,685.38,689.75,694.25,698.57,702.63,705.79,709.03,713.31,718.94,726.12,733.67,740.51,745.12,749.03,752.58,756.12,760.14,765.33,770.33,775.25,780.30,785.44,790.53,795.10,799.24,803.43,807.88,811.58,814.72,817.43,819.69,831.75,841.95,847.09,852.03,856.82,861.11,864.96,868.83,874.15,880.08,885.90,891.21,895.77,900.12,904.49,909.20,914.79,920.78,926.52,931.68,936.22,941.17,946.19,950.69,954.57,958.22,962.20,966.05,969.73,973.35,977.33,980.67,983.43,985.71,987.93,991.06,994.65,998.22,1001.38,1004.99,1010.11,1015.88,1022.03,1030.68,1038.43,1045.20,1051.14,1056.40,1061.38,1066.38,1071.70,1077.54,1082.53,1086.81,1090.94,1095.14,1099.15,1102.50,1105.63,1108.97,1113.12,1117.52,1122.05,1126.34,1129.99,1132.97,1136.77,1141.99,1148.50,1155.13,1161.70,1168.01,1173.83,1178.78,1183.02,1187.12,1190.74,1193.60,1196.15,1199.93,1204.24,1208.92,1214.28,1219.89,1225.22,1230.24,1235.10,1240.25,1247.20,1252.87,1256.43,1259.89,1263.01,1266.05,1269.33,1273.20,1277.55,1281.39,1284.84,1288.11,1291.60,1294.53,1297.96,1301.74,1304.72,1307.80,1310.98,1314.11,1316.91,1319.13,1320.65,1322.01,1323.59,1325.91,1329.38,1331.68,1332.92,1334.22,1335.87,1337.63,1339.46,1341.36,1343.35,1345.39,1347.73,1350.64,1354.54,1358.58,1362.85,1367.24,1371.62,1376.00,1381.32,1386.98,1392.25,1395.91,1399.41,1402.62,1405.61,1408.72,1412.59,1416.59,1420.23,1423.31,1426.19,1429.22,1432.97,1437.18,1440.76,1443.55,1445.83,1447.83,1449.63,1451.34,1453.30,1454.83,1455.68,1456.52,1456.80,1456.90,1457.02,1457.22,1457.37,1457.53,1457.79,1458.29,1459.16,1460.15,1460.97,1461.65,1462.39,1462.88
611.32,609.58,606.22,601.38,597.97,595.55,593.24,590.76,588.31,584.76,581.16,578.36,577.70,580.74,587.49,595.32,602.43,608.21,614.34,619.93,624.83,629.59,634.38,638.04,641.13,644.36,647.53,650.88,654.15,657.20,659.88,661.60,662.98,663.94,663.94,663.30,662.15,660.76,659.26,657.88,656.69,655.67,654.83,654.18,653.70,654.28,655.46,656.90,659.74,663.96,668.33,672.55,677.34,681.60,685.76,689.66,692.89,697.22,700.91,704.22,708.05,714.13,721.33,728.66,735.40,740.50,744.70,748.55,752.15,755.57,759.81,764.71,770.15,775.93,781.36,787.61,792.74,796.94,801.59,806.45,810.24,813.48,816.61,819.55,828.76,837.29,843.03,848.25,853.25,857.88,862.10,865.96,870.19,875.29,880.76,886.24,891.45,895.86,900.09,904.48,909.42,914.94,920.76,926.52,931.94,936.89,941.66,946.35,950.80,954.58,958.00,961.42,964.76,967.82,971.02,974.72,978.19,980.93,983.10,985.54,988.94,992.87,996.43,1001.32,1008.24,1015.64,1022.60,1030.87,1038.34,1044.92,1050.64,1055.61,1060.27,1064.81,1069.55,1074.79,1079.90,1084.15,1087.82,1091.28,1095.29,1098.88,1102.14,1105.29,1108.68,1112.40,1116.72,1121.25,1125.54,1129.49,1133.50,1138.25,1143.99,1150.38,1157.57,1164.81,1171.47,1176.88,1181.81,1186.50,1190.70,1194.21,1197.21,1200.79,1204.90,1209.61,1215.23,1220.97,1226.46,1231.61,1236.65,1242.88,1249.28,1254.55,1258.36,1261.62,1264.73,1267.91,1271.42,1275.57,1279.79,1283.47,1286.91,1290.38,1294.13,1297.71,1301.26,1304.69,1307.79,1311.11,1314.60,1317.98,1320.97,1323.44,1325.66,1327.64,1329.39,1331.20,1333.29,1334.95,1336.23,1337.56,1339.51,1341.81,1343.70,1344.91,1346.53,1348.15,1350.55,1353.84,1357.60,1361.54,1365.20,1368.76,1372.51,1376.53,1381.50,1386.96,1392.20,1395.90,1399.45,1402.79,1405.90,1409.00,1413.07,1417.28,1420.97,1423.88,1426.76,1430.02,1434.00,1438.38,1442.05,1444.81,1447.26,1449.78,1452.57,1455.16,1457.28,1458.62,1459.15,1459.54,1459.69,1459.78,1459.86,1459.97,1460.07,1460.24,1460.46,1460.74,1461.29,1461.97,1462.59,1463.15,1463.82,1464.23
615.95,614.16,610.61,605.27,600.80,597.78,595.42,593.37,591.38,588.13,584.65,581.65,580.43,583.48,590.65,598.48,605.06,611.57,617.85,623.55,628.82,634.26,638.98,642.69,646.06,649.64,653.05,656.98,660.93,664.52,667.39,669.57,671.39,672.71,672.95,672.43,671.15,669.34,667.11,664.58,662.86,661.59,660.59,659.86,659.32,659.36,659.63,660.03,661.92,664.85,667.85,670.88,674.98,678.60,682.16,685.53,688.35,692.07,695.68,699.19,703.26,709.53,716.51,723.42,729.67,734.37,738.52,742.57,746.51,750.29,754.37,759.00,764.65,771.20,777.31,784.15,789.96,794.82,799.66,804.50,808.66,812.51,816.30,819.95,826.43,832.79,838.15,843.59,848.84,853.75,858.28,862.37,866.28,870.98,876.07,881.32,886.59,891.47,895.88,900.05,904.50,909.68,915.39,921.20,926.77,932.02,936.86,941.64,946.29,950.24,953.54,956.44,959.18,962.00,965.11,968.38,971.54,974.40,976.92,979.61,983.47,988.22,993.02,998.93,1006.90,1015.28,1022.75,1030.63,1037.80,1044.20,1049.81,1054.47,1058.82,1063.07,1067.40,1072.01,1077.02,1081.33,1084.92,1088.05,1091.49,1094.74,1097.74,1100.61,1103.55,1107.03,1111.21,1115.80,1120.54,1125.21,1129.74,1134.70,1140.32,1146.50,1153.51,1160.99,1168.37,1174.89,1180.57,1185.70,1190.24,1194.18,1198.06,1201.67,1205.63,1210.34,1216.20,1222.00,1227.53,1232.73,1238.00,1245.14,1251.13,1255.99,1259.90,1263.04,1266.08,1269.39,1273.11,1277.30,1281.37,1285.03,1288.58,1292.26,1296.10,1299.93,1303.55,1306.95,1310.33,1313.91,1317.53,1321.01,1324.18,1326.87,1329.24,1331.36,1333.22,1334.93,1336.80,1338.75,1340.68,1342.53,1344.56,1346.62,1348.34,1349.75,1351.88,1353.94,1356.59,1359.87,1363.20,1366.30,1368.94,1371.45,1374.30,1377.66,1382.20,1387.24,1392.13,1395.85,1399.45,1402.85,1406.05,1409.29,1413.51,1417.86,1421.64,1424.53,1427.44,1431.04,1435.26,1439.66,1443.24,1446.26,1449.35,1452.69,1456.09,1458.35,1459.92,1460.91,1461.37,1461.66,1461.83,1461.94,1462.02,1462.10,1462.20,1462.39,1462.61,1462.83,1463.22,1463.76,1464.24,1464.67,1465.30,1465.61
619.83,617.84,614.26,609.18,603.72,600.02,597.43,595.53,593.95,591.22,588.18,585.38,583.96,587.21,594.44,601.77,607.59,615.07,621.16,626.67,632.32,638.49,643.21,647.16,650.94,654.83,658.29,662.56,666.96,670.87,673.72,676.54,679.17,681.21,681.93,681.68,680.49,678.54,675.76,672.10,669.90,668.38,667.16,666.32,665.88,665.69,665.66,665.91,667.03,668.30,669.70,671.60,674.67,677.40,680.16,682.99,685.66,688.38,691.52,695.13,699.56,705.75,712.25,718.45,723.86,727.81,731.79,736.00,740.42,744.99,749.39,753.77,759.37,766.47,773.37,780.39,786.80,792.45,797.39,802.08,806.67,811.21,815.65,819.97,824.21,828.48,833.03,838.42,843.85,849.01,853.79,858.11,862.19,866.79,871.63,876.56,881.59,886.94,891.67,895.79,899.90,904.76,910.23,915.81,921.22,926.77,931.77,936.57,941.20,945.34,948.75,951.20,953.33,955.93,959.06,961.48,963.91,966.83,970.03,973.73,978.61,984.47,990.70,997.36,1005.85,1014.71,1022.57,1030.05,1036.88,1043.15,1048.72,1053.15,1057.22,1061.25,1065.26,1069.30,1074.03,1078.36,1082.07,1085.12,1087.83,1090.46,1093.01,1095.51,1098.12,1101.55,1105.62,1110.18,1115.25,1120.59,1125.90,1131.46,1137.38,1143.50,1149.99,1157.27,1165.16,1173.07,1179.42,1184.85,1189.67,1194.13,1198.92,1202.63,1206.44,1211.09,1217.16,1222.98,1228.47,1233.69,1239.18,1247.05,1252.71,1257.22,1261.12,1264.17,1267.13,1270.56,1274.46,1278.61,1282.53,1286.23,1289.95,1293.81,1297.69,1301.56,1305.23,1308.78,1312.47,1316.29,1319.97,1323.52,1326.83,1329.67,1331.91,1333.97,1335.99,1337.97,1340.32,1342.97,1345.68,1348.10,1350.13,1351.74,1353.32,1355.34,1358.31,1361.10,1364.00,1367.04,1369.79,1371.81,1373.40,1374.95,1376.88,1379.50,1383.47,1387.88,1392.15,1395.82,1399.43,1402.85,1406.15,1409.64,1413.95,1418.40,1422.26,1425.24,1428.26,1432.21,1436.64,1441.00,1444.49,1447.94,1451.87,1456.00,1459.51,1460.94,1461.77,1462.42,1462.93,1463.32,1463.59,1463.74,1463.82,1463.91,1464.06,1464.26,1464.49,1464.74,1465.05,1465.54,1465.93,1466.26,1466.79,1467.01
622.91,621.04,617.58,612.19,606.50,602.74,600.16,598.37,597.06,594.38,591.35,588.74,587.87,591.60,597.98,604.29,609.89,618.03,623.89,629.52,635.64,641.74,646.72,651.38,655.95,660.36,664.59,668.44,672.03,675.41,678.61,682.16,685.27,687.59,688.74,688.91,688.14,686.62,684.30,681.24,679.19,677.57,676.23,675.46,674.95,674.75,674.75,674.95,675.52,676.38,677.46,678.90,681.02,682.99,685.02,687.11,689.13,691.17,693.53,696.34,700.02,705.45,710.74,715.35,719.24,722.83,727.03,731.49,736.19,741.26,746.50,751.04,756.16,762.61,769.92,776.54,782.69,788.45,793.70,798.67,803.21,807.61,812.11,816.80,820.90,824.81,828.76,833.01,838.19,843.52,848.39,852.46,857.04,862.03,867.23,872.42,877.22,882.07,886.95,891.64,895.81,900.07,905.14,910.59,915.98,921.15,925.92,930.52,935.05,939.44,942.94,945.60,947.68,949.46,951.35,952.87,955.04,958.52,963.07,969.14,976.18,983.39,989.83,996.66,1004.78,1013.49,1021.79,1028.78,1035.31,1041.53,1047.23,1051.93,1055.78,1059.46,1063.18,1067.03,1071.13,1075.18,1078.91,1082.09,1084.61,1086.84,1088.89,1090.85,1093.03,1096.25,1100.12,1104.60,1109.94,1116.34,1122.77,1129.27,1135.90,1142.63,1148.93,1155.55,1163.21,1172.31,1178.77,1184.20,1189.73,1195.54,1200.42,1204.02,1207.53,1211.88,1218.11,1223.86,1229.29,1234.52,1240.05,1248.07,1253.62,1257.94,1261.70,1264.69,1267.64,1271.15,1275.19,1279.41,1283.28,1287.03,1290.86,1294.82,1298.79,1302.71,1306.53,1310.27,1314.04,1317.88,1321.74,1325.51,1328.94,1331.51,1333.78,1336.04,1338.49,1341.49,1344.88,1347.91,1350.46,1352.65,1354.67,1356.80,1359.00,1361.37,1364.55,1367.43,1370.13,1372.68,1374.95,1376.57,1377.97,1379.41,1381.11,1383.34,1386.26,1389.46,1392.72,1395.95,1399.41,1402.89,1406.43,1410.28,1414.58,1418.89,1422.78,1426.07,1429.39,1433.59,1438.11,1442.49,1446.24,1450.24,1454.79,1458.84,1461.02,1462.26,1463.16,1463.88,1464.44,1464.88,1465.28,1465.51,1465.63,1465.72,1465.91,1466.13,1466.37,1466.61,1466.91,1467.33,1467.71,1468.03,1468.28,1468.37
625.90,623.94,620.33,614.60,608.88,605.15,602.72,601.14,599.87,597.52,594.89,592.77,592.52,596.16,601.42,606.95,612.73,620.51,626.10,631.93,638.51,644.66,650.13,655.49,660.65,665.35,669.73,673.21,676.38,679.64,683.29,687.47,691.13,693.88,695.35,695.75,695.16,693.84,691.85,689.40,687.38,685.47,683.83,683.05,682.43,682.21,682.25,682.40,682.76,683.63,684.81,686.26,687.98,689.49,691.02,692.62,694.33,696.19,698.34,700.83,703.94,708.34,712.45,716.13,719.54,723.09,727.19,731.69,736.53,741.74,746.94,751.30,755.59,760.60,767.08,772.80,778.49,784.24,789.75,794.95,799.52,803.91,808.50,813.31,817.46,821.30,824.98,828.57,832.90,837.98,843.00,847.18,851.72,856.81,862.21,867.65,872.68,877.38,882.27,887.23,891.68,895.77,900.34,905.37,910.63,915.71,920.23,924.55,928.89,933.37,937.03,940.02,942.27,943.55,944.66,946.06,948.67,953.01,958.54,966.39,974.96,982.99,989.23,995.99,1003.63,1012.04,1020.67,1027.37,1033.58,1039.64,1045.40,1050.37,1054.13,1057.55,1061.03,1064.70,1068.33,1072.06,1075.67,1078.87,1081.34,1083.37,1085.13,1086.82,1088.79,1091.70,1095.76,1100.68,1106.59,1113.98,1121.65,1129.09,1136.29,1143.53,1149.70,1155.85,1163.05,1171.91,1178.20,1183.70,1189.78,1196.48,1201.47,1205.00,1208.40,1212.67,1218.91,1224.54,1229.93,1235.21,1240.84,1248.71,1254.15,1258.38,1262.03,1265.02,1267.94,1271.53,1275.67,1279.94,1283.80,1287.58,1291.44,1295.47,1299.54,1303.55,1307.50,1311.40,1315.22,1319.11,1323.15,1327.11,1330.53,1332.95,1335.29,1337.82,1340.85,1344.94,1348.78,1351.89,1354.38,1356.55,1358.80,1361.45,1364.19,1366.92,1370.04,1372.92,1375.43,1377.61,1379.60,1381.20,1382.70,1384.18,1385.70,1387.47,1389.42,1391.56,1393.90,1396.56,1399.77,1403.30,1407.01,1410.90,1414.91,1418.92,1422.84,1426.63,1430.49,1434.98,1439.60,1444.05,1448.15,1452.73,1457.29,1460.77,1462.17,1463.42,1464.45,1465.28,1465.89,1466.42,1466.90,1467.22,1467.42,1467.55,1467.77,1467.97,1468.15,1468.34,1468.60,1468.86,1469.14,1469.36,1469.37,1469.28
628.91,626.50,622.43,616.40,610.79,607.14,604.95,603.69,602.22,600.59,598.86,597.58,597.94,600.78,604.78,609.89,616.21,622.50,627.74,633.83,640.83,647.27,653.49,659.42,664.88,669.53,673.24,676.58,680.01,683.74,687.92,692.59,696.93,700.35,701.99,702.40,701.68,700.24,698.32,696.26,694.00,691.58,689.41,688.40,687.67,687.41,687.42,687.54,688.08,689.27,690.87,692.74,694.71,696.14,697.45,698.91,700.81,703.06,705.69,708.52,711.47,714.66,717.80,721.48,725.63,729.47,733.12,737.37,742.15,747.04,751.13,754.89,758.11,761.07,765.30,769.66,774.76,780.43,786.03,791.30,796.07,800.74,805.54,810.19,814.26,818.08,821.82,825.48,828.40,832.70,837.86,842.62,846.43,851.21,856.52,862.06,867.78,872.86,877.65,882.44,887.41,891.87,895.90,900.16,905.15,910.52,914.82,918.79,922.88,927.23,931.13,934.50,937.07,938.42,939.59,941.82,945.62,951.03,956.99,965.61,974.78,982.94,988.70,995.21,1002.35,1010.39,1019.14,1025.85,1031.75,1037.51,1043.19,1048.34,1052.15,1055.47,1058.75,1062.19,1065.62,1069.08,1072.40,1075.42,1077.94,1079.94,1081.71,1083.49,1085.63,1088.25,1092.95,1098.94,1105.70,1113.99,1122.94,1131.23,1138.68,1146.18,1152.22,1158.24,1164.75,1171.74,1177.59,1183.29,1189.66,1196.57,1201.81,1205.41,1208.97,1213.41,1219.53,1225.01,1230.35,1235.74,1241.57,1249.00,1254.32,1258.52,1262.15,1265.18,1268.08,1271.70,1275.92,1280.23,1284.09,1287.83,1291.67,1295.75,1299.95,1304.06,1308.12,1312.13,1316.00,1319.99,1324.21,1328.24,1331.52,1334.01,1336.45,1339.30,1343.04,1348.13,1351.64,1354.54,1357.23,1359.78,1362.57,1365.56,1368.66,1371.77,1374.64,1377.47,1379.89,1381.91,1383.81,1385.78,1387.56,1389.10,1390.42,1391.64,1392.82,1394.16,1395.78,1397.83,1400.68,1404.20,1407.98,1411.49,1414.91,1418.48,1422.43,1426.89,1431.51,1436.34,1441.12,1445.73,1450.21,1455.32,1459.17,1461.68,1463.18,1464.56,1465.70,1466.61,1467.29,1467.94,1468.43,1468.83,1469.14,1469.35,1469.57,1469.71,1469.78,1469.83,1469.98,1470.05,1470.10,1470.10,1469.96,1469.66
631.48,628.75,624.34,618.20,613.04,609.41,607.07,605.69,604.27,602.81,601.58,601.04,602.01,604.51,608.17,613.00,618.85,624.04,629.15,635.33,642.43,649.25,655.81,661.99,667.54,672.04,675.80,679.44,683.23,687.36,692.12,697.13,701.85,705.68,707.69,708.61,708.51,707.71,706.35,704.74,702.37,699.63,697.02,695.35,694.45,694.07,694.07,694.50,695.45,696.86,698.62,700.61,702.47,704.07,705.70,707.55,709.76,712.20,714.60,717.03,719.64,722.65,725.56,728.82,732.49,736.25,740.65,744.72,748.51,752.32,756.00,760.22,763.91,766.76,769.94,773.62,777.85,782.56,787.63,792.40,797.01,801.81,806.82,811.00,814.57,817.78,820.98,824.66,827.20,830.55,834.57,838.53,842.07,846.69,851.79,856.91,861.89,866.87,872.11,877.46,882.43,887.17,891.45,895.63,900.06,904.90,909.00,912.85,916.74,920.85,924.56,928.18,931.47,933.97,936.02,939.07,943.59,949.59,955.97,964.48,973.87,982.39,987.63,993.77,1000.55,1008.10,1016.42,1023.88,1029.91,1035.39,1040.63,1045.45,1049.45,1052.87,1056.08,1059.39,1062.67,1066.01,1069.22,1072.07,1074.29,1076.18,1077.96,1080.14,1083.73,1087.57,1093.31,1099.89,1106.77,1116.34,1125.52,1133.46,1140.42,1147.68,1153.61,1159.37,1165.24,1170.95,1176.36,1182.00,1188.44,1195.58,1201.49,1205.38,1209.12,1213.73,1219.84,1225.20,1230.49,1235.93,1241.82,1248.89,1254.14,1258.38,1262.05,1265.16,1268.13,1271.76,1275.95,1280.20,1284.06,1287.73,1291.70,1296.13,1300.38,1304.44,1308.45,1312.45,1316.41,1320.48,1324.75,1328.76,1331.95,1334.55,1337.10,1340.38,1344.74,1349.84,1353.39,1356.44,1359.45,1362.53,1365.59,1368.98,1372.56,1376.05,1378.81,1381.32,1383.60,1385.69,1387.67,1389.60,1391.36,1392.89,1394.11,1395.10,1396.04,1397.04,1398.37,1400.53,1403.25,1406.46,1409.86,1412.93,1415.76,1419.07,1423.13,1427.95,1432.68,1437.47,1442.67,1447.96,1452.39,1457.26,1460.63,1462.75,1464.22,1465.55,1466.84,1467.89,1468.61,1469.29,1469.63,1469.89,1470.12,1470.22,1470.34,1470.39,1470.39,1470.33,1470.38,1470.37,1470.31,1470.21,1470.03,1469.62
633.76,630.75,626.18,620.10,615.39,611.81,609.28,607.66,606.23,604.73,603.93,604.11,605.58,607.85,611.31,615.83,621.01,625.36,630.30,636.45,643.56,650.69,657.41,663.81,669.48,673.87,677.86,681.89,686.03,690.49,695.75,701.11,706.09,710.17,712.61,714.13,714.79,714.73,713.98,712.78,710.45,707.63,704.76,702.37,701.21,700.71,700.75,701.54,702.89,704.50,706.39,708.50,710.36,712.13,714.12,716.32,718.66,721.12,723.20,725.17,727.47,730.49,733.43,736.49,739.72,743.10,747.86,751.58,754.54,757.74,761.50,766.12,770.34,773.55,776.31,779.59,782.99,786.64,790.99,795.22,799.68,804.54,809.54,813.32,816.40,819.07,821.78,825.39,827.86,830.41,833.25,836.31,839.71,844.01,848.62,853.09,857.06,861.57,866.91,872.50,877.30,882.17,886.59,890.75,894.87,899.15,902.98,906.65,910.37,914.25,917.94,921.83,925.87,929.78,933.09,936.97,941.98,948.27,954.89,962.96,972.46,981.44,986.39,992.07,998.46,1005.47,1013.19,1021.59,1027.84,1033.09,1037.91,1042.35,1046.46,1050.00,1053.21,1056.42,1059.58,1062.78,1065.84,1068.52,1070.49,1072.24,1074.03,1076.82,1082.36,1087.86,1094.62,1101.54,1108.25,1118.56,1127.64,1135.09,1141.51,1148.44,1154.23,1159.73,1165.00,1169.84,1174.83,1180.21,1186.58,1193.97,1200.67,1204.94,1208.91,1213.72,1219.92,1225.23,1230.50,1235.97,1241.88,1248.65,1253.79,1258.04,1261.77,1264.95,1268.01,1271.67,1275.84,1280.05,1283.87,1287.48,1291.55,1296.30,1300.68,1304.74,1308.70,1312.67,1316.68,1320.80,1325.04,1329.00,1332.20,1334.92,1337.57,1341.21,1346.04,1350.90,1354.61,1357.93,1361.30,1364.88,1368.22,1372.00,1375.97,1379.68,1382.44,1384.72,1386.93,1389.16,1391.26,1393.14,1394.82,1396.31,1397.55,1398.57,1399.51,1400.43,1401.68,1404.09,1406.76,1409.62,1412.54,1415.25,1417.74,1421.03,1425.13,1429.81,1434.22,1439.11,1444.68,1450.32,1454.47,1458.81,1461.82,1463.80,1465.33,1466.64,1468.05,1469.15,1469.80,1470.35,1470.51,1470.60,1470.68,1470.68,1470.68,1470.68,1470.61,1470.49,1470.44,1470.26,1470.10,1470.03,1469.88,1469.43
635.50,632.27,627.92,622.31,617.79,614.39,611.87,610.01,608.17,606.43,606.16,607.14,608.71,610.74,613.65,617.61,622.40,626.36,630.89,636.78,643.81,650.94,657.62,664.47,670.59,674.98,679.23,683.47,687.85,692.58,698.05,703.88,708.97,713.04,715.92,717.96,719.09,719.48,719.15,718.14,716.25,713.91,711.24,708.34,706.70,706.10,706.34,707.40,708.91,710.69,712.84,715.34,717.77,719.59,721.53,723.59,725.39,727.52,729.56,731.54,733.68,736.48,739.70,743.58,747.50,749.84,752.80,755.66,758.97,763.60,768.31,772.38,776.04,779.39,782.66,785.86,788.78,791.73,795.37,799.32,804.06,808.88,813.17,816.96,819.99,822.80,825.72,828.95,831.51,833.87,836.38,839.39,842.70,846.00,849.39,852.90,856.27,859.57,863.43,867.81,872.27,876.89,880.47,884.24,889.11,893.37,896.62,899.83,903.37,907.19,911.68,916.06,920.58,925.82,930.90,935.60,940.80,946.90,953.18,960.57,970.08,979.71,985.04,990.11,995.90,1002.27,1009.39,1018.61,1025.06,1030.24,1034.96,1039.29,1043.19,1046.76,1050.05,1053.13,1056.23,1059.11,1061.78,1064.23,1066.43,1067.97,1069.84,1073.58,1081.57,1088.80,1096.21,1103.12,1109.38,1118.46,1127.33,1134.83,1141.17,1147.91,1153.51,1158.69,1163.63,1168.21,1172.87,1177.65,1183.67,1191.38,1198.84,1203.61,1207.94,1213.05,1219.57,1225.01,1230.35,1235.87,1241.78,1248.34,1253.24,1257.38,1261.14,1264.34,1267.48,1271.24,1275.50,1279.77,1283.47,1287.04,1291.06,1295.77,1300.58,1304.81,1308.87,1312.90,1316.87,1320.86,1324.98,1328.94,1332.32,1335.20,1337.96,1341.67,1346.49,1351.16,1355.09,1358.81,1362.55,1366.41,1370.29,1374.38,1378.33,1381.81,1384.77,1387.32,1389.72,1392.07,1394.37,1396.43,1398.13,1399.60,1401.04,1402.59,1403.89,1405.13,1406.64,1409.07,1411.78,1414.39,1416.91,1419.56,1422.48,1426.30,1430.16,1433.47,1436.86,1442.46,1448.05,1452.62,1456.08,1459.75,1462.54,1464.69,1466.62,1468.15,1469.53,1470.41,1470.66,1470.70,1470.67,1470.64,1470.63,1470.63,1470.63,1470.58,1470.51,1470.40,1470.21,1469.51,1469.21,1469.44,1469.48,1469.10
637.08,633.42,629.15,624.23,619.97,616.86,614.38,612.26,610.23,608.45,608.42,609.74,611.44,613.33,615.90,619.27,623.35,627.06,631.49,637.08,643.71,650.83,657.55,664.44,670.68,675.31,679.83,684.31,688.97,693.98,699.63,705.67,710.77,714.87,718.23,721.06,722.78,723.67,723.79,723.08,721.60,719.62,717.21,714.42,712.27,711.26,711.22,712.04,713.46,715.28,717.51,720.12,722.74,724.72,726.79,728.99,730.95,733.04,735.09,737.14,739.39,742.24,745.47,749.04,752.42,754.40,756.92,760.22,764.35,769.32,774.04,778.00,781.61,785.01,787.91,790.52,792.85,795.29,798.62,802.88,807.70,812.41,816.53,820.00,823.00,825.95,828.97,831.94,834.48,836.94,839.62,842.78,846.16,849.64,852.96,855.98,858.94,861.78,864.99,868.63,872.49,875.91,878.48,881.37,885.31,888.59,891.17,893.91,897.21,901.25,905.81,910.83,916.46,922.91,929.01,934.30,939.59,945.26,950.96,957.95,967.02,976.62,983.28,988.26,993.60,999.40,1005.77,1013.89,1021.04,1026.95,1031.78,1036.09,1039.93,1043.45,1046.73,1049.74,1052.77,1055.58,1058.13,1060.42,1062.55,1064.37,1066.89,1071.68,1081.13,1089.29,1096.89,1103.57,1109.37,1117.33,1125.98,1133.54,1139.76,1146.09,1151.62,1156.78,1161.67,1166.21,1170.71,1175.27,1181.05,1188.61,1196.26,1201.64,1206.39,1211.71,1218.59,1224.24,1229.61,1235.13,1241.04,1247.38,1252.30,1256.52,1260.33,1263.59,1266.79,1270.55,1274.82,1279.26,1282.99,1286.59,1290.65,1295.47,1300.51,1304.61,1308.58,1312.66,1316.71,1320.67,1324.80,1328.81,1332.29,1335.25,1338.08,1341.81,1346.57,1351.12,1355.29,1359.28,1363.23,1367.29,1371.51,1375.84,1379.84,1383.19,1386.28,1389.21,1391.95,1394.54,1397.02,1399.15,1400.89,1402.42,1403.94,1405.74,1407.49,1409.32,1411.44,1414.09,1416.67,1419.20,1421.72,1424.32,1427.27,1430.86,1434.23,1437.02,1440.56,1445.97,1450.91,1454.68,1457.83,1460.95,1463.53,1465.78,1467.91,1469.53,1470.63,1471.17,1471.15,1470.95,1470.75,1470.58,1470.48,1470.48,1470.45,1470.41,1470.34,1470.20,1469.91,1469.13,1468.70,1468.82,1469.01,1468.77
638.49,634.30,630.02,625.83,621.97,619.20,616.77,614.41,612.37,610.65,610.67,612.07,613.90,615.72,618.06,620.87,624.10,627.62,632.06,637.31,643.41,650.50,657.25,663.97,670.09,675.01,679.83,684.59,689.55,694.91,700.71,706.73,711.80,715.99,719.85,723.58,726.03,727.46,728.04,727.73,726.65,724.98,722.85,720.49,717.94,716.38,715.79,716.09,717.22,718.97,721.18,723.76,726.36,728.60,730.92,733.38,735.78,737.99,740.06,742.22,744.70,747.65,750.68,753.41,755.77,757.94,760.86,765.22,770.24,774.97,779.26,783.19,786.89,790.14,792.31,794.18,796.03,798.24,801.60,806.32,811.07,815.58,819.63,822.66,825.63,828.68,831.74,834.55,837.06,839.78,842.82,846.23,849.95,854.18,857.92,860.76,863.48,866.40,869.52,872.75,875.83,877.80,879.48,881.39,883.68,885.60,887.49,889.73,892.69,896.87,901.12,906.67,913.34,920.50,927.10,932.86,938.23,943.42,948.44,955.11,963.49,972.74,981.07,986.37,991.38,996.68,1002.32,1008.52,1016.23,1023.09,1028.31,1032.67,1036.60,1040.08,1043.26,1046.25,1049.17,1052.07,1054.72,1056.97,1058.97,1061.32,1064.87,1070.80,1080.90,1089.37,1096.85,1103.22,1108.59,1115.48,1123.83,1131.41,1137.59,1143.35,1148.82,1154.13,1159.21,1163.89,1168.37,1172.98,1178.62,1185.72,1193.30,1199.19,1204.34,1209.82,1216.96,1222.98,1228.39,1233.82,1239.72,1245.91,1251.04,1255.45,1259.30,1262.66,1265.97,1269.68,1273.92,1278.56,1282.47,1286.15,1290.29,1295.25,1300.41,1304.25,1308.00,1312.06,1316.29,1320.31,1324.53,1328.64,1332.17,1335.17,1338.04,1341.73,1346.36,1350.85,1355.25,1359.44,1363.52,1367.72,1372.14,1376.66,1380.73,1384.04,1387.23,1390.56,1393.72,1396.64,1399.28,1401.42,1403.25,1404.89,1406.46,1408.38,1410.57,1413.08,1415.92,1418.81,1421.21,1423.75,1426.45,1429.03,1431.84,1434.86,1437.71,1440.50,1444.67,1449.35,1453.35,1456.56,1459.59,1462.28,1464.73,1467.04,1469.18,1470.75,1471.44,1471.61,1471.44,1471.13,1470.77,1470.47,1470.31,1470.30,1470.23,1470.18,1470.11,1469.92,1469.56,1468.94,1468.41,1468.21,1468.49,1468.42
639.49,634.91,630.54,626.64,623.64,621.16,618.78,616.46,614.52,612.84,612.84,614.21,616.08,618.00,619.99,622.35,625.24,628.36,632.35,637.25,643.11,649.98,656.57,663.09,669.00,673.79,678.88,684.00,689.48,695.41,701.38,706.96,711.93,716.45,720.79,725.36,728.74,730.91,731.88,731.96,731.40,730.16,728.34,726.20,723.84,721.99,720.84,720.60,721.15,722.76,724.97,727.54,730.22,732.94,735.55,737.99,740.20,742.50,744.67,746.93,749.43,751.97,754.47,756.91,759.46,762.59,766.35,771.08,776.13,780.75,784.98,788.20,790.96,793.45,795.49,797.36,799.63,802.57,806.52,810.84,815.19,819.13,822.33,825.13,828.01,830.97,833.97,836.89,839.67,842.56,845.64,849.22,854.28,858.48,861.87,864.72,867.59,871.24,874.77,877.77,879.98,882.07,883.85,885.69,887.72,889.12,890.37,892.05,894.35,897.38,901.50,906.60,912.10,917.61,924.07,930.32,936.11,941.32,945.97,951.87,959.57,968.63,977.74,983.85,988.83,993.81,999.23,1004.84,1010.94,1017.52,1023.96,1028.67,1032.86,1036.44,1039.59,1042.47,1045.18,1048.28,1051.30,1053.93,1056.37,1059.18,1064.02,1071.29,1080.67,1088.59,1095.77,1102.01,1107.09,1112.93,1120.45,1127.96,1134.50,1139.65,1144.70,1150.17,1155.79,1160.94,1165.67,1170.62,1176.18,1182.73,1190.46,1196.18,1201.35,1206.97,1213.87,1220.71,1226.31,1231.46,1237.21,1243.60,1249.24,1253.87,1257.64,1261.22,1264.85,1268.65,1272.83,1277.56,1281.97,1285.82,1289.92,1294.81,1300.01,1303.86,1307.31,1310.99,1315.41,1319.64,1324.14,1328.47,1332.04,1335.05,1337.92,1341.45,1345.79,1350.22,1354.76,1359.17,1363.46,1367.72,1372.21,1376.83,1380.97,1384.32,1387.61,1391.13,1394.69,1398.06,1400.81,1403.03,1405.04,1406.91,1408.71,1410.93,1413.31,1416.11,1419.25,1421.96,1424.25,1426.78,1429.49,1432.11,1435.11,1438.11,1440.97,1443.90,1447.82,1451.63,1455.05,1458.12,1460.99,1463.64,1466.15,1468.46,1470.30,1471.49,1471.88,1471.87,1471.63,1471.27,1470.77,1470.40,1470.22,1470.17,1470.10,1469.93,1469.75,1469.56,1469.19,1468.76,1468.22,1467.76,1467.87,1467.93
640.84,635.94,631.49,627.70,625.20,622.90,620.63,618.46,616.63,614.98,614.91,616.22,618.13,620.06,621.81,623.81,626.35,629.16,632.86,637.44,642.96,649.58,655.97,662.15,667.78,672.61,677.95,683.44,689.36,695.68,701.67,706.82,711.74,716.62,721.50,726.89,731.15,734.05,735.48,735.94,735.80,735.04,733.69,731.90,729.89,727.90,726.28,725.50,725.60,726.88,728.92,731.48,734.17,737.12,739.87,742.28,744.37,746.70,748.95,751.25,753.68,755.99,758.38,760.94,763.92,767.83,772.28,777.12,781.94,786.25,790.02,792.64,794.82,796.94,799.17,801.36,804.06,807.43,811.56,815.65,819.41,822.62,825.21,827.83,830.62,833.51,836.44,839.35,842.19,845.09,848.44,852.84,858.36,862.20,865.29,868.43,871.99,875.90,879.33,881.96,883.74,886.00,887.98,889.90,891.88,893.18,894.29,895.96,898.28,900.85,904.53,908.59,912.43,915.90,921.07,927.05,933.06,938.59,943.31,948.64,955.67,964.38,973.88,981.08,986.28,990.94,996.09,1001.42,1006.28,1012.05,1018.65,1024.03,1028.53,1032.34,1035.64,1038.52,1041.13,1044.28,1047.73,1051.25,1054.58,1058.02,1063.74,1071.64,1080.11,1087.46,1094.34,1100.45,1105.45,1110.48,1117.18,1124.39,1131.11,1136.11,1140.58,1145.67,1151.41,1157.35,1162.57,1167.75,1173.35,1179.77,1187.43,1193.08,1198.17,1203.62,1210.09,1217.51,1223.52,1228.64,1234.02,1240.55,1246.73,1251.84,1255.84,1259.63,1263.49,1267.41,1271.58,1276.32,1281.16,1285.36,1289.57,1294.30,1299.39,1303.17,1306.40,1309.79,1314.12,1318.60,1323.45,1328.09,1331.82,1334.85,1337.74,1341.16,1345.25,1349.53,1354.13,1358.71,1363.13,1367.32,1371.78,1376.48,1380.76,1384.26,1387.70,1391.39,1395.32,1399.10,1401.90,1404.24,1406.47,1408.61,1410.67,1413.10,1415.61,1418.53,1421.76,1424.44,1426.82,1429.35,1432.03,1434.72,1437.77,1440.69,1443.55,1446.57,1450.08,1453.33,1456.44,1459.42,1462.14,1464.76,1467.34,1469.61,1471.18,1471.97,1472.14,1472.01,1471.73,1471.32,1470.78,1470.39,1470.16,1470.02,1469.83,1469.49,1469.20,1469.05,1468.79,1468.48,1467.99,1467.56,1467.82,1467.63
642.72,637.63,633.11,629.23,626.71,624.45,622.35,620.45,618.67,617.08,616.90,618.07,620.08,621.87,623.54,625.30,627.38,630.03,633.72,638.02,643.05,649.40,655.57,661.23,666.53,671.70,677.25,683.09,689.30,695.71,701.56,706.39,711.32,716.56,722.06,728.26,733.28,736.85,738.85,739.66,739.80,739.54,738.88,737.60,736.03,734.06,732.12,730.86,730.73,731.46,733.10,735.59,738.23,741.01,743.66,746.10,748.27,750.57,752.88,755.16,757.42,759.88,762.73,765.86,769.36,773.65,778.46,783.19,787.57,791.27,794.05,796.40,798.67,801.05,803.77,806.51,809.47,812.74,816.40,820.68,823.65,826.01,828.47,830.90,833.61,836.47,839.34,842.00,844.60,847.37,851.34,857.36,862.00,865.20,868.28,872.06,876.80,880.27,882.83,884.88,886.81,889.00,891.11,893.15,895.11,896.75,898.37,900.79,904.04,907.26,910.07,912.55,914.54,915.99,918.50,923.20,929.05,935.16,940.47,945.55,951.94,960.01,969.57,978.11,983.76,988.15,992.83,998.00,1002.55,1007.11,1012.28,1018.63,1023.46,1027.63,1031.34,1034.39,1037.11,1040.13,1044.08,1049.03,1053.71,1058.01,1063.97,1071.50,1079.09,1086.00,1092.57,1098.62,1103.78,1108.32,1114.31,1120.97,1127.54,1132.96,1136.74,1140.78,1146.04,1153.00,1158.97,1164.20,1169.94,1176.85,1184.13,1189.96,1194.95,1199.82,1205.69,1213.22,1219.91,1225.37,1230.12,1236.66,1243.39,1249.25,1253.93,1257.91,1261.85,1265.90,1270.16,1274.82,1279.93,1284.69,1289.21,1293.73,1298.50,1302.07,1305.22,1308.48,1312.38,1317.13,1322.35,1327.36,1331.45,1334.53,1337.46,1340.86,1344.80,1348.79,1353.39,1358.07,1362.49,1366.48,1370.84,1375.58,1380.05,1383.83,1387.50,1391.36,1395.60,1399.72,1402.52,1405.02,1407.49,1409.93,1412.28,1414.74,1417.37,1420.26,1423.36,1426.31,1429.01,1431.57,1434.16,1436.98,1439.81,1442.49,1445.24,1448.25,1451.35,1454.45,1457.51,1460.42,1463.00,1465.56,1468.12,1470.34,1471.74,1472.18,1472.22,1472.05,1471.72,1471.27,1470.78,1470.39,1470.10,1469.79,1469.34,1468.79,1468.41,1468.34,1468.34,1468.06,1467.69,1467.64,1468.47,1467.60
644.97,640.07,635.44,631.32,628.41,626.22,624.29,622.44,620.65,619.28,619.06,619.99,621.92,623.85,625.49,627.07,628.92,631.48,634.81,638.81,643.72,650.04,655.79,661.10,666.26,671.54,677.13,682.89,689.14,695.76,701.65,706.66,711.60,716.97,723.27,730.20,735.73,739.69,742.07,743.28,743.81,743.81,743.32,742.33,740.98,739.42,737.88,736.73,736.34,736.61,737.75,739.84,742.29,744.89,747.42,749.84,752.13,754.40,756.84,759.34,761.87,764.57,767.73,771.09,774.80,779.39,784.14,788.30,791.92,795.17,797.88,800.46,802.98,805.56,808.50,811.38,814.28,817.64,822.12,826.17,828.71,830.59,832.53,834.61,837.20,839.99,842.71,844.97,847.29,850.90,855.75,861.27,865.16,868.50,872.35,876.94,881.13,883.87,886.00,887.92,889.72,891.73,893.82,895.90,898.03,900.74,903.64,906.56,909.46,912.24,914.39,916.20,917.56,918.30,919.80,923.35,928.10,933.47,938.74,943.66,949.22,956.32,966.00,974.39,980.70,985.63,989.90,994.48,998.78,1003.03,1007.57,1012.94,1017.85,1022.11,1026.11,1030.26,1033.88,1037.58,1042.12,1047.70,1053.18,1058.23,1064.12,1070.90,1077.74,1084.15,1090.43,1096.56,1102.19,1106.64,1112.06,1118.29,1124.73,1130.13,1133.94,1137.65,1142.31,1148.77,1154.92,1160.21,1166.03,1173.21,1180.80,1186.88,1191.95,1196.62,1201.86,1208.67,1215.18,1220.96,1226.24,1232.65,1239.51,1245.88,1251.33,1255.93,1260.32,1264.53,1268.75,1273.30,1278.52,1283.50,1288.20,1292.71,1297.12,1300.78,1304.01,1307.14,1310.66,1315.30,1320.48,1325.82,1330.76,1334.08,1337.11,1340.46,1344.20,1348.00,1352.43,1357.16,1361.78,1365.87,1370.20,1374.69,1379.01,1382.96,1386.81,1390.85,1395.24,1399.52,1402.50,1405.25,1407.96,1410.62,1413.17,1415.72,1418.39,1421.32,1424.51,1427.63,1430.41,1433.01,1435.57,1438.27,1440.96,1443.62,1446.32,1449.15,1452.04,1454.99,1457.94,1460.77,1463.25,1465.76,1468.26,1470.44,1471.77,1472.14,1472.11,1471.93,1471.63,1471.19,1470.48,1469.92,1469.52,1469.09,1468.60,1467.99,1467.55,1467.51,1467.64,1467.57,1467.34,1467.21,1467.63,1467.68
647.44,642.85,638.19,633.90,630.59,628.31,626.38,624.52,622.77,621.63,621.34,622.01,623.81,625.87,627.54,629.05,630.79,633.23,636.15,639.99,644.95,651.01,656.29,661.35,666.48,671.82,677.43,682.88,688.94,695.70,701.87,707.20,712.17,717.59,724.58,732.22,738.13,742.36,745.05,746.74,747.72,747.95,747.49,746.67,745.42,744.21,743.13,742.19,741.63,741.61,742.39,744.10,746.39,748.82,751.23,753.63,756.10,758.54,761.19,763.96,766.75,769.67,773.01,776.51,780.33,784.99,789.44,793.04,796.12,799.13,802.03,804.93,807.72,810.43,813.43,816.42,819.35,822.85,827.87,831.44,833.75,835.43,836.99,838.96,841.44,844.07,846.49,848.34,850.53,855.05,860.68,865.38,868.79,872.62,877.25,882.22,885.38,887.40,889.24,891.06,892.66,894.46,896.51,898.70,901.21,904.91,908.90,912.16,914.55,916.68,918.35,919.82,920.96,921.53,922.63,925.29,929.01,933.49,938.36,942.95,947.59,953.53,962.78,970.50,977.46,983.19,987.19,991.06,995.09,999.26,1003.50,1007.71,1012.50,1016.87,1021.29,1026.60,1031.29,1035.79,1040.82,1046.68,1052.65,1058.25,1063.99,1069.99,1076.14,1082.13,1088.04,1094.14,1100.28,1104.98,1109.98,1115.86,1122.24,1127.52,1131.63,1135.32,1139.47,1145.05,1151.22,1156.50,1162.23,1169.39,1177.28,1183.73,1189.06,1193.75,1198.53,1204.51,1210.64,1216.77,1223.05,1229.43,1236.24,1242.90,1248.99,1254.26,1259.12,1263.45,1267.55,1271.92,1277.10,1282.24,1287.16,1291.74,1295.74,1299.47,1302.82,1305.88,1309.14,1313.50,1318.40,1323.82,1329.51,1333.22,1336.40,1339.79,1343.48,1347.15,1351.35,1356.08,1360.89,1365.15,1369.47,1373.69,1377.80,1381.82,1385.81,1390.05,1394.55,1398.88,1402.16,1405.19,1408.14,1411.00,1413.70,1416.35,1419.05,1422.05,1425.37,1428.62,1431.41,1434.01,1436.55,1439.11,1441.72,1444.38,1447.04,1449.68,1452.44,1455.26,1458.07,1460.76,1463.15,1465.57,1467.99,1470.12,1471.46,1471.85,1471.81,1471.62,1471.32,1470.85,1469.89,1469.15,1468.69,1468.22,1467.75,1467.13,1466.69,1466.66,1466.86,1466.98,1466.89,1466.68,1466.67,1467.74
650.27,646.04,641.59,637.57,634.14,631.19,628.78,626.94,625.40,624.34,623.88,624.28,625.97,627.86,629.71,631.45,633.22,635.45,638.08,642.19,647.46,652.31,657.09,662.09,667.32,672.79,678.46,683.31,688.71,695.26,702.35,708.00,713.01,718.42,725.61,734.01,740.13,744.42,747.46,749.74,751.28,751.83,751.48,750.66,749.29,747.95,746.79,745.91,745.38,745.62,746.58,748.28,750.56,752.91,755.22,757.64,760.50,763.67,766.79,769.72,772.46,775.34,778.63,782.26,786.15,790.22,794.02,797.56,800.96,804.26,807.33,810.45,813.39,816.09,818.86,822.21,825.79,829.42,832.89,835.58,837.95,840.05,842.02,844.76,847.23,849.35,851.16,852.76,855.25,860.05,865.85,870.72,874.31,879.02,883.80,887.63,889.81,891.47,892.97,894.43,895.86,897.54,899.53,902.07,905.45,909.21,913.10,916.40,918.85,920.68,922.27,923.63,924.75,925.65,926.83,929.38,933.06,937.43,941.28,944.93,948.53,952.99,959.96,966.74,974.17,980.69,984.85,988.11,991.67,995.67,999.97,1004.24,1008.46,1013.25,1018.63,1024.45,1030.01,1034.98,1040.10,1045.80,1051.73,1057.41,1062.99,1068.52,1074.02,1079.84,1085.18,1090.80,1097.28,1102.97,1107.91,1113.59,1120.05,1125.37,1129.95,1133.96,1137.97,1142.88,1148.99,1154.09,1159.26,1165.60,1173.21,1180.39,1186.34,1191.31,1196.30,1201.86,1207.70,1214.35,1222.12,1228.82,1235.48,1241.97,1248.12,1253.80,1258.93,1263.21,1267.00,1271.04,1275.85,1281.20,1286.56,1291.34,1294.80,1298.29,1301.64,1304.85,1308.19,1312.13,1316.35,1321.17,1326.72,1331.16,1334.60,1338.31,1342.51,1346.15,1350.06,1354.68,1359.54,1363.85,1368.18,1372.35,1376.32,1380.14,1384.29,1388.80,1393.34,1397.64,1401.36,1404.67,1407.93,1411.03,1413.78,1416.47,1419.26,1422.33,1425.72,1429.09,1431.84,1434.37,1436.88,1439.43,1441.99,1444.58,1447.15,1449.75,1452.46,1455.15,1457.74,1460.20,1462.47,1464.72,1466.95,1469.02,1470.53,1471.02,1471.09,1470.88,1470.42,1469.73,1468.68,1467.92,1467.53,1467.31,1466.83,1466.23,1465.83,1465.84,1466.00,1466.14,1466.24,1466.32,1466.63,1467.63
653.14,649.40,645.42,641.57,638.27,635.14,632.43,630.23,628.30,627.03,626.40,626.61,628.14,630.05,632.04,633.93,635.77,637.99,640.92,645.02,649.79,653.84,658.12,663.01,668.32,673.82,679.25,683.75,688.83,695.28,702.74,708.68,713.98,719.72,727.26,736.00,742.06,746.32,749.70,752.39,754.41,755.41,755.42,754.71,753.41,752.00,750.72,749.77,749.35,749.78,750.87,752.55,754.76,757.23,759.76,762.48,765.67,768.85,771.86,774.72,777.55,780.68,784.12,787.76,791.51,795.22,798.96,802.72,806.44,810.08,813.60,816.97,820.10,822.85,825.30,828.23,831.46,834.70,837.48,840.03,842.65,845.45,848.45,851.47,853.63,855.20,856.53,858.17,861.14,865.88,871.41,876.51,881.05,885.50,889.39,892.24,894.01,895.48,896.88,898.25,899.56,901.02,902.85,905.47,909.17,913.00,916.80,919.98,922.39,924.29,925.97,927.48,928.81,929.98,931.44,934.01,937.48,941.45,944.84,947.88,950.80,954.16,958.99,964.31,970.84,977.31,982.33,985.56,988.93,992.91,997.51,1002.36,1006.75,1011.62,1017.05,1022.84,1028.83,1034.00,1039.07,1044.53,1050.30,1055.99,1061.49,1066.78,1071.93,1077.55,1082.76,1088.13,1094.36,1100.76,1106.01,1111.76,1118.22,1123.74,1128.56,1132.78,1136.79,1141.35,1147.53,1152.66,1157.45,1162.94,1169.84,1177.44,1183.97,1189.40,1194.88,1200.76,1207.33,1214.66,1222.53,1229.19,1236.23,1243.17,1249.62,1255.32,1260.67,1264.75,1268.07,1271.75,1276.08,1280.94,1286.03,1290.82,1294.06,1297.34,1300.65,1303.97,1307.39,1311.13,1315.08,1319.47,1324.42,1328.86,1332.59,1336.65,1341.13,1344.85,1348.65,1353.12,1357.90,1362.30,1366.67,1370.82,1374.71,1378.39,1382.32,1386.90,1391.57,1395.98,1399.97,1403.77,1407.33,1410.60,1413.54,1416.40,1419.30,1422.44,1425.84,1429.21,1431.98,1434.51,1437.00,1439.55,1442.09,1444.67,1447.19,1449.64,1452.22,1454.69,1457.06,1459.30,1461.45,1463.54,1465.56,1467.44,1468.93,1469.56,1469.71,1469.55,1469.06,1468.24,1467.32,1466.65,1466.36,1466.36,1465.93,1465.35,1464.97,1465.03,1465.17,1465.32,1465.63,1466.12,1466.75,1467.53
656.14,652.97,649.56,645.83,642.75,639.74,636.89,634.22,631.65,629.99,629.08,629.03,630.33,632.34,634.45,636.46,638.42,640.74,644.20,648.06,651.89,655.46,659.34,664.08,669.37,674.80,679.84,684.14,689.15,695.58,703.04,709.23,715.01,721.29,729.19,737.94,743.80,748.03,751.73,754.75,757.18,758.69,759.18,758.70,757.64,756.25,754.83,753.76,753.48,754.07,755.25,756.96,759.15,761.88,764.78,767.85,771.25,774.00,776.62,779.33,782.29,785.75,789.37,792.97,796.50,800.08,804.06,808.13,812.16,816.17,820.30,823.96,827.25,830.08,832.20,834.33,836.73,839.34,842.09,845.10,848.17,851.72,855.82,858.74,860.46,861.54,862.50,864.29,867.68,872.21,877.31,882.56,888.10,891.64,894.23,896.46,898.27,899.72,901.17,902.59,903.78,904.92,906.51,908.95,912.53,916.38,920.04,923.06,925.44,927.71,929.64,931.48,933.14,934.53,936.35,938.99,942.12,945.50,948.73,951.39,953.92,956.55,959.60,963.32,968.16,973.89,979.77,983.33,986.83,991.00,996.00,1001.56,1006.36,1011.04,1015.96,1021.43,1027.56,1032.82,1037.81,1043.03,1048.59,1054.24,1059.67,1064.84,1069.91,1075.38,1080.73,1086.04,1091.71,1098.49,1104.25,1110.22,1116.66,1122.49,1127.40,1131.76,1135.88,1140.35,1146.61,1151.88,1156.50,1161.27,1167.40,1175.15,1182.14,1188.11,1194.23,1200.82,1208.57,1216.54,1223.69,1230.08,1237.81,1245.57,1252.45,1258.06,1263.61,1267.60,1270.56,1273.84,1277.54,1281.45,1285.80,1290.37,1293.58,1296.68,1299.92,1303.30,1306.78,1310.42,1314.36,1318.46,1322.60,1326.59,1330.59,1334.91,1339.43,1343.32,1347.14,1351.43,1356.02,1360.52,1364.91,1369.08,1372.99,1376.59,1380.08,1384.55,1389.30,1393.90,1398.06,1402.47,1406.36,1409.83,1413.07,1416.16,1419.20,1422.39,1425.76,1429.04,1431.86,1434.46,1436.99,1439.55,1442.08,1444.66,1447.11,1449.38,1451.74,1453.97,1456.11,1458.17,1460.14,1462.11,1463.93,1465.57,1466.91,1467.65,1467.87,1467.78,1467.36,1466.51,1465.86,1465.38,1465.17,1465.38,1465.04,1464.48,1464.13,1464.20,1464.35,1464.55,1465.09,1465.99,1466.91,1467.49
659.88,657.19,654.03,650.36,647.16,644.23,641.56,639.11,636.65,634.59,632.80,631.79,632.58,634.54,636.72,638.92,641.17,643.48,646.75,650.16,653.45,656.85,660.83,665.38,670.31,675.38,680.21,684.34,689.28,695.76,703.16,709.43,715.88,722.86,730.43,738.80,744.69,749.14,753.10,756.63,759.33,761.18,762.13,762.03,761.51,760.38,758.99,757.86,757.59,758.32,759.75,761.80,764.51,767.65,770.57,773.35,776.34,778.96,781.60,784.40,787.37,790.42,793.87,797.46,801.09,804.78,808.62,812.66,816.93,821.47,826.12,830.05,833.33,836.00,838.14,840.24,842.58,845.23,848.39,852.59,856.51,860.17,863.56,866.01,867.61,868.66,869.55,871.08,873.90,878.45,883.73,888.52,892.65,895.64,898.39,901.27,903.77,905.57,907.06,908.32,909.15,909.84,910.98,912.85,915.70,919.21,922.54,925.57,928.41,931.34,933.97,936.21,938.07,939.56,941.51,944.09,946.91,949.75,952.44,954.87,957.30,959.83,962.60,965.82,969.45,973.45,977.74,981.54,985.94,990.88,996.13,1001.23,1005.33,1009.44,1013.98,1019.27,1025.48,1031.13,1036.43,1041.68,1047.12,1052.56,1057.71,1062.73,1068.15,1073.82,1079.40,1084.86,1090.38,1096.62,1102.58,1108.81,1115.39,1121.55,1126.51,1131.04,1135.45,1140.08,1146.10,1151.47,1156.28,1161.19,1167.76,1175.21,1182.15,1188.47,1194.99,1202.08,1209.98,1217.73,1224.42,1230.70,1238.83,1247.11,1254.52,1260.69,1266.52,1271.51,1275.42,1278.04,1280.64,1283.66,1287.16,1290.89,1293.95,1296.98,1300.06,1303.26,1306.77,1310.12,1313.90,1317.85,1321.60,1325.35,1329.28,1333.33,1337.41,1341.38,1345.39,1349.58,1353.89,1358.23,1362.41,1366.85,1371.03,1374.60,1377.90,1381.81,1386.20,1390.83,1395.27,1400.18,1404.65,1408.69,1412.38,1415.63,1418.83,1422.08,1425.35,1428.47,1431.37,1434.17,1436.90,1439.53,1442.01,1444.41,1446.66,1448.71,1450.82,1452.93,1454.93,1456.75,1458.42,1460.38,1462.20,1463.71,1464.76,1465.41,1465.60,1465.56,1465.31,1464.60,1464.38,1464.13,1463.96,1464.33,1464.12,1463.63,1463.29,1463.34,1463.50,1463.95,1464.74,1465.77,1466.80,1467.66
663.40,661.10,658.32,655.04,651.86,648.88,646.21,643.83,641.50,639.09,636.58,634.69,634.77,636.49,638.76,641.19,643.69,646.04,649.00,652.00,654.96,658.21,662.19,666.50,671.06,675.87,680.53,684.54,689.45,695.94,703.22,709.38,716.31,723.86,731.07,739.21,745.16,749.81,754.05,758.04,761.00,763.19,764.63,765.06,765.08,764.39,763.27,762.20,761.77,762.58,764.27,766.77,769.94,773.37,776.30,778.84,781.48,783.98,786.55,789.27,792.13,794.86,798.14,801.72,805.42,809.16,812.88,816.99,821.53,826.44,831.34,835.42,838.81,841.59,844.02,846.56,849.24,852.08,855.34,859.92,864.17,867.74,870.50,872.66,874.32,875.45,876.25,877.46,879.84,884.09,889.05,893.17,896.30,899.58,903.02,906.40,909.24,911.21,912.73,913.92,914.61,915.08,915.81,917.03,919.05,922.09,925.16,928.32,931.67,935.16,938.42,941.11,943.19,944.78,946.71,949.08,951.55,953.95,956.20,958.48,960.84,963.33,966.04,968.97,971.79,974.55,977.51,981.34,986.28,991.57,996.75,1001.30,1004.81,1008.38,1012.58,1017.91,1023.94,1029.75,1035.27,1040.62,1046.19,1051.59,1056.65,1061.76,1067.72,1073.26,1078.74,1084.29,1089.93,1095.55,1101.53,1107.92,1114.61,1121.01,1126.03,1130.68,1135.28,1140.02,1145.75,1151.17,1156.27,1161.57,1168.47,1175.68,1182.58,1189.13,1195.64,1202.79,1210.53,1217.93,1224.19,1230.33,1238.96,1247.82,1255.71,1262.49,1268.83,1274.83,1279.69,1282.09,1284.16,1286.52,1289.25,1292.26,1295.15,1298.08,1300.86,1303.65,1306.86,1309.89,1313.44,1317.17,1320.73,1324.59,1328.58,1332.38,1335.99,1339.79,1343.77,1347.77,1351.81,1355.93,1359.85,1364.38,1368.89,1372.76,1375.98,1379.40,1383.38,1387.86,1392.46,1397.79,1402.84,1407.47,1411.62,1415.00,1418.25,1421.47,1424.64,1427.70,1430.69,1433.63,1436.51,1439.25,1441.72,1443.94,1446.00,1447.91,1449.74,1451.66,1453.46,1455.06,1456.48,1458.38,1460.12,1461.53,1462.55,1463.11,1463.26,1463.26,1463.14,1462.69,1462.80,1462.78,1462.74,1463.21,1463.17,1462.77,1462.45,1462.52,1462.78,1463.50,1464.47,1465.55,1466.63,1467.71
666.46,664.41,662.28,659.87,656.96,653.79,650.77,648.10,645.73,643.09,640.21,637.72,636.87,638.12,640.49,643.19,645.83,648.35,650.97,653.70,656.54,659.59,663.29,667.29,671.60,676.30,680.83,684.79,689.71,696.17,703.23,709.04,716.12,723.99,730.96,739.16,745.17,749.96,754.49,758.80,762.07,764.66,766.65,767.78,768.30,768.25,767.73,766.84,766.08,766.85,768.85,771.84,775.25,778.76,781.74,784.28,786.80,789.12,791.38,793.75,796.32,799.03,802.28,805.81,809.45,813.11,816.81,821.22,826.11,831.08,835.91,839.98,843.64,847.04,850.07,853.50,856.88,859.99,862.76,866.40,870.14,873.52,876.23,878.42,880.33,881.54,882.15,883.06,885.40,888.88,892.65,895.97,899.27,903.96,908.47,911.85,914.35,916.16,917.69,919.01,919.91,920.49,920.94,921.54,922.71,925.17,928.14,931.58,935.40,939.19,942.90,946.02,948.44,950.13,951.88,953.83,955.92,958.05,960.11,962.32,964.58,966.95,969.59,972.26,974.81,977.26,979.87,983.44,988.15,993.05,997.69,1001.87,1005.20,1008.35,1012.28,1017.93,1023.44,1029.01,1034.52,1040.04,1046.06,1051.75,1057.07,1062.61,1069.27,1074.06,1078.96,1084.49,1090.49,1095.60,1101.39,1107.78,1114.51,1120.96,1126.11,1130.78,1135.36,1140.11,1145.55,1150.96,1156.41,1162.20,1168.96,1176.13,1183.15,1189.76,1195.74,1202.35,1209.71,1216.75,1222.59,1228.56,1237.90,1247.47,1255.76,1263.05,1270.21,1276.98,1282.48,1285.41,1287.87,1289.89,1292.04,1294.64,1297.37,1300.11,1302.43,1304.50,1307.00,1309.71,1312.92,1316.35,1319.87,1324.34,1328.63,1332.36,1335.55,1338.85,1342.42,1346.12,1349.92,1353.78,1357.38,1361.73,1366.55,1371.18,1374.43,1377.59,1381.21,1385.34,1389.89,1395.52,1401.05,1406.22,1410.83,1414.30,1417.42,1420.50,1423.62,1426.75,1429.84,1432.79,1435.69,1438.60,1441.13,1443.21,1445.13,1446.98,1448.54,1450.14,1451.63,1452.99,1454.34,1456.06,1457.50,1458.82,1460.18,1460.71,1460.88,1460.90,1460.83,1460.77,1461.05,1461.27,1461.49,1461.98,1462.15,1461.86,1461.60,1461.76,1462.29,1463.22,1464.28,1465.37,1466.45,1467.53
670.37,668.11,665.95,663.84,661.27,658.50,655.68,652.90,650.26,647.47,644.48,641.56,639.58,640.17,642.38,645.13,647.89,650.42,652.93,655.52,658.23,661.10,664.47,668.14,672.30,677.06,681.31,685.18,690.27,696.88,703.25,708.41,715.21,723.01,729.93,738.46,744.47,749.18,753.80,758.34,762.26,765.60,768.38,770.60,771.88,772.46,772.34,771.51,770.97,771.84,773.92,776.99,780.45,784.02,786.87,789.13,791.31,793.38,795.59,797.94,800.46,803.20,806.48,809.93,813.44,817.10,821.06,825.60,830.54,835.60,840.46,844.77,848.86,852.76,856.21,859.47,862.52,865.43,868.33,871.78,875.92,879.92,882.98,884.97,886.48,887.39,887.84,888.46,890.24,892.86,895.99,899.60,903.97,909.18,913.71,916.77,918.93,920.63,922.06,923.28,924.20,924.74,925.15,925.59,926.43,928.68,931.67,935.21,939.15,943.09,947.10,950.39,952.94,954.85,956.64,958.47,960.36,962.30,964.28,966.43,968.70,971.06,973.57,976.01,978.75,981.46,983.96,986.96,990.67,994.78,998.98,1002.71,1006.04,1009.51,1013.71,1019.18,1024.56,1030.40,1036.27,1042.12,1048.59,1054.32,1060.45,1066.83,1072.30,1076.69,1081.31,1086.42,1091.79,1096.41,1102.02,1108.35,1115.05,1121.40,1126.52,1131.12,1135.63,1140.40,1145.72,1150.88,1156.03,1161.54,1167.94,1175.03,1182.17,1188.82,1194.28,1199.80,1206.64,1213.53,1219.36,1226.37,1236.17,1246.02,1254.74,1262.73,1270.13,1277.41,1283.85,1287.94,1290.65,1292.77,1294.85,1297.17,1299.80,1302.37,1304.52,1306.35,1308.40,1310.84,1313.60,1316.49,1319.82,1325.28,1329.67,1333.16,1336.16,1339.22,1342.52,1345.93,1349.37,1352.78,1356.06,1359.97,1364.62,1369.63,1373.27,1376.58,1380.24,1384.43,1389.18,1394.60,1400.11,1405.41,1410.11,1413.57,1416.65,1419.68,1422.74,1425.83,1428.92,1431.90,1434.83,1437.79,1440.40,1442.42,1444.15,1445.77,1447.21,1448.40,1449.56,1450.70,1451.65,1452.73,1453.71,1454.75,1455.96,1456.65,1457.24,1457.53,1457.53,1457.88,1458.54,1459.27,1460.01,1460.72,1461.03,1460.82,1460.68,1461.13,1461.97,1463.07,1464.23,1465.38,1466.55,1467.70
674.71,672.21,669.87,667.78,665.28,662.89,660.38,657.64,654.84,652.01,648.95,645.68,642.71,642.62,644.52,647.20,649.98,652.46,654.93,657.41,659.95,662.66,665.70,669.15,673.23,678.00,681.91,685.66,690.93,697.75,703.33,707.88,714.19,721.68,728.65,737.31,743.32,747.95,752.55,757.32,761.92,766.06,769.78,773.30,775.47,776.66,776.95,776.27,776.06,777.07,779.14,782.13,785.46,788.87,791.50,793.48,795.38,797.33,799.59,802.03,804.55,807.33,810.63,814.03,817.48,821.21,825.40,830.00,834.87,839.86,844.80,849.51,854.03,858.28,862.01,864.91,867.54,870.29,873.57,877.43,882.00,886.31,889.44,891.16,892.21,892.84,893.24,893.75,895.00,896.95,899.78,904.02,909.49,914.66,918.74,921.42,923.30,924.99,926.44,927.67,928.63,929.20,929.72,930.22,930.95,933.02,935.89,939.35,943.22,947.13,951.31,954.69,957.31,959.45,961.32,963.13,964.93,966.77,968.73,970.85,973.19,975.74,978.42,980.73,983.50,986.27,988.56,990.92,993.54,996.83,1000.56,1003.69,1006.98,1010.89,1015.45,1020.63,1026.06,1032.35,1038.69,1044.86,1051.78,1057.83,1064.64,1071.43,1075.51,1079.74,1084.26,1088.91,1093.46,1097.74,1103.33,1109.65,1116.18,1122.22,1127.22,1131.69,1136.10,1140.86,1146.17,1151.04,1155.74,1160.75,1166.73,1173.61,1180.63,1187.11,1192.06,1196.68,1203.03,1209.79,1215.85,1223.89,1234.05,1244.15,1253.35,1261.89,1269.37,1277.01,1284.35,1289.77,1292.66,1295.07,1297.39,1299.70,1302.27,1304.71,1306.79,1308.58,1310.39,1312.59,1314.92,1317.40,1320.69,1326.86,1331.14,1334.37,1337.25,1340.27,1343.44,1346.66,1349.85,1352.89,1355.87,1359.36,1363.73,1368.81,1372.77,1376.30,1380.12,1384.48,1389.39,1394.48,1399.68,1404.83,1409.51,1412.89,1415.91,1418.91,1421.93,1424.95,1427.97,1430.94,1433.87,1436.79,1439.46,1441.47,1443.06,1444.42,1445.71,1446.55,1447.41,1448.31,1448.83,1449.32,1449.87,1450.57,1451.50,1452.32,1453.27,1453.86,1454.07,1454.81,1455.87,1457.09,1458.31,1459.22,1459.66,1459.66,1459.86,1460.71,1461.88,1463.16,1464.45,1465.72,1466.97,1468.22
679.67,677.31,674.95,672.43,669.03,666.41,664.04,661.64,659.30,656.64,653.49,649.96,646.68,645.92,647.41,649.77,652.23,654.65,657.07,659.40,661.72,664.28,667.05,670.60,674.77,679.22,682.80,686.25,691.61,698.71,703.69,707.95,713.57,720.38,727.44,735.34,741.38,746.15,750.55,755.65,760.68,765.50,770.32,775.47,778.65,780.50,781.37,781.31,781.26,782.37,784.42,787.14,789.90,792.49,794.73,796.73,798.74,801.06,803.52,806.02,808.56,811.38,814.57,818.00,821.63,825.57,829.73,834.34,838.99,843.38,848.49,853.80,858.70,862.91,866.58,869.59,872.52,875.70,879.65,885.16,889.23,892.00,893.90,895.33,896.36,897.17,897.93,898.90,900.27,902.23,905.32,910.26,916.06,920.21,923.31,925.72,927.47,929.50,931.48,933.22,934.61,935.59,936.47,937.26,938.10,939.71,941.93,944.85,948.29,951.70,955.83,959.32,962.06,964.28,966.13,967.95,969.84,971.80,973.85,975.99,978.56,981.80,985.82,988.26,990.05,991.62,993.15,994.86,996.95,999.73,1002.79,1004.86,1007.77,1011.80,1016.52,1021.53,1027.23,1034.01,1040.77,1047.18,1054.52,1061.99,1068.55,1073.86,1077.84,1082.37,1087.07,1091.57,1095.64,1100.03,1106.16,1112.66,1118.73,1123.86,1128.52,1132.81,1137.02,1141.66,1147.23,1151.96,1156.26,1160.80,1166.39,1172.67,1178.84,1184.39,1188.87,1193.76,1199.84,1206.43,1213.07,1220.90,1231.29,1241.97,1251.75,1260.26,1267.80,1275.55,1283.37,1290.02,1293.05,1295.90,1299.02,1302.11,1304.66,1307.04,1309.14,1311.06,1313.05,1315.12,1317.22,1319.89,1323.91,1329.36,1333.10,1336.07,1338.98,1342.30,1345.64,1349.04,1352.42,1355.55,1358.34,1361.75,1365.86,1370.40,1374.08,1377.70,1381.66,1386.08,1390.89,1395.68,1400.10,1404.57,1409.21,1412.38,1415.21,1418.12,1421.18,1424.18,1426.98,1429.80,1432.63,1435.35,1437.99,1440.06,1441.66,1442.87,1443.77,1444.50,1445.18,1445.78,1446.11,1446.55,1447.00,1447.50,1448.11,1448.78,1449.50,1450.23,1451.03,1452.13,1453.45,1454.82,1456.08,1456.97,1457.57,1458.30,1459.40,1460.92,1462.38,1463.93,1465.45,1466.89,1468.24,1469.54
684.68,682.58,680.41,677.87,674.12,670.90,667.98,665.32,663.25,660.77,657.82,654.45,650.97,649.45,650.31,652.30,654.62,656.98,659.24,661.40,663.58,666.01,668.57,671.95,675.92,680.03,683.51,686.92,692.43,699.69,704.16,708.24,713.40,719.59,726.29,733.46,739.62,744.69,749.02,754.23,759.61,764.99,770.74,777.44,781.42,783.84,785.28,785.79,786.00,787.11,788.95,791.30,793.66,795.85,798.09,800.34,802.49,804.98,807.59,810.14,812.65,815.43,818.69,822.27,826.05,829.92,833.97,838.22,842.39,846.43,852.00,857.55,862.52,866.81,870.95,874.50,878.37,882.47,886.35,891.36,894.67,896.87,898.75,900.67,902.22,903.37,904.22,905.09,906.19,908.16,911.43,916.40,921.42,924.93,927.77,930.37,932.60,934.93,937.13,939.07,940.57,941.63,942.56,943.43,944.34,945.73,947.47,949.82,952.82,956.24,960.28,963.85,966.87,969.52,971.66,973.60,975.53,977.57,979.71,982.03,984.75,988.05,991.92,994.14,995.44,996.52,997.78,999.41,1001.40,1003.74,1006.07,1007.53,1009.63,1012.92,1017.10,1021.96,1027.88,1034.95,1041.91,1048.41,1056.05,1064.18,1070.71,1075.49,1079.60,1084.17,1088.85,1093.29,1097.49,1102.64,1109.05,1115.49,1121.29,1126.10,1130.47,1134.51,1138.65,1143.52,1148.98,1153.60,1157.79,1162.11,1167.29,1173.05,1178.53,1183.37,1187.44,1192.21,1197.88,1204.29,1211.39,1218.74,1228.58,1239.21,1249.42,1258.08,1266.05,1274.18,1282.55,1290.36,1294.14,1297.46,1301.00,1304.52,1307.11,1309.58,1311.78,1313.75,1315.80,1317.95,1320.26,1323.23,1327.39,1331.79,1335.09,1338.10,1341.28,1344.80,1348.34,1351.95,1355.53,1358.83,1361.72,1364.96,1368.60,1372.47,1375.91,1379.50,1383.47,1387.83,1392.43,1397.02,1400.97,1404.85,1409.08,1412.13,1414.84,1417.56,1420.38,1423.23,1425.88,1428.53,1431.17,1433.68,1436.14,1438.16,1439.77,1440.94,1441.67,1442.30,1442.80,1443.16,1443.39,1443.78,1444.17,1444.58,1445.12,1445.78,1446.58,1447.56,1448.72,1449.97,1451.47,1452.91,1454.25,1455.49,1456.62,1457.99,1459.60,1461.36,1462.95,1464.60,1466.20,1467.72,1469.17,1470.53
689.75,687.91,686.06,683.75,680.16,676.14,672.25,668.94,666.86,664.51,661.92,658.92,655.41,653.11,653.21,654.76,657.06,659.35,661.40,663.40,665.49,667.83,670.23,673.26,676.76,680.49,684.09,687.75,693.46,700.69,704.73,708.71,713.59,719.24,725.29,731.80,738.11,743.53,747.95,753.14,758.78,764.69,771.29,779.21,783.83,786.78,788.76,789.82,790.40,791.46,793.00,794.96,797.12,799.24,801.70,804.31,806.59,809.09,811.77,814.39,816.86,819.60,823.00,826.79,830.66,834.25,838.07,841.76,845.37,849.41,855.48,860.95,865.79,870.34,875.27,879.60,884.61,889.69,893.08,896.45,899.05,901.42,904.04,906.80,909.11,910.60,911.34,911.78,912.49,914.48,917.82,922.29,925.94,929.15,932.23,935.29,938.32,940.89,943.12,945.00,946.42,947.33,948.13,948.94,949.85,951.15,952.55,954.38,957.00,960.77,964.78,968.47,971.89,975.14,977.78,979.86,981.80,983.79,985.96,988.47,991.26,994.21,997.06,998.90,1000.15,1001.27,1002.63,1004.53,1006.66,1008.65,1010.29,1011.50,1012.64,1014.64,1017.75,1022.34,1028.28,1035.35,1042.24,1048.72,1056.50,1064.77,1071.54,1076.66,1080.95,1085.38,1089.84,1094.28,1098.96,1105.24,1111.79,1118.06,1123.77,1128.66,1132.82,1136.67,1140.91,1146.20,1151.28,1155.78,1160.01,1164.28,1169.10,1174.44,1179.41,1183.73,1187.49,1191.98,1197.26,1203.54,1210.86,1217.53,1226.24,1236.21,1246.48,1255.48,1264.21,1273.03,1282.06,1290.78,1295.76,1299.58,1303.31,1306.98,1309.66,1312.31,1314.65,1316.66,1318.67,1321.01,1323.75,1327.03,1330.85,1334.12,1337.18,1340.46,1344.08,1347.73,1351.47,1355.26,1358.97,1362.43,1365.57,1368.55,1371.58,1374.79,1378.05,1381.52,1385.37,1389.58,1393.92,1398.37,1402.09,1405.50,1409.06,1412.03,1414.67,1417.13,1419.55,1422.15,1424.71,1427.18,1429.55,1431.83,1434.00,1435.88,1437.46,1438.64,1439.38,1439.92,1440.28,1440.48,1440.66,1441.01,1441.36,1441.78,1442.42,1443.19,1444.29,1445.56,1446.92,1448.29,1449.95,1451.47,1452.94,1454.73,1456.54,1458.38,1460.18,1461.88,1463.50,1465.13,1466.72,1468.26,1469.78,1471.20
695.03,693.14,691.35,689.16,686.33,681.89,677.29,673.35,670.52,668.00,665.40,662.57,659.51,656.80,656.09,657.02,659.16,661.32,663.35,665.32,667.38,669.74,672.13,674.73,677.55,680.68,684.56,689.21,695.18,701.70,705.53,709.39,714.13,719.48,724.94,730.94,737.14,742.82,747.69,752.92,758.63,765.35,772.98,780.54,785.61,789.22,791.84,793.48,794.67,795.84,797.28,799.19,801.61,803.84,806.21,808.70,811.10,813.58,816.21,818.82,821.38,824.30,827.78,831.53,835.26,838.49,841.73,845.05,848.87,853.77,859.37,864.30,869.23,874.53,879.88,884.87,889.63,893.98,897.46,901.40,904.76,907.64,910.20,912.56,914.60,915.90,916.54,917.15,918.34,920.58,923.68,927.28,930.47,933.74,937.05,940.32,943.55,946.18,948.45,950.40,951.86,952.86,953.68,954.44,955.23,956.18,957.22,958.91,961.59,965.42,969.97,974.28,978.12,981.40,984.38,986.51,988.26,989.89,991.54,993.68,996.30,999.23,1002.17,1004.27,1005.84,1007.22,1008.70,1010.65,1012.58,1014.42,1016.07,1017.30,1018.12,1019.14,1020.94,1024.36,1029.31,1035.43,1041.68,1047.91,1055.34,1063.77,1071.61,1078.02,1082.24,1086.28,1090.44,1094.74,1099.60,1106.60,1113.57,1120.07,1125.93,1130.85,1134.93,1139.23,1144.07,1149.41,1154.12,1158.32,1162.36,1166.51,1171.23,1176.50,1181.27,1185.30,1189.01,1194.07,1199.93,1206.24,1212.72,1218.61,1225.97,1234.11,1242.84,1252.53,1262.27,1272.61,1282.77,1291.10,1297.26,1301.89,1305.93,1309.68,1312.59,1315.36,1317.79,1319.96,1322.17,1324.36,1327.11,1330.23,1333.45,1336.44,1339.85,1343.63,1347.64,1351.48,1355.39,1359.09,1362.57,1365.87,1368.77,1371.32,1373.95,1376.93,1380.12,1383.33,1386.99,1391.06,1395.12,1399.33,1402.91,1406.07,1409.07,1411.76,1414.23,1416.55,1418.78,1421.04,1423.49,1425.80,1427.89,1429.81,1431.53,1433.15,1434.57,1435.66,1436.39,1437.02,1437.51,1437.85,1438.02,1438.34,1438.71,1439.20,1439.92,1440.94,1442.23,1443.64,1445.22,1447.37,1449.55,1451.40,1453.06,1454.92,1456.80,1458.65,1460.42,1462.06,1463.69,1465.31,1466.92,1468.50,1470.04,1471.49
700.92,698.69,696.50,694.07,691.70,687.48,682.68,678.08,674.18,671.44,668.86,666.19,663.49,660.63,659.16,659.31,661.00,663.07,665.13,667.12,669.12,671.34,673.62,675.87,678.18,680.95,685.23,690.94,697.09,702.73,706.41,710.29,714.93,720.00,725.01,730.60,736.79,742.73,747.93,753.18,758.98,766.19,774.36,781.56,787.02,791.22,794.44,796.75,798.87,800.58,802.28,804.27,806.80,809.16,811.42,813.68,816.01,818.40,820.89,823.48,826.23,829.37,832.85,836.38,839.72,842.54,845.37,848.80,853.11,858.42,863.35,868.08,873.25,878.98,884.44,889.53,893.89,897.78,901.78,906.21,910.06,913.26,915.87,918.10,920.04,921.29,921.95,922.80,924.38,926.71,929.47,932.38,935.30,938.58,942.00,945.36,948.58,951.16,953.48,955.57,957.25,958.44,959.33,960.07,960.71,961.35,962.17,963.78,966.49,970.35,975.19,979.87,983.94,987.20,990.32,992.51,994.18,995.59,996.93,998.84,1001.37,1004.36,1007.49,1009.92,1011.71,1013.16,1014.60,1016.54,1018.34,1020.14,1021.88,1023.12,1023.68,1024.03,1024.89,1027.25,1030.73,1035.49,1040.82,1046.60,1053.66,1062.18,1071.02,1078.75,1083.20,1087.13,1091.18,1095.52,1100.63,1108.03,1115.22,1121.80,1127.61,1132.48,1136.66,1141.55,1147.03,1152.33,1156.86,1160.88,1164.76,1168.86,1173.69,1178.87,1183.45,1187.50,1191.95,1197.77,1204.07,1210.29,1216.04,1221.43,1227.95,1234.76,1242.09,1251.63,1262.13,1273.41,1284.16,1292.34,1299.11,1304.42,1308.90,1312.76,1315.85,1318.51,1320.88,1323.11,1325.48,1327.67,1330.38,1333.32,1336.18,1339.29,1343.14,1347.30,1351.50,1355.43,1359.33,1362.89,1366.12,1369.05,1371.61,1373.81,1376.18,1379.05,1382.13,1385.16,1388.59,1392.41,1396.22,1400.06,1403.38,1406.28,1408.94,1411.43,1413.70,1415.87,1417.95,1419.97,1422.24,1424.39,1426.28,1427.86,1429.20,1430.49,1431.66,1432.61,1433.29,1433.97,1434.61,1435.11,1435.38,1435.67,1436.13,1436.75,1437.60,1438.83,1440.34,1441.96,1443.90,1446.76,1449.41,1451.51,1453.26,1455.06,1456.89,1458.67,1460.39,1462.03,1463.65,1465.29,1466.93,1468.58,1470.15,1471.63
