861.52,855.63,849.99,844.43,838.69,832.22,825.91,820.22,815.10,809.85,804.37,798.45,791.90,786.50,781.34,775.67,768.94,760.99,754.47,747.98,741.00,733.61,725.19,717.39,709.77,701.51,693.18,683.11,673.76,665.70,656.71,647.96,639.65,632.51,628.54,629.80,633.33,638.04,643.60,649.06,654.14,659.52,665.27,670.99,675.97,680.26,684.03,687.15,689.03,689.33,688.68,687.41,685.80,683.91,681.57,678.94,676.31,673.68,670.60,667.15,663.48,659.95,656.19,652.04,647.33,641.74,636.29,630.56,624.64,618.61,611.98,605.87,599.79,594.27,591.95,593.20,594.87,595.69,594.99,593.37,590.97,588.00,584.55,580.97,577.33,573.63,569.81,565.81,562.48,559.90,558.04,556.83,555.36,552.75,550.12,548.14,546.64,545.10,543.63,542.23,540.61,537.45,531.03,523.49,516.80,511.35,505.49,500.01,495.20,490.68,486.27,482.19,478.81,476.72,475.30,473.58,471.62,469.89,469.60,469.44,469.30,469.20,469.19,469.29,469.41,469.52,469.64,469.75,469.84,469.88,469.87,469.84,469.79,469.62,469.26,468.67,468.06,467.44,466.89,466.50,466.35,466.26,466.22,466.20,466.14,466.13,466.13,466.13,466.13,466.13,466.13,466.11,466.07,466.03,466.02,466.02,466.00,465.92,465.78,465.65,465.56,465.48,465.33,465.17,465.02,464.90,464.89,464.83,464.75,464.70,464.69,464.66,464.65,464.63,464.59,464.55,464.54,464.52,464.49,464.45,464.44,464.47,464.53,464.61,464.69,464.76,464.82,464.87,465.01,465.38,465.85,466.35,466.86,467.40,467.91,468.34,468.67,468.99,469.33,470.01,471.28,473.48,476.18,478.98,482.52,487.56,494.12,498.71,501.09,502.00,502.88,503.66,504.29,504.93,505.84,506.96,508.34,510.22,512.93,516.76,520.43,523.75,526.71,529.32,532.03,535.09,538.75,543.04,547.00,551.01,555.00,558.77,561.80,564.27,566.64,569.46,573.41,578.76,584.55,590.06,595.13,600.40,607.04,614.12,620.58,625.19,629.68,634.64,640.42,647.25,654.39,661.27,667.56,673.18,678.17,683.63
861.60,855.91,850.50,845.13,839.82,833.28,826.92,821.34,816.02,810.77,805.35,799.61,793.51,788.05,782.86,777.17,770.33,762.26,755.42,748.77,741.90,734.74,726.99,719.23,711.56,703.83,695.63,685.74,676.64,668.88,660.16,650.73,641.78,633.67,627.38,626.59,628.81,632.99,638.81,644.82,650.42,655.75,661.14,667.07,672.21,676.54,680.33,683.53,685.31,685.66,685.20,684.10,682.43,680.41,678.05,675.46,672.77,670.05,666.82,663.28,659.70,656.46,652.71,648.18,642.92,637.32,631.92,626.60,621.25,615.72,609.60,604.09,598.12,591.60,586.59,586.03,587.16,588.26,587.94,586.96,585.08,582.38,579.08,576.18,573.01,569.36,565.27,561.31,559.30,557.98,556.82,555.66,554.54,553.24,551.21,548.49,546.40,544.25,542.56,541.16,539.13,534.17,526.72,519.48,514.21,508.81,502.79,497.38,492.80,488.30,484.05,480.27,477.05,474.60,472.86,471.11,469.95,469.66,469.46,469.32,469.25,469.28,469.41,469.50,469.63,469.75,469.83,469.97,470.06,470.11,470.09,470.03,470.00,469.79,469.40,468.84,468.24,467.63,467.07,466.68,466.63,466.57,466.53,466.51,466.45,466.44,466.44,466.44,466.44,466.44,466.44,466.40,466.34,466.34,466.32,466.31,466.25,466.10,465.94,465.78,465.63,465.48,465.33,465.17,465.02,464.90,464.89,464.83,464.76,464.71,464.71,464.70,464.69,464.67,464.62,464.61,464.61,464.56,464.51,464.50,464.50,464.50,464.54,464.61,464.69,464.76,464.84,464.94,465.15,465.56,466.07,466.58,467.06,467.59,468.13,468.59,468.98,469.30,469.76,470.99,473.09,475.95,478.76,481.65,485.53,491.22,498.26,500.87,502.00,502.99,503.92,504.78,505.50,506.16,506.95,508.15,509.75,512.15,515.45,518.92,522.11,525.14,528.07,530.96,534.13,537.32,540.78,544.65,548.40,552.24,556.02,559.52,562.32,564.79,567.24,570.34,574.87,580.35,586.07,591.28,595.92,601.14,608.03,615.24,621.63,626.00,630.52,635.43,641.39,648.67,655.73,662.41,668.52,674.06,679.29,685.33
861.19,855.71,850.69,845.91,840.93,834.15,827.56,821.95,816.67,811.50,806.14,800.57,794.88,789.36,783.82,777.90,771.20,763.46,756.40,749.56,742.70,735.78,728.62,720.90,713.11,705.76,698.26,688.42,679.04,671.03,662.51,652.96,643.67,635.10,627.89,623.78,624.44,628.13,633.70,640.07,646.16,651.87,657.37,663.09,668.35,672.74,676.55,679.81,681.66,682.11,681.71,680.64,679.00,676.87,674.45,671.77,668.75,665.57,662.41,659.30,656.20,653.05,648.57,643.46,638.14,632.87,627.79,622.84,617.92,612.92,607.64,602.52,596.79,590.26,584.31,580.62,579.81,580.65,580.94,580.55,579.41,577.63,575.22,572.44,568.53,564.59,561.31,559.27,557.92,556.79,555.69,554.54,553.45,552.29,550.76,548.62,545.88,543.30,541.46,539.71,536.20,530.34,523.18,516.65,511.73,506.01,500.33,495.20,490.63,486.25,482.03,478.50,475.45,472.77,471.12,470.18,469.70,469.56,469.49,469.47,469.48,469.50,469.61,469.73,469.85,469.94,470.02,470.12,470.20,470.24,470.23,470.20,470.06,469.75,469.28,468.69,468.12,467.56,467.14,466.96,466.94,466.88,466.85,466.83,466.76,466.75,466.75,466.75,466.75,466.75,466.75,466.71,466.65,466.64,466.55,466.44,466.32,466.16,465.96,465.79,465.63,465.48,465.33,465.17,465.02,464.90,464.89,464.83,464.79,464.76,464.76,464.71,464.70,464.69,464.67,464.67,464.67,464.63,464.56,464.56,464.51,464.54,464.58,464.62,464.69,464.76,464.84,464.99,465.36,465.81,466.29,466.79,467.30,467.79,468.31,468.81,469.23,469.66,470.84,472.93,475.63,478.57,481.51,484.45,488.74,494.84,499.74,501.69,502.80,503.88,504.86,505.77,506.60,507.35,508.15,509.47,512.04,515.16,518.37,521.13,524.06,527.04,529.93,532.59,535.49,538.62,541.96,545.51,549.25,553.05,556.73,560.11,562.93,565.49,568.00,571.28,576.19,581.65,587.21,592.28,596.87,602.21,609.22,616.31,622.45,626.81,631.33,636.18,642.31,650.05,656.83,663.38,669.48,675.09,680.51,686.78
860.46,855.24,850.50,846.14,841.57,834.82,828.16,822.51,817.20,811.97,806.63,801.23,795.83,790.40,784.60,778.49,771.93,764.35,757.10,750.17,743.40,736.58,729.75,722.21,714.47,707.18,700.42,690.71,681.11,672.82,664.39,654.88,645.38,636.40,628.47,622.10,620.99,623.55,628.60,634.98,641.53,647.69,653.46,659.15,664.46,668.91,672.69,675.82,677.74,678.34,678.03,676.97,675.36,673.02,670.35,667.47,664.32,661.16,658.25,655.40,652.30,648.47,643.58,638.41,633.31,628.45,623.61,619.02,614.61,610.19,605.66,600.86,595.38,589.14,582.86,577.04,574.16,573.91,574.56,574.56,574.03,572.86,570.78,567.85,564.26,561.06,558.82,557.84,556.78,555.71,554.60,553.45,552.36,551.11,549.63,547.67,544.87,542.18,539.86,537.27,532.93,526.50,519.92,514.09,509.09,503.22,497.84,492.88,488.24,483.87,479.89,476.53,473.64,471.30,470.12,469.74,469.63,469.58,469.59,469.66,469.71,469.75,469.83,469.95,470.06,470.14,470.20,470.25,470.32,470.36,470.35,470.29,470.07,469.66,469.13,468.54,468.00,467.57,467.33,467.26,467.25,467.19,467.16,467.14,467.07,467.06,467.06,467.06,467.06,467.06,467.02,466.95,466.86,466.80,466.66,466.51,466.35,466.19,466.00,465.82,465.66,465.48,465.33,465.17,465.02,464.90,464.89,464.85,464.81,464.80,464.79,464.75,464.74,464.74,464.74,464.73,464.71,464.67,464.63,464.59,464.55,464.57,464.61,464.64,464.72,464.79,464.89,465.11,465.59,466.08,466.57,467.07,467.60,468.07,468.58,469.07,469.63,470.58,472.53,475.17,478.08,480.88,483.73,486.77,491.41,497.65,500.73,502.28,503.46,504.62,505.69,506.70,507.62,508.57,509.80,511.77,514.91,518.20,521.05,523.39,526.14,528.99,531.73,534.25,536.86,539.84,543.00,546.32,550.06,553.77,557.30,560.56,563.41,566.09,568.88,572.44,577.44,582.80,588.21,593.16,597.77,603.36,610.35,617.22,623.16,627.58,632.13,637.04,643.36,651.34,657.87,664.35,670.42,676.03,681.58,687.74
859.40,854.50,849.89,845.79,841.70,835.25,828.69,823.00,817.59,812.17,806.82,801.55,796.33,791.10,785.17,778.97,772.54,764.89,757.48,750.57,743.96,737.11,730.35,723.16,715.60,708.11,701.99,692.55,682.85,674.28,665.83,656.45,646.88,637.54,628.98,621.57,618.54,619.35,623.58,629.65,636.53,643.17,649.34,655.21,660.53,665.04,668.78,671.60,673.56,674.35,674.15,673.08,671.44,668.84,665.79,662.62,659.61,656.96,654.37,651.48,647.82,642.73,637.86,633.14,628.52,624.08,619.35,615.15,611.33,607.52,603.58,599.01,593.83,588.06,581.94,575.19,570.32,568.13,568.83,569.04,568.91,567.97,565.72,562.57,560.38,558.86,557.72,556.78,555.73,554.64,553.53,552.39,551.26,549.79,547.91,545.67,543.32,540.82,537.68,533.90,529.41,522.73,516.88,511.64,506.27,500.46,495.27,490.35,485.59,481.18,477.64,474.40,471.70,470.25,469.81,469.67,469.65,469.70,469.77,469.85,469.92,470.00,470.07,470.16,470.28,470.37,470.38,470.40,470.45,470.49,470.45,470.30,470.02,469.54,468.96,468.41,467.89,467.70,467.63,467.58,467.56,467.50,467.47,467.45,467.38,467.37,467.37,467.37,467.36,467.35,467.24,467.10,466.95,466.81,466.66,466.51,466.35,466.20,466.04,465.88,465.70,465.49,465.33,465.17,465.02,464.91,464.91,464.89,464.84,464.81,464.80,464.80,464.79,464.79,464.79,464.79,464.73,464.70,464.68,464.62,464.60,464.60,464.63,464.70,464.77,464.85,465.01,465.32,465.85,466.38,466.91,467.45,467.98,468.45,468.92,469.43,470.26,472.12,474.75,477.59,480.34,482.88,485.46,488.71,493.61,499.61,501.50,502.78,504.01,505.23,506.43,507.58,508.64,509.94,512.00,515.02,518.21,521.07,523.42,525.65,528.26,530.85,533.37,535.87,538.25,541.00,543.97,547.14,550.84,554.40,557.75,560.87,563.74,566.59,569.86,573.79,578.60,583.83,589.10,593.95,598.61,604.55,611.41,618.00,623.76,628.31,632.92,638.03,644.53,652.51,658.83,665.29,671.33,676.87,682.49,688.23
857.85,853.22,848.83,845.08,841.31,835.00,828.55,822.94,817.57,812.25,806.85,801.44,796.17,790.87,785.09,779.08,772.70,765.00,757.55,750.64,744.06,737.21,730.46,723.66,716.38,708.63,702.63,693.69,684.19,675.37,666.62,657.21,647.86,638.65,629.59,621.96,617.42,616.35,619.17,624.45,631.01,637.98,644.79,650.83,656.33,661.07,664.91,667.58,669.54,670.33,670.07,668.77,666.71,664.01,661.20,658.40,655.69,653.19,650.09,646.40,642.05,637.02,632.55,628.29,624.02,619.67,615.11,611.33,608.06,604.71,600.99,596.69,591.91,586.65,581.00,574.50,568.05,563.49,563.64,563.80,563.72,563.09,561.64,559.75,558.51,557.53,556.62,555.71,554.67,553.59,552.48,551.27,549.80,547.89,545.74,543.45,541.06,538.26,534.81,530.57,525.22,519.29,514.07,508.94,503.27,497.67,492.53,487.58,482.89,479.01,475.69,472.72,470.56,469.92,469.77,469.73,469.76,469.88,469.96,470.07,470.19,470.29,470.33,470.40,470.50,470.57,470.57,470.62,470.62,470.57,470.46,470.25,469.89,469.39,468.83,468.32,468.04,467.95,467.91,467.88,467.88,467.82,467.78,467.76,467.69,467.68,467.68,467.65,467.55,467.43,467.28,467.13,466.97,466.82,466.66,466.51,466.35,466.20,466.04,465.89,465.72,465.54,465.38,465.23,465.07,464.95,464.95,464.92,464.88,464.86,464.86,464.86,464.86,464.86,464.86,464.85,464.78,464.75,464.74,464.67,464.66,464.63,464.63,464.71,464.79,464.86,465.18,465.72,466.25,466.76,467.28,467.82,468.35,468.82,469.32,470.30,472.02,474.41,477.14,479.82,482.39,484.86,487.33,491.50,496.45,500.74,502.33,503.58,504.79,506.00,507.23,508.40,510.15,512.50,515.35,518.26,520.81,523.05,525.12,527.40,529.79,532.10,534.38,536.71,538.99,541.78,544.84,548.00,551.45,554.83,558.09,561.19,564.11,567.16,570.77,574.91,579.61,584.86,589.98,594.74,599.50,605.61,612.47,618.86,624.40,629.04,633.68,639.17,645.83,653.40,659.55,666.01,672.08,677.61,683.14,688.43
856.15,851.82,847.68,844.15,840.42,834.25,827.96,822.50,817.24,812.14,806.74,801.14,795.67,790.23,784.62,778.82,772.53,764.87,757.48,750.55,743.88,737.05,730.39,723.89,716.82,708.89,702.85,694.38,685.21,676.27,667.24,657.78,648.61,639.54,630.23,622.75,616.89,613.88,615.07,619.44,625.52,632.51,639.74,646.10,651.84,656.83,660.86,663.57,665.49,666.22,665.84,664.31,661.96,659.33,656.83,654.40,651.77,649.09,645.35,640.86,636.04,631.50,627.48,623.52,619.45,615.22,611.01,607.65,604.79,601.78,598.21,594.16,589.74,584.94,579.73,573.64,566.32,560.16,559.64,559.56,559.43,559.06,558.38,557.61,557.07,556.39,555.52,554.63,553.60,552.52,551.35,549.95,548.06,545.79,543.44,541.08,538.46,535.37,531.57,526.88,521.11,516.04,511.19,505.98,500.17,494.73,489.61,484.73,480.33,477.00,473.83,471.34,469.88,469.83,469.83,469.85,469.92,470.06,470.16,470.30,470.46,470.58,470.60,470.67,470.73,470.77,470.78,470.79,470.73,470.60,470.41,470.18,469.75,469.24,468.73,468.35,468.29,468.23,468.19,468.19,468.17,468.12,468.09,468.07,467.99,467.95,467.92,467.85,467.68,467.48,467.32,467.16,467.01,466.85,466.70,466.55,466.39,466.24,466.08,465.93,465.77,465.62,465.46,465.31,465.15,465.03,465.00,464.94,464.92,464.92,464.92,464.92,464.91,464.90,464.90,464.89,464.84,464.81,464.78,464.73,464.70,464.66,464.65,464.73,464.81,464.94,465.44,466.19,466.75,467.25,467.75,468.28,468.84,469.44,470.16,471.67,474.13,476.80,479.54,482.11,484.52,486.99,489.97,494.69,499.11,501.70,503.19,504.48,505.69,506.88,508.14,509.63,512.17,515.37,518.51,521.00,522.94,524.73,526.62,528.87,531.04,533.13,535.22,537.37,539.61,542.48,545.63,548.80,552.04,555.27,558.47,561.60,564.63,567.82,571.65,575.93,580.49,585.76,590.76,595.49,600.41,606.65,613.43,619.60,624.99,629.78,634.51,640.49,647.32,654.30,660.17,666.57,672.66,678.20,683.57,688.52
854.39,850.42,846.61,842.94,838.59,832.62,826.67,821.42,816.41,811.67,806.40,800.63,794.72,789.14,783.56,777.90,771.81,764.44,757.26,750.20,743.22,736.50,730.14,723.70,716.62,708.78,702.59,694.39,685.63,676.97,667.83,658.38,649.10,639.91,630.90,623.99,617.00,612.00,611.35,614.81,620.34,626.78,633.71,640.81,646.81,651.97,656.30,659.44,661.30,661.91,661.37,659.71,657.62,655.33,653.02,650.53,647.39,643.98,639.66,634.86,630.16,626.45,622.78,618.77,614.54,610.64,607.28,604.32,601.52,598.62,595.23,591.37,587.19,582.67,577.69,571.73,564.99,559.37,558.18,557.56,557.35,557.11,556.49,555.69,555.56,555.22,554.44,553.53,552.53,551.43,550.07,548.15,545.86,543.52,541.09,538.45,535.44,532.34,527.78,522.29,517.53,513.11,508.07,502.57,496.92,491.49,486.33,481.80,478.07,475.08,472.05,470.40,469.89,469.89,469.94,470.00,470.11,470.26,470.40,470.55,470.71,470.84,470.90,470.98,471.01,471.02,470.99,470.84,470.69,470.52,470.30,470.05,469.63,469.12,468.71,468.62,468.60,468.55,468.50,468.49,468.44,468.41,468.40,468.37,468.23,468.11,467.98,467.85,467.70,467.58,467.44,467.29,467.13,466.98,466.82,466.67,466.52,466.36,466.21,466.05,465.90,465.74,465.59,465.43,465.28,465.13,465.02,464.99,464.98,464.98,464.98,464.98,464.93,464.90,464.90,464.90,464.89,464.84,464.80,464.77,464.72,464.69,464.72,464.79,464.88,465.19,465.88,466.77,467.43,467.98,468.47,468.97,469.59,470.63,472.05,473.98,476.41,479.01,481.89,484.60,486.99,489.48,494.44,498.33,500.97,502.64,504.06,505.43,506.72,507.94,509.31,511.84,515.15,518.35,520.59,522.50,524.35,526.18,528.04,529.94,531.95,533.98,536.01,538.08,540.34,543.20,546.30,549.43,552.66,555.86,559.03,562.22,565.46,568.65,572.52,576.80,581.18,586.35,591.28,596.13,601.36,607.72,614.14,620.04,625.44,630.52,635.53,642.16,649.16,655.34,660.71,666.89,672.93,678.46,683.61,688.47
852.43,848.52,844.88,841.28,836.41,830.70,825.09,819.99,815.33,810.81,805.48,799.47,793.42,787.87,782.45,776.90,770.81,763.45,756.65,749.68,742.51,735.86,729.60,723.24,716.25,708.52,702.06,694.09,685.83,677.62,668.42,659.57,651.13,642.53,633.33,626.28,619.06,612.83,609.60,611.13,615.33,621.17,628.05,635.04,641.22,646.52,650.91,654.02,655.79,656.38,656.00,654.75,653.00,650.78,648.31,645.54,642.11,637.91,633.46,629.01,624.76,621.08,617.35,613.54,609.78,606.33,603.41,600.66,597.93,595.08,591.87,588.08,583.96,579.55,574.64,569.53,563.89,559.05,557.57,556.41,555.66,555.08,554.50,553.79,553.80,553.72,553.23,552.43,551.47,550.06,548.24,546.03,543.62,541.10,538.45,535.57,532.31,528.19,523.12,517.81,513.50,509.23,504.30,498.89,493.31,488.05,483.38,479.60,476.69,474.15,471.55,470.25,469.95,470.00,470.10,470.19,470.29,470.45,470.61,470.76,470.91,471.05,471.16,471.21,471.21,471.16,471.07,470.85,470.63,470.42,470.21,469.93,469.53,469.15,468.92,468.92,468.92,468.86,468.81,468.79,468.69,468.62,468.55,468.46,468.31,468.15,468.00,467.85,467.71,467.62,467.48,467.33,467.17,467.02,466.89,466.75,466.59,466.45,466.29,466.16,466.02,465.87,465.71,465.56,465.39,465.20,465.07,465.04,465.04,465.04,465.04,465.01,464.97,464.94,464.94,464.94,464.94,464.89,464.83,464.80,464.76,464.75,464.77,464.86,464.95,465.48,466.31,467.24,468.01,468.65,469.27,470.03,471.09,472.42,474.25,476.47,479.06,481.87,484.73,487.82,491.04,494.26,498.08,500.62,502.28,503.59,504.98,506.37,507.72,509.21,511.44,514.69,517.82,520.33,522.02,523.57,525.29,527.11,528.95,530.74,532.65,534.61,536.60,538.65,541.04,543.89,546.91,549.96,553.09,556.20,559.12,562.03,565.53,569.30,573.34,577.51,581.85,586.90,591.84,596.88,602.40,608.75,614.93,620.65,626.03,631.28,636.56,643.66,650.66,656.07,661.25,667.25,673.17,678.61,683.44,688.10
850.34,846.36,842.77,839.22,834.05,828.63,823.34,818.41,814.10,809.68,804.21,798.01,791.94,786.54,781.33,775.85,769.66,762.21,755.81,749.03,741.77,735.15,728.89,722.59,715.75,708.14,701.35,693.55,685.81,678.16,669.09,661.16,653.90,646.17,636.85,629.38,622.29,615.21,609.25,608.29,610.72,615.78,622.52,629.08,635.38,640.80,645.14,648.07,649.80,650.41,650.33,649.62,648.16,645.87,643.08,639.94,636.30,631.51,627.17,623.27,619.52,615.60,611.68,608.15,605.06,602.13,599.45,596.80,594.10,591.23,588.12,584.40,580.32,575.94,571.22,567.14,562.81,558.94,557.35,555.78,554.37,553.30,552.62,551.87,551.86,551.99,551.83,551.08,550.05,548.26,545.98,543.59,541.20,538.51,535.61,532.49,528.88,523.56,518.20,513.40,509.19,504.81,500.08,495.00,489.66,484.67,480.74,477.82,475.67,473.58,471.56,470.43,470.07,470.15,470.28,470.38,470.50,470.65,470.79,470.94,471.09,471.24,471.38,471.40,471.35,471.25,471.09,470.87,470.59,470.35,470.14,469.84,469.50,469.30,469.22,469.22,469.22,469.15,469.10,469.05,468.92,468.76,468.61,468.46,468.31,468.15,468.00,467.85,467.71,467.62,467.48,467.33,467.17,467.03,466.93,466.80,466.65,466.50,466.35,466.24,466.13,465.97,465.82,465.67,465.48,465.28,465.14,465.11,465.11,465.10,465.08,465.02,465.01,465.00,465.00,465.00,465.00,464.95,464.88,464.82,464.80,464.80,464.83,464.91,465.06,465.80,466.72,467.66,468.59,469.42,470.29,471.41,472.98,474.52,476.65,479.19,482.07,485.22,488.20,491.66,495.58,499.35,500.98,502.19,503.37,504.56,505.91,507.30,508.79,510.75,514.02,517.59,520.07,521.74,523.11,524.46,526.07,527.82,529.63,531.42,533.25,535.15,537.10,539.17,541.73,544.55,547.47,550.37,553.30,556.25,558.81,561.39,565.31,569.88,574.11,578.17,582.55,587.48,592.46,597.73,603.49,609.74,615.77,621.37,626.69,632.04,637.57,644.97,651.87,656.62,661.78,667.61,673.39,678.71,683.24,687.66
848.00,843.98,840.20,836.22,831.66,826.53,821.48,816.87,812.75,808.17,802.65,796.51,790.44,785.35,780.26,774.74,768.45,761.11,754.81,748.15,741.01,734.35,728.09,721.72,714.90,707.51,700.37,692.68,685.37,678.36,670.08,663.34,656.89,649.88,641.69,634.02,626.82,619.13,611.27,607.32,607.57,611.07,616.81,623.23,629.53,634.93,639.31,642.42,644.25,645.07,645.17,644.49,642.93,640.47,637.43,633.94,629.95,625.49,621.48,617.75,614.04,610.24,606.41,603.01,600.18,597.86,595.38,592.70,589.83,586.75,583.43,579.97,576.10,571.89,568.24,564.56,561.30,558.73,557.21,555.65,554.13,552.72,551.39,549.85,549.62,549.89,549.87,548.55,547.05,545.11,542.82,540.39,538.03,535.43,532.50,529.00,524.37,519.07,513.90,509.05,504.49,499.93,495.24,490.71,486.50,481.97,478.85,476.47,474.43,472.59,471.23,470.55,470.36,470.44,470.54,470.66,470.78,470.88,470.99,471.13,471.26,471.37,471.51,471.49,471.42,471.31,471.15,470.98,470.69,470.41,470.14,469.85,469.69,469.59,469.53,469.53,469.49,469.38,469.26,469.14,469.00,468.80,468.62,468.46,468.31,468.15,468.00,467.87,467.76,467.63,467.48,467.33,467.18,467.08,466.95,466.81,466.65,466.51,466.40,466.28,466.13,465.98,465.83,465.72,465.57,465.40,465.25,465.19,465.17,465.15,465.10,465.07,465.06,465.06,465.05,465.01,465.00,464.99,464.95,464.87,464.81,464.80,464.83,464.96,465.35,466.20,467.15,468.13,469.29,470.71,472.09,473.52,475.14,476.79,479.36,482.50,485.98,489.45,493.47,496.71,499.13,501.09,502.18,503.34,504.52,505.65,506.88,508.23,510.27,513.14,516.66,519.40,521.17,522.53,524.00,525.48,527.00,528.61,530.33,532.10,533.90,535.74,537.64,539.70,542.42,545.18,547.88,550.51,552.92,555.44,557.70,560.39,565.32,570.46,574.83,578.91,583.42,588.24,593.36,598.80,604.61,610.66,616.68,622.19,627.38,632.80,638.47,645.83,652.52,657.04,662.21,667.93,673.60,678.83,683.32,687.65
845.64,841.54,837.70,833.68,829.50,824.66,819.88,815.50,811.38,806.63,801.14,795.17,789.22,784.35,779.24,773.59,767.18,759.96,753.62,747.08,740.19,733.58,727.21,720.76,714.04,706.89,699.62,692.00,684.98,678.55,671.28,665.45,659.67,653.33,646.09,638.55,631.28,623.47,614.98,608.21,605.63,607.00,611.47,617.45,623.57,629.08,633.72,637.05,638.91,639.82,639.98,639.32,637.77,635.26,631.98,628.14,623.89,619.72,615.90,612.24,608.57,605.00,601.58,598.50,595.86,593.71,591.23,588.45,585.45,582.29,578.94,575.69,572.17,568.46,565.50,562.38,560.05,558.48,557.15,555.66,554.10,552.54,550.93,549.03,547.30,546.37,545.87,544.28,542.72,540.81,538.75,536.83,534.64,532.04,528.96,525.13,520.11,515.01,509.98,505.07,500.34,495.71,491.22,487.14,483.61,479.86,477.31,475.30,473.52,472.06,471.10,470.69,470.65,470.75,470.83,470.94,471.06,471.16,471.24,471.36,471.45,471.52,471.63,471.59,471.49,471.38,471.22,471.06,470.79,470.50,470.24,469.97,469.92,469.86,469.77,469.72,469.63,469.49,469.33,469.18,469.02,468.83,468.64,468.49,468.31,468.15,468.00,467.87,467.78,467.63,467.48,467.33,467.19,467.11,466.96,466.81,466.65,466.51,466.42,466.29,466.13,465.98,465.83,465.74,465.62,465.47,465.33,465.31,465.35,465.36,465.31,465.31,465.25,465.17,465.06,465.01,465.00,465.00,464.98,464.90,464.82,464.81,464.88,465.13,465.88,466.91,468.01,469.23,470.83,472.56,474.15,475.69,477.39,479.43,482.47,486.28,490.46,494.07,497.73,500.15,501.47,502.30,503.20,504.35,505.57,506.73,507.90,509.53,512.16,515.60,518.79,520.74,522.05,523.27,524.71,526.20,527.69,529.25,530.93,532.72,534.50,536.31,538.17,540.20,542.92,545.62,548.20,550.67,552.85,555.12,557.28,560.15,565.67,570.99,575.45,579.62,584.29,589.20,594.49,600.02,605.75,611.61,617.57,623.02,628.14,633.57,639.42,646.66,653.12,657.50,662.60,668.23,673.83,679.05,683.53,687.82
843.32,839.12,835.40,831.79,827.64,823.14,818.67,814.38,810.03,805.15,799.74,794.01,788.33,783.53,778.26,772.39,765.86,758.74,752.25,745.82,739.30,732.83,726.26,719.76,713.19,706.32,699.15,691.58,684.73,678.83,672.68,667.36,662.12,656.41,649.76,642.67,635.43,628.03,620.15,611.07,605.09,603.74,606.58,611.67,617.46,623.21,628.25,631.76,633.59,634.43,634.58,633.99,632.62,630.18,626.71,622.55,618.19,614.18,610.40,606.75,603.19,599.91,597.19,594.64,592.13,589.69,587.00,584.08,581.04,577.99,574.84,571.74,568.72,565.80,563.04,560.70,559.16,558.18,557.14,555.75,554.20,552.68,551.24,549.59,545.16,541.61,539.85,538.28,537.11,535.43,533.80,532.90,531.01,528.31,524.94,520.89,516.28,511.40,506.44,501.54,496.91,492.35,488.23,484.45,481.04,478.34,476.11,474.34,473.05,472.09,471.22,470.88,470.92,471.05,471.14,471.22,471.33,471.46,471.54,471.62,471.67,471.70,471.76,471.71,471.59,471.44,471.28,471.13,470.86,470.62,470.43,470.21,470.16,470.07,469.92,469.78,469.64,469.49,469.33,469.18,469.02,468.86,468.70,468.54,468.32,468.16,468.00,467.88,467.78,467.63,467.48,467.33,467.19,467.11,466.96,466.81,466.65,466.51,466.42,466.29,466.13,465.98,465.83,465.74,465.62,465.47,465.35,465.49,465.65,465.74,465.74,465.73,465.59,465.32,465.05,465.01,465.00,465.00,464.98,464.90,464.82,464.85,465.00,465.45,466.68,467.98,469.39,471.07,473.26,474.93,476.40,477.91,479.76,482.50,486.04,490.48,495.34,498.80,500.54,501.65,502.56,503.36,504.21,505.28,506.50,507.77,509.03,511.25,514.47,517.99,520.29,521.67,522.83,524.00,525.23,526.61,528.11,529.71,531.43,533.25,535.04,536.82,538.64,540.66,543.23,545.87,548.44,550.90,553.21,555.47,557.75,560.83,566.38,571.48,575.95,580.31,585.14,590.37,595.84,601.38,606.93,612.60,618.43,623.86,629.00,634.37,640.45,647.51,653.71,658.03,662.96,668.51,674.13,679.39,683.87,688.14
841.78,837.62,834.02,830.47,826.60,822.58,818.36,813.91,809.29,804.12,798.54,792.88,787.55,782.82,777.34,771.21,764.57,757.53,751.00,744.73,738.51,732.03,725.32,718.61,712.12,705.79,698.63,691.31,684.87,679.49,673.97,668.81,663.83,658.54,652.20,645.53,638.64,631.65,624.31,615.75,607.80,602.83,601.83,605.30,610.93,616.41,620.91,623.96,626.01,627.19,627.50,626.91,625.65,623.37,620.10,616.22,612.25,608.62,605.08,601.65,598.47,595.66,593.14,590.63,588.02,585.38,582.73,579.98,577.13,574.19,571.42,568.88,566.41,563.89,561.35,559.66,558.54,557.68,556.77,555.67,554.40,553.10,551.82,550.40,545.69,540.21,535.51,532.65,531.41,530.15,528.88,527.98,526.22,523.67,520.52,516.76,512.37,507.83,503.26,498.75,494.37,489.98,485.96,482.39,479.41,477.07,475.33,474.01,473.00,472.15,471.41,471.14,471.20,471.32,471.44,471.50,471.57,471.66,471.71,471.77,471.83,471.87,471.89,471.83,471.71,471.55,471.39,471.20,470.95,470.76,470.63,470.44,470.30,470.11,469.90,469.75,469.63,469.49,469.33,469.18,469.02,468.87,468.72,468.55,468.37,468.20,468.06,467.91,467.78,467.63,467.48,467.35,467.23,467.11,466.96,466.81,466.67,466.55,466.44,466.29,466.13,465.98,465.83,465.74,465.62,465.48,465.44,465.63,465.86,466.04,466.12,466.13,466.04,465.79,465.39,465.15,465.03,465.00,464.98,464.90,464.86,464.88,465.30,466.39,467.91,469.60,471.46,473.52,475.81,477.28,478.80,480.66,483.05,485.92,490.18,494.71,498.57,500.75,501.85,502.70,503.57,504.45,505.27,506.24,507.38,508.79,510.66,513.58,516.82,519.69,521.29,522.49,523.61,524.74,525.91,527.17,528.58,530.13,531.81,533.57,535.32,537.05,538.85,540.90,543.48,546.12,548.75,551.35,553.76,556.10,558.64,561.97,567.17,572.07,576.64,581.22,586.18,591.61,597.25,602.85,608.33,613.85,619.41,624.77,629.94,635.21,641.45,648.26,654.18,658.49,663.42,668.94,674.69,680.16,684.49,688.61
840.94,836.75,833.18,829.63,826.00,822.41,818.39,813.75,808.79,803.27,797.47,791.82,786.83,782.17,776.46,770.07,763.33,756.31,749.74,743.60,737.61,731.19,724.40,717.48,710.98,705.16,698.25,691.22,685.18,680.26,675.14,670.03,665.18,660.14,654.09,647.77,641.24,634.59,627.71,620.27,611.25,603.38,598.70,599.76,604.59,609.36,613.13,615.82,618.05,619.46,619.88,619.27,618.09,615.93,612.99,609.62,606.21,603.06,599.85,596.76,594.00,591.52,589.03,586.44,583.77,581.08,578.55,576.07,573.50,570.81,568.43,566.41,564.37,562.19,560.06,558.89,558.01,557.16,556.31,555.46,554.49,553.42,552.30,551.08,546.62,539.93,532.78,528.52,526.60,525.25,524.00,522.81,521.16,518.84,516.04,512.69,508.52,504.35,500.23,496.15,492.05,487.87,483.94,480.59,478.09,475.99,474.73,473.81,472.99,472.19,471.58,471.41,471.49,471.56,471.69,471.74,471.78,471.85,471.85,471.92,471.99,472.04,472.02,471.95,471.81,471.66,471.50,471.28,471.05,470.88,470.76,470.58,470.37,470.10,469.83,469.70,469.60,469.48,469.32,469.18,469.02,468.87,468.72,468.56,468.41,468.25,468.10,467.95,467.79,467.63,467.48,467.36,467.27,467.12,466.96,466.81,466.68,466.59,466.45,466.29,466.13,465.98,465.83,465.74,465.62,465.50,465.55,465.76,466.04,466.30,466.45,466.51,466.51,466.31,465.90,465.44,465.18,465.04,464.98,464.91,464.90,465.12,465.96,467.64,469.47,471.58,473.84,476.20,478.53,479.83,481.37,483.52,486.37,489.51,494.20,498.35,500.87,501.87,502.75,503.61,504.51,505.48,506.29,507.19,508.33,509.97,512.52,515.92,518.93,521.05,522.17,523.31,524.41,525.51,526.66,527.81,529.12,530.59,532.19,533.85,535.51,537.20,538.99,541.10,543.73,546.43,549.15,551.86,554.37,556.81,559.64,563.27,568.10,572.85,577.53,582.26,587.29,592.92,598.70,604.34,609.79,615.18,620.49,625.73,630.89,636.10,642.58,649.08,654.61,658.91,663.96,669.54,675.40,681.01,685.24,689.15
841.51,837.03,833.25,829.68,826.06,822.66,818.74,813.96,808.55,802.63,796.61,790.94,786.13,781.63,775.69,769.03,762.18,755.03,748.40,742.23,736.33,730.26,723.58,716.49,709.84,704.25,698.30,691.57,685.69,681.02,676.04,670.97,666.03,660.99,655.30,649.15,642.81,636.32,629.71,623.03,614.49,606.36,600.00,596.92,599.01,602.19,605.41,608.55,610.59,611.67,611.88,611.25,610.10,607.91,605.38,602.76,600.07,597.47,594.79,592.19,589.76,587.14,584.49,581.90,579.41,577.00,574.67,572.44,570.29,568.22,566.18,564.27,562.34,560.52,559.35,558.43,557.57,556.73,555.88,555.03,554.18,553.30,552.31,551.19,546.82,540.35,533.32,528.32,524.34,521.34,519.14,517.65,516.18,514.13,511.68,508.75,504.92,501.08,497.31,493.56,489.78,485.81,482.11,479.07,476.99,475.23,474.27,473.55,472.82,472.13,471.74,471.66,471.72,471.75,471.83,471.90,471.97,472.03,472.04,472.10,472.18,472.22,472.15,472.02,471.88,471.73,471.56,471.39,471.18,470.97,470.75,470.48,470.29,470.04,469.77,469.63,469.55,469.41,469.28,469.17,469.02,468.87,468.72,468.56,468.41,468.25,468.10,467.95,467.79,467.63,467.48,467.36,467.27,467.12,466.96,466.81,466.68,466.59,466.45,466.29,466.13,465.98,465.83,465.74,465.62,465.53,465.67,465.93,466.19,466.45,466.71,466.90,466.91,466.79,466.56,466.05,465.58,465.22,464.98,464.91,464.90,465.92,467.50,469.34,471.62,474.13,476.60,479.06,481.61,482.94,484.36,486.30,489.12,493.32,497.48,500.35,501.67,502.63,503.54,504.45,505.37,506.30,507.15,508.13,509.50,511.58,514.64,517.89,520.37,521.94,523.09,524.20,525.28,526.37,527.47,528.57,529.79,531.16,532.66,534.12,535.68,537.33,539.14,541.35,544.02,546.90,549.75,552.44,554.98,557.50,560.68,564.69,569.33,574.08,578.80,583.54,588.53,594.41,600.25,605.86,611.22,616.55,621.74,626.81,631.82,637.10,644.08,650.11,655.00,659.29,664.64,670.51,676.36,681.75,686.12,689.78
842.31,837.52,833.52,829.78,826.22,822.86,818.89,813.96,808.24,801.99,795.84,790.22,785.55,781.02,774.96,768.13,761.06,753.60,746.97,740.89,735.08,729.17,722.72,715.70,709.11,703.85,698.59,692.03,686.24,681.75,676.86,671.60,666.54,661.53,655.96,649.84,643.53,637.18,630.88,624.62,616.96,609.20,602.20,597.09,595.48,596.12,598.01,600.53,602.29,603.16,603.35,602.97,602.29,600.78,598.93,596.84,594.45,592.13,589.86,587.63,585.39,582.90,580.52,578.20,575.92,573.70,571.72,569.90,568.18,566.46,564.55,562.68,560.90,559.41,558.62,557.92,557.14,556.29,555.44,554.59,553.79,552.99,552.11,551.06,546.85,540.74,534.08,528.91,524.10,519.95,516.43,513.61,511.86,510.02,507.79,505.03,501.69,498.20,494.64,491.06,487.49,483.69,480.40,477.77,475.91,474.73,473.97,473.30,472.63,472.12,471.92,471.89,471.93,471.97,472.01,472.08,472.16,472.22,472.23,472.29,472.37,472.40,472.28,472.13,471.98,471.81,471.63,471.48,471.29,471.07,470.83,470.56,470.30,470.03,469.79,469.64,469.50,469.37,469.25,469.14,468.99,468.86,468.72,468.56,468.41,468.25,468.10,467.95,467.79,467.63,467.50,467.39,467.27,467.12,466.96,466.83,466.71,466.59,466.45,466.29,466.13,465.98,465.83,465.74,465.65,465.63,465.82,466.09,466.35,466.62,466.89,467.16,467.26,467.27,467.14,466.70,466.18,465.69,465.36,465.38,465.85,467.26,469.12,471.19,473.73,476.40,479.54,482.88,485.44,486.62,487.67,489.46,492.65,496.60,499.49,501.27,502.20,503.13,504.05,505.00,505.95,506.87,507.75,508.75,510.38,512.99,516.15,519.09,521.24,522.70,524.00,525.15,526.24,527.32,528.40,529.45,530.57,531.80,533.15,534.55,536.06,537.64,539.43,541.79,544.59,547.56,550.49,553.26,555.92,558.66,562.00,566.03,570.54,575.31,580.19,585.16,590.29,596.08,601.82,607.32,612.56,617.84,622.90,627.87,632.85,638.16,645.24,650.94,655.52,659.87,665.58,671.55,677.24,682.40,686.73,690.01
843.13,838.04,833.85,829.88,826.40,822.98,818.89,813.83,807.90,801.38,795.14,789.60,785.03,780.38,774.22,767.26,759.93,752.12,745.55,739.60,733.86,728.02,721.85,715.03,708.64,703.78,699.02,692.54,686.75,682.38,677.54,672.03,666.83,661.80,656.20,650.07,643.70,637.48,631.55,625.48,618.75,611.66,604.75,598.98,593.80,591.56,591.57,592.71,594.00,594.67,594.92,594.88,594.78,594.21,593.07,591.36,589.14,587.00,585.05,583.13,581.07,578.87,576.89,574.95,572.94,570.93,569.35,567.98,566.64,565.10,563.24,561.40,559.80,558.59,557.85,557.33,556.67,555.84,555.01,554.16,553.36,552.58,551.79,550.79,546.54,540.77,534.78,529.87,524.90,520.01,515.18,510.74,508.41,506.48,504.25,501.53,498.70,495.54,492.13,488.63,485.20,481.57,478.77,476.59,474.97,474.38,473.75,473.07,472.48,472.19,472.12,472.12,472.14,472.19,472.21,472.26,472.34,472.41,472.42,472.48,472.54,472.55,472.40,472.25,472.09,471.92,471.71,471.54,471.38,471.19,470.95,470.72,470.38,470.09,469.86,469.69,469.49,469.36,469.25,469.10,468.95,468.83,468.71,468.55,468.41,468.25,468.10,467.95,467.79,467.63,467.54,467.42,467.27,467.12,466.96,466.85,466.74,466.60,466.45,466.29,466.13,465.98,465.83,465.74,465.70,465.76,466.00,466.23,466.50,466.79,467.04,467.33,467.57,467.69,467.64,467.35,466.86,466.33,465.96,466.17,467.25,468.84,470.77,473.06,475.70,478.59,482.65,487.17,489.69,490.59,491.10,492.68,496.25,499.26,500.70,501.64,502.55,503.46,504.39,505.36,506.33,507.26,508.19,509.17,511.04,514.22,517.32,519.87,521.81,523.36,524.85,526.10,527.23,528.31,529.38,530.39,531.40,532.48,533.68,535.06,536.56,538.06,539.81,542.37,545.32,548.34,551.33,554.24,557.04,560.07,563.48,567.34,571.76,576.56,581.67,586.94,592.25,597.77,603.35,608.72,613.84,619.03,623.98,628.91,633.92,639.25,646.16,651.65,656.15,660.67,666.75,672.64,678.09,683.00,687.16,689.99
843.42,838.21,833.93,829.89,826.38,822.77,818.61,813.59,807.63,800.83,794.52,789.11,784.60,779.72,773.42,766.28,758.71,750.84,744.31,738.40,732.68,726.91,720.95,714.39,708.37,704.02,699.57,693.00,687.07,682.66,677.79,672.20,666.82,661.56,655.83,649.78,643.36,637.26,631.75,625.70,619.06,612.60,606.72,601.67,595.97,591.73,589.04,587.83,587.86,588.17,588.38,588.38,588.36,588.11,587.20,585.76,584.08,582.24,580.59,579.01,577.33,575.42,573.59,571.86,570.26,568.87,567.58,566.33,565.07,563.68,561.91,560.28,558.88,557.75,556.96,556.51,555.99,555.33,554.61,553.78,552.95,552.17,551.43,550.49,545.01,539.16,534.55,530.53,525.75,520.76,515.73,510.87,507.48,504.25,501.27,498.62,495.97,492.97,489.71,486.33,483.03,479.68,477.12,475.43,474.61,474.13,473.53,472.96,472.55,472.39,472.36,472.36,472.37,472.39,472.40,472.45,472.53,472.60,472.65,472.68,472.69,472.63,472.48,472.32,472.16,472.00,471.81,471.61,471.45,471.25,471.04,470.84,470.57,470.26,469.97,469.77,469.58,469.44,469.30,469.14,468.99,468.81,468.65,468.51,468.40,468.25,468.10,467.95,467.79,467.63,467.54,467.43,467.27,467.12,466.96,466.82,466.70,466.59,466.45,466.29,466.13,465.98,465.83,465.74,465.75,465.90,466.17,466.41,466.66,466.93,467.21,467.47,467.75,467.97,468.06,467.94,467.52,467.00,466.75,467.31,468.52,470.28,472.32,474.57,477.11,481.12,486.25,491.36,494.06,494.58,494.39,495.28,498.27,500.16,501.18,501.97,502.80,503.63,504.54,505.48,506.44,507.41,508.35,509.33,511.43,515.11,518.36,520.58,522.35,523.93,525.47,526.94,528.20,529.30,530.31,531.27,532.27,533.27,534.35,535.68,537.06,538.47,540.26,543.08,546.19,549.32,552.38,555.36,558.31,561.56,565.03,568.79,573.09,577.93,583.24,588.65,593.88,599.09,604.63,610.00,614.99,619.94,624.86,629.88,634.99,640.31,646.80,652.24,657.00,661.97,668.31,673.85,678.91,683.55,687.39,689.81
843.21,837.97,833.77,829.76,826.14,822.40,818.14,813.10,807.03,800.17,793.94,788.65,784.13,779.07,772.63,765.33,757.54,749.66,743.20,737.28,731.51,725.84,720.18,713.89,708.16,704.18,699.95,693.36,687.35,682.86,677.84,672.18,666.59,661.06,655.21,649.20,642.89,637.02,631.83,625.83,619.26,613.25,608.15,603.75,598.75,593.86,589.54,586.39,584.74,583.77,583.01,582.35,581.92,581.48,580.63,579.53,578.52,577.36,576.19,574.97,573.62,572.00,570.27,568.86,567.87,567.04,565.93,564.71,563.48,562.19,560.67,559.28,558.03,556.92,556.02,555.61,555.21,554.71,554.10,553.33,552.52,551.74,550.95,549.56,543.42,537.75,534.12,530.67,526.30,521.51,516.53,511.52,507.32,503.19,499.62,496.82,494.01,490.89,487.61,484.31,481.10,477.91,475.79,474.67,474.35,473.94,473.41,472.96,472.68,472.62,472.61,472.61,472.61,472.61,472.63,472.68,472.73,472.80,472.87,472.88,472.83,472.72,472.56,472.39,472.23,472.07,471.91,471.70,471.52,471.33,471.12,470.95,470.74,470.45,470.11,469.82,469.64,469.49,469.33,469.18,469.02,468.82,468.64,468.50,468.40,468.25,468.10,467.95,467.79,467.66,467.55,467.43,467.27,467.12,466.96,466.81,466.68,466.59,466.45,466.29,466.13,465.98,465.83,465.75,465.84,466.05,466.34,466.59,466.83,467.09,467.37,467.62,467.90,468.18,468.39,468.43,468.15,467.69,467.56,468.51,469.85,471.73,473.84,476.02,478.50,483.83,489.99,495.27,497.54,497.77,497.32,497.66,499.64,500.75,501.56,502.32,503.09,503.87,504.73,505.62,506.53,507.51,508.46,509.53,511.83,515.82,519.23,521.29,522.94,524.55,526.12,527.74,529.12,530.27,531.23,532.18,533.15,534.11,535.10,536.34,537.64,539.13,541.14,544.22,547.45,550.61,553.66,556.66,559.71,563.05,566.53,570.23,574.51,579.38,584.73,590.08,595.04,600.11,605.70,611.07,615.97,620.86,625.98,631.10,636.18,641.43,647.44,652.75,657.82,663.39,669.89,675.12,679.65,683.73,687.15,689.24
842.45,837.28,833.31,829.43,825.66,821.83,817.49,812.29,806.03,799.36,793.36,788.20,783.63,778.43,771.88,764.43,756.45,748.56,742.19,736.25,730.36,724.84,719.58,713.55,707.97,704.17,700.09,693.61,687.61,682.97,677.69,671.93,666.12,660.32,654.44,648.39,642.38,636.84,631.80,625.91,619.53,613.81,609.01,604.96,601.63,597.64,593.17,588.83,585.16,581.90,579.14,577.05,575.68,574.49,573.52,572.83,572.49,572.29,571.74,570.89,569.81,568.50,566.90,565.98,565.77,565.38,564.32,563.10,561.86,560.63,559.52,558.38,557.22,556.08,555.06,554.66,554.36,553.97,553.41,552.78,552.05,551.29,550.25,547.75,541.90,536.85,533.57,530.16,526.43,522.11,517.31,512.29,507.69,503.32,499.50,496.28,492.97,489.42,485.92,482.60,479.52,476.34,474.90,474.44,474.13,473.80,473.40,473.07,472.88,472.87,472.87,472.87,472.87,472.87,472.93,472.95,472.96,472.98,473.05,473.07,472.99,472.84,472.68,472.47,472.29,472.13,471.98,471.81,471.60,471.41,471.24,471.02,470.84,470.63,470.30,469.84,469.64,469.49,469.33,469.18,469.02,468.86,468.70,468.55,468.41,468.25,468.10,467.95,467.80,467.71,467.58,467.43,467.27,467.12,466.96,466.81,466.68,466.59,466.45,466.29,466.13,465.98,465.83,465.80,465.94,466.23,466.47,466.76,467.02,467.25,467.50,467.80,468.05,468.32,468.60,468.79,468.73,468.37,468.38,469.73,471.27,473.20,475.29,477.44,480.00,486.68,493.71,498.73,499.80,499.90,499.73,499.79,500.44,501.23,501.96,502.70,503.47,504.24,505.04,505.82,506.66,507.60,508.58,509.82,512.29,516.36,519.93,522.00,523.64,525.26,526.87,528.49,530.00,531.24,532.12,533.10,534.05,534.98,535.95,537.06,538.33,540.14,542.63,545.91,549.19,552.25,555.20,558.16,561.25,564.53,567.94,571.64,576.04,580.89,586.09,591.14,595.68,600.81,606.50,611.90,616.76,621.85,627.40,632.62,637.52,642.62,648.14,653.22,658.60,664.93,671.45,676.44,680.31,683.47,686.40,688.23
841.46,836.42,832.47,828.57,824.70,820.71,816.38,811.32,805.01,798.59,792.82,787.75,783.11,777.75,771.11,763.59,755.54,747.71,741.21,735.13,729.32,724.33,719.18,713.23,707.75,704.02,699.97,693.65,687.63,682.73,677.28,671.32,665.55,659.98,654.30,648.34,642.25,636.58,631.42,625.55,619.72,614.52,610.10,606.46,603.69,600.55,596.83,592.60,588.34,584.28,580.97,578.53,576.16,573.80,571.92,570.46,569.12,567.67,566.70,565.93,565.19,564.69,563.83,563.47,563.64,563.46,562.65,561.50,560.21,558.94,557.90,557.17,556.34,555.25,554.18,553.74,553.44,553.10,552.62,552.06,551.43,550.57,548.72,544.11,539.42,535.59,532.52,529.33,525.81,521.86,517.41,512.49,507.86,503.42,499.25,495.39,491.84,488.17,484.50,481.19,478.80,476.24,474.98,474.47,474.13,473.82,473.48,473.23,473.13,473.15,473.16,473.16,473.16,473.17,473.20,473.21,473.21,473.22,473.25,473.19,473.07,472.91,472.75,472.57,472.40,472.23,472.05,471.88,471.67,471.48,471.31,471.08,470.91,470.69,470.34,469.85,469.64,469.49,469.33,469.18,469.02,468.87,468.72,468.56,468.41,468.25,468.10,467.96,467.85,467.73,467.58,467.43,467.27,467.12,466.96,466.81,466.68,466.59,466.45,466.29,466.13,465.98,465.84,465.90,466.10,466.37,466.64,466.91,467.18,467.44,467.68,467.94,468.21,468.48,468.75,469.01,469.13,468.99,469.29,471.00,472.42,474.27,476.33,478.69,482.35,489.47,495.98,500.00,500.75,500.84,500.80,500.84,501.10,501.71,502.42,503.18,503.94,504.68,505.44,506.21,507.00,507.86,508.73,510.11,512.82,517.09,520.65,522.85,524.58,526.19,527.81,529.40,530.96,532.26,533.08,533.96,534.87,535.82,536.80,537.86,539.12,541.53,544.88,548.37,551.10,553.81,556.65,559.63,562.79,566.04,569.44,573.17,577.59,582.34,587.28,592.00,596.29,601.25,607.12,612.66,617.55,622.81,628.43,633.69,638.65,643.79,649.19,654.38,660.36,667.45,673.05,677.57,680.97,683.60,686.25,686.97
840.29,835.43,831.43,827.49,823.52,819.39,815.05,810.12,803.75,797.66,792.16,787.18,782.50,777.01,770.31,762.77,754.73,746.99,740.28,734.06,728.41,723.95,718.82,712.89,707.49,703.75,699.59,693.53,687.61,682.45,676.84,670.75,665.13,659.90,654.49,648.64,642.38,636.45,631.12,625.27,619.91,615.17,611.09,607.79,605.22,602.74,599.83,596.09,591.83,587.60,584.18,581.63,578.59,575.33,572.60,570.29,567.88,565.09,563.24,562.02,561.21,561.21,561.03,561.13,561.47,561.38,560.82,559.81,558.52,557.18,556.14,555.74,555.25,554.34,553.30,552.82,552.50,552.18,551.79,551.29,550.30,548.78,546.05,540.28,536.84,534.10,531.21,528.23,524.87,521.23,517.15,512.39,507.83,503.39,498.92,494.48,490.64,486.83,483.11,479.97,478.32,476.47,475.27,474.58,474.22,473.91,473.62,473.43,473.38,473.43,473.46,473.46,473.46,473.46,473.46,473.46,473.46,473.44,473.43,473.30,473.15,472.99,472.82,472.66,472.51,472.33,472.12,471.95,471.75,471.55,471.37,471.14,470.96,470.70,470.32,469.85,469.64,469.49,469.33,469.18,469.02,468.87,468.72,468.56,468.41,468.26,468.12,467.98,467.88,467.74,467.58,467.43,467.27,467.12,466.96,466.81,466.68,466.59,466.45,466.29,466.13,465.99,465.87,466.03,466.27,466.51,466.81,467.06,467.34,467.62,467.86,468.09,468.37,468.64,468.90,469.19,469.43,469.55,470.17,472.12,473.48,475.24,477.22,479.78,484.71,492.05,497.72,500.59,501.25,501.44,501.53,501.62,501.75,502.20,502.89,503.66,504.42,505.13,505.89,506.66,507.42,508.19,508.95,510.51,513.51,517.90,521.35,523.72,525.57,527.19,528.79,530.36,531.95,533.29,534.09,534.86,535.73,536.67,537.65,538.70,540.35,543.48,547.46,550.82,552.98,555.36,558.09,561.10,564.32,567.58,570.99,574.74,579.14,583.76,588.37,592.72,596.80,601.63,607.67,613.37,618.31,623.75,629.38,634.72,639.85,645.14,650.53,656.00,662.50,669.99,674.68,678.62,681.59,683.78,685.87,685.49
838.76,834.15,830.12,826.16,822.12,817.93,813.48,808.33,801.74,796.22,791.12,786.25,781.57,776.13,769.47,761.98,754.01,746.44,739.51,733.25,727.83,723.53,718.36,712.48,707.14,703.25,698.61,693.07,687.56,682.30,676.57,670.60,665.23,660.29,655.14,649.42,642.96,636.78,631.39,625.62,620.20,615.49,611.56,608.39,605.81,603.37,600.73,597.57,593.92,590.20,586.86,584.04,581.33,578.45,575.71,573.24,571.02,568.40,565.17,562.07,559.86,558.97,558.79,558.99,559.25,559.00,558.52,557.77,556.72,555.38,554.34,553.87,553.56,553.13,552.42,551.88,551.53,551.26,550.92,550.52,547.69,543.92,540.54,537.38,534.77,532.23,529.53,526.59,523.59,520.21,516.32,511.81,507.37,503.00,498.49,493.79,489.27,485.02,481.57,479.12,477.83,476.48,475.42,474.71,474.35,474.09,473.88,473.72,473.62,473.63,473.68,473.71,473.71,473.71,473.71,473.71,473.68,473.63,473.56,473.42,473.27,473.10,472.89,472.73,472.57,472.41,472.24,472.03,471.84,471.65,471.43,471.20,470.93,470.64,470.28,469.84,469.64,469.49,469.33,469.18,469.02,468.87,468.72,468.56,468.41,468.31,468.17,468.03,467.89,467.74,467.58,467.43,467.27,467.12,466.96,466.81,466.68,466.59,466.45,466.29,466.13,466.00,465.97,466.19,466.45,466.69,466.94,467.23,467.49,467.76,468.04,468.27,468.52,468.79,469.07,469.32,469.56,469.95,470.87,472.75,474.47,476.22,477.98,480.50,486.42,494.02,499.04,500.91,501.55,502.05,502.31,502.43,502.53,502.75,503.35,504.10,504.86,505.62,506.39,507.13,507.86,508.62,509.28,511.29,514.63,518.84,521.99,524.55,526.57,528.17,529.74,531.34,532.92,534.27,535.19,535.93,536.76,537.61,538.47,539.62,542.89,546.84,550.40,552.63,554.65,556.92,559.56,562.65,565.88,569.17,572.63,576.41,580.76,585.21,589.35,593.18,597.01,602.06,608.20,613.98,619.03,624.65,630.44,635.97,641.40,647.07,652.52,658.44,665.03,671.80,676.35,679.57,682.03,683.76,684.29,683.54
836.99,832.60,828.39,824.17,820.00,815.78,811.31,806.21,799.86,794.63,789.80,785.15,780.57,775.05,768.44,761.10,753.34,745.87,738.85,732.59,727.32,723.17,717.99,712.02,706.53,702.45,697.83,692.74,687.38,681.85,676.30,670.56,665.51,660.95,656.07,650.44,643.87,637.56,632.14,626.50,620.90,616.07,612.13,608.87,606.20,603.66,601.04,598.16,594.92,591.57,588.43,585.63,583.10,580.54,577.94,575.47,573.33,571.00,567.92,564.35,560.87,558.80,557.81,557.29,556.94,556.43,556.03,555.45,554.62,553.55,552.56,552.01,551.72,551.51,551.08,550.46,549.66,548.64,547.28,546.00,543.05,539.46,536.43,534.51,532.51,530.25,527.73,525.02,522.31,518.84,514.76,510.41,506.20,501.93,497.37,492.47,487.68,483.27,480.31,478.62,477.52,476.40,475.50,474.87,474.52,474.33,474.18,474.02,473.89,473.86,473.90,473.92,473.93,473.95,473.93,473.89,473.85,473.77,473.69,473.52,473.36,473.19,473.00,472.83,472.68,472.51,472.32,472.12,471.94,471.71,471.45,471.18,470.88,470.58,470.23,469.83,469.64,469.49,469.33,469.18,469.02,468.87,468.72,468.57,468.44,468.34,468.20,468.04,467.89,467.74,467.58,467.43,467.27,467.12,466.99,466.84,466.71,466.59,466.45,466.29,466.13,466.03,466.11,466.35,466.60,466.84,467.10,467.38,467.63,467.88,468.15,468.42,468.66,468.91,469.18,469.41,469.64,470.28,471.49,473.34,475.13,476.87,478.76,481.72,487.89,495.43,499.88,501.03,501.65,502.25,502.67,503.00,503.26,503.44,503.91,504.57,505.34,506.12,506.86,507.56,508.22,508.89,509.50,511.97,515.67,519.69,522.61,525.22,527.38,529.13,530.71,532.30,533.88,535.28,536.30,537.03,537.80,538.64,539.66,541.14,544.40,548.23,551.76,554.22,556.29,558.55,561.24,564.43,567.67,570.88,574.25,577.94,582.11,586.38,590.25,593.81,597.50,602.52,608.83,614.83,620.06,625.67,631.55,637.44,643.36,649.37,654.89,661.05,667.50,673.49,677.88,680.44,682.14,683.08,682.60,681.50
835.10,830.86,826.39,821.76,817.47,813.20,808.76,803.84,798.02,792.93,788.32,783.96,779.47,773.84,767.29,760.18,752.71,745.34,738.30,732.06,726.89,722.84,717.69,711.59,705.81,701.49,697.12,692.39,687.01,681.15,675.98,670.56,665.90,661.74,657.11,651.53,644.95,638.61,633.17,627.68,621.85,616.79,612.72,609.17,606.35,603.62,600.88,598.14,595.17,592.10,589.23,586.65,584.21,581.92,579.54,577.16,575.03,573.02,570.82,567.63,563.27,560.05,557.90,556.31,555.08,554.22,553.72,553.13,552.45,551.74,550.83,550.20,549.80,549.57,549.33,548.50,547.03,544.91,542.09,539.57,537.36,535.21,533.10,531.56,530.02,528.10,525.80,523.40,520.85,517.12,512.74,508.52,504.57,500.35,495.67,490.61,485.75,481.62,479.31,478.33,477.34,476.31,475.59,475.11,474.76,474.63,474.48,474.32,474.19,474.12,474.11,474.12,474.13,474.18,474.12,474.05,473.98,473.89,473.80,473.61,473.43,473.27,473.11,472.95,472.79,472.61,472.39,472.22,472.01,471.74,471.43,471.13,470.82,470.51,470.18,469.83,469.64,469.49,469.33,469.18,469.02,468.88,468.73,468.59,468.49,468.35,468.20,468.04,467.89,467.74,467.58,467.43,467.28,467.13,467.03,466.90,466.75,466.60,466.45,466.29,466.14,466.06,466.25,466.48,466.72,466.97,467.26,467.51,467.74,467.98,468.22,468.52,468.77,469.00,469.24,469.47,469.71,470.57,472.03,473.86,475.59,477.30,479.54,483.16,489.22,496.43,500.36,501.04,501.65,502.22,502.79,503.37,503.89,504.12,504.49,505.07,505.82,506.58,507.28,507.92,508.52,509.08,509.63,512.58,516.62,520.45,523.20,525.80,528.14,530.14,531.74,533.27,534.85,536.31,537.41,538.16,538.93,539.91,541.25,543.13,545.52,548.74,552.43,555.76,558.00,560.33,563.10,566.37,569.59,572.67,575.88,579.40,583.37,587.45,591.17,594.63,598.26,603.17,609.60,615.87,621.33,626.87,632.77,639.08,645.59,651.86,657.49,663.69,669.77,674.93,679.10,681.07,681.93,681.95,680.80,679.34
833.41,828.99,824.15,819.30,814.93,810.52,805.99,801.20,795.92,791.14,786.86,782.71,778.07,772.46,766.09,759.25,752.11,744.99,738.04,731.84,726.65,722.55,717.45,711.44,705.51,700.61,696.12,691.43,686.02,680.14,675.27,670.46,666.24,662.32,657.86,652.16,645.82,639.68,634.21,628.83,622.87,617.53,613.05,608.95,605.69,602.77,600.03,597.46,594.81,591.97,589.35,587.09,584.91,582.80,580.58,578.32,576.21,574.22,572.14,569.37,565.66,562.54,559.89,557.72,555.98,554.52,553.02,551.79,550.86,550.15,549.25,548.57,547.91,547.27,546.95,545.24,543.08,540.56,537.29,534.64,532.47,530.73,529.44,528.22,526.97,525.41,523.50,521.37,518.39,514.56,510.45,506.65,502.75,498.09,493.00,487.74,482.77,480.23,478.88,478.01,477.22,476.51,475.99,475.57,475.20,474.97,474.76,474.58,474.44,474.37,474.36,474.36,474.37,474.38,474.31,474.24,474.13,474.01,473.88,473.71,473.54,473.38,473.18,473.01,472.86,472.68,472.45,472.24,471.98,471.69,471.38,471.07,470.76,470.45,470.13,469.82,469.64,469.49,469.33,469.18,469.02,468.91,468.78,468.63,468.50,468.35,468.20,468.04,467.89,467.74,467.58,467.45,467.33,467.18,467.05,466.91,466.75,466.60,466.45,466.29,466.15,466.11,466.33,466.56,466.78,467.04,467.34,467.58,467.81,468.04,468.28,468.59,468.84,469.07,469.31,469.54,469.81,470.87,472.51,474.27,476.02,477.74,480.16,484.18,490.45,497.01,500.49,501.09,501.66,502.25,502.86,503.48,504.06,504.49,504.99,505.56,506.20,506.86,507.47,508.06,508.62,509.16,509.70,513.09,517.42,521.06,523.77,526.54,529.22,531.54,533.01,534.34,535.85,537.34,538.53,539.37,540.57,542.05,543.77,545.75,547.90,550.81,554.31,557.82,560.23,562.62,565.33,568.40,571.50,574.53,577.64,581.00,584.88,588.86,592.53,595.95,599.55,604.69,610.85,617.09,623.01,628.63,634.49,641.05,647.94,654.26,660.05,665.88,671.18,675.40,679.12,680.64,681.00,680.50,678.76,676.76
831.70,827.10,822.02,816.98,812.44,807.85,803.22,798.53,793.63,789.26,785.30,781.28,776.44,770.93,764.73,758.11,751.30,744.66,737.86,731.68,726.47,722.21,717.05,711.02,704.94,699.64,695.10,690.33,684.93,679.17,674.46,670.07,666.15,662.38,658.00,652.39,646.33,640.41,634.95,629.74,623.63,618.03,613.25,608.75,605.00,601.86,599.12,596.64,594.17,591.56,589.21,587.25,585.28,583.31,581.23,579.10,577.01,574.98,572.91,570.47,567.49,564.58,561.73,559.23,557.14,555.22,553.08,551.29,549.99,549.18,548.29,547.46,546.53,545.54,544.90,542.88,540.62,538.03,534.35,531.38,528.95,527.09,525.87,524.81,523.76,522.46,520.82,518.76,515.54,511.85,508.15,504.62,500.60,495.59,490.41,485.47,480.77,479.37,478.73,478.00,477.40,476.90,476.48,476.10,475.74,475.43,475.17,474.94,474.76,474.65,474.61,474.59,474.57,474.54,474.47,474.40,474.29,474.13,473.98,473.82,473.66,473.47,473.27,473.10,472.94,472.73,472.48,472.23,471.94,471.63,471.31,471.01,470.70,470.39,470.08,469.81,469.64,469.49,469.34,469.20,469.06,468.95,468.82,468.66,468.51,468.35,468.20,468.04,467.89,467.76,467.61,467.48,467.37,467.22,467.06,466.91,466.75,466.60,466.45,466.29,466.19,466.19,466.39,466.62,466.85,467.10,467.38,467.62,467.85,468.09,468.35,468.63,468.88,469.12,469.37,469.61,469.95,471.15,472.93,474.66,476.42,478.16,480.75,485.13,491.60,497.50,500.55,501.15,501.72,502.31,502.92,503.54,504.15,504.72,505.30,505.88,506.45,507.05,507.60,508.14,508.68,509.22,509.80,513.56,518.20,521.87,524.70,527.60,530.47,533.01,534.63,535.89,537.32,538.79,540.03,541.14,542.70,544.52,546.52,548.78,551.11,553.88,557.04,560.22,562.66,565.09,567.70,570.56,573.54,576.57,579.64,582.88,586.58,590.52,594.29,597.84,601.54,606.65,612.40,618.52,624.78,630.52,636.31,642.98,650.06,656.36,662.24,667.60,672.11,675.52,678.70,679.67,679.40,678.32,676.34,674.00
829.94,825.23,820.06,814.89,810.04,805.21,800.50,795.88,791.15,787.26,783.59,779.56,774.55,769.22,763.13,756.65,750.19,744.29,737.71,731.58,726.33,721.78,716.38,710.15,703.91,698.54,694.06,689.18,683.83,678.32,673.54,669.28,665.47,661.72,657.34,652.14,646.36,640.60,635.28,630.27,624.01,618.20,613.29,608.69,604.43,601.03,598.25,595.77,593.30,590.90,588.83,587.11,585.25,583.39,581.46,579.46,577.37,575.30,573.21,570.99,568.48,565.71,562.92,560.35,558.05,555.94,553.84,551.78,550.07,549.07,548.19,547.08,545.89,544.74,543.55,542.09,540.52,538.21,533.96,530.22,527.28,524.74,522.56,521.45,520.44,519.25,517.71,515.45,512.37,509.13,505.86,502.35,497.98,492.86,488.16,484.27,480.39,479.24,478.83,478.43,477.99,477.47,477.03,476.68,476.36,476.05,475.75,475.45,475.18,474.98,474.88,474.81,474.74,474.68,474.60,474.52,474.41,474.26,474.10,473.94,473.75,473.55,473.38,473.23,473.03,472.78,472.48,472.18,471.88,471.57,471.26,470.95,470.64,470.33,470.04,469.81,469.65,469.49,469.36,469.26,469.11,468.97,468.82,468.66,468.51,468.35,468.20,468.05,467.90,467.81,467.67,467.52,467.37,467.22,467.06,466.91,466.75,466.60,466.45,466.29,466.23,466.30,466.46,466.68,466.91,467.15,467.38,467.62,467.85,468.11,468.39,468.64,468.88,469.14,469.43,469.67,470.13,471.43,473.25,475.01,476.79,478.57,481.35,486.06,492.66,497.96,500.61,501.23,501.83,502.39,502.99,503.60,504.22,504.83,505.39,505.97,506.56,507.12,507.66,508.20,508.74,509.30,509.98,514.00,518.99,523.02,526.14,529.10,531.92,534.52,536.65,538.10,539.48,540.82,542.08,543.67,545.43,547.29,549.43,552.27,555.20,558.04,560.68,562.98,565.29,567.71,570.23,572.88,575.81,578.86,581.97,585.16,588.51,592.51,596.53,600.43,604.40,609.05,614.30,620.22,626.62,632.47,638.17,644.77,651.82,658.04,663.90,668.75,672.54,675.34,677.92,678.17,677.01,675.19,673.42,671.06
827.97,823.27,818.17,812.90,807.58,802.39,797.55,793.08,788.65,784.92,781.24,777.15,772.27,767.00,761.27,755.26,749.25,743.89,737.56,731.35,725.80,720.96,715.46,709.21,702.88,697.29,692.74,687.79,682.51,677.17,672.26,668.09,664.31,660.44,655.88,650.80,645.42,640.11,635.10,630.24,624.13,618.24,613.03,608.27,603.90,600.39,597.50,594.95,592.40,590.19,588.31,586.68,584.99,583.29,581.48,579.55,577.50,575.41,573.31,571.11,568.72,566.05,563.28,560.68,558.35,556.38,554.44,552.51,550.88,549.92,549.16,548.14,547.02,545.82,544.29,542.64,540.98,538.79,535.14,531.87,528.22,524.31,520.69,518.56,517.30,516.04,514.41,512.18,509.43,506.48,503.25,499.35,494.40,489.87,486.21,483.41,480.75,479.85,479.44,479.03,478.56,478.03,477.60,477.24,476.93,476.62,476.28,475.97,475.69,475.40,475.21,475.04,474.88,474.80,474.72,474.65,474.54,474.37,474.18,474.02,473.84,473.66,473.50,473.31,473.07,472.78,472.48,472.17,471.89,471.58,471.25,470.94,470.63,470.31,470.03,469.81,469.68,469.54,469.40,469.28,469.13,468.97,468.82,468.66,468.51,468.35,468.23,468.09,467.95,467.83,467.68,467.53,467.37,467.22,467.06,466.91,466.75,466.60,466.45,466.32,466.30,466.43,466.58,466.79,467.02,467.25,467.44,467.67,467.90,468.14,468.41,468.64,468.88,469.14,469.44,469.69,470.24,471.58,473.41,475.20,477.00,479.01,482.09,487.04,493.69,498.40,500.67,501.29,501.90,502.49,503.10,503.70,504.29,504.90,505.49,506.06,506.64,507.18,507.72,508.28,508.86,509.49,510.74,515.04,520.10,524.20,527.65,530.59,533.39,536.12,538.59,540.26,541.75,543.17,544.58,546.24,548.35,550.75,553.45,556.50,559.27,561.80,564.09,566.15,568.30,570.54,572.90,575.46,578.23,581.28,584.43,587.72,591.47,595.59,599.64,603.56,607.50,611.64,616.58,622.36,628.66,634.26,639.83,646.19,653.01,659.31,665.12,669.47,672.68,674.97,676.55,676.17,674.72,672.69,670.32,667.42
825.82,821.15,816.15,810.80,805.05,799.60,794.68,790.31,786.16,782.44,778.62,774.48,769.84,764.68,759.32,753.80,748.29,743.37,737.27,730.97,725.07,719.90,714.34,708.21,701.92,696.06,691.29,686.27,681.06,675.82,670.80,666.61,662.70,658.62,653.88,648.91,643.96,639.17,634.53,629.77,623.85,617.91,612.48,607.66,603.31,599.78,596.80,594.09,591.45,589.46,587.77,586.20,584.65,583.11,581.40,579.52,577.49,575.38,573.25,571.01,568.62,566.00,563.26,560.72,558.54,556.87,555.11,553.38,551.93,551.06,550.39,549.57,548.62,547.44,545.68,543.74,541.82,539.77,537.14,534.54,530.13,524.79,519.72,516.40,514.56,513.01,511.21,509.04,506.64,503.88,500.49,496.04,491.03,487.43,484.85,482.94,481.34,480.64,480.17,479.68,479.13,478.60,478.16,477.81,477.49,477.17,476.81,476.50,476.22,475.85,475.58,475.30,475.07,474.96,474.87,474.78,474.66,474.48,474.26,474.10,473.94,473.78,473.61,473.38,473.10,472.80,472.49,472.18,471.93,471.62,471.26,470.95,470.64,470.33,470.04,469.83,469.72,469.59,469.44,469.28,469.13,468.97,468.82,468.67,468.52,468.37,468.26,468.15,467.99,467.83,467.68,467.53,467.37,467.22,467.06,466.91,466.75,466.60,466.45,466.35,466.38,466.53,466.69,466.90,467.13,467.35,467.52,467.75,467.97,468.21,468.44,468.66,468.89,469.15,469.44,469.70,470.32,471.70,473.55,475.38,477.25,479.54,482.88,487.93,494.67,498.82,500.75,501.36,501.97,502.59,503.20,503.80,504.36,504.98,505.59,506.16,506.70,507.24,507.78,508.37,508.97,509.70,511.67,516.22,521.28,525.47,529.27,532.29,535.13,537.92,540.46,542.31,543.92,545.49,547.11,549.05,551.67,554.64,557.77,560.81,563.26,565.43,567.48,569.47,571.47,573.54,575.78,578.26,580.89,583.92,587.16,590.71,595.01,599.34,603.28,606.99,610.69,614.34,619.01,624.62,630.73,636.03,641.47,647.54,654.04,660.37,666.03,669.95,672.67,674.47,675.13,674.17,672.46,670.18,667.03,663.48
823.28,818.64,813.66,808.25,802.35,797.06,792.26,787.82,783.71,779.76,775.74,771.59,767.29,762.50,757.26,752.00,747.06,742.45,736.53,730.17,723.99,718.48,712.81,707.12,701.21,695.05,689.71,684.60,679.40,674.12,669.14,664.55,660.07,655.55,650.90,646.21,641.73,637.45,633.20,628.44,622.47,616.56,611.28,606.80,602.51,599.12,596.16,593.08,590.40,588.69,587.30,585.88,584.34,582.80,581.17,579.38,577.25,575.05,572.88,570.61,568.13,565.47,562.75,560.53,558.97,557.81,556.15,554.43,553.01,552.23,551.53,550.84,550.08,549.04,547.24,545.32,543.42,541.74,540.38,537.87,532.76,526.42,520.37,516.18,513.00,510.54,508.53,506.36,504.09,501.33,497.52,492.44,489.30,487.05,485.15,483.47,481.94,481.26,480.76,480.24,479.69,479.16,478.75,478.41,478.05,477.68,477.39,477.05,476.67,476.34,475.99,475.70,475.46,475.27,475.08,474.93,474.76,474.56,474.38,474.22,474.07,473.90,473.68,473.40,473.13,472.86,472.56,472.25,471.95,471.64,471.32,471.01,470.70,470.39,470.10,469.89,469.74,469.59,469.44,469.28,469.13,468.97,468.85,468.74,468.58,468.43,468.32,468.20,468.00,467.83,467.68,467.53,467.37,467.22,467.06,466.91,466.75,466.60,466.45,466.39,466.44,466.60,466.75,466.96,467.20,467.43,467.64,467.87,468.10,468.33,468.55,468.73,468.95,469.19,469.44,469.71,470.41,471.83,473.73,475.73,477.71,480.30,483.72,488.52,495.46,499.22,500.88,501.48,502.04,502.65,503.27,503.88,504.48,505.10,505.67,506.22,506.76,507.31,507.85,508.43,509.03,509.87,512.59,517.27,522.39,527.00,531.18,534.66,537.70,540.30,542.26,544.00,545.67,547.34,549.27,552.61,556.09,559.25,562.00,564.68,566.99,569.05,571.00,572.90,574.84,576.92,579.15,581.56,584.17,587.13,590.68,594.86,599.51,604.21,607.85,610.86,613.94,617.22,621.59,626.88,632.66,637.86,643.27,649.02,655.04,661.11,666.33,670.02,672.46,673.74,674.11,672.72,670.25,667.03,663.25,659.23
820.16,815.69,810.74,805.22,799.87,794.89,790.16,785.65,781.41,777.08,772.83,768.69,764.57,760.09,755.03,750.05,745.57,741.13,735.34,728.97,722.64,716.92,711.35,705.98,700.34,694.04,688.15,682.88,677.62,672.14,666.78,661.64,656.76,652.11,647.60,643.20,639.22,635.45,631.46,626.41,620.59,614.96,609.96,605.75,601.54,597.99,594.77,591.63,589.39,587.96,586.72,585.39,583.94,582.41,580.81,578.99,576.74,574.47,572.24,569.91,567.38,564.75,562.11,560.17,559.02,558.12,556.81,555.35,554.08,553.32,552.56,551.84,551.09,550.13,548.69,546.88,544.97,543.26,541.96,539.56,534.39,527.90,521.62,516.86,512.81,509.53,506.83,504.14,501.63,498.55,494.70,490.48,488.62,487.16,485.65,484.06,482.56,481.88,481.38,480.83,480.26,479.71,479.31,478.96,478.57,478.22,477.89,477.51,477.11,476.79,476.42,476.12,475.89,475.66,475.40,475.15,474.91,474.69,474.50,474.35,474.17,473.97,473.71,473.43,473.17,472.88,472.58,472.27,471.96,471.65,471.35,471.07,470.76,470.45,470.16,469.91,469.75,469.61,469.48,469.32,469.16,469.01,468.89,468.80,468.64,468.49,468.37,468.22,468.00,467.83,467.68,467.53,467.37,467.22,467.06,466.91,466.75,466.60,466.45,466.44,466.54,466.69,466.85,467.06,467.28,467.49,467.72,467.95,468.19,468.42,468.64,468.83,469.05,469.28,469.51,469.75,470.51,472.00,473.99,476.07,478.14,480.95,484.43,489.01,495.82,499.40,500.96,501.57,502.14,502.75,503.37,503.98,504.57,505.19,505.75,506.29,506.83,507.37,507.91,508.48,509.06,509.98,513.11,518.16,523.59,528.48,532.94,536.74,539.78,542.10,543.90,545.66,547.46,549.61,552.62,556.60,560.13,563.16,565.83,568.54,570.82,572.86,574.77,576.67,578.64,580.63,582.76,585.15,587.78,591.00,595.05,599.81,604.67,608.97,612.13,614.73,617.44,620.58,624.60,629.37,634.63,639.69,645.01,650.56,656.16,661.37,665.85,669.10,671.27,672.44,672.99,671.37,668.04,663.61,659.07,654.43
816.59,812.27,807.37,801.91,797.50,792.93,788.27,783.67,779.22,774.44,769.95,765.80,761.71,757.43,752.62,747.96,743.83,739.39,733.67,727.36,721.00,715.23,709.89,704.81,699.33,692.93,686.62,681.13,675.74,670.06,664.09,658.27,653.02,648.33,644.07,640.02,636.54,633.17,629.26,623.84,618.33,613.17,608.55,604.57,600.39,596.47,592.91,589.99,588.45,587.24,586.04,584.79,583.46,581.97,580.33,578.43,576.06,573.73,571.41,569.01,566.46,563.90,561.37,559.67,558.79,557.95,557.10,556.06,555.02,554.24,553.41,552.59,551.73,550.84,549.92,548.27,546.32,544.34,542.37,540.05,535.20,529.10,523.10,518.01,513.53,509.53,505.88,502.32,499.34,495.81,492.21,489.67,488.57,487.48,486.16,484.66,483.19,482.50,481.99,481.43,480.83,480.28,479.85,479.46,479.08,478.75,478.33,477.92,477.54,477.23,476.85,476.56,476.32,476.08,475.78,475.43,475.12,474.88,474.64,474.46,474.26,474.02,473.72,473.48,473.19,472.89,472.59,472.28,471.97,471.66,471.36,471.12,470.82,470.51,470.20,469.93,469.75,469.65,469.53,469.38,469.23,469.07,468.96,468.86,468.70,468.56,468.40,468.22,468.00,467.84,467.68,467.53,467.37,467.22,467.06,466.91,466.75,466.60,466.46,466.51,466.66,466.82,466.97,467.19,467.38,467.56,467.79,468.02,468.26,468.49,468.71,468.94,469.17,469.40,469.62,469.82,470.60,472.19,474.27,476.37,478.53,481.50,485.04,489.44,495.91,499.44,501.02,501.64,502.25,502.87,503.49,504.08,504.64,505.25,505.81,506.35,506.89,507.43,507.97,508.52,509.09,510.07,513.44,518.98,524.84,529.92,534.55,538.54,541.45,543.50,545.41,547.31,549.45,552.45,556.77,560.78,563.89,566.69,569.52,572.49,574.84,576.88,578.81,580.75,582.80,584.64,586.63,589.07,591.74,595.50,600.12,605.23,610.06,613.53,616.21,618.61,621.16,624.32,628.02,632.21,636.83,641.64,646.80,652.25,657.46,661.43,664.98,667.64,669.59,670.94,671.79,669.83,665.57,659.93,654.54,649.12
812.63,807.80,802.85,798.77,794.99,790.85,786.38,781.68,776.94,772.03,767.39,763.03,758.74,754.29,749.87,745.64,741.46,736.55,730.88,724.81,718.69,713.16,708.17,703.51,698.16,691.32,685.11,679.38,673.84,668.26,662.19,655.52,649.25,643.96,640.24,637.02,633.86,630.24,625.78,620.66,615.62,611.04,606.99,603.17,598.79,594.53,591.05,589.02,587.73,586.52,585.33,584.12,582.86,581.48,579.78,577.70,575.27,572.89,570.49,568.02,565.48,562.93,560.64,559.14,558.35,557.60,556.87,556.05,555.21,554.44,553.63,552.84,552.02,551.20,550.38,548.77,546.77,544.62,542.43,539.92,535.16,529.32,523.65,518.76,514.30,509.94,505.54,501.20,497.79,494.28,491.13,489.31,488.33,487.35,486.29,485.13,483.83,483.11,482.56,482.01,481.44,480.90,480.43,480.00,479.57,479.16,478.75,478.37,478.03,477.67,477.28,476.99,476.75,476.46,476.11,475.76,475.43,475.11,474.79,474.55,474.31,474.03,473.72,473.48,473.19,472.90,472.64,472.33,472.02,471.71,471.41,471.13,470.82,470.51,470.22,469.98,469.81,469.70,469.59,469.45,469.29,469.18,469.06,468.92,468.77,468.62,468.43,468.24,468.05,467.85,467.68,467.53,467.37,467.22,467.06,466.91,466.75,466.61,466.54,466.63,466.79,466.94,467.10,467.27,467.47,467.68,467.91,468.14,468.37,468.59,468.78,469.00,469.24,469.47,469.68,469.84,470.62,472.25,474.37,476.48,478.81,481.93,485.50,489.74,496.01,499.47,501.05,501.70,502.32,502.94,503.56,504.16,504.75,505.32,505.87,506.41,506.95,507.49,508.03,508.60,509.18,510.23,514.27,520.05,526.01,531.29,536.00,539.86,542.69,544.76,546.73,548.95,552.66,557.02,560.94,564.48,567.57,570.73,574.05,576.98,579.45,581.57,583.50,585.44,587.42,589.24,591.24,593.71,596.56,601.24,606.07,610.40,614.23,617.38,620.17,622.77,625.38,628.63,632.33,636.21,640.20,644.43,649.24,654.53,659.33,662.08,664.68,666.86,668.81,670.38,670.54,666.75,661.45,655.69,649.57,642.88
807.80,803.07,798.66,795.68,792.39,788.54,784.25,779.57,774.65,769.76,765.00,760.25,755.35,750.72,746.64,742.66,738.32,733.15,727.61,721.80,716.00,710.86,706.33,701.90,696.50,689.45,683.39,677.50,671.94,666.63,660.84,653.64,646.50,640.54,637.02,634.19,630.91,626.90,622.15,617.50,613.01,609.00,605.43,601.76,597.08,592.73,589.57,588.22,587.03,585.82,584.62,583.44,582.20,580.88,579.02,576.72,574.24,571.82,569.40,566.95,564.46,561.97,560.05,558.79,558.03,557.31,556.60,555.88,555.16,554.40,553.63,552.87,552.11,551.34,550.53,548.93,546.84,544.53,542.19,539.37,534.68,529.25,524.10,519.42,514.97,510.31,505.37,500.49,496.79,493.26,490.37,489.06,488.08,487.16,486.31,485.45,484.41,483.71,483.15,482.60,482.06,481.52,481.02,480.54,480.08,479.58,479.17,478.81,478.47,478.08,477.70,477.37,477.07,476.73,476.34,475.99,475.63,475.23,474.87,474.61,474.34,474.03,473.74,473.49,473.21,472.93,472.67,472.37,472.06,471.75,471.44,471.13,470.84,470.55,470.28,470.06,469.88,469.77,469.66,469.50,469.35,469.26,469.14,468.99,468.83,468.66,468.46,468.26,468.08,467.88,467.69,467.53,467.37,467.22,467.06,466.91,466.75,466.63,466.64,466.76,466.90,467.04,467.19,467.35,467.54,467.78,468.01,468.24,468.47,468.69,468.87,469.09,469.31,469.52,469.71,469.85,470.63,472.28,474.43,476.67,479.16,482.42,486.01,490.15,496.38,499.61,501.06,501.74,502.38,503.02,503.64,504.25,504.85,505.39,505.93,506.48,507.04,507.57,508.12,508.69,509.30,510.50,515.56,521.54,527.32,532.48,536.89,540.18,542.99,545.57,548.08,551.47,556.38,561.34,564.87,568.31,571.66,575.28,579.06,582.06,584.55,586.71,588.69,590.65,592.54,594.42,596.54,599.11,602.17,606.90,611.36,614.93,617.95,620.94,623.88,626.73,629.55,632.90,636.63,640.28,643.75,647.49,652.08,656.86,660.89,662.89,664.88,666.77,668.41,669.34,668.45,663.36,657.37,651.47,644.74,637.36
801.76,798.29,795.32,792.59,789.66,785.92,781.74,777.26,772.42,767.64,762.77,757.42,751.33,746.64,742.73,738.73,734.15,729.18,723.89,718.34,712.88,708.28,704.35,699.81,694.14,687.31,681.32,675.45,670.04,665.17,660.12,652.98,645.36,638.78,634.88,631.61,627.58,623.11,618.66,614.55,610.70,607.19,603.91,600.37,595.33,591.28,588.71,587.51,586.35,585.13,583.93,582.75,581.51,580.10,577.99,575.40,572.87,570.40,568.07,565.76,563.40,561.03,559.65,558.72,557.95,557.19,556.42,555.66,554.92,554.21,553.45,552.72,551.99,551.23,550.45,548.78,546.54,544.07,541.58,538.29,533.72,528.93,524.62,520.03,515.43,510.51,505.28,500.26,496.45,492.72,489.77,488.82,487.90,487.02,486.26,485.60,484.90,484.31,483.77,483.23,482.69,482.14,481.61,481.11,480.62,480.03,479.60,479.22,478.84,478.45,478.06,477.65,477.24,476.85,476.41,476.01,475.60,475.18,474.86,474.61,474.33,474.04,473.79,473.50,473.24,472.98,472.68,472.37,472.06,471.75,471.44,471.14,470.88,470.64,470.40,470.17,469.95,469.83,469.72,469.56,469.42,469.32,469.20,469.05,468.89,468.68,468.49,468.31,468.09,467.92,467.72,467.53,467.37,467.22,467.06,466.91,466.75,466.64,466.74,466.88,467.01,467.11,467.26,467.42,467.61,467.84,468.07,468.31,468.53,468.76,468.98,469.21,469.40,469.56,469.71,469.85,470.67,472.31,474.52,477.03,479.68,483.01,486.62,490.78,497.19,499.93,501.06,501.75,502.44,503.13,503.77,504.36,504.91,505.46,506.00,506.56,507.16,507.71,508.25,508.79,509.40,510.94,517.41,523.59,528.87,533.36,536.97,539.09,541.92,545.75,549.59,555.34,560.54,564.81,568.39,572.42,576.41,580.51,584.57,587.87,590.24,592.39,594.51,596.55,598.33,600.37,602.72,605.48,608.75,612.10,615.38,618.50,621.34,624.21,627.20,630.28,633.48,636.98,640.66,644.10,647.27,650.77,655.33,659.12,661.82,663.76,665.70,667.56,668.35,667.24,665.06,659.86,653.78,647.44,640.27,633.24
797.63,794.73,791.99,789.03,786.13,782.76,778.98,774.80,770.17,765.41,760.14,754.32,748.15,743.10,738.81,734.59,730.06,725.35,720.18,714.90,709.93,705.91,702.12,697.19,691.29,684.95,679.05,673.45,668.48,664.16,659.63,653.04,645.32,638.26,634.16,630.27,625.84,621.26,616.98,613.04,609.29,605.78,602.35,598.42,593.37,589.97,588.05,586.82,585.58,584.40,583.25,582.09,580.88,579.08,576.68,573.97,571.38,568.98,566.70,564.45,562.22,560.28,559.18,558.37,557.59,556.78,556.01,555.23,554.50,553.85,553.22,552.54,551.83,551.10,550.29,548.39,545.97,543.41,540.75,537.05,532.58,528.18,524.33,520.17,515.49,510.40,505.09,500.09,496.12,492.36,489.57,488.83,488.09,487.35,486.69,486.10,485.49,484.93,484.39,483.85,483.31,482.73,482.20,481.70,481.15,480.38,479.80,479.34,478.92,478.50,478.07,477.63,477.17,476.75,476.32,475.93,475.52,475.12,474.81,474.56,474.30,474.04,473.81,473.54,473.27,472.99,472.69,472.41,472.11,471.80,471.49,471.19,470.94,470.73,470.53,470.29,470.06,469.92,469.78,469.63,469.52,469.40,469.25,469.06,468.90,468.68,468.50,468.32,468.09,467.94,467.72,467.53,467.37,467.22,467.06,466.91,466.76,466.68,466.80,466.95,467.10,467.22,467.37,467.52,467.72,467.95,468.18,468.38,468.60,468.83,469.06,469.25,469.42,469.57,469.72,469.89,470.70,472.45,474.84,477.45,480.20,483.60,487.56,492.26,498.13,500.29,501.16,501.85,502.51,503.20,503.84,504.43,504.98,505.56,506.11,506.68,507.28,507.83,508.40,508.96,509.87,512.37,518.86,525.13,530.18,533.85,536.90,539.27,542.73,547.48,552.64,558.65,563.67,567.87,571.85,576.09,580.63,585.14,589.24,592.33,595.06,597.78,600.49,603.02,605.23,607.31,609.25,611.15,613.66,616.22,618.95,621.81,624.54,627.43,630.46,633.58,636.82,640.43,644.13,647.58,650.68,653.75,657.34,660.33,662.62,664.61,666.45,667.40,666.94,664.68,661.51,655.96,649.73,643.29,636.21,629.47
794.14,791.42,788.41,785.08,782.13,779.16,775.87,772.08,767.72,762.95,757.34,751.28,745.50,740.03,735.19,730.67,726.22,721.63,716.54,711.51,706.97,703.32,699.35,694.03,688.04,682.19,676.42,671.31,667.00,663.28,659.11,653.16,645.56,638.22,633.91,629.47,624.71,620.08,615.91,612.00,608.19,604.51,600.78,596.46,591.63,588.86,587.43,586.10,584.81,583.65,582.52,581.36,580.04,577.81,575.16,572.43,569.85,567.55,565.31,563.09,561.05,559.61,558.69,557.92,557.13,556.30,555.51,554.73,554.01,553.42,552.94,552.32,551.64,550.92,550.03,547.85,545.23,542.53,539.59,535.52,531.20,527.18,523.63,519.84,515.05,509.88,504.69,499.89,495.99,492.46,489.85,489.03,488.44,487.85,487.26,486.69,486.06,485.49,484.93,484.36,483.80,483.18,482.63,482.12,481.50,480.57,479.88,479.36,478.88,478.43,477.96,477.50,477.03,476.58,476.18,475.79,475.41,475.04,474.74,474.50,474.26,474.03,473.80,473.56,473.29,472.99,472.70,472.45,472.16,471.85,471.55,471.26,471.02,470.83,470.65,470.42,470.19,470.01,469.86,469.71,469.62,469.48,469.28,469.07,468.90,468.69,468.51,468.32,468.11,467.94,467.73,467.54,467.37,467.22,467.06,466.91,466.78,466.75,466.88,467.03,467.19,467.34,467.49,467.65,467.84,468.06,468.29,468.46,468.67,468.90,469.11,469.26,469.42,469.57,469.73,469.93,470.75,472.66,475.25,477.93,480.83,484.33,488.75,494.12,499.06,500.65,501.32,502.00,502.64,503.34,503.99,504.59,505.13,505.70,506.26,506.84,507.44,508.00,508.59,509.15,510.46,514.12,520.29,526.50,531.34,534.32,537.04,540.12,544.39,549.93,556.16,561.74,566.43,570.73,575.11,579.54,584.47,589.21,593.22,596.22,599.55,603.04,606.48,609.57,612.18,614.15,615.51,616.47,618.09,620.11,622.48,625.09,627.75,630.69,633.76,636.90,640.15,643.83,647.39,650.72,653.71,656.19,658.63,660.98,663.25,665.37,666.92,666.67,664.95,661.90,657.81,651.89,645.53,639.12,632.32,625.87
790.84,787.62,783.98,780.22,777.39,774.62,771.76,768.60,764.53,759.81,754.37,748.78,743.77,738.01,732.63,727.72,723.13,718.22,713.13,708.24,703.77,699.74,694.96,689.60,683.95,678.27,672.63,668.62,665.45,662.35,658.18,652.65,645.61,638.55,633.73,629.15,624.05,619.18,615.07,611.09,607.21,603.30,599.26,595.06,590.90,588.31,586.70,585.27,584.09,582.87,581.68,580.40,578.42,575.90,573.21,570.61,568.31,566.06,563.82,561.73,560.04,559.01,558.20,557.42,556.65,555.85,555.03,554.23,553.53,552.99,552.51,551.96,551.35,550.64,549.57,547.07,544.18,541.12,537.53,533.15,529.26,525.80,522.40,518.39,513.29,508.27,503.73,499.56,496.65,493.90,491.37,489.63,488.93,488.38,487.80,487.18,486.46,485.84,485.18,484.48,483.83,483.15,482.50,481.89,481.24,480.38,479.79,479.27,478.76,478.30,477.84,477.38,476.91,476.45,476.00,475.60,475.24,474.92,474.67,474.44,474.20,473.97,473.74,473.50,473.26,473.01,472.75,472.46,472.16,471.88,471.62,471.37,471.14,470.95,470.78,470.54,470.31,470.14,469.96,469.77,469.68,469.50,469.31,469.12,468.91,468.74,468.54,468.34,468.16,467.95,467.76,467.57,467.37,467.22,467.06,466.91,466.81,466.86,467.00,467.16,467.31,467.46,467.62,467.77,467.94,468.13,468.36,468.57,468.80,469.01,469.17,469.28,469.42,469.57,469.73,469.94,470.91,473.01,475.76,478.53,481.81,485.54,490.45,496.33,499.77,500.97,501.63,502.32,503.00,503.74,504.44,505.06,505.53,505.98,506.55,507.13,507.69,508.29,508.85,509.40,511.10,515.95,522.04,527.75,532.23,535.20,538.05,541.94,547.06,553.18,559.61,564.58,569.02,573.34,577.77,582.66,587.56,591.98,595.80,599.56,603.81,608.18,612.35,615.83,618.15,619.54,620.50,621.36,622.63,624.38,626.37,628.57,631.22,634.17,637.30,640.62,644.16,647.72,650.51,653.07,655.48,657.09,658.72,660.82,663.37,665.86,666.49,665.00,662.37,658.88,653.73,647.70,641.35,634.95,628.63,622.47
786.84,783.22,779.15,775.18,772.08,769.39,766.91,764.32,760.78,756.17,751.34,746.68,742.16,736.17,730.51,725.36,720.48,715.20,709.97,704.98,700.26,695.80,690.78,685.54,680.10,674.50,669.54,666.26,663.59,660.69,656.56,651.33,644.88,638.34,633.38,628.43,623.02,617.94,613.68,609.42,605.19,601.16,597.30,593.42,589.91,587.62,586.03,584.52,583.20,581.95,580.53,578.74,576.31,573.66,571.18,568.93,566.76,564.55,562.39,560.56,559.29,558.50,557.71,556.93,556.15,555.38,554.57,553.76,553.04,552.51,552.07,551.57,551.02,550.24,548.64,545.91,542.80,539.36,535.25,530.95,527.38,524.10,520.37,515.33,510.42,506.01,502.15,498.85,496.48,494.18,491.81,489.70,488.88,488.22,487.52,486.79,486.02,485.44,484.84,484.17,483.47,482.78,482.08,481.43,480.81,480.12,479.60,479.12,478.64,478.18,477.71,477.25,476.78,476.32,475.86,475.43,475.06,474.77,474.56,474.34,474.10,473.87,473.64,473.43,473.21,472.98,472.74,472.46,472.18,471.94,471.73,471.50,471.27,471.06,470.87,470.66,470.44,470.24,470.04,469.83,469.71,469.53,469.34,469.15,468.95,468.76,468.56,468.37,468.18,467.98,467.79,467.60,467.40,467.22,467.06,466.92,466.87,466.98,467.13,467.28,467.44,467.58,467.71,467.87,468.03,468.22,468.42,468.65,468.87,469.05,469.20,469.28,469.42,469.57,469.72,469.92,470.98,473.29,476.37,479.50,483.03,487.22,492.52,498.26,500.49,501.43,502.13,502.85,503.55,504.31,505.03,505.69,506.26,506.62,507.04,507.50,507.99,508.59,509.15,510.20,512.64,517.86,524.03,529.24,533.26,536.26,539.37,543.95,549.85,556.42,562.37,567.00,571.32,575.63,580.13,585.34,590.00,594.05,597.86,602.43,607.45,612.48,617.12,620.73,623.03,624.42,625.42,626.35,627.50,628.99,630.67,632.59,635.07,638.08,641.26,644.51,647.77,650.67,652.84,654.86,656.78,658.11,660.10,662.53,665.02,666.62,665.59,662.93,659.57,655.52,649.74,643.42,637.04,630.85,625.03,618.66
782.17,778.29,773.98,769.96,766.40,763.74,761.58,759.48,756.60,752.27,748.35,744.79,740.47,734.37,728.71,723.47,718.23,712.57,707.12,701.82,696.69,691.83,687.01,681.96,676.56,671.00,666.95,664.03,661.34,658.32,654.29,649.24,643.40,637.57,632.74,627.22,621.55,616.31,611.72,607.01,602.32,598.34,595.00,591.59,588.66,586.74,585.29,583.75,582.13,580.80,579.02,576.50,573.85,571.22,569.15,567.38,565.24,563.07,561.09,559.60,558.76,558.05,557.24,556.44,555.66,554.88,554.10,553.29,552.55,552.02,551.61,551.16,550.60,549.58,547.22,544.34,541.04,537.24,532.79,528.87,525.51,522.00,517.45,511.16,506.84,503.31,500.14,497.75,495.55,493.39,491.23,489.22,488.31,487.49,486.60,485.73,484.98,484.51,484.06,483.51,482.83,482.15,481.46,480.82,480.30,479.80,479.34,478.91,478.49,478.03,477.56,477.11,476.66,476.19,475.73,475.27,474.88,474.61,474.44,474.22,473.99,473.75,473.53,473.35,473.14,472.91,472.68,472.45,472.21,472.01,471.84,471.61,471.38,471.15,470.95,470.78,470.55,470.33,470.10,469.88,469.73,469.57,469.38,469.17,468.99,468.78,468.60,468.41,468.20,468.03,467.82,467.63,467.45,467.23,467.06,466.96,466.95,467.10,467.25,467.40,467.55,467.69,467.79,467.93,468.12,468.33,468.50,468.71,468.89,469.05,469.19,469.28,469.42,469.57,469.72,469.88,471.02,473.62,477.14,480.79,484.50,489.36,494.90,499.85,501.18,502.00,502.77,503.52,504.23,504.99,505.71,506.45,507.18,507.51,507.73,507.98,508.35,508.93,509.56,511.46,514.85,519.85,526.15,530.89,534.43,537.48,540.97,546.15,552.71,559.55,564.60,569.12,573.41,577.70,582.27,587.63,591.90,595.66,599.64,604.99,610.63,616.08,620.94,624.51,627.02,628.83,630.22,631.34,632.53,633.82,635.29,637.04,639.30,642.34,645.44,648.35,650.86,652.78,654.54,656.22,657.83,659.52,662.64,665.65,667.62,667.39,664.28,660.56,656.56,651.87,645.73,639.03,632.63,626.85,621.51,614.70
776.50,772.61,768.26,764.21,760.82,758.47,756.58,754.65,752.08,748.97,745.90,742.53,737.89,732.07,726.99,722.09,716.66,710.56,704.95,699.53,694.24,689.33,684.71,679.51,673.85,668.25,664.06,660.86,657.97,654.88,650.92,645.97,640.74,635.73,631.05,624.81,618.97,613.64,608.57,603.31,598.99,595.50,592.56,589.73,587.28,585.35,583.75,582.32,580.73,578.79,576.46,573.82,571.32,569.21,567.49,565.89,563.97,561.80,560.16,559.02,558.27,557.56,556.78,555.96,555.16,554.38,553.61,552.82,552.09,551.53,551.12,550.72,549.69,547.65,544.69,541.75,538.29,534.30,530.09,526.55,523.17,518.64,512.49,507.46,503.65,500.60,498.10,495.94,493.77,491.54,489.41,487.71,486.98,486.31,485.51,484.65,484.01,483.61,483.18,482.65,482.09,481.50,480.83,480.25,479.85,479.43,479.01,478.61,478.21,477.74,477.24,476.84,476.49,476.07,475.61,475.14,474.79,474.57,474.37,474.14,473.91,473.68,473.45,473.25,473.03,472.80,472.57,472.38,472.20,472.02,471.86,471.68,471.45,471.22,471.01,470.85,470.63,470.39,470.16,469.95,469.78,469.59,469.40,469.21,469.00,468.78,468.60,468.42,468.20,468.03,467.82,467.63,467.46,467.23,467.06,467.01,467.07,467.21,467.33,467.47,467.63,467.77,467.90,468.05,468.22,468.40,468.55,468.74,468.90,469.04,469.15,469.27,469.42,469.57,469.72,469.96,471.54,474.64,478.57,482.46,486.35,492.20,497.57,500.57,501.61,502.46,503.31,504.12,504.90,505.64,506.38,507.12,507.85,508.42,508.68,508.84,509.04,509.40,510.64,513.18,517.00,522.16,528.11,532.34,535.60,538.91,543.24,549.06,555.64,562.05,566.78,571.35,575.53,579.71,584.36,589.32,593.41,597.32,601.78,607.69,613.80,619.18,623.73,627.48,630.30,632.34,634.05,635.65,637.11,638.61,640.10,641.81,644.26,646.86,649.04,650.90,652.62,654.20,655.83,657.43,659.33,662.56,666.22,668.43,668.70,666.61,662.29,657.84,653.24,647.86,641.22,634.25,628.18,623.11,618.12,611.68
770.86,766.98,762.60,758.54,755.52,753.51,751.82,750.05,747.89,745.78,743.23,739.82,735.00,729.82,725.34,720.65,714.99,708.76,703.12,697.55,692.11,687.45,683.07,677.68,671.62,665.69,660.82,657.19,654.02,650.81,646.96,642.19,637.49,632.87,627.65,621.06,615.24,609.92,604.68,599.49,595.60,592.54,589.94,587.61,585.59,583.71,581.95,580.35,578.58,576.12,573.60,571.36,569.30,567.61,566.04,564.44,562.69,560.74,559.44,558.55,557.78,557.06,556.31,555.50,554.69,553.91,553.12,552.34,551.62,551.04,550.64,549.78,547.96,545.06,541.69,538.56,535.00,531.08,527.25,523.78,519.72,514.32,507.89,504.09,500.83,498.19,496.09,493.98,491.72,489.32,487.15,485.78,485.30,484.96,484.38,483.55,483.03,482.70,482.28,481.77,481.28,480.79,480.25,479.77,479.45,479.09,478.71,478.31,477.89,477.39,476.86,476.49,476.19,475.81,475.40,475.00,474.71,474.53,474.29,474.06,473.83,473.60,473.36,473.13,472.90,472.68,472.48,472.33,472.18,472.02,471.85,471.69,471.49,471.27,471.07,470.89,470.69,470.45,470.23,470.01,469.84,469.63,469.43,469.25,469.03,468.81,468.62,468.44,468.22,468.04,467.83,467.64,467.46,467.25,467.07,467.06,467.17,467.31,467.42,467.55,467.71,467.86,468.02,468.17,468.33,468.48,468.62,468.76,468.92,469.05,469.14,469.28,469.44,469.60,469.75,470.05,472.31,475.93,480.13,484.31,488.73,494.90,499.64,501.08,501.98,502.88,503.76,504.63,505.47,506.22,506.99,507.75,508.50,509.37,509.88,510.15,510.31,510.67,512.53,515.31,519.19,524.86,530.13,533.87,537.06,540.72,545.71,552.17,558.64,564.39,569.03,573.70,577.84,581.98,586.68,591.25,595.31,599.61,604.63,610.61,616.76,621.94,626.20,630.01,633.11,635.44,637.48,639.47,641.16,642.92,644.54,646.21,648.55,650.57,651.95,653.03,654.21,655.61,657.13,658.97,661.62,665.88,669.28,670.27,668.75,664.80,659.72,654.71,649.51,643.51,636.52,629.68,624.02,619.46,614.74,608.72
765.59,761.68,757.22,753.22,750.71,748.95,747.38,745.85,744.45,742.65,740.01,736.42,731.85,727.80,723.78,718.94,712.93,707.10,701.63,695.84,690.17,686.16,682.11,676.56,669.99,663.21,657.11,652.93,649.44,646.00,642.29,637.93,633.58,628.54,621.54,615.34,609.82,604.68,599.91,595.90,592.26,589.35,587.08,585.04,583.38,581.80,579.97,577.65,575.21,572.57,570.57,569.43,568.25,566.62,564.85,563.06,561.35,559.96,558.94,558.11,557.34,556.58,555.81,555.03,554.25,553.47,552.64,551.85,551.12,550.54,550.19,547.99,544.97,541.71,538.25,534.64,531.07,527.62,524.23,520.31,514.45,508.68,504.62,501.16,498.55,496.29,494.16,492.02,489.44,486.77,484.55,483.43,483.27,483.46,483.22,482.44,482.01,481.74,481.37,480.88,480.37,480.00,479.73,479.46,479.15,478.83,478.46,478.04,477.56,476.98,476.42,475.99,475.64,475.33,475.05,474.83,474.62,474.40,474.17,473.94,473.71,473.47,473.24,473.01,472.78,472.57,472.42,472.32,472.18,472.00,471.78,471.63,471.47,471.30,471.12,470.90,470.73,470.52,470.29,470.07,469.90,469.69,469.47,469.26,469.08,468.87,468.69,468.50,468.27,468.05,467.87,467.68,467.47,467.30,467.09,467.08,467.23,467.38,467.53,467.68,467.83,467.99,468.14,468.30,468.45,468.59,468.69,468.83,468.99,469.12,469.20,469.35,469.50,469.65,469.80,470.14,473.37,477.46,481.72,486.35,491.91,497.14,500.52,501.49,502.35,503.21,504.10,505.00,505.85,506.68,507.51,508.35,509.22,510.35,511.44,512.15,512.52,513.35,515.65,517.97,521.44,528.12,532.32,535.61,539.02,543.13,548.26,555.38,561.71,566.69,571.45,576.22,580.49,584.73,589.44,593.80,598.06,603.00,608.64,613.85,619.34,624.24,628.43,632.02,635.38,638.13,640.52,642.65,644.44,646.41,648.25,649.87,651.38,652.73,653.82,654.81,655.94,657.25,658.62,661.16,665.20,669.15,671.06,670.53,667.49,661.68,656.38,650.99,645.17,638.70,631.69,625.59,620.41,615.88,611.31,605.56
759.70,755.62,751.47,747.87,745.58,743.91,742.39,740.90,739.57,737.69,735.10,731.94,728.40,725.15,721.29,716.42,710.53,704.81,699.28,693.71,688.54,684.79,680.74,675.19,668.60,661.64,654.91,649.43,644.98,641.28,637.53,633.05,627.82,621.81,615.14,610.08,605.22,600.58,596.43,592.73,589.43,586.67,584.38,582.32,580.45,578.71,576.77,574.38,572.23,570.40,569.10,568.31,567.41,565.93,564.20,562.38,560.65,559.47,558.54,557.70,556.91,556.13,555.36,554.57,553.77,552.99,552.18,551.37,550.35,548.91,547.47,544.70,541.37,537.92,534.43,531.17,527.89,524.36,520.13,515.06,509.71,505.07,501.80,498.94,496.60,494.42,492.17,489.62,486.61,483.91,482.03,481.46,481.43,481.64,481.65,481.32,481.04,480.80,480.52,480.18,479.80,479.51,479.31,479.12,478.84,478.53,478.16,477.70,477.15,476.54,475.99,475.54,475.19,474.97,474.80,474.67,474.51,474.28,474.04,473.81,473.58,473.35,473.12,472.92,472.72,472.54,472.40,472.28,472.13,471.96,471.77,471.62,471.43,471.26,471.10,470.90,470.75,470.56,470.35,470.13,469.93,469.74,469.52,469.31,469.15,468.93,468.72,468.53,468.33,468.10,467.90,467.71,467.51,467.32,467.16,467.19,467.34,467.49,467.65,467.78,467.91,468.06,468.22,468.38,468.53,468.67,468.75,468.90,469.04,469.18,469.26,469.41,469.56,469.72,470.02,471.03,474.41,478.47,482.82,487.99,494.91,499.06,501.07,501.92,502.77,503.62,504.49,505.37,506.22,507.07,507.92,508.77,509.69,510.96,512.29,513.42,514.36,515.51,517.42,520.58,525.09,530.70,534.27,537.50,541.18,545.85,551.93,558.85,564.72,569.51,574.50,579.39,583.85,588.30,593.10,597.57,602.22,607.31,612.66,617.42,622.11,626.54,630.55,634.02,637.40,640.15,642.66,645.13,647.36,649.16,650.72,652.14,653.49,654.74,655.78,656.74,657.85,659.55,662.12,665.30,668.82,671.81,671.75,669.19,664.64,658.45,652.72,646.83,640.65,634.17,627.57,621.68,616.64,611.98,606.60,602.02
753.78,749.66,745.89,742.62,740.16,738.29,736.69,735.27,733.90,732.05,729.75,727.25,724.77,721.97,718.08,713.28,707.76,702.13,696.50,691.35,686.91,683.30,679.12,673.62,667.22,660.42,653.49,646.65,641.13,637.16,633.24,628.30,622.03,615.23,609.45,605.41,601.28,597.25,593.65,590.03,587.02,584.34,581.87,579.63,577.38,575.36,573.38,571.30,569.75,568.85,568.15,567.44,566.64,565.35,563.72,561.94,560.21,559.13,558.25,557.42,556.58,555.78,554.98,554.14,553.30,552.53,551.74,550.90,549.46,546.81,544.02,540.92,537.58,534.09,530.72,528.00,525.02,521.14,515.67,509.81,505.59,502.29,499.29,496.99,494.77,492.54,490.12,487.11,483.81,481.32,479.97,479.93,479.93,480.04,480.20,480.31,480.18,479.98,479.79,479.61,479.37,479.14,478.95,478.76,478.51,478.22,477.84,477.33,476.73,476.13,475.57,475.14,474.83,474.69,474.60,474.53,474.38,474.15,473.92,473.69,473.46,473.23,473.01,472.85,472.69,472.53,472.38,472.23,472.07,471.91,471.76,471.60,471.39,471.21,471.06,470.90,470.74,470.58,470.39,470.17,469.95,469.77,469.58,469.37,469.20,468.98,468.75,468.55,468.38,468.15,467.93,467.73,467.55,467.34,467.23,467.30,467.45,467.61,467.76,467.87,467.99,468.14,468.29,468.45,468.60,468.74,468.82,468.96,469.11,469.24,469.32,469.48,469.63,469.79,470.32,472.24,475.54,479.48,483.98,489.67,497.44,500.56,501.48,502.34,503.19,504.03,504.88,505.73,506.59,507.43,508.27,509.14,510.13,511.49,512.94,514.43,515.89,517.29,518.89,523.22,528.94,533.00,536.19,539.57,543.63,548.90,555.95,562.40,567.86,572.72,577.92,582.91,587.62,592.35,597.36,602.18,607.24,612.19,616.82,621.08,625.01,628.90,632.68,636.03,639.22,641.80,644.30,647.01,649.47,651.06,652.44,653.86,655.34,656.70,658.00,659.26,660.63,662.76,666.36,669.76,672.14,673.68,671.64,667.17,661.37,655.16,649.03,642.73,636.34,629.99,623.76,617.82,612.65,607.75,601.83,598.64
748.56,745.11,741.49,737.71,734.11,731.04,729.02,728.01,726.97,726.16,724.89,723.09,720.77,717.51,713.39,708.84,704.04,698.79,693.24,688.60,684.96,681.47,677.08,671.64,665.62,659.38,653.01,645.67,639.48,635.12,630.90,624.83,618.33,612.14,606.80,602.47,598.85,595.42,591.95,588.57,585.53,582.63,579.83,577.23,574.75,572.53,570.77,569.67,568.71,567.93,567.22,566.52,565.78,564.72,563.22,561.49,559.95,559.05,558.29,557.51,556.66,555.78,554.81,553.86,552.99,552.21,551.39,550.44,548.44,544.43,540.65,537.16,533.80,530.59,527.85,525.49,522.40,517.83,511.25,506.76,503.20,500.11,497.46,495.19,493.00,490.61,487.88,484.74,481.81,480.19,479.58,479.49,479.53,479.62,479.70,479.75,479.70,479.60,479.46,479.28,479.05,478.82,478.60,478.38,478.15,477.89,477.46,476.92,476.36,475.80,475.25,474.88,474.64,474.50,474.47,474.40,474.26,474.03,473.80,473.56,473.33,473.11,472.94,472.78,472.62,472.48,472.31,472.16,472.01,471.85,471.70,471.55,471.37,471.21,471.05,470.89,470.69,470.52,470.35,470.18,470.00,469.80,469.60,469.42,469.21,468.98,468.78,468.60,468.38,468.15,467.96,467.77,467.56,467.34,467.28,467.37,467.51,467.67,467.83,467.97,468.11,468.26,468.42,468.57,468.72,468.86,468.94,469.03,469.17,469.29,469.39,469.53,469.69,469.90,470.73,473.63,477.05,481.13,486.02,492.01,498.41,500.95,501.80,502.65,503.50,504.35,505.20,506.05,506.90,507.70,508.53,509.51,510.78,512.26,513.78,515.29,516.75,518.24,520.91,526.03,531.78,535.11,538.27,542.16,546.93,552.82,559.93,565.99,571.46,576.70,581.93,586.92,591.96,597.22,602.82,608.40,613.72,618.12,621.47,624.65,628.11,631.57,634.93,638.07,640.57,642.86,645.21,647.51,649.08,650.72,652.80,655.17,657.14,658.70,661.08,663.90,666.46,668.56,670.87,673.01,674.26,673.31,669.77,664.61,658.46,651.83,645.72,639.43,633.09,626.78,620.22,613.94,608.06,602.73,598.43,596.31
744.10,740.74,737.00,732.94,728.81,724.97,722.35,721.13,720.27,719.85,719.02,717.60,715.50,712.35,708.56,704.39,699.85,694.80,689.83,685.78,682.51,678.97,674.66,669.44,663.78,658.08,652.44,644.83,638.27,633.81,629.32,622.89,616.46,610.57,605.27,600.69,597.22,594.09,590.79,587.59,584.54,581.50,578.49,575.64,572.95,570.82,569.38,568.70,568.01,567.26,566.52,565.81,565.06,564.16,562.94,561.51,560.23,559.34,558.53,557.68,556.77,555.79,554.74,553.71,552.77,551.96,551.12,549.86,547.26,542.52,538.18,534.33,530.95,528.10,525.68,523.43,519.34,513.63,507.87,504.31,501.19,498.30,495.81,493.50,491.25,488.82,486.12,483.22,480.78,479.68,479.40,479.23,479.25,479.30,479.33,479.33,479.33,479.27,479.16,479.01,478.77,478.54,478.29,478.04,477.81,477.58,477.17,476.66,476.13,475.59,475.07,474.74,474.54,474.38,474.31,474.26,474.13,473.90,473.67,473.44,473.22,473.02,472.87,472.72,472.56,472.41,472.25,472.10,471.95,471.79,471.63,471.49,471.33,471.17,471.02,470.86,470.66,470.49,470.33,470.15,470.02,469.83,469.64,469.44,469.22,469.01,468.82,468.62,468.39,468.18,468.00,467.79,467.56,467.34,467.35,467.46,467.61,467.77,467.92,468.08,468.22,468.36,468.50,468.66,468.81,468.95,469.03,469.13,469.25,469.37,469.48,469.60,469.75,470.28,471.73,474.94,478.25,482.48,488.00,494.80,499.40,501.25,502.08,502.93,503.78,504.61,505.44,506.29,507.14,507.94,508.76,509.86,511.48,513.05,514.62,516.15,517.62,519.34,523.88,529.30,534.14,537.26,540.93,545.30,550.65,557.12,563.61,569.37,575.00,580.61,585.87,590.84,596.40,602.40,608.46,614.12,618.93,622.67,625.37,627.88,630.76,633.88,637.00,639.74,641.75,643.72,645.73,647.61,648.90,651.03,653.81,656.87,659.63,662.07,665.25,668.64,671.35,673.31,674.78,675.46,674.78,672.01,667.69,662.16,655.78,648.88,642.67,636.27,630.02,624.01,617.02,610.41,604.22,598.96,596.14,595.48
740.16,736.42,732.38,728.29,724.18,720.01,716.70,714.74,713.89,713.28,712.36,711.05,709.24,706.66,703.65,699.93,695.27,690.32,686.28,682.81,679.52,675.84,671.83,666.97,661.66,656.44,651.50,643.92,637.35,633.00,628.31,622.21,615.99,610.04,604.50,599.83,596.26,593.15,590.08,586.97,583.93,580.84,577.71,574.73,571.89,570.06,568.99,568.24,567.54,566.78,566.04,565.32,564.50,563.70,562.82,561.88,560.89,559.86,558.87,557.88,556.88,555.82,554.74,553.66,552.65,551.79,550.93,549.17,545.98,541.08,536.58,532.40,529.01,526.54,524.13,521.67,515.99,509.00,505.45,502.28,499.42,496.77,494.31,491.93,489.56,487.21,484.83,482.41,480.50,479.61,479.31,479.06,479.02,479.01,479.02,479.02,479.01,478.95,478.87,478.75,478.52,478.29,478.01,477.74,477.50,477.26,476.95,476.53,476.00,475.47,474.99,474.71,474.52,474.31,474.16,474.11,474.01,473.78,473.55,473.32,473.12,472.97,472.81,472.65,472.50,472.35,472.20,472.04,471.89,471.74,471.58,471.43,471.27,471.11,470.96,470.81,470.64,470.49,470.30,470.11,470.01,469.87,469.67,469.44,469.22,469.05,468.85,468.62,468.40,468.23,468.02,467.79,467.56,467.36,467.43,467.57,467.74,467.89,468.04,468.19,468.32,468.43,468.57,468.73,468.88,469.02,469.11,469.24,469.34,469.44,469.58,469.68,469.84,470.90,473.15,476.11,479.19,483.56,489.84,497.70,500.42,501.52,502.33,503.17,504.02,504.82,505.64,506.49,507.33,508.17,508.98,510.20,512.19,513.85,515.47,517.01,518.61,520.99,527.57,532.80,536.18,539.58,544.15,548.98,554.73,561.52,566.96,572.52,578.40,584.36,589.65,594.62,600.82,607.64,613.97,619.13,622.91,625.97,628.54,630.76,633.01,635.83,638.82,641.06,642.81,644.43,646.02,647.56,649.14,652.11,655.53,659.02,662.75,666.51,670.14,673.20,675.21,676.90,677.98,677.13,673.93,670.04,665.49,659.82,653.23,646.23,639.77,633.19,627.11,621.54,614.09,607.19,601.06,596.38,594.90,595.93
735.81,731.89,727.83,723.70,719.45,715.09,711.46,709.10,708.17,707.47,706.52,705.18,703.31,701.03,698.25,694.72,690.36,686.05,682.25,678.78,675.45,671.97,668.08,663.62,658.86,653.98,648.74,642.25,636.59,632.27,627.45,621.68,615.51,609.38,603.83,599.35,595.86,592.78,589.73,586.53,583.47,580.31,577.04,573.93,571.18,569.59,568.73,568.00,567.26,566.49,565.75,565.04,564.24,563.46,562.67,561.86,561.00,559.99,558.98,557.95,556.90,555.82,554.74,553.66,552.60,551.62,550.75,548.52,544.89,540.15,535.68,531.57,528.20,525.66,523.16,519.35,513.31,506.90,503.70,500.63,497.88,495.34,492.92,490.52,488.23,485.99,483.74,481.53,480.14,479.52,479.25,478.96,478.80,478.70,478.65,478.65,478.65,478.62,478.56,478.45,478.22,477.99,477.73,477.46,477.19,476.91,476.61,476.27,475.87,475.35,474.95,474.68,474.47,474.25,474.08,473.98,473.85,473.65,473.42,473.23,473.06,472.90,472.75,472.60,472.44,472.28,472.14,472.03,471.88,471.73,471.57,471.41,471.22,471.05,470.89,470.74,470.58,470.43,470.28,470.14,470.02,469.87,469.67,469.44,469.22,469.05,468.85,468.63,468.44,468.25,468.02,467.79,467.57,467.40,467.50,467.65,467.82,468.01,468.13,468.26,468.41,468.53,468.69,468.84,469.00,469.13,469.22,469.32,469.40,469.51,469.66,469.75,470.11,471.45,473.90,476.81,480.13,484.82,491.24,498.80,500.85,501.75,502.56,503.37,504.22,505.04,505.88,506.71,507.53,508.37,509.19,510.56,512.85,514.64,516.28,517.85,520.23,525.70,531.07,535.11,538.54,542.94,547.91,553.42,559.11,564.71,569.86,575.35,581.39,587.58,592.95,598.09,604.59,611.67,617.95,622.59,626.13,628.94,631.13,633.13,635.15,637.55,640.06,642.04,643.79,645.33,646.77,648.29,650.25,653.95,658.08,662.16,666.23,670.19,673.79,676.70,678.41,679.49,679.63,677.36,672.52,667.90,663.21,657.29,650.41,643.47,636.43,630.19,624.61,618.96,611.13,604.11,598.21,594.44,595.07,596.87
731.36,727.34,723.27,719.10,714.69,710.15,706.27,703.61,702.46,701.66,700.71,699.38,697.50,695.37,692.61,689.18,685.19,681.40,677.69,674.16,670.81,667.52,663.87,659.88,655.66,651.12,645.70,640.38,635.66,631.38,626.41,620.85,614.79,608.66,603.25,599.00,595.61,592.54,589.45,586.15,583.03,579.79,576.40,573.15,570.61,569.25,568.50,567.78,567.04,566.26,565.52,564.80,564.04,563.27,562.50,561.73,560.94,560.02,559.00,557.93,556.86,555.79,554.72,553.64,552.57,551.51,550.58,547.95,543.96,539.39,534.96,530.97,527.64,525.02,522.37,516.90,510.72,505.32,502.09,499.12,496.44,493.93,491.53,489.19,486.98,484.82,482.68,480.74,479.84,479.44,479.18,478.90,478.67,478.48,478.36,478.31,478.30,478.30,478.26,478.14,477.91,477.67,477.43,477.17,476.87,476.56,476.25,475.98,475.68,475.22,474.89,474.64,474.41,474.20,474.03,473.86,473.69,473.53,473.32,473.15,473.00,472.84,472.69,472.53,472.39,472.25,472.10,472.00,471.86,471.71,471.55,471.39,471.19,471.01,470.85,470.70,470.54,470.39,470.27,470.17,470.02,469.87,469.67,469.45,469.24,469.06,468.86,468.66,468.48,468.25,468.02,467.79,467.59,467.47,467.58,467.73,467.90,468.11,468.22,468.35,468.50,468.64,468.79,468.94,469.11,469.24,469.33,469.41,469.49,469.59,469.73,469.89,470.59,472.11,474.50,477.39,481.10,486.33,492.84,499.44,501.13,501.96,502.78,503.58,504.41,505.25,506.11,506.94,507.73,508.56,509.46,511.00,513.53,515.41,517.07,519.20,522.93,530.01,533.99,537.32,541.34,546.70,552.00,557.72,563.06,567.64,572.63,578.16,584.27,590.52,595.89,601.32,607.92,614.91,621.00,625.44,628.82,631.40,633.35,635.25,637.16,639.19,641.21,643.01,644.76,646.26,647.69,649.39,652.08,656.34,660.97,665.45,669.62,673.52,676.89,679.50,680.92,681.13,680.10,676.64,670.81,665.75,660.77,654.59,647.52,640.53,633.27,627.51,622.23,616.11,608.14,601.31,595.97,593.26,595.58,597.95
726.88,722.82,718.69,714.42,709.92,705.14,701.01,698.10,696.51,695.54,694.60,693.42,691.79,689.66,686.72,683.29,679.63,675.91,672.25,668.77,665.45,662.22,659.09,655.70,651.98,647.80,642.89,638.43,634.31,630.13,624.91,619.33,613.57,607.90,602.85,598.77,595.43,592.32,589.14,585.84,582.61,579.27,575.78,572.37,570.18,569.02,568.30,567.55,566.83,566.08,565.31,564.56,563.85,563.09,562.32,561.54,560.78,560.02,558.92,557.76,556.74,555.72,554.65,553.61,552.57,551.50,550.45,547.49,543.25,538.75,534.34,530.38,527.14,524.61,521.67,514.39,508.06,503.75,500.45,497.72,495.10,492.54,490.13,487.90,485.73,483.57,481.56,480.16,479.64,479.38,479.14,478.90,478.67,478.44,478.24,478.07,478.00,477.99,477.94,477.83,477.59,477.36,477.09,476.81,476.56,476.25,475.94,475.64,475.35,475.07,474.81,474.57,474.36,474.19,473.98,473.76,473.57,473.41,473.25,473.08,472.94,472.78,472.62,472.47,472.36,472.25,472.09,471.95,471.80,471.64,471.49,471.33,471.17,471.01,470.85,470.70,470.54,470.39,470.27,470.17,470.02,469.87,469.67,469.46,469.29,469.07,468.89,468.70,468.49,468.25,468.02,467.79,467.61,467.58,467.70,467.86,468.01,468.18,468.32,468.48,468.60,468.70,468.86,469.01,469.17,469.31,469.45,469.54,469.62,469.69,469.84,470.21,471.36,472.99,475.06,477.93,482.15,488.28,495.02,499.94,501.38,502.18,502.99,503.81,504.61,505.44,506.29,507.14,507.97,508.76,509.83,511.59,514.21,516.14,517.82,521.58,527.54,532.24,535.79,539.89,544.93,550.83,556.50,561.42,566.00,570.58,575.32,581.04,587.15,593.10,598.34,604.22,610.64,617.06,622.82,627.72,630.74,633.00,635.05,637.03,638.97,640.75,642.41,644.07,645.73,647.19,648.74,650.93,654.98,659.54,664.17,668.65,672.63,676.47,679.37,681.37,682.27,681.28,678.85,674.58,668.76,663.65,658.05,651.65,644.60,637.32,630.66,625.48,619.98,612.80,605.08,599.05,594.87,593.34,596.16,599.10
722.34,718.28,714.14,709.61,704.90,700.14,695.90,692.57,690.39,689.17,688.13,686.99,685.55,683.40,680.27,676.71,673.10,669.69,666.38,663.19,660.05,656.90,654.19,651.34,648.18,644.57,640.32,636.32,632.33,627.94,622.67,617.37,612.03,606.75,601.86,598.05,594.76,591.63,588.47,585.20,581.98,578.58,574.95,571.40,569.74,568.81,568.08,567.34,566.61,565.87,565.12,564.36,563.62,562.86,562.11,561.39,560.72,560.09,558.98,557.69,556.52,555.37,554.27,553.24,552.22,551.12,549.56,546.39,542.30,538.15,533.87,530.00,526.66,523.84,520.83,512.80,506.31,502.34,499.13,496.51,493.96,491.41,488.93,486.70,484.50,482.39,480.64,479.84,479.53,479.31,479.08,478.85,478.62,478.38,478.15,477.94,477.79,477.67,477.61,477.51,477.28,477.05,476.77,476.47,476.20,475.90,475.62,475.32,475.06,474.92,474.70,474.49,474.30,474.11,473.91,473.69,473.49,473.33,473.18,473.02,472.87,472.73,472.60,472.45,472.33,472.20,472.05,471.89,471.74,471.58,471.42,471.27,471.12,470.97,470.82,470.70,470.54,470.39,470.27,470.17,470.02,469.87,469.70,469.50,469.31,469.11,468.92,468.72,468.49,468.25,468.02,467.79,467.62,467.65,467.78,467.94,468.09,468.25,468.43,468.57,468.69,468.81,468.96,469.12,469.27,469.42,469.53,469.62,469.72,469.85,470.13,470.85,472.31,474.00,475.86,478.55,483.15,489.98,496.85,500.34,501.58,502.40,503.21,504.03,504.83,505.67,506.51,507.33,508.17,508.99,510.30,512.28,514.91,516.91,519.00,523.10,528.88,532.53,537.45,543.16,549.23,555.23,560.36,564.79,569.05,573.48,578.14,583.99,589.87,595.35,600.74,606.81,613.11,619.23,624.68,629.11,631.60,633.63,635.76,637.67,639.55,641.30,643.11,645.16,646.81,648.43,650.59,653.83,658.20,662.81,667.34,671.65,675.55,678.98,681.54,682.94,682.64,680.94,677.25,672.32,666.76,661.59,655.70,649.09,641.90,634.43,628.27,623.00,617.03,609.51,602.37,597.02,593.83,593.33,596.50,600.28
717.72,713.56,709.37,704.67,699.83,695.21,690.94,687.20,684.39,682.74,681.49,680.29,678.89,676.68,673.43,669.75,666.13,662.98,660.13,657.38,654.58,651.63,649.23,646.84,644.18,641.11,637.45,633.67,629.59,625.00,619.89,615.03,610.23,605.38,600.66,597.12,593.89,590.74,587.59,584.37,581.13,577.63,573.88,570.45,569.29,568.57,567.84,567.14,566.38,565.66,564.93,564.16,563.39,562.63,561.92,561.27,560.72,560.17,559.06,557.68,556.31,555.01,553.85,552.77,551.73,550.59,548.36,545.07,541.27,537.46,533.36,529.58,526.09,522.80,519.21,511.25,504.90,501.01,497.98,495.41,492.93,490.39,487.83,485.55,483.31,481.32,479.92,479.62,479.44,479.24,479.01,478.78,478.54,478.32,478.09,477.86,477.63,477.41,477.30,477.23,477.00,476.76,476.48,476.18,475.88,475.58,475.33,475.06,474.82,474.77,474.59,474.40,474.21,474.00,473.83,473.63,473.44,473.28,473.12,472.97,472.81,472.67,472.57,472.44,472.29,472.13,471.98,471.83,471.67,471.52,471.37,471.22,471.06,470.91,470.78,470.69,470.54,470.40,470.28,470.18,470.03,469.88,469.73,469.55,469.33,469.15,468.95,468.72,468.49,468.25,468.02,467.80,467.64,467.71,467.86,468.01,468.16,468.33,468.54,468.67,468.78,468.93,469.09,469.23,469.38,469.52,469.62,469.69,469.84,470.10,470.57,471.61,473.24,474.94,476.71,479.20,484.16,491.55,498.44,500.70,501.75,502.61,503.44,504.23,505.06,505.91,506.73,507.52,508.37,509.21,510.78,513.01,515.62,517.69,520.43,524.38,529.11,532.84,539.60,546.88,553.66,559.49,563.89,568.01,572.15,576.47,581.30,587.16,592.68,597.74,603.33,609.37,615.45,621.30,626.45,630.07,632.06,633.90,636.04,637.83,639.60,641.52,643.76,646.36,648.14,650.08,653.00,657.24,661.56,666.10,670.47,674.58,678.35,681.36,683.46,684.09,682.49,680.18,675.46,670.05,664.80,659.51,653.44,646.69,639.41,631.91,626.14,620.48,613.93,606.32,599.58,594.92,592.70,593.19,596.74,601.48
712.95,708.15,703.66,699.40,694.88,690.52,686.40,682.58,679.09,676.38,674.60,673.19,671.35,668.92,665.76,662.31,658.84,655.39,652.94,650.86,648.80,646.55,644.31,642.03,639.55,636.60,633.03,629.01,624.76,620.40,616.10,611.91,607.82,603.73,599.57,596.12,592.87,589.64,586.39,583.19,579.72,575.90,572.19,569.84,568.91,568.27,567.61,566.95,566.19,565.48,564.74,563.97,563.20,562.52,561.90,561.31,560.72,560.17,559.09,557.73,556.36,555.04,553.74,552.45,551.21,549.93,547.13,543.80,540.25,536.41,532.47,528.68,525.12,521.15,514.73,508.46,503.43,499.69,497.02,494.48,491.99,489.44,486.81,484.44,482.18,480.55,479.73,479.49,479.32,479.12,478.89,478.65,478.42,478.23,478.03,477.80,477.56,477.33,477.17,477.03,476.80,476.57,476.29,476.00,475.74,475.49,475.25,475.01,474.78,474.67,474.50,474.31,474.11,473.92,473.72,473.57,473.44,473.27,473.07,472.90,472.75,472.60,472.47,472.36,472.23,472.08,471.92,471.76,471.61,471.46,471.31,471.21,471.06,470.91,470.78,470.69,470.54,470.43,470.31,470.19,470.08,469.94,469.78,469.62,469.38,469.17,468.95,468.72,468.49,468.25,468.02,467.81,467.71,467.82,467.98,468.13,468.28,468.44,468.62,468.76,468.90,469.06,469.21,469.32,469.45,469.60,469.73,469.81,470.11,470.63,471.36,472.33,473.77,475.49,477.43,479.88,485.28,492.99,499.67,500.97,501.88,502.77,503.64,504.46,505.27,506.10,506.94,507.76,508.56,509.40,511.22,513.71,516.36,518.45,522.17,526.02,529.97,536.24,544.02,551.31,557.63,562.89,567.11,571.19,575.36,579.92,585.66,591.09,596.15,601.15,606.75,612.26,617.65,622.94,627.78,630.71,632.57,634.28,636.12,637.80,639.47,641.95,645.04,648.01,650.27,652.94,656.39,660.71,664.99,669.34,673.54,677.47,680.88,683.82,684.80,684.00,681.71,678.47,673.43,668.03,662.85,657.27,651.02,644.36,637.41,630.42,624.73,618.41,611.26,603.46,596.03,592.11,591.12,592.73,596.96,602.69
709.84,704.32,699.17,694.64,690.36,686.24,682.21,678.18,674.06,670.27,667.67,665.82,663.74,661.34,658.35,655.22,652.17,648.97,646.89,645.15,643.35,641.28,639.03,636.72,634.19,631.11,627.52,623.21,619.01,615.30,612.03,608.53,605.05,601.55,597.95,594.61,591.36,588.11,584.83,581.57,577.92,574.09,570.75,569.30,568.54,567.92,567.30,566.67,565.96,565.25,564.53,563.80,563.10,562.46,561.89,561.34,560.75,560.21,559.16,557.83,556.46,555.21,553.95,552.52,550.89,548.96,545.89,542.63,539.16,535.19,531.32,527.53,523.71,518.99,511.30,506.15,502.07,498.60,496.09,493.58,491.07,488.50,485.83,483.33,481.26,480.03,479.60,479.39,479.21,479.00,478.76,478.53,478.30,478.12,477.94,477.71,477.50,477.27,477.08,476.91,476.67,476.44,476.18,475.92,475.68,475.45,475.22,474.99,474.76,474.56,474.42,474.23,474.02,473.86,473.66,473.53,473.40,473.24,473.03,472.85,472.69,472.53,472.38,472.27,472.15,472.01,471.86,471.73,471.60,471.48,471.38,471.27,471.08,470.92,470.80,470.70,470.57,470.46,470.35,470.22,470.12,469.99,469.84,469.65,469.44,469.19,468.95,468.72,468.49,468.25,468.02,467.84,467.77,467.92,468.07,468.23,468.38,468.54,468.71,468.87,469.02,469.15,469.30,469.42,469.55,469.69,469.84,470.09,470.62,471.35,472.24,473.16,474.37,475.96,478.01,480.76,486.52,494.08,500.25,501.13,502.00,502.89,503.78,504.65,505.45,506.29,507.14,507.98,508.79,509.71,511.73,514.40,517.13,519.55,523.49,527.56,532.21,540.51,548.46,555.32,561.15,566.05,570.23,574.28,578.75,583.99,589.90,594.98,599.75,604.59,609.83,614.87,619.62,624.31,628.80,631.32,633.12,634.80,636.51,638.21,640.22,643.21,646.83,650.16,652.95,656.09,659.78,664.01,668.26,672.57,676.52,679.95,682.83,685.32,685.31,683.53,680.88,676.89,671.68,666.25,660.87,655.03,648.70,642.07,635.33,628.84,622.99,616.26,608.71,600.70,593.25,590.36,590.64,593.25,597.78,603.99
708.41,702.21,696.18,690.67,686.45,682.48,678.41,674.07,669.34,664.55,660.99,658.49,656.38,654.21,651.44,648.65,646.19,643.72,641.92,640.17,638.16,635.76,633.38,630.93,628.16,624.78,621.10,616.61,612.69,609.96,607.80,604.98,601.95,598.88,595.77,592.56,589.37,586.16,582.90,579.53,575.81,572.30,569.65,568.82,568.17,567.56,566.94,566.32,565.70,565.03,564.34,563.67,563.09,562.48,561.91,561.37,560.82,560.29,559.30,558.05,556.75,555.61,554.43,552.82,550.60,547.66,544.64,541.49,537.95,533.81,529.93,526.19,521.91,516.40,509.18,504.47,500.85,497.74,495.21,492.71,490.16,487.53,484.84,482.20,480.55,479.73,479.49,479.31,479.10,478.87,478.64,478.41,478.18,478.00,477.82,477.60,477.43,477.21,477.02,476.85,476.62,476.39,476.15,475.92,475.68,475.45,475.22,474.98,474.74,474.47,474.33,474.16,473.96,473.81,473.64,473.50,473.34,473.19,473.02,472.81,472.63,472.47,472.32,472.18,472.07,471.97,471.83,471.74,471.65,471.60,471.55,471.40,471.13,470.96,470.85,470.71,470.61,470.49,470.37,470.27,470.13,470.03,469.87,469.66,469.48,469.20,468.95,468.72,468.49,468.25,468.02,467.86,467.83,467.98,468.13,468.29,468.44,468.61,468.82,469.00,469.12,469.23,469.37,469.52,469.67,469.81,469.99,470.55,471.35,472.25,473.16,474.09,475.06,476.42,478.48,481.82,487.86,494.86,500.26,501.19,502.12,503.00,503.88,504.78,505.62,506.47,507.32,508.17,509.04,510.15,512.34,515.11,517.95,521.00,524.47,529.11,535.82,545.26,552.67,558.82,564.23,569.01,573.22,577.32,582.31,588.47,593.84,598.68,603.32,607.89,612.47,617.10,621.32,625.46,629.55,631.89,633.68,635.41,637.21,639.06,641.87,645.34,649.10,652.77,656.06,659.40,663.04,667.12,671.35,675.69,679.27,681.92,684.14,685.80,685.03,682.79,680.06,675.54,670.25,664.66,658.86,652.79,646.50,639.83,633.15,627.08,620.90,613.98,606.22,598.01,591.38,589.72,591.26,594.76,599.23,605.37
707.83,701.62,695.42,689.40,684.52,680.09,675.67,670.96,665.59,660.55,656.72,653.86,651.46,648.99,646.29,643.59,640.96,638.21,636.19,634.41,632.47,629.98,627.52,624.81,621.78,618.35,614.52,610.89,607.91,605.70,603.79,601.34,598.69,595.94,593.09,590.17,587.07,583.89,580.67,577.36,573.83,570.91,569.05,568.41,567.83,567.26,566.68,566.12,565.58,564.99,564.38,563.79,563.24,562.68,562.12,561.57,561.00,560.57,559.95,559.20,558.31,557.09,554.69,551.89,549.01,546.00,543.17,539.87,536.08,532.00,528.29,524.76,520.07,513.84,507.73,503.34,499.96,497.13,494.62,492.07,489.22,486.35,483.67,481.16,480.04,479.59,479.40,479.20,478.98,478.77,478.57,478.34,478.15,477.96,477.76,477.57,477.37,477.18,476.99,476.79,476.56,476.36,476.14,475.92,475.68,475.40,475.16,474.93,474.69,474.43,474.25,474.07,473.89,473.74,473.58,473.46,473.33,473.18,473.02,472.81,472.62,472.47,472.36,472.25,472.16,472.07,471.97,471.94,471.87,471.81,471.73,471.53,471.27,471.07,470.90,470.71,470.62,470.49,470.37,470.27,470.13,470.04,469.90,469.69,469.46,469.19,468.95,468.72,468.49,468.25,468.02,467.88,467.90,468.09,468.25,468.40,468.56,468.72,468.90,469.06,469.20,469.33,469.49,469.64,469.77,469.98,470.53,471.34,472.25,473.17,474.10,475.02,475.96,477.07,478.94,482.84,489.05,495.46,500.15,501.24,502.26,503.16,504.03,504.90,505.76,506.61,507.48,508.36,509.28,510.72,513.11,516.00,519.05,522.55,526.22,531.99,540.37,549.24,556.13,561.78,566.79,571.48,575.85,580.53,585.83,591.67,596.89,601.60,606.06,610.36,614.53,618.58,622.53,626.44,630.07,632.23,633.93,635.77,637.86,639.92,643.99,648.19,652.06,655.75,659.13,662.50,666.09,670.02,674.15,677.91,680.68,682.63,684.55,685.41,684.34,682.14,679.38,674.62,668.95,663.01,656.96,650.78,644.47,637.88,631.30,625.18,618.79,611.65,603.58,595.28,590.25,589.60,591.99,596.33,601.11,606.92
707.39,701.39,695.26,688.99,683.51,678.58,673.80,668.76,662.86,657.60,653.38,650.04,647.28,644.43,641.58,638.74,635.87,632.91,630.68,628.83,626.94,624.45,621.95,619.00,615.81,612.55,608.79,605.96,603.72,601.77,599.88,597.67,595.35,592.96,590.40,587.69,584.68,581.59,578.53,575.43,572.29,570.00,568.77,568.22,567.69,567.15,566.62,566.09,565.62,565.10,564.55,564.01,563.47,562.93,562.40,561.86,561.33,560.97,560.66,560.29,559.62,557.97,554.31,550.49,547.19,544.28,541.49,538.03,534.11,530.23,526.75,523.42,518.36,511.53,506.49,502.37,499.16,496.57,494.09,491.52,488.40,485.22,482.47,480.34,479.69,479.50,479.33,479.10,478.88,478.69,478.51,478.30,478.13,477.92,477.73,477.55,477.32,477.15,476.96,476.73,476.51,476.34,476.13,475.89,475.65,475.36,475.12,474.88,474.65,474.42,474.19,474.00,473.83,473.68,473.54,473.43,473.31,473.16,473.00,472.82,472.66,472.53,472.46,472.39,472.30,472.23,472.18,472.16,472.10,472.02,471.91,471.68,471.45,471.22,470.99,470.77,470.65,470.51,470.38,470.28,470.15,470.04,469.92,469.73,469.42,469.18,468.95,468.72,468.49,468.25,468.02,467.91,467.98,468.19,468.36,468.51,468.67,468.82,468.98,469.14,469.30,469.45,469.60,469.75,469.97,470.39,471.25,472.16,473.08,473.99,474.91,475.84,476.79,477.76,479.44,483.65,489.90,495.76,499.89,501.22,502.34,503.30,504.20,505.09,505.95,506.81,507.69,508.59,509.55,511.40,514.00,516.99,520.25,524.09,528.47,535.35,544.65,552.66,559.09,564.42,569.17,573.77,578.32,583.55,589.01,594.31,599.40,604.01,608.34,612.45,616.34,619.76,623.32,626.87,629.93,631.90,633.68,635.88,638.57,641.42,646.50,651.23,655.17,658.79,662.16,665.52,669.02,672.76,676.71,679.70,681.68,683.10,684.74,684.86,683.61,681.57,678.81,673.95,667.97,661.66,655.32,648.96,642.58,636.07,629.55,623.25,616.73,609.35,601.01,592.79,589.32,589.69,592.80,597.68,602.74,608.23
706.89,701.24,695.26,689.13,683.55,678.39,673.37,668.10,661.98,656.10,650.94,646.69,643.57,640.41,636.97,633.62,630.68,628.18,626.07,624.10,622.07,619.68,617.13,614.05,610.94,608.23,605.08,602.38,600.06,598.04,596.09,593.96,591.93,590.00,587.94,585.18,582.23,579.37,576.71,574.10,571.70,569.99,569.02,568.47,567.98,567.46,566.92,566.39,565.92,565.40,564.87,564.33,563.78,563.24,562.74,562.29,561.92,561.55,561.22,560.76,559.67,556.87,552.55,548.62,545.52,542.62,539.48,535.94,532.26,528.77,525.51,522.31,517.03,509.82,505.36,501.45,498.40,495.95,493.54,491.05,487.87,484.38,481.31,480.00,479.60,479.45,479.27,479.05,478.87,478.67,478.46,478.29,478.08,477.90,477.71,477.49,477.26,477.09,476.89,476.67,476.50,476.29,476.06,475.83,475.60,475.35,475.12,474.88,474.65,474.42,474.19,473.97,473.77,473.63,473.52,473.40,473.25,473.10,472.95,472.88,472.81,472.73,472.65,472.57,472.49,472.44,472.42,472.36,472.28,472.20,472.09,471.87,471.64,471.40,471.17,470.94,470.74,470.57,470.42,470.29,470.19,470.06,469.92,469.73,469.42,469.18,468.95,468.72,468.49,468.25,468.02,467.96,468.09,468.26,468.42,468.58,468.73,468.88,469.03,469.24,469.43,469.57,469.67,469.81,470.38,471.33,472.22,472.89,473.67,474.53,475.41,476.39,477.38,478.41,480.07,484.00,490.00,495.45,499.33,501.04,502.21,503.31,504.38,505.40,506.32,507.18,508.04,508.90,509.91,512.29,515.09,518.11,521.51,525.54,531.45,539.11,547.78,555.20,561.36,566.63,571.39,575.92,580.63,586.05,591.44,596.29,601.08,605.63,609.96,614.07,617.89,620.67,623.42,626.13,628.39,630.13,632.45,635.53,639.47,644.34,649.70,654.38,658.30,661.80,665.14,668.48,671.82,675.23,678.87,680.97,682.41,683.70,684.93,684.38,682.98,681.11,678.43,673.63,667.62,661.05,654.22,647.52,640.92,634.40,627.92,621.37,614.80,607.16,598.67,590.84,588.41,590.00,593.69,598.49,603.54,608.86
706.02,700.69,694.96,689.09,683.40,678.12,672.94,667.45,660.93,654.64,649.17,644.58,640.84,637.15,633.49,630.20,627.52,625.14,622.90,620.88,618.91,616.47,613.76,610.91,608.17,605.66,602.77,600.04,597.48,595.08,592.90,591.11,589.60,588.05,585.94,583.21,580.72,578.42,576.19,573.99,571.95,570.37,569.32,568.80,568.30,567.78,567.24,566.70,566.20,565.70,565.17,564.64,564.13,563.65,563.17,562.68,562.24,561.79,561.34,560.80,559.54,555.82,551.28,547.36,544.22,541.09,537.61,533.96,530.42,527.25,524.26,520.78,515.37,508.46,504.21,500.55,497.64,495.28,492.97,490.55,487.33,483.74,480.62,479.82,479.55,479.38,479.21,478.99,478.81,478.63,478.44,478.25,478.02,477.85,477.65,477.43,477.23,477.04,476.83,476.62,476.46,476.24,476.02,475.81,475.58,475.35,475.12,474.88,474.65,474.42,474.22,474.00,473.79,473.64,473.50,473.37,473.26,473.17,473.05,473.03,472.99,472.91,472.84,472.79,472.72,472.66,472.62,472.55,472.50,472.42,472.28,472.06,471.82,471.59,471.36,471.13,470.90,470.67,470.47,470.30,470.21,470.07,469.92,469.73,469.46,469.19,468.95,468.72,468.49,468.25,468.05,468.01,468.18,468.36,468.52,468.68,468.83,468.99,469.14,469.33,469.50,469.65,469.78,470.25,471.15,472.32,473.27,473.82,474.48,475.24,476.05,476.96,477.93,478.96,480.64,484.59,489.88,494.90,498.79,500.83,502.08,503.20,504.32,505.41,506.42,507.38,508.32,509.37,510.81,513.31,516.05,519.04,522.58,526.75,533.95,542.11,550.06,557.26,563.20,568.33,572.98,577.38,582.17,587.47,592.64,597.32,601.99,606.60,610.91,614.96,618.73,621.15,623.31,625.42,627.33,629.02,632.04,636.07,641.06,647.09,652.43,657.03,661.04,664.53,667.88,671.08,674.24,677.30,680.03,681.61,682.84,684.00,684.75,683.90,682.57,680.88,678.24,673.51,667.47,660.75,653.67,646.64,639.79,633.11,626.47,619.67,612.96,604.99,596.68,589.86,587.86,589.75,593.58,598.42,603.59,609.00
704.97,699.93,694.48,688.89,683.16,677.73,672.36,666.64,659.85,653.40,647.97,643.33,639.04,634.89,631.17,628.12,625.76,623.28,620.77,618.67,616.77,614.27,611.48,608.95,606.59,604.12,601.35,598.56,595.73,592.91,590.43,588.95,587.87,586.54,584.25,581.70,579.78,578.08,576.22,574.34,572.48,570.83,569.61,569.12,568.60,568.06,567.52,566.99,566.45,565.97,565.46,564.93,564.44,564.02,563.53,562.97,562.38,561.84,561.26,560.63,559.26,554.78,550.22,546.34,543.02,539.56,535.77,532.05,528.63,525.71,522.93,518.89,513.41,507.20,503.03,499.68,496.96,494.63,492.43,490.03,486.80,483.20,480.20,479.73,479.51,479.32,479.15,478.93,478.76,478.60,478.41,478.19,477.97,477.79,477.60,477.38,477.21,477.00,476.77,476.56,476.39,476.18,475.99,475.80,475.57,475.35,475.12,474.88,474.65,474.44,474.26,474.06,473.86,473.70,473.50,473.38,473.33,473.30,473.24,473.21,473.18,473.10,473.03,473.01,472.96,472.89,472.82,472.75,472.72,472.64,472.47,472.24,472.01,471.77,471.54,471.31,471.07,470.80,470.53,470.33,470.23,470.07,469.92,469.74,469.50,469.21,468.95,468.72,468.49,468.25,468.09,468.09,468.26,468.47,468.64,468.79,468.95,469.10,469.25,469.41,469.57,469.75,470.02,470.90,472.09,473.34,474.37,474.87,475.40,476.05,476.77,477.58,478.49,479.56,481.37,485.27,489.69,494.26,498.26,500.61,501.94,503.04,504.16,505.29,506.37,507.46,508.56,509.85,511.82,514.28,516.89,519.85,523.55,527.81,536.04,544.52,551.80,558.90,564.62,569.54,574.02,578.29,583.10,588.16,593.09,597.73,602.37,607.03,611.32,615.28,619.06,621.30,623.08,624.81,626.60,628.31,631.96,636.89,642.79,649.39,654.65,659.22,663.33,666.88,670.23,673.28,676.24,678.99,680.66,681.92,683.12,684.15,684.40,683.44,682.25,680.75,678.18,673.51,667.45,660.67,653.46,646.12,639.01,632.11,625.26,618.23,611.24,603.00,595.06,589.39,587.55,589.15,592.74,597.56,602.96,608.59
703.82,698.98,693.75,688.33,682.81,677.05,671.18,665.18,658.89,653.07,647.99,643.50,639.39,635.52,631.72,628.60,626.33,623.38,620.46,617.98,615.86,613.64,611.14,608.65,606.20,603.74,601.20,598.44,595.57,592.67,590.02,588.16,586.66,585.10,583.06,581.08,579.43,577.90,576.27,574.43,572.62,570.99,569.74,569.21,568.72,568.20,567.67,567.18,566.64,566.16,565.64,565.05,564.48,563.98,563.43,562.84,562.27,561.68,561.11,560.42,558.76,553.68,549.06,545.12,541.55,537.77,533.79,530.22,527.07,524.18,521.27,516.24,510.72,505.77,501.75,498.89,496.51,494.28,492.03,489.52,486.21,482.75,480.12,479.68,479.49,479.30,479.10,478.92,478.71,478.53,478.36,478.13,477.95,477.75,477.53,477.31,477.15,476.94,476.73,476.55,476.34,476.16,475.96,475.75,475.52,475.34,475.12,474.88,474.67,474.49,474.33,474.13,473.92,473.77,473.64,473.55,473.50,473.49,473.42,473.41,473.36,473.30,473.27,473.22,473.16,473.09,473.06,472.99,472.93,472.83,472.66,472.43,472.20,471.93,471.66,471.43,471.20,470.95,470.71,470.49,470.30,470.10,469.92,469.75,469.50,469.21,468.95,468.72,468.49,468.25,468.16,468.21,468.37,468.54,468.70,468.86,469.01,469.17,469.33,469.48,469.65,469.97,470.73,471.83,473.05,474.31,475.47,475.99,476.45,477.01,477.66,478.35,479.18,480.62,482.90,485.92,489.55,493.70,497.70,500.42,501.76,502.89,504.01,505.11,506.20,507.41,508.65,510.12,512.39,514.89,517.45,520.46,524.36,528.74,537.28,545.82,552.77,559.60,565.00,569.63,573.89,578.08,582.73,587.72,592.61,597.21,601.89,606.39,610.58,614.55,618.47,620.86,622.75,624.55,626.36,628.12,631.77,637.21,643.89,649.99,655.51,660.25,664.38,668.09,671.43,674.36,677.17,679.71,680.92,682.06,683.24,684.14,684.03,683.04,681.93,680.63,678.35,673.65,667.69,660.98,653.67,646.05,638.73,631.71,624.77,617.53,609.93,601.79,594.37,589.26,587.52,588.04,590.57,594.94,600.72,606.69
702.49,697.73,692.64,687.44,682.28,676.37,670.16,664.04,658.63,653.99,649.74,645.71,641.90,638.07,634.12,630.66,627.85,624.54,621.20,618.40,616.14,614.04,611.56,608.95,606.35,603.84,601.37,598.64,595.77,592.86,590.08,587.96,586.13,584.32,582.36,580.66,579.15,577.72,576.25,574.55,572.85,571.20,569.86,569.29,568.80,568.31,567.81,567.34,566.82,566.33,565.77,565.13,564.50,563.91,563.32,562.71,562.15,561.56,560.99,560.11,557.95,552.42,547.76,543.72,539.77,535.44,531.47,528.11,525.15,522.31,519.18,513.83,508.57,504.46,500.71,498.22,496.08,493.94,491.67,489.01,485.58,482.25,480.05,479.64,479.46,479.27,479.06,478.88,478.68,478.49,478.30,478.07,477.91,477.70,477.48,477.28,477.09,476.88,476.69,476.51,476.29,476.12,475.91,475.69,475.49,475.31,475.09,474.87,474.67,474.51,474.36,474.16,473.97,473.87,473.81,473.74,473.69,473.68,473.61,473.59,473.56,473.51,473.49,473.42,473.36,473.31,473.28,473.21,473.13,473.00,472.81,472.58,472.35,472.09,471.82,471.59,471.36,471.13,470.89,470.66,470.43,470.18,469.97,469.77,469.51,469.23,468.98,468.74,468.49,468.25,468.22,468.30,468.45,468.62,468.76,468.92,469.08,469.24,469.41,469.57,469.82,470.38,471.59,472.89,474.11,475.29,476.52,477.09,477.55,478.04,478.62,479.24,480.01,481.60,484.07,486.61,489.41,493.15,497.20,500.22,501.58,502.75,503.94,505.08,506.22,507.48,508.76,510.33,512.76,515.28,517.79,520.80,524.88,529.43,538.06,546.54,553.16,559.31,564.26,568.62,572.75,576.88,581.42,586.44,591.44,596.17,600.88,605.17,609.11,612.93,616.92,620.00,622.23,624.09,625.94,627.76,631.22,636.87,644.08,649.82,655.34,660.15,664.38,668.32,671.81,674.88,677.73,680.18,681.16,682.19,683.26,684.00,683.68,682.74,681.73,680.60,678.62,673.79,667.93,661.37,654.10,646.43,639.01,631.93,625.03,617.91,609.66,601.66,594.61,589.49,587.78,587.40,588.44,591.22,596.12,602.91
700.96,696.17,691.17,686.25,681.55,675.79,669.56,663.66,659.42,656.37,653.32,650.02,646.51,642.38,638.25,634.21,630.30,626.72,622.98,619.90,617.56,615.32,612.55,609.70,606.95,604.34,601.72,599.02,596.19,593.26,590.40,588.22,586.25,584.24,582.15,580.40,578.89,577.48,576.08,574.62,573.08,571.43,569.95,569.36,568.87,568.40,567.93,567.47,567.00,566.48,565.87,565.19,564.50,563.88,563.26,562.64,562.05,561.48,560.89,559.70,556.88,551.05,546.38,542.18,537.74,532.68,528.90,525.73,522.84,520.04,516.65,511.80,507.08,503.29,499.96,497.66,495.63,493.56,491.32,488.51,484.92,481.70,479.96,479.63,479.42,479.23,479.05,478.84,478.66,478.46,478.24,478.02,477.85,477.64,477.44,477.26,477.04,476.82,476.62,476.45,476.23,476.06,475.85,475.65,475.48,475.25,475.03,474.83,474.67,474.51,474.36,474.16,474.00,473.99,473.98,473.92,473.88,473.86,473.79,473.78,473.77,473.75,473.68,473.61,473.57,473.54,473.47,473.40,473.32,473.17,472.95,472.72,472.49,472.25,472.01,471.78,471.54,471.31,471.08,470.84,470.61,470.32,470.06,469.81,469.52,469.28,469.04,468.78,468.49,468.26,468.26,468.37,468.52,468.67,468.83,468.99,469.14,469.30,469.52,469.70,470.11,471.01,472.57,474.06,475.26,476.31,477.53,478.18,478.67,479.13,479.64,480.24,480.98,482.45,484.77,487.28,489.24,492.58,496.76,500.01,501.41,502.64,503.93,505.20,506.43,507.67,508.91,510.46,512.97,515.46,517.90,520.88,525.06,529.78,538.36,546.68,552.91,558.00,562.41,566.57,570.64,574.72,579.22,584.33,589.56,594.57,599.33,603.40,606.99,610.45,614.40,618.65,621.47,623.39,625.27,627.18,630.30,635.80,643.23,648.91,654.16,658.93,663.36,667.59,671.40,674.86,677.98,680.45,681.39,682.30,683.18,683.72,683.34,682.54,681.63,680.65,678.95,673.92,668.12,661.78,654.76,647.25,639.87,632.80,626.07,619.37,610.55,602.71,595.80,590.18,588.38,587.40,586.74,586.87,589.54,597.22
699.36,694.59,689.73,685.08,680.43,675.72,671.34,667.51,664.29,661.37,658.38,655.19,651.70,647.60,643.44,639.23,634.86,630.35,626.04,622.29,619.15,616.43,613.44,610.48,607.65,604.95,602.10,599.25,596.39,593.49,590.61,588.46,586.45,584.38,582.31,580.59,578.82,576.88,574.82,573.22,571.77,570.61,569.81,569.43,568.99,568.52,568.06,567.60,567.13,566.58,565.94,565.25,564.55,563.88,563.23,562.59,562.01,561.43,560.82,559.45,556.26,550.41,545.46,540.86,536.14,531.09,527.29,523.92,520.69,517.51,514.12,509.88,505.72,502.18,499.28,497.10,495.09,493.07,490.91,487.89,484.16,481.13,479.89,479.59,479.36,479.17,479.00,478.77,478.60,478.40,478.19,478.00,477.80,477.57,477.38,477.21,476.98,476.78,476.59,476.40,476.21,476.01,475.79,475.58,475.42,475.19,475.00,474.83,474.67,474.51,474.36,474.24,474.15,474.12,474.15,474.11,474.07,474.06,474.02,473.98,473.96,473.94,473.87,473.83,473.79,473.74,473.66,473.63,473.53,473.35,473.12,472.89,472.66,472.43,472.19,471.96,471.73,471.50,471.25,470.98,470.70,470.40,470.11,469.83,469.57,469.33,469.07,468.79,468.50,468.30,468.31,468.42,468.59,468.74,468.89,469.07,469.25,469.42,469.60,469.88,470.59,471.90,473.57,475.19,476.52,477.61,478.63,479.32,479.84,480.32,480.83,481.36,482.01,483.30,485.32,487.39,489.00,491.99,496.07,499.86,501.40,502.65,503.92,505.18,506.42,507.66,508.89,510.43,512.92,515.43,517.90,520.85,524.84,529.16,537.59,545.54,551.09,555.74,560.10,564.16,568.04,572.02,576.52,581.48,586.68,591.91,596.61,600.81,604.43,607.66,611.25,615.92,619.72,622.50,624.54,626.63,629.22,634.00,640.96,646.88,652.17,657.08,661.78,666.33,670.41,674.06,677.45,680.27,681.27,682.08,682.86,683.39,683.06,682.34,681.51,680.63,679.01,673.95,668.19,662.10,655.58,648.61,641.34,634.36,627.74,621.09,612.67,604.77,597.88,592.55,589.84,588.44,587.39,586.64,587.07,590.55
698.20,693.47,688.80,684.61,680.32,676.97,674.53,672.61,670.14,667.06,663.81,660.44,656.75,652.65,648.48,644.22,639.64,634.41,629.45,624.93,620.96,617.65,614.42,611.26,608.25,605.39,602.34,599.35,596.42,593.53,590.66,588.58,586.58,584.51,582.49,580.77,578.68,576.14,573.43,571.65,570.34,569.65,569.48,569.37,569.06,568.64,568.18,567.72,567.25,566.67,566.01,565.31,564.62,563.92,563.23,562.57,561.99,561.38,560.76,559.24,555.74,549.92,544.70,539.81,534.97,530.13,526.21,522.56,518.97,515.46,512.09,508.32,504.54,501.14,498.65,496.56,494.57,492.61,490.54,487.33,483.48,480.62,479.82,479.55,479.31,479.12,478.96,478.73,478.56,478.36,478.15,477.97,477.76,477.53,477.33,477.17,476.94,476.77,476.57,476.36,476.20,475.98,475.75,475.54,475.38,475.15,474.98,474.83,474.67,474.53,474.40,474.35,474.32,474.27,474.31,474.29,474.25,474.25,474.25,474.19,474.15,474.13,474.06,474.05,474.00,473.93,473.87,473.85,473.73,473.54,473.31,473.07,472.84,472.61,472.38,472.14,471.90,471.66,471.39,471.08,470.77,470.46,470.15,469.86,469.61,469.37,469.08,468.78,468.50,468.35,468.39,468.51,468.66,468.82,468.97,469.17,469.37,469.53,469.69,470.19,471.25,472.89,474.59,476.28,477.74,478.89,479.68,480.38,480.93,481.43,481.96,482.46,483.03,484.10,485.70,487.32,488.75,491.44,495.39,499.73,501.42,502.65,503.88,505.11,506.33,507.55,508.78,510.29,512.70,515.23,517.73,520.64,524.38,528.24,536.16,543.58,548.63,553.00,557.38,561.42,565.23,569.15,573.59,578.36,583.47,588.78,593.37,597.79,601.54,604.70,607.97,612.64,617.41,621.31,623.66,625.83,628.00,631.94,638.06,644.25,649.69,654.82,659.83,664.67,669.07,673.03,676.80,680.02,681.07,681.79,682.51,683.04,682.80,682.13,681.38,680.54,678.90,673.86,668.24,662.47,656.47,650.11,643.09,636.18,629.55,622.87,615.16,607.38,600.61,595.69,592.24,590.27,588.82,587.46,586.13,585.37
698.24,693.59,689.27,685.99,683.13,681.39,679.96,678.29,675.92,672.90,669.31,665.33,661.09,656.66,652.44,648.19,643.63,638.66,632.91,627.69,623.27,619.25,615.74,612.09,608.47,605.25,602.20,599.15,596.13,593.17,590.35,588.39,586.49,584.46,582.46,580.63,578.20,575.30,572.39,570.61,569.59,569.01,568.79,568.93,569.03,568.77,568.31,567.84,567.38,566.75,566.07,565.37,564.68,563.98,563.29,562.60,561.94,561.32,560.70,559.03,555.22,549.41,544.13,539.28,534.65,530.05,525.95,522.04,518.30,514.82,511.42,507.68,503.80,500.29,498.09,496.11,494.19,492.33,490.34,487.05,483.07,480.25,479.74,479.53,479.31,479.12,478.96,478.73,478.56,478.36,478.13,477.92,477.75,477.53,477.33,477.17,476.94,476.77,476.57,476.36,476.20,475.98,475.75,475.54,475.38,475.15,474.98,474.83,474.68,474.59,474.55,474.53,474.51,474.45,474.45,474.45,474.44,474.44,474.43,474.38,474.34,474.32,474.25,474.23,474.19,474.13,474.11,474.05,473.92,473.73,473.50,473.26,473.03,472.80,472.57,472.33,472.04,471.75,471.45,471.14,470.83,470.52,470.22,469.91,469.62,469.32,469.02,468.73,468.51,468.40,468.49,468.63,468.79,468.94,469.10,469.26,469.44,469.65,469.81,470.79,472.26,473.95,475.64,477.29,478.78,479.97,480.58,481.21,481.77,482.30,482.85,483.43,483.99,484.72,485.74,487.11,488.50,491.00,494.84,499.60,501.35,502.59,503.82,505.04,506.16,507.32,508.53,509.99,512.18,514.66,517.20,520.06,523.55,527.12,533.67,540.26,545.45,549.62,553.87,558.07,562.17,566.21,570.34,575.03,580.04,585.05,589.54,594.08,598.08,601.46,604.72,608.79,614.24,619.40,622.40,624.36,626.48,629.64,634.40,640.78,646.47,651.93,657.25,662.28,667.15,671.91,676.37,679.85,680.84,681.54,682.21,682.69,682.54,681.93,681.22,680.34,678.50,673.52,668.32,663.01,657.43,651.64,645.16,638.27,631.32,624.63,617.81,610.76,604.48,599.87,596.58,593.55,590.75,588.35,586.59,584.81
699.44,695.19,691.31,688.55,686.80,685.69,684.45,682.70,680.33,677.54,673.81,669.32,664.46,659.58,655.25,651.05,646.58,641.57,635.64,630.07,625.13,620.51,616.50,612.50,608.65,605.22,601.96,598.64,595.30,592.08,589.32,587.36,585.48,583.50,581.50,579.41,576.86,574.00,571.30,569.85,569.01,568.42,568.09,568.26,568.53,568.55,568.34,567.95,567.47,566.82,566.13,565.43,564.74,564.04,563.35,562.65,561.97,561.31,560.67,558.86,554.74,548.95,543.60,538.84,534.49,530.24,526.19,522.42,518.81,515.25,511.44,507.51,503.50,499.85,497.74,495.79,493.90,492.09,490.20,486.86,482.79,480.01,479.70,479.53,479.31,479.12,478.96,478.73,478.56,478.36,478.14,477.94,477.75,477.56,477.36,477.17,476.94,476.77,476.57,476.36,476.20,475.98,475.77,475.57,475.38,475.18,475.02,474.88,474.78,474.73,474.73,474.73,474.71,474.67,474.63,474.63,474.63,474.63,474.62,474.56,474.52,474.51,474.47,474.44,474.40,474.35,474.31,474.24,474.11,473.91,473.68,473.45,473.22,472.97,472.70,472.44,472.13,471.82,471.50,471.16,470.86,470.55,470.22,469.89,469.61,469.31,469.00,468.71,468.49,468.48,468.60,468.76,468.91,469.07,469.22,469.36,469.50,469.74,470.24,471.58,473.32,475.13,476.86,478.43,479.73,480.71,481.32,481.88,482.45,483.00,483.56,484.17,484.73,485.32,486.09,487.20,488.43,490.85,494.69,499.54,501.17,502.33,503.54,504.73,505.88,507.04,508.20,509.54,511.45,513.89,516.47,519.24,522.40,525.71,530.60,536.27,541.89,546.19,550.20,554.27,558.45,562.65,566.78,571.27,576.16,581.28,585.86,590.35,594.35,597.82,601.12,605.25,610.98,616.69,620.43,622.83,624.72,627.37,631.51,637.36,643.13,648.69,654.12,659.53,664.88,670.05,674.94,678.96,680.50,681.30,681.96,682.41,682.19,681.63,680.98,680.00,677.84,672.96,667.95,662.95,657.84,652.70,646.69,640.04,633.08,626.16,619.63,613.41,607.93,603.64,600.20,596.40,592.44,588.82,586.50,584.42
701.17,697.49,694.10,691.59,690.63,689.64,688.23,686.29,683.83,681.27,677.52,672.68,667.25,661.93,657.42,653.24,648.85,643.66,637.86,632.09,626.62,621.53,616.95,612.71,608.73,605.09,601.50,597.79,594.06,590.55,587.88,585.85,583.95,582.01,580.02,577.65,575.08,572.49,570.25,569.25,568.51,567.86,567.40,567.47,567.80,568.10,568.22,567.98,567.54,566.91,566.21,565.52,564.82,564.13,563.44,562.75,562.05,561.36,560.71,558.75,554.38,548.61,543.21,538.53,534.49,530.61,526.78,523.31,520.02,516.46,511.97,507.63,503.40,499.63,497.50,495.56,493.72,492.00,490.20,486.72,482.59,479.86,479.69,479.53,479.31,479.12,478.96,478.74,478.56,478.36,478.15,477.99,477.76,477.58,477.40,477.17,476.95,476.77,476.57,476.37,476.20,475.98,475.79,475.61,475.39,475.23,475.09,474.98,474.92,474.91,474.91,474.91,474.91,474.90,474.83,474.81,474.82,474.81,474.81,474.75,474.72,474.71,474.70,474.64,474.61,474.58,474.50,474.43,474.29,474.10,473.87,473.63,473.38,473.10,472.79,472.49,472.17,471.86,471.52,471.15,470.84,470.53,470.18,469.85,469.60,469.31,469.00,468.69,468.47,468.57,468.72,468.88,469.04,469.19,469.34,469.46,469.57,469.89,470.89,472.51,474.41,476.34,478.11,479.56,480.57,481.29,481.96,482.48,483.04,483.63,484.18,484.78,485.35,485.93,486.60,487.47,488.51,491.00,494.96,499.58,500.99,502.04,503.17,504.31,505.50,506.67,507.80,509.01,510.65,512.99,515.58,518.29,521.13,524.17,527.33,532.01,538.07,542.74,546.55,550.37,554.43,558.78,563.11,567.42,572.17,577.50,582.27,586.67,590.61,594.12,597.50,601.84,607.58,613.46,618.00,621.24,622.87,625.06,628.87,633.95,639.75,645.33,650.77,656.58,662.37,667.77,672.96,677.61,680.08,681.08,681.73,682.17,681.81,681.30,680.71,679.57,676.96,672.25,667.33,662.50,657.83,653.31,647.76,641.47,634.63,627.41,620.85,615.36,610.65,606.53,602.69,598.33,593.49,588.82,585.93,584.26
702.71,699.65,696.84,694.19,693.20,692.15,690.76,688.88,686.32,683.45,679.79,675.16,669.50,664.04,659.22,654.78,650.32,645.07,639.26,633.30,627.47,622.14,617.30,612.81,608.47,604.20,600.21,596.05,592.10,588.70,586.18,584.08,582.14,580.24,578.20,575.84,573.27,571.03,569.53,568.72,568.01,567.33,566.79,566.69,567.00,567.33,567.59,567.68,567.62,567.08,566.39,565.69,565.00,564.34,563.67,562.98,562.28,561.59,560.87,558.87,554.52,548.83,543.40,538.78,534.91,531.25,527.73,524.54,521.74,518.82,513.29,507.93,503.21,499.48,497.37,495.42,493.85,492.49,490.64,486.66,482.46,479.84,479.69,479.53,479.31,479.12,478.96,478.78,478.58,478.36,478.15,477.99,477.76,477.59,477.40,477.18,476.99,476.79,476.60,476.41,476.21,475.98,475.80,475.62,475.40,475.29,475.19,475.12,475.10,475.10,475.10,475.10,475.10,475.09,475.02,475.03,475.04,475.00,475.00,474.98,474.94,474.90,474.89,474.82,474.80,474.77,474.69,474.62,474.48,474.29,474.05,473.76,473.43,473.12,472.81,472.49,472.14,471.81,471.47,471.10,470.79,470.44,470.12,469.83,469.55,469.29,469.00,468.71,468.51,468.63,468.78,468.96,469.16,469.31,469.47,469.58,469.77,470.38,471.88,473.67,475.54,477.42,479.18,480.37,481.20,481.86,482.54,483.13,483.69,484.25,484.79,485.36,485.94,486.52,487.14,487.94,488.89,491.92,496.28,499.93,501.06,501.97,502.91,503.82,504.93,506.04,507.19,508.43,509.88,511.90,514.48,517.28,520.01,522.74,524.51,528.03,533.90,539.34,543.35,546.94,550.66,554.90,559.66,564.14,568.74,573.77,578.73,583.30,587.42,591.13,594.57,598.35,603.63,609.61,615.10,619.56,621.09,622.55,625.57,630.54,636.48,642.23,647.77,653.58,659.64,665.31,670.76,675.84,679.53,680.83,681.46,681.87,681.49,681.02,680.48,679.03,675.62,671.40,666.56,661.72,657.20,652.97,647.89,641.89,635.11,627.77,621.13,615.75,610.91,606.13,601.58,596.87,592.12,587.63,584.40,584.88
704.05,701.47,699.20,696.80,695.56,694.25,692.67,690.69,688.07,684.94,681.35,676.98,671.26,665.76,660.68,655.92,651.26,645.92,640.11,634.01,627.91,622.34,617.34,612.62,607.90,603.03,598.39,593.89,590.00,586.96,584.50,582.30,580.29,578.37,576.34,574.02,571.71,569.93,568.96,568.24,567.54,566.84,566.21,565.94,566.19,566.51,566.81,567.11,567.35,567.14,566.64,565.96,565.27,564.62,563.95,563.26,562.58,561.83,561.03,559.04,554.87,549.22,543.75,539.14,535.40,532.03,528.79,525.88,523.33,520.42,513.58,507.72,503.00,499.39,497.33,495.77,494.66,493.50,491.07,486.56,482.33,479.84,479.69,479.51,479.31,479.12,478.97,478.81,478.59,478.37,478.17,477.99,477.79,477.60,477.41,477.21,477.03,476.81,476.62,476.44,476.21,476.00,475.81,475.62,475.44,475.37,475.30,475.26,475.26,475.26,475.26,475.26,475.26,475.25,475.20,475.24,475.26,475.22,475.21,475.21,475.18,475.14,475.11,475.04,475.01,474.98,474.88,474.80,474.62,474.38,474.11,473.78,473.42,473.08,472.75,472.44,472.07,471.74,471.39,471.03,470.70,470.34,470.05,469.80,469.52,469.26,468.97,468.71,468.60,468.72,468.88,469.06,469.25,469.41,469.56,469.69,470.04,471.13,472.92,474.78,476.62,478.43,480.04,481.13,481.86,482.44,483.11,483.76,484.33,484.87,485.41,485.96,486.55,487.14,487.72,488.51,489.83,493.56,498.24,500.95,501.99,502.84,503.58,504.13,504.88,505.61,506.60,507.87,509.19,510.74,513.04,515.77,518.48,520.68,521.65,524.43,529.93,535.73,540.16,543.87,547.42,551.39,556.16,560.83,565.49,570.32,575.30,579.99,584.29,588.24,591.91,595.46,600.14,605.84,611.95,616.68,618.60,620.06,622.64,627.55,633.53,639.55,645.40,651.28,657.46,663.30,668.87,674.17,678.74,680.43,681.16,681.54,681.20,680.76,679.96,678.06,674.28,670.34,665.39,660.52,656.26,652.22,647.33,641.37,634.51,627.01,620.10,614.51,609.22,603.64,598.76,593.92,589.38,585.68,584.12,586.41
705.18,702.89,701.08,699.41,697.80,696.01,693.98,691.68,689.08,685.80,682.25,678.06,672.44,667.00,661.76,656.70,651.69,646.18,640.37,634.23,627.94,622.05,617.00,612.06,606.97,601.59,596.06,591.40,587.90,585.42,582.91,580.58,578.45,576.47,574.48,572.23,570.46,569.24,568.49,567.79,567.10,566.37,565.66,565.22,565.40,565.67,565.93,566.26,566.67,567.02,566.93,566.32,565.64,564.96,564.26,563.58,562.91,562.05,561.15,559.27,555.43,549.74,544.19,539.57,535.96,532.93,529.94,527.26,524.65,520.91,512.56,506.92,502.78,499.35,497.44,496.72,496.24,494.99,491.45,486.39,482.18,479.84,479.68,479.46,479.28,479.12,478.97,478.81,478.59,478.40,478.22,478.00,477.83,477.63,477.43,477.25,477.03,476.81,476.62,476.44,476.22,476.04,475.84,475.64,475.51,475.48,475.42,475.39,475.39,475.39,475.39,475.39,475.39,475.39,475.38,475.43,475.47,475.46,475.46,475.46,475.45,475.43,475.37,475.29,475.25,475.20,475.06,474.98,474.68,474.36,474.04,473.67,473.33,472.98,472.63,472.31,472.00,471.64,471.29,470.96,470.58,470.26,469.99,469.75,469.50,469.22,468.91,468.70,468.71,468.85,469.00,469.16,469.32,469.48,469.63,469.80,470.43,472.15,473.99,475.80,477.61,479.36,480.68,481.84,482.59,483.06,483.69,484.36,484.95,485.50,486.04,486.58,487.18,487.76,488.34,489.19,491.49,495.98,500.72,502.71,503.90,504.80,505.34,505.43,505.55,505.51,506.13,507.38,508.58,509.55,511.25,513.71,516.45,517.90,518.76,521.32,526.28,531.93,536.97,541.16,544.80,548.38,552.60,557.43,562.38,567.18,572.00,576.73,581.19,585.39,589.47,593.34,597.35,602.35,608.62,612.54,615.34,617.67,620.33,625.14,631.03,637.38,643.78,649.85,656.01,661.87,667.44,672.73,677.64,679.86,680.83,681.19,680.93,680.50,679.08,676.58,672.99,669.01,663.75,658.86,654.97,651.04,645.98,639.78,632.69,624.98,617.60,611.47,605.48,599.19,594.47,589.73,585.51,583.22,585.48,588.93
706.30,704.23,702.46,700.84,699.03,696.95,694.67,692.24,689.63,686.16,682.41,678.13,672.69,667.45,662.47,657.37,651.88,646.21,640.32,634.06,627.57,621.34,616.13,610.97,605.51,599.63,593.39,589.31,586.39,583.98,581.52,579.15,576.94,574.85,572.78,570.84,569.55,568.63,567.90,567.21,566.48,565.75,565.05,564.53,564.59,564.83,565.11,565.45,565.89,566.36,566.59,566.46,565.98,565.32,564.60,563.86,563.06,562.15,561.25,559.72,556.54,550.54,545.06,540.51,536.86,533.90,530.93,528.01,524.99,520.80,511.87,506.43,502.70,499.71,498.71,498.41,497.65,495.73,491.73,486.30,482.08,479.84,479.67,479.45,479.28,479.12,478.96,478.76,478.57,478.40,478.23,478.00,477.84,477.63,477.43,477.26,477.03,476.84,476.64,476.45,476.26,476.07,475.88,475.73,475.66,475.62,475.58,475.56,475.56,475.56,475.56,475.56,475.56,475.56,475.56,475.62,475.66,475.66,475.66,475.69,475.69,475.65,475.61,475.50,475.41,475.29,475.15,475.02,474.70,474.33,473.97,473.59,473.24,472.89,472.54,472.20,471.88,471.52,471.16,470.85,470.51,470.19,469.92,469.69,469.46,469.20,468.90,468.72,468.78,468.96,469.12,469.28,469.43,469.59,469.74,470.23,471.29,473.15,475.00,476.83,478.58,480.14,481.32,482.45,483.29,483.86,484.37,484.96,485.58,486.16,486.66,487.20,487.77,488.35,489.07,490.48,494.37,498.70,502.33,504.38,505.88,506.78,507.17,507.10,506.91,506.58,506.67,507.25,508.07,508.92,510.22,512.06,514.32,515.86,517.17,519.37,523.15,528.73,533.99,538.75,542.90,546.27,549.97,554.54,559.44,564.25,569.01,573.82,578.54,583.13,587.56,591.79,595.86,600.45,606.05,610.50,613.67,616.30,619.18,623.72,629.69,636.32,642.99,649.05,655.11,660.96,666.58,671.83,676.29,679.15,680.55,680.83,680.62,680.13,678.17,675.14,671.53,667.21,661.98,657.09,652.95,648.63,643.50,637.03,629.57,621.86,614.27,606.84,600.25,595.01,590.35,585.70,583.31,583.95,587.19,591.79
706.82,704.95,703.23,701.55,699.69,697.44,695.03,692.53,689.87,686.21,682.20,677.79,672.56,667.58,662.92,657.84,651.94,646.02,639.99,633.61,626.93,620.42,614.97,609.54,603.82,597.74,591.55,588.19,585.65,582.99,580.36,577.89,575.59,573.37,571.25,569.68,568.75,568.03,567.27,566.57,565.81,565.08,564.40,563.85,563.78,563.98,564.29,564.63,565.08,565.54,566.00,566.32,566.14,565.60,564.89,564.07,563.15,562.25,561.38,560.24,557.77,551.67,546.23,541.64,537.83,534.85,531.85,528.58,525.05,520.49,511.46,506.34,503.05,500.57,500.37,500.18,498.93,496.33,492.02,486.36,482.07,479.84,479.66,479.45,479.28,479.12,478.96,478.73,478.56,478.40,478.23,478.00,477.84,477.64,477.44,477.26,477.04,476.87,476.67,476.46,476.30,476.09,475.92,475.83,475.82,475.76,475.75,475.75,475.75,475.75,475.75,475.74,475.73,475.75,475.75,475.80,475.85,475.85,475.85,475.91,475.90,475.82,475.79,475.65,475.50,475.34,475.19,475.03,474.68,474.29,473.90,473.53,473.14,472.79,472.46,472.09,471.76,471.40,471.06,470.74,470.43,470.12,469.86,469.63,469.39,469.16,468.90,468.75,468.86,469.06,469.24,469.39,469.54,469.70,469.93,470.81,472.29,474.14,476.00,477.84,479.50,480.86,481.96,483.05,483.99,484.70,485.10,485.60,486.22,486.82,487.31,487.83,488.36,489.07,490.25,492.61,497.52,501.36,503.88,506.10,507.76,508.56,508.81,508.68,508.32,507.88,507.54,507.46,507.89,508.67,509.67,510.96,512.65,514.38,516.12,517.97,520.63,525.80,531.13,536.37,541.03,544.44,547.78,551.97,556.66,561.51,566.22,571.03,575.97,580.96,585.80,590.38,594.66,599.01,603.88,609.04,612.45,615.25,618.31,622.50,628.61,635.55,642.44,648.44,654.40,660.26,665.94,671.13,675.06,678.39,680.19,680.48,680.25,679.41,676.98,673.59,669.91,665.26,660.16,655.27,650.70,645.87,640.51,633.74,626.00,618.26,610.22,601.98,595.28,591.05,586.33,582.25,581.86,584.98,588.50,593.95
705.47,703.93,702.50,701.06,699.40,697.27,694.90,692.38,689.58,685.73,681.51,676.98,672.01,667.35,662.86,657.80,651.74,645.38,639.09,632.53,625.75,619.19,613.34,607.55,601.82,596.54,592.51,589.70,586.77,583.25,579.67,576.93,574.45,572.10,570.14,568.84,568.03,567.35,566.59,565.88,565.13,564.39,563.73,563.20,562.97,563.11,563.44,563.82,564.27,564.69,565.12,565.55,565.82,565.60,564.99,564.14,563.28,562.47,561.63,560.72,558.91,553.53,547.97,542.93,538.70,535.66,532.65,529.12,525.06,520.00,511.62,507.21,504.56,502.57,502.35,501.60,499.94,497.11,492.46,486.82,482.30,479.82,479.61,479.43,479.28,479.12,478.96,478.73,478.56,478.40,478.23,478.00,477.84,477.67,477.48,477.27,477.04,476.87,476.67,476.46,476.30,476.14,476.01,475.95,475.95,475.94,475.94,475.94,475.94,475.94,475.94,475.90,475.88,475.93,475.94,475.99,476.03,476.03,476.04,476.09,476.06,475.93,475.80,475.65,475.50,475.35,475.19,475.03,474.61,474.16,473.79,473.45,473.08,472.70,472.35,472.01,471.65,471.31,470.99,470.67,470.31,470.04,469.80,469.56,469.33,469.10,468.90,468.83,468.97,469.14,469.29,469.45,469.61,469.79,470.28,471.54,473.29,475.14,477.00,478.76,480.29,481.49,482.58,483.66,484.71,485.57,485.96,486.38,486.90,487.48,488.04,488.48,488.99,490.24,492.75,496.84,500.52,503.51,505.98,508.10,509.29,509.73,509.81,509.69,509.37,508.94,508.59,508.45,508.59,509.08,509.98,511.13,512.48,514.04,515.64,517.31,519.48,523.20,528.50,533.85,538.67,542.67,546.14,549.95,554.31,559.18,563.79,568.29,573.21,578.61,584.03,588.92,593.35,597.68,602.36,607.58,611.34,614.40,617.38,621.07,627.38,634.77,641.98,647.89,653.89,659.79,665.50,670.66,674.41,677.56,679.50,680.15,679.77,677.72,674.91,671.69,667.93,663.27,658.31,653.33,648.34,643.09,636.89,629.78,622.09,614.01,604.66,597.70,592.34,587.50,582.49,580.48,581.31,584.33,588.38,593.69
703.25,702.05,700.73,699.31,697.95,696.14,694.06,691.71,688.83,684.79,680.45,675.98,671.25,666.89,662.54,657.54,651.45,644.87,638.26,631.24,624.02,617.43,611.41,605.50,600.04,595.72,592.66,589.97,586.86,583.09,579.06,575.48,572.74,570.72,569.17,568.02,567.26,566.60,565.89,565.16,564.42,563.73,563.09,562.57,562.23,562.28,562.57,562.97,563.43,563.85,564.33,564.88,565.38,565.55,565.10,564.25,563.40,562.60,561.80,561.03,559.68,555.57,549.79,544.28,539.81,536.59,533.52,530.02,525.90,520.58,512.58,508.44,506.12,504.43,503.61,502.39,500.68,497.95,493.07,487.40,482.58,479.81,479.59,479.43,479.28,479.11,478.92,478.72,478.56,478.39,478.19,478.00,477.84,477.69,477.50,477.28,477.07,476.88,476.69,476.50,476.35,476.22,476.15,476.12,476.12,476.09,476.08,476.08,476.08,476.08,476.08,476.05,476.04,476.11,476.12,476.15,476.19,476.22,476.22,476.24,476.14,475.96,475.81,475.65,475.48,475.31,475.15,474.99,474.54,474.06,473.66,473.32,472.96,472.61,472.28,471.98,471.58,471.22,470.89,470.57,470.23,469.97,469.74,469.50,469.27,469.04,468.90,468.90,469.05,469.20,469.36,469.51,469.67,469.89,470.86,472.43,474.28,476.14,478.00,479.61,480.96,482.09,483.17,484.25,485.33,486.28,486.81,487.22,487.66,488.18,488.76,489.31,490.88,493.28,496.40,499.96,503.32,505.96,507.94,509.35,510.05,510.29,510.33,510.22,509.98,509.69,509.47,509.36,509.39,509.70,510.55,511.69,512.91,514.27,515.67,517.09,518.75,521.34,526.27,531.54,536.51,541.01,544.62,548.20,552.27,556.99,561.66,566.01,570.75,576.11,581.99,587.21,591.88,596.38,601.11,606.34,610.40,613.70,616.61,619.95,626.19,633.65,641.01,647.16,653.34,659.20,664.83,669.92,673.30,676.20,678.26,679.09,678.18,676.00,673.22,669.92,665.95,661.64,657.03,652.14,646.86,640.98,634.56,627.62,620.19,612.13,603.29,596.92,591.69,586.31,581.07,579.65,580.44,582.90,587.50,592.81
700.14,699.29,698.04,696.63,695.64,694.29,692.61,690.52,687.60,683.47,679.16,674.84,670.37,666.26,662.01,657.06,651.02,644.36,637.43,629.78,621.91,615.36,609.32,603.50,598.51,595.14,592.33,589.50,586.32,582.65,578.48,573.84,570.86,569.37,568.31,567.27,566.50,565.84,565.18,564.43,563.73,563.07,562.47,561.93,561.53,561.48,561.71,562.11,562.58,563.06,563.62,564.28,564.89,565.41,565.18,564.36,563.52,562.68,561.94,561.24,560.20,557.62,551.74,545.82,541.13,537.58,534.40,531.12,527.18,521.77,514.13,509.85,507.53,505.99,504.44,502.83,501.24,498.80,493.87,488.13,482.98,479.88,479.61,479.44,479.28,479.10,478.88,478.73,478.56,478.37,478.16,478.00,477.84,477.68,477.49,477.28,477.12,476.90,476.71,476.56,476.42,476.34,476.31,476.30,476.29,476.23,476.21,476.21,476.21,476.21,476.21,476.21,476.23,476.29,476.30,476.31,476.34,476.40,476.39,476.33,476.18,475.97,475.81,475.65,475.46,475.26,475.09,474.93,474.50,474.01,473.58,473.23,472.92,472.61,472.31,472.02,471.54,471.12,470.78,470.47,470.15,469.90,469.68,469.45,469.22,468.99,468.91,468.96,469.11,469.26,469.43,469.59,469.76,470.13,471.63,473.45,475.31,477.16,479.02,480.44,481.60,482.66,483.74,484.82,485.90,486.91,487.64,488.09,488.56,489.21,490.11,491.01,493.84,497.30,500.39,502.30,505.80,508.32,509.59,510.10,510.35,510.52,510.59,510.50,510.36,510.25,510.20,510.18,510.20,510.40,511.22,512.40,513.62,514.81,515.99,517.15,518.35,520.06,524.42,529.44,534.46,539.33,543.14,546.63,550.43,554.88,559.68,564.02,568.50,573.58,579.76,585.32,590.32,595.12,600.04,605.26,609.60,613.09,615.95,619.03,624.98,632.28,639.72,646.26,652.69,658.48,663.98,669.00,672.03,674.67,676.74,677.58,676.02,674.26,671.69,668.27,664.11,660.27,656.11,651.50,646.17,639.58,633.33,626.88,619.91,612.14,604.67,598.40,592.63,586.80,581.16,579.41,579.49,581.19,586.18,591.59
695.03,694.45,693.68,692.85,692.24,691.45,690.17,688.13,685.21,681.57,677.65,673.59,669.41,665.41,661.16,656.14,650.05,643.41,636.39,628.10,619.45,613.20,607.24,601.92,597.60,594.60,591.81,588.80,585.55,581.99,577.79,572.78,569.78,568.55,567.58,566.85,566.01,565.15,564.40,563.73,563.07,562.44,561.84,561.31,560.86,560.72,560.89,561.31,561.90,562.48,563.07,563.73,564.39,565.03,565.00,564.38,563.59,562.83,562.12,561.42,560.62,559.22,554.14,548.23,542.89,538.63,535.30,532.12,528.32,523.05,516.38,511.23,508.00,506.46,505.03,503.29,501.65,499.46,495.11,489.40,483.89,480.33,479.70,479.50,479.31,479.11,478.94,478.77,478.58,478.39,478.20,478.00,477.84,477.65,477.46,477.28,477.12,476.90,476.72,476.59,476.53,476.50,476.50,476.47,476.43,476.40,476.40,476.40,476.40,476.40,476.40,476.40,476.42,476.49,476.50,476.50,476.52,476.57,476.48,476.36,476.20,476.01,475.81,475.65,475.48,475.29,475.08,474.88,474.53,474.13,473.78,473.62,473.38,473.12,472.81,472.33,471.51,471.03,470.71,470.39,470.04,469.82,469.64,469.44,469.21,468.98,468.97,469.07,469.18,469.33,469.52,469.70,470.04,471.07,472.76,474.62,476.47,478.33,480.23,481.45,482.38,483.34,484.36,485.43,486.51,487.57,488.49,488.96,489.89,491.81,494.76,496.67,498.73,500.81,502.60,503.86,507.13,509.31,510.13,510.38,510.60,510.80,510.89,510.83,510.82,510.79,510.78,510.77,510.74,510.88,511.69,512.86,514.04,515.20,516.36,517.49,518.55,519.77,523.37,527.74,532.40,537.34,541.56,545.17,548.77,552.85,557.63,562.11,566.48,571.28,577.45,583.33,588.79,593.98,599.07,604.31,608.90,612.56,615.36,618.29,623.50,630.54,638.21,645.03,651.59,657.44,662.95,668.03,671.34,673.77,675.40,675.82,674.17,672.43,670.03,666.88,663.00,659.14,655.38,651.59,647.02,640.01,634.10,628.27,622.01,615.14,608.14,601.39,595.12,589.12,581.93,579.46,579.13,580.37,584.76,590.40
689.48,689.13,688.75,688.39,688.10,687.66,686.66,684.84,682.17,679.14,675.69,671.94,668.04,664.11,659.83,654.80,648.72,642.04,634.64,625.96,617.14,611.13,605.32,600.54,596.77,593.88,591.05,587.88,584.59,581.10,576.97,572.08,569.26,568.27,567.62,567.18,566.33,565.34,564.48,563.65,562.70,561.89,561.27,560.71,560.24,560.07,560.22,560.64,561.31,561.95,562.57,563.22,563.92,564.61,564.78,564.40,563.65,562.93,562.24,561.58,560.93,560.23,556.42,550.88,544.87,539.94,536.36,533.17,529.55,524.78,519.27,512.86,508.58,507.36,506.09,504.27,502.44,500.23,496.37,490.58,484.88,480.97,479.81,479.56,479.34,479.15,478.99,478.81,478.61,478.42,478.23,478.03,477.87,477.66,477.46,477.30,477.13,476.92,476.76,476.68,476.68,476.66,476.65,476.63,476.58,476.58,476.58,476.58,476.58,476.56,476.57,476.58,476.61,476.67,476.68,476.68,476.69,476.69,476.55,476.38,476.22,476.05,475.84,475.66,475.50,475.32,475.11,474.90,474.68,474.41,474.16,474.11,473.94,473.72,473.35,472.65,471.62,471.00,470.62,470.30,469.96,469.75,469.59,469.42,469.21,469.00,469.02,469.16,469.27,469.42,469.62,469.83,470.37,472.05,473.98,475.89,477.81,479.86,481.91,483.13,484.00,484.86,485.80,486.79,487.77,488.82,490.11,491.77,493.41,495.75,499.22,501.36,502.68,503.75,504.71,505.57,508.21,509.85,510.35,510.53,510.75,510.99,511.13,511.15,511.26,511.30,511.31,511.31,511.29,511.37,512.13,513.25,514.41,515.55,516.64,517.69,518.64,519.57,522.34,526.11,530.50,535.37,539.96,543.73,547.21,550.99,555.66,560.29,564.64,569.19,575.03,581.25,587.11,592.59,597.85,603.25,608.16,612.00,614.72,617.50,622.07,628.75,636.42,643.40,650.16,656.09,661.59,666.70,670.49,672.78,674.05,674.17,672.58,670.74,668.36,665.43,661.98,658.39,655.08,651.97,648.09,641.14,635.48,630.30,624.99,619.02,612.52,605.46,598.68,592.34,584.54,580.50,578.96,579.55,583.19,589.29
683.72,683.58,683.38,683.21,683.15,682.74,681.92,680.56,678.47,676.08,673.13,669.75,666.10,662.21,657.90,652.91,646.96,640.12,631.95,623.25,615.10,609.21,603.63,599.32,595.93,592.95,590.02,586.76,583.40,579.94,575.99,571.77,569.38,568.68,568.72,568.49,567.69,566.70,565.72,564.43,562.72,561.46,560.77,560.17,559.68,559.55,559.72,560.16,560.82,561.45,562.10,562.79,563.48,564.17,564.53,564.41,563.70,562.95,562.28,561.68,561.12,560.52,558.43,553.69,547.07,541.60,537.66,534.29,530.90,527.07,522.77,514.92,509.66,509.10,507.81,505.89,503.71,501.17,497.55,491.55,485.88,481.77,479.94,479.62,479.40,479.22,479.04,478.82,478.65,478.45,478.25,478.08,477.93,477.72,477.52,477.35,477.14,476.97,476.88,476.87,476.86,476.80,476.78,476.77,476.76,476.76,476.76,476.76,476.75,476.70,476.74,476.76,476.79,476.86,476.87,476.87,476.84,476.76,476.61,476.40,476.22,476.06,475.89,475.68,475.50,475.34,475.18,475.01,474.94,474.87,474.75,474.63,474.51,474.30,473.83,472.92,471.86,471.04,470.50,470.20,469.94,469.72,469.53,469.37,469.21,469.05,469.09,469.24,469.39,469.54,469.70,469.97,470.76,472.96,475.22,477.30,479.40,481.85,484.19,485.66,486.66,487.51,488.32,489.12,489.92,490.90,492.80,497.04,499.57,501.06,502.75,503.99,505.00,506.03,507.02,507.62,509.16,510.09,510.37,510.59,510.82,511.05,511.26,511.46,511.66,511.76,511.80,511.82,511.87,511.90,512.56,513.63,514.77,515.86,516.79,517.64,518.44,519.30,521.20,524.52,528.82,533.51,538.35,542.26,545.73,549.36,553.81,558.55,563.01,567.34,572.50,579.09,585.23,590.83,596.27,602.00,607.34,611.35,613.93,616.56,620.72,626.95,634.31,641.28,648.36,654.40,659.83,664.91,669.29,671.54,672.63,672.72,671.27,669.26,666.71,663.84,660.90,658.03,655.27,652.55,649.09,642.82,637.29,632.80,628.61,623.49,617.63,610.65,603.39,596.42,589.46,582.87,579.00,578.60,581.46,588.21
677.78,677.74,677.66,677.61,677.63,677.30,676.73,675.84,674.20,672.27,669.85,666.94,663.52,659.69,655.39,650.38,644.33,637.14,628.47,620.13,612.99,607.41,602.17,598.23,595.06,592.04,589.00,585.69,582.30,578.83,575.02,572.08,570.82,570.83,571.17,570.73,569.50,568.17,567.03,565.47,563.49,561.71,560.43,559.80,559.25,559.12,559.36,559.88,560.53,561.13,561.74,562.38,563.00,563.65,564.18,564.33,563.71,563.06,562.46,561.90,561.36,560.80,559.67,555.95,549.84,543.86,539.15,535.44,532.11,528.60,524.68,518.68,514.00,511.79,509.18,506.86,504.53,502.01,498.75,492.64,486.82,482.41,480.05,479.64,479.45,479.25,479.06,478.87,478.68,478.48,478.29,478.10,477.94,477.73,477.53,477.37,477.19,477.09,477.05,477.04,477.00,476.97,476.96,476.94,476.91,476.90,476.90,476.90,476.89,476.87,476.93,476.96,476.96,477.00,477.04,477.02,476.94,476.78,476.62,476.44,476.25,476.06,475.90,475.71,475.55,475.39,475.25,475.17,475.16,475.14,475.09,475.01,474.90,474.69,474.20,473.18,472.07,471.09,470.40,470.08,469.88,469.65,469.47,469.32,469.21,469.13,469.18,469.30,469.46,469.62,469.77,470.33,471.65,473.99,476.36,478.84,481.44,484.10,486.50,488.07,489.16,490.02,490.76,491.50,492.61,494.09,495.86,499.17,501.71,503.65,505.43,506.63,507.54,508.28,508.81,509.08,509.77,510.21,510.42,510.65,510.88,511.12,511.33,511.52,511.75,511.93,512.06,512.19,512.34,512.39,513.00,513.92,514.83,515.68,516.45,517.16,517.84,518.58,520.34,523.48,527.52,531.83,536.54,540.69,544.44,548.12,552.33,557.03,561.56,565.85,570.48,576.86,583.14,588.98,594.57,600.23,605.94,609.74,611.47,614.24,619.07,625.48,632.62,639.54,646.52,652.55,657.97,662.99,667.46,670.00,671.20,671.20,669.63,667.44,664.90,662.23,659.55,656.99,654.48,651.88,648.64,643.48,638.81,634.99,631.54,627.38,621.91,615.10,607.84,600.76,593.95,586.40,580.81,578.49,580.15,586.07
671.65,671.74,671.84,671.92,671.99,671.75,671.43,670.93,669.72,668.14,666.18,663.74,660.53,656.79,652.50,647.48,641.36,633.89,624.99,617.13,610.91,605.67,600.82,597.14,594.11,591.08,587.98,584.65,581.27,577.91,574.64,573.23,573.25,573.96,574.47,573.74,571.93,570.01,568.44,566.49,564.26,561.97,560.10,559.46,558.85,558.73,559.06,559.70,560.32,560.88,561.45,562.05,562.60,563.19,563.83,564.18,563.71,563.17,562.62,562.08,561.53,561.00,560.47,557.85,552.73,546.29,540.76,536.65,533.29,529.89,526.12,522.29,518.38,514.38,510.41,507.63,505.19,502.75,499.78,493.52,487.54,482.86,480.13,479.65,479.48,479.28,479.07,478.90,478.69,478.50,478.32,478.11,477.94,477.73,477.54,477.40,477.27,477.23,477.22,477.21,477.15,477.14,477.13,477.10,477.05,477.04,477.04,477.04,477.04,477.05,477.11,477.14,477.14,477.15,477.19,477.15,477.00,476.78,476.63,476.47,476.28,476.07,475.92,475.76,475.62,475.48,475.36,475.34,475.34,475.33,475.33,475.31,475.19,474.98,474.48,473.41,472.28,471.19,470.37,469.99,469.81,469.60,469.42,469.29,469.21,469.21,469.26,469.37,469.52,469.67,469.83,470.73,472.64,475.05,477.49,480.47,483.70,486.51,488.83,490.42,491.60,492.49,493.19,493.84,495.14,496.90,498.33,500.13,502.73,505.51,507.67,508.87,509.65,510.05,510.11,510.13,510.21,510.35,510.54,510.77,510.99,511.22,511.42,511.60,511.82,512.04,512.27,512.50,512.71,512.81,513.31,514.02,514.66,515.27,515.88,516.49,517.10,517.75,519.56,522.63,526.42,530.30,534.75,539.12,543.17,546.96,550.96,555.59,560.19,564.52,568.75,574.69,580.99,587.10,592.83,598.40,604.16,607.70,608.88,611.81,617.44,624.11,631.05,637.92,644.74,650.74,656.15,661.09,665.36,668.19,669.63,669.63,667.95,665.65,663.15,660.59,657.95,655.53,653.13,650.58,647.58,643.56,639.87,636.66,633.71,630.45,625.45,618.96,611.87,604.76,597.92,590.13,583.20,578.71,578.99,583.73
665.00,665.49,665.99,666.39,666.46,666.35,666.17,665.85,664.99,663.64,661.96,659.82,656.80,653.21,648.93,643.98,638.06,630.70,622.26,614.84,608.92,604.04,599.61,595.99,592.87,589.87,586.99,583.72,580.42,577.60,576.14,576.53,577.62,578.73,579.22,578.40,575.97,572.97,570.07,567.23,564.33,561.66,559.68,559.09,558.48,558.41,558.84,559.56,560.19,560.75,561.33,561.93,562.47,562.98,563.52,563.89,563.66,563.17,562.59,562.02,561.49,561.00,560.56,559.10,555.57,548.68,542.56,538.06,534.52,531.10,527.50,523.80,519.92,515.79,511.52,508.40,505.76,503.24,500.20,493.65,487.55,482.87,480.13,479.65,479.48,479.28,479.07,478.90,478.69,478.50,478.32,478.11,477.94,477.73,477.56,477.48,477.44,477.38,477.35,477.35,477.33,477.32,477.29,477.25,477.23,477.23,477.23,477.23,477.23,477.23,477.29,477.32,477.32,477.32,477.29,477.18,477.00,476.78,476.63,476.47,476.31,476.13,475.99,475.83,475.71,475.62,475.53,475.52,475.52,475.50,475.45,475.44,475.31,475.08,474.57,473.54,472.50,471.43,470.52,469.94,469.75,469.58,469.45,469.34,469.23,469.25,469.33,469.43,469.59,469.74,469.85,471.06,473.52,476.10,478.71,482.32,486.25,489.18,491.18,492.74,493.98,494.91,495.56,496.01,496.63,497.49,498.56,500.18,503.82,507.53,509.25,509.81,510.14,510.31,510.32,510.33,510.45,510.63,510.85,511.07,511.25,511.46,511.69,511.89,512.07,512.29,512.52,512.74,512.90,513.00,513.23,513.57,513.94,514.48,515.04,515.63,516.24,516.93,518.84,521.94,525.62,529.12,533.23,537.60,541.81,545.69,549.62,554.26,558.93,563.32,567.43,572.78,578.91,585.17,591.10,596.89,601.66,605.08,607.39,610.33,616.14,622.76,629.49,636.37,643.22,649.21,654.55,659.30,663.02,665.79,667.52,667.92,666.43,664.27,661.72,658.86,655.78,653.36,650.93,648.47,645.86,642.79,639.77,636.87,634.12,631.36,627.33,621.59,614.78,607.44,600.63,593.43,585.78,579.24,577.91,581.76
657.51,658.28,659.05,659.76,660.21,660.45,660.51,660.33,659.77,658.57,657.15,655.39,652.77,649.44,645.46,640.59,634.46,627.20,619.64,612.96,607.39,602.65,598.53,594.88,591.61,588.72,586.00,583.03,580.38,578.74,578.94,580.70,582.07,582.75,582.97,581.96,579.43,576.21,572.72,568.94,565.31,562.03,559.56,558.81,558.13,558.01,558.44,559.25,560.00,560.57,561.10,561.65,562.19,562.67,563.16,563.56,563.58,563.10,562.52,561.98,561.50,561.07,560.67,559.89,557.50,551.08,544.69,539.70,535.80,532.39,528.93,525.24,521.29,517.05,512.62,509.16,506.30,503.74,500.64,493.77,487.63,482.98,480.14,479.65,479.48,479.28,479.07,478.90,478.69,478.50,478.34,478.14,477.95,477.77,477.64,477.58,477.57,477.54,477.51,477.51,477.48,477.47,477.44,477.42,477.42,477.42,477.39,477.39,477.42,477.42,477.46,477.47,477.47,477.46,477.33,477.19,477.01,476.82,476.66,476.51,476.36,476.20,476.05,475.92,475.84,475.78,475.72,475.71,475.71,475.68,475.60,475.53,475.35,475.06,474.51,473.48,472.44,471.39,470.50,469.92,469.76,469.61,469.48,469.37,469.26,469.31,469.38,469.50,469.64,469.77,470.01,471.48,474.23,476.99,480.27,484.51,488.69,491.28,493.18,494.85,496.25,497.26,497.77,498.21,498.64,499.55,501.85,503.68,506.44,509.02,510.03,510.31,510.47,510.55,510.55,510.56,510.71,510.91,511.12,511.34,511.54,511.73,511.95,512.17,512.36,512.58,512.76,512.89,512.99,513.07,513.13,513.27,513.63,514.05,514.47,514.91,515.41,516.10,518.10,521.21,524.78,528.11,531.94,536.20,540.44,544.41,548.35,552.97,557.72,562.25,566.29,571.12,576.95,583.17,589.24,595.55,600.22,603.69,606.41,609.34,614.85,621.23,627.87,634.76,641.59,647.65,652.98,657.51,661.11,663.63,665.39,666.09,664.75,662.89,660.21,656.93,653.43,650.63,647.99,645.52,643.20,640.75,638.31,635.82,633.41,631.18,627.47,622.26,616.07,609.20,602.24,595.42,587.89,580.73,577.77,580.27
649.39,650.34,651.26,652.22,653.20,653.89,654.25,654.27,654.02,653.05,651.94,650.62,648.56,645.58,642.02,637.24,630.77,623.72,617.25,611.46,606.30,601.76,598.01,594.24,590.69,587.87,585.41,583.08,581.55,581.38,582.87,585.40,586.49,586.34,586.07,584.78,582.48,579.55,575.99,571.41,567.08,563.05,559.85,558.70,557.86,557.57,557.88,558.83,559.77,560.36,560.83,561.31,561.83,562.31,562.78,563.21,563.46,563.00,562.45,561.96,561.55,561.16,560.77,560.35,558.75,553.39,547.02,541.50,537.12,533.72,530.38,526.69,522.61,518.16,513.71,509.91,506.86,504.25,501.13,494.17,487.97,483.19,480.16,479.65,479.48,479.28,479.07,478.91,478.70,478.51,478.35,478.18,477.97,477.85,477.77,477.71,477.71,477.70,477.69,477.68,477.62,477.61,477.61,477.60,477.59,477.59,477.54,477.54,477.59,477.60,477.61,477.61,477.60,477.56,477.37,477.20,477.04,476.88,476.73,476.57,476.41,476.26,476.13,476.03,476.00,475.98,475.91,475.90,475.89,475.86,475.75,475.60,475.33,474.98,474.38,473.30,472.22,471.19,470.38,469.92,469.80,469.67,469.52,469.39,469.31,469.37,469.45,469.55,469.70,469.79,470.30,472.02,474.95,477.96,482.18,486.90,490.93,492.95,494.89,496.77,498.47,499.74,500.14,500.80,501.42,502.81,506.73,508.76,509.65,510.05,510.32,510.54,510.71,510.79,510.79,510.81,511.00,511.19,511.38,511.61,511.82,512.01,512.20,512.43,512.64,512.85,512.97,512.99,513.00,513.06,513.01,513.10,513.56,513.86,514.12,514.38,514.69,515.32,517.38,520.45,523.92,527.20,530.77,534.88,539.10,543.11,547.14,551.69,556.51,561.22,565.26,569.69,575.15,581.18,587.35,594.24,599.43,603.13,605.79,608.68,613.56,619.57,626.18,633.12,639.92,646.08,651.40,655.73,659.44,661.69,663.33,664.18,662.99,661.35,658.46,654.73,650.83,647.47,644.52,642.01,639.88,637.76,635.81,633.72,631.66,629.81,626.10,621.35,616.04,610.08,602.87,596.31,589.44,582.58,578.20,579.18
640.81,641.64,642.58,643.45,644.38,645.29,646.09,646.69,646.99,647.04,646.63,645.79,644.41,641.92,638.31,633.59,627.75,621.60,615.87,610.68,606.20,602.79,600.16,596.19,591.77,588.52,587.08,586.64,586.78,587.45,588.68,590.17,590.65,590.21,589.29,587.66,585.34,582.53,579.12,574.68,569.92,565.29,561.36,559.22,558.05,557.28,557.24,558.41,559.62,560.28,560.72,561.14,561.59,562.05,562.49,562.90,563.24,562.94,562.46,562.00,561.56,561.13,560.77,560.43,559.27,555.23,549.21,543.35,538.50,535.05,531.79,528.31,523.98,518.91,514.69,510.68,507.49,504.89,501.86,496.19,489.50,483.64,480.20,479.65,479.48,479.28,479.07,478.91,478.73,478.54,478.35,478.20,478.01,477.94,477.91,477.89,477.88,477.85,477.83,477.82,477.79,477.78,477.78,477.77,477.73,477.72,477.70,477.70,477.73,477.78,477.78,477.76,477.69,477.59,477.41,477.25,477.09,476.95,476.78,476.63,476.48,476.35,476.29,476.21,476.19,476.16,476.09,476.09,476.05,475.97,475.82,475.62,475.32,474.94,474.30,473.17,472.08,471.02,470.25,469.91,469.81,469.71,469.58,469.43,469.33,469.42,469.51,469.62,469.76,469.86,470.71,472.96,476.46,479.94,484.91,489.19,492.29,494.32,496.34,498.38,500.77,503.22,504.08,505.66,506.67,507.37,509.16,510.11,510.39,510.45,510.56,510.74,510.91,510.98,511.00,511.05,511.25,511.47,511.68,511.90,512.10,512.29,512.51,512.71,512.81,512.89,512.96,513.00,513.00,513.03,512.97,513.02,513.37,513.74,514.05,514.31,514.56,515.01,516.81,519.73,523.13,526.30,529.57,533.55,537.76,541.86,545.90,550.31,555.14,560.06,564.31,568.55,573.73,579.56,585.73,592.58,598.56,602.82,605.40,608.10,612.25,617.85,624.42,631.47,638.48,644.53,649.73,654.08,657.52,659.91,661.55,662.29,661.38,659.11,655.73,651.72,647.52,643.88,640.79,638.21,636.05,633.98,632.15,630.09,627.79,625.40,622.16,618.45,614.23,609.01,601.79,595.65,589.43,583.09,578.42,578.60
633.69,634.53,635.50,636.33,637.18,638.18,639.21,640.16,640.85,641.55,641.66,641.23,640.34,638.37,634.85,630.44,625.53,620.36,615.19,610.49,606.62,604.05,602.06,598.24,593.71,590.49,589.78,590.62,591.83,592.96,593.90,594.59,594.72,594.18,592.82,590.88,588.34,585.44,582.14,578.07,573.13,568.07,563.46,560.12,558.49,557.26,556.84,558.05,559.46,560.20,560.65,561.03,561.42,561.87,562.28,562.66,563.01,562.84,562.45,562.00,561.56,561.12,560.78,560.47,559.67,556.94,551.29,545.29,540.11,536.40,533.22,529.97,525.40,519.64,515.47,511.40,508.13,505.49,502.58,498.25,491.29,484.56,480.69,479.78,479.51,479.31,479.09,478.92,478.76,478.57,478.38,478.23,478.11,478.07,478.07,478.05,478.05,478.00,477.98,477.98,477.97,477.96,477.95,477.93,477.88,477.88,477.88,477.88,477.89,477.94,477.95,477.89,477.77,477.63,477.47,477.31,477.16,477.00,476.85,476.70,476.56,476.48,476.47,476.40,476.38,476.35,476.28,476.25,476.16,476.01,475.83,475.60,475.32,474.90,474.21,473.07,471.99,470.90,470.15,469.90,469.81,469.74,469.62,469.47,469.36,469.47,469.58,469.68,469.80,469.90,471.01,473.70,477.76,481.84,487.08,490.82,493.20,495.30,497.38,500.09,503.34,506.51,507.50,509.22,510.23,510.38,510.54,510.66,510.71,510.74,510.81,510.96,511.12,511.20,511.22,511.32,511.53,511.75,511.97,512.19,512.37,512.54,512.73,512.89,512.90,512.90,512.94,513.00,513.00,513.00,512.94,512.94,513.17,513.61,513.99,514.28,514.51,514.84,516.34,519.11,522.46,525.54,528.63,532.44,536.56,540.64,544.69,548.99,553.84,558.95,563.38,567.54,572.46,578.08,584.20,590.84,597.59,602.44,604.93,607.43,610.81,615.99,622.53,629.51,636.63,642.75,648.02,652.43,655.53,658.00,659.71,660.36,659.36,656.80,653.07,648.68,644.13,640.38,637.28,634.45,631.80,629.43,627.45,625.33,622.98,620.46,617.80,614.92,611.37,606.49,599.86,594.26,588.56,582.66,578.20,578.16
628.92,629.94,631.02,631.98,632.85,633.79,634.71,635.59,636.40,636.97,637.23,637.11,636.42,634.96,631.87,628.16,624.38,620.12,615.35,611.03,607.60,605.22,602.91,599.78,596.45,594.06,593.50,594.35,595.58,596.76,597.75,598.50,598.72,598.26,596.78,594.58,591.61,588.34,585.04,581.42,576.61,571.36,566.13,561.47,559.23,557.61,556.85,557.78,559.24,560.08,560.59,560.97,561.36,561.81,562.19,562.51,562.79,562.68,562.36,561.96,561.56,561.17,560.84,560.53,560.05,558.56,553.24,547.33,542.01,537.78,534.65,531.61,526.84,520.43,515.98,512.05,508.78,505.99,503.21,499.93,493.17,486.13,481.88,480.12,479.60,479.37,479.14,478.93,478.76,478.60,478.44,478.30,478.27,478.26,478.23,478.18,478.18,478.17,478.16,478.16,478.15,478.10,478.08,478.07,478.06,478.06,478.06,478.06,478.06,478.08,478.07,477.99,477.84,477.69,477.53,477.38,477.22,477.06,476.91,476.76,476.68,476.66,476.65,476.59,476.56,476.53,476.46,476.38,476.21,476.00,475.77,475.54,475.30,474.85,474.10,473.01,471.92,470.85,470.12,469.90,469.81,469.74,469.62,469.48,469.42,469.53,469.63,469.72,469.80,469.90,471.13,474.05,478.54,483.35,488.21,491.48,493.64,495.79,497.88,501.97,506.29,509.19,509.74,510.25,510.61,510.76,510.90,510.94,510.99,511.04,511.07,511.21,511.37,511.45,511.48,511.62,511.84,512.03,512.22,512.44,512.66,512.75,512.81,512.89,512.90,512.90,512.94,513.00,513.00,513.00,512.91,512.85,513.00,513.42,513.87,514.22,514.45,514.76,515.99,518.61,521.95,524.99,528.07,531.68,535.55,539.49,543.56,547.79,552.67,557.92,562.49,566.67,571.35,576.71,582.77,589.03,596.48,601.88,604.29,606.65,609.16,613.97,620.49,627.12,634.11,640.59,646.29,650.77,653.46,655.87,657.72,658.36,656.69,654.55,650.74,645.81,640.80,637.16,634.12,630.77,627.03,623.94,621.43,619.24,617.25,615.42,613.38,610.89,607.31,602.24,596.98,592.11,586.72,581.12,577.37,577.83
623.87,623.98,625.08,626.26,627.35,628.69,629.96,631.07,632.09,632.91,633.28,633.23,632.78,631.95,629.95,627.16,623.90,620.58,616.38,612.22,608.68,606.32,603.99,601.42,598.87,596.97,596.84,597.91,599.30,600.63,601.74,602.48,602.63,602.06,600.49,598.29,595.33,591.90,588.17,584.26,579.73,574.58,569.07,563.89,560.37,558.01,556.74,557.00,558.75,559.88,560.51,560.87,561.25,561.67,562.03,562.31,562.51,562.48,562.27,561.97,561.62,561.27,560.95,560.64,560.28,559.36,554.85,549.11,543.37,538.54,535.29,532.25,527.51,521.13,516.63,512.82,509.51,506.55,503.71,500.73,494.54,487.89,483.38,480.48,479.66,479.43,479.20,478.97,478.77,478.63,478.52,478.45,478.44,478.44,478.42,478.35,478.35,478.35,478.35,478.34,478.30,478.26,478.25,478.25,478.24,478.21,478.23,478.25,478.25,478.24,478.18,478.06,477.90,477.75,477.59,477.44,477.28,477.13,477.02,476.90,476.85,476.84,476.80,476.76,476.72,476.67,476.58,476.43,476.22,475.99,475.75,475.52,475.30,474.84,474.08,473.04,472.00,470.95,470.20,469.91,469.81,469.74,469.64,469.53,469.47,469.56,469.65,469.73,469.81,469.90,471.27,474.29,478.82,483.80,488.57,491.75,493.90,496.10,498.26,503.71,508.50,510.07,510.41,510.70,510.95,511.12,511.19,511.23,511.27,511.30,511.31,511.42,511.56,511.67,511.73,511.88,512.10,512.31,512.50,512.64,512.77,512.80,512.83,512.89,512.90,512.90,512.92,512.96,512.99,513.00,512.90,512.79,512.82,513.20,513.68,514.11,514.43,514.73,515.71,518.12,521.37,524.42,527.50,530.97,534.68,538.54,542.55,546.81,551.65,556.87,561.63,565.81,570.31,575.41,581.31,587.72,595.19,600.75,603.50,605.84,608.16,612.20,617.87,624.46,631.45,638.43,644.50,648.85,651.79,654.07,655.71,656.17,654.35,652.24,648.03,642.76,638.02,634.42,630.48,626.15,621.77,618.23,615.64,613.38,611.25,609.35,607.33,605.12,601.91,597.28,592.85,588.20,583.42,578.99,576.36,578.23
619.88,618.16,618.59,619.84,621.14,622.95,624.72,626.22,627.58,628.75,629.30,629.38,629.31,629.12,628.35,626.61,623.84,621.28,617.76,613.80,610.05,607.50,605.25,603.13,601.15,599.72,600.15,601.49,603.05,604.50,605.58,606.24,606.27,605.60,603.98,601.79,598.99,595.53,591.36,586.94,582.58,577.58,571.97,566.48,561.72,558.51,556.60,556.08,558.13,559.63,560.41,560.74,561.12,561.50,561.83,562.08,562.21,562.24,562.15,561.95,561.64,561.33,561.03,560.72,560.42,559.77,556.04,550.39,544.23,538.95,535.62,532.56,527.95,521.78,517.25,513.51,510.18,507.06,504.13,501.19,495.73,489.72,484.99,481.11,479.86,479.51,479.28,479.05,478.82,478.69,478.64,478.63,478.63,478.63,478.59,478.54,478.53,478.53,478.53,478.50,478.44,478.44,478.43,478.42,478.41,478.35,478.39,478.42,478.42,478.39,478.26,478.11,477.97,477.81,477.65,477.50,477.35,477.22,477.14,477.06,477.03,477.00,476.94,476.93,476.87,476.78,476.67,476.45,476.22,475.99,475.75,475.52,475.30,474.85,474.14,473.18,472.27,471.26,470.40,469.92,469.81,469.74,469.66,469.58,469.53,469.59,469.67,469.74,469.81,469.90,471.44,474.53,478.97,483.93,488.67,491.88,494.07,496.31,498.54,505.05,510.04,510.33,510.57,510.91,511.21,511.41,511.46,511.52,511.55,511.56,511.57,511.63,511.77,511.88,511.98,512.14,512.35,512.55,512.71,512.77,512.79,512.80,512.83,512.88,512.90,512.90,512.90,512.92,512.99,512.99,512.89,512.75,512.67,512.98,513.47,513.96,514.39,514.70,515.47,517.64,520.75,523.82,526.92,530.29,533.88,537.68,541.62,545.90,550.68,555.80,560.77,564.96,569.29,574.16,579.93,586.59,593.79,599.40,602.64,604.99,607.28,610.47,615.07,621.61,628.69,636.14,642.55,646.88,650.18,652.37,653.75,654.02,652.22,649.78,645.16,639.77,635.43,631.59,626.57,621.30,616.46,612.45,609.65,607.20,604.88,602.75,600.60,598.48,595.60,591.56,587.83,583.58,579.74,576.96,576.11,579.60
619.82,614.28,611.77,612.47,613.71,615.79,618.06,620.21,622.16,623.68,624.68,625.40,626.14,626.52,626.79,626.27,624.48,622.11,619.42,616.05,612.26,609.06,606.89,604.99,603.37,602.56,603.75,605.35,606.99,608.35,608.83,609.13,609.13,608.56,606.96,604.62,601.92,598.67,594.53,589.56,584.87,579.90,574.44,568.58,563.32,559.33,556.50,555.26,557.36,559.24,560.29,560.62,561.00,561.33,561.59,561.76,561.85,561.91,561.94,561.83,561.53,561.22,560.95,560.67,560.37,559.79,556.13,550.27,543.92,538.85,535.70,532.76,528.34,522.40,517.63,513.84,510.47,507.33,504.39,501.45,496.85,491.60,486.76,482.60,480.50,479.63,479.40,479.17,478.94,478.84,478.82,478.82,478.82,478.78,478.74,478.73,478.73,478.73,478.69,478.64,478.63,478.63,478.59,478.55,478.55,478.53,478.54,478.55,478.52,478.41,478.26,478.14,478.02,477.87,477.72,477.56,477.43,477.34,477.26,477.23,477.19,477.14,477.12,477.07,477.00,476.88,476.68,476.45,476.22,475.99,475.75,475.52,475.30,474.90,474.31,473.58,473.10,472.06,470.86,469.95,469.81,469.74,469.66,469.60,469.58,469.65,469.73,469.80,469.87,469.92,471.74,474.94,479.20,484.06,488.72,491.91,494.13,496.38,498.62,505.13,510.12,510.40,510.63,510.90,511.21,511.52,511.74,511.79,511.83,511.87,511.87,511.89,512.01,512.13,512.24,512.44,512.57,512.66,512.71,512.73,512.78,512.80,512.81,512.84,512.89,512.90,512.90,512.92,512.99,512.95,512.86,512.75,512.64,512.83,513.24,513.74,514.24,514.66,515.26,517.19,520.10,523.10,526.27,529.63,533.17,536.92,540.81,545.06,549.71,554.74,559.93,564.15,568.30,573.02,578.90,585.54,592.24,597.85,601.72,604.01,606.17,608.61,612.21,618.42,625.68,633.37,640.15,645.02,648.38,650.68,652.00,652.16,650.52,646.89,642.10,637.24,632.96,627.99,622.25,616.62,611.48,606.65,602.78,599.79,597.42,595.41,593.27,590.68,587.52,583.93,581.12,578.30,576.26,575.90,578.63,583.52
621.90,614.15,609.07,607.86,608.12,609.52,611.52,613.86,616.19,618.25,620.03,621.65,623.19,624.09,624.97,625.29,624.51,622.86,620.80,617.93,614.44,611.18,608.87,606.99,605.62,605.37,607.03,608.49,609.70,610.58,610.70,610.79,610.68,610.18,608.91,606.77,604.12,601.00,597.13,591.90,586.93,581.97,576.64,570.52,565.04,560.50,556.91,554.97,556.66,558.86,560.20,560.52,560.87,561.17,561.35,561.44,561.52,561.60,561.67,561.63,561.40,561.12,560.86,560.59,560.32,559.73,555.93,549.93,543.55,538.68,535.63,532.82,528.66,522.96,517.94,514.10,510.72,507.54,504.62,501.80,497.86,493.22,488.44,484.19,481.18,479.72,479.49,479.26,479.08,479.01,479.01,479.01,479.01,478.95,478.91,478.91,478.91,478.88,478.84,478.81,478.81,478.78,478.74,478.71,478.71,478.71,478.71,478.68,478.60,478.45,478.29,478.17,478.06,477.93,477.78,477.65,477.54,477.47,477.42,477.38,477.34,477.30,477.27,477.20,477.09,476.90,476.65,476.41,476.19,475.97,475.76,475.56,475.35,475.08,474.72,474.31,474.10,473.38,471.89,470.06,469.85,469.77,469.70,469.63,469.64,469.71,469.78,469.86,469.91,470.04,472.20,475.43,479.36,484.06,488.56,491.72,493.99,496.27,498.59,504.43,509.24,510.29,510.59,510.84,511.18,511.58,511.92,512.02,512.09,512.14,512.15,512.17,512.26,512.34,512.44,512.58,512.67,512.70,512.70,512.71,512.78,512.80,512.80,512.81,512.85,512.89,512.90,512.91,512.95,512.92,512.83,512.72,512.62,512.64,513.03,513.53,514.03,514.50,515.00,516.74,519.44,522.34,525.53,528.94,532.51,536.25,540.11,544.32,548.82,553.68,558.96,563.28,567.34,571.96,577.83,584.28,590.76,596.51,600.84,603.06,605.04,607.12,610.03,615.17,622.52,630.41,637.55,642.92,646.22,648.72,650.19,650.19,647.94,644.10,639.51,634.85,630.27,624.35,617.93,611.71,606.05,601.23,597.00,593.30,590.11,587.52,585.17,582.65,580.03,577.70,576.80,576.25,576.72,578.82,583.27,588.19
625.21,616.61,609.59,605.67,604.22,604.23,605.38,607.51,610.01,612.66,615.34,617.93,620.22,621.68,622.92,623.78,623.95,623.35,621.81,619.46,616.55,613.66,611.12,609.13,607.93,608.04,609.85,610.91,611.44,611.65,611.60,611.56,611.28,610.79,610.02,608.30,605.66,602.63,599.13,593.90,588.76,583.80,578.56,572.30,566.76,561.86,557.68,555.10,556.02,558.42,560.10,560.44,560.74,560.99,561.10,561.14,561.21,561.28,561.37,561.38,561.26,561.04,560.76,560.49,560.26,559.65,555.53,549.42,543.17,538.48,535.47,532.79,528.92,523.49,518.20,514.34,510.94,507.73,504.85,502.23,498.77,494.59,490.04,485.82,481.98,479.90,479.56,479.34,479.22,479.19,479.19,479.19,479.19,479.14,479.10,479.10,479.09,479.03,479.00,478.99,478.98,478.93,478.90,478.89,478.89,478.89,478.88,478.81,478.67,478.51,478.36,478.21,478.08,477.99,477.85,477.75,477.67,477.61,477.59,477.53,477.50,477.47,477.39,477.30,477.14,476.89,476.61,476.38,476.16,475.96,475.80,475.63,475.48,475.35,475.25,475.19,475.09,474.87,473.19,470.21,469.91,469.83,469.75,469.69,469.70,469.77,469.84,469.89,469.95,470.31,472.81,475.99,479.44,483.88,488.20,491.32,493.62,495.88,498.37,503.18,507.70,510.02,510.46,510.77,511.15,511.61,512.03,512.24,512.34,512.39,512.40,512.46,512.49,512.53,512.58,512.60,512.67,512.70,512.70,512.71,512.77,512.80,512.80,512.80,512.81,512.87,512.90,512.90,512.90,512.90,512.81,512.68,512.58,512.47,512.82,513.31,513.78,514.25,514.72,516.30,518.77,521.54,524.74,528.24,531.89,535.63,539.49,543.64,547.97,552.60,557.86,562.31,566.38,570.94,576.73,582.92,589.36,595.29,599.88,602.10,603.88,605.83,608.24,611.97,619.28,627.34,634.80,640.62,643.87,646.62,648.32,648.13,644.90,641.52,637.32,632.58,627.45,620.79,613.75,606.82,600.60,596.31,592.07,587.57,583.16,579.63,577.09,575.35,574.11,573.64,575.23,577.32,580.40,584.55,589.19,593.30
627.19,618.80,611.61,606.19,602.62,600.95,600.97,602.53,604.92,607.71,610.47,613.20,616.05,618.61,620.69,622.04,622.47,622.50,621.78,620.36,618.34,615.93,613.60,611.71,610.36,609.94,611.09,612.11,612.64,612.70,612.57,612.16,611.67,611.14,610.43,608.95,606.38,603.35,599.93,595.03,590.01,585.10,579.93,573.69,567.88,562.80,558.47,555.46,555.26,557.65,559.70,560.29,560.53,560.72,560.82,560.87,560.90,560.97,561.08,561.13,561.04,560.91,560.67,560.45,560.25,559.59,554.91,548.68,542.68,538.33,535.51,532.93,529.23,524.00,518.49,514.58,511.17,507.95,505.19,502.69,499.63,495.91,491.57,487.35,483.46,480.85,479.71,479.50,479.37,479.32,479.32,479.32,479.32,479.30,479.28,479.27,479.23,479.19,479.16,479.12,479.12,479.09,479.05,479.02,479.02,479.02,478.95,478.85,478.73,478.57,478.42,478.29,478.18,478.06,477.95,477.87,477.81,477.77,477.73,477.69,477.66,477.59,477.47,477.30,477.12,476.92,476.71,476.52,476.34,476.17,476.01,475.86,475.70,475.63,475.61,475.58,475.38,475.14,473.42,470.33,469.93,469.84,469.78,469.76,469.76,469.79,469.85,469.90,470.05,470.95,473.64,476.56,479.39,483.18,487.35,490.54,492.72,494.45,497.47,501.66,506.04,509.44,510.31,510.77,511.21,511.67,512.12,512.44,512.56,512.60,512.64,512.67,512.72,512.71,512.65,512.61,512.67,512.70,512.70,512.70,512.73,512.77,512.80,512.80,512.80,512.86,512.90,512.90,512.90,512.90,512.80,512.66,512.54,512.43,512.66,513.07,513.55,514.05,514.56,515.94,518.10,520.73,524.04,527.61,531.28,535.05,538.87,542.91,547.00,551.33,556.38,561.01,565.26,569.86,575.59,581.93,588.11,593.70,598.22,600.89,602.65,604.01,605.69,609.17,616.24,624.35,632.00,638.12,642.01,644.75,646.32,646.19,643.23,639.83,635.48,630.48,624.91,617.88,610.30,603.19,597.26,592.79,587.44,582.24,577.65,574.26,572.76,573.77,575.44,576.91,580.06,583.45,586.75,590.14,594.19,598.22
628.82,620.97,614.11,607.84,602.78,599.61,598.17,598.54,600.52,603.04,605.69,608.49,611.58,614.75,617.54,619.47,620.35,620.90,620.93,620.33,619.11,617.37,615.75,614.26,612.96,612.17,612.64,613.28,613.53,613.30,612.89,612.25,611.67,611.16,610.48,609.04,606.53,603.57,600.24,595.63,590.75,585.90,580.77,574.53,568.52,563.39,559.06,555.72,554.40,556.56,558.77,559.61,560.09,560.38,560.53,560.59,560.62,560.68,560.80,560.86,560.78,560.70,560.55,560.37,559.99,558.56,553.43,547.20,541.62,537.94,535.36,532.92,529.43,524.41,518.73,514.79,511.37,508.19,505.55,503.08,500.30,496.94,492.92,488.85,485.11,482.05,480.06,479.69,479.51,479.45,479.45,479.47,479.47,479.47,479.47,479.46,479.40,479.38,479.34,479.29,479.27,479.25,479.21,479.17,479.17,479.13,479.01,478.90,478.79,478.64,478.50,478.39,478.28,478.16,478.08,478.01,477.96,477.94,477.88,477.86,477.80,477.71,477.57,477.36,477.19,477.03,476.88,476.73,476.57,476.42,476.26,476.11,475.97,475.92,475.90,475.79,475.51,475.19,473.43,470.33,469.93,469.84,469.80,469.80,469.80,469.82,469.86,469.90,470.14,471.54,474.22,476.86,479.26,482.39,486.31,489.31,491.17,492.46,495.70,499.75,504.24,508.45,510.09,510.76,511.23,511.71,512.19,512.60,512.77,512.82,512.88,512.89,512.95,512.92,512.78,512.69,512.67,512.69,512.70,512.70,512.70,512.75,512.80,512.80,512.80,512.85,512.88,512.90,512.90,512.88,512.79,512.65,512.50,512.40,512.51,512.83,513.32,513.84,514.39,515.58,517.43,519.92,523.26,526.85,530.53,534.30,538.09,542.04,545.98,550.09,554.90,559.66,564.07,568.67,574.24,580.76,586.83,592.13,596.42,599.34,600.85,601.72,603.04,606.53,613.05,621.26,629.18,635.47,640.13,643.00,644.59,644.61,641.97,638.33,633.72,628.50,622.71,615.68,607.90,600.92,595.42,590.72,584.48,578.50,573.63,570.76,570.32,573.88,578.15,581.14,585.19,589.10,592.23,594.96,598.72,602.99
630.25,623.18,616.96,610.61,605.24,600.94,597.61,595.83,596.96,598.65,601.15,604.11,606.96,609.82,612.86,615.55,617.40,618.45,618.98,618.88,618.23,617.41,617.20,616.61,615.78,615.20,615.17,614.77,614.06,613.13,612.10,611.48,611.06,610.69,610.10,608.43,606.01,603.24,600.05,595.58,590.82,586.02,580.86,574.54,568.52,563.51,559.28,555.75,553.45,555.02,557.02,558.03,559.30,559.95,560.20,560.28,560.35,560.43,560.52,560.54,560.46,560.38,560.32,560.18,559.27,555.88,550.55,544.55,539.59,537.12,534.82,532.63,529.46,524.67,518.89,514.91,511.55,508.47,505.90,503.37,500.64,497.54,493.95,490.30,486.80,483.45,480.73,479.90,479.63,479.57,479.59,479.65,479.66,479.66,479.66,479.65,479.64,479.59,479.55,479.52,479.46,479.39,479.36,479.36,479.33,479.22,479.12,479.00,478.86,478.71,478.60,478.49,478.36,478.28,478.26,478.20,478.13,478.07,478.05,478.00,477.93,477.85,477.75,477.60,477.44,477.28,477.13,476.98,476.82,476.67,476.51,476.36,476.26,476.22,476.15,475.88,475.57,475.21,473.36,470.19,469.90,469.84,469.80,469.80,469.81,469.86,469.89,469.91,470.21,471.95,474.27,476.69,479.07,481.62,485.11,487.43,488.65,489.82,492.71,497.21,502.24,506.83,509.72,510.70,511.19,511.72,512.25,512.71,512.96,513.07,513.13,513.14,513.20,513.17,513.01,512.87,512.69,512.66,512.70,512.70,512.70,512.75,512.80,512.80,512.80,512.81,512.85,512.90,512.89,512.84,512.76,512.65,512.49,512.35,512.34,512.60,513.12,513.61,514.19,515.20,516.78,519.17,522.32,525.85,529.51,533.25,537.03,540.94,544.88,548.96,553.52,558.32,562.82,567.33,572.52,579.21,585.48,590.69,594.60,597.27,598.10,598.82,600.44,604.00,609.57,618.00,626.37,632.63,638.02,641.37,643.33,643.62,640.98,636.87,631.99,626.71,621.00,614.49,607.11,600.58,595.51,590.69,584.23,577.37,571.71,569.66,569.91,575.04,580.92,584.71,588.82,592.32,595.36,598.47,602.71,607.54
632.92,626.33,620.61,614.96,609.27,604.44,600.00,596.34,595.02,594.38,595.97,599.15,602.43,605.38,608.37,611.15,613.40,614.87,615.83,616.14,615.88,615.40,615.45,615.27,614.81,614.19,613.76,613.10,612.43,611.79,611.05,610.47,609.96,609.38,608.46,606.96,604.73,602.02,598.78,594.50,589.80,585.05,579.95,573.68,568.03,563.19,559.06,555.67,552.80,553.43,554.82,555.82,557.25,557.63,558.07,558.76,559.42,560.02,560.24,560.02,559.31,558.24,557.31,556.37,554.81,551.35,546.93,542.31,538.53,536.50,534.45,532.46,529.39,524.69,519.08,515.22,511.77,508.50,506.02,503.48,500.80,497.79,494.37,490.99,487.60,484.38,481.76,480.59,480.05,479.84,479.80,479.84,479.88,479.89,479.89,479.89,479.89,479.86,479.80,479.71,479.61,479.56,479.54,479.52,479.44,479.32,479.21,479.09,478.97,478.81,478.73,478.63,478.52,478.45,478.41,478.34,478.28,478.24,478.20,478.16,478.10,478.02,477.94,477.83,477.69,477.53,477.38,477.22,477.07,476.92,476.76,476.62,476.55,476.47,476.29,475.91,475.34,474.58,472.97,470.68,470.02,469.87,469.85,469.85,469.85,469.88,470.07,470.39,471.05,472.75,475.14,477.63,479.95,482.02,484.46,486.18,487.28,488.44,490.53,494.66,499.83,505.09,509.27,510.57,511.09,511.63,512.17,512.67,513.07,513.30,513.34,513.38,513.42,513.37,513.22,513.06,512.87,512.77,512.74,512.71,512.70,512.73,512.76,512.80,512.80,512.80,512.84,512.90,512.89,512.83,512.73,512.61,512.49,512.34,512.25,512.42,512.89,513.40,514.00,514.76,516.01,518.35,521.26,524.71,528.36,532.06,535.91,539.80,543.72,547.75,552.13,556.87,561.46,565.96,570.92,577.53,583.94,589.20,592.90,595.23,596.40,597.55,599.30,602.47,607.76,616.05,624.08,629.84,635.43,639.55,642.06,642.57,640.11,636.10,631.21,626.04,620.79,614.91,608.41,602.64,597.90,592.60,586.40,579.36,572.81,569.39,569.17,573.96,579.92,584.43,589.01,592.82,596.27,599.97,604.86,609.89
635.69,629.61,624.41,619.63,614.00,608.91,603.67,598.37,594.46,591.34,591.41,594.10,597.75,600.89,603.80,606.54,608.97,610.79,612.12,612.82,612.92,612.59,612.52,612.45,612.11,611.29,610.44,609.71,609.29,609.18,609.00,608.61,608.13,607.43,606.26,605.08,603.09,600.40,597.03,592.95,588.29,583.53,578.47,572.33,567.15,562.54,558.60,555.53,552.39,552.00,552.61,553.38,554.50,554.37,554.96,556.32,557.62,558.81,558.93,558.28,557.05,555.19,553.53,551.88,549.91,547.05,543.66,540.49,537.88,536.03,534.18,532.33,529.34,524.66,519.27,515.69,512.06,508.45,506.03,503.51,500.88,497.94,494.63,491.43,488.09,485.17,482.94,481.50,480.58,480.19,480.09,480.10,480.17,480.19,480.19,480.19,480.19,480.19,480.10,479.92,479.77,479.72,479.71,479.65,479.52,479.43,479.29,479.18,479.08,478.94,478.85,478.77,478.69,478.62,478.55,478.48,478.43,478.41,478.35,478.33,478.29,478.21,478.15,478.06,477.93,477.77,477.63,477.47,477.32,477.17,477.01,476.87,476.82,476.64,476.28,475.72,474.84,473.71,472.45,471.18,470.14,469.92,469.91,469.92,469.97,470.11,470.56,471.25,472.25,473.74,476.22,478.78,480.98,482.65,484.07,485.31,486.46,487.63,488.95,492.35,497.39,503.41,508.83,510.44,510.98,511.53,512.09,512.64,513.19,513.54,513.56,513.62,513.64,513.57,513.41,513.26,513.10,512.95,512.82,512.74,512.71,512.70,512.73,512.79,512.80,512.80,512.84,512.89,512.89,512.83,512.70,512.57,512.47,512.34,512.19,512.27,512.67,513.20,513.79,514.33,515.25,517.35,520.01,523.39,527.05,530.75,534.67,538.56,542.49,546.49,550.70,555.36,559.95,564.46,569.30,575.71,582.22,587.68,591.46,593.49,595.21,596.86,598.67,601.31,606.50,614.39,621.87,627.17,632.67,637.45,640.59,641.44,639.17,635.50,630.88,626.03,621.39,616.24,610.67,605.62,601.11,595.55,589.64,582.59,575.18,569.75,568.52,571.91,577.11,582.26,587.48,591.96,596.09,600.46,605.99,611.10
637.29,632.22,627.82,623.68,619.48,614.37,608.45,602.21,597.00,592.74,589.94,589.41,592.39,595.63,598.76,601.69,604.27,606.25,607.84,608.93,609.42,609.23,609.10,608.54,607.54,606.17,604.80,603.73,603.20,603.24,603.51,603.87,604.17,604.18,603.51,602.69,601.01,598.38,594.82,590.92,586.25,581.32,576.11,570.25,565.43,561.23,557.78,555.33,552.52,551.24,550.88,550.92,550.66,549.90,550.39,551.95,553.47,554.87,553.87,552.33,551.68,550.90,550.19,549.21,547.78,545.81,542.53,539.73,537.57,535.83,534.03,532.27,529.38,524.77,519.43,516.49,512.67,508.33,505.92,503.44,500.88,498.11,495.03,491.87,488.56,485.97,484.21,482.63,481.23,480.64,480.57,480.59,480.65,480.68,480.68,480.68,480.68,480.68,480.53,480.26,480.01,479.88,479.80,479.74,479.63,479.50,479.39,479.28,479.15,479.05,478.97,478.90,478.82,478.75,478.72,478.66,478.59,478.54,478.52,478.51,478.48,478.41,478.38,478.26,478.12,477.98,477.88,477.72,477.57,477.42,477.26,477.11,476.99,476.58,475.82,474.77,473.73,472.77,471.85,470.94,470.14,469.97,469.97,470.03,470.31,471.11,472.02,472.93,473.84,474.95,477.05,479.32,481.29,482.72,483.96,485.14,486.30,487.45,488.60,490.90,495.33,502.11,508.53,510.37,510.91,511.48,512.13,512.78,513.40,513.79,513.80,513.87,513.89,513.82,513.66,513.51,513.35,513.20,513.03,512.86,512.73,512.70,512.73,512.79,512.80,512.80,512.81,512.84,512.89,512.83,512.70,512.56,512.43,512.32,512.18,512.20,512.49,513.01,513.52,514.04,514.68,515.83,518.18,521.59,525.37,529.14,533.07,537.04,541.05,545.11,549.21,553.69,558.08,562.50,567.42,573.43,580.06,586.19,590.79,592.81,594.59,596.37,598.17,600.38,605.24,612.32,619.36,624.92,629.80,634.60,638.38,640.05,637.83,634.70,631.01,627.10,623.15,619.00,613.97,609.06,604.62,599.95,593.97,586.69,578.67,571.42,568.61,569.02,572.10,577.72,583.72,589.40,594.57,599.62,605.56,610.72
637.67,633.60,629.86,626.17,622.64,618.45,613.28,607.26,601.38,595.81,590.93,587.81,588.25,590.44,592.92,595.56,598.32,600.53,602.33,603.61,604.22,604.00,603.53,602.52,601.10,599.47,597.91,596.96,596.58,596.78,597.45,598.33,599.19,599.74,599.56,599.03,597.58,595.15,591.75,587.90,583.32,578.29,573.00,567.69,563.03,559.25,556.25,553.93,551.42,548.90,547.08,546.14,545.40,544.75,545.16,546.54,548.36,550.44,550.10,549.01,548.61,548.35,547.88,547.01,545.78,544.28,541.52,539.15,537.27,535.57,533.83,532.12,529.44,525.27,520.24,517.47,513.23,508.21,505.74,503.22,500.64,497.95,495.09,492.10,489.14,486.91,485.39,483.80,482.18,481.31,481.05,481.08,481.13,481.14,481.15,481.18,481.17,481.13,480.94,480.63,480.36,480.14,479.96,479.83,479.72,479.60,479.49,479.37,479.26,479.18,479.10,479.02,478.95,478.91,478.88,478.81,478.75,478.71,478.71,478.68,478.64,478.61,478.59,478.48,478.34,478.20,478.09,477.96,477.82,477.66,477.49,477.25,476.91,476.30,475.41,474.30,473.29,472.45,471.68,470.91,470.22,470.05,470.03,470.17,470.78,471.91,473.10,474.20,475.19,476.22,477.91,479.74,481.38,482.65,483.82,484.98,486.14,487.29,488.40,490.15,494.27,501.36,508.05,510.20,510.91,511.54,512.26,512.96,513.60,514.01,514.04,514.09,514.11,514.05,513.91,513.76,513.58,513.41,513.25,513.04,512.88,512.80,512.76,512.77,512.79,512.80,512.80,512.82,512.88,512.80,512.69,512.55,512.40,512.29,512.17,512.15,512.33,512.80,513.29,513.81,514.32,514.91,516.47,519.71,523.59,527.42,531.38,535.43,539.51,543.59,547.63,551.95,556.18,560.51,565.38,571.06,577.60,584.09,589.48,592.02,593.94,595.77,597.59,599.63,603.85,609.84,616.41,622.56,627.15,631.71,635.78,638.08,636.21,633.80,631.15,628.32,625.24,621.79,617.27,612.52,608.01,603.70,598.18,591.22,583.23,575.18,569.94,567.84,568.74,572.93,579.33,586.16,592.52,598.44,604.59,609.82
636.97,633.81,630.60,627.26,623.82,621.13,617.68,612.78,606.84,600.08,593.99,589.00,585.68,585.79,586.75,588.55,591.36,593.80,595.78,597.06,597.57,597.20,596.20,594.86,593.31,591.70,590.29,589.78,589.75,590.12,591.08,592.22,593.36,594.25,594.50,594.23,592.94,590.85,587.91,584.02,579.61,574.61,569.36,564.72,560.03,556.61,553.93,551.34,549.10,545.36,542.01,540.15,539.54,539.37,539.66,540.63,542.79,545.84,547.45,547.83,547.47,547.25,546.39,545.18,543.84,542.47,540.53,538.68,536.97,535.27,533.58,531.88,529.52,526.03,521.52,518.50,513.65,508.10,505.48,502.87,500.20,497.52,494.86,492.13,489.69,487.78,486.31,484.80,483.23,482.09,481.51,481.56,481.58,481.59,481.61,481.66,481.67,481.55,481.31,481.02,480.77,480.48,480.19,479.95,479.81,479.71,479.58,479.46,479.38,479.30,479.22,479.15,479.10,479.08,479.01,478.94,478.90,478.89,478.88,478.83,478.80,478.79,478.78,478.71,478.58,478.43,478.30,478.20,478.06,477.91,477.70,477.31,476.66,475.92,475.14,474.30,473.44,472.64,471.87,471.10,470.36,470.13,470.10,470.34,471.31,472.50,473.78,475.04,476.23,477.44,478.72,480.03,481.30,482.49,483.66,484.82,485.98,487.13,488.29,489.97,494.03,501.07,507.47,509.97,510.99,511.68,512.44,513.15,513.80,514.22,514.28,514.29,514.29,514.25,514.15,514.00,513.79,513.61,513.45,513.29,513.13,512.99,512.85,512.75,512.79,512.80,512.80,512.82,512.87,512.76,512.65,512.54,512.39,512.25,512.15,512.13,512.22,512.59,513.09,513.62,514.12,514.53,515.03,517.82,521.65,525.56,529.56,533.72,537.86,541.95,545.99,550.16,554.29,558.53,563.22,568.61,574.84,581.40,587.42,591.00,593.18,595.03,596.88,598.92,602.32,607.11,613.21,620.02,624.65,628.86,632.92,635.63,634.33,632.82,631.31,629.67,627.56,624.55,620.48,615.94,611.27,606.85,602.10,595.91,588.49,580.56,572.50,568.38,567.05,568.34,574.70,582.52,590.10,596.97,603.16,608.48
635.22,632.51,629.80,627.05,624.39,622.00,619.06,615.17,610.38,604.90,598.69,592.40,587.33,584.64,582.84,582.52,584.22,586.57,588.65,589.90,590.20,589.66,588.63,587.40,586.11,584.81,583.71,583.46,583.54,583.81,584.57,585.60,586.74,587.73,588.23,588.33,587.36,585.70,583.38,579.74,575.28,570.53,565.77,561.21,556.41,552.95,550.04,546.90,545.34,542.73,540.45,539.09,537.58,536.07,535.68,536.56,538.70,541.78,543.82,545.00,545.66,545.93,545.13,543.95,542.70,541.45,539.90,538.29,536.68,535.07,533.42,531.74,529.48,526.37,522.66,518.96,513.53,507.80,505.13,502.46,499.76,497.09,494.46,491.81,489.40,487.29,485.57,484.41,483.25,482.44,482.04,482.07,482.07,482.07,482.09,482.12,482.15,481.97,481.68,481.38,481.10,480.80,480.49,480.19,479.92,479.79,479.67,479.58,479.50,479.43,479.35,479.30,479.26,479.21,479.14,479.10,479.07,479.07,479.02,478.99,478.98,478.98,478.97,478.91,478.78,478.64,478.53,478.41,478.29,478.14,477.87,477.35,476.69,475.98,475.24,474.47,473.67,472.88,472.11,471.33,470.54,470.20,470.15,470.50,471.64,472.87,474.15,475.44,476.66,477.81,478.89,480.01,481.21,482.45,483.66,484.85,486.00,487.16,488.32,490.13,494.22,501.08,507.38,510.13,511.25,511.86,512.63,513.37,514.04,514.46,514.53,514.53,514.53,514.48,514.35,514.19,514.02,513.85,513.69,513.54,513.38,513.20,513.01,512.88,512.81,512.80,512.80,512.81,512.83,512.74,512.62,512.50,512.39,512.28,512.23,512.26,512.36,512.50,512.95,513.44,513.89,514.31,514.67,516.20,519.09,523.21,527.25,531.67,536.00,540.13,544.24,548.37,552.44,556.54,560.88,565.94,571.68,577.83,584.02,589.30,591.96,593.85,595.67,597.65,600.42,604.86,610.58,616.91,621.97,626.26,630.29,633.05,631.99,631.75,631.72,631.38,630.05,627.18,623.35,619.02,614.44,609.92,605.13,599.45,593.00,585.89,577.08,570.88,566.95,565.89,571.37,579.32,587.50,595.02,601.29,606.39
632.94,630.29,627.74,625.58,623.74,621.61,619.06,616.04,612.58,608.56,602.75,595.93,589.85,585.10,581.36,579.16,579.08,580.14,581.90,583.05,583.26,582.81,581.92,580.97,579.97,578.88,578.02,577.75,577.72,577.84,578.37,579.22,580.23,581.20,581.88,582.29,581.67,580.44,578.60,575.18,570.83,566.33,561.83,557.07,552.85,550.03,547.64,544.93,544.14,542.74,541.44,540.31,537.95,535.24,533.50,533.25,535.08,538.18,540.64,542.53,544.00,544.70,544.08,543.02,541.89,540.75,539.38,537.89,536.35,534.80,533.20,531.56,529.36,526.42,523.22,518.89,513.13,507.53,504.83,502.13,499.40,496.69,494.05,491.41,489.02,486.75,484.86,484.05,483.21,482.74,482.58,482.59,482.59,482.59,482.59,482.60,482.61,482.38,482.08,481.77,481.46,481.15,480.84,480.51,480.17,479.97,479.83,479.73,479.65,479.57,479.50,479.45,479.43,479.36,479.28,479.26,479.26,479.25,479.18,479.17,479.17,479.16,479.14,479.08,478.97,478.85,478.75,478.62,478.51,478.32,477.95,477.35,476.73,476.07,475.38,474.63,473.88,473.11,472.34,471.55,470.75,470.29,470.24,470.71,471.94,473.18,474.44,475.68,476.83,477.89,478.85,479.88,481.06,482.36,483.62,484.84,486.03,487.22,488.38,490.36,494.56,501.36,507.61,510.39,511.55,512.19,513.03,513.75,514.33,514.68,514.74,514.74,514.74,514.68,514.55,514.40,514.25,514.10,513.94,513.77,513.61,513.41,513.22,513.07,512.91,512.86,512.82,512.80,512.79,512.71,512.60,512.50,512.44,512.38,512.38,512.45,512.55,512.52,512.87,513.29,513.71,514.16,514.55,515.07,516.93,520.76,524.81,529.50,534.04,538.24,542.42,546.58,550.64,554.60,558.58,563.14,568.52,574.28,580.30,586.51,590.26,592.60,594.31,596.01,598.40,602.59,607.89,613.66,619.07,623.59,627.72,630.76,630.78,631.63,632.65,633.24,632.55,629.79,626.08,621.88,617.36,612.79,607.90,602.54,596.73,590.25,581.46,573.54,567.31,564.44,568.93,576.61,584.94,592.70,598.80,603.69
630.07,626.84,623.87,622.20,620.97,619.51,617.56,615.22,612.95,609.75,604.91,598.83,592.41,587.32,583.60,580.57,577.85,575.44,576.07,577.03,577.42,577.57,577.02,576.45,575.69,574.49,573.65,572.89,572.40,572.36,572.82,573.51,574.27,575.05,575.85,576.39,576.18,575.34,573.61,570.27,566.38,562.03,557.17,551.93,549.63,548.94,548.74,548.45,548.43,547.49,545.97,543.97,541.29,538.33,534.18,530.72,531.83,535.22,538.69,541.37,542.90,543.75,543.34,542.44,541.42,540.35,538.91,537.42,535.91,534.37,532.81,531.29,529.13,526.09,522.73,518.02,512.45,507.34,504.64,501.99,499.18,496.36,493.67,491.00,488.78,486.65,484.85,484.26,483.46,483.11,483.09,483.14,483.15,483.15,483.15,483.13,483.01,482.80,482.51,482.20,481.90,481.59,481.28,480.97,480.65,480.36,480.09,479.92,479.84,479.76,479.68,479.61,479.56,479.54,479.47,479.45,479.45,479.44,479.37,479.35,479.35,479.34,479.27,479.26,479.19,479.08,478.95,478.85,478.72,478.41,477.90,477.28,476.67,476.04,475.40,474.75,474.05,473.30,472.53,471.75,470.98,470.41,470.40,471.02,472.25,473.49,474.69,475.80,476.78,477.73,478.66,479.67,480.81,482.11,483.42,484.71,486.00,487.27,488.44,490.60,495.04,502.01,508.23,510.70,511.85,512.81,513.84,514.39,514.70,514.86,514.87,514.87,514.87,514.86,514.80,514.65,514.50,514.34,514.17,513.96,513.80,513.63,513.47,513.32,513.16,513.03,512.90,512.80,512.79,512.67,512.60,512.58,512.57,512.55,512.60,512.67,512.75,512.75,512.87,513.19,513.65,514.09,514.43,514.75,515.81,518.33,522.31,527.24,531.97,536.26,540.50,544.78,548.89,552.77,556.42,560.18,565.49,571.12,576.49,581.85,587.79,591.39,592.86,593.89,596.30,600.07,604.85,610.38,615.78,620.67,625.13,629.06,631.95,633.40,634.49,635.26,635.00,632.38,628.70,624.46,619.86,615.28,610.57,605.20,599.26,592.79,584.68,575.72,567.92,564.07,567.73,574.67,582.49,589.87,595.31,600.08
625.52,622.44,619.78,618.13,616.86,615.73,614.40,612.75,610.71,607.96,604.19,599.33,593.47,588.54,584.99,581.89,578.59,574.86,573.19,572.63,572.70,573.23,572.99,572.53,571.66,570.13,568.93,567.73,566.80,566.43,566.86,567.48,568.14,568.82,569.52,569.90,569.84,569.17,567.48,564.15,560.13,557.19,555.27,553.02,552.84,553.47,554.06,554.06,553.52,551.92,549.60,546.76,543.78,540.70,536.03,531.29,530.17,532.67,536.30,539.52,541.52,542.48,542.42,541.76,540.81,539.87,538.59,537.13,535.63,534.11,532.57,531.08,528.93,525.87,522.48,517.46,511.97,507.21,504.54,501.88,499.03,496.13,493.31,490.65,488.48,486.50,484.88,484.34,483.75,483.56,483.64,483.70,483.71,483.69,483.65,483.59,483.44,483.22,482.95,482.64,482.33,482.02,481.72,481.41,481.10,480.79,480.48,480.25,480.10,479.95,479.84,479.76,479.73,479.69,479.65,479.63,479.62,479.59,479.54,479.53,479.53,479.52,479.45,479.44,479.39,479.30,479.18,479.06,478.83,478.42,477.84,477.22,476.60,475.99,475.36,474.70,474.04,473.35,472.65,471.94,471.18,470.53,470.57,471.32,472.51,473.62,474.69,475.70,476.62,477.55,478.48,479.46,480.56,481.87,483.18,484.49,485.81,487.11,488.38,490.94,495.78,502.90,508.88,511.46,512.77,513.74,514.42,514.65,514.75,514.80,514.77,514.76,514.79,514.84,514.87,514.76,514.61,514.46,514.29,514.10,513.94,513.78,513.63,513.47,513.32,513.17,513.01,512.88,512.85,512.77,512.74,512.74,512.74,512.74,512.82,512.92,512.97,512.95,512.97,513.20,513.58,514.03,514.32,514.57,515.13,516.64,520.03,524.71,529.60,534.23,538.39,542.53,546.73,550.78,554.45,557.99,562.61,567.80,573.14,578.04,583.77,587.89,590.08,591.08,593.64,597.22,601.54,606.61,612.13,617.43,622.32,626.86,631.10,633.59,635.64,637.18,637.36,635.38,631.78,627.39,622.54,617.55,612.81,607.32,601.11,594.44,586.43,577.41,568.90,563.65,566.65,572.65,579.58,586.21,590.88,594.86
620.49,617.74,615.48,613.55,611.92,610.88,610.00,608.88,606.86,604.48,601.70,598.15,593.27,588.88,585.63,582.72,579.48,575.40,571.63,569.40,568.88,569.48,569.50,569.10,568.16,566.51,565.02,563.41,562.04,561.31,561.60,562.06,562.54,563.01,563.42,563.49,563.41,562.91,561.49,558.68,555.07,554.04,555.58,556.88,558.48,559.84,560.51,559.96,558.49,555.93,552.71,549.15,545.83,542.68,538.23,533.07,529.44,530.54,533.87,537.39,539.94,541.16,541.45,541.03,540.18,539.38,538.30,536.91,535.40,533.92,532.40,530.93,528.80,525.76,522.38,517.07,511.61,507.10,504.46,501.77,498.91,495.95,493.00,490.35,488.23,486.42,485.03,484.49,484.15,484.11,484.22,484.26,484.25,484.19,484.12,484.02,483.87,483.66,483.39,483.09,482.78,482.47,482.16,481.86,481.55,481.24,480.93,480.66,480.42,480.20,480.03,479.95,479.91,479.85,479.83,479.83,479.79,479.74,479.73,479.73,479.72,479.70,479.64,479.63,479.57,479.50,479.40,479.25,478.90,478.39,477.78,477.16,476.54,475.92,475.27,474.60,473.97,473.35,472.72,472.08,471.33,470.63,470.72,471.55,472.67,473.64,474.57,475.51,476.45,477.37,478.30,479.26,480.32,481.62,482.94,484.27,485.61,486.95,488.34,491.38,496.68,503.89,509.56,512.34,513.80,514.60,514.80,514.73,514.67,514.65,514.60,514.60,514.66,514.78,514.88,514.80,514.66,514.49,514.34,514.19,514.02,513.88,513.72,513.56,513.41,513.26,513.13,513.01,512.94,512.92,512.92,512.92,512.93,512.94,513.05,513.17,513.21,513.15,513.13,513.25,513.53,513.95,514.21,514.44,514.70,515.39,517.88,522.04,527.03,532.12,536.23,540.18,544.42,548.70,552.55,556.08,559.88,564.54,569.91,574.63,579.45,583.72,586.81,588.17,590.83,594.15,598.01,602.65,608.33,614.01,619.36,624.43,629.37,632.98,636.26,638.75,639.35,638.18,634.88,630.44,625.27,619.77,614.80,609.10,602.61,595.59,587.43,578.61,569.77,563.18,565.15,570.04,576.05,582.04,586.11,589.05
615.98,613.22,610.60,607.99,605.67,604.20,603.04,601.86,600.34,598.51,596.35,593.67,590.24,587.19,584.56,581.68,578.17,574.57,571.13,568.56,567.10,566.80,566.89,566.74,566.31,565.70,564.87,562.84,560.97,559.95,559.67,559.50,559.30,559.02,558.64,558.19,557.88,557.73,557.69,557.49,557.24,558.32,560.65,562.82,564.62,565.49,565.33,563.97,561.83,558.72,555.07,551.16,547.44,544.10,540.11,535.21,530.07,529.47,531.85,535.11,538.00,540.00,540.55,540.29,539.63,538.94,538.00,536.70,535.21,533.75,532.31,530.93,528.89,525.91,522.48,516.93,511.40,506.97,504.34,501.69,498.81,495.82,492.86,490.17,488.17,486.67,485.61,485.09,484.92,484.88,484.86,484.82,484.72,484.64,484.53,484.40,484.24,484.07,483.85,483.59,483.27,482.97,482.66,482.35,482.04,481.73,481.42,481.13,480.85,480.62,480.41,480.26,480.16,480.09,480.08,480.04,480.00,479.97,479.92,479.91,479.88,479.84,479.81,479.81,479.76,479.69,479.58,479.38,478.91,478.33,477.71,477.10,476.48,475.83,475.17,474.53,473.91,473.29,472.67,472.04,471.38,470.74,470.80,471.54,472.53,473.47,474.39,475.34,476.31,477.25,478.17,479.11,480.13,481.38,482.73,484.16,485.62,487.05,488.55,492.09,497.79,504.94,510.31,513.12,514.37,514.74,514.74,514.61,514.52,514.48,514.47,514.52,514.63,514.77,514.88,514.80,514.62,514.44,514.28,514.13,513.98,513.82,513.67,513.51,513.36,513.25,513.20,513.19,513.12,513.11,513.11,513.11,513.12,513.17,513.30,513.42,513.46,513.39,513.33,513.35,513.50,513.84,514.09,514.32,514.55,514.92,515.96,519.22,524.13,529.68,534.14,537.99,542.12,546.47,550.65,554.21,557.59,561.61,566.52,571.61,576.10,580.08,583.43,585.83,588.19,590.65,593.94,598.66,604.41,610.26,616.10,621.79,627.02,631.38,635.76,639.14,640.00,639.66,637.37,633.37,627.93,622.17,616.35,610.28,603.68,595.99,587.61,578.57,569.61,562.58,561.83,565.17,570.76,577.01,581.23,583.22
611.42,608.31,605.14,601.81,599.01,597.35,596.13,594.98,593.72,592.20,590.43,588.39,586.05,584.00,581.54,578.48,575.00,572.39,570.23,568.58,567.61,567.71,568.36,568.69,568.73,568.62,567.93,565.84,563.78,562.40,561.55,560.95,560.20,559.28,558.30,557.48,557.16,557.49,558.59,560.00,561.86,564.04,566.39,568.59,570.18,570.41,569.40,567.22,564.48,561.07,557.19,552.96,548.77,545.25,541.59,537.06,531.25,528.42,529.97,533.15,535.97,538.20,538.90,538.87,538.51,538.01,537.39,536.45,535.25,533.86,532.49,531.13,529.28,526.73,523.62,518.12,512.27,507.59,505.57,503.55,500.16,496.41,493.17,490.24,488.44,487.26,486.44,485.88,485.75,485.69,485.62,485.49,485.33,485.20,485.05,484.87,484.69,484.49,484.28,484.06,483.77,483.47,483.14,482.81,482.50,482.20,481.88,481.58,481.28,481.05,480.82,480.63,480.49,480.40,480.37,480.31,480.26,480.25,480.18,480.17,480.12,480.06,480.06,480.04,480.00,479.92,479.76,479.44,478.91,478.30,477.68,477.07,476.45,475.80,475.15,474.52,473.88,473.25,472.64,472.02,471.40,470.78,470.86,471.58,472.49,473.41,474.33,475.28,476.25,477.16,478.08,479.00,480.01,481.30,482.71,484.22,485.78,487.31,488.89,493.10,499.31,506.33,511.18,513.72,514.69,514.74,514.64,514.51,514.40,514.35,514.38,514.45,514.58,514.74,514.86,514.83,514.63,514.41,514.23,514.07,513.92,513.76,513.61,513.46,513.38,513.34,513.37,513.41,513.34,513.31,513.30,513.30,513.31,513.43,513.56,513.66,513.71,513.64,513.59,513.55,513.58,513.77,513.97,514.19,514.43,514.66,514.97,517.32,521.54,526.93,532.07,535.91,539.78,544.00,548.46,552.30,555.62,559.21,563.55,568.75,573.22,577.18,580.74,583.70,585.88,587.95,590.73,594.96,600.86,606.89,612.98,618.96,624.45,629.69,634.98,639.07,640.36,640.50,639.17,635.87,630.52,624.52,618.16,611.66,604.67,596.46,588.07,578.93,569.57,561.69,559.62,561.34,565.39,570.64,574.98,576.60
606.67,602.94,599.13,595.21,592.22,590.58,589.50,588.52,587.24,585.83,584.36,582.82,581.23,579.76,577.21,574.00,570.97,569.73,569.43,569.64,570.41,572.06,573.62,574.56,574.94,574.74,573.69,571.86,569.92,568.19,566.85,566.01,564.91,563.51,562.15,561.11,560.96,561.81,563.63,565.56,568.07,570.36,572.25,573.95,575.03,574.64,572.87,569.88,566.58,563.05,559.08,554.56,549.85,546.18,542.71,538.55,532.79,527.53,528.26,531.41,533.87,535.79,536.56,536.83,536.84,536.59,536.42,536.08,535.38,534.18,532.90,531.50,529.95,528.13,525.65,520.46,514.18,509.08,508.10,507.09,502.92,497.96,494.24,490.89,489.16,488.18,487.47,486.84,486.60,486.53,486.45,486.24,486.08,485.88,485.66,485.43,485.20,484.92,484.70,484.50,484.26,483.96,483.61,483.25,482.95,482.64,482.33,482.02,481.72,481.49,481.26,481.07,480.92,480.78,480.70,480.63,480.58,480.56,480.49,480.47,480.43,480.38,480.37,480.31,480.27,480.18,479.92,479.43,478.89,478.30,477.68,477.07,476.45,475.83,475.21,474.58,473.90,473.26,472.65,472.03,471.41,470.79,470.91,471.69,472.56,473.48,474.40,475.33,476.25,477.12,478.03,478.96,479.99,481.39,482.91,484.49,486.11,487.75,489.52,494.50,501.23,507.98,512.15,514.16,514.79,514.67,514.53,514.43,514.31,514.24,514.31,514.38,514.52,514.68,514.82,514.86,514.68,514.42,514.17,514.01,513.86,513.70,513.56,513.45,513.49,513.55,513.62,513.66,513.58,513.51,513.49,513.49,513.52,513.72,513.83,513.91,513.96,513.90,513.88,513.83,513.77,513.75,513.88,514.08,514.32,514.55,514.83,516.33,519.36,523.97,529.93,533.88,537.41,541.36,546.00,550.33,553.90,557.28,561.06,566.03,570.72,574.93,578.67,581.79,583.93,586.08,588.44,591.69,597.74,603.99,610.08,615.98,621.74,627.95,634.01,638.68,640.54,640.86,640.34,637.92,633.06,626.87,620.28,613.31,605.74,597.25,589.07,580.01,570.16,561.22,558.91,558.89,560.40,563.35,567.42,569.05
600.83,596.57,592.65,589.34,586.63,584.62,583.24,582.33,581.17,580.23,579.57,578.96,578.04,577.13,575.84,574.34,573.05,572.87,573.34,574.54,576.38,578.59,580.28,581.20,581.46,580.98,579.83,578.35,576.84,575.41,574.09,572.99,571.55,569.85,568.31,567.15,566.90,567.53,569.02,571.00,573.25,575.31,577.03,578.34,578.90,578.12,575.91,572.26,568.48,564.67,560.49,555.76,550.66,546.87,543.46,539.52,534.06,528.46,527.30,528.98,531.61,533.39,534.21,534.65,534.85,534.66,534.74,534.78,534.62,534.10,533.20,531.99,530.83,529.62,527.42,522.34,516.62,512.23,511.32,510.00,506.61,502.38,498.43,494.72,491.63,489.57,488.49,487.81,487.50,487.35,487.21,486.99,486.79,486.56,486.33,486.09,485.81,485.51,485.24,484.99,484.71,484.41,484.07,483.74,483.44,483.13,482.82,482.49,482.16,481.92,481.69,481.48,481.31,481.19,481.08,480.99,480.92,480.87,480.80,480.78,480.74,480.69,480.68,480.61,480.50,480.33,480.04,479.49,478.90,478.30,477.68,477.07,476.45,475.84,475.22,474.59,473.95,473.32,472.70,472.08,471.46,470.84,470.97,471.77,472.67,473.55,474.46,475.39,476.31,477.21,478.13,479.05,480.16,481.87,483.56,485.23,486.89,488.73,491.59,496.94,503.39,509.50,513.22,514.53,514.76,514.61,514.46,514.33,514.19,514.11,514.20,514.31,514.46,514.63,514.81,514.87,514.69,514.45,514.20,514.00,513.80,513.70,513.64,513.64,513.71,513.79,513.87,513.90,513.78,513.70,513.67,513.68,513.76,513.97,514.05,514.13,514.22,514.19,514.15,514.09,514.01,513.94,513.95,514.12,514.35,514.58,514.85,515.98,518.11,521.59,527.03,531.53,535.30,539.00,543.23,548.01,551.99,555.52,559.11,563.57,568.35,572.73,576.69,580.28,582.69,584.92,587.17,590.00,595.29,601.84,607.84,613.20,619.19,625.81,632.82,638.42,640.60,641.29,640.91,639.26,635.74,629.77,622.74,615.46,607.94,599.82,592.05,583.51,574.73,566.69,561.21,559.02,558.13,558.02,559.18,559.73
594.72,590.63,587.40,585.46,583.71,581.88,580.56,579.83,578.90,578.33,578.27,578.32,577.90,577.47,577.23,577.19,577.44,578.12,579.15,580.88,583.20,585.45,586.95,587.69,587.69,586.92,585.81,584.65,583.55,582.47,581.17,579.84,578.18,576.36,574.83,573.52,573.17,573.61,574.77,576.60,578.57,580.20,581.40,582.24,582.02,580.73,578.20,574.17,570.07,565.98,561.62,556.77,551.43,547.50,544.09,540.36,535.45,530.15,527.05,526.69,528.94,530.75,531.70,532.35,532.80,532.72,532.96,533.22,533.44,533.56,533.12,532.27,531.49,530.67,528.73,523.80,518.79,515.22,514.03,512.32,509.89,506.88,503.33,499.54,495.29,492.03,490.13,488.94,488.42,488.15,487.94,487.71,487.48,487.25,487.01,486.75,486.44,486.13,485.82,485.51,485.19,484.87,484.55,484.24,483.91,483.60,483.27,482.93,482.59,482.36,482.13,481.90,481.71,481.61,481.47,481.37,481.28,481.20,481.12,481.10,481.06,481.00,480.99,480.90,480.71,480.46,480.12,479.52,478.89,478.26,477.64,477.03,476.43,475.81,475.19,474.58,473.97,473.36,472.74,472.13,471.50,470.88,471.02,471.84,472.76,473.64,474.54,475.47,476.40,477.32,478.25,479.19,480.38,482.35,484.22,486.03,487.84,490.06,494.00,499.51,505.47,510.83,514.06,514.75,514.68,514.53,514.37,514.22,514.06,514.00,514.11,514.26,514.42,514.61,514.81,514.87,514.69,514.46,514.23,514.00,513.80,513.76,513.81,513.88,513.96,514.04,514.11,514.12,513.99,513.89,513.86,513.89,514.00,514.22,514.29,514.36,514.47,514.47,514.41,514.34,514.26,514.18,514.10,514.22,514.43,514.65,514.94,515.92,517.42,519.78,524.02,529.01,533.17,536.76,540.62,545.59,550.00,553.84,557.34,561.26,566.01,570.54,574.79,578.88,581.66,584.00,586.23,588.85,593.30,600.01,605.94,610.81,616.85,623.71,631.49,637.97,640.59,641.64,641.36,640.30,637.98,632.55,625.49,618.27,611.09,603.56,596.16,588.18,580.42,573.36,565.68,561.66,558.67,555.96,554.51,553.72
588.56,586.13,585.05,585.60,586.05,585.85,585.54,585.30,584.75,584.21,583.98,583.90,583.65,583.52,583.22,583.24,583.98,585.19,586.82,588.59,590.34,591.94,593.02,593.42,593.14,592.15,591.23,590.31,589.43,588.45,586.94,585.53,583.87,582.21,581.02,579.49,579.16,579.80,581.10,582.66,584.71,585.62,585.45,585.52,583.99,581.83,579.03,575.20,571.08,566.79,562.35,557.58,552.23,548.11,544.62,541.20,537.25,532.63,527.96,525.07,525.43,527.58,528.83,529.85,530.75,530.98,531.27,531.53,531.83,532.18,532.28,532.05,531.57,530.75,529.16,524.54,520.12,516.99,515.31,513.65,511.88,510.16,508.29,505.04,500.74,496.63,493.13,490.34,489.36,488.94,488.63,488.40,488.16,487.93,487.67,487.37,487.06,486.76,486.45,486.12,485.75,485.38,485.05,484.72,484.36,484.04,483.63,483.28,483.03,482.79,482.56,482.33,482.13,482.00,481.90,481.77,481.65,481.57,481.44,481.41,481.37,481.31,481.29,481.11,480.89,480.59,480.13,479.47,478.79,478.14,477.52,476.91,476.34,475.75,475.13,474.52,473.96,473.36,472.74,472.13,471.50,470.88,471.05,471.90,472.83,473.74,474.67,475.60,476.52,477.45,478.38,479.36,480.63,482.67,484.70,486.73,488.93,491.86,496.48,501.88,507.25,511.81,514.34,514.72,514.56,514.40,514.25,514.09,513.94,513.91,514.11,514.26,514.42,514.61,514.81,514.87,514.69,514.46,514.23,514.02,513.89,513.95,514.06,514.13,514.21,514.29,514.33,514.32,514.23,514.10,514.05,514.09,514.25,514.47,514.57,514.65,514.72,514.72,514.66,514.58,514.51,514.43,514.35,514.40,514.53,514.73,515.10,516.18,517.51,518.97,521.11,526.28,530.86,534.66,538.50,543.08,547.96,552.22,555.63,559.21,563.68,568.36,573.03,577.52,580.76,583.25,585.54,588.15,591.96,598.52,604.42,609.17,614.88,621.87,629.98,637.02,640.45,641.78,641.75,641.01,639.18,634.81,628.70,622.26,615.79,609.00,601.85,594.20,586.67,579.79,573.45,568.55,564.05,560.11,558.02,555.83
587.44,587.09,587.69,589.25,590.36,590.64,590.65,590.59,590.27,589.82,589.54,589.40,589.32,589.31,589.22,589.50,590.41,591.49,592.92,594.48,596.09,597.71,598.58,598.59,597.88,596.63,595.55,594.50,593.46,592.38,591.03,589.97,588.88,587.91,587.42,586.52,586.44,586.94,587.65,588.26,589.34,589.37,588.22,586.80,584.20,581.66,578.88,575.16,571.17,566.80,562.29,557.64,552.72,548.64,545.18,541.97,538.47,534.23,529.68,525.96,524.17,524.46,525.17,526.09,527.03,527.59,528.16,528.93,529.85,530.77,531.21,531.25,531.01,530.34,528.56,524.36,520.65,518.12,516.41,514.75,513.26,511.99,510.75,508.56,505.18,500.82,496.21,493.06,491.29,490.19,489.47,489.10,488.85,488.62,488.35,488.04,487.73,487.40,487.05,486.69,486.31,485.93,485.59,485.22,484.75,484.39,483.99,483.65,483.42,483.19,482.99,482.77,482.56,482.41,482.29,482.18,482.06,481.95,481.83,481.75,481.68,481.60,481.48,481.27,481.04,480.70,480.14,479.45,478.73,478.04,477.39,476.78,476.23,475.64,475.02,474.42,473.87,473.27,472.65,472.04,471.45,470.87,471.09,472.01,472.94,473.87,474.79,475.72,476.65,477.61,478.55,479.59,480.97,483.03,485.17,487.31,489.87,493.70,498.68,504.05,509.07,512.94,514.54,514.67,514.48,514.31,514.13,513.97,513.83,513.83,514.06,514.22,514.40,514.59,514.77,514.86,514.69,514.46,514.24,514.07,514.00,514.10,514.23,514.34,514.45,514.54,514.57,514.55,514.44,514.29,514.24,514.30,514.49,514.72,514.86,514.94,514.97,514.97,514.91,514.83,514.76,514.68,514.60,514.61,514.68,514.87,515.35,516.37,517.51,518.59,519.92,524.00,528.48,532.67,536.55,540.79,545.89,550.52,554.19,557.63,561.80,566.34,571.10,575.91,579.96,582.77,585.13,587.71,591.04,597.60,603.54,608.18,613.71,620.78,629.27,636.74,640.37,641.77,642.05,641.54,639.91,636.41,631.24,625.57,619.77,613.73,607.27,600.04,592.48,585.21,579.31,574.05,569.09,564.75,561.98,559.47
589.16,590.72,592.55,594.44,595.55,595.84,595.86,595.82,595.65,595.33,595.06,594.96,595.05,595.10,595.31,595.88,596.85,597.69,598.71,600.02,601.62,603.34,604.00,603.58,602.44,600.89,599.50,598.11,596.74,595.46,594.40,593.81,593.45,593.34,593.58,593.47,593.65,593.84,593.72,593.23,592.91,591.97,590.05,587.08,583.64,580.86,578.11,574.45,570.62,566.27,561.77,557.34,552.96,549.04,545.69,542.66,539.44,535.52,531.71,527.89,524.22,522.00,521.71,522.21,522.94,523.68,524.50,525.76,527.32,528.82,529.57,529.77,529.78,529.38,527.47,523.88,520.89,518.88,517.35,515.72,514.35,513.17,512.09,510.95,508.77,504.64,499.45,496.26,493.69,491.83,490.62,490.04,489.68,489.35,489.02,488.71,488.38,488.01,487.63,487.25,486.86,486.47,486.12,485.70,485.13,484.73,484.34,484.02,483.79,483.58,483.40,483.20,483.00,482.84,482.69,482.58,482.47,482.32,482.21,482.06,481.94,481.81,481.59,481.37,481.14,480.78,480.15,479.46,478.70,477.97,477.27,476.66,476.10,475.51,474.90,474.29,473.73,473.14,472.53,471.94,471.40,470.87,471.16,472.13,473.06,473.99,474.92,475.86,476.79,477.78,478.73,479.86,481.38,483.46,485.67,487.90,490.85,495.57,500.76,506.09,510.81,514.01,514.67,514.59,514.40,514.23,514.02,513.84,513.74,513.77,513.98,514.15,514.37,514.57,514.73,514.86,514.70,514.47,514.27,514.13,514.12,514.23,514.38,514.53,514.67,514.77,514.81,514.78,514.64,514.49,514.42,514.50,514.71,514.94,515.11,515.21,515.22,515.24,515.18,515.10,515.02,514.93,514.85,514.82,514.86,515.05,515.62,516.52,517.47,518.39,519.50,522.14,526.27,530.78,534.72,538.70,543.84,548.80,552.88,556.32,560.25,564.59,569.28,574.34,579.24,582.41,584.82,587.36,590.36,596.98,602.98,607.57,613.09,620.23,628.93,636.61,640.29,641.74,642.33,641.99,640.42,637.59,633.27,628.33,623.16,617.81,612.13,605.39,597.85,590.13,584.12,578.71,573.75,569.35,565.91,563.44
594.14,596.06,598.02,599.95,601.06,601.28,601.25,601.17,601.02,600.85,600.76,600.83,601.12,601.44,601.75,602.38,603.51,604.73,605.99,607.29,608.58,609.63,609.64,608.85,607.46,605.60,603.76,601.84,600.03,598.56,597.68,597.27,597.39,597.85,598.30,598.25,598.25,598.07,597.40,596.34,594.60,592.60,590.19,586.70,582.94,579.56,576.31,572.75,569.02,564.78,560.62,556.70,552.61,549.03,545.90,543.07,540.34,537.06,533.59,529.86,525.86,522.22,520.59,520.09,520.16,520.49,520.96,521.78,523.01,524.65,525.93,526.52,526.86,526.96,526.22,523.77,521.23,519.24,517.94,516.53,515.30,514.19,513.11,512.04,510.53,507.61,503.35,499.14,496.32,494.23,492.72,491.94,491.13,490.28,489.65,489.32,488.91,488.52,488.14,487.75,487.36,486.93,486.50,486.05,485.55,485.11,484.71,484.40,484.18,484.00,483.79,483.61,483.43,483.28,483.12,482.99,482.83,482.62,482.43,482.19,481.97,481.79,481.60,481.38,481.18,480.84,480.20,479.47,478.70,477.92,477.15,476.53,475.93,475.36,474.77,474.16,473.56,472.99,472.45,471.93,471.40,470.94,471.28,472.26,473.19,474.12,475.08,476.04,476.98,477.98,478.92,480.18,481.93,484.11,486.34,488.78,492.16,497.44,502.79,507.92,512.09,514.48,514.65,514.47,514.28,514.12,513.94,513.73,513.65,513.69,513.88,514.08,514.31,514.53,514.72,514.86,514.74,514.54,514.33,514.20,514.27,514.41,514.57,514.71,514.82,514.94,515.00,514.98,514.88,514.73,514.64,514.67,514.85,515.02,515.22,515.38,515.50,515.59,515.54,515.44,515.32,515.24,515.12,515.04,515.10,515.39,515.88,516.61,517.39,518.20,519.24,521.27,524.88,529.14,533.10,537.13,541.97,547.01,551.69,555.32,559.38,563.68,568.26,573.35,578.74,582.10,584.48,586.95,589.99,596.60,602.63,607.40,613.40,620.67,628.81,636.00,640.11,641.84,642.69,642.40,640.74,638.19,634.34,629.92,625.29,620.46,615.06,608.96,602.12,594.66,587.78,582.31,577.44,572.88,568.87,565.98
600.23,602.26,604.26,606.05,607.06,607.37,607.39,607.33,607.30,607.40,607.54,607.75,608.20,608.76,609.34,610.11,611.19,612.37,613.20,614.00,614.80,615.21,614.71,613.48,611.73,609.59,607.50,605.30,603.30,601.80,601.06,600.75,601.02,601.60,601.93,601.64,601.42,600.94,599.81,598.04,595.35,592.54,589.52,585.37,581.29,577.50,574.00,570.68,567.06,563.10,559.33,555.87,552.26,549.13,546.33,543.73,541.20,538.29,535.07,531.61,527.88,523.89,521.43,520.01,519.27,518.95,518.81,518.89,519.45,520.73,521.95,522.93,523.67,524.13,524.25,522.95,520.93,518.84,517.36,515.89,514.73,513.73,512.80,511.92,510.92,508.88,505.48,501.16,498.32,496.18,494.53,493.41,492.19,491.00,490.21,489.88,489.43,489.02,488.62,488.20,487.77,487.33,486.88,486.41,485.95,485.49,485.06,484.73,484.50,484.34,484.12,483.92,483.73,483.53,483.32,483.12,482.91,482.68,482.44,482.15,481.88,481.66,481.48,481.28,481.11,480.81,480.23,479.50,478.71,477.90,477.11,476.42,475.79,475.20,474.63,474.06,473.47,472.91,472.40,471.90,471.39,471.04,471.42,472.39,473.34,474.29,475.26,476.23,477.19,478.19,479.14,480.55,482.55,484.78,487.04,489.84,493.70,499.25,504.91,509.64,513.05,514.69,514.61,514.38,514.18,514.00,513.82,513.61,513.55,513.63,513.82,514.05,514.28,514.51,514.72,514.86,514.76,514.57,514.37,514.29,514.42,514.57,514.72,514.87,514.98,515.10,515.16,515.14,515.06,514.92,514.81,514.82,514.97,515.15,515.35,515.54,515.72,515.86,515.87,515.78,515.66,515.55,515.42,515.33,515.41,515.74,516.17,516.72,517.37,518.13,519.07,520.61,523.77,527.76,531.70,535.78,540.36,545.39,550.48,554.50,558.71,563.03,567.53,572.56,578.21,581.58,583.83,586.25,589.72,596.34,602.40,607.41,613.76,621.46,629.17,635.79,640.12,642.14,643.06,642.70,640.91,638.39,634.83,630.83,626.60,622.10,617.00,611.43,605.15,597.97,590.77,585.17,580.23,575.52,571.14,567.75
607.16,609.20,611.20,612.71,613.55,614.09,614.33,614.33,614.54,615.01,615.37,615.68,616.24,616.99,617.93,618.88,619.67,620.25,619.93,619.73,619.86,619.78,618.98,617.30,615.11,612.74,610.61,608.41,606.49,605.14,604.52,604.27,604.40,604.66,604.60,603.87,603.36,602.62,601.07,598.44,595.24,591.88,588.10,583.16,578.77,574.82,571.37,568.43,564.99,561.48,558.14,555.05,552.09,549.43,547.03,544.68,542.04,539.15,536.13,533.12,530.09,526.77,524.09,521.97,520.38,519.29,518.38,517.58,517.22,517.69,518.19,519.37,520.41,520.95,521.41,521.17,519.75,517.58,515.55,513.80,512.61,511.78,511.15,510.66,510.03,508.44,505.69,502.24,499.55,497.53,495.87,494.33,492.77,491.50,490.71,490.37,489.92,489.51,489.08,488.61,488.10,487.69,487.25,486.78,486.31,485.85,485.39,485.01,484.74,484.57,484.35,484.12,483.88,483.58,483.29,483.00,482.73,482.49,482.25,481.96,481.69,481.46,481.24,481.07,480.91,480.67,480.22,479.54,478.73,477.91,477.12,476.32,475.67,475.06,474.49,473.99,473.45,472.91,472.37,471.86,471.39,471.16,471.58,472.53,473.52,474.52,475.48,476.44,477.43,478.44,479.38,480.96,483.23,485.48,487.78,491.04,495.43,501.01,507.05,511.21,513.69,514.68,514.55,514.32,514.09,513.87,513.64,513.47,513.46,513.58,513.81,514.04,514.28,514.51,514.72,514.86,514.76,514.57,514.40,514.41,514.54,514.69,514.85,515.00,515.15,515.25,515.29,515.27,515.19,515.05,514.95,514.95,515.11,515.32,515.50,515.69,515.90,516.05,516.13,516.12,516.01,515.88,515.78,515.70,515.79,516.11,516.50,516.87,517.42,518.17,518.99,520.09,522.88,526.68,530.58,534.66,539.08,544.02,549.26,553.81,558.18,562.56,567.05,571.88,577.46,580.67,582.73,585.16,589.49,596.16,602.28,607.59,614.13,622.54,630.02,636.03,640.34,642.59,643.41,642.86,640.92,638.24,634.83,631.10,627.15,622.81,618.04,612.86,606.90,599.91,593.00,587.24,582.08,577.24,572.70,568.79
614.66,616.48,618.12,619.38,620.33,621.03,621.49,621.78,622.19,622.73,623.21,623.65,624.19,624.78,625.32,625.73,625.80,625.06,623.71,622.74,622.33,622.07,621.06,619.59,617.70,615.33,613.02,610.79,609.13,608.23,607.81,607.68,607.70,607.68,607.26,606.37,605.18,603.61,601.39,598.22,594.18,590.02,585.78,581.12,576.98,573.07,569.67,567.11,564.32,561.55,558.80,556.06,553.32,550.52,548.03,545.64,542.88,540.04,537.17,534.46,532.03,529.62,527.43,525.48,523.79,522.51,521.36,520.25,519.34,518.82,518.26,518.00,517.57,516.96,517.05,517.13,516.27,514.69,513.13,511.57,510.55,509.88,509.36,508.88,508.36,507.21,505.12,502.09,499.79,498.08,496.57,494.91,493.28,492.00,491.19,490.82,490.36,489.89,489.42,488.94,488.41,488.00,487.57,487.09,486.59,486.12,485.66,485.23,484.88,484.67,484.45,484.19,483.89,483.55,483.23,482.92,482.61,482.31,482.07,481.77,481.51,481.26,481.00,480.83,480.68,480.47,480.11,479.44,478.63,477.80,476.98,476.19,475.58,475.00,474.44,473.94,473.40,472.86,472.34,471.83,471.35,471.26,471.76,472.71,473.71,474.68,475.64,476.63,477.62,478.59,479.66,481.43,483.92,486.25,488.61,492.25,497.09,502.69,508.44,512.23,514.21,514.66,514.49,514.25,514.02,513.79,513.56,513.36,513.37,513.52,513.76,514.03,514.28,514.51,514.72,514.86,514.76,514.59,514.47,514.52,514.66,514.82,514.99,515.19,515.38,515.49,515.47,515.40,515.36,515.26,515.20,515.20,515.29,515.51,515.68,515.87,516.09,516.24,516.37,516.40,516.35,516.23,516.12,516.06,516.17,516.53,516.91,517.27,517.71,518.25,518.92,519.83,522.49,526.19,530.04,534.25,538.71,543.44,548.34,552.99,557.58,562.13,566.62,570.95,575.03,577.85,580.20,583.31,589.13,596.13,602.40,608.08,615.13,623.93,631.00,636.35,640.45,642.64,643.40,642.76,640.71,637.93,634.60,631.00,627.15,622.85,618.17,613.14,607.26,600.24,593.35,587.63,582.53,577.74,573.22,569.07
621.93,623.50,624.81,625.95,627.03,627.91,628.61,629.14,629.63,630.10,630.55,630.95,631.22,631.39,631.27,631.00,630.37,628.53,626.52,624.98,624.06,623.55,622.35,621.11,619.59,617.38,615.00,612.79,611.34,610.78,610.44,610.38,610.33,610.11,609.48,608.52,606.63,604.21,601.38,597.75,593.04,588.35,584.00,579.86,576.11,572.39,569.12,566.82,564.65,562.42,560.07,557.57,554.89,551.88,549.14,546.59,543.77,541.05,538.37,535.97,534.05,532.39,530.74,529.12,527.63,526.41,525.27,524.12,522.94,521.72,520.36,518.88,517.16,515.50,514.94,514.78,514.09,512.90,511.63,510.05,509.02,508.25,507.49,506.92,506.40,505.63,504.22,501.63,499.73,498.33,497.01,495.40,493.78,492.50,491.67,491.25,490.78,490.24,489.73,489.24,488.73,488.30,487.85,487.36,486.84,486.35,485.89,485.42,484.99,484.73,484.48,484.20,483.86,483.49,483.17,482.86,482.52,482.16,481.90,481.61,481.33,481.07,480.78,480.60,480.45,480.26,479.93,479.21,478.39,477.58,476.79,476.08,475.50,474.96,474.42,473.88,473.35,472.81,472.30,471.81,471.32,471.36,471.95,472.89,473.88,474.83,475.80,476.79,477.79,478.72,479.91,481.85,484.51,487.06,489.73,493.75,498.84,504.24,509.52,512.98,514.61,514.63,514.41,514.17,513.94,513.71,513.47,513.24,513.28,513.48,513.72,514.01,514.27,514.51,514.72,514.86,514.76,514.63,514.56,514.64,514.79,514.95,515.15,515.38,515.59,515.71,515.69,515.59,515.58,515.52,515.49,515.48,515.50,515.70,515.87,516.06,516.27,516.43,516.59,516.66,516.66,516.60,516.45,516.41,516.58,516.96,517.34,517.72,518.07,518.44,518.98,519.70,522.28,525.97,529.81,534.09,538.57,543.08,547.61,552.22,556.99,561.74,566.31,570.26,573.01,575.49,578.12,581.79,588.85,596.13,602.59,608.72,616.31,625.33,632.00,636.75,640.52,642.63,643.26,642.53,640.43,637.58,634.28,630.73,626.91,622.62,617.95,612.89,606.96,599.89,592.96,587.41,582.45,577.76,573.34,569.08
628.26,629.66,630.94,632.27,633.33,634.53,635.48,636.01,636.31,636.51,636.64,636.56,635.97,635.26,634.35,633.44,632.44,630.54,628.67,626.95,625.46,624.33,622.95,621.61,620.20,618.48,616.31,614.23,612.84,612.19,611.46,611.36,611.30,611.08,610.57,609.59,607.23,604.25,601.02,597.03,592.27,587.89,584.11,580.44,577.13,573.85,570.85,568.56,566.68,564.29,561.75,559.23,556.47,553.39,550.36,547.48,544.78,542.33,540.00,537.99,536.43,535.02,533.53,532.20,531.12,530.25,529.48,528.63,527.66,526.57,525.27,524.04,522.61,520.90,519.42,517.99,516.51,514.88,512.83,510.39,508.79,507.30,505.53,504.80,504.17,503.69,503.01,501.14,499.53,498.29,497.18,495.86,494.28,493.00,492.15,491.68,491.16,490.57,490.01,489.50,489.02,488.57,488.07,487.56,487.07,486.56,486.08,485.58,485.10,484.74,484.44,484.13,483.80,483.42,483.11,482.80,482.45,482.09,481.79,481.48,481.18,480.88,480.59,480.41,480.26,480.05,479.64,478.71,477.87,477.17,476.57,475.99,475.44,474.90,474.36,473.83,473.34,472.81,472.28,471.76,471.32,471.49,472.14,473.07,474.01,475.00,475.95,476.92,477.91,478.85,480.11,482.10,484.86,487.86,491.51,496.00,500.85,505.52,510.23,513.37,514.76,514.58,514.29,514.05,513.82,513.57,513.29,513.10,513.22,513.48,513.72,513.96,514.24,514.51,514.72,514.86,514.76,514.68,514.68,514.77,514.91,515.11,515.34,515.55,515.73,515.87,515.92,515.90,515.89,515.83,515.80,515.78,515.75,515.90,516.05,516.25,516.46,516.62,516.77,516.88,516.93,516.95,516.83,516.82,517.01,517.39,517.72,518.09,518.47,518.85,519.28,519.74,522.25,526.03,530.00,534.09,538.43,542.81,547.16,551.68,556.47,561.40,566.23,570.35,573.03,575.45,578.00,581.59,588.85,596.15,602.87,609.50,617.54,626.54,632.98,637.31,640.59,642.68,643.04,642.13,640.11,637.21,633.91,630.28,626.36,622.10,617.36,612.00,605.86,598.82,591.86,586.63,581.92,577.30,573.07,568.92
633.56,635.15,636.77,638.62,640.25,641.86,642.80,642.71,641.75,641.20,640.94,640.48,639.18,637.71,636.06,634.39,632.70,630.54,628.34,626.36,624.72,623.52,622.29,621.13,620.02,618.85,617.35,615.63,614.31,613.52,612.62,612.34,612.09,611.66,610.96,609.90,607.38,604.24,601.00,597.16,592.61,588.39,584.81,581.62,578.83,575.86,572.92,570.48,568.62,566.26,563.62,560.84,557.88,554.65,551.37,548.24,545.61,543.28,541.34,539.82,538.69,537.62,536.30,534.98,533.87,533.19,532.86,532.27,531.51,530.75,529.71,528.69,527.50,526.03,524.56,522.81,521.03,519.17,516.84,513.20,510.91,509.42,507.81,505.44,502.99,501.63,501.27,500.45,499.27,498.16,497.12,496.00,494.63,493.46,492.61,492.08,491.54,490.96,490.38,489.81,489.26,488.75,488.25,487.74,487.24,486.74,486.24,485.70,485.17,484.75,484.39,484.07,483.74,483.36,483.05,482.74,482.39,482.02,481.71,481.40,481.09,480.77,480.44,480.20,479.94,479.71,479.46,478.77,478.02,477.35,476.74,476.10,475.51,474.94,474.37,473.81,473.34,472.81,472.27,471.75,471.31,471.58,472.28,473.22,474.18,475.21,476.19,477.16,478.12,479.03,480.57,482.99,486.25,489.91,494.27,498.68,502.97,507.17,511.34,513.79,514.71,514.44,514.16,513.90,513.65,513.41,513.15,513.00,513.14,513.41,513.67,513.94,514.21,514.48,514.72,514.86,514.80,514.76,514.81,514.89,515.04,515.22,515.42,515.62,515.77,515.92,516.05,516.14,516.19,516.14,516.11,516.08,516.03,516.10,516.25,516.43,516.65,516.80,516.96,517.07,517.16,517.25,517.18,517.21,517.41,517.79,518.13,518.48,518.82,519.15,519.50,519.91,522.51,526.42,530.39,534.29,538.51,542.72,546.83,551.17,556.06,561.15,566.11,570.37,573.05,575.44,577.95,581.57,589.13,596.29,603.17,610.26,618.28,627.15,633.56,637.79,640.67,642.64,642.74,641.71,639.75,636.71,633.37,629.67,625.67,621.37,616.36,610.55,604.02,596.98,590.56,585.60,581.11,576.76,572.70,568.62
638.42,640.35,642.44,644.79,647.01,648.77,649.48,648.66,646.31,644.84,644.00,643.07,641.16,639.00,636.69,634.32,631.90,629.38,626.77,624.58,622.98,621.98,621.05,620.18,619.40,618.72,617.97,616.73,615.56,614.66,613.73,613.24,612.70,611.97,610.97,609.82,607.31,604.27,601.22,597.78,593.50,589.37,585.81,583.06,580.72,577.99,575.05,572.42,570.41,568.08,565.35,562.27,559.11,555.70,552.18,548.89,546.32,544.08,542.55,541.50,540.75,539.99,538.85,537.50,536.25,535.70,535.77,535.47,534.94,534.54,533.78,532.84,531.78,530.65,529.58,528.00,526.21,524.36,522.10,517.34,514.67,513.61,512.48,508.31,503.55,500.50,499.59,499.64,498.84,497.86,496.88,495.89,494.83,493.88,493.10,492.48,491.93,491.39,490.81,490.16,489.46,488.90,488.40,487.91,487.38,486.90,486.37,485.80,485.22,484.75,484.36,484.01,483.68,483.31,482.98,482.67,482.33,481.96,481.64,481.34,481.03,480.70,480.35,480.04,479.68,479.44,479.40,479.04,478.41,477.72,477.02,476.28,475.64,475.04,474.43,473.83,473.34,472.81,472.27,471.75,471.32,471.65,472.41,473.35,474.37,475.43,476.47,477.46,478.40,479.40,481.45,484.52,488.43,492.81,497.50,501.52,505.15,509.00,512.58,514.21,514.57,514.27,514.03,513.74,513.47,513.23,513.01,512.92,513.05,513.32,513.61,513.91,514.17,514.43,514.69,514.85,514.84,514.85,514.92,515.01,515.15,515.30,515.46,515.62,515.77,515.93,516.12,516.31,516.44,516.42,516.41,516.39,516.33,516.33,516.44,516.63,516.84,517.00,517.15,517.26,517.36,517.49,517.50,517.57,517.77,518.15,518.51,518.83,519.10,519.36,519.68,520.16,522.93,526.97,530.88,534.63,538.70,542.72,546.58,550.74,555.73,560.93,565.98,570.36,573.06,575.45,577.95,581.64,589.53,596.58,603.59,611.00,618.74,627.41,633.92,638.21,640.77,642.55,642.41,641.28,639.35,636.12,632.72,628.92,624.78,620.38,615.07,608.74,601.78,594.78,589.12,584.42,580.15,576.11,572.21,568.16
643.41,645.72,647.97,650.05,651.77,652.24,652.18,651.57,649.49,647.38,645.31,643.19,640.84,637.99,635.36,632.83,630.18,627.25,624.91,622.92,621.32,620.48,619.82,619.19,618.55,617.94,617.35,616.56,615.77,615.03,614.26,613.67,612.88,611.89,610.84,609.52,607.24,604.56,601.84,598.82,594.63,590.45,586.93,584.44,582.01,579.42,576.75,574.12,571.71,569.02,566.09,562.98,559.79,556.30,552.67,549.31,546.82,544.88,543.74,542.93,542.13,541.33,540.45,539.49,538.59,538.19,538.43,538.46,538.29,538.03,537.24,535.78,534.42,533.49,532.61,531.35,529.92,528.55,526.97,522.34,520.88,520.60,518.92,515.46,509.89,503.94,499.37,498.60,497.79,497.01,496.25,495.44,494.63,494.19,493.73,493.03,492.43,491.88,491.29,490.59,489.68,489.08,488.56,488.05,487.55,486.99,486.44,485.87,485.27,484.76,484.36,483.98,483.63,483.29,482.93,482.61,482.27,481.89,481.58,481.27,480.97,480.67,480.38,480.12,479.93,479.81,479.65,479.13,478.42,477.70,477.01,476.34,475.72,475.13,474.55,473.93,473.36,472.81,472.27,471.75,471.32,471.74,472.53,473.49,474.55,475.63,476.72,477.78,478.88,480.56,483.69,487.59,492.02,496.99,500.84,504.18,507.43,510.81,513.61,514.49,514.44,514.14,513.90,513.61,513.32,513.04,512.84,512.83,513.01,513.29,513.55,513.81,514.08,514.33,514.53,514.74,514.88,514.95,514.99,515.07,515.22,515.34,515.46,515.62,515.77,515.97,516.16,516.34,516.48,516.57,516.66,516.71,516.64,516.63,516.71,516.85,517.02,517.18,517.34,517.44,517.54,517.68,517.75,517.86,518.07,518.39,518.68,518.94,519.18,519.43,519.74,520.51,523.45,527.52,531.43,535.17,538.97,542.76,546.55,550.64,555.49,560.73,565.93,570.40,573.12,575.47,577.95,581.71,589.95,597.33,604.48,611.73,618.93,627.38,634.09,638.59,640.93,642.49,642.14,640.85,638.80,635.45,631.92,627.82,623.31,618.72,613.24,606.55,599.35,592.51,587.45,583.08,579.02,575.15,571.32,567.36
648.07,650.71,653.06,654.86,655.94,655.34,654.27,653.03,650.98,648.41,645.57,642.70,639.95,636.62,633.75,631.07,628.20,625.04,622.91,621.27,619.96,619.26,618.74,618.22,617.66,617.08,616.53,615.99,615.42,614.81,614.14,613.51,612.65,611.63,610.57,609.10,607.00,604.66,602.28,599.65,595.56,591.38,587.85,585.36,582.50,579.59,576.77,574.12,571.59,568.81,565.88,562.87,559.78,556.30,552.80,549.65,547.39,545.86,544.90,544.12,543.29,542.46,541.70,540.95,540.28,540.00,540.22,540.38,540.40,540.25,539.58,538.13,536.73,535.73,534.74,533.57,532.37,531.31,530.20,526.70,525.65,525.10,522.94,520.14,514.87,508.31,502.23,499.64,497.91,496.80,495.96,495.21,494.78,494.74,494.44,493.69,493.03,492.41,491.78,491.01,489.90,489.27,488.68,488.09,487.52,486.99,486.48,485.93,485.32,484.75,484.34,483.97,483.60,483.26,482.88,482.55,482.22,481.86,481.55,481.26,480.98,480.70,480.48,480.28,480.20,480.10,479.78,479.10,478.38,477.69,477.05,476.43,475.81,475.22,474.65,474.05,473.43,472.86,472.29,471.75,471.32,471.81,472.68,473.68,474.76,475.84,476.96,478.06,479.41,482.20,486.86,491.73,496.30,500.92,504.18,507.09,509.94,512.56,514.21,514.47,514.21,513.92,513.67,513.37,513.08,512.82,512.68,512.75,512.99,513.25,513.48,513.71,513.99,514.24,514.44,514.67,514.90,515.01,515.06,515.16,515.29,515.38,515.49,515.64,515.80,516.00,516.18,516.34,516.49,516.64,516.81,516.93,516.92,516.94,516.97,517.06,517.21,517.37,517.52,517.63,517.73,517.88,517.97,518.08,518.27,518.55,518.78,519.00,519.23,519.48,519.81,520.92,524.05,528.16,532.01,535.66,539.20,542.81,546.57,550.61,555.37,560.63,565.94,570.46,573.17,575.51,578.03,581.93,590.48,598.13,605.30,612.21,618.73,626.76,633.67,638.59,640.99,642.32,641.81,640.31,638.01,634.59,630.92,626.55,621.67,616.68,610.84,603.90,596.75,590.37,585.76,581.63,577.73,574.00,570.33,566.56
652.32,655.18,657.55,659.09,659.54,658.35,656.08,653.23,650.69,647.80,644.81,641.81,638.71,635.13,632.09,629.18,626.05,622.89,620.87,619.66,618.94,618.37,617.83,617.29,616.74,616.20,615.65,615.12,614.57,614.01,613.39,612.77,612.04,611.19,610.16,608.54,606.58,604.52,602.43,600.14,596.22,592.09,588.49,585.67,582.12,578.38,574.95,572.24,569.92,567.40,564.71,561.89,559.05,555.73,552.61,549.97,548.09,546.99,546.00,545.07,544.29,543.50,542.68,541.88,541.25,541.07,541.08,541.11,541.11,541.04,540.68,539.89,538.79,537.47,536.09,534.73,533.55,532.54,531.55,530.02,528.33,526.36,523.94,521.39,517.43,512.93,508.14,502.99,499.42,497.38,496.16,495.29,495.35,495.44,495.15,494.40,493.63,492.88,492.17,491.33,490.10,489.42,488.74,487.97,487.24,486.84,486.45,485.95,485.34,484.70,484.32,483.96,483.58,483.20,482.82,482.49,482.18,481.86,481.56,481.31,481.06,480.82,480.61,480.50,480.41,480.20,479.72,479.00,478.34,477.74,477.16,476.55,475.93,475.32,474.73,474.17,473.56,472.95,472.34,471.76,471.33,471.90,472.86,473.93,475.01,476.09,477.18,478.29,479.98,484.34,490.92,496.87,501.14,504.44,507.50,510.26,512.59,514.12,514.34,514.12,513.85,513.59,513.30,512.99,512.73,512.55,512.55,512.72,512.95,513.19,513.42,513.65,513.89,514.16,514.43,514.67,514.90,515.04,515.13,515.27,515.36,515.45,515.56,515.71,515.86,516.02,516.18,516.34,516.49,516.65,516.84,517.03,517.15,517.23,517.21,517.25,517.40,517.55,517.71,517.82,517.92,518.06,518.15,518.23,518.38,518.62,518.85,519.03,519.26,519.54,519.90,521.40,524.76,528.89,532.62,536.07,539.39,542.88,546.64,550.64,555.38,560.67,566.01,570.53,573.25,575.59,578.21,582.36,591.11,598.93,605.96,612.39,618.13,625.51,632.65,638.19,640.89,642.01,641.39,639.65,636.96,633.51,629.67,625.09,619.89,614.25,607.82,600.75,593.99,588.36,584.06,580.08,576.29,572.69,569.25,565.80
656.59,658.73,660.30,661.19,660.76,659.06,656.30,652.86,649.85,646.61,643.50,640.44,637.15,633.60,630.32,627.11,623.92,621.18,619.64,618.72,618.08,617.49,616.95,616.40,615.87,615.33,614.78,614.25,613.74,613.25,612.64,612.06,611.39,610.58,609.52,608.06,606.25,604.30,602.25,600.01,596.29,592.22,588.33,584.72,580.87,576.95,573.32,570.47,568.34,565.98,563.43,560.80,558.25,555.63,553.05,550.70,548.95,547.86,546.92,546.04,545.23,544.41,543.54,542.77,542.23,542.03,541.93,541.93,541.91,541.74,541.30,540.55,539.54,538.31,536.90,535.58,534.37,533.26,532.19,531.01,529.36,527.26,524.79,522.34,519.07,515.13,510.51,505.22,500.73,498.10,496.68,495.65,495.13,494.76,494.43,493.99,493.05,492.14,491.44,490.84,490.03,489.20,488.38,487.56,486.75,486.13,485.79,485.50,485.12,484.61,484.23,483.86,483.48,483.10,482.78,482.48,482.19,481.92,481.65,481.41,481.18,480.97,480.83,480.74,480.50,480.14,479.68,479.05,478.43,477.82,477.25,476.67,476.06,475.43,474.83,474.25,473.67,473.06,472.44,471.84,471.36,472.04,473.12,474.23,475.31,476.39,477.47,478.57,480.58,486.88,495.25,501.71,505.38,508.55,511.18,512.83,513.74,514.20,513.97,513.68,513.41,513.13,512.83,512.55,512.43,512.47,512.56,512.73,512.92,513.13,513.37,513.63,513.88,514.13,514.38,514.62,514.85,515.04,515.18,515.30,515.42,515.54,515.65,515.77,515.88,516.02,516.18,516.34,516.49,516.68,516.88,517.05,517.20,517.33,517.39,517.47,517.59,517.74,517.86,517.97,518.09,518.21,518.32,518.41,518.53,518.73,518.92,519.11,519.34,519.60,520.03,522.15,525.82,529.87,533.23,536.38,539.52,543.00,546.93,551.05,555.60,560.80,566.16,570.64,573.40,575.81,578.70,583.30,591.86,599.63,606.49,612.47,617.57,624.52,631.96,638.00,640.70,641.60,640.88,638.88,635.78,632.28,628.03,623.08,617.56,611.46,604.44,597.61,591.49,586.45,582.21,578.47,574.89,571.40,568.13,564.93
660.25,661.63,662.36,662.42,661.18,658.99,655.95,652.30,648.88,645.28,642.02,638.91,635.50,632.04,628.61,625.18,622.00,619.83,618.74,617.99,617.30,616.66,616.10,615.54,615.00,614.45,613.91,613.37,612.90,612.47,611.88,611.33,610.72,609.96,608.91,607.58,605.89,604.02,602.00,599.72,596.15,592.14,588.00,583.69,579.69,575.81,572.20,569.26,567.26,565.11,562.77,560.36,558.08,556.09,553.96,551.78,549.98,548.70,547.79,546.98,546.13,545.27,544.36,543.65,543.21,542.98,542.81,542.75,542.65,542.28,541.67,540.84,539.90,538.85,537.52,536.26,535.02,533.81,532.63,531.40,529.96,528.05,525.59,523.18,520.38,516.40,511.40,506.55,501.67,498.78,497.31,496.15,495.00,494.13,493.64,493.33,492.27,491.25,490.56,490.15,489.74,488.83,487.93,487.09,486.27,485.46,485.13,484.99,484.85,484.51,484.14,483.77,483.40,483.05,482.77,482.48,482.20,481.99,481.75,481.53,481.30,481.09,480.99,480.88,480.50,480.04,479.63,479.11,478.51,477.91,477.32,476.77,476.16,475.56,474.94,474.33,473.77,473.17,472.56,471.95,471.40,472.17,473.33,474.49,475.60,476.70,477.78,479.03,481.73,489.99,499.83,506.53,509.42,512.15,514.00,514.49,514.18,513.86,513.50,513.21,512.95,512.66,512.39,512.20,512.23,512.43,512.59,512.75,512.91,513.09,513.33,513.61,513.86,514.09,514.33,514.57,514.81,515.04,515.22,515.32,515.46,515.61,515.74,515.83,515.92,516.05,516.19,516.34,516.50,516.71,516.90,517.05,517.21,517.36,517.53,517.66,517.76,517.91,518.01,518.13,518.27,518.35,518.50,518.60,518.71,518.86,519.01,519.22,519.45,519.72,520.38,523.15,527.01,530.82,533.80,536.66,539.72,543.27,547.38,551.65,556.01,561.03,566.32,570.77,573.55,576.04,579.26,584.36,592.71,600.37,607.00,612.58,617.22,623.84,631.50,637.88,640.51,641.15,640.23,637.93,634.48,630.86,626.22,620.85,614.92,608.41,601.04,594.55,589.06,584.50,580.32,576.82,573.44,570.11,567.04,564.03
662.13,663.31,663.70,662.73,661.02,658.38,655.20,651.67,647.98,644.05,640.54,637.28,633.83,630.41,627.12,623.79,620.71,619.22,618.23,617.41,616.65,615.93,615.30,614.71,614.12,613.58,613.04,612.50,612.03,611.61,611.06,610.57,610.04,609.42,608.59,607.04,605.37,603.66,601.79,599.43,595.84,591.86,587.72,583.33,579.36,575.71,572.38,569.61,567.58,565.85,564.00,561.92,559.74,557.86,555.79,553.54,551.36,549.69,548.63,547.79,546.93,546.03,545.15,544.54,544.21,543.97,543.76,543.53,543.15,542.43,541.69,540.91,540.06,539.12,537.92,536.69,535.46,534.23,533.01,531.77,530.52,528.80,526.34,523.94,521.39,516.77,510.60,506.14,501.73,499.23,497.99,496.84,495.74,494.67,493.68,492.78,491.81,490.86,490.08,489.49,488.98,488.29,487.53,486.76,486.03,485.31,484.93,484.72,484.58,484.42,484.08,483.76,483.50,483.21,482.81,482.48,482.23,482.04,481.82,481.63,481.40,481.13,480.92,480.68,480.35,479.98,479.57,479.04,478.49,477.93,477.38,476.83,476.23,475.64,475.07,474.45,473.85,473.24,472.64,472.08,471.53,472.22,473.35,474.58,475.83,477.00,478.10,479.98,484.45,494.43,504.94,511.49,513.31,513.84,514.09,513.99,513.68,513.37,513.05,512.74,512.47,512.25,512.12,512.14,512.27,512.43,512.60,512.80,512.98,513.14,513.32,513.56,513.80,514.03,514.27,514.56,514.81,515.04,515.24,515.37,515.47,515.61,515.75,515.89,516.03,516.13,516.23,516.34,516.50,516.71,516.90,517.05,517.21,517.36,517.56,517.74,517.88,518.04,518.18,518.32,518.45,518.54,518.69,518.79,518.89,519.04,519.14,519.34,519.58,520.00,521.31,524.68,528.30,531.51,534.20,536.98,540.13,543.85,548.14,552.55,556.82,561.50,566.43,570.84,573.66,576.23,579.77,585.42,593.77,601.23,607.58,612.88,617.41,623.89,631.47,637.81,640.39,640.64,639.21,636.56,632.93,629.04,624.23,618.38,611.80,604.86,597.83,591.76,586.60,582.30,578.49,575.07,571.83,568.76,566.04,563.14
663.80,664.76,664.75,663.01,660.89,657.95,654.64,651.11,647.06,642.89,639.25,635.97,632.59,629.22,625.97,622.79,620.00,618.80,617.85,616.97,616.13,615.31,614.58,613.90,613.28,612.72,612.17,611.63,611.16,610.75,610.28,609.84,609.36,608.83,608.13,606.70,605.06,603.36,601.53,599.26,595.76,591.96,588.14,584.17,580.55,577.25,574.22,571.51,569.33,567.60,565.88,563.95,561.78,559.77,557.62,555.24,552.69,550.42,549.19,548.44,547.69,546.81,546.00,545.45,545.12,544.70,544.25,543.77,543.17,542.36,541.55,540.79,540.02,539.16,538.13,537.03,535.87,534.66,533.42,532.19,530.98,529.38,527.07,524.66,522.19,517.28,510.43,505.40,501.32,499.14,498.04,496.92,495.86,494.76,493.63,492.55,491.65,490.85,490.17,489.61,489.09,488.36,487.63,486.92,486.23,485.55,485.22,485.06,484.92,484.59,484.24,483.90,483.59,483.27,482.83,482.48,482.24,482.06,481.84,481.64,481.41,481.13,480.87,480.60,480.30,479.95,479.51,478.98,478.44,477.90,477.36,476.82,476.21,475.64,475.08,474.50,473.91,473.32,472.74,472.16,471.61,472.23,473.32,474.58,475.88,477.09,478.27,481.08,488.01,500.53,508.99,513.30,514.36,514.11,513.80,513.51,513.23,512.91,512.57,512.28,512.07,511.99,512.00,512.13,512.30,512.48,512.64,512.83,513.00,513.16,513.35,513.55,513.78,514.01,514.25,514.52,514.76,515.00,515.21,515.39,515.51,515.63,515.76,515.92,516.07,516.19,516.30,516.41,516.54,516.73,516.90,517.05,517.21,517.40,517.59,517.77,517.92,518.08,518.24,518.41,518.57,518.68,518.83,518.96,519.08,519.22,519.31,519.48,519.68,520.35,522.64,526.04,529.32,532.21,534.81,537.49,540.74,544.60,548.98,553.44,557.78,562.31,566.83,570.71,573.49,576.10,580.02,586.39,594.56,601.83,607.98,613.11,617.64,624.22,631.67,637.77,640.13,640.06,637.90,634.73,630.98,626.82,621.89,615.83,609.00,602.03,594.96,589.26,584.50,580.31,576.61,573.21,570.14,567.40,564.88,562.13
665.42,666.12,665.62,663.27,660.83,657.68,654.28,650.64,646.24,641.88,638.18,634.94,631.68,628.38,625.12,622.09,619.66,618.52,617.56,616.63,615.70,614.79,613.92,613.16,612.48,611.86,611.31,610.76,610.30,609.90,609.51,609.11,608.68,608.20,607.58,606.48,604.92,603.19,601.39,599.32,596.04,592.51,589.12,585.78,582.61,579.71,576.98,574.37,571.98,570.02,568.18,566.24,564.01,561.76,559.41,556.87,554.01,551.10,549.65,548.97,548.36,547.56,546.78,546.23,545.79,545.10,544.36,543.62,542.88,542.11,541.29,540.52,539.68,538.75,537.86,536.97,536.00,534.94,533.83,532.63,531.38,529.85,527.78,525.35,522.88,518.06,511.02,504.77,500.78,498.80,497.76,496.68,495.66,494.59,493.52,492.52,491.72,491.10,490.57,490.08,489.62,488.75,488.02,487.37,486.68,486.02,485.79,485.70,485.50,484.88,484.50,484.10,483.67,483.29,482.84,482.48,482.24,482.06,481.84,481.61,481.38,481.12,480.82,480.57,480.29,479.93,479.45,478.92,478.38,477.84,477.30,476.75,476.15,475.57,475.03,474.48,473.94,473.39,472.83,472.22,471.67,472.19,473.24,474.51,475.83,477.08,478.37,482.23,491.79,506.49,511.73,513.13,513.64,513.42,513.19,512.99,512.78,512.46,512.10,511.86,511.76,511.84,511.99,512.14,512.33,512.53,512.69,512.85,513.01,513.18,513.40,513.56,513.78,514.01,514.23,514.47,514.70,514.94,515.17,515.39,515.55,515.66,515.77,515.93,516.07,516.22,516.37,516.51,516.61,516.75,516.90,517.05,517.22,517.44,517.62,517.77,517.92,518.08,518.24,518.43,518.63,518.79,518.94,519.09,519.24,519.38,519.48,519.62,519.84,520.83,524.07,527.25,530.18,532.92,535.53,538.10,541.50,545.51,549.92,554.38,558.81,563.22,567.26,570.28,572.91,575.78,580.28,587.33,595.22,602.26,608.26,613.32,617.94,624.74,632.00,637.67,639.67,639.24,636.33,632.64,628.78,624.41,619.36,613.25,606.48,599.71,592.45,587.02,582.62,578.48,574.74,571.34,568.47,566.03,563.61,560.98
667.40,667.58,666.38,663.56,660.96,657.72,654.25,650.51,645.93,641.39,637.66,634.50,631.31,628.09,624.88,621.93,619.60,618.44,617.44,616.44,615.43,614.45,613.49,612.61,611.81,611.11,610.50,609.95,609.48,609.09,608.70,608.28,607.85,607.42,606.90,606.25,605.06,603.55,601.91,600.20,597.41,594.26,591.09,588.02,584.97,582.35,580.01,577.74,575.36,573.13,570.88,568.55,566.25,563.76,561.10,558.30,555.33,552.33,550.36,549.25,548.69,548.04,547.05,546.17,545.46,544.57,543.69,542.97,542.33,541.65,540.91,539.94,538.50,536.76,535.73,535.12,534.74,534.47,534.05,533.08,531.75,530.25,528.49,526.05,523.56,519.79,513.88,505.66,500.83,498.62,497.56,496.49,495.42,494.35,493.38,492.63,492.15,491.63,490.99,490.33,489.82,489.11,488.48,487.86,487.20,486.69,486.48,486.19,485.68,484.97,484.54,484.15,483.73,483.30,482.88,482.51,482.24,482.06,481.84,481.61,481.35,481.07,480.81,480.53,480.23,479.87,479.39,478.86,478.32,477.77,477.23,476.69,476.08,475.51,474.97,474.43,473.89,473.35,472.80,472.24,471.76,472.09,473.08,474.46,475.83,477.17,478.49,483.19,494.35,507.21,510.88,511.38,511.65,511.72,511.97,512.23,512.29,511.98,511.69,511.62,511.69,511.83,512.03,512.20,512.36,512.54,512.69,512.89,513.06,513.23,513.41,513.56,513.78,513.99,514.18,514.40,514.64,514.90,515.16,515.39,515.55,515.69,515.82,515.97,516.08,516.23,516.38,516.53,516.66,516.81,516.93,517.05,517.22,517.44,517.62,517.77,517.92,518.08,518.28,518.47,518.64,518.80,518.95,519.11,519.26,519.41,519.54,519.69,520.28,521.81,525.00,528.15,531.00,533.66,536.28,538.84,542.57,546.83,551.22,555.59,559.81,563.76,567.01,568.91,571.09,575.41,581.35,588.42,595.97,602.64,608.46,613.57,618.46,625.58,632.42,637.25,638.45,637.33,634.23,630.47,626.51,622.12,616.83,610.82,604.44,597.93,590.88,585.38,580.93,576.93,573.16,569.81,567.01,564.61,562.18,559.38
669.31,669.05,667.41,664.38,661.50,658.12,654.55,650.76,646.19,641.47,637.69,634.59,631.46,628.32,625.16,622.17,619.74,618.52,617.48,616.42,615.36,614.33,613.32,612.33,611.38,610.53,609.80,609.17,608.67,608.28,607.87,607.43,607.01,606.60,606.16,605.76,604.97,603.85,602.49,601.01,598.83,596.13,593.14,590.19,587.29,584.84,582.71,580.65,578.43,576.01,573.40,570.68,568.14,565.39,562.46,559.44,556.43,553.44,551.07,549.58,549.02,548.48,547.24,545.93,544.80,543.88,542.95,542.24,541.65,541.00,540.07,538.74,536.82,534.58,533.34,532.99,533.07,533.33,533.51,533.03,531.97,530.67,529.16,526.76,524.28,521.32,516.34,506.67,500.95,498.43,497.35,496.27,495.18,494.24,493.52,493.05,492.73,492.17,491.43,490.63,490.01,489.41,488.87,488.29,487.64,487.16,486.82,486.34,485.65,484.97,484.54,484.16,483.75,483.31,482.90,482.52,482.24,482.06,481.84,481.59,481.32,481.04,480.78,480.50,480.19,479.82,479.33,478.79,478.25,477.71,477.17,476.63,476.02,475.45,474.92,474.39,473.88,473.36,472.85,472.35,471.91,471.95,472.79,474.19,475.58,476.99,478.42,483.95,496.50,507.40,510.12,510.27,510.44,510.67,511.11,511.53,511.74,511.57,511.44,511.52,511.69,511.86,512.06,512.23,512.39,512.56,512.72,512.93,513.10,513.26,513.43,513.59,513.79,513.97,514.14,514.37,514.61,514.87,515.14,515.37,515.55,515.71,515.86,516.01,516.11,516.25,516.40,516.54,516.69,516.85,516.96,517.08,517.24,517.45,517.62,517.77,517.92,518.09,518.30,518.49,518.64,518.80,518.95,519.12,519.29,519.45,519.60,519.75,520.72,522.76,525.85,528.95,531.77,534.41,537.06,539.81,543.81,548.21,552.57,556.83,560.63,563.95,566.54,568.00,570.11,575.70,582.75,589.74,596.84,603.10,608.76,614.01,619.26,626.49,632.42,636.04,636.65,635.10,631.98,628.27,624.25,619.87,614.49,608.76,602.82,596.44,589.65,584.06,579.46,575.53,571.72,568.41,565.58,563.08,560.53,557.55
671.05,670.49,668.79,665.89,662.57,658.91,655.22,651.45,647.10,642.23,638.34,635.25,632.20,629.12,625.97,622.84,620.10,618.79,617.69,616.62,615.53,614.47,613.45,612.37,611.24,610.16,609.25,608.48,607.89,607.48,607.02,606.61,606.17,605.74,605.35,604.95,604.54,603.94,602.97,601.57,600.09,597.91,595.06,592.10,589.43,587.06,584.88,582.83,580.88,578.42,575.56,572.49,569.53,566.51,563.38,560.24,557.24,554.31,551.75,550.04,549.42,548.90,547.45,545.62,543.95,543.15,542.26,541.48,540.82,540.09,538.62,536.75,534.60,532.37,530.85,530.73,531.03,531.45,532.01,532.34,531.94,531.08,529.75,527.42,524.94,522.29,517.71,507.54,501.02,498.18,497.10,496.03,494.97,494.34,494.04,493.87,493.43,492.69,491.86,491.02,490.23,489.63,489.12,488.58,487.95,487.30,486.67,486.05,485.43,484.88,484.52,484.16,483.75,483.31,482.91,482.52,482.23,482.06,481.83,481.55,481.28,481.02,480.73,480.48,480.19,479.80,479.27,478.73,478.19,477.65,477.11,476.57,475.96,475.40,474.88,474.41,473.93,473.46,473.02,472.60,472.14,471.82,472.35,473.63,475.03,476.49,478.12,484.49,498.32,507.82,510.12,510.27,510.43,510.60,510.81,511.01,511.17,511.27,511.37,511.56,511.75,511.91,512.07,512.23,512.42,512.62,512.78,512.94,513.10,513.28,513.49,513.65,513.81,513.98,514.14,514.37,514.60,514.84,515.07,515.31,515.53,515.71,515.86,516.02,516.16,516.31,516.43,516.54,516.69,516.85,516.99,517.14,517.30,517.46,517.62,517.77,517.93,518.09,518.30,518.49,518.64,518.80,518.96,519.15,519.35,519.50,519.66,519.81,521.06,523.56,526.69,529.69,532.50,535.17,537.89,541.06,545.22,549.62,553.92,558.03,561.20,563.78,565.94,567.85,570.52,576.87,584.44,591.32,597.86,603.69,609.23,614.70,620.40,627.46,631.92,633.96,634.31,632.67,629.66,626.03,622.02,617.68,612.46,607.17,601.66,595.19,588.71,583.05,578.27,574.30,570.45,567.12,564.15,561.40,558.61,555.47
672.44,671.59,669.90,667.31,663.65,659.80,656.07,652.43,648.56,643.70,639.51,636.12,633.11,630.06,626.93,623.79,620.97,619.24,618.04,616.93,615.81,614.69,613.64,612.53,611.34,610.15,609.22,608.45,607.75,607.08,606.38,605.81,605.33,604.92,604.54,604.19,603.84,603.40,602.76,601.79,600.55,598.55,595.87,593.12,590.53,588.22,586.09,584.02,582.03,579.63,576.76,573.46,570.10,566.95,563.82,560.73,557.89,555.41,553.15,551.34,550.19,549.38,547.69,545.60,543.58,542.24,541.40,540.50,539.36,537.90,536.02,534.15,531.69,528.68,526.69,526.69,527.71,529.16,530.55,531.20,531.30,530.92,529.74,527.02,524.06,520.53,515.50,507.46,500.97,497.93,496.88,495.93,495.32,495.04,494.86,494.60,493.96,493.14,492.30,491.44,490.55,489.72,489.00,488.34,487.69,487.03,486.38,485.74,485.17,484.75,484.42,484.09,483.73,483.34,482.92,482.52,482.22,482.02,481.79,481.52,481.25,480.98,480.71,480.44,480.14,479.75,479.21,478.67,478.13,477.59,477.05,476.51,476.01,475.50,475.02,474.56,474.13,473.67,473.25,472.84,472.38,471.96,472.16,473.07,474.49,476.19,478.09,485.02,499.59,508.16,510.14,510.27,510.43,510.58,510.74,510.91,511.10,511.25,511.40,511.59,511.76,511.93,512.12,512.28,512.45,512.63,512.79,512.98,513.15,513.32,513.51,513.66,513.85,514.02,514.18,514.38,514.57,514.78,515.03,515.30,515.53,515.73,515.90,516.02,516.17,516.33,516.46,516.58,516.70,516.85,517.00,517.15,517.31,517.46,517.62,517.77,517.94,518.13,518.32,518.49,518.64,518.80,518.99,519.19,519.36,519.51,519.67,519.83,521.30,524.13,527.33,530.50,533.46,536.23,539.02,542.46,546.66,550.96,555.06,558.99,561.68,563.87,565.95,568.36,572.26,578.81,586.15,592.96,599.27,604.75,610.11,615.70,621.71,628.11,631.88,633.28,632.95,631.26,627.92,624.05,620.16,616.20,611.19,606.05,600.60,593.98,587.60,582.03,577.32,573.43,569.58,566.04,562.74,559.59,556.35,553.01
673.62,672.46,670.82,668.55,664.70,660.73,656.99,653.51,650.09,645.39,640.92,637.15,634.12,631.07,627.96,624.88,622.03,619.83,618.49,617.36,616.20,615.03,613.91,612.76,611.56,610.32,609.39,608.64,607.84,606.91,605.99,605.22,604.61,604.11,603.70,603.36,602.98,602.59,602.18,601.72,600.63,598.73,596.23,593.72,591.21,588.95,586.85,584.74,582.63,580.29,577.41,573.93,570.30,567.13,564.17,561.34,558.77,556.75,554.82,552.94,551.24,549.95,547.75,545.35,543.08,541.12,539.99,538.74,537.09,535.02,532.83,530.87,528.22,524.82,522.51,522.47,524.06,526.47,528.64,529.54,530.04,530.03,528.86,525.68,522.10,517.58,512.12,506.46,500.66,497.76,496.80,496.10,495.96,495.92,495.73,495.25,494.43,493.56,492.69,491.80,490.85,489.79,488.85,488.03,487.31,486.64,486.01,485.42,484.89,484.59,484.28,483.98,483.68,483.35,482.92,482.52,482.20,481.97,481.73,481.49,481.22,480.93,480.69,480.40,480.10,479.70,479.15,478.62,478.09,477.57,477.05,476.53,476.10,475.67,475.21,474.77,474.37,473.92,473.49,473.08,472.63,472.17,472.06,472.57,474.09,476.03,478.14,485.49,500.63,508.43,510.17,510.28,510.43,510.59,510.75,510.94,511.15,511.31,511.47,511.63,511.78,511.94,512.16,512.34,512.50,512.65,512.81,513.02,513.20,513.36,513.52,513.68,513.88,514.07,514.23,514.39,514.55,514.74,514.98,515.28,515.51,515.75,515.92,516.02,516.17,516.33,516.48,516.62,516.72,516.86,517.01,517.15,517.31,517.46,517.62,517.77,517.94,518.15,518.32,518.48,518.64,518.81,519.02,519.20,519.36,519.51,519.67,519.83,521.49,524.63,527.88,531.26,534.43,537.38,540.32,543.94,548.11,552.24,556.10,559.70,561.94,563.97,566.20,569.07,574.25,580.92,587.96,594.64,600.68,605.83,611.05,616.81,623.11,628.75,632.06,633.10,632.02,630.10,626.36,622.23,618.42,614.83,610.08,605.02,599.51,592.79,586.56,581.13,576.54,572.71,568.84,565.08,561.36,557.66,553.92,550.08
674.46,672.94,671.34,669.30,665.60,661.66,657.99,654.65,651.36,647.18,642.67,638.49,635.36,632.18,629.08,626.09,623.26,620.72,619.22,618.04,616.87,615.65,614.40,613.20,612.01,610.79,609.74,608.91,608.08,607.14,606.17,605.27,604.27,603.33,602.78,602.33,601.90,601.45,601.09,601.07,600.20,598.46,596.15,593.83,591.47,589.24,587.08,584.87,582.67,580.19,577.19,573.65,570.06,567.10,564.67,562.54,560.49,558.59,556.72,554.82,552.83,550.68,547.25,544.15,541.81,539.53,536.98,534.74,532.84,531.10,528.73,526.01,523.61,521.67,519.72,519.20,520.45,522.86,525.26,526.65,527.41,527.35,525.82,522.29,518.07,513.30,508.18,503.38,499.72,497.85,497.16,496.98,496.99,496.87,496.46,495.71,494.86,493.92,492.95,491.98,490.98,489.91,488.91,487.95,487.05,486.24,485.58,485.05,484.65,484.39,484.09,483.82,483.55,483.24,482.90,482.52,482.20,481.96,481.67,481.43,481.15,480.87,480.63,480.38,480.10,479.68,479.10,478.61,478.13,477.67,477.24,476.76,476.31,475.89,475.46,475.01,474.62,474.17,473.72,473.28,472.87,472.42,472.06,472.27,474.04,476.11,478.26,485.84,501.41,508.60,510.21,510.32,510.44,510.65,510.81,510.98,511.16,511.37,511.53,511.69,511.84,512.00,512.17,512.38,512.56,512.72,512.87,513.04,513.20,513.38,513.58,513.74,513.91,514.07,514.24,514.45,514.62,514.78,514.97,515.22,515.46,515.69,515.88,516.02,516.17,516.33,516.48,516.63,516.77,516.92,517.04,517.15,517.31,517.46,517.62,517.77,517.93,518.10,518.25,518.44,518.64,518.80,518.97,519.17,519.36,519.51,519.67,519.83,521.69,525.12,528.38,531.81,535.24,538.59,541.90,545.61,549.50,553.36,556.95,559.88,561.60,563.85,566.69,569.88,575.80,582.89,589.99,596.40,601.78,606.58,611.83,617.94,624.73,629.63,632.53,633.31,631.54,628.87,624.85,620.64,616.80,613.19,608.81,603.91,598.33,591.66,585.84,580.63,576.05,572.09,568.16,564.27,560.03,555.53,551.25,545.99
674.98,673.19,671.51,669.60,666.10,662.24,658.63,655.38,652.13,648.26,643.99,639.84,636.49,633.13,629.95,627.01,624.37,621.86,620.16,618.85,617.67,616.47,615.22,613.95,612.65,611.34,610.10,609.19,608.32,607.35,606.31,605.14,603.83,602.65,602.07,601.57,601.08,600.41,599.70,599.82,599.21,597.93,596.11,593.89,591.73,589.58,587.31,584.83,582.38,579.76,576.86,573.70,570.59,568.06,565.98,564.13,562.30,560.46,558.44,556.27,553.90,551.07,546.88,543.00,539.95,537.35,535.01,533.41,532.34,531.27,529.33,526.59,524.22,522.50,520.36,518.55,517.84,518.69,521.57,523.27,524.05,523.75,521.85,518.17,513.71,508.90,504.29,501.06,499.33,498.43,498.02,497.96,497.95,497.62,496.98,496.07,495.15,494.17,493.15,492.12,491.11,490.04,489.01,488.00,487.01,486.07,485.31,484.79,484.47,484.21,483.93,483.68,483.43,483.12,482.81,482.47,482.16,481.92,481.65,481.38,481.11,480.83,480.58,480.34,480.06,479.65,479.08,478.63,478.18,477.74,477.31,476.85,476.38,475.95,475.52,475.07,474.64,474.21,473.77,473.31,472.89,472.44,472.00,472.12,473.88,476.18,478.43,486.20,502.14,508.77,510.22,510.35,510.49,510.71,510.88,511.03,511.20,511.39,511.55,511.73,511.90,512.05,512.22,512.41,512.58,512.75,512.92,513.08,513.24,513.41,513.61,513.76,513.94,514.11,514.27,514.47,514.63,514.81,515.00,515.20,515.43,515.66,515.88,516.05,516.21,516.34,516.48,516.63,516.79,516.94,517.07,517.19,517.35,517.50,517.63,517.77,517.92,518.08,518.24,518.43,518.64,518.80,518.95,519.14,519.33,519.51,519.67,519.83,521.81,525.46,528.87,532.43,536.02,539.63,543.28,547.03,550.40,553.81,557.15,559.41,561.19,563.83,567.28,571.36,577.75,584.99,591.98,598.03,603.04,607.79,613.06,619.26,626.35,630.49,632.75,633.14,631.01,627.75,623.46,619.18,615.36,611.71,607.38,602.38,596.73,590.41,585.10,580.16,575.58,571.46,567.39,563.40,558.76,553.52,548.41,543.02
675.23,673.23,671.36,669.42,666.14,662.42,658.90,655.71,652.45,648.76,644.88,641.01,637.42,633.86,630.57,627.72,625.39,623.14,621.23,619.75,618.58,617.39,616.19,614.84,613.39,611.95,610.51,609.48,608.52,607.47,606.32,604.83,603.29,602.04,601.50,600.95,600.36,599.38,598.14,598.16,597.80,597.10,595.92,593.87,591.99,589.97,587.62,584.84,582.09,579.38,576.72,574.16,571.71,569.69,567.81,565.97,564.18,562.33,560.03,557.42,554.54,551.18,546.59,542.00,538.08,535.34,534.27,534.26,534.49,534.16,532.86,530.47,527.97,525.68,522.99,519.61,516.17,514.55,517.57,519.35,519.97,519.40,517.27,513.66,509.29,504.77,500.97,499.61,499.66,499.67,499.45,499.19,498.85,498.20,497.34,496.35,495.35,494.35,493.31,492.25,491.23,490.16,489.13,488.13,487.11,486.05,485.16,484.62,484.35,484.06,483.81,483.57,483.31,483.00,482.69,482.38,482.10,481.87,481.63,481.35,481.08,480.82,480.53,480.29,480.00,479.60,479.08,478.66,478.21,477.75,477.30,476.83,476.37,475.91,475.45,474.99,474.53,474.11,473.69,473.23,472.77,472.33,471.95,472.06,473.60,476.14,478.66,486.72,502.87,508.93,510.23,510.38,510.54,510.76,510.93,511.09,511.25,511.41,511.56,511.76,511.96,512.11,512.27,512.43,512.59,512.76,512.97,513.14,513.30,513.45,513.62,513.77,513.97,514.17,514.32,514.49,514.64,514.84,515.04,515.21,515.43,515.66,515.88,516.10,516.26,516.37,516.49,516.64,516.79,516.94,517.10,517.25,517.40,517.55,517.66,517.78,517.93,518.09,518.24,518.43,518.63,518.80,518.95,519.11,519.30,519.50,519.67,519.83,521.87,525.65,529.36,533.13,536.82,540.57,544.51,548.24,551.02,553.90,556.92,558.64,560.87,563.99,568.03,573.28,579.98,587.15,593.89,599.59,604.44,609.34,614.65,620.76,627.88,631.32,632.82,632.72,630.45,626.70,622.15,617.83,614.04,610.31,605.82,600.63,594.93,589.12,584.31,579.63,575.05,570.74,566.53,562.47,557.57,551.71,545.70,540.95
674.88,672.78,670.59,668.07,665.05,661.67,658.34,655.17,651.95,648.47,644.87,641.22,637.53,633.79,630.66,628.23,626.38,624.36,622.38,620.84,619.63,618.28,616.88,615.44,613.99,612.57,611.10,609.84,608.60,607.27,605.79,604.20,602.65,601.43,600.92,600.30,599.29,597.96,596.61,596.20,595.82,595.38,594.77,593.63,592.23,590.48,588.30,585.58,582.85,580.41,578.11,575.85,573.58,571.63,569.78,567.93,566.10,564.21,561.52,558.22,554.54,550.87,546.27,541.76,538.09,536.29,536.94,538.02,538.64,538.20,536.70,534.28,531.49,528.50,525.14,521.36,516.45,512.35,512.90,513.94,514.38,513.94,512.31,509.35,505.60,502.45,500.56,500.37,502.10,502.88,502.50,501.40,499.68,498.51,497.53,496.49,495.48,494.48,493.43,492.37,491.36,490.29,489.26,488.24,487.18,486.10,485.20,484.63,484.34,484.04,483.79,483.53,483.24,482.93,482.62,482.31,482.04,481.81,481.57,481.32,481.07,480.82,480.52,480.28,479.97,479.54,479.01,478.52,478.05,477.61,477.19,476.72,476.26,475.79,475.34,474.87,474.41,473.96,473.51,473.06,472.65,472.31,472.00,471.98,473.05,475.58,479.13,488.01,503.68,509.10,510.25,510.44,510.60,510.78,510.94,511.12,511.31,511.47,511.62,511.79,511.97,512.13,512.33,512.49,512.64,512.81,512.99,513.14,513.33,513.51,513.68,513.82,514.00,514.17,514.34,514.54,514.70,514.87,515.05,515.21,515.43,515.63,515.83,516.06,516.26,516.40,516.54,516.68,516.80,516.94,517.10,517.25,517.41,517.56,517.69,517.83,517.99,518.14,518.29,518.44,518.60,518.79,518.95,519.11,519.27,519.46,519.66,519.83,521.79,525.61,529.88,533.87,537.71,541.58,545.57,549.18,551.77,554.17,556.60,558.46,561.17,564.83,569.48,575.42,582.38,589.26,595.59,601.13,606.11,611.19,616.61,622.57,628.99,631.93,632.82,632.25,629.92,625.63,620.97,616.65,612.78,608.73,604.20,599.01,593.43,587.99,583.29,578.66,574.05,569.60,565.47,561.39,556.55,550.70,544.34,539.97
673.91,671.66,669.14,666.16,663.19,660.01,656.88,653.89,650.76,647.38,643.99,640.50,636.70,632.93,630.10,628.00,626.40,624.73,622.98,621.52,620.18,618.30,616.60,615.21,614.01,612.86,611.48,609.99,608.47,606.88,605.16,603.51,602.00,600.80,600.14,599.27,597.91,596.34,594.95,594.35,593.99,593.72,593.44,592.96,591.94,590.50,588.68,586.38,583.85,581.63,579.66,577.74,575.57,573.64,571.77,569.92,568.04,565.98,562.94,559.18,555.09,551.18,546.82,542.62,539.25,537.82,539.25,541.08,542.08,541.47,539.98,537.71,534.76,531.17,527.22,523.09,517.43,511.84,510.02,510.00,510.14,509.79,508.55,506.30,503.71,502.17,502.07,503.09,505.61,506.70,506.15,504.22,500.99,499.06,497.80,496.69,495.64,494.61,493.56,492.49,491.46,490.38,489.30,488.21,487.09,486.01,485.17,484.63,484.31,484.01,483.75,483.46,483.15,482.84,482.54,482.24,481.98,481.75,481.53,481.31,481.06,480.80,480.52,480.26,479.92,479.48,478.94,478.40,477.90,477.45,477.04,476.59,476.13,475.67,475.21,474.75,474.28,473.82,473.37,472.96,472.59,472.32,472.04,471.95,472.69,475.27,480.13,490.03,504.96,509.37,510.29,510.48,510.65,510.80,510.97,511.15,511.35,511.50,511.67,511.84,511.99,512.15,512.36,512.53,512.69,512.86,513.01,513.17,513.36,513.56,513.71,513.88,514.04,514.20,514.36,514.57,514.74,514.90,515.07,515.23,515.44,515.61,515.80,516.03,516.25,516.42,516.58,516.72,516.82,516.97,517.11,517.25,517.41,517.56,517.72,517.87,518.02,518.18,518.34,518.46,518.59,518.79,518.95,519.11,519.26,519.43,519.63,519.81,521.80,525.75,530.46,534.62,538.61,542.61,546.60,550.01,552.48,554.60,556.66,558.70,561.90,566.06,571.17,577.59,584.83,591.69,597.83,603.14,608.12,613.18,618.66,624.50,629.97,632.48,632.83,631.76,629.25,624.55,619.78,615.42,611.38,607.02,602.42,597.23,591.74,586.68,582.03,577.42,572.85,568.46,564.45,560.30,555.50,549.81,543.30,539.10
672.07,669.62,666.77,663.63,660.45,657.18,654.28,651.71,648.67,645.23,641.95,638.60,634.64,631.08,628.66,626.75,625.03,623.90,622.73,621.53,619.90,617.01,614.91,613.79,613.21,612.64,611.46,609.81,608.05,606.29,604.48,602.82,601.36,600.12,599.06,597.68,596.13,594.51,593.12,592.68,592.51,592.33,592.08,591.69,590.87,589.75,588.47,587.00,584.89,582.79,581.08,579.62,577.57,575.62,573.74,571.88,569.97,567.60,564.29,560.49,556.55,552.52,548.62,544.92,541.63,539.52,540.31,542.46,544.02,543.39,542.38,540.59,537.72,533.71,529.33,524.66,519.02,513.35,509.90,508.55,508.23,507.82,506.66,505.08,504.31,504.50,505.76,508.16,510.15,510.96,510.31,507.65,503.03,500.01,498.17,496.96,495.81,494.72,493.64,492.57,491.50,490.42,489.22,487.96,486.77,485.70,485.00,484.56,484.25,483.94,483.64,483.34,483.03,482.72,482.41,482.15,481.91,481.70,481.52,481.30,481.04,480.75,480.50,480.22,479.86,479.42,478.87,478.33,477.80,477.31,476.87,476.46,476.01,475.54,475.09,474.62,474.16,473.69,473.29,472.96,472.64,472.34,472.07,472.00,472.71,475.50,481.97,493.01,506.89,509.82,510.31,510.50,510.71,510.87,511.02,511.19,511.35,511.51,511.72,511.90,512.05,512.21,512.37,512.53,512.72,512.92,513.07,513.24,513.39,513.56,513.72,513.93,514.10,514.26,514.42,514.58,514.74,514.93,515.13,515.29,515.45,515.61,515.80,516.03,516.25,516.42,516.58,516.73,516.88,517.03,517.14,517.25,517.41,517.56,517.72,517.87,518.02,518.18,518.34,518.48,518.63,518.80,518.95,519.11,519.26,519.42,519.58,519.79,521.97,526.22,531.12,535.35,539.51,543.67,547.61,550.72,553.10,555.23,557.30,559.43,563.14,567.71,573.07,579.78,587.30,594.61,600.89,605.82,610.58,615.31,620.77,626.57,630.89,633.02,632.89,631.27,628.39,623.47,618.59,614.07,609.78,605.14,600.44,595.15,589.71,585.10,580.48,575.85,571.42,567.38,563.53,559.20,554.41,548.94,542.42,538.15
668.22,665.38,662.30,659.07,656.11,653.11,650.33,647.71,644.64,641.19,637.61,634.07,630.80,628.27,626.58,625.05,623.45,622.47,621.58,619.89,617.18,613.78,611.91,611.39,611.43,611.26,610.35,608.76,607.00,605.27,603.54,601.86,600.39,599.05,597.59,595.93,594.25,592.62,591.25,590.82,590.69,590.57,590.33,589.77,588.62,587.42,586.40,585.60,584.46,583.09,581.79,580.47,578.59,576.78,574.95,573.11,571.27,569.29,566.21,562.53,558.70,554.84,551.13,547.56,544.19,541.50,541.82,544.05,546.03,545.82,544.88,542.85,539.87,535.98,531.38,526.53,521.00,515.20,510.47,508.52,507.63,506.87,506.04,506.02,507.11,508.79,510.87,513.24,514.68,515.04,513.85,510.25,505.12,500.89,498.08,496.54,495.04,493.79,492.71,491.74,490.73,489.70,488.50,487.22,486.04,485.26,484.80,484.45,484.14,483.84,483.56,483.26,482.96,482.64,482.33,482.08,481.85,481.63,481.43,481.24,481.00,480.73,480.46,480.19,479.82,479.35,478.81,478.27,477.70,477.18,476.72,476.29,475.84,475.39,474.96,474.50,474.03,473.63,473.27,472.96,472.65,472.35,472.10,472.31,474.02,477.62,486.84,498.65,508.39,510.08,510.37,510.54,510.73,510.88,511.07,511.24,511.40,511.56,511.74,511.91,512.08,512.26,512.43,512.57,512.75,512.93,513.09,513.28,513.45,513.60,513.76,513.95,514.12,514.29,514.48,514.63,514.78,514.96,515.14,515.30,515.49,515.66,515.83,516.02,516.22,516.41,516.58,516.74,516.89,517.05,517.17,517.30,517.45,517.62,517.76,517.90,518.02,518.18,518.34,518.49,518.64,518.80,518.95,519.11,519.26,519.41,519.57,519.79,522.11,526.64,531.90,536.30,540.53,544.74,548.65,551.44,553.71,555.86,558.04,560.55,564.65,569.71,575.51,582.39,590.09,597.43,603.64,608.42,613.01,617.68,623.18,628.91,632.70,634.42,633.55,631.04,627.47,622.22,617.37,612.79,608.18,603.25,598.25,592.99,587.78,583.21,578.59,573.93,569.62,565.95,562.40,558.26,553.57,548.11,541.58,537.53
663.49,660.25,656.98,653.71,650.95,648.22,645.45,642.60,639.50,636.22,632.46,628.80,626.36,624.88,623.89,622.76,621.24,619.81,619.00,617.00,613.67,610.34,608.87,608.89,609.40,609.48,608.78,607.36,605.71,604.02,602.39,600.76,599.31,597.89,596.19,594.37,592.60,590.90,589.42,588.71,588.48,588.36,588.09,587.33,585.88,584.65,583.87,583.57,583.33,582.72,581.79,580.51,578.81,577.17,575.52,573.84,572.18,570.67,567.91,564.41,560.69,557.06,553.46,549.93,546.46,543.33,543.44,545.72,548.01,548.28,547.32,544.85,541.69,538.00,533.27,528.34,522.92,517.06,511.35,508.93,507.55,506.62,506.48,508.17,510.88,513.61,515.99,517.84,518.78,518.71,517.01,512.75,507.20,501.81,497.93,495.91,494.01,492.55,491.46,490.59,489.67,488.67,487.50,486.30,485.28,484.85,484.58,484.32,484.03,483.72,483.47,483.19,482.88,482.57,482.27,482.02,481.79,481.56,481.33,481.16,480.96,480.71,480.42,480.17,479.78,479.29,478.75,478.21,477.62,477.07,476.59,476.13,475.66,475.24,474.82,474.38,473.93,473.58,473.27,472.96,472.66,472.36,472.21,472.89,475.92,481.21,492.80,504.42,509.56,510.29,510.44,510.60,510.76,510.91,511.12,511.30,511.46,511.62,511.76,511.92,512.11,512.31,512.47,512.63,512.79,512.95,513.11,513.32,513.50,513.66,513.82,513.98,514.13,514.32,514.52,514.68,514.84,515.00,515.16,515.32,515.53,515.71,515.87,516.03,516.19,516.39,516.58,516.74,516.89,517.05,517.20,517.35,517.51,517.66,517.81,517.94,518.04,518.20,518.35,518.50,518.65,518.80,518.95,519.11,519.26,519.41,519.57,519.79,522.31,527.22,532.72,537.27,541.55,545.74,549.59,552.11,554.31,556.48,558.82,561.85,566.37,571.87,578.11,585.20,593.05,600.24,606.27,611.02,615.49,620.22,625.66,631.15,634.63,636.10,634.48,630.96,626.59,621.01,616.14,611.45,606.50,601.25,595.87,590.68,585.77,581.17,576.53,571.94,567.84,564.49,561.21,557.33,552.75,547.28,540.80,536.95
657.78,654.27,650.92,647.64,644.69,641.81,638.79,635.63,632.53,630.04,626.87,623.60,621.71,620.50,619.85,618.97,617.09,613.65,612.58,611.59,609.94,608.11,606.99,607.00,607.48,607.59,606.77,605.61,604.16,602.48,600.87,599.46,598.13,596.80,595.38,593.64,591.79,589.82,587.75,585.94,585.34,585.03,584.59,583.85,582.70,581.98,581.64,581.47,581.34,580.95,580.16,578.93,577.40,575.84,574.63,573.62,572.33,570.89,568.31,565.02,561.48,557.96,554.49,551.05,547.60,544.42,545.02,547.49,549.84,550.33,549.43,546.65,543.22,539.45,534.71,529.66,524.29,518.53,512.58,509.39,507.89,507.71,509.16,512.23,515.75,518.30,519.70,520.87,521.48,521.12,519.48,515.72,509.26,502.88,498.07,495.22,493.00,491.33,490.13,489.25,488.41,487.38,486.21,485.26,484.85,484.62,484.39,484.18,483.96,483.66,483.36,483.07,482.75,482.45,482.20,481.96,481.73,481.50,481.27,481.10,480.90,480.66,480.41,480.13,479.72,479.23,478.69,478.15,477.59,477.02,476.47,476.00,475.53,475.09,474.65,474.25,473.90,473.58,473.27,472.97,472.72,472.42,472.63,474.06,478.50,487.88,499.34,507.95,510.04,510.41,510.57,510.72,510.88,511.03,511.20,511.37,511.52,511.67,511.83,511.99,512.15,512.32,512.47,512.67,512.85,513.01,513.16,513.34,513.50,513.67,513.88,514.03,514.20,514.36,514.53,514.68,514.89,515.06,515.22,515.38,515.55,515.71,515.88,516.09,516.25,516.42,516.58,516.74,516.89,517.05,517.20,517.35,517.51,517.66,517.82,517.96,518.10,518.25,518.41,518.56,518.70,518.81,518.95,519.11,519.26,519.41,519.57,519.79,522.80,528.34,533.54,538.16,542.43,546.48,550.13,552.62,554.82,557.00,559.55,563.38,568.45,574.25,580.72,588.21,596.28,603.11,608.80,613.64,618.20,623.07,628.10,632.82,636.09,637.82,635.71,631.18,625.91,620.05,614.93,609.92,604.58,598.90,593.13,587.99,583.39,578.91,574.25,570.09,566.47,563.28,560.03,556.26,551.78,546.42,540.21,536.15
652.26,648.42,644.83,641.85,639.04,636.32,633.64,631.02,628.50,626.59,623.72,620.55,618.75,617.17,615.85,614.47,612.55,609.38,608.33,607.74,606.88,605.79,605.07,605.13,605.56,605.67,604.78,603.73,602.46,600.95,599.50,598.23,596.97,595.69,594.41,592.86,591.03,588.84,586.23,583.64,582.31,581.42,580.62,579.82,578.86,578.28,578.00,577.86,577.89,577.71,577.19,576.37,575.47,574.13,573.22,572.62,571.60,570.03,567.51,564.42,561.05,557.48,554.02,550.74,547.72,545.48,546.77,549.20,551.25,551.73,550.64,547.79,544.24,540.32,535.65,530.66,525.35,519.64,513.73,510.04,509.32,510.72,513.64,516.98,520.23,522.20,522.92,523.59,523.73,522.93,521.20,517.97,511.39,504.42,498.88,495.31,492.38,490.33,488.97,488.01,487.15,486.22,485.33,484.73,484.57,484.39,484.19,484.02,483.83,483.55,483.28,482.98,482.67,482.37,482.13,481.89,481.66,481.43,481.20,481.01,480.81,480.60,480.37,480.10,479.67,479.17,478.63,478.08,477.54,476.98,476.40,475.88,475.41,474.97,474.56,474.20,473.89,473.58,473.26,472.94,472.68,472.60,473.61,476.61,483.42,493.84,503.66,509.77,510.40,510.61,510.77,510.92,511.07,511.23,511.41,511.58,511.73,511.88,512.04,512.19,512.35,512.50,512.66,512.85,513.03,513.18,513.34,513.49,513.65,513.82,514.01,514.17,514.35,514.52,514.67,514.83,515.03,515.20,515.36,515.51,515.66,515.82,516.00,516.19,516.35,516.52,516.66,516.77,516.93,517.08,517.24,517.39,517.54,517.70,517.85,518.00,518.16,518.31,518.45,518.59,518.73,518.84,518.99,519.14,519.30,519.45,519.62,520.24,523.68,529.43,534.34,538.93,543.17,547.09,550.53,552.94,555.19,557.45,560.18,564.69,570.36,576.67,583.53,591.20,599.10,605.70,611.30,616.19,620.66,625.37,630.21,634.71,637.76,639.10,636.53,631.36,625.29,619.23,613.70,608.31,602.76,596.91,591.04,585.93,581.43,577.00,572.40,568.51,565.16,562.09,558.85,555.17,550.60,545.10,539.23,535.09
647.65,643.65,639.86,637.42,635.07,632.77,630.80,629.18,627.50,625.93,623.16,619.96,617.86,615.42,612.85,610.52,608.70,607.12,606.12,605.26,604.35,603.41,603.09,603.27,603.63,603.74,602.85,601.75,600.56,599.31,598.16,596.99,595.79,594.56,593.32,592.00,590.21,587.80,584.75,581.65,579.40,577.71,576.43,575.48,574.60,573.90,573.43,573.27,573.49,573.45,573.24,573.01,572.96,571.96,571.24,570.82,570.00,568.24,565.76,562.87,559.65,555.88,552.47,549.56,547.40,546.74,548.68,550.88,552.42,552.66,551.21,548.39,544.83,540.71,536.17,531.37,526.07,520.38,514.86,511.24,511.97,515.24,519.25,522.10,524.35,525.54,525.84,526.10,525.64,524.29,522.36,519.59,513.52,506.30,500.18,495.91,492.00,489.52,487.96,486.88,485.96,485.23,484.80,484.55,484.38,484.16,483.99,483.82,483.65,483.42,483.18,482.91,482.60,482.30,482.06,481.83,481.60,481.37,481.14,480.91,480.72,480.55,480.31,480.08,479.63,479.08,478.54,478.00,477.46,476.92,476.36,475.78,475.29,474.86,474.49,474.18,473.86,473.55,473.20,472.86,472.68,473.06,475.24,480.28,489.75,499.17,506.41,510.43,510.70,510.87,511.02,511.18,511.33,511.49,511.69,511.88,512.03,512.19,512.34,512.50,512.65,512.81,512.96,513.12,513.28,513.44,513.60,513.75,513.90,514.06,514.22,514.38,514.58,514.77,514.92,515.08,515.24,515.39,515.55,515.71,515.86,516.02,516.18,516.34,516.49,516.67,516.78,516.83,516.98,517.14,517.29,517.44,517.60,517.75,517.91,518.07,518.23,518.38,518.48,518.60,518.75,518.90,519.05,519.20,519.36,519.51,519.72,521.00,524.83,530.45,535.13,539.63,543.82,547.64,550.87,553.17,555.49,557.85,560.78,565.87,572.15,579.09,586.45,594.14,601.63,608.08,613.72,618.65,622.93,627.33,632.13,636.74,639.42,639.99,636.95,631.40,624.67,618.48,612.49,606.72,601.10,595.26,589.51,584.38,579.78,575.35,570.90,567.14,563.89,560.87,557.63,554.04,549.24,543.41,537.96,533.88
647.79,644.90,642.07,640.32,638.80,637.22,635.72,634.29,632.66,630.92,628.49,625.55,622.50,618.96,615.70,612.92,610.72,608.87,606.78,604.36,602.10,601.21,601.17,601.43,601.73,601.81,601.25,599.65,598.06,596.92,596.16,595.41,594.49,593.39,592.16,590.98,588.93,586.20,583.00,579.50,576.76,574.50,572.68,571.49,570.53,569.75,569.20,569.03,569.15,568.92,568.66,568.60,568.79,568.31,567.66,567.09,566.62,565.09,562.90,560.33,557.20,552.94,550.42,549.02,548.50,549.15,550.82,552.59,553.74,553.44,551.55,548.55,544.83,540.55,536.17,531.60,526.02,520.20,516.20,515.17,517.55,521.23,524.55,526.86,528.14,528.71,528.73,528.29,527.08,525.27,523.13,520.46,515.33,508.35,501.70,496.29,491.51,488.92,487.21,485.93,485.25,484.79,484.53,484.36,484.19,483.97,483.80,483.64,483.47,483.24,483.05,482.79,482.48,482.18,481.94,481.75,481.54,481.31,481.07,480.85,480.65,480.48,480.25,480.06,479.52,478.86,478.31,477.77,477.24,476.69,476.18,475.74,475.16,474.68,474.32,474.00,473.66,473.30,472.95,472.77,473.26,474.67,478.44,485.13,495.05,504.10,508.95,510.79,511.01,511.17,511.33,511.48,511.63,511.79,511.97,512.14,512.29,512.45,512.60,512.75,512.91,513.07,513.22,513.37,513.55,513.74,513.90,514.05,514.21,514.36,514.52,514.67,514.85,515.02,515.17,515.33,515.48,515.64,515.79,515.94,516.10,516.28,516.49,516.67,516.73,516.74,516.76,516.84,516.99,517.14,517.30,517.45,517.61,517.76,517.92,518.09,518.28,518.44,518.57,518.69,518.80,518.96,519.12,519.27,519.43,519.57,519.80,521.76,525.88,531.29,535.88,540.30,544.45,548.19,551.25,553.52,555.78,558.29,561.61,567.12,574.00,581.44,589.13,596.87,604.09,610.34,615.88,620.83,625.07,629.42,634.21,638.58,640.12,640.23,636.74,630.79,623.97,617.56,611.46,605.60,599.92,594.16,588.54,583.28,578.37,573.79,569.61,565.95,562.61,559.43,556.18,552.73,547.61,541.34,536.68,532.70
650.64,648.69,646.66,645.25,644.30,643.28,642.09,640.65,638.82,636.75,634.36,631.50,627.88,623.84,619.98,616.60,613.89,611.58,608.93,605.86,602.82,600.96,599.87,599.30,599.13,599.22,598.91,597.09,595.32,594.34,593.86,593.40,592.75,591.84,590.63,589.39,587.16,584.31,581.05,577.27,574.21,571.71,569.70,568.26,567.27,566.55,565.99,565.60,565.33,564.75,564.27,564.12,564.22,564.00,563.39,562.73,562.44,561.12,559.26,557.21,554.92,551.76,550.57,550.51,551.12,552.26,553.52,554.59,554.93,553.82,551.53,548.24,544.28,539.92,535.70,531.15,525.66,520.51,518.77,520.21,523.36,526.56,528.84,530.55,531.18,531.25,530.90,529.91,528.26,526.18,523.90,521.31,517.24,510.47,503.23,496.80,491.35,488.54,486.63,485.24,484.79,484.53,484.35,484.19,484.01,483.78,483.61,483.45,483.26,483.05,482.89,482.65,482.36,482.08,481.84,481.66,481.48,481.25,481.03,480.81,480.60,480.42,480.22,480.04,479.43,478.69,478.13,477.65,477.19,476.71,476.25,475.87,475.08,474.49,474.10,473.77,473.39,473.02,472.82,473.11,474.41,476.83,482.28,490.68,500.52,507.85,510.62,511.10,511.30,511.46,511.61,511.77,511.92,512.08,512.23,512.39,512.55,512.72,512.87,513.03,513.18,513.34,513.49,513.65,513.83,514.03,514.19,514.34,514.50,514.65,514.80,514.96,515.11,515.28,515.44,515.60,515.75,515.91,516.07,516.24,516.41,516.59,516.76,516.88,516.86,516.74,516.73,516.84,516.99,517.14,517.30,517.45,517.61,517.78,517.94,518.12,518.32,518.48,518.63,518.76,518.87,519.02,519.18,519.33,519.49,519.64,519.89,522.54,526.91,532.05,536.57,540.86,544.91,548.56,551.43,553.70,556.01,558.72,562.45,568.45,575.87,583.64,591.45,599.25,606.38,612.49,617.91,622.74,627.02,631.54,636.14,639.84,640.50,640.30,636.38,630.04,623.19,616.69,610.56,604.65,598.91,593.24,587.67,582.28,577.11,572.32,568.26,564.63,561.20,557.90,554.63,550.99,545.62,539.32,535.25,531.59
656.60,654.89,653.03,651.39,650.50,649.66,648.58,647.03,644.87,642.31,639.42,636.27,632.88,629.36,624.89,620.56,617.26,614.70,612.66,610.76,608.24,603.79,599.62,596.79,595.47,595.58,595.30,593.81,592.40,591.65,591.23,590.78,590.31,589.67,588.50,586.90,584.74,582.10,578.89,574.95,571.75,569.48,567.86,566.23,565.30,564.86,564.40,563.49,562.42,561.33,560.47,559.92,559.60,559.13,558.54,557.98,557.58,556.35,554.76,553.56,553.29,553.86,554.45,555.12,555.78,556.18,557.03,556.99,555.82,553.54,550.98,547.26,543.02,538.69,534.57,529.77,525.02,521.93,523.25,526.25,528.68,530.39,531.57,532.63,533.11,532.84,531.91,530.70,529.13,527.08,524.77,522.36,519.43,512.64,504.75,497.59,491.72,488.44,486.30,484.92,484.64,484.41,484.23,484.05,483.82,483.60,483.43,483.24,483.03,482.86,482.71,482.50,482.25,482.01,481.78,481.60,481.41,481.20,481.02,480.81,480.58,480.37,480.20,479.99,479.40,478.66,478.06,477.74,477.47,477.16,476.79,476.28,475.09,474.27,473.84,473.46,473.08,472.75,472.97,474.15,476.31,479.60,486.74,496.99,506.50,509.81,510.93,511.39,511.56,511.71,511.86,512.02,512.17,512.33,512.48,512.63,512.81,513.02,513.18,513.34,513.50,513.65,513.80,513.96,514.12,514.28,514.43,514.59,514.75,514.90,515.05,515.21,515.36,515.55,515.75,515.91,516.07,516.22,516.40,516.61,516.83,516.92,516.93,516.88,516.75,516.66,516.69,516.84,516.99,517.14,517.30,517.45,517.62,517.83,518.00,518.16,518.32,518.48,518.63,518.78,518.93,519.08,519.24,519.39,519.54,519.70,519.98,523.34,527.93,532.73,537.18,541.25,545.14,548.59,551.27,553.55,556.08,559.11,563.25,569.85,577.77,585.61,593.28,601.13,608.38,614.50,619.76,624.34,628.69,633.63,637.75,640.25,640.65,640.23,635.94,629.26,622.35,615.92,609.81,603.86,598.07,592.46,586.80,581.32,576.04,570.97,566.75,563.05,559.59,556.28,552.99,548.60,543.13,537.47,533.61,530.56
663.52,661.54,659.34,657.36,656.25,655.03,653.53,651.71,649.49,646.85,643.64,640.07,636.42,632.86,628.80,624.65,620.83,617.62,615.36,613.52,611.36,607.63,602.83,598.48,595.34,593.82,592.31,590.85,589.77,589.11,588.47,587.97,587.45,586.76,585.70,583.99,581.89,579.36,576.23,572.51,569.95,568.28,567.27,566.79,566.69,566.79,566.71,566.04,565.24,563.86,562.45,561.25,560.16,559.28,558.67,558.31,558.13,557.85,557.54,557.50,558.04,559.14,559.98,560.34,560.28,560.01,559.19,557.03,554.28,551.78,548.75,544.88,540.70,536.50,532.52,528.75,526.44,526.21,528.69,531.39,532.87,533.70,534.38,534.75,534.47,533.68,532.54,531.29,529.88,527.93,525.64,523.30,520.81,514.59,506.70,498.80,492.55,488.80,486.34,484.84,484.61,484.38,484.20,484.01,483.79,483.59,483.40,483.19,482.97,482.81,482.63,482.41,482.19,481.99,481.76,481.56,481.37,481.17,480.98,480.79,480.57,480.36,480.20,479.98,479.44,478.84,478.44,478.23,478.00,477.72,477.24,476.27,474.90,474.01,473.54,473.16,472.81,473.02,473.87,475.48,478.03,483.98,492.88,502.63,508.95,510.60,511.22,511.66,511.85,512.01,512.16,512.31,512.47,512.62,512.78,512.93,513.10,513.29,513.45,513.60,513.76,513.91,514.07,514.22,514.38,514.54,514.73,514.89,515.04,515.20,515.35,515.50,515.66,515.85,516.07,516.23,516.41,516.60,516.78,516.93,516.99,516.98,516.92,516.83,516.69,516.65,516.71,516.84,516.99,517.14,517.30,517.45,517.61,517.81,518.00,518.17,518.33,518.48,518.63,518.79,518.94,519.10,519.25,519.43,519.61,519.81,520.33,523.97,528.63,533.31,537.75,541.75,545.27,548.28,550.62,552.41,555.00,558.84,564.25,571.33,579.17,587.05,594.87,602.68,609.95,616.10,621.33,625.84,630.34,635.48,639.10,640.65,640.75,639.61,634.96,628.29,621.55,615.17,609.06,603.12,597.33,591.67,585.91,580.30,574.82,569.54,565.26,561.43,557.87,554.50,550.90,545.75,540.41,535.63,531.89,529.51
670.19,667.84,665.21,662.91,661.39,659.62,657.60,655.40,653.12,650.44,647.02,643.10,639.15,635.41,631.96,628.28,624.09,620.01,617.32,615.23,613.29,610.97,606.52,601.29,596.60,593.39,590.66,589.08,588.13,587.42,586.52,585.88,585.15,584.22,582.97,581.22,579.23,576.85,573.87,570.53,568.75,567.79,567.52,568.42,569.30,570.00,570.35,570.14,569.87,568.40,566.63,564.97,563.25,562.01,561.38,561.19,561.26,561.89,562.77,563.68,564.49,565.09,565.58,565.22,564.07,562.82,560.11,555.96,551.89,549.23,545.72,541.80,537.79,533.94,530.71,528.75,529.23,531.57,534.28,536.09,536.60,536.70,536.90,536.58,535.53,534.28,533.04,531.80,530.56,528.74,526.53,524.20,521.87,516.54,508.96,500.36,493.66,489.31,486.47,484.84,484.61,484.39,484.21,484.02,483.80,483.63,483.43,483.20,482.98,482.81,482.59,482.36,482.15,481.99,481.76,481.53,481.34,481.17,480.94,480.77,480.57,480.36,480.19,479.99,479.52,479.10,478.97,478.83,478.61,478.25,477.54,476.13,474.66,473.74,473.24,472.93,472.81,473.66,475.07,477.01,480.26,489.09,499.18,507.35,510.13,510.99,511.51,511.93,512.14,512.30,512.46,512.62,512.76,512.92,513.07,513.23,513.38,513.55,513.71,513.87,514.02,514.17,514.33,514.49,514.63,514.81,515.02,515.18,515.34,515.50,515.66,515.83,515.99,516.19,516.41,516.57,516.77,516.96,517.12,517.15,517.03,516.94,516.86,516.77,516.63,516.66,516.75,516.85,516.99,517.14,517.30,517.45,517.61,517.76,517.97,518.17,518.33,518.48,518.63,518.79,518.94,519.11,519.26,519.46,519.66,519.91,520.72,524.50,529.18,533.84,538.27,542.06,545.08,547.56,549.56,550.91,553.73,558.51,565.25,572.73,580.48,588.43,596.38,604.04,611.29,617.49,622.75,627.28,631.95,637.05,640.17,640.98,640.75,638.77,633.81,627.25,620.67,614.38,608.30,602.36,596.53,590.75,584.93,579.13,573.41,568.03,563.67,559.73,556.07,552.57,548.34,542.70,537.64,533.69,530.23,528.43
674.87,672.35,669.63,667.14,664.87,662.66,660.23,657.53,654.84,651.82,648.33,644.50,640.58,636.84,633.51,630.14,626.11,620.79,617.80,615.61,613.53,611.47,608.00,603.38,598.87,595.65,593.07,591.16,589.73,588.64,587.60,586.52,585.36,583.75,581.25,579.35,577.72,575.76,573.12,570.32,568.92,568.64,569.33,570.99,572.52,573.71,574.40,574.49,574.48,573.44,572.16,570.93,569.46,568.37,567.74,567.49,567.54,567.93,568.59,569.29,569.82,569.83,569.55,568.16,565.49,562.08,558.18,553.63,549.16,545.54,541.76,537.76,533.98,531.18,530.84,532.01,534.54,537.50,539.28,540.21,539.93,539.17,538.36,537.31,536.09,534.82,533.54,532.30,531.07,529.46,527.44,525.08,522.75,518.73,511.89,502.64,495.23,489.95,486.58,484.84,484.62,484.43,484.23,484.03,483.86,483.64,483.46,483.26,483.03,482.82,482.59,482.36,482.15,481.99,481.76,481.53,481.33,481.17,480.94,480.77,480.57,480.35,480.14,480.01,479.68,479.42,479.46,479.38,479.18,478.55,477.39,475.94,474.47,473.49,472.99,472.97,473.77,475.00,476.49,478.93,484.55,495.01,504.09,509.52,510.72,511.31,511.81,512.23,512.40,512.56,512.71,512.87,513.02,513.17,513.33,513.48,513.64,513.80,514.00,514.17,514.33,514.48,514.64,514.79,514.95,515.11,515.28,515.44,515.59,515.77,515.98,516.19,516.40,516.62,516.85,517.05,517.14,517.17,517.16,517.11,516.98,516.88,516.79,516.71,516.56,516.63,516.77,516.89,517.00,517.14,517.30,517.45,517.61,517.76,517.97,518.17,518.33,518.48,518.63,518.79,518.96,519.17,519.32,519.49,519.66,519.96,520.99,524.86,529.56,534.25,538.67,541.66,543.87,545.79,547.63,549.27,553.04,558.76,566.07,573.70,582.03,590.14,597.83,605.11,612.31,618.60,623.98,628.62,633.45,637.95,640.51,641.05,640.50,637.83,632.69,626.16,619.41,613.47,607.50,601.44,595.39,589.40,583.64,577.50,571.39,566.38,561.75,557.75,554.10,550.21,544.56,539.42,534.98,531.36,528.90,527.27
678.43,675.82,672.94,670.12,667.33,664.69,661.88,658.78,655.59,652.25,648.63,644.79,640.87,637.25,633.99,630.56,626.34,620.77,617.85,615.72,613.61,611.57,608.64,604.80,601.05,598.43,596.47,594.69,593.07,591.62,590.26,588.92,587.56,585.79,583.03,580.74,578.96,576.97,574.22,570.93,569.49,570.04,572.07,574.30,576.13,577.58,578.58,578.98,579.14,578.44,577.48,576.44,575.04,573.84,573.04,572.64,572.62,572.74,573.11,573.50,573.62,573.07,571.87,569.49,565.80,561.08,556.63,552.04,547.48,543.33,539.48,535.66,532.86,531.97,533.50,536.18,539.22,541.86,542.99,543.26,542.44,541.00,539.33,537.91,536.64,535.37,534.07,532.83,531.60,530.16,528.35,525.98,523.63,520.56,514.51,505.19,496.99,490.80,486.83,484.85,484.64,484.46,484.26,484.07,483.88,483.68,483.49,483.28,483.06,482.82,482.59,482.36,482.14,481.96,481.76,481.53,481.33,481.17,480.94,480.77,480.61,480.43,480.26,480.17,479.94,479.78,479.86,479.79,479.49,478.64,477.25,475.76,474.28,473.41,473.21,473.77,475.05,476.42,478.13,481.33,488.76,499.83,507.52,510.62,511.14,511.61,512.11,512.50,512.65,512.84,513.00,513.15,513.30,513.46,513.61,513.77,513.92,514.08,514.28,514.45,514.61,514.76,514.91,515.07,515.22,515.38,515.57,515.75,515.93,516.13,516.36,516.59,516.82,517.03,517.19,517.31,517.29,517.22,517.14,517.06,516.91,516.81,516.72,516.62,516.52,516.63,516.78,516.93,517.03,517.15,517.30,517.45,517.61,517.76,517.97,518.17,518.33,518.48,518.63,518.79,518.96,519.19,519.35,519.51,519.66,520.00,521.25,525.23,529.97,534.64,538.99,541.49,543.33,545.03,546.81,548.56,552.89,559.17,566.80,574.68,583.33,591.45,598.90,605.98,613.03,619.41,625.04,629.92,634.68,638.60,640.72,641.06,640.25,636.88,631.36,624.76,618.11,612.41,606.49,600.32,594.05,587.97,581.93,575.47,569.19,564.32,559.63,555.51,551.43,546.75,540.85,536.13,532.00,528.57,526.90,526.14
681.02,678.35,675.25,672.02,668.91,665.84,662.66,659.27,655.57,651.94,648.16,644.22,640.30,636.84,633.60,629.89,625.32,620.43,617.87,615.90,613.84,611.66,608.91,605.88,603.19,601.46,600.31,598.98,597.42,595.70,593.98,592.49,591.10,589.51,587.28,584.54,582.21,579.80,576.60,572.16,570.55,572.06,575.50,578.15,580.05,581.61,582.83,583.51,583.77,583.30,582.53,581.53,580.07,578.58,577.49,576.87,576.67,576.54,576.62,576.63,576.20,575.03,572.83,569.62,565.36,560.14,555.66,551.24,546.76,542.45,538.64,535.26,533.97,535.42,537.93,540.79,543.25,545.01,545.75,545.51,544.28,542.34,540.03,538.50,537.21,535.94,534.64,533.41,532.17,530.87,529.21,526.90,524.52,522.04,516.82,508.00,498.97,491.86,487.22,484.90,484.70,484.48,484.29,484.11,483.89,483.72,483.51,483.28,483.06,482.82,482.59,482.36,482.13,481.91,481.74,481.53,481.33,481.17,480.95,480.79,480.67,480.58,480.49,480.41,480.27,480.17,480.16,480.08,479.61,478.61,477.12,475.57,474.08,473.49,473.87,475.14,476.51,477.89,479.97,484.13,492.74,503.56,509.67,510.99,511.46,511.92,512.39,512.75,512.92,513.13,513.30,513.45,513.61,513.76,513.92,514.07,514.23,514.38,514.55,514.70,514.86,515.01,515.17,515.33,515.49,515.66,515.89,516.11,516.34,516.56,516.79,517.02,517.23,517.38,517.43,517.38,517.26,517.15,517.08,516.99,516.85,516.75,516.64,516.52,516.51,516.63,516.78,516.93,517.08,517.17,517.30,517.45,517.61,517.76,517.97,518.17,518.33,518.48,518.63,518.79,518.96,519.19,519.35,519.51,519.66,520.05,521.51,525.61,530.38,535.01,539.22,541.52,543.33,545.09,546.86,548.58,553.26,559.82,567.53,575.68,584.41,592.43,599.69,606.67,613.52,619.99,625.92,631.12,635.66,639.05,640.80,641.01,639.98,635.90,629.85,623.12,616.77,611.20,605.26,598.96,592.51,586.38,579.84,573.13,566.86,561.94,557.28,552.93,548.14,542.51,537.24,532.79,528.81,525.69,524.77,525.36
682.22,679.36,676.16,672.71,669.29,665.81,662.30,658.70,654.76,650.95,647.11,643.22,639.39,635.83,632.40,628.70,624.74,621.73,619.74,617.76,615.48,613.04,610.37,607.85,605.66,604.03,602.98,601.83,600.45,598.87,597.32,595.61,593.84,592.09,590.34,588.02,585.29,582.21,578.50,573.70,573.27,575.71,579.36,582.13,584.25,585.99,587.22,587.65,587.83,587.63,587.24,586.62,585.41,583.94,582.64,581.63,580.89,580.61,580.13,579.33,577.95,575.64,572.85,569.31,564.98,560.13,555.94,551.65,547.14,542.58,538.68,536.19,535.96,538.27,541.54,544.53,546.81,548.30,548.70,547.62,545.74,543.54,541.29,539.24,537.82,536.57,535.32,534.12,532.86,531.53,529.93,527.81,525.50,523.11,518.90,511.61,501.63,493.27,487.91,485.29,484.76,484.52,484.33,484.12,483.89,483.68,483.50,483.28,483.06,482.82,482.59,482.36,482.13,481.90,481.74,481.53,481.33,481.19,481.04,480.93,480.84,480.76,480.69,480.61,480.51,480.44,480.41,480.20,479.68,478.63,477.06,475.31,473.79,473.87,475.05,476.35,477.69,479.41,482.18,487.20,496.26,505.54,510.40,511.31,511.78,512.24,512.70,513.06,513.21,513.39,513.56,513.71,513.87,514.02,514.18,514.33,514.49,514.64,514.79,514.98,515.16,515.33,515.52,515.68,515.87,516.07,516.31,516.54,516.77,517.00,517.22,517.41,517.46,517.46,517.42,517.30,517.19,517.10,517.00,516.88,516.77,516.69,516.57,516.47,516.54,516.65,516.78,516.93,517.09,517.21,517.33,517.45,517.61,517.76,517.97,518.17,518.33,518.48,518.63,518.79,518.96,519.19,519.35,519.51,519.66,520.10,521.81,525.96,530.65,535.19,539.37,541.59,543.38,545.16,546.93,548.72,554.48,561.45,568.56,576.68,585.43,593.32,600.37,607.12,613.87,620.37,626.39,631.66,636.08,639.15,640.69,640.78,639.41,634.63,628.14,621.38,615.29,609.60,603.51,597.10,590.53,584.05,577.16,570.48,564.41,559.34,554.35,549.36,544.10,538.58,533.71,529.29,526.04,524.54,525.37,526.91
682.61,679.44,675.98,672.34,668.77,665.08,661.35,657.53,653.44,649.61,645.85,642.10,638.40,634.79,631.44,628.15,625.13,623.49,621.86,619.89,617.57,615.05,612.46,610.23,608.25,606.51,605.33,604.13,602.76,601.29,599.94,598.11,596.02,593.99,592.32,590.33,587.24,583.54,579.52,575.12,576.16,579.45,583.11,585.91,587.99,589.53,590.50,590.70,590.78,590.73,590.60,590.31,589.47,588.30,587.13,586.05,585.06,584.47,583.37,581.67,579.25,576.00,572.79,569.13,564.90,560.52,556.56,552.45,547.98,543.22,539.14,537.41,538.09,541.05,544.97,548.22,550.60,552.08,552.26,550.19,547.75,545.38,543.03,540.32,538.59,537.26,536.05,534.84,533.54,532.16,530.62,528.75,526.48,524.08,520.77,515.08,504.68,495.33,489.08,485.81,484.86,484.56,484.35,484.12,483.88,483.65,483.48,483.28,483.06,482.82,482.59,482.36,482.13,481.91,481.76,481.58,481.41,481.28,481.20,481.13,481.05,480.97,480.89,480.82,480.74,480.67,480.58,480.29,479.69,478.54,476.81,474.92,473.75,474.51,476.27,477.64,478.97,481.06,484.36,489.85,498.95,506.79,510.72,511.55,512.08,512.55,513.00,513.34,513.50,513.65,513.82,513.98,514.14,514.29,514.45,514.60,514.76,514.91,515.08,515.30,515.50,515.69,515.91,516.10,516.30,516.53,516.75,516.97,517.19,517.39,517.54,517.63,517.55,517.45,517.35,517.20,517.11,517.03,516.94,516.78,516.70,516.63,516.52,516.44,516.57,516.68,516.79,516.93,517.09,517.25,517.36,517.47,517.61,517.76,517.97,518.17,518.33,518.48,518.63,518.79,518.96,519.19,519.35,519.51,519.66,520.13,522.02,526.20,530.85,535.31,539.47,541.71,543.51,545.29,547.09,548.94,555.63,563.01,569.61,577.65,586.33,594.13,601.00,607.50,614.16,620.71,626.81,632.09,636.39,639.20,640.52,640.35,638.33,633.11,626.40,619.66,613.81,607.95,601.64,595.05,588.31,581.49,574.40,567.84,561.88,556.38,550.93,545.35,539.79,534.54,529.94,526.19,524.29,524.58,526.74,529.08
682.01,678.35,674.33,670.47,667.04,663.50,659.72,655.65,651.48,647.87,644.40,640.91,637.39,633.88,631.16,628.97,627.12,625.50,623.78,621.96,620.00,617.75,615.30,613.03,610.92,608.98,607.52,605.92,604.25,602.67,601.38,599.67,597.48,595.05,592.76,590.61,587.15,583.05,579.09,576.22,578.75,582.81,586.53,589.27,590.79,591.43,591.68,591.88,591.92,591.81,591.67,591.45,591.05,590.62,590.16,589.68,589.07,587.85,586.10,583.54,579.99,576.37,572.95,569.31,565.35,561.27,557.37,553.50,549.27,544.43,540.04,538.71,540.15,543.90,548.32,552.14,554.99,556.78,556.89,553.69,550.90,548.42,545.48,541.94,539.60,538.03,536.84,535.54,534.18,532.75,531.29,529.70,527.48,525.01,522.34,518.03,508.20,498.44,491.03,486.48,485.00,484.57,484.35,484.12,483.88,483.65,483.48,483.28,483.06,482.82,482.59,482.36,482.13,481.91,481.81,481.71,481.62,481.53,481.45,481.37,481.30,481.22,481.14,481.07,480.98,480.87,480.65,480.35,479.60,478.18,476.17,474.28,474.21,475.50,477.38,479.09,480.51,482.93,486.40,491.64,500.26,507.27,510.78,511.66,512.36,512.86,513.28,513.59,513.75,513.90,514.11,514.29,514.45,514.60,514.76,514.91,515.07,515.23,515.44,515.67,515.90,516.12,516.35,516.57,516.80,517.01,517.19,517.41,517.60,517.69,517.65,517.56,517.46,517.38,517.29,517.14,517.04,516.97,516.87,516.73,516.64,516.57,516.48,516.43,516.57,516.71,516.83,516.93,517.09,517.25,517.39,517.52,517.62,517.76,517.97,518.17,518.33,518.48,518.63,518.79,518.96,519.19,519.35,519.51,519.66,520.13,522.02,526.28,530.97,535.42,539.55,541.91,543.76,545.56,547.40,549.25,556.41,564.09,570.60,578.53,587.08,594.79,601.56,607.84,614.38,621.02,627.26,632.55,636.68,639.26,640.31,639.62,636.45,631.26,624.66,618.01,612.38,606.38,599.74,592.83,585.84,578.80,571.75,565.33,559.26,552.84,546.80,540.89,535.28,530.22,525.70,523.87,524.26,526.17,528.53,531.57
680.87,676.87,672.54,668.69,665.30,661.78,657.91,653.78,649.95,646.58,643.37,640.21,637.20,634.62,632.51,630.71,629.10,627.38,625.61,623.80,621.91,619.87,617.62,615.39,613.19,611.04,609.11,607.30,605.48,603.66,602.02,600.08,597.63,594.85,592.10,589.60,585.82,581.67,578.61,578.75,582.56,586.54,589.49,591.58,592.75,592.95,592.85,593.01,593.00,592.88,592.73,592.53,592.24,592.00,591.72,591.39,590.91,589.84,587.77,584.71,580.78,577.03,573.55,570.01,566.33,562.64,559.05,555.17,550.93,546.32,541.61,540.36,542.32,546.91,551.88,555.89,558.42,559.68,559.71,557.21,554.31,551.37,548.17,544.41,541.10,538.86,537.54,536.19,534.77,533.35,531.92,530.39,528.33,525.87,523.30,519.57,511.21,501.55,493.06,487.06,485.09,484.58,484.35,484.12,483.88,483.65,483.45,483.24,483.01,482.78,482.58,482.38,482.20,482.05,481.96,481.89,481.80,481.73,481.66,481.57,481.50,481.42,481.34,481.23,481.09,480.90,480.63,480.31,479.51,478.02,475.96,474.08,474.77,476.65,478.79,480.66,482.43,484.98,488.45,493.50,501.37,507.66,510.84,511.75,512.56,513.15,513.59,513.89,514.04,514.20,514.38,514.56,514.72,514.87,515.06,515.25,515.43,515.63,515.86,516.09,516.32,516.55,516.79,517.02,517.25,517.46,517.61,517.67,517.72,517.73,517.63,517.49,517.39,517.32,517.22,517.08,516.99,516.90,516.81,516.66,516.58,516.47,516.40,516.43,516.57,516.73,516.86,516.97,517.10,517.25,517.40,517.54,517.65,517.77,517.97,518.17,518.33,518.48,518.63,518.79,518.96,519.15,519.34,519.51,519.66,520.13,521.98,526.31,531.05,535.50,539.62,542.00,543.91,545.79,547.79,550.20,557.47,565.13,571.60,579.37,587.57,595.14,601.91,608.06,614.50,621.08,627.24,632.42,636.41,638.98,639.68,638.30,634.73,629.40,623.18,617.00,611.43,605.25,598.09,590.79,583.67,576.52,569.60,562.80,555.90,548.80,542.48,536.33,530.84,526.50,522.91,523.15,525.17,527.78,530.39,533.64
679.47,675.30,670.88,667.15,663.78,660.23,656.27,652.15,648.79,645.79,642.89,640.11,637.66,636.07,634.43,632.71,630.97,629.05,627.21,625.34,623.43,621.52,619.45,617.19,614.87,612.61,610.27,608.27,606.25,604.13,602.12,599.79,597.02,593.96,590.89,588.03,584.06,580.35,578.89,582.08,586.73,590.20,592.10,593.49,594.38,594.33,594.02,594.14,594.08,593.94,593.78,593.58,593.30,593.05,592.77,592.45,592.00,591.21,589.03,585.74,581.71,577.95,574.47,571.03,567.58,564.26,561.00,557.11,552.83,548.44,543.47,542.25,544.62,549.88,555.32,559.19,561.19,561.84,561.73,560.27,557.49,554.20,550.88,547.18,543.02,539.96,538.24,536.83,535.38,533.97,532.54,531.00,529.15,526.72,524.07,520.52,513.61,504.23,494.84,487.54,485.15,484.57,484.33,484.10,483.87,483.65,483.42,483.19,482.96,482.74,482.58,482.43,482.31,482.23,482.15,482.07,482.00,481.92,481.84,481.76,481.69,481.60,481.50,481.34,481.13,480.88,480.57,480.26,479.42,477.92,475.87,474.02,475.27,477.66,480.10,482.09,484.22,486.76,490.16,495.07,502.16,507.89,510.85,511.80,512.72,513.42,513.89,514.18,514.35,514.51,514.67,514.84,514.99,515.16,515.38,515.61,515.83,516.06,516.29,516.53,516.76,516.99,517.22,517.45,517.65,517.83,517.93,517.83,517.74,517.67,517.58,517.43,517.34,517.25,517.15,517.01,516.92,516.84,516.74,516.60,516.51,516.39,516.34,516.42,516.57,516.73,516.88,517.02,517.11,517.25,517.40,517.55,517.70,517.79,517.97,518.16,518.33,518.48,518.63,518.79,518.94,519.11,519.33,519.51,519.66,520.12,521.92,526.32,531.13,535.58,539.69,542.06,544.02,545.98,548.18,551.38,558.63,566.14,572.63,580.12,587.93,595.36,602.15,608.18,614.52,620.97,627.01,632.08,635.84,638.45,638.75,636.68,633.07,627.71,621.91,616.22,610.64,604.22,596.61,588.97,581.75,574.50,567.72,560.31,552.39,544.78,538.16,531.78,526.51,523.19,520.95,523.13,526.39,529.38,532.24,535.53
677.75,673.91,669.94,666.45,663.15,659.53,655.52,651.49,648.57,646.33,644.03,641.66,639.57,638.13,636.50,634.60,632.44,630.12,628.05,626.09,624.15,622.17,620.05,617.44,614.84,612.81,610.56,608.16,605.65,603.19,601.11,598.36,595.23,592.03,589.06,585.93,582.32,580.44,582.17,586.61,590.74,593.10,594.04,595.28,595.84,595.59,595.21,595.31,595.16,595.00,594.82,594.60,594.35,594.06,593.80,593.50,593.03,591.98,590.06,587.09,583.08,579.48,576.04,572.63,569.26,566.05,562.90,559.32,555.21,550.50,545.60,544.67,547.23,552.50,558.07,561.00,562.67,563.50,563.02,561.58,559.44,556.70,553.38,549.97,545.93,542.06,539.03,537.58,536.12,534.70,533.25,531.66,530.02,527.66,524.81,521.00,514.38,505.23,495.59,487.76,485.18,484.53,484.28,484.04,483.82,483.64,483.42,483.19,482.97,482.79,482.68,482.58,482.49,482.42,482.34,482.26,482.18,482.11,482.02,481.95,481.87,481.77,481.57,481.32,481.07,480.81,480.52,480.25,479.38,477.83,475.76,473.96,475.37,477.97,480.65,482.81,485.02,487.33,490.55,495.43,502.03,507.65,510.67,511.72,512.79,513.66,514.17,514.44,514.60,514.81,515.02,515.20,515.37,515.58,515.80,516.04,516.27,516.50,516.73,516.96,517.19,517.43,517.66,517.84,517.93,517.94,517.92,517.78,517.68,517.61,517.51,517.37,517.27,517.17,517.04,516.94,516.86,516.75,516.63,516.53,516.46,516.36,516.33,516.42,516.57,516.73,516.88,517.03,517.16,517.26,517.40,517.55,517.70,517.84,517.96,518.13,518.32,518.48,518.63,518.79,518.94,519.11,519.33,519.51,519.66,520.10,521.83,526.32,531.23,535.74,539.76,542.13,544.09,546.06,548.46,552.60,559.80,567.16,573.67,580.62,588.19,595.52,602.22,608.03,614.26,620.58,626.57,631.65,634.89,637.33,637.22,634.66,631.48,626.63,621.10,615.47,609.85,603.13,595.40,587.70,580.38,572.99,566.15,558.06,549.25,541.51,534.14,527.35,522.53,520.76,520.23,523.68,527.65,530.92,533.96,537.24
677.82,674.38,670.81,667.40,664.21,660.67,656.83,652.98,650.03,648.16,646.19,644.02,641.98,640.02,637.89,635.51,632.89,630.28,628.10,626.14,624.27,622.33,620.08,617.11,614.14,611.87,609.44,606.82,604.16,601.52,598.74,595.72,592.66,589.66,586.88,584.76,582.92,583.04,586.33,590.66,594.18,595.94,596.39,597.14,597.29,596.87,596.43,596.46,596.24,596.06,595.87,595.63,595.40,595.11,594.84,594.56,594.03,592.73,590.99,588.42,584.82,581.42,578.11,574.80,571.45,568.00,564.82,561.46,557.48,552.56,547.49,546.55,549.24,554.72,560.32,562.74,564.27,565.18,564.36,562.87,561.04,558.86,556.18,552.97,549.03,544.66,540.61,538.48,536.86,535.37,533.86,532.27,530.70,528.22,525.10,520.88,513.89,505.03,495.62,487.83,485.19,484.50,484.25,484.01,483.79,483.60,483.41,483.21,483.05,482.92,482.83,482.77,482.71,482.63,482.55,482.48,482.40,482.33,482.24,482.13,481.98,481.81,481.57,481.27,481.01,480.76,480.48,480.21,479.31,477.73,475.65,473.90,475.46,478.01,480.60,482.92,485.26,487.49,490.63,495.38,501.39,506.91,510.17,511.55,512.69,513.69,514.37,514.77,514.96,515.18,515.41,515.62,515.81,516.04,516.25,516.47,516.70,516.94,517.17,517.40,517.63,517.84,517.98,518.04,518.02,517.95,517.86,517.72,517.62,517.53,517.42,517.30,517.21,517.10,516.96,516.88,516.79,516.68,516.54,516.47,516.39,516.33,516.34,516.45,516.58,516.73,516.88,517.04,517.18,517.30,517.41,517.55,517.71,517.86,517.98,518.13,518.32,518.48,518.63,518.79,518.94,519.11,519.33,519.51,519.66,520.10,521.81,526.38,531.37,535.87,539.84,542.19,544.18,546.21,548.79,553.79,560.81,567.83,574.22,580.86,588.33,595.57,602.09,607.64,613.77,620.09,626.11,631.10,633.96,636.21,635.99,633.42,630.52,625.80,620.32,614.68,608.91,601.98,594.40,586.80,579.31,571.63,564.66,556.11,546.69,538.61,530.04,523.74,520.23,519.69,520.41,524.56,528.88,532.26,535.35,538.68
679.59,676.54,673.29,669.85,666.72,663.34,659.78,656.16,652.84,650.90,648.90,646.63,644.28,641.37,638.37,635.33,632.30,629.59,627.44,625.59,623.86,622.02,619.27,615.89,612.53,609.72,606.97,604.28,601.70,598.96,595.24,592.23,589.72,587.31,584.95,584.85,585.74,587.75,591.05,594.24,597.07,598.65,599.03,599.00,598.72,598.16,597.68,597.58,597.31,597.12,596.93,596.70,596.46,596.18,595.92,595.64,595.05,593.55,591.88,589.75,586.85,583.70,580.58,577.44,574.06,570.14,566.80,563.50,559.64,554.63,549.14,547.90,550.69,556.59,562.15,564.55,566.06,566.88,565.77,564.21,562.37,560.67,559.07,556.09,552.24,547.68,542.97,539.62,537.63,535.99,534.40,532.83,531.22,528.51,525.02,520.29,512.60,503.97,495.13,487.79,485.18,484.51,484.25,484.01,483.78,483.57,483.40,483.27,483.19,483.10,483.02,482.99,482.95,482.88,482.80,482.72,482.65,482.56,482.47,482.28,482.02,481.75,481.51,481.22,480.96,480.72,480.47,480.16,479.21,477.61,475.54,473.84,475.52,477.82,480.08,482.53,485.05,487.38,490.50,495.01,500.37,505.76,509.40,511.29,512.44,513.53,514.49,515.15,515.38,515.62,515.85,516.08,516.30,516.53,516.70,516.91,517.14,517.37,517.60,517.82,518.03,518.20,518.16,518.06,517.97,517.88,517.80,517.66,517.55,517.46,517.32,517.23,517.14,517.03,516.89,516.82,516.74,516.62,516.49,516.40,516.32,516.30,516.36,516.50,516.59,516.73,516.88,517.04,517.19,517.34,517.45,517.55,517.71,517.86,518.01,518.17,518.33,518.48,518.63,518.79,518.94,519.11,519.33,519.51,519.66,520.09,521.82,526.50,531.53,535.98,539.90,542.25,544.30,546.40,549.13,554.84,561.59,568.16,574.31,580.87,588.37,595.53,601.82,607.05,613.04,619.44,625.52,630.39,633.06,635.12,635.03,632.86,630.06,625.09,619.49,613.77,607.79,600.77,593.55,586.17,578.48,570.38,563.17,554.39,544.67,536.08,526.11,521.00,519.40,519.76,521.31,525.68,530.00,533.35,536.41,539.81
682.58,679.62,676.51,673.13,669.72,666.01,662.14,658.37,655.30,652.66,649.64,646.28,642.98,639.52,636.13,632.98,630.26,628.12,626.26,624.47,622.69,620.55,615.06,610.52,607.38,605.09,602.85,600.02,596.85,593.71,591.40,589.81,588.68,587.80,587.31,588.45,590.29,592.75,595.69,597.82,599.42,600.32,600.51,600.30,599.91,599.37,598.88,598.62,598.35,598.18,597.99,597.75,597.52,597.34,597.20,597.00,596.36,594.82,593.11,591.21,588.90,586.10,583.13,580.09,576.78,572.75,569.01,565.53,561.71,556.74,550.62,548.99,551.91,558.26,563.60,566.50,568.04,568.42,567.09,565.33,563.40,561.78,560.60,558.73,555.42,551.06,546.13,541.63,538.81,536.83,535.14,533.50,531.83,529.04,525.11,519.78,512.63,503.71,494.89,487.91,485.20,484.55,484.27,484.01,483.80,483.64,483.53,483.46,483.42,483.34,483.26,483.20,483.15,483.07,483.00,482.92,482.82,482.69,482.52,482.27,482.00,481.74,481.50,481.21,480.95,480.70,480.43,480.15,479.13,477.50,475.47,473.76,475.20,477.32,479.50,481.91,484.52,487.04,490.15,494.35,499.31,504.53,508.52,510.97,512.10,513.26,514.53,515.50,515.81,516.05,516.29,516.52,516.75,516.98,517.19,517.40,517.62,517.81,518.04,518.14,518.19,518.22,518.11,518.00,517.90,517.81,517.69,517.58,517.50,517.38,517.25,517.16,517.09,516.97,516.83,516.75,516.67,516.55,516.42,516.34,516.22,516.25,516.36,516.51,516.63,516.75,516.88,517.04,517.19,517.35,517.48,517.59,517.71,517.86,518.02,518.17,518.33,518.48,518.63,518.79,518.94,519.11,519.33,519.51,519.66,520.04,521.50,526.43,531.66,536.09,539.93,542.30,544.38,546.49,549.24,555.03,561.67,568.11,574.23,580.78,588.41,595.51,601.55,606.45,611.78,617.99,624.16,629.20,631.98,633.99,633.99,632.06,629.38,624.14,618.24,612.24,606.06,599.53,592.73,585.51,577.69,569.32,561.30,552.52,543.26,534.34,524.16,519.72,518.98,519.93,522.35,526.67,530.67,533.80,536.82,540.36
685.01,682.17,679.22,675.93,672.30,668.33,664.09,659.83,656.36,652.89,648.82,644.45,640.45,636.73,633.32,630.40,628.17,626.50,624.88,623.16,621.07,617.64,610.25,605.06,602.29,600.86,599.42,597.06,594.09,591.26,590.35,589.98,589.92,590.22,591.20,593.01,594.96,597.10,599.33,600.58,601.26,601.60,601.66,601.39,600.96,600.47,600.00,599.63,599.38,599.21,599.04,598.84,598.66,598.58,598.52,598.35,597.69,596.18,594.46,592.70,590.78,588.36,585.58,582.62,579.36,575.36,571.30,567.53,563.62,558.76,552.43,550.46,553.37,560.02,565.30,568.40,569.76,569.68,568.19,566.29,564.31,562.71,561.73,560.76,558.26,554.42,549.55,544.30,540.44,537.89,536.05,534.33,532.50,529.58,525.13,519.15,512.84,503.89,495.04,488.13,485.26,484.60,484.31,484.05,483.89,483.80,483.72,483.68,483.65,483.59,483.51,483.44,483.36,483.28,483.19,483.10,482.97,482.80,482.56,482.26,481.99,481.74,481.49,481.20,480.95,480.69,480.39,480.14,479.07,477.41,475.42,473.75,474.87,476.80,478.91,481.25,483.91,486.56,489.63,493.46,498.10,503.14,507.54,510.63,511.74,513.02,514.53,515.75,516.23,516.49,516.72,516.95,517.18,517.42,517.65,517.88,518.07,518.19,518.34,518.33,518.25,518.16,518.01,517.92,517.84,517.75,517.60,517.50,517.43,517.32,517.18,517.10,517.01,516.90,516.77,516.69,516.60,516.48,516.36,516.27,516.16,516.22,516.36,516.52,516.67,516.78,516.89,517.04,517.19,517.35,517.50,517.63,517.73,517.87,518.02,518.17,518.33,518.48,518.63,518.79,518.94,519.11,519.31,519.48,519.65,519.97,521.11,526.28,531.73,536.17,539.94,542.28,544.37,546.49,549.24,555.03,561.61,567.97,574.01,580.50,588.24,595.38,601.30,605.87,610.57,616.46,622.57,627.74,630.94,632.91,632.97,631.20,628.33,622.85,616.68,610.42,604.20,598.17,591.84,584.82,576.92,568.38,559.52,550.79,542.13,533.06,523.06,519.01,518.70,520.04,523.07,527.11,530.76,533.77,536.85,540.52
685.79,683.26,680.56,677.37,673.84,669.96,665.45,660.21,654.69,650.42,645.70,640.82,636.95,633.33,630.52,628.33,626.57,624.94,623.31,621.68,618.83,612.23,605.74,601.26,598.92,598.53,598.11,597.51,596.70,595.77,595.23,595.02,595.05,595.39,596.35,598.04,599.15,600.00,600.92,601.67,602.25,602.60,602.64,602.28,601.83,601.40,601.00,600.63,600.38,600.21,600.07,599.99,599.94,599.92,599.81,599.54,598.94,597.52,595.89,594.17,592.31,590.32,587.79,584.88,581.59,577.79,573.66,569.48,565.22,560.60,554.96,552.85,555.43,562.05,567.71,570.13,570.85,570.46,568.85,567.01,565.13,563.60,562.66,561.72,560.40,557.59,553.13,547.94,542.80,539.38,537.23,535.45,533.24,530.03,524.94,518.22,512.78,504.62,495.83,488.49,485.36,484.66,484.38,484.17,484.12,484.05,483.97,483.90,483.85,483.83,483.76,483.69,483.61,483.52,483.39,483.25,483.10,482.92,482.63,482.32,482.02,481.73,481.43,481.18,480.95,480.69,480.39,480.14,479.03,477.35,475.41,473.93,474.69,476.34,478.32,480.58,483.21,485.91,488.82,492.25,496.54,501.44,506.36,510.25,511.39,512.88,514.43,515.78,516.63,516.93,517.16,517.39,517.62,517.85,518.08,518.31,518.47,518.42,518.34,518.26,518.19,518.10,517.95,517.86,517.77,517.68,517.53,517.45,517.37,517.26,517.12,517.03,516.91,516.79,516.71,516.62,516.50,516.38,516.29,516.22,516.19,516.24,516.36,516.52,516.67,516.82,516.93,517.04,517.19,517.35,517.50,517.65,517.78,517.88,518.02,518.17,518.33,518.48,518.63,518.79,518.94,519.10,519.26,519.42,519.61,519.91,520.76,526.04,531.68,536.22,539.94,542.15,544.21,546.36,549.13,555.00,561.57,567.80,573.60,579.86,587.63,595.01,601.10,605.36,609.65,615.10,620.84,625.95,630.02,631.96,632.02,630.31,626.66,620.96,614.63,608.31,602.29,596.59,590.77,584.07,576.19,567.65,558.10,549.39,541.28,532.36,522.82,518.86,518.50,519.98,523.04,526.46,529.82,533.08,536.38,540.13
684.05,681.93,679.62,676.71,673.47,669.02,663.69,657.75,651.68,646.44,641.65,637.28,633.67,630.72,628.47,626.62,624.96,623.33,621.52,619.08,615.27,608.98,604.04,601.56,600.87,601.20,601.35,601.38,601.19,600.77,600.23,599.92,599.88,600.03,600.31,600.98,601.43,601.76,602.14,602.70,603.25,603.58,603.58,603.16,602.73,602.33,601.95,601.58,601.30,601.11,601.00,600.93,600.93,600.87,600.69,600.39,599.91,598.88,597.35,595.56,593.66,591.73,589.40,586.54,583.19,579.54,575.43,571.10,566.56,561.62,556.23,554.84,557.78,564.12,569.46,571.72,571.82,570.66,568.96,567.22,565.82,564.75,563.94,563.02,561.90,559.86,556.51,551.64,546.20,541.68,538.32,535.99,533.42,529.81,524.48,517.92,513.29,506.29,497.95,490.20,486.14,484.88,484.49,484.34,484.33,484.29,484.22,484.14,484.07,484.04,484.00,483.91,483.80,483.68,483.53,483.38,483.21,483.00,482.73,482.40,482.08,481.77,481.46,481.19,480.93,480.65,480.39,480.13,479.02,477.41,475.63,474.17,474.55,475.98,477.88,479.96,482.54,485.26,488.08,491.24,495.38,499.82,504.66,509.04,511.06,512.75,514.34,515.82,516.95,517.35,517.59,517.83,518.06,518.28,518.39,518.49,518.53,518.45,518.30,518.20,518.13,518.03,517.89,517.79,517.70,517.58,517.47,517.38,517.28,517.17,517.06,516.98,516.84,516.72,516.64,516.56,516.42,516.31,516.24,516.17,516.19,516.28,516.39,516.52,516.67,516.83,516.96,517.07,517.20,517.35,517.50,517.65,517.80,517.92,518.03,518.17,518.33,518.48,518.63,518.79,518.94,519.10,519.25,519.41,519.58,519.81,520.39,525.66,531.49,536.27,539.98,542.13,544.10,546.23,549.08,554.96,561.51,567.69,573.37,579.42,586.93,594.24,600.38,604.58,608.72,613.84,619.28,624.37,628.69,630.72,630.77,628.80,624.38,618.56,612.30,606.08,600.23,594.97,589.34,582.71,574.92,566.67,556.50,547.89,540.55,532.10,522.79,518.83,518.33,519.43,521.70,524.61,527.91,531.46,535.07,538.74
680.96,679.31,677.44,674.85,671.66,666.35,660.16,653.82,647.79,641.93,637.39,633.85,630.67,628.53,626.74,625.03,623.33,621.57,619.34,615.92,611.47,607.10,604.16,603.91,604.95,605.78,606.27,606.43,606.29,605.85,605.16,604.62,604.37,604.15,603.58,603.06,603.01,603.12,603.24,603.72,604.26,604.56,604.50,604.05,603.65,603.27,602.89,602.52,602.19,601.99,601.86,601.79,601.78,601.65,601.41,601.10,600.74,600.11,598.67,596.82,594.83,592.78,590.57,587.73,584.28,580.72,576.73,572.42,567.67,562.27,557.05,556.66,560.23,566.30,570.95,573.14,572.69,570.72,568.95,567.41,566.59,566.03,565.35,564.40,563.12,561.63,559.48,555.27,549.99,544.52,539.77,536.52,533.51,529.40,523.94,517.83,513.92,508.26,500.59,492.51,487.26,485.20,484.62,484.52,484.52,484.52,484.47,484.39,484.32,484.25,484.22,484.11,483.95,483.80,483.64,483.49,483.30,483.07,482.83,482.49,482.15,481.84,481.53,481.22,480.91,480.63,480.38,480.14,479.03,477.54,475.91,474.45,474.39,475.60,477.43,479.33,481.80,484.52,487.31,490.31,494.30,498.23,502.74,507.36,510.53,512.51,514.19,515.82,517.19,517.75,518.03,518.25,518.45,518.63,518.61,518.54,518.47,518.38,518.24,518.13,518.06,517.96,517.82,517.73,517.61,517.48,517.39,517.32,517.20,517.07,516.99,516.92,516.77,516.65,516.58,516.50,516.36,516.25,516.17,516.12,516.18,516.31,516.43,516.53,516.67,516.83,516.98,517.12,517.21,517.35,517.50,517.65,517.81,517.96,518.07,518.18,518.33,518.50,518.64,518.79,518.94,519.10,519.25,519.41,519.56,519.72,520.08,525.21,531.19,536.27,540.02,542.15,544.01,546.09,549.06,554.91,561.45,567.61,573.23,579.12,586.22,593.29,599.41,603.68,607.78,612.60,617.79,622.87,627.10,629.34,629.35,626.95,621.93,616.05,609.90,603.84,598.20,593.38,587.75,581.03,573.34,565.42,554.87,546.47,539.95,532.26,523.12,519.02,518.17,518.67,519.96,522.32,525.47,529.19,533.11,536.70
676.42,675.29,673.73,671.39,666.91,660.69,654.30,648.29,642.45,637.63,633.74,630.68,628.53,626.80,625.11,623.44,621.65,619.25,615.98,612.16,608.71,607.43,607.29,608.16,609.36,610.27,610.78,610.96,610.85,610.41,609.58,608.78,607.94,607.00,605.93,604.90,604.68,604.64,604.42,604.80,605.32,605.56,605.43,604.99,604.59,604.23,603.88,603.50,603.14,602.85,602.67,602.61,602.59,602.42,602.16,601.83,601.43,600.70,599.45,597.70,595.47,593.15,590.89,587.96,584.34,580.70,577.02,573.01,568.29,562.69,558.07,558.41,562.65,568.93,572.36,574.06,573.35,571.15,569.33,568.36,567.85,567.39,566.69,565.58,564.21,562.75,561.08,558.49,553.74,548.27,542.85,538.03,534.17,529.28,523.48,517.65,514.16,510.02,503.30,495.10,488.67,485.63,484.77,484.71,484.72,484.76,484.72,484.64,484.56,484.48,484.38,484.21,484.02,483.87,483.72,483.56,483.37,483.14,482.90,482.59,482.27,481.96,481.65,481.30,480.97,480.66,480.39,480.14,479.11,477.68,476.14,474.74,474.05,474.91,476.72,478.60,480.75,483.44,486.34,489.39,492.99,496.68,500.74,505.09,509.21,511.79,513.84,515.68,517.20,518.09,518.47,518.62,518.68,518.69,518.59,518.49,518.40,518.32,518.18,518.08,517.98,517.85,517.75,517.67,517.55,517.42,517.34,517.25,517.13,517.00,516.92,516.85,516.72,516.60,516.51,516.44,516.30,516.19,516.11,516.06,516.16,516.31,516.45,516.58,516.68,516.83,516.98,517.13,517.26,517.37,517.50,517.65,517.81,517.96,518.10,518.21,518.35,518.59,518.68,518.79,518.94,519.10,519.25,519.41,519.56,519.71,520.04,524.75,530.64,536.03,539.99,542.19,543.95,545.95,549.04,554.86,561.35,567.53,573.22,579.07,585.66,592.30,598.25,602.71,606.76,611.35,616.35,621.34,625.11,627.75,627.71,624.75,619.80,613.83,607.64,601.75,596.53,591.94,586.07,579.04,571.25,563.50,553.43,545.52,539.73,533.44,524.55,519.83,518.06,517.78,518.71,520.12,522.39,525.71,529.88,533.58
670.89,669.87,668.07,665.35,660.33,654.26,648.34,642.91,637.66,633.79,630.71,628.24,626.61,625.08,623.47,621.70,619.58,616.73,613.81,611.11,609.38,610.12,611.40,612.66,613.77,614.62,615.07,615.15,614.94,614.39,613.41,612.39,611.13,609.70,608.28,606.95,606.50,606.25,605.82,605.90,606.35,606.54,606.35,605.92,605.54,605.20,604.86,604.49,604.11,603.76,603.52,603.42,603.40,603.19,602.84,602.37,601.78,600.99,599.89,598.12,595.53,593.05,590.59,587.45,583.66,579.97,576.48,572.72,568.17,562.72,559.33,560.94,565.52,570.99,573.68,575.04,574.31,572.23,570.49,569.74,569.28,568.77,567.97,566.68,565.25,563.78,562.32,560.65,557.09,551.97,546.09,540.29,535.42,529.64,523.44,517.81,514.55,511.33,505.58,497.83,490.73,486.78,485.46,485.23,485.14,485.23,485.17,485.00,484.78,484.64,484.50,484.29,484.08,483.93,483.77,483.62,483.43,483.20,482.97,482.69,482.39,482.08,481.75,481.39,481.06,480.74,480.42,480.15,479.24,477.94,476.48,475.18,474.10,474.49,475.98,477.85,479.77,482.38,485.33,488.43,491.77,495.35,498.90,502.64,506.94,510.13,512.64,514.79,516.60,518.01,518.62,518.79,518.75,518.65,518.52,518.42,518.34,518.23,518.11,518.01,517.90,517.76,517.69,517.61,517.49,517.36,517.27,517.20,517.07,516.94,516.86,516.76,516.64,516.53,516.45,516.35,516.22,516.13,516.06,516.05,516.16,516.31,516.46,516.61,516.72,516.84,516.98,517.13,517.29,517.39,517.51,517.65,517.81,517.96,518.17,518.36,518.52,518.70,518.74,518.82,518.98,519.13,519.28,519.42,519.56,519.71,520.03,524.34,530.13,535.80,539.92,542.09,543.81,545.84,549.02,554.81,561.35,567.59,573.33,579.05,585.13,591.31,597.10,601.74,605.76,610.17,615.07,620.05,623.62,626.45,626.27,622.94,618.18,612.25,605.89,599.92,595.02,590.23,583.97,576.73,568.96,561.23,552.09,544.79,539.46,534.33,526.34,521.03,518.24,517.37,517.71,518.53,520.06,522.54,526.18,530.08
664.43,663.06,660.55,656.96,652.29,647.39,642.54,637.88,633.64,630.52,628.27,626.48,624.82,623.32,621.74,619.84,617.38,614.51,613.28,612.93,613.30,614.80,616.07,617.12,618.01,618.70,619.01,618.92,618.52,617.79,616.68,615.51,614.05,612.39,610.75,609.27,608.47,607.94,607.42,607.05,607.36,607.50,607.24,606.85,606.52,606.16,605.81,605.48,605.11,604.72,604.42,604.24,604.20,603.92,603.40,602.68,601.82,601.03,599.99,598.05,594.99,592.42,589.61,586.17,582.27,578.62,575.17,571.52,567.24,562.61,561.05,564.35,568.85,572.57,575.03,576.19,575.62,573.94,572.39,571.51,570.84,570.13,569.17,567.72,566.24,564.77,563.30,561.80,559.90,555.44,549.36,543.21,537.28,530.53,523.88,518.37,515.17,512.27,507.42,500.66,493.39,488.58,486.68,486.11,485.83,485.91,485.80,485.44,484.95,484.73,484.56,484.35,484.15,484.00,483.84,483.69,483.50,483.26,483.03,482.80,482.52,482.19,481.82,481.50,481.18,480.85,480.48,480.17,479.43,478.31,476.96,475.76,474.57,474.36,475.24,477.08,478.89,481.38,484.29,487.41,490.67,494.20,497.25,500.10,503.84,507.54,510.57,513.12,515.35,517.39,518.36,518.68,518.63,518.53,518.44,518.36,518.27,518.13,518.03,517.96,517.85,517.70,517.62,517.54,517.42,517.28,517.21,517.13,517.00,516.88,516.79,516.65,516.55,516.47,516.38,516.24,516.14,516.06,516.02,516.09,516.18,516.31,516.46,516.62,516.76,516.86,516.98,517.13,517.29,517.43,517.54,517.66,517.82,517.99,518.30,518.62,518.82,518.80,518.79,518.88,519.03,519.19,519.34,519.45,519.56,519.71,520.01,523.97,529.65,535.53,539.80,541.84,543.58,545.75,549.00,554.76,561.43,567.79,573.53,579.05,584.62,590.37,595.98,600.78,604.81,609.12,613.97,619.05,622.68,625.45,625.10,621.64,617.07,611.25,604.58,598.34,593.55,588.18,581.45,574.12,566.55,558.74,550.81,544.22,539.10,534.79,528.34,522.57,518.77,517.47,516.98,517.56,518.56,519.93,522.31,526.39
656.91,654.83,651.99,648.66,644.70,641.08,637.34,633.59,630.80,628.48,626.49,624.68,623.01,621.52,619.60,618.07,617.39,616.70,616.79,617.17,617.77,618.78,619.62,620.34,620.95,621.41,621.59,621.42,621.06,620.47,619.50,618.42,616.97,615.26,613.54,611.92,610.72,609.84,609.18,608.60,608.58,608.50,608.17,607.83,607.48,607.13,606.78,606.43,606.09,605.71,605.36,605.07,604.87,604.30,603.55,602.69,601.77,600.91,599.51,597.10,593.59,590.61,587.31,583.70,580.02,576.74,573.47,568.95,565.06,564.35,565.20,568.77,572.52,575.23,577.33,577.96,577.30,575.95,574.61,573.50,572.43,571.35,570.13,568.66,567.18,565.72,564.25,562.78,561.25,558.02,552.98,546.37,540.01,532.22,524.92,519.50,516.21,513.25,509.11,503.35,496.04,490.30,488.00,487.33,486.84,486.69,486.31,485.76,485.16,484.81,484.62,484.41,484.22,484.11,483.96,483.77,483.56,483.33,483.14,482.92,482.62,482.27,481.93,481.62,481.28,480.93,480.59,480.28,479.72,478.79,477.54,476.34,475.14,474.35,474.53,476.34,478.12,480.36,483.14,486.40,489.60,492.87,495.63,498.06,500.92,504.32,507.74,510.80,513.26,515.37,516.84,517.67,518.04,518.37,518.38,518.29,518.20,518.06,517.97,517.89,517.78,517.64,517.55,517.45,517.33,517.23,517.14,517.03,516.92,516.82,516.73,516.58,516.49,516.40,516.31,516.17,516.08,516.00,515.98,516.10,516.22,516.34,516.46,516.62,516.77,516.90,517.01,517.13,517.29,517.44,517.58,517.74,517.99,518.27,518.63,518.88,518.94,518.87,518.86,518.95,519.09,519.20,519.35,519.49,519.60,519.72,519.99,523.29,528.68,534.82,539.49,541.40,543.28,545.68,548.95,554.70,561.48,567.93,573.65,579.06,584.39,589.72,594.99,599.95,604.16,608.46,613.32,618.50,621.94,624.50,624.24,621.05,616.30,610.07,603.17,596.67,591.35,585.63,578.75,571.58,564.39,556.75,549.59,543.58,538.73,534.76,530.04,524.50,520.03,518.00,516.80,516.86,517.54,518.63,520.29,523.66
651.11,648.33,645.26,642.24,639.11,636.25,633.22,630.27,628.71,626.96,625.07,623.22,621.71,620.39,618.62,617.75,618.62,619.72,620.58,621.19,621.65,622.12,622.58,623.04,623.46,623.74,623.80,623.58,623.27,622.86,622.07,621.11,619.74,618.07,616.35,614.64,613.13,611.98,611.21,610.51,610.05,609.64,609.20,608.79,608.40,608.07,607.73,607.35,607.02,606.65,606.22,605.74,605.25,604.41,603.49,602.58,601.67,600.77,598.76,595.55,591.41,587.98,584.33,580.67,577.25,574.34,571.34,567.12,564.62,567.20,569.91,573.30,576.19,578.08,579.63,579.68,578.90,577.76,576.56,575.26,573.90,572.50,571.08,569.59,568.12,566.65,565.18,563.72,562.25,560.12,556.29,549.68,542.98,534.43,526.60,521.10,517.49,514.35,510.74,505.87,498.72,492.28,489.41,488.43,487.78,487.37,486.75,486.05,485.38,484.89,484.68,484.49,484.31,484.21,484.06,483.85,483.62,483.40,483.24,483.02,482.72,482.36,482.05,481.73,481.38,481.02,480.72,480.40,480.00,479.23,478.08,476.87,475.70,474.50,474.09,475.59,477.33,479.36,481.98,485.28,488.48,491.41,493.94,496.12,498.25,501.04,504.33,507.62,510.44,512.92,514.86,516.20,517.03,517.74,517.95,518.02,518.05,517.98,517.90,517.82,517.71,517.58,517.49,517.36,517.24,517.17,517.08,516.94,516.84,516.75,516.66,516.52,516.42,516.34,516.24,516.10,516.01,515.94,515.94,516.10,516.25,516.37,516.47,516.62,516.77,516.92,517.05,517.15,517.29,517.49,517.68,517.92,518.24,518.62,518.95,519.08,519.01,518.95,518.92,519.00,519.13,519.22,519.36,519.51,519.63,519.72,519.97,522.63,527.63,533.89,538.90,540.80,542.64,545.09,548.55,554.67,561.59,568.08,573.80,579.15,584.36,589.40,594.38,599.37,603.80,608.15,613.04,618.27,621.38,623.57,623.38,620.50,615.56,608.96,601.80,594.94,588.94,583.00,576.11,569.15,562.31,554.77,548.31,542.92,538.43,534.77,531.37,526.43,521.77,518.97,517.09,516.36,516.67,517.74,519.03,521.68
649.92,646.68,643.41,640.15,637.96,634.65,631.30,628.80,627.73,626.01,624.15,622.56,621.59,620.89,620.61,620.81,621.50,622.27,622.87,623.37,623.83,624.30,624.76,625.22,625.66,625.96,625.89,625.64,625.33,624.95,624.28,623.39,622.13,620.61,619.06,617.33,615.78,614.59,613.82,613.05,611.99,611.10,610.43,609.72,609.28,608.94,608.61,608.22,607.85,607.47,606.88,606.02,605.04,604.10,603.21,602.34,601.48,600.68,597.68,593.09,587.90,584.07,580.46,576.97,573.73,570.99,568.41,567.75,568.93,571.60,574.61,577.53,579.67,580.78,581.36,580.95,580.08,578.98,577.69,576.38,575.02,573.61,572.13,570.55,569.05,567.59,566.12,564.65,563.18,561.52,558.69,553.27,546.05,537.36,529.42,523.45,519.08,515.66,512.33,508.07,501.42,494.94,491.00,489.05,488.37,487.74,487.06,486.34,485.60,484.98,484.75,484.58,484.42,484.28,484.13,483.91,483.68,483.47,483.31,483.08,482.81,482.49,482.17,481.81,481.47,481.15,480.84,480.53,480.20,479.53,478.46,477.29,476.13,474.97,474.27,474.85,476.46,478.38,480.82,483.94,487.19,489.77,492.04,494.15,496.05,497.92,500.03,502.75,506.37,510.21,512.50,514.08,515.32,516.05,516.67,517.25,517.70,517.88,517.85,517.72,517.60,517.51,517.43,517.30,517.17,517.10,517.02,516.88,516.77,516.70,516.61,516.46,516.36,516.25,516.13,516.03,515.96,515.91,515.94,516.10,516.25,516.40,516.52,516.63,516.77,516.92,517.07,517.20,517.32,517.62,517.96,518.29,518.61,518.99,519.14,519.14,519.08,519.06,519.01,519.03,519.14,519.27,519.37,519.51,519.63,519.72,519.95,522.17,526.69,532.67,537.79,539.90,541.26,543.28,547.37,554.72,561.86,568.29,574.06,579.46,584.67,589.71,594.60,599.32,603.90,608.43,613.39,618.48,621.11,622.70,622.37,619.73,614.70,608.09,600.57,593.08,586.48,580.50,573.68,566.93,560.30,552.53,546.85,542.25,538.33,535.15,531.94,528.16,524.23,520.72,518.14,516.22,515.91,517.10,518.58,520.92
653.03,649.73,646.39,642.93,640.13,636.09,631.95,628.77,627.60,626.33,625.04,623.91,623.11,622.66,622.86,623.38,623.97,624.59,625.09,625.55,626.01,626.48,626.94,627.40,627.93,628.42,628.05,627.69,627.38,627.03,626.50,625.62,624.43,623.03,621.54,619.89,618.40,617.20,616.27,615.23,613.92,612.85,612.05,611.16,610.50,609.90,609.38,608.94,608.40,607.80,607.00,605.95,604.84,603.79,602.81,601.88,600.97,599.58,595.83,590.49,584.63,580.12,576.22,572.97,570.79,570.57,570.71,572.27,574.66,576.99,578.94,580.71,582.11,582.86,582.75,582.03,581.07,580.00,578.80,577.50,576.14,574.70,573.15,571.54,570.00,568.50,567.01,565.54,564.07,562.58,560.51,556.62,549.28,540.78,532.56,525.60,520.87,517.13,513.71,509.76,503.98,497.80,492.67,489.52,488.77,488.07,487.37,486.64,485.88,485.18,484.84,484.65,484.50,484.38,484.19,483.98,483.76,483.56,483.37,483.15,482.89,482.60,482.26,481.91,481.58,481.27,480.96,480.62,480.31,479.74,478.83,477.65,476.51,475.43,474.58,474.45,475.65,477.45,479.75,482.56,485.59,487.98,490.10,491.98,493.46,495.10,496.88,499.10,502.16,505.75,508.81,511.36,513.28,514.30,515.12,515.85,516.49,516.96,517.25,517.45,517.52,517.45,517.37,517.23,517.12,517.04,516.96,516.81,516.71,516.62,516.50,516.38,516.29,516.19,516.04,515.97,515.89,515.90,515.98,516.11,516.25,516.41,516.54,516.66,516.78,516.92,517.13,517.37,517.57,517.92,518.31,518.66,518.97,519.23,519.29,519.25,519.18,519.15,519.08,519.08,519.18,519.34,519.42,519.53,519.64,519.75,519.96,522.19,526.30,531.40,535.53,537.67,539.27,541.77,546.77,554.86,562.20,568.67,574.49,579.97,585.23,590.25,595.07,599.78,604.76,609.59,614.43,618.92,620.98,621.95,621.52,619.13,613.88,607.27,599.49,591.57,584.60,578.30,571.58,564.91,558.25,550.72,545.66,541.61,538.06,535.14,532.15,528.91,525.42,521.85,518.86,516.26,515.63,516.93,518.60,521.30
657.80,654.65,651.30,647.65,643.71,638.82,633.83,629.78,628.42,627.62,626.91,626.14,625.37,625.00,625.23,625.72,626.31,627.11,628.05,628.77,629.27,629.75,630.21,630.67,631.28,631.89,631.24,630.77,630.41,629.98,629.27,628.15,626.83,625.40,623.91,622.38,620.97,619.72,618.56,617.23,615.85,614.72,613.81,612.83,611.92,611.00,610.20,609.63,608.88,607.98,606.95,605.79,604.61,603.45,602.34,601.30,600.19,597.92,593.66,588.03,581.80,576.61,572.48,569.89,569.52,572.36,575.60,578.48,580.88,582.59,583.07,583.53,584.12,584.55,583.92,583.00,581.97,580.91,579.86,578.62,577.25,575.78,574.17,572.56,571.00,569.43,567.86,566.39,564.92,563.45,561.94,559.54,552.88,544.61,535.85,527.73,522.76,518.69,515.03,511.26,506.44,500.68,494.57,490.24,489.12,488.38,487.72,487.02,486.25,485.49,485.00,484.73,484.59,484.48,484.27,484.04,483.84,483.66,483.44,483.21,482.98,482.71,482.34,482.02,481.71,481.39,481.07,480.70,480.38,479.93,479.18,478.00,476.90,475.91,475.00,474.33,474.91,476.55,478.72,481.18,483.88,486.19,488.17,489.78,490.88,492.50,494.20,495.99,498.07,500.82,504.61,508.18,510.88,512.47,513.41,514.16,514.88,515.60,516.28,516.89,517.24,517.25,517.25,517.15,517.05,516.97,516.88,516.75,516.64,516.54,516.40,516.32,516.24,516.13,515.99,515.90,515.83,515.89,516.02,516.12,516.25,516.41,516.56,516.70,516.81,516.98,517.26,517.62,517.92,518.29,518.68,519.03,519.28,519.39,519.40,519.36,519.29,519.22,519.14,519.15,519.25,519.38,519.48,519.56,519.67,519.80,519.97,522.39,526.15,530.24,533.15,535.31,537.43,540.68,546.58,555.25,562.70,569.18,575.03,580.60,585.91,590.90,595.66,600.46,605.82,610.83,615.37,619.05,620.61,621.11,620.56,618.32,613.00,606.48,598.55,590.37,583.16,576.43,569.74,563.04,556.22,549.23,544.68,541.02,537.72,534.95,532.16,529.15,525.90,522.51,519.26,516.33,515.61,517.11,519.03,522.38
661.53,658.59,655.25,651.33,646.90,641.28,636.11,632.62,631.79,630.80,629.56,628.33,627.57,627.37,627.63,628.07,628.87,631.06,634.49,636.65,637.31,637.91,638.31,638.80,639.27,639.42,638.95,638.38,637.76,636.75,634.55,632.16,629.83,627.75,626.24,624.74,623.30,621.89,620.50,619.16,617.78,616.53,615.46,614.51,613.58,612.51,611.43,610.46,609.57,608.42,607.22,605.94,604.24,602.96,601.85,600.66,598.96,595.79,591.58,586.42,580.47,575.23,571.70,571.56,574.49,578.17,581.73,584.52,586.42,587.23,587.07,586.74,586.31,585.69,584.75,583.80,582.81,581.79,580.77,579.68,578.35,576.86,575.29,573.72,572.17,570.44,568.63,567.15,565.68,564.21,562.76,561.07,557.82,549.37,539.22,530.21,524.76,520.33,516.51,512.92,508.80,503.28,497.31,492.36,489.65,488.71,488.24,487.69,486.94,486.07,485.30,484.88,484.70,484.55,484.33,484.10,483.90,483.73,483.50,483.27,483.04,482.78,482.45,482.14,481.83,481.50,481.14,480.81,480.54,480.15,479.52,478.46,477.47,476.53,475.60,474.75,474.35,475.65,477.70,479.93,482.33,484.62,486.44,487.85,489.11,490.22,491.41,492.86,494.77,497.24,500.61,504.18,507.53,510.28,511.60,512.45,513.18,513.91,514.65,515.34,515.95,516.44,516.87,517.00,517.00,516.90,516.77,516.67,516.59,516.48,516.34,516.25,516.17,516.06,515.92,515.85,515.81,515.89,516.04,516.16,516.27,516.41,516.56,516.73,516.96,517.26,517.61,517.98,518.29,518.67,519.05,519.36,519.49,519.53,519.49,519.44,519.36,519.28,519.25,519.25,519.30,519.40,519.48,519.59,519.71,519.81,519.98,522.44,526.01,529.73,532.52,535.03,537.41,540.88,547.15,556.51,563.74,569.88,575.72,581.33,586.69,591.64,596.34,601.11,606.29,610.75,614.50,617.40,618.93,619.57,618.76,616.24,611.81,605.60,597.97,589.94,582.44,575.37,568.48,561.44,554.40,548.33,544.06,540.53,537.38,534.70,532.03,529.00,525.72,522.33,518.94,516.18,515.90,517.95,520.38,524.35
664.55,661.55,658.08,653.93,649.25,643.66,639.30,637.21,636.90,636.01,634.39,632.67,632.00,633.23,634.92,636.29,637.40,639.80,643.08,644.85,645.05,645.29,645.46,645.75,645.99,645.90,645.63,645.14,644.50,643.35,640.66,637.70,634.64,631.68,629.16,627.09,625.40,623.86,622.36,621.02,619.61,618.27,617.07,616.04,615.02,613.85,612.62,611.48,610.49,609.10,607.53,605.78,603.58,602.18,600.87,599.29,597.07,593.60,589.57,584.88,579.44,574.27,572.89,575.16,579.73,583.69,586.72,588.88,590.14,590.28,589.74,588.93,587.88,586.61,585.53,584.57,583.60,582.60,581.60,580.63,579.44,578.05,576.53,575.01,573.34,571.42,569.43,567.88,566.40,564.93,563.50,562.16,560.85,554.10,544.02,533.29,526.80,521.98,518.00,514.44,510.73,505.65,500.13,494.91,490.91,489.40,488.90,488.43,487.70,486.78,485.84,485.18,484.81,484.62,484.39,484.18,483.99,483.80,483.57,483.33,483.12,482.88,482.57,482.27,481.94,481.61,481.27,480.96,480.67,480.32,479.76,478.83,477.87,476.95,476.04,475.12,474.21,474.95,476.63,478.71,480.87,483.07,484.86,486.31,487.65,488.46,489.30,490.40,491.94,493.90,496.90,500.34,503.91,507.39,509.86,511.14,511.76,512.35,513.00,513.69,514.41,515.17,515.85,516.27,516.51,516.64,516.66,516.60,516.52,516.42,516.27,516.19,516.10,515.98,515.86,515.78,515.79,515.89,516.05,516.19,516.30,516.47,516.68,516.92,517.23,517.60,517.98,518.35,518.67,519.04,519.38,519.61,519.65,519.63,519.58,519.51,519.44,519.38,519.34,519.33,519.36,519.43,519.50,519.62,519.73,519.81,519.98,522.48,525.96,529.51,532.34,535.08,537.63,541.31,547.99,557.60,564.61,570.52,576.28,581.84,587.20,592.08,596.61,601.12,605.67,609.24,611.96,613.93,615.25,615.98,615.47,613.47,609.93,604.40,597.33,589.55,581.80,574.38,567.33,560.06,552.82,547.46,543.33,539.88,536.89,534.32,531.73,528.55,525.06,521.55,518.17,516.01,516.38,519.13,522.57,526.80
666.90,663.50,659.76,655.47,650.74,646.11,643.57,643.48,643.60,643.18,641.52,639.41,638.90,642.60,646.97,650.17,651.67,653.00,653.27,652.75,651.85,651.27,651.02,650.90,650.86,650.83,650.71,650.44,650.04,649.21,647.23,644.58,641.26,637.30,632.87,629.56,627.36,625.67,624.16,622.81,621.32,619.90,618.61,617.40,616.19,614.92,613.68,612.61,611.54,609.90,607.76,605.20,602.58,601.02,599.31,597.12,594.51,591.36,587.58,583.29,578.53,573.76,575.94,580.23,584.46,588.25,590.21,591.39,591.97,591.70,590.94,589.96,588.74,587.37,586.28,585.32,584.35,583.35,582.36,581.47,580.52,579.35,577.89,576.41,574.51,572.38,570.28,568.59,567.08,565.62,564.23,562.96,561.65,558.49,550.15,537.16,528.96,523.66,519.49,515.75,512.22,507.82,502.90,497.78,493.14,490.79,489.96,489.36,488.56,487.60,486.61,485.66,484.95,484.71,484.47,484.28,484.09,483.86,483.63,483.40,483.21,483.00,482.70,482.39,482.04,481.71,481.44,481.13,480.78,480.40,479.91,479.05,478.08,477.17,476.28,475.36,474.50,474.50,475.52,477.51,479.54,481.53,483.43,485.16,486.42,487.21,487.93,488.70,489.59,490.79,493.54,496.80,500.16,503.82,508.11,510.23,510.69,511.05,511.48,512.08,512.79,513.53,514.22,514.90,515.54,516.09,516.45,516.48,516.43,516.35,516.21,516.13,516.00,515.88,515.79,515.73,515.77,515.89,516.05,516.20,516.36,516.62,516.93,517.28,517.60,517.97,518.36,518.72,519.04,519.41,519.67,519.79,519.77,519.71,519.63,519.59,519.56,519.49,519.42,519.39,519.41,519.49,519.56,519.65,519.73,519.81,519.98,522.56,526.06,529.58,532.47,535.26,537.88,541.86,549.05,558.36,565.25,571.07,576.67,582.09,587.38,592.11,596.36,600.31,603.83,606.20,607.73,608.67,609.55,610.31,610.69,610.12,607.34,602.83,596.54,589.11,581.14,573.38,566.25,558.87,551.50,546.54,542.43,539.05,536.23,533.78,531.22,527.77,523.92,520.21,516.96,515.84,517.12,520.63,525.52,529.62
668.40,664.56,660.75,656.66,652.61,650.20,649.46,650.00,650.39,650.13,648.92,647.28,646.55,649.28,652.94,656.07,658.13,659.85,659.93,659.21,658.23,657.43,656.79,656.49,656.39,656.27,656.01,655.48,654.86,653.99,652.23,649.81,646.67,642.75,637.97,633.63,630.06,627.47,625.93,624.41,622.84,621.28,619.79,618.43,617.14,615.63,614.07,612.69,611.35,609.45,607.00,604.14,601.40,599.25,597.02,594.54,591.87,588.81,585.22,581.14,577.23,576.11,579.95,584.53,588.13,590.59,592.07,593.11,593.51,592.80,591.83,590.73,589.49,588.16,587.03,586.03,585.06,584.10,583.14,582.25,581.33,580.33,579.14,577.68,575.64,573.42,571.24,569.32,567.77,566.36,565.00,563.71,562.33,560.45,554.36,543.03,532.07,525.55,520.90,516.97,513.54,509.94,505.55,501.22,497.87,495.69,494.10,492.18,489.97,488.54,487.46,486.46,485.57,485.00,484.65,484.42,484.19,483.93,483.69,483.46,483.27,483.09,482.81,482.47,482.16,481.85,481.52,481.13,480.81,480.47,480.00,479.24,478.31,477.39,476.48,475.56,474.71,474.36,474.88,476.40,478.37,480.32,482.25,484.01,485.19,485.96,486.66,487.40,488.25,489.20,490.96,493.50,496.72,500.42,505.13,508.56,510.33,510.65,511.02,511.48,511.98,512.49,512.98,513.49,514.06,514.67,515.24,515.65,516.01,516.21,516.14,516.07,515.93,515.81,515.74,515.71,515.77,515.89,516.07,516.31,516.59,516.92,517.27,517.61,517.97,518.34,518.71,519.05,519.41,519.83,520.08,520.10,519.87,519.77,519.70,519.65,519.64,519.56,519.49,519.46,519.48,519.55,519.59,519.65,519.75,519.85,520.01,523.07,526.84,530.22,532.84,535.52,538.25,542.59,550.21,558.84,565.70,571.53,576.86,582.03,587.20,591.65,595.28,598.12,600.36,601.71,602.43,602.87,603.88,605.15,606.33,606.70,604.71,600.87,595.49,588.70,580.48,572.59,565.21,557.60,550.19,545.47,541.51,538.24,535.45,532.82,530.05,526.33,522.33,518.66,515.59,515.88,518.58,522.98,528.19,531.87
669.56,665.35,661.60,657.98,655.16,654.93,655.66,656.49,657.08,656.93,656.06,654.72,653.53,654.56,657.05,659.92,662.63,665.21,665.99,665.76,665.01,664.15,663.17,662.58,662.19,661.68,661.03,660.13,659.16,658.06,656.33,653.99,651.05,647.41,642.82,637.93,633.19,629.57,627.57,625.84,624.14,622.43,620.74,619.21,617.67,615.81,613.89,612.26,610.62,608.32,605.54,602.50,599.65,597.00,594.38,591.75,589.07,586.08,582.69,579.18,576.84,579.38,584.14,588.52,591.49,592.76,593.87,594.69,594.80,593.74,592.58,591.41,590.20,588.94,587.78,586.76,585.80,584.86,583.93,583.00,582.09,581.19,580.22,578.83,576.73,574.46,572.23,570.11,568.47,567.07,565.73,564.37,562.93,561.60,557.77,549.28,535.89,527.81,522.39,518.19,514.89,511.90,508.20,504.97,503.17,501.40,499.20,496.02,492.33,489.88,488.42,487.32,486.35,485.48,484.96,484.63,484.34,484.04,483.81,483.57,483.38,483.19,482.92,482.49,482.15,481.84,481.43,480.99,480.70,480.41,480.00,479.37,478.50,477.59,476.67,475.75,474.88,474.37,474.45,475.39,477.24,479.18,481.12,482.87,483.96,484.73,485.46,486.26,487.20,488.08,489.00,490.76,493.64,497.28,501.93,506.51,509.79,510.41,510.82,511.16,511.48,511.79,512.10,512.40,512.82,513.37,514.00,514.69,515.34,515.77,515.83,515.87,515.83,515.75,515.69,515.71,515.80,515.96,516.19,516.51,516.89,517.26,517.61,517.95,518.32,518.69,519.03,519.38,519.80,520.28,520.58,520.51,520.03,519.85,519.75,519.71,519.69,519.63,519.56,519.53,519.55,519.61,519.63,519.68,519.77,519.95,520.39,524.15,528.12,531.13,533.41,535.94,538.87,543.55,551.34,559.22,566.00,571.79,576.80,581.59,586.45,590.52,593.52,595.24,596.33,596.88,597.10,597.36,598.64,600.43,602.19,603.18,601.93,598.67,594.17,588.07,579.76,571.84,564.15,556.32,548.99,544.41,540.60,537.43,534.62,531.72,528.46,524.48,520.46,517.05,514.54,516.23,520.27,525.44,530.46,533.71
670.30,666.00,662.57,659.85,659.29,660.24,661.59,662.78,663.44,663.44,662.30,660.27,658.16,657.90,660.24,663.62,667.10,670.84,672.87,673.50,673.16,672.29,671.07,669.73,668.26,666.61,665.14,663.91,662.55,660.94,659.07,656.44,653.43,650.08,646.11,641.75,636.98,632.44,628.89,626.96,625.07,623.17,621.31,619.49,617.23,614.76,612.62,611.18,609.23,606.26,602.92,599.60,596.53,593.86,591.26,588.63,585.98,583.11,579.96,578.11,579.20,583.24,588.20,592.22,594.74,595.95,596.63,596.44,595.62,594.43,593.22,592.04,590.87,589.68,588.53,587.55,586.58,585.61,584.68,583.75,582.87,581.96,580.95,579.72,577.71,575.46,573.22,571.03,569.24,567.69,566.25,564.83,563.42,562.17,560.34,555.22,540.94,530.90,524.14,519.49,516.41,513.46,510.95,509.21,508.31,506.98,504.79,501.38,496.86,492.22,489.59,488.16,487.22,486.32,485.54,484.99,484.58,484.29,484.05,483.82,483.60,483.36,483.03,482.34,481.81,481.38,480.94,480.54,480.27,480.05,479.81,479.38,478.61,477.74,476.86,475.93,475.02,474.53,474.31,474.57,476.07,477.97,479.97,481.72,482.74,483.54,484.37,485.29,486.27,487.25,488.23,489.42,491.28,494.72,498.90,503.90,508.31,510.06,510.59,510.95,511.29,511.60,511.91,512.22,512.58,513.00,513.39,513.79,514.19,514.54,514.88,515.33,515.61,515.69,515.64,515.70,515.93,516.24,516.56,516.88,517.26,517.60,517.94,518.30,518.63,518.96,519.31,519.71,520.23,520.86,521.27,521.16,520.40,519.97,519.82,519.75,519.70,519.68,519.66,519.66,519.66,519.68,519.74,519.77,519.82,520.16,521.71,526.49,530.33,532.38,534.38,536.75,540.04,545.04,552.38,559.49,566.02,571.62,576.18,580.30,584.42,587.93,590.46,591.46,591.87,592.11,592.39,593.01,594.55,596.54,598.37,599.45,598.77,596.13,592.31,586.85,578.92,571.09,563.01,555.11,548.13,543.45,539.77,536.65,533.75,530.50,526.22,521.92,518.15,515.44,514.54,517.25,522.11,527.69,531.82,534.85
670.99,666.80,664.45,663.61,664.48,666.13,667.73,668.84,669.22,669.10,667.98,665.92,663.36,662.11,663.99,667.82,672.47,676.22,678.12,678.63,678.24,677.61,676.61,675.01,672.90,670.46,668.23,666.51,664.75,662.74,660.67,657.81,654.66,651.29,647.49,643.25,638.56,633.78,629.61,627.50,625.48,623.48,621.50,619.37,616.49,613.58,611.07,609.07,606.46,603.15,599.70,596.40,593.32,590.63,588.04,585.47,583.03,580.97,579.39,579.55,582.52,587.11,592.11,595.81,597.78,598.43,598.39,597.61,596.45,595.24,594.01,592.80,591.61,590.43,589.28,588.28,587.31,586.35,585.39,584.49,583.56,582.57,581.49,580.35,578.51,576.31,573.94,571.61,569.65,568.07,566.65,565.23,563.89,562.66,561.46,558.10,546.54,534.80,526.29,520.97,517.55,514.70,513.00,512.13,511.69,510.78,509.28,506.45,501.89,495.82,491.78,489.44,488.10,487.21,486.32,485.57,484.97,484.55,484.30,484.07,483.86,483.63,483.22,482.37,481.55,480.90,480.46,480.09,479.83,479.62,479.41,479.07,478.42,477.68,476.92,476.10,475.19,474.73,474.44,474.33,475.07,476.79,478.79,480.58,481.69,482.60,483.53,484.50,485.51,486.51,487.52,488.52,489.84,492.39,496.43,501.50,506.48,509.72,510.52,510.89,511.22,511.53,511.85,512.15,512.49,512.83,513.14,513.45,513.76,514.09,514.49,514.91,515.22,515.44,515.60,515.81,516.12,516.47,516.82,517.16,517.52,517.84,518.18,518.55,518.87,519.18,519.53,519.99,520.73,521.57,521.93,521.68,520.83,520.18,519.92,519.81,519.75,519.75,519.75,519.76,519.78,519.79,519.83,520.53,521.89,523.82,525.82,529.42,532.18,533.75,535.57,537.71,541.28,546.38,552.86,558.91,564.94,570.20,574.29,577.59,580.74,583.22,584.77,585.19,585.26,585.70,586.50,587.76,589.91,592.22,594.24,595.55,595.27,593.19,589.73,584.62,577.25,569.47,561.31,553.59,547.03,542.34,538.68,535.42,532.10,528.11,523.51,519.53,516.20,514.07,515.27,518.96,524.10,529.49,533.00,535.98
671.83,668.04,667.13,668.41,670.25,672.27,673.85,674.64,674.61,674.23,673.25,671.48,668.77,666.76,668.14,672.32,677.96,681.06,682.22,682.16,681.51,681.15,680.52,678.90,676.48,673.54,670.64,668.35,666.14,663.82,661.49,658.39,655.03,651.51,647.64,643.33,638.69,634.00,629.84,627.60,625.54,623.50,621.39,618.86,615.41,612.09,609.08,606.24,602.97,599.53,596.21,593.10,590.17,587.63,585.27,583.03,581.07,580.14,580.53,582.51,586.36,590.95,595.71,599.01,600.41,600.36,599.59,598.48,597.28,596.09,594.86,593.62,592.39,591.18,590.02,588.99,588.02,587.07,586.08,585.18,584.16,583.06,581.91,580.79,579.13,576.93,574.36,571.86,569.81,568.22,566.84,565.43,564.16,562.94,561.67,559.10,551.55,538.84,528.74,522.54,518.52,515.86,514.75,514.41,514.21,513.70,513.13,511.19,506.98,500.06,494.69,491.24,489.22,488.17,487.24,486.33,485.52,484.91,484.58,484.34,484.13,483.91,483.46,482.50,481.40,480.51,480.03,479.69,479.42,479.17,478.91,478.60,478.07,477.48,476.86,476.21,475.39,474.98,474.70,474.42,474.34,475.70,477.59,479.44,480.76,481.82,482.81,483.82,484.82,485.83,486.83,487.84,488.90,490.39,494.26,499.17,504.47,509.30,510.51,510.91,511.24,511.54,511.85,512.15,512.45,512.75,513.05,513.35,513.64,513.97,514.33,514.55,514.79,515.13,515.55,515.93,516.32,516.67,517.01,517.38,517.71,518.02,518.37,518.74,519.05,519.36,519.73,520.29,521.27,522.31,522.59,522.20,521.37,520.56,520.17,519.99,519.91,519.96,520.06,520.23,520.43,520.55,520.79,522.35,525.20,528.78,530.79,532.44,533.86,535.22,536.92,538.88,542.56,547.50,552.91,557.78,563.00,567.66,571.17,573.58,575.75,577.12,577.69,577.75,577.80,578.71,580.22,582.22,585.10,587.75,590.05,591.63,591.61,589.96,586.67,581.77,574.99,567.34,559.24,551.82,545.74,541.07,537.34,533.77,529.84,525.06,520.65,517.27,514.56,513.21,516.43,520.90,525.98,530.93,534.13,537.15
673.55,671.07,671.47,673.64,676.30,678.25,679.38,679.72,679.54,678.96,677.98,676.35,673.70,671.40,672.88,676.92,681.74,683.89,684.64,684.37,683.53,682.96,682.14,680.66,678.45,675.46,672.34,669.40,666.59,663.90,661.28,657.75,654.09,650.39,646.41,642.11,637.14,632.53,629.20,627.10,625.11,623.09,620.74,617.41,613.40,609.37,605.63,602.42,599.33,596.03,592.87,590.05,587.63,585.98,584.94,584.19,583.49,583.67,584.64,586.75,590.37,594.67,598.25,600.56,601.53,601.36,600.46,599.33,598.12,596.86,595.62,594.35,593.11,591.93,590.77,589.69,588.71,587.75,586.70,585.69,584.57,583.37,582.16,580.97,579.21,576.82,574.01,571.42,569.52,567.91,566.34,564.71,563.47,562.31,560.97,558.47,552.32,541.62,531.67,524.17,519.60,517.35,516.78,516.86,516.94,516.70,516.57,515.03,511.10,504.34,498.66,494.49,491.45,489.31,488.26,487.39,486.52,485.71,485.02,484.66,484.42,484.17,483.71,482.73,481.63,480.65,479.94,479.50,479.15,478.78,478.43,478.14,477.61,477.06,476.55,476.05,475.67,475.36,475.05,474.69,474.39,474.93,476.33,478.23,479.89,481.09,482.13,483.13,484.14,485.14,486.15,487.15,488.18,489.42,492.18,496.64,502.44,508.50,510.31,510.92,511.29,511.59,511.85,512.11,512.34,512.56,512.82,513.03,513.27,513.56,513.88,514.20,514.53,514.94,515.45,515.94,516.38,516.78,517.14,517.52,517.84,518.19,518.53,518.88,519.23,519.55,520.03,520.77,521.82,522.86,523.24,523.02,522.32,521.63,521.13,520.74,520.56,520.95,521.61,522.57,523.60,524.44,526.08,527.68,529.49,531.57,533.09,534.40,535.65,536.94,538.51,540.71,543.90,547.90,552.35,556.05,559.50,562.65,565.24,566.79,568.43,569.60,570.27,570.75,571.48,572.91,574.93,577.56,580.75,583.66,586.24,588.07,588.00,586.31,583.12,578.41,571.92,564.75,556.76,549.62,544.07,539.38,535.46,531.21,526.50,521.78,518.21,515.25,513.59,514.30,517.89,522.20,526.96,531.74,535.47,538.53
675.96,674.95,676.35,678.96,681.94,683.80,684.64,684.65,684.28,683.61,682.57,681.00,678.63,676.18,677.36,680.92,685.05,686.61,686.92,686.37,685.30,684.27,683.05,681.56,679.50,676.55,673.31,670.00,666.74,663.50,660.02,656.09,652.09,648.09,643.93,639.24,634.44,630.48,627.95,626.01,624.15,622.04,619.23,614.95,610.38,605.93,601.96,598.82,595.92,593.03,590.54,588.65,587.14,586.54,586.67,587.08,587.30,588.13,589.27,591.15,594.21,597.78,600.20,601.74,602.48,602.21,601.24,600.09,598.88,597.58,596.34,595.08,593.86,592.70,591.54,590.43,589.38,588.33,587.17,586.01,584.77,583.50,582.24,580.96,579.02,576.46,573.49,570.80,568.85,567.16,565.45,563.69,562.43,560.76,558.59,555.63,551.09,543.05,534.03,526.01,521.44,519.52,519.35,519.79,520.12,519.94,519.83,518.52,514.98,508.45,502.72,498.16,494.47,491.52,489.88,488.68,487.63,486.68,485.75,485.23,484.83,484.44,483.97,483.00,481.96,480.96,480.10,479.53,479.09,478.65,478.21,477.88,477.36,476.85,476.43,476.16,476.07,475.87,475.54,475.13,474.76,474.69,475.45,477.00,478.85,480.31,481.44,482.45,483.45,484.48,485.52,486.56,487.60,488.76,490.57,494.47,500.38,507.19,509.91,510.81,511.15,511.37,511.58,511.81,512.00,512.18,512.43,512.65,512.91,513.19,513.51,513.89,514.32,514.81,515.36,515.90,516.40,516.84,517.24,517.62,517.93,518.30,518.66,519.00,519.36,519.70,520.28,521.14,522.15,523.14,523.75,523.89,523.49,522.90,522.38,522.00,521.99,522.90,523.99,525.46,527.03,528.32,530.38,531.81,532.87,533.92,535.10,536.30,537.51,538.79,540.24,542.27,544.58,547.22,550.27,552.76,554.83,556.77,558.45,559.35,560.47,561.39,562.18,563.16,564.59,566.78,569.63,573.03,576.58,579.88,582.73,584.65,584.49,582.60,579.21,574.53,568.49,561.84,554.28,547.46,542.10,537.46,533.22,528.26,523.03,518.89,515.82,513.60,513.19,515.50,519.11,523.29,527.82,532.44,536.58,539.63
679.32,679.78,681.77,684.42,687.13,688.90,689.69,689.57,688.96,688.26,687.14,685.60,683.67,681.18,681.51,684.23,688.06,689.45,689.24,688.27,686.89,685.23,683.44,681.74,679.70,676.81,673.49,670.11,666.57,662.55,657.58,653.27,648.90,644.43,640.03,634.60,630.68,628.00,626.10,624.30,622.54,620.14,616.58,611.33,606.26,601.85,598.34,595.82,593.09,590.93,589.74,589.51,589.31,589.77,590.66,591.60,592.18,593.09,594.10,595.59,597.85,600.18,601.65,602.75,603.44,603.01,601.95,600.77,599.57,598.26,597.02,595.83,594.66,593.50,592.34,591.19,590.01,588.80,587.50,586.15,584.77,583.41,582.10,580.75,578.57,575.86,572.88,570.04,567.79,565.93,564.17,562.40,561.02,558.15,554.35,550.53,548.16,543.03,535.70,528.27,524.20,522.53,522.60,523.30,523.81,523.46,522.99,521.80,518.84,512.41,506.71,502.08,498.25,494.99,492.25,490.28,488.85,487.80,486.82,486.10,485.42,484.77,484.25,483.33,482.37,481.43,480.54,479.83,479.31,478.81,478.30,477.86,477.38,476.92,476.62,476.62,476.62,476.50,476.20,475.76,475.38,475.04,475.08,475.79,477.61,479.44,480.74,481.76,482.78,483.84,484.96,486.07,487.15,488.31,489.53,492.80,498.29,505.21,509.26,510.55,510.77,510.82,510.98,511.19,511.39,511.58,511.89,512.24,512.60,512.95,513.27,513.65,514.14,514.71,515.30,515.84,516.37,516.86,517.30,517.68,518.00,518.36,518.75,519.11,519.44,519.80,520.46,521.36,522.25,523.17,524.08,524.74,524.83,524.33,523.88,523.76,524.26,525.84,527.16,528.69,530.33,531.65,532.83,533.93,535.01,536.08,537.18,538.28,539.45,540.70,542.00,543.27,544.28,545.21,546.32,547.59,548.90,550.10,551.02,551.52,552.10,552.66,553.42,554.85,556.80,560.02,564.05,568.43,572.44,576.27,579.37,581.21,580.98,578.78,574.90,570.08,564.72,558.57,551.79,545.34,539.82,535.29,530.55,524.95,519.58,516.49,513.49,512.41,513.47,516.57,520.01,524.23,528.68,533.12,537.35,540.34
686.58,687.55,689.40,691.46,693.33,694.77,695.47,695.34,694.74,693.96,692.82,691.21,689.04,686.73,686.58,688.39,691.21,691.93,690.91,689.35,687.64,685.70,683.69,681.78,679.53,676.48,673.09,669.09,664.63,659.63,653.95,649.01,643.88,638.72,634.33,630.51,627.84,625.84,624.14,622.41,619.63,615.92,611.43,606.48,602.04,598.42,596.11,595.54,594.64,593.90,594.02,594.98,595.43,596.04,596.88,597.75,598.33,598.89,599.61,600.46,601.48,602.83,603.98,604.49,604.27,603.50,602.45,601.33,600.18,598.95,597.71,596.53,595.35,594.16,593.00,591.85,590.69,589.47,588.05,586.52,584.94,583.36,581.79,580.09,577.59,574.76,571.89,569.11,566.63,564.46,562.50,560.56,557.96,554.38,550.79,547.92,546.08,542.93,538.35,532.85,527.68,526.49,526.84,527.50,527.77,526.93,526.76,526.49,524.38,517.30,510.39,505.33,501.68,498.61,495.80,493.27,490.95,488.99,487.93,487.13,486.38,485.64,484.99,484.18,483.31,482.43,481.50,480.38,479.61,479.00,478.47,477.96,477.50,477.20,477.09,477.13,477.16,477.10,476.85,476.43,476.04,475.66,475.28,475.28,476.51,478.29,479.78,480.98,482.04,483.12,484.22,485.32,486.42,487.58,488.78,491.31,495.53,501.64,507.96,510.16,510.42,510.39,510.43,510.69,510.98,511.26,511.58,511.95,512.34,512.70,513.03,513.48,514.04,514.64,515.24,515.78,516.28,516.79,517.28,517.74,518.10,518.45,518.81,519.19,519.54,519.99,520.67,521.56,522.45,523.34,524.27,525.11,525.61,525.67,525.38,525.27,525.95,528.19,529.80,531.30,532.79,534.13,535.12,536.09,537.13,538.21,539.29,540.40,541.54,542.41,542.40,542.41,541.96,541.13,540.33,540.68,541.34,542.11,542.89,543.47,544.11,544.85,545.72,546.96,549.04,552.45,557.01,562.38,567.06,570.93,573.94,575.79,575.62,573.43,569.74,565.32,560.57,554.86,548.46,542.36,537.10,532.48,526.67,520.95,516.30,513.77,511.76,512.31,514.56,517.74,521.21,525.37,529.73,534.03,537.99,540.79
694.55,695.59,696.99,698.35,699.45,700.45,701.00,700.92,700.44,699.67,698.60,697.04,694.75,692.77,692.22,692.95,694.34,694.07,692.26,690.11,688.02,685.88,683.75,681.61,679.10,675.87,672.44,667.61,661.93,655.87,649.98,644.40,638.63,633.12,629.11,627.05,625.39,623.66,621.77,619.56,615.72,610.92,605.92,601.85,598.81,596.61,595.82,597.09,598.04,598.70,599.87,601.57,602.35,602.86,603.47,604.12,604.50,604.68,605.01,605.16,604.99,605.35,606.04,605.88,604.81,603.74,602.71,601.67,600.61,599.54,598.35,597.17,595.99,594.78,593.63,592.45,591.31,590.10,588.56,586.81,584.97,583.14,581.31,579.21,576.41,573.52,570.76,568.10,565.49,563.10,560.95,558.84,555.26,551.36,548.42,546.80,545.17,543.54,541.45,537.98,532.28,531.27,531.46,531.68,531.45,530.10,530.21,530.67,529.38,522.51,514.37,508.58,504.88,502.09,499.45,496.63,493.59,490.70,489.26,488.25,487.39,486.60,485.85,485.16,484.40,483.56,482.56,481.08,479.99,479.23,478.69,478.15,477.68,477.55,477.63,477.65,477.71,477.70,477.50,477.12,476.73,476.35,475.70,475.13,475.59,477.10,478.70,480.11,481.24,482.32,483.40,484.50,485.62,486.80,488.08,489.94,492.90,497.96,505.37,508.30,509.11,509.65,509.69,510.16,510.64,511.01,511.33,511.70,512.09,512.45,512.82,513.36,513.96,514.57,515.16,515.70,516.18,516.70,517.24,517.76,518.19,518.54,518.88,519.26,519.65,520.17,520.89,521.76,522.67,523.54,524.46,525.41,526.27,526.85,526.77,526.67,527.34,530.01,532.12,533.71,535.05,536.38,537.44,538.43,539.38,540.29,541.26,542.11,542.87,543.06,541.52,540.05,538.13,535.86,533.75,533.49,533.66,534.12,534.83,535.51,536.38,537.40,538.42,539.46,541.71,545.19,550.00,555.98,561.07,564.87,567.71,569.50,569.45,567.48,564.21,560.35,556.12,550.82,544.83,539.17,534.15,529.03,522.47,516.97,513.20,511.28,510.56,512.58,515.75,518.94,522.50,526.58,530.75,534.74,538.19,540.75
701.55,702.02,702.66,703.51,704.46,704.93,705.16,705.20,704.97,704.56,703.82,702.70,701.20,699.91,698.83,698.01,697.23,695.51,693.15,690.56,687.98,685.59,683.32,680.93,678.18,674.84,671.48,665.59,658.39,651.19,645.92,639.91,634.13,629.45,626.88,625.06,623.32,621.21,618.21,613.92,609.84,605.49,601.29,598.91,598.66,599.21,600.28,601.98,603.54,604.89,606.34,607.79,608.48,608.93,609.41,609.78,609.73,609.75,609.53,608.99,608.13,607.33,606.56,605.65,604.57,603.49,602.42,601.42,600.57,599.88,598.88,597.70,596.53,595.40,594.24,593.04,591.79,590.43,588.72,586.63,584.43,582.40,580.49,578.00,575.14,572.27,569.55,567.03,564.57,562.31,560.17,557.93,555.08,551.62,549.13,548.17,547.14,546.40,545.12,542.92,539.69,537.73,536.42,535.29,534.02,532.39,532.16,532.17,531.36,527.95,519.55,512.38,507.68,505.01,502.43,499.97,497.18,493.98,491.26,489.47,488.24,487.37,486.71,486.08,485.46,484.67,483.51,482.01,480.58,479.60,479.06,478.53,478.05,477.98,478.14,478.20,478.27,478.33,478.19,477.80,477.42,477.03,476.36,475.53,475.11,476.03,477.46,478.95,480.28,481.39,482.47,483.61,484.83,486.09,487.30,488.78,491.19,495.31,499.38,502.07,504.83,507.87,508.32,509.50,510.40,510.76,511.08,511.45,511.84,512.24,512.70,513.28,513.89,514.49,515.03,515.58,516.11,516.64,517.18,517.72,518.23,518.63,518.99,519.32,519.72,520.31,521.07,521.94,522.86,523.73,524.74,525.88,526.99,527.60,527.85,527.88,528.33,530.73,533.82,535.98,537.34,538.67,540.01,541.28,542.06,542.27,542.81,542.44,541.77,540.60,537.88,534.65,531.41,528.67,527.08,526.84,527.00,527.21,527.48,528.07,529.16,530.33,531.47,532.82,535.65,539.56,544.32,549.65,554.27,558.03,560.71,562.21,562.38,560.95,558.32,554.96,551.04,546.16,541.00,536.01,530.89,524.18,518.29,513.60,510.47,509.77,510.46,513.12,516.57,520.06,523.83,527.83,531.52,534.66,537.18,539.45
707.76,707.92,708.14,708.46,708.86,709.04,709.11,709.11,708.94,708.53,707.97,707.24,706.19,704.79,703.16,701.26,698.97,696.37,693.60,690.78,687.99,685.31,682.72,679.96,676.95,673.60,669.74,663.01,655.14,647.58,642.01,635.72,630.64,627.17,625.11,623.23,620.69,617.46,613.56,609.29,605.54,602.70,600.96,600.66,601.92,603.61,605.24,606.62,608.08,609.38,610.59,611.66,612.29,612.77,613.23,613.51,613.30,613.07,612.03,610.59,609.14,607.86,606.53,605.32,604.23,603.17,602.18,601.36,600.71,600.19,599.38,598.20,596.96,595.77,594.52,593.24,591.91,590.47,588.67,586.43,584.12,581.93,579.81,577.16,574.29,571.41,568.77,566.74,564.96,563.21,561.39,559.49,557.38,554.45,551.94,550.48,549.63,549.23,548.40,546.97,544.90,542.39,540.01,538.00,536.39,534.73,534.12,533.56,532.57,530.67,524.71,517.52,511.36,508.02,505.28,502.91,500.38,497.46,494.28,491.33,489.33,488.23,487.60,487.00,486.46,485.77,484.70,483.34,481.72,480.34,479.41,478.87,478.41,478.38,478.58,478.72,478.82,478.91,478.81,478.46,478.13,477.73,477.04,476.11,475.30,475.36,476.35,477.76,479.17,480.42,481.58,482.77,484.01,485.26,486.54,487.93,489.90,493.01,495.75,498.34,501.47,504.93,506.38,508.33,509.79,510.51,510.83,511.20,511.61,512.06,512.60,513.21,513.81,514.39,514.95,515.49,516.04,516.56,517.07,517.62,518.15,518.63,519.05,519.42,519.79,520.46,521.28,522.20,523.24,524.28,525.44,526.64,527.72,528.25,528.61,528.81,529.42,532.16,535.72,538.48,540.47,542.26,543.59,544.04,543.60,542.56,542.25,540.64,538.44,535.83,532.39,528.45,525.07,522.51,521.05,520.53,520.54,520.62,520.76,521.46,522.73,524.29,525.89,527.47,530.03,533.32,537.58,542.85,547.61,551.47,554.12,555.52,555.82,554.83,552.69,549.77,546.14,541.54,536.84,531.89,526.27,519.56,514.27,510.72,508.95,509.38,511.13,514.16,517.72,521.38,525.21,528.86,531.96,534.47,536.62,538.80
713.56,713.46,713.39,713.25,712.97,712.97,712.94,712.75,712.51,711.89,711.37,710.88,709.98,708.09,705.88,703.15,699.83,696.76,693.70,690.76,687.88,684.88,681.94,678.74,675.48,672.13,667.50,660.11,652.06,644.54,638.12,631.90,627.93,625.67,623.55,621.27,617.56,613.08,608.71,605.87,603.11,602.30,603.48,605.08,606.83,608.58,609.98,610.74,611.77,612.68,613.48,614.17,614.78,615.33,615.86,616.18,615.90,615.30,613.32,610.91,608.92,607.55,606.17,604.94,603.87,602.85,602.03,601.43,600.94,600.44,599.83,598.62,597.26,595.93,594.55,593.17,591.78,590.28,588.42,586.18,583.87,581.59,579.27,576.62,573.83,571.05,568.60,567.18,566.25,565.12,563.76,562.36,560.87,558.49,555.75,553.33,552.42,551.97,551.33,550.28,548.57,545.92,542.86,540.19,538.46,536.93,535.93,534.79,533.33,531.76,529.29,523.07,515.71,511.25,508.14,505.62,503.29,500.86,497.75,493.73,490.85,489.34,488.53,487.94,487.44,486.86,485.99,484.85,483.17,481.38,479.88,479.21,478.78,478.75,478.97,479.19,479.36,479.46,479.38,479.09,478.84,478.43,477.72,476.80,475.88,475.08,475.45,476.60,478.00,479.43,480.71,481.95,483.18,484.39,485.79,487.25,488.89,491.05,493.57,496.13,498.79,501.58,504.18,506.81,508.89,510.17,510.57,510.96,511.41,511.92,512.53,513.14,513.71,514.29,514.88,515.42,515.96,516.47,516.96,517.50,518.04,518.58,519.08,519.51,519.88,520.65,521.57,522.58,523.81,525.08,526.38,527.57,528.45,528.84,529.37,529.95,531.12,534.45,538.10,541.34,544.09,546.30,547.11,546.10,543.96,541.42,539.94,537.15,533.62,529.76,525.90,521.94,519.00,516.89,515.32,514.38,514.10,514.05,514.25,515.13,516.41,518.37,520.58,522.36,524.47,526.86,530.49,535.81,540.91,544.98,547.74,549.23,549.65,548.98,547.20,544.61,541.24,536.82,532.25,527.00,520.94,515.15,510.59,508.40,508.33,509.76,512.27,515.50,519.06,522.81,526.64,529.79,532.29,534.37,536.46,538.71
719.46,718.65,718.00,717.73,717.35,717.04,716.67,716.20,715.62,714.67,713.88,713.11,711.80,709.88,706.94,703.36,699.58,696.38,693.28,690.17,687.01,683.75,680.51,677.15,673.71,670.04,665.01,657.21,649.01,641.33,633.77,629.21,626.34,624.15,621.77,618.08,613.57,609.19,606.06,605.76,605.81,606.61,608.10,609.43,610.26,611.16,612.07,612.85,613.91,614.91,615.86,616.70,617.28,617.84,618.58,619.07,618.35,617.17,614.44,611.25,608.67,607.19,605.81,604.57,603.55,602.73,602.11,601.58,601.06,600.54,599.98,598.66,597.15,595.73,594.29,592.85,591.41,589.83,587.82,585.55,583.30,581.14,578.98,576.43,574.25,572.20,570.34,569.16,568.34,567.33,566.11,564.71,563.15,561.08,558.64,556.29,555.15,554.41,553.50,552.31,550.85,548.96,545.85,542.36,539.53,538.07,536.85,535.51,534.02,532.54,530.92,526.70,520.83,515.35,511.44,508.38,505.76,503.33,500.59,497.08,493.91,491.43,489.76,488.99,488.52,487.95,487.10,486.11,484.77,483.00,481.04,479.71,479.19,479.13,479.31,479.58,479.79,479.94,479.93,479.72,479.53,479.08,478.37,477.48,476.56,475.67,475.25,475.63,477.03,478.44,479.80,481.09,482.34,483.65,485.09,486.56,488.08,489.82,491.98,494.43,497.00,499.61,502.25,504.93,507.42,509.37,510.25,510.75,511.27,511.85,512.46,513.04,513.62,514.20,514.76,515.30,515.85,516.37,516.89,517.43,517.97,518.51,519.04,519.56,520.09,521.09,522.25,523.46,524.74,526.05,527.37,528.45,529.06,529.40,530.97,533.15,535.79,539.09,542.32,545.35,547.82,548.79,547.23,544.70,541.50,537.78,534.62,531.19,527.53,523.66,519.62,516.10,513.20,510.89,509.26,507.97,507.10,506.74,506.99,507.76,508.28,509.91,512.36,514.73,517.92,521.12,524.70,529.04,533.66,537.96,541.23,543.24,544.01,543.33,541.50,538.95,535.76,531.42,526.29,521.05,515.96,511.15,508.18,507.62,508.82,510.84,513.59,516.81,520.38,524.28,528.12,530.84,533.04,535.04,537.08,539.56
724.95,723.41,722.02,721.51,721.09,720.55,719.92,719.17,718.21,716.80,715.43,714.06,712.33,710.28,706.81,702.74,698.82,695.55,692.38,689.04,685.53,682.04,678.34,674.73,671.12,667.12,661.84,653.92,645.39,637.33,630.37,627.17,624.93,622.53,619.45,614.58,610.41,607.41,606.10,607.49,609.30,610.90,612.17,613.01,612.98,613.25,613.89,614.75,615.84,616.94,618.63,620.75,621.73,621.74,621.80,621.70,620.52,619.00,615.93,612.28,609.10,607.28,605.66,604.33,603.35,602.69,602.16,601.64,601.10,600.55,599.95,598.56,596.95,595.44,593.92,592.40,590.88,589.22,587.20,585.32,583.45,581.62,579.80,577.74,576.31,574.98,573.62,572.45,571.27,570.00,568.59,566.97,565.23,563.29,561.13,558.96,557.51,556.41,555.21,553.86,552.52,551.14,548.49,544.91,541.18,539.07,537.55,536.13,534.69,533.27,531.95,529.42,525.28,519.59,514.88,511.21,508.17,505.53,503.01,500.16,497.35,494.80,492.85,491.70,490.74,489.66,488.37,487.33,486.20,484.62,482.57,480.63,479.80,479.60,479.72,480.01,480.25,480.41,480.42,480.27,480.10,479.69,479.03,478.20,477.27,476.39,475.49,475.19,476.12,477.45,478.85,480.18,481.49,482.90,484.35,485.82,487.29,488.81,490.60,492.92,495.45,498.02,500.59,503.24,505.90,508.31,509.86,510.58,511.16,511.76,512.38,512.94,513.53,514.11,514.67,515.21,515.75,516.29,516.84,517.39,517.93,518.48,519.03,519.64,520.48,521.77,523.13,524.44,525.74,527.05,528.30,529.44,530.46,531.53,533.99,537.10,540.37,543.45,546.16,548.57,550.13,549.42,545.72,541.52,537.23,532.87,528.85,524.92,521.02,517.14,513.30,510.17,507.38,505.15,503.86,502.64,501.64,501.22,501.49,502.05,502.07,503.13,505.08,507.14,510.15,513.53,517.37,521.83,526.46,530.88,534.38,536.69,537.69,537.00,535.14,532.63,529.52,525.34,520.17,515.30,511.29,507.94,506.89,507.75,509.76,512.16,514.98,518.16,521.76,525.75,529.39,531.81,533.89,535.96,538.09,541.21
729.75,727.59,725.36,724.37,723.82,723.18,722.39,721.40,720.04,718.02,715.78,713.55,711.48,709.05,705.38,701.32,697.58,694.24,690.94,687.28,683.38,679.65,675.25,671.26,667.45,663.18,657.79,650.08,641.00,632.41,628.36,625.81,623.56,620.77,616.44,611.03,608.71,608.47,609.33,611.01,612.84,614.22,615.08,615.57,615.04,615.15,615.90,616.94,618.06,619.21,622.21,626.80,628.62,627.42,625.60,623.91,622.32,620.79,617.91,614.19,610.44,607.97,605.86,604.29,603.33,602.75,602.15,601.58,601.04,600.47,599.74,598.34,596.72,595.11,593.45,591.84,590.21,588.49,586.71,585.77,584.71,583.42,582.09,581.00,580.31,579.56,578.51,577.12,575.16,573.19,571.25,569.19,567.26,565.27,563.24,561.21,559.37,557.89,556.46,555.03,553.65,552.26,550.60,547.92,543.82,540.08,538.13,536.72,535.34,534.00,532.74,531.23,528.61,523.78,518.43,514.13,510.58,507.54,504.98,502.69,500.97,499.66,498.29,496.56,494.52,492.24,489.97,488.60,487.40,486.09,484.42,482.11,480.70,480.22,480.28,480.51,480.74,480.87,480.86,480.70,480.53,480.23,479.69,478.94,478.02,477.10,476.18,475.43,475.29,476.47,477.85,479.23,480.62,482.07,483.54,485.01,486.48,487.94,489.42,491.55,494.03,496.65,499.27,501.85,504.43,507.01,509.41,510.44,511.06,511.64,512.26,512.86,513.42,514.01,514.62,515.16,515.71,516.25,516.81,517.40,517.95,518.49,519.06,519.81,521.13,522.71,524.19,525.49,526.75,528.08,529.22,530.67,533.03,535.76,538.75,541.60,544.25,546.94,549.08,550.42,550.39,547.74,542.57,536.62,531.13,526.75,523.05,518.71,514.22,510.10,506.95,504.05,501.56,499.89,499.45,498.87,498.41,498.31,498.59,498.83,498.86,499.20,499.77,500.31,501.20,503.60,507.92,514.07,519.52,523.87,527.15,529.37,530.35,529.69,527.94,525.49,522.38,518.50,514.13,510.10,507.07,505.81,506.91,508.84,511.07,513.67,516.43,519.59,523.22,527.20,530.38,532.66,534.81,537.08,539.53,543.78
732.32,730.33,728.05,726.25,724.80,723.60,722.36,720.91,719.12,716.93,714.54,712.13,709.82,707.03,703.40,699.55,695.95,692.63,689.10,685.25,681.02,676.36,671.63,667.41,663.36,658.82,653.21,645.01,636.47,629.58,626.75,624.43,621.99,618.57,613.33,610.33,609.96,610.94,612.51,614.34,616.16,617.41,617.95,617.89,617.02,617.19,618.93,622.43,626.16,627.99,629.83,631.97,631.99,629.90,627.62,625.63,623.74,621.60,618.57,614.97,611.29,608.44,606.25,604.75,603.81,603.07,602.30,601.57,600.92,600.33,599.44,598.03,596.45,594.85,593.20,591.70,590.28,589.01,588.13,587.67,587.00,586.09,585.05,584.14,583.21,582.30,581.33,580.06,578.36,576.31,574.04,571.65,569.32,567.16,565.09,563.03,560.97,559.18,557.63,556.20,554.73,553.30,551.84,549.81,546.47,541.59,539.00,537.40,536.05,534.71,533.45,532.19,530.41,527.15,521.83,517.07,513.00,509.56,506.95,505.20,503.97,502.99,501.92,500.62,498.80,496.44,493.59,490.82,488.83,487.25,485.72,483.78,482.22,481.27,480.91,481.06,481.21,481.28,481.26,481.11,480.85,480.55,480.13,479.58,478.84,477.94,477.01,476.12,475.49,475.72,476.82,478.19,479.60,481.06,482.53,484.02,485.51,486.99,488.46,490.30,492.57,495.24,497.91,500.60,503.36,506.14,508.81,510.16,510.92,511.51,512.13,512.71,513.26,513.98,514.86,515.52,516.08,516.62,517.18,517.75,518.29,518.84,519.49,520.43,521.93,523.57,525.13,526.59,528.01,529.74,531.73,534.10,537.00,540.06,542.92,545.52,547.82,549.72,550.76,550.42,548.42,544.06,537.67,531.41,525.87,521.20,516.86,512.48,508.20,504.42,501.89,499.61,497.87,496.91,496.85,496.43,496.26,496.38,496.71,496.97,497.03,497.29,497.67,497.88,498.40,499.97,503.34,508.88,514.73,518.54,521.06,522.63,523.06,522.38,520.67,518.38,515.70,512.50,508.92,506.25,505.30,506.04,507.96,510.18,512.50,515.02,517.70,520.79,524.36,528.22,531.40,533.82,536.06,538.61,542.18,547.04
733.67,731.84,729.56,726.92,724.56,722.77,721.07,719.22,717.13,714.93,712.63,710.27,707.78,704.75,701.23,697.59,694.10,690.84,687.13,683.04,678.42,672.83,667.83,663.36,658.99,654.15,648.30,639.73,632.14,627.43,625.18,622.97,620.22,616.41,611.54,611.26,612.41,613.95,615.68,617.50,619.21,620.35,620.75,620.48,619.93,620.89,623.94,629.33,634.91,637.08,637.32,636.36,634.31,631.56,629.14,627.07,624.81,621.97,618.71,615.25,611.81,608.79,606.76,605.43,604.50,603.58,602.66,601.76,600.98,600.28,599.22,597.83,596.37,594.91,593.40,592.07,590.94,590.19,590.13,589.88,589.41,588.76,587.96,587.05,585.71,584.50,583.51,582.38,581.05,579.13,576.75,574.13,571.44,569.05,566.85,564.71,562.49,560.46,558.78,557.30,555.78,554.31,552.82,551.23,548.81,543.47,540.09,538.09,536.76,535.41,534.15,532.91,531.63,529.79,525.10,520.09,515.53,511.79,509.22,507.89,506.92,506.00,505.10,504.34,503.02,500.88,497.69,493.61,490.50,488.32,486.79,485.30,483.73,482.41,481.61,481.60,481.67,481.69,481.65,481.49,481.13,480.81,480.50,480.14,479.60,478.79,477.88,476.96,476.06,475.35,475.95,477.14,478.55,480.01,481.47,482.98,484.49,485.98,487.51,489.12,491.13,493.74,496.45,499.22,502.10,505.06,507.92,509.77,510.75,511.36,511.95,512.49,513.12,514.06,515.21,516.02,516.62,517.16,517.70,518.24,518.77,519.36,520.14,521.27,522.85,524.48,526.10,527.73,529.52,531.85,534.79,538.01,541.21,544.26,546.80,549.08,550.96,551.75,551.44,549.37,545.50,539.65,532.57,526.44,521.02,515.87,510.85,506.59,502.75,499.46,497.40,495.80,494.88,494.58,494.75,494.43,494.47,494.74,495.13,495.49,495.60,495.98,496.49,496.75,497.39,498.37,500.50,504.63,510.22,513.61,515.59,516.52,516.25,515.22,513.27,511.05,509.13,506.93,504.67,503.75,504.84,507.11,509.40,511.68,513.99,516.38,518.92,521.84,525.17,528.77,531.94,534.73,537.44,540.64,545.41,550.75
733.13,730.65,727.84,724.61,722.03,719.95,718.02,716.13,714.24,712.17,710.02,707.78,705.26,702.34,698.93,695.35,691.89,688.76,685.07,680.55,675.20,669.29,663.97,658.99,654.07,648.88,642.82,634.86,628.66,625.53,623.38,621.17,617.93,614.80,614.13,614.78,615.99,617.40,618.87,620.27,621.56,622.63,623.43,624.10,625.89,629.82,634.37,637.70,640.30,641.11,640.65,639.07,636.51,633.47,630.71,628.13,625.18,621.82,618.41,615.00,611.69,608.98,607.39,606.29,605.37,604.44,603.51,602.56,601.60,600.60,599.32,598.10,596.98,595.95,594.85,593.73,592.84,592.33,592.23,591.82,591.23,590.65,590.14,589.29,587.92,586.63,585.54,584.26,582.77,581.06,579.03,576.48,573.75,571.04,568.53,566.27,563.98,561.84,559.93,558.25,556.77,555.30,553.75,552.16,550.12,546.06,541.64,538.71,537.41,536.14,534.89,533.63,532.34,530.86,528.05,523.33,518.47,514.71,512.48,511.19,510.24,509.37,508.50,507.69,506.56,504.64,501.44,497.35,492.71,489.36,487.61,486.08,484.62,483.38,482.47,482.09,482.11,482.13,482.02,481.76,481.44,481.12,480.81,480.49,480.10,479.56,478.75,477.83,476.90,475.98,475.60,476.15,477.54,478.96,480.41,481.89,483.39,484.92,486.46,488.02,489.81,492.04,494.70,497.30,499.94,502.85,506.28,509.18,510.53,511.09,511.64,512.13,513.15,514.41,515.68,516.62,517.28,517.85,518.37,518.86,519.39,520.18,521.16,522.38,523.97,525.63,527.25,529.03,531.58,534.79,538.12,541.47,544.88,548.04,550.28,552.02,552.99,551.99,550.04,546.60,541.52,534.77,528.42,522.55,516.68,510.74,505.81,501.77,498.37,495.57,493.57,492.46,492.12,492.26,492.61,492.60,492.83,493.19,493.57,493.95,494.21,494.69,495.29,495.73,496.49,497.44,498.83,501.09,504.66,508.48,511.09,511.97,510.97,508.60,505.49,503.02,502.44,501.91,502.74,504.31,506.35,508.72,511.13,513.39,515.57,517.85,520.13,522.55,525.22,528.16,530.87,534.54,538.93,543.89,549.38,555.31
730.98,727.70,724.17,720.32,717.70,715.70,713.92,712.26,710.75,708.84,706.89,704.89,702.55,699.58,696.21,692.80,689.58,686.60,682.99,677.75,671.21,664.84,659.47,654.20,648.73,642.96,636.93,630.99,626.57,623.96,621.56,619.86,617.96,616.65,617.53,618.39,619.36,620.44,621.59,622.74,623.93,625.21,626.87,629.57,632.75,636.92,640.72,642.57,643.81,643.98,643.17,641.41,639.06,636.36,633.50,630.37,626.65,622.95,619.24,615.61,612.25,609.51,608.08,607.08,606.12,605.13,604.16,603.18,602.17,601.13,599.96,599.02,598.21,597.43,596.53,595.51,594.80,594.40,594.02,593.41,592.71,592.13,591.71,590.89,589.73,588.57,587.41,585.99,584.36,582.66,580.79,578.51,575.80,572.87,570.08,567.58,565.32,563.16,561.13,559.28,557.70,556.19,554.61,553.02,551.25,548.45,543.80,540.11,538.18,536.91,535.66,534.36,533.07,531.76,530.05,526.28,521.88,518.15,516.29,515.12,514.27,513.53,512.65,511.77,510.47,508.45,505.28,500.97,495.60,491.18,488.42,486.82,485.21,483.92,483.03,482.58,482.59,482.54,482.35,482.01,481.70,481.39,481.10,480.81,480.50,480.11,479.51,478.73,477.76,476.74,475.87,475.74,476.53,477.90,479.36,480.82,482.31,483.86,485.40,486.97,488.63,490.55,492.99,495.43,497.88,500.38,502.89,505.01,508.17,510.80,511.38,512.17,513.45,514.85,516.18,517.22,517.95,518.54,519.06,519.56,520.15,521.15,522.33,523.54,524.97,526.64,528.48,530.73,534.07,537.84,541.39,544.73,547.89,550.60,552.28,553.06,552.68,550.55,547.34,542.73,536.92,530.31,524.48,517.88,511.23,505.41,500.79,496.86,494.09,492.40,491.15,490.65,490.76,491.22,491.79,492.19,492.55,492.91,493.30,493.68,493.99,494.37,494.78,495.09,495.59,496.42,497.48,498.82,500.89,503.63,505.56,506.14,505.31,503.46,501.18,499.62,499.92,500.81,503.13,505.80,508.30,510.76,513.37,515.64,517.61,519.59,521.63,523.68,525.85,528.32,531.51,536.49,542.22,548.07,553.54,559.13
727.44,723.19,718.84,714.49,711.92,710.27,708.91,707.69,706.61,704.98,703.25,701.49,699.46,696.44,693.15,690.00,687.14,684.34,680.61,674.52,666.73,659.97,654.69,649.27,643.30,636.96,631.37,628.02,625.38,622.72,620.17,619.31,619.63,620.48,621.14,621.82,622.48,623.19,624.04,625.06,626.54,628.39,631.15,636.00,639.73,642.46,644.29,645.21,646.16,646.21,645.30,643.59,641.79,639.74,637.01,633.46,629.07,625.12,621.01,617.01,613.45,610.40,608.85,607.78,606.76,605.71,604.70,603.71,602.73,601.80,600.92,600.32,599.76,599.10,598.28,597.33,596.73,596.32,595.59,594.78,593.99,593.36,592.89,592.08,591.24,590.28,589.10,587.57,585.84,584.02,582.19,580.23,577.59,574.55,571.49,568.70,566.48,564.38,562.29,560.30,558.58,557.02,555.42,553.83,552.27,550.52,546.37,542.17,539.16,537.76,536.46,535.15,533.87,532.63,531.38,528.88,525.39,521.74,520.23,519.24,518.52,517.89,517.02,516.13,514.52,512.23,509.04,504.40,498.87,493.53,489.35,487.54,485.62,484.23,483.40,483.07,483.08,482.94,482.65,482.28,481.96,481.64,481.37,481.11,480.80,480.48,480.14,479.57,478.60,477.54,476.54,475.80,475.68,476.88,478.30,479.76,481.25,482.80,484.35,485.94,487.54,489.23,491.34,493.58,495.81,497.72,498.68,499.21,504.41,509.91,511.16,512.49,513.92,515.34,516.69,517.83,518.61,519.21,519.77,520.32,521.00,522.19,523.50,524.69,525.92,527.56,529.75,532.70,536.76,540.88,544.55,547.73,550.31,552.13,553.02,552.61,550.75,547.89,543.71,538.18,531.96,525.94,520.20,512.50,505.20,500.06,495.96,492.28,490.36,490.05,489.91,490.06,490.51,491.17,491.99,492.78,493.23,493.60,493.98,494.35,494.61,494.78,494.87,494.90,494.94,495.54,496.45,497.46,498.49,499.41,499.98,500.16,500.02,499.74,499.46,499.55,500.56,502.59,505.18,507.86,510.46,513.03,515.86,518.13,519.87,521.49,523.30,525.13,526.98,529.31,533.59,539.96,546.57,552.57,557.56,562.25
721.47,715.88,710.77,706.76,704.17,703.05,702.36,701.68,700.99,700.02,698.40,696.47,694.74,692.31,689.64,686.97,684.38,681.82,676.61,669.71,662.31,656.13,650.64,644.94,638.88,632.94,629.10,626.55,624.25,622.16,621.32,621.39,622.12,622.93,623.23,624.09,624.99,625.81,626.58,627.63,630.47,633.94,637.57,641.28,644.13,646.11,647.40,648.10,648.64,648.58,647.70,646.03,644.26,642.23,640.00,637.17,632.97,628.47,623.92,619.61,615.70,612.12,609.86,608.40,607.35,606.32,605.31,604.36,603.45,602.56,601.82,601.33,600.87,600.33,599.72,599.03,598.39,597.76,596.93,596.09,595.29,594.63,594.09,593.26,592.40,591.42,590.26,588.79,586.99,585.13,583.27,581.32,578.99,575.92,572.63,569.56,567.30,565.19,563.08,561.06,559.39,557.83,556.23,554.65,553.15,551.59,549.04,545.19,540.94,538.86,537.46,536.20,534.94,533.70,532.40,530.50,527.63,524.27,522.92,522.17,521.36,520.52,519.95,519.25,517.88,515.58,511.98,507.28,501.83,496.13,491.04,488.25,486.06,484.67,483.90,483.60,483.54,483.34,482.99,482.57,482.21,481.89,481.60,481.31,481.00,480.69,480.39,479.97,479.29,478.29,477.28,476.36,475.78,476.05,477.25,478.70,480.19,481.75,483.33,484.91,486.50,488.11,489.84,491.61,493.35,494.96,496.22,497.34,500.59,505.61,510.96,512.93,514.38,515.79,517.16,518.42,519.19,519.86,520.52,521.13,521.85,522.97,524.26,525.57,526.97,528.51,531.13,534.84,539.05,543.64,547.28,549.93,551.63,552.29,551.97,550.55,547.94,544.30,539.41,533.55,527.15,520.54,513.23,506.13,499.97,495.33,492.23,490.22,489.53,489.87,490.38,490.94,491.57,492.28,493.09,493.94,494.52,494.97,495.35,495.68,495.90,495.99,496.00,495.93,495.72,495.84,496.18,496.62,497.19,497.73,498.12,498.33,498.49,498.99,499.92,501.56,504.18,506.66,508.44,510.23,512.45,515.05,517.95,520.20,521.83,523.30,524.97,526.69,528.80,532.04,537.62,544.30,550.44,555.57,560.00,564.09
713.61,707.68,702.72,699.16,696.49,695.66,695.39,695.06,694.59,694.14,692.83,691.06,689.64,687.82,685.78,683.38,680.57,677.75,671.81,664.84,658.09,652.37,646.80,640.87,634.98,630.11,627.60,625.79,624.15,622.97,623.32,623.92,624.62,625.14,625.19,626.04,627.09,628.27,629.67,631.38,635.15,639.50,643.39,645.85,647.75,649.13,650.08,650.58,650.76,650.51,649.62,648.04,646.15,644.02,642.13,640.01,636.48,631.86,627.12,622.51,618.12,614.17,611.13,609.13,607.94,606.94,605.95,605.05,604.19,603.34,602.73,602.29,601.87,601.40,600.93,600.39,599.75,599.02,598.24,597.40,596.60,595.90,595.27,594.42,593.44,592.39,591.22,589.75,587.92,586.03,584.13,582.18,580.10,577.02,573.56,570.30,568.00,565.90,563.80,561.81,560.21,558.64,557.04,555.46,553.96,552.47,551.01,547.91,543.49,540.59,538.70,537.30,536.06,534.80,533.38,531.75,529.41,526.59,525.24,524.36,523.42,522.52,522.09,521.43,520.29,518.20,514.61,509.88,504.48,498.67,493.04,489.11,486.69,485.20,484.36,484.08,483.97,483.73,483.35,482.90,482.47,482.12,481.81,481.50,481.19,480.88,480.57,480.25,479.80,478.97,478.00,477.03,476.19,475.72,476.39,477.65,479.16,480.72,482.33,483.91,485.50,487.09,488.52,489.95,491.32,492.69,494.21,495.88,497.61,501.38,508.35,512.39,514.50,516.06,517.57,518.98,519.81,520.55,521.28,521.96,522.72,523.76,524.99,526.35,527.84,529.58,532.65,536.91,541.32,546.11,549.41,551.28,551.94,551.65,550.15,547.82,544.66,540.31,534.99,528.94,522.17,514.51,506.59,500.31,495.35,491.68,489.87,489.42,489.73,490.47,491.35,492.17,492.92,493.65,494.41,495.21,495.91,496.45,496.81,497.12,497.27,497.31,497.25,497.05,496.69,496.53,496.49,496.48,496.67,497.02,497.46,497.91,498.42,499.70,501.77,504.51,507.71,509.99,511.04,512.19,514.04,516.42,519.03,521.36,523.34,525.08,526.70,528.63,531.29,535.31,541.20,547.62,553.08,557.36,561.11,564.54
703.57,698.91,695.37,692.21,689.39,688.48,688.21,687.92,687.43,687.16,686.48,685.45,684.33,682.94,681.39,678.95,675.23,671.42,666.18,660.23,654.13,648.45,643.10,637.07,631.70,628.64,626.50,625.77,625.61,625.70,626.03,626.50,627.00,627.35,627.35,627.81,628.74,630.57,633.57,636.84,640.64,644.45,647.72,649.64,650.82,651.65,652.19,652.36,652.28,651.68,650.70,649.27,647.14,644.94,643.10,641.38,638.99,634.94,630.40,625.55,620.54,616.50,612.73,610.06,608.58,607.57,606.62,605.73,604.90,604.15,603.63,603.22,602.80,602.34,601.87,601.28,600.70,600.12,599.51,598.70,597.90,597.17,596.45,595.55,594.37,593.20,592.00,590.40,588.58,586.68,584.76,582.82,580.86,577.76,574.23,570.93,568.62,566.56,564.54,562.63,561.07,559.46,557.85,556.24,554.67,553.30,551.92,549.90,546.97,543.18,540.27,538.44,537.18,535.90,534.35,532.68,530.81,528.83,527.29,525.73,524.65,524.01,523.34,522.49,521.44,519.82,516.97,512.15,506.72,501.02,495.30,490.23,487.56,485.86,484.74,484.46,484.35,484.11,483.73,483.25,482.74,482.34,482.00,481.69,481.38,481.07,480.76,480.44,480.09,479.57,478.68,477.72,476.82,476.06,475.81,476.64,478.16,479.72,481.33,482.95,484.56,486.13,487.48,488.81,490.04,491.18,492.45,494.07,495.85,498.16,502.18,510.23,514.01,516.07,517.89,519.46,520.47,521.29,522.06,522.81,523.59,524.63,525.80,527.02,528.39,530.78,534.34,538.83,543.62,548.14,550.72,551.52,550.93,550.10,547.60,544.46,540.86,535.94,530.54,524.35,516.88,507.84,501.15,495.58,491.50,489.58,489.33,489.92,490.76,491.68,492.65,493.57,494.38,495.13,495.83,496.55,497.29,497.87,498.24,498.53,498.61,498.59,498.42,498.02,497.63,497.50,497.43,497.27,497.02,497.16,497.72,498.58,499.61,501.87,505.13,508.32,510.33,511.60,512.38,513.43,515.06,516.87,518.69,521.26,524.28,526.81,528.53,531.08,534.57,538.89,543.58,549.10,553.92,557.60,560.53,563.11
696.49,692.02,688.26,684.94,682.57,681.79,681.74,681.90,681.68,681.42,680.42,678.96,677.63,675.92,674.18,671.77,668.34,664.75,660.26,655.10,649.57,644.14,639.52,634.35,630.11,628.59,627.64,627.68,628.25,629.02,629.50,630.02,630.35,630.42,630.28,630.20,631.52,633.97,637.38,641.63,645.45,648.44,650.59,652.06,653.08,653.79,653.90,653.09,652.42,651.51,650.20,648.40,646.26,644.52,643.04,641.54,639.43,635.91,631.93,627.54,622.74,618.45,614.56,611.40,609.23,608.23,607.33,606.47,605.68,605.05,604.60,604.18,603.74,603.26,602.76,602.13,601.54,601.01,600.49,599.81,599.14,598.42,597.55,596.59,595.32,594.03,592.70,591.03,589.25,587.34,585.37,583.40,581.47,578.61,575.16,571.65,569.03,567.00,565.13,563.33,561.71,560.05,558.47,556.92,555.40,554.00,552.61,551.04,549.00,545.97,542.79,540.20,538.28,536.92,535.30,533.67,531.98,530.22,528.52,527.01,525.96,525.21,524.27,523.25,522.13,520.76,518.52,514.00,508.68,503.19,497.58,491.83,488.66,486.81,485.68,485.18,484.91,484.57,484.13,483.62,483.09,482.64,482.24,481.87,481.56,481.26,480.95,480.64,480.31,479.93,479.25,478.40,477.50,476.65,475.97,476.18,477.22,478.76,480.35,481.96,483.57,485.09,486.38,487.57,488.66,489.72,490.83,492.17,493.87,495.88,498.80,504.69,510.79,515.26,517.82,519.99,521.16,522.02,522.82,523.59,524.40,525.45,526.63,527.81,529.02,531.98,535.99,540.58,545.29,549.09,550.77,550.68,549.22,547.32,544.48,540.93,536.64,531.46,526.02,518.82,510.41,502.41,495.99,491.81,489.60,489.26,489.87,490.95,492.01,492.96,493.96,494.93,495.80,496.57,497.26,497.96,498.65,499.16,499.42,499.65,499.75,499.74,499.53,498.97,498.56,498.34,498.13,497.79,497.36,497.50,498.17,499.25,500.58,503.16,506.41,509.38,511.23,512.64,513.62,514.76,516.25,517.70,519.31,522.01,525.42,528.42,530.55,533.27,536.74,540.73,544.45,548.43,552.06,555.00,557.09,558.59
691.67,687.03,682.64,678.83,676.45,675.57,675.70,676.37,676.49,676.15,674.64,672.54,670.78,668.58,666.49,664.14,661.22,658.06,654.22,649.78,644.89,640.00,636.26,632.57,629.96,629.82,630.23,630.97,632.00,633.15,633.76,634.29,634.40,634.14,633.69,633.07,634.62,637.46,641.05,645.93,649.63,651.86,653.03,654.14,655.10,655.51,654.95,653.18,651.88,650.58,648.79,646.48,644.42,643.24,642.18,640.81,638.69,635.64,632.33,628.62,624.33,619.93,616.14,612.72,609.98,608.93,608.06,607.22,606.49,605.98,605.58,605.13,604.67,604.19,603.63,602.97,602.36,601.83,601.34,600.81,600.27,599.56,598.61,597.59,596.28,594.87,593.38,591.67,589.91,588.01,586.01,584.01,582.05,579.48,576.15,572.34,569.35,567.32,565.55,563.81,562.08,560.39,558.87,557.43,555.99,554.56,553.17,551.83,550.39,548.46,545.38,542.17,539.53,537.96,536.29,534.69,533.07,531.33,529.52,528.17,527.13,526.17,525.01,523.84,522.64,521.40,519.65,515.51,510.30,504.99,499.54,493.40,489.74,487.79,486.72,485.99,485.52,485.03,484.52,483.98,483.45,482.98,482.51,482.08,481.75,481.44,481.13,480.83,480.53,480.21,479.75,479.05,478.16,477.30,476.39,476.00,476.40,477.86,479.38,480.97,482.53,483.98,485.20,486.26,487.28,488.28,489.30,490.38,491.90,493.91,496.41,499.11,507.16,514.03,517.45,520.34,521.67,522.58,523.44,524.26,525.14,526.20,527.35,528.50,529.56,533.10,537.52,542.09,546.44,549.36,550.12,549.23,547.08,544.20,541.00,536.99,532.03,526.63,520.94,512.88,503.99,497.41,491.57,489.04,488.72,489.66,490.81,492.14,493.30,494.28,495.28,496.27,497.19,497.99,498.64,499.28,499.88,500.28,500.45,500.60,500.75,500.76,500.50,499.85,499.39,499.02,498.63,498.14,497.63,497.87,498.64,499.78,501.30,503.98,506.85,509.40,511.33,513.11,514.40,515.70,517.16,518.51,520.25,523.11,526.65,529.85,532.20,534.77,537.80,541.15,543.96,546.35,548.66,550.79,552.14,552.76
691.51,686.63,681.90,677.04,672.44,670.47,670.39,671.36,671.73,671.17,669.57,667.31,664.89,662.38,660.18,657.81,654.91,651.57,648.08,644.34,640.47,636.88,634.00,632.84,632.98,634.02,635.47,636.93,638.31,639.44,639.91,640.08,639.88,639.19,637.92,636.97,637.63,640.08,644.36,649.26,652.33,654.29,655.58,656.44,657.09,656.15,654.20,652.13,650.41,648.44,645.93,643.14,641.32,640.44,639.59,638.28,636.00,633.38,630.69,627.68,624.07,620.18,616.61,613.53,611.11,609.69,608.79,608.00,607.32,606.90,606.51,606.07,605.60,605.10,604.46,603.82,603.20,602.63,602.11,601.62,601.06,600.41,599.64,598.60,597.24,595.71,594.06,592.31,590.58,588.72,586.75,584.74,582.70,580.35,577.05,572.87,569.60,567.47,565.59,563.66,561.76,560.13,558.74,557.44,556.15,554.85,553.57,552.31,551.07,549.75,547.24,544.23,541.32,539.11,537.39,535.77,534.11,532.33,530.51,529.02,527.77,526.62,525.40,524.18,522.99,521.80,520.11,516.32,511.06,505.67,500.33,494.41,490.51,488.54,487.58,486.77,486.08,485.40,484.77,484.24,483.75,483.28,482.82,482.37,481.95,481.63,481.32,481.03,480.77,480.47,480.11,479.56,478.77,477.87,476.95,476.18,476.01,477.09,478.47,480.00,481.46,482.73,483.81,484.87,485.90,486.91,487.92,488.99,490.24,491.98,494.45,496.98,505.03,512.28,516.42,520.04,521.59,522.62,523.63,524.65,525.72,526.73,527.72,528.72,529.79,534.00,538.72,542.91,546.42,548.44,548.37,546.81,544.23,541.26,536.93,531.92,526.53,520.75,514.01,506.55,498.99,492.58,489.32,488.65,489.31,490.62,491.95,493.28,494.52,495.65,496.64,497.60,498.56,499.35,499.81,500.23,500.62,500.96,501.19,501.30,501.45,501.41,501.09,500.45,499.84,499.31,498.80,498.22,497.71,498.20,498.95,499.82,501.38,504.07,506.61,508.73,510.46,512.23,513.75,515.26,516.96,518.88,521.31,524.47,527.94,530.81,532.41,534.14,536.24,538.53,540.36,541.62,542.82,544.04,545.03,545.66
693.81,688.45,683.26,677.82,672.14,668.46,666.47,665.88,665.99,665.55,664.30,662.28,659.52,656.87,654.67,652.53,649.98,646.62,643.47,640.46,637.72,635.66,634.49,635.08,636.78,638.88,641.05,643.02,644.74,646.01,646.37,646.37,646.04,645.18,643.44,641.96,641.67,643.38,647.56,652.16,655.16,657.07,658.19,658.54,658.41,656.63,653.94,651.38,649.20,646.93,644.29,641.48,639.55,638.26,636.96,635.33,633.13,631.01,628.87,626.36,623.22,619.93,616.94,614.43,612.40,610.82,609.65,608.81,608.22,607.83,607.45,607.00,606.53,606.00,605.31,604.66,604.03,603.43,602.89,602.39,601.82,601.20,600.51,599.48,598.09,596.48,594.74,592.99,591.19,589.36,587.44,585.37,583.26,581.06,577.88,573.60,569.94,567.67,565.70,563.71,561.78,560.07,558.77,557.64,556.45,555.22,553.99,552.78,551.65,550.64,548.86,546.17,543.15,540.57,538.58,536.82,535.08,533.27,531.48,529.86,528.45,527.18,525.92,524.63,523.39,522.15,520.51,517.05,511.44,505.75,500.44,494.68,490.81,488.90,488.01,487.18,486.39,485.64,484.97,484.42,483.95,483.49,483.03,482.58,482.21,481.86,481.54,481.25,480.99,480.68,480.37,479.95,479.32,478.46,477.54,476.60,476.00,476.41,477.66,479.14,480.53,481.70,482.75,483.82,484.88,485.90,486.91,487.93,488.99,490.36,492.34,494.74,500.86,507.80,513.92,518.55,520.85,522.18,523.24,524.31,525.53,526.70,527.82,528.90,530.16,534.79,539.48,543.04,545.49,546.36,545.68,543.74,540.59,536.87,531.88,526.40,520.72,514.71,508.12,500.98,494.22,489.69,488.35,488.76,489.93,491.44,492.89,494.33,495.69,496.94,497.97,498.84,499.64,500.29,500.67,500.99,501.29,501.61,501.90,501.99,502.13,501.99,501.53,500.86,500.19,499.57,498.95,498.35,497.94,498.45,499.10,499.83,501.38,503.89,506.11,507.92,509.51,511.10,512.56,514.09,515.86,518.07,520.36,523.27,526.39,528.63,529.84,531.15,532.65,534.17,535.42,536.19,536.81,537.44,538.08,538.59
697.55,691.64,685.93,680.24,674.39,668.78,663.96,660.73,660.16,659.91,659.16,657.52,654.71,652.11,650.01,648.18,646.14,642.99,640.25,638.04,636.49,636.07,637.07,638.85,641.26,644.25,646.88,649.16,651.16,652.63,652.91,652.89,652.56,651.65,649.69,647.62,646.43,647.25,650.71,654.83,658.05,660.02,660.78,660.49,659.37,657.17,654.29,651.18,648.55,646.26,643.89,641.36,639.12,637.04,634.91,632.74,630.68,628.97,627.21,625.01,622.21,619.54,617.31,615.45,613.83,612.23,610.69,609.74,609.21,608.80,608.38,607.93,607.43,606.87,606.18,605.49,604.84,604.24,603.70,603.15,602.54,601.90,601.19,600.22,598.81,597.16,595.38,593.63,591.73,589.95,588.12,585.97,583.82,581.71,578.73,574.59,570.50,568.01,566.01,564.05,562.15,560.19,558.93,557.97,556.86,555.65,554.42,553.26,552.21,551.26,550.22,547.94,544.97,542.25,539.84,537.84,535.99,534.17,532.45,530.70,529.19,527.86,526.55,525.18,523.86,522.54,520.86,517.60,511.48,505.38,500.07,494.42,490.76,488.98,488.14,487.30,486.52,485.80,485.14,484.55,484.08,483.62,483.15,482.75,482.49,482.13,481.80,481.49,481.19,480.88,480.56,480.23,479.80,479.06,478.16,477.20,476.30,475.90,476.94,478.36,479.70,480.85,481.94,483.02,484.10,485.14,486.14,487.09,488.03,489.02,490.25,492.38,495.44,501.27,509.46,515.63,519.33,521.30,522.41,523.45,524.78,526.24,527.66,528.98,530.57,535.35,539.76,542.55,543.82,543.36,542.15,539.97,536.16,531.32,526.11,520.63,514.83,508.80,503.06,496.15,489.98,488.31,488.26,489.17,490.53,492.13,493.67,495.26,496.81,498.20,499.21,499.96,500.49,500.91,501.28,501.60,501.92,502.26,502.58,502.68,502.81,502.53,501.89,501.14,500.49,499.82,499.13,498.52,498.24,498.62,499.13,499.83,501.32,503.50,505.40,507.00,508.48,509.79,511.01,512.37,514.04,516.16,517.65,519.84,522.38,523.95,525.04,526.25,527.43,528.41,529.41,530.11,530.57,530.89,531.25,531.60
700.11,694.03,688.21,682.16,676.14,669.88,664.26,660.16,658.50,657.37,655.77,653.66,651.32,649.22,647.20,645.23,643.20,640.88,639.01,637.85,637.50,638.25,640.71,643.71,646.97,650.43,653.29,655.52,657.39,658.75,658.94,658.87,658.33,657.10,654.84,652.54,651.12,651.40,653.97,657.74,660.51,662.24,662.96,662.49,661.24,658.89,655.92,652.87,650.18,647.86,645.57,643.23,641.11,638.85,636.57,634.19,631.56,629.20,627.05,624.88,622.55,620.30,618.46,616.82,615.28,613.76,612.35,611.34,610.60,609.95,609.37,608.84,608.29,607.69,607.04,606.36,605.68,605.05,604.50,603.88,603.10,602.24,601.39,600.51,599.23,597.55,595.60,593.68,592.04,590.56,588.91,586.75,584.63,582.64,580.01,576.31,571.98,569.13,567.08,565.26,563.12,560.61,559.12,558.14,557.10,556.05,554.86,553.74,552.76,551.79,550.86,549.11,546.65,543.80,541.10,538.88,536.94,535.14,533.40,531.66,530.06,528.60,527.28,525.90,524.56,523.11,521.03,517.03,510.80,504.79,499.56,494.05,490.62,489.01,488.26,487.43,486.64,485.96,485.32,484.73,484.21,483.74,483.30,482.95,482.79,482.44,482.10,481.79,481.48,481.13,480.81,480.47,480.10,479.63,478.79,477.81,476.85,476.15,476.44,477.57,478.91,480.10,481.23,482.32,483.35,484.33,485.29,486.22,487.15,488.07,489.08,490.45,491.75,494.09,499.07,508.74,515.75,519.69,521.58,522.55,523.92,525.46,527.00,528.50,530.35,534.87,538.82,541.03,541.31,539.57,537.29,534.36,530.15,525.17,520.26,515.14,509.73,504.30,498.29,492.54,488.42,487.86,488.52,489.71,491.15,492.76,494.32,496.00,497.80,499.43,500.22,500.70,501.09,501.48,501.86,502.22,502.57,502.92,503.23,503.40,503.44,503.04,502.30,501.49,500.77,500.07,499.37,498.74,498.41,498.72,499.20,499.83,501.06,502.88,504.51,505.88,507.13,508.33,509.21,510.26,511.56,512.39,512.75,513.89,515.76,517.54,518.63,519.67,520.58,521.25,522.00,522.59,523.05,523.47,523.91,524.72
702.15,695.91,690.12,683.91,677.64,671.21,665.57,661.47,659.35,657.75,655.77,653.53,651.56,649.66,647.42,645.04,642.72,640.66,639.08,638.73,639.69,641.77,645.45,649.46,653.37,656.94,659.84,661.94,663.59,664.71,664.78,664.63,663.84,662.23,659.64,657.02,655.44,655.38,657.28,660.56,662.99,664.48,665.04,664.52,663.25,660.87,657.92,655.06,652.43,650.12,647.83,645.55,643.61,641.29,638.96,636.46,633.37,630.42,627.84,625.54,623.48,621.52,619.83,618.31,616.87,615.45,614.17,613.12,612.22,611.39,610.59,609.90,609.21,608.48,607.82,607.12,606.40,605.69,605.03,604.26,603.31,602.28,601.29,600.35,599.13,597.54,595.66,593.87,592.48,591.21,589.75,587.84,585.86,583.90,581.53,578.35,574.25,571.06,568.67,566.63,564.23,561.30,559.48,558.34,557.35,556.39,555.24,554.13,553.15,552.17,551.24,549.91,547.92,545.02,542.17,539.83,537.86,536.11,534.36,532.63,530.96,529.39,528.03,526.60,525.12,523.42,520.91,516.14,509.97,504.15,499.01,493.67,490.48,489.02,488.34,487.55,486.78,486.13,485.50,484.88,484.34,483.86,483.47,483.20,483.09,482.75,482.41,482.11,481.79,481.40,481.08,480.73,480.38,480.08,479.37,478.43,477.45,476.58,476.17,476.92,478.13,479.36,480.53,481.58,482.54,483.47,484.39,485.31,486.23,487.16,488.07,488.90,489.19,489.07,490.96,500.75,510.29,516.56,519.92,521.54,523.02,524.50,526.03,527.65,529.53,533.26,536.32,537.69,537.09,534.57,531.61,528.23,523.96,519.15,514.58,509.89,504.86,499.51,493.87,489.73,487.62,487.84,488.91,490.34,491.96,493.75,495.48,497.19,498.95,500.50,501.12,501.44,501.76,502.12,502.47,502.82,503.21,503.57,503.87,504.09,504.01,503.50,502.71,501.88,501.11,500.36,499.66,499.05,498.64,498.81,499.20,499.75,500.65,501.99,503.31,504.52,505.61,506.67,507.18,507.88,508.82,508.78,508.47,508.88,510.13,511.86,512.84,513.77,514.53,514.98,515.47,515.87,516.28,516.77,517.44,518.75
703.68,697.19,691.49,685.54,678.89,672.68,667.75,664.59,663.19,662.20,661.01,659.48,657.53,655.18,652.21,649.10,646.13,643.14,640.77,640.77,643.23,647.04,651.68,656.39,660.56,663.74,666.46,668.38,669.76,670.54,670.47,670.22,669.14,667.14,664.23,661.03,659.18,659.00,660.63,663.14,665.63,666.99,667.11,666.57,665.22,662.89,660.14,657.54,655.04,652.78,650.46,648.08,646.20,643.87,641.46,638.88,635.73,632.60,629.75,627.21,625.02,623.17,621.36,619.89,618.69,617.36,616.06,614.99,614.11,613.28,612.22,611.24,610.25,609.23,608.46,607.70,606.90,606.05,605.11,604.10,603.00,601.91,600.85,599.52,598.24,596.94,595.62,594.44,593.21,591.93,590.66,589.41,587.72,585.66,583.34,580.72,577.60,574.14,570.90,568.02,565.39,562.38,560.15,558.65,557.65,556.65,555.53,554.38,553.30,552.35,551.42,550.30,548.55,545.69,542.90,540.61,538.70,537.05,535.34,533.59,531.86,530.24,528.78,527.21,525.33,523.21,520.40,515.06,509.10,503.53,498.44,493.29,490.36,489.00,488.32,487.66,486.96,486.31,485.67,485.01,484.47,483.99,483.67,483.51,483.40,483.06,482.73,482.42,482.09,481.71,481.39,481.04,480.68,480.36,479.87,479.06,478.06,477.09,476.26,476.49,477.38,478.62,479.83,480.74,481.61,482.54,483.46,484.33,485.23,486.16,487.06,487.86,488.02,487.97,488.59,492.20,502.28,511.02,516.85,520.36,522.08,523.32,524.69,526.33,527.85,530.08,531.51,531.59,530.22,527.76,524.96,521.78,517.93,513.52,509.23,504.95,500.15,493.83,489.96,487.90,487.31,488.28,489.43,491.07,493.10,495.36,497.54,499.20,500.41,501.27,501.93,502.35,502.64,502.89,503.15,503.41,503.81,504.19,504.50,504.76,504.49,503.87,503.10,502.31,501.54,500.74,500.01,499.47,499.01,498.92,499.12,499.54,500.03,500.71,501.67,502.79,503.88,504.69,504.85,505.19,505.91,506.04,505.95,506.28,507.05,507.98,508.64,509.55,510.36,510.72,510.90,511.03,511.21,511.60,512.64,514.32
705.04,698.27,692.42,686.75,680.93,676.00,672.37,670.21,669.22,668.48,667.45,665.94,663.71,660.74,656.87,652.53,648.12,644.26,642.77,643.87,647.27,652.38,657.60,662.46,666.47,669.17,671.58,673.48,674.96,675.93,676.10,676.03,675.08,673.04,669.68,665.98,663.70,663.22,664.62,666.72,668.79,669.83,669.80,669.35,667.94,665.83,663.45,661.17,658.95,656.86,654.62,652.07,649.29,646.70,644.22,641.57,638.31,634.91,631.67,628.82,626.50,624.51,622.74,621.30,620.14,619.07,617.92,616.88,615.89,614.85,613.70,612.38,610.96,609.62,608.80,608.00,607.15,606.24,605.25,604.16,603.04,601.93,600.84,599.63,598.43,597.23,596.08,595.06,593.92,592.69,591.53,590.55,589.33,587.52,585.28,582.77,580.18,577.14,573.78,570.36,567.25,563.82,560.97,559.01,558.00,556.92,555.73,554.49,553.29,552.17,551.06,549.70,547.91,545.52,543.12,541.07,539.29,537.66,536.00,534.30,532.62,531.01,529.50,527.68,525.56,523.16,519.95,514.27,508.60,503.32,498.42,493.82,490.74,489.29,488.71,488.10,487.31,486.56,485.83,485.14,484.59,484.14,483.90,483.82,483.71,483.37,483.04,482.73,482.41,482.03,481.67,481.33,480.98,480.63,480.21,479.56,478.69,477.72,476.76,476.34,476.70,477.87,479.06,480.07,480.95,481.76,482.55,483.38,484.26,485.16,486.05,486.69,487.01,487.37,488.01,489.51,495.63,503.78,511.50,516.23,519.17,521.19,522.69,523.80,524.77,525.94,526.43,525.89,524.28,521.85,519.21,516.24,512.65,508.70,504.68,500.47,495.87,490.79,488.02,487.20,487.67,488.95,490.78,492.99,495.35,497.61,499.27,500.49,501.38,502.07,502.75,503.24,503.56,503.79,504.02,504.25,504.58,504.89,505.18,505.43,505.00,504.30,503.53,502.79,502.02,501.53,500.90,499.98,499.44,499.21,499.24,499.47,499.79,500.20,500.79,501.49,502.22,502.85,503.50,504.23,504.92,505.16,505.21,505.18,505.22,505.54,506.33,507.57,508.66,509.15,509.34,509.43,509.53,509.77,510.47,511.49
706.34,699.40,693.44,688.28,683.89,680.60,678.29,676.90,676.02,675.32,674.14,672.29,669.53,665.74,660.82,655.18,649.36,644.91,644.74,647.13,651.39,657.44,663.02,667.82,671.54,673.91,676.14,678.17,679.89,681.13,681.55,681.63,680.87,678.94,675.36,671.36,668.59,667.65,668.77,670.52,672.08,672.81,672.78,672.47,671.11,669.29,667.29,665.22,663.21,661.27,659.15,656.52,652.91,649.95,647.22,644.37,640.96,637.27,633.64,630.43,627.88,625.77,624.09,622.64,621.43,620.61,619.65,618.67,617.57,616.24,614.98,613.35,611.54,609.90,609.03,608.18,607.29,606.37,605.42,604.30,603.20,602.09,601.00,600.06,598.96,597.82,596.70,595.69,594.63,593.47,592.36,591.52,590.67,589.19,587.11,584.59,582.29,579.78,576.53,572.77,569.13,565.29,561.87,559.45,558.34,557.16,555.90,554.60,553.29,552.00,550.69,549.04,547.16,545.26,543.27,541.46,539.78,538.15,536.53,534.91,533.30,531.74,530.22,528.21,525.86,523.13,519.50,513.68,508.27,503.27,498.64,494.68,491.49,489.92,489.30,488.62,487.74,486.86,486.04,485.30,484.73,484.32,484.15,484.13,484.02,483.69,483.35,483.04,482.70,482.32,481.94,481.59,481.25,480.87,480.48,479.97,479.29,478.38,477.39,476.43,476.22,477.14,478.28,479.44,480.38,481.09,481.74,482.53,483.37,484.22,485.06,485.61,486.16,486.93,487.90,488.78,490.46,496.77,505.22,510.97,515.17,518.13,519.90,520.56,521.08,521.50,521.34,520.44,518.71,516.33,513.85,511.07,507.70,504.16,500.42,496.30,492.02,488.71,487.01,487.14,488.38,489.97,492.61,495.32,497.81,499.75,500.72,501.46,502.18,502.87,503.55,504.14,504.50,504.73,504.96,505.19,505.43,505.66,505.90,506.08,505.52,504.75,504.00,503.30,502.63,502.56,502.16,501.00,500.34,499.75,499.46,499.51,499.72,499.99,500.63,501.40,501.97,502.54,503.67,504.75,505.36,505.44,505.39,504.97,504.37,504.18,504.98,506.42,507.75,508.42,508.73,508.86,508.95,509.08,509.33,509.58
707.61,700.88,695.36,691.53,689.33,687.67,686.11,684.54,683.05,682.03,680.30,677.60,673.76,668.61,662.30,655.63,649.48,645.41,646.15,649.79,655.16,661.41,667.04,671.57,675.08,677.70,680.43,683.02,685.03,686.19,686.41,686.23,685.38,683.66,680.79,677.19,673.92,672.20,672.72,673.91,675.25,675.96,676.05,675.95,675.04,673.62,671.76,669.44,667.22,665.25,663.27,660.96,657.88,654.44,650.85,647.24,643.63,639.66,635.80,632.16,629.02,627.07,625.46,623.94,622.61,621.77,620.93,620.06,618.95,617.34,615.69,613.86,611.97,610.24,609.19,608.27,607.36,606.44,605.55,604.48,603.35,602.27,601.31,600.47,599.48,598.40,597.32,596.32,595.34,594.25,593.19,592.36,591.34,590.08,588.28,585.90,583.60,581.18,578.05,574.28,570.31,566.50,562.91,560.13,558.62,557.32,556.06,554.78,553.48,552.21,550.91,549.32,547.53,545.67,543.78,541.99,540.26,538.59,536.97,535.39,533.89,532.44,530.98,529.12,526.30,522.92,518.98,513.39,508.11,503.30,499.05,495.67,493.10,491.39,490.20,489.12,488.17,487.26,486.38,485.58,484.88,484.56,484.46,484.44,484.34,484.00,483.66,483.33,482.96,482.58,482.19,481.82,481.44,481.06,480.67,480.29,479.78,478.99,478.02,477.05,476.41,476.46,477.53,478.73,479.79,480.64,481.27,481.99,482.73,483.47,484.22,484.91,485.66,486.47,487.32,488.17,489.21,492.60,498.27,505.12,509.50,512.81,515.08,516.13,516.73,516.98,516.56,515.38,513.46,511.20,508.81,506.18,503.06,499.65,496.18,492.66,489.29,486.97,487.11,488.11,489.62,492.07,495.18,497.79,499.66,500.75,501.52,502.23,502.92,503.62,504.31,505.02,505.43,505.66,505.89,506.13,506.36,506.59,506.75,506.65,506.06,505.31,504.54,503.87,503.68,503.94,504.14,503.85,502.89,500.94,499.81,499.77,499.84,499.92,502.26,505.27,506.78,507.60,508.22,508.71,508.76,507.71,506.88,506.24,505.66,505.08,504.90,505.73,506.81,507.53,508.00,508.26,508.42,508.57,508.81,509.17
709.50,704.07,699.91,697.48,696.40,695.46,694.08,692.11,689.86,687.79,684.97,681.17,676.25,670.11,663.06,655.87,649.58,646.06,647.63,652.38,658.75,664.90,670.41,674.88,678.57,681.75,684.95,687.62,689.62,690.82,691.16,690.83,689.91,688.29,685.56,682.37,679.20,677.28,677.44,678.54,679.79,680.29,680.15,680.16,679.14,677.85,676.24,673.96,671.41,669.27,667.15,664.74,661.81,658.54,654.81,650.70,646.36,642.00,637.83,633.80,630.19,628.23,626.73,625.26,623.87,622.91,622.04,621.08,619.84,618.13,616.25,614.28,612.31,610.51,609.32,608.37,607.45,606.54,605.64,604.64,603.53,602.47,601.62,600.84,599.96,598.99,597.95,596.97,596.01,594.96,593.88,592.88,591.73,590.56,588.92,586.65,584.33,581.95,578.94,575.24,571.09,567.31,563.75,560.80,558.90,557.55,556.28,555.01,553.73,552.46,551.21,549.73,548.04,546.21,544.36,542.55,540.77,539.08,537.50,536.00,534.56,533.17,531.78,530.13,527.39,523.61,518.83,513.36,508.33,503.79,499.83,496.88,494.65,492.90,491.41,490.05,488.93,487.96,487.04,486.17,485.46,485.08,484.93,484.86,484.63,484.27,483.92,483.57,483.18,482.79,482.41,482.01,481.60,481.21,480.85,480.52,480.14,479.53,478.65,477.71,476.84,476.34,476.89,478.00,479.14,480.12,480.85,481.52,482.20,482.89,483.58,484.34,485.15,485.96,486.77,487.62,488.44,490.08,493.51,499.67,504.25,507.75,510.17,511.42,512.05,512.13,511.48,510.11,508.12,506.01,503.95,501.75,499.13,496.05,492.88,489.79,487.27,486.56,487.80,489.59,491.79,494.85,497.65,499.63,500.90,501.62,502.31,503.01,503.70,504.40,505.10,505.84,506.31,506.60,506.86,507.09,507.31,507.48,507.50,507.17,506.59,505.87,505.18,504.79,505.00,505.50,506.32,507.13,506.41,504.61,503.50,503.38,503.39,503.50,505.75,508.66,510.15,510.90,511.23,511.21,510.62,509.17,508.08,507.33,506.71,505.98,505.35,505.48,506.02,506.63,507.17,507.57,507.90,508.21,508.61,509.10
711.96,708.66,706.51,705.45,704.60,703.59,701.91,699.35,696.21,692.53,688.21,683.21,677.29,670.56,663.33,656.06,649.74,646.95,649.33,655.03,662.12,667.99,673.32,677.93,682.09,685.97,689.46,691.87,693.67,695.02,695.77,695.42,694.53,692.88,689.83,686.97,684.40,682.83,682.91,684.22,685.40,685.52,684.92,684.83,683.25,681.83,680.45,678.40,675.53,673.11,670.65,667.84,664.69,661.98,658.68,654.37,648.93,644.15,639.66,635.31,631.43,629.22,627.84,626.52,625.15,624.02,622.96,621.74,620.30,618.62,616.67,614.62,612.58,610.72,609.41,608.47,607.57,606.64,605.73,604.79,603.72,602.72,601.93,601.16,600.42,599.57,598.58,597.64,596.65,595.61,594.46,593.19,591.95,590.76,589.16,586.97,584.68,582.32,579.39,575.80,571.62,567.84,564.42,561.45,559.20,557.85,556.55,555.29,554.03,552.74,551.54,550.19,548.62,546.82,544.98,543.13,541.32,539.60,538.10,536.68,535.29,533.92,532.59,531.18,528.96,525.04,519.04,513.61,508.93,504.68,500.94,498.24,496.12,494.40,492.86,491.37,490.00,488.92,487.94,487.02,486.39,485.86,485.56,485.37,484.92,484.52,484.13,483.75,483.36,482.98,482.58,482.17,481.74,481.36,481.03,480.71,480.39,479.99,479.28,478.36,477.43,476.69,476.44,477.28,478.44,479.52,480.41,481.10,481.77,482.44,483.09,483.84,484.62,485.43,486.27,487.12,487.91,488.84,490.73,494.81,499.51,503.02,505.33,506.55,507.11,507.00,506.19,504.77,502.90,501.00,499.39,497.80,495.79,493.17,490.33,487.68,486.10,487.37,488.98,491.44,494.63,497.94,499.86,500.90,501.67,502.42,503.13,503.82,504.51,505.21,505.90,506.61,507.15,507.55,507.85,508.07,508.25,508.29,508.14,507.65,507.11,506.45,505.92,506.04,506.55,507.20,508.53,510.44,510.41,509.93,509.50,509.29,509.30,509.58,510.37,511.34,512.04,512.50,512.74,512.31,511.13,509.89,508.99,508.21,507.48,506.79,506.16,505.65,505.49,505.83,506.33,506.89,507.43,507.97,508.64,509.27
714.93,713.52,712.93,712.72,712.23,710.82,708.45,704.99,700.45,695.21,689.66,683.86,677.58,670.69,663.59,656.36,650.04,648.38,652.10,658.20,664.89,670.61,676.03,680.98,685.46,689.36,692.47,694.98,697.09,698.75,699.75,699.75,699.06,697.46,694.38,691.31,689.41,688.68,689.11,690.12,690.69,690.50,689.67,688.63,686.72,684.81,682.90,680.63,677.92,675.27,672.57,669.66,666.45,663.41,660.08,655.87,650.12,645.32,640.83,636.50,632.61,629.84,628.37,627.24,626.10,624.94,623.38,621.90,620.43,618.75,616.79,614.76,612.73,610.86,609.49,608.53,607.64,606.73,605.84,604.92,603.99,603.12,602.35,601.58,600.87,600.08,599.19,598.23,597.31,596.29,595.10,593.71,592.37,591.07,589.48,587.46,585.29,583.12,580.17,576.43,572.33,568.63,565.23,562.11,559.53,558.12,556.84,555.59,554.35,553.09,551.91,550.65,549.18,547.39,545.55,543.73,541.91,540.15,538.63,537.25,535.90,534.58,533.30,531.97,530.29,526.50,519.68,514.54,510.08,506.02,502.40,499.48,497.51,495.89,494.36,492.87,491.43,490.09,488.92,488.02,487.55,487.00,486.46,485.92,485.25,484.70,484.27,483.88,483.50,483.11,482.72,482.32,481.92,481.58,481.26,480.93,480.59,480.25,479.78,478.99,478.08,477.22,476.55,476.79,477.64,478.78,479.82,480.62,481.31,481.96,482.64,483.35,484.12,484.92,485.77,486.62,487.40,488.23,489.41,491.65,495.33,498.43,500.58,501.65,501.97,501.75,501.22,500.38,499.12,497.72,496.25,494.63,492.64,490.10,487.85,486.87,487.50,489.19,490.61,493.39,496.96,499.60,500.96,501.77,502.45,503.19,503.93,504.63,505.32,506.02,506.71,507.41,508.02,508.49,508.77,508.93,509.02,508.93,508.63,508.14,507.65,507.15,506.95,507.54,508.27,508.96,510.14,511.96,512.80,512.74,512.45,512.22,512.16,512.31,512.68,513.13,513.58,514.05,513.81,513.03,511.90,510.81,509.83,509.00,508.29,507.64,506.98,506.38,505.97,505.90,506.18,506.66,507.19,507.83,508.77,509.52
718.75,718.78,719.17,719.24,718.79,716.93,713.76,709.24,703.41,696.99,690.53,684.14,677.73,670.85,663.89,656.84,650.82,650.02,654.79,661.15,667.43,673.14,678.66,683.86,688.52,692.31,695.22,697.89,700.33,702.33,703.46,703.75,703.15,701.53,698.57,695.40,693.92,693.82,694.64,695.37,695.37,694.77,693.53,691.48,689.19,686.76,684.23,681.57,678.71,675.80,672.92,669.99,666.72,663.43,660.06,655.99,650.39,645.75,641.37,637.27,633.71,630.74,629.10,628.04,627.13,626.02,624.04,622.19,620.54,618.82,616.86,614.87,612.88,611.00,609.56,608.60,607.74,606.88,606.07,605.22,604.44,603.68,602.91,602.14,601.43,600.68,599.83,598.84,597.98,596.99,595.77,594.33,592.93,591.57,590.07,588.35,586.41,584.21,581.12,577.28,573.25,569.54,566.07,562.77,559.90,558.40,557.15,555.92,554.69,553.47,552.29,551.08,549.69,547.95,546.13,544.32,542.49,540.68,539.08,537.71,536.40,535.12,533.86,532.55,531.27,528.03,521.53,516.01,511.52,507.59,504.08,501.06,499.08,497.44,495.89,494.42,492.95,491.44,490.07,489.03,488.55,487.95,487.22,486.40,485.57,484.89,484.40,484.00,483.62,483.23,482.85,482.47,482.11,481.80,481.49,481.15,480.79,480.49,480.18,479.57,478.75,477.82,476.92,476.57,476.99,478.00,479.13,480.08,480.83,481.49,482.17,482.86,483.62,484.42,485.27,486.12,486.91,487.73,488.55,489.53,491.92,494.26,496.08,497.09,497.35,497.17,496.91,496.57,495.86,494.85,493.37,491.55,489.56,487.61,486.59,487.23,489.33,491.00,492.23,495.00,498.46,500.52,501.62,502.46,503.22,503.94,504.70,505.42,506.12,506.83,507.54,508.24,509.09,510.04,510.97,511.39,511.25,510.45,509.24,508.69,508.21,507.96,508.18,509.21,510.23,511.06,512.10,513.59,514.90,515.01,514.78,514.58,514.42,514.42,514.59,514.86,515.17,515.46,514.80,513.79,512.79,511.78,510.72,509.83,509.13,508.47,507.80,507.22,506.72,506.35,506.38,506.64,507.04,507.65,508.73,509.65
724.01,724.73,725.12,724.57,723.55,721.21,717.18,711.41,704.73,697.84,690.97,684.27,677.88,671.17,664.27,657.64,652.50,651.83,656.94,663.47,669.73,675.65,681.22,686.40,691.02,694.76,698.09,700.88,703.50,705.79,706.90,707.22,706.45,704.65,701.94,699.10,697.55,697.46,698.58,699.29,698.99,697.75,695.67,692.87,690.01,687.08,684.09,680.91,677.10,673.83,670.89,667.97,664.59,661.54,658.23,654.28,649.44,645.16,640.97,637.33,634.67,632.33,630.47,629.24,628.48,627.52,625.33,622.93,620.75,618.90,616.91,615.00,613.09,611.22,609.65,608.66,607.88,607.16,606.50,605.84,605.19,604.49,603.72,602.95,602.24,601.44,600.52,599.53,598.71,597.70,596.47,595.07,593.68,592.38,591.18,589.96,588.40,585.67,582.29,578.54,574.52,570.57,566.91,563.43,560.34,558.74,557.50,556.30,555.08,553.90,552.68,551.45,550.11,548.50,546.73,544.91,543.03,541.15,539.42,538.02,536.74,535.48,534.17,532.87,531.68,529.70,525.54,518.24,513.32,509.46,506.04,503.37,500.99,499.06,497.44,495.98,494.51,493.03,491.48,490.00,489.18,488.43,487.61,486.71,485.87,485.11,484.56,484.13,483.75,483.36,482.97,482.61,482.30,481.99,481.68,481.36,481.04,480.73,480.43,480.05,479.44,478.51,477.59,476.78,476.62,477.19,478.34,479.46,480.33,481.04,481.68,482.37,483.12,483.93,484.78,485.62,486.41,487.23,488.03,488.78,489.77,490.84,492.00,493.17,493.79,493.92,493.80,493.52,493.01,492.09,490.44,488.37,486.51,486.31,487.63,489.35,490.97,492.37,493.67,495.88,498.56,500.56,501.86,502.97,503.92,504.69,505.45,506.17,506.89,507.65,508.41,509.12,510.54,512.80,515.60,516.98,516.36,513.73,510.16,509.34,508.84,508.94,509.70,511.10,512.57,513.78,514.91,516.10,517.04,517.22,517.11,516.93,516.72,516.59,516.62,516.79,517.00,516.65,515.79,514.79,513.79,512.77,511.71,510.77,509.97,509.24,508.59,508.06,507.59,507.18,506.99,506.86,506.94,507.38,508.34,509.47
729.49,730.31,730.31,728.98,726.76,723.36,718.54,712.29,705.43,698.43,691.40,684.72,678.78,672.20,665.36,659.08,654.66,654.38,659.33,665.75,672.09,677.95,683.50,688.73,693.56,697.73,701.16,704.17,706.98,709.36,710.66,711.12,710.53,709.00,706.63,704.12,702.30,701.53,701.90,702.29,701.41,699.51,696.75,693.16,689.67,686.23,682.81,679.22,674.87,671.27,668.02,664.81,661.49,658.64,655.49,651.89,648.06,644.60,641.69,639.34,637.52,635.77,633.86,632.18,630.76,629.23,626.96,624.54,622.00,619.31,617.28,615.40,613.58,611.84,610.30,609.23,608.44,607.80,607.21,606.63,606.03,605.35,604.58,603.81,603.03,602.19,601.25,600.30,599.46,598.42,597.17,595.82,594.50,593.35,592.26,591.16,589.89,587.74,584.38,580.15,575.78,571.64,567.87,564.28,561.06,559.20,557.91,556.72,555.50,554.33,553.11,551.87,550.56,549.05,547.30,545.48,543.57,541.63,539.76,538.36,537.08,535.80,534.50,533.28,532.18,530.83,528.03,520.98,515.71,511.57,508.12,505.50,502.98,500.91,499.21,497.68,496.20,494.69,492.99,491.17,489.78,488.88,488.02,487.12,486.27,485.42,484.78,484.29,483.88,483.52,483.17,482.84,482.52,482.18,481.86,481.56,481.25,480.94,480.63,480.32,479.86,479.13,478.23,477.30,476.72,476.73,477.62,478.70,479.71,480.56,481.22,481.88,482.62,483.43,484.28,485.13,485.91,486.69,487.41,487.98,488.44,488.96,489.64,490.42,490.85,491.06,490.88,490.41,489.93,488.96,487.53,486.33,486.20,487.45,489.31,491.04,492.43,493.78,495.10,496.78,498.69,500.44,501.84,503.13,504.31,505.33,506.18,506.94,507.69,508.46,509.25,510.49,512.81,516.05,519.63,521.47,521.20,518.80,514.92,512.37,511.06,511.03,511.95,513.47,515.07,516.45,517.68,518.75,519.48,519.72,519.71,519.59,519.41,519.11,518.72,518.41,518.25,517.66,516.77,515.79,514.77,513.75,512.81,511.92,511.03,510.18,509.43,508.88,508.44,508.05,507.83,507.60,507.51,507.65,508.08,508.97
735.31,735.88,735.20,732.92,729.24,724.62,719.07,712.65,705.95,699.04,692.00,685.41,679.96,673.60,666.88,660.86,656.91,657.05,661.73,667.99,674.38,680.12,685.68,691.05,696.18,700.76,704.26,707.55,710.56,713.02,714.56,715.22,714.94,713.80,711.81,709.56,707.44,705.83,705.01,704.74,703.14,700.66,697.39,693.05,688.91,685.00,681.16,677.13,672.44,668.51,664.93,661.46,658.19,655.45,652.56,649.55,646.93,644.64,643.25,642.21,641.05,639.74,637.84,635.69,633.47,631.23,628.89,626.51,623.61,619.97,617.82,615.98,614.26,612.68,611.23,610.06,609.21,608.58,608.03,607.49,606.90,606.22,605.45,604.66,603.83,602.95,602.04,601.11,600.24,599.15,597.90,596.61,595.36,594.31,593.26,592.16,591.13,589.78,586.61,581.91,577.00,572.73,568.88,565.21,561.87,559.69,558.34,557.15,555.94,554.76,553.55,552.30,551.01,549.59,547.86,546.03,544.11,542.10,540.12,538.71,537.42,536.12,534.85,533.74,532.71,531.68,529.82,524.17,518.52,513.85,510.30,507.52,504.96,502.86,501.09,499.48,497.97,496.34,494.50,492.44,490.49,489.36,488.45,487.55,486.69,485.77,485.04,484.46,484.03,483.70,483.39,483.07,482.75,482.38,482.06,481.75,481.44,481.13,480.83,480.51,480.16,479.67,478.83,477.92,477.05,476.52,476.99,477.94,479.04,480.03,480.75,481.39,482.13,482.93,483.78,484.62,485.39,486.09,486.69,487.12,487.35,487.64,487.96,488.23,488.31,488.46,488.15,487.46,486.93,486.15,485.34,485.38,487.14,489.37,491.13,492.56,493.85,495.21,496.53,497.77,499.03,500.45,501.90,503.30,504.68,505.97,506.90,507.70,508.49,509.31,510.29,512.16,515.29,519.25,523.25,525.42,525.73,524.27,520.96,516.54,514.14,513.68,514.52,516.03,517.67,519.19,520.55,521.66,522.33,522.68,522.78,522.70,522.55,522.07,521.22,520.30,519.55,518.65,517.74,516.78,515.77,514.76,513.96,513.12,512.17,511.19,510.30,509.70,509.27,508.91,508.72,508.50,508.30,508.15,508.03,508.51
742.14,741.89,739.96,736.28,731.01,725.36,719.28,712.84,706.61,700.09,693.20,686.60,681.23,675.42,669.15,663.12,658.79,659.20,663.88,670.04,676.36,682.13,687.85,693.66,699.04,703.35,707.20,710.79,714.10,716.87,718.54,719.52,719.55,718.70,717.08,714.74,712.58,710.44,708.22,706.31,703.80,701.09,697.83,692.91,688.19,683.90,679.65,674.97,670.14,665.81,662.13,658.96,655.50,652.55,650.15,648.36,647.42,647.05,646.55,645.77,644.62,643.19,641.24,638.97,636.51,634.05,631.52,628.63,625.13,621.10,618.64,616.88,615.33,613.85,612.49,611.22,610.20,609.44,608.90,608.37,607.77,607.09,606.31,605.49,604.64,603.79,602.90,601.97,601.02,599.92,598.74,597.53,596.30,595.09,593.97,592.98,592.02,590.85,588.14,583.75,578.13,573.83,569.93,566.15,562.63,560.05,558.70,557.59,556.37,555.21,553.98,552.71,551.43,550.09,548.41,546.56,544.61,542.59,540.56,539.07,537.74,536.45,535.27,534.26,533.27,532.27,530.99,528.39,522.10,516.46,512.80,509.42,506.85,504.84,503.12,501.45,499.81,497.91,495.88,493.78,491.69,490.04,488.86,487.98,487.07,486.14,485.31,484.64,484.21,483.94,483.60,483.26,482.95,482.62,482.31,482.00,481.69,481.38,481.07,480.72,480.38,480.00,479.40,478.54,477.63,476.85,476.58,477.30,478.30,479.32,480.24,480.94,481.65,482.44,483.28,484.12,484.82,485.34,485.76,486.12,486.13,486.30,486.51,486.59,486.43,486.35,485.93,485.18,484.63,485.15,485.94,487.17,489.14,490.97,492.58,494.04,495.37,496.66,497.96,499.13,500.17,501.25,502.61,504.01,505.40,506.69,507.55,508.37,509.25,510.39,512.20,514.33,517.47,521.59,526.16,528.78,529.40,528.76,526.57,521.87,518.29,516.94,517.35,518.64,520.45,522.29,523.97,525.34,526.43,527.02,527.26,527.21,526.89,526.25,525.16,523.68,521.85,519.82,518.68,517.78,516.82,515.99,515.14,514.25,513.28,512.23,511.21,510.57,510.14,509.78,509.50,509.22,508.97,508.77,508.61,508.66
748.18,746.72,743.39,738.45,732.19,725.88,719.64,713.51,707.60,701.25,694.47,687.91,682.46,676.92,671.00,665.16,660.83,661.39,665.97,671.94,678.19,684.19,690.00,695.87,701.28,705.67,709.89,713.95,717.73,720.92,722.93,724.14,724.22,723.35,721.71,719.20,716.69,713.87,710.52,707.45,704.38,701.33,697.74,692.33,687.34,682.80,678.26,673.35,668.72,664.35,660.63,657.58,654.33,651.86,650.45,649.91,650.02,650.59,650.41,649.56,648.17,646.44,644.28,641.78,639.07,636.44,633.82,630.73,627.02,622.84,619.88,618.01,616.52,615.10,613.78,612.47,611.37,610.52,609.88,609.26,608.64,607.96,607.18,606.34,605.49,604.63,603.73,602.78,601.76,600.68,599.53,598.30,597.07,595.85,594.71,593.69,592.68,591.53,589.42,585.56,579.12,574.75,570.85,567.02,563.37,560.35,559.00,557.98,556.80,555.61,554.38,553.12,551.84,550.53,548.95,547.09,545.11,543.08,541.03,539.43,538.08,536.86,535.77,534.81,533.83,532.83,531.83,530.75,525.97,520.45,515.70,511.92,508.94,506.78,505.10,503.49,501.80,499.79,497.66,495.54,493.37,491.05,489.39,488.38,487.48,486.53,485.63,484.90,484.48,484.24,483.88,483.50,483.17,482.84,482.53,482.22,481.91,481.60,481.29,480.94,480.60,480.28,479.85,479.12,478.24,477.35,476.68,476.85,477.61,478.61,479.63,480.45,481.19,481.95,482.76,483.50,484.08,484.50,484.80,484.97,484.86,484.92,485.01,484.95,484.60,484.58,484.48,484.27,484.39,485.64,487.27,489.04,490.89,492.48,494.02,495.50,496.89,498.15,499.35,500.40,501.33,502.23,503.41,504.75,506.14,507.39,508.22,509.11,510.24,511.78,513.97,516.31,519.60,523.87,528.63,531.54,532.35,532.16,530.84,526.92,523.08,521.08,520.84,521.82,523.45,525.38,527.42,529.38,530.85,531.67,532.00,531.92,531.49,530.78,529.48,527.57,525.00,522.23,520.35,519.00,517.99,517.22,516.31,515.34,514.34,513.25,512.15,511.48,511.04,510.67,510.36,510.08,509.81,509.54,509.26,509.08
753.16,750.18,745.44,739.49,732.82,726.23,720.16,714.60,708.82,702.40,695.68,689.22,683.62,678.03,672.30,666.86,662.98,663.69,668.00,673.70,679.89,686.24,692.07,697.67,702.97,707.81,712.40,717.07,721.44,725.11,727.65,729.00,728.89,727.65,725.69,722.89,719.75,716.12,711.94,708.22,704.88,701.41,697.21,691.42,686.43,681.75,677.07,672.33,668.15,664.06,660.37,657.27,654.64,653.35,653.30,653.93,654.48,655.00,654.64,653.50,651.70,649.61,647.06,644.21,641.22,638.43,635.76,632.76,629.21,625.08,621.56,619.39,617.80,616.40,615.08,613.77,612.68,611.79,610.97,610.21,609.54,608.84,608.05,607.21,606.36,605.47,604.53,603.54,602.49,601.44,600.28,598.93,597.68,596.58,595.47,594.27,593.13,591.92,590.44,587.24,579.98,575.53,571.65,567.82,564.09,560.63,559.24,558.33,557.22,556.00,554.76,553.52,552.26,550.93,549.47,547.61,545.61,543.58,541.52,539.81,538.45,537.32,536.30,535.36,534.38,533.38,532.37,531.36,529.73,525.41,519.08,515.08,511.38,508.82,507.11,505.60,503.92,501.94,499.82,497.67,495.43,492.40,490.10,488.77,487.89,486.92,486.02,485.31,484.88,484.62,484.22,483.81,483.44,483.06,482.74,482.42,482.10,481.79,481.48,481.16,480.85,480.54,480.20,479.63,478.85,477.97,477.21,476.64,477.00,477.92,478.92,479.89,480.72,481.49,482.21,482.77,483.21,483.59,483.80,483.70,483.56,483.56,483.56,483.40,483.00,483.27,483.83,484.62,485.90,487.31,489.00,490.75,492.35,493.90,495.45,496.97,498.40,499.66,500.68,501.60,502.46,503.31,504.26,505.51,506.86,508.09,508.92,509.96,511.48,513.43,515.56,518.11,521.71,526.13,530.72,533.79,534.69,534.67,533.89,531.52,528.31,525.97,524.99,525.58,526.81,528.63,531.01,533.68,535.35,536.32,536.67,536.53,536.07,535.38,533.98,531.83,528.93,525.77,522.77,520.58,519.36,518.42,517.43,516.39,515.32,514.23,513.10,512.47,512.08,511.72,511.41,511.21,510.93,510.51,510.04,509.79
755.95,751.43,745.76,739.61,732.81,726.50,720.74,715.33,709.67,702.96,696.23,689.92,684.31,678.55,672.66,667.51,664.59,666.14,670.08,675.33,681.41,687.78,693.58,699.37,704.95,710.05,715.25,720.49,725.22,729.15,732.11,733.52,733.07,731.29,728.85,725.50,721.88,717.78,713.06,708.57,704.84,701.05,696.62,691.05,686.04,681.25,676.59,672.13,668.22,664.45,660.96,658.07,656.46,656.42,657.40,658.68,659.40,659.64,658.95,657.48,655.35,653.06,650.13,647.02,643.87,640.72,637.78,634.66,631.17,627.26,623.74,621.18,619.22,617.67,616.34,615.06,614.01,613.14,612.29,611.47,610.64,609.79,608.93,608.08,607.20,606.26,605.32,604.43,603.46,602.27,600.90,599.46,598.24,597.09,595.91,594.68,593.47,592.24,590.93,588.01,580.96,576.33,572.36,568.54,564.82,561.21,559.55,558.57,557.61,556.42,555.19,553.93,552.67,551.41,549.97,548.11,546.10,544.08,542.01,540.23,538.86,537.80,536.76,535.78,534.78,533.78,532.78,531.82,530.83,528.15,523.64,519.12,515.05,512.08,509.87,507.92,506.07,504.06,502.00,499.87,497.30,493.97,491.12,489.19,488.28,487.34,486.89,486.61,486.06,485.08,484.61,484.32,483.99,483.57,483.17,482.77,482.37,481.98,481.66,481.35,481.05,480.74,480.42,480.01,479.38,478.58,477.77,477.02,476.87,477.32,478.29,479.28,480.18,480.92,481.49,481.94,482.34,482.54,482.55,482.41,482.37,482.65,482.97,483.15,483.29,483.82,484.64,485.70,487.00,488.56,490.33,492.10,493.73,495.33,496.88,498.47,499.97,500.92,501.88,502.83,503.69,504.39,505.25,506.36,507.59,508.81,509.80,511.26,513.08,515.09,517.17,520.03,523.80,528.15,532.59,535.95,537.13,537.25,536.62,534.99,532.96,531.09,529.89,530.16,531.51,533.62,535.88,537.78,538.76,539.38,539.61,539.49,539.19,538.79,537.98,536.41,533.53,529.54,526.09,523.38,521.38,519.66,518.44,517.33,516.20,515.09,514.09,513.97,514.03,513.75,513.53,513.39,512.99,512.33,511.77,511.15
757.40,751.57,745.20,739.05,732.31,726.44,720.97,715.56,709.81,702.85,696.06,689.90,684.40,678.53,672.66,668.22,666.73,668.92,672.40,677.11,682.90,689.21,695.05,701.07,706.97,712.35,718.11,723.80,728.96,733.23,736.21,737.49,736.74,734.53,731.55,727.79,723.78,719.32,714.19,708.98,704.87,700.84,696.35,691.17,686.32,681.64,677.16,673.02,669.26,665.74,662.45,659.83,659.14,660.24,662.04,663.74,664.48,664.39,663.35,661.58,659.20,656.73,653.51,650.13,646.77,643.24,639.97,636.63,633.11,629.41,625.98,623.11,620.78,619.02,617.62,616.36,615.35,614.50,613.62,612.74,611.78,610.79,609.87,608.98,608.08,607.16,606.24,605.42,604.41,603.03,601.46,599.93,598.70,597.47,596.23,594.98,593.73,592.48,591.21,588.51,581.97,577.14,573.05,569.23,565.51,561.84,559.88,558.77,557.91,556.73,555.65,554.50,553.30,552.02,550.50,548.61,546.59,544.56,542.50,540.62,539.22,538.19,537.13,536.13,535.15,534.17,533.20,532.26,531.34,529.97,527.49,522.89,518.86,515.70,513.09,510.69,508.62,506.51,504.45,502.32,499.55,496.20,492.90,490.20,488.81,487.86,487.90,488.19,487.82,486.41,485.71,485.24,484.73,484.27,483.83,483.40,482.96,482.52,482.10,481.67,481.28,480.94,480.62,480.30,479.83,479.16,478.35,477.56,476.98,476.94,477.70,478.67,479.62,480.35,480.80,481.19,481.63,481.83,481.84,481.88,482.05,482.57,483.13,483.58,484.13,484.78,485.68,486.79,487.95,489.65,491.50,493.32,495.03,496.67,498.38,500.14,501.68,502.31,503.11,504.05,504.92,505.50,506.27,507.24,508.37,509.63,510.91,512.74,514.74,516.75,518.93,522.14,526.08,530.44,534.81,538.03,539.32,539.55,539.10,538.04,537.09,535.90,534.86,534.95,536.21,538.16,539.95,540.97,541.35,541.66,541.77,541.68,541.52,541.37,541.06,540.06,537.52,533.25,529.38,526.15,523.47,521.04,519.40,518.13,516.98,515.88,515.18,515.58,516.10,516.03,515.91,515.76,515.21,514.32,513.65,512.67
757.00,750.39,743.57,737.43,731.08,725.68,720.45,714.88,708.61,701.54,694.70,688.58,683.42,677.65,672.36,669.54,670.32,672.35,675.25,679.24,684.38,690.63,696.68,702.85,708.92,714.72,720.78,726.75,732.56,737.48,739.66,740.42,739.56,737.26,733.65,729.87,725.67,720.89,715.43,709.77,705.37,701.19,696.79,692.13,687.80,683.69,679.70,675.85,672.12,668.68,665.53,663.15,662.95,664.92,667.28,669.10,669.64,669.28,667.95,665.95,663.41,660.76,657.38,653.72,649.96,646.12,642.48,638.82,635.13,631.52,628.15,625.15,622.59,620.55,618.97,617.66,616.68,615.84,614.87,613.89,612.90,611.90,610.91,609.93,609.10,608.29,607.47,606.58,605.20,603.59,601.93,600.31,598.97,597.68,596.41,595.16,593.87,592.57,591.30,588.84,583.00,578.00,573.77,569.90,566.14,562.46,560.19,558.92,558.07,556.80,556.17,555.46,554.42,552.94,551.09,549.11,547.07,545.01,542.99,540.96,539.45,538.39,537.38,536.43,535.53,534.63,533.69,532.76,531.84,530.84,529.20,525.67,522.39,519.56,516.96,514.35,512.00,509.72,507.50,505.29,502.70,499.74,496.20,492.48,489.63,488.60,489.02,489.97,490.48,489.58,488.35,486.99,485.76,485.27,484.91,484.57,484.22,483.77,483.07,482.27,481.61,481.19,480.81,480.49,480.14,479.68,478.95,478.13,477.38,476.96,477.19,478.06,479.04,479.81,480.29,480.65,481.28,481.89,482.43,482.98,483.55,484.08,484.52,484.86,485.23,485.75,486.53,487.55,488.76,490.59,492.53,494.40,496.15,497.84,500.00,502.11,503.70,504.13,504.50,505.23,506.11,506.66,507.31,508.17,509.26,510.66,512.46,514.38,516.33,518.40,521.01,524.57,528.79,533.42,537.88,539.98,540.90,541.24,541.15,540.75,540.35,539.94,539.65,539.80,540.25,540.91,541.65,542.32,542.66,542.97,543.08,542.99,542.83,542.68,542.34,541.58,539.89,536.70,532.20,528.22,525.42,522.72,520.35,518.72,517.61,516.58,516.45,517.17,517.99,518.37,518.38,518.06,517.34,516.31,515.37,514.22
755.58,748.60,741.87,735.81,729.86,724.61,719.08,712.86,706.21,699.40,692.87,686.97,682.05,677.11,674.08,673.25,674.65,676.68,679.27,682.61,686.98,692.82,698.85,705.06,711.13,716.88,723.25,729.77,735.63,740.04,741.98,742.56,741.55,739.16,735.65,731.74,727.34,722.43,716.93,711.10,706.47,702.19,697.93,693.82,690.01,686.31,682.63,678.92,675.27,671.85,668.91,667.09,667.57,669.82,672.26,674.11,674.72,674.44,673.06,670.78,667.69,664.54,661.08,657.43,653.59,649.39,645.50,641.60,637.69,633.89,630.30,627.13,624.47,622.37,620.58,619.06,617.94,617.04,616.07,615.03,614.02,612.99,611.95,611.06,610.27,609.50,608.65,607.50,606.02,604.38,602.58,600.65,599.14,597.79,596.50,595.26,593.95,592.63,591.37,589.08,583.77,578.65,574.40,570.57,566.76,563.07,560.51,558.75,557.23,555.16,554.51,554.23,553.91,553.27,551.47,549.52,547.53,545.48,543.44,541.36,539.79,538.68,537.72,536.81,535.92,535.03,534.10,533.17,532.27,531.38,530.20,527.94,525.20,522.51,520.06,517.94,516.05,513.89,511.52,508.95,506.11,503.13,499.82,496.13,492.41,490.50,491.22,492.51,492.53,491.70,490.49,489.16,487.90,487.05,486.64,486.27,485.82,485.22,484.34,483.42,482.59,481.94,481.31,480.81,480.41,480.05,479.50,478.70,477.90,477.26,477.03,477.56,478.49,479.40,480.06,480.44,481.13,481.88,482.60,483.30,484.02,484.69,485.30,485.86,486.35,486.85,487.44,488.19,489.36,491.23,493.25,495.27,497.25,499.22,502.00,504.48,505.96,506.28,506.33,506.67,507.27,507.87,508.46,509.40,510.69,512.35,514.33,516.25,518.34,520.79,523.89,527.64,532.09,536.49,539.83,541.37,542.23,542.68,542.72,542.50,542.27,542.11,542.08,542.30,542.53,542.79,543.17,543.69,544.05,544.31,544.41,544.33,544.14,543.95,543.49,542.65,541.24,539.05,534.81,530.48,527.01,524.07,521.31,519.39,518.19,517.36,517.60,518.48,519.47,520.19,520.27,519.82,519.06,518.10,516.99,515.78
753.63,746.50,740.05,734.04,728.48,723.21,717.15,710.11,703.27,696.87,690.88,685.38,680.81,677.30,676.93,678.00,679.42,681.52,683.87,686.66,690.28,695.55,701.44,707.52,713.37,718.95,725.73,732.78,738.47,742.04,743.91,744.41,743.25,740.82,737.58,733.47,728.89,723.93,718.53,712.76,707.98,703.64,699.57,695.92,692.53,689.19,685.76,682.17,678.60,675.13,672.43,671.25,672.47,674.78,677.07,678.83,679.58,679.46,678.12,675.64,672.11,668.36,664.74,661.16,657.34,652.89,648.79,644.65,640.50,636.46,632.57,629.13,626.36,624.27,622.27,620.54,619.22,618.19,617.22,616.16,615.11,614.06,613.01,612.25,611.46,610.67,609.76,608.37,606.88,605.20,603.22,600.95,599.25,597.85,596.57,595.32,594.01,592.70,591.44,589.28,584.39,579.19,574.96,571.20,567.38,563.67,560.76,558.34,555.92,552.95,552.13,552.26,552.79,553.22,551.71,549.89,548.00,545.97,543.88,541.79,540.15,538.98,538.06,537.19,536.29,535.37,534.45,533.53,532.66,531.77,530.83,529.70,527.42,524.89,522.70,521.26,520.03,518.15,515.78,513.01,509.93,506.75,503.66,500.36,496.26,493.37,493.94,495.11,494.25,493.33,492.33,491.33,490.30,489.08,488.57,488.12,487.51,486.70,485.74,484.79,483.87,482.95,482.04,481.28,480.76,480.40,479.98,479.25,478.46,477.69,477.08,477.15,477.99,479.00,479.87,480.33,481.02,481.79,482.54,483.25,484.00,484.82,485.68,486.55,487.26,487.81,488.25,488.80,489.91,491.78,493.88,496.04,498.30,500.84,504.32,507.10,508.42,508.69,508.48,508.40,508.66,509.29,509.88,510.97,512.50,514.40,516.39,518.41,520.80,523.74,527.33,531.25,535.60,539.32,541.24,542.50,543.44,543.99,544.09,543.87,543.65,543.51,543.55,543.85,544.09,544.33,544.65,545.09,545.47,545.66,545.74,545.69,545.47,545.24,544.62,543.58,542.17,540.75,537.23,532.86,528.63,525.43,522.53,520.37,518.99,518.40,518.80,519.70,520.78,521.74,521.82,521.24,520.50,519.68,518.52,517.33
751.10,744.31,737.88,731.61,726.48,720.93,714.25,706.72,700.09,694.17,688.99,684.41,680.78,679.96,681.13,682.94,684.81,686.93,688.93,691.38,694.65,699.14,704.86,710.22,715.32,720.98,728.57,735.72,741.21,744.55,746.16,746.35,745.20,742.87,739.36,735.04,730.30,725.31,720.11,714.84,710.09,705.84,701.99,698.43,695.21,692.16,689.08,685.71,682.09,678.50,675.95,675.31,677.20,679.65,681.65,683.01,683.64,683.37,682.04,679.92,676.93,672.68,668.58,664.66,660.80,656.71,652.27,647.80,643.49,639.45,635.37,631.38,628.17,625.95,623.86,622.16,620.69,619.39,618.31,617.23,616.09,615.04,614.20,613.35,612.43,611.55,610.64,609.41,607.81,605.77,603.43,601.09,599.32,597.92,596.63,595.38,594.08,592.80,591.56,589.49,584.89,579.62,575.38,571.69,567.92,564.17,560.69,557.44,554.31,551.27,550.48,550.91,551.85,552.65,551.69,550.23,548.50,546.45,544.27,542.16,540.46,539.19,538.31,537.41,536.50,535.59,534.71,533.84,532.94,532.06,531.18,530.22,528.35,526.38,524.71,523.58,522.51,521.03,519.41,517.66,515.07,511.50,507.96,504.64,501.27,498.28,497.13,496.63,495.66,494.73,493.74,492.77,491.83,490.84,490.23,489.69,489.04,488.11,487.16,486.19,485.21,484.22,483.19,482.26,481.50,480.88,480.31,479.73,479.02,478.23,477.46,476.97,477.56,478.52,479.44,480.05,480.71,481.44,482.20,482.95,483.67,484.52,485.43,486.34,487.20,487.96,488.63,489.39,490.63,492.55,494.64,496.76,499.19,503.11,507.26,510.13,511.28,511.60,511.25,511.01,511.09,511.52,512.27,513.47,514.99,516.79,518.77,521.47,524.49,527.81,531.75,535.96,538.99,540.99,542.32,543.51,544.55,545.25,545.45,545.25,545.06,544.97,545.05,545.39,545.64,545.92,546.21,546.52,546.90,547.02,547.07,547.06,546.84,546.65,545.92,544.69,543.15,541.62,539.13,535.45,530.98,527.46,524.75,522.49,520.83,520.39,520.47,521.11,522.11,523.07,522.88,522.22,521.48,520.74,519.81,518.81
748.70,742.13,735.66,729.29,724.36,718.11,710.93,703.57,697.40,692.11,688.15,685.29,683.56,684.46,686.21,688.04,689.77,691.63,693.39,695.81,699.11,703.21,708.25,712.85,717.59,723.69,731.68,738.61,743.87,747.17,748.53,748.52,747.24,744.80,741.06,736.58,731.66,726.64,721.71,716.91,712.42,708.50,705.01,701.49,698.07,695.05,692.20,689.12,685.62,682.18,679.99,679.89,682.10,684.30,685.99,687.11,687.56,687.03,685.50,683.41,680.72,676.72,672.33,668.03,663.98,660.11,655.59,650.77,646.14,642.09,638.04,633.83,630.20,627.56,625.52,623.86,622.28,620.75,619.42,618.22,617.05,616.02,615.18,614.24,613.25,612.29,611.32,610.17,608.47,606.20,603.65,601.22,599.45,598.05,596.79,595.54,594.26,593.03,591.78,589.75,585.39,579.95,575.66,572.02,568.32,564.50,560.70,556.99,553.45,550.41,549.51,550.02,551.13,552.00,551.51,550.44,548.89,546.82,544.60,542.54,540.78,539.40,538.53,537.63,536.73,535.85,535.00,534.14,533.24,532.34,531.47,530.57,529.17,527.67,526.28,525.16,524.06,522.88,521.79,520.67,518.81,515.98,512.67,509.22,505.94,502.78,500.21,498.27,497.00,496.03,495.07,494.11,493.20,492.39,491.76,491.14,490.37,489.31,488.32,487.31,486.29,485.27,484.20,483.25,482.42,481.66,480.95,480.30,479.55,478.72,477.88,477.11,477.29,478.02,478.98,479.74,480.38,481.10,481.86,482.60,483.30,484.16,485.09,486.01,486.94,487.82,488.68,489.60,490.96,492.96,495.06,497.15,499.80,505.27,509.70,512.58,513.95,514.45,514.27,514.09,514.08,514.32,515.04,516.24,517.88,519.98,522.32,525.58,529.15,532.67,535.98,539.30,541.15,542.17,543.30,544.49,545.62,546.46,546.82,546.65,546.50,546.45,546.54,546.89,547.19,547.49,547.76,548.01,548.31,548.40,548.44,548.43,548.23,548.03,547.23,545.94,544.37,542.86,540.87,537.72,533.46,529.85,527.18,524.85,523.06,522.56,522.48,522.88,523.60,524.29,523.85,523.16,522.45,521.74,520.99,520.17
746.51,739.99,733.41,727.19,722.18,714.93,707.44,700.89,695.47,691.07,688.72,688.20,689.03,690.47,691.95,693.22,694.30,695.67,697.35,699.99,703.61,707.70,711.57,715.45,720.29,727.12,735.03,741.46,746.46,749.81,750.99,750.90,749.39,746.65,742.78,738.19,733.07,728.00,723.38,718.99,714.97,711.58,708.56,705.08,701.21,697.96,695.18,692.40,689.20,686.25,684.67,685.10,687.20,688.80,690.14,691.16,691.36,690.50,688.55,686.07,683.33,680.24,675.81,671.14,666.79,662.92,658.58,653.44,648.34,644.29,640.44,636.35,632.38,629.06,627.21,625.57,623.91,622.23,620.55,619.13,617.99,616.95,615.92,614.91,613.90,612.87,611.79,610.59,608.81,606.51,603.93,601.43,599.68,598.32,597.06,595.82,594.58,593.39,592.10,590.05,585.84,580.17,575.82,572.23,568.54,564.64,560.82,557.05,553.39,550.31,549.13,549.55,550.62,551.32,551.15,550.46,549.11,547.03,544.84,542.89,541.12,539.63,538.72,537.85,536.99,536.13,535.28,534.42,533.52,532.59,531.70,530.85,529.97,528.79,527.42,526.08,524.81,523.84,522.92,521.93,520.92,519.85,517.51,513.96,510.10,506.65,503.22,500.26,498.40,497.30,496.35,495.42,494.53,493.75,493.16,492.44,491.50,490.31,489.22,488.14,487.10,486.08,485.03,484.22,483.46,482.68,481.89,480.97,480.05,479.16,478.32,477.55,477.20,477.55,478.51,479.39,480.07,480.78,481.53,482.23,482.94,483.79,484.72,485.65,486.57,487.49,488.41,489.42,490.85,492.95,495.10,497.19,500.11,507.13,511.54,514.43,516.41,517.25,517.59,517.64,517.60,517.69,518.22,519.35,521.26,524.07,527.13,530.69,534.51,537.93,539.70,541.09,542.09,543.01,544.17,545.43,546.63,547.60,548.16,548.05,547.96,547.92,548.00,548.33,548.68,549.00,549.27,549.49,549.66,549.75,549.79,549.76,549.60,549.34,548.53,547.30,545.87,544.53,542.49,539.60,535.99,532.55,529.72,527.36,525.57,524.81,524.79,524.96,525.23,525.42,524.79,524.13,523.46,522.76,522.07,521.40
744.58,738.00,731.33,725.43,719.90,712.72,705.61,699.83,696.28,693.84,692.98,693.37,694.45,695.66,696.76,697.84,699.06,700.81,702.55,705.16,708.69,712.46,715.45,718.87,723.69,730.66,738.34,744.57,749.16,752.00,753.29,753.26,751.92,749.38,745.49,740.64,735.24,730.06,725.62,721.64,718.00,714.87,712.10,709.00,705.48,702.01,698.82,696.04,693.34,691.41,690.67,691.26,692.61,693.84,694.71,695.09,694.64,693.22,690.73,687.80,684.83,681.77,677.59,672.94,668.34,664.25,659.91,654.80,649.70,645.60,641.88,637.81,633.72,630.20,628.35,626.63,624.93,623.22,621.50,619.84,618.59,617.53,616.45,615.36,614.27,613.17,612.03,610.83,609.13,606.87,604.44,602.32,600.55,599.03,597.62,596.28,595.04,593.83,592.41,590.15,585.83,580.29,576.03,572.47,568.78,564.83,560.94,557.11,553.39,550.11,548.65,549.02,550.07,550.47,550.25,549.66,548.54,546.80,544.92,543.10,541.28,539.68,538.80,537.90,537.01,536.13,535.28,534.39,533.47,532.56,531.71,530.94,530.28,529.32,528.13,526.92,525.72,524.69,523.74,522.88,522.07,521.28,519.82,517.42,513.92,510.33,506.76,503.45,500.71,498.75,497.60,496.71,495.88,495.08,494.49,493.64,492.52,491.30,490.08,488.96,487.91,486.92,486.01,485.17,484.31,483.40,482.49,481.50,480.54,479.64,478.81,478.03,477.38,477.35,478.02,478.93,479.71,480.45,481.17,481.87,482.60,483.47,484.40,485.31,486.20,487.16,488.11,489.09,490.38,492.55,494.82,497.05,500.19,507.73,512.96,516.54,519.08,520.80,521.63,521.87,521.85,521.94,522.63,524.12,526.45,529.67,533.17,535.96,538.34,540.26,541.30,542.21,543.07,543.98,544.98,546.07,547.31,548.48,549.28,549.27,549.23,549.21,549.27,549.50,549.79,550.04,550.23,550.38,550.48,550.54,550.56,550.54,550.46,550.26,549.75,548.95,547.80,546.09,543.94,541.34,538.32,535.22,532.36,529.87,527.95,527.10,527.03,526.92,526.75,526.55,525.94,525.32,524.66,523.97,523.28,522.65
742.87,736.14,729.34,723.69,717.71,711.09,704.98,700.49,698.88,698.31,698.64,699.46,700.34,701.27,702.18,703.26,704.77,706.86,708.73,711.29,714.63,718.01,720.48,723.54,728.05,734.62,741.71,747.56,751.68,754.05,755.57,755.69,754.61,752.39,748.77,743.79,738.18,732.85,728.43,724.70,721.34,718.41,715.79,713.10,710.00,706.53,703.13,700.31,698.14,697.20,697.15,697.70,698.25,698.82,699.02,698.69,697.55,695.36,692.20,688.78,685.55,682.31,678.28,673.70,668.94,664.66,660.24,655.20,650.21,646.18,642.58,638.72,634.74,631.20,629.28,627.51,625.78,624.07,622.30,620.41,619.04,617.93,616.82,615.67,614.50,613.35,612.19,611.00,609.43,607.33,605.14,603.38,601.62,599.94,598.36,596.89,595.56,594.01,592.23,589.74,585.51,580.31,576.20,572.66,568.96,564.98,561.02,557.16,553.38,549.89,548.13,548.39,549.34,549.42,549.11,548.53,547.59,546.21,544.61,542.87,541.13,539.62,538.77,537.88,536.96,536.07,535.20,534.27,533.35,532.47,531.68,531.03,530.47,529.71,528.75,527.65,526.56,525.48,524.51,523.71,522.91,522.08,521.23,519.94,517.22,513.74,510.30,506.90,503.51,500.71,499.13,498.09,497.25,496.42,495.75,494.76,493.52,492.26,490.97,489.80,488.73,487.73,486.90,485.99,485.01,484.00,483.00,482.01,481.05,480.14,479.29,478.51,477.69,477.30,477.58,478.46,479.32,480.09,480.79,481.50,482.26,483.14,484.07,484.99,485.87,486.84,487.79,488.74,489.87,492.00,494.37,496.78,500.10,507.69,514.21,519.06,522.39,525.02,526.17,526.50,526.56,526.88,527.94,529.78,532.22,535.16,538.34,540.13,541.11,541.73,542.36,543.16,544.05,544.96,545.83,546.74,547.93,549.17,550.11,550.23,550.25,550.25,550.31,550.49,550.72,550.89,551.01,551.10,551.16,551.17,551.17,551.17,551.16,551.03,550.79,550.38,549.55,547.73,545.62,543.22,540.50,537.60,534.82,532.29,530.25,529.27,528.97,528.59,528.11,527.63,527.13,526.55,525.91,525.22,524.52,523.89
741.55,734.52,727.45,721.76,715.78,710.32,706.38,704.46,704.28,704.75,705.57,706.52,707.44,708.41,709.64,711.07,712.68,714.53,716.56,719.21,722.37,725.35,728.06,730.84,734.42,739.55,745.24,750.13,753.71,756.00,757.88,758.36,757.46,755.60,752.88,748.17,742.57,737.08,732.36,728.48,725.23,722.42,719.88,717.38,714.47,711.59,708.72,705.94,704.28,703.89,704.01,704.28,704.29,703.34,702.43,701.55,699.83,696.46,692.39,688.44,684.98,681.59,677.27,672.59,667.94,663.65,659.07,653.95,649.12,645.51,642.00,638.87,635.49,632.04,630.06,628.30,626.60,624.83,622.87,620.79,619.29,618.08,616.89,615.73,614.56,613.40,612.26,611.13,609.69,608.00,606.22,604.50,602.79,601.05,599.37,597.78,596.11,593.52,590.85,588.14,584.71,580.17,576.26,572.71,568.97,564.98,561.07,557.17,553.30,549.69,547.60,547.53,548.19,548.03,547.73,547.06,546.13,544.96,543.42,541.69,540.34,539.38,538.59,537.73,536.87,535.99,535.07,534.15,533.22,532.39,531.71,531.20,530.66,530.10,529.36,528.21,527.07,526.18,525.35,524.45,523.56,522.69,521.85,520.89,519.43,516.61,513.47,510.26,506.98,503.79,501.38,499.70,498.63,497.83,496.88,495.75,494.50,493.21,491.95,490.73,489.56,488.46,487.49,486.51,485.51,484.50,483.51,482.56,481.59,480.62,479.73,478.95,478.16,477.48,477.22,478.03,478.88,479.68,480.42,481.12,481.89,482.77,483.69,484.63,485.60,486.55,487.48,488.43,489.51,491.28,493.65,496.31,499.73,506.79,515.30,522.44,527.24,530.44,531.51,531.73,532.00,533.03,534.72,536.69,538.36,539.47,540.60,541.42,542.10,542.71,543.35,544.11,544.99,545.91,546.82,547.69,548.62,549.56,550.36,550.68,550.75,550.78,550.88,551.11,551.39,551.55,551.65,551.77,551.80,551.81,551.81,551.81,551.79,551.66,551.45,551.12,550.54,549.65,547.98,545.52,542.41,539.29,536.81,534.50,532.42,531.11,530.28,529.64,529.11,528.65,528.23,527.75,527.15,526.46,525.77,525.14
740.12,733.13,726.17,720.61,715.46,712.02,710.13,709.67,710.27,711.17,712.21,713.31,714.41,715.57,717.03,718.71,720.52,722.46,724.68,727.37,730.36,733.06,735.48,737.73,740.36,744.00,748.46,752.71,756.26,758.91,760.63,761.29,760.68,759.18,757.00,752.90,747.69,742.19,737.05,732.97,729.59,726.72,724.19,721.77,719.38,717.11,714.73,712.14,710.10,709.63,709.54,709.15,708.37,706.62,704.59,702.56,700.21,695.92,691.27,686.92,683.03,679.06,674.42,669.69,665.18,660.94,656.29,651.78,647.77,644.49,641.15,638.52,635.79,632.88,630.89,629.12,627.30,625.38,623.39,621.31,619.68,618.36,617.15,615.93,614.70,613.46,612.22,610.98,609.56,608.00,606.36,604.70,603.13,601.57,600.05,598.36,595.85,592.49,589.36,586.56,583.57,579.81,576.15,572.55,568.82,564.94,561.10,557.20,553.25,549.53,547.08,546.52,546.78,546.57,546.30,545.56,544.61,543.54,542.21,540.73,539.67,538.97,538.19,537.38,536.56,535.74,534.90,534.01,533.17,532.46,531.88,531.38,530.88,530.39,529.77,528.76,527.68,526.80,525.96,525.07,524.18,523.32,522.43,521.52,520.50,518.70,516.27,513.43,510.35,507.44,504.86,502.73,501.02,499.53,498.19,496.92,495.68,494.44,493.23,491.82,490.35,489.01,488.01,487.01,486.03,485.04,484.01,483.07,482.12,481.14,480.21,479.39,478.61,477.84,477.31,477.68,478.45,479.27,480.05,480.75,481.55,482.44,483.36,484.30,485.27,486.23,487.17,488.11,489.12,490.47,492.75,495.58,499.14,505.61,514.99,523.55,529.80,534.50,536.02,536.35,536.58,537.37,538.56,539.86,540.88,541.45,542.01,542.56,543.12,543.71,544.35,545.06,545.92,546.85,547.76,548.62,549.37,550.06,550.67,551.08,551.24,551.33,551.45,551.72,552.03,552.20,552.31,552.41,552.42,552.42,552.42,552.42,552.41,552.31,552.12,551.81,551.33,550.73,549.56,547.56,544.64,541.28,538.53,536.14,534.19,532.97,531.89,530.97,530.26,529.77,529.32,528.85,528.33,527.71,527.02,526.38
738.73,731.95,725.33,720.15,716.36,715.17,715.06,715.49,716.51,717.52,718.62,719.81,721.08,722.47,724.15,726.03,728.07,730.25,732.59,735.19,737.92,740.35,742.28,744.05,745.91,748.28,751.70,755.50,759.24,762.33,763.68,764.40,764.02,762.77,760.90,757.64,753.17,747.93,742.42,738.07,734.30,731.23,728.70,726.28,724.33,722.48,720.50,718.20,715.58,714.69,714.07,712.89,711.18,708.89,705.84,702.50,699.40,694.40,689.41,684.76,680.32,675.61,670.70,666.00,661.65,657.54,653.00,649.37,646.40,643.52,640.49,638.25,636.15,633.93,632.01,630.12,628.07,625.97,624.01,621.99,620.21,618.72,617.48,616.16,614.83,613.46,612.08,610.70,609.25,607.71,606.12,604.56,603.15,601.85,600.56,598.80,595.34,591.42,588.05,585.22,582.46,579.41,575.96,572.31,568.61,564.90,561.13,557.23,553.24,549.40,546.68,545.60,545.40,545.16,544.87,544.09,543.12,542.14,541.08,539.95,539.12,538.49,537.72,536.94,536.17,535.43,534.72,533.93,533.23,532.64,532.13,531.60,531.12,530.65,530.09,529.28,528.30,527.35,526.45,525.59,524.72,523.86,522.92,521.93,520.99,520.23,518.65,516.36,513.67,511.27,508.85,506.43,504.05,501.71,499.87,498.33,496.99,495.82,494.62,492.95,491.13,489.49,488.48,487.49,486.52,485.57,484.53,483.57,482.64,481.68,480.72,479.85,479.05,478.27,477.62,477.43,478.03,478.85,479.66,480.38,481.21,482.12,483.05,483.98,484.91,485.90,486.86,487.79,488.73,489.70,491.84,494.79,498.44,504.29,513.87,523.25,530.85,537.38,539.52,540.02,540.17,540.38,540.70,541.16,541.70,542.32,543.00,543.60,544.15,544.72,545.35,546.02,546.84,547.74,548.62,549.45,550.08,550.57,550.99,551.45,551.72,551.87,552.02,552.34,552.65,552.86,552.98,553.04,553.05,553.05,553.05,553.05,553.04,552.98,552.81,552.50,552.00,551.40,550.68,549.34,546.95,543.44,540.17,537.59,535.77,534.74,533.53,532.39,531.50,530.96,530.43,529.95,529.47,528.94,528.26,527.63
737.84,731.24,725.21,721.25,719.49,719.60,720.39,721.45,722.66,723.66,724.60,725.55,726.63,728.20,730.15,732.23,734.37,736.84,738.92,740.90,742.90,744.86,746.67,748.55,750.54,752.77,755.62,759.29,763.02,766.02,767.07,767.67,767.08,765.59,763.84,761.59,758.72,754.67,749.28,744.39,739.73,736.19,733.68,731.14,728.47,726.24,724.31,722.35,720.19,718.57,717.01,715.08,712.39,709.25,705.55,701.47,697.14,691.86,686.88,682.04,677.03,671.74,666.89,662.48,658.44,654.64,650.79,647.76,645.47,643.58,641.35,639.44,637.72,636.04,634.24,631.88,629.45,627.19,625.18,623.04,621.04,619.26,617.74,616.22,614.70,613.22,611.80,610.44,608.95,607.53,606.16,604.82,603.52,602.27,601.02,599.25,595.49,591.33,587.83,584.96,582.17,579.16,575.71,572.07,568.42,564.82,561.11,557.24,553.22,549.31,546.75,545.46,544.79,544.12,543.47,542.72,541.94,541.19,540.42,539.59,538.82,538.11,537.33,536.56,535.82,535.15,534.57,534.08,533.59,533.06,532.49,531.91,531.42,530.93,530.38,529.72,528.76,527.77,526.80,525.86,524.95,524.01,523.03,522.07,521.31,520.75,519.93,518.72,516.99,514.83,512.58,510.26,507.88,505.41,502.95,500.52,498.46,497.27,495.89,493.98,491.88,489.99,488.89,487.88,486.91,485.98,485.06,484.13,483.17,482.20,481.26,480.35,479.51,478.71,477.97,477.44,477.68,478.36,479.19,480.00,480.84,481.79,482.74,483.67,484.60,485.58,486.55,487.49,488.46,489.40,491.36,494.14,497.72,502.96,511.96,521.37,529.84,537.66,540.06,540.73,541.03,541.16,541.42,541.91,542.50,543.10,543.83,544.54,545.18,545.77,546.39,546.99,547.69,548.43,549.10,549.79,550.37,550.84,551.27,551.81,552.15,552.34,552.55,552.95,553.27,553.51,553.65,553.67,553.67,553.67,553.67,553.67,553.67,553.65,553.49,553.17,552.64,552.03,551.36,550.42,548.79,545.68,542.09,539.28,537.37,536.07,534.74,533.63,532.80,532.26,531.72,531.20,530.68,530.14,529.50,528.83
737.32,731.32,726.52,724.42,724.35,725.31,726.56,727.81,728.94,729.73,730.39,731.09,732.07,733.67,735.62,737.66,739.73,742.10,743.97,745.67,747.39,749.19,751.04,753.06,755.29,757.81,760.66,764.10,767.51,770.21,771.16,771.52,770.68,769.01,767.29,765.57,763.57,760.39,755.58,750.66,745.54,741.60,738.87,736.16,733.21,730.36,727.75,725.50,723.44,721.28,718.88,715.98,712.25,708.14,703.78,699.15,694.16,689.18,684.32,679.37,674.16,668.84,664.19,660.21,656.78,653.70,650.79,648.58,646.96,645.65,643.95,642.16,640.46,638.80,636.80,634.07,631.24,628.66,626.51,624.34,622.21,620.22,618.43,616.80,615.18,613.60,612.05,610.47,608.94,607.59,606.36,605.12,603.86,602.62,601.35,599.53,595.66,591.41,587.83,584.91,582.05,578.96,575.48,571.84,568.25,564.73,561.09,557.22,553.15,549.25,547.08,545.79,544.81,543.80,542.89,542.10,541.38,540.72,540.07,539.37,538.62,537.84,537.06,536.38,535.76,535.20,534.75,534.41,534.05,533.57,532.95,532.34,531.83,531.30,530.69,529.96,529.01,528.01,527.02,526.04,525.09,524.10,523.13,522.27,521.66,521.19,520.80,520.27,519.32,517.77,516.05,514.05,511.75,509.30,506.62,503.66,500.90,498.96,497.06,494.93,492.69,490.63,489.31,488.29,487.35,486.44,485.60,484.67,483.70,482.75,481.86,480.92,480.00,479.14,478.37,477.64,477.47,477.94,478.77,479.62,480.47,481.42,482.41,483.36,484.31,485.30,486.28,487.24,488.24,489.20,490.98,493.47,496.67,501.21,509.62,519.06,528.17,536.48,539.69,540.82,541.27,541.50,541.86,542.38,542.92,543.42,544.07,544.65,545.19,545.72,546.30,546.79,547.49,548.32,549.13,549.90,550.49,550.94,551.37,551.92,552.32,552.61,552.91,553.36,553.71,554.04,554.25,554.29,554.30,554.30,554.30,554.30,554.30,554.30,554.16,553.85,553.29,552.63,551.93,551.19,550.11,547.81,544.32,541.18,538.83,537.27,535.87,534.86,534.13,533.60,533.06,532.46,531.85,531.24,530.60,529.95
737.25,732.35,729.49,729.77,730.85,732.25,733.53,734.52,735.31,735.67,735.98,736.49,737.47,738.95,740.60,742.34,744.17,746.08,747.83,749.70,751.71,753.71,755.76,757.90,760.38,763.48,766.85,769.92,772.66,774.86,775.92,775.95,774.89,773.19,771.41,769.63,767.55,764.80,761.03,756.60,751.58,747.33,744.08,741.16,738.57,734.93,730.94,727.70,725.18,722.74,719.60,715.44,710.67,705.64,700.65,695.71,690.82,686.74,682.12,677.15,672.17,667.41,663.07,659.60,657.04,655.06,653.24,652.10,651.20,649.92,648.36,646.47,644.40,642.17,639.64,636.68,633.47,630.38,627.96,625.86,623.74,621.63,619.65,617.98,616.35,614.70,612.92,610.86,609.26,607.92,606.68,605.43,604.13,602.86,601.51,599.58,595.75,591.52,587.93,584.94,581.99,578.81,575.27,571.61,568.08,564.64,561.06,557.17,553.05,549.26,547.61,546.52,545.42,544.25,543.24,542.31,541.47,540.73,540.02,539.27,538.51,537.72,536.94,536.46,536.04,535.64,535.30,534.92,534.59,534.13,533.50,532.90,532.33,531.74,530.99,529.99,529.05,528.07,527.10,526.15,525.16,524.16,523.28,522.56,522.08,521.68,521.33,520.96,520.49,519.96,519.13,517.64,515.49,513.21,510.74,507.77,504.39,500.89,498.15,495.80,493.56,491.43,489.78,488.75,487.85,486.95,486.15,485.19,484.24,483.36,482.54,481.56,480.51,479.59,478.81,478.05,477.43,477.62,478.39,479.24,480.09,481.05,482.05,483.04,484.04,485.04,486.04,487.04,488.04,489.03,490.63,492.68,495.18,498.99,506.88,516.40,525.96,533.96,538.62,540.59,541.15,541.63,542.14,542.53,542.87,543.22,543.63,543.85,544.05,544.39,544.91,545.27,546.09,547.27,548.58,549.75,550.42,550.87,551.27,551.75,552.20,552.63,553.07,553.51,553.90,554.38,554.75,554.88,554.91,554.92,554.92,554.92,554.92,554.92,554.82,554.53,553.99,553.26,552.50,551.73,550.90,549.75,546.83,543.32,540.19,538.39,536.98,536.11,535.50,534.95,534.40,533.69,532.95,532.22,531.54,530.97
738.17,735.30,734.46,735.61,736.90,738.26,739.39,740.16,740.63,740.85,741.04,741.40,742.19,743.41,744.88,746.56,748.50,750.59,752.54,754.54,756.66,758.88,761.16,763.74,766.60,769.67,772.65,775.32,777.50,779.01,779.61,779.38,778.37,776.76,774.78,772.75,770.81,768.73,765.93,761.20,755.99,751.22,747.26,744.36,741.58,737.79,733.23,728.60,725.57,722.73,718.36,712.41,707.61,702.86,698.69,694.86,690.84,687.69,683.85,679.45,674.76,670.14,665.93,662.47,659.93,658.43,657.48,656.93,656.30,655.06,653.34,651.11,648.61,645.92,643.12,639.95,636.38,632.76,629.76,627.41,625.26,623.14,621.06,619.16,617.42,615.65,613.78,611.74,610.00,608.57,607.27,605.93,604.43,602.93,601.37,599.26,595.52,591.49,588.00,584.99,581.98,578.75,575.15,571.46,567.90,564.56,561.03,557.14,553.06,549.58,547.98,546.86,545.77,544.67,543.66,542.68,541.76,540.91,540.09,539.31,538.53,537.83,537.34,537.04,536.66,536.25,535.86,535.48,535.11,534.65,534.07,533.43,532.61,531.73,530.83,529.85,528.95,528.04,527.13,526.22,525.23,524.29,523.56,523.03,522.62,522.26,521.91,521.56,521.22,520.87,520.38,519.53,518.29,516.87,514.60,511.67,507.90,503.02,499.29,496.64,494.39,492.26,490.44,489.29,488.37,487.50,486.71,485.74,484.87,484.08,483.25,482.20,481.12,480.12,479.25,478.48,477.76,477.61,478.01,478.82,479.67,480.60,481.57,482.58,483.58,484.58,485.60,486.60,487.60,488.61,489.75,491.06,492.92,496.85,503.93,512.96,522.83,531.25,536.87,539.72,540.82,541.31,541.73,541.96,542.14,542.38,542.70,542.75,542.74,542.88,543.38,543.59,544.34,545.48,546.78,548.72,549.92,550.60,551.00,551.42,551.84,552.28,552.74,553.15,553.55,554.13,554.72,555.18,555.47,555.54,555.54,555.54,555.54,555.54,555.44,555.28,555.04,554.41,553.63,552.81,552.00,551.11,549.05,545.89,542.40,539.85,538.24,537.39,536.76,536.06,535.39,534.64,533.87,533.12,532.48,531.96
739.99,739.09,739.83,741.28,742.53,743.75,744.69,745.24,745.49,745.77,746.00,746.34,747.10,748.23,749.63,751.32,753.35,755.61,757.75,759.87,762.05,764.38,766.86,769.81,772.91,775.73,778.15,780.32,781.90,782.67,782.68,782.15,781.11,779.56,777.42,775.23,773.36,771.72,769.58,764.70,759.35,754.14,749.59,746.44,743.19,739.21,734.27,728.64,725.08,721.58,716.29,709.59,705.46,701.62,698.55,695.87,692.80,690.22,687.09,683.30,678.89,674.21,669.99,666.42,663.74,662.47,662.07,661.81,661.29,660.13,658.23,655.75,652.91,649.80,646.72,643.27,639.37,635.33,631.84,629.10,626.82,624.69,622.55,620.46,618.53,616.62,614.69,612.77,610.88,609.23,607.73,606.19,604.50,602.79,600.95,598.61,595.02,591.35,588.04,585.03,582.00,578.69,575.03,571.29,567.72,564.45,561.00,557.14,553.11,549.91,548.28,547.13,546.08,545.08,544.08,543.08,542.10,541.16,540.22,539.43,538.68,538.07,537.88,537.75,537.41,536.95,536.49,536.09,535.66,535.12,534.44,533.70,532.63,531.52,530.48,529.59,528.73,527.88,527.04,526.18,525.26,524.46,523.90,523.52,523.14,522.82,522.47,522.12,521.78,521.42,521.09,520.75,520.33,519.72,517.89,515.28,511.47,505.72,500.74,497.59,495.36,493.46,491.71,490.10,488.91,488.08,487.28,486.36,485.58,484.83,483.95,482.84,481.75,480.70,479.72,478.92,478.19,477.72,477.70,478.42,479.25,480.14,481.09,482.10,483.10,484.11,485.11,486.11,487.12,488.10,488.83,489.53,490.93,494.96,500.97,509.19,519.11,527.91,534.26,538.12,540.11,540.81,541.15,541.23,541.26,541.39,541.62,541.52,541.29,541.18,541.54,541.61,542.28,543.35,544.64,547.12,548.85,549.96,550.65,551.05,551.42,551.85,552.28,552.66,553.06,553.72,554.50,555.25,555.84,556.08,556.15,556.17,556.17,556.17,556.07,556.03,556.08,555.70,555.02,554.21,553.37,552.54,551.21,548.49,544.88,541.69,539.67,538.63,537.89,537.06,536.29,535.51,534.75,534.03,533.50,533.04
743.67,743.88,744.80,746.09,747.27,748.40,749.18,749.54,749.82,750.53,751.07,751.69,753.05,754.64,756.24,757.92,759.76,761.68,763.77,766.01,768.27,770.36,772.91,775.83,778.67,781.01,783.04,784.50,785.29,785.33,784.76,783.77,782.32,780.53,778.53,776.49,774.40,772.36,770.04,766.03,760.86,755.68,750.93,746.64,742.54,737.73,732.42,727.23,723.09,718.22,713.31,709.22,707.04,704.98,702.74,700.34,697.80,694.78,691.74,688.31,684.04,679.02,674.57,670.93,668.28,666.94,666.33,665.86,665.29,664.34,662.46,660.17,657.29,653.78,650.21,646.25,642.06,637.97,634.48,631.09,628.47,626.26,624.16,622.07,619.80,617.67,615.76,613.88,611.87,609.75,607.65,605.68,603.89,602.13,599.99,597.22,593.98,591.00,588.04,585.04,582.04,578.61,574.84,571.04,567.48,564.25,560.92,557.18,553.22,549.99,548.52,547.47,546.46,545.45,544.45,543.44,542.45,541.46,540.49,539.72,539.04,538.54,538.49,538.51,538.25,537.81,537.30,536.84,536.30,535.43,534.25,533.20,532.12,530.99,529.95,529.14,528.30,527.45,526.62,525.86,525.22,524.70,524.29,523.95,523.58,523.25,522.94,522.59,522.23,521.90,521.59,521.25,520.86,520.48,519.72,518.15,515.21,509.93,503.04,498.87,496.71,495.65,494.54,491.61,489.53,488.69,487.87,487.15,486.45,485.62,484.54,483.45,482.40,481.33,480.26,479.37,478.58,477.92,477.62,478.08,478.88,479.74,480.66,481.66,482.67,483.67,484.67,485.68,486.67,487.58,488.21,488.89,490.31,493.70,498.16,505.08,514.39,522.86,529.72,534.92,538.49,540.15,540.56,540.57,540.50,540.43,540.42,540.16,539.63,539.07,538.95,538.93,539.57,540.78,542.46,544.51,546.39,548.37,550.21,550.67,551.01,551.38,551.78,552.17,552.61,553.32,554.13,554.90,555.68,556.38,556.74,556.79,556.79,556.79,556.73,556.69,556.81,557.02,556.72,556.08,555.29,554.67,553.39,550.86,547.53,544.36,541.49,539.76,538.72,537.93,537.16,536.38,535.64,535.04,534.76,534.43
747.76,748.52,749.48,750.64,751.78,752.89,753.73,754.36,755.34,756.53,757.44,758.32,759.66,761.11,762.68,764.34,766.04,767.71,769.61,771.69,773.89,776.22,779.01,781.86,784.38,786.21,787.53,788.17,788.12,787.37,786.18,784.68,782.87,780.88,778.84,776.66,774.37,772.01,769.38,765.76,761.09,756.11,751.13,746.15,741.07,735.55,730.19,725.75,722.02,718.05,714.54,712.06,710.57,709.09,707.14,704.83,702.34,698.96,695.73,692.36,688.35,683.51,679.02,675.54,673.26,672.06,671.50,670.97,670.32,669.35,667.19,664.66,661.47,657.49,653.37,649.10,644.50,639.95,636.25,632.95,630.30,628.02,625.90,623.77,621.24,618.88,616.84,614.87,612.67,610.23,607.74,605.49,603.46,601.51,599.23,596.46,593.53,590.84,588.02,585.05,582.05,578.62,574.75,570.87,567.31,564.11,560.87,557.23,553.35,550.15,548.83,547.88,546.86,545.83,544.83,543.82,542.81,541.81,540.78,540.00,539.38,539.00,539.07,539.17,539.01,538.63,538.06,537.36,536.48,535.34,534.01,532.79,531.58,530.46,529.47,528.68,527.94,527.20,526.47,525.83,525.35,524.94,524.60,524.28,523.92,523.58,523.26,522.92,522.55,522.23,521.93,521.58,521.21,520.89,520.55,519.71,517.84,513.88,507.30,501.33,497.97,497.79,497.69,494.97,492.04,489.88,488.71,488.02,487.26,486.33,485.27,484.22,483.13,481.99,480.84,479.83,479.00,478.28,477.76,477.77,478.50,479.33,480.21,481.19,482.19,483.19,484.19,485.19,486.12,486.99,487.67,488.42,489.71,492.22,495.92,501.56,509.21,517.13,523.87,529.53,533.89,536.18,537.25,537.41,537.10,536.55,536.06,535.43,534.70,534.05,533.91,534.22,535.03,536.31,538.13,540.16,542.31,544.81,547.46,549.15,550.26,550.89,551.28,551.68,552.19,552.94,553.76,554.54,555.38,556.21,556.89,557.33,557.39,557.40,557.38,557.37,557.50,557.90,557.96,557.68,557.22,556.98,555.77,553.48,550.44,547.11,543.94,541.54,539.82,538.72,537.94,537.17,536.50,536.06,536.01,535.85
752.18,753.12,754.06,755.17,756.38,757.64,758.73,759.78,761.56,763.07,764.29,765.35,766.38,767.49,768.96,770.60,772.21,773.74,775.38,777.22,779.37,782.10,785.08,787.78,789.92,791.16,791.64,791.41,790.51,788.97,787.18,785.14,782.97,780.73,778.44,775.97,773.46,770.84,767.90,764.44,760.36,755.69,750.53,745.03,739.07,733.23,728.24,724.86,722.18,720.05,718.25,716.67,715.18,713.58,711.60,709.27,706.57,702.94,699.35,695.79,692.00,687.56,683.24,680.12,678.38,677.45,677.09,676.59,675.88,674.81,672.42,669.55,665.86,661.22,656.45,651.94,646.95,641.84,637.76,634.83,632.27,629.91,627.72,625.51,622.77,620.17,617.91,615.73,613.31,610.62,607.88,605.38,603.00,600.82,598.54,596.01,593.40,590.78,587.99,585.05,582.06,578.65,574.71,570.75,567.19,563.97,560.78,557.25,553.47,550.31,549.15,548.29,547.29,546.23,545.22,544.21,543.20,542.18,541.14,540.34,539.79,539.53,539.66,539.81,539.71,539.35,538.69,537.66,536.39,535.06,533.75,532.43,531.08,529.98,529.09,528.29,527.70,527.09,526.50,525.98,525.58,525.19,524.85,524.53,524.21,523.85,523.51,523.17,522.80,522.48,522.17,521.83,521.47,521.15,520.84,520.47,519.65,517.38,512.44,504.81,499.86,500.16,500.85,499.04,495.60,491.93,490.13,489.09,488.09,487.05,486.08,485.06,483.90,482.70,481.50,480.36,479.46,478.71,478.04,477.57,478.15,478.93,479.76,480.70,481.70,482.70,483.69,484.66,485.52,486.37,487.17,488.02,489.12,490.73,494.00,498.42,504.01,511.11,517.37,522.94,527.49,530.12,531.96,532.34,531.82,530.82,529.81,528.77,527.90,527.35,527.44,528.26,529.36,530.73,532.61,534.81,537.25,540.04,543.21,546.50,548.78,550.09,550.77,551.20,551.79,552.57,553.38,554.16,555.00,555.85,556.87,557.81,557.98,558.02,558.03,558.05,558.18,558.53,558.88,559.03,559.02,559.16,558.13,556.23,553.57,550.05,546.79,543.77,541.29,539.63,538.71,537.94,537.37,537.10,537.21,537.22
757.18,758.00,759.00,760.21,762.12,764.16,765.78,766.90,768.07,769.09,770.03,770.92,771.85,773.23,774.87,776.57,778.24,779.85,781.30,783.25,785.76,788.41,790.86,793.07,794.66,795.13,794.86,793.84,792.19,790.04,787.74,785.22,782.55,779.75,776.75,773.85,771.01,768.17,765.27,762.17,758.31,753.96,748.92,742.57,736.70,732.01,728.74,727.12,725.92,724.58,723.15,721.70,720.06,718.01,715.78,713.38,710.57,707.04,702.91,698.69,694.62,690.29,686.63,684.24,683.07,682.53,682.29,681.92,681.35,680.50,678.85,676.17,671.79,665.73,659.95,655.06,650.13,645.01,640.27,637.14,634.48,631.99,629.62,627.20,624.38,621.54,618.81,616.18,613.55,610.75,607.82,604.86,601.98,599.76,597.73,595.55,593.28,590.76,587.99,585.05,582.05,578.61,574.62,570.62,567.05,563.75,560.52,557.10,553.52,550.35,549.26,548.58,547.74,546.71,545.71,544.66,543.63,542.64,541.72,541.03,540.59,540.39,540.45,540.60,540.28,539.62,538.71,537.51,536.16,534.81,533.48,532.13,530.78,529.78,529.02,528.34,527.73,527.16,526.62,526.16,525.82,525.44,525.10,524.79,524.47,524.10,523.76,523.42,523.05,522.73,522.42,522.10,521.76,521.41,521.09,520.78,520.32,519.25,516.68,510.34,505.17,503.91,503.27,501.71,499.45,496.76,493.83,490.96,489.14,487.98,486.94,485.79,484.69,483.61,482.50,481.29,480.02,479.12,478.44,477.82,477.94,478.55,479.36,480.26,481.26,482.22,483.18,484.11,484.95,485.76,486.63,487.57,488.56,489.76,492.23,495.65,500.00,505.38,511.05,516.07,519.98,522.28,523.94,524.37,524.12,523.52,522.52,521.45,520.49,519.90,520.24,521.37,522.88,524.67,526.79,529.10,531.63,534.42,537.58,541.22,544.56,547.75,550.20,550.75,551.40,552.19,552.99,553.73,554.53,555.70,557.04,558.16,558.43,558.60,558.65,558.69,558.85,559.16,559.54,559.86,560.08,560.29,559.81,558.90,557.20,553.80,549.89,546.60,543.80,541.40,539.66,538.79,538.34,538.15,538.29,538.40
762.50,763.38,764.52,765.88,768.02,770.21,771.89,772.94,773.69,774.43,775.24,776.13,777.23,778.84,780.58,782.32,784.06,785.89,787.39,789.47,792.12,794.48,796.34,797.77,798.60,798.42,797.38,795.56,793.26,790.53,787.33,784.36,781.25,777.89,774.37,771.24,768.22,765.29,762.47,759.68,756.08,752.11,747.46,741.24,736.67,733.56,731.68,730.97,730.51,729.46,728.10,726.58,724.75,722.33,719.82,717.20,714.17,710.61,706.20,701.69,697.59,693.48,690.56,688.83,688.06,687.81,687.60,687.14,686.40,685.37,684.01,681.37,676.83,670.34,663.68,658.34,653.40,648.44,643.51,639.98,637.01,634.28,631.68,629.01,626.09,622.97,619.77,616.66,613.71,610.68,607.53,604.23,600.99,598.76,596.88,594.92,592.87,590.49,587.80,584.95,582.10,578.80,574.73,570.57,566.89,563.52,560.25,556.91,553.50,550.37,549.32,548.74,548.05,547.14,546.17,545.13,544.10,543.17,542.44,541.93,541.60,541.38,541.18,541.00,540.38,539.48,538.42,537.21,535.92,534.65,533.39,532.01,530.68,529.73,529.05,528.45,527.85,527.30,526.80,526.38,526.06,525.69,525.35,525.04,524.72,524.35,524.01,523.68,523.32,522.99,522.67,522.36,522.04,521.68,521.37,521.05,520.74,520.33,519.39,515.40,510.64,507.02,505.32,503.86,502.40,500.57,497.57,494.18,491.45,489.43,487.99,486.81,485.79,484.78,483.68,482.30,480.73,479.61,478.85,478.16,477.85,478.24,478.98,479.85,480.80,481.72,482.63,483.54,484.38,485.13,486.02,486.98,487.90,488.85,490.54,492.95,496.14,500.25,505.17,509.52,512.83,514.76,515.99,516.34,516.24,515.86,514.92,513.92,513.07,512.60,513.02,514.19,515.80,517.77,520.20,522.95,525.86,528.88,532.12,535.86,539.78,544.07,547.89,549.72,550.86,551.75,552.53,553.30,554.27,555.71,557.25,558.48,558.81,559.05,559.17,559.29,559.50,559.78,560.10,560.47,560.83,561.06,560.92,560.59,559.65,557.05,553.32,549.81,546.63,543.75,541.46,540.23,539.61,539.43,539.68,539.71
768.09,769.28,770.67,772.19,773.89,775.32,776.45,777.34,778.19,779.02,779.99,781.17,782.74,784.43,786.15,787.89,789.72,791.83,793.66,795.82,798.21,800.09,801.40,801.81,801.62,800.94,799.08,796.48,793.65,790.37,785.79,782.41,778.91,775.09,771.38,768.25,765.27,762.40,759.66,757.09,753.84,750.34,746.42,741.68,739.67,738.40,737.26,736.26,735.56,734.37,732.89,731.19,729.12,726.51,723.69,720.70,717.32,713.53,709.20,704.96,701.19,697.51,695.36,694.15,693.57,693.42,693.14,692.31,690.97,689.17,687.35,684.48,680.43,674.87,667.56,661.74,656.67,651.93,647.43,643.34,639.86,636.79,633.95,631.00,627.89,624.47,620.79,617.26,613.84,610.44,607.03,603.62,600.25,597.99,596.09,594.13,592.12,589.91,587.40,584.75,582.24,579.31,575.12,570.62,566.72,563.26,559.99,556.70,553.40,550.40,549.34,548.77,548.18,547.48,546.58,545.60,544.62,543.79,543.31,542.99,542.72,542.39,541.75,540.88,539.92,538.91,537.84,536.79,535.68,534.60,533.49,532.12,530.80,529.82,529.12,528.57,528.02,527.48,527.00,526.63,526.31,525.94,525.59,525.28,524.97,524.59,524.26,523.94,523.62,523.25,522.92,522.62,522.30,521.98,521.67,521.36,521.03,520.66,520.29,519.35,515.62,509.26,507.07,505.57,504.13,502.62,500.92,498.86,495.28,491.60,489.42,488.26,487.27,486.25,485.03,483.35,481.61,480.24,479.24,478.54,477.91,478.01,478.60,479.45,480.32,481.19,482.08,482.99,483.81,484.48,485.30,486.20,487.07,487.94,488.99,490.34,492.38,495.84,499.79,503.44,506.34,507.96,508.66,508.81,508.63,508.09,507.14,506.31,505.80,505.68,506.00,506.93,508.19,509.99,512.75,516.30,519.94,523.53,527.11,530.85,534.81,539.01,543.46,547.91,550.10,551.21,552.00,552.90,554.30,555.88,557.48,558.79,559.12,559.36,559.58,559.81,560.09,560.34,560.59,560.91,561.27,561.55,561.43,561.07,560.52,559.49,557.02,553.42,549.75,546.72,544.33,542.43,541.32,541.06,541.49,541.25
773.05,774.44,775.84,777.35,778.85,780.02,781.02,781.95,783.03,784.06,785.22,786.73,788.79,790.90,792.89,794.71,796.39,798.17,799.60,801.14,802.84,804.32,805.30,805.22,804.23,802.34,799.57,796.43,793.25,789.70,784.68,780.44,776.37,772.38,768.75,765.53,762.56,759.78,757.18,754.65,751.85,748.86,745.92,743.77,743.25,742.81,742.20,741.52,740.62,739.31,737.63,735.55,733.10,730.22,727.17,724.01,720.62,717.04,712.83,708.65,705.13,702.46,701.14,700.46,700.07,699.72,699.08,697.81,695.98,693.56,690.73,687.13,682.93,677.73,670.43,664.65,659.57,654.64,649.78,645.67,642.16,639.01,636.04,632.88,629.52,625.71,621.60,617.87,614.12,610.53,607.21,604.21,601.18,598.83,596.68,594.35,591.61,589.54,587.38,585.01,582.63,580.06,575.86,571.05,566.66,562.77,559.45,556.29,553.17,550.38,549.38,548.80,548.20,547.57,546.87,546.03,545.21,544.51,543.92,543.42,542.92,542.36,541.59,540.56,539.50,538.46,537.41,536.37,535.30,534.23,533.15,531.93,530.80,529.92,529.24,528.70,528.16,527.68,527.25,526.88,526.56,526.19,525.84,525.53,525.22,524.84,524.51,524.20,523.88,523.54,523.22,522.90,522.55,522.20,521.88,521.57,521.26,520.97,520.73,520.44,518.55,514.24,509.42,507.23,505.78,504.36,503.07,501.57,498.96,495.82,492.97,490.79,489.09,487.59,486.12,484.36,482.65,481.05,479.74,478.93,478.22,477.92,478.18,479.03,479.88,480.73,481.62,482.50,483.25,483.83,484.49,485.26,486.11,487.00,487.88,488.87,490.16,492.08,494.27,497.05,499.89,501.74,502.48,502.54,502.13,501.35,500.60,500.11,499.97,500.16,500.60,501.40,502.40,503.86,506.26,509.59,513.23,517.45,522.10,526.08,530.37,534.95,539.88,545.10,548.79,550.57,551.64,552.89,554.44,556.09,557.73,559.06,559.43,559.71,560.01,560.32,560.62,560.86,561.09,561.37,561.72,562.04,561.99,561.64,561.14,560.57,559.21,556.91,553.87,550.36,547.30,545.05,543.95,543.79,543.64,543.07
777.65,779.28,780.72,782.14,783.53,784.72,785.82,786.97,788.38,789.70,791.09,792.79,795.12,797.45,799.58,801.42,802.89,804.21,805.09,805.91,806.87,807.92,808.56,808.08,806.30,803.08,799.53,796.03,792.61,788.86,783.81,778.84,774.24,770.08,766.51,763.16,760.23,757.61,755.29,753.13,750.92,748.59,746.73,746.77,747.17,747.15,746.90,746.62,745.60,744.16,742.21,739.66,736.79,733.66,730.44,727.18,723.88,720.58,716.64,712.69,709.51,707.83,707.13,706.75,706.36,705.71,704.66,702.98,700.68,697.67,693.81,689.44,684.92,679.86,672.90,667.24,662.12,657.02,651.76,647.65,644.20,641.05,637.95,634.65,631.11,627.03,622.61,618.69,614.82,611.24,608.12,605.61,603.03,600.50,597.94,595.15,591.71,589.49,587.47,585.29,583.01,580.74,576.63,571.63,566.76,562.43,559.01,555.93,553.00,550.37,549.42,548.83,548.22,547.63,547.08,546.35,545.64,545.02,544.26,543.53,542.79,542.01,541.22,540.20,539.12,538.08,537.08,536.02,534.97,533.91,532.85,531.79,530.83,530.04,529.38,528.84,528.30,527.88,527.50,527.12,526.81,526.45,526.10,525.78,525.47,525.11,524.76,524.45,524.14,523.82,523.49,523.14,522.76,522.40,522.10,521.80,521.52,521.29,521.04,520.75,520.43,518.88,512.64,509.61,507.69,506.02,504.84,503.62,502.16,500.04,496.94,493.95,491.46,489.32,487.43,485.63,483.97,482.14,480.43,479.35,478.61,477.97,477.88,478.61,479.44,480.30,481.19,482.05,482.69,483.19,483.69,484.32,485.14,486.04,486.92,487.77,488.55,489.12,489.77,491.56,494.01,495.84,496.66,496.67,496.15,495.35,494.86,494.73,494.91,495.36,495.98,496.80,497.72,498.92,500.75,503.48,506.84,511.43,516.99,521.45,526.28,531.40,536.74,542.18,547.09,549.74,551.37,552.96,554.60,556.30,557.97,559.32,559.76,560.10,560.45,560.80,561.10,561.35,561.59,561.87,562.18,562.53,562.55,562.23,561.72,561.24,560.70,559.77,557.75,554.31,551.04,548.24,546.83,546.53,545.77,544.94
781.64,783.80,785.53,786.83,788.15,789.69,791.33,793.09,795.03,796.87,798.48,800.01,801.73,803.53,805.18,806.67,807.98,809.01,809.44,809.81,810.30,810.83,810.86,809.76,807.13,802.76,798.91,795.35,791.81,787.97,783.29,778.43,773.58,769.01,765.19,761.61,758.82,756.60,754.97,754.36,753.09,751.84,751.09,751.18,751.63,751.67,751.47,751.25,750.36,748.71,746.32,743.23,739.93,736.64,733.38,730.13,726.88,723.72,720.51,717.49,715.04,713.73,712.92,712.09,711.11,710.12,708.87,706.84,704.05,700.42,695.97,691.13,686.26,681.18,675.00,669.18,663.95,659.02,653.91,649.42,645.89,642.74,639.53,636.22,632.74,628.82,624.48,620.19,616.75,613.58,610.73,608.50,606.37,603.38,600.12,596.89,593.52,590.28,587.52,585.22,583.13,581.05,577.20,572.32,567.30,562.78,559.09,555.94,553.10,550.43,549.44,548.86,548.31,547.75,547.20,546.41,545.57,544.79,544.02,543.21,542.39,541.59,540.84,539.87,538.84,537.85,536.90,535.94,534.98,534.01,533.04,532.02,531.08,530.26,529.57,529.03,528.49,528.10,527.75,527.37,527.06,526.74,526.38,526.03,525.72,525.40,525.04,524.70,524.38,524.01,523.65,523.27,522.91,522.64,522.39,522.14,521.89,521.65,521.37,521.06,520.76,520.12,518.05,514.26,510.50,507.70,506.47,505.29,504.01,502.44,500.38,498.17,495.28,492.30,489.67,487.75,486.03,483.94,481.67,479.84,479.03,478.40,478.05,478.21,479.01,479.91,480.79,481.57,482.09,482.56,483.04,483.57,484.22,485.06,485.96,486.81,487.54,488.03,488.54,489.14,489.82,490.50,490.95,490.97,490.87,490.77,490.61,490.74,491.04,491.55,492.46,493.60,494.95,496.28,497.51,499.28,502.11,506.22,511.53,517.05,522.82,528.59,534.28,539.84,544.66,548.44,551.19,552.96,554.71,556.46,558.18,559.61,560.17,560.57,560.92,561.24,561.54,561.84,562.13,562.40,562.67,562.97,563.08,562.82,562.33,561.81,561.32,560.77,559.94,558.66,557.09,552.89,549.67,548.37,547.53,546.73
786.60,789.09,791.14,792.59,794.00,795.47,797.09,798.90,800.89,802.73,804.35,805.81,807.20,808.66,809.87,810.99,812.05,812.66,812.74,812.72,812.81,812.97,812.25,810.67,807.72,802.98,798.99,795.38,791.77,787.91,783.60,779.01,773.91,768.85,764.85,761.21,758.94,757.52,756.75,756.99,756.75,756.41,756.24,756.33,756.62,756.52,756.19,755.79,754.79,753.07,750.52,747.19,743.63,740.00,736.49,733.13,729.89,726.90,724.14,721.69,719.73,718.35,717.15,715.89,714.55,713.23,711.71,709.54,706.49,702.24,697.36,692.10,687.00,682.09,676.54,670.77,665.56,660.75,655.72,650.73,647.03,643.90,640.68,637.32,633.93,630.32,626.39,622.32,619.11,616.15,613.52,611.51,609.51,606.84,603.53,599.73,595.92,591.88,588.46,585.76,583.59,581.48,577.88,573.20,568.01,563.19,559.31,556.08,553.31,550.79,549.64,548.99,548.44,547.87,547.27,546.43,545.51,544.62,543.81,543.00,542.16,541.34,540.59,539.68,538.74,537.82,536.95,536.05,535.14,534.21,533.27,532.30,531.37,530.48,529.72,529.18,528.69,528.34,528.00,527.62,527.31,527.00,526.65,526.27,525.93,525.60,525.22,524.87,524.55,524.17,523.83,523.50,523.20,522.96,522.73,522.50,522.25,521.99,521.71,521.42,521.11,520.80,520.38,517.77,514.88,511.96,508.28,506.69,505.62,504.45,502.95,501.14,498.90,496.07,492.92,490.48,488.26,485.93,483.42,480.90,479.54,478.76,478.25,478.08,478.63,479.48,480.32,481.01,481.48,481.94,482.39,482.85,483.39,484.13,484.99,485.81,486.50,486.93,487.20,487.22,487.17,487.27,487.50,487.56,487.67,487.92,487.99,488.36,488.84,489.43,490.30,491.31,492.56,493.85,495.00,496.41,498.84,502.39,507.19,513.21,519.61,525.81,531.76,537.45,542.45,546.85,550.35,552.74,554.84,556.90,558.72,560.08,560.62,561.03,561.38,561.71,562.02,562.33,562.64,562.93,563.19,563.46,563.63,563.41,562.91,562.41,561.97,561.57,561.19,560.80,560.17,557.25,554.36,552.03,549.37,548.17
792.09,794.70,796.98,798.68,800.21,801.45,802.78,804.36,806.13,807.70,809.20,810.64,811.88,813.12,813.96,814.70,815.45,815.61,815.39,815.04,814.75,814.57,813.10,811.18,808.25,803.67,799.64,795.96,792.28,788.44,784.45,780.19,774.87,769.31,765.21,761.72,760.15,759.72,759.84,760.47,761.16,761.54,761.61,761.67,761.71,761.41,760.88,760.20,759.00,757.34,754.87,751.45,747.62,743.55,739.74,736.26,733.08,730.28,727.76,725.60,723.88,722.20,720.46,718.75,717.11,715.44,713.58,711.35,708.16,703.35,698.14,692.53,687.32,682.69,677.61,672.03,666.92,662.23,657.27,651.82,647.88,644.74,641.56,638.16,634.87,631.60,628.24,624.72,621.63,618.76,616.27,614.38,612.33,610.34,607.44,603.24,598.66,593.97,589.89,586.55,583.95,581.65,578.37,574.04,568.81,563.66,559.60,556.33,553.62,551.34,549.96,549.17,548.61,547.99,547.30,546.43,545.47,544.51,543.65,542.85,542.04,541.21,540.43,539.58,538.72,537.89,537.09,536.25,535.34,534.42,533.50,532.58,531.66,530.71,529.86,529.33,528.92,528.58,528.24,527.86,527.55,527.23,526.88,526.50,526.12,525.74,525.36,525.00,524.69,524.33,524.04,523.80,523.56,523.33,523.10,522.87,522.61,522.32,522.07,521.78,521.47,521.16,520.84,520.26,519.52,517.20,510.75,508.16,507.06,506.21,505.03,503.57,502.59,500.45,496.91,493.68,490.75,488.19,485.58,482.43,480.16,479.08,478.50,478.11,478.31,479.07,479.85,480.45,480.90,481.35,481.76,482.17,482.65,483.25,484.04,484.80,485.40,485.74,485.76,485.70,485.64,485.61,485.81,485.99,486.24,486.58,486.78,487.26,487.83,488.42,489.04,489.70,490.59,491.71,493.06,494.45,496.56,499.49,503.63,509.68,516.44,522.97,529.15,535.04,540.39,545.09,549.12,552.34,554.97,557.49,559.45,560.64,561.08,561.47,561.85,562.20,562.51,562.82,563.13,563.44,563.73,563.97,564.21,564.01,563.50,563.04,562.65,562.28,561.94,561.66,561.44,561.06,559.65,556.64,551.82,549.93
797.29,799.48,801.36,803.03,804.47,805.77,807.23,808.91,810.62,812.13,813.53,814.83,816.00,817.06,817.70,818.14,818.44,818.40,817.95,817.33,816.61,815.66,813.93,811.89,809.14,805.13,801.05,797.14,793.26,789.33,785.43,781.43,776.01,770.23,766.34,763.47,762.56,762.69,763.27,764.09,764.94,765.49,765.71,765.73,765.70,765.40,764.90,764.21,763.10,761.79,759.57,755.98,751.25,746.87,743.10,739.89,737.17,734.55,732.02,729.75,727.83,725.88,723.76,721.46,719.09,716.90,714.55,711.97,708.56,703.52,698.00,692.30,687.23,682.88,678.00,672.53,667.57,663.13,658.56,653.22,648.98,645.50,642.26,639.04,635.90,632.79,629.65,626.56,623.65,620.86,618.33,616.20,614.02,612.22,610.07,606.76,601.43,596.13,591.16,586.60,582.77,580.11,577.38,573.95,569.45,564.15,559.89,556.66,554.19,551.92,550.24,549.30,548.75,548.14,547.34,546.39,545.43,544.48,543.54,542.73,541.91,541.08,540.30,539.46,538.61,537.79,537.00,536.16,535.29,534.44,533.60,532.72,531.84,530.95,530.13,529.52,529.15,528.80,528.43,528.06,527.74,527.39,527.02,526.63,526.25,525.86,525.51,525.20,524.93,524.65,524.37,524.11,523.88,523.64,523.41,523.18,522.94,522.68,522.40,522.10,521.79,521.48,521.17,520.86,520.50,519.47,516.27,510.86,508.42,507.85,507.32,507.23,507.38,505.71,501.77,497.53,494.21,491.30,488.27,484.61,481.02,479.48,478.82,478.28,478.16,478.79,479.56,480.19,480.56,480.93,481.27,481.62,482.00,482.51,483.17,483.77,484.17,484.20,484.48,484.87,485.29,485.71,486.36,487.08,487.70,488.08,488.01,487.96,487.92,487.98,488.42,489.00,489.70,490.65,491.94,493.28,494.93,497.20,500.61,506.01,512.70,519.66,526.40,532.61,538.25,543.39,547.96,551.78,554.90,558.03,560.11,561.02,561.55,561.92,562.28,562.64,562.96,563.26,563.58,563.88,564.19,564.47,564.75,564.60,564.12,563.73,563.42,563.17,562.94,562.73,562.59,562.83,562.23,560.33,557.33,554.56
801.52,803.40,805.06,806.74,808.34,809.90,811.55,813.28,814.88,816.25,817.43,818.48,819.48,820.29,820.79,821.01,820.99,820.79,820.13,819.24,818.15,816.69,814.79,812.69,810.14,806.72,802.64,798.56,794.48,790.39,786.42,782.42,776.98,771.19,767.57,765.63,765.36,765.94,766.89,767.97,769.01,769.75,770.13,770.32,770.28,770.00,769.48,768.70,767.71,766.55,764.55,761.06,755.58,750.70,746.95,744.13,741.80,739.29,736.67,734.17,731.88,729.46,726.79,723.82,720.71,717.96,715.13,712.20,708.46,703.13,697.35,691.69,686.78,682.60,677.79,672.48,667.84,663.80,659.56,654.40,650.08,646.45,643.19,640.05,636.99,633.91,630.83,627.90,625.11,622.39,619.84,617.58,615.40,613.61,611.84,609.21,603.73,598.00,592.49,587.08,581.74,578.76,576.37,573.68,570.01,564.79,560.30,557.03,554.70,552.42,550.50,549.44,548.87,548.24,547.34,546.35,545.38,544.44,543.45,542.61,541.79,540.95,540.18,539.34,538.49,537.66,536.88,536.04,535.19,534.37,533.57,532.74,531.91,531.10,530.35,529.72,529.35,528.97,528.59,528.22,527.90,527.53,527.14,526.76,526.40,526.03,525.71,525.45,525.21,524.98,524.71,524.44,524.21,523.98,523.75,523.52,523.28,523.02,522.72,522.41,522.10,521.79,521.48,521.17,520.97,520.95,520.57,515.13,511.52,510.04,509.79,510.50,511.10,509.84,506.34,502.08,498.07,494.54,491.15,487.27,482.77,480.32,479.12,478.48,478.11,478.55,479.26,479.92,480.29,480.61,480.92,481.23,481.56,481.99,482.52,483.04,483.44,483.56,484.16,484.94,485.71,486.44,487.35,488.36,489.16,489.46,489.25,488.87,488.44,488.13,488.31,488.66,489.16,489.91,491.04,492.33,493.67,495.38,498.00,502.45,508.80,516.03,523.34,529.98,535.95,541.45,546.55,551.11,554.77,558.33,560.47,561.21,561.83,562.30,562.71,563.09,563.41,563.72,564.04,564.35,564.65,564.96,565.25,565.20,564.88,564.57,564.33,564.16,564.01,563.88,563.76,564.23,564.15,563.23,561.71,558.90
