1168.04,1167.85,1167.63,1166.93,1166.02,1164.92,1163.13,1160.79,1157.75,1154.17,1150.95,1152.24,1155.76,1159.78,1163.34,1166.59,1169.16,1170.71,1170.93,1169.70,1167.58,1165.13,1162.52,1159.77,1157.37,1155.47,1154.93,1156.58,1160.42,1165.66,1171.28,1176.84,1182.13,1187.26,1192.62,1198.13,1203.68,1209.34,1215.03,1221.20,1228.04,1235.23,1242.15,1248.47,1254.16,1259.12,1263.54,1267.78,1272.41,1277.88,1284.11,1290.45,1296.69,1302.64,1307.92,1312.26,1316.05,1319.79,1323.82,1327.92,1331.68,1335.13,1338.06,1339.91,1340.99,1341.50,1341.63,1341.49,1341.21,1340.53,1339.95,1339.88,1340.20,1341.21,1343.14,1345.88,1349.03,1352.68,1356.60,1360.29,1363.18,1365.37,1367.43,1369.98,1373.11,1376.00,1378.63,1381.29,1383.93,1386.31,1388.64,1390.96,1393.44,1396.30,1399.71,1403.69,1408.70,1414.44,1419.52,1423.18,1426.19,1428.97,1431.72,1434.56,1437.32,1439.91,1442.27,1444.39,1446.79,1449.15,1451.18,1452.32,1452.20,1451.54,1450.65,1450.00,1450.96,1452.67,1454.57,1456.42,1458.12,1459.36,1460.24,1460.95,1461.68,1462.59,1463.75,1465.24,1467.19,1469.61,1472.12,1474.59,1476.90,1478.81,1480.20,1481.11,1482.08,1483.51,1485.23,1486.93,1488.32,1489.28,1489.65,1489.41,1488.75,1487.70,1486.11,1484.11,1481.77,1479.65,1478.00,1476.50,1475.84,1476.38,1477.82,1479.54,1481.90,1484.04,1485.73,1486.88,1487.59,1487.94,1488.55,1489.68,1491.33,1493.28,1495.36,1497.44,1499.34,1500.72,1501.75,1502.66,1503.45,1503.82,1503.56,1502.95,1502.18,1501.37,1500.27,1499.18,1498.03,1496.87,1496.27,1496.06,1495.81,1495.16,1493.68,1491.79,1489.76,1487.88,1486.38,1484.87,1483.37,1481.61,1479.21,1475.63,1471.04,1466.63,1462.56,1458.38,1453.93,1448.74,1442.48,1435.24,1429.47,1428.57,1430.67,1434.62,1439.28,1445.58,1450.84,1454.92,1458.46,1461.32,1463.70,1465.98,1468.19,1469.81,1470.95,1471.74,1472.02,1471.33,1469.72,1467.18,1464.01,1460.36,1456.31,1452.63,1449.22,1446.06,1443.37,1441.31,1441.50,1443.57,1446.50,1449.33,1451.75,1453.63,1454.86,1455.72,1456.77,1458.04,1459.57,1461.51,1464.26,1467.72,1471.57,1475.63,1480.01,1483.90,1487.75,1491.63,1494.97,1498.19,1501.49,1504.85
1172.41,1172.18,1171.90,1171.14,1170.22,1169.16,1167.32,1164.85,1161.91,1158.57,1155.28,1155.84,1158.87,1162.59,1165.93,1169.44,1172.64,1174.75,1175.37,1174.62,1173.15,1171.14,1168.57,1165.46,1163.02,1161.66,1161.22,1161.80,1163.64,1167.47,1172.32,1177.61,1182.80,1187.85,1193.37,1199.15,1204.90,1210.62,1216.29,1222.38,1229.15,1236.43,1243.32,1249.34,1254.61,1259.43,1264.20,1268.97,1273.96,1279.44,1285.53,1291.79,1297.88,1303.63,1308.79,1313.08,1316.90,1320.80,1325.14,1329.55,1333.66,1337.37,1340.36,1342.00,1343.07,1343.83,1344.29,1344.35,1344.71,1344.38,1343.96,1344.03,1344.42,1345.14,1346.57,1348.82,1351.83,1355.61,1359.58,1363.24,1366.10,1368.41,1370.89,1374.18,1378.09,1380.99,1383.16,1385.20,1387.28,1389.44,1391.71,1393.97,1396.28,1398.90,1402.47,1406.49,1411.63,1417.43,1422.01,1425.45,1428.53,1431.49,1434.39,1437.24,1439.83,1442.14,1444.23,1446.32,1448.67,1450.80,1452.65,1454.13,1454.11,1453.54,1452.69,1451.92,1452.44,1454.05,1455.93,1457.75,1459.48,1460.90,1462.01,1462.86,1463.57,1464.45,1465.55,1466.95,1468.76,1471.01,1473.43,1475.88,1478.25,1480.28,1481.61,1482.56,1483.53,1484.87,1486.72,1488.57,1489.93,1490.71,1491.11,1490.91,1490.39,1489.45,1487.75,1485.59,1482.99,1480.60,1478.80,1477.55,1476.80,1477.05,1478.19,1479.94,1482.72,1485.22,1487.25,1488.73,1489.49,1489.90,1490.48,1491.43,1492.83,1494.63,1496.64,1498.64,1500.26,1501.44,1502.43,1503.31,1503.90,1503.69,1502.99,1502.20,1501.38,1500.36,1498.69,1497.04,1495.51,1494.18,1493.46,1493.19,1493.03,1492.64,1491.47,1489.78,1488.02,1486.36,1484.86,1483.33,1481.67,1479.59,1476.75,1473.01,1469.13,1465.31,1461.49,1457.40,1452.90,1447.47,1440.74,1433.05,1428.06,1428.13,1430.89,1435.10,1439.88,1446.33,1451.41,1455.11,1458.42,1460.89,1462.91,1464.80,1466.54,1467.62,1468.20,1468.39,1468.04,1466.64,1464.57,1461.79,1458.60,1455.24,1451.67,1448.28,1445.09,1442.10,1439.25,1437.15,1437.08,1438.80,1441.61,1444.46,1447.45,1449.86,1451.31,1452.73,1454.41,1456.65,1459.44,1462.65,1466.81,1471.06,1475.30,1479.57,1483.34,1486.40,1489.33,1492.26,1494.78,1496.98,1499.97,1503.59
1178.15,1177.92,1177.37,1176.42,1175.22,1173.75,1171.80,1169.23,1166.24,1162.71,1158.80,1159.33,1162.10,1165.57,1169.05,1172.59,1176.11,1178.64,1179.65,1179.20,1177.77,1175.64,1173.15,1170.63,1168.58,1167.50,1167.14,1167.46,1168.42,1170.86,1174.29,1178.48,1183.41,1188.41,1193.99,1199.84,1205.58,1211.30,1217.26,1223.51,1230.09,1237.03,1243.53,1249.12,1254.01,1258.68,1263.80,1269.07,1274.40,1279.88,1285.77,1292.35,1298.69,1304.44,1309.55,1313.83,1317.80,1321.89,1326.41,1331.06,1335.62,1339.36,1341.92,1343.69,1344.86,1345.78,1346.52,1347.05,1347.60,1347.90,1348.17,1348.65,1349.19,1349.92,1350.88,1352.35,1354.95,1358.46,1362.29,1366.05,1369.42,1372.41,1375.64,1378.73,1381.43,1383.75,1385.80,1387.83,1389.94,1392.18,1394.35,1396.56,1398.84,1401.38,1404.80,1408.88,1414.08,1419.76,1423.90,1427.33,1430.66,1433.96,1437.09,1439.93,1442.24,1444.27,1446.22,1448.25,1450.38,1452.39,1454.30,1456.02,1456.37,1455.89,1454.93,1453.85,1453.92,1455.32,1457.08,1458.82,1460.53,1462.14,1463.48,1464.58,1465.45,1466.28,1467.39,1468.79,1470.57,1472.88,1475.20,1477.54,1479.73,1481.40,1482.78,1483.94,1485.03,1486.25,1488.10,1489.66,1490.81,1491.57,1491.92,1491.56,1491.01,1490.34,1489.23,1487.05,1484.47,1481.91,1479.78,1478.65,1478.09,1478.10,1478.78,1480.50,1483.35,1486.24,1488.71,1490.45,1491.47,1492.09,1492.66,1493.43,1494.67,1496.21,1497.99,1499.69,1500.91,1502.01,1503.06,1503.71,1503.68,1503.02,1502.24,1501.43,1500.37,1498.47,1495.74,1493.67,1492.24,1491.26,1490.68,1490.43,1490.28,1490.02,1489.33,1487.96,1486.33,1484.67,1483.10,1481.55,1479.25,1476.42,1473.24,1469.91,1466.64,1463.28,1459.67,1455.54,1450.92,1445.45,1438.67,1430.91,1426.45,1427.76,1431.37,1435.74,1440.62,1446.82,1451.48,1454.80,1457.91,1460.17,1461.85,1463.07,1463.83,1464.38,1464.61,1464.40,1463.57,1461.74,1459.58,1456.88,1453.86,1450.68,1447.44,1444.21,1441.14,1438.25,1435.46,1433.11,1432.30,1433.19,1435.81,1438.97,1443.44,1447.46,1450.04,1452.89,1455.89,1459.06,1462.55,1466.64,1470.48,1474.42,1478.22,1481.51,1484.49,1486.70,1488.66,1490.61,1492.61,1494.42,1497.40,1501.29
1184.02,1183.72,1182.97,1181.84,1180.37,1178.53,1176.38,1173.75,1170.71,1167.07,1162.91,1163.06,1165.52,1168.98,1172.83,1176.67,1180.47,1183.17,1184.27,1183.95,1182.40,1180.12,1177.63,1175.41,1173.64,1172.78,1172.66,1173.17,1173.94,1175.57,1177.91,1180.93,1184.87,1189.50,1194.89,1200.59,1206.25,1212.00,1218.10,1224.27,1230.52,1237.21,1243.13,1248.32,1253.05,1257.66,1262.95,1268.45,1273.97,1279.57,1285.63,1292.60,1299.29,1305.25,1310.39,1314.67,1318.79,1323.10,1327.81,1332.78,1337.41,1340.96,1343.30,1345.27,1346.59,1347.72,1348.94,1350.43,1351.80,1352.81,1353.67,1354.47,1355.15,1355.79,1356.29,1356.88,1358.31,1361.02,1364.55,1368.41,1372.28,1375.84,1379.19,1381.94,1384.02,1386.08,1388.16,1390.31,1392.54,1394.81,1396.95,1399.10,1401.30,1403.73,1406.91,1411.20,1416.33,1421.61,1425.58,1429.21,1432.84,1436.42,1439.70,1442.56,1444.80,1446.73,1448.53,1450.42,1452.40,1454.39,1456.33,1457.96,1458.52,1458.15,1457.14,1455.82,1455.28,1456.40,1458.05,1459.76,1461.48,1463.20,1464.73,1466.06,1467.17,1468.22,1469.74,1471.53,1473.48,1475.61,1477.38,1479.12,1480.83,1482.32,1483.81,1485.17,1486.39,1487.56,1489.25,1490.53,1491.55,1492.31,1492.56,1492.18,1491.71,1491.21,1490.41,1488.55,1486.09,1483.49,1481.22,1480.06,1479.55,1479.42,1479.79,1481.31,1484.13,1487.13,1489.69,1491.44,1492.68,1493.80,1494.72,1495.51,1496.58,1497.88,1499.32,1500.67,1501.66,1502.70,1503.54,1503.77,1503.20,1502.29,1501.46,1500.24,1498.33,1495.45,1492.34,1490.29,1489.07,1488.37,1488.11,1487.95,1487.85,1487.75,1487.34,1486.21,1484.68,1482.95,1481.11,1478.96,1476.08,1472.93,1469.83,1466.85,1463.87,1460.65,1457.10,1453.05,1448.37,1442.88,1436.31,1429.15,1425.51,1427.80,1432.01,1436.45,1441.31,1447.12,1451.39,1454.25,1456.63,1458.53,1459.83,1460.57,1460.79,1460.86,1460.70,1460.07,1458.81,1456.74,1454.49,1451.87,1448.97,1445.91,1442.89,1439.94,1437.08,1434.28,1431.47,1429.12,1428.26,1429.32,1432.98,1437.91,1443.47,1448.14,1451.31,1454.93,1458.64,1462.39,1466.21,1470.11,1473.58,1476.99,1479.96,1481.99,1483.94,1485.35,1486.68,1488.12,1489.58,1491.40,1494.44,1498.43
1189.83,1189.39,1188.56,1187.30,1185.63,1183.51,1181.10,1178.42,1175.33,1171.67,1167.68,1167.11,1169.29,1172.99,1177.42,1181.78,1185.74,1188.33,1189.22,1188.90,1187.14,1184.73,1182.18,1179.89,1178.22,1177.54,1177.77,1178.80,1179.99,1181.41,1183.11,1185.08,1187.43,1191.33,1196.17,1201.45,1206.97,1212.78,1218.82,1224.67,1230.46,1236.98,1242.18,1247.04,1251.82,1256.48,1261.78,1267.25,1272.84,1278.68,1285.23,1292.61,1299.72,1306.05,1311.27,1315.59,1319.88,1324.43,1329.36,1334.70,1339.02,1342.23,1344.55,1346.77,1348.37,1349.88,1351.79,1354.55,1357.22,1358.98,1360.25,1361.33,1362.11,1362.55,1362.61,1362.29,1361.90,1363.35,1366.40,1370.36,1374.62,1378.51,1381.39,1383.79,1386.01,1388.18,1390.41,1392.77,1395.15,1397.41,1399.61,1401.67,1403.72,1405.98,1408.90,1413.48,1418.44,1423.09,1427.13,1431.14,1435.09,1438.86,1442.25,1445.11,1447.51,1449.49,1451.16,1452.85,1454.79,1456.80,1458.64,1459.92,1460.51,1460.23,1459.25,1457.77,1456.57,1457.34,1458.87,1460.57,1462.34,1464.11,1465.77,1467.30,1468.72,1470.30,1472.61,1475.10,1477.33,1478.98,1479.84,1480.57,1481.54,1483.05,1484.70,1486.22,1487.56,1488.76,1490.16,1491.23,1492.21,1493.01,1493.13,1492.88,1492.59,1492.17,1491.33,1490.04,1487.80,1485.30,1483.12,1481.81,1481.19,1480.99,1481.25,1482.42,1485.06,1487.87,1490.19,1491.77,1493.20,1495.05,1496.57,1497.57,1498.50,1499.55,1500.60,1501.59,1502.53,1503.47,1503.79,1503.45,1502.52,1501.53,1500.57,1498.51,1495.25,1491.47,1488.67,1487.04,1486.08,1485.55,1485.75,1485.71,1485.73,1485.82,1485.47,1484.50,1483.03,1481.16,1478.84,1475.60,1472.29,1469.28,1466.61,1463.85,1460.83,1457.46,1453.84,1450.00,1445.35,1439.84,1433.67,1427.73,1425.28,1428.27,1432.80,1437.25,1441.90,1447.19,1451.11,1453.45,1454.63,1456.00,1456.84,1457.30,1457.43,1457.06,1456.45,1455.36,1453.71,1451.55,1449.23,1446.66,1443.86,1440.89,1438.02,1435.45,1432.89,1430.16,1427.28,1425.29,1425.25,1427.70,1433.57,1441.34,1447.38,1451.68,1454.86,1458.52,1462.28,1466.20,1469.93,1472.71,1475.83,1478.53,1480.36,1481.03,1481.80,1482.46,1483.45,1484.78,1485.76,1487.95,1491.13,1495.07
1194.94,1194.44,1193.76,1192.66,1191.05,1188.84,1186.28,1183.31,1179.87,1176.04,1172.36,1171.91,1174.57,1178.97,1183.99,1188.30,1191.55,1193.56,1194.21,1193.76,1192.03,1189.64,1187.05,1184.65,1183.02,1182.16,1182.35,1183.70,1185.30,1186.88,1188.72,1190.74,1192.66,1195.39,1198.69,1202.73,1207.83,1213.43,1219.32,1224.93,1230.28,1236.15,1241.03,1245.79,1250.61,1255.38,1260.69,1266.30,1272.05,1278.05,1284.91,1292.76,1300.16,1306.54,1311.78,1316.35,1321.05,1325.95,1331.04,1336.40,1340.52,1343.59,1345.89,1348.22,1351.18,1354.05,1356.63,1358.97,1361.52,1363.70,1365.54,1367.01,1367.94,1368.25,1368.01,1367.22,1366.02,1366.08,1368.47,1372.34,1376.59,1380.26,1383.03,1385.44,1387.80,1390.31,1392.88,1395.40,1397.87,1400.34,1402.92,1404.82,1406.39,1408.19,1411.15,1415.68,1420.40,1424.80,1428.88,1433.00,1437.10,1441.10,1444.82,1447.76,1449.95,1451.85,1453.64,1455.40,1457.29,1458.96,1460.36,1461.43,1462.11,1461.82,1460.87,1459.52,1458.29,1458.60,1459.75,1461.34,1463.15,1464.94,1466.67,1468.41,1470.34,1472.83,1475.78,1478.23,1479.71,1480.74,1481.28,1481.73,1482.38,1483.55,1485.17,1486.77,1488.26,1489.60,1490.79,1491.78,1492.73,1493.61,1493.95,1493.84,1493.64,1493.20,1492.18,1490.97,1489.20,1487.14,1485.15,1483.94,1483.22,1483.02,1483.28,1484.08,1485.82,1488.20,1490.49,1492.25,1494.18,1496.23,1497.83,1498.94,1500.14,1500.89,1501.65,1502.52,1503.36,1503.67,1503.33,1502.60,1501.63,1500.59,1498.68,1495.59,1491.75,1488.16,1485.39,1483.92,1483.29,1483.16,1483.44,1483.54,1483.70,1483.90,1483.60,1482.67,1481.01,1478.69,1475.64,1472.16,1468.99,1466.16,1463.56,1460.72,1457.42,1453.90,1450.32,1446.71,1442.45,1436.91,1430.87,1425.95,1425.36,1429.10,1433.87,1438.29,1442.38,1446.86,1450.01,1451.71,1452.39,1453.12,1453.45,1453.45,1453.13,1452.31,1451.21,1449.66,1447.67,1445.41,1443.36,1441.05,1438.53,1435.95,1433.40,1431.00,1428.46,1425.68,1423.03,1422.56,1425.26,1430.74,1438.35,1445.65,1450.81,1454.73,1458.24,1462.01,1465.79,1469.06,1471.80,1474.32,1476.11,1477.58,1478.42,1478.26,1478.21,1478.35,1478.69,1479.36,1480.78,1483.68,1487.26,1491.25
1200.02,1199.48,1198.92,1197.98,1196.48,1194.34,1191.83,1188.49,1184.62,1180.53,1177.11,1177.25,1180.60,1185.58,1190.83,1194.74,1197.17,1198.57,1199.03,1198.51,1196.94,1194.69,1192.13,1189.63,1187.98,1186.90,1186.88,1188.22,1190.13,1192.14,1194.39,1196.69,1198.52,1200.51,1202.50,1205.28,1209.71,1214.77,1220.16,1225.35,1230.24,1235.32,1239.97,1244.68,1249.51,1254.44,1259.85,1265.61,1271.49,1277.60,1284.75,1292.99,1300.60,1306.99,1312.32,1317.23,1322.29,1327.49,1332.67,1337.91,1341.93,1344.97,1347.38,1350.11,1354.32,1358.21,1361.14,1362.98,1365.22,1367.77,1370.19,1372.05,1373.07,1373.22,1372.71,1371.62,1370.06,1369.06,1370.69,1374.19,1378.32,1381.66,1384.42,1386.99,1389.58,1392.51,1395.43,1398.27,1401.04,1403.84,1406.67,1408.45,1409.61,1410.90,1413.69,1417.83,1422.22,1426.44,1430.51,1434.62,1438.80,1443.04,1447.12,1450.05,1452.08,1453.91,1455.82,1457.69,1459.49,1460.86,1461.88,1462.84,1463.62,1463.37,1462.45,1461.27,1460.21,1460.13,1460.78,1462.07,1463.87,1465.65,1467.44,1469.40,1471.87,1475.10,1478.35,1480.60,1481.47,1482.04,1482.46,1482.87,1483.37,1484.18,1485.54,1487.13,1488.73,1490.16,1491.17,1492.12,1493.09,1494.02,1494.67,1494.81,1494.69,1494.19,1493.02,1491.83,1490.53,1488.94,1487.15,1486.07,1485.33,1485.15,1485.41,1485.86,1486.76,1488.69,1490.96,1493.05,1495.38,1497.42,1499.00,1500.26,1501.72,1502.22,1502.74,1503.39,1503.84,1503.49,1502.62,1501.60,1500.51,1499.13,1496.37,1492.58,1488.46,1485.12,1482.24,1480.77,1480.36,1480.60,1480.94,1481.25,1481.58,1481.81,1481.46,1480.38,1478.44,1475.72,1472.24,1468.82,1465.84,1463.09,1460.36,1457.36,1453.87,1450.30,1446.79,1443.27,1439.27,1433.73,1427.90,1424.05,1425.54,1430.04,1435.04,1439.47,1443.01,1446.53,1448.65,1449.50,1449.71,1449.77,1449.46,1448.88,1448.04,1446.87,1445.47,1443.72,1441.65,1439.45,1437.58,1435.48,1433.24,1431.06,1428.81,1426.52,1424.02,1421.43,1419.72,1421.52,1427.10,1435.06,1443.29,1449.39,1453.62,1457.25,1461.05,1464.92,1468.60,1471.13,1472.80,1474.78,1475.28,1475.68,1475.75,1474.93,1474.05,1473.54,1473.23,1473.50,1475.65,1479.23,1483.21,1487.29
1205.38,1204.88,1204.24,1203.24,1201.85,1200.06,1197.94,1194.29,1189.91,1185.44,1182.11,1183.42,1187.57,1192.63,1197.17,1200.19,1202.00,1203.03,1203.38,1203.04,1201.82,1199.90,1197.55,1195.03,1193.20,1192.00,1191.57,1192.22,1194.20,1197.10,1199.97,1202.44,1204.41,1206.90,1208.70,1210.68,1213.95,1217.85,1221.94,1226.25,1230.68,1234.82,1239.29,1243.88,1248.63,1253.82,1259.51,1265.40,1271.30,1277.47,1284.93,1293.36,1301.03,1307.51,1313.17,1318.46,1323.72,1328.98,1334.13,1339.11,1343.20,1346.38,1349.14,1353.09,1357.64,1361.22,1363.78,1365.87,1368.10,1371.06,1374.03,1376.23,1377.14,1377.04,1376.26,1375.03,1373.61,1372.36,1373.11,1375.77,1379.72,1382.75,1385.57,1388.40,1391.43,1394.90,1398.09,1401.58,1405.25,1408.51,1411.14,1412.91,1414.01,1414.83,1416.74,1419.93,1423.74,1427.79,1431.76,1435.69,1439.88,1444.36,1448.77,1451.45,1453.53,1455.46,1457.39,1459.29,1460.91,1462.22,1463.30,1464.23,1465.13,1465.02,1464.23,1463.18,1462.38,1462.10,1462.14,1462.69,1464.39,1466.15,1467.97,1470.15,1473.12,1476.45,1479.30,1481.36,1482.51,1483.15,1483.63,1484.11,1484.64,1485.24,1485.93,1487.28,1488.89,1490.27,1491.15,1492.09,1493.09,1494.08,1494.98,1495.64,1495.66,1495.05,1493.85,1492.78,1491.88,1490.62,1488.97,1488.04,1487.40,1487.26,1487.46,1487.62,1488.23,1489.74,1491.93,1494.53,1496.84,1498.67,1500.28,1501.81,1503.32,1503.76,1504.03,1504.10,1503.49,1502.71,1501.71,1500.52,1498.96,1496.56,1493.65,1489.98,1485.91,1482.33,1479.16,1477.44,1476.95,1477.42,1477.92,1478.63,1479.19,1479.33,1478.73,1477.08,1474.72,1471.93,1468.91,1465.76,1462.79,1459.82,1456.73,1453.50,1450.18,1446.80,1443.32,1439.60,1435.32,1429.88,1424.61,1422.06,1425.77,1431.07,1436.31,1440.85,1444.09,1446.48,1447.13,1446.66,1446.12,1445.49,1444.24,1442.83,1441.58,1440.30,1439.11,1437.74,1436.16,1434.41,1432.35,1430.21,1428.15,1426.20,1424.15,1421.99,1419.69,1417.90,1418.77,1423.93,1431.63,1439.82,1446.28,1451.26,1455.17,1458.79,1462.56,1466.50,1469.75,1471.80,1472.74,1473.05,1472.89,1472.91,1472.63,1471.31,1469.30,1467.74,1467.01,1467.72,1470.85,1474.79,1479.01,1483.29
1211.09,1210.47,1209.66,1208.53,1207.00,1205.06,1202.94,1199.46,1195.15,1190.64,1187.46,1189.52,1193.73,1198.31,1202.21,1204.79,1206.30,1207.19,1207.56,1207.34,1206.42,1204.84,1202.82,1200.67,1199.01,1197.90,1197.24,1197.22,1198.49,1201.35,1204.38,1207.07,1209.44,1212.09,1214.13,1216.14,1218.89,1222.05,1225.33,1228.76,1232.35,1236.02,1240.32,1244.97,1249.77,1254.71,1260.18,1265.92,1271.78,1278.03,1285.78,1294.09,1301.73,1308.36,1314.19,1319.88,1325.45,1330.78,1335.68,1340.35,1344.33,1347.87,1351.41,1355.92,1360.05,1363.30,1365.86,1368.25,1371.38,1374.74,1377.63,1379.48,1380.24,1380.03,1379.39,1378.43,1377.00,1375.63,1375.78,1377.63,1381.00,1383.86,1386.67,1389.75,1393.28,1397.22,1401.24,1405.53,1409.82,1413.40,1415.84,1417.53,1418.57,1419.13,1420.49,1422.82,1425.88,1429.34,1432.75,1436.51,1440.69,1445.19,1449.57,1452.21,1454.44,1456.55,1458.56,1460.48,1462.09,1463.47,1464.68,1465.76,1466.68,1466.78,1466.23,1465.30,1464.73,1464.35,1464.02,1463.96,1464.90,1466.56,1468.35,1470.61,1473.92,1477.33,1479.92,1481.86,1483.25,1484.24,1484.86,1485.41,1485.99,1486.53,1486.87,1487.68,1488.85,1490.11,1491.03,1492.03,1493.04,1494.05,1495.05,1495.94,1496.41,1496.28,1495.38,1494.50,1493.90,1493.07,1491.87,1491.01,1490.40,1490.34,1490.59,1490.72,1491.57,1493.01,1494.89,1497.07,1498.83,1500.31,1501.84,1503.44,1504.90,1505.31,1505.11,1504.44,1503.23,1502.06,1500.82,1499.24,1497.09,1494.31,1491.18,1487.47,1483.36,1479.41,1476.17,1474.12,1473.32,1473.74,1474.21,1474.85,1475.25,1475.17,1474.48,1472.92,1470.74,1468.17,1465.36,1462.22,1459.10,1455.90,1452.51,1448.90,1445.78,1442.63,1439.31,1435.77,1431.20,1425.65,1421.71,1422.41,1427.24,1432.76,1437.75,1441.84,1444.78,1445.61,1444.99,1443.73,1442.46,1440.82,1438.89,1437.09,1435.63,1434.35,1433.25,1432.16,1430.92,1429.30,1427.25,1425.17,1423.11,1421.04,1418.85,1416.85,1416.00,1417.03,1420.47,1427.21,1435.09,1442.57,1448.17,1452.34,1455.87,1459.24,1462.66,1466.08,1468.74,1470.33,1470.86,1470.45,1469.52,1468.60,1467.45,1465.62,1463.37,1461.79,1461.41,1462.80,1466.45,1470.70,1475.07,1479.33
1216.78,1216.01,1215.08,1213.84,1212.11,1209.84,1207.50,1204.27,1200.20,1195.85,1192.91,1195.40,1199.34,1203.26,1206.63,1209.01,1210.43,1211.34,1211.82,1211.70,1211.09,1209.85,1208.19,1206.48,1205.01,1203.96,1203.10,1202.48,1202.87,1205.29,1208.24,1211.14,1213.94,1216.64,1219.07,1221.45,1223.99,1226.59,1229.32,1232.00,1234.73,1238.17,1242.38,1247.10,1251.92,1256.43,1261.45,1266.89,1272.61,1278.94,1286.95,1295.05,1302.59,1309.37,1315.32,1321.39,1327.26,1332.61,1337.21,1341.64,1345.50,1349.47,1353.89,1358.51,1361.96,1364.94,1367.73,1370.58,1374.79,1378.36,1380.86,1382.15,1382.80,1382.61,1382.30,1381.79,1380.33,1378.91,1378.59,1379.64,1382.21,1384.95,1387.71,1391.01,1395.09,1399.55,1404.55,1409.64,1414.36,1417.99,1420.24,1421.82,1422.86,1423.44,1424.49,1426.12,1428.36,1431.02,1433.73,1437.23,1441.35,1445.76,1449.94,1452.65,1455.05,1457.34,1459.47,1461.41,1463.12,1464.63,1466.03,1467.30,1468.24,1468.58,1468.28,1467.47,1467.05,1466.60,1466.04,1465.53,1465.60,1466.97,1468.66,1470.94,1474.46,1477.96,1480.37,1482.22,1483.86,1485.30,1486.11,1486.74,1487.37,1487.93,1488.10,1488.32,1488.90,1489.96,1490.92,1491.96,1492.99,1494.00,1495.01,1496.01,1496.96,1497.51,1497.11,1496.54,1496.22,1495.85,1495.24,1494.54,1494.03,1494.05,1494.38,1494.59,1495.72,1497.13,1498.59,1499.97,1501.07,1502.24,1503.61,1505.13,1506.46,1506.71,1505.96,1504.60,1503.05,1501.55,1499.94,1497.86,1495.13,1492.22,1488.85,1485.02,1480.81,1476.48,1473.17,1470.77,1469.50,1469.62,1469.97,1470.37,1470.50,1470.24,1469.58,1468.39,1466.61,1464.33,1461.55,1458.31,1454.99,1451.51,1447.78,1443.88,1440.90,1437.94,1434.77,1431.49,1426.76,1421.64,1419.76,1424.13,1429.34,1434.73,1439.23,1442.53,1444.96,1444.28,1442.60,1440.73,1438.70,1436.06,1433.68,1431.70,1430.14,1428.85,1427.77,1426.82,1425.76,1424.06,1422.08,1420.05,1417.96,1415.78,1413.54,1412.17,1413.41,1417.75,1423.52,1430.78,1437.87,1444.20,1449.35,1452.87,1455.98,1458.95,1461.77,1464.37,1466.31,1467.39,1467.57,1466.80,1465.10,1463.16,1461.13,1458.96,1456.94,1455.85,1456.17,1458.30,1462.29,1466.81,1471.25,1475.39
1221.69,1221.00,1220.23,1219.12,1217.48,1215.16,1212.39,1208.65,1204.48,1200.48,1198.05,1200.46,1204.10,1207.71,1210.85,1213.23,1214.88,1216.04,1216.73,1216.88,1216.70,1215.77,1214.28,1212.55,1210.64,1209.08,1207.80,1206.93,1207.13,1209.25,1212.05,1214.98,1217.88,1220.78,1223.43,1225.91,1228.26,1230.40,1232.77,1235.20,1237.77,1241.16,1245.60,1250.13,1254.53,1258.90,1263.38,1268.35,1273.79,1280.06,1288.17,1296.26,1303.68,1310.37,1316.58,1322.96,1328.78,1333.91,1338.38,1343.04,1347.09,1351.46,1356.29,1360.39,1363.56,1366.45,1369.65,1373.78,1377.98,1380.90,1382.83,1384.05,1384.95,1385.08,1385.13,1384.98,1383.75,1382.30,1381.46,1381.67,1383.37,1385.92,1388.56,1392.03,1396.70,1401.99,1407.57,1413.13,1417.95,1420.79,1422.75,1424.24,1425.60,1426.98,1428.26,1429.59,1431.12,1432.91,1435.14,1438.04,1441.86,1446.14,1450.14,1452.94,1455.40,1457.76,1460.02,1462.06,1463.93,1465.63,1467.21,1468.68,1469.76,1470.27,1470.18,1469.48,1468.85,1468.27,1467.69,1467.21,1467.15,1467.68,1468.94,1471.18,1474.70,1478.37,1480.64,1482.52,1484.51,1486.31,1487.30,1488.05,1488.74,1489.30,1489.45,1489.53,1489.78,1490.34,1491.02,1491.97,1492.99,1493.99,1495.01,1496.05,1497.11,1497.98,1498.40,1498.48,1498.55,1498.58,1498.55,1498.57,1498.57,1498.69,1498.92,1499.11,1499.76,1500.62,1501.53,1502.43,1503.38,1504.61,1505.82,1506.94,1507.95,1507.43,1506.16,1504.66,1503.15,1501.41,1499.16,1496.49,1493.45,1490.32,1486.63,1482.59,1478.27,1473.70,1469.99,1467.18,1465.32,1464.63,1464.81,1465.09,1465.25,1465.21,1464.89,1463.98,1462.38,1460.09,1457.00,1453.67,1450.22,1446.31,1441.97,1438.44,1435.35,1432.24,1428.99,1425.56,1421.23,1419.38,1421.27,1427.17,1431.87,1436.69,1440.49,1442.71,1443.70,1442.55,1440.36,1437.65,1434.61,1431.76,1429.32,1427.28,1425.63,1424.14,1422.94,1421.79,1420.41,1418.42,1416.28,1414.15,1412.22,1410.70,1409.54,1410.82,1414.47,1420.25,1427.07,1433.86,1439.80,1444.98,1449.50,1452.54,1455.28,1457.60,1459.31,1460.94,1461.95,1462.22,1461.68,1460.10,1457.98,1455.86,1453.91,1452.16,1450.67,1450.28,1451.27,1453.94,1458.38,1463.08,1467.49,1471.46
1226.24,1225.63,1224.92,1223.86,1222.27,1220.02,1217.29,1213.42,1209.16,1205.26,1203.15,1205.23,1208.53,1211.91,1214.98,1217.51,1219.34,1220.65,1221.46,1221.78,1221.86,1221.19,1219.90,1218.23,1216.15,1214.30,1212.76,1211.71,1211.69,1213.39,1215.93,1218.82,1221.81,1224.85,1227.41,1229.63,1231.68,1233.57,1235.77,1238.23,1241.02,1244.44,1248.82,1253.13,1257.27,1261.52,1265.70,1270.22,1275.32,1281.51,1289.44,1297.55,1304.97,1311.66,1318.08,1324.60,1330.23,1335.07,1339.51,1344.41,1348.86,1353.59,1358.50,1362.09,1365.09,1368.14,1371.85,1376.73,1380.63,1383.03,1384.66,1385.97,1387.04,1387.49,1387.84,1387.97,1387.09,1385.74,1384.53,1383.91,1384.50,1386.70,1389.35,1392.98,1397.99,1403.94,1410.10,1415.84,1420.44,1422.82,1424.70,1426.29,1427.97,1429.87,1431.42,1432.66,1433.83,1435.11,1436.87,1439.23,1442.58,1446.47,1450.19,1453.05,1455.60,1458.06,1460.43,1462.51,1464.52,1466.42,1468.19,1469.81,1471.09,1471.95,1472.16,1471.56,1470.86,1470.25,1469.74,1469.36,1469.27,1469.36,1470.31,1472.25,1475.27,1478.79,1481.13,1483.14,1485.34,1487.31,1488.41,1489.15,1489.77,1490.26,1490.41,1490.47,1490.60,1490.91,1491.39,1492.14,1493.04,1494.02,1495.03,1496.08,1497.17,1498.23,1499.15,1499.79,1500.26,1500.64,1501.02,1501.51,1501.93,1502.21,1502.38,1502.57,1503.04,1503.58,1504.14,1504.79,1505.67,1507.03,1508.16,1508.83,1509.19,1508.00,1506.34,1504.65,1503.03,1501.10,1498.40,1495.31,1492.07,1488.67,1484.80,1480.60,1476.12,1471.41,1467.36,1464.16,1461.80,1460.48,1460.26,1460.28,1460.40,1460.43,1459.98,1458.91,1457.27,1455.03,1452.03,1448.75,1445.19,1441.01,1436.29,1432.55,1429.21,1426.11,1423.13,1420.07,1417.41,1418.97,1423.73,1429.86,1434.15,1438.23,1441.21,1442.53,1442.23,1440.38,1437.59,1434.24,1430.65,1427.84,1425.42,1423.20,1421.20,1419.45,1418.01,1416.54,1414.89,1412.91,1410.85,1409.00,1407.62,1407.11,1407.79,1411.46,1416.80,1423.14,1429.85,1436.09,1441.15,1445.34,1449.12,1451.76,1453.87,1455.41,1456.26,1457.07,1457.21,1456.73,1455.60,1453.62,1451.44,1449.47,1447.75,1446.27,1444.99,1444.94,1446.40,1449.62,1454.38,1459.35,1463.82,1467.67
1230.52,1229.93,1229.19,1228.05,1226.41,1224.32,1222.12,1218.61,1214.38,1210.33,1208.26,1209.85,1212.75,1215.95,1219.07,1221.87,1223.76,1225.08,1225.92,1226.24,1226.35,1225.89,1224.90,1223.42,1221.54,1219.72,1218.11,1216.93,1216.59,1217.74,1219.90,1222.70,1225.76,1228.88,1231.03,1232.62,1234.29,1236.13,1238.37,1241.15,1244.46,1247.96,1251.96,1256.07,1260.17,1264.30,1268.44,1272.56,1277.29,1283.30,1290.76,1298.90,1306.46,1313.25,1319.79,1326.28,1331.60,1336.16,1340.69,1345.78,1350.78,1355.80,1360.48,1363.67,1366.60,1370.07,1374.33,1379.27,1382.66,1384.84,1386.52,1388.00,1389.12,1389.85,1390.42,1390.74,1390.28,1389.18,1387.79,1386.41,1385.69,1387.34,1390.09,1393.86,1398.91,1405.28,1412.04,1417.69,1421.82,1424.20,1426.25,1428.17,1430.12,1432.15,1433.97,1435.28,1436.47,1437.67,1439.02,1440.99,1443.70,1446.88,1450.17,1453.01,1455.70,1458.30,1460.73,1462.79,1464.91,1466.99,1468.96,1470.69,1472.23,1473.58,1474.23,1473.78,1473.22,1472.75,1472.39,1472.17,1472.06,1472.20,1473.00,1474.37,1476.34,1479.35,1481.88,1484.14,1486.34,1488.30,1489.42,1490.02,1490.40,1490.77,1490.91,1491.03,1491.26,1491.64,1492.04,1492.49,1493.17,1494.10,1495.09,1496.10,1497.19,1498.32,1499.37,1500.38,1501.24,1501.95,1502.55,1503.18,1503.87,1504.33,1504.55,1504.78,1505.49,1506.03,1506.49,1507.08,1507.92,1509.39,1510.45,1510.67,1510.11,1508.49,1506.54,1504.58,1502.62,1500.55,1497.63,1494.35,1490.98,1487.35,1483.47,1479.13,1474.41,1469.68,1465.39,1461.84,1459.11,1457.40,1456.56,1456.17,1456.05,1455.86,1454.73,1453.12,1451.23,1449.14,1446.68,1443.61,1440.00,1435.78,1431.00,1426.36,1422.64,1419.76,1417.43,1415.44,1415.79,1420.47,1426.78,1431.93,1436.00,1439.21,1441.34,1441.97,1440.67,1437.74,1434.21,1430.49,1426.89,1424.27,1421.88,1419.35,1416.70,1414.68,1412.87,1411.05,1409.24,1407.62,1405.88,1404.83,1404.53,1405.38,1408.54,1413.92,1420.04,1426.14,1431.68,1437.38,1441.84,1445.22,1448.18,1450.45,1451.68,1452.33,1452.67,1452.82,1452.25,1451.16,1449.67,1447.77,1445.93,1444.32,1442.85,1441.37,1439.93,1439.82,1441.57,1445.36,1450.30,1455.60,1460.22,1464.02
1235.16,1234.44,1233.64,1232.41,1230.73,1228.64,1226.50,1223.41,1219.71,1216.01,1213.72,1214.84,1217.45,1220.61,1223.85,1226.41,1228.08,1229.28,1230.09,1230.33,1230.43,1230.14,1229.37,1228.06,1226.43,1224.74,1223.15,1221.89,1221.36,1222.08,1223.84,1226.39,1229.38,1232.31,1234.12,1235.38,1236.89,1238.89,1241.59,1244.72,1248.17,1251.83,1255.81,1259.93,1264.08,1268.11,1271.97,1275.73,1279.91,1285.23,1292.40,1300.39,1308.00,1314.95,1321.46,1327.75,1332.87,1337.43,1342.28,1347.71,1352.79,1357.59,1361.94,1365.21,1368.31,1372.25,1376.89,1381.37,1384.39,1386.68,1388.57,1390.08,1391.30,1392.18,1392.88,1393.28,1392.95,1392.26,1390.90,1389.22,1387.95,1388.34,1390.76,1394.40,1399.27,1405.99,1413.05,1418.67,1422.67,1425.31,1427.70,1429.99,1432.24,1434.40,1436.35,1437.88,1439.38,1440.95,1442.59,1444.73,1446.78,1448.70,1450.72,1453.40,1456.12,1458.68,1461.03,1463.26,1465.47,1467.62,1469.67,1471.47,1473.16,1474.76,1475.94,1476.41,1476.62,1476.72,1476.77,1476.78,1476.77,1476.88,1477.27,1477.89,1478.89,1480.83,1483.01,1485.25,1487.40,1489.17,1490.04,1490.50,1490.82,1491.19,1491.38,1491.62,1491.95,1492.38,1492.77,1493.15,1493.66,1494.33,1495.14,1496.14,1497.23,1498.33,1499.43,1500.58,1501.70,1502.75,1503.75,1504.74,1505.55,1506.19,1506.67,1507.06,1507.93,1508.47,1508.81,1509.29,1510.11,1510.86,1511.29,1511.20,1510.40,1508.61,1506.45,1504.23,1502.07,1499.76,1496.78,1493.54,1490.22,1486.53,1482.81,1478.28,1473.18,1468.43,1464.02,1460.10,1456.94,1454.92,1453.68,1452.80,1451.82,1450.58,1448.98,1447.35,1445.56,1443.59,1441.36,1438.69,1435.33,1431.33,1426.68,1421.79,1417.77,1414.79,1412.90,1412.73,1416.54,1422.91,1429.10,1433.10,1436.67,1439.38,1440.86,1440.63,1438.21,1434.55,1430.56,1426.65,1423.20,1420.51,1417.77,1414.85,1411.96,1409.77,1407.85,1405.98,1404.19,1402.73,1401.24,1401.56,1403.56,1407.00,1411.51,1417.08,1422.80,1428.22,1433.17,1437.68,1441.15,1443.78,1445.95,1447.47,1448.10,1448.22,1448.06,1447.64,1446.76,1445.54,1444.08,1442.53,1441.04,1439.51,1437.95,1436.42,1434.98,1435.01,1437.20,1441.58,1446.57,1451.59,1456.24,1460.31
1240.22,1239.23,1238.31,1236.95,1235.18,1233.06,1230.86,1228.10,1224.99,1221.77,1219.22,1219.98,1222.38,1225.44,1228.58,1230.76,1232.22,1233.32,1234.07,1234.24,1234.32,1234.14,1233.59,1232.46,1231.13,1229.62,1228.07,1226.71,1226.01,1226.32,1227.79,1230.19,1233.00,1235.71,1237.36,1238.51,1239.96,1242.02,1245.08,1248.47,1251.97,1255.79,1259.87,1264.03,1268.13,1272.00,1275.59,1279.06,1282.76,1287.38,1294.23,1302.06,1309.64,1316.63,1323.08,1329.11,1334.10,1338.75,1343.94,1349.62,1354.70,1359.25,1363.29,1366.74,1370.14,1374.47,1379.27,1383.31,1386.20,1388.66,1390.69,1392.20,1393.54,1394.48,1395.26,1395.77,1395.58,1395.32,1394.19,1392.54,1390.95,1390.06,1391.85,1395.06,1399.59,1406.53,1413.77,1419.36,1423.28,1426.20,1428.96,1431.63,1434.21,1436.60,1438.67,1440.41,1442.25,1444.24,1446.21,1448.36,1449.79,1450.64,1451.53,1453.96,1456.58,1459.02,1461.30,1463.70,1466.01,1468.22,1470.32,1472.23,1474.09,1475.88,1477.50,1478.80,1479.76,1480.43,1480.85,1481.07,1481.15,1481.22,1481.23,1481.28,1481.63,1482.70,1484.46,1486.50,1488.51,1489.95,1490.54,1490.88,1491.21,1491.57,1491.86,1492.20,1492.62,1493.05,1493.45,1493.83,1494.21,1494.63,1495.25,1496.19,1497.22,1498.29,1499.38,1500.59,1501.88,1503.21,1504.56,1505.91,1506.91,1507.78,1508.55,1509.23,1510.16,1510.65,1510.89,1511.23,1511.87,1511.90,1511.73,1511.41,1510.47,1508.54,1506.19,1503.77,1501.45,1498.86,1495.86,1492.70,1489.44,1485.84,1482.31,1477.60,1472.08,1467.27,1462.79,1458.55,1454.95,1452.45,1450.62,1449.03,1447.09,1444.78,1442.84,1441.33,1439.79,1438.04,1435.99,1433.70,1430.67,1426.96,1422.59,1417.81,1413.70,1410.78,1409.51,1411.29,1417.88,1425.13,1430.75,1433.73,1436.75,1438.98,1439.79,1438.67,1435.32,1431.04,1426.71,1422.73,1419.44,1416.60,1413.37,1410.07,1407.10,1404.74,1402.80,1400.94,1399.25,1398.14,1397.69,1399.74,1403.91,1409.47,1414.70,1420.01,1425.08,1429.76,1434.11,1437.29,1439.61,1441.43,1442.88,1443.74,1443.90,1443.63,1442.99,1442.07,1441.03,1439.84,1438.55,1437.38,1436.22,1434.75,1433.11,1431.52,1430.12,1430.47,1433.17,1438.05,1442.98,1447.68,1452.18,1456.34
1246.16,1244.69,1243.43,1241.82,1239.87,1237.66,1235.41,1232.73,1230.01,1227.29,1224.64,1225.26,1227.58,1230.32,1232.71,1234.47,1235.91,1237.03,1237.74,1237.91,1237.90,1237.80,1237.45,1236.59,1235.62,1234.36,1232.87,1231.34,1230.35,1230.30,1231.79,1234.39,1236.85,1239.41,1241.37,1242.88,1244.32,1246.04,1248.89,1252.25,1255.85,1259.77,1264.03,1268.10,1271.88,1275.41,1278.90,1282.26,1285.76,1290.03,1296.35,1304.13,1311.51,1318.13,1324.54,1330.34,1335.28,1340.10,1345.51,1351.04,1356.25,1360.85,1364.74,1368.26,1372.18,1376.61,1381.17,1385.13,1388.46,1390.99,1392.92,1394.39,1395.82,1396.75,1397.55,1398.23,1398.47,1398.59,1398.15,1397.07,1395.30,1393.55,1394.15,1396.32,1400.18,1407.05,1414.31,1419.81,1423.60,1426.61,1429.71,1432.77,1435.79,1438.64,1440.88,1442.77,1444.82,1447.05,1448.98,1450.26,1451.20,1451.93,1452.72,1454.71,1456.91,1459.14,1461.43,1463.93,1466.38,1468.65,1470.82,1472.97,1475.12,1477.16,1478.92,1480.22,1481.44,1482.33,1482.89,1483.18,1483.26,1483.29,1483.22,1483.29,1483.86,1485.04,1486.51,1488.15,1489.72,1490.57,1490.95,1491.28,1491.63,1491.97,1492.37,1492.76,1493.16,1493.56,1493.95,1494.33,1494.69,1495.05,1495.56,1496.24,1497.10,1498.10,1499.19,1500.36,1501.63,1503.02,1504.53,1506.08,1507.54,1508.75,1509.85,1511.08,1511.79,1512.14,1512.34,1512.45,1512.51,1512.37,1512.15,1511.70,1510.39,1508.16,1505.66,1503.18,1500.73,1497.83,1494.77,1491.63,1488.43,1485.11,1481.79,1476.94,1471.04,1466.05,1461.50,1457.12,1453.07,1449.59,1446.45,1443.66,1440.83,1438.05,1435.97,1434.63,1433.50,1432.21,1430.45,1428.40,1425.64,1422.32,1418.50,1414.33,1410.69,1408.51,1408.47,1412.02,1419.19,1426.06,1431.02,1433.51,1436.05,1437.58,1437.51,1435.53,1431.79,1427.03,1422.51,1418.60,1415.41,1412.37,1408.61,1404.98,1402.12,1399.51,1397.55,1395.69,1394.14,1394.12,1397.00,1401.35,1406.46,1411.99,1416.95,1421.78,1426.37,1430.49,1433.80,1435.64,1436.68,1437.47,1438.40,1439.10,1439.00,1438.37,1437.35,1436.05,1435.01,1433.98,1432.95,1432.07,1431.15,1429.88,1428.37,1426.79,1425.43,1426.48,1429.80,1434.81,1439.54,1444.19,1448.21,1451.70
1251.24,1249.63,1248.14,1246.47,1244.52,1242.28,1239.90,1237.09,1234.38,1231.84,1229.46,1229.95,1232.02,1234.48,1236.61,1238.36,1239.73,1240.76,1241.42,1241.72,1241.72,1241.66,1241.43,1240.73,1239.93,1238.97,1237.74,1236.31,1235.20,1234.74,1236.05,1238.79,1241.54,1244.35,1246.43,1247.94,1249.24,1250.69,1252.81,1255.63,1259.16,1263.29,1267.60,1271.60,1275.31,1278.89,1282.47,1285.84,1289.12,1292.86,1298.53,1306.07,1313.22,1319.63,1326.21,1331.72,1336.59,1341.52,1347.05,1352.48,1357.63,1362.15,1366.04,1369.87,1374.16,1378.66,1383.11,1387.13,1390.63,1393.20,1395.14,1396.66,1398.15,1399.26,1400.26,1401.20,1401.92,1402.39,1402.42,1401.73,1400.01,1397.98,1397.45,1398.82,1402.47,1408.45,1415.13,1420.27,1423.87,1426.87,1430.09,1433.62,1437.09,1440.08,1442.41,1444.51,1446.71,1448.96,1450.78,1451.84,1452.62,1453.30,1454.02,1455.33,1457.14,1459.23,1461.53,1464.06,1466.59,1469.08,1471.51,1473.87,1476.18,1478.34,1480.17,1481.58,1482.95,1484.04,1484.84,1485.30,1485.38,1485.37,1485.12,1484.97,1485.40,1486.46,1487.74,1489.09,1490.31,1490.95,1491.34,1491.68,1492.02,1492.35,1492.82,1493.24,1493.63,1494.01,1494.37,1494.75,1495.10,1495.46,1495.98,1496.55,1497.27,1498.10,1499.03,1500.12,1501.47,1502.99,1504.60,1506.22,1507.89,1509.37,1510.69,1511.96,1512.64,1513.04,1513.28,1513.31,1513.12,1512.82,1512.51,1511.85,1509.89,1507.37,1504.74,1502.12,1499.40,1496.28,1493.14,1489.99,1486.78,1483.52,1479.87,1474.83,1469.01,1464.36,1459.95,1455.57,1451.26,1447.18,1443.18,1438.61,1434.61,1431.70,1429.59,1428.21,1427.06,1425.83,1424.31,1422.64,1420.34,1417.55,1414.27,1410.53,1407.45,1406.61,1408.49,1413.39,1420.39,1426.65,1431.07,1433.27,1435.51,1435.98,1434.93,1432.22,1427.34,1422.48,1418.27,1414.53,1410.81,1406.98,1403.06,1399.51,1396.61,1393.96,1392.18,1390.95,1390.70,1393.08,1398.06,1403.43,1408.64,1413.61,1418.23,1422.65,1426.79,1430.36,1432.76,1433.48,1433.26,1432.95,1433.37,1433.82,1433.83,1433.36,1432.40,1431.13,1429.94,1428.77,1427.64,1426.73,1425.80,1424.65,1423.35,1422.01,1421.00,1422.81,1426.66,1431.72,1436.44,1440.87,1444.61,1447.75
1255.75,1254.17,1252.51,1250.86,1249.02,1246.81,1244.32,1241.34,1238.49,1235.93,1233.90,1234.27,1236.07,1238.35,1240.50,1242.39,1243.65,1244.49,1245.09,1245.56,1245.62,1245.59,1245.44,1244.88,1244.15,1243.48,1242.60,1241.40,1240.29,1239.51,1240.57,1243.35,1246.63,1249.81,1251.89,1253.26,1254.40,1255.65,1256.90,1258.96,1262.25,1266.55,1270.80,1274.77,1278.61,1282.57,1286.23,1289.59,1292.65,1295.85,1300.95,1308.04,1314.89,1321.24,1328.02,1333.28,1338.06,1343.05,1348.58,1353.95,1358.91,1363.32,1367.27,1371.52,1376.06,1380.64,1385.10,1389.21,1392.71,1395.33,1397.37,1399.03,1400.60,1401.94,1403.20,1404.42,1405.59,1406.38,1406.76,1406.38,1404.86,1402.89,1401.39,1402.11,1405.64,1410.43,1416.18,1420.76,1424.09,1427.06,1430.27,1434.25,1438.11,1441.09,1443.47,1445.78,1448.10,1450.29,1452.00,1453.24,1454.07,1454.74,1455.42,1456.03,1457.44,1459.37,1461.67,1464.21,1466.81,1469.54,1472.30,1474.85,1477.28,1479.45,1481.30,1482.83,1484.31,1485.61,1486.66,1487.34,1487.42,1487.31,1486.87,1486.44,1486.55,1487.38,1488.49,1489.59,1490.51,1491.14,1491.63,1492.02,1492.36,1492.70,1493.20,1493.65,1494.05,1494.43,1494.76,1495.12,1495.47,1495.85,1496.45,1497.01,1497.61,1498.23,1498.93,1499.91,1501.37,1503.02,1504.71,1506.36,1508.10,1509.78,1511.26,1512.31,1513.07,1513.62,1513.94,1513.96,1513.69,1513.25,1512.77,1511.79,1509.12,1506.30,1503.53,1500.72,1497.66,1494.35,1491.09,1487.87,1484.60,1481.16,1476.97,1471.80,1466.41,1462.28,1458.18,1453.91,1449.51,1445.02,1440.38,1434.09,1428.96,1425.93,1423.75,1422.20,1420.79,1419.43,1418.10,1416.78,1414.91,1412.58,1409.79,1406.51,1404.41,1405.33,1409.26,1415.14,1421.50,1427.02,1430.97,1432.95,1434.84,1434.21,1432.13,1428.57,1422.53,1417.84,1414.00,1410.23,1405.77,1401.08,1397.20,1393.81,1390.74,1388.18,1387.09,1387.15,1388.87,1393.81,1399.86,1405.47,1410.35,1414.61,1418.86,1422.90,1426.58,1429.57,1431.14,1430.84,1429.42,1428.04,1428.07,1428.43,1428.73,1428.64,1427.93,1426.84,1425.46,1424.00,1422.62,1421.52,1420.45,1419.37,1418.26,1417.26,1416.82,1419.37,1423.59,1428.59,1433.46,1437.61,1441.18,1444.13
1259.56,1257.95,1256.27,1254.62,1252.86,1250.83,1248.54,1245.76,1242.94,1240.26,1238.03,1238.26,1240.14,1242.63,1244.96,1246.62,1247.63,1248.28,1248.74,1249.16,1249.39,1249.47,1249.35,1248.94,1248.39,1247.86,1247.18,1246.25,1245.36,1244.79,1245.66,1248.13,1251.67,1254.67,1256.66,1258.06,1259.33,1260.52,1261.54,1263.13,1265.78,1269.60,1273.61,1277.73,1282.13,1286.94,1290.33,1293.29,1296.09,1299.26,1304.45,1310.57,1316.86,1323.26,1329.97,1335.28,1340.08,1344.91,1350.12,1355.43,1360.19,1364.49,1368.55,1373.04,1377.70,1382.52,1387.21,1391.17,1394.57,1397.32,1399.66,1401.72,1403.44,1404.88,1406.23,1407.58,1408.93,1410.04,1410.72,1410.64,1409.39,1407.72,1405.94,1406.02,1408.79,1413.03,1417.73,1421.42,1424.27,1427.21,1430.44,1434.46,1438.38,1441.48,1443.97,1446.38,1448.75,1450.99,1452.91,1454.52,1455.62,1456.39,1457.05,1457.47,1458.32,1459.88,1462.19,1464.77,1467.35,1470.11,1473.00,1475.82,1478.41,1480.48,1482.22,1483.82,1485.43,1486.91,1488.19,1489.06,1489.11,1488.64,1488.11,1487.68,1487.52,1488.18,1488.95,1489.70,1490.38,1491.00,1491.54,1492.03,1492.47,1492.89,1493.37,1493.89,1494.39,1494.81,1495.13,1495.50,1495.87,1496.29,1496.89,1497.49,1498.03,1498.57,1499.15,1499.82,1501.28,1503.04,1504.79,1506.52,1508.28,1510.06,1511.62,1512.55,1513.45,1514.13,1514.52,1514.53,1514.20,1513.65,1512.76,1511.15,1508.16,1504.88,1501.82,1498.83,1495.47,1491.84,1488.31,1484.91,1481.42,1477.17,1472.69,1467.99,1463.41,1459.59,1456.02,1452.10,1447.78,1443.01,1437.56,1431.36,1425.98,1422.09,1419.36,1417.43,1415.81,1414.33,1413.01,1411.58,1409.53,1407.02,1404.31,1402.18,1402.97,1406.16,1411.13,1417.13,1422.47,1427.20,1430.73,1432.36,1433.08,1432.12,1428.93,1423.72,1418.40,1414.15,1409.53,1404.59,1400.04,1395.77,1391.80,1387.94,1384.38,1382.15,1383.57,1386.75,1390.84,1395.63,1400.88,1406.01,1410.69,1414.76,1418.80,1422.41,1425.49,1427.74,1428.40,1427.08,1424.70,1422.70,1422.88,1424.00,1424.62,1424.64,1424.08,1422.90,1421.40,1419.78,1418.20,1416.93,1415.82,1414.73,1413.67,1412.87,1413.25,1416.14,1420.23,1424.96,1430.12,1434.24,1437.64,1440.39
1262.96,1261.52,1259.88,1258.24,1256.53,1254.61,1252.33,1249.72,1247.00,1244.32,1242.12,1242.50,1244.42,1246.85,1249.03,1250.43,1251.16,1251.62,1252.00,1252.40,1252.78,1253.00,1252.99,1252.66,1252.26,1251.85,1251.36,1250.74,1250.14,1250.07,1251.11,1253.40,1256.86,1259.74,1261.64,1263.07,1264.43,1265.59,1266.44,1267.57,1269.49,1272.68,1276.59,1281.12,1286.07,1290.92,1294.12,1297.01,1299.97,1303.35,1308.10,1313.39,1319.21,1325.53,1332.09,1337.59,1342.39,1346.99,1351.79,1356.96,1361.50,1365.72,1369.94,1374.59,1379.46,1384.50,1389.28,1393.04,1396.38,1399.39,1402.09,1404.41,1406.32,1407.88,1409.31,1410.74,1412.22,1413.59,1414.47,1414.56,1413.49,1412.01,1410.24,1409.97,1412.14,1416.01,1419.73,1422.66,1425.11,1427.76,1430.76,1434.61,1438.48,1441.65,1444.19,1446.67,1449.13,1451.54,1453.78,1455.66,1457.05,1458.06,1458.75,1459.14,1459.72,1461.01,1463.19,1465.68,1468.19,1470.91,1473.82,1476.72,1479.34,1481.32,1483.01,1484.67,1486.35,1487.96,1489.31,1490.18,1490.22,1489.54,1488.95,1488.47,1488.06,1488.42,1488.93,1489.48,1490.10,1490.75,1491.31,1491.85,1492.35,1492.82,1493.30,1493.88,1494.48,1494.97,1495.37,1495.82,1496.27,1496.71,1497.28,1497.86,1498.36,1498.84,1499.37,1499.91,1501.34,1503.09,1504.80,1506.51,1508.29,1510.09,1511.67,1512.67,1513.74,1514.55,1514.98,1514.94,1514.53,1513.87,1512.62,1510.41,1506.92,1503.29,1499.85,1496.45,1492.81,1489.07,1485.44,1481.70,1477.55,1472.90,1468.49,1464.32,1460.41,1456.99,1453.86,1450.07,1445.65,1440.60,1434.61,1428.77,1423.49,1419.04,1415.82,1413.42,1411.38,1409.57,1408.02,1406.31,1404.20,1401.84,1399.82,1399.96,1403.57,1408.27,1413.28,1418.71,1423.10,1426.97,1429.99,1431.45,1431.47,1429.55,1425.23,1419.17,1414.40,1409.84,1404.69,1399.42,1395.01,1390.69,1386.38,1382.20,1378.73,1377.66,1381.41,1386.83,1392.20,1396.48,1400.92,1405.63,1410.22,1414.26,1418.16,1421.40,1423.96,1425.50,1425.29,1423.22,1420.27,1417.85,1417.83,1419.42,1420.37,1420.56,1420.06,1418.77,1417.21,1415.54,1413.86,1412.38,1411.06,1409.99,1409.12,1408.71,1409.95,1413.02,1416.84,1421.10,1425.94,1430.09,1433.56,1436.25
1265.96,1264.93,1263.40,1261.78,1260.08,1258.13,1255.60,1253.06,1250.47,1247.96,1246.19,1247.03,1248.89,1250.88,1252.53,1253.70,1254.14,1254.41,1254.75,1255.20,1255.71,1256.13,1256.29,1255.99,1255.67,1255.39,1255.12,1254.82,1254.58,1255.26,1256.86,1259.25,1262.25,1265.10,1267.01,1268.41,1269.75,1270.88,1271.60,1272.28,1273.40,1275.88,1279.88,1285.09,1290.43,1294.36,1297.52,1300.83,1304.42,1308.19,1311.78,1316.49,1321.99,1328.05,1334.44,1340.21,1345.01,1349.30,1353.65,1358.53,1362.87,1367.08,1371.45,1376.17,1381.43,1386.61,1391.24,1394.81,1398.17,1401.58,1404.64,1407.05,1409.18,1410.88,1412.42,1413.90,1415.45,1417.01,1417.98,1418.10,1417.10,1415.61,1414.07,1413.84,1415.71,1419.32,1422.21,1424.62,1426.79,1428.88,1431.31,1434.79,1438.49,1441.66,1444.19,1446.67,1449.26,1451.98,1454.63,1456.64,1458.35,1459.70,1460.50,1461.00,1461.67,1462.87,1464.73,1466.99,1469.37,1471.99,1474.78,1477.54,1480.01,1481.93,1483.66,1485.39,1487.04,1488.70,1489.96,1490.63,1490.65,1490.01,1489.31,1488.64,1488.00,1487.93,1488.28,1488.88,1489.64,1490.41,1491.01,1491.51,1491.98,1492.45,1492.97,1493.61,1494.26,1494.85,1495.43,1496.07,1496.63,1497.09,1497.59,1498.07,1498.55,1499.01,1499.52,1500.24,1501.58,1503.16,1504.74,1506.32,1508.10,1509.82,1511.37,1512.64,1513.91,1514.84,1515.30,1515.15,1514.61,1513.88,1512.35,1509.59,1505.38,1501.55,1497.61,1493.57,1489.69,1486.12,1482.62,1478.31,1473.05,1468.62,1464.67,1460.96,1457.52,1454.61,1451.69,1447.75,1443.02,1437.68,1431.51,1426.09,1421.14,1416.67,1413.11,1410.15,1407.46,1405.04,1402.99,1400.83,1398.95,1397.35,1396.90,1400.49,1406.41,1411.51,1415.48,1419.65,1423.22,1426.21,1428.63,1430.13,1430.07,1426.39,1420.99,1415.21,1410.42,1404.66,1399.49,1395.10,1390.92,1385.81,1380.90,1376.69,1374.12,1375.14,1380.68,1386.89,1392.11,1395.90,1399.83,1404.32,1408.92,1413.08,1416.85,1419.85,1421.97,1422.88,1421.88,1419.43,1416.33,1413.65,1412.95,1414.48,1415.76,1416.23,1415.71,1414.33,1412.72,1411.08,1409.43,1407.72,1406.05,1405.01,1404.54,1404.81,1406.86,1409.99,1413.45,1417.00,1420.80,1425.00,1428.78,1431.62
1268.73,1267.94,1266.74,1265.20,1263.38,1261.14,1258.22,1255.48,1252.81,1250.59,1249.96,1251.00,1252.58,1254.21,1255.67,1256.72,1257.08,1257.29,1257.58,1257.98,1258.62,1259.28,1259.70,1259.57,1259.32,1259.11,1258.93,1258.82,1258.92,1260.38,1262.60,1265.17,1267.73,1270.24,1272.03,1273.39,1274.68,1275.89,1276.84,1277.50,1278.18,1279.97,1283.99,1289.05,1294.13,1298.30,1302.06,1305.66,1309.19,1312.62,1315.80,1319.80,1324.83,1330.79,1337.36,1343.26,1348.13,1352.33,1356.23,1360.41,1364.56,1368.80,1373.22,1377.90,1383.39,1388.46,1392.78,1396.31,1399.97,1403.57,1406.80,1409.43,1411.52,1413.30,1415.01,1416.73,1418.44,1419.85,1420.81,1421.14,1420.50,1418.99,1417.43,1417.17,1418.88,1421.86,1424.45,1426.82,1428.98,1430.81,1432.77,1435.56,1438.70,1441.68,1444.19,1446.64,1449.24,1452.12,1455.22,1457.67,1459.65,1461.22,1462.30,1463.09,1463.79,1464.91,1466.66,1468.72,1470.88,1473.23,1475.72,1478.30,1480.55,1482.41,1484.14,1485.89,1487.57,1489.16,1490.40,1491.08,1490.96,1490.24,1488.91,1487.51,1486.72,1486.47,1486.77,1487.53,1488.69,1489.95,1490.64,1491.16,1491.65,1492.09,1492.68,1493.33,1493.97,1494.59,1495.20,1495.82,1496.40,1496.96,1497.58,1498.17,1498.68,1499.15,1499.68,1500.59,1501.98,1503.53,1505.05,1506.52,1508.04,1509.56,1511.06,1512.55,1513.90,1514.83,1515.24,1515.01,1514.42,1513.50,1511.52,1508.14,1503.66,1499.47,1495.25,1491.12,1487.38,1483.83,1479.67,1474.84,1469.64,1465.41,1461.48,1458.00,1454.93,1452.05,1448.71,1444.65,1440.04,1434.88,1428.97,1423.67,1418.82,1414.37,1410.59,1407.26,1404.06,1400.95,1398.09,1395.38,1393.98,1394.33,1397.02,1402.38,1408.33,1412.94,1416.22,1419.39,1422.29,1424.70,1426.70,1427.83,1426.38,1422.38,1417.12,1411.33,1405.79,1400.29,1395.54,1391.09,1386.08,1380.73,1375.82,1372.06,1370.64,1373.23,1379.62,1385.80,1390.56,1394.32,1398.11,1402.45,1407.09,1411.48,1414.98,1417.67,1419.35,1419.65,1418.26,1415.81,1412.64,1409.52,1407.91,1409.38,1410.87,1411.46,1410.82,1409.09,1407.10,1405.32,1403.80,1402.35,1400.93,1400.15,1400.21,1401.43,1403.75,1406.65,1409.64,1412.66,1415.95,1419.71,1423.32,1426.50
1271.30,1270.62,1269.70,1268.30,1266.38,1263.76,1260.22,1257.18,1254.64,1253.06,1253.64,1254.85,1256.22,1257.63,1258.96,1259.82,1260.13,1260.31,1260.57,1261.00,1261.77,1262.61,1263.20,1263.24,1263.08,1262.93,1262.83,1262.84,1263.25,1265.36,1268.09,1270.79,1273.03,1275.26,1277.07,1278.60,1280.04,1281.47,1282.67,1283.36,1283.68,1284.71,1288.41,1293.00,1297.75,1302.43,1306.86,1310.73,1314.07,1316.94,1319.85,1323.19,1327.83,1333.81,1340.55,1346.51,1351.54,1355.77,1359.30,1362.73,1366.59,1370.73,1375.09,1379.74,1385.32,1390.17,1394.12,1397.66,1401.71,1405.48,1408.81,1411.60,1413.64,1415.50,1417.38,1419.29,1421.13,1422.40,1423.36,1423.93,1423.70,1422.32,1420.78,1420.40,1421.75,1424.15,1426.60,1429.00,1431.18,1432.88,1434.54,1436.70,1439.20,1441.84,1444.26,1446.63,1449.20,1452.14,1455.64,1458.58,1460.84,1462.61,1463.99,1465.11,1465.91,1467.01,1468.67,1470.58,1472.55,1474.63,1476.83,1479.11,1481.08,1482.85,1484.59,1486.33,1488.00,1489.51,1490.75,1491.50,1491.25,1490.41,1488.44,1486.26,1485.12,1484.76,1485.06,1486.00,1487.57,1489.28,1490.19,1490.81,1491.32,1491.75,1492.40,1493.04,1493.65,1494.26,1494.86,1495.42,1495.99,1496.63,1497.38,1498.10,1498.68,1499.20,1499.81,1500.90,1502.31,1503.82,1505.30,1506.68,1507.95,1509.25,1510.67,1512.33,1513.68,1514.58,1514.94,1514.65,1513.97,1512.77,1510.29,1506.38,1501.81,1497.32,1492.96,1488.89,1485.31,1481.69,1476.80,1471.56,1466.76,1462.63,1458.49,1455.06,1452.22,1449.17,1445.39,1441.25,1436.81,1431.89,1426.32,1421.21,1416.47,1412.05,1408.02,1404.37,1400.68,1396.94,1393.37,1390.30,1389.79,1392.27,1397.74,1404.01,1409.40,1413.32,1416.05,1418.47,1420.85,1422.92,1424.61,1425.21,1422.42,1418.34,1413.35,1407.55,1401.45,1396.52,1391.96,1387.05,1381.20,1375.86,1371.24,1368.16,1367.88,1371.64,1378.25,1384.14,1388.55,1392.49,1396.24,1400.46,1405.08,1409.64,1412.89,1415.20,1416.41,1416.22,1414.63,1412.12,1408.82,1405.28,1402.80,1404.07,1405.60,1406.28,1405.64,1403.79,1401.60,1399.74,1398.32,1397.13,1396.02,1395.54,1396.21,1398.55,1401.08,1403.90,1406.76,1409.66,1412.96,1416.40,1419.86,1423.41
1273.40,1272.62,1271.61,1270.52,1268.74,1265.60,1260.83,1257.43,1255.83,1255.88,1257.31,1258.74,1260.33,1261.86,1262.99,1263.37,1263.55,1263.71,1264.01,1264.78,1265.67,1266.44,1266.93,1267.00,1266.96,1266.92,1266.89,1266.99,1267.63,1269.94,1272.76,1275.46,1277.67,1280.09,1282.47,1284.81,1287.05,1288.99,1290.20,1290.73,1290.68,1290.72,1293.07,1296.96,1301.72,1306.77,1311.46,1315.67,1319.00,1321.31,1323.69,1326.66,1331.27,1337.45,1344.11,1350.06,1355.36,1359.86,1363.25,1366.16,1369.38,1372.96,1377.01,1381.75,1387.16,1391.64,1395.23,1398.79,1403.29,1407.32,1410.65,1413.27,1415.48,1417.53,1419.47,1421.33,1423.11,1424.55,1425.64,1426.34,1426.45,1425.65,1424.51,1423.72,1423.99,1426.27,1428.63,1430.91,1433.01,1434.76,1436.50,1438.42,1440.43,1442.46,1444.51,1446.74,1449.21,1452.11,1455.73,1459.09,1461.71,1463.74,1465.33,1466.72,1467.84,1469.11,1470.71,1472.52,1474.44,1476.44,1478.41,1480.14,1481.66,1483.32,1485.07,1486.75,1488.29,1489.72,1490.99,1491.82,1491.60,1490.61,1488.42,1485.70,1483.56,1483.03,1483.45,1484.59,1486.31,1488.07,1489.52,1490.43,1490.97,1491.49,1492.10,1492.73,1493.32,1493.88,1494.44,1494.99,1495.53,1496.13,1496.84,1497.59,1498.31,1499.03,1499.85,1501.01,1502.34,1503.68,1504.99,1506.32,1507.62,1508.81,1510.05,1511.70,1512.97,1513.84,1514.24,1513.95,1512.89,1511.22,1508.33,1504.18,1499.68,1495.24,1490.98,1487.00,1483.35,1479.47,1474.21,1468.98,1464.57,1460.28,1455.61,1451.86,1448.90,1445.51,1441.66,1437.51,1433.10,1428.26,1422.91,1418.37,1414.05,1409.65,1405.21,1401.16,1396.95,1392.74,1389.13,1386.38,1387.74,1391.91,1397.77,1403.72,1408.57,1411.98,1414.33,1416.51,1418.78,1420.93,1422.47,1422.42,1419.59,1414.94,1409.60,1404.03,1398.62,1393.83,1388.49,1382.64,1376.87,1371.77,1367.88,1365.75,1366.38,1370.57,1376.22,1381.64,1386.39,1390.63,1394.48,1398.60,1403.02,1407.42,1410.60,1412.33,1413.02,1412.69,1411.09,1408.05,1404.41,1400.63,1397.57,1398.17,1399.44,1400.24,1400.09,1399.01,1397.45,1395.82,1394.29,1392.97,1391.84,1391.60,1393.05,1396.74,1399.73,1403.28,1407.06,1411.00,1415.43,1419.38,1423.22,1427.01
1275.27,1274.34,1273.20,1271.91,1269.86,1266.34,1261.01,1258.42,1258.25,1259.72,1261.80,1263.47,1264.93,1266.10,1266.77,1266.91,1267.03,1267.22,1267.63,1268.51,1269.48,1270.38,1271.03,1271.25,1271.41,1271.59,1271.70,1271.86,1272.76,1275.03,1277.74,1280.40,1282.78,1285.35,1288.28,1291.26,1293.92,1296.13,1297.35,1297.80,1297.54,1296.88,1297.97,1301.43,1306.44,1311.71,1316.32,1320.22,1323.26,1325.45,1327.72,1330.57,1335.09,1341.22,1347.97,1354.06,1359.44,1364.04,1367.55,1370.21,1372.75,1375.62,1379.16,1383.79,1388.75,1392.87,1396.31,1399.93,1404.79,1408.94,1412.24,1414.84,1417.17,1419.44,1421.56,1423.48,1425.18,1426.74,1427.89,1428.68,1429.06,1428.76,1428.02,1427.11,1426.67,1428.20,1430.50,1432.85,1434.97,1436.74,1438.46,1440.17,1441.88,1443.62,1445.45,1447.44,1449.70,1452.45,1455.97,1459.44,1462.30,1464.63,1466.54,1468.12,1469.58,1471.08,1472.72,1474.47,1476.38,1478.24,1479.90,1481.25,1482.49,1483.92,1485.48,1487.07,1488.58,1490.09,1491.50,1492.37,1491.72,1490.44,1488.04,1485.03,1482.37,1481.46,1482.00,1483.32,1485.10,1486.88,1488.58,1489.81,1490.61,1491.18,1491.77,1492.33,1492.89,1493.43,1494.00,1494.54,1495.09,1495.66,1496.33,1497.08,1497.91,1498.82,1499.85,1501.09,1502.34,1503.57,1504.78,1505.97,1507.14,1508.18,1509.22,1510.52,1511.52,1512.44,1513.01,1512.76,1511.36,1509.40,1506.35,1502.16,1497.64,1493.22,1489.06,1485.15,1481.41,1477.14,1471.89,1466.82,1462.39,1457.47,1452.61,1448.75,1445.63,1442.08,1438.04,1433.76,1429.32,1424.68,1419.94,1415.84,1411.57,1406.89,1402.24,1397.82,1393.08,1388.33,1384.58,1383.23,1386.11,1391.00,1396.37,1401.45,1405.74,1409.00,1411.48,1413.83,1416.09,1418.22,1419.75,1419.68,1416.67,1411.79,1406.37,1401.01,1396.05,1390.99,1385.03,1378.66,1372.93,1367.89,1364.14,1362.70,1364.55,1369.01,1373.99,1378.98,1383.84,1388.43,1392.81,1397.10,1401.32,1405.19,1407.84,1408.95,1409.27,1408.92,1407.36,1404.38,1400.60,1396.49,1392.88,1392.40,1393.61,1394.87,1395.25,1394.85,1393.75,1392.26,1390.60,1389.14,1388.96,1390.29,1393.25,1397.81,1401.34,1405.25,1409.60,1414.27,1418.99,1423.03,1426.82,1430.44
1276.97,1275.82,1274.44,1272.64,1270.15,1266.50,1261.32,1260.29,1261.72,1264.24,1266.72,1268.54,1269.65,1270.24,1270.37,1270.45,1270.53,1270.77,1271.31,1272.19,1273.24,1274.34,1275.26,1275.71,1276.07,1276.47,1276.77,1277.10,1278.32,1280.44,1282.96,1285.61,1288.26,1290.98,1294.33,1297.76,1300.57,1302.83,1304.05,1304.42,1303.99,1302.90,1303.09,1306.36,1311.65,1316.88,1321.17,1324.47,1327.18,1329.56,1331.96,1334.75,1339.08,1345.06,1352.03,1358.32,1363.67,1368.25,1371.96,1374.53,1376.45,1378.57,1381.49,1385.82,1390.14,1393.91,1397.32,1401.07,1406.22,1410.38,1413.64,1416.32,1418.78,1421.30,1423.67,1425.72,1427.34,1428.92,1430.10,1430.96,1431.56,1431.65,1431.29,1430.49,1429.66,1430.21,1432.38,1434.83,1437.03,1438.77,1440.41,1441.94,1443.49,1445.13,1446.84,1448.58,1450.61,1453.14,1456.42,1459.77,1462.74,1465.37,1467.66,1469.42,1471.20,1472.97,1474.68,1476.40,1478.29,1479.95,1481.30,1482.42,1483.54,1484.71,1485.99,1487.43,1488.93,1490.60,1492.17,1492.96,1491.65,1490.01,1487.43,1484.31,1481.43,1480.07,1480.67,1482.13,1483.89,1485.68,1487.45,1488.99,1490.16,1490.83,1491.39,1491.89,1492.40,1492.95,1493.55,1494.11,1494.66,1495.21,1495.83,1496.60,1497.53,1498.59,1499.81,1501.08,1502.28,1503.43,1504.56,1505.57,1506.52,1507.42,1508.27,1509.07,1509.78,1510.74,1511.47,1511.20,1509.56,1507.40,1504.36,1500.30,1495.69,1491.25,1487.16,1483.32,1479.42,1474.75,1469.72,1464.88,1460.17,1454.49,1449.70,1445.88,1442.55,1438.90,1434.61,1430.17,1425.71,1421.34,1417.34,1413.52,1409.04,1403.88,1399.12,1394.32,1389.11,1383.91,1380.12,1380.67,1384.66,1389.53,1393.95,1397.93,1401.67,1404.90,1407.73,1410.49,1412.93,1415.06,1416.69,1416.96,1413.79,1408.86,1403.51,1398.34,1393.63,1388.04,1381.60,1375.02,1369.32,1364.18,1360.26,1359.35,1362.53,1367.18,1371.73,1376.36,1381.15,1386.08,1391.18,1395.75,1399.70,1402.84,1404.69,1405.21,1405.27,1404.94,1403.43,1400.80,1397.04,1392.63,1388.58,1386.86,1388.07,1389.86,1390.70,1390.83,1390.03,1388.63,1386.97,1385.78,1387.28,1390.87,1395.57,1400.57,1404.58,1408.70,1413.38,1418.49,1422.98,1426.91,1430.42,1433.67
1278.36,1276.87,1274.73,1272.51,1270.02,1267.01,1263.67,1264.53,1266.87,1269.33,1271.40,1272.74,1273.53,1273.89,1273.88,1273.90,1273.93,1274.16,1274.75,1275.78,1277.02,1278.17,1279.10,1279.68,1280.05,1280.41,1281.00,1282.08,1283.73,1285.95,1288.50,1291.28,1294.26,1297.30,1300.49,1303.66,1306.49,1308.53,1309.52,1309.57,1308.76,1307.73,1308.61,1312.21,1317.18,1321.42,1325.05,1328.37,1331.45,1334.24,1336.70,1338.97,1342.89,1348.85,1356.17,1362.52,1367.88,1372.39,1375.91,1378.40,1380.08,1381.72,1383.99,1387.76,1391.33,1394.63,1397.99,1402.12,1407.54,1411.56,1414.71,1417.64,1420.44,1423.23,1425.86,1428.10,1429.62,1430.98,1432.15,1433.13,1433.83,1434.02,1434.06,1433.64,1432.95,1433.32,1434.92,1437.03,1439.09,1440.67,1442.20,1443.72,1445.24,1446.79,1448.48,1450.26,1452.19,1454.46,1457.38,1460.45,1463.30,1465.98,1468.60,1470.82,1472.83,1474.74,1476.56,1478.30,1479.87,1481.29,1482.58,1483.77,1484.99,1486.14,1487.20,1488.23,1489.57,1491.37,1492.76,1492.99,1491.29,1489.31,1486.73,1483.73,1480.79,1479.14,1479.56,1480.89,1482.56,1484.38,1486.16,1487.81,1489.24,1490.29,1490.91,1491.43,1491.95,1492.50,1493.07,1493.65,1494.21,1494.75,1495.31,1496.25,1497.31,1498.44,1499.62,1500.79,1501.88,1502.94,1503.97,1504.88,1505.73,1506.54,1507.31,1507.99,1508.75,1509.46,1509.81,1509.31,1507.67,1505.32,1502.35,1498.59,1493.80,1489.39,1485.35,1481.38,1477.11,1472.41,1467.61,1462.80,1457.75,1452.00,1447.66,1444.00,1440.38,1436.21,1431.90,1427.53,1423.22,1419.11,1415.35,1411.34,1406.41,1400.76,1395.74,1390.48,1385.07,1380.12,1377.17,1378.92,1382.83,1386.93,1390.44,1393.90,1397.13,1399.97,1402.69,1405.96,1409.23,1411.83,1413.68,1414.17,1411.36,1406.40,1401.03,1395.98,1391.22,1385.05,1378.33,1371.80,1366.11,1360.78,1356.80,1356.39,1360.59,1365.45,1370.05,1374.50,1379.02,1384.02,1389.53,1393.98,1397.40,1399.84,1400.93,1401.14,1401.06,1400.62,1399.04,1396.51,1392.93,1388.69,1384.59,1382.24,1382.98,1384.57,1385.41,1385.59,1384.76,1383.49,1382.63,1383.94,1388.03,1393.31,1398.63,1403.26,1407.28,1411.92,1416.86,1421.74,1426.07,1429.96,1433.38,1436.58
1279.37,1277.58,1274.94,1272.40,1269.92,1267.64,1266.62,1268.93,1271.73,1274.01,1275.71,1276.62,1277.12,1277.34,1277.28,1277.26,1277.25,1277.45,1278.03,1279.17,1280.43,1281.55,1282.48,1283.23,1283.63,1284.26,1285.32,1286.99,1289.24,1291.70,1294.17,1296.73,1299.76,1302.86,1305.85,1308.79,1311.56,1313.45,1314.16,1313.88,1312.87,1312.08,1313.89,1317.77,1322.28,1325.79,1329.21,1332.74,1336.00,1338.70,1341.03,1342.92,1346.59,1352.51,1359.91,1366.17,1371.49,1375.92,1379.25,1381.68,1383.33,1384.76,1386.56,1389.55,1392.42,1395.30,1398.61,1403.12,1408.63,1412.52,1415.58,1418.68,1421.95,1425.10,1427.90,1430.15,1431.63,1432.92,1434.12,1435.20,1436.01,1436.39,1436.74,1436.71,1436.36,1436.62,1437.64,1439.19,1440.89,1442.28,1443.77,1445.30,1446.83,1448.39,1450.21,1452.07,1453.98,1456.05,1458.60,1461.39,1464.13,1466.86,1469.63,1472.14,1474.33,1476.36,1478.27,1480.04,1481.44,1482.75,1484.03,1485.27,1486.55,1487.70,1488.68,1489.58,1490.92,1492.45,1493.11,1492.49,1490.61,1488.38,1485.82,1483.02,1480.24,1478.48,1478.63,1479.72,1481.27,1483.04,1484.76,1486.43,1488.03,1489.43,1490.33,1490.95,1491.49,1492.01,1492.55,1493.10,1493.62,1494.04,1494.39,1495.23,1496.32,1497.50,1498.78,1500.21,1501.32,1502.31,1503.26,1504.08,1504.86,1505.60,1506.30,1507.00,1507.82,1508.38,1508.39,1507.57,1505.99,1503.74,1500.88,1497.20,1492.28,1487.88,1483.80,1479.66,1475.04,1470.35,1465.74,1460.93,1455.72,1450.24,1446.20,1442.53,1438.61,1434.05,1429.83,1425.65,1421.44,1417.28,1413.52,1409.01,1403.61,1397.70,1392.39,1386.73,1381.26,1376.63,1374.28,1376.69,1380.39,1383.86,1386.71,1389.74,1392.66,1395.30,1398.00,1401.55,1405.40,1408.49,1410.60,1411.13,1408.71,1403.96,1398.72,1393.68,1388.65,1382.17,1375.37,1368.93,1363.27,1357.78,1353.72,1353.60,1358.51,1363.84,1368.75,1373.20,1377.50,1382.32,1387.73,1391.89,1394.77,1396.46,1396.91,1396.73,1396.34,1395.69,1394.17,1391.86,1388.64,1384.79,1380.90,1378.25,1378.41,1379.53,1380.25,1380.49,1379.75,1379.24,1380.09,1383.99,1389.86,1395.96,1401.40,1405.75,1410.02,1415.05,1420.09,1424.71,1428.94,1432.76,1436.23,1439.62
1279.94,1277.94,1275.27,1272.54,1269.99,1268.43,1270.00,1273.02,1275.83,1277.99,1279.54,1280.23,1280.49,1280.56,1280.55,1280.48,1280.45,1280.60,1281.11,1282.23,1283.31,1284.31,1285.30,1286.32,1286.82,1288.18,1289.92,1291.87,1294.86,1297.71,1299.86,1301.71,1304.41,1307.19,1310.08,1312.97,1315.63,1317.50,1317.89,1317.37,1316.40,1316.04,1318.81,1322.75,1326.73,1330.12,1333.98,1337.82,1340.86,1342.77,1344.72,1346.56,1350.23,1356.06,1363.06,1369.03,1374.22,1378.59,1381.79,1384.23,1386.05,1387.63,1389.19,1391.13,1393.43,1395.98,1399.23,1404.09,1409.45,1413.23,1416.22,1419.35,1423.22,1426.85,1429.69,1431.71,1433.25,1434.70,1436.01,1437.15,1438.09,1438.80,1439.36,1439.69,1439.80,1439.93,1440.44,1441.28,1442.33,1443.51,1445.04,1446.60,1448.17,1449.88,1452.01,1453.98,1455.91,1457.89,1460.10,1462.62,1465.36,1468.14,1470.82,1473.32,1475.65,1477.81,1479.76,1481.54,1483.09,1484.46,1485.71,1486.95,1488.19,1489.33,1490.39,1491.55,1493.19,1493.81,1493.10,1491.34,1489.50,1487.18,1484.66,1482.11,1479.75,1478.09,1477.89,1478.66,1480.06,1481.69,1483.23,1484.83,1486.51,1488.13,1489.58,1490.41,1490.95,1491.44,1491.97,1492.41,1492.76,1492.95,1492.93,1493.32,1494.20,1495.45,1497.05,1499.24,1500.57,1501.53,1502.43,1503.16,1503.92,1504.58,1505.22,1506.04,1506.88,1507.47,1507.35,1506.14,1504.62,1502.85,1500.15,1496.22,1491.30,1486.85,1482.65,1478.28,1473.40,1468.69,1464.19,1459.45,1454.32,1449.41,1445.36,1441.43,1437.22,1432.55,1428.51,1424.64,1420.43,1415.76,1411.78,1406.44,1400.60,1394.76,1389.13,1383.19,1377.80,1373.40,1371.13,1373.58,1377.12,1380.32,1382.87,1385.46,1388.36,1391.18,1394.05,1397.59,1401.50,1404.99,1407.38,1407.77,1405.64,1401.44,1396.55,1391.42,1385.87,1379.47,1372.82,1366.48,1360.88,1355.28,1351.07,1350.96,1356.20,1362.32,1367.84,1372.53,1376.70,1381.08,1385.73,1389.42,1391.82,1392.67,1392.64,1391.89,1390.97,1390.00,1388.74,1386.86,1384.19,1380.94,1377.55,1374.91,1374.42,1374.91,1375.47,1375.92,1375.56,1376.70,1380.27,1386.36,1392.69,1398.52,1403.61,1408.00,1412.95,1418.10,1423.01,1427.51,1431.68,1435.38,1439.04,1442.88
1280.94,1278.76,1276.03,1273.46,1271.49,1271.00,1273.68,1276.80,1279.37,1281.25,1282.56,1283.16,1283.28,1283.21,1283.16,1283.05,1282.76,1282.75,1283.31,1284.47,1285.57,1286.65,1287.86,1289.34,1290.65,1292.37,1294.44,1296.78,1299.24,1301.64,1303.57,1305.37,1308.13,1311.10,1314.14,1317.09,1319.67,1321.46,1321.86,1321.32,1320.53,1321.09,1324.15,1328.09,1332.12,1335.84,1339.42,1342.86,1345.56,1347.36,1349.74,1352.24,1355.63,1360.21,1365.99,1371.30,1376.17,1380.44,1383.79,1386.47,1388.63,1390.43,1391.92,1393.26,1394.85,1396.93,1400.02,1404.99,1410.06,1413.70,1416.59,1419.64,1423.85,1427.87,1430.91,1432.96,1434.62,1436.22,1437.63,1438.82,1439.70,1440.35,1441.00,1441.59,1442.01,1442.13,1442.51,1443.09,1443.83,1444.88,1446.18,1447.66,1449.43,1451.61,1453.97,1455.95,1457.86,1459.87,1462.05,1464.37,1466.91,1469.53,1472.03,1474.46,1476.87,1479.11,1481.11,1482.89,1484.54,1486.08,1487.50,1488.76,1489.90,1491.02,1492.26,1493.57,1494.31,1493.30,1491.55,1489.66,1487.95,1485.81,1483.47,1481.17,1479.13,1477.56,1476.94,1477.36,1478.70,1480.16,1481.63,1483.18,1484.78,1486.31,1487.79,1488.93,1489.85,1490.64,1491.13,1491.42,1491.58,1491.59,1491.43,1491.56,1492.12,1493.18,1494.91,1497.25,1499.10,1500.48,1501.46,1502.18,1502.87,1503.53,1504.20,1505.05,1505.90,1506.49,1506.31,1504.97,1503.48,1501.94,1499.36,1495.38,1490.53,1486.16,1481.91,1477.24,1471.80,1467.59,1463.38,1458.66,1453.44,1448.73,1444.63,1440.50,1436.08,1431.36,1427.45,1423.78,1419.62,1414.53,1409.49,1403.64,1397.70,1391.90,1385.96,1380.08,1374.69,1370.03,1367.16,1369.40,1372.65,1375.64,1378.15,1380.68,1383.58,1386.62,1389.83,1393.58,1397.64,1401.23,1403.70,1404.24,1402.69,1398.89,1394.15,1388.97,1383.43,1377.07,1370.62,1364.41,1358.64,1352.98,1348.77,1348.45,1353.35,1359.79,1366.04,1371.34,1375.80,1380.01,1383.89,1386.73,1388.34,1388.55,1388.09,1387.17,1386.10,1384.92,1383.55,1381.86,1379.51,1376.65,1373.71,1371.43,1370.63,1370.66,1371.30,1372.99,1374.82,1377.84,1382.57,1389.13,1395.39,1400.91,1405.86,1410.61,1416.07,1421.22,1426.00,1430.39,1434.41,1438.18,1442.15,1446.53
1281.98,1279.72,1277.07,1274.77,1273.49,1274.05,1277.19,1280.18,1282.51,1284.19,1285.34,1285.90,1285.89,1285.66,1285.51,1285.27,1284.74,1284.62,1285.25,1286.45,1287.70,1289.03,1290.57,1292.50,1294.62,1296.50,1298.66,1301.20,1302.95,1304.83,1306.69,1308.75,1311.72,1315.10,1318.33,1321.26,1323.77,1325.48,1325.96,1325.59,1325.16,1326.65,1329.83,1333.84,1338.17,1342.33,1345.63,1348.64,1351.08,1352.99,1355.76,1358.77,1361.68,1364.82,1369.08,1373.47,1377.86,1381.97,1385.51,1388.55,1391.11,1393.20,1394.75,1395.72,1396.66,1398.26,1401.11,1405.96,1410.59,1414.01,1416.79,1419.73,1424.08,1428.44,1431.73,1433.94,1435.80,1437.60,1439.11,1440.29,1441.10,1441.61,1442.33,1443.14,1443.82,1444.00,1444.39,1444.85,1445.43,1446.34,1447.37,1448.84,1450.86,1453.43,1455.99,1457.97,1459.88,1461.94,1464.16,1466.34,1468.66,1471.01,1473.29,1475.66,1478.06,1480.33,1482.35,1484.16,1485.90,1487.60,1489.19,1490.47,1491.56,1492.67,1494.03,1495.37,1494.84,1492.36,1489.91,1488.14,1486.55,1484.66,1482.58,1480.52,1478.73,1477.22,1476.15,1476.09,1477.19,1478.45,1479.89,1481.40,1482.89,1484.28,1485.65,1486.99,1488.23,1489.22,1489.71,1489.88,1489.89,1489.78,1489.55,1489.51,1489.81,1490.69,1492.48,1494.77,1497.10,1498.99,1500.22,1501.07,1501.78,1502.47,1503.20,1504.05,1504.92,1505.53,1505.38,1504.04,1502.59,1501.18,1498.66,1494.65,1489.88,1485.59,1481.24,1476.21,1470.30,1466.60,1462.75,1458.09,1452.74,1448.08,1443.93,1439.68,1435.14,1430.44,1426.52,1422.90,1418.65,1413.03,1406.87,1400.80,1394.95,1389.16,1382.93,1377.18,1371.66,1366.52,1362.91,1364.62,1367.58,1370.52,1373.18,1375.86,1378.81,1382.08,1385.68,1389.64,1393.79,1397.41,1399.94,1400.66,1399.66,1396.25,1391.63,1386.43,1381.06,1374.82,1368.58,1362.49,1356.50,1350.76,1346.55,1346.08,1350.61,1357.04,1363.71,1369.61,1374.53,1378.64,1381.94,1383.91,1384.70,1384.37,1383.52,1382.49,1381.37,1380.09,1378.55,1376.93,1374.73,1372.09,1369.45,1367.68,1367.03,1367.21,1368.40,1371.46,1375.43,1380.06,1385.43,1391.88,1397.91,1403.22,1408.18,1413.34,1419.13,1424.26,1428.94,1433.25,1437.15,1441.07,1445.46,1450.36
1282.73,1280.71,1278.61,1276.63,1275.79,1276.94,1279.89,1282.59,1284.90,1286.80,1288.11,1288.66,1288.51,1288.06,1287.60,1287.00,1286.55,1286.57,1287.24,1288.42,1290.01,1291.90,1293.98,1296.13,1298.35,1300.21,1302.03,1303.93,1305.69,1307.59,1309.81,1312.48,1315.83,1319.82,1323.08,1325.74,1328.07,1329.72,1330.30,1330.46,1330.91,1332.85,1336.14,1340.61,1345.55,1349.99,1353.81,1356.94,1359.47,1361.55,1363.79,1366.09,1368.22,1370.31,1372.89,1375.89,1379.46,1383.23,1386.84,1390.35,1393.40,1395.93,1397.78,1398.74,1399.40,1400.62,1403.03,1407.24,1411.06,1414.04,1416.63,1419.46,1423.66,1428.19,1431.80,1434.35,1436.59,1438.76,1440.30,1441.38,1442.22,1442.73,1443.60,1444.60,1445.48,1445.88,1446.28,1446.71,1447.24,1447.96,1448.84,1450.61,1452.90,1455.40,1458.08,1460.16,1462.11,1464.17,1466.41,1468.58,1470.68,1472.72,1474.74,1477.03,1479.26,1481.37,1483.38,1485.33,1487.17,1488.89,1490.45,1491.75,1493.00,1494.11,1495.38,1496.40,1494.52,1491.77,1489.41,1487.67,1486.11,1484.42,1482.63,1480.84,1479.18,1477.64,1476.07,1475.16,1475.35,1476.34,1477.81,1479.31,1480.71,1482.04,1483.32,1484.48,1485.39,1485.99,1486.60,1486.85,1486.88,1486.75,1486.43,1486.31,1486.71,1487.72,1489.49,1491.65,1494.02,1496.28,1498.19,1499.60,1500.61,1501.43,1502.21,1503.06,1503.96,1504.69,1504.74,1503.69,1502.32,1500.92,1498.28,1494.10,1489.37,1485.13,1480.40,1474.94,1469.10,1465.42,1461.95,1457.53,1452.07,1447.45,1443.27,1439.04,1434.64,1430.14,1425.78,1421.78,1416.97,1410.37,1403.75,1398.07,1392.55,1386.68,1380.28,1374.53,1368.60,1362.78,1358.55,1358.87,1361.68,1365.07,1368.25,1371.38,1374.51,1378.06,1382.00,1385.99,1389.90,1393.61,1396.32,1397.09,1396.27,1393.30,1388.95,1383.79,1378.58,1372.74,1366.72,1360.67,1354.59,1348.60,1344.31,1344.05,1348.84,1354.52,1360.51,1366.60,1372.19,1376.11,1379.43,1380.94,1381.08,1380.37,1379.18,1377.89,1376.68,1375.47,1373.93,1372.23,1369.89,1367.05,1364.30,1363.12,1363.86,1365.94,1369.12,1372.97,1377.18,1382.25,1388.10,1394.09,1400.00,1405.43,1410.69,1416.18,1421.82,1426.89,1431.63,1436.05,1439.97,1444.16,1449.12,1454.46
1284.22,1282.29,1280.38,1278.63,1278.00,1279.24,1282.02,1284.70,1287.08,1289.05,1290.32,1290.87,1290.71,1290.15,1289.47,1288.82,1288.44,1288.62,1289.45,1290.85,1292.74,1294.89,1297.14,1299.38,1301.63,1303.42,1305.03,1306.70,1308.69,1310.91,1313.46,1316.56,1320.63,1325.34,1328.46,1330.65,1332.78,1334.26,1335.01,1335.63,1336.74,1339.46,1343.27,1348.10,1353.16,1357.35,1360.91,1363.85,1366.33,1368.43,1370.36,1372.19,1373.87,1375.45,1377.11,1379.05,1381.60,1384.65,1388.08,1391.86,1395.37,1398.34,1400.54,1401.81,1402.61,1403.74,1405.69,1408.87,1411.64,1414.18,1416.61,1419.29,1423.25,1427.62,1431.31,1434.19,1436.84,1439.36,1441.05,1442.24,1443.28,1443.99,1444.96,1446.05,1447.03,1447.66,1448.25,1448.98,1449.84,1450.83,1452.38,1454.39,1456.41,1458.23,1460.22,1462.23,1464.28,1466.41,1468.61,1470.70,1472.71,1474.63,1476.51,1478.52,1480.45,1482.35,1484.31,1486.28,1488.16,1489.94,1491.54,1492.86,1494.17,1495.37,1496.49,1496.95,1494.68,1492.04,1489.83,1488.14,1486.61,1485.00,1483.34,1481.63,1479.93,1478.26,1476.48,1475.02,1474.24,1474.30,1475.40,1476.75,1478.05,1479.26,1480.53,1481.58,1482.31,1482.74,1483.22,1483.38,1483.38,1483.27,1483.05,1483.07,1483.54,1484.59,1486.40,1488.66,1491.12,1493.51,1495.65,1497.45,1498.87,1500.13,1501.25,1502.11,1503.02,1503.86,1504.05,1503.17,1501.98,1500.48,1497.67,1493.44,1488.88,1484.66,1479.55,1473.74,1468.19,1464.46,1460.88,1456.41,1451.05,1446.81,1442.80,1438.64,1434.30,1429.90,1425.29,1420.56,1414.93,1407.85,1401.21,1395.82,1390.35,1384.29,1377.95,1372.12,1366.02,1359.91,1354.99,1353.58,1355.89,1359.63,1363.48,1367.00,1370.39,1374.13,1378.21,1382.31,1386.20,1389.92,1392.69,1393.52,1392.81,1390.00,1385.88,1380.99,1376.15,1370.71,1364.88,1358.92,1352.94,1346.51,1342.15,1341.98,1346.78,1352.18,1357.49,1363.03,1368.42,1372.37,1375.21,1376.16,1375.92,1375.18,1374.12,1372.91,1371.68,1370.39,1368.72,1366.74,1364.50,1362.11,1360.02,1360.24,1362.59,1366.14,1370.37,1374.61,1379.19,1384.58,1390.59,1396.42,1402.23,1407.82,1413.34,1418.95,1424.44,1429.44,1434.22,1438.76,1442.80,1447.07,1452.15,1457.38
1286.21,1284.27,1282.32,1280.75,1280.19,1281.21,1283.86,1286.63,1289.08,1291.00,1292.12,1292.71,1292.62,1292.06,1291.27,1290.78,1290.51,1290.82,1291.89,1293.64,1295.76,1297.94,1300.14,1302.38,1304.60,1306.34,1307.90,1309.64,1311.97,1314.71,1317.64,1321.09,1325.99,1331.22,1334.11,1335.80,1337.70,1339.01,1340.02,1341.04,1342.72,1346.39,1350.86,1355.84,1360.62,1364.20,1367.03,1369.58,1371.93,1373.98,1375.80,1377.38,1378.87,1380.28,1381.50,1382.66,1384.16,1386.26,1389.26,1393.10,1396.97,1400.35,1402.95,1404.77,1406.00,1407.22,1408.73,1410.75,1412.47,1414.54,1416.75,1419.20,1422.82,1426.80,1430.43,1433.63,1436.68,1439.50,1441.44,1442.85,1444.16,1445.24,1446.33,1447.43,1448.50,1449.42,1450.35,1451.58,1453.01,1454.51,1457.02,1459.09,1460.54,1461.44,1462.34,1464.15,1466.33,1468.55,1470.72,1472.72,1474.72,1476.67,1478.45,1480.06,1481.62,1483.30,1485.15,1487.07,1488.93,1490.78,1492.50,1493.85,1495.17,1496.51,1497.45,1497.27,1495.20,1492.89,1490.88,1489.22,1487.72,1486.12,1484.42,1482.65,1480.79,1478.95,1477.14,1475.38,1473.74,1472.57,1472.97,1473.93,1475.01,1476.03,1477.33,1478.32,1479.00,1479.42,1479.65,1479.66,1479.59,1479.54,1479.54,1479.77,1480.34,1481.39,1483.30,1485.78,1488.34,1490.71,1492.85,1494.90,1496.76,1498.59,1500.21,1501.16,1502.09,1503.01,1503.30,1502.52,1501.57,1499.88,1496.86,1492.63,1488.31,1484.12,1478.64,1472.59,1467.44,1463.59,1459.57,1454.88,1449.79,1446.13,1442.40,1438.32,1433.95,1429.51,1424.71,1419.11,1412.62,1405.44,1399.12,1393.88,1388.26,1381.95,1375.85,1369.90,1363.84,1357.74,1352.17,1348.86,1350.36,1354.24,1358.73,1362.60,1366.35,1370.25,1374.35,1378.63,1382.63,1386.30,1389.01,1389.87,1389.14,1386.34,1382.45,1378.07,1373.72,1368.57,1362.93,1357.15,1351.40,1344.49,1340.08,1339.90,1344.47,1349.90,1354.64,1359.24,1363.79,1367.73,1369.72,1370.07,1369.65,1369.08,1368.45,1367.55,1366.41,1365.00,1363.18,1360.86,1358.94,1357.51,1356.80,1358.83,1362.82,1367.44,1371.97,1376.31,1381.39,1387.06,1393.03,1398.87,1404.60,1410.35,1416.06,1421.63,1427.01,1431.97,1436.77,1441.39,1445.56,1449.71,1454.54,1459.23
1288.15,1286.25,1284.54,1283.17,1282.64,1283.51,1286.00,1288.51,1290.77,1292.61,1293.68,1294.45,1294.42,1293.94,1293.45,1293.19,1293.14,1293.58,1294.72,1296.62,1298.76,1300.97,1303.19,1305.40,1307.48,1309.42,1311.33,1313.37,1315.89,1319.13,1322.84,1327.05,1331.98,1336.25,1338.81,1340.53,1342.31,1343.88,1345.24,1346.87,1349.36,1353.62,1357.97,1362.34,1366.32,1369.24,1371.71,1374.09,1376.42,1378.62,1380.47,1382.05,1383.49,1384.72,1385.47,1386.14,1387.05,1388.33,1390.35,1393.78,1397.54,1401.11,1404.29,1406.94,1408.72,1410.00,1411.23,1412.85,1414.28,1415.75,1417.32,1419.22,1422.16,1425.81,1429.44,1432.87,1436.25,1439.30,1441.33,1442.79,1444.26,1445.91,1447.29,1448.56,1449.89,1451.43,1452.83,1454.58,1456.50,1458.10,1459.84,1461.39,1462.61,1463.45,1464.23,1465.74,1467.82,1470.21,1472.46,1474.57,1476.66,1478.59,1480.12,1481.45,1482.76,1484.16,1485.75,1487.61,1489.47,1491.36,1493.19,1494.81,1496.21,1497.56,1498.38,1497.97,1495.92,1493.92,1492.09,1490.43,1488.85,1487.20,1485.34,1483.32,1481.24,1479.28,1477.45,1475.64,1473.84,1472.30,1471.57,1471.37,1471.56,1472.29,1473.41,1474.39,1475.14,1475.65,1475.92,1475.93,1475.89,1475.92,1475.99,1476.38,1477.12,1478.37,1480.42,1482.88,1485.46,1488.00,1490.42,1492.61,1494.64,1496.66,1498.58,1500.13,1501.20,1502.08,1502.41,1501.84,1501.01,1499.09,1495.79,1491.44,1487.30,1483.17,1477.54,1471.38,1466.47,1462.37,1457.92,1453.14,1448.50,1445.09,1441.61,1437.57,1432.98,1427.97,1422.51,1416.55,1410.01,1403.07,1397.25,1391.94,1386.09,1379.71,1373.90,1367.98,1362.10,1356.24,1350.50,1345.62,1345.88,1349.08,1353.53,1357.93,1362.20,1366.39,1370.63,1375.05,1379.12,1382.64,1385.06,1385.58,1384.45,1381.83,1378.58,1375.00,1370.95,1365.63,1360.23,1355.02,1349.58,1342.57,1338.21,1337.87,1341.94,1347.33,1351.99,1356.07,1359.61,1362.26,1363.32,1363.28,1362.78,1362.28,1362.02,1361.49,1360.69,1359.56,1357.94,1355.88,1354.59,1354.60,1356.47,1359.57,1364.62,1369.79,1373.97,1378.16,1383.95,1389.99,1395.80,1401.52,1407.16,1412.95,1418.69,1424.12,1429.41,1434.61,1439.48,1443.91,1448.01,1451.50,1455.58,1459.49
1290.19,1288.48,1286.92,1285.67,1285.11,1285.72,1287.96,1290.18,1292.30,1294.15,1295.35,1296.17,1296.21,1295.92,1295.71,1295.65,1295.81,1296.40,1297.68,1299.81,1302.11,1304.37,1306.57,1308.74,1310.76,1312.86,1315.07,1317.43,1320.28,1323.98,1328.28,1332.89,1337.31,1340.61,1342.94,1344.96,1347.17,1349.53,1351.36,1353.34,1356.11,1360.40,1364.36,1367.98,1371.13,1373.51,1375.77,1378.12,1380.53,1382.89,1384.84,1386.43,1387.77,1388.83,1389.35,1389.73,1390.27,1390.89,1391.71,1394.07,1397.44,1401.16,1404.92,1408.44,1410.77,1412.29,1413.53,1415.00,1416.34,1417.47,1418.59,1420.00,1422.13,1425.36,1428.81,1432.23,1435.79,1438.92,1441.00,1442.53,1444.18,1446.21,1447.91,1449.47,1451.15,1453.19,1455.05,1457.11,1459.17,1460.64,1461.72,1462.82,1463.92,1464.94,1465.90,1467.19,1469.15,1471.64,1473.99,1476.25,1478.37,1480.21,1481.57,1482.77,1483.93,1485.15,1486.53,1488.22,1490.03,1491.89,1493.78,1495.60,1497.15,1498.47,1499.20,1498.76,1496.87,1495.08,1493.35,1491.62,1489.94,1488.16,1486.09,1483.81,1481.51,1479.39,1477.55,1475.77,1474.04,1472.53,1471.16,1470.08,1469.39,1469.32,1469.74,1470.55,1471.37,1471.92,1472.27,1472.31,1472.33,1472.41,1472.52,1472.99,1473.97,1475.51,1477.70,1480.14,1482.71,1485.37,1488.01,1490.34,1492.47,1494.57,1496.67,1498.67,1500.06,1501.05,1501.49,1501.13,1500.22,1497.73,1494.06,1489.74,1485.78,1481.56,1475.85,1469.71,1464.90,1460.43,1455.68,1451.05,1446.97,1443.72,1440.14,1436.02,1431.25,1425.69,1419.74,1413.64,1407.30,1400.84,1395.52,1390.05,1384.07,1377.80,1372.14,1366.27,1360.54,1354.88,1349.05,1343.03,1341.96,1344.28,1348.56,1353.23,1357.87,1362.46,1366.99,1371.44,1375.49,1378.82,1380.93,1381.11,1379.67,1377.28,1374.55,1371.48,1367.59,1362.32,1357.31,1352.51,1347.03,1340.44,1336.35,1335.91,1339.44,1344.27,1348.93,1352.82,1355.69,1357.16,1357.35,1356.83,1356.17,1355.80,1355.81,1355.64,1355.20,1354.39,1353.11,1351.84,1351.74,1353.30,1356.96,1361.04,1366.64,1371.95,1375.93,1380.42,1386.71,1392.91,1398.54,1404.12,1409.68,1415.45,1421.17,1426.51,1431.84,1437.12,1441.95,1446.16,1449.99,1452.98,1455.93,1458.44
1292.41,1291.15,1289.48,1288.25,1287.55,1287.74,1289.55,1291.57,1293.66,1295.69,1297.25,1297.90,1298.06,1298.05,1298.01,1298.07,1298.36,1299.17,1300.75,1303.26,1305.97,1308.36,1310.46,1312.57,1314.70,1316.86,1319.16,1321.83,1325.21,1329.32,1333.79,1338.11,1341.43,1344.13,1346.44,1349.02,1352.51,1356.32,1358.74,1360.63,1362.85,1366.39,1369.70,1372.57,1375.01,1377.05,1379.26,1381.73,1384.32,1386.82,1388.94,1390.46,1391.63,1392.54,1393.17,1393.49,1393.94,1394.09,1393.60,1393.90,1396.61,1400.42,1404.70,1409.09,1411.93,1413.97,1415.65,1417.17,1418.52,1419.72,1420.85,1421.97,1423.17,1425.83,1428.82,1431.86,1435.34,1438.34,1440.44,1442.13,1444.03,1446.09,1448.11,1450.13,1452.22,1454.49,1456.71,1458.77,1460.48,1461.57,1462.59,1463.53,1464.60,1465.92,1467.28,1468.52,1470.37,1472.85,1475.30,1477.72,1479.74,1481.39,1482.76,1484.00,1485.18,1486.38,1487.64,1488.99,1490.68,1492.47,1494.29,1496.13,1497.93,1499.22,1499.85,1499.57,1498.12,1496.39,1494.59,1492.76,1490.93,1488.93,1486.62,1484.10,1481.56,1479.26,1477.41,1475.74,1474.23,1473.21,1472.06,1470.78,1469.35,1467.77,1466.76,1467.09,1467.88,1468.39,1468.78,1468.90,1468.97,1469.05,1469.17,1469.68,1470.94,1472.83,1475.20,1477.65,1480.19,1482.84,1485.56,1488.06,1490.23,1492.35,1494.49,1496.56,1498.50,1499.84,1500.53,1500.37,1499.08,1495.52,1491.35,1487.35,1483.57,1479.00,1473.26,1467.33,1462.43,1457.42,1452.60,1448.44,1445.10,1441.86,1437.72,1433.31,1428.50,1422.52,1416.51,1410.47,1404.50,1398.83,1393.93,1388.27,1382.32,1376.39,1370.67,1364.83,1359.17,1353.58,1347.67,1341.07,1338.67,1339.99,1344.12,1348.56,1353.30,1358.38,1363.45,1367.78,1371.68,1374.77,1376.59,1376.52,1375.01,1372.89,1370.36,1367.28,1363.34,1358.65,1354.20,1349.47,1343.40,1337.94,1334.42,1333.99,1337.06,1340.52,1345.17,1349.27,1352.01,1352.87,1352.28,1351.12,1350.17,1350.02,1350.17,1350.33,1350.21,1349.69,1348.89,1349.10,1350.97,1354.08,1357.96,1363.05,1368.57,1373.52,1377.75,1383.26,1389.65,1395.66,1401.12,1406.57,1412.11,1417.80,1423.43,1428.84,1434.34,1439.38,1443.97,1448.03,1451.33,1454.18,1455.52,1455.75
1295.39,1294.46,1292.84,1291.45,1290.52,1290.36,1291.76,1293.63,1295.64,1297.62,1299.24,1299.89,1300.25,1300.46,1300.51,1300.59,1301.38,1302.67,1304.48,1307.11,1309.84,1312.35,1314.56,1316.48,1318.80,1321.19,1323.72,1326.56,1329.84,1333.76,1337.83,1341.60,1344.52,1347.19,1350.44,1354.06,1357.67,1360.98,1363.44,1365.58,1367.87,1370.91,1373.88,1376.62,1378.99,1380.82,1382.81,1385.20,1387.68,1389.96,1391.88,1393.41,1394.71,1395.84,1396.72,1397.29,1397.60,1397.33,1396.19,1395.33,1396.68,1399.73,1404.14,1409.16,1412.40,1414.97,1417.29,1419.28,1421.06,1422.57,1423.78,1424.61,1425.15,1426.72,1428.89,1431.49,1434.59,1437.47,1439.84,1441.94,1444.04,1446.19,1448.38,1450.68,1453.11,1455.57,1457.91,1459.91,1461.45,1462.45,1463.39,1464.32,1465.35,1466.58,1467.92,1469.32,1471.31,1473.85,1476.31,1478.72,1480.68,1482.32,1483.81,1485.17,1486.38,1487.57,1488.81,1490.11,1491.69,1493.48,1495.37,1497.23,1498.90,1499.90,1500.29,1499.93,1498.63,1496.88,1495.03,1493.18,1491.30,1489.15,1486.65,1483.94,1481.30,1479.20,1477.99,1477.03,1476.08,1475.34,1474.37,1473.09,1471.42,1469.19,1467.29,1465.94,1465.20,1465.18,1465.53,1465.68,1465.77,1465.89,1466.09,1466.72,1468.21,1470.37,1472.88,1475.39,1477.90,1480.54,1483.30,1485.78,1487.94,1490.07,1492.19,1494.19,1496.14,1497.47,1498.08,1497.70,1495.82,1492.20,1488.34,1484.67,1480.68,1475.59,1469.85,1464.13,1459.01,1453.78,1449.42,1445.79,1442.55,1438.83,1434.47,1429.81,1424.79,1419.03,1413.27,1407.41,1401.80,1396.84,1392.42,1386.89,1381.03,1375.24,1369.47,1363.50,1357.90,1352.42,1346.38,1339.79,1335.94,1336.05,1340.18,1344.63,1349.09,1354.06,1359.33,1363.94,1367.81,1370.58,1372.04,1371.80,1370.37,1368.20,1365.67,1362.68,1358.80,1354.64,1349.98,1344.90,1339.63,1335.13,1332.02,1331.60,1334.37,1337.42,1341.13,1344.34,1346.52,1347.35,1346.88,1345.89,1345.02,1344.71,1344.78,1345.15,1345.69,1346.38,1347.35,1349.06,1351.85,1355.35,1359.29,1364.97,1370.27,1374.90,1379.39,1385.62,1391.98,1397.86,1403.30,1408.77,1414.40,1420.13,1425.81,1431.33,1436.89,1441.54,1445.68,1449.32,1451.90,1453.35,1453.39,1452.61
1298.38,1297.73,1296.32,1294.90,1293.76,1293.28,1294.26,1295.98,1297.88,1299.73,1301.30,1302.01,1302.55,1302.94,1303.07,1303.20,1304.53,1306.33,1308.41,1311.08,1313.73,1316.38,1318.79,1320.68,1323.14,1325.66,1328.28,1331.13,1334.16,1337.70,1341.22,1344.50,1347.49,1350.58,1354.72,1359.02,1362.35,1364.80,1367.20,1369.64,1372.17,1374.90,1377.71,1380.50,1382.97,1384.70,1386.39,1388.53,1390.76,1392.75,1394.41,1395.97,1397.53,1399.04,1400.25,1401.11,1401.32,1400.72,1399.14,1397.33,1397.18,1399.21,1403.49,1408.94,1412.51,1415.60,1418.63,1421.42,1423.81,1425.65,1426.89,1427.44,1427.53,1428.04,1429.34,1431.39,1433.88,1436.54,1439.15,1441.60,1443.88,1446.19,1448.58,1451.12,1453.81,1456.43,1458.86,1460.82,1462.31,1463.35,1464.24,1465.18,1466.17,1467.19,1468.38,1469.96,1472.12,1474.71,1477.20,1479.54,1481.48,1483.14,1484.74,1486.23,1487.53,1488.77,1490.03,1491.36,1492.85,1494.62,1496.56,1498.42,1499.81,1500.51,1500.63,1500.12,1498.87,1496.99,1495.01,1493.11,1491.24,1489.00,1486.39,1483.68,1481.25,1479.59,1479.09,1478.86,1478.44,1477.87,1477.05,1475.86,1474.13,1471.60,1469.09,1466.13,1463.66,1462.65,1462.61,1462.60,1462.67,1462.85,1463.12,1463.87,1465.58,1467.98,1470.63,1473.22,1475.73,1478.37,1481.10,1483.52,1485.67,1487.78,1489.85,1491.72,1493.45,1494.63,1495.06,1494.31,1491.94,1488.64,1485.24,1481.72,1477.30,1471.81,1466.11,1460.54,1455.21,1450.09,1446.29,1443.00,1439.49,1435.20,1430.79,1425.99,1420.82,1415.49,1410.01,1404.42,1399.25,1394.95,1390.92,1385.55,1379.78,1374.01,1368.15,1362.09,1356.56,1351.17,1345.03,1338.40,1333.27,1332.25,1336.30,1340.83,1345.05,1349.81,1355.08,1360.03,1363.89,1366.40,1367.56,1367.17,1365.68,1363.32,1360.71,1357.82,1354.01,1350.15,1345.28,1340.07,1335.86,1332.15,1329.39,1328.98,1331.57,1334.46,1337.07,1339.15,1340.68,1341.59,1341.50,1340.97,1340.45,1340.24,1340.46,1341.22,1342.54,1344.50,1347.11,1350.06,1353.33,1356.84,1360.81,1366.76,1371.79,1376.22,1381.05,1387.77,1394.05,1399.79,1405.25,1410.77,1416.55,1422.38,1428.13,1433.74,1439.15,1443.34,1446.92,1449.97,1451.77,1451.65,1450.60,1449.17
1300.58,1300.16,1299.42,1298.51,1297.46,1296.62,1297.14,1298.65,1300.38,1302.06,1303.55,1304.24,1304.83,1305.34,1305.69,1306.01,1307.54,1309.77,1312.37,1315.07,1317.75,1320.53,1323.29,1325.80,1328.16,1330.23,1332.33,1334.76,1337.73,1340.82,1343.93,1347.21,1351.08,1355.60,1359.44,1362.67,1365.51,1368.07,1370.63,1373.20,1375.82,1378.59,1381.55,1384.40,1386.88,1388.66,1389.96,1391.50,1393.30,1395.19,1396.79,1398.38,1400.27,1402.32,1403.97,1404.99,1405.26,1404.56,1402.53,1399.61,1398.25,1399.26,1402.95,1408.32,1412.14,1415.68,1419.52,1423.73,1426.97,1428.86,1429.88,1430.26,1430.30,1430.45,1431.08,1432.23,1433.70,1435.83,1438.14,1440.50,1442.96,1445.62,1448.45,1451.28,1454.03,1456.71,1459.42,1461.52,1463.09,1464.42,1465.35,1466.23,1467.12,1468.02,1468.98,1470.56,1472.75,1475.37,1477.93,1480.30,1482.19,1483.83,1485.45,1487.04,1488.56,1489.99,1491.34,1492.71,1494.13,1495.73,1497.51,1499.32,1500.30,1500.87,1500.91,1500.20,1498.92,1496.66,1494.25,1492.13,1490.38,1488.12,1485.66,1483.54,1482.34,1481.54,1481.24,1481.10,1480.84,1480.21,1479.57,1478.53,1476.88,1474.30,1471.52,1468.45,1465.18,1462.13,1460.60,1459.90,1459.76,1459.97,1460.26,1461.04,1462.92,1465.55,1468.38,1471.12,1473.74,1476.35,1478.93,1481.33,1483.52,1485.56,1487.44,1489.10,1490.48,1491.47,1491.65,1490.49,1488.26,1485.46,1482.16,1478.14,1472.94,1467.65,1462.11,1456.45,1451.10,1446.88,1443.42,1439.71,1435.34,1430.81,1426.49,1421.87,1416.96,1412.10,1406.67,1401.56,1397.12,1393.41,1389.34,1383.94,1378.13,1372.24,1366.14,1360.25,1354.84,1349.50,1343.35,1335.88,1330.18,1328.63,1332.10,1336.71,1341.24,1345.99,1351.02,1355.99,1359.90,1362.40,1363.51,1362.93,1360.81,1358.11,1355.37,1352.49,1348.70,1344.37,1340.07,1335.97,1332.20,1329.01,1326.45,1326.13,1328.75,1331.29,1333.19,1334.59,1335.61,1336.35,1336.58,1336.64,1337.02,1338.17,1339.66,1341.54,1343.74,1346.15,1348.55,1351.75,1355.10,1358.55,1362.60,1368.22,1372.98,1377.53,1382.87,1389.70,1395.87,1401.45,1406.78,1412.36,1418.35,1424.32,1430.16,1435.69,1440.41,1444.03,1446.88,1448.94,1449.97,1449.20,1447.36,1445.14
1302.38,1302.01,1301.58,1300.98,1300.16,1299.39,1299.90,1301.28,1302.84,1304.37,1305.78,1306.53,1307.12,1307.70,1308.31,1309.03,1310.93,1313.49,1316.34,1319.17,1321.99,1324.83,1327.65,1330.33,1332.56,1334.38,1336.16,1338.26,1341.00,1343.73,1346.89,1350.71,1355.32,1359.81,1363.20,1366.01,1368.81,1371.68,1374.32,1376.87,1379.48,1382.45,1385.68,1388.47,1390.65,1392.15,1393.16,1394.36,1395.87,1397.65,1399.50,1401.38,1403.52,1405.79,1407.67,1408.79,1409.09,1408.41,1406.34,1403.05,1400.32,1400.07,1403.06,1407.99,1412.00,1415.95,1420.38,1425.42,1429.21,1431.42,1432.67,1433.28,1433.43,1433.48,1433.65,1434.02,1434.68,1436.17,1437.94,1439.97,1442.48,1445.32,1448.35,1451.38,1454.35,1457.38,1460.06,1462.11,1463.76,1465.32,1466.41,1467.32,1468.17,1469.05,1470.06,1471.58,1473.66,1476.15,1478.65,1480.90,1482.84,1484.59,1486.31,1487.94,1489.54,1491.07,1492.51,1493.96,1495.38,1496.88,1498.46,1499.96,1500.77,1501.18,1501.10,1500.27,1498.95,1496.57,1493.93,1491.55,1489.84,1488.04,1486.31,1484.97,1484.41,1483.98,1483.71,1483.43,1483.00,1482.37,1481.70,1480.69,1479.16,1476.83,1473.90,1470.70,1467.10,1463.21,1460.64,1459.17,1458.38,1458.05,1458.00,1458.59,1460.37,1462.97,1465.88,1468.77,1471.53,1474.14,1476.62,1479.01,1481.20,1483.18,1484.96,1486.45,1487.65,1488.40,1488.35,1487.05,1484.86,1482.06,1478.53,1474.12,1468.85,1463.65,1458.08,1452.41,1447.31,1443.39,1439.49,1435.23,1430.68,1426.41,1422.22,1417.74,1412.94,1408.04,1402.95,1398.41,1394.51,1391.05,1386.95,1381.67,1375.93,1369.93,1363.56,1357.77,1352.51,1347.30,1341.36,1333.70,1327.38,1325.15,1328.17,1332.64,1337.31,1342.06,1346.94,1351.89,1355.87,1358.42,1359.47,1358.70,1356.36,1353.35,1350.19,1346.94,1343.44,1339.47,1335.74,1332.25,1328.79,1325.85,1323.54,1323.14,1325.22,1327.32,1328.82,1330.25,1331.74,1333.19,1334.79,1335.93,1337.23,1339.44,1341.86,1344.16,1346.62,1349.30,1351.96,1355.20,1358.34,1361.42,1364.97,1369.66,1374.10,1378.85,1384.62,1391.25,1397.32,1402.88,1408.19,1413.75,1420.04,1426.14,1431.84,1436.93,1440.92,1443.46,1445.17,1446.21,1446.36,1445.09,1442.93,1440.41
1303.92,1303.47,1303.07,1302.60,1302.05,1301.69,1302.53,1303.84,1305.27,1306.69,1308.03,1308.87,1309.47,1310.11,1311.03,1312.24,1314.60,1317.39,1320.29,1323.32,1326.32,1329.16,1331.85,1334.36,1336.46,1338.21,1339.89,1341.76,1344.14,1346.72,1350.28,1354.87,1359.85,1363.26,1366.24,1369.22,1372.33,1375.55,1378.22,1380.63,1383.18,1386.46,1389.96,1392.60,1394.31,1395.29,1396.12,1397.23,1398.60,1400.27,1402.51,1404.82,1407.14,1409.39,1411.31,1412.49,1412.80,1412.19,1410.35,1407.29,1403.30,1401.66,1403.72,1407.88,1411.99,1416.32,1421.16,1426.57,1430.64,1433.37,1435.22,1436.34,1436.76,1436.87,1436.73,1436.49,1436.55,1437.39,1438.50,1440.07,1442.52,1445.37,1448.37,1451.50,1454.81,1458.34,1460.77,1462.66,1464.36,1466.07,1467.42,1468.44,1469.34,1470.28,1471.52,1472.96,1474.82,1477.08,1479.37,1481.44,1483.43,1485.38,1487.25,1488.92,1490.49,1492.04,1493.58,1495.11,1496.59,1498.05,1499.41,1500.44,1501.25,1501.49,1501.19,1500.31,1498.94,1496.66,1493.97,1491.38,1489.74,1488.71,1488.02,1487.51,1487.11,1486.67,1486.32,1485.77,1484.97,1484.36,1483.51,1482.40,1481.00,1479.07,1476.08,1472.73,1469.12,1465.36,1462.15,1459.97,1458.32,1457.06,1456.38,1456.47,1457.89,1460.27,1463.11,1466.15,1469.06,1471.73,1474.17,1476.54,1478.68,1480.65,1482.40,1483.77,1484.91,1485.39,1485.13,1483.90,1481.58,1478.46,1474.54,1469.91,1465.04,1459.80,1454.06,1448.40,1443.66,1439.43,1434.60,1429.83,1425.65,1421.99,1417.92,1413.51,1408.73,1403.53,1399.01,1395.08,1391.51,1388.05,1383.94,1378.87,1373.25,1367.15,1360.51,1354.79,1349.70,1344.73,1339.13,1331.73,1324.74,1321.77,1324.48,1328.65,1333.32,1338.05,1342.81,1347.69,1351.78,1354.39,1355.36,1354.36,1352.05,1348.82,1345.14,1341.42,1338.40,1335.33,1332.10,1328.79,1325.58,1322.76,1320.80,1320.28,1321.54,1323.30,1324.88,1326.96,1329.59,1332.34,1335.83,1338.28,1340.45,1343.37,1346.31,1348.51,1350.81,1353.63,1356.84,1359.95,1362.72,1365.28,1367.97,1371.35,1375.34,1380.25,1386.28,1392.54,1398.51,1404.13,1409.52,1415.01,1421.65,1427.83,1433.16,1437.43,1440.60,1441.75,1442.15,1442.22,1441.51,1439.94,1437.78,1435.29
1305.51,1305.01,1304.57,1304.11,1303.72,1303.71,1304.88,1306.27,1307.78,1309.30,1310.58,1311.32,1312.14,1313.18,1314.42,1315.77,1318.28,1321.17,1324.10,1327.09,1330.10,1332.98,1335.71,1338.20,1340.36,1342.10,1343.78,1345.66,1347.81,1351.08,1355.08,1359.32,1363.05,1366.10,1369.39,1372.85,1376.19,1379.39,1382.00,1384.38,1386.97,1390.54,1393.87,1396.25,1397.76,1398.63,1399.46,1400.57,1402.01,1403.83,1405.96,1408.24,1410.52,1412.75,1414.77,1416.07,1416.32,1415.58,1413.72,1410.97,1407.47,1404.89,1404.58,1407.64,1411.60,1416.22,1421.45,1427.15,1431.37,1434.59,1437.04,1438.69,1439.72,1439.75,1439.36,1438.87,1438.60,1439.12,1440.03,1441.42,1443.63,1446.26,1448.91,1451.96,1455.56,1459.21,1461.55,1463.35,1465.02,1466.73,1468.26,1469.60,1470.82,1471.97,1473.23,1474.58,1476.22,1478.18,1480.25,1482.19,1484.11,1486.04,1487.99,1489.77,1491.41,1492.98,1494.54,1496.12,1497.65,1499.04,1500.21,1501.06,1501.85,1501.79,1501.17,1500.20,1498.71,1496.61,1494.14,1491.88,1490.92,1490.27,1489.84,1489.53,1489.27,1488.95,1488.47,1487.76,1486.86,1486.07,1485.03,1483.72,1482.17,1480.24,1477.41,1474.15,1470.66,1467.01,1463.54,1461.23,1459.40,1457.69,1455.93,1454.67,1455.41,1457.52,1460.01,1463.06,1466.03,1468.85,1471.49,1473.80,1475.86,1477.83,1479.63,1480.95,1482.11,1482.32,1481.84,1480.65,1477.92,1474.67,1470.98,1466.67,1461.51,1456.05,1450.15,1444.33,1439.23,1433.74,1428.61,1424.11,1420.40,1417.26,1413.18,1408.59,1403.87,1399.43,1395.55,1391.93,1388.45,1384.96,1380.85,1375.88,1370.12,1363.68,1357.00,1351.39,1346.68,1342.12,1336.56,1329.18,1321.79,1318.41,1320.96,1325.04,1329.60,1334.16,1338.67,1343.21,1347.34,1350.09,1350.96,1349.41,1346.66,1343.41,1340.16,1337.15,1334.46,1331.58,1328.50,1325.33,1322.33,1320.28,1318.94,1318.84,1320.48,1323.19,1326.59,1330.03,1333.40,1336.80,1340.37,1343.21,1345.87,1348.94,1351.63,1353.95,1356.44,1359.26,1362.17,1364.90,1367.48,1369.96,1372.34,1374.71,1377.83,1382.12,1387.80,1393.83,1399.71,1405.37,1410.84,1416.36,1423.09,1429.10,1433.69,1436.41,1438.07,1438.40,1438.27,1437.96,1437.23,1435.89,1433.76,1431.03
1307.13,1306.61,1306.12,1305.64,1305.35,1305.60,1306.95,1308.47,1310.12,1311.79,1313.12,1313.85,1314.90,1316.27,1317.79,1319.35,1321.90,1324.81,1327.74,1330.66,1333.68,1336.59,1339.34,1341.84,1344.07,1345.94,1347.75,1349.73,1351.87,1355.54,1359.55,1363.15,1365.91,1369.01,1372.72,1376.54,1379.93,1383.04,1385.66,1388.13,1390.88,1394.62,1397.58,1399.66,1401.08,1402.06,1403.00,1404.16,1405.65,1407.53,1409.43,1411.56,1413.78,1416.01,1418.15,1419.63,1419.90,1419.02,1416.99,1414.36,1411.31,1408.17,1406.09,1407.90,1411.54,1416.26,1421.72,1427.60,1431.92,1435.51,1438.41,1440.47,1442.02,1442.15,1441.76,1441.28,1441.02,1441.39,1442.13,1443.22,1444.85,1447.11,1449.47,1452.50,1456.33,1459.94,1462.28,1464.14,1465.89,1467.62,1469.33,1471.02,1472.55,1473.86,1475.09,1476.34,1477.75,1479.36,1481.12,1482.95,1484.80,1486.71,1488.68,1490.54,1492.22,1493.82,1495.41,1497.02,1498.57,1499.87,1500.89,1501.68,1502.34,1501.98,1501.09,1500.02,1498.46,1496.49,1494.43,1492.80,1492.44,1491.99,1491.55,1491.21,1491.02,1490.79,1490.24,1489.49,1488.60,1487.63,1486.35,1484.80,1483.02,1480.95,1478.24,1475.14,1471.83,1468.34,1464.95,1462.66,1460.75,1458.71,1456.05,1453.42,1453.03,1454.40,1456.58,1459.69,1462.83,1465.85,1468.65,1470.89,1472.90,1474.89,1476.73,1478.02,1479.17,1479.24,1478.62,1477.42,1474.53,1471.25,1467.79,1463.76,1458.23,1452.39,1446.13,1439.88,1434.11,1427.73,1422.78,1418.83,1415.50,1412.56,1408.38,1403.78,1399.34,1395.61,1392.22,1388.85,1385.43,1381.84,1377.63,1372.67,1366.77,1360.05,1353.44,1348.10,1343.74,1339.48,1334.00,1326.48,1318.69,1314.79,1316.94,1321.17,1325.87,1330.50,1334.90,1338.95,1342.74,1345.17,1345.74,1343.98,1341.19,1338.27,1335.58,1333.12,1330.53,1327.67,1324.75,1321.84,1319.25,1318.24,1317.95,1318.81,1321.35,1325.07,1329.80,1334.22,1338.14,1342.06,1345.66,1348.86,1351.87,1354.78,1357.15,1359.55,1362.13,1364.86,1367.46,1369.93,1372.48,1375.03,1377.30,1379.14,1381.54,1385.03,1389.91,1395.55,1401.25,1406.84,1412.26,1417.61,1424.18,1429.60,1433.10,1434.26,1434.52,1434.32,1433.96,1433.50,1432.93,1431.99,1430.04,1427.24
1308.76,1308.28,1307.76,1307.23,1306.96,1307.32,1308.66,1310.31,1312.13,1313.96,1315.53,1316.46,1317.67,1319.18,1320.89,1322.85,1325.40,1328.23,1331.15,1334.04,1337.08,1339.99,1342.69,1345.15,1347.47,1349.70,1351.82,1353.91,1356.42,1359.74,1362.94,1365.78,1368.59,1372.25,1376.33,1380.17,1383.32,1386.35,1389.14,1391.92,1394.97,1398.68,1401.06,1402.78,1404.24,1405.59,1406.79,1408.05,1409.50,1411.16,1412.80,1414.75,1416.89,1419.16,1421.45,1423.20,1423.64,1422.69,1420.29,1417.41,1414.16,1410.97,1408.69,1409.11,1412.19,1416.71,1422.12,1428.04,1432.40,1436.14,1439.24,1441.49,1443.28,1443.88,1443.90,1443.78,1444.03,1444.41,1444.91,1445.39,1445.95,1447.57,1449.89,1453.09,1457.02,1460.43,1462.87,1465.04,1467.10,1468.95,1470.88,1472.86,1474.63,1475.97,1477.15,1478.29,1479.43,1480.63,1481.94,1483.65,1485.52,1487.44,1489.37,1491.17,1492.84,1494.48,1496.15,1497.76,1499.27,1500.47,1501.41,1502.25,1502.59,1501.97,1500.93,1499.79,1498.26,1496.30,1494.87,1494.25,1494.14,1493.69,1493.06,1492.49,1492.21,1491.97,1491.50,1490.86,1490.07,1489.00,1487.43,1485.60,1483.56,1481.19,1478.47,1475.59,1472.50,1469.24,1466.42,1464.24,1462.19,1459.87,1456.77,1453.05,1450.86,1450.67,1452.72,1456.01,1459.53,1462.80,1465.58,1467.74,1469.81,1471.84,1473.67,1474.96,1476.03,1476.15,1475.56,1474.26,1471.75,1468.54,1465.10,1461.09,1455.29,1448.82,1441.87,1434.81,1428.06,1421.75,1417.63,1414.42,1411.30,1408.03,1403.66,1399.39,1395.60,1392.16,1388.98,1385.83,1382.50,1378.70,1374.21,1369.18,1363.19,1356.37,1349.96,1345.16,1341.00,1336.77,1331.54,1323.73,1315.45,1310.73,1311.97,1316.69,1322.02,1327.20,1331.80,1335.16,1337.99,1339.26,1339.17,1337.91,1335.93,1333.91,1331.66,1329.07,1326.22,1323.35,1320.70,1318.29,1316.47,1316.77,1318.21,1320.83,1324.78,1329.15,1333.80,1338.26,1342.55,1346.96,1351.12,1354.92,1358.13,1360.50,1362.77,1365.09,1367.48,1369.96,1372.52,1375.06,1377.78,1380.52,1382.86,1384.87,1387.00,1389.59,1393.09,1398.05,1403.38,1408.73,1413.87,1418.65,1424.68,1428.88,1430.80,1430.60,1429.89,1429.46,1429.14,1428.81,1428.44,1427.96,1426.49,1423.99
1310.49,1309.92,1309.34,1308.76,1308.53,1309.01,1310.38,1312.17,1314.08,1315.97,1317.68,1319.22,1320.81,1322.52,1324.37,1326.43,1328.88,1331.61,1334.54,1337.43,1340.37,1343.18,1345.82,1348.27,1350.61,1352.95,1355.24,1357.51,1360.12,1363.04,1365.84,1368.53,1371.51,1375.29,1379.31,1383.14,1386.44,1389.39,1392.10,1395.01,1398.23,1401.36,1403.56,1405.41,1407.16,1408.89,1410.38,1411.79,1413.22,1414.73,1416.21,1417.96,1420.08,1422.48,1424.84,1426.66,1427.25,1426.42,1423.90,1420.57,1416.96,1413.57,1411.24,1411.82,1414.69,1418.53,1423.10,1428.58,1432.79,1436.55,1439.73,1442.09,1444.10,1445.46,1446.21,1446.57,1447.04,1447.36,1447.63,1447.84,1448.05,1449.19,1451.27,1454.27,1457.93,1461.00,1463.46,1465.75,1467.99,1470.14,1472.36,1474.57,1476.54,1478.03,1479.02,1479.85,1480.73,1481.74,1482.93,1484.39,1486.12,1488.00,1489.90,1491.63,1493.30,1494.98,1496.67,1498.31,1499.76,1500.92,1501.87,1502.70,1502.84,1502.04,1500.86,1499.64,1498.14,1496.82,1496.06,1495.88,1495.83,1495.38,1494.67,1493.96,1493.46,1493.13,1492.60,1491.87,1490.96,1489.85,1488.07,1485.98,1483.73,1481.27,1478.56,1475.77,1472.92,1470.11,1467.63,1465.46,1463.34,1461.02,1457.99,1453.59,1450.28,1448.94,1450.13,1452.48,1455.86,1459.39,1462.46,1464.65,1466.74,1468.81,1470.67,1471.94,1472.86,1473.05,1472.55,1471.28,1469.12,1466.04,1462.49,1458.22,1452.30,1445.37,1438.27,1431.02,1423.58,1417.78,1413.82,1410.51,1407.20,1403.72,1399.61,1395.66,1392.11,1388.94,1385.90,1382.74,1379.24,1375.17,1370.56,1365.48,1359.62,1353.09,1346.90,1342.19,1338.01,1333.75,1328.55,1320.66,1313.00,1308.25,1308.22,1312.25,1317.49,1322.70,1327.34,1330.89,1333.31,1334.07,1333.56,1332.03,1329.89,1327.99,1325.97,1323.64,1321.14,1318.91,1316.78,1315.31,1315.65,1317.55,1320.33,1323.81,1328.06,1332.80,1337.69,1342.66,1347.67,1352.58,1356.76,1360.41,1363.42,1365.66,1367.90,1370.12,1372.28,1374.46,1376.96,1379.91,1382.92,1385.82,1388.51,1390.71,1392.83,1395.11,1397.92,1401.92,1406.36,1410.56,1414.49,1418.69,1423.30,1426.00,1426.85,1426.27,1425.29,1424.50,1424.07,1424.04,1424.20,1424.07,1422.74,1420.05
1312.27,1311.61,1310.98,1310.39,1310.19,1310.71,1312.14,1314.03,1316.00,1317.94,1319.93,1322.10,1324.10,1326.00,1327.94,1330.01,1332.32,1334.96,1337.87,1340.77,1343.60,1346.28,1348.84,1351.26,1353.60,1355.99,1358.43,1360.91,1363.50,1366.09,1368.71,1371.47,1374.57,1378.17,1381.96,1385.73,1389.23,1392.11,1394.70,1397.65,1400.89,1403.43,1405.65,1407.79,1409.94,1412.03,1413.85,1415.39,1416.80,1418.14,1419.49,1421.06,1423.19,1425.75,1428.09,1429.88,1430.55,1429.85,1427.39,1423.81,1419.73,1416.03,1413.86,1415.14,1418.10,1421.31,1424.82,1429.33,1433.20,1436.89,1440.07,1442.50,1444.71,1446.82,1448.33,1449.23,1449.89,1450.15,1450.29,1450.40,1450.62,1451.44,1453.22,1455.84,1458.99,1461.62,1464.03,1466.37,1468.72,1471.18,1473.68,1476.10,1478.24,1479.82,1480.64,1481.20,1481.88,1482.80,1483.96,1485.20,1486.73,1488.50,1490.37,1492.04,1493.72,1495.42,1497.13,1498.81,1500.20,1501.34,1502.32,1503.13,1503.14,1502.22,1500.95,1499.70,1498.32,1497.73,1497.56,1497.55,1497.51,1497.04,1496.30,1495.46,1494.71,1494.20,1493.53,1492.64,1491.55,1490.40,1488.47,1486.19,1483.78,1481.29,1478.64,1475.96,1473.37,1470.99,1468.71,1466.48,1464.27,1461.99,1459.27,1454.51,1450.39,1448.01,1448.08,1449.37,1452.32,1455.86,1459.19,1461.53,1463.73,1465.85,1467.75,1468.99,1469.79,1470.05,1469.66,1468.40,1466.53,1463.60,1459.87,1455.27,1449.35,1442.20,1435.12,1427.85,1420.02,1414.67,1410.59,1406.92,1403.32,1399.63,1395.82,1392.11,1388.68,1385.74,1382.73,1379.43,1375.72,1371.48,1366.87,1361.83,1356.19,1350.05,1344.05,1339.16,1334.79,1330.39,1325.12,1317.38,1310.68,1306.14,1304.91,1308.02,1312.85,1317.78,1322.29,1326.10,1328.19,1328.64,1327.87,1325.98,1323.55,1321.53,1319.67,1317.78,1315.91,1314.57,1313.42,1313.35,1315.96,1319.29,1323.05,1327.05,1331.36,1336.32,1341.55,1347.14,1352.91,1358.17,1362.24,1365.52,1368.27,1370.59,1372.84,1374.98,1376.96,1378.91,1381.40,1384.74,1388.00,1391.05,1394.05,1396.46,1398.67,1400.87,1403.24,1406.32,1409.72,1412.52,1414.95,1418.16,1420.88,1422.12,1422.22,1421.58,1420.54,1419.47,1418.92,1419.13,1419.65,1419.71,1418.38,1415.50
1314.15,1313.52,1312.89,1312.43,1312.20,1312.49,1313.98,1315.90,1317.87,1320.03,1322.86,1325.29,1327.46,1329.48,1331.43,1333.45,1335.72,1338.26,1341.03,1343.81,1346.67,1349.32,1351.73,1354.04,1356.36,1358.84,1361.51,1364.28,1366.77,1369.35,1372.08,1374.95,1377.87,1380.74,1384.14,1387.72,1391.01,1393.86,1396.61,1399.48,1402.38,1404.91,1407.36,1409.87,1412.42,1414.86,1417.09,1418.74,1420.01,1421.07,1422.15,1423.64,1425.92,1428.62,1430.72,1432.35,1432.81,1432.08,1430.09,1427.26,1422.37,1418.25,1416.78,1418.91,1422.66,1425.99,1428.56,1430.76,1433.85,1437.15,1440.16,1442.66,1445.06,1447.47,1449.48,1451.00,1452.10,1452.47,1452.70,1453.06,1453.72,1454.70,1456.16,1458.06,1460.28,1462.34,1464.58,1466.85,1469.18,1471.73,1474.45,1477.17,1479.38,1480.69,1481.59,1482.23,1482.94,1483.86,1485.02,1486.24,1487.54,1489.02,1490.77,1492.45,1494.19,1495.92,1497.63,1499.36,1500.71,1501.83,1502.82,1503.62,1503.63,1502.73,1501.49,1500.38,1499.59,1499.26,1499.19,1499.24,1499.23,1498.66,1497.84,1496.90,1495.91,1494.97,1494.01,1492.94,1491.75,1490.51,1488.59,1486.30,1483.84,1481.36,1478.84,1476.50,1474.26,1471.96,1469.61,1467.15,1464.68,1462.35,1460.15,1455.68,1451.11,1447.66,1446.49,1447.68,1449.72,1452.33,1455.38,1458.21,1460.84,1463.16,1465.05,1466.30,1467.09,1467.47,1467.12,1465.69,1463.95,1461.01,1457.05,1452.20,1446.63,1439.97,1432.85,1425.42,1417.96,1412.23,1407.87,1403.98,1400.12,1396.11,1392.15,1388.49,1385.22,1382.34,1379.05,1375.36,1371.54,1367.64,1363.31,1358.64,1353.32,1347.37,1341.47,1335.99,1331.02,1326.17,1320.69,1313.75,1307.86,1303.51,1301.73,1304.54,1308.61,1312.78,1316.70,1319.88,1321.32,1321.45,1320.66,1319.05,1317.03,1315.08,1313.37,1311.98,1311.04,1310.81,1312.06,1314.61,1318.07,1321.83,1325.77,1330.06,1334.86,1339.92,1345.36,1351.45,1357.72,1362.77,1366.83,1369.93,1372.63,1375.29,1377.59,1379.79,1381.87,1383.96,1386.64,1389.87,1393.12,1396.22,1399.08,1401.74,1404.12,1406.30,1408.41,1410.99,1413.44,1415.10,1415.99,1416.69,1416.92,1417.15,1417.10,1416.33,1415.24,1414.33,1413.85,1413.77,1413.65,1413.41,1411.98,1409.46
1316.10,1315.49,1314.94,1314.57,1314.26,1314.29,1315.59,1317.40,1319.59,1322.31,1325.84,1328.58,1330.96,1333.11,1335.07,1337.16,1339.37,1341.75,1344.29,1346.78,1349.59,1352.22,1354.61,1356.91,1359.63,1362.17,1364.81,1367.65,1370.21,1372.87,1375.62,1378.37,1380.97,1383.23,1386.09,1389.28,1392.35,1395.16,1397.96,1400.75,1403.50,1406.12,1408.80,1411.66,1414.57,1417.29,1419.57,1421.23,1422.52,1423.61,1424.62,1426.17,1428.53,1431.31,1433.39,1434.88,1435.09,1434.22,1432.44,1429.93,1424.93,1420.93,1420.12,1423.09,1426.85,1429.80,1431.64,1432.59,1434.59,1437.32,1440.13,1442.67,1445.18,1447.73,1450.05,1452.03,1453.66,1454.64,1455.34,1456.04,1456.90,1457.84,1458.94,1460.31,1461.93,1463.59,1465.42,1467.40,1469.60,1472.20,1475.05,1477.84,1480.01,1481.21,1482.23,1483.08,1483.93,1484.88,1486.01,1487.19,1488.32,1489.63,1491.33,1493.05,1494.81,1496.56,1498.28,1499.96,1501.33,1502.49,1503.48,1504.18,1504.20,1503.41,1502.30,1501.33,1500.84,1500.58,1500.53,1500.55,1500.31,1499.66,1498.76,1497.72,1496.61,1495.50,1494.32,1493.10,1491.86,1490.59,1488.68,1486.35,1483.82,1481.31,1478.85,1476.63,1474.46,1472.18,1469.84,1467.32,1464.91,1462.77,1460.78,1456.76,1451.94,1447.69,1445.63,1446.03,1447.49,1449.58,1452.22,1455.12,1457.88,1460.33,1462.36,1463.71,1464.51,1464.95,1464.67,1463.28,1461.50,1458.28,1454.11,1449.27,1443.98,1437.64,1430.68,1423.40,1416.15,1410.23,1405.52,1401.27,1397.05,1392.63,1388.28,1384.58,1381.43,1378.31,1374.79,1371.05,1367.34,1363.72,1359.63,1355.27,1350.36,1344.80,1338.84,1332.91,1327.25,1321.87,1316.57,1310.68,1305.39,1301.07,1298.81,1301.06,1304.63,1308.29,1311.57,1313.99,1315.01,1314.88,1314.13,1313.01,1311.43,1309.74,1308.65,1308.43,1308.88,1310.05,1312.99,1317.08,1321.21,1325.18,1329.15,1333.55,1338.56,1343.64,1349.24,1355.44,1361.70,1366.71,1370.64,1373.76,1376.67,1379.72,1382.31,1384.64,1386.70,1388.76,1391.66,1394.79,1397.91,1400.90,1403.60,1406.17,1408.28,1409.89,1411.10,1412.34,1413.47,1413.98,1413.79,1413.18,1412.26,1411.83,1411.49,1410.66,1409.65,1408.86,1408.30,1407.86,1407.16,1406.56,1405.35,1403.82
1318.12,1317.52,1317.06,1316.70,1316.31,1316.09,1316.98,1318.74,1321.42,1324.92,1328.91,1331.99,1334.61,1336.91,1338.94,1341.21,1343.32,1345.44,1347.64,1349.76,1352.41,1355.10,1357.63,1360.13,1363.48,1365.98,1368.30,1370.98,1373.72,1376.53,1379.19,1381.66,1383.90,1385.69,1387.93,1390.55,1393.36,1396.11,1398.83,1401.58,1404.35,1407.07,1410.01,1413.18,1416.40,1419.31,1421.37,1422.98,1424.43,1425.78,1426.92,1428.63,1431.06,1433.85,1436.10,1437.43,1437.40,1436.37,1434.52,1431.91,1427.39,1423.92,1423.58,1427.32,1430.48,1432.67,1434.03,1434.77,1435.54,1437.54,1440.07,1442.58,1445.13,1447.71,1450.15,1452.43,1454.65,1456.59,1458.03,1459.11,1459.96,1460.74,1461.50,1462.53,1463.89,1465.30,1466.59,1468.12,1470.08,1472.67,1475.52,1478.20,1480.25,1481.47,1482.61,1483.72,1484.77,1485.79,1486.89,1487.99,1489.05,1490.30,1492.02,1493.78,1495.55,1497.32,1499.05,1500.61,1502.03,1503.29,1504.30,1504.79,1504.85,1504.23,1503.30,1502.45,1502.01,1501.68,1501.58,1501.50,1500.82,1500.11,1499.14,1498.01,1496.89,1495.87,1494.54,1493.18,1491.92,1490.64,1488.73,1486.35,1483.74,1481.14,1478.71,1476.38,1474.09,1471.79,1469.54,1467.17,1465.09,1463.34,1461.28,1457.77,1452.88,1448.10,1445.42,1444.38,1445.49,1447.45,1449.64,1452.24,1454.83,1457.36,1459.63,1461.15,1462.01,1462.45,1462.26,1461.04,1459.09,1455.42,1451.07,1446.45,1441.36,1435.15,1428.58,1421.71,1414.52,1408.59,1403.48,1398.74,1394.08,1389.12,1384.25,1380.42,1377.32,1373.76,1370.09,1366.54,1363.08,1359.64,1355.80,1351.73,1347.32,1342.29,1336.17,1329.87,1323.57,1317.71,1312.87,1308.11,1303.23,1298.81,1296.09,1297.41,1300.68,1304.00,1306.67,1308.34,1309.13,1308.88,1308.28,1307.79,1306.77,1305.76,1305.80,1307.20,1309.32,1312.04,1315.90,1320.53,1325.22,1329.29,1333.22,1337.52,1342.45,1347.49,1353.17,1359.13,1364.97,1370.03,1373.76,1377.08,1380.44,1383.89,1386.93,1389.40,1391.37,1393.26,1396.33,1399.34,1402.22,1404.94,1407.41,1409.51,1410.82,1411.34,1411.08,1410.44,1410.05,1409.51,1408.74,1407.94,1407.07,1406.32,1405.61,1404.79,1404.00,1403.19,1402.40,1401.56,1400.46,1399.58,1398.95,1398.96
1320.33,1319.73,1319.01,1318.48,1318.05,1317.82,1318.39,1321.28,1325.01,1328.88,1332.60,1335.66,1338.53,1341.24,1343.70,1346.11,1347.83,1349.38,1351.06,1353.01,1355.52,1358.58,1361.97,1365.36,1368.33,1370.24,1371.96,1374.12,1376.80,1379.57,1382.20,1384.63,1386.73,1388.44,1390.23,1392.17,1394.28,1396.66,1399.26,1402.02,1404.87,1407.70,1410.89,1414.38,1417.83,1420.71,1422.83,1424.55,1426.09,1427.49,1428.84,1430.95,1433.59,1436.32,1438.40,1439.36,1439.27,1438.32,1436.39,1433.55,1429.59,1426.22,1425.37,1429.53,1432.65,1434.87,1436.40,1437.23,1437.78,1438.84,1440.48,1442.70,1445.26,1447.67,1450.05,1452.50,1455.07,1457.56,1459.44,1460.82,1461.86,1462.91,1463.70,1464.63,1465.87,1467.15,1468.31,1469.67,1471.36,1473.41,1475.91,1478.41,1480.38,1481.56,1482.72,1483.88,1485.01,1486.13,1487.33,1488.43,1489.58,1490.95,1492.69,1494.42,1496.15,1497.92,1499.69,1501.20,1502.65,1504.05,1505.16,1505.43,1505.44,1505.07,1504.43,1503.66,1503.20,1502.79,1502.40,1501.92,1501.11,1500.32,1499.36,1498.31,1497.30,1496.38,1494.93,1493.38,1492.00,1490.71,1488.76,1486.33,1483.66,1481.02,1478.58,1476.21,1473.86,1471.59,1469.51,1467.69,1466.00,1464.28,1462.13,1459.02,1454.11,1448.96,1445.73,1443.04,1443.34,1445.00,1447.03,1449.33,1451.83,1454.28,1456.52,1458.28,1459.38,1459.88,1459.63,1458.30,1456.02,1452.51,1448.30,1443.63,1438.52,1432.51,1426.52,1420.30,1413.31,1407.22,1401.63,1396.40,1391.27,1385.28,1380.16,1376.14,1372.74,1369.07,1365.45,1361.73,1358.09,1354.68,1351.56,1348.30,1344.47,1339.66,1333.42,1326.69,1320.38,1314.78,1310.03,1305.57,1300.97,1296.50,1293.11,1292.94,1295.32,1298.03,1300.26,1301.73,1302.31,1302.54,1302.61,1302.66,1303.41,1305.17,1307.28,1309.62,1312.64,1315.94,1320.17,1325.10,1330.09,1334.45,1338.20,1342.09,1346.60,1351.54,1356.86,1362.53,1368.07,1372.39,1376.02,1379.84,1383.86,1387.72,1390.62,1393.05,1395.19,1397.27,1399.93,1402.48,1405.00,1407.22,1408.64,1409.56,1409.03,1407.66,1406.05,1404.84,1404.16,1403.58,1402.97,1402.40,1401.87,1401.27,1400.64,1400.02,1399.42,1398.33,1397.08,1395.89,1394.86,1394.35,1394.89,1396.91
1322.76,1322.22,1321.30,1320.57,1320.08,1319.96,1320.78,1324.50,1328.83,1332.84,1336.35,1339.58,1342.70,1345.64,1348.22,1350.49,1351.90,1353.08,1354.44,1356.40,1359.11,1362.67,1366.76,1370.77,1373.31,1374.63,1375.71,1377.25,1379.76,1382.43,1385.06,1387.52,1389.57,1391.31,1392.85,1394.26,1395.65,1397.47,1399.81,1402.49,1405.39,1408.27,1411.66,1415.41,1419.02,1421.81,1424.07,1426.01,1427.70,1429.19,1430.80,1433.23,1435.95,1438.48,1440.15,1440.79,1440.67,1439.86,1438.08,1435.14,1431.42,1428.15,1427.09,1431.22,1434.47,1436.90,1438.71,1439.74,1440.37,1440.80,1441.58,1443.13,1445.36,1447.54,1449.85,1452.42,1455.36,1458.31,1460.52,1462.13,1463.41,1464.70,1465.65,1466.64,1467.85,1469.18,1470.43,1471.76,1473.18,1474.72,1476.74,1478.95,1480.77,1481.84,1482.87,1483.97,1485.11,1486.30,1487.59,1488.76,1490.06,1491.58,1493.33,1495.03,1496.72,1498.46,1500.21,1501.74,1503.22,1504.70,1505.84,1505.95,1505.89,1505.70,1505.31,1504.69,1504.20,1503.73,1503.11,1502.31,1501.46,1500.59,1499.65,1498.70,1497.79,1496.87,1495.34,1493.66,1492.14,1490.78,1488.81,1486.36,1483.69,1481.06,1478.66,1476.29,1473.99,1471.83,1469.93,1468.52,1467.06,1465.28,1463.02,1460.21,1455.43,1450.11,1446.22,1442.18,1441.37,1442.42,1444.32,1446.41,1448.84,1451.20,1453.39,1455.35,1456.65,1457.20,1456.89,1455.46,1452.96,1449.53,1445.35,1440.58,1435.51,1429.88,1424.46,1418.85,1412.32,1406.07,1400.09,1394.47,1388.92,1382.26,1377.13,1372.86,1368.91,1364.88,1360.97,1356.91,1353.05,1349.86,1347.39,1344.90,1341.55,1336.82,1330.47,1323.52,1317.38,1312.11,1307.41,1303.01,1298.55,1293.99,1289.91,1288.21,1289.44,1291.45,1293.41,1295.16,1296.39,1297.79,1299.17,1300.52,1303.14,1307.02,1310.63,1313.61,1317.07,1320.57,1324.92,1329.95,1335.07,1339.57,1343.16,1346.74,1350.91,1355.68,1360.63,1365.80,1370.73,1374.35,1378.00,1382.52,1387.22,1391.02,1393.73,1396.13,1398.44,1400.71,1402.99,1404.86,1406.50,1407.64,1407.66,1407.17,1405.23,1402.67,1400.39,1399.21,1398.66,1398.29,1397.95,1397.61,1397.40,1396.97,1396.43,1395.86,1394.79,1393.13,1391.43,1390.09,1389.44,1389.98,1392.31,1396.45
1325.56,1325.19,1324.33,1323.45,1322.82,1322.99,1325.15,1328.55,1332.37,1336.26,1340.01,1343.88,1347.25,1349.96,1351.91,1353.47,1354.85,1356.19,1357.72,1359.97,1363.55,1367.69,1371.92,1375.71,1378.13,1379.10,1379.59,1380.48,1382.63,1385.19,1387.85,1390.38,1392.45,1394.30,1395.90,1397.15,1398.00,1399.00,1400.79,1403.22,1406.06,1408.86,1412.34,1416.24,1419.90,1422.55,1424.99,1427.30,1429.36,1431.10,1433.03,1435.45,1437.98,1440.08,1440.93,1441.51,1441.33,1440.65,1439.47,1436.77,1432.64,1429.61,1429.39,1432.75,1436.14,1438.88,1440.90,1442.23,1443.15,1443.63,1443.83,1444.06,1445.32,1447.25,1449.51,1452.17,1455.63,1459.06,1461.45,1463.17,1464.73,1466.02,1467.29,1468.53,1469.85,1471.51,1473.17,1474.58,1475.79,1477.05,1478.50,1480.25,1481.73,1482.54,1483.21,1484.10,1485.17,1486.36,1487.67,1489.00,1490.53,1492.18,1493.89,1495.59,1497.24,1498.89,1500.55,1502.21,1503.71,1505.12,1506.14,1506.20,1506.10,1505.89,1505.63,1505.28,1504.83,1504.31,1503.66,1502.87,1502.02,1501.06,1500.15,1499.27,1498.38,1497.30,1495.75,1494.05,1492.42,1490.88,1488.91,1486.51,1483.91,1481.42,1479.12,1476.86,1474.74,1472.88,1471.14,1469.69,1468.14,1466.24,1463.82,1461.17,1456.84,1451.63,1446.87,1442.16,1439.83,1439.70,1441.41,1443.48,1445.83,1448.15,1450.37,1452.41,1453.77,1454.30,1454.00,1452.66,1450.21,1446.45,1441.95,1437.08,1432.23,1427.30,1422.34,1417.19,1411.58,1405.21,1399.13,1393.28,1387.39,1381.02,1376.22,1371.64,1366.80,1361.76,1356.84,1352.18,1348.30,1345.67,1343.53,1341.51,1338.38,1333.56,1327.15,1320.41,1314.53,1309.46,1304.83,1300.41,1295.87,1291.07,1286.38,1283.30,1283.13,1284.35,1286.32,1289.06,1292.69,1296.41,1300.24,1304.36,1308.52,1312.39,1315.95,1319.28,1322.52,1325.86,1330.04,1334.91,1339.91,1344.13,1347.68,1351.30,1355.45,1359.87,1364.66,1368.96,1372.60,1375.93,1379.76,1385.32,1390.56,1393.38,1396.02,1398.51,1400.89,1403.20,1405.41,1406.30,1406.11,1405.08,1403.30,1401.28,1399.18,1397.17,1395.59,1395.09,1395.02,1394.94,1394.73,1394.50,1394.42,1393.98,1393.36,1392.45,1389.58,1386.90,1384.87,1383.75,1383.90,1386.60,1391.73,1398.03
1328.53,1328.19,1327.41,1326.52,1325.85,1325.97,1328.20,1331.49,1335.22,1339.26,1343.68,1347.66,1350.82,1353.28,1355.05,1356.45,1358.04,1359.86,1361.94,1364.46,1367.97,1372.22,1376.43,1379.47,1381.49,1382.53,1383.17,1383.96,1385.70,1388.02,1390.55,1393.08,1395.34,1397.32,1398.93,1400.18,1401.03,1401.63,1402.38,1404.03,1406.62,1409.20,1412.76,1416.76,1420.54,1423.42,1426.16,1428.63,1430.83,1432.84,1435.07,1437.44,1439.50,1441.01,1441.74,1442.21,1441.96,1441.30,1440.36,1438.31,1434.58,1431.47,1430.82,1434.12,1437.69,1440.53,1442.67,1444.40,1445.71,1446.57,1446.84,1446.55,1446.71,1447.61,1449.48,1452.41,1456.34,1459.80,1462.23,1464.05,1465.71,1467.18,1468.75,1470.43,1472.28,1474.30,1476.11,1477.46,1478.56,1479.84,1481.48,1483.09,1484.28,1484.84,1485.26,1485.78,1486.33,1486.96,1487.87,1489.29,1490.90,1492.57,1494.23,1495.89,1497.50,1499.12,1500.79,1502.47,1504.07,1505.42,1506.31,1506.37,1506.27,1506.08,1505.85,1505.60,1505.24,1504.86,1504.27,1503.49,1502.66,1501.75,1500.83,1499.92,1498.98,1497.76,1496.18,1494.48,1492.80,1491.16,1489.16,1486.88,1484.44,1482.07,1479.89,1477.85,1475.95,1474.22,1472.55,1470.99,1469.27,1467.23,1464.75,1462.01,1458.04,1453.27,1448.36,1443.07,1439.45,1437.85,1438.41,1440.34,1442.74,1445.10,1447.33,1449.44,1450.84,1451.31,1450.91,1449.45,1446.70,1442.95,1438.78,1434.37,1429.72,1425.05,1420.42,1415.78,1410.82,1404.65,1398.54,1392.58,1386.67,1380.70,1376.12,1371.57,1366.44,1360.62,1355.24,1350.20,1345.80,1342.46,1339.91,1337.67,1334.48,1329.73,1323.52,1317.28,1311.73,1306.81,1302.25,1297.74,1293.07,1287.99,1282.83,1279.48,1279.62,1282.02,1285.70,1289.87,1294.44,1299.09,1303.79,1308.55,1312.94,1316.99,1320.86,1324.53,1327.80,1331.13,1335.08,1339.59,1344.38,1348.77,1352.64,1356.51,1360.67,1364.78,1368.58,1371.80,1374.59,1377.66,1382.19,1387.76,1392.69,1395.58,1398.23,1400.74,1402.92,1404.51,1405.17,1404.86,1403.75,1401.91,1399.23,1396.49,1394.28,1392.38,1390.81,1390.23,1390.31,1390.45,1390.52,1390.76,1391.24,1390.91,1389.83,1387.92,1384.15,1380.91,1378.98,1378.86,1380.93,1385.55,1391.68,1398.12
1331.65,1331.29,1330.61,1329.78,1329.07,1329.02,1330.86,1334.04,1337.83,1342.14,1347.22,1351.08,1353.95,1356.25,1358.18,1359.80,1361.70,1363.96,1366.50,1369.15,1372.38,1376.45,1380.36,1382.60,1384.26,1385.50,1386.48,1387.37,1388.78,1390.82,1393.17,1395.69,1398.24,1400.41,1402.09,1403.40,1404.36,1404.70,1404.40,1405.06,1407.11,1409.43,1413.05,1417.10,1420.99,1424.25,1427.37,1429.93,1432.20,1434.42,1436.87,1439.11,1440.67,1441.65,1442.52,1442.91,1442.60,1441.89,1441.01,1439.66,1436.60,1433.37,1431.95,1435.39,1439.06,1441.91,1444.16,1446.27,1448.01,1449.30,1449.84,1449.38,1448.63,1448.42,1449.86,1453.05,1457.28,1460.52,1462.91,1464.84,1466.57,1468.27,1470.16,1472.34,1474.78,1477.13,1478.99,1480.32,1481.41,1482.82,1484.86,1486.38,1487.26,1487.60,1487.80,1487.90,1487.88,1487.86,1488.25,1489.65,1491.26,1492.86,1494.47,1496.08,1497.65,1499.27,1500.97,1502.69,1504.37,1505.66,1506.41,1506.49,1506.43,1506.25,1506.03,1505.79,1505.56,1505.32,1504.86,1504.15,1503.37,1502.52,1501.58,1500.60,1499.60,1498.26,1496.66,1494.95,1493.24,1491.50,1489.49,1487.31,1485.04,1482.76,1480.75,1478.98,1477.30,1475.61,1473.96,1472.26,1470.39,1468.23,1465.70,1462.79,1459.13,1454.87,1450.05,1444.35,1439.63,1436.47,1435.48,1437.10,1439.56,1442.02,1444.31,1446.44,1447.81,1448.14,1447.58,1445.92,1442.82,1439.25,1435.58,1431.75,1427.31,1422.85,1418.63,1414.51,1410.09,1404.19,1398.05,1392.03,1386.24,1380.71,1376.27,1371.81,1366.64,1360.28,1354.70,1349.43,1344.45,1340.05,1336.62,1333.70,1330.22,1325.60,1319.68,1313.97,1308.76,1303.99,1299.54,1294.92,1290.05,1284.66,1279.23,1276.24,1277.59,1281.76,1287.38,1292.86,1297.83,1302.81,1307.76,1312.47,1316.80,1321.22,1325.54,1329.51,1332.95,1336.33,1340.01,1344.12,1348.77,1353.50,1357.82,1361.94,1365.96,1369.65,1372.36,1374.66,1376.94,1379.84,1385.00,1390.12,1394.44,1397.68,1400.33,1402.64,1404.27,1404.74,1403.56,1402.06,1400.35,1398.16,1395.11,1392.11,1389.80,1387.77,1385.92,1384.96,1384.96,1385.23,1385.70,1386.77,1387.95,1387.70,1386.05,1383.06,1378.76,1375.23,1373.71,1374.97,1379.10,1385.12,1391.38,1397.23
1335.11,1334.77,1334.24,1333.44,1332.63,1332.40,1334.06,1336.79,1340.53,1345.15,1350.19,1353.79,1356.72,1359.43,1362.11,1364.60,1366.88,1368.98,1370.98,1373.30,1376.79,1380.16,1382.95,1384.97,1386.85,1388.17,1389.16,1390.11,1391.58,1393.41,1395.64,1398.28,1401.21,1403.82,1405.81,1407.16,1407.82,1407.83,1407.16,1406.85,1407.53,1409.60,1413.22,1417.20,1421.06,1424.68,1428.34,1431.10,1433.43,1435.70,1437.97,1439.84,1441.19,1442.17,1443.12,1443.69,1443.32,1442.41,1441.45,1440.35,1437.86,1434.83,1433.12,1436.47,1439.87,1442.70,1445.13,1447.47,1449.57,1451.04,1451.63,1451.19,1450.52,1450.13,1451.41,1454.50,1458.40,1461.20,1463.48,1465.55,1467.49,1469.26,1471.65,1474.29,1476.93,1479.36,1481.34,1482.95,1484.33,1485.77,1488.05,1489.20,1489.60,1489.69,1489.66,1489.50,1489.30,1489.13,1489.16,1490.25,1491.66,1493.14,1494.66,1496.22,1497.82,1499.46,1501.18,1502.97,1504.60,1505.78,1506.43,1506.54,1506.49,1506.35,1506.15,1505.93,1505.75,1505.57,1505.31,1504.88,1504.16,1503.29,1502.32,1501.31,1500.22,1498.88,1497.30,1495.59,1493.77,1491.90,1489.86,1487.69,1485.43,1483.19,1481.51,1480.02,1478.49,1476.79,1475.06,1473.27,1471.38,1469.25,1466.55,1463.55,1460.09,1456.06,1451.21,1445.79,1440.31,1435.64,1432.92,1433.74,1436.12,1438.81,1441.37,1443.41,1444.39,1444.39,1443.56,1441.72,1438.65,1435.35,1431.95,1428.30,1424.07,1420.41,1416.96,1413.49,1409.56,1403.77,1397.39,1391.26,1385.71,1380.66,1376.19,1371.61,1366.43,1360.21,1354.53,1349.31,1344.32,1339.38,1334.30,1329.90,1325.70,1321.13,1315.45,1309.96,1304.98,1300.48,1296.29,1291.63,1286.30,1280.59,1275.46,1273.73,1277.18,1282.56,1288.40,1294.15,1299.51,1304.60,1309.62,1314.72,1319.83,1325.13,1329.90,1333.96,1337.80,1341.20,1344.61,1348.51,1353.42,1358.43,1363.19,1367.27,1370.47,1373.32,1375.80,1378.13,1380.57,1383.63,1388.25,1392.67,1396.52,1399.70,1402.06,1403.38,1403.51,1402.40,1400.55,1398.22,1395.68,1393.02,1390.25,1387.62,1385.15,1382.77,1380.61,1379.23,1378.61,1378.77,1379.97,1382.61,1384.53,1384.10,1381.95,1378.61,1373.76,1370.45,1370.00,1372.91,1377.96,1383.63,1389.25,1394.67
1338.70,1338.37,1337.95,1337.16,1336.28,1335.81,1336.83,1339.33,1343.15,1347.90,1352.77,1356.45,1359.81,1363.08,1366.23,1369.03,1371.30,1373.20,1374.96,1377.21,1380.51,1383.29,1385.43,1387.32,1389.10,1390.35,1391.41,1392.60,1394.16,1395.92,1398.24,1401.16,1404.38,1407.10,1409.09,1410.38,1410.88,1410.73,1409.99,1409.13,1408.78,1410.25,1413.55,1417.29,1421.09,1425.05,1429.01,1431.87,1434.22,1436.52,1438.71,1440.31,1441.54,1442.60,1443.62,1444.46,1444.05,1442.95,1441.89,1440.85,1438.90,1436.25,1434.41,1437.27,1440.39,1443.20,1445.76,1448.25,1450.57,1452.27,1453.09,1452.88,1452.37,1451.97,1453.14,1455.98,1459.32,1461.87,1464.11,1466.24,1468.32,1470.32,1473.05,1475.97,1478.71,1481.08,1483.10,1484.94,1486.64,1488.21,1490.24,1491.07,1491.23,1491.24,1491.11,1490.85,1490.62,1490.44,1490.38,1491.24,1492.43,1493.71,1495.08,1496.53,1498.08,1499.71,1501.44,1503.27,1504.88,1505.89,1506.37,1506.45,1506.40,1506.30,1506.17,1505.99,1505.81,1505.67,1505.54,1505.32,1504.77,1503.94,1502.96,1501.91,1500.77,1499.48,1497.87,1496.08,1494.19,1492.26,1490.24,1488.08,1485.85,1483.81,1482.34,1480.99,1479.54,1477.86,1476.04,1474.12,1472.13,1469.93,1467.12,1464.04,1460.67,1456.77,1452.01,1446.85,1441.22,1435.58,1431.06,1430.45,1432.35,1434.97,1437.57,1439.56,1440.25,1439.89,1438.69,1436.66,1433.96,1431.06,1427.96,1424.58,1420.92,1417.89,1415.07,1412.10,1408.35,1402.83,1396.32,1390.15,1384.98,1380.23,1375.68,1370.96,1365.77,1359.79,1353.90,1348.80,1344.01,1338.79,1332.38,1326.88,1321.82,1316.77,1311.37,1306.18,1301.43,1297.10,1293.00,1288.10,1282.47,1276.76,1272.21,1271.69,1276.64,1282.75,1288.59,1294.44,1300.22,1305.56,1310.79,1316.30,1322.02,1327.85,1333.00,1337.31,1341.39,1344.92,1348.59,1352.79,1357.82,1362.91,1367.50,1371.28,1374.13,1376.76,1379.62,1382.44,1385.12,1387.80,1391.63,1395.36,1398.62,1401.22,1402.99,1403.17,1401.84,1399.23,1396.44,1393.55,1390.68,1387.96,1385.54,1383.18,1380.59,1377.94,1375.54,1373.90,1372.93,1373.13,1374.88,1378.41,1380.84,1380.43,1377.97,1374.27,1369.47,1366.38,1366.59,1370.45,1375.93,1381.23,1386.36,1391.47
1342.38,1342.06,1341.68,1340.90,1339.98,1339.22,1339.23,1341.69,1345.65,1350.34,1355.03,1359.16,1363.23,1367.10,1370.38,1372.91,1374.85,1376.60,1378.45,1380.89,1383.53,1385.87,1387.88,1389.65,1391.05,1392.10,1393.27,1394.83,1396.51,1398.36,1400.98,1404.29,1407.67,1410.13,1411.88,1413.04,1413.54,1413.41,1412.81,1411.84,1410.91,1411.42,1414.06,1417.41,1421.12,1425.36,1429.40,1432.24,1434.57,1436.88,1439.15,1440.61,1441.79,1442.94,1444.08,1445.19,1444.80,1443.57,1442.37,1441.27,1439.82,1437.65,1435.82,1437.84,1440.68,1443.47,1446.08,1448.66,1451.09,1453.08,1454.33,1454.56,1454.23,1453.90,1454.94,1457.36,1460.01,1462.50,1464.78,1466.93,1469.07,1471.44,1474.33,1477.31,1480.08,1482.30,1484.29,1486.29,1488.28,1490.05,1491.43,1492.03,1492.26,1492.36,1492.23,1492.01,1491.86,1491.79,1491.84,1492.57,1493.55,1494.62,1495.76,1497.06,1498.49,1500.05,1501.76,1503.58,1505.16,1506.00,1506.22,1506.22,1506.15,1506.11,1506.07,1505.96,1505.75,1505.63,1505.54,1505.43,1505.15,1504.41,1503.43,1502.33,1501.18,1500.02,1498.33,1496.43,1494.50,1492.57,1490.63,1488.49,1486.34,1484.63,1483.24,1481.87,1480.42,1478.80,1476.90,1474.81,1472.63,1470.28,1467.40,1464.23,1460.84,1457.04,1452.47,1447.51,1442.28,1436.19,1429.95,1427.36,1428.32,1430.53,1432.94,1434.89,1435.44,1434.73,1433.15,1430.95,1428.86,1426.44,1423.67,1420.70,1417.92,1415.27,1412.89,1410.25,1406.38,1401.30,1394.80,1388.73,1383.97,1379.36,1374.69,1369.84,1364.67,1358.90,1352.76,1347.82,1343.35,1338.06,1330.81,1324.66,1318.70,1312.72,1307.62,1302.77,1298.23,1293.96,1289.72,1284.42,1278.67,1273.28,1269.55,1270.12,1275.84,1282.20,1287.96,1293.87,1300.10,1305.83,1311.39,1317.25,1323.34,1329.33,1334.77,1339.50,1343.69,1347.50,1351.90,1356.80,1361.80,1366.74,1370.68,1373.98,1377.01,1380.09,1383.80,1387.35,1390.23,1392.11,1395.02,1398.06,1400.61,1402.18,1403.09,1402.13,1399.52,1395.61,1391.53,1388.27,1385.51,1383.10,1381.03,1378.82,1376.18,1373.38,1370.79,1369.05,1368.02,1368.42,1370.51,1374.16,1376.84,1376.65,1374.14,1370.09,1365.83,1362.92,1363.26,1367.38,1372.97,1378.00,1382.88,1387.79
1346.17,1345.89,1345.52,1344.72,1343.75,1342.85,1342.37,1344.39,1347.95,1352.37,1357.11,1362.12,1366.69,1370.68,1373.93,1376.35,1378.26,1380.07,1381.94,1383.98,1386.29,1388.29,1389.98,1391.55,1392.99,1393.91,1394.97,1396.55,1398.20,1400.58,1403.62,1407.06,1410.31,1412.47,1414.16,1415.45,1416.07,1416.06,1415.61,1414.76,1413.75,1413.47,1414.97,1417.60,1421.08,1425.40,1429.43,1432.28,1434.64,1437.00,1439.29,1440.84,1442.15,1443.42,1444.62,1445.78,1445.60,1444.53,1443.26,1442.04,1440.76,1438.90,1437.18,1438.59,1441.03,1443.67,1446.28,1448.87,1451.44,1453.72,1455.46,1456.34,1456.30,1456.03,1456.59,1458.21,1460.57,1463.03,1465.39,1467.64,1469.87,1472.39,1475.15,1477.98,1480.69,1482.89,1485.00,1487.12,1489.12,1490.68,1491.83,1492.68,1493.24,1493.43,1493.38,1493.22,1493.18,1493.26,1493.37,1494.09,1494.98,1495.92,1496.94,1498.06,1499.28,1500.63,1502.16,1503.85,1505.25,1505.95,1506.09,1506.08,1505.97,1505.90,1505.86,1505.80,1505.63,1505.49,1505.39,1505.27,1504.95,1504.27,1503.31,1502.22,1501.13,1500.21,1498.63,1496.75,1494.82,1492.88,1490.95,1488.90,1486.93,1485.46,1484.05,1482.60,1481.09,1479.46,1477.39,1475.18,1472.89,1470.40,1467.33,1464.04,1460.62,1456.89,1452.53,1447.86,1442.97,1436.88,1429.86,1425.41,1424.61,1425.92,1428.13,1429.90,1430.38,1429.71,1428.27,1426.31,1424.32,1422.07,1419.56,1416.92,1414.57,1412.42,1410.17,1407.46,1403.71,1398.70,1392.66,1387.04,1382.43,1377.71,1372.88,1368.07,1362.98,1357.05,1351.14,1346.40,1342.01,1336.77,1329.76,1323.32,1316.82,1310.37,1305.33,1300.43,1295.79,1291.27,1286.51,1281.17,1275.49,1270.38,1267.37,1269.20,1274.98,1281.11,1286.73,1292.69,1299.44,1305.42,1311.07,1317.08,1323.32,1329.41,1335.05,1340.12,1344.66,1349.13,1354.11,1359.32,1364.10,1368.72,1372.54,1375.95,1379.40,1383.60,1387.49,1390.76,1393.35,1395.35,1397.74,1399.79,1401.38,1402.35,1402.22,1400.82,1397.65,1392.78,1387.78,1383.90,1380.84,1378.40,1376.60,1374.72,1372.25,1369.35,1366.43,1364.65,1363.61,1364.17,1366.40,1369.65,1372.01,1372.16,1370.25,1366.54,1362.50,1359.38,1359.46,1363.54,1369.42,1374.57,1379.38,1384.14
1350.28,1350.02,1349.59,1348.71,1347.65,1346.61,1345.83,1347.14,1350.15,1354.33,1359.21,1365.01,1369.99,1374.06,1377.30,1379.71,1381.72,1383.64,1385.49,1387.14,1389.25,1391.11,1392.62,1393.94,1395.34,1396.00,1396.72,1398.09,1399.80,1402.67,1406.05,1409.53,1412.66,1414.75,1416.50,1417.95,1418.79,1418.97,1418.67,1417.95,1416.86,1415.84,1416.15,1417.96,1421.11,1425.40,1429.39,1432.25,1434.64,1437.02,1439.33,1440.98,1442.40,1443.78,1445.04,1446.29,1446.42,1445.64,1444.36,1443.08,1441.80,1440.08,1438.47,1439.27,1441.33,1443.83,1446.42,1448.99,1451.69,1454.23,1456.41,1457.90,1458.26,1458.14,1458.28,1459.18,1461.33,1463.74,1466.13,1468.42,1470.61,1473.16,1475.77,1478.43,1481.04,1483.24,1485.43,1487.62,1489.58,1490.92,1491.99,1493.10,1493.98,1494.39,1494.53,1494.49,1494.57,1494.77,1494.92,1495.64,1496.49,1497.37,1498.28,1499.21,1500.19,1501.28,1502.58,1504.10,1505.28,1505.84,1505.95,1505.93,1505.81,1505.71,1505.63,1505.54,1505.34,1505.14,1504.98,1504.82,1504.43,1503.85,1503.01,1502.01,1501.02,1500.26,1498.78,1496.95,1495.04,1493.14,1491.22,1489.28,1487.49,1486.13,1484.67,1483.15,1481.60,1479.93,1477.68,1475.30,1472.89,1470.26,1466.92,1463.51,1460.09,1456.46,1452.34,1447.95,1443.34,1437.39,1429.98,1423.87,1421.25,1421.55,1423.46,1425.03,1425.53,1424.99,1423.74,1421.99,1420.02,1417.72,1415.17,1412.57,1410.36,1408.66,1406.70,1404.16,1400.60,1395.62,1390.25,1385.26,1380.80,1376.00,1370.96,1366.08,1360.93,1354.54,1349.01,1344.46,1340.10,1334.98,1328.46,1322.04,1315.43,1308.91,1303.82,1298.69,1293.77,1288.84,1283.50,1278.10,1272.57,1267.79,1265.45,1268.51,1274.12,1279.89,1285.37,1291.30,1298.59,1304.77,1310.36,1316.38,1322.67,1328.85,1334.70,1340.12,1345.08,1350.13,1355.59,1361.00,1365.58,1369.92,1373.78,1377.44,1381.38,1386.43,1390.32,1393.25,1395.63,1397.86,1399.76,1400.95,1401.70,1402.11,1401.23,1399.32,1395.67,1390.22,1384.55,1380.12,1376.58,1373.80,1371.95,1370.16,1367.79,1364.90,1361.93,1360.13,1359.08,1359.83,1362.28,1365.21,1367.15,1367.44,1366.05,1362.88,1359.07,1355.76,1355.50,1359.33,1365.34,1370.71,1375.61,1380.28
1355.08,1354.78,1354.14,1353.10,1351.85,1350.60,1349.66,1349.89,1352.22,1356.37,1361.46,1367.62,1372.95,1377.25,1380.57,1383.15,1385.39,1387.42,1389.21,1390.77,1392.82,1394.91,1396.65,1397.66,1398.64,1398.70,1398.69,1399.47,1401.51,1404.59,1408.02,1411.47,1414.70,1417.28,1419.22,1420.77,1422.03,1422.51,1422.39,1421.64,1420.22,1418.51,1417.72,1418.66,1421.30,1425.43,1429.39,1432.22,1434.58,1436.97,1439.32,1440.94,1442.37,1443.80,1445.18,1446.68,1447.29,1446.92,1445.73,1444.54,1443.00,1441.19,1439.61,1439.72,1441.51,1443.93,1446.48,1449.06,1451.80,1454.52,1457.00,1458.91,1459.87,1460.07,1460.16,1460.74,1462.62,1464.94,1467.26,1469.36,1471.20,1473.63,1476.17,1478.72,1481.17,1483.35,1485.48,1487.62,1489.58,1490.93,1492.04,1493.13,1494.18,1495.10,1495.63,1495.87,1496.06,1496.27,1496.47,1497.20,1498.05,1498.91,1499.75,1500.46,1501.16,1501.97,1502.99,1504.31,1505.26,1505.69,1505.75,1505.74,1505.67,1505.59,1505.42,1505.09,1504.70,1504.33,1504.07,1503.83,1503.51,1503.14,1502.60,1501.87,1500.99,1500.16,1498.69,1496.91,1495.05,1493.24,1491.38,1489.58,1487.90,1486.45,1484.94,1483.39,1481.85,1480.14,1477.67,1475.01,1472.41,1469.61,1465.92,1462.41,1459.05,1455.63,1451.82,1447.59,1443.14,1437.43,1430.06,1422.61,1418.55,1417.85,1419.23,1420.60,1421.28,1420.85,1419.63,1417.89,1415.95,1413.26,1410.07,1406.81,1404.39,1402.97,1401.82,1400.13,1396.85,1392.03,1387.56,1383.41,1379.25,1374.58,1369.19,1363.96,1358.35,1351.03,1345.90,1341.56,1337.22,1332.32,1326.33,1320.45,1314.53,1308.65,1303.34,1297.81,1292.31,1286.75,1280.92,1275.25,1269.95,1265.62,1263.89,1267.99,1273.28,1278.68,1284.03,1289.68,1297.62,1303.90,1309.22,1315.03,1321.30,1327.56,1333.66,1339.51,1344.94,1350.24,1355.95,1361.54,1366.07,1370.32,1374.26,1378.24,1382.63,1387.64,1391.38,1394.40,1397.02,1399.26,1400.50,1401.29,1401.65,1401.34,1400.46,1397.52,1393.18,1387.79,1381.89,1377.19,1373.00,1369.35,1366.76,1364.41,1361.83,1359.23,1356.88,1355.10,1353.99,1355.04,1358.01,1361.04,1362.64,1362.59,1361.22,1358.64,1355.29,1352.01,1351.42,1354.67,1360.34,1366.02,1371.20,1375.91
1359.53,1359.23,1358.55,1357.51,1356.24,1354.93,1353.97,1353.81,1355.35,1358.83,1364.31,1370.35,1375.60,1379.89,1383.20,1386.01,1388.40,1390.48,1392.31,1394.12,1396.29,1398.34,1399.95,1400.85,1401.56,1401.50,1401.32,1401.74,1403.49,1406.32,1409.68,1413.28,1416.80,1419.97,1422.36,1424.24,1425.76,1426.49,1426.55,1426.01,1424.72,1422.55,1420.93,1420.57,1422.00,1425.85,1429.47,1432.19,1434.55,1436.92,1439.32,1441.12,1442.71,1444.28,1445.85,1447.51,1448.28,1448.13,1447.15,1445.89,1444.41,1442.72,1441.11,1440.58,1442.02,1444.21,1446.62,1449.17,1451.92,1454.72,1457.41,1459.68,1460.89,1461.56,1461.87,1462.32,1464.00,1466.12,1468.07,1469.85,1471.65,1473.89,1476.35,1478.84,1481.22,1483.39,1485.52,1487.61,1489.49,1490.84,1491.93,1493.01,1494.11,1495.24,1496.20,1496.86,1497.34,1497.71,1498.01,1498.73,1499.52,1500.32,1501.11,1501.75,1502.32,1502.94,1503.71,1504.68,1505.29,1505.56,1505.61,1505.60,1505.50,1505.24,1504.84,1504.36,1503.93,1503.51,1503.16,1502.89,1502.58,1502.30,1501.92,1501.42,1500.72,1499.74,1498.30,1496.62,1494.84,1493.10,1491.35,1489.64,1488.01,1486.46,1484.87,1483.28,1481.72,1479.96,1477.07,1474.18,1471.30,1468.13,1464.18,1460.69,1457.48,1454.27,1450.78,1446.95,1442.76,1437.30,1430.08,1422.27,1417.39,1415.22,1414.99,1415.80,1416.19,1415.91,1415.02,1413.53,1411.61,1408.47,1404.78,1401.19,1398.85,1397.78,1397.00,1395.71,1393.05,1389.45,1385.93,1382.33,1378.30,1373.48,1367.71,1361.49,1354.90,1347.95,1343.02,1338.58,1334.09,1329.31,1323.82,1318.55,1313.30,1307.99,1302.84,1297.21,1291.19,1284.91,1278.52,1272.57,1267.17,1263.22,1262.46,1267.49,1272.72,1277.81,1282.86,1288.28,1296.13,1302.60,1308.03,1313.65,1319.99,1326.24,1332.47,1338.60,1344.24,1349.63,1355.52,1361.32,1365.84,1370.12,1374.19,1378.32,1382.79,1387.76,1391.59,1394.83,1397.66,1399.78,1400.65,1401.05,1401.09,1400.42,1398.51,1395.00,1390.54,1385.33,1379.64,1374.83,1370.03,1365.36,1361.55,1358.25,1355.64,1353.49,1351.67,1350.07,1349.14,1350.41,1353.49,1356.18,1357.44,1357.38,1356.30,1354.19,1351.26,1348.11,1347.53,1350.61,1355.63,1361.13,1366.38,1371.24
1363.73,1363.43,1362.76,1361.76,1360.52,1359.21,1358.35,1358.32,1359.35,1362.04,1367.50,1373.00,1377.91,1382.07,1385.37,1388.42,1390.92,1393.05,1395.00,1397.15,1399.47,1401.38,1402.82,1403.74,1404.30,1404.34,1404.22,1404.40,1405.60,1408.01,1411.28,1415.06,1418.97,1422.74,1425.61,1427.79,1429.41,1430.34,1430.55,1430.30,1429.36,1427.01,1424.85,1423.20,1423.17,1426.40,1429.55,1432.16,1434.54,1436.92,1439.37,1441.42,1443.26,1445.01,1446.78,1448.54,1449.34,1449.30,1448.58,1447.28,1445.99,1444.52,1442.90,1441.84,1442.74,1444.58,1446.84,1449.33,1452.08,1454.92,1457.75,1460.25,1461.53,1462.65,1463.30,1463.81,1465.34,1467.16,1468.66,1470.14,1472.03,1474.12,1476.48,1478.89,1481.22,1483.36,1485.49,1487.50,1489.30,1490.67,1491.73,1492.82,1493.95,1495.16,1496.49,1497.58,1498.39,1498.97,1499.44,1500.17,1500.91,1501.65,1502.41,1503.07,1503.55,1504.01,1504.53,1505.08,1505.33,1505.45,1505.50,1505.46,1505.30,1504.78,1504.11,1503.52,1503.09,1502.65,1502.27,1501.95,1501.66,1501.42,1501.11,1500.70,1500.13,1499.01,1497.61,1496.04,1494.36,1492.70,1491.06,1489.41,1487.76,1486.15,1484.48,1482.87,1481.25,1479.29,1475.99,1472.87,1469.65,1466.06,1462.02,1458.64,1455.58,1452.57,1449.38,1446.01,1442.10,1436.88,1429.96,1422.31,1416.87,1413.12,1410.97,1410.94,1410.91,1410.71,1410.16,1408.94,1406.92,1403.41,1399.36,1395.63,1393.52,1392.78,1392.19,1391.16,1389.38,1387.35,1384.74,1381.55,1377.62,1372.66,1366.47,1359.10,1351.44,1345.33,1340.43,1335.75,1331.06,1326.32,1321.28,1316.58,1311.88,1307.08,1302.22,1296.62,1290.15,1283.18,1276.26,1270.04,1264.50,1260.96,1261.28,1267.03,1272.33,1277.17,1281.90,1287.12,1294.46,1301.10,1306.82,1312.23,1318.60,1324.82,1331.13,1337.47,1343.19,1348.60,1354.63,1360.61,1365.21,1369.61,1373.80,1377.96,1382.32,1387.24,1391.26,1394.75,1397.74,1399.72,1400.40,1400.32,1399.88,1398.89,1395.80,1392.05,1387.71,1382.78,1377.50,1372.60,1367.22,1361.58,1356.52,1352.34,1349.77,1348.03,1346.56,1345.16,1344.46,1345.82,1348.76,1350.98,1351.96,1352.02,1351.27,1349.52,1346.96,1344.11,1343.75,1346.83,1351.18,1356.25,1361.42,1366.39
1367.56,1367.19,1366.37,1365.23,1363.88,1362.56,1362.02,1363.16,1365.15,1367.72,1371.11,1375.04,1379.26,1383.28,1386.72,1389.96,1392.58,1394.88,1397.07,1399.33,1401.53,1403.49,1405.14,1406.30,1406.95,1407.13,1407.10,1407.13,1407.74,1409.94,1413.11,1416.93,1421.34,1425.60,1428.54,1430.46,1431.78,1432.72,1433.06,1432.97,1432.33,1430.72,1428.66,1426.60,1425.48,1426.74,1429.55,1432.16,1434.61,1437.14,1439.65,1441.88,1443.98,1446.00,1447.87,1449.57,1450.40,1450.48,1450.00,1449.11,1447.95,1446.63,1445.26,1444.08,1443.80,1445.01,1447.21,1449.59,1452.40,1455.31,1458.07,1460.39,1461.70,1462.91,1463.94,1464.92,1466.25,1467.64,1468.94,1470.42,1472.41,1474.53,1476.75,1479.03,1481.25,1483.22,1485.13,1487.01,1488.80,1490.30,1491.42,1492.60,1493.87,1495.20,1496.58,1497.88,1498.90,1499.67,1500.43,1501.28,1502.12,1502.91,1503.68,1504.45,1504.77,1504.96,1505.15,1505.25,1505.36,1505.41,1505.41,1505.27,1504.94,1504.25,1503.43,1502.70,1502.19,1501.76,1501.37,1501.03,1500.78,1500.59,1500.13,1499.45,1498.60,1497.46,1496.10,1494.62,1493.06,1491.65,1490.08,1488.31,1486.51,1484.94,1483.39,1481.90,1479.99,1477.20,1473.92,1470.52,1466.84,1462.95,1459.42,1456.29,1453.34,1450.42,1447.41,1444.33,1440.48,1435.54,1429.30,1422.21,1416.19,1411.32,1407.86,1406.66,1406.40,1405.93,1405.10,1403.76,1401.34,1397.80,1393.74,1390.02,1388.31,1387.69,1387.29,1386.90,1386.44,1385.45,1383.47,1380.65,1376.96,1372.39,1365.72,1357.68,1349.69,1343.95,1338.67,1333.76,1328.94,1324.07,1319.33,1314.85,1310.37,1305.78,1301.07,1295.48,1288.82,1281.50,1274.21,1267.85,1262.61,1259.73,1260.85,1266.80,1272.13,1276.91,1281.57,1286.63,1293.00,1299.60,1305.59,1310.67,1316.75,1322.99,1329.45,1335.95,1341.74,1347.19,1353.17,1359.20,1364.22,1368.87,1373.02,1376.99,1381.16,1386.03,1390.30,1393.87,1396.75,1398.75,1399.50,1398.58,1396.88,1395.01,1391.97,1388.50,1384.45,1379.83,1375.12,1369.86,1363.94,1357.80,1352.35,1348.30,1345.74,1343.88,1342.30,1340.78,1340.03,1341.07,1343.52,1345.65,1346.55,1346.66,1345.97,1344.23,1342.01,1339.99,1340.16,1343.18,1347.31,1351.82,1356.63,1361.36
1371.31,1370.86,1369.89,1368.53,1367.02,1365.81,1365.91,1367.91,1370.53,1373.03,1374.98,1377.46,1380.79,1384.47,1387.99,1391.24,1393.99,1396.47,1398.83,1401.16,1403.35,1405.43,1407.28,1408.63,1409.43,1409.75,1409.83,1409.86,1410.10,1412.00,1414.92,1418.69,1423.52,1427.93,1430.78,1432.54,1433.80,1434.89,1435.42,1435.48,1435.02,1433.90,1431.90,1429.68,1427.89,1427.65,1429.83,1432.33,1434.85,1437.45,1439.99,1442.28,1444.51,1446.68,1448.64,1450.36,1451.43,1451.81,1451.44,1450.87,1449.96,1448.79,1447.44,1446.20,1445.25,1445.79,1447.57,1449.88,1452.69,1455.61,1458.31,1460.46,1461.78,1463.03,1464.31,1465.63,1466.90,1468.05,1469.31,1470.89,1472.97,1475.09,1477.20,1479.29,1481.30,1483.11,1484.85,1486.61,1488.36,1489.94,1491.21,1492.51,1493.86,1495.25,1496.65,1498.02,1499.21,1500.21,1501.21,1502.19,1503.12,1503.97,1504.72,1505.36,1505.51,1505.49,1505.47,1505.33,1505.26,1505.17,1505.03,1504.85,1504.49,1503.74,1502.82,1501.97,1501.34,1500.83,1500.34,1499.83,1499.34,1499.03,1498.37,1497.41,1496.37,1495.23,1493.95,1492.48,1490.93,1489.75,1488.19,1486.48,1484.79,1483.28,1481.74,1479.97,1477.61,1474.34,1470.82,1467.14,1463.30,1459.53,1456.36,1453.25,1450.46,1447.77,1444.91,1442.02,1438.33,1433.77,1428.27,1421.92,1415.38,1409.64,1405.23,1402.87,1402.09,1401.30,1400.31,1398.96,1396.26,1392.67,1388.68,1385.01,1383.21,1382.50,1382.32,1382.56,1383.16,1383.02,1381.62,1379.34,1376.24,1372.15,1365.36,1356.99,1348.69,1342.87,1337.33,1332.21,1327.18,1322.06,1317.40,1313.00,1308.56,1304.00,1299.24,1293.72,1287.04,1279.59,1272.12,1265.73,1260.65,1258.39,1260.45,1266.42,1271.83,1276.67,1281.28,1286.06,1291.51,1298.12,1304.42,1309.26,1314.97,1321.12,1327.63,1334.24,1340.16,1345.70,1351.54,1357.44,1362.72,1367.52,1371.73,1375.68,1379.71,1384.43,1388.91,1392.50,1395.18,1397.13,1397.41,1395.71,1393.01,1390.21,1387.53,1384.53,1380.93,1376.74,1372.31,1366.73,1360.34,1353.90,1348.63,1344.75,1342.03,1339.93,1338.20,1336.56,1335.67,1336.37,1338.37,1340.29,1341.12,1341.19,1340.41,1338.61,1336.87,1336.22,1337.29,1340.21,1344.05,1348.08,1352.39,1356.76
1375.01,1374.47,1373.39,1371.74,1370.04,1369.06,1370.12,1372.51,1375.22,1377.63,1379.10,1380.46,1382.74,1385.80,1389.27,1392.36,1395.23,1397.88,1400.32,1402.71,1405.03,1407.26,1409.27,1410.73,1411.72,1412.20,1412.43,1412.55,1412.71,1414.17,1416.69,1420.36,1425.48,1429.63,1432.27,1434.05,1435.60,1436.96,1437.72,1437.91,1437.53,1436.56,1434.56,1432.31,1430.30,1429.24,1430.41,1432.69,1435.26,1437.81,1440.34,1442.59,1444.80,1446.99,1449.03,1450.85,1452.38,1453.23,1452.92,1452.54,1452.03,1450.98,1449.41,1448.10,1447.09,1446.96,1447.92,1450.21,1452.91,1455.79,1458.46,1460.54,1461.85,1463.10,1464.49,1465.97,1467.33,1468.45,1469.81,1471.57,1473.76,1475.81,1477.84,1479.70,1481.39,1483.08,1484.72,1486.36,1488.00,1489.61,1491.11,1492.53,1493.92,1495.32,1496.71,1498.05,1499.38,1500.66,1501.80,1502.88,1503.91,1504.83,1505.49,1505.72,1505.71,1505.62,1505.47,1505.30,1505.01,1504.64,1504.29,1504.13,1503.89,1503.22,1502.30,1501.35,1500.56,1499.84,1499.12,1498.31,1497.30,1496.68,1495.76,1494.60,1493.47,1492.27,1491.06,1489.58,1487.93,1486.94,1485.38,1483.91,1482.61,1481.16,1479.43,1476.99,1474.06,1470.70,1466.68,1462.74,1459.12,1455.82,1452.76,1449.43,1446.83,1444.55,1441.85,1439.08,1435.66,1431.61,1426.87,1421.35,1414.40,1408.06,1403.02,1399.59,1397.96,1396.86,1395.88,1394.61,1391.79,1388.14,1384.27,1380.67,1378.25,1377.21,1377.22,1378.01,1379.30,1379.87,1379.05,1377.51,1375.36,1371.82,1365.34,1356.95,1348.30,1341.97,1336.33,1331.02,1325.68,1320.24,1315.41,1310.92,1306.42,1301.73,1296.75,1291.31,1284.74,1277.37,1269.94,1263.62,1258.52,1256.80,1259.99,1265.85,1271.37,1276.36,1280.93,1285.34,1289.99,1296.63,1303.26,1307.98,1313.30,1319.25,1325.68,1332.34,1338.46,1344.12,1349.76,1355.38,1360.70,1365.51,1369.93,1374.06,1378.04,1382.51,1387.11,1390.68,1393.15,1394.93,1394.20,1391.79,1388.42,1384.74,1382.53,1380.11,1377.12,1373.43,1368.98,1363.19,1356.46,1349.96,1345.32,1341.51,1338.46,1336.03,1334.18,1332.43,1331.35,1331.75,1333.36,1334.91,1335.62,1335.52,1334.54,1332.70,1331.75,1333.02,1335.32,1338.18,1341.68,1345.36,1349.21,1353.23
1378.60,1378.04,1376.72,1374.89,1373.18,1372.47,1374.30,1376.86,1379.49,1381.82,1383.34,1384.46,1385.94,1388.00,1390.70,1393.60,1396.51,1399.21,1401.69,1404.20,1406.63,1408.86,1410.86,1412.50,1413.71,1414.45,1414.84,1414.99,1415.15,1416.11,1418.38,1422.16,1427.38,1430.88,1433.31,1435.26,1437.05,1438.55,1439.25,1439.43,1439.22,1438.69,1437.23,1435.18,1433.01,1431.44,1431.34,1433.10,1435.57,1438.07,1440.49,1442.67,1444.81,1446.95,1449.01,1450.84,1452.55,1453.93,1454.59,1454.59,1454.35,1453.42,1451.77,1450.33,1449.03,1448.35,1448.74,1450.82,1453.24,1456.01,1458.63,1460.66,1461.97,1463.34,1464.86,1466.45,1467.89,1468.97,1470.41,1472.31,1474.57,1476.73,1478.70,1480.41,1481.87,1483.31,1484.73,1486.26,1487.87,1489.45,1490.99,1492.46,1493.90,1495.33,1496.76,1498.17,1499.59,1500.97,1502.17,1503.38,1504.54,1505.45,1505.87,1505.96,1505.88,1505.72,1505.49,1505.10,1504.21,1503.40,1502.90,1502.80,1502.77,1502.53,1501.96,1500.97,1499.83,1498.51,1497.37,1496.40,1495.23,1494.26,1493.17,1491.78,1489.99,1488.24,1486.67,1485.30,1484.14,1483.17,1481.90,1480.63,1479.37,1477.84,1475.60,1472.72,1469.44,1465.87,1462.00,1458.33,1454.81,1451.34,1447.69,1444.46,1442.17,1440.31,1438.07,1435.59,1432.54,1429.02,1424.89,1419.75,1412.88,1406.33,1400.88,1396.98,1394.76,1393.34,1392.00,1390.15,1387.14,1383.48,1379.74,1376.30,1373.63,1371.81,1371.45,1372.28,1373.86,1375.13,1375.23,1374.66,1373.46,1370.89,1364.92,1356.73,1347.99,1341.18,1335.30,1329.81,1324.32,1318.67,1313.14,1308.38,1303.80,1299.13,1294.30,1288.60,1281.89,1274.66,1267.63,1261.26,1256.20,1255.16,1259.46,1265.10,1270.61,1275.74,1280.43,1284.59,1288.73,1294.87,1301.29,1306.23,1311.40,1317.19,1323.52,1330.11,1336.28,1342.07,1347.62,1353.08,1358.42,1363.41,1368.09,1372.40,1376.36,1380.53,1384.86,1388.66,1391.59,1393.06,1391.75,1388.23,1383.77,1379.64,1377.22,1375.04,1372.42,1369.05,1364.75,1358.97,1352.71,1346.85,1342.36,1338.28,1334.92,1332.15,1329.90,1327.95,1326.80,1327.07,1328.38,1329.28,1329.63,1329.06,1327.86,1326.89,1328.63,1331.88,1335.41,1338.95,1342.87,1346.73,1351.36,1356.32
1382.07,1381.58,1380.04,1378.03,1376.26,1375.74,1378.10,1380.76,1383.38,1385.73,1387.37,1388.44,1389.33,1390.48,1392.34,1394.96,1397.82,1400.51,1403.00,1405.59,1408.09,1410.34,1412.34,1414.12,1415.58,1416.57,1417.15,1417.36,1417.57,1418.16,1420.13,1423.81,1428.93,1431.83,1434.09,1436.22,1438.18,1439.70,1440.31,1440.46,1440.42,1440.26,1439.40,1437.72,1435.62,1433.80,1432.65,1433.62,1435.72,1438.14,1440.40,1442.53,1444.62,1446.72,1448.83,1450.70,1452.49,1454.28,1455.88,1456.52,1456.64,1455.96,1454.48,1452.97,1451.38,1450.23,1450.02,1451.53,1453.68,1456.28,1458.79,1460.78,1462.15,1463.67,1465.29,1466.96,1468.49,1469.65,1471.18,1473.14,1475.42,1477.66,1479.57,1481.13,1482.42,1483.68,1484.93,1486.35,1487.89,1489.40,1490.93,1492.42,1493.88,1495.34,1496.80,1498.27,1499.74,1501.16,1502.43,1503.76,1505.02,1505.91,1506.12,1506.17,1506.06,1505.86,1505.50,1504.72,1503.20,1501.98,1501.36,1501.34,1501.51,1501.69,1501.50,1500.61,1499.17,1497.33,1495.76,1494.55,1493.26,1491.86,1490.34,1488.46,1485.98,1483.79,1482.00,1480.79,1480.11,1479.17,1478.18,1477.07,1475.78,1474.07,1471.35,1468.13,1464.64,1460.99,1457.39,1453.75,1449.98,1446.06,1442.07,1439.09,1437.17,1435.67,1433.83,1431.61,1428.98,1425.93,1422.19,1417.25,1410.87,1404.55,1398.96,1394.59,1391.52,1389.55,1387.73,1385.30,1382.23,1378.70,1375.00,1371.41,1368.51,1366.32,1365.81,1366.67,1368.38,1370.12,1371.01,1371.26,1370.79,1368.95,1363.69,1356.11,1347.69,1340.53,1334.30,1328.60,1322.97,1317.10,1310.92,1305.78,1301.05,1296.40,1291.64,1285.60,1278.72,1271.68,1265.14,1258.58,1253.99,1253.82,1258.87,1264.28,1269.78,1275.01,1279.76,1283.78,1287.58,1293.03,1299.05,1304.36,1309.47,1315.14,1321.32,1327.75,1333.85,1339.70,1345.23,1350.59,1355.96,1361.11,1366.01,1370.51,1374.57,1378.61,1382.68,1386.58,1389.81,1391.08,1389.29,1384.85,1379.51,1374.96,1371.97,1369.59,1367.06,1363.98,1359.99,1354.57,1349.07,1344.00,1339.56,1335.18,1331.50,1328.37,1325.68,1323.44,1322.11,1322.13,1323.01,1323.34,1323.40,1322.76,1322.11,1322.88,1327.35,1332.12,1336.63,1340.97,1345.49,1349.90,1355.37,1361.10
1385.32,1385.04,1383.53,1381.14,1379.08,1378.59,1380.87,1383.66,1386.55,1389.16,1390.78,1391.73,1392.38,1393.14,1394.43,1396.58,1399.20,1401.80,1404.23,1406.73,1409.25,1411.66,1413.81,1415.54,1417.28,1418.51,1419.31,1419.73,1420.04,1420.69,1422.16,1424.95,1429.62,1432.27,1434.46,1436.65,1438.74,1439.96,1440.57,1440.84,1440.89,1440.68,1440.20,1439.19,1437.77,1436.20,1434.71,1434.38,1435.45,1437.79,1439.83,1441.95,1444.06,1446.21,1448.50,1450.52,1452.37,1454.19,1456.06,1457.82,1458.65,1458.64,1457.83,1456.48,1454.77,1453.26,1452.24,1452.32,1454.33,1456.70,1458.94,1460.89,1462.48,1464.11,1465.77,1467.41,1469.08,1470.74,1472.37,1474.15,1476.30,1478.53,1480.26,1481.67,1482.94,1484.23,1485.53,1486.84,1488.16,1489.54,1491.01,1492.48,1493.92,1495.34,1496.80,1498.27,1499.74,1501.18,1502.55,1503.97,1505.20,1506.05,1506.31,1506.40,1506.30,1506.06,1505.47,1503.99,1502.05,1500.57,1499.83,1499.91,1500.26,1500.54,1500.60,1500.17,1498.69,1496.79,1494.87,1493.10,1491.62,1489.59,1486.84,1483.76,1480.92,1478.97,1477.58,1476.62,1475.97,1475.21,1474.26,1473.23,1471.94,1469.87,1466.93,1463.52,1460.07,1456.81,1453.35,1448.78,1443.81,1439.18,1435.91,1433.43,1431.89,1430.63,1428.80,1426.71,1424.57,1421.80,1417.90,1413.03,1407.86,1402.71,1397.58,1392.34,1387.60,1384.46,1382.06,1379.53,1376.80,1373.72,1369.76,1365.22,1361.86,1360.67,1360.96,1362.13,1363.82,1365.48,1366.54,1367.06,1366.74,1364.76,1360.56,1354.55,1347.42,1340.16,1333.39,1327.38,1321.54,1315.35,1308.97,1303.34,1298.29,1293.53,1288.44,1282.06,1275.08,1268.27,1262.25,1255.26,1252.17,1253.29,1258.11,1263.38,1268.92,1274.12,1278.79,1282.89,1286.57,1291.19,1296.66,1302.49,1307.62,1313.24,1319.18,1325.21,1331.04,1336.84,1342.39,1347.79,1353.17,1358.36,1363.30,1368.01,1372.49,1376.91,1381.03,1384.50,1387.20,1388.61,1386.24,1381.70,1376.33,1371.12,1367.08,1363.51,1360.49,1357.80,1354.41,1350.12,1345.67,1341.29,1336.91,1332.42,1328.36,1324.85,1321.87,1319.07,1317.20,1316.47,1316.58,1316.76,1316.80,1317.40,1319.36,1323.60,1329.63,1334.70,1339.49,1344.46,1349.57,1355.18,1360.78,1365.99
1388.40,1388.25,1387.27,1385.47,1383.73,1383.03,1384.50,1386.94,1389.62,1392.06,1393.77,1394.73,1395.29,1395.81,1396.65,1398.34,1400.66,1403.08,1405.45,1407.87,1410.36,1412.79,1415.04,1417.02,1418.92,1420.38,1421.47,1422.20,1422.53,1423.19,1424.42,1426.60,1430.28,1432.71,1434.86,1437.03,1439.08,1440.15,1440.76,1441.17,1441.36,1441.12,1440.78,1440.16,1439.26,1438.11,1436.56,1435.77,1436.06,1437.48,1439.29,1441.35,1443.54,1445.83,1448.19,1450.31,1452.26,1454.23,1456.40,1458.65,1459.78,1460.13,1459.81,1458.93,1457.70,1456.28,1454.88,1454.06,1455.18,1457.20,1459.43,1461.52,1463.30,1465.02,1466.69,1468.44,1470.48,1472.50,1474.26,1475.86,1477.47,1479.33,1480.84,1482.16,1483.43,1484.71,1486.02,1487.29,1488.48,1489.60,1490.91,1492.33,1493.78,1495.21,1496.64,1498.13,1499.63,1501.10,1502.50,1503.93,1505.22,1506.15,1506.46,1506.60,1506.49,1506.07,1505.14,1503.34,1501.27,1499.67,1498.71,1498.45,1498.78,1499.07,1499.09,1498.57,1497.31,1495.60,1493.75,1491.85,1489.85,1487.03,1483.64,1480.12,1477.00,1474.83,1473.31,1472.17,1471.31,1470.50,1469.52,1468.48,1467.20,1465.10,1462.18,1458.91,1455.63,1452.40,1448.65,1443.51,1438.08,1433.21,1429.80,1427.45,1425.93,1424.63,1422.95,1421.14,1419.15,1416.60,1413.20,1409.14,1404.91,1400.12,1394.73,1388.90,1382.99,1378.66,1375.41,1372.57,1369.68,1366.23,1362.30,1358.42,1356.12,1355.78,1356.46,1357.68,1359.26,1360.77,1361.79,1362.36,1362.25,1360.71,1357.57,1352.79,1346.67,1339.70,1332.48,1326.23,1320.31,1314.00,1307.62,1301.69,1296.07,1290.68,1285.43,1278.93,1272.16,1265.67,1259.69,1252.88,1250.63,1252.37,1257.11,1262.16,1267.68,1272.87,1277.53,1281.71,1285.45,1289.59,1294.54,1300.39,1305.51,1310.89,1316.59,1322.43,1328.05,1333.86,1339.51,1344.99,1350.37,1355.57,1360.58,1365.39,1370.01,1374.56,1378.84,1382.32,1384.88,1386.22,1383.97,1379.27,1373.51,1367.78,1362.82,1358.32,1354.87,1352.44,1349.74,1346.26,1342.39,1338.31,1333.97,1329.52,1325.28,1321.38,1317.88,1314.60,1312.51,1311.60,1311.54,1311.92,1313.74,1316.59,1320.82,1326.86,1332.73,1337.80,1342.82,1348.21,1353.92,1359.58,1364.92,1369.89
1391.26,1391.27,1390.97,1390.10,1388.96,1388.06,1388.45,1390.35,1392.61,1394.76,1396.55,1397.56,1398.11,1398.49,1399.00,1400.30,1402.25,1404.44,1406.72,1409.05,1411.47,1413.84,1416.16,1418.47,1420.51,1422.17,1423.58,1424.63,1425.02,1425.70,1426.80,1428.47,1430.96,1433.15,1435.24,1437.34,1439.29,1440.28,1440.91,1441.45,1441.82,1441.59,1441.27,1440.85,1440.33,1439.63,1438.24,1437.45,1437.17,1437.43,1438.89,1440.86,1443.11,1445.53,1447.91,1450.12,1452.20,1454.36,1456.79,1459.17,1460.39,1460.95,1461.05,1460.72,1460.14,1459.03,1457.56,1456.24,1456.21,1457.81,1460.10,1462.41,1464.39,1466.19,1467.98,1469.97,1472.48,1474.74,1476.54,1477.87,1478.80,1480.12,1481.38,1482.62,1483.90,1485.15,1486.45,1487.70,1488.77,1489.60,1490.67,1492.04,1493.50,1494.95,1496.37,1497.87,1499.42,1500.94,1502.32,1503.70,1505.05,1506.12,1506.52,1506.69,1506.51,1505.84,1504.57,1502.72,1500.70,1499.06,1497.84,1497.06,1497.19,1497.39,1497.17,1496.36,1495.39,1493.98,1492.34,1490.44,1487.80,1484.26,1480.59,1477.02,1473.68,1471.04,1469.06,1467.48,1466.23,1465.27,1464.20,1463.11,1461.83,1459.91,1457.23,1454.33,1451.29,1447.93,1443.70,1438.20,1432.63,1427.65,1423.69,1421.27,1419.58,1418.14,1416.66,1415.19,1413.27,1411.00,1408.37,1405.31,1401.69,1396.80,1390.87,1384.56,1377.75,1372.35,1368.22,1365.00,1361.73,1357.65,1353.94,1351.41,1350.68,1351.08,1351.98,1353.17,1354.66,1356.01,1356.92,1357.50,1357.61,1356.77,1354.59,1350.82,1345.60,1339.07,1331.53,1325.09,1319.17,1312.92,1306.69,1300.57,1294.33,1288.17,1282.79,1276.24,1269.75,1263.53,1257.36,1251.04,1249.27,1251.26,1255.92,1260.74,1266.18,1271.38,1276.08,1280.37,1284.23,1288.10,1292.59,1298.09,1303.16,1308.28,1313.74,1319.46,1324.90,1330.71,1336.49,1342.11,1347.55,1352.78,1357.85,1362.71,1367.36,1371.96,1376.43,1380.12,1382.77,1383.93,1381.97,1377.05,1370.81,1364.61,1358.87,1353.70,1349.90,1347.59,1345.53,1342.63,1339.07,1335.05,1330.73,1326.38,1322.04,1317.79,1313.79,1310.24,1308.07,1307.39,1307.84,1308.94,1313.16,1318.45,1324.46,1331.14,1336.14,1341.10,1346.35,1352.03,1358.16,1363.32,1368.20,1372.98
1393.50,1393.86,1393.91,1393.31,1392.56,1392.03,1391.86,1393.36,1395.47,1397.63,1399.32,1400.31,1400.86,1401.24,1401.71,1402.78,1404.34,1406.17,1408.21,1410.50,1412.74,1414.98,1417.29,1419.67,1422.02,1423.84,1425.37,1426.69,1427.48,1428.28,1429.13,1430.16,1431.75,1433.61,1435.53,1437.49,1439.34,1440.35,1441.01,1441.63,1442.14,1442.14,1441.85,1441.42,1440.96,1440.42,1439.62,1438.99,1438.61,1438.55,1439.15,1440.84,1443.00,1445.33,1447.72,1450.05,1452.30,1454.58,1456.99,1459.35,1460.61,1461.42,1461.98,1461.87,1461.34,1460.47,1459.38,1458.27,1457.75,1458.83,1460.87,1463.32,1465.52,1467.65,1469.97,1472.58,1475.46,1477.69,1478.99,1479.68,1480.16,1481.07,1482.06,1483.12,1484.30,1485.58,1486.89,1487.96,1488.78,1489.47,1490.25,1491.51,1492.97,1494.44,1495.93,1497.38,1498.95,1500.57,1501.86,1503.15,1504.40,1505.52,1506.25,1506.44,1505.89,1504.91,1503.62,1502.00,1500.22,1498.59,1497.17,1496.00,1495.67,1495.36,1494.82,1494.01,1493.13,1491.82,1490.08,1487.80,1484.63,1481.10,1477.54,1474.00,1470.47,1467.24,1464.58,1462.29,1460.42,1459.28,1458.08,1456.87,1455.61,1454.06,1452.07,1449.81,1447.12,1443.65,1439.20,1433.49,1427.47,1421.86,1417.60,1414.85,1413.03,1411.62,1410.22,1408.94,1407.63,1406.06,1403.92,1400.95,1397.08,1391.91,1385.65,1378.71,1371.11,1365.19,1360.79,1357.37,1353.78,1349.86,1346.66,1344.80,1344.53,1345.44,1346.72,1348.18,1349.80,1351.12,1352.19,1352.99,1353.34,1352.98,1351.20,1348.29,1344.11,1337.91,1330.41,1323.89,1318.03,1312.19,1306.25,1300.11,1293.67,1287.21,1281.49,1274.66,1268.04,1261.69,1255.30,1249.59,1248.16,1250.07,1254.36,1259.05,1264.36,1269.59,1274.44,1278.83,1282.80,1286.63,1290.72,1295.38,1300.36,1305.48,1310.75,1316.11,1321.36,1327.00,1332.89,1338.87,1344.70,1350.07,1355.13,1360.05,1364.89,1369.74,1374.18,1378.07,1381.02,1381.85,1379.44,1374.21,1367.66,1361.04,1354.90,1349.75,1345.81,1343.17,1341.33,1338.70,1335.19,1331.10,1326.82,1322.45,1317.93,1313.56,1309.67,1306.57,1304.22,1304.45,1307.16,1310.73,1316.11,1322.24,1328.46,1334.24,1339.11,1344.13,1349.65,1355.58,1361.23,1366.01,1370.41,1374.62
1395.57,1396.34,1396.72,1396.41,1395.93,1395.52,1395.05,1396.24,1398.18,1400.24,1401.85,1402.90,1403.53,1403.98,1404.51,1405.45,1406.73,1408.28,1410.10,1412.19,1414.23,1416.32,1418.52,1420.86,1423.40,1425.40,1427.06,1428.48,1429.53,1430.40,1431.11,1431.76,1432.77,1434.30,1435.99,1437.74,1439.46,1440.44,1441.13,1441.78,1442.39,1442.66,1442.48,1442.10,1441.64,1441.20,1440.76,1440.31,1439.96,1439.81,1439.97,1441.39,1443.33,1445.48,1447.79,1450.07,1452.37,1454.70,1457.05,1459.25,1460.55,1461.57,1462.50,1462.85,1462.47,1461.82,1461.08,1460.24,1459.57,1460.33,1462.14,1464.56,1466.91,1469.40,1472.20,1475.21,1477.99,1479.81,1480.66,1480.98,1481.26,1481.99,1482.83,1483.75,1484.81,1486.02,1487.17,1488.03,1488.65,1489.24,1489.80,1490.84,1492.16,1493.61,1495.12,1496.50,1498.12,1499.89,1501.25,1502.46,1503.56,1504.56,1505.28,1505.34,1504.67,1503.64,1502.40,1500.87,1498.99,1497.30,1495.84,1494.58,1494.08,1493.54,1492.86,1492.06,1491.03,1489.41,1487.36,1484.78,1481.41,1478.07,1474.63,1471.03,1467.27,1463.47,1460.06,1457.04,1454.65,1453.35,1452.12,1450.98,1449.91,1448.82,1447.52,1445.82,1443.42,1439.93,1435.23,1429.10,1422.72,1416.82,1412.08,1408.76,1406.66,1405.14,1403.68,1402.48,1401.44,1400.17,1398.26,1395.17,1390.93,1385.60,1379.30,1372.17,1364.78,1359.12,1354.69,1350.83,1346.88,1343.19,1340.34,1338.70,1338.56,1339.76,1341.32,1342.97,1344.72,1346.16,1347.48,1348.55,1349.18,1349.16,1348.03,1345.89,1342.42,1336.60,1329.41,1322.91,1317.11,1311.60,1305.93,1299.83,1293.34,1286.76,1280.77,1273.67,1266.95,1260.58,1254.17,1248.82,1246.97,1248.39,1252.61,1257.17,1262.23,1267.43,1272.51,1277.11,1281.31,1285.19,1288.99,1293.06,1297.77,1302.76,1307.89,1313.12,1318.28,1323.74,1329.51,1335.57,1341.81,1347.31,1352.44,1357.48,1362.56,1367.72,1372.17,1376.09,1378.94,1379.09,1376.32,1370.88,1364.19,1357.47,1351.36,1346.23,1342.11,1339.09,1337.01,1334.39,1330.93,1326.90,1322.66,1318.17,1313.66,1309.40,1305.70,1302.90,1301.13,1302.82,1307.68,1313.09,1319.04,1325.32,1331.33,1336.49,1341.38,1346.45,1352.07,1357.98,1362.90,1367.09,1370.87,1374.34
1397.52,1398.73,1399.45,1399.58,1399.24,1398.58,1398.04,1399.01,1400.69,1402.53,1404.12,1405.32,1406.12,1406.72,1407.37,1408.26,1409.39,1410.79,1412.44,1414.16,1416.01,1417.94,1419.96,1422.14,1424.68,1426.86,1428.63,1430.01,1431.05,1431.93,1432.66,1433.30,1434.05,1435.30,1436.67,1438.16,1439.72,1440.59,1441.25,1441.91,1442.57,1443.10,1443.18,1442.90,1442.47,1442.08,1441.68,1441.38,1441.16,1441.08,1441.37,1442.56,1444.17,1446.03,1448.18,1450.19,1452.37,1454.68,1456.94,1458.88,1460.21,1461.38,1462.57,1463.64,1463.67,1463.27,1462.74,1462.21,1461.67,1462.37,1464.00,1466.23,1468.60,1471.44,1474.57,1477.60,1479.76,1480.79,1481.33,1481.69,1482.07,1482.85,1483.68,1484.54,1485.43,1486.43,1487.25,1487.86,1488.36,1488.89,1489.33,1490.04,1491.07,1492.41,1493.85,1495.16,1496.84,1498.84,1500.46,1501.62,1502.56,1503.26,1503.50,1503.31,1502.82,1502.03,1500.83,1499.15,1496.82,1494.99,1493.72,1492.67,1492.40,1492.03,1491.44,1490.59,1489.14,1486.79,1484.22,1481.53,1478.30,1475.26,1471.88,1468.12,1464.03,1459.72,1455.53,1451.86,1449.12,1447.65,1446.53,1445.64,1444.95,1444.41,1443.71,1442.36,1440.19,1436.80,1431.79,1425.05,1418.50,1412.71,1407.23,1403.10,1400.48,1398.66,1397.00,1395.73,1394.42,1392.96,1391.03,1387.76,1383.20,1377.88,1371.92,1365.16,1359.14,1354.46,1350.19,1345.61,1341.28,1337.78,1335.00,1333.14,1332.89,1334.16,1335.82,1337.57,1339.41,1341.16,1342.77,1344.14,1345.07,1345.26,1345.16,1343.73,1340.55,1335.25,1328.60,1322.23,1316.43,1311.13,1305.68,1299.68,1293.23,1286.66,1280.54,1273.26,1266.53,1260.34,1254.18,1248.85,1245.69,1246.17,1250.66,1255.13,1259.80,1264.88,1270.21,1275.20,1279.77,1283.73,1287.42,1291.26,1295.53,1300.20,1305.25,1310.60,1315.86,1321.17,1326.56,1332.37,1338.90,1344.52,1349.80,1355.05,1360.39,1365.89,1370.45,1374.18,1376.47,1375.57,1372.62,1367.12,1360.45,1354.00,1348.33,1343.15,1338.77,1335.35,1332.56,1329.66,1326.29,1322.48,1318.29,1313.60,1309.34,1305.46,1301.95,1299.16,1298.93,1302.58,1309.12,1315.33,1321.33,1327.16,1332.71,1337.79,1342.77,1347.84,1353.31,1358.85,1362.90,1366.23,1369.24,1371.85
1399.40,1400.73,1401.65,1402.05,1402.02,1401.60,1401.06,1401.57,1402.89,1404.65,1406.31,1407.66,1408.73,1409.59,1410.30,1411.14,1412.16,1413.45,1415.00,1416.60,1418.36,1420.22,1422.19,1424.37,1426.62,1428.41,1429.88,1431.09,1432.11,1433.02,1433.86,1434.64,1435.49,1436.52,1437.74,1438.99,1440.06,1440.79,1441.46,1442.11,1442.75,1443.31,1443.66,1443.65,1443.38,1443.00,1442.61,1442.45,1442.36,1442.35,1442.76,1443.81,1445.26,1446.98,1448.83,1450.58,1452.50,1454.60,1456.75,1458.46,1459.77,1461.01,1462.29,1463.52,1464.27,1464.68,1464.71,1464.24,1464.02,1464.71,1466.19,1468.29,1470.31,1473.03,1476.10,1478.95,1480.59,1481.39,1481.94,1482.41,1482.86,1483.63,1484.32,1484.94,1485.56,1486.22,1486.79,1487.26,1487.70,1488.19,1488.63,1489.21,1489.97,1490.96,1492.16,1493.53,1495.11,1496.93,1498.93,1500.42,1501.35,1501.81,1501.82,1501.51,1500.74,1499.49,1497.77,1495.97,1493.77,1492.34,1491.65,1491.15,1491.01,1490.68,1489.97,1488.71,1486.73,1484.13,1481.30,1478.36,1475.23,1472.32,1468.89,1464.93,1460.47,1455.39,1451.04,1447.45,1444.67,1442.79,1441.49,1440.61,1440.00,1439.52,1438.96,1437.82,1435.92,1432.79,1427.81,1421.48,1415.03,1408.70,1402.16,1397.35,1393.95,1391.47,1389.58,1387.48,1385.70,1384.13,1382.47,1379.92,1376.00,1371.31,1366.06,1360.20,1354.86,1349.93,1345.15,1340.41,1336.13,1332.71,1329.78,1327.53,1326.96,1328.27,1330.13,1332.14,1334.31,1336.35,1338.18,1339.76,1340.96,1341.49,1341.95,1341.20,1338.84,1334.39,1327.91,1321.60,1315.90,1310.77,1305.38,1299.48,1293.13,1286.61,1280.55,1273.55,1266.93,1260.78,1254.78,1249.35,1245.06,1244.38,1248.41,1253.14,1257.62,1262.48,1267.74,1272.88,1277.74,1281.95,1285.74,1289.44,1293.48,1297.97,1303.01,1308.50,1314.00,1319.57,1325.12,1330.83,1336.89,1342.46,1347.70,1352.97,1358.51,1364.18,1369.07,1372.78,1374.66,1373.28,1369.75,1363.85,1357.07,1350.93,1345.65,1340.54,1335.93,1332.00,1328.47,1325.06,1321.49,1317.66,1313.54,1309.20,1305.18,1301.60,1298.53,1296.10,1297.74,1302.83,1309.83,1316.06,1321.99,1327.61,1332.85,1337.59,1342.18,1347.08,1352.06,1356.68,1360.12,1362.88,1365.23,1367.18
1401.17,1402.53,1403.64,1404.29,1404.61,1404.57,1404.10,1404.14,1405.10,1406.75,1408.51,1410.05,1411.38,1412.48,1413.29,1414.07,1414.99,1416.20,1417.69,1419.29,1421.02,1422.85,1424.78,1426.82,1428.59,1429.85,1430.89,1431.92,1432.93,1433.90,1434.88,1435.86,1436.86,1437.77,1438.85,1439.84,1440.42,1441.00,1441.67,1442.33,1442.93,1443.48,1444.00,1444.27,1444.24,1443.92,1443.57,1443.53,1443.57,1443.63,1444.16,1445.10,1446.44,1448.01,1449.45,1450.98,1452.66,1454.52,1456.45,1457.96,1459.25,1460.53,1461.83,1463.10,1464.46,1465.62,1466.27,1466.10,1466.31,1467.04,1468.38,1470.30,1471.96,1474.40,1477.22,1479.76,1480.98,1481.69,1482.31,1482.88,1483.38,1484.06,1484.58,1485.00,1485.39,1485.77,1486.15,1486.53,1486.94,1487.39,1487.86,1488.37,1488.94,1489.60,1490.50,1491.78,1493.08,1494.53,1496.66,1498.38,1499.25,1499.49,1499.33,1498.89,1497.78,1496.07,1493.97,1492.21,1490.38,1489.41,1489.22,1489.20,1489.09,1488.73,1487.92,1486.38,1484.09,1481.39,1478.41,1475.25,1472.15,1469.24,1465.74,1461.59,1456.77,1451.11,1446.73,1443.25,1440.41,1438.11,1436.56,1435.58,1434.94,1434.35,1433.79,1432.82,1431.21,1428.44,1423.78,1417.95,1411.53,1404.63,1397.39,1391.99,1387.75,1384.47,1382.13,1379.20,1377.11,1375.58,1374.21,1372.35,1369.21,1365.23,1360.65,1355.57,1350.47,1345.18,1340.01,1335.36,1331.25,1327.78,1324.68,1322.17,1321.23,1322.43,1324.41,1326.67,1329.11,1331.42,1333.47,1335.30,1336.80,1337.72,1338.59,1338.52,1337.04,1333.40,1327.19,1320.97,1315.39,1310.39,1305.09,1299.29,1293.03,1286.58,1280.65,1274.06,1267.67,1261.59,1255.67,1250.05,1244.64,1242.61,1245.79,1250.95,1255.43,1260.10,1265.21,1270.47,1275.52,1280.03,1284.01,1287.59,1291.44,1295.98,1301.12,1306.74,1312.50,1318.46,1324.32,1329.99,1335.46,1340.87,1345.96,1351.18,1356.81,1362.54,1367.67,1371.36,1372.96,1371.28,1366.97,1360.65,1353.90,1348.08,1343.06,1337.94,1333.08,1328.67,1324.53,1320.63,1316.81,1312.91,1308.85,1304.90,1301.13,1297.76,1295.13,1293.59,1297.00,1303.11,1310.13,1316.12,1321.82,1327.24,1332.21,1336.51,1340.59,1345.10,1349.41,1353.08,1356.00,1358.29,1360.13,1361.64
1402.61,1404.04,1405.37,1406.40,1407.09,1407.35,1407.19,1406.96,1407.53,1408.95,1410.79,1412.65,1414.18,1415.40,1416.33,1417.12,1417.97,1419.13,1420.65,1422.37,1424.14,1425.96,1427.72,1429.16,1430.10,1430.83,1431.55,1432.38,1433.43,1434.52,1435.66,1436.80,1437.87,1438.90,1439.73,1440.35,1440.79,1441.23,1441.86,1442.52,1443.12,1443.66,1444.15,1444.56,1444.83,1444.83,1444.60,1444.65,1444.82,1445.00,1445.58,1446.41,1447.65,1449.01,1449.76,1451.16,1452.82,1454.44,1455.87,1457.23,1458.54,1459.84,1461.16,1462.52,1463.90,1465.20,1466.37,1467.36,1468.20,1469.10,1470.29,1471.87,1473.34,1475.51,1477.84,1479.84,1480.78,1481.40,1482.00,1482.57,1483.03,1483.51,1483.92,1484.32,1484.71,1485.09,1485.42,1485.79,1486.18,1486.59,1487.04,1487.56,1488.11,1488.67,1489.26,1489.94,1490.56,1491.32,1492.73,1494.03,1494.62,1494.67,1494.38,1493.59,1492.30,1490.74,1489.13,1487.90,1486.63,1485.90,1485.67,1485.58,1485.30,1484.88,1484.20,1483.00,1481.13,1478.49,1475.46,1472.24,1469.03,1465.82,1462.25,1458.02,1452.88,1447.47,1442.97,1439.12,1435.84,1433.30,1431.49,1430.33,1429.53,1428.77,1428.09,1427.29,1426.02,1423.76,1420.00,1414.14,1407.34,1400.28,1393.70,1387.85,1382.84,1378.60,1375.17,1372.05,1370.33,1369.18,1367.93,1365.93,1363.25,1359.71,1355.38,1350.33,1344.71,1339.65,1335.05,1330.75,1326.84,1323.01,1319.86,1317.66,1316.38,1317.02,1318.78,1321.05,1323.48,1325.95,1328.36,1330.60,1332.49,1333.85,1335.11,1335.66,1334.88,1331.64,1326.25,1320.35,1314.78,1309.87,1304.83,1299.10,1292.91,1286.60,1280.79,1274.60,1268.73,1262.99,1256.94,1251.02,1244.36,1240.57,1242.34,1248.11,1252.99,1257.70,1262.70,1268.08,1273.11,1277.94,1282.23,1285.70,1289.33,1294.38,1299.97,1305.70,1311.63,1318.09,1324.24,1329.90,1335.08,1340.11,1344.91,1349.93,1355.43,1361.06,1365.94,1369.47,1371.01,1369.13,1363.74,1357.28,1351.02,1345.57,1340.43,1335.01,1329.84,1325.15,1320.76,1316.62,1312.64,1308.68,1304.62,1300.76,1297.22,1293.93,1291.53,1292.20,1296.78,1303.13,1309.78,1315.33,1320.49,1325.57,1330.22,1333.95,1337.54,1341.11,1344.53,1347.63,1350.14,1352.00,1353.66,1355.17
1403.98,1405.47,1406.93,1408.14,1409.02,1409.51,1409.68,1409.49,1409.91,1411.20,1413.14,1415.14,1416.87,1418.26,1419.24,1420.01,1420.84,1422.08,1423.79,1425.57,1427.08,1428.39,1429.54,1430.41,1430.99,1431.60,1432.23,1432.93,1433.87,1434.98,1436.15,1437.31,1438.42,1439.54,1440.27,1440.74,1441.16,1441.54,1442.10,1442.69,1443.27,1443.81,1444.29,1444.77,1445.18,1445.38,1445.44,1445.70,1446.02,1446.31,1446.78,1447.37,1448.30,1449.34,1449.85,1451.03,1452.42,1453.74,1454.89,1456.24,1457.61,1458.93,1460.24,1461.73,1463.09,1464.43,1465.84,1467.37,1468.71,1469.97,1471.30,1472.73,1474.06,1475.73,1477.51,1479.14,1480.26,1480.93,1481.51,1482.04,1482.47,1482.89,1483.29,1483.66,1484.02,1484.37,1484.71,1485.08,1485.47,1485.86,1486.29,1486.75,1487.19,1487.55,1487.78,1488.00,1488.20,1488.56,1489.46,1490.12,1490.37,1490.29,1489.89,1488.75,1487.32,1485.86,1484.57,1483.67,1482.85,1482.29,1481.97,1481.78,1481.42,1481.00,1480.51,1479.79,1478.48,1476.07,1473.22,1470.14,1466.70,1463.28,1459.20,1454.43,1449.05,1443.66,1439.10,1434.97,1431.14,1427.90,1425.79,1424.56,1423.85,1423.15,1422.51,1421.87,1420.88,1418.99,1415.57,1409.99,1403.61,1397.08,1390.70,1384.17,1378.24,1373.06,1368.78,1365.53,1363.70,1362.48,1361.32,1359.61,1357.27,1353.91,1349.62,1344.69,1339.61,1335.01,1330.75,1326.68,1322.90,1319.22,1316.15,1313.84,1312.18,1312.15,1313.32,1315.13,1317.22,1319.89,1322.63,1325.34,1327.87,1329.76,1331.46,1332.52,1332.30,1329.47,1324.66,1319.25,1313.95,1309.05,1304.11,1298.45,1292.39,1286.30,1280.62,1274.61,1269.04,1263.68,1257.84,1251.55,1244.18,1239.51,1240.32,1245.37,1250.37,1255.39,1260.69,1266.35,1271.52,1276.43,1280.87,1284.61,1288.32,1293.72,1299.54,1305.23,1311.12,1317.88,1324.20,1329.78,1334.66,1339.41,1344.04,1348.91,1354.25,1359.93,1364.46,1367.37,1368.18,1365.73,1360.43,1354.31,1348.39,1343.07,1337.63,1332.00,1326.70,1321.94,1317.35,1313.02,1308.80,1304.68,1300.74,1296.98,1293.68,1290.74,1288.95,1291.20,1296.66,1302.98,1309.01,1313.96,1318.43,1322.82,1326.93,1330.41,1333.66,1336.68,1339.49,1342.06,1344.33,1345.82,1347.43,1349.26
1405.30,1406.83,1408.38,1409.67,1410.65,1411.28,1411.76,1411.77,1412.24,1413.48,1415.51,1417.52,1419.39,1420.96,1422.02,1422.79,1423.65,1425.02,1426.86,1428.53,1429.61,1430.24,1430.64,1431.03,1431.54,1432.23,1432.92,1433.53,1434.31,1435.37,1436.48,1437.59,1438.73,1439.84,1440.55,1441.02,1441.47,1441.87,1442.33,1442.83,1443.35,1443.87,1444.32,1444.79,1445.23,1445.54,1445.95,1446.41,1446.86,1447.22,1447.56,1447.84,1448.38,1449.11,1449.66,1450.62,1451.66,1452.66,1453.68,1455.08,1456.49,1457.78,1459.08,1460.76,1462.11,1463.46,1464.93,1466.59,1468.29,1469.97,1471.55,1472.95,1474.12,1475.27,1476.52,1477.95,1479.44,1480.24,1480.87,1481.41,1481.81,1482.25,1482.65,1483.00,1483.32,1483.65,1484.01,1484.39,1484.78,1485.17,1485.55,1485.93,1486.19,1486.22,1486.11,1485.99,1485.92,1486.06,1486.58,1486.55,1486.43,1486.24,1485.69,1484.29,1482.78,1481.41,1480.30,1479.54,1479.03,1478.59,1478.20,1477.90,1477.54,1477.17,1476.90,1476.68,1475.96,1473.92,1471.39,1468.49,1464.78,1461.09,1456.33,1450.85,1445.31,1439.78,1435.17,1430.82,1426.41,1422.39,1419.95,1418.70,1418.14,1417.65,1417.13,1416.63,1415.86,1414.21,1410.87,1405.80,1400.28,1394.57,1388.05,1380.72,1373.86,1367.78,1362.75,1359.26,1357.03,1355.54,1354.47,1353.25,1351.19,1347.97,1343.76,1339.10,1335.04,1331.02,1326.99,1323.09,1319.38,1316.08,1313.07,1310.37,1308.27,1307.60,1308.06,1309.18,1310.84,1313.59,1316.58,1319.73,1322.94,1325.39,1327.52,1329.00,1329.23,1326.90,1322.58,1317.77,1312.90,1307.99,1303.05,1297.43,1291.54,1285.69,1280.15,1274.19,1268.83,1263.83,1258.33,1251.66,1243.97,1238.98,1239.16,1242.93,1247.91,1253.33,1259.04,1265.02,1270.42,1275.30,1279.81,1283.97,1287.93,1293.52,1299.40,1304.99,1310.68,1317.64,1324.06,1329.53,1334.20,1338.73,1343.27,1348.01,1353.16,1358.90,1363.04,1365.17,1365.01,1361.89,1357.18,1351.60,1345.91,1340.52,1334.74,1328.95,1323.66,1318.93,1314.19,1309.68,1305.20,1300.88,1297.08,1293.40,1290.32,1287.92,1287.13,1290.44,1296.47,1302.59,1307.87,1312.14,1315.91,1319.46,1322.90,1326.21,1329.20,1331.96,1334.39,1336.55,1338.70,1340.00,1341.73,1344.13
1406.54,1408.10,1409.69,1411.22,1412.33,1412.86,1413.35,1413.64,1414.41,1415.79,1417.63,1419.62,1421.42,1423.03,1424.39,1425.38,1426.55,1427.83,1429.05,1429.91,1430.54,1430.96,1431.27,1431.59,1432.02,1432.69,1433.45,1434.18,1434.87,1435.81,1436.86,1437.94,1439.02,1439.88,1440.50,1441.00,1441.46,1441.94,1442.42,1442.82,1443.18,1443.61,1443.91,1444.16,1444.42,1444.75,1445.19,1445.57,1445.93,1446.31,1446.62,1446.82,1447.24,1447.89,1448.68,1449.68,1450.64,1451.52,1452.45,1453.84,1454.94,1456.05,1457.47,1459.49,1461.01,1462.49,1464.00,1465.47,1467.08,1468.89,1470.54,1471.77,1472.79,1473.74,1474.91,1476.38,1477.94,1478.97,1479.93,1480.74,1481.17,1481.59,1481.94,1482.29,1482.64,1482.95,1483.32,1483.71,1484.09,1484.48,1484.82,1485.06,1484.94,1484.40,1484.08,1483.85,1483.65,1483.53,1483.66,1483.41,1483.11,1482.62,1481.62,1480.38,1479.13,1477.87,1476.66,1475.68,1475.10,1474.73,1474.47,1474.21,1473.88,1473.67,1473.60,1473.54,1473.06,1471.83,1469.64,1466.50,1462.67,1458.26,1453.06,1447.45,1441.80,1435.95,1431.22,1426.65,1421.91,1417.99,1415.38,1413.93,1413.24,1412.83,1412.44,1412.03,1411.27,1409.64,1406.62,1402.40,1397.63,1392.20,1385.23,1377.10,1369.59,1362.89,1356.94,1352.43,1349.76,1348.22,1347.39,1346.48,1344.74,1342.14,1338.79,1334.84,1331.42,1327.83,1324.06,1320.31,1316.73,1313.34,1309.98,1306.72,1304.00,1303.01,1303.18,1304.09,1305.63,1307.78,1310.64,1313.91,1317.29,1320.23,1322.62,1324.30,1324.89,1323.38,1319.88,1315.71,1311.28,1306.59,1301.71,1295.91,1290.03,1284.42,1278.96,1273.22,1268.08,1263.27,1257.85,1250.84,1243.26,1238.34,1238.27,1241.87,1246.90,1252.26,1257.78,1263.75,1269.45,1274.48,1279.05,1283.34,1287.38,1292.91,1298.79,1304.36,1309.60,1316.77,1323.31,1328.78,1333.52,1338.04,1342.54,1347.12,1351.95,1357.37,1361.22,1363.09,1362.73,1359.57,1354.58,1349.02,1343.37,1337.71,1331.78,1326.02,1320.75,1316.00,1311.30,1306.44,1301.80,1297.49,1293.58,1289.82,1286.67,1285.17,1286.27,1289.68,1295.60,1301.36,1306.03,1309.74,1313.05,1315.97,1318.68,1321.38,1324.15,1326.97,1329.42,1331.50,1333.90,1335.76,1338.18,1341.49
1407.85,1409.40,1411.03,1412.72,1413.97,1414.57,1415.07,1415.50,1416.34,1417.68,1419.49,1421.51,1423.32,1424.96,1426.49,1427.64,1428.80,1429.77,1430.42,1430.75,1431.13,1431.49,1431.83,1432.14,1432.53,1433.15,1433.93,1434.75,1435.43,1436.28,1437.25,1438.24,1439.15,1439.80,1440.35,1440.86,1441.33,1441.84,1442.24,1442.55,1442.83,1443.17,1443.31,1443.38,1443.48,1443.79,1444.19,1444.48,1444.77,1445.12,1445.41,1445.59,1445.90,1446.47,1447.39,1448.46,1449.41,1450.23,1451.05,1452.32,1453.18,1454.19,1455.68,1457.67,1459.25,1460.90,1462.55,1463.86,1465.26,1467.06,1468.72,1469.88,1470.95,1471.97,1473.12,1474.45,1475.83,1476.90,1478.14,1479.38,1480.23,1480.85,1481.24,1481.57,1481.93,1482.26,1482.64,1483.01,1483.38,1483.73,1484.01,1484.16,1483.83,1482.89,1482.30,1481.84,1481.47,1481.21,1481.08,1480.78,1480.34,1479.55,1478.22,1476.97,1475.84,1474.58,1473.19,1472.06,1471.32,1470.91,1470.69,1470.45,1470.17,1470.06,1470.08,1470.08,1469.74,1468.93,1467.01,1463.86,1459.78,1454.79,1449.38,1443.77,1438.01,1432.24,1427.40,1422.67,1417.86,1413.94,1411.05,1409.33,1408.52,1408.17,1407.86,1407.46,1406.67,1405.11,1402.54,1399.17,1395.07,1389.80,1382.25,1373.84,1365.95,1358.66,1351.93,1346.59,1343.45,1341.62,1340.57,1339.67,1338.19,1336.21,1333.74,1330.68,1327.76,1324.54,1321.12,1317.62,1314.14,1310.63,1307.03,1303.42,1300.20,1298.43,1298.04,1298.71,1300.28,1302.08,1304.79,1308.01,1311.38,1314.48,1317.02,1319.04,1320.20,1319.52,1316.88,1313.26,1309.13,1304.57,1299.60,1293.80,1288.07,1282.67,1277.13,1271.68,1266.78,1262.09,1256.64,1249.41,1242.20,1237.62,1237.53,1241.25,1246.26,1251.47,1256.69,1262.19,1267.97,1273.20,1277.99,1282.51,1286.60,1291.85,1297.63,1303.27,1308.10,1315.08,1321.73,1327.50,1332.54,1337.15,1341.74,1346.28,1350.82,1355.64,1359.17,1360.78,1360.14,1356.73,1351.67,1346.25,1340.75,1335.05,1329.03,1323.35,1318.21,1313.53,1308.72,1303.56,1298.78,1294.39,1290.19,1286.21,1283.36,1282.86,1285.41,1288.82,1294.24,1299.51,1303.74,1306.86,1309.60,1312.09,1314.41,1316.73,1319.42,1322.41,1325.42,1328.35,1331.32,1334.13,1337.73,1342.26
1409.21,1410.79,1412.46,1414.16,1415.57,1416.48,1417.04,1417.41,1417.99,1419.06,1421.04,1423.21,1425.13,1426.80,1428.28,1429.44,1430.12,1430.55,1430.88,1431.19,1431.57,1431.98,1432.39,1432.71,1433.08,1433.64,1434.37,1435.20,1435.95,1436.77,1437.63,1438.44,1439.06,1439.63,1440.13,1440.60,1441.06,1441.53,1441.74,1441.95,1442.25,1442.54,1442.57,1442.51,1442.54,1442.78,1443.10,1443.36,1443.62,1443.93,1444.17,1444.34,1444.56,1444.97,1445.85,1446.94,1447.94,1448.75,1449.43,1450.38,1451.21,1452.27,1453.69,1455.13,1456.58,1458.42,1460.31,1461.56,1462.74,1464.39,1466.00,1467.26,1468.63,1469.95,1471.08,1472.01,1472.97,1473.82,1475.24,1477.05,1478.80,1479.95,1480.49,1480.83,1481.19,1481.57,1481.95,1482.30,1482.62,1482.92,1483.12,1483.26,1482.94,1481.90,1480.97,1480.06,1479.44,1479.16,1479.00,1478.76,1478.17,1477.17,1475.71,1474.18,1472.90,1471.46,1469.81,1468.69,1467.76,1467.17,1466.84,1466.59,1466.35,1466.22,1466.21,1466.22,1465.90,1464.91,1463.16,1460.36,1455.84,1450.58,1445.23,1439.69,1433.81,1428.68,1423.78,1418.97,1414.36,1410.18,1406.77,1404.73,1403.86,1403.59,1403.29,1402.80,1401.97,1400.60,1398.61,1395.98,1392.46,1387.29,1379.07,1371.07,1363.12,1355.28,1348.00,1342.24,1338.63,1336.11,1334.21,1332.95,1331.61,1330.11,1328.41,1326.36,1323.87,1321.01,1317.99,1314.89,1311.47,1307.90,1304.28,1300.65,1297.09,1293.92,1292.48,1292.76,1294.45,1296.41,1299.01,1302.06,1305.31,1308.13,1310.76,1313.30,1315.27,1315.35,1313.55,1310.35,1306.35,1301.75,1296.50,1290.97,1285.61,1280.34,1274.58,1269.46,1264.83,1260.17,1254.63,1247.29,1240.73,1236.81,1236.96,1240.96,1245.82,1250.84,1255.72,1260.25,1265.75,1271.20,1276.43,1281.38,1285.51,1290.27,1295.81,1301.60,1306.17,1312.44,1319.18,1325.62,1331.16,1335.98,1340.81,1345.50,1349.82,1353.72,1356.88,1358.13,1356.93,1352.88,1348.18,1343.17,1338.01,1332.64,1326.58,1321.04,1316.18,1311.69,1306.53,1301.17,1296.25,1291.64,1286.93,1282.63,1280.55,1281.13,1284.34,1287.81,1292.36,1296.98,1300.95,1303.44,1305.42,1307.71,1310.17,1312.57,1315.42,1318.74,1322.96,1327.82,1331.68,1335.78,1341.03,1347.03
1410.53,1412.37,1414.13,1415.76,1417.19,1418.31,1418.92,1419.29,1419.80,1420.79,1422.70,1424.85,1426.86,1428.44,1429.43,1430.18,1430.65,1431.02,1431.36,1431.68,1432.01,1432.41,1432.82,1433.21,1433.59,1434.14,1434.82,1435.56,1436.14,1436.69,1437.24,1437.84,1438.50,1439.19,1439.79,1440.29,1440.71,1441.10,1441.22,1441.36,1441.62,1441.79,1441.77,1441.67,1441.63,1441.79,1442.01,1442.21,1442.44,1442.69,1442.89,1443.08,1443.27,1443.60,1444.35,1445.41,1446.28,1446.88,1447.28,1447.93,1448.77,1449.56,1450.34,1451.47,1452.69,1454.14,1455.73,1457.30,1458.99,1460.58,1462.02,1463.29,1464.52,1465.72,1466.80,1467.82,1468.97,1470.11,1471.76,1473.72,1475.59,1477.11,1478.30,1479.42,1480.41,1480.83,1481.18,1481.51,1481.81,1482.06,1482.23,1482.36,1482.08,1481.15,1480.22,1478.99,1478.06,1477.59,1477.36,1476.87,1476.11,1475.10,1473.78,1472.20,1470.54,1468.75,1466.94,1465.60,1464.47,1463.68,1463.15,1462.67,1462.40,1462.25,1462.16,1462.05,1461.64,1460.44,1458.39,1455.38,1451.18,1446.32,1441.04,1435.53,1430.06,1425.42,1420.60,1415.70,1410.95,1406.56,1402.76,1400.22,1398.90,1398.48,1398.15,1397.66,1397.00,1396.08,1394.59,1392.26,1388.70,1383.38,1375.55,1368.17,1360.52,1352.58,1344.92,1339.26,1335.32,1332.10,1329.27,1327.24,1325.73,1324.38,1323.07,1321.72,1319.96,1317.63,1314.94,1312.02,1308.99,1305.61,1302.05,1298.32,1294.41,1290.27,1287.36,1286.37,1287.95,1290.21,1293.06,1296.32,1299.74,1302.78,1305.55,1308.13,1310.18,1310.72,1309.34,1306.40,1302.69,1298.47,1293.19,1287.75,1282.21,1276.61,1271.28,1266.70,1262.44,1257.91,1252.17,1244.41,1238.57,1235.66,1236.39,1240.19,1244.95,1249.79,1254.37,1258.56,1263.46,1268.56,1273.94,1279.55,1284.00,1288.33,1293.41,1299.11,1304.17,1309.99,1316.94,1323.99,1329.56,1334.70,1339.65,1344.29,1348.38,1351.76,1354.25,1354.77,1352.84,1348.29,1343.83,1339.57,1335.21,1330.27,1324.51,1319.56,1315.23,1310.97,1305.48,1299.63,1294.14,1288.99,1284.09,1279.94,1278.44,1279.53,1282.83,1286.23,1290.03,1293.90,1297.36,1299.58,1301.18,1303.80,1307.19,1310.94,1315.54,1320.25,1325.30,1330.51,1334.78,1339.39,1344.83,1350.64
1411.87,1413.98,1415.86,1417.39,1418.78,1420.00,1420.71,1421.15,1421.66,1422.58,1424.37,1426.47,1428.40,1429.76,1430.26,1430.59,1430.95,1431.38,1431.82,1432.15,1432.47,1432.82,1433.22,1433.63,1433.97,1434.46,1435.06,1435.67,1436.05,1436.28,1436.52,1436.91,1437.69,1438.52,1439.23,1439.82,1440.27,1440.61,1440.69,1440.79,1440.95,1440.97,1440.88,1440.71,1440.57,1440.61,1440.75,1440.89,1441.09,1441.37,1441.59,1441.82,1442.01,1442.27,1442.87,1443.80,1444.47,1444.82,1444.95,1445.32,1446.11,1446.56,1446.64,1447.42,1448.31,1449.25,1450.42,1452.22,1454.40,1456.06,1457.44,1458.78,1459.83,1460.79,1461.80,1462.94,1464.30,1465.84,1467.75,1469.80,1471.70,1473.54,1475.39,1477.26,1478.86,1479.45,1479.94,1480.41,1480.83,1481.12,1481.32,1481.44,1481.18,1480.38,1479.41,1478.01,1476.83,1476.12,1475.74,1474.99,1474.11,1473.14,1471.97,1470.34,1468.30,1466.21,1464.25,1462.52,1461.13,1460.12,1459.34,1458.62,1458.27,1458.06,1457.87,1457.63,1457.09,1455.69,1453.36,1450.18,1446.46,1442.08,1436.97,1431.63,1426.71,1422.38,1417.59,1412.61,1407.73,1403.16,1399.10,1396.02,1394.03,1393.15,1392.66,1392.18,1391.72,1391.24,1390.11,1387.93,1384.31,1379.01,1372.04,1365.44,1358.18,1350.22,1342.28,1336.84,1332.55,1328.58,1324.86,1322.06,1320.32,1319.04,1318.01,1317.18,1316.11,1314.28,1311.88,1309.14,1306.50,1303.41,1299.92,1296.05,1291.70,1286.76,1282.42,1280.04,1281.26,1283.87,1287.15,1290.71,1294.34,1297.71,1300.68,1303.22,1305.15,1305.91,1304.84,1302.15,1298.75,1294.95,1289.74,1284.26,1278.44,1272.57,1267.85,1263.78,1259.83,1255.36,1249.35,1241.55,1236.36,1234.36,1235.72,1239.28,1243.89,1248.56,1252.93,1256.97,1261.25,1265.97,1271.39,1277.46,1282.30,1286.45,1291.17,1296.76,1302.47,1308.06,1315.18,1322.61,1327.95,1333.23,1338.24,1342.77,1346.58,1349.59,1351.45,1351.21,1348.57,1343.61,1339.32,1335.80,1332.21,1327.69,1322.41,1318.11,1314.37,1310.39,1304.63,1298.36,1292.32,1286.68,1281.62,1277.57,1276.46,1277.82,1281.03,1284.26,1287.46,1290.63,1293.64,1296.08,1298.06,1301.42,1305.84,1310.84,1317.10,1323.10,1328.69,1333.78,1338.25,1342.90,1347.85,1352.85
1413.36,1415.51,1417.59,1419.03,1420.20,1421.32,1422.28,1422.97,1423.49,1424.24,1425.94,1428.03,1429.41,1430.18,1430.59,1430.91,1431.23,1431.65,1432.15,1432.57,1432.90,1433.25,1433.60,1433.82,1433.98,1434.21,1434.58,1435.05,1435.33,1435.39,1435.43,1435.68,1436.50,1437.30,1438.09,1438.89,1439.63,1440.09,1440.19,1440.22,1440.22,1440.01,1439.72,1439.36,1439.02,1438.85,1438.96,1439.03,1439.26,1439.78,1440.28,1440.57,1440.77,1440.97,1441.38,1441.95,1442.33,1442.53,1442.61,1442.71,1443.14,1443.30,1443.05,1443.08,1443.46,1444.07,1444.94,1446.30,1448.22,1450.23,1452.11,1453.73,1454.89,1455.64,1456.52,1457.54,1458.47,1460.37,1462.54,1464.86,1467.33,1469.44,1471.44,1473.29,1474.88,1476.05,1477.23,1478.39,1479.36,1479.92,1480.28,1480.44,1480.19,1479.30,1477.93,1476.67,1475.53,1474.55,1473.83,1473.00,1472.14,1471.22,1470.06,1468.13,1465.96,1463.84,1461.71,1459.19,1457.36,1456.01,1454.98,1454.19,1453.67,1453.30,1452.99,1452.66,1452.01,1450.52,1448.39,1445.65,1442.14,1437.96,1433.29,1428.58,1424.22,1419.76,1414.73,1409.75,1405.07,1400.43,1396.30,1392.73,1389.74,1387.58,1386.53,1385.97,1385.65,1385.32,1384.18,1382.16,1378.97,1374.47,1368.92,1363.40,1356.46,1348.34,1340.20,1334.95,1330.08,1325.28,1320.89,1317.65,1315.77,1314.61,1313.83,1313.29,1312.42,1310.83,1308.74,1306.37,1303.82,1301.03,1297.66,1293.50,1288.54,1282.93,1277.70,1274.26,1274.56,1277.59,1281.49,1285.39,1289.03,1292.58,1295.93,1298.64,1300.45,1300.97,1300.20,1297.82,1294.66,1291.09,1285.98,1280.25,1274.33,1268.77,1264.68,1260.81,1256.88,1252.20,1245.86,1239.37,1234.63,1232.88,1234.75,1238.34,1242.65,1247.16,1251.54,1255.45,1259.43,1264.18,1269.54,1275.18,1280.43,1285.06,1290.00,1295.64,1301.76,1307.61,1314.68,1321.74,1326.52,1331.23,1336.17,1340.60,1343.99,1346.88,1348.36,1347.66,1344.56,1339.31,1335.13,1331.94,1328.68,1324.44,1319.87,1316.05,1312.78,1309.23,1303.37,1297.13,1291.10,1285.35,1279.99,1275.34,1274.24,1275.70,1278.68,1281.55,1284.43,1287.27,1290.28,1294.13,1298.58,1303.57,1308.55,1313.30,1319.52,1325.58,1331.05,1335.89,1340.38,1344.26,1347.91,1351.63
1414.68,1416.88,1418.89,1420.15,1421.09,1422.05,1423.22,1424.26,1425.10,1425.98,1427.42,1429.10,1430.01,1430.45,1430.83,1431.17,1431.51,1431.89,1432.29,1432.61,1432.89,1433.17,1433.39,1433.51,1433.60,1433.73,1433.98,1434.31,1434.46,1434.43,1434.36,1434.51,1435.29,1436.09,1436.90,1437.68,1438.31,1438.64,1438.71,1438.57,1438.22,1437.67,1437.25,1436.80,1436.37,1436.13,1436.18,1436.19,1436.34,1436.79,1437.38,1437.83,1438.28,1438.77,1439.30,1439.70,1439.94,1440.05,1440.07,1440.07,1439.96,1439.63,1439.11,1438.74,1438.59,1438.80,1439.41,1440.53,1442.06,1444.06,1446.13,1447.90,1449.17,1449.92,1450.66,1451.49,1452.30,1454.19,1456.62,1459.37,1462.37,1464.94,1467.16,1469.05,1470.61,1472.01,1473.46,1474.81,1475.91,1476.61,1477.14,1477.59,1477.72,1477.18,1475.88,1474.74,1473.82,1473.08,1472.36,1471.54,1470.47,1469.22,1467.76,1465.74,1463.58,1461.11,1458.20,1455.07,1453.08,1451.65,1450.54,1449.72,1449.12,1448.67,1448.30,1447.90,1447.25,1445.79,1443.82,1441.32,1437.95,1433.95,1429.71,1425.50,1421.41,1416.89,1411.87,1407.01,1402.53,1397.94,1393.70,1389.44,1385.41,1382.58,1381.20,1380.15,1379.35,1378.78,1377.39,1375.73,1373.29,1369.84,1365.52,1360.54,1353.63,1345.66,1338.30,1333.20,1327.73,1322.16,1317.16,1313.53,1311.28,1309.64,1308.43,1307.81,1306.97,1305.76,1304.29,1302.57,1300.44,1298.00,1294.84,1290.59,1284.89,1278.87,1273.16,1268.95,1268.29,1271.47,1275.72,1280.13,1284.39,1288.21,1291.53,1294.24,1296.15,1296.71,1296.22,1294.07,1290.75,1286.51,1281.19,1275.54,1270.05,1265.12,1261.35,1257.67,1253.57,1248.42,1241.64,1235.87,1232.27,1231.55,1234.13,1238.27,1242.72,1247.27,1251.71,1255.74,1259.85,1264.68,1269.92,1275.21,1280.55,1285.59,1290.96,1296.95,1303.16,1308.57,1314.61,1320.54,1324.69,1328.89,1333.48,1337.71,1341.05,1343.75,1345.04,1344.13,1340.81,1335.30,1330.80,1327.20,1323.68,1319.58,1315.62,1312.37,1309.62,1306.64,1301.61,1295.39,1289.22,1283.25,1277.34,1272.64,1271.75,1273.36,1276.29,1279.12,1282.52,1286.01,1289.79,1294.79,1300.51,1306.01,1310.92,1315.27,1320.66,1326.24,1331.34,1335.74,1339.78,1343.22,1346.07,1348.92
1415.84,1418.07,1419.85,1420.91,1421.66,1422.45,1423.74,1425.13,1426.42,1427.59,1428.72,1429.79,1430.33,1430.64,1431.01,1431.38,1431.74,1432.04,1432.24,1432.36,1432.57,1432.72,1432.82,1432.90,1432.98,1433.11,1433.28,1433.46,1433.49,1433.43,1433.32,1433.38,1434.07,1434.87,1435.64,1436.26,1436.56,1436.61,1436.59,1436.24,1435.45,1434.52,1433.95,1433.41,1432.93,1432.71,1432.68,1432.63,1432.63,1432.86,1433.49,1434.22,1435.06,1435.98,1436.81,1437.18,1437.37,1437.44,1437.36,1437.33,1436.63,1435.73,1434.91,1434.34,1433.66,1433.45,1433.87,1434.87,1435.98,1437.72,1439.67,1441.42,1442.80,1443.70,1444.39,1445.05,1445.92,1447.66,1450.32,1453.53,1456.88,1459.86,1462.35,1464.40,1466.05,1467.56,1469.03,1470.28,1471.27,1472.03,1472.72,1473.57,1474.24,1474.30,1473.47,1472.50,1471.91,1471.65,1471.10,1470.27,1468.87,1467.11,1465.22,1463.12,1460.85,1457.83,1453.98,1450.51,1448.53,1447.17,1446.07,1445.21,1444.55,1444.06,1443.66,1443.23,1442.61,1441.27,1439.42,1437.03,1433.80,1430.03,1426.17,1422.32,1418.34,1413.82,1408.95,1404.28,1399.97,1395.51,1391.13,1386.16,1381.25,1378.19,1376.57,1374.77,1373.14,1372.06,1370.41,1369.18,1367.58,1365.20,1361.87,1357.10,1350.09,1342.46,1336.42,1331.43,1325.41,1319.18,1313.67,1309.71,1306.92,1304.47,1302.42,1301.46,1300.55,1299.78,1299.03,1298.09,1296.59,1294.47,1291.52,1287.25,1280.88,1274.61,1268.66,1263.96,1262.53,1265.62,1269.99,1274.91,1280.07,1284.25,1287.36,1290.02,1292.12,1292.88,1292.57,1290.50,1286.76,1281.43,1275.80,1270.52,1265.76,1261.56,1257.88,1254.26,1249.82,1244.11,1237.01,1231.72,1229.77,1230.67,1234.17,1239.10,1243.92,1248.61,1253.14,1257.41,1261.88,1266.84,1271.99,1277.07,1282.39,1287.79,1293.64,1299.95,1305.90,1310.36,1314.76,1319.01,1322.48,1326.25,1330.34,1334.32,1337.78,1340.31,1341.52,1340.58,1337.22,1331.56,1326.59,1322.17,1317.97,1313.81,1310.18,1307.46,1305.18,1302.78,1299.01,1292.93,1286.69,1280.52,1274.13,1269.81,1269.23,1270.97,1274.00,1277.19,1281.59,1286.25,1291.11,1296.91,1303.00,1308.25,1312.65,1316.46,1320.60,1325.30,1329.78,1333.66,1337.08,1340.37,1342.84,1345.24
1416.66,1418.90,1420.43,1421.45,1422.26,1423.05,1424.13,1425.48,1426.88,1428.23,1429.39,1430.11,1430.51,1430.81,1431.13,1431.38,1431.62,1431.77,1431.82,1431.89,1432.01,1432.12,1432.21,1432.33,1432.41,1432.51,1432.55,1432.50,1432.45,1432.41,1432.32,1432.32,1432.84,1433.55,1434.13,1434.56,1434.79,1434.65,1434.49,1433.94,1432.90,1431.76,1430.64,1429.69,1428.99,1428.65,1428.56,1428.49,1428.48,1428.74,1429.77,1431.05,1432.18,1433.14,1434.06,1434.49,1434.71,1434.72,1434.45,1434.21,1433.32,1432.07,1430.68,1429.45,1428.43,1428.08,1428.40,1429.26,1430.14,1431.45,1432.86,1434.11,1435.31,1436.69,1437.81,1438.65,1439.67,1441.62,1444.43,1447.58,1450.50,1452.90,1455.46,1458.14,1460.75,1462.94,1464.56,1465.93,1467.09,1467.90,1468.66,1469.58,1470.41,1470.88,1470.97,1470.66,1470.35,1470.01,1469.23,1468.16,1466.56,1464.67,1462.62,1459.88,1456.32,1452.64,1449.26,1446.36,1444.38,1442.88,1441.63,1440.58,1439.77,1439.13,1438.59,1438.08,1437.46,1436.24,1434.51,1432.28,1429.44,1426.18,1422.62,1418.86,1414.89,1410.59,1405.81,1401.17,1396.91,1392.61,1387.94,1383.00,1378.40,1375.33,1372.99,1370.47,1368.18,1366.61,1365.40,1364.39,1362.99,1360.87,1357.79,1353.44,1346.52,1339.17,1334.18,1329.07,1322.80,1316.36,1310.67,1306.63,1303.21,1300.10,1297.48,1295.95,1295.05,1294.47,1294.01,1293.49,1292.56,1290.48,1287.25,1282.70,1276.53,1269.99,1263.78,1259.16,1258.22,1260.81,1264.89,1269.72,1274.99,1279.83,1283.40,1286.20,1288.21,1288.90,1288.48,1285.90,1281.59,1276.05,1270.86,1266.23,1261.97,1257.99,1254.25,1249.94,1244.85,1238.94,1232.62,1228.86,1228.88,1231.74,1236.69,1241.88,1246.77,1251.45,1256.00,1260.46,1265.04,1270.17,1275.54,1280.93,1286.84,1292.75,1298.55,1304.03,1308.63,1311.96,1314.60,1316.98,1319.54,1323.03,1326.80,1330.55,1333.96,1336.50,1337.68,1336.77,1333.61,1328.36,1323.60,1318.67,1313.61,1308.68,1304.07,1301.27,1299.09,1296.70,1293.29,1288.27,1282.80,1277.17,1271.53,1268.09,1267.58,1269.11,1272.36,1277.05,1282.17,1287.22,1292.30,1297.96,1303.71,1308.55,1312.28,1315.04,1318.38,1321.73,1325.09,1328.55,1332.24,1335.65,1338.42,1341.12
1417.19,1419.43,1420.80,1421.83,1422.74,1423.59,1424.53,1425.79,1427.17,1428.53,1429.65,1430.20,1430.54,1430.82,1431.05,1431.21,1431.34,1431.38,1431.34,1431.38,1431.44,1431.52,1431.62,1431.75,1431.83,1431.91,1431.86,1431.64,1431.51,1431.43,1431.32,1431.25,1431.48,1432.07,1432.50,1432.79,1432.93,1432.68,1432.24,1431.34,1429.95,1428.53,1426.99,1425.71,1424.78,1424.27,1424.08,1424.02,1424.08,1424.44,1425.74,1427.29,1428.61,1429.65,1430.56,1431.13,1431.42,1431.36,1430.83,1430.24,1429.11,1427.57,1425.82,1424.35,1423.26,1422.87,1423.10,1423.79,1424.53,1425.55,1426.61,1427.59,1428.69,1430.26,1431.63,1432.79,1434.34,1436.55,1439.35,1442.25,1444.78,1446.86,1449.42,1452.23,1455.00,1457.32,1459.04,1460.76,1462.47,1463.73,1464.70,1465.61,1466.46,1467.15,1467.88,1468.17,1468.14,1467.79,1466.98,1465.83,1464.19,1462.10,1459.44,1456.00,1451.78,1447.94,1444.98,1442.40,1440.24,1438.44,1436.92,1435.64,1434.80,1434.09,1433.45,1432.88,1432.26,1431.15,1429.56,1427.49,1424.92,1422.00,1418.65,1414.95,1410.93,1406.79,1402.26,1397.79,1393.61,1389.48,1384.71,1380.03,1375.89,1372.69,1369.55,1366.34,1363.52,1361.67,1360.84,1359.92,1358.55,1356.48,1353.30,1348.85,1342.45,1335.95,1331.53,1326.36,1320.01,1313.66,1308.21,1304.22,1300.31,1296.66,1293.42,1291.01,1289.73,1289.03,1288.55,1288.13,1287.51,1285.53,1282.27,1277.72,1271.94,1265.37,1259.09,1254.63,1254.12,1256.57,1260.41,1265.01,1270.19,1275.48,1279.42,1282.36,1284.31,1284.81,1283.97,1280.90,1276.30,1270.96,1266.19,1262.20,1258.38,1254.44,1250.27,1245.24,1239.62,1233.88,1228.99,1227.20,1229.28,1233.82,1239.74,1244.96,1249.75,1254.36,1258.93,1263.61,1268.33,1273.78,1279.60,1285.43,1291.63,1297.30,1302.31,1306.50,1309.60,1311.72,1313.14,1314.40,1316.33,1319.47,1323.11,1326.72,1329.96,1332.43,1333.61,1332.90,1330.20,1325.68,1321.06,1315.84,1310.22,1304.51,1298.95,1295.43,1292.82,1290.28,1286.93,1282.91,1278.48,1273.76,1269.11,1266.14,1266.05,1267.87,1271.31,1276.88,1282.25,1287.34,1292.34,1297.49,1302.56,1306.89,1310.26,1312.65,1315.51,1317.96,1320.41,1323.29,1326.91,1330.51,1333.84,1337.10
1417.37,1419.60,1420.92,1422.02,1423.04,1424.01,1424.95,1426.13,1427.38,1428.56,1429.44,1430.03,1430.38,1430.57,1430.69,1430.84,1430.89,1430.90,1430.88,1430.84,1430.88,1430.96,1431.04,1431.13,1431.20,1431.28,1431.24,1430.99,1430.70,1430.45,1430.25,1430.05,1429.86,1430.29,1430.70,1430.93,1430.91,1430.63,1429.74,1428.25,1426.32,1424.49,1422.83,1421.41,1420.28,1419.55,1419.21,1419.22,1419.42,1419.94,1421.18,1422.54,1423.91,1425.15,1425.97,1426.75,1427.17,1427.04,1426.16,1425.08,1423.55,1421.77,1420.06,1419.06,1418.26,1417.94,1418.07,1418.54,1419.20,1420.16,1421.27,1422.42,1423.56,1424.86,1426.14,1427.71,1430.32,1432.81,1435.36,1437.87,1440.26,1442.70,1445.17,1447.26,1448.84,1450.32,1452.04,1454.38,1457.05,1459.34,1460.73,1461.64,1462.38,1463.11,1463.93,1464.58,1464.87,1464.75,1464.31,1463.37,1461.85,1459.36,1455.42,1451.33,1447.69,1444.44,1441.49,1438.63,1436.04,1433.73,1431.74,1430.28,1429.56,1428.95,1428.33,1427.72,1427.10,1426.10,1424.67,1422.74,1420.18,1417.30,1414.05,1410.40,1406.27,1402.17,1398.14,1394.09,1390.03,1386.13,1381.57,1377.31,1373.55,1370.00,1366.11,1362.20,1359.02,1357.21,1356.49,1355.47,1354.01,1351.84,1348.24,1342.89,1337.62,1332.84,1328.36,1323.25,1317.02,1311.12,1306.44,1302.62,1298.52,1294.45,1290.47,1286.73,1284.44,1283.19,1282.37,1281.63,1280.99,1279.30,1276.45,1272.38,1267.08,1260.83,1254.79,1250.43,1249.93,1252.89,1256.72,1261.06,1266.02,1271.36,1275.36,1278.39,1280.37,1280.53,1278.97,1275.55,1271.13,1266.39,1261.87,1258.39,1254.94,1250.89,1245.79,1240.15,1234.32,1229.21,1226.51,1227.09,1231.20,1236.93,1242.92,1247.96,1252.53,1257.02,1261.62,1266.58,1271.55,1277.56,1284.07,1290.36,1296.25,1300.47,1303.73,1306.25,1307.87,1308.70,1309.69,1311.04,1312.79,1315.54,1319.24,1322.89,1325.82,1328.05,1329.29,1329.00,1327.09,1323.62,1318.89,1313.66,1307.94,1301.63,1295.54,1290.47,1286.73,1283.94,1280.43,1277.14,1273.86,1270.42,1266.80,1263.57,1264.52,1267.43,1270.96,1276.17,1281.16,1285.96,1290.62,1294.95,1299.03,1302.79,1306.25,1309.36,1312.17,1314.52,1316.57,1318.63,1321.50,1325.35,1329.48,1333.48
1417.09,1419.41,1420.83,1421.97,1423.03,1424.05,1424.98,1425.76,1426.66,1427.65,1428.47,1429.31,1429.93,1430.27,1430.32,1430.42,1430.42,1430.40,1430.39,1430.32,1430.31,1430.38,1430.48,1430.56,1430.63,1430.68,1430.57,1430.07,1428.98,1427.77,1426.67,1425.82,1425.53,1426.09,1426.82,1427.28,1427.18,1426.79,1425.79,1424.24,1422.23,1420.13,1418.16,1416.50,1415.30,1414.81,1414.63,1414.73,1414.97,1415.39,1416.32,1417.44,1418.58,1419.63,1420.39,1421.07,1421.46,1421.44,1420.88,1420.02,1418.76,1417.32,1415.95,1414.98,1414.10,1413.65,1413.63,1413.97,1414.51,1415.05,1415.42,1415.67,1416.33,1417.85,1420.01,1422.57,1425.21,1428.07,1430.96,1433.63,1435.92,1438.43,1441.24,1443.53,1445.02,1446.35,1447.79,1449.55,1451.54,1453.43,1454.77,1456.00,1457.26,1458.53,1459.66,1460.57,1461.20,1461.47,1461.18,1460.21,1458.52,1455.81,1451.74,1447.82,1444.42,1441.19,1437.96,1434.93,1431.76,1428.83,1426.41,1425.00,1424.25,1423.71,1423.21,1422.71,1422.23,1421.23,1419.77,1417.82,1415.24,1412.22,1408.88,1405.25,1401.29,1397.48,1393.89,1390.23,1386.41,1382.60,1378.38,1374.29,1370.39,1366.49,1362.55,1358.71,1355.36,1352.94,1351.45,1349.80,1347.67,1344.81,1340.80,1336.36,1332.22,1328.31,1324.12,1319.01,1313.51,1308.60,1304.72,1301.11,1296.88,1292.50,1288.05,1283.39,1279.38,1277.27,1276.22,1275.43,1274.74,1273.00,1270.34,1266.76,1262.07,1256.38,1250.65,1246.06,1244.68,1248.47,1253.20,1257.92,1262.66,1267.74,1271.73,1274.60,1276.24,1276.05,1274.03,1270.48,1266.25,1262.02,1258.21,1255.02,1251.26,1246.42,1240.67,1234.88,1229.92,1226.32,1225.25,1228.07,1233.66,1239.90,1245.62,1250.50,1254.97,1259.53,1264.38,1269.52,1274.78,1281.61,1288.37,1293.34,1297.98,1300.72,1302.45,1303.55,1304.06,1303.73,1303.85,1304.75,1306.71,1310.55,1314.82,1318.57,1321.27,1323.13,1324.17,1324.23,1323.17,1320.58,1316.58,1311.48,1305.44,1298.58,1292.15,1286.86,1282.76,1279.64,1276.38,1273.31,1270.12,1266.76,1263.48,1261.43,1263.16,1266.46,1270.00,1274.61,1279.05,1283.35,1287.53,1291.59,1295.26,1298.59,1301.59,1304.39,1307.81,1310.99,1314.02,1317.08,1320.61,1325.41,1330.13,1334.22
1416.60,1418.98,1420.58,1421.78,1422.83,1423.77,1424.57,1424.92,1425.48,1426.30,1427.13,1428.16,1429.04,1429.55,1429.60,1429.67,1429.63,1429.57,1429.53,1429.44,1429.36,1429.36,1429.42,1429.52,1429.46,1429.34,1428.99,1428.11,1426.28,1424.24,1422.32,1420.90,1420.59,1421.22,1422.18,1422.83,1422.71,1422.27,1421.30,1419.81,1417.82,1415.51,1413.24,1411.33,1410.05,1409.78,1409.85,1410.08,1410.34,1410.65,1411.25,1412.15,1413.04,1413.85,1414.62,1415.20,1415.61,1415.81,1415.70,1415.22,1414.32,1413.27,1412.18,1411.05,1410.00,1409.34,1409.12,1409.34,1409.73,1409.76,1409.31,1408.58,1408.66,1410.53,1413.68,1417.23,1419.81,1422.92,1426.09,1428.93,1431.26,1433.88,1437.01,1439.71,1441.54,1443.05,1444.33,1445.41,1446.45,1447.68,1448.79,1450.27,1451.95,1453.61,1455.12,1456.34,1457.37,1458.05,1457.86,1456.86,1454.91,1452.03,1448.20,1444.65,1441.34,1437.94,1434.38,1431.01,1427.34,1423.91,1421.18,1419.79,1418.93,1418.41,1418.03,1417.69,1417.38,1416.36,1414.80,1412.76,1410.14,1406.97,1403.54,1399.97,1396.29,1392.83,1389.62,1386.31,1382.70,1378.90,1375.03,1371.02,1366.90,1362.82,1359.13,1355.53,1351.98,1348.64,1345.95,1343.32,1340.39,1336.95,1332.87,1329.64,1326.49,1323.14,1319.37,1314.54,1310.05,1306.24,1303.03,1299.52,1295.17,1290.52,1285.64,1280.22,1274.57,1271.46,1270.02,1269.18,1268.45,1266.68,1264.23,1261.13,1257.09,1252.00,1246.63,1241.85,1239.59,1243.96,1249.72,1255.03,1259.59,1264.29,1268.13,1270.68,1271.86,1271.33,1268.93,1265.36,1261.47,1257.85,1254.74,1251.41,1246.98,1241.32,1235.32,1229.75,1225.91,1224.04,1224.85,1229.61,1236.20,1242.67,1248.09,1252.81,1257.23,1261.93,1267.03,1272.44,1278.12,1285.38,1291.78,1294.91,1297.83,1299.19,1299.63,1299.51,1299.09,1297.97,1297.40,1297.91,1300.22,1305.11,1309.98,1313.93,1316.59,1318.06,1318.79,1319.04,1318.63,1316.84,1313.75,1308.90,1302.68,1295.57,1289.09,1283.93,1279.73,1276.22,1273.06,1269.96,1266.61,1263.11,1260.11,1259.49,1261.83,1265.25,1268.71,1272.59,1276.49,1280.25,1284.00,1287.98,1291.68,1294.96,1297.74,1300.26,1304.48,1308.73,1313.06,1317.57,1322.16,1327.71,1332.66,1336.65
1415.82,1418.13,1420.04,1421.39,1422.27,1422.74,1423.04,1423.20,1423.64,1424.42,1425.30,1426.13,1426.91,1427.50,1427.70,1427.79,1427.71,1427.58,1427.45,1427.27,1427.17,1426.90,1426.69,1426.86,1426.22,1425.42,1424.35,1422.82,1421.17,1419.55,1418.02,1416.79,1416.37,1416.63,1417.12,1417.48,1417.47,1417.25,1416.44,1414.95,1412.79,1410.37,1407.96,1405.87,1404.37,1403.86,1404.08,1404.52,1404.91,1405.25,1405.79,1406.53,1407.39,1408.32,1409.20,1410.07,1410.86,1411.42,1411.54,1411.17,1410.31,1409.16,1407.80,1406.45,1405.19,1404.25,1403.76,1403.83,1403.99,1403.64,1402.88,1401.96,1401.69,1403.82,1407.35,1411.32,1414.49,1417.45,1420.05,1422.55,1425.30,1428.42,1431.47,1434.30,1436.80,1438.79,1440.64,1441.95,1442.93,1444.02,1444.83,1445.96,1447.06,1448.02,1449.98,1451.80,1453.36,1454.40,1454.32,1453.57,1451.41,1448.27,1444.77,1441.47,1438.03,1434.46,1430.68,1426.35,1422.43,1419.14,1416.52,1414.76,1413.61,1412.97,1412.64,1412.47,1412.26,1411.26,1409.61,1407.39,1404.70,1401.54,1398.27,1394.95,1391.55,1388.38,1385.47,1382.33,1378.71,1374.84,1371.18,1367.22,1363.11,1359.48,1356.27,1352.74,1348.66,1344.03,1339.61,1335.36,1331.75,1328.76,1325.73,1322.94,1320.20,1317.29,1313.96,1310.43,1307.35,1304.45,1301.39,1297.55,1293.05,1288.15,1282.80,1276.68,1270.39,1266.13,1263.66,1262.51,1261.70,1260.38,1258.47,1255.88,1252.39,1247.77,1242.86,1238.43,1236.17,1239.97,1246.19,1252.10,1256.67,1260.89,1264.22,1266.20,1266.83,1265.96,1263.18,1259.78,1256.67,1254.21,1251.24,1246.54,1240.91,1235.02,1229.77,1225.30,1222.31,1221.95,1226.03,1231.97,1238.55,1244.85,1250.30,1254.81,1259.29,1264.04,1269.26,1275.35,1281.75,1287.90,1292.32,1293.68,1294.22,1294.60,1294.37,1293.42,1292.31,1291.51,1291.35,1292.24,1294.95,1299.27,1304.28,1308.79,1311.87,1313.02,1313.37,1313.30,1312.86,1311.69,1309.33,1304.93,1299.18,1292.84,1287.01,1281.99,1277.62,1273.71,1269.78,1266.22,1262.88,1259.84,1257.63,1257.82,1260.41,1263.76,1266.91,1269.99,1273.43,1276.86,1280.34,1284.45,1288.96,1293.39,1297.33,1300.81,1305.79,1310.90,1316.22,1321.82,1327.39,1332.16,1336.37,1340.31
1414.90,1417.15,1419.12,1420.50,1421.26,1421.43,1421.49,1421.54,1421.85,1422.47,1423.27,1423.99,1424.70,1425.27,1425.54,1425.64,1425.59,1425.46,1425.28,1425.03,1424.83,1424.36,1423.86,1423.65,1422.53,1421.29,1419.88,1418.23,1416.76,1415.40,1414.06,1412.81,1411.93,1411.71,1411.87,1412.10,1412.18,1412.06,1411.37,1410.00,1407.97,1405.62,1403.10,1400.87,1399.19,1398.40,1398.39,1398.73,1399.05,1399.26,1399.80,1400.45,1401.32,1402.36,1403.35,1404.37,1405.39,1406.15,1406.35,1406.08,1405.30,1404.22,1402.88,1401.45,1400.05,1398.71,1397.66,1397.27,1397.08,1396.64,1395.99,1395.36,1395.42,1397.96,1401.74,1405.86,1409.43,1412.46,1414.93,1417.24,1419.81,1422.64,1425.31,1428.00,1430.67,1432.88,1434.83,1436.32,1437.57,1438.95,1439.95,1441.04,1441.91,1442.60,1444.45,1446.32,1448.20,1449.73,1449.93,1449.34,1447.17,1444.12,1441.04,1438.00,1434.59,1430.75,1426.47,1422.01,1418.30,1415.13,1412.34,1409.90,1408.21,1407.30,1406.93,1406.92,1406.84,1406.02,1404.45,1402.23,1399.58,1396.54,1393.39,1390.19,1386.98,1383.92,1380.93,1377.68,1374.08,1370.40,1366.86,1363.20,1359.57,1356.45,1353.46,1349.74,1345.21,1339.89,1334.45,1329.13,1324.87,1321.74,1318.90,1316.33,1314.01,1311.79,1309.47,1307.00,1304.78,1302.34,1299.24,1295.21,1290.54,1285.51,1280.06,1273.71,1266.63,1261.18,1257.63,1255.98,1255.31,1254.53,1253.13,1250.84,1247.59,1243.31,1238.72,1234.66,1232.88,1236.14,1242.48,1248.84,1253.71,1257.47,1260.06,1261.08,1260.82,1259.76,1257.10,1254.16,1251.54,1249.20,1245.78,1240.54,1234.88,1229.55,1224.99,1221.42,1220.16,1222.06,1228.09,1234.40,1240.83,1246.88,1252.14,1256.61,1261.29,1266.26,1271.72,1278.05,1283.93,1288.23,1290.60,1290.70,1289.90,1289.39,1288.65,1287.47,1286.26,1285.67,1285.81,1286.96,1289.77,1293.73,1298.55,1302.95,1305.83,1306.69,1306.97,1306.96,1306.72,1306.09,1304.35,1300.71,1295.72,1290.00,1284.51,1279.64,1275.21,1270.95,1266.38,1262.40,1259.12,1256.48,1254.97,1256.56,1259.70,1263.26,1266.73,1270.05,1273.71,1277.15,1280.57,1284.96,1289.89,1294.79,1299.36,1303.66,1309.13,1314.90,1320.87,1326.90,1332.35,1336.88,1341.05,1344.91
1413.88,1416.05,1417.92,1419.31,1420.03,1420.05,1420.02,1419.98,1420.11,1420.47,1421.10,1421.79,1422.42,1422.92,1423.21,1423.31,1423.32,1423.24,1423.04,1422.72,1422.34,1421.71,1420.91,1420.03,1418.56,1417.09,1415.65,1414.22,1412.88,1411.60,1410.25,1408.81,1407.29,1406.57,1406.52,1406.75,1406.89,1406.75,1406.12,1404.96,1403.26,1401.07,1398.51,1396.16,1394.31,1393.23,1392.73,1392.74,1392.80,1392.77,1393.29,1393.90,1394.82,1396.00,1397.11,1398.22,1399.36,1400.24,1400.45,1400.26,1399.60,1398.68,1397.55,1396.12,1394.55,1392.75,1391.04,1390.03,1389.45,1389.11,1388.83,1388.75,1389.64,1392.70,1396.64,1400.76,1404.54,1407.80,1410.46,1412.70,1414.73,1416.77,1418.92,1421.27,1423.73,1425.93,1427.64,1429.20,1430.84,1432.73,1434.22,1435.54,1436.61,1437.47,1438.91,1440.45,1442.41,1444.35,1444.87,1444.33,1442.35,1439.68,1437.07,1434.26,1430.94,1426.80,1422.01,1418.04,1414.76,1411.65,1408.48,1405.23,1402.83,1401.51,1401.01,1401.11,1401.14,1400.59,1399.24,1397.14,1394.69,1391.84,1388.75,1385.58,1382.42,1379.30,1375.96,1372.46,1368.92,1365.60,1362.20,1359.03,1356.16,1353.48,1350.53,1346.47,1341.54,1335.99,1330.16,1324.30,1319.47,1315.81,1312.54,1309.99,1308.05,1306.61,1305.52,1303.89,1302.13,1299.85,1296.68,1292.58,1287.78,1282.73,1277.40,1271.22,1263.39,1256.84,1252.20,1249.84,1249.27,1248.98,1248.01,1245.95,1242.73,1238.71,1234.40,1230.81,1229.74,1232.54,1238.65,1245.24,1250.54,1253.92,1255.59,1255.43,1254.13,1252.92,1250.67,1248.30,1245.87,1242.97,1238.89,1233.90,1229.08,1224.79,1220.87,1218.26,1219.37,1223.85,1230.64,1236.82,1243.01,1248.77,1253.71,1258.26,1263.29,1268.63,1274.30,1280.30,1284.60,1286.64,1287.08,1286.32,1284.97,1283.71,1282.59,1281.56,1280.62,1280.13,1280.48,1281.83,1284.53,1288.32,1292.71,1296.53,1298.84,1299.45,1299.91,1300.24,1300.38,1300.21,1299.04,1296.29,1292.19,1286.96,1281.65,1276.97,1272.50,1267.89,1262.86,1258.52,1255.27,1253.07,1252.47,1255.85,1259.77,1263.78,1268.01,1272.25,1276.48,1280.16,1283.68,1288.45,1293.50,1298.36,1303.13,1308.12,1313.89,1320.09,1326.38,1332.33,1337.04,1341.69,1346.14,1349.81
1412.79,1414.86,1416.76,1418.49,1419.47,1419.41,1419.11,1418.74,1418.40,1418.29,1418.78,1419.49,1419.94,1420.30,1420.73,1420.80,1420.81,1420.72,1420.46,1420.00,1419.34,1418.37,1417.21,1415.99,1414.50,1413.02,1411.51,1409.98,1408.64,1407.24,1405.76,1404.16,1402.43,1401.58,1401.49,1401.67,1401.69,1401.35,1400.67,1399.63,1398.10,1395.96,1393.62,1391.17,1388.92,1387.46,1386.68,1386.29,1385.94,1385.62,1385.78,1386.31,1387.44,1389.02,1390.43,1391.84,1393.24,1394.40,1394.97,1394.83,1394.16,1393.19,1391.93,1390.21,1388.06,1386.09,1384.46,1383.23,1382.47,1382.13,1382.00,1382.26,1383.91,1387.36,1391.49,1395.71,1399.57,1402.94,1405.63,1407.87,1409.87,1411.72,1413.60,1415.59,1417.70,1419.73,1421.37,1422.80,1424.22,1425.85,1427.58,1429.57,1431.56,1433.37,1435.00,1436.41,1437.85,1439.09,1439.30,1438.74,1437.24,1435.20,1432.92,1430.09,1426.36,1422.28,1418.25,1414.75,1411.46,1408.12,1404.62,1400.99,1397.85,1396.00,1395.18,1395.10,1395.03,1394.55,1393.39,1391.62,1389.65,1387.05,1383.96,1380.57,1377.04,1373.65,1370.16,1366.68,1363.28,1360.10,1357.44,1354.87,1352.25,1349.61,1346.66,1342.35,1337.09,1331.33,1325.61,1320.13,1315.30,1311.28,1307.91,1305.09,1303.00,1301.55,1300.65,1299.74,1298.45,1296.51,1293.67,1289.77,1285.12,1280.12,1274.82,1268.89,1261.66,1254.76,1249.11,1245.50,1243.77,1243.21,1242.51,1240.93,1238.04,1234.21,1230.79,1228.28,1227.48,1229.77,1235.00,1240.98,1246.20,1249.44,1250.23,1249.31,1247.46,1245.65,1243.43,1240.91,1238.17,1235.18,1231.95,1228.12,1224.24,1220.57,1217.42,1217.29,1220.62,1226.27,1232.83,1238.89,1244.86,1250.33,1255.05,1259.73,1265.58,1271.36,1276.50,1280.51,1282.27,1282.50,1281.82,1280.44,1278.69,1277.19,1275.90,1274.81,1273.91,1273.54,1274.23,1276.00,1278.84,1282.25,1286.09,1289.52,1291.75,1292.55,1293.28,1293.88,1294.27,1294.34,1293.79,1291.58,1287.90,1283.08,1278.41,1274.16,1269.50,1264.16,1258.95,1254.34,1251.06,1249.82,1251.96,1256.70,1261.46,1266.24,1271.23,1275.97,1279.86,1283.44,1287.32,1292.38,1297.55,1302.44,1307.45,1313.15,1319.25,1325.42,1331.34,1336.86,1341.98,1346.35,1349.76,1352.37
1411.99,1413.94,1415.83,1417.75,1418.86,1418.64,1418.00,1417.37,1416.71,1416.22,1416.44,1417.06,1417.17,1417.17,1417.47,1417.48,1417.40,1417.24,1416.93,1416.38,1415.55,1414.45,1413.15,1411.71,1410.22,1408.63,1406.97,1405.33,1404.03,1402.60,1400.99,1399.21,1397.43,1396.59,1396.49,1396.63,1396.52,1395.99,1395.14,1393.97,1392.36,1390.10,1387.91,1385.51,1383.17,1381.55,1380.66,1380.02,1379.40,1378.82,1378.60,1379.09,1380.39,1382.20,1383.79,1385.37,1386.93,1388.30,1389.12,1389.04,1388.45,1387.41,1385.84,1383.84,1381.37,1379.35,1377.79,1376.41,1375.47,1375.10,1375.08,1375.68,1378.01,1381.73,1385.99,1390.32,1394.39,1397.86,1400.56,1402.82,1404.85,1406.52,1408.10,1409.77,1411.59,1413.53,1415.29,1416.70,1417.93,1419.31,1421.13,1423.64,1426.43,1429.05,1431.03,1432.41,1433.34,1433.83,1433.72,1433.09,1431.88,1430.21,1428.05,1425.41,1421.72,1417.99,1414.67,1411.43,1408.04,1404.44,1400.68,1396.78,1392.99,1390.61,1389.42,1389.10,1388.88,1388.41,1387.49,1386.13,1384.54,1382.08,1378.86,1375.17,1371.29,1367.60,1364.04,1360.63,1357.40,1354.35,1352.26,1350.12,1347.63,1344.85,1341.56,1337.13,1331.95,1326.48,1321.26,1316.32,1311.74,1307.65,1304.14,1300.64,1297.95,1296.19,1295.37,1295.01,1294.18,1292.66,1290.19,1286.60,1282.23,1277.43,1272.31,1266.75,1260.31,1253.36,1246.93,1242.06,1238.86,1237.89,1237.36,1236.25,1233.78,1230.44,1227.80,1226.01,1225.29,1227.31,1231.50,1236.58,1241.49,1244.46,1244.65,1243.35,1241.24,1238.78,1236.31,1233.51,1230.56,1227.72,1225.22,1222.28,1219.17,1216.41,1215.30,1217.57,1222.50,1228.72,1234.95,1241.01,1246.86,1252.18,1256.97,1262.16,1268.19,1273.50,1277.33,1279.03,1278.86,1277.77,1276.23,1274.36,1272.38,1270.73,1269.35,1268.21,1267.39,1267.22,1268.18,1270.23,1273.22,1276.40,1279.73,1282.68,1284.77,1285.79,1286.67,1287.36,1287.82,1288.02,1287.86,1286.15,1283.04,1278.83,1274.77,1270.60,1265.62,1259.87,1254.74,1250.20,1247.61,1247.87,1252.22,1257.77,1263.29,1268.88,1274.55,1279.44,1283.04,1286.69,1291.02,1296.32,1301.52,1306.49,1311.72,1317.78,1323.99,1329.83,1335.26,1340.46,1345.91,1349.70,1351.99,1353.48
1411.70,1413.50,1415.24,1417.03,1417.93,1417.42,1416.41,1415.69,1415.03,1414.41,1414.09,1414.45,1414.00,1413.27,1412.99,1412.84,1412.56,1412.25,1411.90,1411.35,1410.59,1409.76,1408.70,1407.17,1405.58,1403.66,1401.73,1400.08,1398.91,1397.66,1395.95,1393.94,1392.25,1391.55,1391.47,1391.56,1391.39,1390.72,1389.51,1387.88,1385.77,1383.15,1380.89,1378.83,1376.98,1375.61,1374.80,1374.20,1373.57,1372.84,1372.27,1372.82,1374.15,1375.82,1377.32,1378.81,1380.34,1381.70,1382.53,1382.49,1382.20,1381.10,1379.04,1376.86,1374.62,1372.67,1370.96,1369.43,1368.27,1367.82,1367.93,1368.91,1371.77,1375.63,1379.88,1384.34,1388.88,1392.42,1395.15,1397.46,1399.48,1400.77,1402.00,1403.40,1405.09,1407.13,1409.25,1410.91,1412.20,1413.57,1415.30,1417.99,1421.08,1424.05,1426.44,1427.88,1428.53,1428.57,1428.26,1427.48,1426.19,1424.36,1421.99,1420.03,1417.31,1414.29,1411.20,1407.84,1404.35,1400.58,1396.60,1392.50,1388.19,1385.34,1383.77,1383.19,1382.81,1382.31,1381.70,1380.84,1379.35,1376.82,1373.27,1369.22,1365.18,1361.22,1357.66,1354.37,1351.28,1348.40,1346.38,1344.35,1341.95,1338.84,1334.67,1330.29,1325.91,1321.56,1317.30,1312.92,1308.85,1305.15,1301.32,1296.52,1292.63,1290.26,1289.71,1289.58,1289.24,1288.19,1286.07,1282.86,1278.91,1274.55,1269.88,1264.87,1259.12,1252.39,1245.58,1239.63,1234.79,1233.37,1232.95,1232.17,1230.21,1227.87,1225.61,1223.73,1222.94,1225.13,1228.21,1232.13,1236.51,1238.92,1239.00,1237.84,1235.81,1232.72,1229.63,1226.55,1223.71,1221.28,1218.86,1216.13,1213.48,1212.24,1215.27,1219.34,1224.81,1231.04,1237.13,1243.32,1249.19,1254.65,1259.98,1266.24,1271.25,1274.51,1275.90,1275.29,1274.52,1272.82,1270.61,1268.42,1266.40,1264.65,1263.22,1262.15,1261.53,1261.71,1262.78,1264.78,1267.87,1271.14,1274.03,1276.36,1278.00,1279.15,1279.96,1280.46,1280.74,1280.93,1280.76,1279.61,1277.42,1274.16,1270.56,1265.76,1260.32,1254.79,1250.13,1246.25,1245.58,1248.10,1253.16,1258.73,1264.82,1271.23,1277.46,1282.03,1285.68,1289.77,1294.66,1300.11,1305.19,1310.29,1315.69,1321.54,1327.47,1332.59,1337.54,1342.71,1348.01,1350.87,1352.30,1352.82
1411.72,1413.31,1414.90,1416.52,1417.34,1416.86,1415.69,1414.68,1413.69,1412.73,1412.02,1411.70,1411.04,1410.29,1409.82,1409.30,1408.91,1408.62,1408.28,1407.55,1406.61,1405.62,1404.43,1402.78,1401.15,1399.36,1397.48,1395.67,1394.19,1392.56,1390.63,1388.54,1386.77,1385.69,1385.30,1385.22,1385.03,1384.49,1383.49,1382.07,1380.21,1378.01,1375.87,1373.75,1371.82,1370.45,1369.62,1368.76,1367.89,1367.08,1366.28,1366.47,1367.64,1369.42,1371.12,1372.83,1374.51,1375.86,1376.49,1376.49,1375.84,1374.45,1372.44,1370.45,1368.32,1366.25,1364.41,1363.01,1361.88,1361.36,1361.45,1362.60,1365.89,1369.77,1373.84,1378.02,1382.22,1385.50,1388.14,1390.69,1393.35,1394.99,1396.23,1397.64,1399.42,1401.39,1403.46,1405.09,1406.38,1407.74,1409.46,1412.46,1415.82,1418.78,1421.46,1422.82,1423.34,1423.32,1422.94,1422.18,1420.96,1419.34,1417.35,1415.64,1413.30,1410.48,1407.29,1403.87,1400.43,1396.73,1392.69,1388.22,1383.53,1380.01,1377.86,1377.10,1376.71,1376.36,1375.93,1375.23,1373.81,1371.52,1368.07,1364.15,1360.56,1357.11,1353.67,1350.17,1346.56,1342.99,1339.73,1336.87,1334.20,1331.22,1327.47,1323.78,1320.21,1316.66,1313.09,1309.53,1306.07,1302.48,1298.07,1292.99,1289.14,1286.65,1285.32,1284.43,1283.98,1283.11,1281.26,1278.49,1274.86,1271.06,1267.13,1262.60,1256.95,1250.53,1243.96,1237.69,1231.80,1229.29,1228.38,1227.87,1226.62,1224.80,1222.62,1220.51,1219.52,1221.93,1224.95,1228.38,1232.08,1234.52,1234.72,1233.52,1231.33,1228.29,1225.08,1221.77,1218.67,1216.03,1213.45,1211.45,1211.13,1213.26,1218.08,1223.11,1228.42,1234.08,1240.08,1246.40,1252.31,1257.89,1263.31,1268.74,1271.91,1273.17,1272.88,1271.21,1269.55,1267.35,1264.91,1262.67,1260.84,1259.17,1257.80,1256.83,1256.36,1256.58,1257.75,1259.77,1262.53,1265.55,1268.36,1270.71,1272.44,1273.70,1274.48,1274.86,1274.97,1275.01,1274.61,1273.57,1271.83,1269.19,1265.61,1260.46,1254.78,1249.28,1244.88,1242.79,1244.12,1248.11,1253.52,1259.21,1265.42,1272.24,1279.10,1283.53,1287.41,1291.93,1297.19,1302.53,1307.55,1312.66,1317.95,1323.38,1328.84,1333.44,1337.67,1341.97,1346.70,1349.74,1351.02,1350.92
1411.91,1413.27,1414.72,1416.18,1416.92,1416.44,1415.19,1413.90,1412.57,1411.28,1410.19,1409.17,1408.37,1407.76,1407.22,1406.36,1405.84,1405.53,1405.14,1404.17,1402.91,1401.63,1400.25,1398.55,1396.94,1395.32,1393.51,1391.46,1389.56,1387.47,1385.31,1383.21,1381.34,1379.83,1379.08,1378.79,1378.57,1378.20,1377.56,1376.54,1375.12,1373.41,1371.33,1369.11,1367.05,1365.60,1364.65,1363.45,1362.19,1361.09,1360.09,1359.94,1360.99,1362.93,1364.90,1366.88,1368.69,1369.99,1370.40,1370.44,1369.34,1367.69,1365.87,1364.11,1362.04,1359.90,1358.03,1356.84,1355.82,1355.24,1355.33,1356.68,1360.30,1364.17,1368.01,1371.80,1375.39,1378.24,1380.75,1383.46,1386.66,1388.70,1390.13,1391.80,1393.91,1395.91,1397.84,1399.38,1400.64,1401.98,1403.68,1406.86,1410.44,1413.58,1416.51,1417.80,1418.28,1418.32,1417.91,1417.17,1416.01,1414.57,1412.99,1411.34,1409.14,1406.38,1403.11,1399.71,1396.32,1392.70,1388.62,1383.80,1378.84,1374.72,1372.02,1371.08,1370.75,1370.60,1370.31,1369.66,1368.31,1366.31,1363.17,1359.61,1356.56,1353.70,1350.42,1346.61,1342.25,1337.59,1332.98,1329.22,1326.22,1323.40,1320.37,1317.49,1314.67,1311.80,1308.81,1306.06,1303.15,1299.64,1294.80,1289.85,1286.37,1283.92,1281.62,1279.68,1278.71,1277.73,1276.07,1273.74,1270.50,1267.25,1263.98,1259.78,1254.21,1248.26,1242.10,1235.64,1229.14,1225.44,1223.76,1223.26,1222.51,1220.97,1218.71,1216.28,1214.93,1217.58,1221.04,1224.52,1227.77,1230.33,1230.76,1229.54,1227.25,1224.38,1221.18,1217.69,1214.27,1211.33,1209.09,1208.46,1210.95,1216.43,1222.18,1227.66,1232.55,1237.44,1243.32,1249.56,1255.38,1260.85,1265.89,1269.85,1271.03,1270.48,1268.91,1266.72,1264.30,1261.78,1259.32,1257.17,1255.57,1254.06,1252.77,1251.86,1251.48,1251.67,1252.91,1254.93,1257.31,1260.01,1262.77,1265.24,1267.17,1268.58,1269.37,1269.67,1269.67,1269.55,1268.92,1267.86,1266.31,1263.92,1260.14,1254.86,1249.18,1243.87,1240.05,1240.10,1243.20,1248.08,1253.65,1259.45,1265.62,1272.58,1279.86,1284.37,1288.53,1293.43,1298.93,1304.11,1309.11,1314.23,1319.37,1324.37,1329.31,1333.40,1336.87,1340.09,1343.93,1347.09,1348.32,1347.89
1412.38,1413.53,1414.85,1416.25,1416.71,1415.75,1414.46,1413.15,1411.82,1410.44,1408.90,1407.58,1406.54,1405.78,1405.20,1404.31,1403.47,1402.81,1402.15,1400.83,1399.13,1397.60,1396.20,1394.71,1393.25,1391.46,1389.34,1386.97,1384.77,1382.56,1380.37,1378.29,1376.50,1374.97,1374.03,1373.48,1373.11,1372.77,1372.41,1371.71,1370.49,1368.63,1366.24,1364.17,1362.50,1360.98,1359.67,1358.14,1356.21,1354.05,1352.80,1352.88,1354.11,1356.16,1358.34,1360.28,1361.96,1363.13,1363.48,1363.52,1362.49,1360.95,1359.20,1357.42,1355.38,1353.52,1352.01,1350.96,1350.04,1349.46,1349.77,1351.66,1355.34,1359.25,1362.94,1366.30,1369.25,1371.60,1373.87,1376.28,1378.82,1380.64,1382.47,1384.93,1387.98,1390.59,1392.52,1394.03,1395.29,1396.55,1398.20,1400.88,1404.58,1408.97,1412.19,1413.55,1414.10,1414.20,1413.73,1412.88,1411.50,1409.80,1407.99,1406.10,1403.96,1401.42,1398.45,1395.29,1391.78,1387.99,1383.78,1378.82,1373.91,1369.69,1366.74,1365.52,1365.38,1365.42,1365.25,1364.65,1363.36,1361.49,1358.92,1355.99,1353.08,1350.23,1347.01,1342.96,1337.76,1331.67,1326.77,1323.00,1319.86,1316.75,1313.99,1311.55,1309.29,1307.03,1304.58,1302.23,1299.63,1296.41,1292.02,1287.39,1284.07,1281.61,1278.99,1276.06,1273.76,1271.92,1270.28,1268.37,1265.80,1262.97,1259.75,1255.45,1250.55,1245.53,1239.70,1232.64,1226.50,1221.96,1219.13,1217.76,1216.60,1214.92,1212.43,1209.48,1207.36,1210.14,1214.71,1219.38,1223.24,1225.60,1226.25,1225.45,1223.45,1220.47,1217.13,1213.61,1210.05,1207.18,1207.38,1209.98,1214.80,1221.32,1227.57,1232.77,1236.94,1241.13,1246.66,1252.15,1257.37,1261.87,1265.30,1267.76,1267.34,1265.63,1263.43,1261.10,1258.72,1256.44,1254.27,1252.33,1250.89,1249.56,1248.30,1247.28,1246.87,1247.08,1248.29,1250.24,1252.53,1255.00,1257.44,1259.65,1261.55,1263.28,1264.14,1264.47,1264.51,1264.43,1263.87,1262.81,1260.99,1257.92,1253.61,1248.71,1243.71,1239.36,1237.46,1239.66,1243.52,1248.18,1253.66,1259.33,1265.39,1272.05,1278.95,1283.99,1288.56,1293.59,1299.04,1304.26,1309.34,1314.59,1319.74,1324.48,1328.93,1332.36,1335.19,1337.63,1339.89,1341.58,1342.28,1342.23
1412.99,1413.95,1415.15,1416.10,1416.14,1415.03,1413.80,1412.53,1411.21,1409.70,1407.71,1406.11,1404.86,1403.91,1403.22,1402.32,1401.03,1399.74,1398.48,1396.81,1394.99,1393.40,1391.98,1390.54,1389.01,1387.01,1384.66,1382.15,1379.89,1377.71,1375.58,1373.56,1371.83,1370.34,1369.12,1368.16,1367.51,1367.09,1366.76,1366.19,1365.10,1363.19,1360.99,1359.15,1357.60,1356.01,1354.38,1352.41,1350.06,1347.61,1346.45,1346.60,1347.90,1349.99,1352.14,1354.05,1355.66,1356.75,1357.03,1356.93,1355.66,1353.91,1352.05,1350.38,1348.57,1347.01,1345.75,1344.81,1344.08,1343.83,1344.63,1347.06,1350.92,1354.95,1358.55,1361.57,1364.13,1366.19,1368.10,1370.08,1372.16,1374.03,1376.11,1378.73,1381.77,1384.24,1386.00,1387.50,1388.98,1390.68,1392.81,1395.63,1399.36,1403.78,1407.09,1408.71,1409.43,1409.52,1408.86,1407.80,1406.15,1404.11,1401.91,1399.91,1397.87,1395.61,1393.02,1390.10,1386.68,1382.97,1378.94,1374.26,1369.25,1364.62,1361.15,1359.57,1359.37,1359.51,1359.55,1359.18,1358.04,1356.56,1354.51,1352.08,1349.48,1346.73,1343.34,1338.76,1332.71,1325.94,1321.00,1317.13,1313.73,1310.44,1307.75,1305.58,1303.65,1301.85,1300.12,1298.21,1295.94,1293.05,1289.05,1284.90,1281.73,1279.15,1276.34,1272.93,1269.75,1267.10,1265.01,1263.06,1260.75,1257.93,1254.63,1250.84,1246.63,1241.90,1236.11,1229.10,1223.18,1218.07,1214.01,1211.15,1209.30,1207.44,1205.03,1202.27,1200.29,1202.70,1207.24,1212.35,1216.96,1219.45,1220.28,1219.66,1217.82,1214.90,1211.20,1207.93,1205.69,1205.47,1208.57,1213.36,1219.40,1226.13,1231.81,1236.58,1240.36,1243.99,1248.54,1253.06,1257.37,1260.72,1262.64,1263.77,1262.34,1259.98,1257.46,1255.10,1252.97,1251.04,1249.28,1247.73,1246.51,1245.35,1244.15,1243.01,1242.26,1242.38,1243.49,1245.34,1247.64,1250.00,1252.26,1254.31,1256.10,1257.80,1258.58,1258.83,1258.80,1258.66,1257.95,1256.74,1254.85,1251.87,1247.95,1243.10,1238.47,1235.43,1236.35,1239.98,1244.05,1248.24,1253.20,1258.67,1264.49,1270.78,1277.34,1282.79,1287.54,1292.55,1297.94,1303.32,1308.86,1314.18,1319.13,1323.56,1327.48,1330.47,1332.84,1334.67,1335.92,1336.66,1337.00,1337.12
1413.68,1414.48,1415.47,1415.70,1415.26,1414.29,1413.21,1412.00,1410.66,1408.98,1406.59,1404.71,1403.23,1402.05,1401.12,1400.10,1398.30,1396.26,1394.25,1392.26,1390.57,1389.05,1387.58,1386.06,1384.25,1382.02,1379.55,1377.03,1374.90,1372.86,1370.86,1368.94,1367.28,1365.86,1364.32,1362.85,1361.76,1361.13,1360.65,1360.05,1359.04,1357.22,1355.63,1354.01,1352.33,1350.66,1348.72,1346.30,1343.76,1341.66,1340.92,1340.99,1342.20,1344.25,1346.17,1347.99,1349.54,1350.59,1350.80,1350.47,1348.81,1346.68,1344.64,1343.17,1341.75,1340.48,1339.38,1338.52,1338.05,1338.39,1339.84,1342.75,1346.80,1351.03,1354.61,1357.42,1359.79,1361.71,1363.20,1364.67,1366.49,1368.65,1370.83,1373.13,1375.43,1377.19,1378.66,1380.16,1381.94,1384.38,1387.33,1390.88,1394.63,1398.23,1401.41,1403.36,1404.30,1404.30,1403.31,1401.97,1400.02,1397.61,1395.03,1393.02,1391.14,1389.19,1387.02,1384.34,1381.23,1377.83,1374.16,1369.99,1364.76,1359.49,1355.38,1353.37,1352.89,1353.03,1353.30,1353.28,1352.41,1351.48,1349.89,1347.87,1345.66,1342.98,1339.19,1333.92,1327.21,1320.56,1315.74,1311.69,1307.96,1304.54,1301.71,1299.55,1297.78,1296.31,1295.40,1293.94,1291.99,1289.42,1285.75,1282.27,1279.27,1276.52,1273.59,1270.13,1266.54,1263.18,1260.31,1257.92,1255.45,1252.38,1249.00,1246.09,1242.41,1237.42,1231.49,1225.11,1219.31,1213.84,1208.57,1203.99,1201.37,1199.32,1197.22,1195.20,1194.07,1195.71,1199.22,1203.99,1209.16,1211.98,1212.93,1212.33,1210.56,1207.95,1204.01,1201.44,1201.70,1205.89,1211.90,1217.78,1224.00,1230.17,1234.48,1238.69,1242.37,1245.61,1248.83,1252.31,1255.52,1257.66,1258.31,1258.33,1256.38,1253.80,1251.20,1248.88,1247.10,1245.56,1244.23,1243.13,1242.14,1241.11,1239.99,1238.78,1237.56,1237.53,1238.52,1240.27,1242.62,1244.93,1247.13,1249.10,1250.76,1252.18,1252.76,1252.86,1252.73,1252.44,1251.45,1250.05,1248.26,1245.93,1242.89,1237.90,1233.59,1232.28,1236.35,1240.70,1244.58,1248.24,1252.41,1257.61,1263.10,1268.98,1275.26,1280.99,1285.77,1290.66,1295.97,1301.58,1307.79,1313.14,1317.70,1321.73,1325.11,1327.81,1329.83,1331.13,1331.89,1332.20,1332.35,1332.47
1414.25,1414.76,1415.06,1414.91,1414.35,1413.47,1412.56,1411.43,1409.87,1407.86,1405.52,1403.34,1401.53,1399.84,1398.04,1396.28,1394.12,1391.94,1389.93,1387.94,1386.13,1384.54,1383.03,1381.33,1379.07,1376.56,1374.02,1371.61,1369.55,1367.60,1365.80,1364.16,1362.72,1361.51,1359.91,1358.01,1356.15,1355.10,1354.41,1353.77,1352.90,1351.38,1349.92,1348.25,1346.44,1344.61,1342.36,1339.84,1337.42,1335.63,1335.26,1335.45,1336.42,1337.99,1339.53,1340.88,1341.94,1342.66,1342.88,1342.66,1341.43,1339.80,1338.13,1336.74,1335.58,1334.59,1333.73,1333.02,1332.77,1333.44,1335.23,1338.32,1342.11,1346.47,1350.31,1353.27,1355.47,1356.97,1358.11,1359.18,1360.55,1362.88,1365.19,1367.47,1369.64,1371.28,1372.65,1374.00,1375.56,1377.69,1380.74,1385.06,1389.71,1393.76,1396.48,1398.18,1398.95,1398.78,1397.55,1395.66,1393.37,1390.86,1388.34,1386.49,1384.76,1383.06,1381.26,1379.02,1376.52,1373.33,1369.49,1365.11,1359.72,1354.41,1350.19,1347.87,1346.93,1346.91,1347.15,1347.28,1346.92,1346.24,1345.14,1343.49,1340.99,1337.55,1332.95,1327.48,1321.57,1316.35,1311.98,1307.92,1303.95,1300.09,1296.47,1293.63,1291.68,1290.68,1290.03,1288.78,1286.88,1284.37,1281.49,1278.77,1276.23,1273.63,1270.66,1267.31,1263.64,1259.96,1256.46,1253.35,1250.50,1247.53,1244.47,1241.41,1237.11,1231.88,1226.27,1220.67,1215.42,1209.61,1203.97,1199.24,1196.37,1194.13,1192.28,1190.82,1190.09,1191.01,1193.20,1196.58,1200.63,1202.88,1203.81,1203.57,1202.40,1200.67,1198.60,1198.57,1201.46,1207.70,1214.69,1220.40,1225.34,1229.58,1232.68,1236.14,1239.73,1243.15,1246.15,1249.21,1251.51,1252.75,1252.83,1252.31,1250.20,1247.63,1245.11,1242.96,1241.32,1239.85,1238.51,1237.37,1236.22,1235.08,1234.06,1233.18,1232.35,1232.51,1233.54,1235.22,1237.42,1239.57,1241.59,1243.46,1245.09,1246.38,1246.91,1247.07,1247.07,1246.90,1246.16,1244.98,1243.35,1240.84,1236.64,1232.36,1230.28,1231.69,1236.52,1240.79,1244.44,1247.92,1251.87,1256.67,1261.93,1267.47,1273.32,1279.42,1284.38,1289.20,1294.37,1300.08,1306.28,1311.49,1315.73,1319.20,1322.11,1324.15,1325.40,1325.97,1326.43,1326.57,1326.64,1326.92
1414.39,1414.57,1414.36,1413.98,1413.41,1412.63,1411.82,1410.69,1408.84,1406.43,1404.03,1401.61,1399.52,1397.40,1394.90,1392.43,1389.97,1387.70,1385.66,1383.69,1381.70,1379.89,1378.18,1376.22,1373.63,1370.92,1368.36,1366.09,1364.24,1362.57,1361.08,1359.73,1358.47,1357.40,1355.74,1353.52,1351.07,1349.41,1348.47,1347.72,1346.83,1345.47,1343.92,1342.10,1340.14,1338.17,1335.87,1333.53,1331.39,1329.84,1329.61,1330.04,1330.94,1332.16,1333.35,1334.22,1334.86,1335.33,1335.55,1335.39,1334.45,1333.14,1331.70,1330.32,1329.27,1328.47,1327.80,1327.24,1327.19,1328.17,1330.31,1333.66,1337.28,1341.59,1345.51,1348.59,1350.78,1351.98,1352.86,1353.65,1354.61,1356.71,1359.06,1361.45,1363.72,1365.48,1366.86,1368.11,1369.43,1371.21,1374.30,1379.00,1384.21,1388.75,1391.40,1392.94,1393.53,1393.16,1391.75,1389.48,1386.96,1384.38,1381.93,1380.17,1378.61,1377.11,1375.61,1373.83,1371.79,1368.85,1365.00,1360.32,1354.95,1349.93,1345.81,1343.04,1341.33,1340.84,1340.85,1340.98,1340.97,1340.51,1339.72,1338.21,1335.25,1331.23,1326.48,1321.50,1316.72,1312.68,1308.71,1304.72,1300.65,1296.40,1291.93,1288.17,1285.69,1284.80,1284.30,1283.30,1281.55,1279.22,1277.02,1274.92,1272.75,1270.34,1267.43,1264.23,1260.62,1256.77,1252.85,1249.10,1245.84,1242.86,1239.88,1236.39,1231.54,1226.32,1221.21,1216.37,1211.44,1205.52,1199.96,1195.53,1192.49,1190.13,1188.50,1187.43,1186.95,1187.43,1188.53,1190.41,1192.95,1194.77,1195.65,1195.78,1195.33,1194.60,1194.82,1197.25,1202.06,1209.15,1215.83,1220.59,1224.12,1226.82,1229.13,1232.00,1235.42,1238.94,1241.97,1244.76,1246.43,1247.13,1246.96,1246.17,1244.07,1241.59,1239.18,1237.05,1235.40,1233.92,1232.55,1231.33,1230.10,1228.99,1228.18,1227.71,1227.42,1227.81,1228.82,1230.34,1232.23,1233.88,1235.46,1236.98,1238.40,1239.60,1240.35,1240.87,1241.25,1241.46,1241.05,1240.10,1238.49,1235.66,1230.80,1227.87,1228.20,1231.87,1236.79,1240.79,1244.24,1247.60,1251.41,1255.95,1261.06,1266.36,1271.87,1278.28,1283.41,1288.19,1293.20,1298.84,1304.70,1309.58,1313.46,1316.42,1318.83,1320.16,1320.69,1320.71,1320.93,1321.04,1321.15,1321.78
1413.71,1413.57,1413.40,1412.99,1412.43,1411.80,1410.96,1409.66,1407.46,1404.58,1401.73,1399.15,1396.93,1394.69,1392.04,1389.17,1386.46,1383.91,1381.54,1379.46,1377.29,1375.07,1372.82,1370.49,1367.84,1365.13,1362.61,1360.52,1359.16,1358.14,1357.12,1356.02,1354.84,1353.69,1351.85,1349.48,1346.94,1344.47,1343.19,1342.16,1340.90,1339.38,1337.48,1335.42,1333.29,1331.22,1329.40,1327.67,1326.01,1324.59,1324.05,1324.84,1326.10,1327.37,1328.31,1328.81,1329.35,1329.83,1329.99,1329.70,1328.46,1326.80,1325.05,1323.60,1322.46,1321.65,1321.05,1320.63,1320.73,1322.09,1324.75,1328.60,1332.42,1336.34,1339.87,1342.88,1345.37,1346.58,1347.39,1348.08,1348.80,1349.95,1352.17,1354.77,1357.31,1359.44,1361.01,1362.29,1363.55,1365.28,1368.56,1372.91,1377.67,1382.25,1385.71,1387.53,1388.06,1387.48,1385.98,1383.73,1381.20,1378.56,1376.01,1374.16,1372.75,1371.42,1370.09,1368.69,1366.70,1364.17,1360.81,1355.92,1350.89,1346.59,1342.77,1339.25,1336.21,1334.74,1334.22,1334.17,1334.05,1333.88,1333.10,1331.22,1327.75,1323.83,1320.39,1317.04,1313.47,1309.62,1305.78,1301.99,1298.06,1293.60,1288.45,1283.57,1279.97,1278.44,1278.14,1277.54,1276.27,1274.42,1272.56,1270.71,1268.67,1266.36,1263.69,1260.75,1257.22,1253.38,1249.36,1245.24,1241.63,1238.23,1234.74,1230.71,1225.88,1221.12,1216.71,1212.50,1207.31,1201.70,1196.78,1192.88,1189.62,1187.29,1185.81,1184.93,1184.58,1185.12,1185.67,1186.26,1187.22,1189.22,1190.01,1190.41,1190.68,1190.98,1193.55,1197.50,1202.85,1209.38,1213.99,1216.82,1219.22,1221.66,1223.94,1226.61,1229.68,1232.94,1236.05,1238.62,1240.17,1240.88,1240.78,1240.01,1238.10,1235.84,1233.50,1231.10,1229.20,1227.66,1226.33,1225.19,1224.18,1223.50,1223.11,1223.02,1223.27,1223.80,1224.65,1225.78,1227.10,1227.69,1228.31,1229.05,1229.89,1231.00,1232.44,1233.79,1234.96,1235.93,1235.86,1234.93,1233.07,1229.98,1226.20,1225.53,1227.86,1232.50,1237.20,1240.87,1244.15,1247.40,1251.02,1255.61,1260.68,1265.88,1271.36,1277.93,1283.14,1287.87,1292.71,1298.06,1303.20,1307.41,1310.81,1313.43,1315.25,1315.89,1315.98,1315.88,1315.94,1316.15,1316.49,1317.72
1412.96,1412.66,1412.40,1412.01,1411.52,1410.80,1409.48,1407.63,1405.18,1402.33,1399.49,1396.87,1394.42,1391.88,1389.00,1385.91,1382.95,1380.09,1377.41,1375.14,1372.67,1370.06,1367.40,1364.82,1362.41,1360.02,1357.75,1355.86,1354.81,1354.05,1353.19,1352.06,1350.52,1349.03,1347.04,1344.75,1342.46,1340.21,1338.53,1336.92,1335.12,1333.05,1330.91,1329.06,1327.41,1325.75,1324.09,1322.26,1320.36,1318.62,1317.63,1318.60,1320.40,1322.31,1323.64,1324.10,1324.41,1324.58,1324.32,1323.51,1321.91,1320.09,1318.34,1316.92,1315.91,1315.20,1314.64,1314.25,1314.33,1316.10,1319.37,1323.73,1327.76,1331.37,1334.63,1337.51,1339.85,1341.06,1341.81,1342.41,1342.99,1343.75,1345.62,1347.97,1350.39,1352.51,1354.22,1355.72,1357.29,1359.52,1363.09,1367.16,1371.53,1375.98,1379.71,1381.85,1382.54,1382.02,1380.63,1378.44,1375.83,1372.95,1369.98,1367.86,1366.27,1364.94,1363.78,1362.61,1360.88,1358.63,1355.58,1351.18,1346.82,1342.84,1338.95,1334.93,1330.85,1328.65,1327.73,1327.54,1327.28,1326.68,1325.56,1323.78,1321.16,1318.23,1315.54,1312.89,1309.99,1306.58,1303.09,1299.49,1295.64,1291.11,1285.66,1280.06,1275.34,1272.52,1271.64,1271.08,1270.12,1268.74,1267.34,1265.81,1263.88,1261.58,1258.91,1255.98,1252.58,1248.86,1244.90,1240.96,1237.41,1233.98,1230.34,1225.93,1221.32,1216.84,1212.37,1207.67,1202.70,1198.00,1193.81,1190.14,1186.81,1185.49,1185.44,1185.91,1186.39,1186.96,1187.22,1187.27,1187.40,1188.22,1188.31,1188.27,1188.48,1189.43,1192.11,1196.15,1201.01,1205.97,1208.88,1210.92,1212.91,1215.13,1217.63,1220.38,1223.44,1226.68,1229.85,1232.50,1234.15,1234.86,1234.69,1234.01,1232.20,1230.21,1228.28,1226.12,1224.18,1222.50,1221.10,1220.05,1219.21,1218.77,1218.56,1218.59,1219.04,1219.63,1220.08,1220.39,1220.68,1220.66,1220.70,1220.92,1221.51,1222.74,1224.68,1226.78,1228.70,1230.06,1230.25,1229.35,1227.44,1224.64,1222.44,1224.32,1228.24,1232.88,1237.00,1240.48,1243.75,1247.08,1250.85,1255.82,1261.02,1266.21,1271.53,1277.42,1282.45,1286.97,1291.46,1296.45,1301.02,1304.78,1307.82,1310.10,1311.42,1311.49,1311.17,1310.88,1310.81,1311.29,1312.73,1315.46
1412.19,1411.81,1411.43,1411.02,1410.45,1409.48,1407.60,1405.16,1402.55,1399.91,1397.23,1394.63,1391.93,1389.02,1385.83,1382.54,1379.31,1376.12,1373.09,1370.49,1367.74,1364.89,1362.06,1359.44,1357.33,1355.15,1352.98,1351.10,1350.14,1349.41,1348.56,1347.37,1345.58,1343.85,1341.92,1339.92,1338.01,1336.26,1334.15,1331.86,1329.40,1326.59,1324.13,1322.51,1321.44,1320.28,1318.74,1316.69,1314.47,1312.42,1311.06,1312.10,1314.36,1316.94,1318.77,1319.34,1319.48,1319.34,1318.66,1317.34,1315.42,1313.47,1311.73,1310.30,1309.39,1308.75,1308.22,1307.82,1307.88,1310.11,1313.96,1318.74,1323.03,1326.53,1329.61,1332.31,1334.36,1335.50,1336.20,1336.71,1337.15,1337.68,1339.15,1341.13,1343.31,1345.32,1347.19,1349.01,1351.09,1354.04,1357.94,1361.89,1365.96,1370.19,1373.83,1376.15,1377.06,1376.71,1375.51,1373.36,1370.58,1367.41,1364.13,1361.76,1359.89,1358.44,1357.35,1356.23,1354.79,1352.74,1349.95,1346.25,1342.61,1338.75,1334.54,1329.89,1325.08,1322.42,1321.24,1320.89,1320.48,1319.39,1318.00,1316.54,1315.05,1313.26,1311.13,1308.83,1306.34,1303.47,1300.39,1297.02,1293.22,1288.61,1283.03,1276.95,1271.30,1267.13,1265.25,1264.38,1263.48,1262.34,1261.34,1260.12,1258.39,1256.20,1253.57,1250.68,1247.40,1243.79,1239.98,1236.47,1233.20,1229.95,1226.35,1221.79,1217.48,1213.22,1208.46,1202.99,1198.20,1194.37,1190.82,1187.38,1184.59,1184.73,1186.41,1188.47,1189.94,1190.53,1190.41,1190.06,1189.68,1189.20,1188.58,1187.97,1187.81,1188.91,1190.69,1193.88,1197.58,1200.66,1202.20,1204.01,1205.98,1208.16,1210.91,1213.84,1217.01,1220.33,1223.51,1226.28,1228.03,1228.77,1228.54,1228.01,1226.34,1224.65,1223.15,1221.39,1219.55,1217.78,1216.32,1215.36,1214.62,1214.32,1214.20,1214.24,1214.70,1215.22,1215.30,1214.91,1214.25,1213.88,1213.58,1213.50,1213.96,1215.30,1217.42,1219.89,1222.29,1223.87,1224.36,1223.60,1221.96,1220.08,1219.78,1223.85,1228.85,1233.12,1236.63,1240.03,1243.42,1246.95,1251.05,1256.46,1261.76,1266.86,1271.86,1276.75,1281.32,1285.52,1289.61,1294.15,1298.26,1301.76,1304.59,1306.53,1307.42,1307.06,1306.36,1305.82,1305.64,1306.74,1309.63,1314.00
1411.44,1411.05,1410.67,1409.88,1408.69,1407.08,1404.96,1402.43,1399.87,1397.34,1394.82,1392.39,1389.44,1386.05,1382.41,1378.74,1375.20,1371.64,1368.04,1364.61,1361.86,1359.40,1357.14,1355.10,1353.09,1350.27,1347.25,1344.66,1343.20,1342.12,1341.14,1340.19,1339.20,1338.03,1336.93,1335.72,1334.19,1332.60,1330.05,1327.07,1323.78,1319.92,1316.74,1314.83,1313.76,1312.76,1311.63,1309.86,1307.94,1306.31,1305.11,1306.05,1308.17,1310.66,1312.55,1313.39,1313.75,1313.76,1313.22,1311.96,1309.97,1307.76,1305.60,1303.80,1302.58,1301.81,1301.28,1300.87,1301.20,1303.95,1308.17,1313.04,1317.80,1321.78,1324.90,1327.26,1329.07,1329.94,1330.53,1330.97,1331.20,1331.29,1332.55,1334.37,1336.38,1338.35,1340.52,1342.87,1345.64,1349.36,1353.64,1357.96,1362.14,1365.96,1368.89,1370.88,1371.81,1371.70,1370.69,1368.44,1365.25,1361.91,1359.17,1356.82,1354.72,1352.96,1351.50,1350.03,1348.66,1346.76,1344.21,1341.10,1337.78,1333.88,1328.87,1322.74,1318.01,1315.63,1314.46,1313.84,1313.29,1312.55,1311.71,1310.76,1309.56,1308.27,1306.66,1304.74,1302.51,1300.07,1297.30,1294.23,1290.58,1285.66,1280.10,1273.95,1268.08,1263.29,1259.65,1257.76,1256.08,1254.32,1253.31,1252.32,1251.15,1249.62,1247.51,1245.04,1241.88,1238.24,1234.51,1231.74,1229.11,1226.28,1223.00,1218.87,1215.03,1210.90,1206.01,1200.20,1194.85,1190.89,1187.43,1184.72,1184.56,1186.58,1189.39,1192.23,1194.42,1194.98,1193.81,1192.50,1191.86,1191.44,1191.05,1190.43,1189.76,1189.52,1189.54,1190.27,1191.55,1193.04,1194.01,1196.08,1198.63,1201.34,1204.19,1207.24,1210.53,1213.94,1217.17,1219.64,1221.23,1222.03,1222.05,1221.76,1220.54,1219.13,1217.76,1216.25,1214.75,1213.25,1211.94,1211.02,1210.26,1209.95,1209.84,1209.82,1210.02,1210.16,1210.28,1210.20,1209.69,1209.26,1209.09,1209.15,1209.53,1210.57,1211.91,1213.48,1215.20,1216.88,1217.93,1217.74,1217.36,1218.11,1220.33,1224.77,1229.36,1233.16,1236.43,1240.04,1243.78,1247.73,1252.39,1258.07,1263.09,1267.59,1271.77,1275.66,1279.09,1282.63,1286.44,1290.33,1294.19,1297.84,1300.83,1302.56,1303.16,1302.66,1301.71,1300.77,1300.57,1303.36,1307.84,1313.13
1410.57,1409.77,1408.94,1407.71,1406.17,1404.30,1402.08,1399.63,1397.18,1394.73,1392.16,1389.47,1386.23,1382.59,1378.71,1374.80,1370.93,1366.95,1362.88,1359.07,1356.49,1354.23,1351.99,1349.82,1347.49,1344.51,1341.38,1338.63,1336.88,1335.53,1334.47,1333.70,1333.23,1332.57,1331.96,1331.16,1329.85,1328.14,1325.29,1321.85,1317.91,1313.17,1309.38,1307.30,1306.38,1305.66,1304.83,1303.32,1301.63,1300.18,1299.00,1299.96,1302.13,1304.67,1306.61,1307.62,1308.11,1308.20,1307.80,1306.61,1304.29,1301.62,1299.13,1297.33,1296.18,1295.49,1295.00,1294.67,1295.21,1298.39,1302.89,1307.64,1312.32,1316.33,1319.44,1321.75,1323.51,1324.28,1324.72,1325.00,1325.11,1325.20,1326.34,1327.96,1329.74,1331.61,1334.25,1337.20,1340.60,1344.98,1349.47,1353.99,1358.29,1361.98,1364.68,1366.41,1367.25,1367.15,1365.94,1363.72,1360.70,1357.63,1355.16,1352.69,1350.11,1347.75,1345.72,1343.85,1342.51,1340.93,1338.88,1336.23,1332.87,1328.16,1322.35,1316.05,1311.67,1309.57,1308.50,1307.88,1307.32,1306.81,1306.32,1305.65,1304.59,1303.49,1302.19,1300.57,1298.57,1296.45,1294.03,1291.03,1287.22,1282.21,1276.76,1270.94,1265.29,1260.22,1255.44,1252.35,1249.81,1247.64,1246.60,1245.62,1244.53,1243.15,1241.19,1238.75,1235.96,1232.90,1229.84,1227.67,1225.48,1223.00,1220.12,1216.74,1213.32,1209.16,1204.11,1198.13,1192.20,1187.99,1184.96,1183.56,1185.53,1188.44,1191.39,1194.20,1196.61,1197.55,1196.28,1194.72,1194.06,1194.14,1193.86,1193.88,1193.97,1193.12,1191.90,1190.93,1190.49,1190.72,1191.13,1192.32,1193.97,1195.88,1198.00,1200.90,1204.04,1207.26,1210.49,1213.17,1214.93,1215.88,1216.10,1216.05,1215.01,1213.74,1212.49,1211.20,1209.93,1208.57,1207.27,1206.24,1205.57,1205.38,1205.38,1205.44,1205.60,1205.76,1206.13,1206.39,1206.03,1205.62,1205.62,1205.89,1206.41,1207.37,1208.33,1209.31,1210.42,1211.82,1213.04,1214.25,1215.94,1218.64,1221.95,1225.87,1229.74,1233.25,1236.55,1240.36,1244.45,1248.86,1253.81,1259.16,1263.58,1267.32,1270.62,1273.57,1276.24,1279.38,1283.00,1286.49,1290.03,1293.51,1296.47,1298.26,1298.79,1298.34,1297.40,1296.59,1297.49,1301.41,1306.62,1312.21
1409.34,1407.85,1406.25,1404.59,1402.92,1401.14,1398.94,1396.68,1394.37,1391.95,1389.20,1385.91,1382.37,1378.66,1374.78,1370.79,1366.59,1362.20,1357.79,1353.99,1351.60,1349.22,1346.52,1343.62,1340.69,1338.06,1335.52,1333.11,1331.28,1329.77,1328.67,1328.03,1327.76,1327.45,1326.97,1326.21,1324.97,1322.96,1319.97,1316.30,1311.87,1306.49,1302.24,1300.10,1299.43,1299.06,1298.38,1297.08,1295.54,1294.03,1292.70,1293.80,1296.20,1298.95,1300.95,1302.04,1302.51,1302.58,1302.20,1301.04,1298.21,1295.03,1292.37,1290.88,1290.16,1289.70,1289.32,1289.13,1289.85,1293.35,1298.00,1302.51,1306.68,1310.28,1313.31,1315.79,1317.66,1318.53,1318.83,1318.89,1319.00,1319.46,1320.49,1321.83,1323.34,1325.04,1328.23,1331.81,1335.76,1340.75,1345.34,1349.90,1354.25,1358.03,1360.95,1362.54,1363.23,1362.97,1361.28,1359.25,1356.93,1354.45,1351.90,1349.17,1345.91,1342.74,1340.00,1337.77,1336.37,1335.25,1333.89,1331.54,1327.82,1321.81,1315.34,1310.05,1306.14,1304.19,1303.27,1302.83,1302.36,1301.95,1301.55,1300.97,1299.95,1298.83,1297.67,1296.25,1294.48,1292.57,1290.45,1287.30,1283.13,1278.30,1273.09,1267.92,1262.84,1257.76,1252.49,1248.14,1244.70,1242.27,1241.09,1239.91,1238.52,1236.85,1234.75,1232.07,1229.86,1227.87,1225.95,1224.21,1222.26,1220.03,1217.64,1215.17,1212.10,1207.82,1202.59,1196.59,1190.14,1185.65,1183.42,1183.83,1187.23,1190.05,1192.36,1194.48,1196.64,1198.30,1197.83,1196.73,1196.28,1197.17,1196.83,1197.88,1199.69,1199.03,1197.22,1195.49,1194.21,1193.55,1193.41,1192.86,1192.45,1192.50,1193.22,1195.56,1198.07,1200.62,1203.64,1206.86,1209.00,1210.16,1210.52,1210.70,1209.66,1208.46,1207.40,1206.31,1205.19,1203.89,1202.50,1201.30,1200.88,1200.90,1201.10,1201.37,1201.68,1202.22,1202.94,1203.47,1203.27,1203.05,1203.22,1203.69,1204.42,1205.46,1206.48,1207.31,1208.01,1208.89,1210.07,1213.25,1217.40,1221.14,1224.14,1226.93,1229.94,1233.30,1236.86,1240.85,1245.32,1250.13,1255.07,1259.58,1263.14,1266.03,1268.43,1270.51,1272.86,1275.88,1279.38,1282.70,1285.88,1288.89,1291.60,1293.63,1294.27,1294.00,1293.29,1293.15,1296.17,1300.63,1305.74,1311.13
1405.85,1404.39,1402.85,1401.04,1399.08,1397.04,1394.93,1392.79,1390.48,1387.98,1385.26,1382.07,1378.53,1374.79,1370.90,1366.90,1362.58,1358.13,1353.71,1349.62,1346.15,1342.96,1340.01,1337.45,1334.89,1332.47,1330.09,1327.73,1325.63,1323.96,1322.96,1322.51,1322.22,1321.91,1321.65,1321.17,1320.00,1317.95,1315.11,1311.34,1306.48,1300.86,1296.40,1293.87,1292.75,1292.22,1291.47,1290.41,1289.13,1287.74,1286.53,1287.62,1289.98,1292.73,1294.80,1295.86,1296.20,1295.97,1295.08,1293.58,1291.12,1288.46,1286.13,1284.55,1283.90,1283.53,1283.19,1283.09,1284.32,1287.86,1292.37,1296.90,1301.24,1304.66,1307.43,1309.73,1311.51,1312.70,1313.29,1313.58,1313.85,1314.16,1314.63,1315.48,1316.80,1318.46,1321.38,1325.31,1330.10,1335.83,1341.29,1345.97,1350.03,1353.53,1356.25,1357.89,1358.63,1358.43,1357.08,1355.52,1353.59,1351.18,1348.21,1345.17,1341.56,1337.90,1334.64,1332.24,1330.73,1329.63,1328.38,1325.98,1321.95,1316.11,1310.08,1305.14,1301.15,1298.72,1297.49,1297.03,1296.61,1296.25,1295.94,1295.47,1294.63,1293.71,1292.74,1291.42,1289.63,1287.64,1285.37,1282.27,1278.39,1273.96,1269.51,1265.07,1260.42,1255.37,1250.01,1244.98,1240.42,1236.64,1234.43,1233.01,1231.76,1230.43,1228.90,1227.08,1225.38,1223.82,1222.31,1220.64,1218.81,1216.94,1215.07,1213.07,1210.25,1206.23,1201.14,1195.00,1188.49,1183.74,1182.51,1184.91,1188.71,1191.22,1193.20,1194.99,1196.70,1198.62,1198.84,1198.37,1198.38,1200.11,1199.92,1200.62,1202.13,1202.01,1200.68,1199.44,1198.54,1198.06,1197.95,1197.49,1197.02,1196.75,1196.71,1197.01,1196.86,1196.81,1197.99,1200.27,1202.00,1203.10,1203.73,1204.19,1203.77,1203.18,1202.61,1201.86,1201.20,1200.46,1199.61,1198.83,1198.78,1199.00,1199.32,1199.66,1199.99,1200.47,1200.97,1201.58,1202.50,1203.35,1203.75,1203.92,1204.09,1204.54,1205.56,1206.66,1207.72,1208.99,1211.38,1215.29,1219.39,1222.36,1224.88,1227.11,1229.53,1232.54,1236.50,1240.79,1245.63,1250.59,1254.90,1258.70,1261.58,1263.75,1265.34,1266.76,1269.10,1272.08,1275.40,1278.64,1281.62,1284.36,1286.75,1288.45,1289.07,1288.80,1288.41,1289.29,1294.32,1299.32,1304.35,1309.41
1401.66,1400.25,1398.79,1396.88,1394.73,1392.51,1390.48,1388.41,1386.11,1383.58,1380.93,1377.99,1374.53,1370.75,1366.85,1362.83,1358.53,1354.15,1349.78,1345.43,1341.00,1337.10,1333.96,1331.72,1329.56,1327.28,1324.90,1322.47,1320.02,1318.06,1316.97,1316.61,1316.40,1316.31,1316.38,1316.19,1315.15,1313.09,1310.27,1306.37,1301.28,1295.73,1291.31,1288.32,1286.50,1285.55,1284.65,1283.60,1282.44,1281.25,1280.36,1281.53,1283.76,1286.28,1288.25,1289.18,1289.43,1289.09,1287.99,1286.40,1284.34,1282.12,1279.95,1278.17,1277.37,1276.91,1276.62,1276.82,1278.70,1282.29,1286.64,1291.16,1295.67,1298.97,1301.56,1303.68,1305.37,1306.84,1307.76,1308.34,1308.76,1308.87,1308.88,1309.32,1310.43,1312.15,1315.02,1319.18,1324.40,1330.44,1336.64,1341.68,1345.74,1348.96,1351.41,1353.04,1353.81,1353.73,1352.89,1351.72,1349.95,1347.46,1344.19,1340.92,1337.09,1333.11,1329.50,1327.00,1325.38,1324.17,1322.78,1320.23,1316.08,1310.76,1305.33,1300.50,1296.26,1293.21,1291.51,1290.88,1290.49,1290.16,1289.88,1289.49,1288.82,1288.08,1287.26,1286.01,1284.18,1282.13,1279.70,1276.84,1273.48,1269.60,1265.92,1261.97,1257.63,1252.80,1247.47,1241.97,1236.47,1231.48,1228.19,1226.47,1225.31,1224.32,1223.39,1222.37,1221.09,1219.76,1218.42,1216.80,1215.08,1213.42,1211.86,1210.22,1207.76,1204.23,1199.31,1192.77,1186.23,1181.97,1182.08,1186.09,1189.91,1192.19,1194.02,1195.68,1197.15,1199.29,1200.38,1200.80,1201.30,1203.28,1203.23,1203.42,1204.19,1204.39,1203.56,1202.83,1202.38,1202.18,1202.14,1202.01,1201.81,1201.52,1201.05,1199.87,1197.92,1196.08,1195.68,1196.65,1197.43,1197.95,1198.36,1198.81,1198.87,1198.85,1198.77,1198.46,1198.36,1198.26,1198.08,1197.88,1198.22,1198.71,1199.21,1199.69,1200.14,1200.61,1200.93,1201.55,1203.20,1204.73,1205.18,1205.04,1204.68,1204.45,1205.08,1206.25,1207.72,1209.45,1212.94,1217.18,1220.83,1222.90,1224.97,1226.87,1228.88,1231.51,1235.66,1240.15,1245.18,1250.12,1253.85,1256.99,1259.16,1260.63,1261.62,1262.67,1265.05,1268.07,1271.33,1274.59,1277.42,1279.88,1281.82,1282.96,1283.46,1283.16,1283.30,1285.50,1292.15,1297.51,1302.39,1307.10
1397.03,1395.33,1393.63,1391.65,1389.58,1387.51,1385.44,1383.41,1381.20,1378.80,1376.22,1373.53,1370.13,1366.31,1362.36,1358.30,1354.20,1350.02,1345.72,1341.32,1336.76,1332.75,1329.45,1326.97,1324.81,1322.52,1320.05,1317.40,1314.49,1311.94,1310.39,1309.83,1309.97,1310.78,1311.37,1311.43,1310.63,1308.50,1305.26,1301.10,1296.18,1291.22,1287.23,1283.81,1281.03,1279.35,1278.21,1276.72,1275.31,1274.43,1274.12,1275.62,1277.65,1279.57,1281.03,1281.71,1282.02,1282.06,1281.71,1280.77,1278.79,1276.28,1273.65,1271.64,1270.32,1269.51,1269.30,1270.27,1272.97,1276.78,1281.04,1285.40,1289.68,1292.93,1295.54,1297.70,1299.40,1300.95,1302.09,1302.88,1303.33,1303.40,1303.40,1303.69,1304.57,1306.44,1310.11,1314.39,1319.03,1324.40,1330.61,1336.55,1341.36,1344.50,1346.72,1348.15,1348.80,1348.82,1348.50,1347.43,1345.44,1342.77,1339.62,1336.33,1332.40,1328.33,1324.64,1322.14,1320.49,1319.01,1317.23,1314.51,1310.62,1305.86,1300.85,1295.95,1291.35,1287.66,1285.35,1284.36,1283.95,1283.58,1283.21,1282.81,1282.27,1281.59,1280.78,1279.53,1277.72,1275.81,1273.50,1271.09,1268.53,1265.42,1262.28,1258.30,1254.02,1249.76,1244.58,1238.76,1232.86,1227.42,1223.48,1221.28,1219.92,1218.99,1218.33,1217.47,1216.44,1215.23,1213.85,1212.40,1210.80,1209.00,1207.26,1205.95,1204.20,1201.43,1196.60,1189.13,1182.48,1180.34,1182.37,1187.09,1190.62,1192.94,1194.86,1196.67,1198.51,1200.90,1203.33,1205.14,1206.11,1206.99,1206.97,1206.93,1207.02,1206.83,1206.07,1205.32,1204.81,1204.60,1204.52,1204.34,1204.09,1203.74,1203.22,1202.54,1201.65,1200.75,1200.15,1199.69,1198.76,1197.65,1196.72,1196.47,1196.42,1196.57,1196.87,1197.17,1197.66,1198.13,1198.59,1199.11,1199.83,1200.69,1201.55,1202.38,1203.26,1204.04,1204.56,1205.12,1206.19,1207.10,1207.20,1206.92,1206.51,1205.72,1205.08,1205.69,1207.38,1209.26,1212.98,1217.28,1220.79,1222.58,1224.36,1226.15,1227.98,1230.27,1234.11,1238.53,1243.34,1247.97,1251.54,1254.09,1255.38,1256.16,1256.95,1258.20,1260.59,1263.70,1267.20,1270.68,1273.43,1275.46,1276.72,1277.06,1277.33,1277.00,1278.07,1282.09,1289.55,1294.87,1299.46,1303.82
1392.38,1390.50,1388.59,1386.58,1384.47,1382.31,1380.22,1378.14,1375.92,1373.51,1370.88,1368.17,1364.73,1360.89,1357.05,1353.35,1349.75,1345.91,1341.66,1337.09,1332.65,1328.70,1325.34,1322.67,1320.12,1317.57,1314.97,1312.31,1309.47,1306.53,1304.20,1302.95,1303.24,1304.00,1304.76,1305.04,1304.30,1302.49,1299.58,1295.83,1291.45,1287.08,1283.36,1279.69,1276.21,1273.61,1272.19,1270.72,1269.45,1268.82,1268.89,1270.35,1272.10,1273.66,1274.90,1275.73,1276.15,1276.29,1276.09,1275.09,1273.07,1270.60,1268.08,1266.17,1264.74,1263.92,1263.95,1265.42,1268.26,1271.74,1275.60,1279.71,1283.46,1286.47,1288.95,1290.97,1292.46,1293.74,1294.73,1295.48,1296.00,1296.28,1296.64,1297.28,1298.53,1301.16,1305.43,1310.15,1314.86,1319.51,1324.90,1330.89,1336.09,1339.49,1342.01,1343.52,1344.20,1344.25,1343.89,1342.70,1340.68,1338.09,1335.07,1331.64,1327.59,1323.47,1319.77,1317.19,1315.21,1313.34,1311.32,1308.84,1305.43,1301.06,1296.24,1291.34,1286.51,1282.28,1279.32,1277.68,1276.81,1276.12,1275.71,1275.43,1275.09,1274.61,1274.11,1273.24,1271.89,1270.42,1268.60,1266.55,1264.18,1261.18,1257.92,1253.73,1249.41,1245.40,1240.54,1234.89,1229.08,1223.55,1218.89,1215.96,1214.32,1213.45,1212.95,1212.29,1211.50,1210.33,1208.70,1207.09,1205.20,1203.25,1201.52,1200.33,1198.63,1195.47,1190.58,1184.36,1180.47,1180.70,1183.99,1188.74,1191.56,1193.74,1195.72,1197.95,1201.04,1204.95,1208.23,1210.48,1211.57,1211.93,1212.00,1212.24,1212.34,1211.36,1209.75,1208.25,1207.27,1207.02,1206.86,1206.63,1206.31,1205.90,1205.36,1204.85,1204.26,1203.63,1203.02,1202.25,1201.18,1199.99,1198.97,1198.67,1198.12,1197.80,1197.91,1198.48,1199.35,1200.41,1201.53,1202.64,1203.79,1204.91,1205.82,1206.52,1207.25,1207.90,1208.30,1208.61,1209.10,1209.41,1209.28,1208.93,1208.41,1207.41,1206.37,1206.16,1206.92,1208.46,1211.33,1215.47,1219.41,1221.74,1223.45,1225.11,1226.87,1228.99,1232.18,1236.45,1240.72,1244.64,1247.96,1250.13,1251.03,1251.49,1252.13,1253.52,1256.08,1259.34,1262.92,1266.35,1269.13,1270.83,1271.60,1271.66,1271.78,1272.55,1275.03,1279.82,1286.39,1291.42,1295.86,1300.09
1387.82,1385.66,1383.47,1381.32,1379.03,1376.60,1374.47,1372.44,1370.29,1367.94,1365.25,1362.39,1358.87,1355.09,1351.54,1348.35,1345.24,1341.71,1337.54,1332.85,1328.66,1324.83,1321.41,1318.48,1315.37,1312.51,1309.86,1307.30,1304.66,1301.44,1298.36,1296.27,1296.53,1296.99,1297.75,1298.14,1297.38,1295.90,1293.48,1290.35,1286.68,1282.90,1279.37,1275.59,1271.69,1268.32,1266.57,1265.20,1264.15,1263.69,1264.02,1265.36,1266.88,1268.26,1269.43,1270.47,1270.99,1271.11,1270.81,1269.54,1267.44,1265.10,1262.87,1261.13,1259.81,1259.18,1259.48,1261.24,1263.96,1266.99,1270.42,1274.21,1277.41,1280.13,1282.42,1284.22,1285.41,1286.32,1287.01,1287.61,1288.21,1288.75,1289.56,1290.74,1292.67,1296.28,1301.03,1306.21,1311.20,1315.32,1319.68,1325.20,1330.42,1334.19,1337.18,1338.86,1339.62,1339.66,1339.05,1337.74,1335.80,1333.39,1330.51,1326.88,1322.74,1318.57,1314.79,1311.89,1309.50,1307.33,1305.30,1303.23,1300.39,1296.29,1291.55,1286.65,1281.72,1277.15,1273.62,1271.28,1269.77,1268.73,1268.31,1268.20,1268.04,1267.82,1267.67,1267.29,1266.51,1265.60,1264.34,1262.53,1260.12,1256.96,1253.17,1248.68,1244.26,1240.36,1235.84,1230.44,1224.84,1219.38,1214.34,1210.84,1208.98,1208.13,1207.66,1207.12,1206.34,1205.01,1203.07,1201.20,1198.97,1196.89,1195.19,1193.93,1192.01,1188.38,1183.88,1180.00,1179.58,1181.97,1186.01,1190.38,1192.55,1194.62,1196.67,1199.56,1204.53,1210.07,1213.82,1216.13,1217.22,1217.33,1217.49,1218.09,1218.40,1216.74,1214.38,1212.24,1210.90,1210.62,1210.32,1210.04,1209.61,1208.94,1208.06,1207.19,1206.42,1205.76,1205.20,1204.58,1203.96,1203.36,1202.91,1202.94,1202.00,1201.18,1200.98,1201.57,1202.57,1203.97,1205.49,1206.93,1208.34,1209.57,1210.38,1210.80,1211.21,1211.60,1211.76,1211.80,1211.81,1211.65,1211.37,1210.97,1210.34,1209.33,1208.28,1207.34,1206.88,1207.74,1209.24,1212.81,1217.04,1220.18,1222.22,1223.89,1225.65,1227.70,1230.24,1234.19,1237.84,1240.98,1243.89,1245.74,1246.49,1246.83,1247.36,1248.82,1251.56,1254.93,1258.50,1261.80,1264.65,1266.10,1266.57,1266.60,1266.73,1269.05,1273.00,1278.07,1283.19,1287.76,1291.98,1296.05
1383.65,1380.65,1377.81,1375.04,1372.08,1369.03,1366.80,1365.30,1363.89,1362.13,1359.49,1356.50,1352.85,1349.32,1346.59,1343.85,1340.74,1337.17,1333.12,1328.84,1324.95,1321.20,1317.53,1313.98,1310.28,1307.37,1304.97,1302.70,1299.91,1296.55,1293.19,1290.67,1290.49,1291.09,1291.76,1291.96,1291.15,1289.39,1286.82,1283.98,1281.00,1277.78,1274.48,1270.90,1267.26,1264.11,1261.96,1260.27,1259.05,1258.53,1258.93,1260.40,1262.08,1263.60,1264.83,1265.72,1266.16,1266.22,1265.79,1264.63,1262.54,1260.14,1257.84,1256.02,1255.12,1254.88,1255.32,1256.88,1259.59,1262.75,1266.05,1269.35,1272.54,1275.09,1277.13,1278.68,1279.59,1280.28,1280.73,1281.17,1281.79,1282.38,1283.38,1285.06,1287.86,1292.34,1297.40,1302.59,1307.60,1312.05,1316.01,1320.30,1324.65,1328.65,1331.93,1333.64,1334.38,1334.39,1333.63,1332.57,1330.82,1328.57,1325.84,1322.03,1317.92,1313.66,1309.35,1305.32,1302.60,1300.80,1299.42,1297.83,1295.45,1291.50,1286.72,1281.76,1277.13,1272.82,1269.15,1266.28,1264.20,1263.18,1262.85,1262.82,1262.76,1262.65,1262.59,1262.43,1262.05,1261.52,1260.46,1258.64,1256.14,1252.88,1248.04,1243.07,1238.60,1234.75,1230.34,1224.80,1218.96,1213.57,1209.72,1206.87,1205.18,1204.20,1203.38,1202.50,1200.74,1198.58,1196.39,1194.45,1192.28,1190.22,1188.39,1186.70,1184.39,1182.01,1180.09,1179.30,1180.36,1183.67,1187.49,1190.87,1193.27,1195.69,1197.97,1202.05,1210.10,1215.48,1218.97,1221.29,1222.53,1222.58,1222.71,1223.03,1223.13,1222.13,1220.95,1220.04,1219.49,1219.26,1218.61,1218.32,1217.60,1215.94,1213.26,1210.30,1208.63,1207.93,1207.33,1206.71,1206.32,1206.42,1207.12,1207.96,1207.83,1207.55,1207.46,1207.68,1208.08,1208.77,1209.57,1210.37,1211.26,1212.10,1212.74,1213.16,1213.54,1213.76,1213.86,1213.90,1213.87,1213.66,1213.35,1212.88,1212.24,1211.39,1210.53,1209.67,1208.92,1208.50,1208.22,1209.81,1212.83,1216.53,1220.15,1222.41,1224.38,1226.55,1228.89,1232.06,1235.24,1238.00,1239.99,1241.42,1242.15,1242.53,1242.99,1244.35,1247.14,1250.41,1253.76,1257.07,1259.86,1261.34,1261.89,1262.11,1262.88,1266.59,1271.48,1276.45,1280.74,1284.60,1288.12,1291.52
1379.85,1376.31,1372.63,1369.03,1365.37,1361.92,1359.93,1358.81,1357.72,1356.15,1353.63,1350.45,1346.70,1343.25,1340.80,1338.24,1335.33,1332.00,1328.31,1324.68,1321.47,1318.10,1314.38,1310.10,1305.19,1301.86,1299.46,1297.28,1294.61,1291.19,1287.67,1284.89,1284.25,1284.77,1285.23,1285.15,1284.14,1281.99,1279.34,1276.84,1274.56,1271.93,1268.95,1265.66,1262.30,1259.26,1256.65,1254.74,1253.41,1252.83,1253.29,1254.88,1256.70,1258.38,1259.74,1260.71,1261.22,1261.30,1260.80,1259.72,1257.63,1255.23,1252.91,1251.07,1250.41,1250.39,1250.85,1252.10,1254.49,1257.79,1261.33,1264.69,1267.79,1270.32,1272.27,1273.66,1274.50,1275.06,1275.33,1275.56,1276.04,1276.74,1277.92,1280.18,1283.94,1288.91,1294.07,1299.17,1304.08,1308.52,1312.33,1316.02,1319.88,1323.90,1327.26,1329.05,1329.82,1329.80,1329.01,1328.12,1326.40,1324.01,1321.09,1317.14,1312.89,1308.37,1303.62,1299.11,1296.10,1294.49,1293.58,1292.25,1290.09,1286.48,1282.13,1277.59,1273.22,1269.10,1265.40,1262.21,1259.69,1258.55,1258.21,1258.20,1258.22,1258.19,1258.19,1258.14,1257.99,1257.63,1256.72,1254.94,1252.22,1248.28,1242.85,1237.55,1232.74,1228.36,1223.85,1218.39,1212.91,1208.25,1205.29,1202.69,1200.84,1199.38,1197.79,1196.39,1194.18,1191.75,1189.51,1187.38,1185.41,1183.65,1182.16,1181.01,1179.61,1178.89,1179.04,1180.16,1181.98,1185.17,1188.31,1190.96,1193.71,1196.61,1200.55,1206.32,1214.23,1219.27,1222.86,1225.55,1227.30,1227.99,1228.33,1228.36,1228.01,1227.19,1226.78,1226.67,1226.64,1226.51,1226.02,1226.01,1225.49,1223.93,1221.36,1218.28,1216.41,1215.05,1212.72,1210.62,1209.73,1209.80,1210.60,1211.74,1212.05,1212.09,1212.11,1212.11,1212.13,1212.39,1212.79,1213.22,1213.75,1214.33,1214.87,1215.31,1215.65,1215.77,1215.82,1215.86,1215.83,1215.63,1215.25,1214.77,1214.16,1213.40,1212.63,1211.88,1211.08,1210.04,1208.90,1208.96,1210.29,1212.90,1216.40,1219.67,1222.51,1224.96,1227.38,1230.09,1232.88,1235.34,1236.88,1238.10,1238.72,1239.02,1239.42,1240.65,1243.20,1246.24,1249.40,1252.48,1255.03,1256.62,1257.46,1258.07,1259.95,1264.47,1269.62,1274.26,1277.93,1281.15,1284.08,1286.94
1376.42,1372.63,1368.07,1363.50,1359.16,1355.58,1354.13,1353.18,1351.92,1350.14,1347.71,1344.33,1340.49,1336.91,1334.12,1331.50,1329.04,1326.29,1323.22,1320.45,1318.21,1315.52,1311.91,1306.82,1300.22,1296.10,1293.38,1291.04,1288.77,1285.36,1281.79,1278.88,1277.80,1277.92,1278.05,1277.66,1276.35,1273.84,1271.22,1269.09,1267.43,1265.39,1262.86,1259.93,1256.79,1253.68,1250.61,1248.55,1247.23,1246.60,1247.13,1248.78,1250.69,1252.48,1254.06,1255.36,1256.11,1256.29,1255.79,1254.71,1252.65,1250.31,1248.08,1246.29,1245.67,1245.66,1246.03,1246.92,1248.70,1252.04,1256.09,1260.01,1262.97,1265.65,1267.68,1269.03,1270.03,1270.55,1270.69,1270.69,1270.89,1271.74,1273.14,1276.09,1280.83,1285.90,1290.94,1295.90,1300.59,1304.61,1308.47,1312.29,1316.16,1320.01,1323.27,1325.18,1326.02,1325.99,1325.29,1324.42,1322.51,1319.70,1316.22,1312.21,1307.65,1302.71,1297.64,1293.28,1290.04,1288.42,1287.71,1286.48,1284.37,1281.34,1277.86,1274.17,1269.98,1265.95,1262.26,1258.95,1256.12,1254.66,1254.16,1254.12,1254.19,1254.25,1254.26,1254.26,1254.17,1253.78,1252.99,1251.28,1248.24,1243.21,1237.76,1232.26,1226.76,1221.35,1216.55,1211.41,1206.91,1203.49,1200.90,1198.05,1195.69,1193.49,1190.85,1188.82,1186.80,1184.77,1182.70,1180.39,1178.85,1177.73,1177.11,1177.45,1178.12,1179.19,1180.58,1182.29,1184.29,1186.52,1188.70,1190.98,1194.08,1197.74,1204.51,1212.05,1216.64,1221.40,1225.54,1228.96,1231.59,1233.56,1234.41,1234.25,1233.36,1232.17,1231.91,1231.95,1232.01,1232.00,1232.13,1232.56,1232.66,1232.25,1231.68,1230.46,1229.17,1226.69,1221.37,1216.64,1214.67,1213.96,1213.68,1214.31,1214.46,1214.49,1214.53,1214.52,1214.47,1214.70,1215.11,1215.56,1216.01,1216.67,1217.32,1217.83,1218.14,1218.22,1218.24,1218.26,1218.20,1217.92,1217.29,1216.63,1216.08,1215.33,1214.56,1213.87,1213.15,1212.21,1211.20,1210.37,1209.81,1209.83,1211.38,1215.72,1219.94,1222.94,1225.63,1228.27,1230.77,1232.97,1234.59,1235.80,1236.18,1236.28,1236.62,1237.78,1239.83,1242.56,1245.58,1248.16,1250.30,1252.02,1253.31,1254.52,1257.75,1262.48,1267.26,1271.36,1274.63,1277.35,1279.89,1282.38
1373.26,1368.98,1363.95,1358.67,1353.91,1350.46,1349.06,1348.15,1346.97,1345.16,1342.41,1338.88,1334.79,1330.82,1327.62,1325.08,1322.93,1321.03,1319.26,1317.26,1315.46,1312.94,1309.00,1302.83,1296.27,1291.55,1288.14,1285.51,1282.92,1279.77,1276.55,1273.70,1271.91,1271.25,1270.96,1270.53,1269.47,1267.38,1264.61,1262.13,1260.25,1258.59,1256.63,1254.06,1251.17,1248.38,1245.27,1242.81,1241.22,1240.70,1241.21,1242.53,1244.35,1246.36,1248.16,1249.63,1250.55,1250.90,1250.58,1249.44,1247.66,1245.57,1243.45,1241.82,1241.14,1241.01,1241.28,1242.06,1243.38,1246.29,1249.98,1253.74,1257.08,1260.32,1262.76,1264.32,1265.41,1266.09,1266.30,1266.30,1266.48,1267.16,1269.01,1272.57,1277.77,1282.89,1287.69,1292.22,1296.52,1300.57,1304.46,1308.56,1312.72,1316.60,1319.60,1321.56,1322.50,1322.53,1321.94,1320.61,1318.20,1314.95,1311.10,1307.07,1302.38,1297.36,1292.02,1286.16,1283.09,1281.88,1281.55,1281.05,1279.49,1277.19,1274.35,1270.92,1266.99,1263.00,1259.16,1255.58,1252.50,1250.61,1249.72,1249.47,1249.58,1249.66,1249.72,1249.74,1249.64,1249.13,1248.22,1246.13,1242.91,1238.84,1233.99,1227.72,1221.32,1215.81,1210.40,1205.24,1201.00,1197.74,1194.82,1191.89,1189.47,1187.28,1184.83,1182.47,1180.73,1179.33,1178.07,1176.91,1177.01,1177.47,1178.01,1178.92,1180.05,1181.46,1183.09,1184.88,1186.79,1188.90,1191.13,1193.54,1196.67,1202.91,1209.47,1214.93,1218.69,1223.59,1228.44,1232.72,1236.24,1239.22,1240.76,1241.07,1240.59,1239.98,1239.66,1239.45,1239.24,1239.00,1238.87,1238.62,1238.15,1237.50,1236.87,1235.84,1234.65,1232.72,1229.16,1225.89,1224.16,1222.68,1220.51,1217.85,1217.11,1217.00,1216.94,1216.86,1216.82,1217.05,1217.45,1217.95,1218.81,1221.12,1223.37,1224.76,1225.15,1225.36,1225.55,1225.63,1225.26,1224.16,1221.17,1218.65,1217.93,1217.25,1216.56,1215.88,1215.17,1214.30,1213.45,1212.48,1211.43,1210.50,1210.33,1212.37,1216.14,1220.71,1223.77,1226.33,1228.73,1230.90,1232.51,1233.51,1233.73,1233.71,1234.03,1235.45,1237.53,1240.07,1242.77,1245.01,1246.71,1248.32,1249.87,1251.53,1254.53,1259.16,1263.73,1267.48,1270.77,1273.57,1275.96,1278.10
1369.95,1365.22,1359.79,1354.09,1349.16,1345.82,1344.23,1343.23,1342.06,1340.27,1337.22,1333.43,1329.01,1324.76,1321.45,1319.11,1317.36,1316.27,1315.61,1314.27,1312.62,1310.03,1305.76,1299.01,1292.87,1287.75,1283.64,1280.45,1277.33,1274.21,1271.24,1268.50,1266.20,1264.88,1264.27,1263.80,1262.85,1261.05,1258.14,1255.38,1253.36,1251.97,1250.49,1248.30,1245.67,1243.12,1240.09,1237.35,1235.52,1235.05,1235.57,1236.64,1238.29,1240.34,1242.18,1243.68,1244.69,1245.21,1245.09,1244.03,1242.63,1240.89,1238.95,1237.43,1236.70,1236.51,1236.76,1237.58,1238.64,1241.06,1244.19,1247.57,1251.21,1254.78,1257.51,1259.28,1260.47,1261.34,1261.67,1261.75,1262.01,1262.64,1265.12,1269.30,1274.73,1279.85,1284.38,1288.47,1292.40,1296.48,1300.40,1304.73,1309.20,1313.31,1316.15,1318.06,1318.97,1318.99,1318.40,1316.57,1313.61,1309.88,1305.69,1301.62,1296.93,1291.82,1286.11,1279.32,1276.45,1275.63,1275.69,1275.92,1274.98,1273.34,1271.00,1267.77,1264.03,1260.04,1256.05,1252.23,1248.85,1246.36,1244.94,1244.35,1244.33,1244.37,1244.42,1244.49,1244.46,1243.90,1242.98,1240.81,1237.78,1234.78,1230.10,1223.30,1216.33,1210.56,1204.64,1199.43,1195.22,1191.85,1188.53,1185.48,1182.89,1180.82,1179.25,1177.33,1176.29,1175.74,1175.47,1175.66,1177.18,1178.88,1180.35,1181.60,1182.78,1184.18,1185.82,1187.68,1189.63,1191.77,1194.12,1196.87,1200.82,1208.42,1213.79,1217.14,1220.92,1226.06,1231.51,1236.61,1241.03,1244.89,1247.04,1247.78,1247.72,1247.67,1247.30,1246.85,1246.40,1245.95,1245.52,1244.64,1243.60,1242.51,1241.30,1239.88,1238.55,1237.22,1235.63,1234.04,1232.70,1230.82,1227.62,1222.89,1221.48,1221.17,1220.97,1220.80,1220.82,1221.06,1221.49,1222.17,1223.38,1226.64,1229.79,1231.66,1232.13,1232.49,1232.84,1232.98,1232.43,1230.84,1226.61,1223.06,1222.13,1221.50,1220.60,1219.15,1217.46,1216.45,1215.70,1214.76,1213.59,1212.22,1210.78,1210.54,1212.99,1217.89,1221.76,1224.40,1226.74,1228.86,1230.37,1231.13,1231.21,1231.21,1231.80,1233.89,1236.33,1239.18,1242.09,1244.14,1245.43,1246.76,1248.30,1250.10,1252.19,1255.89,1259.76,1263.14,1266.36,1269.32,1271.75,1273.71
1366.09,1361.13,1355.26,1349.69,1345.03,1341.67,1339.60,1338.17,1336.78,1334.96,1332.01,1327.50,1322.72,1318.66,1316.02,1314.05,1313.03,1312.50,1312.08,1311.12,1309.27,1306.29,1301.97,1296.06,1290.25,1285.13,1280.47,1276.18,1272.40,1268.61,1265.37,1262.76,1260.61,1259.19,1258.54,1257.87,1256.36,1254.07,1251.08,1248.65,1247.20,1246.03,1244.66,1242.87,1240.60,1237.77,1234.91,1232.35,1230.48,1229.81,1230.49,1231.71,1233.17,1234.70,1236.14,1237.45,1238.37,1238.93,1239.03,1238.44,1237.51,1236.23,1234.62,1233.08,1232.38,1232.32,1232.80,1233.88,1235.06,1237.15,1239.74,1242.61,1246.05,1249.14,1251.61,1253.47,1254.85,1255.83,1256.28,1256.49,1256.90,1258.03,1261.45,1266.29,1271.77,1276.74,1280.97,1284.79,1288.48,1292.36,1296.32,1300.62,1305.33,1310.09,1313.07,1314.70,1315.30,1315.07,1314.19,1312.03,1308.55,1304.27,1299.74,1295.49,1291.01,1285.58,1279.29,1273.97,1271.18,1270.39,1270.79,1271.38,1270.94,1269.61,1267.57,1264.73,1260.98,1256.91,1252.90,1249.01,1245.12,1241.70,1239.54,1238.36,1237.79,1237.67,1237.63,1237.79,1238.05,1237.66,1237.19,1235.95,1233.94,1231.08,1225.09,1218.71,1212.14,1205.19,1199.11,1194.00,1189.75,1186.17,1182.78,1179.32,1176.05,1173.95,1174.18,1174.50,1175.11,1175.86,1176.72,1177.92,1179.51,1181.12,1182.67,1184.23,1185.50,1186.86,1188.52,1190.68,1193.21,1195.21,1197.27,1200.65,1207.54,1212.36,1215.91,1219.38,1223.88,1229.15,1234.87,1240.59,1245.96,1250.54,1252.99,1253.66,1253.38,1253.35,1253.06,1252.68,1252.28,1251.88,1251.54,1250.87,1249.98,1248.78,1246.91,1244.70,1242.89,1241.26,1239.27,1237.51,1236.13,1234.78,1233.17,1231.16,1230.03,1229.44,1229.10,1228.82,1228.97,1229.19,1229.76,1230.98,1232.07,1233.58,1234.94,1235.84,1236.30,1236.74,1237.07,1237.23,1237.04,1236.25,1234.84,1233.36,1232.25,1231.65,1229.76,1225.50,1220.48,1218.86,1217.95,1217.03,1215.85,1214.32,1212.64,1212.16,1212.21,1213.67,1219.45,1222.62,1224.82,1226.67,1227.94,1228.46,1228.47,1228.80,1230.34,1233.93,1237.25,1241.51,1246.07,1248.25,1249.24,1250.04,1251.04,1252.26,1252.76,1253.54,1255.37,1258.25,1260.94,1263.90,1266.67,1268.87
1361.67,1356.75,1350.91,1345.56,1341.02,1337.53,1335.13,1333.18,1331.22,1328.91,1325.63,1321.63,1317.51,1313.72,1310.63,1308.11,1307.07,1306.69,1306.49,1305.97,1304.50,1301.88,1298.13,1293.14,1287.95,1283.02,1278.21,1273.40,1268.65,1264.06,1260.38,1257.67,1255.62,1254.31,1253.35,1252.10,1250.06,1247.69,1245.00,1242.84,1241.45,1240.25,1238.90,1237.01,1234.66,1232.06,1229.47,1227.04,1225.09,1224.11,1224.70,1226.02,1227.44,1228.80,1230.17,1231.46,1232.31,1232.83,1233.10,1232.86,1232.32,1231.37,1230.01,1228.59,1227.73,1227.60,1228.22,1229.70,1231.36,1233.55,1236.00,1238.57,1241.54,1244.11,1246.31,1248.09,1249.29,1250.05,1250.38,1250.65,1251.41,1253.32,1257.65,1262.95,1268.39,1273.36,1277.46,1281.19,1284.83,1288.53,1292.36,1296.77,1301.57,1306.27,1309.55,1311.12,1311.56,1311.08,1309.67,1307.03,1302.97,1298.15,1293.35,1288.94,1284.57,1279.44,1273.65,1269.10,1266.10,1264.82,1264.85,1265.57,1265.81,1265.19,1263.77,1261.44,1258.17,1254.36,1250.37,1246.30,1242.09,1238.01,1234.84,1232.63,1231.40,1230.97,1230.86,1231.04,1231.41,1231.38,1231.22,1230.57,1229.13,1226.19,1220.63,1214.70,1208.05,1200.38,1194.20,1189.23,1184.65,1180.30,1176.59,1174.56,1173.34,1173.12,1174.47,1175.65,1176.74,1177.82,1179.00,1180.37,1181.81,1183.32,1184.89,1186.58,1188.44,1190.60,1192.88,1195.15,1197.65,1200.14,1202.69,1206.09,1211.88,1215.42,1218.61,1222.32,1227.03,1232.53,1238.37,1244.39,1250.36,1255.41,1258.20,1259.10,1258.85,1258.55,1258.18,1257.83,1257.47,1257.12,1256.81,1256.28,1255.57,1254.51,1252.64,1250.13,1247.73,1245.51,1243.36,1241.44,1239.92,1238.62,1237.38,1236.01,1234.77,1234.00,1233.61,1233.25,1233.45,1233.81,1234.60,1236.16,1237.69,1238.99,1239.96,1240.58,1240.98,1241.22,1241.36,1241.48,1241.58,1241.29,1240.95,1240.46,1239.79,1239.28,1237.69,1234.13,1229.42,1225.89,1223.00,1220.36,1218.04,1216.27,1214.64,1214.46,1214.13,1213.75,1216.10,1219.96,1222.78,1224.40,1225.43,1225.68,1225.92,1226.95,1229.49,1233.74,1238.13,1243.45,1248.83,1251.49,1253.13,1254.38,1255.49,1256.34,1256.25,1255.84,1256.20,1257.56,1258.89,1260.68,1262.90,1265.16
1356.99,1352.25,1346.70,1341.60,1337.08,1333.30,1330.49,1327.99,1325.44,1322.57,1319.00,1315.95,1312.74,1309.15,1305.26,1301.88,1300.42,1299.96,1299.95,1299.86,1298.99,1297.12,1294.22,1290.23,1285.77,1281.13,1276.38,1271.39,1265.70,1260.40,1256.19,1253.12,1250.97,1249.65,1248.24,1246.37,1243.92,1241.61,1239.33,1237.39,1235.88,1234.57,1233.20,1231.08,1228.53,1226.31,1223.98,1221.65,1219.58,1218.27,1218.62,1219.95,1221.43,1222.82,1224.30,1225.67,1226.49,1226.98,1227.36,1227.38,1227.11,1226.41,1225.24,1223.97,1222.86,1222.56,1223.28,1225.15,1227.44,1229.96,1232.50,1234.97,1237.42,1239.55,1241.46,1243.05,1243.92,1244.33,1244.44,1244.75,1245.99,1248.88,1253.97,1259.57,1264.90,1269.84,1273.87,1277.62,1281.29,1284.89,1288.55,1293.04,1297.80,1302.19,1305.78,1307.38,1307.72,1307.03,1305.03,1301.74,1297.02,1291.71,1286.79,1282.35,1278.11,1273.55,1268.68,1264.44,1260.97,1258.92,1258.31,1259.05,1259.96,1260.21,1259.59,1257.90,1255.31,1251.95,1248.08,1243.82,1239.35,1234.77,1230.59,1227.19,1225.13,1224.11,1223.86,1224.01,1224.43,1224.85,1225.03,1224.92,1224.01,1221.07,1216.70,1211.09,1204.15,1196.14,1189.86,1184.87,1179.86,1174.78,1171.12,1171.20,1172.93,1175.14,1177.20,1178.56,1179.61,1180.61,1181.70,1182.88,1184.13,1185.52,1187.13,1189.12,1191.82,1195.09,1198.16,1200.47,1202.71,1205.75,1208.93,1212.02,1215.26,1218.32,1221.75,1225.73,1230.49,1236.19,1242.07,1248.24,1254.56,1259.78,1262.92,1264.18,1264.11,1263.43,1262.89,1262.50,1262.20,1261.89,1261.58,1261.13,1260.55,1259.70,1258.14,1255.69,1252.84,1250.05,1247.76,1245.70,1243.99,1242.48,1241.02,1239.34,1237.80,1236.85,1236.38,1235.99,1236.17,1236.77,1237.91,1239.78,1241.97,1243.69,1244.88,1245.54,1245.80,1245.75,1245.67,1245.75,1246.07,1246.13,1246.01,1245.93,1245.88,1245.47,1244.52,1242.87,1239.94,1234.64,1229.58,1224.57,1220.47,1218.29,1216.75,1217.03,1217.22,1216.04,1213.37,1217.03,1220.32,1221.92,1222.81,1222.84,1223.39,1225.14,1228.50,1233.02,1238.45,1244.55,1250.31,1253.63,1256.38,1258.63,1260.38,1261.34,1261.28,1260.62,1260.03,1259.71,1259.55,1259.85,1261.17,1263.31
1352.40,1347.94,1342.72,1337.82,1333.15,1328.67,1324.78,1321.84,1319.17,1316.48,1313.67,1311.04,1307.63,1303.75,1299.81,1296.19,1294.25,1293.51,1293.54,1293.60,1293.25,1292.14,1290.21,1287.29,1283.45,1279.10,1274.55,1269.70,1263.85,1258.56,1253.80,1249.67,1246.66,1244.27,1242.38,1240.46,1238.05,1235.56,1233.37,1231.62,1230.28,1229.01,1227.68,1225.72,1223.37,1221.18,1218.85,1216.55,1214.40,1212.79,1212.67,1213.81,1215.36,1216.99,1218.65,1220.24,1221.28,1221.89,1222.25,1222.29,1222.01,1221.43,1220.45,1219.00,1217.72,1217.31,1217.95,1219.89,1222.77,1225.72,1228.59,1231.34,1233.85,1235.85,1237.46,1238.67,1239.26,1239.40,1239.39,1239.86,1241.79,1245.89,1251.19,1256.69,1261.85,1266.24,1270.23,1274.01,1277.72,1281.43,1285.16,1289.32,1293.78,1298.22,1301.78,1303.40,1303.66,1302.78,1300.45,1296.11,1290.53,1284.91,1280.39,1276.45,1272.64,1268.63,1264.30,1259.81,1255.21,1252.29,1251.33,1252.08,1253.17,1254.10,1254.45,1253.74,1251.78,1249.02,1245.53,1241.29,1236.40,1231.59,1226.88,1222.52,1219.01,1216.49,1215.70,1215.79,1216.38,1217.35,1218.25,1219.22,1219.53,1217.52,1214.00,1208.08,1200.83,1193.33,1186.70,1180.99,1175.68,1171.33,1169.94,1171.24,1174.07,1177.18,1179.44,1180.95,1182.12,1183.13,1184.12,1185.31,1186.54,1187.83,1189.68,1193.09,1196.80,1200.66,1204.07,1206.55,1208.84,1211.31,1213.91,1216.62,1219.34,1222.34,1225.71,1229.78,1235.03,1240.53,1246.34,1252.63,1259.03,1263.64,1266.93,1268.63,1268.85,1267.90,1267.02,1266.51,1266.22,1265.95,1265.64,1265.10,1264.41,1263.56,1262.38,1260.49,1258.11,1255.45,1252.72,1250.43,1248.47,1246.70,1245.00,1243.12,1241.27,1239.91,1239.07,1238.67,1238.77,1239.75,1241.56,1244.11,1246.74,1248.46,1249.57,1250.18,1250.20,1250.08,1250.03,1250.16,1250.53,1250.81,1250.84,1250.93,1251.04,1250.43,1248.94,1247.09,1244.75,1241.16,1237.24,1230.58,1224.08,1221.01,1219.06,1219.35,1219.86,1219.09,1215.81,1214.75,1216.20,1218.65,1219.87,1220.01,1220.56,1222.25,1225.57,1230.33,1236.31,1242.63,1248.47,1252.65,1256.55,1260.17,1263.56,1266.30,1266.96,1266.74,1266.32,1265.87,1265.38,1265.20,1265.98,1267.60
1347.93,1343.73,1339.10,1334.49,1329.66,1324.44,1319.27,1315.73,1312.95,1310.49,1308.16,1305.77,1302.44,1298.60,1294.77,1291.18,1289.07,1288.17,1288.12,1288.17,1288.07,1287.49,1286.30,1284.14,1280.79,1276.72,1272.37,1267.70,1262.03,1256.79,1251.61,1246.63,1242.71,1239.59,1237.34,1235.27,1232.80,1230.26,1228.15,1226.49,1225.18,1223.85,1222.48,1220.72,1218.68,1216.60,1214.29,1211.96,1209.60,1207.44,1206.52,1207.41,1209.12,1211.11,1213.08,1214.96,1216.24,1217.01,1217.38,1217.46,1217.17,1216.53,1215.45,1213.82,1212.39,1211.88,1212.53,1214.68,1217.99,1221.31,1224.45,1227.43,1230.11,1232.13,1233.58,1234.51,1234.90,1234.89,1234.94,1235.83,1238.60,1243.33,1248.64,1253.91,1258.74,1262.62,1266.50,1270.32,1274.12,1277.97,1281.83,1285.82,1290.01,1294.25,1297.77,1299.39,1299.60,1298.56,1295.96,1290.56,1284.30,1278.57,1274.40,1271.07,1267.81,1264.26,1260.26,1255.72,1250.46,1246.63,1244.91,1245.60,1247.09,1248.54,1249.50,1249.47,1248.02,1245.78,1242.56,1238.28,1233.16,1228.10,1222.74,1217.35,1212.57,1209.10,1208.07,1208.20,1208.97,1210.55,1212.47,1214.42,1215.60,1214.39,1211.27,1205.20,1197.83,1190.49,1183.38,1177.12,1172.21,1169.35,1169.71,1172.17,1175.67,1179.07,1181.30,1182.95,1184.28,1185.44,1186.55,1187.95,1189.62,1191.43,1193.86,1197.94,1202.13,1206.11,1209.56,1212.22,1214.63,1216.71,1218.90,1221.33,1223.86,1226.77,1230.28,1234.62,1240.04,1245.42,1251.19,1257.23,1263.04,1267.17,1270.57,1272.74,1273.52,1272.84,1272.21,1271.68,1271.21,1270.76,1270.32,1269.54,1268.58,1267.54,1266.41,1264.77,1262.75,1260.38,1257.69,1255.33,1253.21,1251.16,1249.07,1246.79,1244.70,1243.06,1241.92,1241.34,1241.12,1242.26,1244.45,1247.30,1250.08,1251.98,1253.31,1254.16,1254.41,1254.55,1254.63,1254.74,1254.99,1255.25,1255.40,1255.64,1255.90,1255.39,1253.64,1251.37,1248.83,1245.92,1242.62,1235.65,1228.17,1223.98,1221.68,1221.76,1222.13,1221.44,1218.55,1215.08,1214.62,1216.16,1216.88,1217.18,1217.88,1219.47,1222.45,1226.93,1233.00,1239.62,1245.95,1250.94,1255.53,1260.04,1264.71,1269.17,1270.68,1271.13,1271.19,1271.03,1270.81,1270.67,1271.30,1272.62
1343.64,1339.69,1335.93,1331.69,1326.69,1320.75,1314.25,1309.90,1306.93,1304.62,1302.32,1300.04,1297.22,1293.87,1290.22,1286.88,1284.92,1283.97,1283.73,1283.66,1283.52,1283.18,1282.41,1280.66,1277.68,1273.89,1269.73,1265.24,1260.06,1254.83,1249.40,1243.93,1239.17,1235.84,1233.34,1230.95,1228.27,1225.79,1223.75,1222.06,1220.62,1219.13,1217.63,1216.07,1214.39,1212.54,1210.34,1207.94,1205.19,1202.22,1200.24,1200.88,1202.83,1205.28,1207.64,1209.84,1211.34,1212.26,1212.72,1212.89,1212.58,1211.70,1210.23,1208.44,1206.92,1206.35,1207.07,1209.60,1213.18,1216.77,1220.12,1223.18,1226.10,1228.25,1229.69,1230.51,1230.80,1230.74,1231.10,1232.70,1236.40,1241.07,1246.20,1251.15,1255.50,1258.97,1262.68,1266.52,1270.44,1274.44,1278.47,1282.60,1286.62,1290.32,1293.81,1295.43,1295.57,1294.38,1291.51,1285.16,1278.47,1272.78,1268.88,1266.17,1263.52,1260.37,1256.54,1252.21,1246.93,1242.19,1239.24,1239.78,1241.95,1243.76,1244.89,1245.16,1244.06,1242.23,1239.14,1234.73,1229.60,1224.20,1217.98,1211.48,1205.82,1202.23,1201.35,1201.61,1202.53,1204.72,1207.85,1210.57,1212.13,1211.45,1208.28,1202.35,1195.04,1187.32,1179.67,1173.28,1169.59,1168.83,1170.08,1173.70,1177.58,1180.76,1182.78,1184.56,1186.09,1187.53,1189.06,1190.94,1193.49,1196.46,1199.78,1203.52,1207.52,1211.15,1214.37,1217.21,1219.77,1221.89,1224.01,1226.31,1228.74,1231.49,1235.37,1240.13,1245.32,1250.76,1256.49,1261.85,1266.40,1270.32,1273.82,1276.50,1278.08,1278.22,1278.53,1278.16,1277.35,1276.50,1275.82,1274.68,1273.34,1271.94,1270.50,1268.68,1266.72,1264.71,1262.61,1260.37,1258.18,1255.86,1253.22,1250.39,1248.11,1246.31,1244.94,1244.00,1243.23,1244.21,1246.39,1249.06,1251.72,1254.05,1255.95,1257.38,1258.40,1259.15,1259.47,1259.49,1259.46,1259.41,1259.64,1260.07,1260.50,1260.46,1258.93,1256.28,1252.87,1249.06,1245.34,1239.44,1232.68,1227.27,1224.66,1224.30,1224.03,1222.88,1220.90,1218.25,1216.23,1214.95,1214.27,1214.69,1215.61,1217.07,1219.43,1223.03,1228.76,1235.77,1243.02,1248.76,1253.53,1258.28,1263.64,1269.39,1271.89,1273.18,1273.95,1274.43,1275.01,1275.41,1276.28,1277.66
1339.88,1336.71,1333.39,1329.12,1323.86,1317.56,1310.63,1305.40,1301.88,1299.48,1297.24,1295.04,1292.45,1289.43,1286.04,1282.74,1280.36,1278.97,1278.47,1278.29,1278.10,1277.84,1277.28,1275.92,1273.40,1270.03,1266.21,1262.03,1257.38,1252.35,1247.00,1241.49,1236.32,1232.55,1229.55,1226.81,1224.06,1221.22,1218.68,1216.75,1215.40,1214.08,1212.84,1211.56,1210.19,1208.65,1206.55,1203.96,1200.93,1197.72,1195.61,1196.20,1198.25,1200.91,1203.34,1205.37,1206.77,1207.66,1208.15,1208.35,1207.94,1206.90,1205.24,1203.39,1201.90,1201.33,1201.99,1204.47,1208.33,1212.26,1215.83,1218.90,1221.71,1224.00,1225.59,1226.45,1226.72,1226.77,1227.70,1230.10,1234.36,1238.72,1243.35,1247.98,1252.25,1255.59,1258.88,1262.35,1266.14,1270.47,1274.99,1279.57,1283.74,1287.19,1290.35,1291.74,1291.50,1289.80,1286.58,1279.92,1272.92,1267.05,1263.25,1260.82,1258.70,1256.04,1252.48,1248.15,1243.06,1238.11,1234.51,1234.37,1236.84,1239.10,1240.55,1240.90,1239.88,1238.19,1235.32,1231.03,1225.47,1219.39,1212.28,1205.35,1200.44,1197.45,1196.53,1196.61,1197.40,1199.28,1202.65,1205.70,1207.57,1207.27,1204.39,1198.75,1191.30,1182.85,1175.15,1170.47,1168.63,1169.28,1171.71,1175.89,1179.43,1182.04,1184.03,1185.91,1187.63,1189.58,1192.06,1195.24,1198.11,1201.18,1204.54,1208.05,1211.21,1214.45,1217.64,1220.55,1223.36,1225.94,1228.34,1230.63,1233.02,1235.76,1239.41,1243.86,1248.96,1254.58,1259.83,1264.56,1268.74,1272.69,1276.44,1279.27,1281.02,1281.78,1282.39,1282.93,1283.02,1282.32,1281.68,1280.51,1279.11,1277.62,1276.00,1274.03,1272.00,1269.97,1267.87,1265.46,1263.11,1260.74,1258.25,1255.43,1252.63,1249.99,1247.80,1246.60,1245.59,1246.00,1247.66,1250.26,1253.18,1255.87,1258.12,1259.87,1261.37,1262.67,1263.52,1263.88,1263.73,1263.11,1263.40,1264.10,1264.68,1264.85,1263.41,1260.83,1257.39,1253.28,1248.94,1243.72,1237.83,1231.98,1228.00,1226.63,1225.77,1224.48,1222.72,1220.76,1219.02,1217.70,1216.98,1216.68,1216.10,1215.96,1217.14,1220.04,1225.08,1231.86,1239.40,1245.70,1250.87,1255.65,1260.76,1266.40,1270.56,1272.89,1274.70,1276.47,1277.99,1279.34,1280.91,1282.92
1336.43,1334.06,1330.95,1326.63,1321.22,1314.78,1307.75,1301.72,1297.50,1294.78,1292.49,1290.22,1287.69,1284.79,1281.47,1278.12,1275.29,1273.39,1272.51,1272.20,1271.87,1271.54,1271.08,1270.11,1268.21,1265.47,1262.17,1258.40,1254.26,1249.54,1244.45,1239.10,1233.72,1229.51,1225.96,1222.66,1219.42,1216.24,1213.33,1211.22,1210.01,1208.96,1208.12,1207.17,1206.10,1204.84,1202.74,1199.85,1196.54,1193.29,1191.28,1191.89,1193.98,1196.70,1199.06,1200.90,1202.20,1203.08,1203.58,1203.75,1203.28,1202.18,1200.48,1198.61,1197.21,1196.69,1197.34,1199.77,1203.71,1207.82,1211.49,1214.48,1217.07,1219.43,1221.20,1222.23,1222.51,1222.70,1224.24,1227.40,1232.06,1236.20,1240.32,1244.59,1248.79,1252.08,1254.98,1258.06,1261.64,1266.23,1271.48,1276.60,1281.03,1284.45,1287.21,1288.40,1287.88,1285.76,1282.15,1275.21,1267.78,1261.48,1257.53,1255.24,1253.44,1251.13,1247.80,1243.50,1238.75,1233.94,1230.06,1229.16,1231.76,1234.46,1236.26,1236.72,1235.81,1234.11,1231.29,1227.02,1220.98,1214.17,1206.54,1199.71,1195.77,1193.12,1191.92,1191.68,1192.31,1193.84,1197.00,1199.98,1201.90,1201.81,1199.22,1193.88,1186.51,1177.99,1171.15,1168.45,1168.35,1170.20,1173.81,1178.01,1180.96,1183.00,1185.00,1186.94,1188.78,1191.13,1194.43,1198.53,1201.53,1204.45,1207.63,1210.90,1213.14,1215.83,1218.82,1221.78,1224.78,1227.90,1230.76,1233.23,1235.56,1238.56,1242.08,1246.12,1250.98,1256.56,1261.35,1265.65,1269.76,1273.81,1277.72,1280.65,1282.59,1283.98,1285.06,1286.63,1287.80,1287.61,1287.14,1286.08,1284.76,1283.32,1281.63,1279.61,1277.52,1275.43,1273.27,1270.68,1268.09,1265.62,1263.21,1260.54,1257.37,1254.03,1251.07,1249.44,1248.10,1247.84,1248.89,1251.43,1254.60,1257.57,1260.05,1262.05,1263.88,1265.65,1267.07,1267.88,1267.67,1266.67,1267.01,1267.92,1268.63,1268.88,1267.57,1265.22,1262.01,1257.77,1252.91,1248.03,1242.78,1236.87,1231.68,1228.97,1227.39,1226.11,1224.46,1223.06,1221.93,1221.13,1220.68,1219.70,1217.82,1216.24,1216.08,1217.61,1221.68,1227.92,1235.38,1242.17,1247.80,1252.67,1257.41,1262.56,1268.01,1271.51,1274.46,1277.44,1279.95,1282.27,1284.67,1287.48
1333.49,1331.60,1328.35,1324.19,1319.06,1312.81,1305.94,1299.38,1294.33,1290.80,1288.04,1285.38,1282.59,1279.36,1275.52,1271.99,1269.01,1266.70,1265.21,1264.67,1263.95,1263.25,1262.67,1262.20,1261.24,1259.62,1257.28,1254.13,1250.40,1246.22,1241.62,1236.63,1231.36,1226.85,1222.79,1218.37,1213.33,1210.19,1207.63,1205.72,1204.55,1203.88,1203.53,1203.03,1202.27,1201.11,1198.72,1195.30,1191.67,1188.55,1186.61,1187.30,1189.34,1191.85,1194.00,1195.93,1197.37,1198.38,1198.95,1199.05,1198.63,1197.68,1196.18,1194.38,1193.10,1192.76,1193.65,1196.38,1199.76,1203.55,1207.00,1209.66,1211.96,1214.22,1216.16,1217.52,1217.94,1218.24,1220.30,1224.04,1228.89,1233.22,1237.07,1240.88,1244.71,1248.01,1250.81,1253.68,1257.02,1261.50,1267.92,1273.62,1278.39,1282.21,1284.63,1285.88,1285.60,1283.60,1279.55,1271.89,1263.57,1256.33,1251.62,1249.35,1247.30,1244.81,1241.62,1237.57,1233.37,1229.24,1225.71,1224.22,1226.76,1229.77,1231.95,1232.72,1232.21,1230.24,1226.94,1222.24,1215.87,1208.41,1201.38,1195.72,1192.13,1188.57,1186.50,1185.74,1186.30,1188.16,1190.52,1192.56,1193.81,1193.50,1190.97,1185.88,1179.42,1173.00,1169.23,1167.98,1168.85,1171.73,1176.29,1179.47,1181.57,1183.31,1185.31,1187.25,1188.95,1191.31,1194.67,1197.93,1200.88,1203.78,1206.75,1209.68,1211.23,1212.86,1215.10,1218.10,1221.11,1224.63,1228.18,1231.28,1233.51,1237.46,1241.54,1245.44,1249.49,1254.39,1259.05,1263.45,1267.66,1271.84,1275.59,1278.77,1281.41,1283.64,1286.14,1288.51,1290.38,1291.31,1291.15,1290.31,1289.28,1288.13,1286.55,1284.73,1282.78,1280.80,1278.83,1276.19,1273.30,1270.32,1267.39,1264.77,1261.92,1258.81,1255.68,1253.07,1250.88,1249.96,1250.55,1252.89,1256.08,1259.10,1261.68,1263.83,1265.85,1267.86,1269.74,1270.99,1270.83,1270.16,1270.56,1271.47,1272.28,1272.41,1271.41,1269.50,1266.60,1262.25,1257.26,1252.05,1246.68,1241.18,1236.04,1231.56,1228.82,1227.78,1226.41,1225.25,1224.32,1223.64,1223.23,1222.30,1221.02,1219.62,1218.04,1216.16,1218.66,1223.91,1230.71,1237.96,1244.08,1249.33,1254.09,1258.66,1263.79,1268.68,1272.89,1276.38,1279.80,1282.93,1286.25,1289.87
1330.34,1329.05,1326.06,1321.90,1316.90,1311.05,1304.64,1297.88,1292.00,1287.28,1283.56,1280.21,1276.97,1273.57,1269.91,1266.67,1263.64,1261.10,1259.35,1258.58,1257.67,1256.66,1255.81,1255.41,1254.82,1253.89,1252.28,1249.71,1246.44,1242.81,1238.68,1234.10,1229.25,1224.70,1219.87,1214.54,1209.10,1205.76,1202.88,1200.62,1199.27,1198.79,1198.54,1198.23,1197.66,1196.43,1194.05,1190.71,1187.19,1184.06,1181.74,1182.29,1184.32,1186.85,1188.98,1190.89,1192.40,1193.47,1194.03,1194.14,1193.78,1192.90,1191.39,1189.21,1187.89,1187.86,1189.25,1192.34,1195.67,1199.10,1202.26,1204.86,1206.89,1208.93,1210.82,1212.28,1212.85,1213.56,1216.07,1220.00,1224.68,1229.18,1233.00,1236.69,1240.49,1244.17,1247.22,1250.32,1253.94,1258.71,1265.12,1270.76,1275.65,1279.76,1282.33,1283.69,1283.52,1281.53,1277.13,1269.44,1260.96,1253.23,1247.49,1243.71,1240.75,1237.92,1234.90,1231.45,1227.96,1224.26,1220.74,1218.83,1221.04,1224.08,1226.61,1227.92,1227.82,1225.86,1222.45,1217.59,1210.86,1203.17,1196.68,1191.57,1187.50,1183.38,1180.71,1179.48,1179.69,1180.95,1182.41,1183.52,1184.07,1183.65,1181.46,1177.80,1173.52,1169.61,1167.73,1167.99,1170.09,1173.77,1178.22,1180.55,1182.19,1183.73,1185.30,1186.83,1188.21,1190.13,1192.80,1195.25,1197.82,1200.26,1202.61,1204.89,1206.13,1207.67,1209.86,1212.73,1215.52,1219.00,1222.72,1226.29,1229.37,1233.77,1238.26,1242.48,1246.58,1250.97,1255.36,1259.62,1263.76,1268.10,1272.23,1275.79,1278.86,1281.73,1284.78,1287.90,1290.69,1292.64,1293.75,1293.84,1293.50,1292.81,1291.40,1289.66,1287.72,1285.67,1283.54,1280.99,1278.10,1274.99,1271.78,1268.80,1265.88,1262.83,1259.67,1256.64,1253.99,1252.64,1252.80,1254.69,1257.76,1260.58,1263.07,1265.32,1267.48,1269.84,1272.15,1273.88,1274.23,1274.13,1274.45,1275.07,1275.69,1275.69,1274.83,1273.16,1270.56,1266.54,1261.52,1256.05,1250.49,1245.10,1240.27,1235.91,1232.82,1231.10,1229.50,1227.96,1226.86,1226.17,1225.65,1224.83,1223.77,1222.39,1220.47,1217.89,1217.63,1220.39,1225.84,1232.73,1239.17,1244.91,1250.09,1254.80,1259.46,1264.90,1270.13,1274.64,1278.57,1282.24,1286.07,1290.18
1327.05,1326.43,1323.94,1319.79,1314.84,1309.45,1303.60,1296.82,1290.16,1284.18,1279.29,1275.09,1271.29,1267.71,1264.36,1261.52,1258.59,1256.05,1254.27,1253.29,1252.33,1251.13,1250.01,1249.50,1248.95,1248.39,1247.29,1245.25,1242.53,1239.43,1235.75,1231.59,1227.29,1222.82,1217.14,1211.12,1205.96,1202.20,1198.59,1195.71,1194.08,1193.65,1193.28,1193.00,1192.50,1191.18,1189.00,1186.07,1182.83,1179.58,1176.69,1176.93,1178.90,1181.55,1183.85,1185.77,1187.34,1188.46,1188.92,1189.05,1188.63,1187.68,1186.01,1183.37,1181.99,1182.35,1184.32,1187.77,1191.33,1194.45,1197.29,1199.88,1201.69,1203.49,1205.28,1206.82,1207.67,1208.96,1211.76,1215.58,1219.81,1224.38,1228.29,1232.16,1236.36,1240.81,1244.33,1247.85,1251.92,1257.06,1262.85,1268.09,1272.86,1277.10,1280.02,1281.54,1281.42,1279.37,1274.80,1267.50,1259.36,1251.49,1244.67,1238.77,1234.53,1231.12,1228.11,1225.26,1222.45,1218.94,1215.23,1213.08,1214.86,1217.80,1220.62,1222.59,1222.89,1221.11,1217.77,1212.82,1205.84,1198.27,1192.24,1187.25,1182.29,1177.84,1174.85,1173.27,1172.99,1173.24,1173.82,1174.12,1174.05,1173.62,1172.08,1170.38,1168.79,1167.46,1166.87,1168.51,1171.80,1176.05,1179.83,1181.57,1183.04,1184.47,1185.47,1186.46,1187.51,1188.88,1190.63,1192.40,1194.38,1196.15,1197.70,1199.22,1200.32,1202.17,1204.56,1207.13,1209.49,1212.55,1216.01,1219.77,1224.02,1228.46,1233.13,1237.87,1242.46,1246.68,1250.83,1254.89,1258.92,1263.34,1267.87,1271.85,1275.32,1278.73,1281.92,1285.71,1289.41,1292.33,1295.01,1296.45,1297.13,1297.10,1295.98,1294.35,1292.41,1290.24,1287.76,1285.26,1282.48,1279.44,1276.13,1272.70,1269.54,1266.43,1263.30,1260.17,1257.25,1255.61,1255.35,1256.69,1259.55,1262.10,1264.46,1266.79,1269.13,1271.84,1274.50,1276.63,1277.63,1278.16,1278.43,1278.74,1279.12,1279.01,1278.17,1276.60,1274.22,1270.67,1265.69,1260.08,1254.40,1249.07,1244.65,1241.34,1238.44,1235.86,1233.89,1231.80,1230.37,1229.48,1228.59,1227.63,1226.33,1224.77,1223.01,1221.08,1218.04,1217.80,1221.22,1227.03,1233.46,1239.52,1245.22,1250.59,1255.03,1260.54,1266.56,1272.30,1276.63,1280.70,1284.88,1289.32
1323.73,1323.67,1321.86,1318.07,1313.33,1308.12,1302.45,1295.56,1288.58,1282.00,1276.10,1271.01,1266.63,1262.46,1258.28,1254.95,1252.61,1250.76,1249.27,1248.11,1247.27,1246.31,1245.39,1244.94,1244.46,1243.74,1242.64,1241.06,1239.11,1236.44,1233.18,1229.47,1225.42,1220.88,1214.80,1208.43,1203.26,1198.74,1194.10,1190.59,1188.81,1188.24,1187.79,1187.35,1186.74,1185.65,1183.92,1181.30,1178.04,1174.42,1171.24,1170.86,1172.45,1175.20,1178.07,1180.37,1182.24,1183.47,1183.72,1183.49,1182.46,1180.95,1178.99,1176.59,1175.51,1176.34,1178.74,1182.27,1186.11,1189.19,1191.74,1193.95,1195.75,1197.56,1199.55,1201.63,1203.51,1205.36,1207.91,1211.01,1214.48,1218.55,1222.54,1227.28,1233.11,1239.23,1243.43,1247.12,1251.09,1255.89,1261.26,1265.91,1270.06,1273.87,1276.88,1278.70,1278.63,1276.49,1272.40,1265.85,1258.52,1251.06,1243.69,1236.67,1231.06,1226.37,1222.41,1219.27,1216.36,1212.63,1208.70,1206.66,1208.43,1211.23,1214.18,1216.70,1217.35,1215.90,1212.44,1207.14,1200.51,1193.65,1187.88,1182.54,1176.82,1172.19,1169.65,1168.23,1167.46,1167.13,1167.24,1167.26,1167.11,1166.90,1166.68,1166.67,1166.82,1167.20,1168.13,1170.37,1173.96,1178.24,1181.34,1183.37,1185.09,1186.54,1187.51,1188.40,1189.55,1191.02,1192.74,1194.26,1195.70,1196.84,1197.78,1198.83,1199.57,1201.11,1203.08,1204.92,1206.55,1208.47,1210.82,1213.92,1218.21,1221.94,1226.17,1231.01,1236.22,1241.29,1245.80,1250.06,1254.22,1258.13,1261.90,1266.06,1270.48,1274.53,1278.12,1282.10,1286.30,1290.23,1293.30,1296.30,1298.58,1299.66,1299.39,1298.40,1296.79,1294.60,1291.79,1288.78,1285.83,1282.86,1279.75,1276.51,1273.27,1270.03,1266.81,1263.64,1260.48,1258.47,1257.81,1258.84,1261.42,1264.00,1266.50,1269.03,1271.76,1274.60,1277.18,1279.20,1280.33,1281.23,1281.89,1282.56,1283.19,1283.16,1282.25,1280.52,1277.99,1274.48,1269.67,1264.35,1259.11,1254.41,1250.16,1247.33,1245.22,1243.45,1241.75,1240.12,1238.47,1236.66,1234.46,1231.95,1229.27,1226.84,1224.90,1222.99,1220.42,1218.53,1218.46,1221.81,1226.81,1232.03,1237.80,1244.60,1250.28,1255.84,1262.03,1268.65,1274.06,1278.63,1283.27,1288.14
1319.79,1320.28,1319.20,1315.99,1311.65,1306.63,1300.91,1293.85,1286.68,1279.93,1273.80,1268.34,1263.49,1258.58,1253.34,1249.25,1246.91,1245.31,1243.96,1242.68,1241.92,1241.25,1240.66,1240.29,1239.79,1239.13,1238.34,1237.32,1235.95,1233.69,1230.86,1227.59,1223.73,1218.96,1212.62,1206.09,1200.74,1195.70,1190.42,1186.24,1183.78,1182.60,1181.92,1181.34,1180.69,1179.82,1178.38,1176.05,1172.94,1169.28,1166.11,1165.37,1166.65,1169.30,1172.26,1174.56,1176.38,1177.55,1177.70,1177.22,1175.81,1173.98,1171.99,1170.05,1169.30,1170.51,1173.22,1176.73,1180.68,1183.82,1186.31,1188.35,1190.05,1191.81,1193.82,1196.17,1198.86,1201.46,1204.12,1206.87,1209.78,1213.28,1217.37,1222.95,1230.28,1237.92,1242.80,1246.68,1250.54,1254.97,1259.75,1263.79,1267.33,1270.59,1273.40,1275.29,1275.38,1273.47,1269.70,1263.91,1257.56,1250.81,1243.29,1235.65,1229.20,1223.61,1218.69,1214.31,1210.53,1206.41,1202.51,1200.80,1202.63,1205.32,1208.20,1210.84,1211.62,1210.39,1206.88,1201.41,1195.19,1189.19,1183.47,1177.59,1171.35,1166.79,1164.91,1164.12,1163.64,1163.54,1163.76,1164.10,1164.56,1165.28,1165.87,1166.63,1167.53,1168.61,1170.22,1172.39,1175.49,1179.20,1182.20,1184.99,1187.52,1189.71,1191.36,1192.48,1193.73,1195.19,1196.77,1198.09,1199.28,1200.21,1201.02,1202.03,1202.77,1203.97,1205.29,1206.32,1207.18,1208.05,1209.32,1211.35,1214.45,1216.86,1220.21,1224.53,1229.43,1235.00,1240.01,1244.76,1249.36,1253.30,1256.76,1260.86,1265.57,1270.07,1274.07,1278.22,1282.69,1287.31,1291.01,1295.09,1298.58,1300.85,1301.68,1301.39,1300.23,1298.35,1295.72,1292.53,1289.25,1286.08,1283.06,1280.03,1276.85,1273.56,1270.24,1266.94,1263.64,1261.23,1260.31,1261.46,1263.77,1266.36,1268.99,1271.73,1274.70,1277.34,1279.58,1281.35,1282.54,1283.78,1284.88,1285.99,1287.05,1287.40,1286.61,1284.81,1282.09,1278.37,1273.78,1268.88,1264.44,1260.98,1257.51,1255.09,1253.30,1251.82,1250.26,1248.80,1246.73,1243.98,1240.59,1236.82,1232.66,1229.03,1226.57,1224.55,1222.51,1219.97,1217.84,1218.68,1221.54,1225.34,1230.57,1237.90,1244.57,1250.52,1257.05,1264.41,1271.17,1276.25,1281.15,1286.27
1315.06,1316.04,1315.71,1313.32,1309.60,1304.80,1298.79,1291.53,1284.33,1277.83,1272.44,1267.28,1262.10,1256.38,1250.00,1244.97,1241.78,1239.68,1238.24,1236.96,1236.16,1235.77,1235.57,1235.27,1234.69,1234.46,1234.38,1234.10,1233.03,1231.17,1228.81,1225.96,1222.27,1217.06,1210.61,1204.09,1198.46,1193.25,1187.86,1182.95,1179.10,1176.76,1175.64,1174.97,1174.39,1173.64,1172.28,1170.21,1167.46,1164.20,1161.40,1160.70,1161.85,1164.18,1166.55,1168.32,1169.63,1170.47,1170.69,1170.18,1168.75,1167.02,1165.33,1163.95,1163.51,1164.98,1167.87,1171.29,1175.11,1178.36,1181.06,1183.26,1184.80,1186.42,1188.18,1190.32,1193.42,1196.96,1200.26,1203.25,1206.00,1208.99,1213.22,1219.48,1227.90,1236.63,1242.13,1246.26,1250.12,1254.22,1258.20,1261.63,1264.63,1267.30,1269.64,1271.25,1271.63,1270.30,1266.58,1261.57,1256.35,1250.53,1243.29,1235.52,1228.93,1223.07,1217.35,1210.78,1205.26,1200.53,1196.93,1195.72,1197.66,1200.28,1202.88,1205.08,1205.69,1204.53,1201.12,1195.75,1189.93,1184.82,1178.94,1172.38,1166.03,1161.86,1160.81,1161.13,1161.92,1162.96,1163.93,1165.18,1166.99,1169.40,1170.12,1170.60,1171.15,1171.81,1173.01,1174.45,1176.33,1178.94,1182.64,1186.57,1190.48,1194.18,1197.24,1198.91,1200.18,1201.37,1202.55,1203.68,1204.99,1206.22,1207.45,1208.86,1210.09,1211.01,1211.57,1211.77,1211.92,1212.03,1212.38,1213.04,1213.65,1214.17,1216.19,1219.21,1222.53,1227.86,1233.38,1238.88,1244.28,1249.02,1252.97,1256.77,1260.83,1265.51,1269.89,1274.25,1278.81,1283.68,1288.52,1293.02,1297.09,1300.49,1302.65,1303.12,1302.54,1301.33,1299.52,1296.69,1292.98,1289.30,1286.12,1283.18,1280.21,1277.01,1273.58,1270.04,1266.73,1263.91,1262.85,1264.65,1266.73,1269.24,1271.99,1274.88,1277.78,1279.88,1281.55,1282.97,1284.25,1285.81,1287.34,1288.91,1290.50,1291.59,1291.18,1289.47,1286.57,1282.43,1278.06,1273.72,1270.36,1268.72,1266.83,1264.85,1262.73,1260.59,1258.91,1257.03,1254.30,1250.72,1246.45,1242.02,1236.55,1231.52,1228.11,1225.90,1223.86,1221.73,1219.65,1218.23,1218.38,1220.24,1224.17,1230.73,1237.85,1244.64,1251.81,1259.74,1267.99,1273.56,1278.48,1283.60
1309.97,1310.93,1310.94,1309.30,1306.31,1301.85,1295.61,1288.50,1281.79,1275.91,1270.93,1266.18,1260.92,1254.72,1247.56,1241.39,1237.36,1234.61,1232.72,1231.39,1230.61,1230.29,1230.22,1230.19,1230.18,1230.23,1230.31,1230.28,1229.76,1228.55,1226.71,1224.26,1220.80,1215.18,1209.00,1202.96,1197.36,1192.14,1186.55,1180.80,1175.48,1171.84,1169.84,1168.90,1168.38,1167.64,1166.38,1164.17,1161.15,1157.71,1155.22,1155.34,1156.94,1159.22,1161.28,1162.89,1163.92,1164.48,1164.51,1163.93,1162.35,1160.51,1158.87,1157.65,1157.45,1159.06,1162.03,1165.56,1169.44,1172.50,1175.06,1177.41,1179.36,1181.36,1183.20,1185.14,1188.08,1191.71,1195.49,1199.24,1202.92,1206.48,1211.07,1217.63,1226.26,1235.06,1240.97,1245.24,1248.85,1252.51,1255.94,1258.93,1261.51,1263.68,1265.57,1266.69,1266.87,1265.77,1262.78,1259.21,1255.14,1250.09,1243.29,1235.58,1228.96,1222.97,1216.86,1209.46,1202.13,1195.81,1191.36,1190.36,1192.31,1194.71,1196.89,1198.52,1198.85,1197.71,1194.71,1190.07,1184.94,1179.75,1173.55,1167.10,1162.03,1159.82,1160.09,1161.16,1162.31,1163.53,1164.71,1166.03,1167.87,1170.73,1172.76,1173.83,1174.42,1174.99,1176.06,1177.42,1180.39,1185.12,1190.28,1194.47,1198.19,1201.46,1203.91,1205.58,1206.93,1208.15,1209.32,1210.53,1211.82,1213.09,1214.35,1215.68,1216.90,1217.71,1218.19,1218.39,1218.41,1218.26,1218.11,1218.01,1217.87,1217.51,1217.83,1218.61,1219.66,1222.84,1227.63,1233.12,1238.82,1244.41,1249.22,1253.40,1257.35,1261.67,1266.16,1270.61,1275.34,1280.63,1285.85,1290.73,1295.15,1298.96,1301.77,1303.89,1304.38,1303.66,1302.41,1300.78,1297.46,1293.50,1289.70,1286.31,1283.31,1280.13,1276.64,1273.03,1269.55,1266.54,1265.38,1267.33,1269.75,1272.47,1275.25,1277.87,1279.92,1281.55,1282.98,1284.33,1285.71,1287.22,1289.21,1291.43,1293.61,1295.40,1295.25,1293.68,1290.92,1286.96,1282.49,1278.36,1275.33,1274.00,1272.80,1271.39,1269.65,1267.58,1265.35,1262.88,1259.68,1255.63,1250.60,1245.39,1240.12,1234.97,1230.41,1227.54,1225.34,1223.38,1221.51,1219.78,1218.68,1218.70,1220.61,1225.70,1233.67,1241.51,1249.20,1257.00,1264.88,1271.09,1276.22,1281.04
1304.94,1305.69,1305.85,1304.80,1302.35,1298.09,1291.88,1285.17,1279.11,1273.87,1269.20,1264.89,1259.48,1252.81,1245.11,1238.13,1233.37,1229.98,1227.59,1226.05,1225.15,1224.77,1224.77,1225.09,1225.72,1226.06,1226.22,1226.37,1226.41,1225.85,1224.53,1222.39,1219.06,1213.34,1207.64,1202.19,1196.68,1191.46,1185.60,1179.09,1172.58,1167.90,1164.89,1163.36,1162.53,1161.43,1159.96,1157.46,1154.22,1150.84,1148.89,1149.89,1151.98,1154.20,1156.00,1157.40,1158.21,1158.50,1158.24,1157.54,1155.93,1154.15,1152.64,1151.60,1151.72,1153.42,1156.30,1159.83,1163.78,1166.68,1169.10,1171.52,1173.87,1176.25,1178.29,1180.20,1182.94,1186.45,1190.63,1195.31,1200.27,1204.70,1209.66,1216.31,1224.78,1233.13,1239.30,1243.68,1247.06,1250.25,1253.21,1255.87,1258.11,1259.85,1261.32,1262.04,1262.02,1261.13,1259.07,1256.95,1253.93,1249.51,1243.07,1235.54,1228.96,1222.86,1216.51,1208.86,1200.32,1192.48,1186.71,1185.09,1186.63,1188.74,1190.52,1191.61,1191.69,1190.53,1187.95,1184.11,1179.60,1174.17,1167.97,1162.30,1159.15,1159.13,1160.54,1162.11,1163.37,1164.54,1165.74,1166.92,1168.60,1171.79,1175.08,1177.10,1178.45,1179.87,1181.73,1183.68,1187.87,1194.32,1200.29,1204.36,1207.38,1209.65,1211.11,1212.57,1213.85,1215.06,1216.28,1217.55,1218.81,1220.08,1221.35,1222.49,1223.53,1224.32,1224.88,1225.23,1225.24,1225.03,1224.61,1224.04,1223.63,1222.80,1221.76,1220.61,1219.71,1220.28,1223.52,1228.16,1233.60,1239.73,1245.41,1250.26,1254.42,1258.41,1262.98,1267.46,1272.31,1277.96,1283.43,1288.63,1293.23,1297.07,1300.26,1303.81,1305.51,1305.63,1305.23,1304.82,1302.09,1298.08,1293.71,1289.71,1286.41,1283.10,1279.56,1275.93,1272.30,1269.17,1268.01,1270.10,1272.94,1275.74,1278.35,1280.51,1281.74,1283.01,1284.29,1285.61,1287.05,1288.53,1290.96,1293.77,1296.49,1298.84,1299.03,1297.69,1295.16,1291.43,1286.94,1283.00,1280.14,1278.74,1277.91,1276.98,1275.67,1273.75,1270.95,1267.87,1264.31,1259.93,1254.24,1248.33,1243.51,1238.65,1233.32,1229.50,1226.96,1225.00,1223.31,1221.71,1220.00,1218.59,1218.59,1222.05,1230.62,1239.35,1247.41,1254.83,1262.01,1268.76,1274.07,1278.54
1300.34,1300.80,1300.88,1299.96,1297.37,1292.76,1287.32,1281.55,1276.14,1271.28,1266.95,1263.02,1257.07,1249.64,1241.84,1235.21,1230.11,1226.28,1223.52,1221.34,1219.85,1219.15,1219.18,1219.96,1220.96,1221.69,1222.25,1222.72,1223.07,1222.98,1222.09,1220.10,1216.44,1211.57,1206.73,1201.74,1196.24,1191.02,1184.68,1177.75,1171.06,1166.19,1162.15,1159.24,1156.93,1154.39,1151.70,1148.83,1146.10,1144.00,1143.31,1144.83,1146.91,1148.83,1150.28,1151.06,1151.57,1151.65,1151.03,1150.03,1148.92,1147.84,1146.92,1146.48,1147.33,1149.05,1151.36,1154.31,1158.22,1161.33,1163.88,1166.19,1168.32,1170.69,1173.04,1175.44,1178.35,1181.77,1186.31,1191.94,1198.34,1203.67,1208.85,1215.28,1223.12,1230.34,1236.43,1240.97,1244.34,1247.10,1249.68,1252.10,1254.16,1255.64,1256.80,1257.51,1257.72,1257.35,1256.22,1254.99,1252.73,1248.71,1242.17,1235.00,1228.57,1222.34,1215.83,1208.66,1200.78,1192.52,1184.95,1180.34,1180.30,1181.93,1183.53,1184.30,1184.34,1183.03,1180.62,1177.25,1172.98,1167.59,1162.54,1159.10,1158.65,1160.17,1161.79,1163.31,1164.72,1165.90,1167.02,1168.16,1170.16,1174.48,1177.78,1181.14,1185.17,1190.14,1195.40,1199.46,1203.32,1207.41,1211.56,1214.96,1217.05,1218.29,1219.32,1220.38,1221.05,1221.81,1222.92,1224.01,1225.31,1226.76,1228.20,1229.31,1230.10,1230.91,1231.54,1231.71,1231.63,1231.55,1231.18,1230.52,1229.89,1229.02,1227.92,1226.68,1225.34,1223.66,1223.75,1225.64,1229.45,1235.13,1241.44,1247.22,1252.15,1256.33,1261.09,1265.57,1270.33,1275.99,1281.92,1287.33,1291.71,1295.13,1298.42,1301.90,1304.76,1306.99,1308.59,1308.73,1306.55,1302.97,1298.56,1293.96,1289.76,1285.89,1282.24,1278.61,1274.98,1271.88,1270.97,1273.64,1276.59,1278.87,1280.69,1282.18,1283.41,1284.56,1285.69,1286.88,1288.24,1290.03,1292.78,1295.91,1298.93,1301.46,1302.33,1301.50,1299.13,1295.37,1291.34,1287.85,1285.28,1283.97,1283.24,1282.41,1281.05,1278.89,1275.83,1272.28,1268.43,1263.86,1257.74,1251.49,1246.63,1242.26,1237.47,1232.21,1228.89,1226.63,1224.84,1223.12,1221.51,1219.85,1218.97,1220.87,1228.81,1237.80,1245.85,1252.75,1259.89,1266.68,1271.93,1276.10
1296.09,1296.37,1296.20,1294.93,1292.10,1287.54,1282.71,1277.72,1272.93,1268.46,1264.26,1259.75,1253.50,1246.10,1238.51,1232.18,1227.06,1222.80,1219.17,1215.72,1212.45,1211.03,1211.40,1213.08,1214.57,1215.82,1216.90,1217.83,1218.50,1218.69,1218.06,1216.33,1213.08,1209.26,1205.29,1200.92,1195.79,1190.56,1184.14,1177.19,1170.52,1165.55,1160.99,1157.24,1153.85,1150.00,1145.92,1142.51,1139.85,1138.19,1138.10,1139.59,1141.45,1143.10,1144.19,1144.65,1144.96,1144.94,1144.25,1143.31,1142.47,1141.76,1141.36,1141.86,1143.45,1145.37,1147.36,1149.58,1152.78,1155.60,1158.14,1160.65,1163.19,1165.80,1168.42,1171.18,1174.48,1178.76,1184.08,1190.35,1197.34,1203.01,1208.15,1214.09,1220.97,1227.17,1232.75,1237.14,1240.41,1242.78,1245.02,1247.22,1249.21,1250.79,1252.05,1252.97,1253.55,1253.71,1253.29,1252.65,1250.65,1246.84,1240.77,1233.90,1227.61,1221.42,1215.00,1208.32,1201.04,1192.69,1183.90,1176.51,1173.43,1173.84,1175.28,1176.10,1176.14,1174.72,1172.44,1169.44,1165.60,1161.37,1158.87,1158.28,1159.45,1161.38,1163.07,1164.58,1166.00,1167.28,1168.89,1172.29,1177.46,1183.63,1188.96,1193.41,1197.91,1203.10,1208.13,1211.64,1214.28,1216.57,1219.07,1221.39,1222.82,1223.74,1224.75,1225.78,1226.57,1227.42,1228.50,1229.61,1230.92,1232.34,1233.75,1234.98,1236.08,1237.19,1238.06,1238.36,1238.25,1238.06,1237.58,1236.80,1236.03,1235.08,1233.96,1232.70,1231.20,1228.92,1227.35,1226.86,1228.02,1231.74,1238.18,1244.60,1250.11,1254.85,1260.00,1264.69,1269.57,1275.35,1281.29,1286.49,1290.61,1293.75,1296.80,1299.97,1303.31,1306.69,1309.60,1310.53,1309.39,1306.78,1302.88,1298.12,1293.28,1288.76,1284.71,1281.16,1277.63,1275.02,1274.56,1277.11,1279.43,1281.17,1282.60,1283.86,1285.08,1286.19,1287.28,1288.44,1289.91,1291.84,1294.69,1298.05,1301.51,1304.44,1305.72,1305.30,1303.24,1299.59,1295.81,1292.64,1290.43,1289.41,1288.77,1288.06,1286.79,1284.59,1281.12,1276.96,1272.66,1267.86,1261.68,1255.22,1250.21,1245.93,1241.64,1236.76,1232.00,1228.48,1226.25,1224.52,1222.85,1221.05,1219.53,1220.03,1227.17,1236.34,1244.34,1250.67,1257.63,1264.19,1269.57,1273.95
1292.02,1292.20,1291.64,1289.80,1286.70,1282.49,1278.17,1273.81,1269.56,1265.40,1261.04,1255.51,1249.16,1242.24,1235.09,1229.01,1224.01,1219.37,1214.70,1209.69,1204.24,1201.82,1202.48,1205.11,1207.17,1209.03,1210.72,1212.12,1213.08,1213.40,1212.94,1211.61,1209.20,1206.54,1203.43,1199.74,1195.21,1190.05,1183.82,1177.09,1170.56,1165.55,1160.80,1156.58,1152.42,1147.46,1142.01,1137.94,1134.95,1133.07,1133.11,1134.28,1135.78,1137.17,1137.91,1138.25,1138.44,1138.38,1137.83,1137.14,1136.44,1135.91,1135.96,1137.50,1139.76,1141.93,1143.75,1145.25,1147.46,1149.73,1152.15,1154.96,1158.25,1161.34,1164.35,1167.52,1171.38,1177.01,1183.23,1189.88,1196.88,1202.53,1207.46,1212.70,1218.41,1223.65,1228.46,1232.45,1235.51,1237.55,1239.54,1241.53,1243.48,1245.31,1246.92,1248.20,1249.21,1249.89,1249.99,1249.74,1247.82,1244.19,1238.86,1232.33,1226.22,1220.21,1214.04,1207.79,1200.98,1192.72,1183.19,1173.48,1166.69,1165.16,1166.11,1167.15,1167.26,1165.91,1163.92,1161.55,1158.67,1156.44,1156.97,1159.09,1161.02,1162.72,1164.38,1165.89,1167.39,1169.58,1172.90,1179.78,1188.86,1196.55,1204.26,1209.26,1212.90,1216.38,1219.15,1220.72,1221.83,1222.87,1224.02,1225.20,1226.24,1227.28,1228.51,1229.73,1231.02,1232.26,1233.44,1234.74,1236.18,1237.61,1239.01,1240.48,1242.12,1243.60,1244.73,1245.26,1245.13,1244.63,1243.87,1242.93,1241.98,1240.91,1239.76,1238.51,1237.02,1235.13,1232.86,1230.47,1228.71,1229.59,1235.61,1242.32,1248.26,1253.75,1259.44,1264.49,1269.69,1275.74,1281.29,1285.97,1289.77,1292.79,1295.41,1298.16,1301.50,1305.31,1309.01,1310.90,1311.09,1309.73,1306.63,1302.03,1296.86,1291.70,1287.07,1283.62,1280.19,1278.28,1278.31,1280.29,1281.66,1282.94,1284.23,1285.52,1286.75,1287.89,1289.02,1290.30,1291.95,1293.90,1296.70,1300.24,1304.23,1307.65,1309.23,1309.16,1307.49,1304.04,1300.39,1297.48,1295.62,1294.94,1294.38,1293.73,1292.58,1290.42,1286.53,1281.78,1276.93,1271.84,1265.81,1259.26,1254.02,1249.60,1245.61,1241.96,1235.82,1230.66,1227.56,1225.84,1224.02,1222.11,1220.15,1219.50,1225.68,1234.83,1242.77,1248.60,1255.19,1261.46,1267.11,1271.93
1287.95,1287.95,1286.70,1284.51,1281.58,1277.96,1274.14,1270.11,1266.10,1261.79,1256.33,1250.58,1244.43,1237.94,1231.37,1225.57,1220.38,1215.55,1210.60,1204.49,1198.51,1195.04,1194.54,1197.04,1199.60,1202.20,1204.45,1206.04,1206.98,1207.29,1207.19,1206.55,1204.98,1203.28,1200.94,1197.88,1193.96,1189.27,1183.47,1177.03,1170.61,1165.55,1160.70,1156.31,1151.83,1146.26,1140.13,1135.21,1131.17,1128.24,1128.14,1129.18,1130.37,1131.31,1131.78,1132.10,1132.23,1132.19,1131.89,1131.38,1130.79,1130.56,1131.10,1132.91,1135.38,1137.54,1139.22,1140.60,1142.41,1144.35,1146.47,1149.10,1152.80,1156.96,1161.24,1165.53,1170.06,1176.52,1183.14,1189.71,1196.30,1201.75,1206.27,1210.67,1215.21,1219.48,1223.52,1226.74,1229.18,1231.15,1233.17,1235.02,1236.79,1238.57,1240.34,1242.01,1243.46,1244.53,1244.99,1244.98,1243.69,1240.75,1235.73,1229.93,1224.31,1218.70,1212.88,1206.73,1199.97,1191.72,1182.13,1171.83,1162.39,1157.50,1156.16,1157.07,1157.49,1156.96,1156.47,1156.40,1156.76,1157.55,1159.11,1161.03,1162.72,1164.27,1165.78,1167.24,1169.82,1177.03,1186.93,1196.32,1203.84,1208.66,1213.63,1217.26,1220.05,1222.47,1224.16,1225.16,1225.91,1226.65,1227.53,1228.63,1229.82,1231.07,1232.41,1233.74,1235.15,1236.65,1238.28,1240.20,1242.54,1244.88,1247.04,1248.90,1250.57,1251.90,1252.75,1252.91,1252.52,1251.45,1250.22,1248.96,1247.41,1246.04,1244.75,1243.51,1242.23,1240.64,1237.99,1234.94,1232.07,1230.24,1234.44,1240.56,1246.83,1252.88,1259.09,1264.68,1270.60,1277.35,1281.93,1285.67,1289.10,1292.20,1294.68,1297.12,1300.00,1303.48,1307.48,1310.38,1311.81,1311.48,1309.04,1305.03,1300.09,1294.67,1289.50,1285.86,1282.42,1280.82,1280.87,1282.13,1283.31,1284.52,1285.80,1287.09,1288.34,1289.64,1291.11,1292.72,1294.47,1296.36,1299.01,1302.67,1307.20,1311.00,1313.08,1313.36,1311.91,1308.81,1305.37,1302.73,1301.06,1300.28,1299.71,1298.82,1297.37,1295.03,1291.21,1286.38,1281.06,1275.48,1269.58,1263.05,1257.63,1252.89,1248.53,1244.74,1239.72,1233.91,1228.68,1226.64,1224.65,1222.63,1220.60,1219.69,1224.45,1232.86,1240.67,1246.53,1252.19,1258.80,1264.73,1269.60
1283.81,1283.59,1282.03,1279.79,1277.07,1273.84,1270.20,1266.38,1262.18,1257.31,1251.32,1245.60,1239.57,1233.43,1227.55,1222.01,1216.71,1211.70,1206.62,1200.23,1194.12,1189.44,1187.33,1189.30,1191.99,1194.98,1197.72,1199.73,1200.75,1201.26,1201.51,1201.40,1200.57,1199.60,1197.90,1195.48,1192.22,1188.07,1182.84,1176.85,1170.66,1165.51,1160.60,1156.01,1151.06,1144.66,1138.18,1132.70,1127.67,1123.42,1122.49,1123.28,1124.35,1125.20,1125.74,1126.15,1126.38,1126.46,1126.38,1126.07,1125.68,1125.78,1126.70,1128.48,1130.77,1132.65,1134.08,1135.40,1136.95,1138.69,1140.97,1144.26,1148.73,1153.97,1159.36,1164.61,1169.77,1176.52,1183.01,1189.14,1195.11,1200.36,1204.39,1207.93,1211.25,1214.43,1217.43,1219.62,1221.22,1222.89,1224.96,1227.01,1228.88,1230.62,1232.63,1234.83,1236.76,1238.18,1238.97,1239.13,1238.33,1236.08,1231.79,1226.85,1221.88,1216.76,1211.33,1205.38,1198.53,1190.19,1180.62,1170.29,1159.42,1152.15,1148.69,1148.59,1148.68,1149.55,1151.38,1154.03,1156.90,1159.42,1161.31,1162.85,1164.37,1165.88,1167.72,1171.41,1178.31,1188.89,1200.72,1209.56,1214.90,1217.87,1220.73,1223.23,1225.40,1227.16,1228.20,1228.99,1229.68,1230.34,1231.03,1232.12,1233.42,1234.84,1236.33,1237.94,1239.82,1241.82,1243.93,1246.40,1249.45,1252.34,1254.76,1256.52,1257.96,1258.91,1259.39,1259.30,1258.80,1257.56,1256.23,1254.86,1252.95,1251.26,1249.82,1248.58,1247.46,1245.99,1243.39,1240.09,1236.35,1232.72,1234.33,1239.20,1245.59,1251.96,1258.43,1264.45,1271.05,1278.42,1282.39,1285.40,1288.39,1291.39,1293.80,1296.11,1298.62,1301.73,1305.78,1309.49,1311.90,1312.54,1310.93,1307.56,1302.85,1297.38,1292.00,1288.10,1284.54,1283.07,1283.11,1283.90,1284.92,1286.09,1287.35,1288.65,1289.90,1291.28,1292.94,1294.77,1296.55,1298.49,1301.56,1305.63,1310.36,1314.36,1316.89,1317.56,1316.46,1313.96,1310.91,1308.52,1306.83,1305.65,1304.65,1303.34,1301.51,1298.96,1295.35,1290.37,1284.74,1278.88,1273.02,1266.56,1261.00,1256.00,1251.26,1246.95,1242.58,1236.47,1229.97,1227.40,1225.16,1223.00,1220.93,1219.80,1222.81,1230.35,1238.17,1244.35,1249.32,1255.77,1261.76,1266.78
1279.59,1279.08,1277.80,1275.87,1273.35,1270.13,1266.24,1262.48,1257.58,1251.73,1246.20,1240.68,1234.62,1228.72,1223.61,1218.35,1213.09,1207.92,1202.74,1197.17,1191.07,1184.99,1180.99,1182.06,1184.37,1187.24,1190.33,1193.16,1194.49,1195.51,1196.08,1196.19,1195.95,1195.39,1194.20,1192.41,1189.87,1186.29,1181.75,1176.44,1170.66,1165.38,1160.42,1155.51,1149.77,1142.17,1135.68,1130.07,1124.28,1118.51,1115.84,1116.12,1117.36,1118.67,1119.75,1120.42,1120.95,1121.28,1121.33,1121.29,1121.22,1121.68,1122.83,1124.29,1125.93,1127.21,1128.24,1129.48,1130.78,1132.57,1135.78,1141.01,1146.84,1152.98,1159.05,1164.86,1170.52,1176.89,1182.64,1187.89,1193.06,1198.09,1201.60,1204.22,1206.35,1208.23,1209.83,1210.74,1211.28,1212.29,1214.35,1217.04,1219.48,1221.30,1223.72,1226.59,1229.05,1230.79,1231.87,1232.12,1231.46,1229.84,1226.93,1222.98,1218.78,1214.26,1209.26,1203.68,1196.63,1188.07,1178.51,1168.57,1157.80,1149.93,1145.03,1142.75,1141.59,1144.44,1149.42,1154.93,1158.86,1161.02,1162.66,1164.24,1165.90,1167.51,1170.58,1179.76,1195.05,1205.59,1211.77,1216.02,1219.60,1223.12,1225.87,1228.06,1229.94,1231.45,1232.22,1233.01,1233.80,1234.46,1234.90,1235.82,1237.08,1238.56,1240.30,1242.43,1245.34,1248.22,1250.73,1253.53,1256.87,1259.56,1261.34,1262.30,1263.24,1263.64,1263.73,1263.67,1263.35,1262.58,1261.67,1260.55,1258.71,1256.75,1255.17,1253.94,1252.84,1251.23,1249.22,1245.99,1241.35,1237.19,1235.51,1238.35,1244.56,1250.94,1257.25,1263.52,1270.59,1278.33,1282.39,1285.09,1287.58,1290.12,1292.52,1294.91,1297.34,1300.20,1304.05,1308.25,1311.32,1312.86,1312.38,1309.59,1304.98,1299.72,1294.59,1290.37,1286.55,1285.06,1285.15,1285.86,1286.62,1287.69,1288.92,1290.21,1291.45,1292.71,1294.32,1296.12,1297.90,1300.14,1304.40,1309.28,1313.72,1317.67,1320.57,1321.70,1321.16,1319.56,1317.14,1314.93,1312.98,1311.09,1309.10,1307.14,1304.91,1302.19,1298.83,1293.55,1287.80,1282.00,1276.04,1269.72,1264.09,1258.92,1253.92,1248.92,1243.92,1237.83,1231.57,1228.21,1225.64,1223.30,1221.13,1219.66,1220.60,1227.21,1235.16,1241.97,1246.73,1252.24,1257.91,1263.30
1275.53,1274.76,1273.48,1271.58,1268.95,1265.41,1261.14,1256.66,1251.66,1246.29,1240.97,1235.38,1229.82,1224.50,1219.51,1214.29,1209.38,1204.43,1199.26,1193.90,1187.60,1180.93,1175.93,1175.59,1177.35,1179.99,1183.08,1186.27,1188.39,1189.89,1190.70,1190.94,1190.94,1190.59,1189.74,1188.37,1186.29,1183.41,1179.37,1174.48,1169.11,1163.99,1158.79,1153.11,1146.59,1139.03,1132.71,1126.39,1119.62,1112.87,1108.61,1107.83,1108.85,1110.54,1111.97,1113.30,1114.20,1114.77,1115.14,1115.50,1115.85,1116.60,1117.82,1118.98,1120.14,1120.97,1121.59,1122.42,1123.89,1127.47,1133.15,1140.43,1146.62,1152.89,1159.03,1164.84,1170.30,1176.48,1181.84,1186.40,1190.49,1194.54,1197.28,1199.18,1200.50,1201.43,1202.01,1202.30,1202.48,1202.96,1204.37,1207.11,1210.41,1213.70,1216.81,1219.80,1222.10,1223.58,1224.52,1224.71,1224.47,1223.53,1221.40,1218.57,1215.21,1211.23,1206.50,1200.93,1193.37,1184.65,1175.39,1165.96,1155.88,1147.99,1142.51,1139.50,1138.39,1140.93,1146.53,1153.79,1159.45,1161.86,1163.49,1165.14,1166.82,1168.42,1177.83,1191.62,1205.69,1213.43,1217.95,1221.70,1225.38,1228.85,1231.45,1233.37,1234.99,1236.38,1237.08,1237.75,1238.41,1238.99,1239.51,1240.48,1241.91,1243.66,1245.67,1248.15,1251.12,1254.05,1256.76,1259.66,1262.83,1265.13,1266.39,1266.93,1267.44,1267.58,1267.55,1267.46,1267.17,1266.57,1265.87,1264.99,1263.43,1261.85,1260.47,1259.23,1257.84,1255.78,1253.62,1250.69,1246.61,1242.14,1238.59,1239.25,1243.88,1250.14,1255.95,1261.67,1268.02,1275.16,1280.60,1283.51,1285.58,1287.66,1290.16,1292.73,1295.53,1298.76,1302.77,1307.18,1310.74,1313.16,1313.75,1311.18,1306.97,1302.01,1296.90,1292.39,1288.28,1286.88,1287.15,1287.88,1288.79,1289.83,1290.86,1291.89,1293.15,1294.42,1295.81,1297.36,1299.34,1302.87,1307.55,1312.32,1316.64,1320.71,1323.77,1325.37,1325.50,1324.34,1322.42,1320.38,1318.33,1316.16,1313.72,1310.93,1307.92,1304.73,1301.18,1296.12,1290.38,1284.54,1278.88,1272.58,1266.81,1261.50,1256.38,1251.02,1245.32,1239.21,1233.32,1229.22,1226.47,1224.05,1221.74,1219.95,1219.86,1224.45,1231.17,1238.25,1243.78,1249.04,1254.41,1259.60
1271.61,1270.56,1269.10,1267.07,1264.08,1259.96,1255.47,1250.46,1245.72,1241.15,1235.94,1230.38,1225.32,1220.45,1215.37,1210.23,1205.70,1201.07,1196.02,1190.58,1184.01,1177.09,1171.43,1169.46,1170.33,1172.69,1175.76,1179.11,1181.94,1183.91,1184.96,1185.33,1185.46,1185.26,1184.72,1183.71,1182.00,1179.76,1176.15,1171.67,1166.67,1161.72,1156.25,1149.80,1142.66,1135.54,1129.34,1122.32,1114.80,1107.54,1102.02,1099.93,1100.40,1102.33,1104.12,1106.13,1107.51,1108.39,1109.09,1109.75,1110.39,1111.26,1112.33,1113.21,1113.97,1114.43,1114.72,1115.28,1117.60,1123.43,1131.61,1140.55,1146.79,1152.95,1158.97,1164.56,1169.53,1175.37,1180.43,1184.46,1187.54,1190.44,1192.36,1193.62,1194.36,1194.60,1194.47,1194.38,1194.37,1194.47,1195.28,1197.97,1202.03,1206.74,1210.58,1213.71,1215.82,1216.97,1217.59,1217.64,1217.68,1217.21,1215.57,1213.73,1211.18,1207.71,1203.11,1197.35,1189.35,1180.64,1171.82,1162.96,1153.77,1146.07,1140.32,1137.09,1136.41,1138.17,1143.63,1152.07,1159.55,1162.32,1164.02,1165.72,1167.40,1168.97,1185.17,1202.72,1213.41,1218.49,1222.83,1227.23,1231.45,1234.72,1237.28,1239.09,1240.62,1242.01,1242.71,1243.23,1243.69,1244.18,1244.84,1245.77,1247.24,1249.12,1251.32,1253.97,1256.69,1259.47,1262.35,1265.27,1268.10,1270.00,1270.95,1271.29,1271.55,1271.56,1271.47,1271.34,1271.01,1270.41,1269.77,1269.01,1267.82,1266.78,1265.68,1264.42,1262.78,1260.23,1257.56,1254.74,1251.42,1246.93,1242.29,1240.94,1243.54,1249.35,1254.53,1259.47,1264.80,1271.03,1277.58,1280.88,1282.88,1284.82,1287.51,1290.45,1293.80,1297.57,1301.81,1306.35,1310.26,1313.43,1314.98,1312.55,1308.81,1304.17,1299.07,1294.38,1290.22,1289.12,1289.73,1290.55,1291.70,1292.63,1293.32,1293.95,1295.05,1296.25,1297.39,1298.78,1301.26,1305.96,1310.70,1315.15,1319.40,1323.62,1326.84,1328.92,1329.73,1328.94,1327.41,1325.43,1323.23,1320.87,1318.15,1314.62,1310.79,1306.94,1303.11,1298.39,1292.71,1286.77,1281.39,1275.14,1269.22,1263.77,1258.62,1253.14,1246.97,1240.82,1235.12,1230.41,1227.44,1224.92,1222.52,1220.52,1219.76,1222.07,1227.06,1234.02,1240.48,1245.90,1251.12,1255.98
1267.96,1266.59,1264.60,1262.13,1258.32,1253.11,1249.06,1244.92,1240.97,1236.89,1231.75,1226.78,1221.71,1216.52,1211.35,1206.57,1202.18,1197.85,1193.14,1187.29,1180.43,1173.51,1167.48,1163.76,1162.72,1164.76,1168.03,1171.35,1174.22,1176.56,1177.96,1178.54,1178.78,1178.76,1178.53,1177.92,1176.59,1174.55,1171.48,1167.53,1162.81,1157.74,1152.09,1145.32,1138.09,1131.56,1125.13,1118.01,1110.73,1103.91,1098.17,1094.39,1093.64,1095.41,1097.82,1100.24,1102.31,1103.80,1104.53,1105.13,1105.62,1106.03,1106.42,1107.03,1107.50,1107.72,1107.92,1109.05,1114.04,1121.91,1131.15,1140.30,1146.60,1152.66,1158.46,1163.65,1167.86,1172.75,1177.40,1181.26,1183.84,1185.75,1186.93,1187.68,1188.13,1188.24,1188.08,1187.76,1187.47,1187.55,1188.52,1191.44,1195.58,1200.26,1204.70,1208.49,1211.01,1212.18,1212.36,1212.06,1211.65,1210.89,1209.40,1207.97,1206.08,1203.02,1198.31,1192.05,1184.11,1175.89,1167.79,1159.61,1151.25,1143.83,1138.06,1134.85,1134.56,1136.36,1141.70,1150.38,1159.28,1162.34,1164.03,1165.74,1167.42,1169.04,1188.41,1207.78,1217.38,1223.05,1228.14,1233.02,1237.39,1240.58,1243.47,1245.77,1247.71,1249.35,1250.11,1250.42,1250.69,1251.12,1251.81,1252.18,1253.01,1254.42,1256.44,1258.92,1261.34,1264.09,1267.27,1270.19,1272.48,1274.20,1275.35,1275.84,1276.38,1276.45,1276.28,1276.08,1275.57,1274.80,1273.88,1272.92,1272.13,1271.53,1270.61,1269.42,1267.93,1265.06,1261.40,1257.79,1254.46,1250.71,1246.25,1243.58,1243.96,1248.34,1252.77,1257.02,1261.52,1266.71,1272.21,1276.00,1279.02,1281.86,1284.95,1288.77,1292.87,1297.09,1301.48,1306.16,1310.16,1313.64,1315.79,1313.59,1310.27,1305.97,1301.04,1296.55,1293.07,1292.93,1294.30,1295.34,1296.68,1297.13,1297.20,1297.23,1297.48,1298.21,1299.16,1300.95,1304.74,1309.19,1313.56,1317.83,1322.09,1326.36,1329.89,1332.51,1333.97,1333.72,1332.41,1330.09,1327.39,1324.74,1321.80,1318.03,1313.59,1308.81,1304.69,1300.28,1294.64,1288.47,1282.99,1276.99,1270.97,1265.39,1260.36,1255.14,1249.39,1243.15,1236.95,1231.99,1228.52,1225.79,1223.48,1221.63,1220.33,1220.57,1223.48,1229.36,1236.34,1242.63,1248.22,1252.86
1264.69,1263.29,1260.80,1257.67,1253.48,1248.38,1244.55,1240.70,1236.94,1233.05,1228.32,1223.67,1218.42,1212.91,1207.66,1202.96,1198.79,1194.66,1189.97,1183.72,1176.58,1170.09,1164.46,1159.66,1156.45,1157.61,1160.69,1163.92,1166.57,1169.03,1170.66,1171.46,1171.85,1171.92,1171.93,1171.60,1170.48,1168.61,1165.81,1162.09,1157.43,1152.25,1146.69,1140.32,1133.65,1127.50,1120.97,1114.07,1107.22,1100.83,1095.10,1090.43,1088.54,1089.45,1091.80,1094.09,1096.30,1098.12,1099.18,1099.99,1100.56,1100.88,1101.04,1101.37,1101.59,1101.75,1102.37,1104.92,1112.06,1120.91,1130.28,1139.19,1145.44,1151.29,1156.68,1161.39,1165.17,1169.18,1172.99,1176.30,1178.74,1180.28,1181.02,1181.42,1181.66,1181.65,1181.37,1180.93,1180.61,1180.98,1182.66,1185.90,1189.87,1194.03,1198.33,1202.04,1204.74,1206.18,1206.16,1205.70,1204.80,1203.40,1201.56,1200.15,1198.63,1196.18,1192.13,1186.08,1178.62,1170.83,1163.18,1155.83,1148.22,1141.07,1135.34,1132.21,1132.32,1134.55,1139.46,1147.67,1158.81,1162.28,1163.96,1165.65,1167.32,1168.98,1188.83,1209.11,1219.94,1226.59,1232.59,1237.77,1242.11,1245.75,1249.30,1252.20,1254.43,1255.92,1256.66,1256.99,1257.18,1257.40,1257.80,1257.87,1258.20,1259.11,1260.89,1263.22,1265.55,1268.24,1271.41,1274.33,1276.44,1278.13,1279.42,1280.10,1280.72,1280.84,1280.71,1280.53,1279.95,1278.94,1277.72,1276.53,1275.87,1275.62,1275.17,1274.34,1272.81,1269.80,1265.74,1261.34,1257.14,1253.63,1249.65,1247.01,1246.60,1249.13,1251.87,1255.30,1259.11,1263.13,1267.79,1271.59,1275.04,1278.63,1282.85,1287.46,1292.01,1296.47,1300.99,1305.81,1309.96,1313.63,1316.14,1314.85,1311.95,1308.06,1303.62,1299.48,1297.30,1297.62,1299.00,1300.18,1301.13,1301.17,1300.95,1300.70,1300.36,1300.66,1301.61,1303.70,1307.81,1311.96,1316.16,1320.40,1324.66,1328.99,1332.76,1335.71,1337.55,1337.70,1336.84,1334.68,1331.69,1328.28,1324.63,1320.59,1315.84,1310.59,1306.13,1301.83,1296.32,1290.11,1284.44,1278.74,1272.69,1266.99,1262.00,1256.95,1251.52,1245.33,1238.86,1233.57,1229.46,1226.60,1224.48,1222.67,1220.99,1220.21,1221.37,1225.26,1231.91,1238.77,1244.90,1249.85
1261.45,1260.25,1257.38,1253.56,1249.34,1245.08,1241.29,1237.31,1233.37,1229.47,1225.30,1220.74,1215.29,1209.59,1204.32,1199.54,1195.58,1191.49,1186.55,1179.97,1172.64,1166.78,1161.86,1156.40,1151.14,1151.07,1153.68,1156.81,1159.09,1161.39,1163.09,1164.06,1164.59,1164.66,1164.78,1164.59,1163.51,1161.82,1159.16,1155.52,1150.91,1145.78,1140.55,1135.00,1129.22,1123.33,1116.86,1110.43,1104.16,1098.13,1092.53,1087.50,1084.55,1084.10,1085.98,1087.85,1089.84,1091.75,1093.27,1094.44,1095.22,1095.72,1095.97,1096.05,1096.08,1096.36,1097.78,1102.31,1111.10,1120.16,1129.01,1137.33,1143.43,1148.91,1153.73,1157.87,1161.43,1164.66,1167.42,1169.97,1172.41,1173.98,1174.53,1174.73,1174.83,1174.66,1174.18,1173.64,1173.45,1174.46,1177.20,1180.81,1184.48,1187.88,1191.49,1194.54,1197.11,1198.86,1198.80,1198.28,1196.87,1194.77,1192.36,1190.75,1189.44,1187.70,1184.76,1179.50,1172.85,1165.50,1158.16,1151.66,1144.70,1137.88,1132.34,1129.47,1130.05,1132.93,1137.36,1144.84,1158.32,1162.20,1163.86,1165.52,1167.15,1168.84,1187.39,1207.83,1221.08,1228.96,1235.89,1241.24,1245.50,1249.95,1254.34,1257.91,1260.40,1261.62,1262.36,1262.88,1263.11,1263.06,1262.95,1262.91,1262.89,1263.32,1264.86,1267.10,1269.50,1272.14,1275.08,1277.91,1280.10,1281.85,1283.25,1284.13,1284.70,1284.87,1284.86,1284.76,1284.19,1282.98,1281.47,1280.05,1279.31,1279.30,1279.43,1279.07,1277.40,1274.42,1270.35,1265.30,1259.80,1256.03,1252.66,1250.94,1250.83,1251.51,1252.16,1254.57,1257.58,1260.28,1264.20,1267.66,1271.09,1275.19,1280.86,1286.18,1291.05,1295.64,1300.26,1305.22,1309.60,1313.39,1316.14,1316.30,1313.96,1310.61,1306.85,1303.21,1302.53,1302.91,1303.79,1304.93,1305.11,1304.81,1304.48,1304.13,1303.44,1303.42,1304.49,1306.79,1310.53,1314.39,1318.56,1322.82,1327.08,1331.47,1335.47,1338.58,1340.52,1340.96,1340.62,1338.91,1335.87,1331.52,1326.89,1322.51,1317.64,1312.26,1307.42,1303.11,1297.80,1291.70,1285.83,1280.40,1274.39,1268.58,1263.55,1258.61,1253.40,1247.36,1240.83,1235.12,1230.30,1227.34,1225.42,1223.59,1221.64,1220.60,1220.43,1222.03,1227.75,1234.75,1241.43,1247.00
1256.92,1256.02,1253.32,1249.59,1245.53,1241.42,1237.50,1233.56,1229.68,1225.80,1221.63,1216.99,1211.86,1206.58,1201.57,1197.09,1193.06,1188.47,1182.83,1176.18,1169.45,1163.63,1158.06,1151.64,1145.95,1144.98,1146.94,1150.10,1152.15,1153.65,1154.80,1155.62,1156.09,1156.01,1155.80,1155.26,1154.04,1152.58,1150.41,1147.37,1143.52,1139.44,1134.80,1129.69,1124.28,1118.66,1112.66,1107.07,1101.51,1095.69,1090.07,1084.67,1080.53,1078.66,1080.46,1082.41,1084.30,1086.00,1087.39,1088.66,1089.49,1090.08,1090.47,1090.62,1090.64,1091.43,1094.01,1100.27,1110.13,1119.11,1127.18,1134.56,1140.14,1144.89,1148.87,1152.22,1155.34,1158.09,1160.35,1162.37,1164.31,1165.75,1166.43,1166.70,1166.67,1166.28,1165.53,1164.62,1164.46,1166.78,1170.64,1174.62,1178.26,1181.34,1183.94,1185.88,1187.53,1188.73,1188.65,1187.68,1185.99,1183.87,1181.66,1180.32,1179.26,1177.93,1175.72,1171.72,1166.28,1159.75,1152.91,1146.77,1140.32,1134.16,1129.54,1127.87,1129.28,1132.62,1137.67,1145.70,1158.59,1162.31,1163.87,1165.44,1167.03,1168.71,1185.85,1205.29,1219.00,1228.13,1235.59,1241.21,1245.79,1250.98,1256.11,1260.34,1263.48,1265.38,1266.56,1267.42,1267.89,1267.86,1267.37,1267.11,1266.91,1267.14,1268.57,1270.96,1273.58,1276.26,1278.94,1281.36,1283.48,1285.31,1286.82,1287.90,1288.66,1289.00,1289.09,1289.00,1288.52,1287.38,1285.84,1284.26,1283.34,1283.20,1283.30,1282.96,1281.37,1278.72,1274.63,1269.46,1263.67,1258.78,1255.61,1254.80,1255.59,1256.15,1256.21,1256.88,1257.81,1258.81,1261.40,1264.47,1267.72,1271.65,1277.54,1283.61,1289.12,1294.11,1298.83,1303.93,1308.61,1312.66,1315.88,1317.93,1317.16,1314.76,1311.62,1308.80,1308.19,1308.34,1308.76,1309.24,1308.83,1308.09,1307.32,1306.61,1306.00,1306.06,1307.29,1309.65,1313.02,1316.70,1320.71,1324.81,1328.98,1333.56,1337.85,1340.93,1342.62,1343.12,1342.69,1341.21,1338.49,1334.16,1328.91,1324.03,1318.96,1313.57,1308.50,1304.12,1299.07,1293.25,1287.15,1281.91,1275.99,1270.11,1264.95,1260.19,1255.06,1249.23,1242.87,1236.64,1231.13,1227.88,1225.87,1223.90,1221.89,1220.88,1220.65,1221.82,1226.25,1232.21,1238.76,1244.82
1251.88,1251.24,1248.77,1245.26,1241.31,1237.23,1233.27,1229.44,1225.69,1221.85,1217.60,1213.10,1208.50,1203.78,1199.01,1194.72,1190.39,1185.30,1179.29,1172.86,1166.54,1160.32,1153.91,1147.11,1141.43,1139.51,1140.55,1143.42,1145.19,1146.08,1146.74,1147.38,1147.78,1147.65,1147.30,1146.61,1145.39,1144.16,1142.43,1139.94,1136.74,1133.44,1129.21,1124.38,1119.27,1114.08,1108.82,1103.96,1098.91,1093.31,1087.72,1081.99,1076.82,1073.51,1074.43,1076.41,1078.41,1080.18,1081.69,1083.08,1083.94,1084.52,1084.90,1085.13,1085.30,1086.86,1090.73,1098.40,1108.98,1117.64,1124.86,1131.27,1136.29,1140.32,1143.57,1146.29,1148.88,1151.19,1153.10,1154.76,1156.30,1157.57,1158.36,1158.68,1158.55,1157.97,1156.87,1155.50,1155.22,1158.41,1163.01,1167.35,1171.07,1173.99,1175.84,1176.99,1177.79,1178.24,1177.99,1176.84,1175.23,1173.40,1171.54,1170.37,1169.45,1168.37,1166.68,1163.74,1159.30,1153.55,1147.28,1141.58,1135.82,1130.45,1126.93,1126.76,1129.38,1133.59,1140.10,1149.10,1159.32,1162.49,1164.00,1165.51,1167.07,1168.72,1184.80,1203.25,1216.70,1226.09,1233.79,1239.79,1244.92,1250.62,1256.10,1260.83,1264.84,1268.04,1270.32,1272.11,1273.13,1273.31,1272.86,1272.39,1271.90,1271.78,1272.80,1274.99,1277.52,1280.08,1282.49,1284.61,1286.89,1289.07,1290.97,1292.30,1293.21,1293.61,1293.70,1293.55,1293.03,1291.88,1290.31,1288.66,1287.72,1287.46,1287.25,1286.62,1285.02,1282.53,1278.58,1273.56,1267.80,1262.22,1259.07,1258.96,1260.70,1261.70,1261.68,1261.20,1260.58,1260.21,1261.13,1263.05,1265.38,1268.48,1273.82,1280.28,1286.37,1291.80,1296.71,1301.95,1307.00,1311.60,1315.62,1319.10,1319.80,1318.53,1316.27,1314.36,1313.65,1313.46,1313.38,1313.09,1312.24,1311.14,1310.05,1309.13,1308.68,1308.87,1310.19,1312.49,1315.57,1319.02,1322.79,1326.68,1330.76,1335.36,1339.80,1342.94,1344.60,1345.04,1344.34,1342.95,1340.54,1336.34,1330.63,1325.34,1320.11,1314.74,1309.51,1305.05,1300.24,1294.69,1288.40,1283.29,1277.51,1271.59,1266.22,1261.66,1256.67,1251.04,1244.80,1238.11,1232.05,1228.45,1226.26,1224.16,1222.12,1221.13,1221.10,1222.36,1225.84,1230.87,1237.25,1243.73
1246.39,1245.91,1243.67,1240.30,1236.39,1232.30,1228.46,1224.82,1221.25,1217.52,1213.21,1209.21,1205.35,1201.22,1196.60,1192.19,1187.29,1181.90,1176.14,1170.30,1163.86,1156.72,1149.54,1143.38,1137.95,1134.95,1134.64,1136.70,1138.06,1138.80,1139.30,1139.75,1140.16,1140.20,1140.13,1139.74,1138.76,1137.76,1136.30,1134.11,1131.19,1127.95,1123.77,1119.11,1114.35,1109.80,1105.60,1101.16,1096.28,1090.94,1085.50,1079.54,1073.61,1068.83,1067.53,1069.30,1071.72,1074.10,1076.29,1077.88,1078.78,1079.22,1079.36,1079.56,1080.07,1082.68,1087.98,1096.64,1107.48,1115.60,1121.90,1127.39,1131.88,1135.32,1138.12,1140.47,1142.46,1144.35,1145.99,1147.50,1148.93,1150.04,1150.76,1151.07,1150.88,1150.17,1148.59,1146.74,1146.13,1149.26,1154.01,1158.65,1162.59,1165.42,1167.06,1168.08,1168.35,1167.98,1167.37,1166.53,1165.52,1164.28,1162.76,1161.52,1160.53,1159.52,1158.15,1155.79,1151.89,1146.73,1141.10,1136.11,1131.34,1126.88,1124.56,1126.16,1130.49,1136.35,1145.29,1155.54,1160.59,1162.76,1164.29,1165.82,1167.37,1168.95,1184.59,1202.40,1214.99,1223.05,1230.57,1237.15,1243.04,1248.91,1254.14,1259.11,1264.19,1269.40,1273.72,1277.31,1279.40,1280.02,1280.23,1279.61,1278.62,1277.83,1277.95,1279.27,1281.22,1283.35,1285.51,1287.65,1290.42,1293.40,1296.11,1297.77,1298.70,1298.99,1298.91,1298.56,1297.81,1296.43,1294.76,1293.21,1292.53,1292.23,1291.43,1290.13,1288.37,1285.64,1282.07,1277.51,1271.99,1266.63,1263.39,1263.63,1266.23,1268.12,1268.40,1267.86,1266.97,1265.89,1264.73,1264.33,1264.59,1265.96,1269.86,1276.12,1282.54,1288.42,1293.68,1299.05,1304.57,1310.12,1315.39,1319.46,1321.20,1321.24,1320.29,1319.31,1318.61,1318.05,1317.36,1316.32,1315.21,1313.93,1312.80,1312.04,1311.72,1312.01,1313.26,1315.36,1318.24,1321.42,1324.83,1328.50,1332.50,1336.80,1341.14,1344.56,1346.61,1346.89,1345.81,1344.35,1342.06,1337.90,1331.95,1326.44,1321.13,1315.79,1310.46,1305.94,1301.31,1295.96,1289.56,1284.51,1278.93,1273.00,1267.36,1262.99,1258.27,1252.81,1246.52,1239.51,1233.12,1229.14,1226.68,1224.53,1222.39,1221.39,1221.61,1223.25,1226.43,1231.04,1237.38,1244.22
1241.35,1241.00,1239.02,1235.97,1232.35,1228.41,1224.61,1220.83,1217.07,1213.29,1209.40,1205.79,1202.09,1198.01,1193.45,1189.29,1184.63,1179.48,1173.95,1168.18,1161.77,1154.31,1146.78,1140.70,1135.04,1130.67,1129.05,1130.63,1131.94,1132.91,1133.57,1134.03,1134.43,1134.55,1134.60,1134.26,1133.17,1132.03,1130.43,1128.24,1125.45,1122.44,1118.43,1114.21,1110.12,1106.28,1102.49,1098.11,1093.35,1088.41,1083.47,1077.07,1070.34,1064.48,1061.68,1063.10,1065.73,1068.52,1071.07,1072.74,1073.65,1074.05,1074.10,1074.22,1074.88,1078.37,1084.91,1094.40,1104.97,1112.76,1118.50,1122.96,1126.69,1129.63,1131.97,1133.86,1135.46,1137.05,1138.54,1140.08,1141.75,1142.94,1143.71,1143.89,1143.34,1142.21,1140.33,1138.49,1138.22,1141.81,1146.55,1150.85,1154.48,1157.28,1158.88,1159.73,1159.88,1159.47,1158.85,1158.10,1157.07,1155.81,1154.49,1153.57,1152.77,1151.78,1150.28,1147.84,1144.13,1139.55,1134.63,1130.13,1125.80,1122.75,1122.43,1126.42,1134.05,1142.73,1151.60,1159.08,1161.86,1163.52,1164.90,1166.30,1167.89,1170.12,1185.52,1202.63,1214.35,1221.26,1228.44,1234.88,1240.55,1246.17,1251.54,1256.71,1262.15,1268.06,1273.42,1278.42,1281.91,1283.63,1284.33,1284.28,1283.63,1282.91,1282.78,1283.29,1284.58,1286.41,1288.74,1291.63,1294.92,1298.09,1300.78,1302.50,1303.45,1303.73,1303.58,1303.09,1302.31,1300.94,1299.42,1298.14,1297.53,1296.86,1295.64,1293.95,1291.80,1288.78,1285.20,1280.85,1275.61,1270.29,1267.53,1268.71,1272.32,1274.53,1274.99,1274.57,1273.59,1272.00,1269.99,1267.99,1266.67,1266.42,1267.80,1272.37,1278.43,1284.73,1290.42,1296.00,1301.74,1307.64,1313.52,1318.87,1321.47,1322.73,1323.13,1322.53,1321.97,1321.33,1320.47,1319.31,1318.15,1317.07,1316.16,1315.53,1315.28,1315.55,1316.53,1318.35,1321.22,1324.25,1327.39,1330.78,1334.57,1338.65,1342.99,1346.60,1348.82,1348.76,1347.53,1345.73,1343.18,1339.19,1333.40,1327.78,1322.44,1317.18,1311.70,1307.02,1302.54,1297.51,1291.24,1285.94,1280.56,1274.72,1268.74,1264.40,1259.92,1254.57,1248.19,1240.99,1234.47,1230.03,1227.09,1224.89,1222.88,1221.87,1222.01,1223.50,1226.24,1230.32,1237.15,1244.97
1236.59,1236.39,1234.70,1232.07,1228.80,1225.04,1221.22,1217.23,1213.12,1209.13,1205.72,1202.29,1198.51,1194.37,1190.06,1186.23,1181.99,1177.20,1171.91,1166.30,1159.99,1152.45,1144.78,1138.58,1132.53,1126.80,1123.79,1124.65,1125.99,1127.25,1128.14,1128.69,1129.01,1129.17,1129.25,1128.88,1127.70,1126.37,1124.61,1122.39,1119.76,1116.98,1113.33,1109.67,1106.24,1102.95,1099.28,1094.93,1090.33,1085.79,1081.24,1074.46,1067.10,1060.46,1056.42,1057.26,1059.93,1063.06,1065.99,1067.76,1068.70,1069.07,1069.06,1069.11,1069.92,1074.02,1081.45,1091.51,1101.71,1109.35,1114.74,1118.32,1121.23,1123.67,1125.57,1127.03,1128.34,1129.69,1131.07,1132.67,1134.59,1135.85,1136.60,1136.55,1135.53,1133.99,1131.94,1130.30,1130.45,1134.46,1139.30,1143.33,1146.62,1149.23,1150.82,1151.53,1151.67,1151.43,1150.93,1150.24,1149.10,1147.74,1146.57,1145.93,1145.20,1144.08,1142.34,1139.76,1136.31,1132.34,1128.20,1124.27,1120.38,1118.95,1120.87,1127.42,1138.82,1149.63,1157.27,1161.33,1163.06,1164.47,1165.71,1166.95,1168.78,1173.07,1188.01,1203.67,1214.07,1220.06,1226.86,1232.94,1238.17,1243.38,1248.82,1254.12,1259.70,1265.89,1271.86,1278.08,1282.99,1285.97,1287.36,1288.22,1288.22,1287.81,1287.59,1287.39,1288.02,1289.57,1292.17,1295.79,1299.45,1302.63,1305.15,1306.86,1307.86,1308.17,1308.00,1307.44,1306.68,1305.42,1304.12,1303.05,1302.37,1301.28,1299.74,1297.78,1295.25,1291.95,1288.25,1283.98,1278.99,1273.76,1271.74,1273.94,1278.38,1280.71,1281.29,1280.99,1279.98,1278.09,1275.74,1272.67,1270.07,1268.31,1267.15,1269.47,1274.55,1280.88,1287.00,1292.85,1298.78,1304.88,1311.18,1317.62,1321.05,1323.39,1325.00,1325.01,1324.78,1324.19,1323.33,1322.33,1321.27,1320.54,1319.91,1319.35,1319.10,1319.28,1319.99,1321.55,1324.43,1327.33,1330.25,1333.39,1336.89,1340.76,1345.02,1348.74,1351.06,1350.74,1349.40,1347.16,1344.22,1340.39,1334.89,1329.24,1323.89,1318.75,1313.18,1308.30,1303.90,1299.20,1293.21,1287.56,1282.30,1276.61,1270.41,1265.92,1261.57,1256.28,1249.81,1242.42,1235.80,1230.91,1227.52,1225.38,1223.68,1222.66,1222.48,1223.34,1225.45,1229.39,1236.89,1245.55
1232.30,1232.39,1231.07,1228.88,1225.99,1222.41,1218.47,1214.34,1209.70,1205.11,1201.80,1198.02,1193.92,1189.99,1186.57,1183.02,1178.90,1174.30,1169.41,1164.72,1158.64,1151.25,1143.67,1137.26,1130.81,1124.06,1119.35,1118.30,1119.48,1120.75,1121.83,1122.57,1122.67,1122.72,1122.68,1122.35,1121.49,1120.26,1118.66,1116.73,1114.42,1111.74,1108.96,1105.98,1102.82,1099.42,1095.66,1091.54,1087.33,1083.07,1078.16,1071.32,1064.05,1057.24,1052.13,1051.65,1053.98,1057.52,1061.09,1063.18,1064.25,1064.64,1064.54,1064.57,1065.66,1069.75,1076.91,1086.84,1096.99,1104.78,1110.26,1113.58,1115.69,1117.56,1119.07,1120.28,1121.47,1122.65,1123.92,1125.46,1127.28,1128.24,1128.63,1128.12,1126.63,1124.97,1123.11,1121.68,1121.84,1125.56,1131.09,1135.85,1139.23,1141.12,1142.52,1143.15,1143.27,1143.10,1142.82,1142.32,1141.41,1140.31,1139.30,1138.37,1136.97,1135.27,1133.36,1131.26,1128.65,1125.50,1122.19,1119.38,1116.58,1116.95,1121.03,1130.07,1145.20,1154.29,1159.43,1162.31,1163.96,1165.46,1166.78,1168.04,1170.78,1181.28,1194.79,1206.32,1213.87,1219.53,1226.00,1231.82,1236.82,1241.58,1246.42,1251.59,1257.38,1263.82,1269.94,1277.16,1283.15,1287.21,1290.25,1292.40,1293.28,1293.22,1292.67,1292.13,1292.14,1293.34,1296.03,1299.52,1303.02,1306.23,1308.94,1310.73,1311.78,1312.21,1312.16,1311.67,1310.93,1309.88,1308.69,1307.48,1306.45,1305.09,1303.41,1301.38,1298.73,1295.29,1291.40,1287.04,1282.15,1277.42,1276.45,1279.26,1283.78,1286.11,1286.69,1286.31,1285.28,1283.57,1281.47,1278.31,1275.00,1271.99,1269.40,1269.11,1271.78,1276.78,1283.29,1289.55,1295.78,1302.28,1309.02,1315.06,1319.42,1322.46,1324.74,1326.85,1327.45,1327.02,1326.28,1325.69,1325.06,1324.76,1324.34,1323.71,1323.28,1323.31,1323.95,1325.43,1328.09,1330.74,1333.59,1336.59,1339.76,1343.34,1347.14,1350.72,1353.24,1353.08,1351.46,1348.74,1345.43,1341.58,1336.41,1330.85,1325.54,1320.54,1315.20,1310.06,1305.53,1301.07,1295.64,1289.59,1284.20,1278.72,1272.77,1267.74,1263.14,1257.84,1251.33,1243.55,1236.70,1231.56,1228.08,1226.36,1225.33,1224.35,1223.28,1222.49,1223.41,1228.67,1236.92,1245.24
1228.30,1228.49,1227.59,1225.82,1223.21,1219.67,1215.58,1211.03,1205.89,1200.83,1197.32,1193.52,1189.63,1186.06,1183.00,1179.35,1175.29,1171.13,1167.02,1162.90,1157.05,1149.95,1142.66,1136.31,1129.77,1122.65,1116.60,1113.17,1112.74,1113.37,1114.23,1114.95,1115.24,1115.53,1115.73,1115.65,1115.07,1114.15,1112.77,1111.18,1109.38,1107.14,1104.92,1102.23,1099.07,1095.59,1091.97,1088.07,1084.08,1079.87,1074.61,1068.32,1061.51,1054.67,1048.84,1046.60,1048.28,1052.01,1055.88,1058.18,1059.42,1059.89,1059.75,1059.65,1060.71,1064.82,1071.95,1081.60,1091.11,1098.68,1104.20,1107.58,1109.51,1111.13,1112.47,1113.61,1114.76,1116.08,1117.35,1118.67,1120.03,1120.64,1120.72,1120.01,1118.41,1116.56,1114.38,1112.93,1113.29,1117.11,1122.76,1127.75,1131.36,1133.39,1134.89,1135.51,1135.66,1135.53,1135.13,1134.53,1133.67,1132.69,1131.75,1130.71,1129.09,1127.17,1125.16,1123.20,1120.98,1118.43,1115.94,1114.32,1113.32,1115.89,1123.03,1135.26,1148.96,1155.92,1159.33,1161.17,1162.76,1165.24,1167.53,1171.26,1179.35,1190.97,1201.01,1208.91,1214.87,1220.20,1226.06,1231.49,1236.35,1240.95,1245.52,1250.60,1256.41,1262.88,1269.01,1276.87,1283.81,1289.04,1293.55,1296.40,1297.69,1297.97,1297.61,1296.81,1296.48,1297.44,1300.04,1303.28,1306.64,1309.81,1312.56,1314.41,1315.46,1316.05,1316.20,1315.81,1315.15,1314.22,1313.07,1311.76,1310.43,1308.85,1307.07,1304.98,1302.18,1298.57,1294.56,1290.16,1285.40,1280.97,1280.99,1284.33,1288.97,1291.91,1292.95,1292.70,1291.54,1289.57,1287.19,1283.93,1280.29,1276.59,1273.24,1271.18,1271.51,1274.64,1281.03,1287.37,1293.76,1300.37,1307.07,1312.98,1317.66,1321.20,1324.19,1327.45,1329.21,1329.68,1329.50,1329.16,1329.03,1329.24,1329.17,1328.63,1328.08,1327.73,1328.09,1329.38,1331.82,1334.38,1337.22,1340.20,1343.29,1346.67,1350.29,1353.70,1356.07,1355.79,1353.77,1350.48,1346.69,1342.81,1338.22,1332.78,1327.46,1322.58,1317.59,1312.06,1307.24,1302.90,1298.03,1291.80,1286.22,1280.82,1275.12,1269.61,1264.71,1259.29,1252.72,1244.73,1237.91,1232.52,1228.99,1227.87,1227.05,1225.70,1223.91,1222.32,1222.96,1228.84,1237.00,1244.40
1224.49,1224.63,1224.14,1222.72,1220.28,1216.73,1212.43,1207.37,1201.78,1196.40,1192.53,1189.03,1185.67,1182.45,1179.26,1175.30,1171.34,1167.82,1164.63,1160.75,1155.17,1148.47,1141.62,1135.57,1129.23,1122.26,1115.32,1109.42,1106.26,1105.49,1105.65,1106.18,1106.92,1107.72,1108.43,1108.75,1108.43,1107.94,1106.86,1105.64,1104.42,1102.85,1100.91,1098.22,1094.95,1091.47,1088.16,1084.49,1080.57,1076.27,1070.83,1065.45,1059.38,1052.66,1046.42,1042.19,1042.89,1046.50,1050.38,1052.80,1054.21,1054.82,1054.73,1054.47,1055.28,1059.45,1066.75,1075.99,1084.44,1091.48,1096.95,1100.54,1102.68,1104.23,1105.52,1106.68,1107.79,1109.42,1110.78,1111.86,1112.73,1113.03,1112.87,1112.11,1110.62,1108.52,1105.65,1104.08,1104.88,1109.15,1114.49,1119.33,1123.24,1125.96,1127.72,1128.37,1128.60,1128.54,1127.81,1126.96,1126.01,1125.05,1124.11,1123.09,1121.61,1119.76,1117.68,1115.60,1113.41,1111.30,1109.64,1109.26,1110.55,1115.91,1126.73,1142.01,1150.54,1155.28,1157.66,1158.70,1160.28,1164.35,1168.98,1177.26,1192.32,1201.04,1206.59,1211.63,1216.99,1221.93,1226.97,1231.86,1236.61,1241.29,1245.88,1250.91,1256.59,1262.94,1269.09,1277.30,1285.06,1291.47,1297.04,1300.06,1301.42,1301.99,1302.18,1301.35,1300.99,1301.86,1304.21,1307.12,1310.33,1313.41,1316.09,1318.05,1319.15,1319.95,1320.36,1320.10,1319.56,1318.61,1317.40,1315.99,1314.37,1312.57,1310.72,1308.57,1305.61,1301.83,1297.72,1293.32,1288.66,1284.35,1285.19,1288.98,1293.85,1297.79,1299.63,1299.67,1298.36,1295.84,1292.85,1289.46,1285.74,1281.84,1278.18,1275.11,1273.35,1274.34,1280.03,1286.15,1292.60,1299.07,1305.38,1311.31,1315.82,1319.69,1323.36,1326.99,1330.05,1331.91,1332.69,1332.65,1333.10,1333.88,1334.23,1333.93,1333.34,1332.50,1332.43,1333.42,1335.62,1338.21,1341.11,1344.19,1347.39,1350.71,1354.36,1357.52,1359.40,1358.71,1356.19,1352.26,1347.95,1344.06,1340.16,1334.90,1329.56,1324.75,1320.16,1314.24,1309.03,1304.67,1300.26,1294.08,1288.28,1282.84,1277.36,1271.47,1266.24,1260.63,1253.97,1245.91,1239.31,1233.85,1230.37,1229.80,1228.76,1226.73,1224.40,1222.74,1223.90,1229.64,1236.92,1243.02
1220.42,1220.59,1220.34,1218.92,1216.48,1213.03,1208.58,1203.58,1197.88,1192.32,1188.75,1185.55,1182.13,1178.47,1174.66,1170.91,1167.65,1164.69,1161.65,1157.70,1152.52,1146.40,1140.12,1134.55,1128.66,1122.18,1115.44,1108.79,1102.70,1098.60,1096.86,1097.05,1098.14,1099.31,1100.38,1101.07,1101.09,1100.93,1100.35,1099.57,1098.63,1097.33,1095.57,1093.09,1090.09,1086.92,1083.80,1080.43,1076.65,1072.35,1067.60,1062.87,1057.52,1051.40,1044.90,1039.42,1038.42,1040.81,1044.68,1047.04,1048.55,1049.46,1049.73,1049.51,1050.49,1054.73,1061.79,1070.27,1078.03,1084.53,1089.58,1092.86,1094.74,1095.76,1096.63,1097.51,1098.34,1099.70,1101.08,1102.70,1104.69,1105.19,1104.90,1103.84,1101.96,1099.49,1096.36,1095.15,1096.77,1101.75,1107.03,1111.95,1115.94,1118.57,1120.11,1120.82,1121.16,1121.24,1120.87,1120.08,1119.21,1118.34,1117.41,1116.26,1114.78,1112.94,1110.77,1108.60,1106.67,1105.11,1104.34,1105.41,1108.60,1118.94,1133.13,1146.41,1151.45,1154.37,1156.38,1157.91,1159.95,1165.35,1177.36,1191.37,1201.05,1207.15,1211.76,1216.16,1220.64,1224.82,1229.01,1233.24,1237.63,1242.34,1247.00,1252.05,1257.62,1263.85,1270.77,1279.23,1287.51,1294.58,1299.60,1302.20,1303.72,1304.72,1305.23,1305.21,1305.72,1306.86,1308.70,1311.19,1314.06,1317.01,1319.87,1322.38,1324.08,1325.23,1325.93,1326.02,1325.45,1324.12,1322.49,1320.63,1318.18,1316.13,1314.16,1311.93,1309.02,1305.26,1301.01,1296.41,1291.60,1287.25,1288.13,1292.14,1297.43,1301.82,1304.29,1304.61,1303.41,1301.03,1298.11,1294.64,1290.93,1287.08,1283.18,1279.71,1276.91,1276.22,1279.92,1285.79,1292.23,1298.57,1304.50,1309.65,1313.86,1317.72,1321.57,1325.57,1329.39,1332.14,1334.20,1335.92,1337.09,1338.19,1338.87,1338.94,1338.59,1337.74,1337.36,1337.86,1339.66,1342.37,1345.39,1348.64,1352.13,1355.81,1359.40,1361.81,1362.54,1361.09,1358.03,1353.54,1348.88,1345.11,1341.53,1336.67,1331.47,1326.54,1322.10,1316.50,1311.09,1306.25,1301.75,1295.96,1290.03,1284.39,1279.02,1273.07,1267.54,1261.69,1254.93,1246.81,1240.41,1235.92,1233.11,1231.80,1230.16,1227.54,1224.90,1223.53,1225.62,1230.01,1235.58,1240.33
1215.98,1216.25,1216.18,1214.87,1212.58,1209.34,1204.99,1199.79,1194.09,1188.75,1185.38,1182.21,1178.46,1174.23,1169.92,1166.51,1163.81,1161.16,1158.08,1154.04,1149.26,1143.88,1138.36,1133.27,1127.84,1121.95,1115.77,1109.13,1101.36,1094.59,1090.26,1088.62,1089.41,1090.88,1092.33,1093.35,1093.68,1093.84,1093.63,1093.17,1092.47,1091.40,1089.82,1087.61,1084.96,1082.16,1079.27,1076.22,1072.72,1068.63,1064.51,1060.27,1055.55,1050.06,1043.47,1037.20,1034.26,1034.85,1038.40,1040.84,1042.54,1043.73,1044.40,1044.54,1046.10,1050.60,1057.35,1064.88,1071.86,1077.41,1081.63,1084.43,1085.93,1086.56,1086.98,1087.37,1087.70,1088.79,1090.35,1092.64,1095.61,1096.41,1096.11,1094.82,1092.57,1089.95,1086.95,1086.05,1088.08,1093.48,1098.97,1104.16,1108.39,1111.08,1112.53,1113.43,1113.90,1114.05,1113.98,1113.26,1112.41,1111.55,1110.62,1109.39,1107.67,1105.65,1103.52,1101.72,1100.77,1100.41,1101.04,1103.99,1110.10,1124.26,1139.64,1149.50,1152.27,1154.02,1155.82,1157.78,1160.47,1169.23,1186.47,1202.96,1207.97,1212.62,1217.01,1221.11,1224.86,1228.33,1231.85,1235.46,1239.29,1243.66,1248.36,1253.46,1258.96,1265.20,1273.05,1281.53,1290.02,1297.46,1301.61,1303.98,1305.68,1307.03,1307.95,1308.82,1310.07,1311.45,1312.92,1315.00,1317.77,1320.80,1323.91,1326.88,1329.05,1330.43,1331.31,1331.66,1331.12,1329.58,1327.72,1325.58,1322.65,1320.18,1317.72,1315.14,1312.30,1308.77,1304.63,1299.91,1294.75,1290.29,1290.63,1294.52,1300.20,1305.14,1308.16,1308.82,1307.87,1305.76,1302.94,1299.47,1295.79,1292.01,1288.02,1284.41,1281.08,1279.03,1280.39,1285.62,1291.83,1298.00,1303.62,1307.98,1311.77,1315.56,1319.57,1323.90,1328.12,1331.52,1334.71,1338.04,1339.99,1341.52,1342.63,1343.26,1343.40,1343.13,1342.83,1342.95,1344.21,1346.84,1349.87,1353.17,1356.89,1360.98,1364.23,1365.69,1365.20,1362.85,1359.28,1354.38,1349.50,1345.83,1342.38,1337.87,1332.83,1327.81,1323.54,1318.45,1312.99,1307.69,1302.97,1297.45,1291.41,1285.59,1280.25,1274.32,1268.60,1262.62,1255.83,1247.65,1241.24,1237.54,1235.33,1233.36,1231.35,1228.68,1225.92,1224.35,1226.69,1229.99,1233.91,1237.23
1210.95,1211.43,1211.48,1210.61,1208.80,1205.95,1202.13,1196.04,1190.39,1185.97,1182.42,1178.74,1174.38,1169.66,1165.23,1162.22,1159.56,1156.82,1153.66,1149.59,1145.16,1140.74,1136.30,1131.59,1126.59,1121.37,1115.98,1110.14,1103.03,1095.47,1087.73,1081.57,1080.94,1082.64,1084.54,1085.87,1086.37,1086.89,1086.74,1086.37,1085.93,1085.19,1083.83,1081.89,1079.59,1077.16,1074.63,1071.91,1068.89,1065.43,1061.50,1057.55,1053.29,1048.30,1041.86,1035.37,1030.36,1028.48,1031.13,1033.97,1036.02,1037.47,1038.46,1039.47,1042.24,1047.33,1053.78,1060.12,1066.03,1069.89,1072.66,1074.88,1075.93,1076.55,1076.63,1076.23,1075.82,1076.82,1078.87,1081.74,1084.92,1086.00,1085.83,1084.52,1082.16,1079.79,1077.54,1076.69,1078.23,1083.45,1089.52,1095.27,1100.08,1103.41,1105.19,1106.49,1107.11,1107.13,1107.06,1106.30,1105.31,1104.30,1103.30,1102.19,1099.81,1097.28,1095.46,1094.83,1096.11,1098.12,1101.00,1106.56,1117.62,1132.69,1145.41,1151.05,1153.14,1154.79,1156.44,1158.26,1161.79,1177.67,1194.48,1207.09,1213.10,1218.34,1222.52,1226.19,1229.57,1232.53,1235.76,1238.84,1241.82,1245.21,1249.87,1255.05,1260.60,1267.05,1275.84,1284.02,1292.26,1299.65,1302.95,1305.62,1307.53,1309.04,1310.64,1312.18,1313.66,1315.08,1316.51,1318.23,1321.45,1324.94,1328.32,1331.46,1333.66,1335.01,1335.86,1336.24,1335.88,1334.60,1332.94,1330.97,1328.36,1325.18,1321.59,1318.11,1315.31,1312.33,1308.82,1304.18,1298.44,1293.74,1292.80,1296.01,1301.97,1307.78,1311.30,1312.40,1311.85,1310.00,1307.14,1303.76,1300.15,1296.40,1292.55,1289.09,1285.73,1282.76,1281.60,1285.51,1291.12,1297.03,1302.46,1306.27,1309.49,1313.18,1317.52,1322.10,1326.25,1330.06,1334.00,1338.16,1340.97,1343.13,1344.95,1346.40,1347.45,1348.58,1349.04,1349.08,1349.62,1351.77,1354.53,1357.70,1361.45,1365.89,1368.33,1368.64,1367.01,1363.67,1359.65,1354.60,1349.68,1346.01,1342.52,1338.14,1333.23,1328.30,1324.28,1319.83,1314.54,1308.97,1303.94,1298.34,1292.21,1286.31,1280.89,1275.05,1269.30,1263.38,1256.70,1248.49,1241.71,1238.09,1236.11,1234.08,1232.23,1230.55,1227.89,1225.04,1226.29,1229.41,1232.09,1233.85
1206.46,1207.26,1207.47,1206.94,1205.45,1202.65,1198.48,1192.59,1187.39,1183.25,1179.23,1174.98,1170.16,1165.19,1160.79,1157.73,1154.91,1151.68,1147.96,1144.14,1140.52,1137.02,1133.37,1129.10,1124.40,1119.73,1115.01,1109.84,1103.35,1095.75,1086.98,1078.49,1074.10,1074.99,1077.15,1078.91,1079.67,1080.12,1080.06,1079.83,1079.44,1078.64,1077.57,1075.98,1074.08,1072.22,1070.23,1067.87,1065.17,1062.06,1058.26,1054.34,1050.24,1045.63,1039.84,1033.64,1027.52,1023.80,1024.86,1027.19,1029.35,1031.09,1032.62,1034.72,1038.63,1044.28,1050.65,1056.32,1061.29,1064.28,1066.11,1067.31,1067.88,1067.94,1067.51,1066.74,1066.16,1066.66,1067.83,1069.60,1071.96,1074.10,1074.78,1074.09,1072.13,1069.55,1067.09,1065.80,1067.16,1073.36,1079.46,1085.39,1090.45,1093.98,1096.37,1098.12,1099.12,1099.47,1099.62,1099.13,1097.93,1096.33,1094.71,1093.47,1091.49,1090.46,1091.17,1092.63,1095.85,1099.96,1105.17,1113.42,1127.61,1140.41,1148.93,1152.14,1153.92,1155.54,1157.16,1160.03,1168.07,1185.83,1200.55,1210.51,1217.18,1222.69,1226.89,1230.46,1233.66,1236.50,1239.28,1241.90,1244.42,1247.25,1251.71,1256.92,1262.56,1269.11,1278.23,1286.20,1294.00,1301.08,1304.58,1307.27,1309.50,1311.54,1313.54,1315.38,1317.01,1318.62,1320.32,1322.32,1325.72,1329.44,1333.05,1336.36,1338.49,1339.82,1340.67,1341.01,1340.56,1339.31,1337.77,1335.95,1333.43,1330.10,1326.09,1321.93,1318.31,1315.26,1312.03,1307.89,1302.63,1297.41,1294.81,1296.80,1302.49,1308.96,1313.25,1315.55,1316.10,1314.68,1311.65,1307.93,1304.15,1300.44,1296.62,1293.17,1289.85,1286.72,1284.48,1285.54,1289.95,1295.75,1301.42,1305.22,1308.37,1312.33,1317.17,1321.95,1326.06,1329.97,1333.97,1338.05,1341.14,1343.49,1345.56,1347.44,1349.03,1350.75,1352.12,1353.21,1354.45,1356.46,1358.80,1361.76,1365.37,1368.40,1369.74,1369.12,1366.78,1363.16,1358.88,1353.79,1348.95,1345.31,1341.81,1337.60,1332.91,1328.17,1324.19,1319.86,1314.76,1309.30,1304.10,1298.40,1292.38,1286.58,1281.16,1275.39,1269.49,1263.40,1256.81,1249.21,1242.63,1238.98,1236.96,1235.06,1233.43,1232.02,1229.93,1227.29,1226.11,1227.04,1228.63,1230.40
1201.94,1203.12,1203.60,1203.38,1202.09,1199.22,1194.60,1189.28,1184.58,1180.42,1175.84,1171.01,1165.85,1160.82,1156.50,1153.08,1149.89,1146.20,1142.10,1138.66,1135.81,1133.00,1129.88,1126.06,1121.73,1117.58,1113.43,1108.83,1102.93,1095.60,1086.59,1076.62,1068.32,1067.76,1069.90,1072.16,1073.33,1073.65,1073.70,1073.58,1073.20,1072.30,1071.50,1070.29,1068.80,1067.47,1065.97,1063.87,1061.35,1058.44,1054.80,1050.88,1046.84,1042.54,1037.51,1031.79,1025.11,1019.92,1019.09,1020.67,1022.78,1024.81,1026.90,1030.12,1035.18,1041.31,1047.58,1052.83,1056.94,1059.29,1060.35,1060.51,1060.53,1059.88,1058.88,1057.84,1057.20,1057.20,1057.34,1057.85,1059.39,1062.41,1063.87,1063.87,1062.44,1059.59,1056.84,1055.22,1056.56,1063.55,1069.60,1075.48,1080.51,1084.10,1087.10,1089.41,1090.90,1091.68,1092.04,1091.71,1090.33,1088.27,1086.19,1085.25,1084.71,1086.03,1089.56,1093.07,1097.99,1103.86,1111.26,1122.32,1137.64,1146.95,1151.34,1153.06,1154.68,1156.30,1158.07,1162.58,1176.06,1193.06,1205.14,1213.29,1220.47,1226.22,1230.57,1234.17,1237.32,1240.16,1242.57,1244.88,1247.23,1249.89,1254.07,1259.18,1264.88,1271.54,1280.50,1288.26,1295.59,1302.21,1306.22,1308.99,1311.61,1314.20,1316.52,1318.63,1320.50,1322.34,1324.37,1326.91,1330.48,1334.32,1338.05,1341.38,1343.42,1344.71,1345.52,1345.75,1345.10,1343.76,1342.24,1340.53,1338.06,1334.85,1330.76,1326.16,1321.65,1318.12,1314.88,1311.27,1306.80,1301.29,1297.17,1297.58,1302.39,1309.46,1314.67,1318.28,1320.02,1319.17,1316.28,1312.30,1308.21,1304.31,1300.49,1296.97,1293.74,1290.72,1288.02,1286.18,1288.96,1294.33,1300.31,1304.38,1307.82,1312.22,1317.52,1322.38,1326.48,1330.33,1334.12,1337.78,1340.87,1343.19,1345.31,1347.38,1349.26,1351.20,1353.29,1355.54,1357.92,1360.12,1362.27,1365.11,1368.49,1369.78,1370.05,1368.67,1365.77,1362.11,1357.54,1352.45,1347.73,1344.08,1340.48,1336.44,1332.06,1327.60,1323.63,1319.27,1314.36,1309.14,1303.83,1298.11,1292.28,1286.60,1281.11,1275.45,1269.45,1263.20,1256.71,1249.97,1243.85,1240.08,1237.86,1236.16,1234.72,1233.32,1231.81,1229.80,1226.54,1225.11,1225.53,1227.35
1196.63,1198.23,1199.37,1199.42,1198.11,1195.13,1190.85,1186.19,1181.64,1177.09,1171.97,1166.53,1161.38,1156.67,1152.42,1148.08,1144.00,1140.35,1137.20,1134.35,1131.50,1128.56,1125.44,1122.02,1118.42,1114.81,1111.06,1106.80,1101.41,1094.56,1085.30,1074.32,1064.49,1061.35,1062.70,1065.53,1067.56,1068.17,1068.28,1068.17,1067.84,1067.13,1066.55,1065.66,1064.55,1063.40,1061.88,1059.64,1056.99,1054.09,1050.82,1047.14,1043.18,1039.03,1034.58,1029.35,1022.88,1016.90,1013.91,1015.01,1016.89,1018.97,1021.58,1025.76,1031.96,1038.30,1044.18,1049.32,1052.71,1054.21,1054.52,1054.05,1053.32,1052.05,1050.54,1049.09,1048.13,1048.11,1048.35,1049.19,1051.22,1053.43,1054.49,1054.59,1053.55,1050.85,1048.66,1047.79,1049.28,1054.84,1061.28,1066.68,1071.08,1074.72,1078.07,1081.20,1083.36,1084.38,1084.58,1083.64,1082.31,1080.77,1079.52,1080.94,1084.38,1088.70,1093.31,1097.62,1103.56,1110.28,1119.30,1133.58,1144.61,1149.96,1152.36,1153.93,1155.50,1157.11,1159.57,1166.37,1184.18,1197.11,1206.57,1214.49,1222.03,1228.38,1233.04,1236.84,1240.16,1242.97,1245.46,1247.96,1250.73,1254.13,1257.99,1262.58,1268.16,1275.07,1282.74,1290.24,1297.22,1303.23,1307.52,1310.99,1314.07,1316.91,1319.58,1322.37,1324.78,1326.89,1329.08,1332.31,1336.30,1340.18,1343.65,1346.51,1348.46,1349.60,1350.18,1350.16,1349.19,1347.56,1345.85,1344.08,1341.80,1338.99,1335.24,1330.86,1326.27,1321.55,1317.63,1314.07,1310.32,1305.71,1301.03,1299.19,1301.59,1309.24,1315.58,1320.00,1322.40,1322.43,1320.99,1317.57,1312.94,1307.94,1304.14,1300.50,1297.41,1294.66,1291.85,1289.00,1289.27,1292.77,1298.76,1303.57,1307.96,1312.95,1318.34,1322.93,1327.02,1330.68,1334.04,1337.13,1339.92,1341.98,1343.89,1345.83,1347.56,1349.33,1351.23,1353.61,1356.90,1360.11,1363.15,1366.38,1369.40,1369.94,1369.69,1367.78,1364.42,1360.70,1355.55,1350.41,1345.85,1341.96,1337.90,1333.98,1330.06,1326.12,1322.34,1318.01,1313.27,1308.26,1302.97,1297.52,1292.00,1286.25,1280.33,1274.88,1269.18,1263.09,1256.86,1251.04,1245.57,1241.53,1238.87,1237.37,1235.92,1234.48,1232.99,1231.28,1229.05,1227.11,1225.90,1225.91
1190.99,1192.86,1194.31,1194.67,1193.63,1190.93,1186.98,1182.64,1178.03,1173.09,1167.58,1162.04,1157.08,1152.43,1147.80,1143.11,1138.95,1135.49,1132.64,1129.84,1126.85,1123.89,1120.95,1117.92,1114.80,1111.78,1108.45,1104.37,1099.32,1092.59,1083.20,1071.67,1060.39,1055.13,1055.86,1059.12,1061.83,1062.93,1063.19,1063.13,1062.81,1062.09,1061.38,1060.42,1059.24,1057.98,1056.41,1054.33,1051.94,1049.37,1046.51,1043.11,1039.37,1035.43,1031.30,1026.48,1020.36,1013.87,1008.94,1008.82,1010.61,1012.98,1016.15,1021.69,1028.90,1035.42,1040.92,1045.56,1048.20,1049.03,1048.71,1047.57,1046.06,1044.02,1041.86,1039.94,1038.85,1038.69,1038.86,1039.67,1041.65,1043.50,1044.24,1044.27,1043.62,1042.00,1040.83,1041.13,1043.23,1047.68,1053.53,1058.42,1062.42,1065.86,1069.17,1072.35,1074.66,1075.87,1076.04,1075.42,1074.76,1074.95,1077.07,1081.08,1086.96,1092.98,1098.32,1103.27,1109.35,1117.78,1128.69,1141.28,1148.58,1151.69,1153.25,1154.80,1156.34,1157.93,1162.96,1173.44,1189.66,1199.43,1207.34,1215.07,1222.72,1229.57,1234.80,1239.03,1242.59,1245.66,1248.73,1251.86,1255.20,1258.95,1262.65,1266.84,1272.03,1278.49,1285.06,1292.27,1298.98,1304.64,1309.18,1313.06,1316.48,1319.68,1322.86,1326.25,1329.36,1332.10,1334.71,1338.20,1342.15,1345.74,1348.73,1351.03,1352.86,1353.87,1354.30,1354.17,1353.20,1351.46,1349.50,1347.46,1345.10,1342.44,1339.13,1335.25,1330.85,1325.72,1320.98,1316.93,1313.46,1309.58,1305.10,1301.97,1302.23,1308.92,1315.80,1320.76,1323.95,1325.46,1325.32,1322.45,1317.67,1311.96,1307.36,1303.66,1300.86,1298.50,1296.02,1293.02,1291.57,1292.72,1296.91,1302.14,1307.23,1312.63,1318.10,1322.64,1326.60,1330.07,1333.10,1335.64,1338.02,1339.73,1341.53,1343.58,1345.20,1346.91,1348.75,1351.10,1354.54,1358.38,1362.21,1365.96,1369.07,1369.62,1368.85,1366.63,1363.23,1359.24,1353.69,1348.63,1344.16,1339.90,1335.33,1331.34,1327.66,1324.06,1320.21,1315.82,1311.20,1306.41,1301.36,1296.32,1290.97,1285.13,1278.96,1273.71,1268.46,1262.92,1257.32,1252.34,1247.61,1243.62,1240.56,1238.61,1237.10,1235.60,1234.06,1232.48,1230.83,1228.84,1226.89,1225.63
1185.19,1187.19,1188.67,1189.32,1188.82,1186.72,1182.96,1178.59,1173.78,1168.52,1162.78,1157.57,1152.84,1148.00,1142.74,1138.24,1134.65,1131.42,1128.26,1125.10,1121.92,1119.08,1116.49,1113.89,1111.03,1108.61,1105.73,1101.68,1096.73,1089.82,1080.41,1068.71,1056.06,1049.09,1049.26,1052.75,1055.89,1057.64,1058.14,1058.14,1057.80,1056.87,1055.83,1054.50,1052.98,1051.45,1049.85,1048.17,1046.37,1044.35,1041.90,1038.82,1035.39,1031.74,1027.74,1023.23,1017.50,1010.79,1004.30,1002.31,1004.01,1006.78,1010.53,1017.74,1025.83,1032.55,1037.71,1041.49,1043.37,1043.63,1042.77,1040.96,1038.69,1035.86,1033.00,1030.59,1029.44,1028.91,1028.72,1029.09,1030.49,1032.59,1033.34,1033.37,1033.20,1033.32,1033.44,1034.99,1037.90,1041.63,1046.11,1050.57,1054.45,1057.52,1060.52,1063.05,1065.07,1066.41,1066.78,1067.32,1068.05,1071.01,1078.27,1084.74,1091.55,1098.09,1103.93,1109.39,1115.16,1125.82,1138.46,1145.59,1150.11,1152.52,1154.11,1155.67,1157.22,1159.25,1168.23,1182.85,1192.80,1200.48,1207.79,1215.26,1222.82,1230.01,1235.99,1240.85,1244.76,1248.39,1252.41,1256.49,1260.46,1264.20,1267.88,1271.84,1276.40,1281.79,1287.48,1294.36,1300.88,1306.42,1311.16,1315.13,1318.83,1322.51,1326.33,1330.23,1334.09,1337.65,1340.86,1344.22,1347.80,1350.87,1353.26,1355.05,1356.70,1357.63,1357.98,1357.86,1357.15,1355.47,1353.29,1350.84,1348.14,1345.33,1342.43,1339.21,1335.19,1330.35,1324.81,1319.94,1316.36,1312.95,1309.22,1305.71,1304.25,1308.58,1315.42,1320.80,1324.91,1328.20,1329.14,1326.80,1322.27,1316.29,1310.28,1306.61,1304.17,1302.27,1300.44,1297.93,1295.59,1294.30,1295.29,1300.23,1305.55,1311.10,1316.63,1321.35,1325.10,1328.39,1331.17,1333.24,1335.21,1336.55,1338.32,1340.63,1342.30,1344.13,1346.11,1348.38,1351.34,1355.33,1359.69,1364.01,1367.58,1368.70,1367.55,1365.29,1362.22,1357.95,1352.22,1347.29,1342.88,1338.19,1333.12,1328.86,1325.17,1321.66,1317.55,1313.05,1308.48,1303.88,1299.16,1294.54,1289.24,1283.35,1277.30,1272.35,1267.72,1263.04,1258.36,1254.08,1250.06,1246.38,1242.97,1240.04,1238.32,1236.74,1235.13,1233.52,1231.89,1230.07,1228.13,1226.28
1179.97,1182.18,1183.80,1184.65,1184.47,1182.68,1178.55,1173.89,1169.06,1163.95,1158.27,1153.07,1147.81,1142.64,1137.92,1133.77,1130.17,1126.74,1123.36,1120.21,1117.28,1114.61,1112.26,1110.26,1107.99,1105.90,1103.16,1099.10,1093.88,1086.74,1077.16,1065.44,1052.85,1043.72,1042.18,1044.92,1048.29,1050.62,1051.39,1051.37,1050.90,1050.13,1049.23,1048.10,1046.84,1045.55,1044.13,1042.66,1041.10,1039.31,1037.03,1034.13,1031.04,1027.78,1023.96,1019.49,1013.99,1007.67,1001.24,997.32,997.92,1000.30,1004.33,1012.67,1021.75,1028.80,1033.60,1036.51,1037.78,1037.35,1035.83,1033.53,1030.89,1028.12,1025.23,1022.48,1020.39,1018.62,1017.65,1017.43,1018.28,1021.54,1024.01,1025.60,1026.62,1027.68,1028.22,1029.45,1031.53,1034.24,1038.00,1042.60,1046.82,1049.92,1053.00,1055.12,1056.77,1058.16,1059.35,1061.02,1064.54,1070.87,1080.45,1088.05,1095.42,1102.27,1108.21,1113.52,1121.41,1132.15,1142.87,1148.32,1151.31,1153.23,1154.86,1156.48,1158.20,1164.59,1175.95,1188.95,1195.37,1201.58,1208.53,1215.86,1223.01,1230.39,1236.90,1242.46,1247.19,1251.88,1256.68,1261.26,1265.57,1269.58,1273.54,1277.29,1281.14,1285.47,1290.32,1296.65,1302.95,1308.44,1312.87,1316.95,1321.12,1325.40,1329.77,1334.19,1338.23,1341.81,1345.04,1348.40,1351.95,1355.01,1357.41,1359.17,1360.71,1361.60,1361.94,1361.72,1360.91,1359.41,1357.36,1354.77,1351.59,1348.25,1345.13,1342.03,1338.43,1333.75,1328.39,1323.47,1319.66,1316.58,1313.19,1309.62,1307.05,1308.44,1314.92,1321.04,1326.01,1329.84,1331.52,1329.99,1326.07,1320.29,1313.94,1310.16,1307.78,1306.07,1304.60,1302.72,1300.46,1298.41,1297.38,1298.65,1302.48,1307.49,1312.84,1317.64,1321.57,1324.68,1327.18,1329.20,1331.31,1332.72,1334.19,1336.11,1338.44,1341.19,1343.59,1345.83,1348.53,1351.74,1355.94,1360.46,1364.30,1365.76,1365.45,1363.97,1361.61,1358.38,1352.58,1347.55,1343.20,1338.60,1333.17,1328.36,1324.10,1320.14,1316.06,1311.78,1307.13,1302.22,1297.23,1292.30,1286.91,1281.60,1276.96,1273.31,1269.74,1266.00,1262.01,1257.80,1254.07,1250.30,1246.52,1242.96,1239.96,1238.04,1236.46,1234.90,1233.32,1231.15,1229.04,1227.15
1175.10,1177.48,1179.24,1180.17,1180.08,1178.34,1174.00,1169.25,1164.41,1159.34,1153.65,1148.28,1142.76,1137.59,1133.38,1129.51,1125.77,1122.04,1118.44,1115.38,1112.85,1110.53,1108.47,1106.87,1105.06,1103.11,1100.41,1096.36,1090.81,1083.48,1073.77,1062.19,1050.44,1040.01,1036.13,1037.09,1040.37,1042.93,1043.98,1044.13,1043.70,1043.15,1042.53,1041.74,1040.83,1039.88,1038.67,1037.34,1035.89,1034.23,1032.07,1029.42,1026.62,1023.59,1019.84,1015.40,1010.20,1004.44,998.43,993.19,992.63,994.66,999.09,1007.64,1017.26,1024.51,1029.03,1031.16,1031.94,1031.05,1029.07,1026.33,1023.16,1020.17,1017.11,1013.97,1011.03,1008.31,1006.68,1006.02,1006.63,1010.31,1014.08,1017.68,1020.98,1023.35,1024.51,1025.72,1027.23,1029.01,1031.84,1035.89,1039.99,1043.30,1046.10,1048.23,1050.11,1051.98,1054.16,1057.39,1063.48,1072.20,1082.64,1090.87,1098.57,1105.63,1111.67,1116.84,1126.68,1137.14,1145.76,1150.24,1152.31,1153.93,1155.58,1157.35,1159.71,1170.95,1183.55,1193.13,1197.47,1202.93,1209.69,1216.86,1223.62,1230.94,1237.84,1244.03,1249.62,1255.49,1260.79,1265.69,1270.34,1274.76,1278.96,1282.52,1285.81,1289.27,1293.38,1299.13,1305.10,1310.46,1314.64,1318.87,1323.45,1328.22,1332.91,1337.58,1341.61,1345.18,1348.54,1352.10,1355.67,1358.74,1361.24,1363.12,1364.63,1365.52,1365.84,1365.51,1364.48,1363.02,1361.05,1358.44,1355.02,1351.18,1347.65,1344.45,1341.18,1336.89,1331.95,1327.19,1323.26,1320.42,1317.15,1313.49,1310.09,1309.01,1314.77,1321.30,1326.89,1331.06,1333.51,1332.79,1329.67,1324.58,1318.43,1314.66,1312.25,1310.52,1309.12,1307.57,1305.42,1303.08,1300.85,1299.07,1300.82,1304.43,1308.79,1313.04,1316.79,1319.63,1321.90,1324.00,1326.28,1327.95,1329.57,1331.55,1334.23,1337.66,1340.70,1343.32,1345.93,1348.50,1352.24,1356.63,1360.76,1362.81,1363.57,1363.01,1361.45,1359.20,1353.74,1348.65,1344.23,1339.77,1334.35,1329.18,1324.37,1319.91,1315.80,1311.72,1307.05,1301.91,1296.63,1291.38,1286.12,1281.54,1278.19,1275.56,1272.79,1269.73,1266.27,1262.12,1258.46,1254.57,1250.53,1246.55,1242.51,1239.93,1238.03,1236.36,1234.69,1232.16,1229.82,1227.96
1170.69,1173.13,1174.97,1175.79,1175.38,1173.30,1169.37,1165.06,1160.18,1154.66,1148.68,1142.94,1138.02,1133.57,1129.30,1125.49,1121.60,1117.59,1113.72,1110.69,1108.75,1107.10,1105.47,1103.83,1102.01,1099.92,1097.21,1093.29,1087.40,1079.99,1070.22,1059.08,1049.22,1039.44,1032.43,1029.84,1032.51,1034.58,1035.99,1036.68,1036.68,1036.36,1036.12,1035.68,1035.06,1034.38,1033.38,1032.14,1030.73,1029.09,1027.07,1024.83,1022.19,1019.01,1015.14,1010.80,1006.11,1001.00,995.43,990.16,988.78,990.87,996.07,1003.21,1012.36,1019.53,1023.87,1025.42,1025.91,1025.11,1023.17,1019.99,1015.78,1011.64,1007.75,1004.13,1000.88,998.18,996.29,995.57,996.63,998.77,1002.27,1008.12,1015.62,1020.40,1023.03,1025.44,1027.66,1028.86,1030.01,1031.79,1034.68,1038.38,1039.98,1042.90,1046.27,1049.55,1052.80,1058.51,1066.07,1074.90,1084.42,1092.84,1100.55,1107.68,1113.99,1119.39,1129.76,1140.11,1147.85,1151.17,1153.06,1154.68,1156.31,1158.32,1162.28,1177.69,1189.84,1194.78,1198.80,1204.74,1211.57,1218.48,1225.01,1231.88,1238.97,1245.63,1251.91,1259.06,1264.33,1269.32,1274.48,1279.46,1283.71,1287.16,1290.18,1293.15,1296.74,1301.91,1307.36,1312.37,1316.63,1321.08,1325.93,1330.87,1335.42,1339.79,1343.69,1347.52,1351.53,1355.59,1359.12,1362.06,1364.54,1366.64,1368.32,1369.22,1369.49,1369.08,1367.74,1365.93,1363.82,1361.33,1358.21,1354.09,1350.11,1346.55,1343.37,1340.01,1335.62,1331.10,1327.28,1324.60,1321.14,1317.22,1313.33,1310.95,1315.41,1321.52,1327.26,1331.87,1335.31,1335.29,1333.23,1329.57,1324.32,1320.87,1318.37,1316.31,1314.49,1312.59,1310.21,1307.77,1305.54,1303.48,1302.70,1303.38,1305.23,1307.65,1310.33,1312.68,1314.85,1317.07,1319.38,1321.55,1324.34,1327.55,1329.74,1333.01,1336.98,1340.82,1343.60,1346.24,1349.15,1352.91,1357.44,1360.74,1362.46,1362.83,1362.05,1360.10,1355.76,1350.80,1346.02,1341.63,1336.84,1331.82,1326.79,1321.94,1317.60,1313.51,1309.00,1304.00,1298.64,1293.43,1288.78,1284.94,1282.07,1279.48,1276.75,1273.85,1270.64,1266.78,1262.97,1259.02,1254.98,1250.90,1246.77,1242.95,1239.95,1237.86,1235.82,1233.05,1230.49,1228.53
1166.34,1168.74,1170.63,1171.38,1170.86,1168.81,1165.34,1160.93,1155.72,1149.90,1143.90,1138.61,1134.08,1129.77,1125.38,1121.31,1117.13,1113.26,1109.95,1107.32,1105.58,1104.06,1102.45,1100.56,1098.52,1096.21,1093.40,1089.61,1084.14,1076.90,1068.08,1058.46,1049.59,1040.61,1031.66,1025.51,1024.96,1026.19,1027.71,1028.77,1029.17,1029.20,1029.25,1029.06,1028.66,1028.16,1027.43,1026.31,1024.98,1023.48,1021.57,1019.40,1016.73,1013.54,1009.94,1005.85,1001.64,997.17,992.06,986.22,984.90,987.75,993.78,1000.20,1007.95,1014.09,1017.86,1019.11,1019.45,1018.24,1015.86,1012.43,1008.25,1003.90,999.77,995.98,992.60,989.73,987.21,985.81,986.41,987.04,989.41,995.17,1004.90,1016.29,1022.73,1026.93,1030.07,1032.22,1034.16,1035.86,1038.04,1040.84,1042.27,1044.84,1047.86,1051.11,1055.08,1061.19,1068.74,1077.07,1085.70,1094.17,1102.22,1109.67,1116.34,1122.58,1132.67,1142.50,1149.65,1152.06,1153.81,1155.43,1157.05,1159.99,1168.95,1183.13,1192.89,1196.81,1201.27,1207.42,1214.06,1220.63,1226.93,1233.60,1240.47,1247.38,1254.38,1261.65,1267.13,1272.55,1278.13,1283.01,1287.26,1290.63,1293.52,1296.42,1300.09,1305.07,1310.18,1314.87,1319.14,1323.81,1328.62,1333.36,1337.82,1341.70,1345.36,1349.34,1353.84,1358.34,1361.80,1364.74,1367.29,1369.26,1370.80,1371.72,1372.08,1371.73,1370.34,1368.45,1366.23,1363.70,1360.87,1357.15,1353.16,1349.31,1345.91,1342.84,1339.38,1335.74,1332.21,1329.07,1325.28,1320.76,1316.08,1313.10,1316.50,1322.03,1327.72,1332.75,1336.96,1337.99,1337.33,1335.39,1331.80,1328.36,1325.50,1323.04,1320.63,1318.23,1315.65,1313.11,1310.65,1307.93,1305.97,1305.15,1305.74,1308.24,1311.34,1314.28,1316.90,1319.13,1320.94,1322.60,1324.47,1326.39,1327.62,1329.99,1333.57,1337.70,1341.37,1344.26,1347.11,1350.71,1355.30,1359.58,1362.25,1363.76,1364.11,1362.47,1358.20,1353.11,1348.15,1343.78,1339.47,1334.68,1329.68,1324.70,1320.06,1315.79,1311.49,1306.95,1302.05,1297.47,1293.39,1289.85,1286.89,1284.04,1280.96,1277.73,1274.34,1270.58,1266.68,1262.81,1258.86,1254.60,1249.90,1245.74,1242.21,1239.30,1236.76,1233.90,1231.19,1229.05
1161.76,1164.20,1166.18,1166.91,1166.40,1164.54,1161.41,1156.71,1151.14,1145.19,1139.38,1134.74,1130.41,1126.01,1121.41,1116.97,1112.70,1109.22,1106.67,1104.49,1102.61,1100.88,1099.09,1096.99,1094.80,1092.32,1089.40,1085.75,1080.86,1074.01,1066.54,1058.84,1050.68,1042.47,1032.34,1023.22,1018.87,1018.56,1019.43,1020.39,1021.13,1021.63,1021.97,1022.05,1021.91,1021.58,1021.13,1020.16,1018.96,1017.63,1015.81,1013.63,1010.96,1007.88,1004.61,1000.83,997.00,992.90,987.97,981.69,981.22,985.22,991.93,997.84,1003.82,1008.55,1011.59,1012.61,1012.78,1011.06,1008.12,1004.45,1000.60,996.45,992.39,988.58,985.07,981.86,978.63,976.33,975.93,975.18,976.27,981.55,993.24,1011.94,1022.79,1029.18,1033.57,1037.31,1040.81,1043.21,1045.07,1046.81,1048.38,1050.20,1052.23,1054.84,1059.06,1064.61,1071.41,1078.91,1086.74,1095.18,1103.68,1111.47,1118.39,1125.60,1135.31,1144.54,1151.13,1152.89,1154.55,1156.18,1157.99,1162.30,1176.49,1187.66,1194.69,1199.01,1204.17,1210.37,1216.73,1222.98,1229.16,1235.77,1242.31,1249.37,1256.99,1263.88,1269.64,1275.50,1281.30,1285.89,1290.13,1293.47,1296.39,1299.48,1303.42,1308.35,1313.23,1317.70,1322.04,1326.85,1331.44,1335.82,1340.06,1343.48,1346.94,1351.06,1355.95,1360.70,1364.13,1367.09,1369.68,1371.42,1372.74,1373.69,1374.22,1374.04,1372.77,1370.95,1368.61,1365.92,1363.29,1360.16,1356.38,1352.35,1348.73,1345.78,1343.25,1340.56,1337.35,1333.70,1329.50,1324.26,1318.72,1315.39,1317.82,1322.76,1328.40,1333.86,1338.66,1340.84,1341.58,1341.24,1339.34,1335.99,1332.84,1329.98,1326.96,1324.04,1321.27,1318.63,1315.91,1312.59,1310.01,1308.26,1308.06,1311.13,1315.09,1318.92,1322.20,1324.57,1326.01,1327.07,1327.63,1327.75,1328.04,1329.17,1331.61,1335.13,1339.26,1342.47,1345.64,1349.37,1353.98,1358.99,1362.53,1365.21,1366.71,1365.39,1360.80,1355.49,1350.45,1346.02,1342.06,1337.60,1332.78,1327.77,1322.90,1318.45,1314.37,1310.38,1306.15,1302.33,1298.74,1295.33,1292.09,1288.84,1285.26,1281.51,1277.70,1273.90,1269.93,1266.11,1262.25,1257.88,1252.62,1248.29,1244.30,1240.50,1237.49,1234.62,1231.84,1229.53
1156.12,1159.11,1161.44,1162.26,1161.88,1160.25,1157.00,1152.03,1146.43,1140.81,1135.69,1131.14,1126.68,1122.02,1117.03,1112.28,1108.88,1106.19,1103.88,1101.72,1099.05,1096.54,1094.38,1092.55,1090.81,1088.49,1085.64,1082.11,1077.31,1071.29,1065.26,1059.24,1052.20,1044.35,1034.28,1024.62,1018.32,1014.08,1011.62,1010.91,1011.76,1012.96,1013.82,1014.37,1014.66,1014.71,1014.41,1013.66,1012.68,1011.48,1009.73,1007.73,1005.47,1002.81,999.53,996.10,992.25,987.49,981.52,976.24,978.42,984.13,990.73,995.89,1000.07,1003.42,1005.67,1006.17,1005.99,1004.06,1000.85,996.76,992.72,988.91,985.20,981.50,977.63,973.68,970.01,966.92,964.71,963.06,963.67,970.60,986.29,1008.40,1022.49,1031.76,1038.53,1043.90,1048.17,1051.03,1053.32,1055.43,1056.76,1058.08,1059.42,1061.13,1064.23,1068.59,1073.99,1080.30,1087.65,1095.93,1104.82,1112.66,1119.20,1126.92,1137.16,1145.97,1151.73,1153.53,1155.27,1156.93,1159.66,1166.16,1181.13,1190.47,1196.45,1201.32,1207.08,1213.09,1219.19,1225.38,1231.79,1238.54,1245.00,1252.13,1259.89,1266.07,1272.09,1277.91,1283.31,1287.80,1292.02,1295.57,1298.93,1302.61,1306.70,1311.48,1316.27,1320.91,1325.70,1330.28,1334.55,1338.44,1341.89,1345.17,1348.78,1353.18,1358.30,1362.66,1366.20,1369.09,1371.41,1373.13,1374.40,1375.49,1376.27,1376.38,1375.51,1373.99,1371.49,1368.28,1365.62,1362.72,1359.30,1355.60,1352.10,1349.64,1347.41,1344.89,1341.89,1338.50,1333.93,1327.98,1321.70,1317.89,1319.44,1324.00,1329.84,1335.89,1340.86,1343.94,1345.61,1345.90,1344.59,1342.18,1339.39,1336.34,1332.90,1329.50,1326.59,1323.89,1321.11,1318.06,1314.93,1312.35,1311.37,1313.99,1318.13,1322.42,1326.36,1329.60,1331.97,1333.71,1334.68,1334.93,1335.07,1334.91,1335.08,1335.80,1337.54,1340.99,1344.84,1349.13,1354.08,1359.24,1363.49,1367.01,1369.22,1368.18,1363.35,1357.95,1352.83,1348.17,1344.21,1340.38,1335.98,1330.97,1326.21,1321.90,1318.00,1314.35,1310.86,1307.32,1303.99,1300.71,1297.30,1293.61,1289.59,1285.21,1280.72,1276.63,1272.56,1268.59,1264.66,1260.51,1255.42,1250.20,1245.18,1240.74,1237.66,1234.87,1232.22,1229.95
1150.56,1153.68,1156.18,1157.22,1157.06,1155.61,1152.49,1147.75,1142.42,1137.11,1132.29,1127.69,1122.93,1117.86,1112.58,1107.98,1105.16,1102.71,1100.08,1097.47,1094.30,1091.70,1089.74,1088.14,1086.70,1084.56,1081.83,1078.44,1073.91,1068.94,1064.13,1059.21,1053.17,1045.95,1036.34,1026.64,1019.25,1012.90,1007.87,1004.60,1003.50,1004.43,1005.53,1006.44,1007.10,1007.49,1007.50,1007.11,1006.40,1005.32,1003.77,1001.95,999.90,997.46,994.25,990.78,986.46,981.09,975.08,971.57,976.22,983.15,989.23,993.53,996.49,998.63,999.82,999.43,998.62,996.45,993.17,989.14,985.31,981.83,978.34,974.68,970.80,966.61,962.40,958.57,955.70,953.86,954.56,963.65,983.38,1007.26,1022.85,1034.14,1043.02,1049.42,1054.30,1057.70,1060.47,1062.96,1064.75,1066.20,1067.51,1068.97,1071.18,1073.93,1077.66,1082.62,1089.21,1096.77,1105.67,1113.40,1119.66,1128.08,1138.65,1146.98,1152.00,1153.92,1155.79,1157.57,1161.87,1171.24,1184.42,1192.27,1197.98,1203.48,1209.49,1215.24,1221.22,1227.50,1234.11,1240.99,1247.77,1254.93,1262.25,1268.02,1274.22,1279.89,1284.85,1289.30,1293.56,1297.43,1301.26,1305.38,1309.67,1314.48,1319.46,1324.44,1329.27,1333.63,1337.52,1340.95,1343.90,1346.96,1350.83,1355.43,1360.39,1364.47,1368.02,1370.80,1372.93,1374.75,1376.16,1377.35,1378.21,1378.49,1378.02,1376.96,1374.57,1371.08,1368.07,1365.17,1362.09,1358.96,1356.15,1354.26,1351.99,1349.13,1345.74,1342.36,1337.75,1331.47,1324.63,1320.30,1321.47,1325.86,1331.78,1338.15,1343.19,1347.03,1349.54,1350.45,1349.59,1347.77,1345.06,1341.75,1338.10,1334.31,1331.30,1328.61,1325.89,1323.07,1319.87,1316.93,1315.14,1316.20,1320.05,1324.42,1328.66,1332.57,1336.00,1338.85,1340.76,1341.58,1341.69,1340.87,1339.65,1338.53,1338.34,1340.74,1344.62,1349.28,1354.47,1359.68,1364.19,1368.08,1370.73,1370.20,1365.48,1360.17,1355.07,1350.22,1346.07,1342.60,1338.78,1334.31,1329.71,1325.56,1321.85,1318.53,1315.54,1312.21,1308.97,1305.64,1301.98,1297.83,1293.33,1288.46,1283.50,1279.06,1274.74,1270.58,1266.54,1262.45,1257.54,1251.83,1246.08,1241.06,1237.83,1235.10,1232.55,1230.30
1145.22,1148.06,1150.51,1151.88,1152.03,1150.73,1148.01,1143.93,1139.12,1134.04,1129.14,1124.39,1119.17,1113.61,1108.17,1104.09,1101.44,1098.65,1095.23,1091.82,1088.47,1086.42,1085.21,1083.79,1082.45,1080.48,1077.93,1074.73,1070.72,1066.94,1063.05,1058.73,1053.51,1047.19,1038.34,1028.91,1021.12,1014.68,1008.17,1001.85,997.02,996.48,997.27,998.27,999.17,999.91,1000.37,1000.45,1000.06,999.10,997.90,996.24,994.18,991.71,988.61,984.74,979.64,973.91,968.97,968.01,974.64,982.15,987.38,990.76,993.00,994.09,993.97,992.44,990.77,988.30,985.16,981.64,978.40,975.20,971.77,968.12,964.53,960.59,955.80,951.41,949.03,947.75,949.10,960.62,984.04,1008.26,1023.81,1036.20,1046.67,1053.52,1058.93,1063.01,1066.32,1069.18,1072.07,1074.26,1076.18,1078.02,1079.67,1080.69,1082.69,1086.22,1091.65,1097.94,1106.34,1113.79,1119.95,1129.26,1139.81,1147.57,1152.03,1154.09,1156.10,1158.10,1164.39,1177.03,1186.48,1193.17,1199.25,1205.41,1211.36,1216.86,1222.85,1229.33,1236.07,1243.06,1250.52,1257.68,1264.05,1269.72,1276.04,1281.47,1286.01,1290.45,1294.80,1299.10,1303.42,1307.83,1312.34,1317.31,1322.68,1328.06,1332.54,1336.72,1340.22,1343.23,1346.03,1348.83,1353.03,1357.69,1362.15,1366.11,1369.56,1372.21,1374.27,1376.30,1378.00,1379.22,1380.01,1380.32,1380.22,1379.69,1377.74,1374.30,1370.75,1367.66,1364.87,1362.48,1360.80,1359.46,1356.90,1353.26,1349.00,1345.26,1340.86,1334.58,1327.38,1322.65,1323.94,1328.36,1334.19,1340.49,1345.59,1350.13,1353.42,1354.94,1354.50,1352.88,1349.99,1346.38,1342.62,1338.55,1335.46,1332.84,1330.25,1327.58,1324.81,1322.01,1319.45,1318.11,1321.07,1325.05,1329.17,1333.48,1337.94,1342.22,1345.41,1347.07,1347.28,1346.38,1344.77,1342.92,1341.58,1341.84,1345.06,1349.79,1355.04,1360.22,1364.58,1368.38,1371.22,1371.38,1367.13,1362.10,1357.12,1352.16,1347.66,1344.27,1341.15,1337.70,1333.37,1329.33,1325.82,1322.77,1320.02,1316.90,1313.59,1310.04,1306.08,1301.50,1296.50,1291.26,1286.04,1281.24,1276.58,1272.17,1267.96,1263.75,1258.92,1253.13,1247.05,1241.51,1238.01,1235.33,1232.85,1230.54
1140.43,1143.08,1145.47,1147.05,1147.57,1146.67,1144.17,1140.42,1135.93,1131.07,1126.26,1121.14,1115.48,1109.70,1104.40,1100.22,1097.14,1093.96,1090.27,1086.45,1082.88,1080.79,1079.80,1079.01,1077.85,1076.06,1073.81,1071.13,1067.98,1064.85,1061.48,1057.73,1053.29,1047.51,1039.49,1030.80,1023.14,1016.64,1010.31,1003.40,996.44,991.95,989.57,989.24,990.23,991.66,992.64,993.04,992.94,992.38,991.44,989.88,987.80,985.15,981.63,977.42,972.33,967.24,964.13,967.04,974.25,981.01,985.39,988.03,988.87,988.82,987.99,985.89,983.52,980.79,977.90,974.93,971.85,968.74,965.40,961.83,958.10,954.02,949.53,945.71,943.97,944.00,946.90,960.43,985.48,1008.21,1024.13,1037.03,1047.74,1055.03,1061.15,1066.13,1070.69,1075.09,1078.72,1081.76,1084.40,1086.52,1087.71,1089.13,1090.79,1093.08,1096.65,1101.18,1107.86,1114.34,1120.66,1130.83,1140.57,1147.63,1151.95,1154.13,1156.27,1158.61,1165.88,1179.62,1186.91,1193.35,1199.97,1206.66,1212.75,1218.32,1224.42,1230.97,1237.73,1244.91,1253.01,1260.21,1265.82,1271.52,1277.63,1282.76,1286.99,1291.28,1295.74,1300.56,1305.50,1310.32,1314.83,1319.61,1324.69,1329.81,1334.25,1338.34,1341.64,1344.45,1347.25,1350.37,1354.58,1359.06,1363.28,1367.18,1370.48,1373.17,1375.48,1377.71,1379.39,1380.56,1381.33,1381.68,1381.64,1381.31,1380.07,1377.72,1374.60,1371.20,1368.61,1366.81,1365.51,1364.10,1361.19,1357.11,1352.32,1347.78,1342.88,1336.35,1329.32,1325.47,1327.05,1331.56,1337.10,1342.61,1347.75,1353.60,1357.60,1358.90,1358.80,1357.74,1355.41,1351.89,1347.32,1343.09,1339.73,1336.97,1334.60,1332.45,1330.38,1328.12,1325.58,1323.14,1323.20,1325.42,1328.93,1333.29,1338.43,1344.26,1348.79,1351.22,1352.12,1351.22,1349.22,1346.89,1345.18,1344.65,1347.05,1351.07,1355.78,1360.64,1364.71,1368.30,1371.10,1371.59,1367.97,1363.47,1358.87,1354.07,1349.29,1345.97,1343.21,1340.41,1337.09,1333.24,1329.54,1326.26,1323.47,1320.43,1317.13,1313.52,1309.45,1304.85,1299.56,1293.80,1288.04,1283.18,1278.51,1273.80,1269.15,1264.63,1259.50,1253.66,1247.49,1241.74,1238.15,1235.48,1233.01,1230.59
1135.84,1138.36,1140.70,1142.42,1143.24,1142.75,1140.53,1137.10,1132.86,1128.21,1123.55,1118.00,1111.85,1105.90,1100.87,1096.57,1092.98,1089.39,1085.49,1081.32,1077.42,1074.96,1073.86,1073.62,1072.90,1071.52,1069.71,1067.58,1065.21,1062.56,1059.66,1056.47,1052.68,1047.12,1039.80,1031.94,1024.69,1018.27,1012.20,1005.45,997.75,990.02,984.40,981.67,981.35,982.75,984.03,984.84,985.15,984.92,984.19,982.82,980.80,978.02,974.15,969.75,965.10,961.33,960.80,967.02,974.16,979.81,983.29,985.23,984.88,983.67,981.90,979.15,976.24,973.43,970.81,968.27,965.27,962.18,958.90,955.37,951.52,947.47,943.69,940.89,940.10,941.49,946.06,961.22,986.87,1007.12,1023.19,1036.36,1047.13,1055.20,1062.03,1068.05,1073.93,1079.70,1084.01,1087.92,1091.41,1094.10,1095.40,1097.50,1099.17,1100.66,1102.77,1105.65,1110.34,1115.83,1122.53,1132.86,1141.68,1147.97,1152.00,1154.26,1156.50,1159.50,1167.42,1181.08,1186.99,1193.38,1200.45,1207.56,1213.87,1219.63,1225.87,1232.47,1239.17,1246.56,1255.10,1262.31,1267.48,1273.35,1279.20,1284.05,1288.10,1292.22,1296.72,1302.01,1307.45,1312.42,1316.81,1321.29,1325.95,1330.67,1335.05,1339.09,1342.31,1345.06,1347.91,1351.36,1355.51,1359.82,1363.93,1367.76,1370.97,1373.76,1376.32,1378.74,1380.35,1381.47,1382.31,1382.82,1382.92,1382.66,1381.95,1380.60,1378.23,1375.06,1372.70,1371.12,1369.74,1368.10,1364.84,1360.39,1355.17,1349.93,1344.52,1338.06,1331.67,1328.82,1330.84,1335.26,1340.25,1345.07,1350.83,1357.15,1361.17,1362.24,1362.45,1361.88,1360.18,1357.10,1352.37,1347.85,1344.08,1341.13,1339.06,1337.40,1335.93,1334.17,1331.88,1328.92,1326.34,1326.47,1328.95,1333.37,1339.04,1345.89,1351.37,1354.59,1356.43,1355.84,1353.71,1351.08,1349.08,1348.19,1350.03,1353.33,1357.23,1361.36,1364.99,1368.26,1370.83,1371.29,1368.44,1364.56,1360.47,1356.21,1351.25,1347.88,1345.26,1342.89,1340.44,1336.99,1333.23,1329.63,1326.55,1323.42,1320.00,1316.28,1312.22,1307.81,1302.36,1296.20,1289.99,1284.98,1280.33,1275.31,1270.19,1265.24,1259.80,1253.91,1247.74,1241.92,1238.27,1235.59,1233.12,1230.60
1131.42,1133.94,1136.28,1138.00,1138.93,1138.72,1137.01,1134.03,1130.05,1125.54,1121.08,1115.08,1108.33,1102.15,1097.54,1093.42,1089.51,1085.47,1081.18,1076.61,1072.09,1068.88,1067.18,1067.04,1067.37,1066.89,1065.75,1064.11,1062.10,1059.86,1057.49,1054.89,1051.45,1045.55,1038.58,1031.54,1025.04,1018.94,1012.47,1006.34,1000.26,992.39,984.88,978.03,973.17,972.59,973.66,975.20,976.16,976.02,975.41,974.43,972.66,969.95,966.24,961.98,958.28,956.97,960.36,967.85,974.14,978.52,981.01,982.24,981.56,979.18,975.68,971.74,968.59,966.03,963.70,961.31,958.45,955.36,951.98,948.36,944.65,941.27,938.68,937.39,938.14,940.66,946.63,962.76,987.74,1004.18,1019.60,1032.78,1043.93,1053.62,1061.03,1068.28,1075.28,1081.42,1086.42,1091.24,1095.81,1099.79,1102.53,1104.82,1106.54,1108.17,1110.17,1111.86,1114.61,1119.45,1126.87,1135.78,1143.84,1149.24,1152.39,1154.68,1156.93,1161.26,1169.66,1181.63,1187.06,1193.41,1200.63,1207.99,1214.59,1220.59,1227.04,1233.70,1240.23,1247.85,1256.36,1263.56,1268.92,1275.17,1280.80,1285.53,1289.63,1293.64,1297.97,1303.55,1309.12,1313.60,1317.68,1321.84,1326.10,1330.38,1334.54,1338.57,1341.90,1344.79,1347.76,1351.18,1355.33,1359.63,1363.74,1367.53,1370.80,1373.69,1376.37,1378.96,1380.50,1381.69,1382.78,1383.73,1384.30,1384.01,1383.20,1382.05,1380.66,1379.10,1377.15,1374.97,1372.81,1370.89,1367.30,1362.47,1356.90,1351.46,1345.90,1340.32,1335.41,1333.16,1335.88,1339.74,1343.73,1348.47,1356.22,1360.69,1363.13,1364.41,1364.89,1364.46,1363.13,1361.10,1358.13,1352.96,1348.50,1345.44,1343.80,1342.40,1341.10,1339.58,1337.60,1334.76,1331.29,1329.25,1330.03,1334.71,1340.69,1347.22,1352.79,1356.87,1359.88,1360.30,1358.65,1355.96,1353.45,1352.49,1354.50,1357.49,1360.21,1362.86,1365.74,1368.51,1370.51,1370.36,1368.46,1365.26,1361.91,1358.91,1353.96,1350.26,1347.49,1345.20,1342.86,1340.28,1336.94,1333.11,1329.33,1325.73,1321.84,1317.88,1313.99,1310.06,1304.65,1298.44,1292.11,1286.62,1281.79,1276.56,1271.01,1265.43,1259.82,1253.95,1247.84,1242.09,1238.36,1235.65,1233.17,1230.66
1126.62,1129.35,1131.92,1133.73,1134.79,1134.88,1133.56,1131.06,1127.70,1123.69,1119.02,1112.76,1105.70,1099.33,1094.78,1090.58,1086.31,1081.88,1077.23,1072.30,1067.33,1063.48,1061.29,1061.30,1062.03,1062.12,1061.63,1060.63,1059.13,1057.33,1055.28,1052.77,1049.13,1042.96,1036.37,1030.14,1024.48,1018.62,1012.22,1006.51,1001.28,994.14,986.34,978.08,970.53,965.96,965.41,966.67,967.77,967.85,967.55,966.76,964.95,962.13,958.68,955.25,953.89,955.43,960.75,968.34,973.46,976.87,978.87,978.99,977.29,973.52,968.65,964.31,961.29,958.77,956.39,953.96,951.13,948.12,945.03,941.92,938.85,936.37,935.25,935.63,937.80,941.42,948.07,963.51,986.43,1001.31,1016.11,1029.25,1040.70,1050.85,1058.06,1065.94,1073.74,1080.43,1086.67,1092.64,1098.28,1103.37,1107.45,1110.67,1113.27,1115.47,1117.31,1118.70,1122.08,1126.99,1133.21,1140.38,1146.63,1150.70,1153.14,1155.26,1157.40,1162.75,1171.54,1182.16,1187.32,1193.77,1201.05,1208.38,1215.05,1221.31,1227.77,1234.24,1240.60,1248.39,1257.07,1264.59,1270.47,1277.05,1282.39,1286.98,1291.14,1295.14,1299.58,1305.22,1310.60,1314.52,1318.25,1321.80,1325.53,1329.50,1333.32,1337.35,1340.72,1343.65,1346.70,1350.00,1354.18,1358.62,1362.89,1366.72,1370.21,1373.25,1375.99,1378.62,1380.34,1381.68,1382.89,1384.04,1384.98,1385.21,1384.75,1383.77,1382.77,1381.60,1379.55,1376.90,1374.25,1371.90,1368.27,1363.48,1357.91,1352.67,1347.54,1343.07,1339.57,1337.90,1340.37,1343.68,1347.60,1352.89,1359.46,1362.93,1365.11,1366.75,1367.37,1367.04,1365.97,1364.34,1361.88,1357.47,1353.02,1349.92,1348.66,1347.59,1346.28,1344.64,1342.53,1339.65,1336.12,1333.15,1332.94,1337.34,1342.86,1348.71,1354.11,1358.61,1361.93,1363.85,1363.20,1360.80,1358.19,1357.19,1358.49,1360.51,1362.15,1363.17,1365.01,1366.93,1368.37,1368.62,1367.73,1365.61,1363.05,1360.50,1356.72,1353.21,1350.20,1347.66,1345.32,1342.93,1339.77,1335.93,1331.73,1327.63,1323.31,1319.04,1315.10,1311.28,1306.06,1300.03,1293.74,1287.88,1282.85,1277.40,1271.59,1265.73,1259.72,1253.72,1247.70,1242.13,1238.42,1235.71,1233.60,1231.39
1121.56,1124.67,1127.57,1129.54,1130.77,1131.17,1130.24,1128.24,1125.58,1122.15,1117.19,1110.77,1103.70,1097.27,1092.44,1088.06,1083.47,1078.71,1073.74,1068.46,1063.13,1058.67,1055.91,1055.91,1056.74,1057.29,1057.43,1057.09,1056.16,1054.82,1052.87,1050.10,1045.99,1039.71,1033.60,1028.19,1023.30,1017.56,1011.49,1006.14,1001.34,995.08,987.73,979.44,970.40,961.61,958.62,958.93,959.91,960.32,960.36,959.62,957.70,954.78,951.67,949.63,951.04,955.24,961.46,968.61,972.57,975.11,976.65,975.63,972.47,967.29,961.48,957.18,954.40,951.82,949.26,946.72,943.91,940.99,938.26,935.80,933.61,932.39,932.95,934.98,938.34,942.98,949.95,964.00,984.28,998.67,1012.83,1025.85,1037.51,1047.44,1054.30,1062.31,1070.58,1078.01,1085.50,1092.68,1099.37,1105.47,1110.77,1115.19,1119.03,1122.10,1124.06,1126.08,1131.00,1136.12,1140.38,1145.53,1149.56,1152.26,1154.15,1156.06,1158.25,1164.77,1173.89,1182.94,1187.88,1194.47,1201.70,1208.80,1215.46,1221.95,1228.34,1234.54,1240.74,1248.54,1257.49,1265.53,1272.03,1278.82,1283.92,1288.37,1292.61,1296.70,1301.54,1307.10,1312.06,1315.48,1318.86,1321.77,1324.93,1328.47,1331.86,1335.83,1339.18,1342.11,1345.19,1348.38,1352.55,1357.16,1361.70,1365.64,1369.41,1372.62,1375.37,1377.98,1379.99,1381.49,1382.78,1384.04,1385.33,1386.31,1386.41,1385.66,1384.80,1383.43,1380.95,1377.83,1374.86,1372.07,1368.48,1363.94,1358.65,1353.89,1349.53,1346.18,1343.83,1342.55,1344.38,1347.33,1351.61,1357.52,1361.97,1364.94,1367.40,1369.41,1370.11,1369.83,1368.89,1367.30,1364.75,1361.47,1357.42,1354.50,1353.63,1352.88,1351.53,1349.59,1347.08,1344.00,1340.64,1337.38,1336.60,1340.45,1345.07,1350.18,1355.29,1359.89,1363.19,1366.58,1367.30,1365.64,1363.14,1361.96,1362.11,1362.76,1363.20,1362.62,1363.31,1364.33,1365.32,1366.30,1366.35,1365.40,1363.71,1361.51,1359.20,1356.15,1353.00,1350.13,1347.74,1345.21,1342.10,1338.30,1333.80,1329.26,1324.53,1319.98,1315.86,1311.96,1306.96,1301.22,1295.08,1288.92,1283.66,1278.02,1272.05,1266.02,1259.53,1253.38,1247.46,1242.17,1238.71,1236.25,1234.49,1232.40
1116.03,1119.92,1123.15,1125.42,1126.93,1127.66,1127.38,1125.87,1123.55,1120.37,1115.57,1109.08,1102.77,1096.73,1090.91,1086.32,1081.67,1076.82,1071.63,1065.90,1060.32,1055.15,1051.30,1050.39,1051.36,1052.44,1053.17,1053.37,1052.97,1052.01,1049.71,1046.04,1041.35,1035.59,1030.35,1025.71,1021.15,1015.27,1009.73,1004.84,1000.05,993.70,986.89,979.35,970.57,960.45,954.09,952.56,953.22,954.19,954.26,953.42,951.65,949.08,946.38,946.95,950.32,955.52,961.93,968.56,971.96,973.54,973.81,972.28,966.97,960.76,955.19,951.34,948.58,945.97,943.36,940.76,938.06,935.18,932.36,929.96,928.79,929.98,932.50,935.72,939.62,944.94,952.10,964.85,982.78,996.87,1010.24,1022.97,1034.51,1043.62,1050.89,1058.01,1065.88,1074.57,1082.28,1090.47,1098.22,1105.17,1111.37,1116.72,1121.75,1126.13,1129.61,1134.53,1140.07,1144.51,1147.29,1149.74,1151.88,1153.76,1155.53,1157.51,1160.70,1169.61,1179.06,1184.75,1189.43,1196.02,1202.90,1209.49,1216.16,1222.69,1228.99,1235.12,1241.32,1248.47,1257.76,1266.53,1273.54,1280.04,1285.13,1289.63,1293.94,1298.40,1304.32,1309.60,1313.86,1317.11,1320.21,1322.97,1325.53,1328.05,1330.79,1334.40,1337.60,1340.48,1343.55,1346.79,1350.71,1355.30,1360.26,1364.43,1368.48,1371.80,1374.50,1377.06,1379.38,1381.03,1382.37,1383.83,1385.60,1387.15,1387.94,1387.84,1387.16,1385.32,1381.97,1378.11,1374.97,1372.01,1368.30,1364.07,1359.66,1355.74,1352.55,1349.95,1347.75,1346.11,1347.37,1350.72,1355.50,1361.13,1365.44,1368.42,1370.98,1373.14,1373.99,1373.61,1372.40,1370.47,1367.64,1364.36,1361.12,1359.14,1358.87,1358.32,1357.03,1354.73,1351.53,1347.76,1344.01,1340.85,1340.04,1343.11,1346.53,1351.25,1356.04,1360.24,1363.69,1367.51,1370.11,1370.61,1368.35,1366.33,1364.99,1363.80,1362.30,1360.46,1360.20,1360.83,1361.87,1362.97,1363.60,1363.49,1362.94,1362.08,1360.37,1357.91,1355.19,1352.46,1349.86,1347.18,1343.91,1339.94,1335.24,1330.43,1325.46,1320.69,1316.41,1312.26,1307.28,1301.89,1296.11,1289.70,1284.13,1278.44,1272.41,1266.01,1259.28,1253.03,1247.22,1242.40,1240.10,1238.90,1236.79,1233.38
1110.83,1114.90,1118.39,1121.07,1122.99,1124.10,1124.39,1123.43,1121.37,1118.26,1113.84,1107.97,1102.47,1096.66,1090.01,1085.28,1080.52,1075.45,1069.97,1063.90,1057.96,1052.01,1046.85,1044.19,1044.39,1045.58,1046.79,1047.52,1047.45,1046.61,1044.26,1040.49,1035.98,1031.17,1026.80,1022.62,1018.06,1012.44,1007.41,1002.60,997.43,991.16,984.87,977.94,969.77,959.92,951.42,947.21,946.29,947.46,947.90,947.27,945.77,943.71,942.17,945.31,950.13,955.64,961.68,967.55,970.74,971.77,970.81,967.81,961.45,955.18,950.10,946.44,943.54,940.72,937.88,934.97,931.81,928.76,926.23,924.81,925.85,929.50,933.65,937.78,942.20,947.97,955.86,967.75,983.18,996.38,1008.95,1021.17,1032.22,1040.45,1047.75,1054.41,1061.98,1071.08,1079.03,1087.86,1096.29,1103.82,1110.65,1117.00,1123.47,1129.62,1135.06,1141.80,1146.70,1149.88,1151.62,1152.69,1153.81,1155.25,1157.14,1160.09,1166.34,1175.50,1183.22,1187.05,1192.14,1198.37,1204.62,1210.72,1217.22,1223.53,1229.67,1235.79,1242.02,1248.43,1257.90,1267.19,1274.54,1280.96,1286.23,1290.93,1295.53,1300.62,1306.93,1311.90,1315.78,1319.07,1322.06,1324.82,1327.17,1329.22,1331.50,1334.42,1337.02,1339.50,1342.44,1345.77,1349.39,1353.79,1358.95,1363.36,1367.55,1370.95,1373.66,1376.16,1378.64,1380.53,1382.14,1383.87,1385.91,1387.83,1389.13,1389.59,1389.19,1387.17,1383.17,1378.63,1375.37,1372.35,1368.87,1365.23,1361.74,1358.59,1356.06,1353.78,1351.54,1349.62,1350.59,1354.36,1359.59,1365.07,1369.36,1372.42,1374.99,1377.05,1377.88,1377.38,1375.92,1373.71,1370.63,1367.13,1364.65,1363.61,1363.86,1363.49,1362.15,1359.58,1355.94,1351.62,1347.28,1344.19,1343.58,1346.22,1348.61,1352.44,1356.55,1360.35,1363.85,1367.39,1370.55,1372.21,1370.77,1368.92,1366.67,1364.08,1361.21,1358.43,1357.32,1357.51,1358.50,1359.61,1360.55,1360.99,1361.23,1361.34,1360.31,1358.46,1356.14,1353.55,1351.22,1348.84,1345.48,1341.19,1336.22,1331.16,1326.03,1321.14,1316.71,1312.45,1307.53,1302.43,1296.98,1290.45,1284.63,1278.82,1272.65,1265.94,1259.06,1252.84,1247.54,1243.66,1242.00,1241.10,1238.62,1234.43
1106.09,1109.64,1113.27,1116.44,1118.90,1120.45,1121.17,1120.82,1118.96,1115.83,1111.96,1107.39,1102.62,1096.83,1089.70,1084.91,1079.92,1074.50,1068.63,1062.33,1055.95,1049.20,1042.59,1037.48,1035.78,1036.50,1038.01,1039.25,1039.32,1038.37,1036.37,1033.47,1029.98,1026.49,1022.89,1018.84,1014.03,1009.13,1004.52,999.37,993.49,987.63,981.76,975.21,967.84,959.59,950.47,942.91,939.15,940.03,941.15,941.07,939.95,938.58,938.99,944.42,950.18,955.48,960.62,965.48,968.66,969.57,967.52,962.14,956.05,950.68,946.17,942.35,939.18,935.90,932.56,929.13,925.06,921.83,920.11,920.72,925.08,931.01,936.34,941.13,946.17,952.29,961.48,972.99,985.77,997.41,1009.13,1020.56,1030.75,1038.16,1044.96,1051.72,1059.22,1067.78,1076.10,1085.15,1093.82,1101.65,1108.83,1116.21,1124.34,1132.63,1140.22,1147.35,1150.51,1152.00,1153.18,1154.37,1155.39,1156.81,1159.20,1164.17,1175.02,1182.00,1186.08,1189.90,1196.02,1201.55,1206.94,1212.61,1218.68,1224.51,1230.44,1236.57,1242.79,1248.42,1257.91,1267.45,1274.93,1281.56,1287.18,1292.27,1297.40,1303.34,1309.24,1313.90,1317.78,1321.29,1324.37,1327.26,1329.83,1332.07,1334.12,1336.12,1337.73,1339.49,1342.19,1345.56,1348.86,1352.90,1357.92,1362.50,1366.68,1370.13,1372.93,1375.36,1377.83,1380.10,1382.20,1384.24,1386.32,1388.38,1389.96,1390.83,1390.77,1388.94,1384.63,1379.61,1376.27,1373.29,1370.42,1367.64,1364.97,1362.44,1359.96,1357.55,1355.18,1353.15,1354.19,1358.33,1363.92,1369.49,1373.63,1376.78,1379.27,1381.03,1381.62,1381.00,1379.36,1376.93,1373.67,1369.89,1368.05,1367.80,1368.43,1368.25,1366.73,1364.01,1360.24,1355.55,1350.51,1347.50,1347.30,1349.94,1351.57,1353.96,1356.96,1360.34,1363.70,1366.41,1368.70,1370.20,1370.11,1369.50,1367.00,1363.66,1360.17,1356.76,1354.86,1354.49,1355.25,1356.33,1357.33,1358.04,1358.66,1359.22,1359.01,1357.79,1355.77,1353.38,1351.77,1350.11,1346.78,1342.04,1336.76,1331.42,1326.24,1321.33,1316.80,1312.56,1307.78,1302.93,1297.72,1291.19,1285.23,1279.21,1272.80,1265.87,1258.95,1252.88,1248.44,1245.89,1244.20,1242.49,1239.77,1235.60
1101.99,1104.94,1108.33,1111.49,1114.31,1116.52,1117.52,1117.56,1116.13,1113.38,1109.87,1106.11,1101.55,1095.91,1089.40,1084.60,1079.35,1073.48,1067.11,1060.63,1053.94,1046.94,1039.80,1033.04,1027.85,1026.70,1027.69,1029.23,1029.67,1029.29,1028.13,1026.31,1023.93,1021.18,1017.73,1013.79,1009.60,1005.36,1000.46,994.92,989.03,983.57,977.96,971.74,965.03,957.81,948.94,940.03,934.39,933.82,934.74,934.97,934.60,934.47,936.73,943.17,949.39,954.54,958.75,962.47,964.65,964.76,962.17,956.64,951.19,946.31,941.90,937.89,934.52,929.91,925.52,922.44,919.53,918.18,918.31,920.59,926.65,933.42,939.34,944.92,951.26,958.93,969.07,980.00,990.76,1000.83,1011.11,1021.18,1030.30,1037.29,1043.67,1050.20,1057.49,1065.81,1074.28,1083.27,1091.78,1099.54,1106.87,1114.63,1123.72,1133.25,1141.84,1148.88,1151.90,1153.34,1154.53,1155.76,1156.91,1159.45,1164.29,1172.57,1181.27,1186.57,1190.40,1194.88,1200.44,1205.56,1210.54,1215.62,1220.87,1226.08,1231.74,1237.64,1243.35,1248.43,1257.58,1267.00,1274.54,1281.33,1287.48,1293.22,1299.06,1305.60,1311.06,1315.57,1319.63,1323.46,1326.81,1329.93,1332.82,1335.40,1337.51,1339.21,1340.83,1342.64,1344.97,1347.70,1350.55,1353.97,1358.15,1362.39,1366.35,1369.77,1372.67,1375.23,1377.79,1380.33,1382.76,1385.01,1387.18,1389.22,1390.92,1391.98,1391.84,1390.27,1386.68,1382.26,1378.68,1376.01,1373.57,1371.19,1368.86,1366.53,1363.82,1360.89,1358.04,1356.19,1357.86,1362.78,1368.69,1373.72,1377.73,1380.74,1383.04,1384.59,1384.99,1384.21,1382.42,1379.76,1376.18,1372.40,1371.16,1371.35,1371.89,1371.65,1370.15,1367.31,1363.30,1358.39,1353.09,1350.88,1351.66,1354.51,1356.03,1357.28,1358.72,1360.66,1363.40,1366.02,1367.94,1368.91,1368.65,1368.26,1366.05,1362.90,1359.37,1355.44,1352.43,1351.38,1351.99,1352.98,1353.95,1354.88,1355.82,1356.65,1356.72,1356.18,1355.06,1353.48,1351.99,1350.43,1347.11,1342.30,1336.93,1331.56,1326.38,1321.47,1316.91,1312.65,1308.13,1303.51,1298.45,1292.07,1286.21,1280.16,1273.57,1266.34,1259.65,1253.42,1249.06,1246.89,1245.07,1243.13,1240.79,1237.13
1098.34,1100.77,1103.75,1106.75,1109.75,1112.46,1113.74,1114.11,1113.14,1110.88,1107.72,1104.52,1100.11,1094.74,1089.03,1084.16,1078.57,1072.28,1065.53,1058.90,1052.00,1044.92,1037.54,1029.62,1021.32,1017.97,1017.92,1019.39,1020.13,1020.37,1020.06,1019.23,1017.78,1015.64,1012.42,1008.76,1005.17,1001.10,995.82,990.08,984.40,979.17,973.84,968.10,962.06,955.63,947.07,937.59,930.44,927.89,928.42,928.94,929.26,930.29,934.19,941.36,947.98,953.08,956.47,959.08,960.02,959.18,956.23,951.15,946.31,941.70,937.09,932.35,928.77,923.52,918.75,916.28,914.91,915.80,918.00,921.85,928.93,936.06,942.33,948.77,956.81,966.21,976.74,986.99,996.28,1004.87,1013.86,1022.67,1030.76,1037.34,1043.32,1049.56,1056.61,1064.72,1073.26,1081.97,1090.13,1097.66,1105.13,1113.13,1122.71,1132.90,1142.03,1148.66,1151.87,1153.81,1155.49,1157.01,1158.95,1163.29,1170.66,1180.80,1186.53,1190.77,1195.27,1200.61,1205.48,1210.24,1214.81,1219.20,1223.56,1228.15,1233.41,1238.88,1243.89,1248.44,1257.17,1266.31,1273.79,1280.83,1287.54,1293.94,1300.45,1307.48,1312.61,1317.05,1321.31,1325.45,1329.15,1332.55,1335.74,1338.64,1340.86,1342.51,1344.32,1346.35,1348.41,1350.54,1352.98,1355.80,1359.09,1362.78,1366.42,1369.73,1372.70,1375.43,1378.11,1380.95,1383.67,1385.98,1388.20,1390.18,1391.92,1393.11,1392.86,1391.50,1388.93,1385.56,1382.07,1379.64,1377.37,1375.11,1372.88,1370.58,1367.67,1364.34,1361.10,1359.37,1361.85,1367.32,1373.24,1377.78,1381.67,1384.51,1386.59,1387.89,1388.10,1387.20,1385.23,1382.27,1378.39,1374.95,1374.29,1374.74,1375.01,1374.57,1372.96,1370.00,1365.80,1360.67,1355.42,1354.26,1356.09,1358.97,1360.48,1360.92,1361.05,1361.60,1363.63,1365.97,1367.42,1367.77,1367.05,1366.54,1364.73,1362.01,1358.58,1354.35,1350.48,1348.59,1348.67,1349.54,1350.49,1351.64,1352.89,1353.95,1354.21,1354.24,1353.98,1353.22,1351.81,1350.08,1346.78,1342.16,1336.98,1331.66,1326.51,1321.61,1317.05,1312.82,1308.54,1304.12,1299.21,1293.13,1287.54,1281.61,1274.87,1267.26,1260.83,1254.44,1249.85,1247.57,1245.61,1243.65,1241.71,1238.67
1095.48,1097.66,1100.02,1102.72,1105.58,1108.25,1109.92,1110.56,1109.97,1108.21,1105.53,1102.58,1098.46,1093.60,1088.51,1083.33,1077.24,1070.68,1063.94,1057.18,1050.22,1043.14,1035.73,1027.44,1018.07,1012.60,1010.63,1011.24,1011.92,1012.46,1012.69,1012.45,1011.37,1009.90,1007.59,1004.66,1001.03,995.87,990.42,985.01,979.63,974.17,969.36,964.45,959.24,953.29,944.68,935.40,927.12,921.84,922.14,922.96,923.64,925.21,930.27,938.27,945.45,950.72,953.62,955.28,955.00,953.25,950.09,945.56,940.95,936.38,931.05,924.10,920.27,916.84,913.85,912.05,911.99,914.67,918.82,924.23,931.52,938.72,945.13,952.52,962.88,973.62,983.33,992.70,1001.67,1008.99,1017.43,1025.66,1032.99,1038.89,1044.48,1050.49,1057.29,1065.13,1073.62,1081.74,1089.22,1096.36,1104.05,1112.38,1121.67,1131.52,1140.78,1146.47,1149.62,1152.43,1155.52,1158.09,1162.40,1169.68,1178.46,1185.66,1190.76,1195.30,1200.60,1206.95,1211.80,1216.15,1220.05,1223.58,1227.14,1231.16,1235.72,1240.33,1244.47,1248.46,1256.73,1265.41,1272.62,1280.18,1287.38,1294.27,1301.24,1308.65,1313.76,1318.23,1322.64,1327.05,1331.12,1334.79,1338.22,1341.32,1343.60,1345.42,1347.31,1349.39,1351.62,1353.69,1355.88,1358.34,1361.08,1363.99,1367.24,1370.31,1373.17,1376.05,1378.87,1382.14,1385.14,1387.23,1389.34,1391.23,1392.97,1394.25,1394.09,1392.79,1391.30,1389.55,1387.11,1384.54,1381.86,1379.24,1376.80,1374.40,1371.51,1368.36,1365.23,1363.22,1366.66,1371.74,1376.88,1381.48,1385.31,1388.05,1389.88,1390.80,1390.82,1389.88,1387.60,1384.17,1380.15,1377.76,1377.67,1378.13,1377.99,1377.03,1374.89,1371.75,1367.57,1362.17,1357.51,1357.62,1360.24,1362.61,1363.89,1364.24,1364.04,1363.94,1365.39,1366.44,1366.82,1366.53,1365.60,1364.77,1363.30,1360.97,1357.63,1353.66,1349.74,1346.70,1345.16,1345.85,1346.89,1348.34,1349.93,1351.23,1351.72,1352.03,1352.12,1351.80,1350.75,1348.56,1345.31,1341.36,1336.98,1331.74,1326.63,1321.80,1317.27,1313.22,1309.06,1304.73,1300.04,1294.57,1289.56,1284.00,1277.19,1269.05,1262.76,1256.40,1251.30,1248.18,1246.18,1244.34,1242.49,1239.97
1092.62,1094.87,1097.06,1099.49,1102.02,1104.41,1106.16,1106.85,1106.49,1105.16,1102.85,1100.26,1096.62,1092.28,1087.50,1081.99,1075.28,1068.57,1062.17,1055.47,1048.50,1041.40,1033.89,1025.17,1014.82,1007.46,1003.87,1003.94,1004.78,1005.75,1006.48,1006.74,1006.11,1004.91,1002.72,999.56,995.29,990.07,984.90,979.73,974.53,969.57,965.18,960.79,956.02,950.18,941.99,932.63,923.60,916.95,916.38,917.13,918.23,920.51,926.33,934.50,941.45,946.39,949.06,950.15,949.19,946.84,943.26,938.56,933.25,928.33,923.33,917.48,914.04,911.48,909.93,909.98,911.84,915.81,920.94,926.99,934.10,941.07,948.41,957.30,968.70,979.54,989.13,998.18,1006.71,1014.02,1022.23,1029.70,1036.15,1041.86,1047.35,1053.13,1059.60,1067.10,1075.51,1082.90,1089.68,1096.43,1104.04,1112.25,1121.28,1130.89,1139.98,1144.68,1147.89,1151.23,1155.17,1159.38,1166.55,1175.38,1184.05,1190.11,1195.08,1200.64,1206.70,1212.66,1217.33,1221.53,1225.15,1228.26,1231.30,1234.73,1238.42,1242.07,1245.47,1249.15,1256.71,1264.63,1271.34,1278.83,1286.53,1293.99,1301.43,1309.17,1314.55,1319.25,1323.93,1328.64,1332.90,1336.73,1340.41,1343.80,1346.36,1348.43,1350.52,1352.70,1354.87,1356.92,1359.06,1361.27,1363.62,1366.16,1368.73,1371.30,1373.94,1376.85,1379.83,1383.26,1386.50,1388.87,1390.84,1392.58,1394.25,1395.62,1395.84,1395.05,1394.22,1393.22,1391.47,1389.28,1386.77,1384.06,1381.18,1378.23,1374.98,1371.67,1368.64,1367.14,1370.92,1375.81,1380.65,1385.16,1388.61,1391.01,1392.58,1393.31,1393.14,1391.98,1389.55,1386.09,1382.37,1381.04,1381.34,1381.67,1381.10,1379.57,1376.75,1373.31,1369.25,1364.13,1360.29,1361.04,1363.95,1366.21,1367.34,1367.51,1367.03,1366.48,1367.20,1367.37,1366.90,1365.95,1364.70,1363.48,1362.08,1359.91,1356.61,1352.91,1348.82,1344.93,1342.13,1342.01,1342.95,1344.60,1346.50,1348.15,1348.83,1349.60,1350.13,1350.12,1349.40,1346.96,1343.94,1340.63,1336.67,1331.72,1326.79,1322.13,1317.86,1314.09,1310.04,1305.82,1301.38,1296.57,1291.96,1286.64,1280.06,1272.14,1265.62,1259.34,1253.56,1249.04,1247.02,1245.18,1243.31,1241.14
1089.70,1092.16,1094.47,1096.65,1098.77,1100.77,1102.38,1102.98,1102.78,1101.83,1099.88,1097.70,1094.62,1090.73,1085.99,1080.11,1072.94,1066.24,1060.34,1053.76,1046.76,1039.58,1031.90,1022.81,1011.79,1002.91,997.76,996.93,997.88,999.25,1000.44,1001.11,1000.92,999.82,997.48,993.84,988.94,984.15,979.38,974.42,969.45,965.23,961.15,957.03,952.43,946.52,938.92,929.50,919.97,912.62,910.87,911.33,912.85,915.92,922.39,930.29,936.57,940.92,943.36,944.03,942.67,939.88,935.78,930.60,924.51,919.28,915.10,911.70,909.14,907.44,907.40,909.74,913.54,918.31,923.78,929.89,936.64,943.27,951.87,962.38,974.07,984.42,994.19,1003.28,1011.55,1019.44,1027.44,1034.13,1039.82,1045.61,1051.17,1056.84,1063.08,1070.34,1078.46,1085.09,1091.22,1097.62,1105.00,1112.81,1121.59,1130.99,1139.64,1143.45,1146.70,1150.42,1155.09,1161.50,1171.05,1180.44,1188.36,1194.21,1199.40,1206.14,1212.77,1217.79,1222.26,1226.42,1229.99,1232.93,1235.63,1238.52,1241.35,1244.07,1246.86,1250.41,1257.05,1263.96,1270.03,1277.17,1285.25,1293.29,1301.22,1309.26,1314.99,1320.04,1325.06,1330.06,1334.43,1338.47,1342.42,1346.16,1349.13,1351.53,1353.86,1356.13,1358.20,1360.30,1362.42,1364.47,1366.52,1368.81,1370.57,1372.50,1374.83,1377.64,1380.80,1384.41,1387.91,1390.64,1392.51,1394.13,1395.71,1397.11,1397.75,1397.63,1397.28,1396.66,1395.46,1393.93,1391.86,1389.17,1385.80,1382.17,1378.31,1374.64,1371.73,1371.08,1374.87,1379.74,1384.54,1388.75,1391.72,1393.70,1395.02,1395.64,1395.27,1393.77,1391.25,1388.07,1385.00,1384.64,1385.16,1385.25,1384.22,1382.14,1378.65,1374.89,1370.96,1366.40,1363.48,1364.53,1367.41,1369.71,1370.71,1370.68,1369.97,1369.06,1368.95,1368.43,1367.29,1365.75,1364.13,1362.52,1360.97,1358.76,1355.50,1352.04,1347.72,1343.19,1339.41,1338.08,1338.73,1340.53,1342.81,1344.93,1345.87,1347.10,1348.00,1348.24,1347.86,1345.44,1342.79,1339.99,1336.19,1331.71,1327.10,1322.73,1318.83,1315.39,1311.45,1307.30,1303.09,1298.87,1294.57,1289.48,1283.30,1275.93,1268.99,1262.75,1256.36,1250.45,1248.11,1246.15,1244.23,1242.28
1086.45,1089.15,1091.72,1093.74,1095.52,1097.16,1098.39,1098.86,1098.70,1098.01,1096.71,1094.93,1092.30,1088.55,1083.30,1076.84,1070.25,1064.24,1058.63,1052.05,1044.73,1037.18,1029.26,1020.26,1009.84,1000.75,993.58,989.29,989.45,990.91,992.35,993.28,993.31,992.43,990.50,987.57,983.58,979.00,974.22,969.61,965.31,961.20,957.09,952.80,948.02,942.07,934.78,925.92,916.44,908.19,905.27,905.31,907.13,911.05,918.43,925.61,931.08,934.70,936.27,936.38,934.64,931.42,926.84,921.45,916.49,912.12,908.44,905.95,905.18,906.55,909.31,913.07,917.37,921.89,926.88,932.54,938.97,945.47,954.94,966.36,977.88,987.95,997.56,1007.05,1016.24,1024.42,1031.66,1037.96,1043.75,1049.68,1055.50,1061.49,1068.25,1075.88,1082.80,1088.80,1094.64,1100.91,1108.18,1115.12,1123.63,1132.79,1140.43,1143.90,1146.89,1150.98,1157.34,1167.14,1175.66,1184.02,1191.85,1197.65,1203.55,1210.43,1216.87,1221.74,1226.13,1230.29,1233.82,1236.72,1239.40,1241.99,1244.40,1246.70,1249.22,1252.84,1258.11,1263.57,1268.91,1275.66,1283.58,1291.98,1300.55,1308.84,1314.61,1320.09,1325.52,1330.61,1335.31,1339.90,1344.34,1348.47,1351.97,1354.82,1357.28,1359.56,1361.83,1364.12,1366.10,1368.01,1369.89,1371.40,1372.47,1373.80,1375.57,1377.91,1381.37,1385.86,1389.84,1392.15,1394.13,1395.86,1397.39,1398.62,1399.14,1399.44,1399.69,1399.77,1399.37,1398.49,1396.76,1394.08,1390.47,1386.67,1381.93,1377.74,1375.01,1375.05,1378.72,1383.89,1388.70,1392.01,1394.79,1396.58,1397.64,1397.98,1397.38,1395.36,1392.80,1390.29,1388.48,1388.62,1388.94,1388.61,1387.17,1384.62,1380.96,1377.06,1373.08,1369.05,1366.98,1368.22,1370.84,1372.82,1373.66,1373.44,1372.58,1371.34,1370.20,1369.02,1367.48,1365.67,1363.85,1362.02,1359.93,1357.33,1354.09,1350.61,1346.09,1341.31,1336.93,1334.07,1334.02,1335.96,1338.90,1341.96,1343.52,1344.77,1345.63,1346.04,1346.20,1344.54,1342.32,1339.58,1335.72,1332.00,1328.16,1324.32,1320.71,1317.67,1313.79,1309.55,1305.31,1301.33,1297.23,1292.63,1287.02,1279.92,1272.57,1266.10,1259.86,1253.93,1249.78,1247.42,1245.52,1243.61
1083.19,1086.02,1088.57,1090.45,1091.94,1093.17,1094.05,1094.42,1094.32,1093.80,1092.77,1091.27,1088.88,1085.22,1079.81,1073.37,1067.38,1061.93,1056.57,1050.07,1042.41,1034.59,1026.52,1017.57,1007.99,999.06,990.51,983.43,982.12,983.19,984.68,985.84,986.18,985.68,984.03,981.47,978.09,973.71,969.12,964.83,960.91,956.84,952.67,948.22,943.29,937.41,930.40,922.14,913.02,904.27,899.87,899.58,902.14,907.17,914.62,920.81,925.40,928.35,929.27,928.87,926.22,922.15,917.11,911.83,908.33,905.40,902.99,902.15,904.11,908.05,912.67,917.29,921.69,925.87,930.30,935.33,941.41,948.08,958.05,969.74,980.81,990.55,1000.03,1009.68,1019.33,1028.12,1035.15,1041.41,1047.50,1053.84,1060.26,1067.07,1074.27,1081.54,1087.60,1093.37,1099.31,1105.63,1112.43,1119.68,1127.84,1135.75,1141.62,1144.80,1147.80,1152.99,1161.51,1172.18,1179.87,1187.38,1194.84,1200.80,1207.15,1213.95,1220.10,1224.82,1229.25,1233.58,1237.31,1240.34,1243.03,1245.44,1247.71,1249.94,1252.41,1255.95,1260.07,1264.32,1268.89,1275.05,1282.54,1290.94,1299.70,1307.92,1313.96,1319.84,1325.58,1330.88,1336.05,1341.16,1346.14,1350.84,1354.84,1358.03,1360.67,1363.08,1365.53,1368.27,1370.43,1372.26,1373.76,1374.49,1374.96,1375.64,1376.71,1378.55,1382.18,1387.07,1391.32,1393.60,1395.73,1397.63,1399.34,1400.70,1401.26,1401.80,1402.36,1402.77,1402.75,1402.20,1400.78,1398.30,1394.73,1390.84,1385.80,1381.21,1378.31,1378.90,1382.66,1387.68,1392.18,1395.11,1397.88,1399.66,1400.64,1400.85,1400.09,1397.43,1394.70,1392.67,1391.85,1392.32,1392.50,1391.83,1390.01,1387.03,1383.28,1379.22,1375.18,1371.72,1370.24,1371.60,1374.05,1375.83,1376.57,1376.13,1375.01,1373.41,1371.45,1369.64,1367.74,1365.67,1363.42,1361.09,1358.47,1355.59,1352.38,1348.68,1344.09,1339.34,1334.81,1331.05,1330.24,1331.86,1334.90,1338.48,1340.94,1342.46,1343.39,1343.95,1344.42,1343.59,1341.85,1339.30,1335.78,1332.63,1329.32,1325.94,1322.70,1319.89,1316.32,1312.13,1307.74,1303.80,1299.85,1295.52,1290.37,1283.85,1276.41,1269.82,1263.72,1257.90,1252.54,1249.22,1246.92,1244.99
1079.94,1082.74,1084.92,1086.66,1087.93,1088.68,1089.24,1089.53,1089.52,1089.07,1087.83,1086.49,1084.14,1080.54,1075.52,1069.84,1064.32,1059.16,1054.01,1047.65,1039.75,1031.84,1023.78,1014.80,1006.11,997.57,988.53,979.90,976.41,976.54,977.83,979.19,979.96,979.99,978.38,975.66,972.29,968.17,964.04,960.01,956.06,952.02,947.82,943.27,938.29,932.60,925.88,918.23,909.73,901.00,894.78,894.32,898.15,904.57,911.01,915.95,919.59,921.91,922.48,921.61,917.50,912.22,906.88,902.13,900.20,899.22,899.02,900.94,906.47,911.98,917.13,922.02,926.28,930.19,934.07,938.38,944.05,951.17,961.22,972.51,982.91,992.17,1001.63,1011.07,1020.49,1030.26,1037.82,1044.43,1050.95,1058.03,1065.45,1073.52,1080.97,1086.98,1092.78,1098.78,1105.21,1111.78,1117.87,1126.70,1134.26,1139.73,1143.13,1145.98,1149.39,1156.55,1167.53,1175.92,1183.53,1190.65,1197.37,1203.66,1210.13,1216.74,1222.57,1227.05,1231.61,1236.33,1240.50,1243.87,1246.59,1248.94,1251.35,1253.85,1256.48,1259.77,1263.13,1266.50,1270.30,1275.67,1282.49,1290.43,1298.82,1306.56,1313.16,1319.34,1325.27,1330.96,1336.74,1342.26,1347.84,1353.27,1357.68,1361.07,1364.00,1366.70,1369.31,1372.75,1375.45,1377.26,1378.11,1378.17,1378.18,1378.20,1378.48,1379.80,1383.38,1387.98,1392.18,1395.02,1397.28,1399.44,1401.62,1403.50,1404.32,1404.91,1405.40,1405.70,1405.51,1404.90,1403.75,1401.69,1398.43,1394.45,1389.85,1385.06,1381.59,1382.60,1386.68,1391.00,1394.84,1398.10,1401.04,1402.95,1404.07,1404.39,1403.54,1400.19,1397.11,1395.24,1394.97,1395.64,1395.78,1394.93,1392.76,1389.37,1385.51,1381.32,1377.23,1374.35,1373.14,1374.58,1377.00,1378.73,1379.44,1378.69,1377.19,1375.19,1372.75,1370.32,1368.01,1365.62,1362.67,1359.50,1356.46,1353.48,1350.28,1346.20,1341.66,1337.27,1333.10,1329.24,1327.66,1328.47,1330.92,1334.44,1337.99,1340.11,1341.34,1342.03,1342.49,1342.41,1341.21,1339.08,1336.42,1333.58,1330.45,1327.40,1324.64,1321.88,1318.88,1314.95,1310.34,1306.26,1302.39,1298.02,1293.15,1287.61,1280.49,1273.97,1267.91,1262.13,1256.49,1251.64,1248.47,1246.39
1076.30,1078.76,1080.59,1082.04,1082.99,1083.32,1083.32,1083.27,1083.08,1082.58,1081.50,1080.33,1078.24,1075.10,1070.78,1065.98,1061.05,1056.18,1050.90,1043.71,1036.40,1029.03,1021.31,1012.81,1004.30,996.18,987.20,977.56,971.45,969.98,970.73,972.24,973.31,973.42,972.15,969.85,966.70,962.83,959.04,955.18,951.14,947.04,942.82,938.21,933.11,927.35,921.16,914.34,906.53,897.96,891.24,890.64,895.22,902.42,907.64,911.48,913.82,914.82,914.31,912.26,908.07,903.80,900.28,897.24,896.89,897.59,899.37,903.61,910.12,916.11,921.61,926.77,930.94,934.58,938.07,941.89,946.96,953.95,963.86,974.75,984.39,993.15,1002.67,1012.03,1021.11,1031.12,1039.07,1046.42,1053.94,1062.07,1070.44,1078.80,1086.22,1092.24,1098.29,1104.66,1111.31,1118.54,1126.95,1134.11,1138.95,1142.15,1144.52,1147.14,1151.90,1160.40,1171.67,1179.00,1186.36,1193.27,1199.74,1206.25,1213.12,1219.34,1224.68,1229.25,1234.18,1239.16,1243.60,1247.30,1250.39,1253.02,1255.55,1258.18,1261.05,1264.35,1267.42,1270.49,1274.01,1278.84,1284.83,1291.82,1299.29,1306.41,1312.76,1318.84,1324.93,1331.20,1337.80,1343.87,1349.93,1355.80,1360.31,1363.86,1367.15,1370.51,1374.02,1377.13,1379.53,1381.16,1381.90,1381.92,1381.82,1381.70,1381.77,1382.63,1385.37,1389.15,1392.92,1395.99,1398.81,1401.83,1404.50,1406.43,1407.44,1407.96,1408.37,1408.59,1408.36,1407.77,1406.56,1404.59,1401.59,1397.30,1392.65,1388.01,1384.82,1386.19,1390.14,1394.18,1397.85,1401.21,1404.36,1406.35,1407.52,1407.94,1407.31,1404.18,1400.59,1398.11,1398.15,1398.82,1398.90,1397.94,1395.57,1391.87,1387.74,1383.47,1379.44,1376.60,1375.84,1377.34,1379.59,1381.12,1381.47,1380.31,1378.34,1375.89,1373.18,1370.37,1367.24,1363.88,1360.49,1357.03,1353.87,1350.69,1347.13,1342.98,1338.92,1334.98,1331.15,1327.56,1325.34,1326.08,1328.61,1331.68,1334.94,1337.34,1338.91,1339.78,1340.34,1340.35,1339.51,1338.03,1336.17,1333.73,1331.07,1328.39,1325.76,1323.12,1320.69,1317.44,1313.23,1308.71,1304.70,1300.20,1295.37,1290.30,1283.88,1277.66,1271.72,1265.91,1259.97,1254.66,1250.65,1247.77
1072.21,1074.28,1075.72,1076.76,1077.34,1077.35,1076.92,1076.60,1076.21,1075.63,1074.77,1073.75,1072.00,1069.38,1065.81,1061.82,1057.46,1052.75,1047.13,1039.39,1032.84,1026.11,1018.80,1010.87,1002.52,994.84,986.08,975.69,967.23,963.89,963.85,965.42,966.67,966.83,965.99,964.21,961.35,957.73,954.09,950.24,946.10,941.91,937.67,932.97,927.76,922.07,916.50,910.52,903.34,894.99,888.34,887.44,891.96,899.29,904.17,907.17,908.30,908.03,906.44,903.38,899.63,896.77,895.26,894.33,895.53,897.73,901.24,907.41,914.06,920.19,925.95,931.34,935.55,938.96,942.21,945.81,950.55,957.36,966.87,977.07,985.78,994.01,1003.57,1012.85,1021.55,1031.52,1039.74,1047.80,1056.33,1065.47,1074.64,1083.20,1090.77,1097.16,1103.52,1110.35,1117.61,1125.81,1135.51,1140.19,1142.44,1144.01,1145.93,1148.49,1155.29,1164.85,1175.09,1181.83,1188.93,1195.71,1202.15,1208.83,1215.96,1221.82,1226.78,1231.50,1236.76,1241.92,1246.64,1250.79,1254.31,1257.24,1259.94,1262.72,1265.83,1269.16,1272.12,1275.14,1278.68,1283.20,1288.50,1294.47,1300.85,1307.20,1313.08,1318.93,1325.12,1331.92,1339.07,1345.47,1351.87,1358.06,1362.66,1366.43,1370.14,1374.14,1378.33,1380.92,1382.94,1384.51,1385.45,1385.64,1385.55,1385.46,1385.49,1385.91,1387.67,1390.55,1393.81,1397.00,1400.47,1404.36,1407.40,1409.21,1410.38,1410.90,1411.32,1411.61,1411.45,1410.92,1409.59,1407.56,1404.56,1399.92,1395.12,1390.70,1387.96,1389.60,1393.35,1397.30,1400.97,1404.34,1407.53,1409.45,1410.57,1411.04,1410.73,1408.13,1404.27,1401.17,1401.25,1401.84,1401.88,1400.86,1398.32,1394.40,1390.02,1385.73,1381.83,1378.96,1378.63,1380.09,1382.05,1383.31,1383.05,1381.42,1379.01,1376.13,1373.16,1370.00,1366.12,1361.90,1358.09,1354.36,1351.01,1347.55,1343.65,1339.61,1335.99,1332.54,1329.11,1325.78,1323.01,1323.71,1326.38,1329.11,1331.95,1334.47,1336.27,1337.28,1337.92,1337.88,1337.37,1336.52,1335.27,1333.35,1331.28,1329.06,1326.63,1324.17,1322.17,1319.64,1316.07,1311.25,1306.97,1302.31,1297.45,1292.63,1286.96,1281.07,1275.25,1269.45,1263.31,1257.75,1252.99,1249.26
1067.03,1068.83,1069.78,1070.15,1070.25,1070.18,1069.96,1069.80,1069.44,1068.78,1067.93,1067.04,1065.58,1063.43,1060.48,1057.03,1053.08,1048.06,1041.83,1035.15,1029.17,1022.88,1015.99,1008.47,1000.71,993.60,985.05,974.25,964.65,959.18,957.86,959.24,960.48,960.91,960.50,959.14,956.56,953.18,949.20,945.00,940.74,936.50,932.21,927.33,922.08,917.02,912.16,906.88,900.16,892.08,886.17,884.42,886.85,892.75,900.14,903.01,903.54,902.72,900.67,897.71,894.84,892.74,892.03,893.51,896.15,899.52,904.26,911.48,917.84,923.93,929.84,935.34,939.93,943.29,946.60,950.60,956.07,962.97,971.44,980.04,987.38,995.00,1004.48,1013.61,1021.94,1031.59,1039.78,1048.16,1057.29,1067.09,1076.56,1085.89,1094.32,1101.23,1107.65,1115.04,1124.37,1134.11,1139.51,1141.93,1143.66,1145.42,1147.47,1150.37,1160.63,1170.91,1177.84,1184.46,1191.37,1198.12,1204.76,1211.55,1218.30,1224.03,1229.08,1233.91,1239.19,1244.39,1249.58,1254.53,1258.42,1261.46,1264.41,1267.53,1270.83,1274.06,1277.05,1280.35,1284.37,1289.17,1294.24,1299.43,1304.64,1309.88,1315.25,1320.82,1326.97,1333.92,1340.67,1346.63,1352.97,1359.48,1364.34,1368.55,1372.83,1377.07,1380.69,1382.99,1385.08,1387.09,1388.70,1389.19,1389.21,1389.19,1389.22,1389.34,1390.29,1392.44,1395.27,1398.49,1402.55,1406.87,1409.87,1411.39,1412.73,1413.48,1414.38,1415.16,1415.17,1414.80,1413.47,1411.09,1407.42,1402.47,1397.57,1393.31,1390.83,1392.53,1396.28,1400.32,1404.08,1407.37,1410.08,1411.60,1412.41,1412.81,1412.84,1410.94,1407.61,1404.59,1404.06,1404.48,1404.57,1403.54,1400.88,1396.90,1392.51,1388.32,1384.63,1381.99,1381.86,1382.99,1384.46,1385.33,1383.96,1381.79,1379.04,1375.82,1372.46,1368.84,1364.80,1360.51,1356.20,1351.82,1347.76,1343.88,1340.04,1336.34,1332.82,1329.76,1326.93,1323.62,1320.44,1320.61,1323.01,1326.07,1329.20,1331.61,1333.28,1334.28,1334.94,1334.94,1334.72,1334.25,1333.18,1331.99,1330.59,1329.10,1327.42,1325.24,1323.29,1321.26,1318.52,1314.05,1309.36,1304.46,1299.53,1294.73,1289.65,1284.01,1278.29,1272.60,1266.61,1260.58,1255.33,1251.12
1060.88,1062.48,1063.07,1063.03,1062.79,1062.56,1062.42,1062.21,1061.73,1061.03,1060.42,1059.94,1058.79,1056.96,1054.47,1051.45,1047.80,1042.83,1036.67,1030.84,1025.39,1019.54,1013.06,1005.87,998.88,991.87,983.35,972.80,962.84,955.93,952.64,952.41,953.94,955.27,955.53,954.42,951.63,948.07,943.92,939.63,935.34,931.08,926.72,921.99,917.09,912.42,908.00,903.12,896.98,889.68,884.17,881.11,881.95,886.58,893.17,896.06,896.84,896.43,895.02,892.82,890.89,889.91,890.53,893.36,897.02,901.77,907.75,915.00,921.09,927.08,933.00,938.59,943.47,947.47,951.48,956.27,962.75,969.27,976.27,983.19,989.44,996.24,1005.41,1014.40,1022.52,1031.69,1039.80,1048.34,1057.78,1068.01,1077.93,1087.76,1096.78,1104.34,1111.08,1119.06,1128.95,1138.43,1141.57,1143.23,1144.74,1146.44,1148.78,1153.31,1164.48,1174.42,1180.19,1186.99,1193.67,1200.44,1207.30,1214.00,1220.35,1226.01,1231.19,1236.16,1241.40,1246.76,1252.49,1258.00,1261.53,1264.52,1267.79,1271.35,1275.01,1278.62,1282.02,1285.71,1290.02,1294.86,1299.71,1304.39,1308.93,1313.50,1318.26,1323.57,1329.73,1336.63,1342.13,1347.24,1353.24,1359.83,1364.94,1369.54,1373.93,1377.99,1381.24,1383.39,1385.68,1388.01,1389.98,1390.95,1391.56,1392.22,1392.76,1392.80,1393.68,1395.49,1397.78,1400.43,1403.96,1407.87,1410.70,1412.27,1413.82,1415.33,1416.80,1417.89,1418.05,1417.84,1416.70,1414.17,1409.96,1404.93,1400.09,1396.22,1394.11,1395.25,1398.81,1402.88,1406.73,1409.96,1412.24,1413.76,1414.62,1414.94,1414.99,1413.10,1410.02,1407.27,1406.69,1407.13,1407.27,1406.16,1403.20,1398.95,1394.62,1390.63,1387.40,1385.78,1385.86,1386.51,1387.13,1387.09,1384.99,1382.06,1378.74,1375.16,1371.55,1367.79,1363.92,1359.65,1354.51,1349.61,1345.09,1340.91,1337.10,1333.48,1330.18,1327.40,1324.79,1321.47,1318.07,1317.45,1319.25,1322.64,1325.90,1328.27,1329.98,1331.14,1331.87,1331.93,1331.85,1331.59,1330.85,1329.97,1328.90,1327.74,1326.52,1325.06,1323.76,1322.24,1319.94,1315.97,1311.32,1306.48,1301.60,1296.70,1291.86,1286.51,1280.96,1275.31,1269.41,1263.23,1257.67,1252.90
1054.18,1055.55,1055.89,1055.61,1055.11,1054.65,1054.46,1054.05,1053.40,1052.73,1052.44,1052.44,1051.58,1049.98,1047.86,1045.19,1041.74,1037.10,1031.52,1026.46,1021.54,1016.18,1010.14,1003.32,997.03,989.82,981.26,971.35,961.49,953.66,948.07,945.35,946.98,949.35,950.38,949.49,946.36,942.49,938.33,934.10,929.86,925.65,921.28,916.90,912.50,908.06,903.83,899.15,893.66,887.46,882.06,877.52,877.20,880.83,885.05,887.99,889.50,890.01,889.72,888.60,887.73,888.09,890.19,893.82,898.31,904.36,911.37,918.10,923.90,929.76,935.66,941.29,946.37,951.37,956.44,962.16,969.61,975.59,981.12,986.55,992.03,998.03,1006.63,1015.34,1023.30,1031.96,1040.01,1048.64,1058.18,1068.61,1079.00,1089.04,1098.36,1106.56,1113.81,1122.29,1131.84,1140.19,1142.40,1144.15,1145.66,1147.27,1150.12,1157.24,1167.66,1176.49,1182.36,1189.40,1195.88,1202.70,1209.76,1216.25,1222.26,1227.87,1233.20,1238.30,1243.49,1249.17,1255.37,1261.08,1263.95,1266.91,1270.56,1274.64,1278.78,1283.01,1286.95,1291.03,1295.50,1300.25,1304.84,1309.18,1313.36,1317.49,1321.61,1326.61,1332.71,1339.33,1343.33,1347.46,1352.91,1359.32,1364.62,1369.51,1373.79,1377.48,1380.51,1382.66,1385.16,1387.68,1389.82,1391.34,1392.73,1394.26,1395.55,1395.78,1397.10,1398.80,1400.55,1402.36,1404.81,1407.80,1410.35,1412.21,1413.96,1416.39,1418.50,1419.85,1420.13,1420.11,1419.27,1416.77,1412.27,1407.33,1402.72,1399.41,1397.66,1397.95,1401.16,1405.15,1409.04,1412.28,1414.24,1415.95,1416.98,1417.24,1417.16,1415.07,1412.12,1409.71,1409.30,1409.75,1409.90,1408.70,1405.49,1400.88,1396.58,1392.90,1390.33,1389.89,1390.07,1390.17,1389.83,1388.62,1385.94,1382.20,1378.24,1374.38,1370.62,1366.92,1363.39,1359.18,1353.20,1347.92,1343.14,1338.80,1334.91,1331.16,1328.06,1325.37,1322.67,1319.34,1315.84,1314.29,1315.22,1318.73,1322.07,1324.52,1326.40,1327.79,1328.62,1328.79,1328.76,1328.63,1328.25,1327.48,1326.53,1325.50,1324.53,1323.94,1323.53,1322.56,1320.60,1317.25,1312.97,1308.43,1303.68,1298.62,1293.77,1288.72,1283.38,1277.75,1271.94,1265.78,1259.98,1254.59
1047.51,1048.37,1048.49,1047.99,1047.29,1046.62,1046.03,1045.27,1044.60,1044.15,1044.05,1044.04,1043.30,1041.93,1040.04,1037.52,1034.34,1030.46,1026.06,1021.93,1017.74,1013.04,1007.67,1001.54,995.11,987.50,979.07,969.99,960.30,952.16,944.71,939.07,938.79,941.13,942.74,942.40,939.59,936.17,932.29,928.17,924.02,920.18,916.19,912.11,907.95,903.67,899.13,894.38,889.59,884.64,878.84,873.45,872.65,876.11,879.75,882.52,884.59,885.80,885.88,885.59,886.33,887.96,890.73,895.47,901.05,907.47,914.22,920.48,926.00,931.85,937.74,943.30,948.52,954.27,960.22,966.56,973.88,979.94,985.29,990.50,996.01,1002.12,1009.36,1016.92,1024.61,1032.99,1041.35,1050.06,1059.35,1069.55,1080.02,1089.61,1098.51,1106.92,1114.94,1123.24,1132.35,1140.37,1142.47,1144.37,1146.15,1148.22,1152.32,1163.24,1171.85,1178.62,1184.78,1191.57,1197.99,1204.91,1212.05,1218.36,1224.30,1229.88,1235.22,1240.41,1245.58,1252.07,1258.15,1262.86,1265.84,1269.17,1273.41,1278.15,1282.84,1287.54,1291.54,1295.59,1300.10,1304.79,1309.07,1313.10,1316.95,1320.58,1324.27,1328.65,1333.99,1339.90,1343.64,1347.25,1351.87,1357.41,1362.63,1367.51,1371.76,1375.39,1378.42,1380.97,1383.38,1385.70,1387.88,1389.88,1391.46,1393.20,1394.95,1396.14,1398.27,1400.06,1401.52,1402.92,1404.70,1406.59,1408.76,1411.03,1412.80,1415.47,1418.19,1420.15,1420.62,1420.83,1420.30,1418.25,1414.30,1409.64,1405.84,1403.18,1401.53,1401.06,1403.70,1407.24,1410.93,1414.40,1416.64,1418.23,1419.13,1419.38,1419.30,1417.93,1415.45,1413.07,1412.32,1412.21,1412.07,1411.02,1408.27,1403.57,1399.00,1395.84,1394.17,1393.43,1393.04,1392.72,1391.84,1389.64,1386.04,1381.84,1377.71,1373.84,1370.08,1366.64,1363.31,1359.25,1353.37,1348.01,1343.37,1339.05,1334.79,1330.57,1327.00,1323.75,1320.56,1317.17,1313.74,1311.35,1310.97,1313.48,1317.08,1320.05,1322.31,1323.83,1324.67,1325.00,1325.12,1325.15,1325.02,1324.40,1323.60,1322.73,1321.95,1321.60,1321.60,1321.33,1320.30,1317.78,1314.23,1310.33,1305.90,1300.66,1295.68,1290.70,1285.54,1280.13,1274.42,1268.32,1262.14,1256.03
1041.18,1041.57,1041.31,1040.51,1039.63,1038.87,1038.06,1037.08,1036.32,1035.84,1035.53,1035.38,1034.58,1033.22,1031.43,1029.20,1026.67,1023.77,1020.57,1017.39,1013.88,1009.73,1004.93,999.30,992.74,985.06,976.88,968.37,959.08,950.71,942.06,934.23,931.18,932.42,934.00,934.19,932.14,929.20,925.87,922.18,918.27,914.59,910.73,906.45,901.91,897.41,892.88,888.48,884.34,880.06,873.92,868.47,867.67,871.13,874.97,877.74,880.22,882.02,882.55,882.93,885.20,888.28,892.03,897.59,904.03,910.53,916.78,922.59,927.90,933.67,939.46,944.91,950.38,956.73,963.30,969.94,976.95,983.33,989.02,994.50,1000.27,1006.46,1012.73,1019.54,1027.10,1034.88,1043.19,1051.85,1060.93,1070.78,1081.08,1090.11,1098.51,1106.88,1115.25,1123.46,1132.26,1140.04,1142.30,1144.33,1146.34,1148.89,1154.10,1167.45,1174.90,1180.56,1187.16,1193.63,1199.99,1206.91,1214.05,1220.41,1226.38,1231.94,1237.27,1242.49,1247.75,1254.72,1260.53,1264.39,1267.56,1271.51,1276.30,1281.46,1286.52,1291.36,1295.41,1299.43,1303.81,1308.28,1312.16,1315.83,1319.34,1322.54,1325.80,1329.43,1333.87,1339.08,1342.86,1346.15,1350.01,1354.69,1359.74,1364.57,1368.84,1372.55,1375.71,1378.52,1380.94,1383.20,1385.44,1387.72,1389.50,1391.36,1393.33,1395.07,1397.57,1399.40,1400.70,1401.90,1403.30,1404.56,1406.54,1409.20,1411.36,1414.26,1417.36,1419.85,1420.77,1421.30,1420.91,1419.17,1415.84,1411.79,1409.13,1407.25,1405.75,1404.70,1406.26,1409.22,1412.81,1416.41,1418.66,1420.01,1420.80,1421.15,1421.15,1420.32,1418.43,1416.39,1415.42,1414.84,1414.26,1413.11,1410.73,1406.43,1401.83,1399.08,1398.00,1396.88,1395.74,1394.49,1392.66,1389.57,1385.16,1380.84,1376.86,1373.20,1369.59,1366.34,1363.12,1359.21,1353.81,1348.96,1344.70,1340.61,1336.44,1332.07,1327.83,1323.82,1320.03,1316.43,1312.86,1309.64,1307.86,1308.86,1311.96,1315.18,1317.78,1319.51,1320.49,1321.04,1321.36,1321.60,1321.73,1321.32,1320.59,1319.68,1318.77,1318.39,1318.71,1319.13,1319.12,1317.81,1315.03,1311.78,1307.84,1302.72,1297.62,1292.63,1287.62,1282.45,1276.97,1270.81,1264.34,1257.72
1035.30,1035.35,1034.49,1033.30,1032.27,1031.54,1030.79,1029.78,1028.80,1027.88,1026.89,1026.53,1025.47,1023.84,1022.01,1020.33,1018.91,1017.23,1015.13,1012.87,1009.88,1006.16,1001.71,996.25,989.74,982.51,974.73,966.38,957.76,949.19,940.13,931.19,924.72,923.61,924.35,924.93,924.09,921.59,919.07,916.18,912.68,908.78,904.63,899.52,893.86,888.63,884.64,881.12,877.51,873.16,866.92,862.46,862.14,865.62,870.32,873.39,876.13,878.40,879.69,880.62,884.18,888.93,894.18,900.12,907.01,913.40,919.10,924.44,929.65,935.24,940.79,946.13,951.97,958.76,965.56,972.14,978.89,985.76,992.22,998.40,1004.56,1010.64,1016.63,1023.43,1031.03,1037.76,1045.46,1053.92,1062.89,1072.30,1082.12,1090.63,1098.56,1106.63,1114.72,1123.08,1131.80,1139.33,1141.98,1144.09,1146.22,1149.17,1155.14,1168.77,1176.20,1182.20,1189.43,1195.58,1201.85,1208.65,1215.72,1222.41,1228.47,1234.06,1239.36,1244.54,1250.07,1256.92,1262.37,1265.86,1269.19,1273.97,1279.15,1284.38,1289.55,1294.12,1298.32,1302.37,1306.38,1310.42,1313.79,1317.01,1320.17,1323.07,1325.88,1328.66,1332.14,1336.72,1340.71,1343.88,1347.18,1351.12,1355.95,1360.70,1365.08,1369.02,1372.41,1375.21,1377.83,1380.30,1382.65,1384.96,1387.03,1389.05,1390.95,1392.54,1394.77,1396.49,1397.79,1398.96,1400.28,1401.59,1403.68,1406.65,1409.76,1412.96,1416.19,1419.00,1420.74,1421.72,1421.27,1419.57,1416.78,1413.77,1412.54,1411.59,1410.33,1408.93,1408.86,1411.16,1414.76,1418.30,1420.09,1421.10,1421.87,1422.48,1422.63,1421.90,1420.69,1419.43,1418.51,1417.70,1416.54,1414.92,1412.62,1409.32,1405.09,1402.52,1401.56,1400.22,1398.15,1395.28,1391.91,1388.06,1383.11,1379.04,1375.56,1372.35,1369.06,1365.87,1362.63,1358.91,1354.32,1350.70,1347.05,1343.47,1340.01,1336.02,1331.00,1326.10,1321.68,1317.62,1313.64,1309.60,1306.39,1305.39,1306.94,1309.91,1312.74,1314.79,1316.08,1316.96,1317.55,1318.02,1318.47,1318.32,1317.59,1316.38,1314.90,1314.24,1314.89,1315.93,1316.91,1317.26,1315.24,1312.61,1309.34,1304.78,1299.59,1294.56,1289.63,1284.69,1279.57,1273.24,1266.61,1259.83
1029.38,1029.19,1028.10,1026.76,1025.44,1024.24,1023.05,1021.58,1020.21,1018.94,1017.52,1016.89,1016.06,1014.95,1013.73,1012.71,1011.92,1010.96,1009.67,1008.03,1005.51,1002.05,997.74,992.49,986.60,980.04,972.60,964.26,956.04,947.40,938.12,928.72,920.86,916.76,915.93,916.42,916.50,915.13,913.00,910.14,906.49,902.18,897.32,891.84,886.06,880.53,875.90,871.79,868.10,864.57,860.19,857.87,858.28,861.06,865.10,869.08,872.64,875.76,878.40,880.74,885.24,890.61,896.34,902.67,909.37,915.45,920.85,925.87,931.16,936.67,942.07,947.36,953.48,960.04,966.40,972.68,979.73,987.05,994.20,1001.06,1007.58,1013.85,1020.07,1026.77,1033.92,1040.61,1047.89,1055.61,1063.80,1072.74,1082.15,1090.44,1098.06,1105.58,1113.43,1121.66,1130.47,1138.39,1141.76,1144.09,1146.29,1149.43,1155.76,1169.09,1177.08,1183.71,1191.18,1197.38,1203.70,1210.58,1217.71,1224.38,1230.51,1236.15,1241.42,1246.63,1252.86,1258.97,1263.74,1267.28,1271.15,1276.22,1281.11,1285.86,1290.79,1295.26,1299.41,1303.28,1306.86,1310.27,1313.21,1316.07,1318.91,1321.63,1324.17,1326.58,1329.41,1333.12,1337.09,1340.49,1343.85,1347.51,1351.69,1356.27,1360.93,1365.21,1368.59,1371.45,1374.15,1376.64,1378.92,1381.37,1383.63,1385.75,1387.68,1389.31,1391.21,1392.72,1393.82,1394.69,1395.90,1397.49,1399.98,1403.35,1406.87,1410.45,1413.96,1417.22,1419.87,1421.44,1421.64,1420.56,1418.38,1416.17,1415.48,1414.92,1413.97,1412.69,1412.18,1413.91,1416.87,1419.75,1421.33,1422.23,1422.95,1423.59,1423.95,1423.50,1422.66,1421.72,1420.84,1419.95,1418.62,1416.73,1414.19,1411.23,1407.76,1405.04,1403.08,1400.84,1397.53,1393.55,1389.38,1385.22,1380.55,1376.88,1373.71,1370.70,1367.69,1364.69,1361.63,1358.38,1354.83,1351.84,1348.68,1345.55,1342.55,1339.19,1334.15,1328.80,1323.79,1319.34,1314.88,1310.39,1306.02,1302.62,1302.54,1304.59,1307.13,1309.49,1311.34,1312.73,1313.73,1314.48,1315.12,1315.35,1314.54,1312.93,1311.01,1310.24,1311.51,1313.13,1314.53,1315.61,1314.83,1312.92,1310.13,1306.28,1301.44,1296.49,1291.55,1286.61,1281.61,1275.37,1268.72,1261.87
1023.52,1023.16,1022.04,1020.62,1019.04,1017.34,1015.62,1013.62,1011.81,1010.23,1008.63,1007.80,1007.25,1006.72,1006.11,1005.63,1005.23,1004.69,1003.90,1002.78,1000.69,997.52,993.45,988.58,983.46,977.54,970.38,962.01,954.08,945.46,936.09,926.48,917.85,911.08,908.26,908.10,908.97,908.70,906.77,903.75,899.85,895.16,889.76,884.26,878.56,872.34,867.02,862.39,858.79,856.43,854.25,854.11,855.35,857.59,860.86,865.75,870.30,874.40,878.36,882.20,887.30,892.86,898.64,905.03,911.33,917.13,922.38,927.17,932.46,937.92,943.25,948.54,954.77,960.93,966.75,972.72,980.11,987.61,995.11,1002.51,1009.61,1016.16,1022.71,1029.30,1035.96,1042.85,1049.83,1056.85,1064.23,1072.63,1081.63,1089.81,1097.24,1104.29,1111.74,1119.75,1128.84,1137.51,1141.57,1144.09,1146.32,1149.47,1155.87,1169.35,1178.09,1185.24,1192.75,1199.12,1205.55,1212.49,1219.65,1226.25,1232.49,1238.20,1243.47,1248.75,1255.64,1260.90,1265.01,1268.71,1273.16,1278.22,1282.64,1286.74,1291.21,1295.53,1299.49,1303.07,1306.22,1309.07,1311.66,1314.22,1316.79,1319.30,1321.66,1323.89,1326.28,1329.17,1332.85,1336.44,1339.98,1343.56,1347.21,1351.62,1356.43,1360.97,1364.49,1367.46,1370.20,1372.63,1374.82,1377.34,1379.63,1381.79,1383.78,1385.44,1387.04,1388.30,1389.16,1389.74,1390.89,1392.84,1395.82,1399.70,1403.67,1407.65,1411.42,1415.06,1418.49,1420.77,1421.85,1421.65,1420.20,1418.72,1418.27,1417.92,1417.26,1416.25,1415.70,1416.84,1418.91,1420.99,1422.46,1423.41,1424.12,1424.74,1425.29,1425.16,1424.59,1423.81,1422.93,1421.95,1420.51,1418.40,1415.58,1412.63,1409.72,1406.71,1403.59,1400.24,1395.72,1390.92,1386.27,1381.97,1377.83,1374.50,1371.44,1368.46,1365.68,1362.80,1359.98,1357.27,1354.67,1352.13,1349.50,1346.82,1344.17,1341.41,1336.65,1331.14,1325.70,1320.99,1316.13,1311.25,1305.93,1300.46,1298.66,1299.66,1301.74,1304.09,1306.20,1307.92,1309.28,1310.39,1311.40,1312.17,1311.42,1309.51,1307.19,1306.37,1308.21,1310.40,1312.15,1313.61,1314.03,1312.84,1310.54,1307.37,1303.01,1298.26,1293.35,1288.38,1283.39,1277.34,1270.71,1263.80
1017.85,1017.52,1016.65,1015.21,1013.52,1011.70,1009.61,1007.22,1005.03,1003.24,1001.93,1001.18,1000.66,1000.14,999.55,999.13,998.78,998.10,997.14,996.50,994.74,992.17,988.91,984.83,980.48,974.91,967.84,959.49,951.70,943.25,934.05,924.41,915.20,907.34,901.84,899.65,901.23,901.36,899.37,896.26,892.35,887.47,882.47,877.70,871.84,863.27,858.11,854.53,852.25,851.29,850.60,851.72,853.91,856.77,860.32,865.54,871.08,876.28,880.93,885.71,890.74,896.02,901.44,906.75,912.60,918.35,923.69,928.43,933.36,938.68,944.10,949.52,955.47,961.29,966.87,972.72,980.04,986.84,993.68,1001.19,1009.55,1016.51,1023.17,1029.69,1036.22,1043.18,1050.06,1056.95,1064.02,1071.66,1080.22,1088.30,1095.87,1102.96,1109.50,1117.16,1126.99,1136.99,1141.38,1143.89,1146.05,1148.83,1154.70,1170.38,1179.88,1186.98,1194.28,1200.73,1207.37,1214.24,1221.15,1227.78,1234.32,1240.13,1245.47,1250.94,1257.97,1262.63,1266.37,1270.23,1274.98,1279.69,1283.58,1287.02,1290.65,1294.44,1297.97,1301.12,1303.89,1306.57,1309.05,1311.43,1313.72,1315.89,1318.19,1320.52,1322.85,1325.23,1327.94,1331.25,1334.81,1338.49,1342.46,1346.78,1351.18,1355.61,1359.93,1363.13,1365.84,1368.24,1370.41,1372.66,1374.60,1376.61,1378.61,1380.18,1381.59,1382.56,1383.21,1383.81,1385.09,1387.43,1390.97,1395.59,1400.66,1405.02,1408.90,1412.59,1416.22,1419.47,1421.55,1422.43,1422.13,1421.37,1421.07,1420.78,1420.29,1419.63,1419.18,1419.58,1420.60,1421.96,1423.39,1424.67,1425.61,1426.22,1426.81,1427.04,1426.68,1425.92,1425.01,1423.74,1421.96,1419.62,1416.63,1413.28,1409.96,1406.50,1402.71,1398.22,1392.93,1387.76,1382.96,1378.70,1375.07,1371.71,1368.33,1365.04,1362.32,1359.31,1356.69,1354.46,1352.35,1350.30,1348.34,1346.22,1343.80,1341.25,1337.02,1331.87,1326.57,1321.97,1316.96,1311.59,1305.71,1299.64,1295.92,1296.07,1297.51,1298.97,1300.07,1301.36,1302.79,1304.47,1306.58,1308.25,1308.11,1306.33,1303.60,1302.70,1304.74,1307.46,1309.87,1311.52,1312.50,1312.04,1310.37,1307.61,1303.77,1299.46,1294.85,1289.96,1284.88,1279.11,1272.48,1265.44
1012.33,1012.13,1011.42,1009.84,1007.88,1005.62,1002.42,999.01,996.29,994.39,993.15,992.35,991.82,991.35,990.88,990.66,990.61,990.31,989.76,989.43,988.24,986.39,983.99,980.86,976.98,971.48,964.62,956.73,948.92,940.41,931.57,922.38,912.64,904.73,897.31,892.55,892.71,892.81,891.00,888.03,884.23,879.64,874.06,868.10,861.85,855.56,852.09,849.96,848.77,848.57,849.00,850.90,853.83,857.42,861.52,866.68,872.77,878.82,884.01,889.19,894.34,899.65,905.04,910.09,915.51,920.89,926.00,930.69,935.53,940.97,946.67,952.38,958.01,963.17,968.18,973.55,980.12,985.92,991.99,999.13,1007.71,1015.36,1022.27,1028.88,1035.44,1042.34,1049.30,1056.28,1063.21,1070.13,1078.25,1086.13,1093.72,1100.97,1107.26,1114.62,1124.50,1135.04,1140.36,1142.41,1144.23,1146.98,1153.21,1170.82,1181.41,1188.76,1195.89,1202.60,1209.30,1215.95,1222.61,1229.34,1235.93,1241.90,1247.47,1253.08,1259.66,1263.95,1267.62,1271.60,1276.20,1280.33,1283.59,1286.42,1289.38,1292.54,1295.68,1298.59,1301.18,1303.61,1305.94,1308.14,1310.22,1312.16,1314.06,1316.04,1318.14,1320.38,1322.86,1326.00,1329.43,1333.14,1337.47,1342.07,1346.36,1350.45,1354.48,1357.57,1360.48,1363.17,1365.50,1367.58,1369.28,1371.07,1372.89,1374.35,1375.56,1376.44,1377.15,1377.97,1379.50,1382.21,1386.26,1391.55,1397.32,1402.24,1406.36,1410.06,1413.73,1417.31,1419.99,1421.75,1422.56,1422.77,1423.10,1423.19,1422.95,1422.44,1422.15,1422.11,1422.47,1423.40,1424.58,1425.84,1426.91,1427.72,1428.35,1428.67,1428.50,1427.87,1426.76,1425.09,1422.89,1420.15,1416.80,1413.06,1408.97,1404.71,1400.24,1395.28,1389.57,1384.18,1379.42,1375.46,1372.06,1368.55,1364.85,1361.19,1358.13,1354.97,1352.55,1350.67,1348.86,1347.44,1346.14,1344.61,1342.59,1340.04,1336.07,1331.29,1326.29,1321.73,1316.59,1310.97,1304.95,1298.75,1293.63,1292.65,1293.15,1293.81,1294.43,1295.45,1296.89,1298.79,1301.23,1303.36,1303.89,1302.73,1300.49,1300.07,1302.39,1305.38,1308.00,1309.66,1310.87,1310.90,1309.76,1307.39,1304.09,1300.33,1296.07,1291.27,1286.14,1280.43,1273.88,1266.95
1006.81,1006.84,1006.23,1004.43,1002.08,999.15,994.54,989.83,986.51,984.60,983.32,982.44,981.90,981.51,981.17,981.19,981.46,981.77,981.96,981.84,981.37,980.34,978.80,976.61,972.87,967.35,960.87,953.72,945.83,937.16,928.79,920.28,910.23,902.83,894.15,886.69,883.97,883.50,881.86,879.12,875.51,871.21,864.85,857.31,851.06,849.38,848.24,847.62,847.32,847.50,848.72,851.12,854.63,858.99,863.68,868.66,875.10,881.82,887.40,892.66,898.09,903.65,909.21,914.53,919.62,924.51,929.25,933.92,938.92,944.59,950.58,956.51,961.77,966.17,970.50,975.25,980.73,985.56,991.00,997.62,1005.75,1014.03,1021.19,1027.95,1034.64,1041.26,1048.22,1055.37,1062.26,1068.50,1076.13,1083.63,1091.06,1098.45,1104.94,1112.06,1121.53,1132.03,1138.46,1140.01,1141.42,1144.27,1151.24,1170.80,1182.73,1190.55,1197.52,1204.60,1211.24,1217.58,1223.97,1230.81,1237.31,1243.46,1249.37,1255.11,1260.85,1264.90,1268.62,1272.60,1276.74,1280.18,1282.82,1285.12,1287.58,1290.10,1292.91,1295.69,1298.21,1300.36,1302.49,1304.50,1306.40,1308.17,1309.49,1310.90,1312.62,1314.77,1317.38,1320.35,1323.65,1327.47,1332.25,1337.33,1341.80,1345.59,1348.82,1351.56,1354.63,1357.60,1360.07,1362.00,1363.67,1365.33,1366.99,1368.38,1369.44,1370.38,1371.33,1372.48,1374.30,1377.33,1381.78,1387.54,1393.75,1399.34,1403.79,1407.51,1411.11,1414.59,1417.57,1420.00,1421.77,1423.02,1424.16,1424.84,1424.95,1424.59,1424.58,1424.43,1424.50,1425.19,1426.00,1427.00,1428.10,1429.15,1429.83,1430.09,1430.05,1429.55,1428.13,1425.92,1423.18,1419.88,1416.01,1411.98,1407.02,1401.86,1396.81,1391.79,1385.95,1380.55,1375.98,1372.40,1369.15,1365.64,1361.84,1357.91,1354.34,1350.94,1348.45,1346.54,1344.72,1343.93,1343.20,1342.22,1340.64,1338.00,1334.14,1329.71,1325.10,1320.50,1315.26,1309.58,1303.70,1297.77,1292.05,1289.94,1289.33,1289.17,1289.44,1290.12,1291.42,1293.32,1295.73,1298.08,1299.22,1298.92,1297.66,1298.12,1300.83,1303.89,1306.40,1307.94,1309.17,1309.51,1308.77,1306.74,1303.99,1300.84,1296.96,1292.25,1287.13,1281.35,1274.94,1268.29
1000.75,1001.31,1000.71,998.68,995.86,992.25,987.19,981.90,978.22,976.30,975.37,974.75,974.30,973.90,973.50,973.25,973.14,973.33,973.77,974.05,974.29,974.09,973.33,971.56,967.10,962.06,956.56,950.09,942.25,933.88,925.88,917.79,908.32,901.04,892.10,883.06,876.80,873.99,871.60,868.98,865.46,859.74,855.16,851.07,847.97,847.10,846.31,846.10,846.40,847.25,848.73,851.51,855.64,860.60,865.31,870.90,878.05,885.23,890.91,896.40,902.28,908.13,913.74,919.25,924.50,929.39,934.13,939.14,944.61,950.19,955.70,960.96,965.68,969.96,974.34,979.03,984.02,988.99,994.88,1001.81,1009.67,1017.15,1024.00,1030.83,1037.55,1043.03,1048.88,1055.74,1062.74,1068.35,1075.04,1081.67,1088.36,1095.32,1102.12,1109.06,1118.10,1128.15,1134.51,1136.92,1138.57,1140.97,1147.72,1170.27,1183.93,1192.20,1198.97,1206.43,1212.81,1218.85,1225.00,1231.60,1238.07,1244.44,1250.69,1256.61,1261.48,1265.20,1268.60,1272.04,1275.59,1278.50,1280.87,1283.03,1285.28,1287.56,1290.03,1292.57,1295.01,1297.06,1298.89,1300.59,1302.22,1303.77,1304.87,1306.03,1307.11,1308.16,1310.16,1312.65,1316.14,1320.83,1326.46,1332.01,1337.11,1341.62,1345.21,1347.53,1349.66,1351.61,1353.30,1354.94,1357.20,1359.70,1362.05,1363.73,1364.98,1366.05,1367.19,1368.63,1370.52,1373.69,1377.94,1383.37,1390.12,1396.22,1401.13,1405.13,1408.54,1411.85,1414.83,1417.43,1419.55,1421.14,1422.48,1423.56,1424.39,1424.97,1425.63,1426.29,1426.81,1427.18,1427.87,1428.57,1429.36,1430.22,1430.93,1431.16,1430.95,1430.25,1428.57,1425.34,1421.68,1417.49,1412.88,1409.16,1403.94,1398.69,1393.74,1388.45,1382.89,1378.08,1373.94,1370.40,1367.86,1365.67,1362.95,1359.49,1355.79,1351.68,1347.67,1343.98,1341.05,1340.25,1339.70,1338.80,1337.29,1335.00,1331.28,1327.12,1322.78,1317.96,1312.74,1307.16,1301.63,1296.70,1292.93,1290.84,1289.37,1287.93,1286.21,1285.56,1286.06,1287.87,1291.27,1294.08,1295.46,1295.42,1294.66,1296.30,1299.56,1302.56,1304.71,1306.16,1307.49,1307.90,1307.19,1305.28,1303.09,1300.50,1297.01,1292.45,1287.41,1281.57,1275.40,1269.14
994.52,995.40,994.96,992.93,989.91,985.87,980.25,974.00,969.49,967.20,966.65,966.31,966.02,965.72,965.39,965.04,964.75,964.81,965.23,965.64,966.11,966.31,966.07,964.79,960.76,956.57,951.94,946.11,938.54,930.69,922.74,914.62,906.25,898.97,889.47,879.08,870.42,865.62,862.43,859.76,856.59,851.13,848.32,846.88,845.96,845.28,845.12,845.74,846.70,847.76,849.05,852.47,857.22,862.40,867.04,873.51,881.34,888.79,894.48,900.39,906.73,912.92,918.75,924.37,929.59,934.54,939.47,944.72,950.22,955.55,960.61,965.30,969.54,973.75,978.23,983.01,987.95,993.36,999.80,1006.99,1014.44,1021.13,1027.75,1034.36,1040.50,1045.02,1050.37,1057.10,1064.08,1069.46,1075.53,1081.63,1087.88,1094.49,1101.20,1108.04,1116.50,1125.66,1131.65,1134.72,1136.70,1139.00,1145.84,1170.46,1185.27,1193.71,1200.12,1207.71,1213.82,1219.62,1225.63,1232.02,1238.29,1244.86,1251.38,1257.18,1261.48,1264.88,1267.90,1270.82,1273.81,1276.17,1278.33,1280.38,1282.37,1284.60,1286.90,1289.22,1291.50,1293.65,1295.33,1296.83,1298.24,1299.49,1300.37,1301.22,1301.77,1302.02,1303.40,1305.40,1308.92,1314.20,1320.54,1326.40,1332.01,1337.23,1341.49,1343.95,1345.48,1346.68,1347.80,1349.06,1351.11,1353.73,1356.46,1358.58,1360.36,1362.10,1363.77,1365.40,1367.44,1370.61,1374.61,1379.64,1386.31,1392.85,1398.26,1402.56,1405.90,1409.01,1411.97,1414.63,1416.84,1418.56,1419.98,1421.39,1422.79,1424.05,1425.23,1426.51,1427.55,1428.12,1429.06,1429.70,1430.29,1430.97,1431.63,1431.79,1431.39,1430.39,1428.37,1424.52,1420.08,1415.01,1409.71,1406.14,1401.00,1395.88,1391.07,1385.72,1380.66,1376.75,1373.53,1370.68,1368.88,1367.65,1365.68,1362.53,1358.62,1353.85,1348.62,1343.40,1339.10,1337.37,1336.14,1334.86,1333.38,1331.35,1327.80,1323.66,1319.21,1314.28,1309.73,1305.27,1301.07,1297.64,1295.80,1293.93,1291.76,1289.10,1285.75,1283.42,1282.39,1283.17,1286.64,1289.92,1291.63,1291.89,1291.55,1293.88,1297.81,1301.08,1303.14,1304.55,1305.92,1306.36,1305.69,1303.93,1302.17,1299.87,1296.57,1292.17,1287.19,1281.39,1275.52,1269.61
988.20,989.03,988.98,987.29,984.48,980.37,973.81,965.92,959.82,956.56,956.27,956.18,956.13,956.11,956.12,956.07,956.06,956.14,956.27,956.35,956.35,956.34,956.22,955.64,953.98,951.01,947.00,941.74,934.76,927.62,919.27,910.50,903.76,896.39,885.63,873.99,864.82,859.06,855.24,852.31,849.91,847.64,845.92,844.64,843.67,843.24,844.63,846.97,848.75,849.26,849.86,854.30,859.63,864.52,869.13,876.67,885.02,892.46,898.10,904.67,911.45,918.09,924.36,929.99,934.79,939.78,945.06,950.30,955.12,960.03,964.87,969.34,973.27,977.34,981.84,986.81,992.19,998.22,1005.08,1012.21,1019.00,1025.33,1031.95,1037.88,1042.58,1046.61,1052.71,1059.65,1066.40,1072.12,1078.13,1084.36,1090.79,1097.32,1103.37,1110.17,1117.83,1125.51,1131.03,1134.09,1136.33,1139.20,1146.94,1171.93,1186.85,1195.03,1200.85,1208.17,1214.05,1219.74,1225.75,1232.06,1237.79,1244.56,1251.19,1256.44,1260.62,1263.72,1266.39,1268.93,1271.43,1273.21,1275.14,1277.06,1278.63,1280.98,1283.35,1285.51,1287.58,1290.03,1291.83,1293.33,1294.60,1295.44,1296.01,1296.43,1296.66,1296.84,1297.81,1299.39,1302.62,1307.87,1314.57,1320.55,1326.33,1331.99,1337.06,1340.50,1342.25,1343.42,1344.51,1345.31,1345.81,1347.24,1349.64,1352.36,1355.08,1358.24,1360.98,1362.70,1365.05,1368.09,1371.92,1376.63,1382.24,1389.17,1395.08,1399.66,1403.09,1406.01,1409.00,1411.67,1413.72,1415.44,1416.94,1418.56,1420.24,1421.62,1422.98,1424.39,1425.85,1427.37,1429.08,1430.02,1430.68,1431.28,1431.76,1431.80,1431.26,1429.95,1427.43,1423.71,1418.78,1412.98,1407.08,1403.31,1398.57,1393.75,1389.01,1383.98,1379.65,1376.92,1375.29,1374.19,1373.02,1371.86,1369.84,1366.54,1362.21,1356.96,1351.31,1345.44,1339.66,1335.82,1332.74,1330.48,1329.00,1326.97,1323.64,1319.22,1314.16,1309.38,1306.47,1304.59,1303.06,1301.68,1301.05,1299.41,1296.71,1293.07,1289.03,1284.80,1281.31,1279.67,1281.55,1285.20,1287.47,1288.22,1288.29,1290.50,1295.26,1299.33,1301.78,1303.18,1304.52,1304.99,1304.46,1302.94,1301.42,1298.99,1295.63,1291.35,1286.38,1280.78,1275.25,1269.59
982.31,983.47,983.50,981.84,978.78,974.22,967.94,959.92,952.79,947.75,945.77,945.25,945.56,946.20,946.81,947.05,947.30,947.55,947.77,947.92,948.03,948.17,948.29,948.20,947.36,945.22,941.79,936.91,930.86,923.73,915.37,906.86,900.41,891.72,879.80,867.84,859.30,853.53,850.13,848.01,846.62,845.12,843.64,842.33,841.76,843.06,846.10,849.11,851.34,852.52,853.34,857.91,863.11,868.04,873.70,881.17,888.92,895.97,901.92,908.72,915.61,922.41,928.99,934.95,939.69,944.36,949.23,954.15,958.93,963.60,968.15,972.45,976.34,980.88,985.88,991.23,996.96,1003.28,1010.00,1016.73,1023.12,1029.39,1035.54,1040.65,1044.43,1048.13,1055.10,1062.61,1069.33,1074.70,1080.78,1087.65,1094.69,1101.40,1107.61,1114.02,1120.68,1127.01,1131.58,1134.28,1136.51,1140.70,1151.52,1175.45,1188.71,1195.79,1201.21,1208.24,1214.13,1219.80,1225.60,1231.45,1236.87,1243.04,1249.10,1254.07,1257.93,1261.05,1263.53,1265.53,1267.49,1269.23,1270.89,1272.34,1273.50,1275.30,1277.53,1279.85,1282.14,1284.47,1286.33,1287.98,1289.38,1290.22,1290.68,1291.12,1291.52,1292.03,1293.46,1295.45,1298.50,1303.03,1309.25,1315.42,1320.89,1326.00,1331.03,1334.85,1337.17,1338.83,1340.12,1340.69,1340.80,1341.54,1343.23,1345.98,1349.36,1352.92,1356.38,1359.56,1362.79,1365.98,1369.48,1373.60,1378.72,1385.27,1391.27,1396.13,1399.62,1402.57,1405.51,1408.21,1410.43,1412.26,1413.77,1415.34,1417.04,1418.75,1420.58,1422.23,1423.84,1425.62,1427.56,1428.99,1430.04,1430.75,1431.09,1431.09,1430.52,1429.14,1426.57,1423.15,1418.50,1412.62,1406.12,1401.59,1397.19,1393.00,1389.02,1385.14,1382.16,1380.13,1378.93,1378.39,1377.71,1376.55,1374.13,1370.21,1365.45,1359.55,1353.62,1347.71,1341.60,1336.63,1332.33,1328.91,1326.41,1323.74,1320.38,1316.96,1313.82,1311.37,1310.03,1309.29,1308.50,1307.21,1305.84,1303.70,1300.76,1297.01,1292.65,1287.88,1282.91,1278.95,1278.25,1280.75,1282.88,1283.96,1284.68,1287.93,1293.02,1297.64,1300.82,1302.19,1303.38,1303.69,1303.16,1301.89,1300.28,1297.68,1294.36,1290.27,1285.08,1279.66,1274.39,1268.86
976.39,978.05,978.21,976.57,973.29,968.38,962.63,954.96,947.11,940.33,936.18,934.85,935.30,936.46,937.62,938.12,938.59,939.07,939.52,939.96,940.42,940.82,941.15,941.38,940.83,939.34,936.45,931.88,926.56,919.21,911.05,903.17,896.33,885.87,873.37,861.86,854.05,848.49,845.89,844.86,844.40,842.97,841.35,840.28,840.75,844.12,848.23,851.35,853.82,855.92,857.54,862.06,867.08,872.25,878.97,886.02,892.96,899.57,905.85,912.71,919.54,926.34,933.09,939.38,944.23,948.54,952.82,957.39,962.21,966.72,971.03,975.26,979.39,984.59,990.22,995.98,1001.95,1008.48,1014.89,1021.11,1027.21,1033.42,1038.93,1043.29,1046.56,1050.18,1057.78,1065.68,1072.35,1077.46,1083.81,1091.40,1099.15,1106.22,1112.58,1118.16,1123.47,1128.43,1132.25,1134.83,1137.24,1143.14,1157.53,1179.21,1190.33,1196.27,1201.38,1207.98,1213.88,1219.52,1225.08,1230.47,1235.57,1240.89,1246.18,1250.89,1254.23,1257.26,1259.58,1261.20,1262.81,1264.68,1266.15,1267.23,1268.14,1269.37,1271.35,1273.71,1276.13,1278.18,1280.08,1281.85,1283.36,1284.31,1284.80,1285.45,1286.22,1287.26,1289.45,1292.16,1295.22,1298.98,1304.37,1310.56,1315.67,1320.10,1324.70,1328.45,1331.20,1333.32,1334.77,1335.24,1335.38,1335.83,1337.11,1340.08,1344.15,1347.90,1351.81,1356.39,1360.50,1363.91,1367.16,1370.73,1375.45,1381.36,1387.23,1392.33,1395.98,1399.04,1401.86,1404.50,1406.89,1408.89,1410.45,1411.96,1413.63,1415.65,1417.89,1419.81,1421.59,1423.48,1425.45,1427.30,1428.72,1429.56,1429.89,1429.89,1429.38,1428.13,1425.76,1422.76,1418.66,1412.91,1405.88,1400.66,1396.78,1393.56,1390.66,1387.98,1386.12,1384.52,1383.33,1382.74,1381.93,1380.39,1377.46,1373.03,1368.01,1361.66,1355.56,1349.72,1343.62,1337.99,1332.90,1328.49,1324.87,1321.59,1318.54,1316.63,1315.93,1315.94,1315.83,1315.47,1314.57,1312.73,1310.28,1307.53,1304.35,1300.55,1296.01,1291.21,1285.45,1279.73,1276.43,1276.91,1278.40,1279.71,1281.23,1285.71,1290.94,1295.88,1299.71,1301.23,1302.28,1302.39,1301.81,1300.68,1298.89,1296.13,1292.86,1288.95,1283.53,1278.32,1273.23,1267.82
969.90,972.26,973.04,971.71,968.75,964.30,958.65,951.25,943.32,935.72,929.83,927.12,926.78,927.64,928.85,929.53,930.16,930.89,931.76,932.75,933.66,934.32,934.74,934.91,934.50,933.42,930.99,926.63,921.07,913.42,905.84,898.72,890.66,878.20,866.99,857.56,849.66,844.06,842.49,842.40,842.33,841.11,838.86,839.19,842.43,847.49,850.58,852.98,855.29,857.89,861.38,866.20,871.58,877.39,884.01,890.67,897.25,903.65,909.89,916.76,923.27,929.78,936.40,942.64,947.83,952.06,955.97,960.32,964.83,969.27,973.60,977.99,983.02,988.97,995.15,1001.21,1007.11,1013.97,1020.10,1025.78,1031.68,1037.47,1042.25,1046.27,1049.88,1054.10,1061.42,1068.67,1075.03,1080.95,1088.11,1096.16,1104.46,1112.19,1117.91,1121.51,1124.51,1127.81,1132.12,1135.77,1139.30,1147.39,1164.84,1181.65,1190.78,1196.38,1201.22,1207.01,1212.62,1218.12,1223.57,1228.87,1233.44,1237.88,1242.40,1246.63,1249.03,1251.23,1253.30,1255.26,1257.24,1259.22,1260.90,1262.28,1263.47,1264.75,1266.27,1267.95,1269.72,1271.42,1273.33,1274.94,1276.20,1277.23,1278.09,1279.13,1280.45,1282.29,1285.30,1288.96,1292.59,1296.13,1300.24,1305.82,1310.96,1315.35,1319.03,1321.73,1324.15,1326.09,1327.30,1327.84,1328.26,1329.30,1331.56,1336.00,1341.11,1345.40,1349.34,1353.56,1357.94,1361.62,1364.97,1368.39,1372.51,1377.63,1383.10,1388.28,1392.44,1395.69,1398.21,1400.47,1402.70,1404.99,1406.76,1408.40,1410.14,1412.17,1414.35,1416.58,1418.84,1421.06,1422.94,1424.70,1426.07,1426.97,1427.68,1427.80,1427.58,1426.82,1425.03,1422.72,1419.23,1413.69,1406.39,1401.31,1398.64,1397.10,1395.74,1393.59,1391.46,1389.75,1388.35,1386.82,1383.90,1380.82,1377.37,1373.32,1368.57,1362.63,1356.58,1350.58,1344.47,1338.78,1333.67,1329.04,1324.99,1321.89,1320.60,1320.67,1321.52,1322.18,1322.13,1321.08,1319.20,1316.66,1313.96,1310.98,1307.28,1302.81,1298.16,1293.63,1288.40,1282.75,1277.76,1274.83,1274.79,1276.17,1278.64,1283.90,1289.12,1293.81,1297.67,1300.01,1301.01,1301.03,1300.35,1298.97,1297.02,1294.25,1290.99,1287.06,1281.73,1276.69,1271.67,1266.38
963.51,965.95,967.18,966.51,964.21,960.24,954.82,947.93,940.15,932.13,924.96,919.87,918.22,918.74,920.13,921.14,922.16,923.30,924.55,925.85,926.98,927.74,928.19,928.33,927.88,926.90,924.63,920.47,915.05,907.73,900.50,893.39,884.60,872.47,862.29,853.46,845.11,840.45,839.64,839.77,839.50,838.40,837.38,839.96,845.15,849.94,852.43,854.51,856.73,859.72,865.12,870.62,876.49,882.79,889.20,895.54,901.53,907.45,913.69,920.16,926.29,932.54,939.08,945.52,950.34,954.19,958.00,962.76,967.41,971.92,976.54,981.57,987.36,993.49,999.53,1005.45,1011.54,1018.22,1024.02,1029.62,1035.83,1041.06,1045.41,1049.47,1053.64,1058.50,1065.54,1072.26,1078.45,1085.17,1092.67,1101.12,1109.63,1116.98,1121.47,1123.98,1125.99,1128.59,1133.07,1137.45,1143.58,1154.12,1170.82,1183.65,1191.06,1196.12,1200.61,1205.81,1210.97,1216.15,1221.37,1226.40,1230.59,1234.63,1238.63,1242.19,1244.09,1245.87,1247.74,1249.71,1251.76,1253.80,1255.56,1257.10,1258.50,1259.92,1261.34,1262.81,1264.34,1265.89,1267.63,1269.04,1270.12,1271.12,1272.12,1273.35,1275.02,1277.50,1281.08,1285.25,1289.40,1293.28,1296.83,1301.40,1306.15,1310.58,1314.17,1316.49,1318.44,1319.90,1320.69,1321.13,1321.68,1323.26,1326.48,1332.22,1338.35,1343.11,1347.04,1350.91,1355.24,1359.14,1362.69,1366.09,1369.82,1374.25,1379.18,1384.15,1388.56,1392.25,1394.81,1396.90,1398.98,1401.22,1403.02,1404.70,1406.48,1408.51,1410.80,1413.29,1415.82,1418.16,1420.17,1422.05,1423.48,1424.44,1425.26,1425.44,1425.39,1425.04,1423.99,1422.47,1419.39,1414.45,1408.19,1404.07,1402.38,1401.52,1400.54,1398.56,1396.07,1393.62,1391.25,1388.51,1384.20,1380.27,1376.53,1372.63,1368.03,1362.65,1356.78,1350.71,1344.75,1339.07,1334.06,1329.63,1326.07,1324.47,1324.72,1326.11,1327.78,1328.36,1327.73,1325.88,1323.28,1320.25,1317.07,1313.75,1309.88,1305.25,1300.16,1295.57,1290.68,1285.30,1279.60,1274.68,1272.71,1273.40,1276.74,1282.24,1287.31,1291.71,1295.34,1297.83,1298.85,1298.91,1298.28,1296.87,1294.91,1292.32,1289.08,1285.03,1280.01,1275.05,1270.01,1264.79
957.29,959.41,960.87,960.99,959.49,956.03,950.96,944.68,937.23,929.03,920.95,913.00,909.75,909.89,911.46,912.79,914.30,915.89,917.47,918.92,920.11,920.92,921.41,921.55,921.01,919.91,917.61,913.62,908.61,902.01,894.96,887.47,878.53,868.10,858.57,849.42,840.77,837.60,837.13,836.89,836.10,835.27,836.86,842.06,848.33,851.60,853.87,855.97,858.27,861.79,868.89,875.32,881.72,888.26,894.43,900.49,905.77,911.10,917.25,923.11,928.89,934.93,941.42,948.08,952.09,955.36,959.30,964.95,970.00,974.71,979.82,985.77,992.10,997.95,1003.40,1008.92,1015.34,1021.48,1027.00,1032.82,1039.55,1044.24,1048.47,1052.87,1057.70,1063.18,1069.91,1076.22,1082.41,1089.81,1097.43,1106.16,1114.46,1120.58,1123.60,1125.80,1127.92,1130.65,1135.13,1140.11,1149.57,1162.28,1175.44,1185.13,1191.13,1195.57,1199.66,1204.44,1209.02,1213.74,1218.60,1223.25,1227.22,1231.18,1234.82,1237.62,1239.40,1241.11,1242.82,1244.56,1246.41,1248.42,1250.17,1251.72,1253.26,1254.84,1256.43,1258.02,1259.62,1261.16,1262.64,1263.88,1264.90,1265.80,1266.80,1268.06,1269.94,1272.86,1276.81,1281.12,1285.72,1290.25,1293.84,1297.32,1301.36,1305.71,1309.64,1312.05,1313.57,1314.43,1314.74,1314.99,1315.68,1317.80,1321.82,1328.40,1335.48,1340.72,1344.70,1348.35,1352.41,1356.47,1360.26,1363.75,1367.28,1371.13,1375.43,1379.96,1384.36,1388.60,1391.46,1393.64,1395.62,1397.57,1399.26,1400.92,1402.69,1404.74,1407.25,1409.95,1412.55,1414.88,1417.15,1419.26,1420.87,1421.91,1422.68,1422.89,1422.93,1422.89,1422.67,1421.93,1419.26,1415.25,1410.83,1408.10,1407.11,1406.23,1404.83,1402.70,1399.77,1396.24,1392.50,1388.56,1383.56,1379.28,1375.37,1371.38,1366.80,1361.94,1356.29,1350.25,1344.57,1338.99,1334.20,1330.30,1327.94,1328.58,1330.13,1332.26,1334.22,1334.24,1332.69,1330.09,1326.95,1323.57,1319.74,1316.00,1312.16,1307.78,1302.10,1297.14,1292.38,1287.35,1281.66,1275.93,1271.89,1271.32,1275.21,1280.55,1285.38,1289.48,1292.77,1294.98,1296.05,1296.24,1295.74,1294.48,1292.61,1290.26,1287.07,1282.89,1278.29,1273.37,1268.30,1263.13
951.65,953.70,954.81,954.96,953.84,951.00,946.47,940.53,933.26,925.01,916.30,906.86,902.58,901.96,902.84,903.88,905.25,906.87,908.67,910.40,911.88,913.02,913.81,914.08,913.68,912.64,910.49,906.72,901.61,895.33,888.64,881.66,873.82,863.04,853.31,845.14,838.85,836.04,834.44,833.18,832.44,833.43,837.78,844.18,850.15,852.73,854.97,857.08,860.37,865.92,873.41,880.57,887.17,893.31,899.16,904.92,910.04,915.03,920.51,926.15,931.93,938.06,944.44,950.15,953.76,956.80,960.93,967.74,972.79,977.79,983.48,989.98,996.22,1001.52,1006.67,1012.22,1018.54,1024.16,1029.84,1035.87,1042.09,1046.87,1051.58,1056.56,1061.95,1067.79,1073.71,1079.79,1086.31,1093.83,1102.47,1111.05,1118.01,1122.25,1124.88,1127.22,1130.26,1134.29,1139.26,1145.78,1156.53,1168.50,1177.70,1184.93,1190.37,1194.75,1198.57,1202.74,1206.83,1210.91,1215.13,1219.64,1223.70,1227.34,1230.47,1232.92,1234.84,1236.64,1238.30,1239.81,1241.35,1243.03,1244.72,1246.38,1247.96,1249.50,1251.06,1252.61,1254.16,1255.75,1257.33,1258.77,1260.02,1261.07,1262.16,1263.48,1265.38,1268.32,1272.43,1276.86,1281.51,1286.21,1290.46,1293.89,1297.14,1300.39,1303.54,1305.96,1307.47,1308.30,1308.64,1309.09,1310.69,1313.63,1317.77,1323.24,1331.12,1337.15,1341.60,1345.43,1349.37,1353.40,1357.33,1361.05,1364.50,1368.06,1371.83,1375.78,1379.85,1383.98,1387.33,1390.06,1392.26,1394.03,1395.64,1397.26,1398.96,1400.92,1403.55,1406.30,1408.91,1411.30,1413.59,1415.75,1417.57,1418.89,1419.74,1420.12,1420.28,1420.49,1420.88,1420.67,1419.25,1416.59,1413.11,1410.75,1409.93,1409.19,1407.72,1404.83,1401.22,1397.20,1393.16,1389.14,1384.08,1379.30,1374.86,1370.52,1365.69,1360.74,1355.01,1349.06,1343.91,1338.83,1334.57,1331.65,1330.82,1332.52,1334.95,1337.43,1339.18,1338.74,1336.95,1334.00,1330.36,1326.31,1321.98,1317.93,1313.99,1309.68,1304.02,1298.62,1293.67,1288.82,1283.40,1277.52,1272.20,1270.10,1272.95,1278.09,1282.74,1286.63,1289.80,1292.18,1293.18,1293.38,1293.01,1291.98,1290.11,1287.61,1284.45,1280.57,1276.21,1271.46,1266.57,1261.59
945.68,947.81,948.73,948.86,948.00,945.68,941.57,935.73,928.51,920.32,911.59,901.80,896.31,894.41,894.66,895.41,896.73,898.38,900.19,901.95,903.52,904.85,905.85,906.29,906.07,905.00,902.80,899.08,894.10,888.50,882.62,876.25,868.43,857.60,848.27,841.45,837.39,834.70,832.25,830.25,829.64,832.52,838.93,845.89,851.37,853.63,855.87,858.21,862.73,870.46,878.24,885.59,891.99,897.69,903.50,909.25,914.40,919.17,923.98,929.40,935.17,941.34,947.48,952.09,955.45,958.89,963.61,970.66,975.61,980.94,987.09,993.76,999.57,1004.43,1009.36,1014.84,1020.90,1026.26,1032.12,1038.31,1044.20,1049.38,1054.56,1060.00,1065.79,1071.77,1077.26,1083.29,1090.04,1097.53,1106.66,1114.73,1120.45,1123.37,1125.96,1128.72,1132.82,1138.15,1143.64,1151.30,1162.01,1172.39,1178.67,1184.21,1189.27,1193.60,1197.20,1200.89,1204.57,1208.09,1211.66,1215.72,1219.72,1223.20,1226.07,1228.29,1230.31,1232.19,1233.83,1235.25,1236.57,1238.00,1239.59,1241.23,1242.80,1244.30,1245.83,1247.34,1248.81,1250.33,1251.92,1253.51,1254.99,1256.26,1257.49,1258.89,1260.82,1263.76,1267.92,1272.47,1277.13,1281.84,1286.48,1290.03,1292.78,1295.13,1297.31,1299.25,1300.57,1301.44,1302.09,1302.92,1305.22,1308.95,1313.49,1318.22,1325.72,1332.43,1337.78,1341.95,1346.01,1350.06,1354.11,1358.05,1361.58,1364.98,1368.37,1371.84,1375.53,1379.41,1383.02,1386.11,1388.53,1390.30,1391.91,1393.53,1395.21,1397.04,1399.64,1402.43,1405.12,1407.59,1409.87,1412.04,1413.96,1415.47,1416.38,1416.87,1417.14,1417.52,1418.28,1418.53,1418.13,1416.81,1414.59,1412.77,1411.86,1411.06,1409.55,1406.19,1402.11,1397.96,1394.02,1390.22,1385.38,1380.33,1375.39,1370.50,1365.21,1359.89,1353.97,1348.13,1343.53,1339.05,1335.63,1333.90,1334.45,1336.83,1339.63,1341.99,1343.22,1342.35,1340.39,1337.17,1333.09,1328.53,1323.89,1319.62,1315.51,1311.17,1305.69,1299.93,1294.78,1290.01,1284.88,1279.27,1273.14,1269.43,1270.51,1275.08,1279.51,1283.26,1286.34,1288.76,1289.79,1290.00,1289.71,1288.87,1287.12,1284.57,1281.49,1277.90,1273.80,1269.37,1264.74,1260.01
938.97,941.33,942.54,942.82,942.13,940.08,936.15,930.13,922.75,914.77,907.00,898.34,891.21,887.19,887.25,887.84,889.49,891.25,892.75,894.10,895.40,896.54,897.51,898.18,898.12,896.83,894.20,890.23,885.93,881.73,877.37,871.50,861.49,851.73,844.09,838.85,835.99,833.36,830.95,828.87,828.40,832.81,839.99,846.89,852.00,854.31,856.56,859.47,865.38,875.02,883.33,890.02,895.67,901.05,907.32,913.56,918.91,923.54,927.89,932.98,938.63,944.63,950.31,953.93,957.20,962.01,967.96,973.61,978.39,984.11,990.48,996.79,1001.77,1006.50,1011.28,1016.36,1022.00,1027.52,1033.49,1039.75,1045.97,1051.85,1057.30,1062.91,1068.85,1074.69,1080.52,1086.77,1093.50,1100.86,1109.28,1116.39,1121.41,1124.16,1126.93,1130.48,1135.60,1141.88,1147.79,1155.60,1164.68,1172.91,1178.20,1183.16,1187.87,1191.97,1195.41,1198.87,1202.27,1205.42,1208.38,1211.43,1215.02,1218.66,1221.70,1223.81,1225.82,1227.66,1229.35,1230.88,1232.20,1233.59,1234.98,1236.40,1237.90,1239.42,1240.97,1242.48,1243.90,1245.15,1246.49,1247.99,1249.59,1251.13,1252.57,1254.06,1256.08,1259.13,1263.21,1267.89,1272.62,1277.23,1281.62,1285.19,1288.01,1290.10,1291.31,1292.01,1292.66,1293.55,1294.81,1296.20,1298.63,1302.99,1308.61,1313.87,1319.06,1326.14,1332.96,1337.62,1342.15,1346.39,1350.54,1354.63,1358.46,1361.89,1365.11,1368.31,1371.67,1375.26,1378.64,1381.65,1384.15,1386.19,1387.94,1389.66,1391.37,1393.04,1395.43,1398.29,1401.16,1403.72,1406.06,1408.20,1410.05,1411.48,1412.40,1412.88,1413.21,1413.66,1414.48,1415.10,1415.11,1414.96,1414.81,1414.10,1412.87,1411.61,1409.99,1406.86,1402.71,1398.88,1395.42,1391.95,1387.67,1382.79,1377.50,1371.81,1365.76,1359.79,1353.62,1347.90,1343.76,1339.97,1337.84,1337.49,1339.06,1341.84,1344.27,1345.82,1346.18,1344.88,1342.65,1339.12,1334.75,1330.03,1325.38,1320.96,1316.64,1312.17,1306.92,1301.03,1295.72,1290.91,1286.02,1281.17,1274.79,1269.48,1268.00,1271.39,1275.51,1279.18,1282.14,1284.29,1285.50,1285.78,1285.50,1284.80,1283.35,1281.07,1278.14,1274.68,1270.95,1267.02,1262.72,1258.28
932.22,934.50,936.04,936.37,935.62,933.52,929.54,923.59,916.68,909.50,902.48,894.02,886.29,881.03,879.63,879.83,881.31,882.99,884.44,885.72,886.96,888.15,889.22,889.96,889.81,888.48,886.28,883.47,880.61,877.37,873.13,866.64,855.84,846.65,840.73,837.05,834.56,831.98,829.07,827.36,828.32,833.63,841.06,847.68,852.47,855.00,857.28,861.33,868.18,877.81,886.32,892.60,898.17,904.00,910.85,917.25,922.34,926.75,931.31,936.60,942.16,947.56,952.34,955.82,959.83,965.32,971.42,976.48,981.40,987.28,993.59,999.51,1003.94,1008.50,1013.20,1018.10,1023.47,1028.94,1034.87,1041.14,1047.55,1053.52,1059.55,1065.58,1071.49,1077.13,1082.99,1089.39,1096.21,1103.19,1110.52,1116.99,1121.74,1124.45,1127.22,1131.06,1136.59,1143.29,1149.58,1156.88,1164.82,1171.89,1176.63,1181.19,1185.55,1189.52,1193.02,1196.36,1199.65,1202.58,1205.16,1207.66,1210.52,1213.53,1216.35,1218.71,1220.65,1222.35,1223.95,1225.52,1227.02,1228.52,1230.02,1231.53,1233.08,1234.65,1236.15,1237.57,1238.89,1240.07,1241.29,1242.70,1244.28,1245.92,1247.48,1249.12,1251.25,1254.39,1258.82,1263.68,1268.38,1272.73,1276.70,1279.88,1282.23,1283.76,1284.39,1284.71,1285.01,1285.76,1287.32,1289.91,1293.68,1298.47,1303.90,1309.37,1314.47,1320.56,1326.78,1332.24,1337.39,1342.39,1347.01,1351.14,1354.99,1358.47,1361.74,1364.88,1367.88,1370.94,1373.93,1376.79,1379.43,1381.68,1383.58,1385.37,1387.11,1388.80,1391.09,1393.86,1396.77,1399.49,1401.98,1404.21,1406.13,1407.65,1408.65,1409.30,1409.69,1410.11,1410.88,1411.65,1412.24,1412.84,1413.37,1413.11,1412.37,1411.36,1409.69,1406.34,1402.24,1398.73,1395.69,1392.70,1389.30,1384.81,1379.69,1374.08,1367.80,1361.65,1355.54,1349.97,1345.85,1342.53,1341.62,1342.31,1344.17,1347.01,1348.94,1349.60,1348.89,1346.69,1343.69,1339.72,1335.21,1330.59,1326.05,1321.62,1317.16,1312.51,1307.30,1301.66,1296.34,1291.37,1286.55,1282.01,1276.21,1270.82,1267.78,1268.54,1271.34,1274.43,1277.13,1279.08,1280.34,1280.73,1280.58,1280.08,1278.83,1276.75,1274.08,1270.99,1267.79,1264.33,1260.47,1256.41
925.42,927.49,929.21,929.57,928.78,926.65,922.66,916.93,910.63,904.22,897.61,889.28,881.51,875.49,872.32,872.10,873.25,874.76,876.29,877.64,878.84,880.04,881.18,881.97,881.79,880.64,879.23,877.91,876.50,874.00,868.98,861.00,850.34,842.22,837.94,835.53,833.07,830.28,826.95,825.91,828.62,834.58,842.09,848.42,852.98,855.72,858.03,863.30,870.88,879.81,888.35,894.41,900.23,906.78,914.19,920.60,925.46,929.79,934.73,940.22,945.58,950.29,954.22,957.90,962.85,968.68,974.50,979.32,984.40,990.52,996.75,1002.12,1006.12,1010.61,1015.36,1020.25,1025.46,1030.74,1036.48,1042.66,1049.09,1054.89,1061.58,1068.06,1073.78,1079.20,1084.98,1091.53,1098.44,1104.90,1111.10,1117.11,1121.80,1124.49,1127.22,1131.09,1136.66,1143.51,1150.06,1156.75,1163.77,1170.06,1174.45,1178.68,1182.73,1186.56,1190.11,1193.38,1196.61,1199.38,1201.75,1203.94,1206.15,1208.43,1210.91,1213.47,1215.30,1216.84,1218.34,1219.91,1221.55,1223.14,1224.75,1226.39,1228.00,1229.65,1231.19,1232.57,1233.82,1235.01,1236.20,1237.53,1239.05,1240.70,1242.32,1244.14,1246.45,1249.73,1254.56,1259.57,1264.20,1268.28,1271.82,1274.54,1276.35,1277.35,1277.57,1277.75,1277.89,1278.57,1280.46,1284.25,1289.58,1294.83,1299.86,1305.39,1310.93,1315.83,1320.91,1326.80,1332.29,1338.03,1343.22,1347.57,1351.37,1354.89,1358.24,1361.34,1364.03,1366.63,1369.22,1371.90,1374.59,1376.93,1378.95,1380.82,1382.62,1384.42,1386.67,1389.34,1392.21,1395.09,1397.71,1400.05,1402.11,1403.80,1404.98,1405.87,1406.37,1406.76,1407.47,1408.30,1409.43,1410.58,1411.41,1411.41,1411.26,1410.52,1408.70,1405.02,1401.18,1398.07,1395.45,1392.96,1390.38,1386.34,1381.68,1376.54,1370.35,1364.20,1358.22,1352.79,1348.66,1345.88,1346.01,1347.45,1349.33,1352.05,1353.39,1353.12,1351.35,1348.22,1344.31,1339.87,1335.27,1330.80,1326.37,1321.90,1317.31,1312.49,1307.33,1302.05,1296.78,1291.64,1286.84,1282.44,1277.42,1272.45,1268.48,1266.44,1267.37,1269.46,1271.72,1273.54,1274.82,1275.32,1275.34,1275.03,1273.98,1272.13,1269.78,1267.13,1264.48,1261.53,1258.17,1254.56
918.45,920.25,921.55,921.98,921.51,919.79,916.20,910.93,905.01,898.61,891.35,883.93,877.05,870.90,866.39,865.92,866.72,868.06,869.70,871.24,872.23,873.05,873.95,874.92,875.20,874.90,874.57,874.31,873.47,871.36,863.94,852.65,843.86,839.17,836.31,833.99,831.38,827.40,824.61,824.90,828.92,835.41,842.87,849.21,853.84,856.48,858.73,865.01,873.02,881.02,889.33,895.63,902.06,909.37,917.16,923.38,928.64,933.65,938.80,943.76,948.50,952.74,956.48,960.56,966.27,971.96,977.20,982.14,987.14,994.01,1000.41,1004.62,1008.36,1013.23,1018.45,1023.68,1028.92,1033.74,1038.99,1044.73,1050.75,1056.13,1063.43,1070.13,1075.24,1080.42,1086.23,1092.93,1099.78,1105.48,1110.85,1116.77,1121.60,1124.25,1126.93,1130.40,1135.55,1142.11,1148.56,1155.06,1161.38,1167.02,1171.35,1175.32,1179.14,1182.70,1185.97,1189.26,1192.38,1195.14,1197.58,1199.79,1202.01,1204.14,1206.30,1208.43,1210.09,1211.55,1213.03,1214.55,1216.03,1217.44,1218.86,1220.32,1221.93,1223.74,1225.62,1227.28,1228.62,1229.94,1231.22,1232.57,1234.00,1235.49,1237.10,1239.17,1241.86,1245.50,1250.43,1255.47,1260.00,1263.87,1267.11,1269.61,1271.32,1272.23,1272.23,1272.19,1272.35,1273.47,1276.14,1280.39,1286.65,1292.70,1298.13,1303.51,1308.78,1313.41,1317.81,1322.38,1327.02,1332.68,1338.50,1343.76,1347.62,1351.12,1354.35,1357.29,1359.89,1362.49,1364.95,1367.36,1369.70,1371.78,1373.79,1375.78,1377.77,1379.80,1382.16,1384.79,1387.61,1390.47,1393.03,1395.42,1397.66,1399.68,1401.35,1402.57,1403.29,1403.80,1404.46,1405.29,1406.61,1408.16,1409.52,1409.92,1409.67,1408.46,1406.05,1402.21,1399.22,1396.83,1394.70,1392.59,1390.19,1386.68,1382.83,1378.62,1373.07,1366.97,1360.99,1355.64,1351.82,1350.17,1350.82,1352.32,1354.04,1356.43,1356.95,1355.77,1353.21,1349.54,1344.86,1340.03,1335.34,1330.86,1326.40,1321.65,1316.81,1311.98,1307.11,1302.09,1296.92,1291.78,1286.98,1282.63,1278.04,1273.66,1269.84,1266.18,1264.43,1264.48,1265.86,1267.65,1268.96,1269.60,1269.75,1269.51,1268.84,1267.41,1265.43,1263.12,1261.01,1258.77,1256.06,1253.02
910.99,912.69,913.72,914.15,913.82,912.24,908.78,904.02,898.53,892.41,885.44,878.97,872.37,865.76,860.34,859.59,860.21,861.38,862.86,864.24,864.71,864.69,864.44,864.00,862.83,861.82,861.22,861.03,860.84,859.49,853.70,845.04,839.42,836.79,834.65,832.09,828.64,824.07,822.59,824.36,829.25,836.13,843.59,850.30,855.37,857.80,860.23,866.82,874.76,882.18,890.24,896.88,903.96,911.84,919.60,925.79,931.53,937.07,942.25,946.96,951.20,955.08,958.91,963.64,969.44,974.88,979.90,985.16,991.28,997.92,1003.50,1007.28,1011.37,1016.33,1021.51,1026.63,1031.65,1036.25,1041.54,1047.20,1052.56,1057.36,1064.73,1071.38,1076.08,1081.09,1086.91,1093.62,1100.26,1105.25,1109.97,1115.85,1120.90,1123.69,1126.25,1129.16,1133.45,1139.21,1145.63,1152.02,1158.03,1163.38,1167.75,1171.52,1175.10,1178.42,1181.47,1184.57,1187.54,1190.32,1192.85,1195.07,1197.26,1199.41,1201.49,1203.41,1205.01,1206.40,1207.75,1209.08,1210.31,1211.52,1212.72,1213.97,1215.38,1217.17,1219.37,1221.41,1223.05,1224.53,1225.94,1227.32,1228.69,1230.14,1231.80,1234.03,1237.03,1241.11,1246.21,1251.12,1255.49,1259.20,1262.18,1264.58,1266.22,1267.13,1267.32,1267.51,1268.11,1269.75,1272.92,1277.63,1284.18,1290.59,1296.37,1301.71,1306.78,1311.33,1315.46,1319.34,1323.45,1328.37,1333.68,1338.97,1343.59,1347.18,1350.29,1353.08,1355.47,1357.91,1360.24,1362.68,1365.18,1367.10,1368.93,1370.86,1372.86,1374.92,1377.36,1380.04,1382.85,1385.70,1388.26,1390.67,1392.87,1394.84,1396.57,1398.08,1399.21,1400.11,1401.01,1402.21,1403.84,1405.69,1407.38,1407.88,1407.55,1406.16,1403.59,1399.83,1397.26,1395.24,1393.39,1391.49,1389.38,1386.50,1383.35,1379.81,1374.96,1369.38,1363.45,1357.95,1354.34,1353.70,1354.83,1356.50,1358.21,1360.08,1359.66,1357.51,1354.20,1350.15,1345.13,1340.12,1335.34,1330.76,1326.05,1321.10,1316.16,1311.36,1306.66,1301.87,1296.85,1291.77,1286.99,1282.62,1278.36,1274.55,1271.24,1267.45,1264.28,1262.47,1262.12,1262.84,1263.61,1264.17,1264.41,1264.24,1263.72,1262.56,1261.11,1259.53,1257.78,1255.95,1253.78,1251.38
903.10,904.83,905.79,906.21,905.87,904.25,900.78,896.53,891.51,885.85,879.88,874.16,867.32,860.03,854.12,853.05,853.62,854.63,855.74,856.64,856.16,854.78,852.75,849.98,846.36,843.71,842.04,841.41,842.07,841.76,840.47,838.57,836.67,834.81,832.78,829.76,825.09,820.68,820.98,824.24,829.63,836.77,844.31,851.69,857.49,859.75,862.51,868.75,876.16,883.31,891.12,898.22,905.92,914.18,921.60,927.93,934.13,940.02,945.13,949.78,953.65,957.35,961.50,966.97,972.37,977.55,982.70,988.42,996.30,1001.94,1006.10,1010.02,1014.83,1019.62,1024.35,1029.03,1033.68,1038.28,1043.99,1049.79,1054.36,1058.53,1065.54,1071.91,1076.38,1081.30,1087.07,1093.64,1099.94,1104.36,1108.60,1114.36,1119.64,1122.82,1125.23,1127.52,1130.67,1135.22,1141.43,1147.80,1153.76,1159.11,1163.60,1167.29,1170.63,1173.74,1176.65,1179.44,1182.23,1185.05,1187.70,1189.89,1192.01,1194.26,1196.45,1198.35,1200.01,1201.35,1202.51,1203.54,1204.51,1205.53,1206.56,1207.57,1208.66,1210.28,1212.65,1215.07,1217.11,1218.76,1220.33,1221.78,1223.16,1224.70,1226.49,1228.82,1232.06,1236.59,1242.00,1246.70,1250.85,1254.40,1257.08,1259.44,1261.02,1262.00,1262.69,1263.53,1264.94,1267.15,1270.58,1275.70,1282.02,1288.40,1294.39,1299.79,1304.76,1309.34,1313.52,1317.35,1321.22,1325.02,1329.02,1333.60,1339.20,1343.00,1346.09,1348.75,1350.85,1352.93,1355.12,1357.75,1360.72,1362.69,1364.34,1366.07,1367.94,1369.89,1372.35,1375.10,1377.96,1380.78,1383.44,1385.86,1387.90,1389.55,1391.03,1392.74,1394.36,1395.80,1397.21,1399.11,1401.18,1403.29,1405.06,1405.40,1405.01,1403.71,1401.34,1397.84,1395.30,1393.37,1391.63,1389.84,1388.12,1385.89,1383.30,1380.23,1376.05,1371.29,1365.51,1359.79,1356.36,1356.57,1358.15,1360.08,1361.89,1362.99,1361.52,1358.43,1354.46,1350.16,1345.14,1340.11,1335.25,1330.49,1325.41,1320.37,1315.45,1310.69,1306.04,1301.43,1296.60,1291.66,1286.94,1282.50,1278.51,1275.19,1272.55,1269.68,1266.21,1262.94,1260.47,1259.56,1259.43,1259.63,1259.78,1259.60,1259.01,1257.91,1257.02,1256.32,1254.82,1253.18,1251.43,1249.64
894.69,896.68,897.86,898.45,898.40,897.26,894.47,890.52,885.57,880.00,874.35,867.92,860.82,853.64,847.78,846.47,846.85,847.69,848.54,848.79,845.89,842.02,838.63,836.70,834.62,833.13,832.69,833.73,836.10,836.40,835.90,835.12,833.93,832.38,829.96,826.29,821.56,819.06,820.56,824.51,830.30,837.53,845.37,853.60,860.35,862.96,865.73,870.87,877.27,884.21,891.88,899.63,907.85,916.18,923.39,929.95,936.40,942.45,947.52,951.80,955.55,959.57,964.32,969.87,975.08,980.38,986.01,992.27,999.26,1004.47,1008.58,1012.48,1017.01,1021.55,1026.07,1030.61,1035.32,1040.25,1045.76,1051.02,1055.12,1059.18,1065.75,1071.78,1076.17,1081.01,1086.62,1092.75,1098.63,1103.02,1106.96,1111.90,1117.10,1121.46,1123.89,1125.96,1128.28,1131.28,1135.75,1142.12,1148.08,1153.32,1158.03,1162.23,1165.50,1168.42,1171.26,1174.10,1176.85,1179.60,1182.29,1184.73,1186.83,1188.93,1191.05,1193.11,1194.93,1196.40,1197.55,1198.46,1199.39,1200.30,1201.24,1202.21,1203.25,1204.66,1206.45,1208.47,1210.55,1212.38,1214.23,1215.97,1217.66,1219.50,1221.43,1223.99,1227.51,1232.40,1238.44,1243.27,1247.08,1250.01,1252.11,1254.19,1255.79,1257.00,1258.21,1259.97,1262.51,1265.53,1269.09,1273.87,1279.99,1286.15,1291.89,1297.16,1302.17,1306.85,1311.18,1315.11,1318.86,1322.35,1325.83,1329.54,1333.80,1338.02,1341.61,1344.36,1346.11,1347.75,1349.63,1351.88,1354.60,1357.42,1359.57,1361.48,1363.34,1365.22,1367.39,1370.02,1372.89,1375.78,1378.60,1381.24,1383.46,1385.21,1386.75,1388.32,1389.82,1391.45,1393.62,1396.27,1399.04,1401.46,1403.06,1403.24,1402.66,1401.28,1399.03,1395.83,1393.14,1391.27,1389.79,1388.27,1386.62,1384.67,1382.56,1379.98,1376.03,1371.68,1366.49,1361.39,1358.50,1359.38,1361.31,1363.36,1364.86,1364.34,1361.99,1358.45,1354.22,1349.82,1344.85,1339.83,1334.90,1330.03,1324.81,1319.73,1314.81,1310.05,1305.41,1300.77,1296.14,1291.56,1287.05,1282.63,1278.94,1275.87,1273.25,1270.53,1267.19,1263.89,1261.45,1261.08,1260.84,1260.08,1259.05,1258.13,1257.20,1255.72,1254.42,1253.49,1252.32,1251.12,1249.62,1247.88
886.39,889.00,890.58,891.52,891.82,891.09,888.72,884.83,879.85,874.21,868.30,861.35,853.96,846.69,840.78,839.35,839.51,840.09,840.63,840.39,836.42,831.74,828.23,827.28,826.75,826.53,827.38,829.85,833.08,833.60,833.07,832.22,831.04,829.46,826.62,822.67,818.61,818.30,820.89,825.37,831.41,838.58,846.83,855.43,862.47,865.36,868.13,872.39,878.03,884.97,892.81,901.15,909.87,918.32,925.19,931.92,938.46,944.49,949.51,953.62,957.46,961.89,967.15,972.63,977.84,983.23,989.18,995.97,1002.06,1006.95,1011.04,1014.73,1018.64,1022.88,1027.23,1031.71,1036.47,1041.60,1046.88,1051.68,1055.45,1059.44,1065.34,1070.92,1075.38,1080.31,1085.69,1091.32,1096.73,1101.11,1104.79,1108.84,1113.68,1118.97,1122.20,1124.32,1126.09,1127.92,1130.55,1135.81,1141.33,1146.65,1151.85,1156.38,1159.66,1162.49,1165.26,1168.13,1170.93,1173.82,1176.75,1179.45,1181.60,1183.55,1185.56,1187.67,1189.57,1191.17,1192.42,1193.42,1194.43,1195.38,1196.31,1197.25,1198.24,1199.40,1200.65,1202.13,1203.88,1205.67,1207.76,1209.81,1211.83,1214.05,1216.21,1219.16,1223.08,1228.19,1234.41,1239.47,1243.30,1245.96,1247.63,1249.38,1250.90,1252.25,1253.79,1256.33,1260.07,1263.96,1267.63,1271.94,1277.85,1283.78,1289.24,1294.32,1299.27,1304.02,1308.56,1312.76,1316.43,1319.81,1323.03,1326.12,1329.14,1333.21,1336.95,1339.79,1341.46,1342.75,1344.30,1346.14,1348.45,1351.74,1354.40,1356.61,1358.59,1360.50,1362.48,1364.94,1367.73,1370.66,1373.63,1376.53,1379.05,1381.07,1382.74,1384.24,1385.80,1387.81,1390.77,1393.89,1397.09,1399.69,1401.08,1401.04,1400.16,1398.64,1396.45,1393.54,1390.89,1389.17,1387.94,1386.70,1385.17,1383.43,1381.62,1379.33,1375.51,1371.52,1367.15,1363.07,1360.92,1362.38,1364.55,1366.49,1367.37,1365.42,1362.33,1358.45,1354.07,1349.54,1344.65,1339.61,1334.59,1329.60,1324.31,1319.21,1314.29,1309.55,1305.05,1300.68,1296.47,1292.31,1287.99,1283.47,1279.72,1276.59,1273.82,1270.90,1267.62,1265.06,1263.91,1264.62,1264.72,1263.54,1261.71,1259.97,1258.28,1256.04,1253.93,1252.22,1250.59,1249.39,1247.91,1246.12
878.51,882.36,884.57,886.07,886.76,886.10,883.43,879.20,874.14,868.28,861.22,854.73,846.99,838.91,832.58,831.21,831.16,831.31,831.37,831.02,829.15,827.35,825.98,824.99,824.44,824.63,826.02,828.65,830.78,830.92,830.22,829.19,827.83,825.74,822.67,819.20,816.72,818.46,822.24,827.22,833.27,840.18,848.91,856.93,862.88,865.70,868.58,872.69,878.25,885.52,894.08,902.85,912.08,920.88,927.07,933.84,940.24,946.00,950.95,955.34,959.63,964.45,969.91,975.29,980.75,986.07,991.88,999.15,1005.35,1009.92,1013.55,1016.72,1019.72,1023.55,1027.79,1032.23,1036.80,1041.77,1047.00,1051.76,1055.37,1059.12,1063.97,1068.93,1073.70,1078.96,1084.07,1089.19,1094.11,1098.25,1101.74,1105.00,1109.07,1114.52,1120.00,1122.51,1124.13,1125.64,1126.85,1128.86,1133.11,1138.91,1145.01,1149.31,1152.72,1155.65,1158.33,1161.08,1163.99,1167.42,1171.02,1173.95,1176.21,1178.16,1180.05,1181.94,1183.69,1185.37,1186.88,1188.24,1189.55,1190.74,1191.77,1192.65,1193.47,1194.32,1195.38,1196.36,1197.24,1198.56,1200.74,1203.05,1205.40,1208.06,1210.60,1214.19,1218.68,1223.84,1229.18,1234.60,1239.17,1242.39,1244.05,1245.45,1246.71,1247.92,1249.43,1252.34,1257.32,1262.16,1265.86,1269.83,1275.47,1281.21,1286.51,1291.34,1296.01,1300.72,1305.55,1310.26,1313.95,1317.28,1320.43,1323.43,1326.30,1329.06,1332.04,1334.91,1337.00,1338.14,1339.42,1340.97,1342.94,1345.67,1348.49,1351.11,1353.45,1355.51,1357.68,1359.93,1362.42,1365.33,1368.44,1371.55,1374.46,1376.96,1378.74,1380.46,1382.66,1385.57,1389.26,1392.28,1395.34,1397.83,1399.03,1398.61,1397.32,1395.58,1393.44,1390.70,1388.57,1387.18,1386.13,1385.06,1383.89,1382.40,1380.57,1378.12,1374.45,1370.89,1367.64,1364.99,1363.83,1365.74,1368.00,1369.45,1369.25,1366.61,1362.96,1358.78,1354.26,1349.53,1344.72,1339.64,1334.46,1329.31,1324.00,1318.90,1313.95,1309.27,1305.22,1301.79,1298.38,1294.71,1290.47,1285.55,1281.05,1277.36,1274.40,1270.91,1267.34,1266.45,1268.21,1270.20,1271.16,1270.84,1269.42,1266.91,1263.78,1260.25,1256.94,1253.83,1250.15,1248.00,1246.20,1244.37
870.47,874.90,878.23,880.74,882.08,881.63,879.03,875.02,869.00,861.36,853.40,846.12,838.78,832.12,827.71,827.06,827.08,827.03,826.79,826.27,825.15,824.24,823.51,822.67,822.21,822.38,823.56,825.76,827.35,827.45,826.81,825.80,824.45,822.21,818.92,816.52,817.22,820.48,824.80,829.60,835.06,842.05,851.11,858.44,863.32,866.16,869.14,873.23,878.98,886.78,895.57,904.45,913.70,922.35,928.10,935.04,941.43,947.08,952.13,956.79,961.76,967.05,972.60,978.09,983.81,989.87,996.28,1002.90,1008.14,1011.89,1014.92,1017.65,1020.26,1023.73,1027.48,1031.36,1035.66,1040.29,1045.41,1050.29,1054.15,1057.82,1061.98,1066.48,1071.28,1076.40,1081.24,1086.03,1090.70,1094.86,1098.29,1101.19,1104.64,1109.40,1114.70,1118.80,1121.55,1123.10,1123.79,1124.20,1125.82,1128.91,1133.70,1139.91,1145.09,1148.90,1151.48,1153.89,1156.47,1159.59,1163.07,1166.42,1169.64,1172.60,1175.10,1176.95,1178.47,1180.01,1181.40,1182.61,1183.78,1184.83,1185.80,1186.67,1187.40,1187.89,1188.55,1189.14,1189.72,1190.91,1193.28,1196.16,1199.31,1202.79,1205.94,1209.52,1213.83,1219.00,1224.48,1229.63,1234.09,1237.54,1239.53,1241.07,1242.47,1243.89,1245.71,1249.22,1254.54,1259.75,1263.90,1267.77,1272.60,1277.97,1283.33,1287.97,1292.31,1296.87,1301.65,1306.41,1310.56,1314.08,1317.37,1320.53,1323.38,1325.78,1328.24,1330.70,1332.72,1334.02,1335.34,1336.83,1338.57,1340.74,1343.07,1345.48,1347.88,1350.19,1352.53,1354.78,1357.16,1359.96,1363.18,1366.49,1369.67,1372.56,1374.97,1377.40,1380.41,1384.12,1388.43,1391.53,1394.26,1396.19,1396.71,1395.81,1394.38,1392.72,1390.83,1388.55,1386.56,1385.07,1383.98,1383.20,1382.50,1381.21,1379.24,1376.46,1372.91,1369.90,1367.53,1366.11,1366.44,1368.18,1369.69,1370.48,1370.00,1367.45,1363.69,1359.49,1355.03,1350.17,1345.25,1340.11,1334.99,1330.12,1325.16,1320.58,1315.91,1311.23,1307.40,1304.24,1301.03,1297.38,1292.90,1287.77,1282.64,1278.28,1274.98,1271.44,1268.16,1268.02,1270.95,1274.22,1275.91,1276.20,1275.34,1273.15,1269.36,1265.13,1260.93,1256.75,1252.39,1249.19,1246.57,1244.14
862.86,867.64,872.03,875.52,877.52,877.35,874.95,870.92,863.65,854.12,845.38,837.13,830.54,826.01,824.13,824.35,824.50,824.34,823.85,823.07,822.09,821.25,820.52,819.79,819.44,819.61,820.52,822.18,823.48,823.65,823.11,822.13,820.77,818.51,815.67,814.99,818.88,823.26,827.80,832.18,836.96,844.09,853.23,859.81,863.76,866.66,869.76,873.90,879.97,888.38,897.11,906.00,915.07,923.33,928.77,935.85,942.27,947.92,953.15,958.13,963.84,969.59,975.12,980.85,986.93,993.76,1000.66,1006.24,1010.31,1013.23,1015.71,1018.12,1020.53,1023.60,1026.72,1029.91,1033.76,1038.00,1042.89,1047.89,1052.26,1055.93,1059.56,1063.61,1068.24,1073.14,1077.77,1082.33,1086.87,1091.19,1094.70,1097.47,1100.41,1104.16,1108.43,1113.95,1117.97,1119.82,1120.60,1120.36,1119.64,1119.69,1122.54,1130.03,1136.42,1141.07,1144.20,1146.81,1149.09,1151.67,1154.74,1158.37,1162.46,1166.48,1169.78,1171.91,1173.41,1174.87,1176.09,1177.05,1177.90,1178.63,1179.40,1180.14,1180.65,1180.73,1180.93,1181.26,1181.82,1183.13,1185.86,1189.50,1193.66,1197.97,1201.74,1205.20,1209.10,1214.09,1219.75,1224.56,1228.75,1232.27,1234.68,1236.56,1238.29,1240.07,1242.34,1246.42,1251.77,1257.13,1261.79,1265.65,1269.62,1274.49,1279.84,1284.40,1288.48,1292.82,1297.38,1302.01,1306.65,1310.47,1313.96,1317.28,1320.22,1322.65,1324.83,1326.84,1328.63,1330.13,1331.57,1333.05,1334.60,1336.30,1338.01,1340.00,1342.31,1344.80,1347.25,1349.59,1351.97,1354.66,1358.00,1361.59,1365.14,1368.53,1371.74,1374.98,1378.68,1382.99,1387.74,1390.97,1393.35,1394.63,1394.46,1393.14,1391.67,1390.14,1388.52,1386.73,1384.77,1383.01,1381.75,1381.22,1380.86,1379.69,1377.61,1374.63,1371.27,1368.83,1367.28,1367.00,1368.63,1369.94,1370.58,1370.78,1370.31,1368.13,1364.50,1360.46,1356.16,1351.21,1346.19,1340.97,1335.95,1331.48,1327.04,1323.05,1318.76,1314.17,1310.41,1307.16,1303.82,1299.98,1295.15,1289.84,1284.26,1279.37,1275.72,1272.40,1269.54,1269.68,1272.94,1277.23,1279.38,1280.07,1279.77,1278.22,1274.24,1269.65,1264.82,1259.91,1255.33,1251.19,1247.65,1244.46
857.21,862.34,866.89,870.59,872.88,873.07,870.82,865.05,856.67,846.93,837.68,829.47,824.00,821.20,820.99,821.71,821.85,821.52,820.78,819.55,818.17,816.93,815.80,814.74,814.47,815.29,816.70,818.28,819.52,819.71,819.13,817.95,816.20,813.94,814.11,816.85,821.76,826.43,830.78,834.82,839.31,846.43,854.86,860.67,864.15,867.13,870.53,874.79,881.29,890.39,898.59,907.50,916.28,923.91,929.22,936.19,942.65,948.44,953.91,959.38,965.76,971.76,977.13,983.27,990.06,996.67,1002.55,1007.11,1010.73,1013.47,1015.88,1018.26,1020.56,1022.95,1025.47,1028.13,1031.01,1034.90,1039.20,1043.99,1049.25,1053.12,1056.37,1059.76,1063.78,1068.86,1073.46,1077.94,1082.50,1087.14,1091.15,1094.12,1096.66,1099.38,1102.67,1107.34,1111.33,1114.06,1115.96,1116.50,1116.44,1116.69,1118.24,1121.56,1124.52,1128.88,1135.10,1140.33,1143.16,1145.48,1148.03,1151.09,1154.60,1158.44,1162.28,1165.69,1168.06,1169.90,1171.37,1172.38,1172.78,1173.08,1173.32,1173.39,1173.09,1172.60,1172.45,1172.76,1173.71,1175.57,1179.14,1183.97,1189.26,1193.87,1198.03,1201.80,1205.54,1209.58,1214.14,1219.24,1223.74,1227.21,1229.88,1232.19,1234.39,1236.68,1239.49,1243.73,1249.05,1254.49,1259.37,1263.23,1266.85,1271.01,1275.73,1280.58,1284.76,1288.73,1292.88,1297.41,1302.00,1306.16,1309.82,1313.05,1316.17,1318.93,1321.31,1323.34,1325.00,1326.49,1327.92,1329.28,1330.61,1332.17,1333.68,1335.35,1337.30,1339.63,1341.99,1344.41,1346.92,1349.67,1353.10,1357.45,1361.99,1366.35,1370.40,1374.06,1377.84,1382.02,1386.60,1390.00,1392.16,1393.12,1392.77,1391.53,1390.01,1388.42,1386.85,1385.29,1383.36,1381.27,1379.67,1379.06,1378.39,1377.06,1375.18,1372.78,1369.92,1367.91,1367.37,1368.10,1369.56,1370.35,1370.76,1370.91,1370.50,1368.64,1365.44,1361.88,1357.95,1352.94,1348.13,1342.77,1337.59,1333.45,1329.66,1325.85,1321.85,1317.73,1313.85,1310.06,1306.22,1301.99,1296.82,1291.14,1285.70,1280.92,1277.15,1274.27,1271.59,1271.39,1274.16,1278.58,1280.19,1280.81,1280.82,1279.64,1276.23,1271.77,1266.98,1262.11,1257.29,1252.68,1248.58,1244.84
852.62,858.22,863.05,866.65,868.82,869.00,866.57,859.92,850.76,840.47,830.84,823.75,819.56,817.77,818.07,818.62,818.32,817.52,816.33,814.66,812.88,811.45,810.40,809.75,809.96,811.24,812.90,814.45,815.64,815.84,815.19,813.93,812.44,811.04,813.82,819.05,824.35,829.00,833.06,836.99,841.64,848.69,856.22,861.27,864.38,867.35,870.84,875.43,882.40,891.88,899.80,908.51,916.92,924.13,929.47,936.33,942.73,948.58,954.23,960.01,966.85,973.00,978.19,984.41,991.35,997.78,1003.19,1007.17,1010.52,1013.13,1015.42,1017.64,1019.74,1021.70,1023.88,1026.25,1028.51,1031.65,1035.26,1039.53,1044.68,1048.92,1052.70,1056.26,1059.99,1064.80,1069.21,1073.56,1078.04,1082.65,1086.77,1090.07,1092.77,1095.08,1097.70,1101.38,1105.01,1108.21,1110.97,1112.56,1113.46,1114.21,1115.25,1116.43,1117.66,1120.88,1126.47,1131.55,1136.90,1140.37,1142.38,1144.79,1147.80,1151.40,1155.35,1159.24,1162.07,1164.14,1165.68,1166.65,1166.86,1166.83,1166.58,1166.08,1165.25,1164.39,1164.24,1164.92,1166.67,1169.68,1174.09,1179.53,1185.26,1190.09,1194.35,1198.37,1202.20,1205.83,1209.57,1214.01,1218.21,1221.82,1224.98,1227.66,1230.66,1233.86,1237.08,1241.30,1246.55,1251.85,1256.58,1260.54,1264.10,1267.74,1271.72,1276.32,1280.58,1284.40,1288.25,1292.48,1296.74,1301.18,1305.10,1308.35,1311.42,1314.20,1316.66,1318.80,1320.59,1322.12,1323.56,1324.90,1326.17,1327.58,1329.01,1330.62,1332.45,1334.58,1336.80,1339.38,1342.30,1345.68,1349.82,1355.20,1360.62,1365.57,1370.12,1373.76,1377.41,1381.43,1385.75,1388.89,1390.77,1391.48,1390.95,1389.64,1388.26,1386.74,1385.17,1383.78,1381.98,1379.91,1378.15,1377.14,1376.02,1374.58,1372.95,1371.12,1368.99,1367.49,1367.66,1368.92,1370.09,1370.61,1370.95,1371.06,1370.63,1369.13,1366.29,1363.10,1359.54,1354.88,1350.32,1345.05,1339.86,1335.76,1332.25,1328.60,1324.73,1320.70,1316.64,1312.49,1308.18,1303.57,1298.30,1292.48,1287.26,1282.65,1278.72,1275.94,1273.44,1272.95,1275.02,1279.03,1280.65,1281.40,1281.52,1280.40,1277.18,1272.71,1267.95,1263.21,1258.26,1253.14,1248.70,1244.80
848.76,854.99,860.22,863.56,865.28,865.11,862.15,855.48,845.84,834.71,825.01,819.88,817.00,815.52,815.30,815.10,813.99,812.45,810.74,808.92,807.07,805.82,805.32,805.65,806.55,807.88,809.38,810.84,811.97,812.16,811.47,810.34,809.74,809.88,814.59,821.20,826.51,830.93,834.65,838.71,843.86,850.79,857.30,861.64,864.47,867.35,870.74,875.80,883.22,892.77,900.71,909.02,917.02,924.03,929.48,936.24,942.52,948.32,954.11,960.00,967.08,973.31,978.31,984.29,990.86,997.28,1002.84,1006.61,1009.82,1012.29,1014.40,1016.34,1018.18,1019.97,1022.01,1024.22,1026.26,1028.38,1031.22,1034.74,1038.85,1043.52,1048.46,1052.88,1056.71,1060.95,1065.08,1069.26,1073.54,1077.81,1081.63,1085.34,1088.55,1090.98,1093.29,1096.13,1099.25,1102.50,1105.73,1108.47,1110.34,1111.68,1112.93,1114.24,1115.59,1117.12,1118.91,1121.39,1130.18,1135.88,1137.71,1139.47,1142.13,1145.48,1149.13,1152.69,1155.52,1157.63,1159.06,1159.85,1160.10,1159.88,1159.24,1158.34,1157.30,1156.26,1156.45,1157.89,1160.81,1165.45,1170.62,1176.10,1181.60,1186.55,1190.65,1194.78,1198.86,1202.61,1205.95,1208.96,1212.32,1216.14,1219.87,1222.88,1226.99,1231.47,1235.02,1239.14,1244.23,1249.21,1253.52,1257.60,1261.29,1264.61,1267.87,1271.74,1275.96,1279.82,1283.50,1287.26,1290.99,1295.56,1299.74,1303.08,1305.93,1308.50,1310.92,1313.24,1315.34,1316.99,1318.51,1319.96,1321.30,1322.56,1324.03,1325.79,1327.74,1329.68,1331.80,1334.64,1338.27,1342.79,1348.09,1354.66,1360.83,1366.00,1370.68,1373.95,1377.33,1381.16,1385.11,1387.62,1389.20,1389.71,1388.93,1387.37,1386.25,1384.94,1383.40,1382.14,1380.57,1378.85,1377.11,1375.46,1373.86,1372.41,1371.04,1369.69,1368.42,1367.53,1368.10,1369.46,1370.31,1370.83,1371.17,1371.21,1370.71,1369.55,1366.98,1364.03,1360.84,1356.88,1352.63,1347.69,1342.68,1338.37,1334.77,1331.24,1327.36,1323.07,1318.76,1314.41,1309.72,1304.77,1299.67,1293.96,1289.00,1284.51,1280.40,1277.38,1275.09,1274.38,1275.64,1278.82,1280.99,1282.04,1282.09,1280.78,1277.35,1272.68,1267.89,1263.27,1258.27,1252.65,1248.07,1244.34
844.46,851.42,856.66,860.11,861.81,861.16,857.28,849.95,839.99,829.27,821.47,817.63,815.21,813.48,812.41,811.36,809.37,807.19,805.76,806.51,807.01,807.30,807.46,807.49,807.57,807.55,807.76,808.43,809.35,809.58,809.38,809.13,809.30,810.22,815.42,822.31,827.80,832.15,835.87,840.19,845.68,852.17,857.82,861.71,864.48,867.29,870.59,875.74,883.21,892.74,900.94,909.01,916.78,923.67,928.82,935.52,941.76,947.59,953.44,959.14,966.35,972.72,977.60,982.99,989.25,996.03,1002.05,1005.43,1008.53,1010.97,1013.00,1014.84,1016.61,1018.29,1019.96,1021.69,1023.52,1025.40,1027.77,1030.56,1033.76,1037.91,1042.28,1046.93,1051.82,1056.45,1060.98,1065.19,1069.16,1073.04,1076.59,1080.02,1082.94,1085.14,1087.81,1090.91,1094.03,1097.07,1100.19,1103.57,1106.23,1108.41,1110.50,1112.15,1113.59,1114.81,1115.90,1117.59,1123.07,1129.33,1134.13,1135.42,1137.36,1140.06,1143.15,1146.27,1148.95,1150.95,1152.16,1152.68,1152.88,1152.75,1152.08,1151.07,1150.01,1149.09,1149.70,1152.17,1156.69,1162.61,1168.30,1173.65,1178.64,1183.06,1186.78,1190.47,1194.33,1198.31,1201.97,1204.74,1207.51,1210.55,1213.61,1217.27,1222.66,1228.50,1233.01,1237.31,1241.94,1246.53,1250.73,1254.40,1257.89,1261.18,1264.39,1267.77,1271.30,1274.90,1278.50,1282.02,1285.49,1289.25,1292.76,1295.88,1299.01,1302.04,1304.66,1306.99,1309.23,1311.21,1313.13,1314.86,1316.36,1317.91,1319.53,1321.24,1323.11,1325.28,1327.78,1331.55,1336.25,1341.59,1347.45,1354.65,1361.47,1367.09,1371.42,1374.52,1377.57,1380.76,1383.74,1386.02,1387.62,1387.88,1386.45,1384.72,1383.39,1382.25,1381.22,1380.28,1378.97,1377.38,1375.66,1373.95,1372.32,1371.02,1369.88,1368.86,1367.97,1367.67,1368.42,1369.64,1370.41,1370.92,1371.21,1371.19,1370.66,1369.49,1367.12,1364.40,1361.55,1358.22,1354.47,1350.33,1345.88,1341.30,1337.35,1333.64,1329.64,1325.18,1320.58,1315.74,1310.72,1305.75,1301.07,1296.01,1291.09,1286.48,1282.36,1278.92,1276.82,1276.01,1276.61,1278.96,1281.21,1282.29,1282.23,1280.78,1276.84,1272.01,1267.11,1262.27,1257.07,1251.65,1247.29,1243.72
840.15,847.37,852.78,856.39,858.00,856.83,852.18,844.24,834.17,824.29,818.81,815.87,813.56,811.41,809.46,807.66,805.37,803.59,803.48,806.54,809.13,810.83,811.62,811.41,810.74,809.59,808.54,808.06,808.21,808.28,808.48,808.90,809.62,811.20,816.29,822.87,828.44,832.81,836.65,841.27,847.01,853.04,858.08,861.71,864.46,867.22,870.42,875.48,882.75,892.03,900.61,908.49,916.10,922.96,927.84,934.24,940.47,946.43,952.38,957.87,964.91,971.22,976.02,980.88,986.71,993.53,999.92,1003.66,1006.72,1009.25,1011.42,1013.30,1015.04,1016.58,1017.94,1019.26,1020.88,1022.58,1024.58,1026.82,1029.32,1032.64,1036.00,1040.32,1045.79,1051.02,1056.09,1060.51,1064.40,1068.10,1071.52,1074.74,1077.41,1079.49,1082.32,1085.48,1088.54,1091.42,1094.43,1098.15,1101.49,1104.53,1107.43,1109.57,1111.34,1112.74,1113.86,1115.20,1116.65,1121.51,1127.32,1128.33,1130.42,1133.98,1137.62,1140.34,1142.74,1144.48,1145.45,1145.77,1145.91,1145.90,1145.27,1144.27,1143.30,1142.67,1143.97,1147.51,1153.32,1160.06,1166.08,1171.28,1175.80,1179.66,1183.11,1186.33,1189.71,1193.48,1197.12,1199.99,1202.61,1205.16,1207.71,1211.86,1218.15,1225.06,1230.63,1235.27,1239.59,1243.86,1247.98,1251.31,1254.62,1257.89,1261.03,1263.89,1266.75,1270.04,1273.48,1276.81,1280.12,1283.25,1286.22,1289.14,1292.35,1295.59,1298.32,1300.70,1303.09,1305.39,1307.73,1309.86,1311.70,1313.56,1315.33,1317.08,1319.02,1321.66,1324.95,1329.71,1335.32,1341.20,1347.29,1355.03,1362.48,1368.40,1372.16,1375.10,1377.90,1380.50,1382.61,1384.68,1386.20,1386.18,1384.30,1382.46,1380.81,1379.73,1379.10,1378.40,1377.28,1375.79,1374.14,1372.47,1371.02,1369.91,1369.02,1368.31,1367.85,1368.03,1368.76,1369.68,1370.35,1370.78,1370.95,1370.83,1370.28,1369.09,1366.94,1364.49,1361.95,1359.15,1355.87,1352.43,1348.57,1344.00,1339.79,1335.81,1331.65,1327.15,1322.34,1317.14,1311.91,1306.98,1302.67,1298.22,1293.32,1288.54,1284.30,1280.32,1278.20,1277.18,1277.22,1279.00,1281.05,1282.06,1282.01,1280.53,1276.10,1271.05,1266.01,1260.91,1255.36,1250.39,1246.38,1243.03
836.02,842.41,848.56,852.26,853.45,851.72,846.80,838.66,828.88,820.17,816.97,814.35,811.85,809.22,806.42,804.11,802.87,803.71,806.71,810.29,813.23,815.40,816.76,817.02,816.50,815.35,813.64,811.54,809.76,809.28,809.36,809.71,810.51,812.86,817.24,822.68,828.11,832.59,836.68,841.59,847.47,853.12,858.08,861.71,864.45,867.15,870.22,875.00,881.68,890.28,899.34,907.09,914.62,921.60,926.44,932.09,938.25,944.60,950.77,956.11,962.38,968.19,972.97,977.52,982.68,988.65,995.04,1000.88,1004.06,1006.91,1009.60,1011.82,1013.45,1014.81,1016.07,1017.33,1018.64,1019.94,1021.66,1023.72,1025.94,1028.26,1030.43,1033.51,1038.07,1043.82,1049.44,1054.39,1058.76,1062.77,1066.36,1069.76,1072.72,1075.05,1077.32,1079.61,1082.18,1085.13,1088.39,1091.95,1095.82,1099.66,1103.01,1105.88,1108.52,1110.53,1111.77,1112.84,1111.91,1111.91,1112.93,1114.01,1118.34,1126.23,1132.98,1135.41,1137.30,1138.55,1139.26,1139.54,1139.69,1139.76,1139.20,1138.28,1137.52,1137.45,1139.97,1144.54,1150.73,1157.45,1163.51,1168.60,1172.86,1176.49,1180.01,1182.90,1185.47,1188.03,1190.49,1193.68,1197.02,1200.20,1203.14,1207.29,1213.59,1220.89,1227.41,1232.68,1237.12,1241.26,1245.20,1248.56,1251.88,1254.99,1257.74,1259.92,1262.47,1265.43,1268.54,1271.66,1274.95,1278.24,1281.39,1284.34,1286.98,1289.53,1292.08,1294.67,1297.28,1299.80,1302.42,1305.14,1307.73,1309.70,1311.59,1313.61,1316.03,1319.52,1324.22,1329.84,1335.81,1341.76,1347.61,1356.06,1364.08,1369.88,1372.82,1375.56,1378.25,1380.64,1382.37,1384.10,1385.14,1384.86,1383.06,1381.25,1379.27,1377.98,1377.33,1376.55,1375.50,1374.17,1372.64,1371.03,1369.87,1369.08,1368.45,1368.11,1368.44,1368.87,1369.21,1369.55,1369.98,1370.22,1370.12,1369.81,1369.24,1368.15,1366.36,1364.25,1361.97,1359.49,1356.51,1353.36,1349.93,1345.98,1341.90,1337.60,1333.28,1328.88,1324.09,1318.97,1313.78,1308.88,1304.68,1300.50,1295.68,1290.75,1286.06,1281.35,1278.80,1277.32,1276.92,1278.63,1280.12,1281.00,1281.18,1279.93,1275.15,1269.78,1264.56,1259.27,1253.12,1248.74,1245.27,1242.27
830.08,836.95,843.27,846.91,847.78,845.38,839.20,830.73,822.92,817.30,815.10,812.93,810.29,807.14,803.74,801.55,801.81,804.60,809.27,813.32,816.49,818.87,820.53,821.31,821.21,820.49,819.18,817.26,815.38,814.23,813.50,813.12,813.41,814.45,817.52,822.11,827.45,832.06,836.38,841.49,847.48,853.04,857.93,862.04,865.45,868.21,871.20,875.38,881.04,888.50,897.32,904.91,912.27,919.25,924.51,929.82,935.84,942.20,948.30,953.68,959.08,964.25,969.05,973.74,978.48,983.68,989.41,995.45,1000.02,1003.61,1006.56,1009.06,1011.47,1012.97,1014.19,1015.38,1016.54,1017.65,1019.10,1020.83,1022.74,1024.73,1026.62,1028.95,1032.16,1036.43,1042.00,1047.43,1052.38,1056.88,1060.61,1064.10,1067.34,1070.19,1072.62,1074.69,1076.92,1079.47,1082.29,1085.54,1089.47,1093.66,1097.54,1100.95,1103.92,1106.25,1107.84,1108.99,1108.52,1107.74,1107.38,1108.28,1111.39,1117.03,1123.40,1128.80,1131.81,1133.11,1133.55,1133.54,1133.49,1133.40,1132.96,1132.32,1131.91,1132.63,1136.30,1141.64,1147.86,1154.18,1160.03,1164.98,1169.06,1172.44,1175.63,1178.41,1180.91,1183.20,1185.26,1188.02,1191.28,1195.05,1199.61,1204.44,1210.44,1217.34,1224.41,1229.94,1234.42,1238.48,1242.28,1245.63,1248.88,1251.94,1254.62,1256.62,1258.85,1261.23,1263.76,1266.55,1269.72,1273.13,1276.44,1279.52,1282.28,1284.83,1287.38,1289.98,1292.63,1295.37,1298.17,1301.02,1303.83,1306.20,1308.52,1311.26,1314.65,1319.04,1324.90,1330.87,1336.73,1342.62,1348.72,1357.59,1365.60,1370.87,1373.40,1375.98,1378.55,1380.81,1382.39,1383.72,1384.29,1383.91,1382.54,1380.85,1378.83,1377.12,1375.82,1374.74,1373.66,1372.47,1371.23,1370.07,1369.23,1368.62,1368.27,1368.28,1368.77,1368.89,1368.79,1368.64,1368.63,1368.70,1368.32,1367.83,1367.41,1366.66,1365.29,1363.55,1361.54,1359.20,1356.33,1353.30,1350.08,1346.50,1342.74,1338.79,1334.85,1330.87,1326.42,1321.31,1316.07,1311.06,1306.58,1302.35,1297.59,1292.57,1287.51,1282.53,1279.48,1277.53,1276.78,1278.26,1279.66,1280.56,1280.53,1278.58,1273.35,1267.97,1262.62,1257.05,1251.12,1247.22,1244.08,1241.42
822.95,830.47,836.12,839.09,839.43,836.50,829.72,821.95,817.05,814.97,813.22,811.46,808.61,804.94,801.27,799.74,801.72,806.04,811.53,815.95,819.24,821.68,823.55,824.83,825.27,825.14,824.56,823.52,822.26,820.57,818.95,817.72,817.18,816.29,817.79,821.49,826.63,831.28,835.81,841.07,847.10,852.73,857.59,862.25,866.44,869.46,872.39,875.88,880.38,886.53,894.81,902.16,909.32,916.26,921.99,927.17,932.99,939.18,945.14,950.61,955.35,959.94,964.68,969.50,974.05,978.66,983.54,988.93,994.91,999.28,1002.48,1005.22,1008.47,1010.35,1011.80,1013.18,1014.39,1015.45,1016.68,1018.11,1019.73,1021.64,1023.54,1025.44,1027.44,1029.91,1034.92,1040.54,1045.91,1050.56,1054.44,1058.03,1061.50,1064.80,1067.65,1069.87,1071.91,1073.99,1076.24,1079.17,1082.92,1087.19,1091.58,1095.50,1098.63,1101.18,1103.19,1104.58,1105.54,1105.63,1105.40,1106.07,1107.07,1108.64,1113.14,1121.25,1125.54,1127.30,1127.74,1127.49,1127.20,1126.91,1126.58,1126.25,1126.30,1127.90,1132.45,1138.27,1144.37,1150.28,1155.92,1160.74,1164.70,1167.89,1170.62,1173.38,1176.07,1178.48,1180.53,1182.77,1185.82,1190.24,1196.61,1202.34,1207.94,1214.16,1221.38,1226.97,1231.50,1235.52,1239.18,1242.47,1245.59,1248.61,1251.38,1253.49,1255.52,1257.34,1259.28,1261.66,1264.51,1267.93,1271.37,1274.62,1277.78,1280.64,1283.35,1285.98,1288.63,1291.63,1294.59,1297.49,1300.36,1303.24,1306.12,1309.76,1314.25,1319.51,1326.24,1332.31,1337.93,1343.81,1350.41,1359.54,1367.18,1371.66,1373.98,1376.43,1378.86,1380.98,1382.45,1383.32,1383.46,1383.10,1382.23,1380.69,1378.74,1376.58,1374.52,1373.07,1371.92,1370.88,1370.00,1369.37,1368.80,1368.36,1368.25,1368.51,1368.80,1368.46,1367.95,1367.43,1366.98,1366.81,1366.11,1365.46,1365.23,1364.91,1363.95,1362.55,1360.75,1358.42,1355.60,1352.63,1349.55,1346.28,1342.93,1339.55,1336.17,1332.69,1328.76,1323.70,1318.42,1313.29,1308.46,1304.01,1299.27,1294.13,1288.70,1283.76,1280.21,1277.82,1276.79,1277.89,1279.35,1280.26,1279.78,1276.79,1271.22,1265.95,1260.48,1254.59,1249.30,1245.77,1242.87,1240.65
813.92,820.54,822.87,822.98,821.62,818.99,816.10,813.71,812.85,812.78,811.35,809.56,806.13,802.09,799.13,799.36,803.28,808.44,813.64,818.13,821.20,823.65,825.78,827.44,828.47,828.75,828.58,828.11,827.37,825.95,824.37,822.79,821.09,819.26,819.16,821.24,825.60,830.01,834.72,840.00,845.87,851.65,856.69,861.32,865.67,869.54,872.48,875.44,878.90,883.72,891.53,898.36,905.33,912.29,917.80,923.07,928.63,934.51,940.54,946.02,951.09,955.71,959.91,964.13,968.99,973.62,977.94,982.37,987.67,992.31,996.05,998.98,1001.88,1004.57,1007.31,1009.94,1011.77,1013.06,1014.34,1015.75,1017.27,1018.94,1020.57,1022.42,1024.68,1027.40,1030.74,1035.45,1040.35,1043.40,1047.53,1051.45,1054.86,1057.80,1061.05,1063.75,1066.04,1068.15,1070.50,1073.32,1076.74,1080.77,1085.43,1089.93,1093.51,1096.39,1098.63,1100.39,1101.86,1102.72,1103.18,1103.87,1104.98,1106.24,1108.63,1112.72,1116.15,1119.08,1120.66,1120.87,1120.57,1120.22,1119.82,1119.63,1120.28,1122.99,1127.37,1132.73,1138.74,1144.92,1150.66,1155.51,1159.48,1162.65,1165.23,1167.85,1170.52,1173.11,1175.49,1178.07,1181.81,1187.16,1193.97,1200.36,1205.90,1211.43,1217.88,1223.36,1228.12,1232.18,1235.53,1238.60,1241.55,1244.44,1247.27,1249.97,1252.29,1254.08,1255.75,1257.63,1259.47,1262.50,1265.97,1269.46,1272.89,1276.30,1279.53,1282.56,1285.39,1288.70,1292.06,1295.34,1298.56,1301.85,1305.40,1309.85,1315.16,1321.10,1327.91,1333.91,1339.60,1345.91,1353.18,1362.39,1369.23,1372.47,1374.74,1377.02,1379.20,1381.08,1382.19,1382.49,1382.42,1382.13,1381.50,1380.22,1378.15,1375.85,1373.66,1371.94,1370.75,1369.98,1369.42,1368.95,1368.42,1368.26,1368.26,1368.23,1367.95,1367.46,1366.88,1366.31,1365.73,1364.92,1363.83,1363.09,1363.03,1363.01,1362.31,1361.06,1359.27,1356.75,1353.97,1351.13,1348.27,1345.42,1342.51,1339.50,1336.48,1333.42,1330.12,1325.38,1320.29,1315.27,1310.45,1305.68,1300.78,1295.27,1289.33,1284.94,1281.10,1278.41,1277.17,1277.48,1278.81,1279.47,1278.37,1274.52,1269.18,1263.98,1258.25,1252.17,1247.84,1244.41,1241.76,1240.36
807.57,812.54,812.93,812.02,810.51,808.73,808.08,808.71,809.66,810.06,808.70,806.83,803.21,799.54,798.06,799.61,804.94,810.66,815.48,819.76,822.68,825.20,827.53,829.45,830.82,831.41,831.53,831.37,831.19,830.19,829.04,827.75,825.83,823.76,822.68,823.16,825.70,829.04,833.43,838.39,843.83,849.82,855.00,859.57,863.89,868.20,871.55,874.37,877.20,880.91,887.29,893.85,900.63,907.31,912.88,918.10,923.53,929.19,934.93,940.53,946.17,951.22,955.40,959.10,963.49,967.88,972.11,976.30,980.79,985.06,988.99,992.44,995.54,998.63,1001.90,1005.20,1007.98,1010.08,1011.85,1013.44,1014.92,1016.50,1017.99,1019.68,1021.79,1024.37,1027.88,1032.21,1036.19,1038.21,1041.69,1045.06,1047.85,1050.22,1053.56,1056.62,1059.26,1061.69,1064.50,1067.38,1070.73,1074.64,1079.25,1084.31,1088.37,1091.62,1094.20,1096.18,1097.83,1099.20,1100.40,1101.58,1103.00,1104.31,1105.63,1107.26,1109.60,1112.29,1113.96,1114.34,1114.14,1113.89,1113.59,1113.55,1114.40,1117.05,1121.85,1127.34,1132.89,1138.76,1144.39,1149.35,1153.57,1156.98,1159.66,1162.21,1164.84,1167.64,1170.70,1174.23,1178.74,1184.45,1191.23,1197.91,1203.49,1208.55,1213.95,1219.18,1223.99,1228.13,1231.50,1234.51,1237.26,1239.89,1242.54,1245.29,1247.74,1249.80,1251.75,1253.66,1255.02,1257.56,1260.79,1264.39,1268.17,1272.11,1275.85,1279.29,1282.48,1286.40,1290.41,1294.17,1297.61,1301.28,1305.57,1310.88,1316.99,1323.32,1329.86,1335.73,1341.63,1348.48,1356.21,1364.86,1370.70,1373.07,1375.24,1377.38,1379.29,1380.78,1381.55,1381.54,1381.38,1381.07,1380.44,1379.29,1377.27,1375.04,1372.91,1371.07,1369.98,1369.38,1368.98,1368.59,1368.15,1367.99,1367.85,1367.52,1366.92,1366.35,1365.75,1365.15,1364.51,1363.22,1361.79,1360.94,1360.96,1361.06,1360.61,1359.42,1357.45,1354.70,1351.91,1349.15,1346.49,1343.94,1341.32,1338.68,1335.99,1333.25,1330.40,1326.04,1321.22,1316.41,1311.82,1306.97,1301.83,1295.98,1289.76,1285.80,1282.11,1279.34,1277.74,1277.19,1277.60,1277.79,1276.44,1272.32,1267.17,1261.91,1256.12,1250.32,1246.77,1243.51,1241.32,1240.85
804.17,807.02,807.18,807.25,807.15,806.62,806.11,806.88,807.33,806.85,805.35,803.33,799.99,797.48,798.10,800.46,806.57,812.58,817.02,820.83,823.73,826.38,828.85,830.90,832.38,833.21,833.52,833.48,833.85,833.37,832.90,832.49,831.33,829.65,828.24,827.32,827.22,828.68,832.14,836.34,841.08,847.20,852.50,857.05,861.24,865.46,869.58,872.67,875.32,878.23,882.32,888.70,895.28,901.41,907.31,912.33,917.79,923.34,928.52,934.28,940.56,946.37,951.09,954.51,957.69,961.53,966.01,970.64,974.50,977.95,981.67,985.91,989.78,992.87,995.86,999.16,1003.03,1006.46,1009.08,1011.05,1012.61,1014.29,1015.76,1017.17,1018.64,1020.52,1025.82,1030.27,1033.08,1035.09,1037.17,1039.16,1040.88,1042.55,1045.58,1048.73,1051.65,1054.55,1058.10,1061.30,1064.90,1068.85,1073.11,1078.60,1083.06,1086.77,1089.81,1091.88,1093.47,1095.11,1096.95,1099.00,1100.70,1102.13,1103.51,1104.98,1106.28,1107.36,1108.03,1108.24,1108.22,1108.18,1108.14,1108.28,1108.97,1110.42,1116.07,1122.22,1127.04,1132.05,1137.36,1142.44,1147.05,1150.88,1153.88,1156.46,1159.10,1162.22,1166.30,1171.28,1176.50,1181.98,1188.39,1194.95,1200.63,1205.43,1209.71,1214.55,1219.15,1223.36,1227.09,1230.21,1232.69,1235.00,1237.26,1239.47,1241.81,1244.37,1247.03,1249.49,1251.00,1253.06,1255.91,1259.58,1263.88,1268.34,1272.51,1276.31,1279.99,1284.78,1289.68,1293.93,1297.45,1301.48,1306.56,1312.77,1319.60,1326.05,1332.04,1337.82,1344.10,1351.51,1359.44,1366.84,1371.52,1373.43,1375.41,1377.41,1378.95,1379.97,1380.42,1380.41,1380.21,1379.76,1378.97,1377.83,1376.06,1374.13,1372.19,1370.36,1369.49,1368.95,1368.53,1368.18,1367.91,1367.49,1366.97,1366.40,1365.79,1365.18,1364.57,1363.97,1363.29,1361.74,1360.07,1359.07,1359.06,1359.12,1358.92,1357.69,1355.38,1352.46,1349.55,1346.79,1344.23,1341.83,1339.33,1337.02,1334.66,1332.17,1329.55,1325.62,1321.14,1316.67,1312.50,1307.80,1302.36,1296.21,1290.02,1286.32,1283.18,1280.55,1278.49,1277.07,1275.87,1275.37,1274.09,1270.28,1265.28,1259.78,1254.15,1249.06,1246.04,1243.04,1241.55,1242.09
801.27,803.53,804.07,804.47,804.65,804.43,804.26,804.72,804.81,804.17,802.58,800.01,797.61,796.77,798.79,802.45,808.43,814.04,818.22,821.65,824.53,827.28,829.86,831.95,833.55,834.76,835.40,835.52,836.24,836.30,836.44,836.63,836.08,834.97,833.64,832.30,831.24,831.01,832.28,834.78,838.58,843.90,849.59,854.27,858.13,861.96,866.37,870.20,873.41,876.15,879.05,883.50,889.25,895.48,900.74,906.04,911.60,917.23,922.68,928.12,934.37,940.49,945.79,949.74,952.77,956.02,959.75,963.91,968.29,972.33,976.16,979.95,983.78,987.20,990.55,994.05,997.88,1001.88,1005.11,1007.74,1010.03,1011.96,1013.44,1014.78,1016.12,1017.71,1021.14,1024.02,1026.95,1031.83,1034.09,1035.84,1037.29,1038.42,1040.26,1042.17,1044.04,1046.41,1050.62,1055.23,1059.48,1063.46,1067.56,1072.27,1076.64,1080.81,1084.56,1086.97,1088.71,1090.40,1092.22,1094.23,1096.41,1098.61,1100.70,1102.47,1103.46,1104.20,1104.67,1104.87,1104.96,1105.04,1105.08,1105.30,1106.09,1107.26,1111.01,1116.07,1121.51,1126.74,1131.69,1136.35,1140.57,1143.99,1147.23,1150.26,1153.55,1157.68,1163.16,1169.03,1174.59,1179.90,1185.81,1191.65,1197.17,1202.08,1206.09,1210.28,1214.37,1218.38,1222.11,1225.02,1227.45,1229.69,1231.79,1233.75,1235.72,1237.93,1240.46,1243.24,1245.55,1248.17,1251.57,1256.11,1261.99,1267.15,1271.54,1275.40,1279.28,1284.80,1290.10,1294.53,1298.24,1302.92,1308.68,1315.31,1322.26,1328.49,1334.15,1340.54,1347.63,1355.27,1363.34,1368.75,1372.00,1373.75,1375.21,1376.24,1377.03,1377.64,1378.03,1377.99,1377.55,1376.98,1376.34,1375.33,1374.06,1372.69,1371.09,1369.05,1368.14,1367.59,1367.24,1367.19,1367.09,1366.49,1365.80,1365.19,1364.61,1364.00,1363.38,1362.79,1362.13,1360.74,1359.06,1357.85,1357.51,1357.55,1357.52,1356.23,1353.77,1351.10,1347.70,1344.56,1341.75,1339.16,1336.48,1334.16,1331.97,1329.74,1327.26,1323.88,1320.07,1316.19,1312.35,1307.74,1302.12,1295.88,1289.96,1286.81,1283.99,1281.43,1279.21,1277.27,1275.41,1273.97,1272.08,1268.60,1264.02,1258.28,1252.67,1248.10,1245.25,1242.42,1241.87,1243.47
798.14,800.17,801.28,802.07,802.43,802.38,802.49,802.60,802.31,801.42,799.55,797.04,796.00,796.83,799.84,804.76,810.30,815.28,819.25,822.38,825.24,828.05,830.70,832.85,834.67,836.22,837.22,837.67,838.65,839.27,839.92,840.53,840.50,840.04,839.05,837.72,836.25,834.80,834.03,834.66,836.99,840.62,846.17,851.07,854.95,858.41,862.74,867.12,871.02,874.12,876.77,879.81,884.54,890.23,894.42,899.51,905.04,910.87,916.83,922.02,928.02,934.24,940.07,944.59,947.78,950.59,953.55,957.14,961.74,966.14,970.10,973.72,977.64,981.52,985.34,989.09,992.74,996.92,1000.58,1003.84,1006.88,1009.12,1010.79,1012.28,1013.74,1015.21,1016.68,1018.15,1021.08,1027.42,1029.86,1032.41,1034.54,1035.40,1036.26,1037.10,1038.02,1039.72,1043.77,1048.77,1053.58,1058.05,1062.30,1066.45,1070.53,1074.72,1078.79,1081.62,1083.63,1085.38,1087.06,1088.74,1091.16,1093.91,1096.65,1098.95,1100.32,1101.20,1101.77,1102.10,1102.27,1102.43,1102.52,1102.83,1103.77,1104.93,1106.49,1109.94,1115.68,1121.40,1126.35,1130.75,1134.57,1137.55,1140.84,1144.26,1148.34,1153.76,1160.32,1166.88,1172.72,1177.88,1183.22,1188.30,1193.44,1198.33,1202.39,1206.13,1209.75,1213.36,1216.81,1219.48,1221.97,1224.27,1226.37,1228.25,1229.93,1231.76,1234.05,1237.02,1240.27,1243.89,1248.37,1254.16,1261.47,1267.19,1271.63,1275.43,1279.50,1285.69,1291.11,1295.59,1299.66,1305.04,1311.48,1318.37,1325.13,1330.95,1336.30,1343.38,1351.25,1358.79,1366.41,1370.09,1372.09,1373.50,1374.41,1374.56,1374.65,1374.90,1375.20,1375.06,1374.45,1373.81,1373.29,1372.42,1371.51,1370.52,1369.20,1367.21,1366.27,1365.78,1365.70,1366.10,1366.30,1365.60,1364.74,1364.05,1363.43,1362.81,1362.19,1361.59,1360.90,1359.67,1358.08,1356.73,1356.06,1356.06,1356.13,1354.94,1352.62,1350.28,1346.52,1342.84,1339.53,1336.52,1333.56,1331.09,1328.96,1326.94,1324.49,1321.55,1318.37,1315.05,1311.50,1306.93,1301.26,1295.11,1289.55,1286.78,1284.22,1281.77,1279.46,1277.23,1275.04,1272.85,1270.36,1267.09,1262.93,1257.01,1251.44,1247.33,1244.56,1242.05,1242.34,1244.78
794.13,795.87,797.77,799.40,800.46,800.78,800.82,800.76,799.95,798.16,795.53,794.84,795.85,797.97,801.35,807.24,812.05,816.26,820.08,823.04,825.90,828.68,831.31,833.64,835.89,837.59,838.92,840.08,841.31,842.46,843.46,844.21,844.51,844.79,844.59,843.75,842.20,840.57,838.92,837.85,837.54,837.80,841.78,847.00,851.83,855.19,858.81,863.02,867.45,871.80,875.90,879.91,883.55,886.68,889.28,892.67,897.81,904.08,910.58,916.04,921.60,927.65,933.87,938.65,942.11,944.88,947.60,950.89,954.26,957.63,961.58,966.42,971.29,975.74,979.94,983.95,987.70,991.59,995.37,999.03,1002.42,1005.09,1007.37,1009.46,1011.35,1012.84,1014.32,1015.78,1017.61,1020.25,1021.95,1027.18,1031.91,1033.02,1033.95,1034.95,1035.99,1037.24,1039.11,1041.34,1046.23,1052.29,1057.38,1062.28,1065.84,1068.99,1072.24,1075.54,1077.97,1079.93,1081.53,1082.76,1084.66,1087.09,1089.93,1093.08,1096.06,1097.53,1098.48,1099.23,1099.40,1099.61,1099.81,1100.26,1101.34,1102.65,1102.89,1104.48,1108.88,1115.19,1121.02,1125.88,1129.78,1132.71,1135.63,1138.99,1143.87,1150.84,1157.48,1164.55,1170.72,1175.75,1180.49,1184.98,1189.37,1193.77,1198.14,1202.09,1205.49,1208.42,1211.01,1213.63,1216.28,1218.82,1221.19,1223.24,1224.99,1226.84,1229.09,1232.13,1236.27,1241.35,1247.68,1255.18,1262.94,1268.70,1272.92,1276.57,1280.99,1287.80,1292.94,1297.32,1302.10,1308.11,1315.29,1322.28,1328.49,1333.59,1338.58,1346.16,1354.46,1361.32,1367.03,1370.07,1371.44,1371.90,1372.37,1372.31,1372.12,1372.00,1371.98,1371.63,1371.13,1370.55,1369.90,1369.15,1368.07,1366.87,1365.63,1364.45,1363.57,1363.44,1364.03,1365.13,1365.95,1365.27,1364.15,1363.14,1362.29,1361.58,1360.97,1360.35,1359.49,1358.19,1356.75,1355.47,1354.63,1354.58,1354.64,1353.92,1352.36,1350.25,1346.66,1342.35,1338.07,1334.31,1330.97,1328.23,1326.00,1323.98,1321.41,1318.57,1315.66,1312.70,1309.39,1304.78,1299.28,1293.57,1288.51,1285.50,1283.20,1280.94,1278.59,1276.35,1274.12,1271.86,1269.20,1265.75,1261.95,1255.96,1250.52,1246.87,1244.17,1242.31,1243.13,1245.81
787.94,789.70,791.73,793.57,794.92,795.55,795.48,795.22,794.87,794.31,793.55,794.48,796.44,799.33,803.59,809.33,813.68,817.46,821.00,823.85,826.65,829.37,832.02,834.62,837.23,839.33,841.05,842.55,844.00,845.45,846.71,847.69,848.30,848.91,849.05,848.65,847.70,846.40,844.81,843.10,841.32,839.51,840.35,843.56,847.90,851.84,855.41,859.27,863.55,868.16,872.57,876.95,880.73,883.66,885.75,888.32,892.18,897.16,902.91,908.34,914.08,919.75,924.91,929.01,932.99,936.29,939.33,943.03,946.69,950.21,954.25,959.09,963.46,967.44,972.58,978.29,982.00,985.80,989.81,993.78,997.36,1000.51,1003.41,1006.00,1008.20,1010.08,1011.86,1013.46,1014.92,1016.39,1017.83,1021.97,1025.87,1027.75,1031.26,1032.92,1034.00,1035.12,1036.28,1037.76,1041.31,1046.12,1051.04,1056.14,1060.37,1063.70,1066.41,1069.38,1072.22,1074.51,1076.21,1077.50,1079.15,1081.48,1084.38,1087.74,1091.07,1093.02,1094.43,1095.58,1096.23,1096.52,1096.90,1097.60,1098.80,1100.31,1100.26,1100.87,1103.75,1109.12,1114.85,1120.15,1124.67,1128.06,1131.38,1135.22,1140.30,1147.03,1153.88,1161.01,1167.33,1172.51,1177.07,1181.43,1185.57,1189.68,1193.89,1197.64,1200.99,1203.83,1206.15,1208.55,1210.97,1213.51,1216.08,1218.45,1220.42,1222.58,1225.38,1229.45,1235.22,1241.87,1249.74,1258.38,1265.66,1270.82,1274.77,1278.73,1284.02,1290.35,1295.37,1300.12,1305.57,1312.03,1319.14,1325.72,1331.37,1336.05,1341.20,1348.59,1356.27,1362.16,1366.55,1368.93,1369.91,1369.99,1370.17,1369.97,1369.64,1369.29,1368.87,1368.10,1367.39,1366.61,1365.68,1364.86,1363.80,1362.72,1361.76,1361.10,1361.27,1361.91,1362.92,1364.25,1365.39,1364.91,1363.82,1362.65,1361.59,1360.57,1359.57,1358.62,1357.65,1356.35,1354.97,1353.85,1353.26,1353.24,1353.23,1352.86,1351.95,1350.16,1346.69,1342.20,1337.53,1333.30,1329.34,1326.14,1323.44,1320.95,1318.17,1315.32,1312.34,1309.17,1305.64,1301.37,1296.65,1291.69,1286.80,1282.84,1279.37,1276.64,1274.66,1273.13,1271.32,1269.52,1267.30,1264.06,1260.18,1254.51,1249.61,1246.45,1243.83,1242.71,1243.94,1246.65
781.02,782.61,784.26,785.99,787.46,788.31,788.32,788.29,789.15,790.87,792.79,795.05,797.42,800.86,806.17,811.25,815.32,818.86,822.04,824.79,827.50,830.25,833.07,835.94,838.80,841.28,843.36,845.06,846.70,848.37,849.84,851.04,851.93,852.64,852.89,852.86,852.67,851.90,850.77,849.06,846.63,843.73,841.32,841.70,844.56,848.70,852.31,855.78,859.63,864.03,868.18,872.51,876.75,880.45,882.83,885.23,887.76,890.95,895.41,900.41,906.27,911.32,914.95,918.27,922.65,926.47,929.92,934.11,938.53,942.63,946.90,951.49,955.13,958.55,964.52,971.89,975.76,979.79,984.08,988.28,992.03,995.58,998.98,1001.98,1004.53,1006.94,1009.15,1010.97,1012.53,1014.09,1015.52,1017.27,1019.13,1021.74,1027.82,1030.28,1031.67,1033.13,1034.34,1036.00,1037.90,1040.56,1044.77,1049.64,1054.65,1058.49,1060.81,1063.19,1066.27,1068.84,1070.74,1072.37,1074.03,1076.43,1079.39,1082.59,1085.54,1087.78,1089.55,1091.01,1092.30,1092.92,1093.77,1094.91,1096.21,1097.87,1098.09,1098.31,1099.84,1103.60,1108.66,1114.18,1119.42,1123.52,1127.61,1132.14,1137.17,1142.90,1149.76,1156.61,1162.85,1168.27,1172.88,1177.37,1181.53,1185.52,1189.48,1192.94,1196.35,1199.30,1201.63,1203.79,1205.94,1208.40,1211.14,1213.87,1216.22,1218.92,1222.67,1228.31,1235.95,1244.03,1253.00,1262.14,1268.59,1273.09,1276.95,1281.46,1287.63,1293.12,1298.12,1303.37,1309.38,1316.16,1322.84,1328.77,1333.83,1338.21,1343.63,1350.42,1357.08,1362.05,1365.40,1367.15,1367.85,1367.86,1367.85,1367.54,1367.15,1366.65,1365.83,1364.59,1363.45,1362.26,1360.96,1359.97,1358.98,1358.34,1358.07,1358.09,1359.56,1361.00,1362.29,1363.59,1364.73,1364.45,1363.50,1362.30,1361.07,1359.66,1358.17,1356.77,1355.66,1354.37,1353.02,1352.10,1351.91,1351.99,1351.91,1351.75,1351.30,1349.77,1346.45,1342.06,1337.35,1332.78,1328.19,1324.44,1321.11,1317.96,1314.92,1311.99,1308.78,1305.20,1301.30,1297.43,1293.67,1289.53,1284.74,1279.87,1274.88,1271.47,1269.82,1268.91,1267.51,1266.32,1264.82,1262.10,1258.15,1253.04,1248.81,1246.09,1243.55,1243.16,1244.74,1247.39
775.45,775.25,775.62,777.21,778.73,779.55,780.76,782.81,786.39,790.60,793.23,795.87,798.64,802.72,808.77,813.28,817.26,820.72,823.60,826.01,828.65,831.88,835.38,838.52,841.13,843.52,845.67,847.52,849.36,851.39,853.04,854.25,855.25,855.95,856.22,856.27,856.24,855.81,855.03,853.77,851.97,849.74,846.98,845.68,845.78,846.76,849.51,852.70,856.36,860.53,864.27,867.84,871.40,875.14,879.27,882.57,885.48,888.41,891.67,895.21,899.49,903.24,906.33,910.32,914.10,917.25,920.23,923.84,927.88,932.02,936.88,942.67,947.76,952.41,957.57,963.19,968.45,973.75,978.41,982.67,986.75,990.13,993.53,996.91,1000.12,1002.98,1005.45,1007.66,1009.76,1011.83,1013.41,1014.94,1016.52,1018.49,1021.79,1024.52,1027.68,1030.95,1032.52,1034.29,1036.25,1038.66,1041.93,1045.64,1049.48,1052.59,1054.78,1057.13,1059.63,1061.91,1064.02,1066.29,1068.51,1071.37,1074.42,1077.13,1079.14,1080.90,1082.42,1083.83,1085.51,1087.59,1090.07,1092.31,1093.67,1095.12,1095.86,1096.61,1097.98,1100.34,1104.13,1108.93,1114.16,1119.11,1124.01,1128.97,1134.03,1139.27,1144.93,1150.72,1156.41,1161.79,1166.59,1171.39,1175.74,1179.91,1184.25,1187.88,1191.43,1194.43,1196.67,1198.97,1201.30,1203.92,1206.83,1209.87,1212.91,1216.57,1221.82,1229.55,1238.47,1247.26,1255.83,1263.74,1269.83,1274.74,1279.47,1284.63,1290.52,1295.95,1301.06,1306.46,1312.58,1319.41,1325.79,1331.08,1335.42,1339.47,1344.37,1350.27,1356.28,1361.15,1363.56,1364.79,1365.31,1365.34,1365.27,1364.94,1364.53,1363.95,1362.93,1361.44,1359.56,1357.58,1355.76,1354.45,1353.50,1353.98,1355.75,1357.82,1359.73,1361.21,1362.53,1363.77,1364.11,1363.60,1362.69,1361.60,1360.44,1358.86,1357.14,1355.44,1353.89,1352.50,1351.22,1350.48,1350.51,1350.76,1350.74,1350.52,1349.87,1348.10,1345.17,1341.29,1336.82,1332.00,1327.21,1322.88,1318.96,1315.38,1312.00,1308.79,1305.44,1301.80,1297.73,1293.81,1290.48,1286.86,1282.50,1278.40,1273.39,1269.62,1267.30,1265.05,1263.08,1262.07,1261.28,1259.63,1256.63,1252.28,1248.51,1245.93,1243.43,1243.58,1245.46,1248.09
771.78,770.83,770.52,771.54,772.58,773.23,775.08,779.08,784.87,790.77,793.70,796.56,800.09,804.93,811.11,815.42,819.25,822.62,825.41,827.76,830.72,834.35,838.11,841.16,843.62,845.94,848.22,850.41,852.42,854.61,856.41,857.75,858.88,859.63,859.97,860.12,860.20,860.04,859.58,858.76,857.52,855.93,853.49,851.17,849.11,847.50,848.53,850.56,853.51,857.40,860.88,863.92,866.94,870.40,874.97,879.15,882.79,886.29,889.84,892.31,895.03,897.58,900.06,903.58,906.31,908.65,911.10,914.31,917.99,922.11,927.15,933.38,939.57,945.56,950.76,955.55,961.31,966.99,972.02,976.66,981.12,984.64,987.99,991.42,994.91,998.15,1001.07,1003.75,1006.33,1008.87,1011.04,1012.85,1014.45,1015.96,1017.46,1019.78,1023.23,1027.18,1029.89,1032.44,1035.06,1037.83,1040.74,1043.55,1046.21,1048.47,1050.29,1052.21,1053.96,1055.65,1057.46,1059.65,1061.80,1064.75,1067.90,1070.59,1072.41,1074.22,1075.76,1076.97,1078.28,1081.05,1084.51,1087.85,1090.40,1092.48,1093.81,1095.00,1096.38,1097.92,1100.57,1104.61,1109.53,1114.47,1119.70,1124.91,1130.12,1135.35,1140.26,1145.11,1150.00,1154.87,1159.50,1164.39,1168.90,1173.23,1177.66,1181.54,1185.28,1188.57,1191.27,1194.00,1197.01,1200.44,1204.13,1207.74,1211.62,1216.38,1222.97,1232.03,1241.32,1250.17,1258.03,1264.70,1270.34,1275.62,1281.19,1287.01,1292.78,1298.20,1303.35,1308.85,1315.10,1321.95,1327.97,1332.70,1336.48,1340.24,1344.47,1349.13,1354.01,1358.50,1360.83,1362.10,1362.69,1362.76,1362.68,1362.38,1361.78,1360.91,1359.65,1357.68,1355.29,1352.94,1351.09,1350.34,1350.47,1352.27,1355.40,1358.46,1360.30,1361.60,1362.72,1363.54,1363.22,1362.51,1361.60,1360.56,1359.42,1357.85,1356.10,1354.30,1352.48,1350.85,1349.38,1348.60,1348.77,1349.02,1348.97,1348.59,1347.72,1345.90,1343.40,1340.03,1335.93,1331.13,1325.99,1321.31,1317.10,1313.30,1309.77,1306.40,1302.99,1299.35,1295.34,1291.73,1289.20,1286.57,1283.10,1279.64,1275.11,1271.05,1267.74,1264.49,1261.65,1259.97,1258.82,1257.32,1255.13,1251.55,1248.24,1245.73,1243.35,1243.89,1245.95,1248.53
770.15,769.81,769.58,769.58,769.64,769.99,771.72,777.16,784.33,790.97,794.04,797.06,801.75,807.46,813.13,817.62,821.25,824.51,827.47,830.13,833.80,837.65,841.12,843.74,846.25,848.60,851.13,853.87,856.02,858.13,860.04,861.67,862.96,863.81,864.31,864.62,864.82,864.87,864.71,864.20,863.29,862.03,860.24,857.55,854.28,851.25,849.83,849.73,851.33,854.76,858.06,860.92,863.69,866.59,869.98,874.79,879.27,884.00,889.30,891.45,892.99,894.59,896.34,897.97,899.41,900.95,902.95,905.98,909.42,913.44,918.17,923.83,930.40,937.54,943.89,949.31,954.49,959.48,964.80,970.14,974.94,979.09,982.43,985.60,988.90,992.46,996.02,999.25,1002.18,1005.05,1008.24,1010.60,1012.38,1013.90,1015.36,1016.61,1018.55,1021.70,1026.26,1030.25,1033.97,1037.55,1040.82,1043.19,1045.00,1046.44,1047.62,1048.65,1049.60,1050.49,1051.47,1052.77,1054.07,1056.59,1059.76,1062.87,1065.29,1067.82,1069.75,1070.72,1070.96,1073.46,1077.01,1081.29,1086.20,1089.90,1091.90,1093.34,1094.76,1096.12,1097.91,1101.26,1105.63,1109.68,1114.63,1119.85,1125.33,1130.97,1135.84,1140.05,1143.99,1147.86,1151.94,1156.58,1161.18,1165.58,1169.74,1173.88,1177.90,1181.81,1185.55,1189.04,1193.23,1198.13,1203.22,1207.68,1212.52,1218.47,1226.08,1235.53,1244.16,1252.41,1259.45,1265.11,1270.16,1275.62,1281.83,1288.31,1294.32,1299.70,1304.80,1310.38,1316.85,1323.72,1329.34,1333.60,1337.01,1340.51,1344.03,1347.15,1350.38,1354.06,1357.17,1359.08,1359.98,1360.12,1360.12,1359.86,1358.92,1357.52,1355.91,1353.22,1350.61,1348.43,1347.19,1348.07,1350.37,1353.59,1357.09,1359.72,1361.03,1362.01,1362.69,1362.76,1362.08,1361.22,1360.24,1359.13,1357.97,1356.55,1354.98,1353.28,1351.41,1349.41,1347.45,1346.41,1346.64,1346.69,1346.47,1345.88,1344.85,1343.29,1341.16,1338.29,1334.68,1330.14,1324.48,1319.71,1315.54,1311.75,1308.26,1304.92,1301.51,1297.94,1294.24,1291.46,1290.18,1289.01,1286.84,1283.64,1279.85,1275.56,1271.18,1267.56,1263.69,1260.55,1257.90,1255.45,1253.64,1250.82,1247.94,1245.49,1243.28,1244.08,1246.22,1248.66
769.73,769.47,768.76,768.46,768.35,768.52,770.06,775.59,783.10,790.25,793.87,797.47,803.18,809.57,814.91,819.45,823.14,826.52,829.80,833.12,837.02,840.72,843.90,846.46,849.33,852.22,855.16,858.11,860.64,862.88,864.87,866.52,867.66,868.63,869.26,869.71,870.06,870.21,870.06,869.60,868.75,867.51,865.94,863.47,860.36,857.20,854.64,853.07,852.76,853.89,855.71,858.16,860.63,863.10,866.15,870.32,874.74,879.32,884.08,888.11,890.27,891.82,893.26,894.54,895.73,896.96,898.44,900.46,902.80,905.89,910.22,916.04,922.21,929.11,935.80,941.91,947.51,952.62,957.62,962.49,967.18,972.34,976.29,979.72,983.11,986.74,990.53,994.09,997.38,1000.57,1004.00,1006.99,1009.58,1011.70,1013.03,1013.93,1014.87,1016.74,1021.31,1025.94,1030.46,1034.86,1038.89,1041.66,1043.24,1044.39,1045.42,1046.25,1047.03,1047.73,1048.40,1049.11,1049.84,1051.35,1053.24,1055.10,1056.60,1059.33,1061.76,1063.32,1064.44,1067.11,1070.56,1074.93,1080.60,1085.76,1089.31,1091.55,1092.81,1093.92,1095.52,1098.45,1102.35,1106.29,1110.39,1115.05,1120.22,1125.81,1131.22,1135.47,1139.13,1142.55,1146.18,1150.08,1154.42,1158.84,1162.93,1167.49,1172.46,1177.23,1181.61,1186.36,1191.91,1197.63,1203.09,1208.04,1214.06,1220.78,1228.77,1238.12,1245.48,1252.63,1258.93,1264.18,1269.01,1274.41,1280.83,1287.80,1294.52,1300.19,1305.26,1310.79,1317.36,1324.45,1329.87,1333.83,1336.95,1340.07,1343.04,1345.48,1347.87,1350.57,1353.01,1355.23,1356.58,1357.03,1357.43,1357.23,1356.00,1354.17,1352.18,1349.07,1346.23,1344.51,1344.82,1348.05,1351.56,1355.20,1358.52,1360.30,1361.31,1361.99,1362.26,1361.86,1361.13,1359.92,1358.48,1357.04,1355.95,1354.93,1353.63,1352.05,1350.15,1347.78,1345.46,1344.17,1344.28,1344.19,1343.84,1343.10,1342.03,1340.65,1338.66,1336.22,1333.12,1328.84,1323.13,1318.29,1314.05,1310.21,1306.76,1303.49,1300.19,1296.94,1294.16,1292.71,1292.15,1291.33,1289.38,1286.14,1282.13,1277.89,1273.75,1270.03,1266.01,1262.50,1259.32,1256.13,1252.99,1250.29,1247.85,1245.53,1243.37,1244.35,1246.45,1248.73
769.30,768.78,767.73,767.44,767.38,767.40,768.58,773.77,781.16,788.62,793.25,797.58,804.19,811.18,816.36,820.94,824.81,828.47,832.20,836.13,840.07,843.59,846.67,849.48,852.80,856.24,859.59,862.72,865.56,867.90,869.92,871.57,872.62,873.72,874.49,875.06,875.54,875.75,875.53,874.98,874.07,872.75,871.28,869.20,866.57,863.58,860.30,857.64,855.70,854.63,854.81,856.41,858.15,859.93,862.65,865.85,869.86,874.09,878.22,883.80,886.96,888.86,890.27,891.66,892.85,893.96,895.04,896.15,897.48,899.62,903.31,908.88,914.54,920.95,927.61,934.17,940.23,945.75,950.51,954.90,959.51,965.17,969.59,973.49,977.29,980.99,984.96,988.82,992.50,996.03,999.50,1002.96,1006.23,1008.90,1010.22,1011.18,1011.56,1012.34,1016.18,1020.95,1025.90,1030.93,1035.85,1039.28,1041.03,1042.23,1043.36,1044.14,1044.89,1045.58,1046.12,1046.45,1046.89,1047.59,1048.33,1048.96,1049.50,1051.94,1054.51,1056.63,1058.97,1061.91,1065.64,1070.26,1075.93,1081.77,1086.34,1089.24,1090.49,1091.49,1093.14,1095.88,1099.48,1103.42,1106.78,1110.78,1115.44,1120.70,1126.41,1130.97,1134.74,1138.07,1141.39,1144.74,1148.84,1153.27,1157.49,1162.42,1168.38,1173.93,1178.68,1184.37,1191.08,1197.45,1203.12,1208.38,1215.27,1222.45,1230.52,1239.59,1245.91,1252.03,1257.71,1262.76,1267.45,1272.67,1279.13,1286.45,1293.80,1299.96,1305.11,1310.58,1317.15,1324.41,1329.86,1333.68,1336.56,1339.38,1341.95,1344.01,1345.86,1347.72,1349.34,1351.52,1353.14,1353.95,1354.75,1354.68,1353.29,1351.07,1348.53,1345.11,1342.13,1341.05,1343.09,1348.19,1352.41,1356.22,1359.34,1360.53,1361.34,1361.78,1361.72,1361.03,1360.24,1358.57,1356.60,1354.78,1353.70,1353.02,1352.02,1350.55,1348.55,1345.88,1343.40,1341.97,1341.88,1341.64,1341.14,1340.30,1339.18,1337.98,1336.18,1334.13,1331.46,1327.42,1321.85,1316.98,1312.63,1308.69,1305.26,1301.98,1299.06,1296.63,1294.99,1294.62,1294.32,1293.35,1291.16,1287.73,1283.37,1279.22,1275.51,1271.80,1267.93,1264.44,1261.11,1257.47,1252.93,1250.03,1247.79,1245.59,1243.48,1244.57,1246.63,1248.75
767.92,766.57,765.97,766.06,766.16,766.04,766.34,770.98,777.74,785.09,791.68,796.90,804.20,811.69,817.04,821.73,825.95,830.18,834.54,838.79,842.51,846.03,849.56,853.25,857.00,860.67,864.31,867.78,870.56,872.81,874.76,876.46,877.86,879.15,880.07,880.72,881.22,881.46,881.19,880.39,879.12,877.75,876.38,874.64,872.45,869.63,865.80,862.63,860.27,858.69,857.68,857.38,857.22,857.49,859.23,861.42,864.76,869.05,873.93,878.50,882.40,885.23,887.02,888.72,889.94,891.03,892.11,893.22,894.46,896.20,898.63,902.21,907.68,913.83,920.10,926.27,932.19,938.39,943.59,948.32,953.26,957.69,961.78,966.31,971.22,975.18,979.45,983.67,987.79,991.83,995.29,998.69,1001.88,1004.50,1006.16,1007.81,1008.62,1009.11,1011.49,1015.55,1020.12,1025.26,1031.12,1035.34,1037.88,1039.77,1041.26,1042.02,1042.74,1043.40,1043.95,1044.36,1045.06,1045.90,1046.79,1047.58,1048.09,1049.24,1050.79,1052.83,1055.87,1059.14,1064.38,1070.29,1074.96,1079.38,1082.84,1085.49,1087.40,1088.70,1090.60,1093.58,1097.30,1101.03,1104.36,1107.87,1111.83,1116.37,1121.22,1126.31,1130.87,1134.69,1138.06,1141.77,1145.92,1150.40,1155.13,1160.22,1166.79,1172.75,1177.32,1182.72,1189.85,1196.85,1203.01,1208.35,1215.09,1222.14,1229.94,1238.55,1244.94,1250.58,1255.88,1260.88,1265.49,1270.26,1276.60,1283.99,1291.38,1298.42,1303.93,1309.40,1315.81,1322.88,1328.88,1332.95,1335.69,1338.50,1340.94,1342.86,1344.48,1345.99,1347.43,1348.81,1350.08,1351.23,1352.20,1352.47,1351.24,1348.66,1345.12,1341.51,1338.66,1338.48,1342.05,1347.11,1351.41,1355.31,1358.59,1360.25,1361.02,1361.31,1361.19,1360.53,1359.40,1357.13,1354.66,1352.56,1351.21,1350.55,1349.81,1348.50,1346.11,1343.34,1341.18,1339.95,1339.60,1339.03,1338.39,1337.44,1336.28,1335.22,1333.96,1332.27,1329.77,1325.90,1320.69,1315.89,1311.41,1307.25,1303.70,1300.17,1298.41,1297.99,1297.68,1297.31,1296.38,1294.60,1291.70,1287.78,1283.42,1279.32,1275.58,1271.95,1268.50,1265.34,1262.28,1258.87,1253.97,1250.35,1247.67,1245.49,1243.51,1244.59,1246.63,1248.75
765.84,764.39,764.29,764.64,764.87,764.76,764.79,768.66,774.67,781.84,789.49,795.71,803.40,810.99,816.50,821.49,826.25,831.25,836.43,841.13,845.02,849.04,853.27,857.44,861.37,865.11,868.74,872.18,875.07,877.42,879.45,881.27,882.91,884.22,885.21,886.03,886.78,887.29,887.25,886.71,885.69,884.32,882.92,881.18,879.04,876.27,872.11,868.65,865.98,863.95,862.37,861.05,859.79,858.85,858.96,859.85,861.93,865.11,869.26,873.50,877.52,881.01,883.74,885.66,887.01,888.14,889.22,890.34,891.66,893.44,895.53,898.16,902.29,907.33,912.93,918.85,924.76,930.64,935.88,940.84,945.86,950.17,954.21,958.68,963.63,968.18,973.24,978.06,982.59,987.02,990.92,994.55,997.91,1000.81,1002.92,1004.76,1005.95,1006.78,1008.51,1011.38,1014.81,1019.16,1024.92,1029.99,1033.38,1035.80,1037.50,1038.34,1039.47,1040.71,1041.81,1042.50,1043.35,1044.27,1045.20,1046.10,1046.73,1047.70,1049.09,1051.22,1054.89,1059.23,1065.54,1072.06,1076.34,1079.79,1082.52,1084.83,1086.74,1088.11,1090.04,1092.95,1096.54,1100.21,1103.84,1107.48,1111.34,1115.61,1120.15,1125.27,1129.96,1133.88,1137.39,1141.37,1145.64,1150.06,1154.60,1159.39,1165.69,1171.57,1176.20,1181.41,1188.79,1196.11,1202.42,1207.47,1213.69,1220.61,1228.12,1236.03,1242.91,1248.60,1253.78,1258.71,1263.40,1267.99,1274.05,1281.22,1288.59,1295.88,1301.87,1307.59,1313.75,1320.30,1326.51,1331.09,1334.22,1336.91,1339.32,1341.24,1342.78,1344.06,1345.27,1346.25,1347.35,1348.53,1349.18,1349.37,1348.09,1345.32,1341.28,1337.43,1335.10,1335.88,1340.37,1345.31,1349.50,1353.27,1356.58,1358.88,1360.30,1360.80,1360.64,1359.81,1358.19,1355.63,1353.01,1350.77,1349.14,1348.28,1347.45,1346.11,1343.72,1341.28,1339.49,1338.44,1338.00,1337.16,1335.92,1334.59,1333.37,1332.35,1331.34,1329.75,1327.38,1323.88,1319.12,1314.26,1309.78,1305.90,1302.86,1300.46,1299.74,1300.16,1300.48,1299.70,1297.56,1294.62,1291.09,1286.91,1282.62,1278.71,1275.20,1271.78,1268.56,1265.57,1262.68,1259.39,1254.15,1250.34,1247.64,1245.58,1243.68,1244.73,1246.70,1248.75
763.31,762.36,762.71,763.25,763.56,763.54,763.61,766.67,771.91,778.78,786.87,794.04,801.93,809.42,815.20,820.58,825.98,831.84,837.95,843.26,847.61,852.34,857.28,861.69,865.71,869.44,872.93,876.16,879.21,881.76,883.99,886.00,887.83,889.19,890.27,891.38,892.62,893.45,893.62,893.45,892.93,891.66,890.26,888.49,886.31,883.53,879.16,875.53,872.62,870.21,868.20,866.35,864.54,862.78,861.25,860.94,861.63,863.16,865.75,869.59,872.99,876.66,880.39,882.37,883.99,885.30,886.44,887.63,889.11,891.09,893.26,895.45,897.86,901.52,906.33,911.95,917.75,922.82,927.81,932.85,937.83,942.58,946.78,950.94,955.41,960.50,966.47,971.99,976.96,981.76,986.27,990.32,994.05,997.40,1000.04,1001.98,1003.52,1004.93,1006.48,1008.11,1010.16,1013.27,1018.17,1023.75,1027.87,1030.79,1032.67,1033.72,1035.38,1037.33,1039.15,1040.36,1041.57,1042.63,1043.65,1044.65,1045.58,1046.96,1048.67,1051.08,1055.41,1061.17,1068.18,1074.76,1078.87,1081.68,1083.96,1085.94,1087.61,1088.96,1090.83,1093.53,1096.93,1100.76,1104.85,1108.90,1112.98,1117.24,1121.77,1126.67,1131.14,1134.96,1138.63,1142.78,1147.09,1151.32,1155.31,1159.61,1165.17,1170.64,1175.40,1180.47,1187.91,1195.33,1201.59,1206.24,1211.73,1218.45,1225.64,1232.78,1240.24,1246.24,1251.46,1256.36,1261.21,1265.80,1271.51,1278.26,1285.58,1292.75,1299.21,1305.27,1311.18,1317.13,1323.32,1328.46,1332.24,1334.86,1337.25,1339.23,1340.81,1341.96,1342.92,1343.76,1344.75,1345.74,1345.88,1345.74,1344.24,1341.31,1337.12,1333.13,1331.54,1333.24,1338.20,1343.02,1347.02,1350.56,1353.82,1356.75,1359.02,1359.94,1359.83,1358.81,1356.72,1354.09,1351.56,1349.36,1347.51,1346.33,1345.16,1343.61,1341.45,1339.57,1338.23,1337.49,1337.18,1336.29,1334.31,1332.35,1330.80,1329.59,1328.40,1326.74,1324.50,1321.45,1317.11,1312.41,1308.31,1305.21,1303.12,1302.38,1302.44,1302.93,1303.30,1301.76,1298.24,1294.06,1289.94,1285.64,1281.45,1277.80,1274.64,1271.52,1268.43,1265.50,1262.68,1259.43,1253.88,1250.14,1247.63,1245.73,1243.91,1244.96,1246.83,1248.77
760.49,760.89,761.48,762.04,762.36,762.35,762.46,765.10,769.71,775.97,783.81,791.35,799.14,806.71,813.34,819.05,825.03,831.76,838.95,845.21,850.48,855.63,860.71,865.26,869.38,873.17,876.65,879.81,882.80,885.52,888.07,890.47,892.64,894.52,896.06,897.87,900.19,901.03,900.48,899.83,899.44,898.68,897.89,896.75,895.06,892.36,887.80,883.97,880.95,878.29,875.00,872.70,870.96,869.46,868.03,867.84,867.97,868.33,869.16,870.44,871.08,873.19,876.75,878.21,880.59,882.58,884.07,885.57,887.20,889.07,890.92,892.57,894.30,897.46,901.68,906.49,911.20,915.63,920.09,924.76,929.74,934.80,939.44,943.80,948.06,952.65,958.80,964.88,970.49,975.78,980.72,985.34,989.66,993.54,996.76,999.60,1001.66,1003.06,1004.54,1006.02,1007.65,1009.66,1012.51,1016.67,1020.89,1024.46,1027.02,1028.63,1030.03,1031.74,1033.83,1036.19,1039.00,1040.94,1042.32,1043.63,1045.41,1047.18,1049.34,1052.48,1057.68,1064.76,1071.79,1077.53,1080.94,1083.48,1085.76,1087.85,1089.68,1091.26,1093.17,1095.81,1099.34,1104.00,1108.46,1112.75,1117.03,1121.43,1125.92,1130.59,1134.92,1138.78,1142.49,1146.41,1150.20,1153.82,1157.39,1161.44,1166.22,1171.03,1175.58,1180.47,1187.60,1194.76,1200.89,1205.40,1210.17,1216.41,1223.19,1229.77,1237.11,1243.37,1248.81,1253.81,1258.90,1263.66,1269.01,1275.27,1282.50,1289.43,1295.87,1302.01,1307.94,1313.74,1319.71,1325.05,1329.36,1332.33,1334.57,1336.55,1338.24,1339.44,1340.36,1341.19,1341.96,1342.50,1342.41,1341.86,1339.87,1336.56,1332.42,1328.97,1328.23,1330.42,1335.30,1340.28,1344.17,1347.54,1350.69,1353.69,1356.03,1357.42,1357.81,1356.90,1354.96,1352.47,1350.33,1348.67,1346.85,1345.48,1343.66,1341.53,1339.72,1338.35,1337.80,1337.92,1338.47,1338.50,1336.30,1333.20,1330.07,1327.62,1324.97,1323.00,1321.10,1318.25,1314.11,1310.83,1308.66,1307.54,1306.94,1306.85,1306.73,1306.55,1306.03,1302.92,1298.67,1293.97,1289.14,1284.74,1280.68,1277.25,1274.39,1271.70,1268.81,1265.75,1262.73,1259.46,1253.64,1249.90,1247.49,1245.70,1244.16,1245.26,1247.07,1248.91
758.30,759.95,760.63,761.09,761.32,761.25,761.29,763.44,767.62,773.58,781.13,788.64,796.13,803.58,810.72,816.87,823.50,831.04,839.15,846.33,852.46,858.02,863.23,868.04,872.32,876.19,879.75,882.97,886.08,889.07,891.98,894.85,897.71,900.54,902.43,904.24,906.51,906.85,906.00,905.22,904.83,904.18,903.56,902.69,901.25,898.54,894.19,890.42,887.61,885.42,882.26,880.17,878.66,877.33,876.07,876.13,876.04,875.52,874.68,874.27,873.40,874.17,876.63,877.47,879.55,881.35,882.72,884.22,885.69,887.28,888.75,890.00,891.34,893.99,897.63,901.76,905.66,909.62,913.48,917.56,922.19,926.98,931.88,936.68,941.28,945.87,952.04,958.35,964.18,969.37,974.68,980.00,985.00,989.35,993.03,996.47,999.05,1000.83,1002.59,1004.05,1005.45,1006.82,1008.38,1011.08,1014.44,1017.91,1021.07,1023.25,1024.67,1026.30,1028.49,1031.55,1035.41,1038.87,1041.43,1043.11,1045.48,1047.62,1050.43,1054.49,1060.26,1067.59,1074.40,1079.59,1082.39,1084.75,1087.07,1089.35,1091.55,1093.59,1095.68,1098.66,1102.72,1107.85,1112.46,1117.04,1121.64,1126.20,1130.82,1135.32,1139.52,1143.32,1146.78,1150.17,1153.45,1156.76,1160.31,1164.11,1168.32,1172.61,1176.88,1181.52,1187.88,1194.50,1200.42,1204.78,1208.99,1214.72,1221.05,1227.13,1233.80,1240.36,1246.15,1251.24,1256.56,1261.70,1266.92,1272.74,1279.76,1286.36,1292.63,1298.66,1304.45,1310.20,1316.04,1321.53,1326.22,1329.39,1331.67,1333.73,1335.50,1336.74,1337.66,1338.40,1338.92,1339.13,1338.89,1337.96,1335.51,1331.93,1328.06,1324.90,1324.40,1326.77,1331.83,1337.09,1341.05,1344.39,1347.47,1350.32,1352.58,1354.28,1355.13,1354.61,1353.03,1350.97,1349.33,1348.14,1346.50,1345.07,1342.93,1340.54,1338.97,1337.81,1337.55,1338.18,1339.57,1340.54,1338.23,1334.51,1330.58,1327.25,1323.26,1320.69,1318.85,1316.61,1313.78,1312.06,1311.33,1311.33,1311.34,1311.16,1310.68,1309.92,1308.49,1304.49,1299.84,1294.67,1289.09,1284.53,1280.51,1277.25,1274.64,1272.21,1269.51,1266.34,1263.03,1259.47,1253.41,1249.72,1247.41,1245.72,1244.44,1245.58,1247.30,1248.99
756.92,759.49,760.11,760.34,760.38,760.20,760.13,761.72,765.69,771.77,779.12,786.14,793.10,800.13,807.23,813.98,821.35,829.60,838.41,846.34,853.20,859.20,864.69,869.90,874.40,878.43,882.12,885.58,889.07,892.43,895.74,899.16,903.03,907.13,909.16,910.06,910.82,910.15,909.70,909.34,908.83,907.79,906.69,905.55,903.92,901.04,897.38,894.02,891.81,890.92,889.69,888.62,887.41,886.00,884.75,885.00,884.95,883.82,881.57,880.89,880.44,880.45,880.95,881.17,881.60,882.07,882.71,883.78,884.74,885.83,886.95,888.01,889.20,891.23,894.25,897.95,901.52,905.21,908.50,911.80,915.65,919.45,924.24,929.58,935.10,940.41,946.52,952.71,958.29,962.64,968.22,974.34,980.06,984.81,988.83,992.32,995.41,998.14,1000.53,1002.01,1003.25,1004.53,1005.97,1007.46,1008.92,1011.38,1014.88,1017.55,1019.49,1021.36,1023.59,1026.69,1030.76,1036.34,1040.99,1043.14,1045.70,1048.22,1051.86,1056.92,1062.82,1069.11,1075.53,1080.69,1083.08,1085.35,1087.64,1090.14,1092.89,1095.61,1098.08,1101.89,1106.89,1111.89,1116.44,1121.46,1126.53,1131.26,1136.16,1140.60,1144.64,1148.22,1151.12,1153.70,1156.63,1160.10,1164.07,1167.65,1171.55,1175.54,1179.50,1183.76,1188.91,1194.69,1200.30,1204.39,1208.27,1213.51,1219.36,1224.94,1230.41,1237.31,1243.56,1248.71,1254.24,1260.00,1265.34,1270.86,1277.48,1283.66,1289.68,1295.38,1300.80,1306.53,1312.36,1317.99,1322.88,1326.03,1328.62,1330.83,1332.64,1333.88,1334.83,1335.33,1335.62,1335.69,1335.32,1334.06,1331.28,1327.65,1324.23,1320.94,1319.93,1322.16,1327.74,1333.39,1337.62,1341.13,1344.19,1346.70,1348.86,1350.63,1351.80,1351.93,1350.85,1349.54,1348.46,1347.55,1346.30,1345.01,1343.04,1340.86,1339.38,1338.07,1337.40,1337.98,1339.97,1341.72,1339.35,1335.80,1332.30,1328.78,1323.88,1320.44,1318.37,1317.21,1317.06,1316.78,1316.55,1316.37,1315.78,1314.81,1313.89,1312.79,1310.59,1306.68,1301.96,1296.31,1289.97,1285.16,1281.05,1277.87,1275.43,1273.03,1270.53,1267.28,1263.58,1259.43,1253.19,1249.61,1247.43,1245.83,1244.76,1245.90,1247.49,1249.01
754.85,757.32,758.04,758.22,758.32,758.55,759.29,761.59,765.83,771.63,778.21,784.57,790.93,797.26,803.72,811.33,819.16,827.58,836.52,844.96,852.66,859.46,865.50,870.88,875.84,880.32,884.39,888.15,892.12,895.87,899.77,903.73,907.22,910.07,911.56,912.37,912.92,912.39,912.04,911.78,911.34,910.45,909.47,908.05,905.85,902.41,898.95,896.34,894.69,893.94,893.14,892.42,891.62,890.75,890.08,890.37,890.00,888.56,886.25,885.32,884.69,884.40,884.48,884.59,884.51,884.45,884.67,885.46,885.93,886.69,887.58,888.61,890.48,893.03,895.60,898.02,900.61,904.61,907.89,910.93,914.57,917.22,920.23,924.01,928.69,934.11,940.23,947.03,953.40,957.68,962.86,968.65,974.48,979.83,984.29,988.22,991.83,995.04,997.49,999.20,1000.74,1002.10,1003.08,1003.83,1003.96,1005.50,1008.95,1011.70,1013.83,1016.15,1019.00,1022.62,1027.42,1033.87,1039.63,1042.98,1045.86,1048.82,1052.80,1057.91,1063.57,1069.62,1075.88,1080.91,1083.13,1085.30,1087.46,1089.94,1092.94,1096.33,1099.74,1104.22,1109.52,1114.64,1119.87,1125.52,1131.05,1135.97,1140.55,1144.89,1148.72,1151.92,1154.62,1157.18,1160.36,1164.14,1168.28,1172.23,1175.90,1179.44,1183.02,1186.97,1191.60,1196.53,1201.18,1204.74,1208.18,1213.03,1218.47,1223.59,1228.36,1234.88,1241.26,1246.88,1252.48,1258.60,1264.13,1269.54,1275.72,1281.81,1287.59,1292.96,1297.94,1302.99,1308.60,1314.24,1319.35,1322.93,1325.62,1327.93,1329.81,1331.00,1331.81,1332.23,1332.39,1332.26,1331.61,1330.07,1327.32,1323.89,1320.59,1317.33,1316.47,1318.52,1323.58,1329.63,1334.00,1337.56,1340.63,1342.99,1345.05,1346.79,1347.97,1348.22,1347.44,1346.49,1345.79,1345.38,1344.93,1344.20,1343.04,1341.61,1340.14,1338.66,1337.36,1337.34,1338.98,1339.99,1338.36,1335.87,1333.18,1330.01,1325.73,1322.70,1321.03,1320.55,1321.00,1321.03,1320.82,1320.38,1319.38,1318.05,1316.57,1314.72,1311.92,1308.20,1303.67,1298.06,1291.55,1286.26,1281.86,1278.55,1276.09,1273.64,1271.11,1267.63,1263.55,1259.02,1252.74,1249.48,1247.56,1246.00,1244.97,1246.02,1247.49,1248.88
752.63,754.63,755.69,756.28,756.96,758.15,760.22,763.47,767.82,772.93,778.29,783.66,789.30,794.94,800.83,809.21,817.38,825.68,834.33,843.03,851.46,859.21,866.07,871.76,877.26,882.19,886.67,890.87,895.25,899.45,903.75,907.81,910.46,911.76,912.72,913.64,914.37,914.31,914.03,913.77,913.47,912.79,912.08,910.57,908.05,904.50,901.41,899.17,897.52,896.33,895.56,894.98,894.54,894.23,894.11,894.39,893.75,892.23,890.28,889.21,888.32,887.87,887.92,888.04,887.81,887.48,887.38,887.84,887.84,888.45,889.44,890.85,893.59,896.82,899.26,900.78,902.52,906.65,909.96,912.83,916.13,917.88,919.27,921.29,924.48,929.08,934.32,941.07,948.09,952.92,957.92,963.24,968.86,974.51,979.24,983.70,987.87,991.52,994.18,996.20,997.99,999.40,1000.07,1000.49,999.83,1000.64,1003.68,1006.23,1008.46,1011.20,1014.65,1018.91,1024.63,1031.40,1037.78,1042.55,1045.86,1049.21,1053.29,1058.11,1063.21,1069.30,1075.58,1080.58,1082.84,1084.93,1086.95,1089.27,1092.29,1096.31,1100.72,1105.73,1111.13,1116.47,1122.51,1128.84,1134.85,1140.00,1144.26,1148.57,1152.26,1155.27,1158.27,1161.27,1164.87,1168.91,1173.03,1177.29,1180.76,1183.93,1187.22,1190.97,1195.27,1199.28,1202.75,1205.71,1208.89,1213.43,1218.43,1222.99,1227.17,1233.08,1239.40,1245.41,1250.96,1257.38,1263.16,1268.54,1274.32,1280.32,1285.87,1290.91,1295.47,1299.77,1304.95,1310.51,1315.81,1319.84,1322.68,1325.07,1326.95,1328.06,1328.70,1329.05,1329.08,1328.70,1327.76,1326.04,1323.42,1320.24,1316.94,1313.78,1313.27,1315.25,1319.65,1325.65,1330.05,1333.64,1336.70,1338.99,1341.02,1342.74,1343.89,1344.11,1343.53,1342.88,1342.53,1342.61,1342.94,1342.88,1342.60,1341.98,1340.68,1339.17,1337.40,1336.81,1337.88,1337.93,1337.27,1336.00,1334.13,1331.51,1328.17,1325.89,1324.80,1324.76,1325.14,1325.05,1324.63,1323.88,1322.49,1320.86,1318.77,1316.14,1312.88,1309.28,1304.87,1299.37,1292.90,1287.27,1282.67,1279.18,1276.56,1274.06,1271.46,1267.73,1263.27,1258.40,1252.22,1249.32,1247.66,1246.18,1245.13,1246.04,1247.40,1248.71
750.58,751.80,753.83,756.10,758.77,762.17,766.40,770.22,773.80,777.24,780.48,784.02,788.61,793.86,799.90,808.51,816.89,824.66,832.20,840.57,849.29,858.16,866.42,873.01,879.19,884.27,889.10,894.05,898.57,903.41,907.41,910.16,911.67,912.77,913.72,914.70,915.69,916.15,916.02,915.83,915.64,914.99,914.47,913.42,911.78,909.76,908.00,904.78,901.32,898.89,898.14,897.63,897.29,897.10,896.98,897.18,896.75,895.65,894.19,893.33,892.42,891.84,891.78,891.84,891.56,891.13,890.74,890.56,890.13,891.04,893.07,895.98,899.45,902.96,906.05,908.55,910.46,913.63,916.63,919.15,921.25,923.01,924.71,926.13,927.27,928.74,930.22,934.29,940.56,947.28,953.37,958.70,963.69,968.50,972.87,977.82,982.66,987.07,990.87,993.22,994.77,995.98,997.06,998.07,997.88,998.36,1000.23,1002.13,1004.41,1007.24,1010.79,1015.66,1022.44,1028.89,1035.23,1041.46,1045.43,1048.94,1052.83,1057.02,1060.95,1067.24,1073.93,1079.32,1082.03,1084.09,1086.04,1088.03,1090.59,1095.12,1100.22,1105.49,1110.85,1116.52,1123.18,1130.15,1136.70,1142.20,1146.72,1151.14,1155.03,1158.59,1163.06,1167.35,1171.42,1175.34,1179.15,1182.97,1186.27,1189.40,1192.73,1196.67,1200.55,1203.46,1205.62,1208.03,1211.55,1215.95,1220.31,1223.95,1227.48,1232.69,1238.62,1244.49,1249.65,1256.45,1262.59,1268.03,1273.56,1279.33,1284.60,1289.33,1293.53,1297.33,1301.77,1307.01,1312.39,1316.53,1319.87,1322.30,1323.97,1324.94,1325.49,1325.66,1325.43,1324.75,1323.64,1321.96,1319.48,1316.44,1313.16,1310.13,1310.00,1312.34,1316.57,1321.05,1325.23,1328.86,1331.85,1334.16,1336.35,1338.20,1339.41,1339.64,1339.11,1338.86,1338.95,1339.38,1340.07,1340.57,1340.84,1340.80,1340.25,1339.14,1337.59,1336.95,1337.63,1337.36,1337.66,1337.32,1336.01,1334.06,1331.36,1329.83,1329.31,1329.29,1329.35,1328.80,1327.88,1326.63,1324.85,1322.68,1319.95,1316.77,1313.28,1309.62,1304.87,1299.19,1292.99,1287.56,1283.21,1279.60,1276.56,1274.01,1271.45,1267.55,1262.72,1257.47,1251.65,1249.06,1247.65,1246.33,1245.20,1245.94,1247.21,1248.53
750.08,752.06,755.37,759.53,763.91,768.28,772.92,776.65,779.87,782.72,785.08,787.42,790.51,794.59,800.33,809.14,817.39,824.62,831.45,839.63,847.78,857.27,866.90,874.36,880.88,886.39,891.71,897.19,902.17,906.73,909.92,911.74,912.83,913.87,914.89,915.95,917.01,917.80,917.97,918.00,917.93,917.42,916.97,916.12,914.88,913.53,912.30,909.62,906.58,904.33,903.49,902.55,901.72,901.17,901.00,900.96,900.57,899.72,898.49,897.78,897.08,896.53,896.25,896.18,896.01,895.74,895.44,895.33,895.55,897.21,899.89,903.16,906.37,909.35,912.26,914.98,917.23,920.10,922.85,925.14,926.77,928.32,929.75,930.71,931.06,931.29,931.20,933.03,936.78,941.64,947.34,952.64,957.74,962.76,967.19,971.84,976.59,981.34,985.91,989.29,991.60,993.24,994.52,995.77,996.00,996.48,997.81,999.35,1001.29,1003.84,1007.18,1012.13,1019.76,1026.27,1032.55,1039.50,1045.23,1049.38,1052.94,1056.20,1059.26,1064.64,1071.14,1077.16,1081.03,1083.20,1085.12,1087.04,1089.39,1093.58,1098.77,1104.40,1110.18,1116.05,1122.96,1130.27,1137.21,1143.12,1148.01,1153.07,1157.87,1162.48,1167.77,1172.57,1176.63,1180.38,1184.37,1188.26,1191.80,1195.20,1198.69,1202.57,1205.83,1208.29,1210.36,1212.97,1216.72,1220.96,1224.88,1228.03,1231.19,1235.30,1240.04,1245.05,1249.91,1256.66,1262.74,1268.06,1273.47,1279.07,1283.84,1288.17,1292.23,1295.69,1299.39,1304.05,1309.26,1313.76,1317.14,1319.48,1321.01,1321.78,1322.11,1322.11,1321.64,1320.70,1319.47,1317.68,1315.28,1312.37,1309.10,1306.14,1306.26,1309.05,1313.63,1317.35,1320.77,1323.68,1326.13,1328.44,1330.92,1333.04,1334.48,1334.91,1334.68,1334.69,1334.91,1335.34,1336.10,1336.99,1337.97,1338.66,1338.50,1337.71,1336.87,1336.83,1337.79,1338.13,1338.72,1338.75,1338.07,1337.00,1335.44,1334.44,1333.95,1333.62,1333.01,1332.02,1330.63,1328.80,1326.48,1323.79,1320.53,1316.90,1313.21,1309.28,1304.20,1298.37,1292.37,1287.44,1283.42,1279.82,1276.53,1273.70,1270.85,1266.82,1261.92,1256.66,1251.29,1248.97,1247.74,1246.56,1245.46,1246.02,1247.13,1248.37
751.07,754.79,759.47,765.26,770.78,775.26,779.33,782.71,785.84,788.75,791.01,792.78,794.55,797.28,802.43,811.17,818.91,825.59,832.05,840.03,847.30,857.08,867.78,875.83,882.58,888.63,894.48,900.27,905.78,909.54,911.77,913.00,914.06,915.11,916.20,917.34,918.49,919.55,920.16,920.48,920.53,920.22,919.76,918.89,917.71,916.41,915.19,913.75,912.23,910.86,909.88,908.39,906.92,905.89,905.66,905.36,904.95,904.25,903.20,902.96,902.62,902.10,901.54,901.37,901.36,901.34,901.34,901.60,902.88,905.37,908.36,911.25,913.65,915.75,918.03,920.57,923.13,926.03,928.59,930.68,932.28,933.52,934.37,934.95,935.29,935.51,935.25,935.40,936.04,937.28,941.49,946.35,951.57,957.11,961.78,965.88,970.21,975.01,980.01,984.61,988.11,990.56,992.09,993.50,994.13,994.83,996.03,997.43,998.89,1000.95,1003.91,1008.60,1016.58,1023.42,1029.79,1036.95,1044.70,1049.87,1053.20,1055.50,1057.93,1061.80,1067.62,1074.16,1079.54,1082.16,1084.14,1086.11,1088.42,1091.85,1096.75,1102.70,1109.08,1115.19,1122.08,1129.50,1136.75,1143.13,1148.47,1154.46,1160.43,1166.12,1171.69,1176.62,1180.55,1184.27,1188.69,1192.98,1197.02,1200.89,1204.64,1208.33,1211.06,1213.57,1216.27,1219.49,1223.25,1227.23,1230.87,1233.78,1236.64,1239.52,1242.81,1246.72,1251.42,1257.73,1263.39,1268.47,1273.82,1279.26,1283.46,1287.33,1291.26,1294.48,1297.55,1301.49,1306.32,1311.26,1314.48,1316.66,1318.05,1318.56,1318.64,1318.45,1317.78,1316.61,1315.25,1313.28,1310.87,1308.05,1304.74,1301.86,1302.28,1305.58,1310.68,1314.20,1316.67,1318.56,1320.31,1322.57,1325.31,1327.71,1329.39,1330.09,1330.28,1330.42,1330.57,1330.85,1331.52,1332.74,1334.47,1335.93,1335.95,1335.53,1335.66,1336.53,1338.05,1339.39,1339.92,1340.04,1339.98,1339.80,1339.51,1338.93,1338.23,1337.50,1336.20,1334.75,1332.89,1330.47,1327.59,1324.41,1320.72,1316.73,1312.83,1308.51,1303.20,1297.27,1291.37,1287.04,1283.32,1279.80,1276.39,1273.18,1269.88,1265.74,1260.98,1255.92,1251.04,1248.99,1247.89,1246.81,1245.82,1246.20,1247.14,1248.27
755.11,761.03,766.49,771.72,776.42,780.40,784.22,787.82,791.14,794.10,796.49,799.07,801.75,804.87,809.31,816.53,822.79,828.90,835.50,842.77,850.42,860.18,870.32,877.84,885.17,891.53,897.44,903.21,908.43,911.75,913.78,915.02,915.91,916.75,917.67,918.89,920.65,922.63,923.81,924.41,924.57,924.35,923.69,922.58,921.11,919.46,917.98,916.59,915.22,913.93,912.92,911.84,910.85,910.16,910.11,909.94,909.67,909.16,908.78,911.02,911.19,910.31,909.39,909.40,909.43,909.36,909.30,909.57,910.55,912.85,915.50,917.76,919.62,921.38,923.54,926.05,928.42,931.03,933.27,935.10,936.57,937.64,938.20,938.55,938.93,939.61,939.62,939.59,939.68,939.98,941.56,943.76,946.82,951.03,955.58,960.21,964.86,969.54,974.26,978.85,982.74,985.98,988.64,991.05,992.17,993.14,994.50,995.97,997.38,999.14,1001.73,1006.08,1012.30,1019.62,1026.95,1033.87,1041.57,1048.27,1052.49,1054.57,1056.72,1059.43,1063.80,1069.53,1075.81,1080.51,1082.91,1084.72,1086.97,1090.17,1094.71,1100.40,1106.91,1113.87,1120.50,1127.75,1135.24,1142.29,1148.21,1154.91,1161.16,1166.51,1171.53,1177.07,1181.98,1186.46,1191.13,1195.82,1200.40,1204.83,1209.03,1212.84,1216.14,1219.27,1222.52,1226.14,1229.15,1232.40,1235.72,1238.57,1240.48,1242.82,1245.82,1249.69,1254.68,1259.81,1264.50,1269.16,1274.42,1279.58,1283.51,1286.85,1290.02,1293.01,1295.99,1299.38,1303.47,1308.38,1311.85,1313.94,1315.03,1315.29,1315.27,1314.82,1313.95,1312.62,1310.84,1308.75,1306.27,1303.26,1299.66,1297.08,1298.41,1302.26,1307.21,1311.09,1313.40,1315.12,1316.77,1318.72,1321.21,1323.35,1324.87,1325.58,1325.89,1326.07,1326.22,1326.47,1327.16,1328.90,1331.15,1332.98,1333.33,1333.86,1334.83,1336.12,1337.58,1338.96,1339.84,1340.30,1340.48,1340.59,1340.60,1340.46,1340.16,1339.57,1338.57,1336.57,1334.07,1331.26,1328.13,1324.62,1320.72,1316.54,1312.21,1307.57,1302.38,1296.62,1290.69,1286.36,1282.63,1279.11,1275.73,1272.43,1268.71,1264.60,1260.10,1255.27,1250.85,1248.96,1247.93,1246.90,1245.97,1246.37,1247.28,1248.34
760.68,767.48,773.05,777.38,781.09,784.65,788.57,792.58,796.29,799.55,802.29,805.48,808.88,812.37,816.31,822.00,827.45,833.32,839.88,846.60,854.53,863.78,873.02,880.50,888.11,894.54,900.47,906.23,910.99,913.87,915.81,917.24,918.31,919.39,920.57,922.08,924.17,926.49,928.03,928.83,928.97,928.63,927.77,926.41,924.69,922.73,920.99,919.44,917.95,916.53,915.45,914.66,914.07,913.75,913.87,913.91,913.80,913.55,913.79,917.08,917.90,917.34,916.55,916.60,916.58,916.50,916.61,917.25,918.01,919.91,922.07,923.71,924.98,926.33,928.28,930.70,932.86,935.29,937.24,938.73,939.91,940.77,941.18,941.62,942.41,943.63,944.02,944.09,944.08,944.03,943.90,944.18,945.31,947.71,951.09,955.41,960.05,964.70,969.10,973.47,977.55,981.29,984.64,987.75,989.60,991.17,992.91,994.46,995.76,997.49,1000.01,1003.89,1008.70,1015.90,1023.59,1030.44,1037.73,1045.41,1050.73,1053.36,1055.37,1057.40,1060.48,1065.11,1071.69,1078.17,1081.11,1082.90,1085.21,1088.59,1093.04,1098.45,1104.88,1112.47,1118.92,1125.82,1133.26,1140.79,1147.18,1154.15,1160.37,1165.34,1169.76,1175.36,1181.08,1186.59,1191.79,1196.78,1201.63,1206.41,1211.03,1215.23,1219.16,1222.77,1226.29,1230.02,1232.65,1235.75,1239.03,1241.76,1243.36,1245.57,1248.63,1252.65,1257.59,1261.69,1265.51,1269.63,1274.56,1279.37,1282.99,1285.88,1288.45,1291.16,1294.07,1297.08,1300.47,1304.74,1308.20,1310.31,1311.28,1311.31,1311.12,1310.40,1309.26,1307.71,1305.73,1303.55,1300.75,1297.41,1294.06,1292.48,1294.62,1298.70,1303.37,1307.42,1309.92,1311.91,1313.78,1315.54,1317.70,1319.43,1320.55,1321.03,1321.36,1321.57,1321.77,1322.08,1322.78,1324.88,1327.48,1329.74,1330.90,1332.28,1333.73,1335.16,1336.53,1337.88,1339.24,1340.18,1340.67,1340.90,1341.02,1341.12,1341.09,1340.67,1339.82,1337.45,1334.57,1331.60,1328.32,1324.66,1320.68,1316.38,1311.65,1306.85,1301.86,1296.24,1290.15,1285.64,1281.82,1278.29,1274.92,1271.57,1267.69,1263.70,1259.42,1254.72,1250.65,1248.94,1247.98,1246.99,1246.12,1246.58,1247.49,1248.48
